oz1,oz2,oz3,oz4,oz5,oz6,oz7,oz8,oz9,oz10,target
0.863664734347039,0.6232930657048384,1.2442758656122916,0.02088266630320098,1.1737872727938328,-0.031003526058915598,-0.6108514709120636,-1.1148057801363698,-0.19536612860251035,0.7983970693788098,0.2239075767265836
1.0041877933525696,1.262888514086379,-1.446322711437193,-1.513967074361292,-1.1438698989756675,-0.760898081562148,-1.014308766671615,-1.664353359630313,0.6289477810299771,0.9427800874941146,0.1255660870321064
0.616677251125872,-0.1234165707057581,-0.3880452935739952,-0.9069264694345966,-0.605537557977366,-0.29521633019211413,-0.45660312826155874,-0.1736622856009666,1.1518789336196227,0.6631383662614527,0.23661795720971845
-1.2708298430538467,-1.2526401633744366,-0.3342313035233293,-0.7064469202910469,-0.6253795564157313,-0.360345691220695,-0.30951463932349826,-0.30808775017209844,1.708697964738106,-1.593204301471397,0.3316334316698043
-0.21894358484695084,-0.3129961967926622,-0.6157511307375817,-0.7363590308682948,-0.6529485431666903,-0.3601487778137508,-1.4168889141771135,0.5273050664146217,-0.03231743970845287,-0.0005797790651778795,0.4684068349614795
0.4794291961662546,0.6043343726656645,1.2636705397530543,1.3541258311624809,1.002893318271176,0.3068100412992393,1.4978751308721074,-0.3310876026416881,0.8858428013980546,-0.5800852791415928,0.268016211325485
0.793507617146525,1.1301717085041372,1.1630230522600375,0.4948803807010883,0.8776271129940072,-0.6842685817349325,-0.9737270157961291,-1.5839079577372788,-0.7898449461233318,0.06050988619414258,0.334018654024561
-1.7147532865575335,-1.5539769129964158,-0.28362399179126124,0.7240452531731293,-0.7112593116929299,-0.5795278531422674,-1.0158119798327014,1.4548100684878469,-0.6162872419676032,-0.17186929055232625,0.32368521956031554
0.28505523218644313,0.7466569515596185,0.03963591604690447,0.0724209151584109,-0.1340592071857003,-0.38215856868920195,0.7879284907527928,0.04328635843647999,0.14815978958552828,-1.6473754099607492,0.272890263152171
1.5448841794981187,1.0452790844859159,2.3406277162320452,1.2277732439661355,3.4120286213673214,0.5146497767636075,0.7516197683396123,1.1216296970122668,0.3659336732324053,-0.5629271712746727,0.5523085836864641
0.55831811334124,1.22038687216531,0.21251554879942425,-0.5874387782621499,0.4853016799898132,-0.9616681702599464,-0.5563866673713791,-0.9856214533299965,0.7873513995275713,0.6764137910046306,0.11257750206211961
-0.9354481972444891,-0.6648744616861854,0.008831740684563008,0.28704596693753565,-0.14871493403277183,-0.3178220650897675,0.4647287448544772,-0.6778779003711248,-0.6469264973132607,-0.19510175465196525,0.4268806226968469
-1.8407781632006364,-1.6545998272547184,-0.5851071985971291,1.3263493283216197,-0.5613484196181697,0.5424835765280726,0.4140304815536056,1.4279325410115027,-0.7632279450279574,1.5266329676388768,0.40414302908778693
0.8772699615843245,1.554114833556219,1.170898142961115,0.4927784169196619,1.1432963564262253,-1.1325625764921,-1.622444009248395,-0.4994692018778882,-1.3878267115815575,-0.728257307453769,0.42085895907008664
-0.4742528159182659,0.0744160667057304,1.218500233947491,1.0660719380493004,-0.03660585001925348,-0.8108320240801647,1.2022210616202322,-1.389417149724291,-0.6775667040473429,-1.0301870028938684,0.49131385500165164
2.259835720062256,1.7092499732971191,3.6475508213043213,1.7536993026733398,4.4023895263671875,-2.0323123931884766,1.7480708360671997,-1.7165910005569458,1.7312737703323364,-1.6960371732711792,1.0
-0.6166374968009075,-0.5644111756137808,-0.5993024567114663,-0.8891282660897353,-0.7334936736824038,0.18854688425148702,1.2885737183757553,-1.241893907013268,0.017376945393938692,-0.5783792435387449,0.473601494377513
-1.3826812553821752,-1.2955593707329163,0.10008136556081901,0.39621953570188284,-0.7180426539443039,-1.6888625780585356,-1.6429953708375713,1.6271418317385773,1.3613246282229807,-0.860660885409766,0.40681482580989775
0.2762769571429026,0.5509924511328479,1.4126826438841933,0.5585212221202126,0.8744497433837266,-0.8826078110769232,-1.0941564902661647,-0.49360874527806897,-1.7235421665620028,1.0906713998116038,0.47154878483947704
0.445805647250968,0.002386377608030059,0.9487836485369938,0.5463899268261515,0.7176016572733938,1.0718197339183928,0.07327265834809035,1.1676527410954354,1.5501002972898767,0.6594093726308303,0.3624735607102783
-2.0007163488519755,-1.6513955145784422,-0.8880909973914722,1.2156030564244307,-0.9419644566752245,-0.25376093543289197,1.2203488424890006,-0.7741644721967557,-0.9050203456030178,-1.1739676616513397,0.39713864520931
0.2523269078019267,0.26827043281390767,-0.16636812408506446,-0.707332002923072,-0.15233182324094488,-0.7614110494871187,-0.3683165549631733,0.6952133304431741,-0.9351342475342691,-1.5982014897417303,0.3741185495192031
-1.3013569686957567,-0.07453846380633515,0.026506691376719724,0.8591968117803561,-0.6238017981452432,0.1426056721184346,0.42661647678549025,0.20969272106136422,-1.2202463690503471,-0.1860210699081655,0.514426520604976
-1.7055892166306206,-0.5098252650053954,-0.39699019311969824,1.3335957036756072,-0.6808686853979593,0.47168375815214864,1.5010400947756746,-0.01461682027399374,-1.0454481253823356,-0.389736857309104,0.47889566159838
-0.5498843254847272,-0.7285415393243465,-1.2674084649164394,-0.5317219290450758,-0.7665709945368258,-0.5879764941618244,0.2796594882904919,-0.26999264310440374,-0.9555722386456215,-0.7349046017888912,0.48763030949913416
-0.8034187435421473,-0.6890285169387522,-0.3223710678157626,0.4759466659125828,-0.5711152302550982,-1.317301112507463,-1.3216240917364488,-0.35868740878046074,0.001703575865096063,-0.8212187908838244,0.4796238236449537
-0.6617695919695586,-0.7447500465098704,-0.3221861230585934,0.32136338337905956,-0.36732770513306623,-1.1060991087333107,-1.5560757459113155,-0.13274099915630916,1.4689565599100796,1.0687044494090072,0.5199157465434955
-0.7541265364559792,-1.086572836656842,-1.2397153396180478,-1.636070350085775,-0.80990788315576,-0.5011626427284762,1.0265614037549204,-1.013801284801578,-0.9352865619841996,-1.5809439237323186,0.3249625765285934
0.884941898811314,1.3324873274488362,1.058348805780137,0.6285772580497252,1.1919152917893756,-1.3237860102411767,-1.6013795584434907,-1.6087044455037103,1.3945913341140932,-0.48258785837685597,0.2338155163388399
1.425761581017511,1.4915474575352514,1.7717239705499297,0.9594405394255056,1.870528705381851,-0.8005785310025537,-0.9017614853221418,-1.6147975599887805,-0.42739572691871663,0.35804572861398465,0.4659378894307824
1.0779283003700193,1.4396039029395085,-0.5193278009440867,-1.0781569250091656,-0.22333167354601857,-0.09058060161390673,-0.5935003912543735,1.6856494410621232,1.6877125648876738,0.14020938105301553,0.22499011730286894
0.4992258876070614,0.5133917156275655,-0.8411617025281313,-1.2832016338383725,-0.8295296664102662,-0.811838467046422,1.2564055103512888,-0.8772007465925916,0.13946064133793212,-1.6128582143807522,0.16145648349210887
-0.5628160861535734,-0.42960905820680617,-0.27244142295621687,0.4376604429917691,-0.5564701582937547,0.5634761388247147,1.0737497253660715,-1.7129669053064813,-1.3714022041635234,1.0478413850657369,0.5354814881762429
0.41302527665158534,0.7668374191632498,0.5232646320044527,0.85185020542868,0.40692129542553324,-0.3452481745489675,0.5503831092433008,-1.0393796389552437,0.40340148792123354,-0.3077969298688633,0.26390712364476404
0.6927943749884289,1.0718138923246703,0.5182998428263573,0.49639967764358006,0.43598775806386897,-0.9370524416339748,-0.8314991067896043,-0.9168363359209416,1.324455832924412,1.5122785198968185,0.2101253376886541
-1.0712244364787111,-1.5818618056434306,-1.1486437191291623,-0.8075682286906868,-0.8600736925029421,-0.37206026542911125,0.5626265919185571,0.0027548477308228653,-0.3993280260455606,-1.1583468326131685,0.36907931274841965
0.5034862042473243,1.2411915471619654,-0.10990072178887388,-0.48617829623640585,-0.3064417297931433,-1.3636515112344167,-1.4518463102206438,-1.1557280972301278,0.8988374018283241,1.4127938254308727,0.268834804461038
0.1263622349158682,0.6537740455237427,1.7121698157622656,1.3149938453863868,1.009406053880916,0.46565182694249435,0.20086492779481713,0.5184486163856529,-0.8449481459532825,-0.2714574160675872,0.44179452436962574
0.3538559858998388,1.1050966337372008,-0.7487785022362776,-1.1217068645795,-0.313772989802649,1.7721597855769948,1.3412013711366568,0.0460534797242253,-0.133044385284235,1.6491435571985333,0.14045725690416422
0.7617742329852262,0.7270544207308794,0.9135326071100033,0.07580011510549658,0.8408711005176374,-0.8941009794124689,0.2282169272925051,-1.2760645311480845,-1.1671014576092762,-1.3965022926096764,0.1736023078525354
-0.9089804139168967,-1.2937409104060225,-0.6951487007164049,-0.8157955335692759,-0.9015144810883965,-1.229338209908281,-1.192691147671285,1.600913007838991,-1.4434024755195907,-1.1567148869666914,0.3890692781085387
-0.506123375403338,-1.1099478758261883,-1.8139245451152404,0.04400814440079122,-1.0482850239062966,0.5521592448546154,1.4032567670688443,-1.1587592724301117,0.4585156650078086,-0.4377459809161036,0.5642094917680545
1.0618298290827437,0.4140480385845704,1.7316660264569608,1.588190375740897,1.7715646965816674,0.3121843772840505,0.404242291261165,0.13783812875903317,-0.5333427950258585,0.7333016002778368,0.276957479421026
0.3017870459504505,-0.6006063385181488,-0.9113534608048925,-0.749516306609223,-0.7846198095537704,0.19192017994764832,0.6437918596382421,-1.7052672401865767,-0.5948083885434607,1.0239726842652705,0.49683213626220085
-0.49631210258473124,-0.3943181456303058,1.3600736029686091,1.2437121306577874,0.258346357792479,-1.1349799554316689,1.1158759012488755,-1.6385331679150381,-1.4174179849062347,-1.6716536134309952,0.5849379769051792
-0.6875933272601272,-1.4332637862418973,-1.1342988407562657,-0.8391197431251037,-0.8484169217554779,-0.026187046302918918,0.7787328507013702,-1.2191835409511125,-0.29768226205145804,-0.38830669057770006,0.37702368991244395
0.871248785928268,0.4066000281836625,-1.0407207132451182,-1.424198031876747,-0.9345613256743796,-0.48666155876098516,-0.5949367378286541,-1.4725613113207148,-0.06864167219481632,0.30300655371011,0.12135987487869432
0.8078510316834868,0.429765390906395,0.3542868353158417,1.034170810013559,0.5723559847451154,-0.10565376089716712,0.33369973218235227,0.04432963357603352,-1.5140076251707073,-0.471190356038676,0.2544511338739414
-0.5833829532202377,-0.26882557899087445,-1.306624775264346,-1.6355147837467947,-0.7008849634195968,1.1188551321750362,1.7217934869146791,-0.1477017290615484,0.21862052995447245,-0.20458855804128362,0.47781705103561123
-0.6926528548785548,-0.3332658683396781,-1.0035842976795906,-0.23214802259057135,-1.3410332976319304,-0.6689855424561371,-1.37001311305743,0.6843265233987195,-0.8904219935102249,-0.49587819284881013,0.4752115980337229
0.44520852650214987,0.26187879965094946,0.0984872529248522,0.8077288063426213,0.16045213110085854,1.407109322801394,1.7139837714944337,0.7471996487487201,-0.5664716294431504,-0.011638905403289435,0.4229583953848248
-0.5550837422030976,-0.49419932455360954,-0.989133099984964,-1.1091780853313669,-0.5961775128921482,1.1751576348585937,0.7876208611591535,0.4844097670918238,0.06931972679987142,0.9957019483464439,0.4785523243276106
0.3873923894047211,0.12559162781826852,0.15450969561949657,0.06984243292333824,0.36136735699626643,0.4420581437502644,1.6248160077578655,0.13382204521618374,0.03196340530122525,-1.4272970809791785,0.3225774155140386
-1.483034069108969,-1.5344346354001093,-0.28293337672811425,0.3778777000558154,-0.7826129530869144,-0.9831002822743189,-0.8142966070832353,1.4083983701983709,-0.269705382772978,-0.8423205857934825,0.37003783003547475
-0.23818421255187616,-0.29111751929628066,-0.0033803710064593956,-0.0821127709517665,-0.19230407507618472,0.2330771252494035,-0.2531640396195085,1.5787178273256817,-1.3028257440153015,-0.20344035137376004,0.4633818585703967
-2.285659074783325,-1.705228712457658,-2.0042426586151123,1.7359022326462792,-0.2791653160098625,-2.0323123931884766,-1.7114851474761963,-1.7165910005569458,-1.728102207183838,-1.6960371732711792,1.0
-0.05793166932056115,-0.5092891471469567,-0.02312667529312141,0.44771331757121885,0.00848177201350167,-0.556510045101397,0.563368923994416,-1.7096475976072019,-0.8235893326613087,-0.06723404431406335,0.5833480008610797
-1.1169132213298087,-1.253245426811225,-1.0661884909899302,-0.07563499002213496,-0.6373947942330979,-0.4422521183266166,-1.008715555209772,1.3341692700136023,1.3336276907982763,0.8300552298202164,0.4065095115051173
-0.9546539861304946,-1.0305428379076422,-0.5513267054815572,-0.020883409640526134,-0.5366289326724056,-0.7659406242522908,-0.5686776348900974,1.125179811276253,-0.3113077665256459,-1.2230858355881291,0.42249042965323047
-0.1615295203159784,-0.5004994304233787,-0.36533234974603535,0.9749661039904981,-0.5882033887804861,-0.5945959422645768,1.6366455423071715,-1.570429312337205,-0.21702678477310103,-0.6854472177460949,0.5206458748436105
-0.5468570424772187,-1.0726031630894874,-0.43638579971961,-0.9571238132185752,-0.4783728671044464,1.0197398019372286,1.5693339638267214,-1.608142296807041,-0.09408991888878487,1.2269854384358907,0.4478611001384927
-0.8922321899771712,-0.8538248667538165,-0.06820864436765108,1.047754204121934,-0.5941785980355788,0.2214464034154843,0.3089591943112504,0.2140956004666556,1.5973086326409731,-0.10103130393738266,0.437909202272577
1.3967563328255377,1.1797712166246814,0.32680224305150074,0.017154200021791216,0.5423393008116735,-0.37709348654379704,1.0093320935177788,-0.3768216227614683,0.758836159915145,-1.4977634238798834,0.5243586901441774
1.8471230129133678,1.6139765485489526,1.0963954858357474,0.015545706935106103,1.6387295875173815,-1.1654405134837125,-1.025327545380745,-1.5083686728171377,-0.1522324175338746,-0.8670808360628919,0.5404982436072074
-0.42718915700808463,-0.8464005489721984,-0.12213205368073117,1.7086341587460514,-0.22208388464660983,-0.8302904684608298,-0.14634176847709357,-1.0307689467784522,0.8304388386608642,0.4405803122851195,0.5748793772823613
-2.198805970457085,-1.47123117614875,-0.9054634141175574,1.4473812870464045,-0.702057693439184,0.42536490160791096,0.4053105981737797,-0.8590160485419802,0.8629464298979258,1.0006212591760189,0.40494040226636757
0.9353722324254206,0.7146109016856683,-0.32756218998131764,-0.935938630742833,-0.21652822483179238,0.7306809454749128,-0.25605851020292386,0.730586398004227,1.1430131783775466,1.4871212049974003,0.06085758477330644
1.9114954541150821,1.5672165629974335,1.430063676902192,0.05185681037053316,2.189940466656975,-0.8488970660381971,-1.6360251559654702,0.8358733047264025,-0.059734517794703096,-1.1971911195248188,0.5899769767584042
1.2750972188612328,1.4844019615017001,1.275469868891132,0.2791986711726789,1.5922632332306619,-0.28278040295264206,-0.6803441613862466,1.5676142982380592,1.1566014191619824,-1.1914736690210563,0.4615831694977441
1.0022765838047203,0.6182147544551644,1.7270557844101433,1.5466062621168595,1.8584115239632966,0.39828950891276516,-0.43989868174160107,0.4271532592535715,-1.1579066541574614,0.8409149443208288,0.3062043124506441
0.987529394233826,0.7180751801150285,0.8985968698235666,1.0657685192956199,0.9525815751683027,-0.4617267888907378,0.9522193355314283,-0.1627838899121649,-1.125834386661421,-1.4677383271587994,0.181647293911055
1.5891878299510644,1.246271641097616,0.18977174763869073,-0.7618647735063171,0.7821765630720386,0.20251289546339196,0.4115555441594719,0.8017158067887735,1.036120535321438,-1.4388203751476134,0.39248677214493166
2.22137952049813,1.3886737129076097,1.0136478513086589,0.7798161562299843,2.0083999510108157,-1.0556299803295575,-0.8281487051819384,-1.6115982266861117,-1.2080967511795906,-0.987406207184565,0.5292622825349184
-0.5473070564131404,-1.5533945915425569,-1.2417839538709576,1.4119458177075255,-0.5586605967471592,0.5938113734216253,1.1416500279089519,0.49984663790145517,0.40030016256851886,-0.5228729646851736,0.4971669070802512
1.1210531633722496,1.2175418358992374,-0.3626057009920449,-0.626873426827352,-0.23126858709180123,-0.11191810215280182,0.7962454161891778,0.13758579416649375,-0.32690520515514737,-0.4805257145267088,0.18337873750842534
-0.3751189657640133,-0.48650917783080344,0.3430868176597691,0.824476802062145,-0.14712806052006358,1.8786936245400838,1.228001839873276,1.5087894665132102,0.6118670860139539,0.22175284219429436,0.5344950375008353
1.148299996761696,0.9519161924241973,2.312901680777916,1.6033936890432914,2.0032482615814695,0.0075387976291798765,0.9438431282288092,1.1429845702088333,-0.5094738292076206,-1.3323563767622826,0.3742881520749833
0.70236311925887,1.0933302302367816,1.9717734592617364,1.5622117539856002,1.9490949002087488,1.792815987172907,0.6693326789966164,0.5616844129169787,0.30451416156094047,1.0238440292868323,0.3241200336478117
-1.0268581191268673,-0.9782423703280444,0.26825712599414503,1.0400498491471515,-0.14979452919648434,0.6322613985427447,0.1870518197873363,-0.8140541707715825,1.515340672791083,1.1694073734209447,0.4380375765091973
0.5049459882565497,0.24857743197836996,0.462820772114821,0.27756350238275584,0.4257347436910193,1.0966172513408807,1.4823094462307362,-0.6770882464920003,1.0670459124341025,0.6105413890912811,0.27462181756883736
-0.4324694836521649,-0.44314168907473983,-0.35494716192602477,-0.43828332444319873,-0.6668490045165542,-0.022897004328661125,0.9160084115973375,-1.38084675387801,0.9917709075354603,0.0871271034320774,0.4815793065635624
-0.5026796766448212,-0.4301480606783305,-0.2679683131967787,-0.745832022807789,-0.5517671579961563,3.16855548937065,1.7099594125119861,-0.3053620137458166,-0.5938868307955921,1.273284841240875,0.4566400801549619
-0.4478083631212561,-0.35592127677838914,0.21764005777402762,-0.038109485689100886,-0.0858278652309451,-0.6683553925867322,-0.8611576696858334,1.1965376319791265,-0.3809966158991126,-0.04510189431072992,0.5014631841717481
1.1220204710683148,0.8716461820614292,0.15133218552699518,-0.5365030472259713,0.402727468724082,-0.7761568047359457,-0.19422223110567222,1.182393840397473,-1.0092964268112157,-1.6809158845250536,0.11281057205327705
0.5109146059589156,0.6667741374546248,0.21368644463681047,0.01147322501698183,0.18134076189059403,0.1331531225563909,0.15539978006439414,0.6375094271399006,-0.30289759824556484,0.4724629425956427,0.1669862331573171
-1.4025680757074102,-1.0404922058072428,-1.2879926748891157,0.42319370715346233,-0.9853241147271664,0.05082584862203334,0.17200560195417286,0.6029038988689697,0.34621552264006167,-0.5281316066144984,0.48053775735388377
-0.384877352794364,-0.10047332430791518,-1.126056651103459,-0.3348033180469133,-0.8280344778349884,-0.8652150528916351,-1.0559456738155182,0.06267808070887669,0.7389159485617982,1.1561703386061246,0.5153687726792414
-0.16807498580347938,0.49733751265496184,0.20063583495304912,0.425862945294726,-0.27024304781491176,-0.340252119101685,0.5044853398927867,-1.5119409225450924,-0.22540112828508957,0.29371619949721,0.4753469505691439
-0.10857949195612958,-0.585429359336187,-1.2724059796209561,-1.6000083637264266,-0.8385898941287353,-0.8873170768222772,0.30302629707880047,-1.4587444945618477,1.380126257163944,0.10248112602787296,0.44597535336263067
0.9109206997349365,0.9026978730099687,-0.8100992930326378,-1.570291404843801,-0.5609810444794638,0.41136272596405643,0.28465983602684736,1.1454884271722026,0.7570014648988285,-0.08207049950326174,0.01838115310935117
1.0987322612380177,1.00807332671505,-0.9702893328426487,-1.582812803281119,-0.6421442968523497,0.9328844542715807,1.1716108714910691,-0.26251604997601774,0.5411429818414875,0.4588656733179224,0.07072388725118697
0.2539380904054682,0.46554374889535177,-0.13996750938078256,-0.7479361212290113,0.037210884347229536,1.2253590785202122,0.7847118385197196,0.4450558465137022,0.31300103105726285,0.6414635148392214,0.22667842191991772
1.3210333368478522,0.9725119420761985,1.7144944414272854,1.016566232667992,1.886541107845675,1.7409622283316637,1.2886093678910548,1.644178401599382,-1.528217618715801,-0.19743023486662284,0.3704218639757375
-0.19132075438751264,-0.6074626077243463,-0.1449145476033777,-0.26654199831138964,-0.387048784310511,1.6110112165469668,1.5246487146886158,-0.4231369049192859,1.4508732699448614,0.36537009676345056,0.473055572627065
-1.0295435435426574,-1.176731501381064,0.2030927422459291,1.2387180457721807,-0.14140316237091968,-2.0153379062346897,-1.6960153708330412,1.0079143008169942,-1.5584385904561313,1.0842907112471591,0.44725683438791464
0.6204407800237707,0.9217525321493572,0.20499416063672193,-0.39226571075924893,0.8527422201754192,-0.672142988289285,0.707142853270223,-1.644272656151693,-0.4687234123939482,0.5296941187668304,0.23900846698917674
-0.43416425480936827,-0.12495531122314527,-0.6816751641069924,-1.3250107310660986,-0.5899127551894409,0.6580085209629901,1.028896391014161,-1.0105073175526806,0.03201070875072916,1.3985349006210088,0.36626579693838485
-1.6666038835187509,-1.6835767555708812,-0.9434562524982203,-0.3141536823869487,-0.8284090815875692,-0.722257755377482,-1.4715447704033209,-0.4479849110713012,-1.451776095829165,1.3922186332438753,0.3768911313582795
0.03385559133201715,0.5765419011632542,1.7915700226685467,1.227402740551494,1.1301878825564893,0.9859032093107543,0.13263020958024824,0.9217381183796222,-0.2260488802454838,0.2623143849149534,0.4322083749916713
-1.0573077767283416,-1.3814680427768926,-0.8698744552268676,-0.8074722895306121,-0.43161767135205437,-1.8989324087774475,-1.5384645151788148,0.3355766480110597,-1.4135641334275781,-1.206118631649205,0.3658733962833169
-1.308453063854646,-0.7618655846660839,-0.09519023846124067,-0.28100872163463,-0.6695746845373978,2.3926167009072636,1.5312348832873168,0.9150356578439576,0.7951136408959725,0.6767624038165931,0.4147319432221205
2.1019675538816927,1.4813497987960849,-0.9703203109087338,-1.2951402242006531,-0.6034558978436788,-0.609880858466714,-0.8423729376340886,1.3545700481982061,-0.041845571592616974,-1.57631335815434,0.5085729609417634
-0.8356441448937427,-0.49473568102241977,-1.069564338323253,-1.6605377170288342,-0.7922867997986288,0.3693332247242091,0.19027750861687331,-0.5730954493896632,-0.8505069778722351,-0.008109809290540032,0.47946521836435335
0.07932884013648582,1.2835176665787702,-0.6836111728374763,-0.8479297514440624,-0.5906093422275808,0.03541938447043595,0.23053582260621966,-0.3122576932817176,-0.03729060470883791,0.36583878583465973,0.10115290301450108
-1.702491334806822,-1.5939614784654896,-0.5538896899246765,0.35020529488170893,-0.7835683474648701,1.755721395567902,1.123908456893668,0.25786964858586375,0.6897926874444901,1.6724363879041309,0.3200420180511939
-0.23521053264490493,0.3063811473986259,-0.7372750369817922,-0.9396266737543957,-0.6299270077519139,1.0711788037320686,0.05566559067792684,0.31632504567370656,1.024355977348018,1.6954096377643735,0.3753012106442588
-2.285659074783325,-1.709686279296875,-2.0042426586151123,1.7536993026733398,-1.659238338470459,2.76781562834735,1.7480708360671997,1.7005606889724731,1.7312737703323364,-1.5395858360464696,1.0
-0.4886796600099577,-0.6989757756868318,-0.4513602115618385,-0.2953673074571947,-0.5009047041284886,1.0551995084857788,0.706083928053252,1.635515529454693,0.018196961871505032,-1.5314161981032763,0.4549885718721313
-1.7854321533429756,-1.2838787003442473,-0.420437437667174,1.2324516911124996,-0.7974105498263172,0.299466858337052,0.2216341518094301,1.4340450886683729,0.1360320564197204,-0.4806406203657037,0.4052876102263465
-0.5715355622857574,0.1709174865943699,0.40697234733792886,0.8587144881480657,-0.24004872549701414,-0.15371650497336053,0.9888398461296096,-0.4177047826827292,-0.30595404386843666,-1.4864464978911527,0.5759050742598048
-0.6293952122656459,-1.0534922614787476,-0.9996243256819438,-0.7445790538218479,-0.6888126303481188,0.5743637740906804,1.0525982271509489,1.1804837009166194,0.6288316827429887,-1.4159900179859444,0.4232494511819192
2.2271500021075905,1.4520320144074998,-0.006616280934099328,-0.02984031623817867,0.9301765033240228,0.31095150588339115,0.6618952397274074,0.6363157733418553,1.1864403048332879,0.18115531644021318,0.5082080404354478
0.8601930779894842,0.6569882127360731,-0.9647637108883929,-1.498602248743345,-0.6943013280405711,-0.8623280794403142,-1.0792080853150805,-0.28456460555990587,-0.9849449730629226,-0.629943971762964,0.1727414377390313
1.156805003681596,0.8714887555259782,2.168710198993446,1.6526514004819646,2.8299102570883794,0.5710132552105255,-0.9098518316667407,1.6715594250532957,-1.4880888100853418,1.433143951970376,0.3052892626951548
-0.15699997253657846,-0.43086327761014565,0.8920448310159858,1.2466197634564167,0.37626701122196426,0.6742326264257326,1.0658384270991565,-1.5297143944767808,-0.6098386023676926,1.4494259564790604,0.5998798664666648
-0.15625754182329366,-0.3405846360488703,-1.0613155130945278,-0.8695424174063827,-0.7524442681700513,-1.1704369362240874,-1.5129176188082276,-0.4770956882130883,1.1374068996607427,-0.9413490347176061,0.5239568285432051
1.6064088277045658,1.4926466048224345,1.2257513815686534,0.8782741296546394,1.6548843996960314,-0.9951343208609251,-1.028088013264779,-0.012213383761859292,-1.062463523168753,-1.6040635334716893,0.5542910314227164
0.9307358153155165,0.474862720402897,-0.3618076235670894,-1.0108787846101779,-0.2549672633012221,0.18068582288661872,0.0032944632418545616,-0.33517357269130155,0.3928098172953235,0.2552923013156664,0.1334274854537621
1.3195147413414907,0.21616688993929659,0.6278121154808315,1.1722343512160824,0.7918572016323506,1.4921512285153795,1.5208504055532954,-0.0516298170119659,-0.7299239107412903,0.4397085549856814,0.1840853420792879
-0.029888181341612155,-0.42369869951791955,-0.5322388902263022,-1.179409680120927,-0.5505536479676977,-0.939332584051753,-0.987477454836792,1.2756146553087735,-1.3728572208761407,1.6241600536657927,0.4439962962929095
-0.8702569648550418,-0.9865271477826992,-0.3037096636781588,1.4947005552674002,-0.4148347079977874,-0.36896165984113294,-0.8464657899623055,-0.1274821607229841,1.521788451090368,0.0022740802248518988,0.5135816491640647
0.9118381665627384,0.6891892462513144,-0.7413754512671358,-1.1446405196193687,-0.6142106700024998,-0.3785658265643179,-0.9072701136383499,1.365985387715878,0.05371058308033938,-1.329181026302066,0.1020261233519709
0.27490433125937586,0.6320637308203586,1.269909285860603,1.6744888339139317,1.1554210059509735,-0.13624400111741256,-0.4082679730700767,0.07981193573465238,-0.5103555912193138,0.5225367776003023,0.47466157038283646
-0.559799234391877,-0.5609334795044709,-1.0167191054344324,-1.3672664862678086,-1.0458532806367447,0.9313792911169235,-0.047136512346346984,1.44929451757744,-1.3211695758466946,1.2358215769893146,0.4144116491888579
-1.9988771531605667,-1.7027622149245858,-1.8094996974454276,-0.23572098642578074,-1.1003625028685797,-0.4205193130035031,0.4853232932370111,1.328745081475254,0.38900621469906566,-0.606133769484931,0.4341739308511316
1.2868209881914723,1.0266872470521693,0.24312641252723988,-0.16306937323492274,0.26719906452686243,-0.24850166128837314,0.7509684978471975,1.6616484470633888,-0.06739145836956154,-1.3649561984264875,0.2863291824502094
1.5803847139142588,1.4090289690666926,1.0036746710845965,0.15091744137522634,1.5746683624735434,-0.4271451586663226,-0.300059742586974,0.8010853400823638,0.5669442737897249,-0.3743591382589078,0.5461327618821274
0.5416906698522941,0.6668805390414445,1.7565117476120453,1.3929993020389226,1.6272630916428472,1.1623651225435434,1.000022761445118,-0.3511836578824772,-0.5253130953313955,0.9647894468443963,0.39047350129943464
-0.014124018356132181,-0.47907495655986215,0.2977679489263198,0.5844035634683714,-0.21993750691675726,-0.4869986360141567,1.3192211298975998,-0.3261794602032303,-1.6545114758994646,-1.5327086793909475,0.5165571574462262
-0.6683157017938794,-0.04189824570207618,-0.8379155604641232,-0.5943316138477357,-0.6900937615943565,2.5984836189421396,1.288630055215116,0.7246164224832807,0.3738832704937813,1.2461361527242802,0.49510622976869767
-1.6698997361537822,-1.569008414310939,-0.5473745042336499,1.1222780497458533,-0.9171418581282407,0.05665194536584168,0.47894816218764913,-0.35681339856428285,1.4338700626835728,0.02268970597145968,0.39074963784387784
0.33327819605101233,0.5813453898093874,-0.3095177044519796,-1.2579677266073193,-0.3810686235764521,-0.7797755818755804,-1.1872680055887082,0.7214408173936987,-0.9723475860412807,0.830290305174684,0.15076652653399145
-0.21396243125739614,0.3886277430159356,0.7531428334704574,0.5279759751511857,0.5284120038690879,-1.2278835940926995,-1.063013551277619,0.39719586352475034,-1.5457664224266383,-0.6738999004387592,0.5174697371993897
-1.5382823422028569,-1.3619433694693805,-0.465070013822082,-0.6220442974721405,-0.6849071130993838,-0.5849630631481908,-0.011294720592421967,-0.05772288630447663,0.37744455028718915,-1.1393890657164099,0.3122251663358436
0.2087518207694194,0.10857877606671938,2.013722645965162,1.3755364819060263,1.3222201452861317,1.4341104287634252,1.5250155151097544,-0.17562090418047066,-0.6745905057349013,0.21653735453041356,0.4325863528824785
-0.2795495299830189,-0.38365195050872114,-0.8619405243539079,-0.887730444314834,-0.7277534946218337,0.6109473044887861,1.5938793427245026,-1.3912443702241506,-1.0405519369933727,1.0436519951474308,0.517579575592016
0.7193048368778535,0.9428063600119466,0.21272596447717843,-0.12702193069351364,0.1358379109731965,-1.2942062989691396,-1.1454384487916545,-1.3586586554203903,0.18221701415670663,-0.8935548513264072,0.117041860162695
-1.5369823387269992,-1.5175171587003313,-0.5280169495453294,-0.08444864772711183,-0.8547079195051825,2.4201260978598795,1.4525784505928407,0.8746354645026733,0.10056526174124689,1.1683992451337544,0.30552963059037047
-0.8898026621709565,-0.8242307784306945,0.10257632560515197,0.7456662381515162,-0.3160570318518779,-0.2121816304826477,-0.6614790259909253,0.7102254749323784,0.8622017132499941,0.26300841129666197,0.42736993212490854
0.3776344671690249,0.28742729918417326,-1.0558145333844036,-1.5867919416776923,-1.0571705016147712,-0.9740073590840957,-0.9351255481090527,0.0325698827666481,-0.7095031678868695,-0.0674487989589154,0.2702480005494543
1.291125606538869,1.507507800209647,-0.18921845409457044,-0.5162482144103712,0.011429404308155339,1.6796121396921881,0.9209338702269171,0.19200961232540273,-0.21670539178394044,1.485277129019302,0.3978053157178494
0.652756431321945,0.7574043150163873,-0.8231510881175848,-1.3933915273978104,-0.7114001854923733,0.2709552336186962,-0.08443035572335725,0.8618358096898371,0.7777376255583004,-0.7750440029960819,0.05815807770642297
1.0305122845442285,1.3013337340915634,2.0314968017413255,0.6203975139222754,1.7555946064187804,-0.524290780331246,-0.5250144481963644,0.2619972676248157,-1.0716784629944207,-0.7180615416571003,0.3651505829847921
0.13446517063669888,0.28103843450964916,0.9667837602342577,1.6082192124509038,0.360962168536434,0.6594040715396642,0.8710232248159901,1.1131051985664702,-1.3289826699585745,-1.2314385004416912,0.5538519809250557
-0.0890761211938596,0.4241008661154541,1.672720959959543,1.2717748501629211,0.7247125607552716,0.5643701391383233,0.5425767593292258,1.0448683352694914,1.2192596725030742,-0.12270261538430383,0.44206415765045354
0.8195869894337579,1.1983269385703916,0.2530932951681163,-0.5125301609297128,0.3382064174994187,0.3002711492055031,-0.08759221975350881,0.9103452736103949,0.15914516776742238,-0.01331312125944617,0.19027884899686537
-1.5360539605558248,-1.5039138193749328,-0.8601142492788394,-1.0998612280382931,-0.8824066758857337,0.6761657054729336,0.33824844219281724,-1.078659213711398,-1.4440657076355978,1.7020322108620225,0.35409737440278255
1.3959444935519876,1.3309214179923194,1.9533364146852947,1.0061508464736948,2.476541054238061,0.7447673937361617,0.5448050226408903,1.6259114549465707,-0.06401467892191162,-1.534596859491577,0.4550924430806797
-0.720223648533051,-0.9074528927025464,-0.7675268824090126,-1.2367442615143327,-0.6228697623144984,-1.1826001351478197,-1.692653382404028,-0.921520120088428,-0.09409353902064231,-1.2539708563557106,0.40658066964883544
0.7148806214344307,0.6325690003049675,-0.6531722215451036,-1.2032338986737816,-0.5841161945940092,0.44767984465646954,-0.20845655863929008,0.625560590464996,-1.066542943949642,0.9386659133990051,0.1029817219740158
0.12170847592685553,-0.26037421681768946,-0.5081325281709611,-1.3387298752281127,-0.6663172877402156,-1.1405284883041773,-1.4167771148063435,0.9485512831185857,-0.14709968467083664,1.5210079640041736,0.44752373752990926
0.7560188348765554,0.7261511670528118,-1.3354159050593661,-1.407204036908717,-1.0233100658994598,0.2827367393951264,0.20836924856841874,-1.017112949886576,-0.5743156637315481,0.7378759754853049,0.1103046183732757
-1.4082611472566853,-1.5260589134286384,-1.142254403222961,-0.4762923118144739,-0.39485654463381165,0.2848011814906894,-0.500657447256299,-0.39481209480416246,1.3189695867041409,1.3796206032024583,0.41984054250412556
1.2409331235443062,1.139911874020734,-0.1263916098418309,-0.40994520716272276,-0.047937068975927144,1.438379266089771,1.4895041834039706,1.151237574200189,0.28882343760609525,0.5289464792773947,0.20747289056957655
-1.240492010493187,-1.3165959464767096,-0.23872201707199386,1.128404662354593,-0.6170537976959217,-0.3395581615787228,-0.8807887528656363,0.8799655715330711,-0.008703143354328223,-0.9567833266353402,0.4075060193540618
1.0952288301370492,1.3528924267209312,2.1305910727255775,1.029351166892159,2.1172076458926137,-0.7825592199690877,0.1681144784472368,1.0851658562562148,-0.34858603732790505,-1.5897583135355084,0.5166727105239347
1.478000227446181,1.6019423812524125,0.4728805896121947,-0.3784294974220192,0.8777166603134908,-0.7040934305794518,-0.9834580740221943,-0.06428625052525005,-0.2825645350725545,0.39444350943474105,0.5308326192985375
-0.0462616888047179,-0.06798361194971737,1.2807067096305091,0.718636444707047,0.8316195108737935,3.5501017918583533,1.7332729757736776,1.5275029909168933,1.0076784359516726,1.0834823914730018,0.4857505121474992
-0.2564971221841055,-0.37613579609586417,-0.850003873638363,0.020974095032851553,-0.6340520413781069,-0.13841819110309014,0.6764021202976556,-0.6841488717719804,-1.5067438826681872,-0.623962321512378,0.5164443514605497
-1.211512023743671,-1.317755011263958,-1.0437358096697313,-0.18063113608632195,-0.667532526013533,-0.9342463738131859,-1.2133035949363509,0.052306678002868756,-0.42682237939180845,-0.8481265713172371,0.4322561674108108
1.9782947132827613,0.79708589191443,0.5312759469220111,-0.24699433797854098,1.1977098106236734,-0.8493624540650785,-1.0905865259282213,0.10679707479513437,1.3487212511934392,-0.04827643234063246,0.30161777184851335
1.1392544902966355,0.7748324418315984,0.813893264653107,0.12088441238440528,0.9654040062804253,1.8245257151156915,1.308879679251644,0.0794442078189385,-1.189121688365529,1.1089706685120029,0.27932856771602627
-1.3191064558385213,-0.8605909228384407,-0.31260455533570525,-1.6103345436953391,-0.5603917908830468,-0.6547898397463675,-1.105658408834251,-0.01919143042921649,1.3914738337398698,-0.8991556638761019,0.3033266449099367
0.1184209863837312,-0.05960994144637066,0.4345991886969628,0.8952373354615427,0.3782932722476958,0.2666851401955618,0.33614329263850773,0.0949708719377875,-1.296006683463917,1.2399604763227168,0.5261829971317453
-0.3119325653622074,-0.17580886449890562,-0.7791456411835506,-0.9284497563372958,-0.8037230487811212,0.3073642538127001,0.3377233000571537,-1.4490565913749582,-1.5653204232651408,1.3844836702439,0.4093915428773515
-1.2935931088739412,-0.992898910750423,-0.6246869820789548,-0.995323854762122,-0.787818147450903,2.66385737192601,1.2510654682537765,1.545959502921799,-0.6151990719071413,0.25171414980941037,0.3741433887679466
-0.9956101241603299,-1.1579810770791275,-1.726175175331421,0.7255243757320873,-1.0400317999584445,-0.2578057498160776,-0.7281775361319249,1.1114410914272426,1.1841521213282569,-0.12536673976374949,0.49361584033799866
1.133111874496675,1.5734549386954377,0.39156799305822604,-0.671396426426387,0.5916339062892704,-0.5447110665651292,-0.3425197944450692,-1.1690747414988436,1.70414308430281,1.1486350321392471,0.4049183477806963
0.6662332370740953,0.5291673589109862,-0.7384805945068464,-1.0715085941926354,-0.7020250024214645,-0.6649058290912523,-0.9373208961055142,-0.4477294758839654,-0.8758901467548859,0.31917039404943226,0.1145977204242185
-1.2413834542352633,-1.5078950665113433,-0.6526108493378217,1.2528251232510519,-0.673949498098243,-0.6210073159204251,-1.0323025824340144,-0.04069423287639868,-0.2687991907387224,-0.44697130950341674,0.40553788555731674
-0.3787379570629904,-0.08545185416308351,-0.7104165364781924,-1.2935029382779613,-0.6222032047888917,-0.8403075346149649,-1.2970032271718683,0.4929253063835588,-0.3061852242803906,1.3023378918128685,0.43661183500937645
0.8434684533343988,0.5590947292935313,-0.4200646573131047,-0.9238535369322493,-0.22981631283162643,0.5300291990550717,0.13641570339818143,0.07803471210697419,0.7514139177625488,-0.2975254832511748,0.09435695842963197
-1.4202180674044078,-1.6683646518878115,-0.7295575068962055,1.4510747983653787,-0.7471232574533517,-0.18716833053876084,-0.49804883669980515,-0.4816546349466095,1.5188496375275322,1.0353941149892476,0.3882844520975852
-0.32454757191923433,-0.5268886790788855,-0.25343007093550857,1.1097165846498753,-0.30548812826843996,-1.16274510450156,-1.2567492150909432,-0.43533187646460203,1.5041468706454502,1.5145334381123714,0.5168622768019518
-0.18837629497048847,-0.1628192384297103,-0.10156911606979095,0.26398314655807803,-0.2712800166865737,1.1638835536607295,0.433942456360367,-0.8760540156119336,-0.328759305142123,1.2293292104482878,0.5033281806418358
0.5363887862151566,0.8996069490654495,-0.8041821746543308,-1.5327595586602782,-0.6738673326419615,-0.29859566058984177,0.9347301713567215,-1.106338908351883,-0.21134242186278768,-0.32891665811754484,0.03626030916051361
0.7295163188960885,0.7647713424363038,-0.4264397464981333,-0.8510187819942134,-0.2816932557454611,-0.417904048144883,-0.902160242855099,1.056862085862564,-0.041695888055509084,-1.2555709782518376,0.14428287813097349
-0.012812627273535354,-0.1377004914022229,-0.7631166000006223,-0.7647440379621138,-0.7129649759611123,-1.2724495746101798,-1.3457935465782027,0.7377117926511414,0.7813060279490617,0.6852470707025655,0.4434200391612383
1.14601617563324,1.6438928179834322,-0.2578336347040032,-0.7871152485449266,-0.006653327837410253,-1.2249227579899833,-1.528665867752487,1.6138619994991663,-1.3907823408150162,-1.5335078989796709,0.2558346036388906
0.27518161037576455,-0.37937063917723857,-0.43264110030167263,-0.9488522151608082,-0.3344249146286236,0.2393277772876816,1.2707349349708552,-1.675171192816751,0.18934148828157038,0.25611245526174864,0.4467285406973039
0.022460348297885346,-0.9251604629579552,-0.3804006102036655,-0.938439976296587,-0.3774337420299677,0.3446715676583675,-0.0859520407524668,1.063274298214786,-1.4606099964833432,0.5196319265212634,0.457734334864233
-0.3231770587295447,0.14751862998206117,0.5849073205599948,0.7290880647029215,0.06503324934735571,-0.6599701657256701,-1.118541879976826,0.47102216981086775,-0.7736584061710823,1.7163917289828279,0.528558670077668
0.9595708967083081,0.9702322233067496,-0.6838618193410069,-1.4049128246050033,-0.6342264466330731,0.7424647674867828,0.4488368607891183,1.4849350723453214,-0.3078310472821616,-1.3718418699346904,0.08319877929935769
0.3249864025661325,0.6452763034243101,-0.46282450565561173,-0.8750130617803658,-0.4497740814961786,-1.215918964428627,-0.6953706173086072,-0.8317891342904863,-1.2392255770030127,-0.5573644612105192,0.2152187945689883
0.19316737575605442,1.0390533203220034,-0.7897573848230195,-0.750340038329495,-0.9354177840786865,-0.59685749326413,-0.9544502590411001,1.4179189901681308,0.7316799180245084,0.47912832787159104,0.17382384843255003
1.2956041252860129,1.2386985466810474,2.1761207796309994,1.2450684774119305,2.1898723176069996,0.4902941476561046,0.7950866564518558,1.1314954082225885,1.5296888139425688,-1.3823249569375677,0.4482190494151809
1.3585935747409734,1.2940225736736086,0.8319135232352255,-0.14140482916323682,1.3483864422398038,-0.8484906706204024,-0.6787908590152121,-0.12643610180175593,1.5847551876486714,-0.6973212794393187,0.43619644764521304
0.43608136389318675,0.8284881239560763,0.18207381956246665,0.12335087276530673,-0.1513516642350154,0.07285903199567119,0.2175704695132436,-0.20879829952438037,-0.8186794912408735,-1.0219574827732933,0.16502802685471532
0.2528677321293881,0.6100983855304506,1.3238658622763304,1.629027032245179,0.9879222675891464,0.854708452362971,0.3198594890442489,-0.37643688225184246,-0.20234075558031683,0.9532017553471404,0.3982072369582292
-1.107357908100488,-1.4036177364398703,-1.266992164614193,-1.4080120600416821,-1.0253368612092535,-0.2539677677554606,0.1106699155618148,1.3779051614322804,0.3576409517964243,-0.544177571585732,0.408376864141085
0.30835951822384133,0.5110951397929572,-0.6584180734835267,-1.0448675930970375,-0.4018035574440108,0.7663560900208707,0.2748593800958735,0.506522501427241,1.3388740790532787,0.013850209848935494,0.23868552574612978
0.5901596576727406,0.7172744225679079,-1.0392969537895107,-1.2886107507272597,-0.861748444197013,-0.5276713090126901,-0.7229756207124599,1.2681304106967304,0.9092280761075906,-1.1090029149603153,0.17143849754464055
-0.5354029160555922,-0.5291913608173469,-0.7393145606823021,0.6864975264587482,-0.8162180637287707,-0.7851296211437523,0.424414443049773,-0.8153046412409408,-0.7723161908029331,-1.4416842634035438,0.5173897071184175
-0.45091009797963144,-0.7172877957537213,-0.5360207932290819,-0.8665575278254238,-0.7136923914072014,-0.09758752406694748,-0.4179995257168942,-0.5476538417108265,1.585792639386447,-0.6486185842991035,0.44398619546501594
0.4405119835588609,1.274154054427532,-1.180050018386228,-1.5786955862101089,-0.91719322829693,-0.5696930231986201,1.238181295403372,-0.9956170721588762,-0.42460725861564175,-1.0241572207849583,0.12376313745663764
1.0478734263122398,1.2278929883273781,1.6838781976615358,1.0232835070391841,1.8718872541518965,-0.5506891629501873,-0.6754562110556163,-1.5840603923097296,1.5666016504022604,1.118059013219878,0.3329705438995136
-2.1060035978250116,-1.6649888471370091,-1.2170016230258378,0.15421710941953903,-0.881752973273188,1.4261069739598988,1.1768888255455863,0.7081946044321166,0.8946215216809227,0.8058205782550902,0.395855115920722
-0.7630380144403694,-0.7883767755294379,-1.0268904316857685,-1.6166436797513977,-0.65506124249694,1.4876714875490524,0.6145258430822588,1.0381778956218333,1.023036506567406,0.6400574267539704,0.3763309553550944
0.10309402297939366,0.5188580154606363,1.1380422806234842,1.3421014840322214,0.49213310451552605,-0.8899843227670138,-0.25004324192507,0.40450283125636916,0.6239981449853453,-1.6317703699193116,0.45324721478916613
2.259835720062256,-1.709686279296875,3.6475508213043213,-1.6651674509048462,-1.659238338470459,3.8765451908111572,1.7480708360671997,-1.7165910005569458,-1.728102207183838,1.7210925817489624,0.0
-0.018656929994275595,-1.03912708838034,-0.08079289170251698,1.2731283451410662,-0.07799980243659022,-0.3433411493791438,-0.8546930309983218,0.7080139661641478,0.3357439673699454,1.6945730332699598,0.6023843762934062
0.8938569769335553,0.6010844576781499,2.4628881960589957,1.7501198916330551,2.169673989033507,-1.099882559495033,-1.5759276777761377,0.8462804586061162,-1.5716156131116261,0.488230099509095,0.44393330797305425
0.07357402747372854,0.31680086937311114,2.002497514427722,1.4024474468541024,1.727507873571149,-0.5510141624954918,0.03989903823770879,-1.5175162578200023,-0.41659327088818615,-0.07664146169185614,0.5641201456279047
0.7388775293324238,0.14635839038693327,0.002304828359483882,0.05325855618324281,0.0950226902387421,-0.780479653718475,-1.5775033099172175,-0.11419876409339441,0.5396946819792622,-0.740363980117621,0.24327990388541063
0.10494278648633473,-0.17543399040053553,0.033044452060644436,0.6628761882156079,-0.015754145986450988,-0.24701646179583753,-0.2631244534392898,1.6411063003406796,0.6736676510240994,-1.3489847219860553,0.4860260520340754
-0.8454719089851241,-1.0431369870515397,-0.5966051351110422,-1.0459445616029899,-0.8156854818816259,0.5778775709100538,0.10428377779245834,1.3652775304267597,0.45288421915623456,0.3651037726074281,0.3748422208970659
-0.021526396206405222,-0.8777569870360271,-0.28842120847193814,1.6101052221383414,-0.2217927592563696,-0.3714692007763708,-1.044549455909856,-0.3594838836124894,0.954183177423765,0.49554637219378506,0.7004130154970164
0.8935702541797046,1.3229744702562418,-0.1012377012155145,-0.9636360332382845,0.0596008877010936,-0.28750423507869594,-0.42366140054071755,1.6811516646913918,-1.3786060277190744,-0.1481549167959298,0.12362736653201403
-0.18110719261907526,0.006002485703294452,1.2091844687294027,0.9037224240380843,0.32904194366022244,0.16854689350205904,-0.8230156092305295,1.5156880034993863,0.06750645225271269,0.2933786474763507,0.48698352806542183
0.6396686449661759,0.5769915307142479,0.6323285732351472,1.243695666760802,0.23915091362758104,-1.2683915492300817,-1.206650989601218,-0.6333217542114112,-1.4357934902066303,-0.862609269476692,0.27087207563929067
1.006518432630256,0.9800466488589887,-0.3529064730549075,-0.8136385264437924,-0.3807612658200239,0.0005252657102120476,-0.49545349056900906,1.5021381557848064,1.495777943366216,-0.7788021006913779,0.36248573042195553
-0.43389518560143514,-0.20398254289500756,-0.6211153592758208,-1.6648732371484798,-0.7255660453772543,-0.6480525089774245,-0.22421348391209983,-1.2637557381812665,-0.7769569641713581,-0.15354175463981856,0.29817867573639056
-0.9763310047844407,-0.8574612234486143,-0.8688445763115824,-1.6650621846674194,-0.6704643285474714,0.6831170621524859,0.8078473417700226,-0.9637318590352512,0.7649360004134926,0.2746900909734892,0.3434148469261415
1.2547630126029325,1.1948628347709662,0.1601740657278951,-1.0981891585260064,0.815750281784218,0.5293450841192185,0.8292488149070856,0.41467141059508833,0.3460705037819084,-0.4505178962115651,0.2043116825052031
0.17501884584414898,0.008562212335723025,0.2635810272614064,1.0558276395975763,0.11135003221993062,-0.28803650044832196,1.5823244546677537,-1.5039310151201128,-1.411165415421765,-1.103498250048748,0.46962023937129316
-0.23091909486514772,0.45001006202082566,0.7901146294651481,0.006453056371972556,-0.018706260781628584,0.6012866257332881,0.44930585940148904,-0.3547219223562428,1.7221846744978722,0.6590176078298545,0.44106666805079286
-0.20703103388837918,-0.1426660546221113,-0.8695231216101085,-1.0543538446511973,-0.8178436784049381,0.433743757739085,0.17172372384259044,-0.5181539407907789,0.48187910954609464,-0.09226719798335188,0.38636706806379567
-0.9644545990407983,-0.704980389062003,-0.2563765194742928,-0.7717099369790118,-0.27308190636032065,-0.6947922148660808,-0.6201342499253804,-0.4177338387460062,0.013185744976412617,0.6840288175641068,0.3930218210337053
1.5160912942116287,1.3166740497710343,1.4035463990922918,0.5919427234977965,1.9939722072952653,-0.8010858136541007,-0.8709179646793098,-1.6322965618462844,0.8643927499040064,1.051275832869738,0.6033136491914047
-0.5135961275987587,-0.19726198561689573,-0.7255811502950524,-1.1293011251462999,-0.6104581682827256,-0.18983317446044198,-0.3481309906969007,-0.9639607584911315,0.36104427083162,0.8320310576984764,0.4271825051204359
1.3430634958024237,1.3734624622918372,2.169967016392977,1.5331026381531898,3.1930794524024737,-0.5242107056212768,-0.13959637802199437,0.5689717912757393,-1.549813420382984,0.09341244268414689,0.803207241788923
-0.4434791428904389,-0.5394127791826516,0.036474729607156274,1.1241380173222588,-0.17113234325183962,0.04215536293550808,0.17913559579299101,-0.964565196668421,-0.674930068266942,1.0834177723849838,0.579329574030249
-0.10320356389932842,0.09355613641621122,-0.5116002387312669,-0.9078805627626868,-0.848013056915868,-1.1516530278667914,-1.4692808284626793,0.5975385063451617,0.8007468011721741,-1.1362006986204274,0.4705117625488468
0.9794255547255691,1.0775579323298972,-0.3498164292946524,-1.0141145232392013,-0.15084219934527407,0.3718975685664449,1.034865690221626,-1.0223469335946889,-0.16488166906058124,0.5778962901368805,0.1703276811323815
-0.7855713618084297,-1.6055772959214007,-0.9510936580907405,0.30449773263654023,-0.852780991978431,-0.21405423355609615,0.17994572878645926,-0.7901269133988129,-0.41356087503347155,-1.4239667065211048,0.38448881246777533
0.72047174236423,0.5200233100642111,1.0737851575634956,1.163729440512147,1.0487156750568492,-0.483872439116148,-0.085453092907435,0.8082794448269938,1.0497579972880093,-1.1498823730701735,0.25231558211507155
-0.5795681120745142,-0.5838651156749747,-0.6939438422377406,0.7559359207021297,-0.6820752234861694,-0.3966239394637877,-0.5142482913588748,0.17970916314972682,-0.9741596354664243,-0.8095518810366753,0.5634026294291866
-0.9308014842171087,-0.46246206374699045,-0.05032477622833135,0.37545869420139855,-0.4324193914656806,-1.0846091639847142,-1.551984935626506,-1.0754824755522223,1.2212088892230917,0.930718851257626,0.5185311941591926
-0.3271899301911976,-0.8425607682236762,-0.6433665999375836,0.4055412496771759,-0.9193896401837051,0.1480850709760049,0.6115138647698938,0.4346174692632674,-0.2500929077847011,-0.47963647406001286,0.4476936841102486
1.7740759357873446,1.3284813500058819,0.8895859125370664,0.8960295773317298,1.4388663418431005,-0.4481046985833559,0.428315123075905,-0.5146544462205267,-1.4196967478798785,-0.43830276349695363,0.5267070024889877
-0.1328844832266579,-0.5867572229268573,0.2316887789208026,1.7474167475667353,0.1060410737433212,0.1359491936372127,0.19055395999933794,-0.9951450285655435,-1.3386381724990186,1.3010420786780896,0.6754841343605897
-0.11226984221375527,0.7396779545341985,0.9900780360677156,0.43551804351373763,0.3036849412273144,-0.20636989828200822,0.7055149777518906,-1.6215771041583091,1.7070944941823545,0.3574240439094022,0.2984781699556588
-0.03365382663852326,0.5019962815530072,0.15682344304995696,0.017739607474190004,-0.12847716908095758,-0.9550731191519796,-1.6185901593016319,1.0574083774808383,-0.14217585587775214,0.003545832547420913,0.2903087188472152
-0.5429314211856835,-1.3380119657274336,-0.9770767739997966,0.32809564721205653,-0.7647780300577784,-0.04213190522095395,0.42805014257334734,1.2924264456998968,1.6016980672387857,-1.6611787135162372,0.4531519889589149
0.3454337825827344,1.2648137757401934,-0.8679032242463842,-1.6114037541783464,-0.790627501390528,1.2728641066691166,0.7757251150598257,0.18258697015999578,-0.5464034708168004,0.0017453462346715826,0.03259452491847512
-0.7912482042783333,-1.3354427291877726,-0.38416503342385266,0.8914457974891827,-0.6242655434325728,-1.0830484562301923,0.8942896323170049,-1.3441077074499055,-1.518782475765773,-1.6908483477931275,0.43120022417699944
2.0751462074544764,1.519077570036977,0.32919658006722224,-0.4346817774559575,1.2790090389703903,-0.014038421481349067,-0.5149545377856108,-0.15189083672280604,-1.2134035127276832,1.0551643181714097,0.4677188395942536
-0.9011016266909009,-1.0273593381347734,-0.3433576031337763,-0.7976014861474428,-0.5448158742553031,-0.9907168998247121,-1.6850913785715553,-1.094066885624695,-0.9048454935031636,-1.4712794282700183,0.430231842536585
1.560328515980131,1.3563501948866628,1.3218238589239757,0.2109710741721263,1.7401876531500284,-1.1213197096092293,-1.3109302398993874,-0.8343167610813519,-0.0958681244813987,0.688816352435268,0.5268539282477572
1.223172543956123,1.6098177021540643,1.5871888440901667,0.4513487702605799,1.808042125615532,0.6429944334332409,-0.37196040420272547,0.684971804766759,1.3400275337464882,1.178027107252697,0.5307448412885925
-0.09717862212145817,0.5585589140702172,1.414198021807246,1.57385179827585,0.7316833675586502,0.020889934950042092,0.45602752257643586,0.7656126324091335,-0.9948797800563499,-0.4426795878685913,0.543888076453177
-1.074650306637296,-0.5331170979343886,0.17601659102070966,0.9829311331837473,-0.6215243610484995,0.17238440457924442,1.1753135521295806,-0.10157658044789539,-0.9672429860616825,0.21742427560882266,0.4219773753523226
1.5425617633924875,0.8289285818900046,1.2073632169194437,1.0466825578570402,1.76767163990121,-0.18922987815769127,1.6462399594144643,-0.3138827029049657,-0.740404864155728,-0.9585324086405305,0.3643811575306436
-1.7467292080794308,-1.2140489648007713,-1.861327187460056,1.50870824725342,-1.0364367936428167,-0.6652179082456794,-1.2110160603574813,-0.43671724441238063,1.4293974097078197,1.3950691422320005,0.5288681540816408
0.033408680935203876,-0.16671388118011832,0.010202329073431729,-0.22346537002467737,-0.23020579602288618,-0.9441393535773133,-0.7255675990950088,-0.6475739125694584,-1.0336020909198902,0.7209729008661736,0.5148509578014602
0.5746306187885636,0.9325993412481436,1.5583332962305998,1.3481857465365517,1.0120313661368603,0.21421712422011108,0.5406368186503399,-1.4343753923059401,-1.6115327706192832,-0.10867219391794362,0.3225574967006906
2.259835720062256,1.7092499732971191,3.6475508213043213,1.7536993026733398,4.4023895263671875,-2.0323123931884766,1.7480708360671997,-1.7165910005569458,1.7312737703323364,-1.6960371732711792,1.0
-0.9407076469525252,-0.6893711837203456,-0.6000085944651835,-1.1165359710095006,-0.5762626395295258,0.145852482026136,0.3869995842521519,-1.219482626045319,-0.8749345927227992,1.6875604080066142,0.38028861130366864
-0.37665153393503303,-0.6225685786358693,-0.5934572019991438,-0.21006278282940305,-0.692785798707375,-0.833537109948572,-0.3987115045834545,-1.0949941202243323,-1.5011329246739658,-1.4357681090189218,0.47868048326999885
-0.34345885832016815,-0.1800504976389474,0.2513363811562721,1.6273934504129648,-0.21853693530193885,-1.0511339236146366,-0.5482765541580739,0.08463345255436831,-1.2293359566097848,-1.04110913337512,0.6032850371762305
1.3306015563496085,1.2127784077938557,-1.0956299614536782,-1.278209909479322,-1.1526418880245495,-0.8039415131439418,-0.8624872647690665,-1.2274309009803663,-0.022794379143011814,-0.07909019666859206,0.35291789435709703
1.4538290371792066,1.0230326523367756,-0.01850036505096682,-0.7065046821421843,-0.07087762416843352,-0.5867872835113569,0.12189730786371517,-0.19695208940406364,1.3893189738418628,-0.9880770065798955,0.14118066808804028
-0.4930894135513199,-1.3010215886165148,-0.8506816853910089,-0.4633825928113076,-0.6979640890241835,-0.3935984898069349,-1.0842861573372962,-0.11803799087411403,1.1072406188786765,-1.2338562213841355,0.43880164893401363
0.5293171460762491,0.7236659158968507,1.1071968628605757,0.787823502967166,0.9280722805499528,0.8219959890919996,1.358727833049432,0.7650577678434565,1.6332125248675415,-1.265064821695883,0.37330065190620365
1.3744347107206691,1.1996681139568337,1.3041584149436183,0.3491564832303403,1.8295231581142581,-0.5861388301885957,-0.028781173564175852,-0.8857008434283472,-0.038544311317621247,-0.4103323276283776,0.4603131692117151
0.9788020611259126,0.6677330600868545,1.531304395291725,1.277015580842282,1.56100395027625,3.5008890552130802,1.563958265611515,1.2643122758263063,-1.4991788986752073,1.56417758635526,0.20783436823626625
1.350970380609443,1.345874392102242,-0.9029736467229881,-1.4743229901176131,-0.6293899428327796,1.2576915550860632,1.0221224916097142,0.8069214709239866,0.29033438418489876,0.3799039563956309,0.3807820401267966
-1.6125003794017467,-1.616405627305515,-0.945967887903011,1.5358465951418772,-0.6994242929985687,-0.7769700279264674,-0.6412964036751307,-0.4621342871000127,-0.5065080527948491,-1.6686415142183209,0.421462339075304
-2.1197620082368824,1.7092499732971191,3.6475508213043213,1.75280696217924,4.4023895263671875,-2.0323123931884766,-1.7114851474761963,-1.7165910005569458,1.727230029190325,-1.6960371732711792,1.0
0.1493116579832442,0.21220909231494525,0.5856446091185932,0.7368098253637076,0.15059644014582252,0.002744820546110858,1.5582704125634315,-0.1007203452861669,1.1396201165393491,-1.479748431816086,0.4044564317067758
-0.5752006487288372,-0.4973544735332046,-0.11332129759745067,0.32874351259811063,-0.4300453409663621,-0.8101663940801449,-0.8097184800412368,-0.67953799132972,1.7173608554298108,-0.2442467936583544,0.41200779052800784
1.1578761528220025,1.3963720285213042,-0.17921166347564446,-0.5113157123228499,0.20730083739115424,-0.3365737904092059,0.7571135559386549,-0.825050703776492,-0.9448176870076922,-0.349832417935521,0.3746001226714491
0.25893448408459663,-0.028555930444023932,0.28877206157268054,0.922727514475316,0.19920670673975427,0.042775660677717715,-0.6361174042792126,1.516569259290555,0.8644326326657175,0.7347523040031695,0.5008163348037835
-0.087718887165573,-0.27694065088300124,0.3782226574540154,0.11171565802701997,-0.14911153674121846,-0.6472199118846426,0.9380947590286663,-1.242301721033628,-1.6774655774728644,-0.16214763924859882,0.5035135284585909
-2.225302702318142,-1.4798073313951214,-0.6420242413102832,0.7925050760503405,-0.8357358363406608,3.347864418349839,1.6408810276151558,1.3024134944692625,-1.2535802565752516,1.615913126161562,0.3640679150751729
0.6361071455117058,0.6469820068475898,0.003409213830943919,-0.41311676376828077,0.024268365279923015,-0.5323329651314324,0.20169814307062478,0.6828670666255263,-1.3850104312460894,-1.6371594791811346,0.179058125040078
-0.352024515458484,-0.5718234421850263,-1.8202433008893226,-1.6487246358095087,-1.014718357569804,-0.8141352464217368,-0.863680355229515,0.6148596562560462,0.8149767142240696,0.8579624235882232,0.5234921437349186
-1.9443183977736986,-1.2388515568980445,-0.5255450274717117,0.7677399886097416,-0.7836575636025951,-0.16741294893747194,-0.8357583074432381,0.8214845898065883,-0.7619996278473175,1.7118319458814133,0.36071169989716234
-0.25463297585870914,-0.1911775003936878,-0.025193951679521542,-0.5517720586445535,-0.14673112408251673,0.3787718433030536,0.06438410725952354,1.60151175705821,0.5829706315937407,-0.6889147177784296,0.415791796505423
0.8249544536579541,0.7342805336308184,-0.125182993563752,-0.3676254689815826,-0.27606261179637176,1.7152808300156956,1.1613047663552702,0.18487661100686031,-1.6867601906489273,1.39463077926406,0.14679442856170255
-0.4612888494148776,-0.22356119150870113,-0.49476995227336573,-0.8248194073435062,-0.5011492217830789,-1.3463816805810127,-1.1687555354058774,-0.016308442566995103,0.4409415363726489,0.6391272347946713,0.4307156978079121
0.7757097291932089,1.4209360075037205,-0.27337587365573945,-1.1692525683286865,-0.1588835727098622,1.563574602200523,0.2501783169330371,1.5691915522387867,-0.34754276166374043,0.8820707868563242,0.1898017069776696
-0.5778487243950504,-1.200385058900151,-0.10905877737331966,1.5995357497163951,-0.3165950101106194,-1.3109120417050049,-1.4631475638762956,0.19809160645718552,-0.25406957948646186,1.1752318550097596,0.5223138312016142
-0.7339910299110719,-0.25268871084239886,0.14208991971693186,0.5322289342974913,-0.3916906697144659,-1.0845563063499726,-1.458612553064227,-0.1932847970980917,-0.6810699384737677,-1.113578122612384,0.5861546621623004
1.0376652285655126,0.9375279962994252,2.611687243768798,1.7467314233479732,2.8703091980837616,0.25053718490329707,-0.046461526871207304,0.3660408995334989,-1.142613200764023,0.2924480304198591,0.3532486625200753
0.08178662428573313,1.002266690565257,-0.4942015700142691,-1.0261139043128418,-0.6103689115067639,0.25768924129085646,0.10802975220424679,-0.037820253152985706,-1.4572564177943952,1.6624977459456998,0.04733827756560483
1.4817656539253707,1.51673882446499,-0.31504605145568926,-0.7151988030440839,0.0057811134048908475,1.3022656371784953,1.239827868140926,1.1716597615656348,1.5586061638727546,0.7258840885107898,0.49940295433625775
0.9971567078780891,1.4237088566998812,0.517980112425013,-0.11473801971932529,0.7663594923095087,-0.2918219740070561,-0.4825437801639272,-0.49320882965631296,-1.384127675870376,1.3430958726916409,0.4324151521150757
-0.5202541868856686,-0.6755098168178093,0.008502092201144437,0.5903937137902601,-0.034867604180110257,1.992782671869119,1.4963301155146453,-0.6422982672041564,-0.5059231514410172,1.2073145437757142,0.5297073660823949
-0.5909518256123898,-0.5776837516072213,-0.04937139931204545,1.461364813848967,-0.30965644052068036,-0.7126306541623733,0.488274601022767,-1.3076721828397462,-0.6634581668415552,0.3615767705575096,0.5567826612797385
1.370188176448593,1.4888527372288052,-0.0865681901421608,-1.0459676265275135,0.10920442183713147,1.4991446363419385,0.6711335649595798,1.6993973737341717,0.09172313075768539,0.17486183227417262,0.40158217194371665
0.7702130346951598,1.2285353978297984,0.798741247495119,-0.3628539467060343,0.7917956925331952,0.09015814851425086,0.07681063836643162,0.04356381381795951,-0.28568956502139564,0.6306666759861971,0.14622928119835732
-0.8389452786451452,-0.8547140147368415,-0.31165548258729536,-0.6317334015329902,-0.5984670957729638,1.807485782111482,1.5760058909563883,0.9128215084455462,-0.15937397472206716,-0.13054009961813764,0.43368144758550886
-0.8639605421878833,-0.49071332831353803,-0.670998122773141,-0.6796850104271192,-0.7204966603088908,0.8260647897371869,0.6229481758227897,-0.29806048013498376,0.40502386075787683,1.6312700990644458,0.43052518336790735
-0.5628243505318551,-0.11773892040282889,-0.9688798458759493,-1.450346356875932,-0.786970124434099,-1.2397574243616707,-1.4040229958347359,-0.05272601313698882,1.0512162691992024,-0.5773792048850451,0.5129800576622081
2.234302961548318,1.6691111759144002,0.42969877761879016,-0.7489606081893376,1.211479890998125,1.3299193618409944,0.8559921237659139,-0.2259405859724916,-0.6637731587587935,1.3201925800697445,0.5644459309971772
-1.6654978133761165,-1.6434815179838387,-0.8039348097657733,0.29632205384805377,-0.8395611510475505,-0.43105799819590945,0.3345474792925844,-1.2073369705530985,1.730561874726904,-1.1492308933508937,0.3410121597607718
0.48521848449666466,1.197721705442348,-0.10882971968931246,-0.27453403300180457,-0.23525066643580678,-1.621420429296708,-1.5856778290379459,-0.7050981242525548,1.5035371337721004,-0.1470715755507492,0.18181796477195836
-0.0841278777050781,-0.08359683630728922,-0.21802209238103562,0.3663800570650684,-0.14307835898247803,1.7338341229143501,1.1090036580419753,0.5663218843552782,0.028126373547752437,1.1832399534763254,0.4987462410364011
-1.0652825827128616,-0.9334485537785565,0.20386858833546562,-0.5607031885223568,-0.15058477925821462,1.4939264076916337,1.594799418451337,-0.06314143700911003,0.9445878823593261,1.1929915398694995,0.3969829286314365
-2.1526830184241708,-1.6499154239653269,-0.35001237108669725,-0.023282834814198836,-0.8448657304723178,-0.37753659596447997,0.08829326347633296,0.8928127113710094,-1.3789157851428742,-0.8714924072460926,0.3251534950795995
1.4099142718982194,1.2564986281419093,1.100476069376116,0.6977890391737988,1.413923799039314,-0.9332525902918135,0.7620343607452846,-1.3732873616583419,-0.7739235366202394,-0.7982403734450363,0.4986007008748692
0.7270930856293019,0.8245501911197292,0.6231243050443452,1.3168932813807046,0.8655903587303608,-0.9814025794211692,-1.5746818854675109,-1.220751789733979,-0.4165683116607234,0.11457657162791073,0.27068530667357
0.8774724350577129,0.026391547550939858,1.2449268113303942,1.6267338241996816,1.2421789489911867,0.5212291750108548,0.3816356797474145,-1.0788004669637696,-1.4165760304771462,0.11514243798705674,0.4121843583316664
-0.7416433187126793,-1.476664504420642,-0.307418335829329,-0.1420057594516618,-0.3320174029442269,-0.025698903861430672,-0.34873843846667846,-0.9683679320377921,1.454650374623196,1.5145436266808647,0.34148003509122155
-0.08616468169168251,-0.16406967944018924,-0.6550746491011321,-0.4180869766427614,-0.5364877151068401,-1.0962730315949265,-1.5981829992630956,-0.9109014979434509,1.0468315907273456,0.8216847853692963,0.45204510994653174
0.7620080076436144,1.1851484552694478,2.5349062142951015,1.0491249467207826,2.0744216422748805,-1.071340302345444,0.4476771248934625,-1.600900086311242,-1.1801345010113538,-1.6935665115234075,0.5026877298037622
0.8310348495437867,0.3840027601575349,1.1599415122167047,1.3909514708755761,0.7937849240224129,-0.6526075589609177,-1.0870452501373256,-1.4873393166635143,0.17717659333207772,-1.1526952072620171,0.3636229102586046
-0.5278007269659405,-0.3369817415760691,0.20412356447760296,0.2582284234516145,-0.27036763674562925,-1.2333813397542452,-1.6763078941334586,-0.9933452947822112,0.06822558498831983,-1.4786536770458774,0.5149139846078442
-0.48232481084080714,-1.4744960537947633,-0.2767042604996195,1.0457479700406203,-0.5439303416768515,0.5328191388464922,0.5964161218815296,-0.5894733853740396,-0.4984549973604682,1.196885974333386,0.4580598163698915
1.9943644697578693,1.5274371055827987,1.778067400308411,0.5737337719569068,3.1221893080065266,-0.4632422805834797,-0.3743121186182779,-1.0387277594880564,-0.9707013813699653,-0.9942646617703365,0.8918037668153483
1.0782950782245924,0.7817024217869093,-0.6899345226297904,-1.1730364849396284,-0.42925634245384575,0.7556025018888081,0.44905318945305117,0.28821768454906127,-1.721495933252158,1.5158539821244958,0.05810612042019512
0.667700298322206,1.11335317211373,-0.8405759661031428,-1.5160117132325688,-0.6265089947878638,-0.4948789790606109,-1.3554007517835345,1.5625268673928259,-0.38462322522966386,-1.2608851392875888,0.02204856622129371
1.6156429300880402,1.0126606809701757,1.2331465408588023,1.0199657970528024,2.041726055283898,-0.8674397317103224,-0.9955454938400297,-1.0153685296171662,-0.5614024339929861,-0.5195162354360049,0.5636706201210695
-0.6325363959443318,0.09679814621022922,-0.14017887718881344,0.9866203435591935,-0.639047930442764,0.9514188025538639,1.696444407254026,-0.17107345561294945,-1.6840809962219587,-0.8545337830169951,0.5498514085660101
0.5142477578863964,0.26040680676758177,1.2227572583285684,0.8194620545935427,0.8014797790247882,0.40755337373338174,0.0003963320213336563,0.010182242743714362,1.4661175993944984,-0.15092526423504654,0.3637315538801916
-0.39374593228666704,-0.2933335273296971,-0.4270333602758078,-0.6061441183622897,-0.32873436875017503,0.13469448658031447,-0.4681238838384132,0.9310007058183004,0.8684528931416461,0.8952439770616779,0.48003439115411817
-0.43554421706122115,-0.09841064364367708,-0.3440905733842435,0.011717799175079674,-0.6682416051896588,-0.6844431612495205,-0.6609486700620524,-0.6176915817761646,-1.493609153011746,0.3087336557262632,0.37019046218313345
-1.2543542898577296,-0.7867736798027426,-0.52268623625684,1.2208394084141514,-0.8258667394414879,0.6469000512411198,-0.1725245086135581,1.0561124436705953,-1.1443897743341547,-0.17808067447293535,0.47525970978106674
-0.44140334323219027,-0.5261115215658942,0.6701655151572804,1.1564739623762035,-0.27089443027683435,-0.9577818557194627,-0.2999244457408264,-0.6323793378665123,-0.2613768261652511,-0.9033502951449264,0.5997557463711818
-0.7482563449814917,-0.06757879334387594,-0.779301589670432,-1.6615216875993926,-0.641089322847621,1.6099045612730012,1.3973853251933162,0.14618308598608515,0.18448053813072546,1.2177290761551773,0.39030262487842166
-0.5903454263638583,-0.8564610290818901,-0.9912037283932847,-0.7427274887140881,-0.7944547137238626,0.6944304374097653,0.18663688619565635,-1.0926435118504785,1.4618498377381592,1.3220251015880395,0.4271073757078777
1.0636133619382375,0.5746068313285073,0.4613104820844257,0.6373240132290744,0.2866287149416341,0.617066806787304,1.3989337652074492,-0.37507436380342984,-0.8667776233874331,0.2680545537679279,0.14967566412268826
1.1907159448448843,1.3868810192052508,1.736439152129245,0.7680139563466346,2.074361428065254,0.7640001077173824,0.5066711552152728,1.2911638015137425,0.4659169927632904,-0.9794006835892456,0.44996095390290997
0.4694779252046426,1.5882132983474997,1.0936526830239637,0.1452257089896957,1.391861924856808,0.1349157294727153,0.009924342747356929,-0.7039493567533425,-0.412968068013323,1.1767077785527196,0.18768447768660898
-2.285659074783325,-1.709686279296875,-2.0042426586151123,-1.6651674509048462,-1.659238338470459,3.8765451908111572,1.7480708360671997,1.7005606889724731,-1.728102207183838,1.7210925817489624,0.0
-0.40589340503608556,-0.06603183667990255,-0.974548091623667,-0.6975511839588326,-0.8460781567261276,-0.32578789244222345,-0.8798210157918916,1.1585728958140733,0.6853386497378338,-0.4336119050863686,0.46988415877674233
0.9560975939110367,0.5508603701393242,1.6702460715539271,1.1427882017432767,1.4832583531029504,-0.32916477178187253,1.46962197281389,-0.7737162214972669,-0.2591905067082377,-1.4075960930493814,0.29683310165446813
-0.0963024079760942,-0.703700853958404,-0.7845533866788663,-1.5025048800411152,-0.7116263300640391,-0.6959900383706491,-0.43447274401150693,0.49885391560948716,-1.4524513346381256,-0.4625889881532498,0.3853904984158
0.8274097189004167,0.5491310648371648,1.55037522000864,1.6619932313713823,1.4833973908377112,-0.1609909854555741,-0.681783682798645,0.15369946707744803,0.42973105966371805,1.2891958686728935,0.33287500735147185
0.5139822324030445,0.46572138378662553,-1.1655906316407108,-1.0071360114675283,-1.534111691388464,-0.7619542605205385,-1.1047116059081943,0.9611069326790332,0.13787127061789303,-0.12932040510501144,0.18254107737368871
1.1634297995393608,1.5154929814124216,-1.3051236931893218,-1.5927190304131655,-0.9945197373744055,-0.6476182049613948,-0.8457453999999893,-0.4040829134328363,-0.47932805658541966,0.5215983529323515,0.21096849731268555
0.8303255050752468,0.8295548685280032,0.4063384382511295,0.46583817311846437,0.27462459354680124,-1.1812907649532332,-0.6339652628056773,-1.121456289950878,-0.6255620209060218,-0.923526669393881,0.25774858369360093
-0.6442217617778511,-0.6293774797254685,-1.3650945868575983,-0.9586771420031756,-0.7894120017404886,-0.3226494247651017,-0.497208318038612,0.38987299371627104,1.3182137428758383,-1.4635179292299212,0.4894381001279141
0.528457094053818,0.7720088518284995,-0.7282009260643644,-0.9460985867001707,-0.7606866498521051,-0.061531173165493995,-0.18817836650694625,0.14662585810930395,0.8508658416775121,-0.2224098592042168,0.12019834508485377
-0.5908770526058053,-0.9222632006300199,-1.5311524745292757,-1.0047184199954506,-1.2208538667055557,-0.6838325718764513,-0.8097375164699111,1.5198541450374259,0.7240976175351257,-0.8610047747643084,0.48643732086410285
-2.0330650238706522,-1.3012741975375695,-0.6992154333629775,0.13035078226575975,-0.8917025614362261,0.11250037530662264,1.0251222523406096,-1.4233868455845358,-0.7282245035079358,0.6994910255786824,0.3765132609726308
1.360355792207566,1.5832571129746174,2.191518328699938,0.556042554521807,2.8258646298853964,0.4306130996721085,0.2437533379376154,-0.20589614152848348,-0.20302987675071663,0.36176914794618265,0.5747103966503008
0.09719358407631543,-0.5028543578186848,-0.11059625341022075,0.8688432207405413,0.015090783296742238,1.4361332532865814,0.8879309223830222,-0.4577901411066484,0.3075118286317896,1.1670469691016174,0.5279904473053407
1.8354798552476965,0.7949684378696574,0.45365482321509054,0.32631980584919323,1.2715169257011996,-0.7809754868949579,-0.8443225033474113,0.0069274833630466465,-0.25897177458581944,-1.0212848567745965,0.3938724393805866
0.8237575403672098,1.0376572031375737,1.2622635344683366,0.21570261353033066,1.0634588198396118,-1.747459118239942,-1.4403368959046756,-0.005356042481548751,1.5358265624005674,-0.13142242162243004,0.3829122606340788
1.2073015500684812,0.9465221176381264,0.4535848112996945,0.5342203701765004,0.6486313093524076,-0.205998594366398,0.43153242511147416,-1.298014323528392,-1.717473339732789,-0.3708504357027589,0.4728271285805719
1.2522249430338495,1.579061497762959,0.23801129029218854,-0.7442481343071179,0.5255891797937765,-0.7142827844483319,-1.1210707491894922,1.699903261186817,0.6674384048708123,-0.18984301227961203,0.3118924672258317
0.09829004019180293,-0.5069448875541286,-0.2082350627259522,-1.2098814250212169,-0.1643223971357863,0.0009289714536221075,1.2451915850444744,-0.11145249617600925,-1.127782323267164,-1.073320077614398,0.3958787836704954
1.051173025213157,1.5706022170981944,1.8972385711592044,0.342317660384851,1.8541816369403077,-1.8187120282934564,-1.7063184090819339,-0.9753858348402739,0.7988511762609559,0.5074305855799655,0.5233559715815703
-0.37080019227810734,-0.5293721947200489,0.297247385793864,0.9139075093091726,-0.34699889759556796,-0.12715749759016798,0.41886473739863117,0.05809778016452881,1.2585955988861817,-0.5912029281161231,0.5523719851593459
0.8410879809239568,1.0196840908000842,-0.9704033548040081,-1.415709988385891,-0.9393079193553031,-0.2822857077337816,-0.7710557610204104,-0.8383452768002002,-0.7598451918223051,0.6302033927209009,0.11387486967323879
-0.3251487846008336,-0.8273621892125521,-0.7931027577588361,-1.0383804204336362,-0.6334516091312496,0.15880835220575987,-0.4819307515147043,-0.10883029732926613,-1.0956736989839941,1.49422317217662,0.46221281390941743
0.2820488276969332,-0.12465612934042065,1.0882533879632645,1.4552766614069914,0.9370667114231044,-0.3762108811019849,1.0516184597985716,0.1557676902455586,-0.28308737968642633,-1.0624679575662106,0.554217348673581
1.1111038577854444,0.3564466454037627,-0.6136380344090255,-1.0598743549850387,-0.5629765330657072,1.050879834794112,0.8397552354590837,1.6805666717694108,-1.0870193066749658,-0.3387284605512368,0.0673079351816033
0.491590610803762,0.2261433542125635,-0.8546510657614859,-1.3426179680268588,-0.7088862662229812,-1.0415663085359999,-1.1602319479103116,1.194766809696904,-0.7999179829339859,-1.1470544359146464,0.2772760367831337
-0.7569401783244113,-0.6650746480285642,0.2525467954639601,1.1708730430158751,-0.25049244219663985,0.43223121110491447,0.3961309216556677,1.131738849539104,1.0846989020909799,0.8130739191369031,0.549643948546071
-0.3680114541344965,-0.6706519919315513,-0.3763640675393329,0.5283631795217505,-0.6007566220691472,0.7754261901383872,0.45318128101941646,0.8698246379720036,0.8124754334285536,0.6495408111760368,0.5139645001019335
-0.36111905474128825,-0.5673317956347352,-1.3292360127904914,-1.5027412968794707,-0.9075624910595741,-1.174865772595038,-0.8594442624164915,-0.5047095715234635,-0.25228473764224685,-1.3449724307278712,0.40856052954714384
0.7592868838177776,0.9774662229857133,-0.46535983270308784,-1.2509388075460999,-0.33763513873417156,0.6452301342392442,0.9315871200389781,-0.9587151404322471,-1.003483120194554,1.1484040337949852,0.13569113616933542
0.6038171772924092,0.7014596870380739,-0.5655590765217382,-0.6098907715486456,-0.5673223483749742,-0.5517043362562938,-0.46830742165908273,-1.5354024033681206,-0.7233553675253249,0.7616341730885285,0.14673544714147374
-0.493263250650455,-0.4778825475948397,-0.36489774105511824,-0.9110194656399743,-0.6970047255274201,-0.8582487243292025,-1.3352201492835294,1.5256128735379844,-1.1533176489951338,-1.0942704012923243,0.43186867497046755
0.33831415828063016,1.3919318118447108,1.883891803872492,1.11622944130216,1.4196758306775752,0.2447802476235643,-0.36893443587692054,-0.9572219604273663,1.4836259816553987,0.5344773866161086,0.302431042643142
0.8340564797583757,1.407816842011622,1.2466983722725267,0.6627967107078458,1.458434292667919,-0.8836129880042907,-0.7463131995741967,0.21877297563067527,-0.7838431711161268,1.6735347809667107,0.2914042456105186
0.8292192697287112,0.5291275913645703,0.22758166097205362,-0.27801359360003186,0.4306752563503998,0.007245115105570962,0.05770362581956427,0.43020421409584997,-0.9030200134494167,0.6722672841493901,0.11883919027618016
0.8296307859018193,0.6465081850167627,0.5044274556458541,0.38642904082811114,0.6113445328708015,1.305782391344247,1.1579508328368986,0.7636614008371461,-1.421856422879174,0.23097428308286336,0.11543472924571585
-0.5485409319607214,0.04213983728832072,-0.23935979540496027,-0.027788354833331898,-0.7427557460375103,-0.2575245021083028,-1.1427507018714065,1.6253241710139668,0.6843066671997184,-0.0329008266664686,0.47188179191822316
0.3679911137798099,0.5281924805250057,1.1356315103047834,1.4638901776000688,0.7858493549659559,-0.49763401796535917,-0.6016819385151544,-0.3553636809631328,-1.3168239993886208,0.22732177894712047,0.3187727666450114
-0.04616771123840786,-0.6237936924728529,-0.10264096608397485,0.16843158662297392,-0.49261155584940597,1.1200048470019128,1.4566842497266772,-1.132118616312469,-1.116742571227321,1.1328445943101102,0.5086864502478833
-0.3473111005801504,-0.066694598465758,-0.2104107310104218,-0.713967949320904,-0.2919200363056861,-0.6174489746972793,-0.33389988324055264,-0.41538508369383886,-1.504449193045552,0.028139976790930735,0.40531848471212306
0.7290180462299077,0.7032018963465764,1.3146559290093802,1.0773451025149225,0.931183524361456,0.4114222629603594,0.5648546734342741,0.024566987434139057,-1.6752029664121943,0.9766419184339112,0.27869968823499713
1.2222565630535354,0.03654469567334038,1.7592642838923402,0.7935247737129737,1.9845723215187465,0.6885952314504347,0.5694241455612946,1.4065334925627555,0.805997303027499,-0.13293922076324047,0.2902561020140869
1.2166486076371237,1.2140757975477205,1.0704143494891374,0.08507264781835842,1.6472456224104972,0.608318768538567,1.207875168259407,-0.5345350474205902,-0.5468224722902815,0.5007792746643452,0.483809209148028
-0.13689446866296462,-0.7206484847450545,-0.23693274124744096,-0.05653055059352041,-0.16407367439457884,-0.07745758022809135,0.7192498360322622,-1.4257093607912807,-1.2035945489857909,-0.7574678609095739,0.5012722161602947
1.369240371808919,0.9443042602025129,1.8344705354488589,1.1232419481097602,1.9696162463937539,0.3697947968024839,1.104321826431582,-0.04937187052503228,0.16942789493373447,-0.1208266256347717,0.4449066181703437
-0.18380942320645052,-0.16482931311150456,-0.4047643979892464,-0.267965008150591,-0.5432902301465399,0.61657589979031,1.1394317028065866,-1.7103691726267622,-1.0442617652359254,0.6227531631640355,0.44137859081070263
2.233701586619041,1.442973798879224,0.503569674473692,-0.6204211542752889,1.3630738645140807,-0.46346821905715907,0.4845590844444604,-1.2080684652012668,-0.5775788741251513,0.5519020065147885,0.5182283870242042
-0.499350125275356,-0.6642890321511368,-1.1216869876882114,-0.8180385597540396,-0.8584891258255105,-0.39061668738311933,1.075466695128069,-0.19017180719965077,0.7656163728774596,-1.6498144208271692,0.4947498369749914
0.8646998220534313,1.1169012706284416,0.7741179058922807,0.42737222147565684,0.7820664534642965,-0.06093253297535669,-0.21061898189684378,-0.31776317063649845,1.7237378556386307,0.6985308872690302,0.35039537529153875
1.0066736612068787,1.5113486304149186,-0.5359835501728091,-1.216199536478799,-0.2709697862273747,2.7679661363658776,1.701279668603548,-0.6882337994909841,0.8740320129071739,1.607988195488135,0.24579012650307672
-0.3404697059702744,-0.22222329601219942,0.23074058169686723,0.3472054017890554,-0.33811634452925954,1.3662561509749696,1.5211978398568593,0.8919911197807362,0.025996773479118038,-0.14790780714003904,0.44569996960249436
-0.12592618013384507,-0.8569586075145214,-0.6838873043261251,-1.0172862037835777,-0.42417008819533336,-1.2006862132560139,0.6350086295200148,-1.5357159064303143,-1.3576052405182908,-1.6747293175133013,0.4230734871030904
1.2847135812148713,1.1377581663109333,0.2795848045506094,-0.7756535223038602,0.5056070453532893,-0.46292267138898224,-0.7873229477142535,1.631967708830607,1.2749378194664511,-1.5822054330130795,0.3087896484968724
0.7878812453992536,1.0457389748529002,0.9627333926356089,0.1675007809162603,0.9466370951314601,0.02498457307836493,0.3243031827088698,-0.38671958029806747,-1.3531140240444703,-0.6403698997756265,0.4340574293534525
1.6188155551233019,0.7672166962794855,1.2569740063138568,0.6227696894052739,1.5630025061889647,-0.5315782894788071,0.8328212205539326,0.2841816601219417,0.019962685168238903,-1.4561892397377232,0.4699276615563109
0.6865808134327912,0.9994600151280087,-0.34207629840308956,-0.3988425728195461,-0.5547271926521032,-1.289408232979754,-1.2783652794884373,-1.5336504591316835,0.8247207272805472,1.5914194455737032,0.3949010573229748
-1.3374480268218643,-1.6737464424963933,-1.1256598110094131,-0.9895358694243755,-0.8999599382033149,-0.7756945973199081,-1.387294342686399,0.1508364419235843,-1.4230198594286765,-1.3977090716221932,0.2813375951999406
-1.929626079099831,-1.668285972004597,-0.5294129259125999,0.34083720831006603,-0.9272250292439166,1.7643901139334983,1.2952147513948422,-0.20898201025286425,1.1874780320527474,1.473542935552872,0.3248658241989699
-1.669915226403175,-1.3245527879044918,-0.3612009662963742,1.6127108022670582,-0.9180008141893794,0.07008028805680451,0.17819207696542694,-0.488051917213355,0.47780822967271885,0.12975448935615286,0.4191847572169596
0.5778835471858542,0.9146918421258949,-0.3103720447808075,-0.42960560472893844,-0.18033225796774088,-1.2923908732002156,-1.671260415726704,-1.5137762667200882,1.0014970773996787,-1.2035377563841823,0.25139861164934246
-0.39811469837812774,-1.3343187270473742,-1.0354299936742781,-0.9434004837486398,-0.9237659140509872,-0.22382715673236134,0.28317690927443795,1.5224933504071303,1.5584592087750015,-1.3893293906042221,0.37691603942361
-1.104981109577641,-0.916328933961268,-0.12600603993243945,0.4389616378587839,-0.5120305912401365,-1.5260956919657351,-1.2425370164016893,0.652419650147787,-0.8751488219092735,-1.1965076319160448,0.4355734936576247
1.8153707981713514,1.3132952257292547,-0.07419537038337004,-0.466338172365617,0.5688221992849563,1.2472754328762377,1.6570733611424862,0.6368174027708715,-0.32226846544371124,-0.6480647892227145,0.5346760134365826
-0.5104391294749677,-0.7820011187794348,-0.9297961397973613,-1.21202474770645,-0.6075236954275827,-0.8104958964141631,-1.396359870813308,-1.47844451923541,-1.5244456309559038,0.18366617088603565,0.4389527421790108
-0.2182851910236392,-0.2394067362478538,-0.051562594558345054,0.14870147316173554,-0.21628485183853968,-1.3727401625038134,-1.5063214028373335,1.2433157934403543,1.0816409245665242,-0.9961881317815527,0.502877109162208
-1.1323661572435793,-1.3162243163258616,-0.7395920592339065,0.178467475560276,-0.7877592678184473,1.4341530828649607,-0.026923534563979237,0.8632408011235914,-0.14088906566991127,1.5739789122053942,0.3803330301606398
0.14275263124343518,0.07861653346517539,0.5188660768332551,1.1038713636466526,-0.04675664645680136,-0.5131844119115166,-0.8849452638476304,-1.0452810480289727,1.7154063822811294,0.28676423510693455,0.43588853924048565
1.5587407292912272,1.1042253051200117,1.7151276719682935,0.8985550778060847,2.1061160123662956,-0.6424479404936411,-1.438814081572715,-0.3805973011721706,1.4745920197332976,0.42157998443840167,0.5223481477848623
-0.3597106553177266,-0.47470535223046795,-1.2413316090314,-0.9063786841976346,-1.014324780622214,-0.591653247225573,-1.0667349337341407,1.244286180442755,0.8852733246221651,-0.25255463156871694,0.5052848728876637
-0.7457308985283008,-0.45748878290009737,-0.8889872726307314,-0.9048511463852446,-0.6447150803071863,1.2804941713386337,0.5524351938069929,0.9551138772430285,-0.6956012327897795,0.5351360506062849,0.5290299873148918
0.11735181173148,0.8844023375556922,0.26376018689708014,-0.723836871832602,0.40895883831732693,-1.0087247638886034,-1.6358109628644648,-1.4028648049170982,0.8732824053933712,-1.1903382522040602,0.16230706046963472
1.2322749285281032,1.6006444520282077,-1.8829618173459233,-1.4552297809886687,-0.9558986216107499,0.9909933815952332,1.4339923551494378,-0.9592852936201586,0.9490980355031879,1.114172697888377,0.15440253984977242
0.613494276336435,1.093443678960095,1.5981027429573462,1.1666231531102345,1.585777926953745,-1.344358662041789,-1.6442011678834794,-0.3775766576586809,-1.5114081887053683,0.264084674085757,0.14914047350438395
-1.0042925977860555,-0.5476513395287744,-0.274892615397119,0.4256064303394967,-0.5525035772922939,0.059722585329473825,-0.04174036908533589,0.9901395043703511,0.6947059565298311,-1.4733820253026584,0.4731315034421692
-0.6720442689312907,-1.3692513955049737,-0.41342082849338885,-0.3620576183310884,-0.4262473216336987,-1.2053308776773681,-1.4916533165529364,0.7785680437270052,-0.8182998526407932,1.2654743666402142,0.37216519751428284
-0.5661862692333952,-1.4889263839384381,-0.9902086189850552,-0.7927636140584526,-0.6861096982587259,-0.9450310131087989,-1.1238855395240366,0.23414156545133852,-0.8876066531188729,-1.1203019306658497,0.36107635685049594
0.7813689814162376,0.4212422013399092,0.8741843358919698,0.6841526871086949,0.8859175091234869,0.1610272848583091,0.19753100654492892,1.4487003234334135,-1.3928977774095594,-1.4561604459558124,0.25182408059583666
-0.11489810624749908,0.45760380358497915,-0.7218517888775555,-1.1646496503011738,-0.6508434799030952,1.2161587991756981,0.7061225124853083,-0.6416009379130445,-1.486969937888954,1.5364374511908443,0.3697595303988647
0.7512048771023043,0.051515507898661765,-0.9157317361112651,-1.45265089176321,-0.8601336501160116,-0.879198722335389,-0.7001106888469217,-1.431504793385039,0.9353258581557181,0.5538865808221768,0.07303301275974337
-0.5441581211438951,-0.20052701991727134,-0.45721557237806887,0.5732437468980925,-0.6286662606480191,0.5901355272041194,0.5915811813414509,1.3198905683742608,-1.598715174419507,-0.42715544508708636,0.5157350493776484
-0.0032308473190137132,-0.038088958422485004,0.7597833912341679,0.9310237479931577,0.11430730745926351,-1.0711255473257295,-0.04590160458386401,-0.4681504388490204,-1.216911084081995,-1.0068158615915763,0.5296799562059314
1.1070853615594733,0.9322361857842546,0.15654293996184185,-0.11818687728692161,0.6518689920634879,-0.9355382523081377,-0.33117201330378165,-0.4102409906753144,-0.5753260392155172,-1.6441926474506194,0.3576779427893349
1.1591312479022386,0.582828024325856,1.3172773029299387,0.6453753781815896,1.1119475808481616,-0.5808910425139435,-0.3040387648962636,-1.648038669843293,1.6313279918455732,0.3717324025830424,0.17924663859148718
-0.9527358894230397,-0.7637205470953039,-0.8594057643010177,-0.9773304527399814,-0.6609006531657416,-1.3485463380341416,-1.710445424013367,-1.1077150502553512,-1.1677184908201537,-1.659181889914045,0.43841457740736905
0.5835120323224491,0.15658047811373732,-0.3975830163885409,-0.8235340136333146,-0.45451604218104963,-0.027331997064237196,0.20851504029256945,0.1776473310071241,-0.7073967064962557,0.14894580446891378,0.13539498463371083
-0.9663798606795961,-1.0598704294129466,-1.1504200027465323,-0.9913852839732902,-1.5185792839163932,1.2429540327141824,1.5949290329719232,-1.0990977907376767,1.369357270676864,1.0229323298661601,0.34753979668612606
-0.6465646413972296,-1.0305629605993702,-0.6579316494937345,-0.9264216624813961,-0.4563616809206778,0.31071520174410516,-0.4361993484428889,1.3736396257271348,-0.8022856218325726,-0.9628415593176127,0.3912649051056209
-0.4142667956183047,-0.6809312541633449,-0.47366641655621605,0.5697341691296659,-0.5566448372618217,-0.5683410912530399,-1.1228683920013134,0.9439828849428915,0.03361128470977538,-1.4087100180719991,0.5085230397616214
1.3796052643369776,1.7008613540271627,0.3039314492625005,-0.5410585217916831,0.5640300286503162,0.35627766687254087,0.7700591940947201,-1.0277710095337746,0.015364582787092504,0.40281610519726574,0.43971689733510355
1.5672989717849997,1.2940256631919849,-0.3778046681972805,-0.8322752470003562,0.07349142626917926,1.7052427476287386,1.2471488263364678,0.44212658652987885,0.31430376047796676,0.5292800445122755,0.3752043981797241
0.9020891013573937,0.5908646699515715,-0.5882359364486692,-0.4604548619696183,-0.7534063456831221,-0.8466717549187651,-0.6300739105584574,-0.30179007723382495,0.41548416694280565,-1.0807631928210082,0.12892631692534662
0.4212807263679783,1.169350783021499,-0.5738817771552925,-0.7276945456129912,-0.43179147634390164,-1.0432509495545168,-1.2750532364128218,-0.9522974792575165,0.8566778435275711,-1.0912057789575555,0.13517597918771615
-0.5692467857502034,-0.9179484085178999,-0.7411124512327646,-1.4133930219171686,-0.520269748410455,-1.235444356367127,-1.1356526638922178,-1.1350539316163526,0.4936443274178181,-1.2536068173890735,0.43240874223440223
1.0355892266456608,1.2857607881795303,0.6027177071579545,0.2175935808307306,0.8064935624326662,-0.4258892999330969,-0.2595083656636293,-1.0885260548892628,0.31423849828901596,0.07916626298755086,0.3077578988055106
0.05805178074498969,0.306812724231966,1.7071932629479027,1.6634255838220304,1.0604505387023968,-0.1958418727401983,0.024106260614928876,-0.5256805416132109,1.5482850039815355,1.6045138468402336,0.5283524566570962
0.3063272595050986,0.18581192405611316,0.5100849476453253,-0.2630926230867672,0.19035074500645616,-0.008272454635511892,-0.6861184475200894,-1.358202940798542,-0.0679580986639042,0.6623926376378952,0.3455417470925994
2.056874893805184,1.421380967205935,0.5793448809924986,-0.22522161675327101,1.4508645455754998,0.8163728423371543,1.1173721748778391,-0.5399068635863404,-0.29184924552329583,0.36917530690817646,0.5467032273599763
0.13344182776564886,0.650522412719044,0.6368679056737234,0.9417306033859385,0.29162148913205144,0.306111430073448,-0.19859228979058097,0.4616240118132191,1.5408741158968942,1.6570748931150092,0.25743084042822645
-0.34039166109744257,-0.10342439645293768,0.22153790214383784,0.9351958972492603,-0.27407806177296434,-0.4125508843140488,-0.30080366061316266,0.7417779643413454,-0.28938325164041395,0.049402948451079336,0.3792373025320494
-0.6947248696214487,-0.45834613503570565,0.16082718701659263,0.47588022867239294,-0.2850278298074495,0.1287398669472578,0.7179875251117406,0.5120678839805354,1.0310302664041915,-1.00937690298599,0.5196791514820802
0.7612237884301345,0.5553798105270848,-0.7762547796398802,-0.8677374338762023,-0.853590647133201,-0.3022851336534874,-0.27256872110107366,-1.0491849417026893,-0.4499318536606161,0.14553086938793763,0.40241075365650847
-0.33559593298745666,-0.989337394863038,-0.5851726838580316,-0.03562708985790336,-0.7414974086740893,1.902451456242435,1.2616910591691801,0.21259396986070977,0.5537698093329364,1.0741412334210079,0.44656598860068025
-1.1379332798925759,-1.6556103883163167,-1.1563447425216453,0.2928468408790821,-0.600963000659013,0.419639643860991,0.9207739788533919,1.0586594963706708,-1.1244872055166724,0.39980881585769446,0.39851503906333247
-0.2894406426757523,-0.8830956143394911,-0.5516521793392017,-0.431702452761113,-0.7342091391082245,-1.7504191411653491,-1.499347330968936,1.096208990865968,-0.875097224763065,-1.046732002562446,0.4684238373002542
1.3195181020576323,1.5785951031340366,1.9746239550740503,0.8448144347225855,2.2743094463903186,0.9939898817702152,-0.24253890226221556,1.1690383522356442,1.533969476323001,1.0274748136105216,0.7401844056715337
1.3093991271738477,1.3978502695980888,2.3003363108139925,1.2691288835571,2.8383637319952064,-0.08709045153229963,1.4600543099902956,-0.9165424385030049,0.7919399259483614,-1.0014779121301667,0.6017876558193664
-0.12266642599978436,0.09307681476941443,-0.23459656450483934,-0.8467434333880434,-0.5081585127726356,-0.1654105105840304,-0.28993268080515827,1.120971879382723,-0.8880692716596252,0.10083917078252327,0.4631872687426218
-0.47250570916187196,-0.47655597534746863,-0.15516180109031955,-0.6713173396071676,-0.2394586826047896,0.6853965648910992,1.254505285882845,-0.540574642507989,-0.8907376930099686,0.9529261734340055,0.5068592525204356
-0.2656982586541291,-0.10336929976345924,0.523229091852571,0.7181892304484097,0.19247655450655465,-0.26081765118113837,-1.1157215892077723,0.14263799529550308,1.037273933464151,0.8954017770201759,0.5668333251808911
1.60204751989729,1.101617865773018,-1.1190906049972196,-1.184883052573009,-0.9753516399838044,0.6342158109749853,1.1749916199698471,0.019902407246529696,0.1263226460001696,-1.4988133717464736,0.365461995037888
-1.517745326171033,-0.9666967412219302,0.002881761935955088,0.9105487021239488,-0.5970389204737822,1.073899694182263,1.0922947280853919,-0.049697585793507235,-0.48538291576664755,0.048369359687700265,0.4402962779599565
-0.6180582019290167,-1.1426609895138387,-0.1663977986911344,1.7536775435636496,-0.2829249249185023,-0.3630046622109925,0.2682572561934108,-0.9942488413444165,-1.0397079103056577,1.3121688585611995,0.5791021172831387
-0.5759161616272535,-1.147641770299523,-0.5207870936863637,0.3721077855948593,-0.7082570994295535,0.4788552757478376,0.8032644160491564,-1.7047583655274605,0.03561650236380828,1.545240939843965,0.4787306399446037
0.019532293519087654,0.5754835207332719,1.2647100377936187,0.7797872639160817,0.7224993174642476,0.7949167363106933,0.050241545944940624,1.4830138752085145,-1.2520842647180348,0.7270569905271331,0.3799003146958174
-2.0163215164462622,-1.2033870145231027,-0.2902044339850389,0.12606585623813366,-0.6500219763002559,1.6615878204406005,1.0097671018007783,1.4637381583838367,-0.8389849272435015,0.6007857719612035,0.3584916923734323
0.8156561828109059,0.6275623711820633,0.503874589738537,0.2019498029556585,0.37215804863269153,-0.8316424762870724,-0.8612552289167639,1.373354214982776,1.3396121481521555,-1.6870315268243856,0.16812227184874756
-1.5081943364554247,-1.504037764986352,-0.9667327625474142,0.30500582503509766,-0.6199053818255713,0.17853952250590016,0.32832080894362664,-0.682924203600044,-0.07799580273363044,1.0555546240006524,0.38232106693275253
0.25270816642586535,0.8072841796220118,-1.567239017564653,-1.4603232494249148,-1.3021306115337203,-0.4773620396759702,-0.8937403256622233,-0.8254482548846339,-0.30681061734926834,1.4174957622899176,0.33481429751446057
0.7234984104057343,0.8803635665787878,0.25967537019504217,0.06281399301508217,0.20882916448618177,0.42988437051433487,0.6596397340604494,1.6975530301301223,1.460832857154046,-1.2459247919745824,0.19886645120416457
1.690622153531216,1.0963363642652115,0.7376320641767005,0.9846887421955244,1.754424089629303,0.659733853883174,1.353375176378204,-0.034396704263659234,0.08745322679774917,-0.02581070244009734,0.5810299711170855
0.43072365758428177,-0.5185047587721953,-1.2718596088775471,-0.7511457541323181,-1.2090853364617027,-0.31615022278861155,-0.40721275330424234,0.954124702626738,1.001931428933763,-0.8142560081236553,0.4353218222359566
0.0023114247347080646,-0.5126578704257002,-0.5734171167499773,-0.939700439714041,-0.49511332590277063,0.1452423987178048,1.1552968777643768,-0.6838018573494414,-1.1162236787122581,-1.4899481973207716,0.4339231257941923
-0.26378995933843563,-0.9310782197018413,-0.7452877604752135,0.4457004137341941,-0.5963127016493379,-0.48208912658998126,-0.23908086143997573,0.01805747456590015,-0.33058225020706183,-0.8172357719562616,0.5375003182070643
-0.8069515538188595,-1.7014895463535005,-1.5487350255897712,0.7051388957456255,-1.04651401304445,-0.014229699225282777,-1.0742753450822895,0.9359250499055001,0.5063401554945185,-0.8407395052788,0.46813620351049107
0.4856786388953289,0.5457791930901318,-0.44224988413394384,-1.1499359425796467,-0.4453717080457865,-0.3736520910483552,-1.0704546370907504,1.5055971243771662,0.236068722102264,-1.574845139663886,0.14161113326705033
-0.2529472809517611,-0.5311916480584415,-1.2313433595765484,-1.1692378497715221,-1.2494581057140495,-1.3554011373812695,-1.520139158746587,-0.3629182674279675,-1.3078839479753264,-1.3907071682027796,0.44576133327962053
1.0706961404447948,1.1161374231187617,2.879931998959211,1.750896473382242,3.162572438918267,-0.05506148722662412,-0.13594441021286227,0.7424854024821249,-1.3214848565871415,0.23192614905699796,0.3665571604817122
0.046443725900356,0.8323394467633295,1.6433247395670458,0.8048669936321884,0.9201991099835126,1.228917583572011,1.0734252483532005,1.6568820126107386,0.94416226720586,-0.36895063866046973,0.3765360832583509
-0.9809223060740954,-1.4926403068233545,-1.1431213008605832,0.7324973934226344,-0.7020446058773411,-0.45467272941320086,0.4347127050599218,-1.498785838533501,-0.794595458854812,-0.03139291527647304,0.4318255352378884
-2.049311373731201,-1.3552259555404031,-0.8521244567848547,0.4577510198762495,-0.7986677290990329,-0.3856432291367009,-1.12186838228434,-1.071444230116669,-0.008107494416580575,-0.6779658245754528,0.38294809732511886
0.3905888629984818,0.2141878809102779,1.655556119750033,1.67692970312258,1.1350787887763183,1.9293818058725347,1.0824857122963312,1.143590144777888,0.8810850535734156,0.34796150364598893,0.48029656824889727
1.3693253312472697,1.4069657604751444,0.07192810347803381,-0.44594128966784885,0.4984518038739734,-1.1686287562158433,-1.6587517409594819,0.7574531722117809,-0.3636916738813397,-1.4508094670745915,0.4099879641675506
0.31383506512156656,1.2764231134970843,-1.0481576872531813,-1.3057235988922737,-0.7446054441500025,-0.6626031856075381,-1.0401333669193977,-0.5946471831626943,0.9692728061522814,-0.4806067799394629,0.060584145805018086
-0.6412673185067322,-1.2487365842627016,-0.2156506771103367,-0.3159427362765677,-0.48081718622842584,1.0939597389392905,0.09236282307915239,1.189696793858177,-0.9667950861923177,1.0049968898906998,0.36931606277851303
0.799459754488204,1.5327434101061246,2.451615191807253,1.6988464700321482,2.125439100897082,2.3982972319591984,1.3062211543464266,1.2980785093146163,0.18797329320978778,0.9689906501518117,0.4798372210661823
0.27399493714595013,1.0791655092326211,1.8765884095645764,1.3880987123821742,1.3026241084436845,-0.52926263556509,0.9667751904374333,0.8431711575694554,0.9680993117011507,-1.6243561246114775,0.3026296945073304
-0.8853258448216249,-0.9397407902955406,-0.3774802037539519,-0.6819060858904931,-0.26275845870093695,-0.8468426433764434,-1.4010090479782815,-0.4061520897811551,0.827133212293851,-1.038663938092172,0.4660566673050706
-1.5069106749769807,-1.3004138920344563,-1.0051623161727659,-0.5028560410478666,-0.622535690800392,-1.184034280818051,-1.518766700692044,-0.4893176562015116,1.4579659956301654,0.2697845810934452,0.3646853282299264
0.29428926005224004,-0.5930861542856591,-0.012809137283359029,0.28768818102438876,0.019049475816381223,-0.9033777368503713,-1.121414530481675,-0.6534749259535823,0.8320938496885857,0.8322321606293152,0.5070903919950993
-0.30624337844925276,-0.551854056668033,0.2284742707341758,0.7194124512026983,-0.3065204496527796,1.6819879826431523,0.7009503167731892,1.0910206812321663,1.214065829650695,1.4841810428739335,0.5191930477860628
-1.8368725092129203,-1.1426608614172067,-0.7873879338169154,0.6836963977441116,-0.6852997272230652,-0.5907915542937316,-0.8885692029437108,0.375773833015478,-0.4362052270800996,0.1648615482176558,0.39238870768623757
-0.2461194309044706,-0.14545491658527412,-0.7716603055940073,-1.20859867934206,-0.6836061992287708,-1.2442007972331366,-1.6409318502484616,-0.1686929237098152,-0.0714089987183043,0.8502412847676302,0.4747670770971042
0.28148747657935924,1.636166493653932,-0.24257097247199472,-1.457093046597671,-0.11363101109840831,-0.11450306240933199,-0.6628002126273238,0.7769185229621304,-0.7494666266490219,0.27510331392784537,0.3132713210441603
0.5220188247440126,0.8366788120135612,-0.8857495357937318,-1.144668495273293,-0.622440033813517,1.5616129549537434,1.2515976913572262,-0.17391503877800635,-0.07102404725465927,1.4440127516613737,0.13197971684277662
2.244423338866321,1.5797207887337585,2.028967876215776,0.6807209026802485,3.365457397985632,-0.004186799934635199,0.3547120516464005,-0.5374620880513129,-0.7468120261434569,0.2332438793466584,0.9073945822407328
0.6123042715008262,0.7241744682534189,1.9749729137333871,1.3305407128613314,1.6440518885848368,1.8103984330035938,1.0604219563481516,1.5339671404009636,-0.2911000128168937,0.18303534465103694,0.2544835136350252
0.32285366528599035,0.6592600174118594,0.22907233244112524,-0.8819640202466561,-0.1509768167324938,-0.7721291180788281,-1.530060811360944,1.21566188564858,1.5231677547144633,-1.2132749400555738,0.15638921691073362
1.3872345420099619,0.2916522417504902,0.0035633343387026367,-0.2789982814972276,0.36608179254664663,1.4817880832255406,1.660004378714003,0.3784986089823084,-0.4723077180685438,0.3115882578720379,0.06681998278144796
-0.038384641865930484,0.6041926252703255,1.5275185193277547,1.6411426840342227,0.6718784944304264,0.16798301728446208,1.2189261897125925,-1.609398651087632,-0.6746811028757762,-0.4567654554638012,0.46619469472438063
1.2244391224727917,1.599933770302035,1.9679726165021934,0.8730550846216731,2.208703141325836,1.011336111003967,0.6549105522085021,-1.080034040656208,1.2560130899056823,0.9370492222994973,0.539596250287342
-0.5466831788520633,0.043311007675389195,-0.16862844600905072,-0.4128453707208884,-0.6878869636564374,-0.34414394940850335,-0.8268155159827131,-1.2029280396890045,1.4978476996611843,1.3500963848248644,0.5114334299564155
-0.7301456002683493,0.2568597224753538,-0.2803952094517466,-0.1647706698211722,-0.47210027143035527,-1.9192662241961425,-1.4920267753670096,-0.5619835570048113,-0.7054156019795381,1.0326215022049516,0.3749498364522515
-0.923496438639445,-1.1619281408544095,-0.9868430300305459,-0.5087882892375718,-0.7960985016952931,0.7801994422386347,0.10654574821715238,1.181056486404643,-1.699896510421525,1.650873278213001,0.41831747852480544
1.6084030370263525,1.0133834905595247,2.17256826860381,1.3708121836378917,3.3690199814784045,-0.40446387128583106,0.994195196988529,-1.214100003366126,1.0393894363383605,0.16002538005707856,0.5358628189874385
0.7883150092815149,0.988178499759841,-0.8776098295835453,-1.1595662443964807,-0.6463593883110711,-0.8830146772543275,-1.412970560683881,0.34019276375991975,1.527157889301014,-0.7918832389066499,0.16366925238020397
-0.9310132268708735,-0.2425320216392609,-0.3622848228571244,-0.5163073849800253,-0.8199699725317968,1.0012818059141746,0.3749715527003767,-0.340596934189891,-0.5915776791123044,1.4718599799513024,0.48625130787302867
0.3211073882805573,1.0239636497586475,2.0018127241681904,1.2916069391950917,1.636109437459591,-0.2765491278645698,-1.1250452739174468,1.3613963829726319,0.38045881787143077,1.2105767361730713,0.36533636372084977
1.0883086589894857,0.5758066304575293,-0.14243198287153966,-1.5741186451669018,-0.5506291152468288,0.8232440298596932,1.613200901938861,-0.9932173811647229,-0.2977815309467888,1.2665596459444688,0.0
-2.1707733593799827,-1.3161919232157888,-0.8631926904265405,-0.6461664999280331,-0.8559073669675928,0.4460236596229634,-0.30185597519532936,0.7139051904696183,-1.0796513327873232,0.6882048651934942,0.3331543886695804
-0.4556990533125943,0.10810055557267505,0.3099067485417219,0.041759569998829224,-0.00023437163637483882,1.9316058481626095,1.4193535794411316,0.7504770976778607,0.01076770210914775,0.6932070375751392,0.4266559337196159
-0.525066835531165,-0.09577091501632108,-0.1418148722456881,0.4092142053097377,-0.09796788316399505,-0.5816219313844004,-0.20723136109626544,-0.7973669455507926,0.8089424338581661,-1.6042956458751492,0.569127051126916
0.9878953355110505,1.5044208384578068,0.9354090446693422,0.1574918457587808,0.7734850806765274,0.9159504291931886,0.7842987740189487,-1.359276402884787,-0.052152686849976516,1.3526056306631578,0.3874841442565062
-0.5694660631132231,-0.8773064626333265,-0.8898079265775946,-0.5868015550981469,-0.8415160765616754,-0.5649055874785481,-0.26453860013189867,-0.917261648404581,0.5179649703835739,-0.3738539712239875,0.4419816336728688
0.6341037329918396,0.2837513551601884,0.010885474462813738,-0.4270626145474149,0.08771658609194721,0.29191969207952373,0.6829960539980195,1.6451046673145164,0.4600250867036598,-0.847848094855995,0.25416839267323565
-1.5949281120094756,-1.3597962336139953,-1.2818635291363751,-1.385320562673929,-0.9100271519616077,-0.8356998866295832,-1.0726090924892517,0.7327371882784411,-0.5869057197261044,0.34997253275668694,0.2620919205764694
-1.4452164519963377,-1.4660852279043417,-1.028400855634549,1.2328322892876034,-1.392933521417573,-0.3645570799707496,0.39709058074777487,-0.02685244355218367,-0.7053662126083486,-1.3880673884887524,0.4450171454876469
0.17092869509050324,-1.0060763644255495,-0.3765684473104656,-0.2683155069716874,-0.3269660340262986,-1.315381345031782,-1.3349919722414547,-0.9610657156814827,-0.41464023062975125,0.9658832787514733,0.545561942619089
-0.7713744537131533,-0.7690910840090458,-0.4801318043501028,0.04256123064155297,-0.39624678209977754,0.19196688519096816,-0.05571019848916525,0.6597015027553502,-1.0612677477212535,0.39349010356041636,0.44854565322564105
1.4396741965438202,1.3866169556899546,2.9979950963878363,1.3499010581579858,3.7079964997737047,0.8280839165079787,0.6516294295304985,0.5812101997892815,-0.7558479966143493,-0.24602668323550414,0.854774553892163
-0.8300605143866465,-1.2375991106356095,-0.3579385095954793,1.5517600138400482,-0.6430379178725253,-0.3782112939390705,-0.34983065264147734,0.5126630941055751,0.32196300474602446,-0.2905139787800497,0.4693534685070675
0.1007899885633507,0.5760484010447423,0.1402119881455165,0.08353765915704207,-0.2514489538873803,0.07536117485200244,-0.42157380813113887,-1.1995445964606748,-0.5839091081562552,0.4184799391488495,0.2926952120949653
-0.9457147261023686,-1.0262980968777906,0.4766646369270267,0.9829301307914378,-0.3501475609092574,-0.3092167200188502,-0.27302787859388744,0.7038115010725741,-1.033554470345665,0.5392809249716619,0.4428583761249402
-0.8251285717683285,-1.050250492343504,-0.5617644776050612,1.241210070581872,-0.6631525150644295,-0.7859682002513598,-1.0476300050580951,0.6875708254263063,-0.018188522383445392,-1.455198430230287,0.5134870422998624
0.8967404411847814,1.4337025271274635,1.0828432045298895,-0.1342961710514137,0.9573754355499754,0.15615058145312374,-0.503593514045464,0.8987504277538048,-0.4527220182778791,1.2271793252986989,0.27932657982127257
-1.9265765871927032,-1.4079800294767781,-0.5898245387588241,-1.6558358623109397,-0.6623947041785858,0.23225945141422397,-0.29880213734946626,1.0248831778648444,1.6961132250225779,0.42445128516203584,0.17533272050748797
-0.032943039483624016,-0.2087157532492596,-0.1475097961649383,0.17384332493150462,-0.365762661507098,0.561153945095463,1.4431985135383885,0.31979207403097953,1.116622891528944,-0.6780156198255962,0.4523338354853969
-0.5187768029047707,0.3880563613567077,0.5433457605658093,0.7746370175435959,0.35148104084568527,1.1173415869353314,1.01231289578576,-0.07107011639405353,1.4621361079094883,-0.40014568653044524,0.4778744032005876
1.375978116903817,0.878852010242828,-0.15202319337496714,-1.128316104429642,-0.038444488592241144,-0.8712906459849172,-0.3580185801278238,-0.8352321793340097,1.7055830539937182,0.21980744558619494,0.28377218575546054
1.0020514319940603,1.478510640266346,-1.099392105828081,-1.5648770021048182,-0.9223865508019893,-1.305974269669791,-1.3384322429436464,-0.825139607383185,1.1936472256314439,-0.1773172266934121,0.13821134950024883
-1.7544705601147426,-1.3210568919565566,0.034746554088227,0.7424687211879165,-0.6868412776069892,0.5407019343670396,1.3367774551822436,0.6851675828249739,-0.2991936444485623,-0.39169415635553345,0.358400141472093
-1.1184490750015286,-1.523978912396022,-0.5108705123412455,-0.305613543715102,-0.4928287333866936,-0.9436745935315624,-0.6479356104273484,0.6059925036744015,-1.3979848535367978,-1.5495238922047203,0.33712723408695866
1.1790163545744272,0.8143368441820706,0.8690179869920083,0.6593678325362812,1.6030023891018375,0.4343765009893429,0.5702239156748994,-0.06460240024690025,-1.6236134220705736,0.32414913468075324,0.5167015635080977
1.7047788784295554,1.356575171391377,0.531380020884533,-0.7182075357157132,1.0181223758998776,-0.6982699069258579,-0.7054950880672798,-1.6437961564488177,-0.6086549476775822,0.4783904656844247,0.43040203003338284
-1.887985965136614,-1.3765029993583764,-1.4426409278938574,-1.3260479243591656,-0.8579570800247789,-0.8666733570183053,-0.6866258269475509,1.051452956346301,-1.047542470383547,0.5506454306070572,0.3253884908535006
0.24196314105151448,-0.15467030176471908,-0.36074570777250364,-1.460277160101242,-0.3935709714774848,-1.2144387361867746,-0.2690149276874392,-0.6023963986514631,1.7033716462590631,-0.1595024867757282,0.2998030025904379
-0.507530553809792,-0.18253684057905029,-1.2923635900563275,-1.4348925381944675,-0.7861412854411436,1.3206273157373396,0.9307368879374415,-0.8015421595639791,-0.9001473961869227,1.6616969988012664,0.4775936556538018
-2.285659074783325,-1.709686279296875,-2.0042426586151123,-1.6651674509048462,-0.32287729947524885,3.8765451908111572,1.7480708360671997,1.7005606889724731,1.1961169765145623,1.7210925817489624,0.0
-0.2922712491925859,0.25789658311674524,1.749363221458663,1.0269096234754038,0.43166729917347196,-0.7966192585632823,-0.21667745691961532,-1.1372356595472435,1.5247559273794862,-1.1501754101241062,0.48411304414437323
0.8694629279376394,0.6836795548965867,0.5367354508341179,0.08433946975395111,0.2840880520662449,-1.2929023608233872,-1.557413979143211,0.024761026223818566,-1.3479464344825147,0.2138135231545943,0.2461469599961211
-0.5829722742055786,-0.3726826006094125,-1.0037518020545488,-1.6079663618342677,-0.8274559393048718,0.9106253536449088,1.083842592386628,0.9054853806085611,-0.5114753502745824,-0.5519457510883682,0.49455926180297743
-0.37617533177463847,-0.9930372530584252,-0.4033259976189193,-0.4890286028115581,-0.3469433372735134,-0.950699840225858,-1.0555784739137208,0.0035051986839335636,-1.3475040069339101,1.4570024088751816,0.4481633229741807
1.0927606236916443,0.7083082480984408,0.8042006139487081,0.5158789622311387,0.9189873542765454,1.512959028655789,0.9557827395227595,-0.8753704977004864,-0.7214661657822584,0.7220938690833142,0.2975678482711165
-0.08303898069954387,0.20913788858533658,-1.0221901763601522,-1.0916643451653663,-1.206910318189166,-1.1899089917262338,-1.4588195234206442,0.26993651191919366,-1.3059899265941495,-0.5281871397781349,0.36237396035966
-1.4911373033332556,-1.131690858371764,-0.5785123594100469,-1.06453244253893,-0.7550104263169175,0.6627945354930116,0.8836049000674744,-0.8994490542164801,0.7867717496493647,-0.021794619559482108,0.3161842852694732
0.557473975293517,0.9819548832994528,1.6491253949017217,0.7983977337982275,1.3406059286031318,1.9697153678271309,1.0388013536665908,1.256300529923599,0.8209652532654002,1.1059108591421816,0.31487230221457596
-0.1417670541051626,0.023778855030678357,0.8790797786603108,1.5510887763610777,0.3096190456879726,-0.6447136555878599,-0.9166178386865522,-0.7895053588355527,1.6065315576198846,1.5602516608908832,0.5781752388450212
-0.3358780448638746,-0.5789349935076523,-0.19790005458048548,-0.2308397597297258,-0.3691716883209291,1.3167652453427052,0.31131484642456597,1.059220622889231,0.252261425735988,1.623485275373722,0.4494187265429684
-1.3931827062454403,-1.6171748161579356,-1.1081251328282606,1.529251314667833,-0.8263153848181023,-0.362231284107762,-0.9029152228055802,-0.4900955388435159,0.008467936205250354,1.7029411782622752,0.47264101810782233
1.4413560168336215,1.4534209326533543,-0.6626040254986673,-0.9676573103298834,-0.6339490053298922,1.940357255374378,1.2035360007489915,-0.19115461646455947,0.1414705301887863,1.5653337565632057,0.40428889867105877
0.46932117750290225,0.9890491351895419,0.5262487332520057,0.6736483021476851,0.7749901771234181,-1.1735042351029406,-1.6613170300855513,1.0597148067522135,0.9967197913149405,-1.3674400991482902,0.21782971777707655
-1.2466236475082613,-0.9842309889976151,-0.2197995343516255,1.3699034273148514,-0.5998554668909096,0.08641839857803583,-0.215670705905966,1.4166458983637369,1.4111448865439007,-1.3028094023511274,0.49048901252500454
-0.20214878236756537,-0.21308481390991835,-1.2210021342359916,-1.6493605567968448,-1.0457755426730364,-0.05887999105520442,-0.13724507286369841,0.02644679073353816,0.21569178232750266,0.3863657324791358,0.48791192230463865
0.3529375772025527,0.7967032054195855,-0.12643729956532654,-0.6109864031941102,-0.10423756808307276,1.0292647751734947,0.7367221902123163,1.038596517366936,-0.06800880671699427,0.19679444259323475,0.1814202786621608
0.6050060994665046,0.6230061522816109,-0.42088118110558514,-1.4693564188585162,-0.5491901629703908,-0.35570956215333743,-1.4443176773943913,1.665326517917343,-0.7880472506221881,-0.8554496886691771,0.05090879381332888
-0.3216527147857584,-0.4246040634425169,-0.5772368518809926,-0.710865289766819,-0.45191974181778727,0.08534927491177662,0.09567499900714223,0.6861194571183653,-0.6855444519611487,0.006178364264276787,0.5061416054002386
1.2529496437348957,1.504333976266688,2.366628147991017,1.4310273490771264,3.1734963224158808,0.5238070819608377,1.154483055883506,-1.0876947274140236,0.4604279260365552,1.1360320279415168,0.7207348654579959
0.47711577221662704,1.2427959623445934,2.112981932013266,1.1671272052750887,1.7069856984801413,0.968479950465001,0.5750936247509443,0.9124484005786099,1.1345190978171735,-0.2600613198846656,0.3079212234405662
-1.1981490279900329,-1.6390712409739747,-1.2641986882069942,-0.6846499065690199,-0.8656638524596759,-0.644603886869797,1.0283742213197244,-1.1541462450290485,1.5651391789956908,-1.1924244479528543,0.3825643499611439
-1.1191656288809888,-1.0883075152684192,-0.2979996633178106,-0.21493445559155136,-0.8026764038925605,-0.3412190883062293,-0.2611767217421764,-0.8898043225174009,-1.5066028806671734,0.2249266353553206,0.38471132068118125
0.4910496786662462,0.578755614691447,-0.287388443488265,-0.5679002071672175,-0.4490206907869311,-0.8513842307649839,0.49335043250722,0.2983958610128847,0.009037371937340902,-1.6945307203518398,0.207787372265322
-0.2254375562352044,-0.5252596321997538,-0.17261285245694452,0.965721860682686,-0.1667464339478164,1.2918534460684943,1.2787101646726653,-0.26486241915794856,-0.27648426344336213,0.20601323743022565,0.5718324668936642
-0.3396200487581686,-0.5512397122571177,0.6027942168320477,1.5935181449038378,-0.07353928752692371,-0.8102886242163327,-0.3250677936176687,-1.1797922862096362,0.6285149872938128,-0.011389502490684655,0.591452677856903
0.4234472441749399,0.5348091319976681,0.3681797041206056,-0.010694529821529356,0.3691568986568196,-0.8517987459930891,-0.7714225866826575,-0.990747510962522,-0.4579215199747106,-0.05191315381110102,0.2178666759739817
0.33620402750740536,0.6127522806595959,-0.2949843559771617,-0.6051307673186842,-0.23001068651617074,0.061486973977287494,1.3627985259109399,-0.013310665946477965,-0.056384246721673595,-1.30211509305021,0.15685957143177043
-0.34843463662970037,-0.3671419660385792,-0.31548658236375576,-0.46315064621755553,-0.34056035329662926,0.7833128222807413,0.28705427377888576,-0.06946304421818303,-1.2593369885946106,1.3253984620701114,0.5228073706700552
-2.2856367278260517,-1.709686279296875,-2.0042426586151123,1.7536896189579496,-1.659238338470459,2.525336646719019,1.7480708360671997,1.7005606889724731,1.7312737703323364,-0.9284388480895496,1.0
0.46025129036184464,1.6729293988145733,1.6453259656749954,0.4146524621272893,1.5158706876825203,-0.3917062420148679,-0.9619158588374618,-0.326068529901168,0.3735609975668268,0.5650511977330789,0.3638157265085726
-0.7467013007350999,-1.0083966168607315,-1.1455433009238025,0.9817183502680269,-0.6169159267153747,0.5713772535702677,1.5351230946562668,0.769517114958484,0.7275136224371935,-1.6348937165948911,0.5479529285030431
-0.16928587646699841,-0.6492319149779961,-0.38278584711801167,0.28665907569858684,-0.7555772773469323,-0.7270845674890251,-1.1001155907647895,-1.3338067171741428,1.2517989255335993,-0.037472977392842756,0.5277694103469481
-1.5726378094061004,-1.6948528806676646,-1.4857870746953385,0.36859607028647245,-0.7679468160051854,0.05081394947761355,1.079295872693599,-1.069409284367951,1.572725968026577,-0.30974291514848423,0.3900412052368975
0.0714222061508854,0.48660149701841926,0.2599920779134822,0.24210105249815245,0.034817530629389894,1.176646628128511,0.8993359688685518,0.06941706467705291,-0.7149440240829432,0.8638465438327911,0.377472988742252
-0.45484460664007137,-0.5173252064800511,0.04989381357229994,1.1184882179506115,-0.22444030665906523,-0.034037247372347756,-0.8979115992121891,0.9088997854457997,0.8300870077348027,-0.6814892762134596,0.5615741018193653
0.6095332639035536,0.5703247818215921,0.26027926793928186,-0.11160449024141747,0.6484750822637787,-0.3116240115556127,0.15585095158051057,0.8814367962292405,1.6734726206317252,-1.6896416630409663,0.21681930743152936
-0.06112035571609648,-0.28154192124008415,0.4618042835825816,1.3955143500998426,-0.21209680571958675,-1.2107891322555258,-1.2045848925719758,0.724907600843587,1.6644172292616128,-0.8213842761758045,0.5747669772394388
-0.8823028199274872,-1.1677583709076622,-1.0853678956344674,-1.6390290350663266,-0.7981222478878304,0.21441706510150987,0.02268064544861753,0.7463099885935776,-0.9430951780392102,0.20209835951082877,0.23993789114968941
0.21707078183386225,0.6744255461634143,-0.9602989509635387,-1.351060208808137,-0.8361089287133485,0.35365990413758336,0.2801526434073218,0.9573614852242731,-1.696594619344694,0.11335222087342779,0.1610467920703622
-0.26525466099144335,-0.46811717274366504,-0.6907498495098842,0.12499144765337508,-0.6861579962030495,1.0556445960474854,0.8252071866401649,0.10092910789588067,0.3163545507751285,1.1721329815516794,0.5256859329840264
-0.24285265592285155,-0.2968308959360069,-0.10611087759954795,0.9114406385247538,-0.5910482994835475,-0.7853531666448315,0.8579804093732822,-1.6784187700637216,1.6771002231081633,-0.9488726960908911,0.5099766140712915
0.6904217142355515,0.6136812738711739,-0.9800318921934669,-1.328220954147516,-0.8493928332795737,0.0667365731968208,-0.5826504269374267,-0.9645194675343616,-0.5754457368951033,0.57280556796592,0.1394033374042079
1.1283541414078324,1.0383486653725587,2.1427575387196858,1.6844920649010104,1.947571858589997,-0.2766919383524067,-0.42333302875096557,-0.9440117719503421,-1.6755371505892078,-0.5023917955290076,0.5493420473600074
0.47713254556429396,0.7106431910571009,-0.116346345698899,-0.004793614279947334,-0.2818492069130431,-0.750506923261727,-0.9385343045351839,-1.0098717061355365,0.6621325039681473,-1.1317421515690484,0.24224385440678803
0.9528117114164133,1.1195742162899989,1.7313628928351963,0.49279986561185685,1.8804738237172631,1.6562574423437126,1.039839081351386,1.6566228577638464,-1.4549994750077029,0.9591593704040393,0.32522079762703315
-0.7143901208922518,0.1094446452228407,0.3166917339433219,0.5847395520697585,-0.21785088829513582,-1.1396813841809827,-1.4421640620486644,0.1704512384989833,-0.7485006990302877,0.29321473754283833,0.5796762684022624
-2.285659074783325,-1.709686279296875,-2.0042426586151123,-1.6651674509048462,-0.4518329121628456,3.8765451908111572,1.7480708360671997,1.7005606889724731,1.73113055987817,1.7210925817489624,0.0
-0.9029833213264384,-0.3033682765713057,-0.16932823552426474,-1.2237937499103617,-0.4325782662018141,-0.8765252737249369,-1.5971608986856733,0.9499176498391562,1.602922427294758,-1.1941307859491321,0.4126892441046193
-1.2705659471941726,-1.3428119935228993,-0.5924416547130884,-0.9062931702600374,-0.6965813457011476,0.4313558054780798,0.2960194978439542,0.7837307014682365,1.211185357067281,-0.310186112709289,0.3280784002339652
0.22922156579669686,-0.22025386033977368,0.7558531963954381,1.1594523586752983,-0.10523378924176183,-0.6117328919240689,-0.3315898429737221,-0.08289220608142311,-0.20153356301634034,-0.30006350273951404,0.5620317920579057
0.660852255458138,0.1364639456802916,0.821117654423544,0.6870590767913399,0.49998265485279253,1.4918792186294403,1.2369107875609504,0.9907877752792804,-1.3191718331249866,0.37895735184706036,0.3118041441365284
2.131485385097869,1.6548449023731442,0.5840066088951884,-0.24236814736224355,1.3285695052278734,-0.04709453278314649,-0.5155222650072327,-1.2385519051317053,-1.524164224830474,0.5486244357233309,0.5844417621849207
0.17332550952583448,-0.6094368682629043,-0.9949390997075961,-0.9106939889010918,-0.8224308384442385,-0.19588473555068317,-0.28733383897943554,-1.1486220680842159,0.049689739728105614,1.1281721976203185,0.5080890158846674
1.829464758139816,1.4470825853600848,1.945100718843378,0.8355196839573802,2.9903883427331737,0.2982734376671773,0.15062652186414344,1.2401781187401097,-0.6539706087306576,-0.784300305735441,0.8388863134817905
-1.417615075570608,-0.6505687335991945,-0.3898946015834203,1.0756534180944808,-1.0245044630615618,-0.6127306153785712,1.6256541532268016,-1.2664005151703923,1.206580315982647,-0.36883299947566317,0.4332637976970592
-0.10272885569270974,0.42623389816919266,0.4791364750796979,-0.32820577122495026,0.0034034561864797475,-1.0890218972643784,-0.8527737534212199,-1.2571201272937351,-0.7319981688991811,-1.0275771175264898,0.3272914435684852
0.38826516166875913,0.7388551339807248,-0.6279940040011963,-1.5106254104616776,-0.34899869988674903,-0.5604859417973458,0.2697133674691793,-1.5630307384583713,-0.566441905847551,-0.21975946473011831,0.049115123632321775
1.3386845395979012,1.2626877011860689,0.17189164857191985,-0.1663103837491289,0.5881757101497108,-0.957403188868566,-0.36100602233744117,0.8014438933488333,0.017905616578649933,-1.5983047567202833,0.33492456622857114
1.6598961314611795,1.1994386917686055,-0.7031651999830505,-1.2257016435803194,-0.6567623902298143,-0.9967630609265199,-1.1177520156569143,1.5767100098144144,0.5053366820163285,-1.5619225628289992,0.2852155920021764
-0.055439245225820104,-0.5275028554447431,0.5566671304383823,1.5884623642947522,0.5102631657302408,0.36573989232466714,0.6846574828249865,-0.847640680971987,0.9778717835785397,-0.2629800279656784,0.6053008483328262
-0.9245399186661527,-0.4506782165115917,-0.9713311361060449,-0.6773928650237037,-1.0421954235572954,0.59434047935576,-0.1896267449341675,-0.6035114099408261,-0.10870584274715715,1.2126674786279423,0.42785966225594063
2.0481413253236322,1.1721467285704403,2.6004751537997177,1.6080420096596408,3.6342486873196957,-0.618597821288982,-0.12874194331650785,-1.2444824943401929,-0.6191798915130046,-0.06678595314137904,0.9017547074605213
-0.4863025955326814,-0.19736759083474673,-0.16572047172518478,-0.17341071766322505,-0.701873602303062,1.9053365137461924,1.0974817873664444,0.6878362933842312,0.013534340311761456,1.3771155588249955,0.5109064592038065
-0.4779938742367858,-0.988002228536338,-0.04698177946281057,0.9103144607483205,-0.004075734880987503,0.8625267682323439,1.5640025490438934,0.7294778688670402,0.008726894109989183,-1.4037401553745594,0.5091798761646054
-0.1715229328664113,-1.017220238659367,-0.7104336930985014,-0.8910625995512932,-0.6271029370160978,-0.9019781925484068,-1.1831278082286427,1.6130834644719712,0.01472666011970182,-0.5438911152704837,0.4805264694816736
-0.11134777950218049,-0.2389324523354056,0.2735089631808969,0.6476948687274997,-0.13917014870359395,-0.7297954348138698,-0.495034572599815,-1.4794329733159175,1.26125251505227,1.6975125441004466,0.5239203944017368
0.2741459291703495,0.7736375694469161,-0.36205244028799766,-0.7391629379382332,-0.5608540334882955,-0.015921864017244658,-0.3464630099616002,1.5936429497368632,1.5250565522345159,0.15732994019045365,0.16255966399245086
-1.0993250652809812,-1.3826913855812526,-0.5811258133758819,1.4559261867508186,-0.6517316089705836,0.10507492659140072,-0.8422093734661867,-0.09836644855717695,-1.4443187564406215,-0.3152170259192775,0.4586204200080138
1.22010430865665,1.4448133741092186,1.5708908227723481,0.8667264298272508,1.9195939545080785,0.39588605397512944,1.579814648717431,0.5143447977449522,0.4866725790084573,-0.5519229318647684,0.5002883890845777
-0.7071549410723553,-0.14911740557984232,1.0716433284904903,1.6018244807147475,-0.0675488499905281,0.2601281774282768,0.3754951012744959,1.4003870040062087,-0.6464948016473744,-0.4100495753945271,0.6051352138723088
-0.577640518354085,-0.9195766659811686,0.005944724555673617,1.133367833200129,-0.13872458901953508,-0.024830085833827537,-0.34643894211478987,1.0802016702494133,1.6259318814461357,0.9478687006495244,0.5086581353218563
-0.8463246080181028,-0.795948447405678,-0.2506951602143128,0.38151518725324074,-0.5059212300749438,-0.8549371401113885,-0.6864094316100628,1.1371085806945747,-0.7789358658999512,-1.4148444302393226,0.45590629637693614
-0.5919545662017196,-0.16460954998973373,0.08218088984884783,-0.7866224765606851,-0.3456629316185535,1.4574900749710475,1.3225609172818877,-0.8395327492595397,1.6250129828503326,0.6586164787515519,0.3680784089778883
1.5381300211136297,1.2714319376638086,1.0717264539860198,0.0827887093822903,1.5698983454974331,-0.371053280156207,-0.22586276353689572,0.8157076987926493,-0.7803632018876514,-0.02687291564384748,0.39647117936657117
0.8440199530335247,1.3205561732247777,0.5928722059728513,-0.24607228925299973,0.5279828722633139,-1.0280375358712859,-1.4523421862521106,-0.8211066969146471,0.25986165245872095,1.323501281365699,0.15924224265308926
1.1271018481257415,1.468817332812085,0.9436585405710636,0.04351644002653428,1.0461934498922467,0.5176129792118643,0.5384088606584017,1.6264711981669568,1.2530057830127783,-1.0242496514188724,0.40787886003575186
1.2734321843765355,1.0464615042444454,-0.11182665878801791,-0.9076074191033516,0.01961598639532064,0.3934784236815041,0.7689915388854452,1.6426541972814312,0.6631347553920206,-1.340895776518209,0.3308996615009083
2.0953300074485335,1.2871173624983998,-0.9678371117798331,-1.052795756556617,-0.7124644646532465,-0.0647651358691215,0.21999749317506687,0.9651497172779833,-0.6596147861849515,-0.8733936299099524,0.4304224512599163
-1.3335600954553286,-0.20762733390120464,0.533052544480202,1.732301847389468,-0.49051288921808234,-0.917406873764423,-1.1100690919833796,1.5606896672793051,-0.27041312864869355,-0.5656282848041169,0.49565536409840427
-0.06469748848459685,-0.5640296562628392,-0.461631251431388,0.2915220320258621,-0.2956036938701505,-0.7409850231534943,-1.0504564405359886,-1.0420878693090179,1.328462054863,0.9637647738477286,0.5652145950447747
0.601582720225913,1.1012186560065056,-1.3970606298571995,-1.2618288476822221,-1.5503934431792419,-1.0282663568737576,-1.1934497068082934,-1.1557976287070773,0.6369545757448494,-0.9479349914808215,0.151056415199573
0.10512992850369665,-0.11121382924866843,0.5285690881518814,1.2669120257860327,0.6717426261144755,-1.0910122539140459,-1.4253928528224968,-0.8623704094874571,-1.4031770110376873,-0.009127092002738035,0.5566820109779125
-1.3953661606539038,-1.4899104720042458,-0.8156427764906302,1.5120937385061264,-0.6479555407623826,-0.6937936493370124,-1.2149342890240906,0.6761939690901755,0.18567783874115715,-0.9510295225485247,0.44213814196773554
-0.6159720220091945,-0.7311195924055559,-0.7613794825278658,-1.4297930421578153,-0.7585370304616639,-1.0913729560826846,-1.1273182730708053,-1.2103468845237624,1.6196126932210413,-1.6492476288843971,0.4237565591094635
-0.5969481311759658,-0.7345706851203819,-1.2565620932908854,-0.9333665078499916,-0.5954780992487053,-0.5305638878595992,0.268865849847434,-0.845764255398379,-0.5711236783791492,-0.26837056174980567,0.4789007984323694
-0.8018715221767378,-1.014693142339111,-0.39437644569412417,1.5540742223049016,-0.7220561153591298,1.5905042129595057,1.3948525510026355,-0.6859206997068908,0.2008564331593083,1.4133016304910453,0.5413876760164416
-0.05627497339423204,-0.4068677427234815,-1.0306835454197696,-0.5997221943015826,-0.7662996003487741,-1.8973699530942756,-1.4374695549219922,-0.2098758688288095,0.9919934465640613,1.0629858551948326,0.4321822360413388
-1.3535940317715214,-1.318545169579381,-0.32832387333440766,1.6901680155095142,-0.6650388610821253,0.7582519350247133,1.6823323513140263,-1.0388959012181886,0.30949169443572055,0.8165810033358603,0.4681670311737268
0.7157561741718549,0.19389403808491967,-0.4724275441883928,-0.8377900103767018,-0.5403113912180931,-0.21963221152432183,-0.2004921701492191,0.07672376725431328,-1.2480938276839109,0.44138661655648453,0.24627896228946353
-0.20341000244737106,-0.7673263226610293,-0.37804499987296836,-0.4762807192195935,-0.5534057405888838,-0.010374792816931488,-0.2038738001040524,0.6564095005887205,0.031049385947026095,0.14474496609231213,0.500009499323129
-0.974030953652591,-0.5988272389859739,-0.8004715638365637,-1.0221265188823268,-0.8861936389485283,0.9753487721913657,1.054983651417237,0.0815026408654213,-0.7615489765662438,0.800127051807522,0.426737168595899
-0.5239643789869786,-0.3469224692974586,0.0824198664432671,-0.35923930312960556,-0.01325151047969024,0.41722701063643236,1.1677267221957761,-0.9704890025567527,-1.0541959780240049,0.800238547822339,0.42057222130696226
-0.6044091935118382,-0.8292126366419036,-2.0022142081357375,-1.2748892350013608,-1.0904408913977721,1.1240431089380607,1.5609163916946238,1.2558389879530294,1.5814075706544806,-0.3300258162454073,0.5758789336971817
-0.2800662041897443,-0.5755163624246176,-0.0739216498512584,-0.6838523791355463,-0.21459292436973476,-0.6414730747425355,-0.08913725904918526,-1.4485618453763869,1.0306056894097793,0.6941723423334397,0.46874865745769584
0.32212752772149494,0.7124142161825586,0.3373421922407443,-0.002163695236448805,0.07429702826242715,-0.1328743158402348,-0.65124789860944,-0.7835584660796403,-0.7106517641977503,0.8655361488873056,0.18121160263696806
0.74272965611334,0.5833132232226462,1.2122132964852474,1.3836471401564552,1.0232483561254517,-0.22540852255377497,1.321318024255198,-1.527177406395657,-1.6258875413255474,-1.3076430649293107,0.3174046606261828
-0.2662214519360161,-0.896702427101019,-0.8960894101420183,-1.6601023148881269,-0.6869769625977126,0.25743656683265315,0.5955500767896843,0.900656455396395,-0.1011225102269342,-1.0825464192807577,0.35343384289936103
1.2219056501204673,1.2993813514122639,1.8996635735110263,1.0460558657931478,2.0102837801564672,0.6584566930175597,0.8712348337519764,-0.205592315496253,-0.7993512686477497,0.8732092883136594,0.53805134368048
0.5037327975213213,-0.13771515292418884,0.5426316098574384,0.7690710503103431,0.35108283993823736,-1.0578295817861563,-1.4190064867741679,1.089169325480542,1.6019904459391214,-1.2530589969660424,0.4494922938960718
-1.4184207077991184,-1.0964774509209099,-0.6231484870695863,0.801402619703659,-0.6048317099102876,0.14596076311297385,-0.014601876084853652,-1.0209301063164085,-0.7270984629241002,1.6806737072565705,0.4388166156745992
-2.285659074783325,-1.709686279296875,-2.0042426586151123,-1.6651674509048462,-0.20388678541420724,3.8765451908111572,1.7480708360671997,1.7005606889724731,1.7241211292903365,1.7210925817489624,0.0
-1.1648109882161948,-0.8714956354179025,-0.9376681299675504,0.20575623448549596,-0.8548459642287995,-0.710848330785311,-0.09367484094797235,-0.7352055513631656,0.3404620103605881,-0.8658582238627587,0.4787349556006285
-0.6470210275293792,-1.1419071057307035,-0.7556416754515997,0.037765745076884655,-0.7545706904118814,-0.9823498457274512,-1.489003203054129,-0.11253507455724975,0.8071658758560738,-1.5638833565877837,0.44487510483966547
1.7181647157668687,1.5185618102253178,3.4366588437960317,1.3452627477198784,3.899064225412175,0.8089451625605824,1.3701749663898704,-0.08358440181129101,1.2115424819243203,0.7769455437887199,0.8762291788355134
-0.10141200926477285,-0.1512169833275816,1.063402120236507,1.5788439636722365,0.5430270222632306,-0.27257252444996793,-0.4821789814248386,-1.12166148445665,1.5868884718458813,1.2642047566009758,0.6335325649614281
-2.262718267278866,-1.5917004331823745,-0.5288396017487348,0.5648783812934668,-0.8301142689863776,-0.14762331371806464,-0.37303631591772757,0.9983446264086481,-1.6011593463527014,1.0662223705426417,0.3484149198310466
0.9155040754354288,0.6108033806277261,0.8361294281811293,1.3556673930004164,0.472103210931427,0.3988311914454643,0.8496918091081007,0.09558030562877787,-1.4250862250462364,-0.5192667885546536,0.2953946044356118
-1.4666894237699837,-1.0359085426496422,-0.3538120875675487,0.9166796226876006,-0.5670910656999822,-0.9446193537605424,-0.9307326656505086,-0.507860565976334,-0.049752648688122195,-0.01651573020684556,0.4360147720395342
-1.4865465859731701,-1.0011527469843586,-0.8204382555675347,-1.637134378503332,-0.8277335969695525,-0.7200433844002747,-0.27818110912374333,-0.041460643053676305,-0.3539067717043729,-1.6834962770078927,0.26582850645568085
-0.5988407078075075,-0.8834081381644988,-0.6721042623260549,-0.07209351452074239,-0.733847444905181,-1.369740195962389,-0.995019632455145,-0.3692048691990752,-1.6715560932375488,-1.2016500582184186,0.48197305157120557
-0.353105154675505,-0.5743910012583232,0.0843361419019698,0.5513852330649295,-0.06563968926678762,1.3013107628724419,1.5420196789613567,1.5351789094913848,0.7557712356527168,-1.2166059093944972,0.5579365442953544
0.48550330285680454,0.790676373370403,-0.3180316515179674,-0.9329645214433456,-0.22538376610504451,0.5409728562173002,1.227980169951307,-0.6576354374929708,0.8859375816086484,-0.6200092252479728,0.058496459512304685
1.8704174869619137,1.3348809351435182,2.4013933878652134,1.6347992177509607,3.5536156855540035,-0.4767666096954934,-0.6551833285868142,0.7675707166941507,-1.5574775730062091,-0.4871401548585226,0.8622565069991639
-0.1597414529801259,-0.31460899065127806,0.3159775621566936,0.4848001008052798,0.40015668067766724,-0.9924619642557195,-1.5118148763432648,0.6338170658911612,-1.030810558651873,-1.3680357137422365,0.47233416386549626
0.47656558151021505,0.4886569199625872,0.9185654195812717,0.8743637544863245,0.4622487968478186,-0.14621909393216317,0.14305686692319583,0.14637338161014368,0.18347348530579352,-1.2958368627107633,0.3948792430179605
-0.5938691266710885,-0.6329307128692929,-0.09890638575688436,0.31148146747338534,-0.6093558510833359,-1.3256980245273573,-1.7068705154638866,0.9548664034355596,-0.8374738139164619,-1.500010316055857,0.49008340894902336
1.6147290824899154,1.4722822251299257,0.5670878379058216,-0.005829450942593989,1.0694431306308068,-0.14231780823941478,-0.9911839614871606,1.4768856665416437,1.2961685355032473,-1.2623582075623494,0.46089587291933576
-0.250635803716974,-0.5435121014231284,-0.37225735514623226,-0.8999848863480602,-0.26866053297960013,-1.0064518008388252,-1.0444337115855653,-0.9251470263524825,-1.7008962576101594,0.1199879722736897,0.5088686798268308
-1.179675139284649,-1.6059161259196844,-0.388881384084301,1.486751724449871,-0.5717764305235039,-1.1575033282446763,-1.6108050986072557,0.4179857695908141,1.5029677753219912,1.0687983440243152,0.4461032512716935
1.634060519529229,1.2703580280403504,1.6776781708291415,1.0898642903309792,2.102868608751693,-0.007916919019018916,0.09519122873040009,-0.5694246957904096,1.4255094462565479,1.314279695687134,0.6476667276560948
-0.17216109062395493,1.0588153631066106,-0.622057085734489,-1.2118985901561619,-0.47368418029968934,1.0706890238725868,0.9003015340317211,-0.3404476747182085,0.8664411852143687,0.25063648848411707,0.08627132907711287
0.2271176361487033,-0.6962908707102522,-1.1580560696378723,-1.453997719712045,-0.7955513622696186,-0.9144040647053175,-0.4576090270444889,0.165479273354448,-0.09600512531653428,-0.9446067515090435,0.44227255647899427
1.1961969911669303,1.3144342309714512,2.1402829148986893,1.3546104621399448,2.1247336650134865,-0.0820516906983247,1.033470515406119,-0.10713871951262359,-0.8234415369151464,-1.565755530376114,0.5081462557145203
1.164216866925444,1.6113854708698887,1.8915707538733992,0.836586395930652,2.1820110099450365,-1.5895308809518058,-1.2025039090714071,-1.152406341054888,-1.3119661440896269,-1.065456114808669,0.5451388308940555
1.6651691522654473,1.1472722867869458,-1.1667782606704542,-1.6050532655948302,-0.8083812376181109,1.9515973212196083,1.3145702814339888,0.054822206706032196,0.08607684204572297,1.1574613548956039,0.3498766530835824
-1.2653100160482758,-1.4090925509864392,-0.9090303886971617,-1.2416640717565686,-0.7898720164463953,1.9169005916709283,1.1897296931507386,0.4438483187694614,1.289196295769845,1.2688915883796432,0.34078438701199865
-0.9938183188922666,-1.530624687375225,-0.764571145066569,-0.9506488726204928,-0.7836318048727,-0.1749366666780109,0.13920930463892697,0.8073146951614202,0.10701416546073973,-1.1317787799553845,0.28626402329316303
-0.3402306806544365,1.665809151295363,3.6475508213043213,1.653072300319395,4.402257628012951,-2.0323123931884766,-1.676968079995292,-1.7165897214894699,1.306220339230735,-1.6960371732711792,0.769884877615062
0.8115428328425206,0.6588852936328996,-1.2141169562923273,-1.6209438270253511,-1.2380638590592727,1.2674312204952027,0.969146018229263,-0.9848516589519467,-1.1129588707123237,0.6294559186240689,0.07833289220627412
-0.4027535804223082,-0.22254239752982563,-0.04261216591139784,0.27028618639887975,-0.5316231064105537,-0.9562521559965044,-0.42245209942007245,-0.44607071335028126,1.6551556237457967,-0.28857389267900174,0.5217016901370501
-1.2303773702332703,-1.5016521567892418,0.24797527850702583,0.5865333486338339,-0.5886910429715999,3.8501847587771896,1.7464299611351868,1.332315383300267,-0.6336629519427966,1.4204875473035143,0.34308621993025457
-1.3695068751637118,-1.4383776101015584,-0.3812075425303438,1.0243939138158005,-0.5491194684258328,0.4852580381321371,0.08092668571152487,0.7884742844123445,-1.3224602523614135,0.9241102262168025,0.4274439026704689
1.226964893848491,1.4514534522566096,2.047899506791648,1.1765368853158422,2.035073376578225,-1.238755463070028,-1.6784694147477264,-0.4285966454284143,-0.44145132663171316,1.1021877160331959,0.5458394322605323
0.5951052090203527,0.7068842334001686,-1.3692782417244183,-1.5447132626014248,-1.5180368173301877,-0.6808770490418943,-0.4972097537952451,-1.2605814330329015,0.4171143222091813,-0.4050343258337919,0.1883507252904275
-1.221829703036547,-1.3596831238729359,-0.6899279891864768,1.4361243728707314,-0.4713160672035751,0.7933046616741151,0.6107785353698972,-0.5931417846622755,-1.4503238002573786,0.48589923998479456,0.4760320344366317
-1.8843582971386525,-1.5399176507538095,-0.5699388199699538,-1.1378446506240276,-0.7300886053858966,-0.049230227566498905,0.392849514848828,-0.856309697718638,0.6595083544201157,-0.06853962417282145,0.2574759547525017
-0.8146930693346918,-0.975610817178307,-0.35150604240821254,1.477371490393617,-0.43653775821162266,0.6433985897915881,0.6889852819867797,-1.4671983095014305,0.6833859162966531,1.2101196729049577,0.5243597378835
-0.058345468218035934,0.09504849212089408,-0.40988393767577785,-0.7927776741715197,-0.09482073750090181,-0.21881918968986372,-0.06369121725794058,-0.07080161970665111,-0.755771350645009,-1.122375360443072,0.48102756237516514
1.2020976505839385,1.0018010510228348,1.7829739835208942,1.2453789944678801,1.9019774263640532,1.1287610205796168,0.6620040774777634,0.8295765512757327,-1.6749085771779797,0.4241525527638482,0.3562455580561065
-0.537796026062931,-0.8426101012818255,-0.10519065095427446,-0.9337980253825472,-0.27553375784194356,0.3732176932516149,1.136462769815978,-0.6884138415673658,1.7281056836253845,-1.4056747427064686,0.34990097630679995
1.368110932330142,1.2082159602423426,1.7767444128954875,1.218957401341794,1.8732653646710837,-0.8156785482009453,-1.576453644965465,-0.16402746900957615,-0.07040677473447399,-1.213810678632023,0.5358700651355627
1.6697705094061215,1.1421265189832197,1.7719840666755575,0.8026189583295149,2.5249908507640164,-0.26682718249181614,-0.7553585172752515,-1.040828715843694,0.29194245294763627,0.6418494372664104,0.5934762801254956
-0.5067252811916912,-0.3283467683742366,0.5599228777065516,1.6453293149167203,-0.18035705808156477,-1.014875493652843,-1.4094937952648559,-0.8683324644952697,-0.9625955151633945,-0.09030226925670537,0.5300549651024712
0.38062573988748943,0.5361943397195327,-0.8932836509488508,-0.922814069341388,-0.7757385025742508,-0.015560015850946282,-0.6332971008706417,0.15232320064388905,0.1584610788143357,0.9870777423057291,0.17253212854894728
-0.267964530612584,-0.4002119610894614,-0.9897064878714646,-0.7692408943336558,-0.9160877245456844,-0.9773359445559953,-1.4349143107550149,0.07831870248694314,-0.860795778190867,1.4183380977872284,0.5207921518231947
-1.6778237030088896,-1.5472686573375896,-0.735986248189131,0.11106245643755329,-0.9187384130076852,1.966362256913988,1.342981950863574,1.48575755361653,1.5280690116552968,0.3919260637554074,0.3718787396569704
1.5862288209066366,1.5575012170495324,2.1898411551179904,1.5434518030842281,3.337018484395914,-1.0632037327226307,-1.3104970052060603,-0.49888220566298686,-0.4193348974726702,-0.7931986676386429,0.7341388090015043
-0.2403527934874781,-0.14340613317438172,0.12144279341340576,0.5078015868267832,-0.19237756002155507,0.33545757703417745,0.7806025324823576,-0.3791856895538288,-1.5405547960867878,0.25663572776521026,0.5103922690091371
1.5950088494082584,1.5269521566758317,-0.8145728399423923,-0.822278097036662,-0.41863174100758443,1.9327953473764468,1.7069836323268692,0.016732766920351583,-0.5718949626889313,0.2904899306615528,0.4684838383153771
0.4718021803079678,1.2089992485163161,1.4661530325023169,0.9680452443320688,1.6406370946479831,-1.0107671511395464,-1.0980645330078456,-1.5497199435831706,0.5089357141343098,0.7251494040149158,0.21061315319657317
0.8910903348716387,0.610451782914972,1.0580564798572383,1.0796730118335416,1.1828224641580127,0.17294985253614664,1.5366766464857426,-0.20933308329950462,-0.40536982195486265,-1.200766593063919,0.2568960691017897
-1.530861296904368,-0.9919991172723449,-1.226013967458281,-1.3815419819154147,-0.6703639408931433,-0.41386100958400857,0.9985456747152786,0.7007043471521514,-1.3731731435598802,-1.623668664722541,0.3844117043717144
-0.020820155430477133,-0.168538070695629,-0.9927943077286175,-0.26147012707446793,-1.0055877117860648,0.7876292165029977,1.5516708732343454,-0.47925684428617443,-0.8423586368863895,0.4672600648636114,0.4657508661542405
-0.4249566994155148,-0.9470682328168151,-1.0344067377862485,-1.4710375264958753,-0.9803440993931324,1.7874648708761893,1.3752148425392186,-0.1870848472432425,1.19622693191186,0.6415519294232179,0.33467678390664557
1.3538735899501502,1.2855566452801253,1.15547071652196,-0.11784411619014315,1.6106779748563822,3.1250046012147656,1.7294558513815081,1.3844884710788588,-0.7493314023278217,0.4323847087095079,0.4464994890824824
0.8323758949375857,0.2848449709944927,-0.7360666353752179,-1.1432142079933887,-0.7055305688517608,0.0035918923063340425,0.14237338216834047,-0.9708392136120978,-1.0465376663194301,0.0168696568546559,0.07600924223914302
0.10422560052480528,-0.15120109772291962,-0.83075282388495,-0.9751717459837352,-0.842908607457318,-1.0910842094666051,-1.0456480555124203,-1.2552861011115077,0.708621789828259,-0.536208186042476,0.48227583105394756
0.5574770646080447,0.9398350558794177,0.8237168914940055,0.02561452444759784,0.5901314643803324,1.5752881572802557,1.0255306433598563,0.8326878749623352,1.54891035394728,0.7641754981856536,0.20759889248248664
0.9160249795064794,0.2072983237766901,1.7596766557186807,1.2182965183395753,1.6861298366102744,-0.30563918323211975,0.015783972599085178,-1.2399765579311588,1.6778318103554875,-0.8858753942417781,0.28786309443398456
1.6480685460423001,1.0831658617040192,3.0388349393394565,1.6918684254597127,3.8754490956046017,0.3826008987155206,0.44183129226331463,0.028143866579318666,-0.6040842541568736,0.16796451345248936,0.7513505590898855
0.2245097395907305,-0.557959100760929,0.0791072508259188,1.1808896427129258,0.17400450085039135,1.718622694005915,1.2742540007075647,0.40270742974759427,0.7625582735778876,0.24127559871315038,0.4844518162945448
0.1023308531898788,0.6901425036641206,-0.26746582033381966,-0.4616393313498224,-0.21113712408462695,0.12221651190714541,-1.100040193463531,1.2518065812845278,0.6153096093938913,1.1511287770521155,0.1649471581174869
-1.419449485134347,-1.056352268871199,-0.4351707921173557,1.0281432078089001,-0.6365353026808815,-0.8126591677213241,-0.6786886750645473,0.15508945014055778,1.1820745236993717,-1.601114209782389,0.416949914577309
-0.363506039353658,0.04418679366622658,0.2678565447242453,0.5681818075503466,-0.16478771877316215,0.3002247722069358,0.818497104380089,-1.086104221230796,-0.9133544332346294,1.6741399904953862,0.5422971725147566
1.7935319853540348,1.4978356795148167,1.4035039261034168,0.35507044725026327,1.8154710842829782,-0.4948798397338712,-0.38459870756880404,1.5585961034481268,0.3490713583762994,-0.864849945197293,0.5881727889137297
-0.6373662788119349,-1.6467310933863413,-0.37437126634002527,1.2582972070938758,-0.6225351126569717,-0.4423829592566707,0.139464948675629,-1.1619751587620955,0.9063541511349029,0.024260212737187564,0.43124051484340087
1.4730114268702177,1.2182004915289129,1.7377041202449002,0.7690792034969425,1.8106115911729037,-0.8552818340816256,-1.2696432120369705,-0.24557204907303812,0.34983188802848403,-1.50795047928133,0.5344473694555334
-0.40154612199760165,-0.4766611544373043,-1.3225157486497283,-1.64848541000743,-0.9227499866500898,3.4319563991790893,1.669682851466558,1.0891443564505345,1.0602702215112112,1.553590000776148,0.4682344480157799
-0.223115238083052,-0.31961724851388673,0.4487107088836285,0.6192488050661132,0.12122447219175303,0.1927248783416245,1.2256306154778127,-1.603352358860186,-1.0967040815510665,0.5621121539181967,0.530827468844513
1.4101930646698602,1.3225453476038442,1.692236279135654,0.849800093390562,1.9702723882959783,0.20706583213337343,0.16755294206551627,0.9162185661836555,-1.2156093717910916,-1.1306903238318404,0.5175108555082083
-0.25057186896512995,-0.548490717416946,-0.19986631893326406,1.3938947282409662,-0.4610084800395637,1.0617821002215349,1.099822782867251,-0.5117343649399112,0.8592945316052663,-0.21016434547648066,0.5653528078822687
-0.9177500935610015,-1.065446170905895,-0.778681266987596,0.17585849981554585,-0.69181105480973,-0.43832710448390944,0.2768260068608209,-0.15973990160488327,1.0848033001019894,-0.8472186829076609,0.4806470289770532
0.44786626824220804,0.966992730768023,-0.3511181282550131,-0.8835249960383809,-0.42172669295677534,-0.9318998209800279,-1.6349737548699808,-0.24439228031361793,0.7762068282621154,1.4578247920288645,0.08960000084257043
-0.6947320249406687,-0.25874820617128375,-0.5951490928656027,-1.595142267096648,-0.5967743644205831,-0.9202630992134865,0.6968862098223606,-1.604180762654387,0.643370214814447,-1.6718084941330627,0.31758147250176366
1.8583138403047863,1.643498949524359,-0.5257795640373087,-1.13872334304685,-0.2306738603024377,1.0936994064457677,0.26198979216176144,1.5319060939342362,1.3431541124696955,-0.057623603053175994,0.5137687754767379
-0.977625676183704,-1.350089782452684,-0.9853770084609013,-0.47273227210260943,-0.834090712176986,-0.539312080889066,-1.3750257345910826,1.4122729912280108,-1.1760668541762171,-0.6930929434989723,0.36695993429490426
-1.194276622068076,-1.3158885614837708,-1.5024547578740428,-1.2697177384881173,-0.8435939092052254,-0.1611198389206973,0.768927488180386,-0.5894005533131856,1.2209522019795434,-0.6143567040270319,0.40986659192395325
-1.1249460899416608,-1.4713302451733605,-0.8053623055598111,0.1259970175106464,-0.8949247540584421,-1.5490513974753077,-1.4069781068553757,1.3115442191301394,-1.3583399635047266,-1.3024470379662618,0.376743842415295
-0.932691169712543,-0.8737081664642166,-0.3861449008771354,-0.23958452193951513,-0.8015455229720057,0.4894637848004641,1.5361697158869496,-1.4858635853049402,0.8564981345110352,0.5917932680031216,0.41685664693648383
-0.7681527432863715,-0.08873693178613622,0.5743865005818894,0.6796532806742128,-0.28332038452877917,-0.7718518003910632,-0.7849611217281585,0.9901039784964706,0.11986794340617035,0.18775621228939285,0.47741471700168014
0.6717470459829219,0.4846576110884427,1.0522274972326964,0.14869296688712275,0.8249041334630862,-1.183412396706148,-0.1439102610613856,-0.39853255421182704,0.8759280345894485,-1.6772174260429489,0.29731469929815446
-0.5732743031002753,-0.754886669498622,-0.7201954682197933,0.08235548027830882,-0.7464610632109243,0.044462653744295894,0.11730377012227314,-1.7159711087748006,1.4128588809037879,1.4013064623437588,0.4808673093934678
-0.32193322112177475,-0.08055790707487567,0.1279556099811576,1.2964286845597215,-0.3182945890451847,-0.6954601477653194,1.4080796709126475,-1.5892040858984027,0.3001163774287705,-0.3172588463819156,0.7148983871011485
-0.4569320440843886,-0.9944710133665182,-1.5104607159713797,-0.525006357343473,-0.8714320720355995,0.004165513809718106,0.6999710959564673,0.70344305295793,-0.06793105334606003,-0.9927626288446442,0.4666896479042202
0.26323044514448524,0.9964404122460615,1.8587557663393692,1.6749501877389852,1.5358337200875596,0.8086450673905017,-0.09916988111597341,1.6400544737271996,0.3713137848869763,1.3178799288080505,0.3068724280086009
-0.6045685940809348,-0.4103014956556251,-0.5753601403097559,-0.4571097234910363,-0.7594731190583837,0.5550155668722935,0.05929398370671217,1.5589242386241262,-1.2218474976355098,-0.3673684226131597,0.4760449351317398
-1.029556652969517,-1.057630003842076,-0.15252250955037785,-0.43283231427991353,-0.5513513715356644,0.19504707762658177,1.3650431997398396,-0.6962775217617571,1.2437686606654192,-0.7505194952375498,0.32092321130098567
-1.4857484656678175,-1.4842993533594289,-1.0688504060340747,0.9535058911453398,-1.3192358860396038,-0.6601140256416346,-1.203807926363641,1.047110662428315,1.5169139187009055,0.2911508009633982,0.3528224080108526
0.05697643951851937,0.8535138479380047,1.8046522679650994,1.461271248310597,1.1038575256685959,1.2305060676280781,0.4573388722236079,1.676891983844517,-0.23615493318913716,-0.5213813160586387,0.36047069426305944
-0.24177392055931188,-0.1642018124435241,-1.351916073993424,-1.0585637138721735,-1.1630375113130704,0.544871527153441,-0.2384018016828643,0.6722505646043452,0.5504932203432197,1.0717899817010892,0.5181875563646176
1.0133323691325047,0.974499433898238,1.3951511767739326,1.156971901797348,1.5111579207305628,-0.16644486668542996,1.4155400402955278,-1.3941069765584677,-0.7787068246925235,0.5736393746191595,0.36082322580175946
0.6372843991299849,0.45454395616489474,0.9698783818509619,0.3935050089668178,0.8666345551685362,0.8303296234011105,0.9786734733947853,0.09391292066144541,1.6925697489209695,0.16976124765780876,0.26360770911063663
-1.3496275517587983,-0.9560177945779563,-0.27001672535629423,1.1168528406637912,-0.537561764934278,-1.0637815364877612,-0.4705636828827492,0.12303903301301547,-0.159815100161188,-1.6222232448937997,0.45893735523114787
-1.5680339418176987,-1.656586703803826,-1.521244555348352,-0.9657091950529265,-0.9297580166708221,1.0192044808501652,0.918114152578119,0.08438073110540595,-0.9277647421049241,-0.6081275596172546,0.3353079555288208
-0.28962770006691324,-0.2960400728837838,0.7352612077457104,1.4594030786589762,0.07172247317474165,0.9889708697129471,1.454417984710565,-1.1622697427988615,-1.316608419094861,0.9497208041835675,0.5993939827917161
0.21167495569078187,0.5136696555134445,1.9115832217110127,1.623969334343965,0.7073010015299457,-0.6067966631831623,-0.6978721891478772,-0.21098777519656978,1.651592839607901,-0.29614124370461054,0.5261722737384859
1.1532547983518682,0.7847584261778042,0.4156788593763614,0.2648006505838873,0.5664878904077704,-0.22697683372741503,-0.884305287917942,1.2752702721518618,0.524730320373751,0.24820401009264428,0.15178313790981068
-0.5239082377080843,-0.41538359569203565,-0.059433873474862065,1.016455563934889,-0.7102710508220882,-0.9095908509129071,-1.070295205368368,0.01838878955373832,1.137277205777145,-0.36350750018485656,0.5389493477671746
-0.3978060912481296,-0.5946878872045511,0.46215821829404574,1.235280649875786,0.06890462156770083,-1.273814304459509,-1.438910284480563,-0.7472339605792002,-1.3228669209273658,-0.5835226527127694,0.5653304922179838
-2.126219118496402,-1.5970546597218407,-0.480514783660792,1.5070878510698618,-0.8776478162161967,-0.14151115058372032,0.7147802036857279,0.6500464116705729,-0.0376892319482612,-0.5536110251401201,0.3749689744860262
-0.31075626640648635,-0.24204520740532187,0.17429291245815068,1.2393897793509105,-0.2244950407562688,-0.548824936639711,-1.007056955513137,1.0695813198932618,-1.5913399948272968,-0.056186026423034524,0.5845967639946478
-0.48650238691229736,-0.5956984654944829,-0.5110720358027909,0.40444936468272263,-0.5381201203305205,1.107264550704896,1.3666645531154695,1.102725540535286,-0.2042641139887084,-0.30283038485926356,0.5276152687170157
-0.15429171807654882,-0.41286762191682547,-1.0150243495312312,-0.9127908412527103,-0.7551941742305592,-0.3696832572200802,-0.11714780585708466,0.35562742658338314,-1.2073067230898333,-0.07102212522933105,0.518838878331987
-0.9065641378855256,-1.381327290868923,-0.9960655799081625,-1.1099780573574896,-0.6815645312519378,-0.08130487261295163,-0.062260894036984135,-0.617359424607665,-0.40952224654050695,-0.147704308017719,0.30419313166357514
-0.1750292490436578,-0.18081390781737444,1.4419228429214102,1.2985570181874355,0.6106926412290565,0.20322227804148899,-0.15065798555567705,-1.0714692810877773,1.7299830012010868,0.24349849363692222,0.5210599652402992
0.5979577231035157,0.6224303135420763,0.014594630156364266,-0.2862930344979832,0.16051521101600552,-0.7172624716048912,-1.0442885213695448,0.7389302737952866,0.321584693785293,-1.620170586227147,0.14947312746517877
-0.5909580998471985,-0.8049423482918823,-0.22711996378370253,0.11088346342878633,-0.40233195116901666,0.5739890992735247,0.8505323423148214,-1.0712285423906467,-0.24209032795647517,0.727680025069192,0.46787307162197606
0.6608342075887109,0.9555432722314646,1.2538719142832624,0.8519802575972074,1.2828036152402862,0.23088832670944634,1.1122927874510904,-0.4009058230475561,1.2804104882381333,0.2142481391837895,0.3020972904036907
-1.4353456597613097,-1.2060559669070503,-1.6688641578716663,0.23173775039543407,-1.0286131927626188,-0.7122693684604151,-1.0948522032893269,-0.33190351197976464,-0.27510967794138014,0.11462230479621145,0.44228556483117265
-2.087436422483454,-1.331020901192237,-1.138899120817225,-1.3656698065018937,-0.7238883739076178,2.45834175952777,0.8029096207781293,0.8745249583590288,1.5301474598972231,1.2674923146355301,0.31940377703399936
1.1095243973726014,1.1734815809841217,0.10887423644366699,-1.216813319807928,0.2395041756972735,-0.33435072473979655,-0.964101761658103,-0.9588806401118948,0.241134311476195,-0.05653784599333271,0.16107509700902628
0.4192949412672413,0.9905547641865972,0.15159419417454686,-0.4806739128875573,0.20224476313137152,0.8370977834070704,0.7922986663397833,1.1288981611978208,0.1929074303250069,-0.45760720499695257,0.19085606774459382
1.906038778634866,1.5834809052189232,0.9697530199422671,-0.3214603971623458,1.6689023025061027,-0.6294932428870355,-1.1464391915479377,1.5350129903489618,0.8253385595184751,-0.4625849118718653,0.5359668788908553
-0.9937897997886396,-1.573933189975211,-0.2855897045620563,1.4080747676882224,-0.6248377058240153,-0.7893139557197948,-0.835194940562883,-0.29126390561937243,-0.3068563910632918,-1.5470300226491918,0.4038041375655897
-0.14850369485593723,0.4532191952527698,0.2409355231444859,-0.047409442041354666,0.038860329658265594,-0.8210199961307906,-0.5532362007901666,-1.6991662537726777,1.705709334431908,0.8307605648323255,0.3720490607823484
-0.5335391179864635,-1.4970714233610432,-0.48857992032156033,1.410554325494505,-0.41067654996262826,-0.38767637735884364,0.5910801963554787,-0.7128004060817863,-0.38396415695981584,-1.0314768478637253,0.47289294542474325
-0.050555030029558884,-0.5531199434264085,-0.882845279545978,-0.2630923622809539,-0.7176386943713696,1.610575702066297,1.1737766477328813,1.5059435203864113,0.40957195078082526,-0.6990366559047164,0.46791446285698973
0.678417034799841,0.7219164763343335,2.142824895049225,1.5338222229700098,1.5517602859519024,-0.3977355743258145,1.3917219253160336,-0.4866480968158729,1.526533902461928,-1.0872495114700675,0.442366614964902
-0.130202354394108,0.5281916063015686,0.20063456426728815,-0.39112452917741364,-0.10965836910714535,-0.7430511945810601,-1.4115811403603593,1.541187397988803,1.1812672577626837,0.2518575059107074,0.3735969229820792
1.3077779705267136,1.4947102135381367,0.5317761141673173,0.03994076228884748,0.6182870365186455,-0.7057873530870683,-1.1745367088348178,-1.0771878342893544,-0.07469420819191061,0.7019378863902017,0.4160744516157215
1.2950309237826931,0.9293351447358862,0.14800607152557807,-0.6434593147083206,0.8380991077852865,-0.09729988143071754,-0.5815899536494863,0.3092286354669591,0.7851347629019532,1.5478009079764659,0.29125777164506866
-1.3614151052384789,-1.7014581632499186,-0.5628560535347744,-0.3203807591965959,-0.6181176118140781,2.5335398757512135,1.3785812057318536,1.1424516453945626,1.678830559072648,1.0535619454139384,0.26964434210268945
-0.5150118174115597,-0.6658676471217189,-1.2186857660222978,0.2761291620716162,-0.7356660173090875,0.8294620464491895,0.3377540240078074,0.7855518327217723,0.9259908727178825,0.7201164698347515,0.5532315410473096
-0.8679475626215817,-0.43228079008295467,-0.4846055710975309,0.6709008670835229,-0.6117138129088301,-0.7295304621346185,0.22469570731186678,-1.2067061949818374,1.5461044393291266,-1.3071577819877405,0.522979037051186
-0.6639105752039699,-0.31105023943313276,-0.3282576904743694,-0.9665523373575394,-0.5953215586628133,0.3669867634308065,1.1021012211256729,-0.3588211002720077,-0.605116781189819,0.35405006191684096,0.4994176127563613
1.3801263095511584,0.7961435899032274,0.28056352202547297,-0.5904090597691439,0.55469152387823,1.1499593836372777,0.8865080086689515,0.3025154260271713,-1.1393115750479401,1.4667355089985934,0.12099053790945659
-0.7083803573593183,-0.962905243420445,-0.03138259800430004,0.30939967386050815,-0.45845506717480333,1.6757052401662158,0.6865452431368705,0.5522726095696183,0.7744657839128289,1.249481263094012,0.4083378906718538
1.12285097435971,1.6461362604896874,-0.6077852236431313,-0.7757208494439458,-0.47938730409468877,-0.33031766666634277,-0.16770667367824832,-1.591950696733842,-0.9013087100577012,0.2450616330581167,0.31115195500321385
0.9749478085364076,1.0599419672422588,1.5555637094593118,0.6283837155279134,1.3350259151108377,0.005412744450083235,-0.7437639991045311,1.5623635103391744,0.4474072082840377,1.6154694477390852,0.37828784680754673
-2.285659074783325,-1.709686279296875,-2.0029336844023757,-1.6651674509048462,-0.404521865981549,3.8765451908111572,1.7480708360671997,1.7005606889724731,-0.2525036046026269,1.7210925817489624,0.0
1.1069588764580334,1.5285234654914004,0.822412626422982,-0.44097897509961204,1.0053955042700502,-1.6600640895090193,-1.5722233102379444,-0.837625522054108,0.4654697103186288,0.9167572136524575,0.4639973102706955
1.0090577608672044,0.5937044357995199,-0.5257514280460616,-0.9221624174843858,-0.363165416619239,2.7013247758065244,1.686263680653143,1.046082908646179,-1.4818148883606639,1.1917573268852082,0.02086151955910334
-1.4092461463052528,-1.592578119476728,-0.11892749798136429,-0.853415662267918,-0.4416575996962052,1.1518785944788115,1.2530594102353887,0.9741709299146105,1.4440506108413822,-0.06098527218746532,0.22811382824788187
0.6674317042597594,0.1323147181498619,0.2643256413961814,-0.36132065397165525,0.15783303048991848,0.24726181411345505,0.7363829843976413,-0.5867916463844441,0.39422798248083724,-1.1649667764652243,0.3265969459816872
1.1139150880616389,0.894844900257808,1.3173603793316646,1.2207190023504788,1.438989490763591,-0.3064127935979582,0.6193891067705379,-1.6188593440002035,0.8534444858928248,0.49469801133446645,0.5721453417177004
1.5363741095148067,1.2401588170185451,-0.2074096975575485,-0.7412872324305665,0.19031481651136542,0.12924884573213066,-0.16027084469069203,1.3862039098423578,0.252989025346293,0.49256430287059927,0.3278462955799384
0.8455484530201496,1.1408096333504911,-0.40505446803296435,-0.7232268602139127,-0.48964384064087263,-1.4725934473499578,-1.4259691917220645,-1.2681306251437456,1.6728681098278737,1.5893370245152367,0.1377713749386042
2.259478335481713,1.5504044537194066,3.6475508213043213,1.7536993026733398,4.4023895263671875,-1.222043298066962,1.7480708360671997,-1.2624732906893803,1.7302931663535337,-1.3482631553353084,1.0
-1.5711586279404095,-1.6979679568728472,-1.3183326426124158,-0.5796624184910536,-1.4883126364617536,1.6677487392156722,1.5428035391139174,0.25848527044538105,1.4647607211434464,0.053166523069691524,0.3562765381493088
-0.9860318103432995,-1.6702821299446389,-1.1413518594284189,1.2586528667906145,-0.6486511234574929,-0.20227832856707018,0.1473241539841877,0.11605937749819369,0.8625645598156074,-1.4183437456420926,0.4667703010575412
2.0352026719137615,1.3325910487319959,2.1387897525874253,0.7825260822987071,2.4779628502941184,-0.0769394950181387,-0.2569789455549844,0.15713862601555173,0.7957159379135295,0.3305917829049349,0.5844815854542652
-0.5222404529884438,-0.6044724892789192,-0.8661191224832852,-0.6286333233558071,-0.7337016512718514,-0.4316476701132089,-0.2296923537875965,0.7810634495398399,0.8425557874804236,-1.3667453133262253,0.5004641514639134
-0.40774259538627405,-0.16656927550081885,0.795145630493238,1.487446120575059,0.09970923950982427,-1.1138728579967574,-1.623752201856064,-0.9405759896261955,-0.35243284600940783,-0.0831927324053022,0.5824635220492392
-1.4688752273648118,-1.5811415910109,-0.21884245338508843,0.7462460096898687,-0.7575215397801581,0.8195159166697915,-0.03440398175084755,1.3999389894197996,-1.2923858855119785,-0.32523162789862703,0.36819963828029845
0.6642487043162345,-0.14467039546061414,-1.2891842439619967,-1.3147384965701618,-1.2104767124659497,-0.06515092673905078,0.17808493096775932,0.39142974169890277,0.6337438283775841,-0.561364861906319,0.44184946896521504
0.9595645519308529,1.1912563727453116,-0.17351445021034592,-1.354946953756046,0.26866194801390747,-0.9735936947981962,-1.6002062727931132,1.6875145685741095,1.0918701225478227,-1.3866693175454672,0.16889404618889878
0.10428818683280562,0.4304333835209717,0.8782324774201923,1.693366244342156,0.7137032344857044,0.03416026612212447,-0.8803766298812035,1.2538368092929402,-1.098490194164701,1.3046583843011155,0.3277322515264883
-1.071100439602995,-0.9887196901964628,-0.6029504500094541,-1.0869326590227566,-0.6976037086252284,-0.2511704656274907,1.3435692661758485,-0.6868973224236216,0.8154385420704869,-1.527206929674084,0.3359519990740795
-0.584120156102914,-0.7187820016824997,-0.5532640392975702,-1.3847184673581734,-0.6251163795918042,2.8867309315828718,1.5670922450072617,1.5478088582100142,0.8183663966743503,1.0598973220916292,0.41493208714139834
2.259835720062256,1.7092499732971191,-2.0042426586151123,-1.6651674509048462,-1.659238338470459,-2.0323123931884766,1.747932040421342,-1.7165910005569458,1.7312737703323364,1.7210925817489624,0.003401315620528717
1.4523590581116705,1.5888863987025477,-0.6832561691122921,-1.2438517349490061,-0.5472839688709212,1.8518079383558232,1.4231496176949419,-0.46421166966411326,-0.7447963134858514,0.9989091803884909,0.3338736699415998
0.35870052773293987,0.07458310313023173,-0.2139611223256852,-0.9725309603798682,-0.2854349279946527,3.156660605670244,1.4461777034821133,1.4453887850353864,0.614991854058844,0.9968228011204946,0.2644887842356467
-0.03686173036467849,0.7034429433179389,-0.9509980307682935,-1.3764982050478176,-0.8102056523616296,0.21704793970673758,0.45571254197982936,1.3068233139438286,0.13902339233348635,-1.6649140613256772,0.19798614150373284
0.44174510453367305,0.2870584498470528,-0.2534284782334718,-0.739519252123326,-0.2999716131598553,1.8936752511417818,1.6465658484110504,0.21277607404826976,1.6659999115184752,0.4863897489236054,0.25729408564311074
-2.0753323067369585,-1.5634067299491254,-0.7049064364068177,0.16322365746376763,-0.9335621515847612,-0.5481897786738049,-0.7654228714060844,1.5173230064175243,-1.4124365212815067,-1.3667422746032178,0.33315639547593506
-0.8680184865761015,-0.5181654249138933,-0.7101083002909214,-0.9169903210013937,-0.6178454645320522,0.875178429182147,0.5440286923923895,1.1605705667881698,-0.7700667432027193,-1.2493846317034158,0.4821403430336662
0.40333509954231705,-0.8586541849438679,-1.1747177617704305,-0.9798549875061379,-1.0542079633657102,-1.180675922269532,-0.8728727489495665,-0.7559339880951975,0.8415381995664807,-0.9678197593086364,0.4608927990481783
1.623077292532254,1.562890695864808,2.8988163478169895,1.0186926241776282,3.852573494145034,0.24573980811389784,0.09831870788784305,1.559429693781451,1.1110244547043333,0.7965597963510809,0.8867278581294387
1.200497405341951,1.4026784784274178,0.9161960348525474,-0.44984845251474803,1.4202397981035098,-1.759927745543481,-1.5843459961424797,-1.0229252744545434,1.3391410487582545,1.13625655306031,0.3231407683398715
-0.7993351253227516,-1.485257611676377,-1.52550344012431,-1.5430638185840824,-0.8495784972484288,-0.7729658090400044,1.2246121619870933,-0.641454361197032,0.45286892908854715,-1.6576596331105786,0.332627105036973
1.5944720409048243,1.4170512856304758,1.7003772484826312,1.0298688585382543,2.0291266497285827,-0.037871601148201955,0.33319505582562786,0.9382771044729128,1.632310001930996,-1.0425538550325009,0.4981194046909508
0.777842934787727,0.6906063325370841,1.289853317435642,0.9103343847071863,1.1794463404278535,-0.748487292124612,-0.7534503720907899,-0.9153382701933414,0.46301921196581375,0.7702795992270189,0.26665205837156314
-1.834076707326555,-1.4161661550552764,-0.6075663949686965,1.6423343219965556,-1.423713343557075,-0.9800485127138712,-1.04390539779054,-0.32667409200652914,1.3162223242529572,-1.5108653222548771,0.43770506377250923
0.6638116212399882,0.5879827907288725,1.9093745852732278,1.4025380966899215,1.6172279474642894,-0.34662738156471024,0.8341807400737452,-1.5450101095551017,-1.3216486834858872,-0.057585128765976636,0.31114844533889624
1.0022624731167211,1.2179841206405786,-0.9412625472994333,-1.620505185177901,-0.7437135625441476,1.048554795410968,1.3623049517269354,0.5809881282273262,-0.9294774985854357,0.5217692641664097,0.11723070265023892
0.40681185110935975,0.9749156983999959,-0.597914531666584,-1.272580527166048,-0.593374724699297,1.1939699117034364,1.1079616137266726,-0.22079393019654972,-1.2351771710380748,1.3913729360801788,0.08010272386517406
-0.07624881935178443,-0.009309184235933417,0.9249420815130968,1.0330878440437876,-0.015617166893296203,-1.1505621059938598,-0.4139898788668195,-0.7624404710926319,-1.4353461197282287,-1.6018140118613198,0.4679672869731113
-0.7202721226588404,-0.4305735427418625,-0.7296802076593898,-1.1952095586181246,-0.603367094618362,-0.7586353392884657,-0.7550809206777654,-0.6194464131490307,0.19746809768101617,-0.3300511467010184,0.5034794708139735
1.0015084437006143,1.2049761149455145,-0.5405965533895367,-1.00038350791069,-0.656927099715337,-1.8909470673374236,-1.53801812249662,-1.4828994379740348,1.532488390217751,1.071103199342662,0.19942934859997868
1.4672223551351034,1.396695793602102,1.4705707616310713,0.48061536394759247,2.044925114491634,-0.2397262586500668,-1.0865165651080848,1.3655732997686547,1.1656145925909136,-1.561387852435101,0.49105109829667065
-0.3158928287724658,-0.8709388738805653,-0.20612306825131693,-0.13314666760014487,-0.5279145887860807,-0.8058945341300674,-0.7982455973665644,-0.9701202590504142,1.568400718086336,-0.9429388924729432,0.4176815780927345
0.1920577278220452,0.07524425229344905,0.8057505217320395,0.7124006704332189,0.419302611629137,-0.43674629357932726,0.0798684944525396,-1.0932920004818278,-0.056896071827549265,-0.8002975865977575,0.4819224561329326
2.259835720062256,-1.709686279296875,3.6475508213043213,-1.6651674509048462,-1.357606545525652,3.8765451908111572,1.7480708360671997,-1.7165910005569458,-1.728102207183838,1.7210925817489624,0.0
1.3487778267941717,1.5539077266858288,1.7499797946554154,0.8946242665293295,2.343890214973084,-0.7223958201532903,-0.9785208925491384,0.3438270456333169,0.046238115179529415,-1.068587517243982,0.5889419187159555
0.33632748486553316,0.7731752281674291,-0.0664924453142722,-0.5741544498295243,-0.31633032420045837,-0.057919977415610974,-0.05359745032149735,0.9486253573115014,-0.7101311768577759,-0.7226766815890564,0.13253247209340335
0.3577495034718886,1.207308660191746,2.0589908465643925,1.346013706657551,1.6606701296369695,0.029194285860585277,0.05470553829945357,-1.083431989029538,-0.07443129674824323,0.6489983974795461,0.353616400828306
0.29969262268166313,0.3314767429290809,1.6783099981215195,1.3692220420252355,0.9758635279341726,-0.6035218834745738,0.43512166046256834,-1.47422080559231,-0.050769475395834165,-1.0967767498715235,0.4426818740623491
-0.5996638863985726,-0.2082598604039933,0.17415012753780873,0.4403959537098426,-0.19617078898372362,-0.09834567290958478,0.9355725490268343,0.6009222346622003,-1.5540910472028964,-0.8757704829643393,0.5561333886817134
-1.3138768469166973,-1.633591562354242,-0.8450485348606133,0.11723636292411252,-0.6564519675713726,0.013914238790679398,-0.49694110140685155,0.24005802636875984,0.8361940571539181,0.4721982027378007,0.36850187275286495
0.13106806638925472,1.1702359814030747,1.379501942657609,0.9043740096343662,1.511490472492683,-0.49778278000742293,0.2870675337605213,-1.7130754126805932,-1.58382456951872,-0.272479710871635,0.26532228314467265
0.9239721719003302,1.0264609470894475,-0.39406857407167517,-1.1337358850879045,0.1103502791157008,1.0219403412488886,1.291092939265212,-1.0750511863984817,0.8313978012550225,1.2565770874412845,0.01009991079191912
-0.24476211735272463,-0.9470934258748708,-0.7107385093615359,-1.087678070060007,-0.6398103032072371,1.1424382282461023,1.616836737475378,-1.6708075163234748,0.48619748816018427,0.42303807146580646,0.4677404605829763
-0.5332569093973815,-0.6556901589989551,-0.8383862965916765,-1.6296540760716003,-0.6673297356327675,-0.47424715878985396,-1.0350486574229234,0.812958634432331,-0.24185991310570137,0.5567943066859008,0.39382061571115273
-0.6637469337739554,-1.3357926546631078,-0.8079381728021989,-0.183450402774533,-0.7781192126832633,0.7900685460170235,0.5110052561791422,0.6586395425782581,0.0008267108030108675,0.11736499672179031,0.4006057974670022
-1.9386021428710438,-1.3671025879929055,-0.8038634497886488,0.5436487442894773,-0.6274187795792985,0.38516195492055477,1.073610236678515,-0.7321863728762371,-1.176926393649768,0.8898323398712217,0.4239665720106637
0.48317854541245464,1.4971419173853777,-1.1485898822033553,-1.2085330249963735,-0.8570300192663624,0.6616430421453198,0.37713803913980376,-0.7915254940653064,1.1213962484541196,1.6357545474187438,0.27277606571463014
0.7913833271693184,1.305765045619277,1.4118219578675917,0.6458638162654571,1.0806908061853113,-0.9274368664612084,-1.2916784067287619,-1.0193543119087047,1.3109999965337866,1.6281366994849276,0.19327636886418414
-0.618911060405772,-0.9360003163351864,-0.10651932056887012,1.3393557876257864,-0.33619687692074096,-0.9874798465055773,0.5161456071221026,-0.950586547647737,-0.9946052289245095,-0.9212281813906463,0.523952860189741
0.16586142499265102,0.03529312186676035,-0.8244970686705241,-0.35568910295453826,-0.7454978989632446,-0.27812573193589246,-0.5978238321547695,-0.7829544419219555,0.6680227629094142,0.7522052032390509,0.4100828821899341
1.1444897612695122,1.1928193519187036,2.7533226264551103,1.6143093214103597,2.9388550567895977,0.40604191939087253,0.15750282905144863,-0.4101298480396023,0.24045970330213165,0.7070362081123336,0.5263936457544092
-1.206145774622951,-1.1586246582711233,-0.7326928566201856,-0.4266927780328967,-0.485077252161999,-0.6447337114931337,-0.8949667628930151,-0.3722506980575163,-1.3446807853620106,-1.087613623680665,0.4257569276521107
-0.5527392276932296,-1.0101557749645085,-0.14327464990301772,1.3642887709585458,-0.19984566164470827,-0.15390912446772273,-0.2026338780455597,-1.5700861353941866,1.4182464307144274,1.0700562573148222,0.4773471643338324
-0.8027744974444257,-0.4740932759950281,-0.17493263356974081,0.9781577619162571,-0.5511872454765995,3.249148462851733,1.5616830588220374,1.307227680483978,0.7568361107450827,0.41659746241583695,0.5208486696177802
0.8928904869960645,0.8385048955975241,0.010786881130230574,-0.012245843403010319,0.21607971836888026,-0.3652243782077862,-1.1571577352543896,1.018587863490339,-0.2542829049099566,0.2868026320512363,0.2942972728767838
-0.2272348266181578,-0.5687130929342449,-0.753807556083152,-1.1425782450544544,-0.9250657460257741,-0.47618013905695183,-0.8696353373113738,1.2618782549484293,-0.6820132337214679,-0.507721760694625,0.381227658719468
0.8679834124769604,0.6449333036858906,-0.010275725972202623,-1.3454680386819902,-0.002623240166192642,-0.6982562945506069,-0.954751773065153,1.674441962185246,0.2827670050922827,-1.5056414866491408,0.09583869255147345
0.7720424640048629,0.26134088337365985,0.3098938349703899,0.6221980140183465,0.24947746319633107,0.9995392115809636,1.327828702498777,0.3245750957619071,0.22036624154258388,-1.161986712018397,0.3927173306847629
0.46813145172865644,-0.29126859169077357,-0.9702684239379844,-1.3048662358003593,-0.8303875347742868,-0.38099776430485577,0.5600058498854469,-1.0287248041403507,-1.4727490762530435,0.16490972386115876,0.3734392449068287
