X1,X2,X3,X4,X5,X6,X7,X8,Y1,target
-0.039416540414094925,-0.11596590280532837,2.2478058338165283,-1.198677897453308,1.0,1.341640830039978,-1.7604470252990723,-1.8145751953125,0.17188657045853523,0.4939831736221915
2.041776657104492,-1.785874843597412,-0.5619514584541321,-1.4700766801834106,1.0,-0.4472135901451111,-1.7604470252990723,-1.8145751953125,-0.6855955059606541,0.2556152081177309
-0.8576081399560511,0.7543233344050364,0.0,0.9725122451782227,-1.0,1.341640830039978,1.2440491914749146,-0.36915415032412113,-0.7399507631341435,0.1667057144352726
1.284979224205017,-1.229238510131836,0.0,-1.198677897453308,1.0,0.4472135901451111,-1.7604470252990723,-1.8145751953125,-0.1736851241164657,0.4528178744330158
-1.3638122081756592,1.5539430379867554,1.1239029169082642,0.9725122451782227,-1.0,1.341640830039978,-0.8896073305682884,-0.5242105722427368,-0.9103812135801923,0.08700881490059206
0.3043245540343332,-0.5646249648143308,0.5619514584541321,-0.655880331993103,1.0,-1.341640830039978,1.2440491914749146,0.6413788483069024,1.8878470390145334,0.7620705398180783
-0.5597406143837376,0.4406704306602478,-1.0498514043335578,0.9725122451782227,-1.0,0.05692812335271791,0.11736313253641129,0.1209716722369194,-0.9742179368578313,0.1194889285384941
-0.4037818900639868,0.29625622898325177,-1.685854434967041,0.9725122451782227,-1.0,-1.341640830039978,-1.0093228816986084,-0.5242105722427368,-1.3750086950785607,0.032393749424398675
2.041776657104492,-1.785874843597412,-0.5619514584541321,-1.4700766801834106,1.0,-0.4472135901451111,1.2440491914749146,1.4113361835479736,0.9723427615947323,0.6138334360685977
0.32284193324525695,-0.40973877972106076,0.5619514584541321,-0.655880331993103,1.0,-0.4472135901451111,1.2440491914749146,-1.1693928241729736,1.8274784619750122,0.8453674253365919
-1.0332798157071088,1.0210266056795017,0.0,0.9725122451782227,-1.0,1.341640830039978,0.9073482606028225,0.1209716722369194,-0.8800228629039902,0.15586719976508812
-1.3638122081756592,1.5539430379867554,1.1239029169082642,0.9725122451782227,-1.0,-1.341640830039978,0.004702972908160297,-0.5242105722427368,-0.8939040836461142,0.09496229623927177
-1.3638122081756592,1.5539430379867554,1.1239029169082642,0.9725122451782227,-1.0,-1.341640830039978,1.2440491914749146,0.1209716722369194,-0.6325816780734097,0.19459796378763977
-0.21481835901451954,0.1566456926593922,-1.685854434967041,0.9725122451782227,-1.0,1.341640830039978,1.2440491914749146,-0.5242105722427368,-0.7534141464733367,0.15826283792126328
-1.1746128797531128,1.2756248712539673,0.5619514584541321,0.9725122451782227,-1.0,1.341640830039978,0.11736313253641129,0.1209716722369194,-0.4496697649449565,0.25179544445754504
0.5281816124916077,-0.6726022362709045,-0.004430949256378658,-0.655880331993103,1.0,-0.4472135901451111,1.2440491914749146,0.1209716722369194,0.730344611416769,0.5038193352166952
-0.5124149918556213,0.4406704306602478,-0.9885704393082559,0.9725122451782227,-1.0,1.341640830039978,-1.0093228816986084,0.1209716722369194,-1.1336435575108177,0.08470685406757032
-0.382723302243663,0.2448219712679816,-1.685854434967041,0.9725122451782227,-1.0,1.341640830039978,-1.0093228816986084,-0.5242105722427368,-1.1528821810130538,0.07552872356145987
-1.0388577211455856,1.1239991858802991,0.0,0.9725122451782227,-1.0,0.08180838860303119,-0.6858249114736605,-1.1693928241729736,-1.0160222271055745,0.10224162831331025
2.041776657104492,-1.785874843597412,-0.5619514584541321,-1.4700766801834106,1.0,0.4472135901451111,0.04648085966580148,0.5149249745365683,0.3952832183909566,0.5084897821872312
-1.3638122081756592,1.5539430379867554,1.1239029169082642,0.9725122451782227,-1.0,-0.4472135901451111,-1.0093228816986084,1.4113361835479736,-0.9649039048506506,0.08547114374093051
-1.0556616997209791,1.019473571992853,0.0,0.9725122451782227,-1.0,1.341640830039978,1.2440491914749146,1.397623498452563,-0.7056025623253319,0.22812691706557348
0.5281816124916077,-0.6726022362709045,0.0,-0.655880331993103,1.0,1.341640830039978,0.11736313253641129,-1.1693928241729736,0.20156700709916112,0.4677260911459649
2.041776657104492,-1.785874843597412,-0.5619514584541321,-1.4700766801834106,1.0,1.341640830039978,-0.1807855391252482,0.1209716722369194,0.4750864833829878,0.4901583826899601
-1.3638122081756592,1.5539430379867554,1.1239029169082642,0.9725122451782227,-1.0,-0.4472135901451111,-1.0093228816986084,-0.15099173870886462,-0.9391032708043031,0.09071502012240423
-0.039416540414094925,-0.11596590280532837,2.2478058338165283,-1.198677897453308,1.0,-0.4472135901451111,1.2440491914749146,1.4113361835479736,1.6405316730783714,0.734931339242356
-0.7609532964799852,0.7403091319650857,0.0,0.9725122451782227,-1.0,0.3065614437041284,-1.0093228816986084,-0.5242105722427368,-1.0933027972246014,0.10072405156088153
0.5281816124916077,-0.6726022362709045,0.0,-0.655880331993103,1.0,-0.4472135901451111,1.2440491914749146,0.1209716722369194,0.7110526876957777,0.47121968368019235
-0.7016143798828125,0.7189885973930359,-0.5619514584541321,0.9725122451782227,-1.0,1.341640830039978,-1.0093228816986084,0.7031787242855014,-1.1231045007902787,0.09135905799330962
-0.25259316307525514,0.11822586792243045,-1.685854434967041,0.9725122451782227,-1.0,1.341640830039978,-1.7604470252990723,-1.8145751953125,-1.6156820116644848,0.005903632721181633
-0.9268523540232512,0.8985042188733345,0.0,0.9725122451782227,-1.0,-1.341640830039978,-1.0093228816986084,-0.5242105722427368,-1.1061714863263967,0.06658527692697226
-0.039416540414094925,-0.11596590280532837,2.2478058338165283,-1.198677897453308,1.0,-1.341640830039978,1.2440491914749146,-0.5242105722427368,1.766546550477701,0.7755265673314948
-0.8288079769319512,0.8359771295098165,0.0,0.9725122451782227,-1.0,-1.341640830039978,-1.0093228816986084,0.06830254855339024,-1.102648020174628,0.0927598351303419
-1.1746128797531128,1.2756248712539673,0.5619514584541321,0.9725122451782227,-1.0,0.4472135901451111,0.11736313253641129,1.4113361835479736,-0.559965425816638,0.24213548430287712
-0.20602273933742202,0.19420451054583648,-1.685854434967041,0.9725122451782227,-1.0,-0.4472135901451111,-1.0093228816986084,1.4113361835479736,-1.154145237128594,0.07510200850307353
0.11620123141206315,-0.20584228708398333,0.5619514584541321,-0.655880331993103,1.0,-1.341640830039978,-1.7604470252990723,-1.8145751953125,0.6090414485484652,0.6435842413715578
0.5281816124916077,-0.6726022362709045,0.0,-0.655880331993103,1.0,-0.4472135901451111,0.11736313253641129,-0.5242105722427368,0.446477469476959,0.4766109644531229
-1.0004754835841776,1.0264505688233967,0.0,0.9725122451782227,-1.0,0.4472135901451111,1.2440491914749146,0.1209716722369194,-0.713904569865249,0.18411000634560865
-0.7340365972702007,0.7922131684215589,0.0,0.9725122451782227,-1.0,-1.341640830039978,-1.7604470252990723,-1.8145751953125,-1.55735372833756,0.035912932532739694
-0.039416540414094925,-0.11596590280532837,2.2478058338165283,-1.198677897453308,1.0,1.341640830039978,-1.0093228816986084,1.4113361835479736,1.0165379741875376,0.6243127427467956
2.041776657104492,-1.785874843597412,-0.5619514584541321,-1.4700766801834106,1.0,0.4472135901451111,0.11736313253641129,0.6359784377549139,0.5506660927060368,0.47272661164874596
1.284979224205017,-1.229238510131836,0.0,-1.198677897453308,1.0,-0.4472135901451111,0.11736313253641129,-0.5242105722427368,0.7994278069392882,0.6397062626330327
-0.5852063200815681,0.4624486840836979,-0.6506561396427363,0.9725122451782227,-1.0,-0.4472135901451111,-1.0093228816986084,1.4113361835479736,-1.1299647354830125,0.09602340287988059
-0.7016143798828125,0.7189885973930359,-0.5619514584541321,0.9725122451782227,-1.0,1.341640830039978,1.2440491914749146,-0.5242105722427368,-0.7359700986567862,0.16579882460136963
-0.3510179861072125,0.2697142311999196,-1.685854434967041,0.9725122451782227,-1.0,-1.341640830039978,-1.0093228816986084,1.4113361835479736,-1.1260347322784305,0.09553082370097113
1.284979224205017,-1.229238510131836,0.0,-1.198677897453308,1.0,-1.341640830039978,0.030315732779651397,1.4113361835479736,0.7943619787434477,0.5092318425726615
-0.8563322265840156,0.8053932821315436,0.0,0.9725122451782227,-1.0,1.341640830039978,0.11736313253641129,1.4113361835479736,-0.9576655861842797,0.12496791512649852
0.2149271942672602,-0.26595413967771747,0.5619514584541321,-0.655880331993103,1.0,-1.341640830039978,0.0702391167784214,-0.5242105722427368,1.486259639904943,0.769521533711167
-1.1746128797531128,1.2756248712539673,0.5619514584541321,0.9725122451782227,-1.0,-0.4472135901451111,1.2440491914749146,0.1209716722369194,-0.35834060319661265,0.25276855169126006
-0.14969448499013877,0.043245159139620126,-1.685854434967041,0.9725122451782227,-1.0,0.4472135901451111,-1.0093228816986084,-1.1693928241729736,-1.1651729947343883,0.06458062047184597
0.9224876215932942,-0.9301528441643424,-0.5619514584541321,-0.655880331993103,1.0,-1.341640830039978,0.11736313253641129,-0.5242105722427368,0.7074961806186484,0.5523792024018112
1.284979224205017,-1.229238510131836,0.0,-1.198677897453308,1.0,1.341640830039978,-0.06052516362730856,0.1209716722369194,0.8115862728013469,0.6068241276376093
0.5281816124916077,-0.6726022362709045,0.0,-0.655880331993103,1.0,-0.4472135901451111,1.2440491914749146,1.4113361835479736,0.7213476905795291,0.5064627313910123
0.5281816124916077,-0.6726022362709045,0.4469140855091799,-0.655880331993103,1.0,-1.341640830039978,0.11736313253641129,-0.6228810784250971,1.3645099808703516,0.7639077408412916
-0.7016143798828125,0.7189885973930359,-0.5619514584541321,0.9725122451782227,-1.0,-1.341640830039978,1.2440491914749146,-0.5242105722427368,-0.7405654280781223,0.15951516473749652
-0.7016143798828125,0.580624125525772,-0.5619514584541321,0.9725122451782227,-1.0,1.341640830039978,1.2440491914749146,0.21118063033544088,-0.7756012008216708,0.16799771124367102
1.284979224205017,-1.229238510131836,0.0,-1.198677897453308,1.0,0.4472135901451111,0.11736313253641129,0.7661539316177368,1.0296772776488488,0.6193134346622378
-1.1746128797531128,1.2756248712539673,0.5619514584541321,0.9725122451782227,-1.0,-1.341640830039978,0.11736313253641129,0.1209716722369194,-0.6661885411515304,0.21674243035187438
-0.7016143798828125,0.7189885973930359,-0.5613357076568865,0.9725122451782227,-1.0,0.4472135901451111,-1.0093228816986084,1.4113361835479736,-1.1127945480888533,0.09718275645850563
0.93110058109659,-0.9786784890453646,-0.5619514584541321,-0.655880331993103,1.0,0.4472135901451111,0.11736313253641129,-0.1956408676419723,0.7363714765666242,0.6004950844054743
0.5281816124916077,-0.6726022362709045,0.0,-0.655880331993103,1.0,0.4472135901451111,1.2440491914749146,1.4113361835479736,0.6771371495680383,0.5424995997040528
-0.5164035032936507,0.5431248351451372,-0.6534494479908968,0.9725122451782227,-1.0,0.4472135901451111,-1.7604470252990723,-1.8145751953125,-1.5695619887845347,0.021646481612002777
2.041776657104492,-1.785874843597412,-0.5619514584541321,-1.4700766801834106,1.0,-1.341640830039978,0.11736313253641129,-1.1161679227442112,0.5918135767971656,0.4624231023035643
0.5281816124916077,-0.6726022362709045,0.0,-0.655880331993103,1.0,0.4472135901451111,1.2440491914749146,1.4113361835479736,0.6691068686671148,0.5301669071397789
-1.3638122081756592,1.5539430379867554,1.1239029169082642,0.9725122451782227,-1.0,1.341640830039978,1.2440491914749146,1.4113361835479736,-0.5943435299113751,0.1455016258284516
-0.039416540414094925,-0.11596590280532837,2.2478058338165283,-1.198677897453308,1.0,0.4740391132758584,-1.0093228816986084,-0.08773080310872156,1.077620701920518,0.6513979045562261
1.3089735399829325,-1.3556381721639967,0.0,-1.229150343092941,1.0,0.4472135901451111,0.11736313253641129,-1.1693928241729736,1.0736203497337473,0.6168222562904211
-0.28279512039445454,0.16596091301291047,-1.685854434967041,0.9725122451782227,-1.0,-0.4472135901451111,1.2440491914749146,-0.5242105722427368,-0.8161830033907906,0.15358809542367968
-1.1746128797531128,1.2756248712539673,0.5619514584541321,0.9725122451782227,-1.0,0.4472135901451111,1.2440491914749146,-0.24112485039392673,-0.3771396301946286,0.2859821595890615
-0.5706364071361851,0.4982709644738777,-0.6514180755938381,0.9725122451782227,-1.0,1.341640830039978,-0.11727099940748853,1.4113361835479736,-1.094078546782577,0.09870773472030514
0.5281816124916077,-0.6726022362709045,0.0,-0.655880331993103,1.0,-0.4472135901451111,-1.0093228816986084,1.4113361835479736,0.20904884648638117,0.4214417715007706
0.46691883087117647,-0.5170011269883916,0.5619514584541321,-0.655880331993103,1.0,-1.341640830039978,-1.7604470252990723,-1.8145751953125,0.5121140287805772,0.5057596194755308
0.831423744020872,-0.8218914926449485,-0.5619514584541321,-0.655880331993103,1.0,-1.341640830039978,-0.05808600877515701,1.4113361835479736,0.6168298701582926,0.49803724138260547
-0.7016143798828125,0.7189885973930359,-0.5619514584541321,0.9725122451782227,-1.0,0.7442222417164084,0.11736313253641129,0.7689893475687908,-0.9799243567156857,0.11684639359344462
0.36040677017936557,-0.484568969244852,0.6737945596559337,-0.655880331993103,1.0,-1.341640830039978,-0.10565212345533603,0.7661539316177368,1.3648122169594663,0.643377735047536
0.2836826418656017,-0.40318229182264675,0.5619514584541321,-0.655880331993103,1.0,1.341640830039978,1.2440491914749146,-1.1347013486899846,1.9214408282074122,0.980078830547565
0.28788429427743545,-0.36851349605314515,0.5619514584541321,-0.655880331993103,1.0,-1.341640830039978,0.11736313253641129,-0.5242105722427368,1.7573628253455205,0.7808381722498537
-0.577887062189433,0.5512409428864745,-0.6552778793852119,0.9725122451782227,-1.0,0.4472135901451111,-0.9479270795530406,-0.5242105722427368,-1.1114999404375443,0.08460932793227696
0.5281816124916077,-0.6335304198946156,0.19608920879515393,-0.655880331993103,1.0,-1.341640830039978,0.11736313253641129,0.7661539316177368,0.699579583076124,0.5503709000748074
-0.039416540414094925,-0.11596590280532837,2.2478058338165283,-1.198677897453308,1.0,0.166573943663324,-1.7604470252990723,-1.8145751953125,0.1104600919773112,0.5048491975462934
-0.8705304018305008,0.9467411369628506,0.0,0.9725122451782227,-1.0,1.341640830039978,-0.01219342464444384,0.328929697334037,-1.0008988668058032,0.1002280037115339
0.6801081703204803,-0.6904833622408453,0.0,-0.655880331993103,1.0,1.341640830039978,-1.0093228816986084,-0.5242105722427368,0.2982253167110815,0.5420549098951122
2.041776657104492,-1.785874843597412,-0.5619514584541321,-1.4700766801834106,1.0,-1.341640830039978,1.2440491914749146,1.4113361835479736,1.0209937766588966,0.5390971963924132
-0.039416540414094925,-0.11596590280532837,2.2478058338165283,-1.198677897453308,1.0,-0.4472135901451111,1.2440491914749146,0.7661539316177368,1.8053470454822644,0.770841045765707
0.07336217382479673,-0.38651815148889973,0.5619514584541321,-0.655880331993103,1.0,-1.341640830039978,-1.7604470252990723,-1.8145751953125,0.6557453694829423,0.7247157501700311
-1.1746128797531128,1.2756248712539673,0.5619514584541321,0.9725122451782227,-1.0,0.4472135901451111,1.2440491914749146,0.1209716722369194,-0.4339647627005919,0.2526721501504137
-0.6491391748878316,0.6289463360674676,-0.5817231768373299,0.9725122451782227,-1.0,-1.341640830039978,-0.04030315485041371,0.49062580142683243,-1.0879494996259749,0.09664830037914297
0.3029844221412932,-0.37882171318534974,0.5619514584541321,-0.655880331993103,1.0,1.341640830039978,-1.0093228816986084,0.1209716722369194,1.439209322116814,0.7549752202391065
-1.3638122081756592,1.5539430379867554,1.1239029169082642,0.9725122451782227,-1.0,1.341640830039978,1.2440491914749146,-1.031953675360607,-0.5190666026862483,0.156754072260824
0.5281816124916077,-0.6726022362709045,0.0,-0.655880331993103,1.0,-0.4472135901451111,1.2440491914749146,0.7661539316177368,0.7830036161081565,0.5915205164378999
-1.0129653975573443,1.0122289992892455,0.0,0.9725122451782227,-1.0,-0.4472135901451111,0.11736313253641129,-0.6373712160542724,-0.8686808449768081,0.14631540838543378
0.9453744596514371,-0.9456919362909859,-0.5619514584541321,-0.655880331993103,1.0,0.1475369803999711,1.2440491914749146,0.7661539316177368,0.8882499937178725,0.6602027998357404
2.041776657104492,-1.785874843597412,-0.5619514584541321,-1.4700766801834106,1.0,-0.4472135901451111,0.11736313253641129,0.1209716722369194,0.6015053755988056,0.48353881242057495
0.7538873830764624,-0.8419082768138919,-0.5619514584541321,-0.655880331993103,1.0,-0.4472135901451111,0.11736313253641129,-1.1693928241729736,0.5444413971564372,0.4406345867763338
0.5281816124916077,-0.6726022362709045,0.0,-0.655880331993103,1.0,0.04115111926125725,-1.0093228816986084,1.4113361835479736,0.044834706753545596,0.43415224209871217
2.041776657104492,-1.785874843597412,-0.5619514584541321,-1.4700766801834106,1.0,1.341640830039978,0.11736313253641129,-0.5242105722427368,0.6752632920618566,0.5061114186560879
-0.7016143798828125,0.7189885973930359,-0.5619514584541321,0.9725122451782227,-1.0,0.27488666256642835,1.2440491914749146,1.4113361835479736,-0.862563478328788,0.1422357498876802
0.5704774131083306,-0.8288386583370513,-0.09958054842948788,-0.655880331993103,1.0,-1.341640830039978,1.2440491914749146,0.1209716722369194,0.8790281395548867,0.5854527383686061
-0.16890658690629964,0.120136755198302,-1.685854434967041,0.9725122451782227,-1.0,1.341640830039978,1.2440491914749146,1.4113361835479736,-0.9279278281649451,0.1485504400682135
0.9409025609573773,-0.927631470345133,-0.5619514584541321,-0.655880331993103,1.0,0.4472135901451111,0.11736313253641129,-0.5242105722427368,0.7570421362932388,0.5008069273342861
1.1453185320284174,-1.1251715263819075,-0.5619514584541321,-0.655880331993103,1.0,1.341640830039978,0.11736313253641129,-0.12285110574725716,0.8088385665469306,0.597291488434496
-1.1746128797531128,1.2756248712539673,0.5619514584541321,0.9725122451782227,-1.0,0.4472135901451111,1.2440491914749146,1.4113361835479736,-0.38059816030183025,0.27350556985412994
0.016473503746936305,-0.15881195643307505,1.1239029169082642,-0.655880331993103,1.0,0.4472135901451111,1.2440491914749146,-0.5242105722427368,1.9615937047413463,0.8901258155316208
0.18804304677077793,-0.3439361589657952,0.5619514584541321,-0.655880331993103,1.0,-1.341640830039978,1.2440491914749146,0.7661539316177368,1.9925216372342518,0.8105900773692615
-0.3399721267956555,0.0996332087981201,-1.685854434967041,0.9725122451782227,-1.0,1.341640830039978,-0.10356094020929918,-0.5242105722427368,-1.116673824683436,0.09346133377251557
0.7708087785488911,-0.8675774174204351,-0.5619514584541321,-0.655880331993103,1.0,-0.4472135901451111,-0.44244220423611724,0.1209716722369194,0.464640622339967,0.5173895263761306
2.041776657104492,-1.785874843597412,-0.5619514584541321,-1.4700766801834106,1.0,1.341640830039978,-1.0093228816986084,-0.5242105722427368,0.27724360793431435,0.44371309134646963
1.304062948606605,-1.347992759035607,0.0,-1.2613998273870615,1.0,-0.4472135901451111,1.2440491914749146,0.1209716722369194,1.3437360779822556,0.7395022809426945
0.8904498347294959,-0.9411865090031534,-0.5619514584541321,-0.655880331993103,1.0,0.4472135901451111,0.11736313253641129,-0.5242105722427368,0.7087065454524666,0.49794571831788303
-0.18287988006932562,0.04546395535499803,-1.685854434967041,0.9725122451782227,-1.0,-1.341640830039978,-1.0093228816986084,-1.1693928241729736,-1.1613656123670864,0.07555641040843004
-1.3638122081756592,1.5539430379867554,1.1239029169082642,0.9725122451782227,-1.0,0.4472135901451111,1.2440491914749146,0.7661539316177368,-0.2793975648489889,0.16576068335902117
-0.039416540414094925,-0.11596590280532837,2.2478058338165283,-1.198677897453308,1.0,-0.4472135901451111,-1.0093228816986084,-1.1693928241729736,1.1023181358211638,0.6354597513329555
0.5281816124916077,-0.6726022362709045,0.0,-0.655880331993103,1.0,-1.341640830039978,-0.9400408638602418,1.4113361835479736,0.16596737564100444,0.3427626636615155
0.7680175597519134,-0.8498685371303987,-0.5619514584541321,-0.655880331993103,1.0,-1.341640830039978,1.2440491914749146,-0.9326193161987787,0.9035043030559646,0.6046843533174102
1.074999969456383,-1.1005430267247525,-0.12351069881144322,-0.655880331993103,1.0,-0.4472135901451111,0.11736313253641129,1.4113361835479736,0.6605704296257454,0.601131623070915
0.5788828873396006,-0.6726022362709045,0.0,-0.655880331993103,1.0,0.4472135901451111,0.11736313253641129,1.4113361835479736,0.6940795145666078,0.6112142497569604
1.2181121024070787,-1.2075916970631546,-0.47805772396759827,-0.7307609259951344,1.0,-1.341640830039978,1.2440491914749146,-1.1607343924014173,0.9987298131867246,0.7056039373014239
0.7305882610461979,-0.7571902214054305,0.0,-0.655880331993103,1.0,-1.341640830039978,0.11736313253641129,-0.5263696931077443,1.0104133989397746,0.7365026695558576
2.041776657104492,-1.785874843597412,-0.5619514584541321,-1.4700766801834106,1.0,-0.4472135901451111,-1.221853872976266,1.4113361835479736,-0.11484032469925826,0.34289539807269576
0.9044226139006669,-1.0125816589690313,-0.5619514584541321,-0.655880331993103,1.0,1.341640830039978,0.026662541398637662,-0.5242105722427368,0.8502684379792745,0.5381179185882867
-0.5698201224314846,0.5859111047063028,-0.643193541564451,0.9725122451782227,-1.0,-0.4472135901451111,-1.0093228816986084,-0.5242105722427368,-1.1594736288401615,0.07982662895776667
2.041776657104492,-1.785874843597412,-0.5619514584541321,-1.4700766801834106,1.0,0.4472135901451111,0.11736313253641129,1.4113361835479736,0.6176658981458721,0.519599215535434
-1.1746128797531128,1.2756248712539673,0.5619514584541321,0.9725122451782227,-1.0,-1.341640830039978,1.2440491914749146,0.7661539316177368,-0.5562071834895115,0.24768243410547702
-0.9225699638910735,1.0066031573566123,0.0,0.9725122451782227,-1.0,-0.4472135901451111,0.11736313253641129,-0.5242105722427368,-0.9415090450877174,0.14440434347707573
2.041776657104492,-1.785874843597412,-0.5619514584541321,-1.4700766801834106,1.0,1.341640830039978,1.2440491914749146,1.4113361835479736,1.1144523357954246,0.6363433056441332
0.9994241322485858,-0.9726932002916254,0.0,-0.655880331993103,1.0,-0.4472135901451111,0.11736313253641129,0.1209716722369194,0.7069867471662844,0.5125873799622399
0.8658422679864803,-0.9151009141060367,-0.5619514584541321,-0.655880331993103,1.0,-1.341640830039978,0.11736313253641129,-1.1693928241729736,0.6050245906473791,0.6263315545039092
0.9278688543152362,-0.9714051291252791,-0.5619514584541321,-0.655880331993103,1.0,1.341640830039978,0.11736313253641129,0.1209716722369194,0.6034829208481947,0.5342996034210576
2.041776657104492,-1.785874843597412,-0.5619514584541321,-1.4700766801834106,1.0,-1.341640830039978,-1.0093228816986084,0.1292365535644757,0.31874069905244873,0.47903679160597923
0.1023846433749136,-0.40002602967481143,0.5619514584541321,-0.655880331993103,1.0,0.4472135901451111,1.2440491914749146,-1.1693928241729736,1.9513173245645672,0.7461049176039178
-0.039416540414094925,-0.11596590280532837,2.2478058338165283,-1.198677897453308,1.0,-0.4472135901451111,1.2440491914749146,0.1209716722369194,1.7676211229424,0.7483556534217072
-0.24466604457434687,0.1557821866585799,-1.685854434967041,0.9725122451782227,-1.0,-0.2718382923119358,1.2440491914749146,-1.1038424574958134,-0.7476298850792359,0.16441538055206023
-0.9551844497811716,1.002131043980524,0.0,0.9725122451782227,-1.0,0.4472135901451111,-0.14591613137202497,0.3039401201674151,-0.9681422755494882,0.1262503176374765
-1.1746128797531128,1.2756248712539673,0.5619514584541321,0.9725122451782227,-1.0,1.341640830039978,0.11736313253641129,-0.5242105722427368,-0.5829995945235942,0.2752510814022021
-0.039416540414094925,-0.11596590280532837,1.9293077451973202,-0.986633192641233,1.0,1.341640830039978,-1.0093228816986084,1.4113361835479736,1.0599691968121645,0.6147312501682978
0.2170797566145068,-0.30935704119020735,0.5619514584541321,-0.655880331993103,1.0,-1.341640830039978,-0.09986356513186367,-1.1693928241729736,1.540371991171479,0.8462792731335723
1.284979224205017,-1.1539954098681924,0.0,-0.8404085213324577,1.0,-1.341640830039978,-1.0093228816986084,-0.12852880443909154,0.5315651322550026,0.53490059041551
0.5281816124916077,-0.6726022362709045,0.0,-0.655880331993103,1.0,0.4472135901451111,0.11736313253641129,-0.5242105722427368,0.5442163794642773,0.46762165047642934
-1.1746128797531128,1.2756248712539673,0.5619514584541321,0.9725122451782227,-1.0,1.341640830039978,1.2440491914749146,1.4113361835479736,-0.4535682477731677,0.24450057289530472
-0.7016143798828125,0.7189885973930359,-0.5619514584541321,0.9725122451782227,-1.0,-1.341640830039978,-0.05672042052259544,-1.1693928241729736,-0.9943091703425638,0.10301534273269236
-0.039416540414094925,-0.11596590280532837,2.2478058338165283,-1.198677897453308,1.0,1.341640830039978,1.2440491914749146,1.4113361835479736,1.8001025030710989,0.7646981503384266
1.2393930530903123,-1.1889033366429977,-0.2629536184832859,-0.8134791693231815,1.0,1.341640830039978,-1.0093228816986084,-1.011275470150029,0.5106674704043439,0.5086298365859793
1.284979224205017,-1.229238510131836,0.0,-1.198677897453308,1.0,-0.4472135901451111,-0.00867925808801158,0.1209716722369194,0.9202393784989371,0.5786789363408334
-1.1746128797531128,1.2756248712539673,0.5619514584541321,0.9725122451782227,-1.0,-0.23519141761589046,1.2440491914749146,-0.5242105722427368,-0.515160010877706,0.2695212175500757
0.7080492119791525,-0.7806369288913644,0.0,-0.655880331993103,1.0,1.341640830039978,-0.6778593056576201,-1.1693928241729736,0.5134853145007553,0.5049080457410815
-0.7016143798828125,0.7189885973930359,-0.5619514584541321,0.9725122451782227,-1.0,-0.4472135901451111,-1.0093228816986084,-0.5242105722427368,-1.0745726548229952,0.08405384034682038
-0.16173817780795532,0.15392214138963423,-1.685854434967041,0.9725122451782227,-1.0,0.42649650975329356,0.11736313253641129,0.050885279242995685,-1.0075736412183554,0.10966784417201386
0.5281816124916077,-0.6726022362709045,0.0,-0.655880331993103,1.0,-1.3209484916014695,1.2440491914749146,-0.4198632517923146,1.6530870755432525,0.7148638025378923
-0.56737915996008,0.4644650341478141,-0.6685658779976754,0.9725122451782227,-1.0,0.4472135901451111,0.11736313253641129,-0.5242105722427368,-0.9854436185096223,0.12165052500448152
1.284979224205017,-1.229238510131836,0.0,-1.198677897453308,1.0,1.341640830039978,0.11736313253641129,1.4113361835479736,0.9238677953178687,0.6029435294858609
2.041776657104492,-1.785874843597412,-0.5619514584541321,-1.4700766801834106,1.0,-0.4472135901451111,-1.0093228816986084,-0.40296336300306834,0.37442840136569855,0.44659739098358914
0.5281816124916077,-0.6726022362709045,0.0,-0.655880331993103,1.0,-0.21595921557789619,0.11736313253641129,-1.1693928241729736,0.8521509117643085,0.5696117352173822
-1.168915897804537,1.2146766719577877,0.41657274871654676,0.9725122451782227,-1.0,-0.4472135901451111,0.11736313253641129,0.1209716722369194,-0.7345259107827288,0.16820439638218523
-0.3141806779672619,0.3050641963698465,-1.685854434967041,0.9725122451782227,-1.0,1.341640830039978,1.2440491914749146,-0.645015394570337,-0.7869245243439253,0.1854188051090352
0.85056334988117,-0.9196704229461597,-0.5619514584541321,-0.655880331993103,1.0,1.341640830039978,1.2440491914749146,-0.5242105722427368,0.7767405501447241,0.6630774670170371
-0.039416540414094925,-0.11596590280532837,2.2478058338165283,-1.198677897453308,1.0,-0.4472135901451111,1.2440491914749146,1.4113361835479736,1.7088767176787492,0.7528887842746496
-1.3638122081756592,1.5539430379867554,1.1239029169082642,0.9725122451782227,-1.0,-0.4472135901451111,1.2440491914749146,0.1209716722369194,-0.45926029431738963,0.16946003763717576
-1.1746128797531128,1.2756248712539673,0.5619514584541321,0.9725122451782227,-1.0,-0.4280268815506473,1.2440491914749146,-1.1693928241729736,0.0357653960433347,0.35065555038709717
1.284979224205017,-1.2062539968082144,-0.5619514584541321,-0.8388501408586936,1.0,-0.4472135901451111,1.2440491914749146,0.7661539316177368,1.0310826301344218,0.696481281700305
-1.1345511298882163,1.1892880104156973,0.2295628465747016,0.9725122451782227,-1.0,1.341640830039978,1.2440491914749146,1.2386786164714805,-0.6621502346619711,0.2400261372108642
-0.039416540414094925,-0.11596590280532837,2.2478058338165283,-1.198677897453308,1.0,-1.341640830039978,-1.7604470252990723,-1.8145751953125,0.16477726318505298,0.5119365544218748
-0.039416540414094925,-0.11596590280532837,2.2478058338165283,-1.198677897453308,1.0,1.341640830039978,-1.0093228816986084,0.7661539316177368,1.062456453717462,0.6079367108110474
-1.3638122081756592,1.5539430379867554,1.1239029169082642,0.9725122451782227,-1.0,-0.4472135901451111,-1.7604470252990723,-1.8145751953125,-1.3797523605213766,0.03335608347624117
2.041776657104492,-1.785874843597412,-0.5619514584541321,-1.4700766801834106,1.0,-0.4472135901451111,-0.6492979519922392,-0.5242105722427368,0.45767957295533,0.42769343846081087
1.284979224205017,-1.229238510131836,0.0,-1.198677897453308,1.0,-0.4472135901451111,1.2440491914749146,-1.1693928241729736,1.3953834099648939,0.656668250634756
-1.1746128797531128,1.2756248712539673,0.5619514584541321,0.9725122451782227,-1.0,-1.341640830039978,0.00781741842640124,1.4113361835479736,-0.7160395577304002,0.20304873804270412
0.3842330771150393,-0.5365753158999711,0.5619514584541321,-0.655880331993103,1.0,1.341640830039978,-1.0093228816986084,-0.38742714581801485,1.340690185771767,0.8943573132119872
-0.26316845142971246,0.23506999835434028,-1.685854434967041,0.9725122451782227,-1.0,-1.341640830039978,0.11736313253641129,0.7661539316177368,-1.0929999505969208,0.092436522015596
0.28588256084036623,-0.33226925367873433,0.5619514584541321,-0.655880331993103,1.0,-0.39856650636235685,0.11736313253641129,-0.5242105722427368,1.4016482694525803,0.6860324094883112
-0.6395635746238327,0.6690272750016145,-0.5730777676278432,0.9725122451782227,-1.0,-0.4472135901451111,0.11736313253641129,0.1209716722369194,-0.9502689251766527,0.1336525103198788
0.20313983064060917,-0.41001907968980256,0.5619514584541321,-0.655880331993103,1.0,1.341640830039978,0.11736313253641129,0.1209716722369194,1.5197530105015145,0.7588757093148948
-1.3638122081756592,1.5539430379867554,1.1239029169082642,0.9725122451782227,-1.0,0.4472135901451111,1.2440491914749146,1.4113361835479736,-0.5677492402346858,0.15656634934828378
-0.21669306114125794,0.12607491001173202,-1.685854434967041,0.9725122451782227,-1.0,-1.341640830039978,1.2440491914749146,0.7661539316177368,-0.7849172493631291,0.1525470203418331
-1.1746128797531128,1.2756248712539673,0.5619514584541321,0.9725122451782227,-1.0,0.4472135901451111,1.2440491914749146,1.4113361835479736,-0.32310561324939735,0.32363949835053696
-1.0455188571353276,1.17021236450687,0.0,0.9725122451782227,-1.0,-1.341640830039978,-1.7604470252990723,-1.8145751953125,-1.4545089122065356,0.07492074647220316
0.8781178420117253,-0.9118979694040358,-0.18881094505190243,-0.655880331993103,1.0,-0.4472135901451111,-1.7604470252990723,-1.8145751953125,-0.31495486939249495,0.27176718733070243
1.3223346875537043,-1.229238510131836,0.0,-1.198677897453308,1.0,-1.341640830039978,0.11736313253641129,0.7661539316177368,0.968684668525474,0.6178994131463107
0.7286517417871232,-0.6726022362709045,0.0,-0.655880331993103,1.0,-0.4472135901451111,0.11736313253641129,0.733107577676913,0.7258640222232404,0.6135225794656651
0.8571969604241145,-0.9394733002683183,-0.5619514584541321,-0.655880331993103,1.0,-1.341640830039978,1.2440491914749146,-0.5242105722427368,0.8198666103947972,0.6472170012918692
0.29204425399537615,-0.5803024055178722,0.5619514584541321,-0.655880331993103,1.0,1.341640830039978,0.05864200342005105,0.4710135326525537,1.4024191726517299,0.75160053437629
1.284979224205017,-1.229238510131836,0.0,-1.198677897453308,1.0,0.1662637100093206,-0.263539055800184,-0.7757022809898437,0.6798882135480165,0.5534204212084489
-0.5124149918556213,0.37247976554342493,-1.6369352926343934,0.9725122451782227,-1.0,-0.4472135901451111,0.11736313253641129,-0.5242105722427368,-1.0031646172408715,0.11925909007613508
-0.039416540414094925,-0.11596590280532837,2.2478058338165283,-1.198677897453308,1.0,-0.10011197974456215,-1.0093228816986084,0.4868701418000948,1.0142321420110045,0.6198697847738711
-1.1746128797531128,1.2756248712539673,0.5619514584541321,0.9725122451782227,-1.0,0.4472135901451111,0.11736313253641129,-0.5242105722427368,-0.5416843403524081,0.31437702521603234
-1.1746128797531128,1.2756248712539673,0.5619514584541321,0.9725122451782227,-1.0,1.341640830039978,0.11736313253641129,-0.7895329805499585,-0.5405960531786259,0.2756729549832638
-0.20111725953529325,0.1913161107505412,-1.685854434967041,0.9725122451782227,-1.0,0.08057982853348977,-1.0093228816986084,0.1209716722369194,-1.162053495003026,0.07738054338468718
-1.072869098067599,1.1060720610003547,0.0,0.9725122451782227,-1.0,-0.4472135901451111,-0.7908042385929535,-0.5242105722427368,-0.9486239397781234,0.12330465937557562
-0.8044619130435258,0.7314142444502633,-0.13045834781651383,0.9725122451782227,-1.0,-1.341640830039978,-1.0093228816986084,0.7661539316177368,-1.0059318232314052,0.10372798050282653
-1.1746128797531128,1.2756248712539673,0.37728373913430147,0.9725122451782227,-1.0,-1.341640830039978,0.11736313253641129,1.4113361835479736,-0.7347093928557433,0.16654530945535898
-0.7016143798828125,0.7189885973930359,-0.5619514584541321,0.9725122451782227,-1.0,0.4472135901451111,-0.594703448396752,-0.28199377986043317,-1.0532246523734252,0.1053918329538351
0.8852089452337263,-0.9837654597763348,-0.5619514584541321,-0.655880331993103,1.0,1.341640830039978,0.11736313253641129,-0.5242105722427368,0.5468659472553029,0.6235493586057014
-1.3638122081756592,1.5539430379867554,1.1239029169082642,0.9725122451782227,-1.0,0.4472135901451111,-1.0093228816986084,-0.3737628232829038,-0.93027645948458,0.0968965325207154
2.041776657104492,-1.785874843597412,-0.5619514584541321,-1.4700766801834106,1.0,-0.4472135901451111,-1.7604470252990723,-1.8145751953125,-0.6729047558640399,0.3256135071920897
0.7635759365818521,-0.8167670578410204,-0.5619514584541321,-0.655880331993103,1.0,-1.341640830039978,1.2440491914749146,0.1209716722369194,0.8353861635620179,0.6363171153642901
-0.2276838589952504,0.1165972578755873,-1.685854434967041,0.9725122451782227,-1.0,-1.341640830039978,1.2440491914749146,-0.23086563679996097,-0.7774870850061759,0.15490686950798788
0.8269605587685747,-0.8956604691055059,-0.5619514584541321,-0.655880331993103,1.0,0.4472135901451111,1.2440491914749146,-1.1338273822073663,1.0346247037233043,0.5901795556477691
-1.1746128797531128,1.2756248712539673,0.5619514584541321,0.9725122451782227,-1.0,0.4472135901451111,-1.0093228816986084,-1.353150501636185,-0.7094002875191188,0.22050499849333555
0.8418590553819314,-0.9252965400293602,-0.5619514584541321,-0.655880331993103,1.0,-0.1825609706043812,-1.0093228816986084,0.7661539316177368,0.2528524530509276,0.503967283086403
2.041776657104492,-1.785874843597412,-0.5619514584541321,-1.4700766801834106,1.0,1.341640830039978,1.2440491914749146,0.4249034033742323,1.0051308110632315,0.6304432285135583
-0.7196898151060935,0.7294335319979498,-0.2603313237092327,0.9725122451782227,-1.0,-1.341640830039978,-0.3114102277351066,0.1209716722369194,-0.9975552055291872,0.09671792341821975
-0.6561516559096218,0.5910054074729914,-0.6152767144434846,0.9725122451782227,-1.0,1.341640830039978,-1.0093228816986084,1.4113361835479736,-1.1111937085391055,0.09175599002631808
-0.5124149918556213,0.4406704306602478,-1.048942239562287,0.9725122451782227,-1.0,-1.341640830039978,-1.7604470252990723,-1.8145751953125,-1.5771645340191167,0.008464077972315805
1.284979224205017,-1.229238510131836,0.0,-1.198677897453308,1.0,1.341640830039978,0.11736313253641129,0.7661539316177368,0.7267338428808473,0.5906663424649505
0.5281816124916077,-0.6726022362709045,0.0,-0.655880331993103,1.0,-1.341640830039978,1.2440491914749146,0.7661539316177368,0.7374072799660969,0.514120362445172
-1.1746128797531128,1.2756248712539673,0.5619514584541321,0.9725122451782227,-1.0,1.341640830039978,1.2440491914749146,1.4113361835479736,-0.4632804145185384,0.3339629525218321
1.284979224205017,-1.229238510131836,0.0,-1.198677897453308,1.0,-0.4472135901451111,-1.0093228816986084,-0.21380631338384515,0.8278807264868373,0.5476700165458299
0.020306049977328405,-0.11596590280532837,2.2478058338165283,-1.198677897453308,1.0,-0.4472135901451111,-1.0093228816986084,-0.5242105722427368,1.0527311619266853,0.6594124471114492
2.041776657104492,-1.785874843597412,-0.5619514584541321,-1.4700766801834106,1.0,-1.341640830039978,0.11736313253641129,0.17306996750490763,0.6577362687298797,0.5091568840595838
2.041776657104492,-1.785874843597412,-0.5619514584541321,-1.4700766801834106,1.0,1.341640830039978,1.2440491914749146,-0.5242105722427368,0.9831888983789067,0.6124126881796474
1.0195782758716163,-1.0021595397213625,-0.5619514584541321,-0.655880331993103,1.0,0.4472135901451111,0.09625280863370947,-0.5242105722427368,0.8163271369987678,0.5094171482450992
0.2860088059262577,-0.3577196059401328,0.6582639235266069,-0.655880331993103,1.0,-0.4472135901451111,-1.0093228816986084,1.4113361835479736,1.4809628659212162,0.6711072660256275
-1.1746128797531128,1.2756248712539673,0.5619514584541321,0.9725122451782227,-1.0,-1.341640830039978,-1.0093228816986084,-0.9081053693965434,-0.6609421027324982,0.22806260814759519
-0.15088732099487784,0.026759118383691938,-1.685854434967041,0.9725122451782227,-1.0,0.4472135901451111,1.2440491914749146,-1.2642935614844308,-0.7590659957438978,0.1551493975288198
0.5281816124916077,-0.6726022362709045,0.0,-0.655880331993103,1.0,1.341640830039978,-1.0093228816986084,1.4113361835479736,0.169032786852819,0.45221166750368746
-0.5124149918556213,0.4406704306602478,-1.2573741184664513,0.9725122451782227,-1.0,0.4472135901451111,0.11736313253641129,1.4113361835479736,-1.0024380942830362,0.10917402513095364
0.8530494508089149,-0.9854164851432613,-0.5619514584541321,-0.655880331993103,1.0,0.2858382475870136,-1.7604470252990723,-1.8145751953125,-0.5402970943575532,0.43490584688457035
-0.5124149918556213,0.4406704306602478,-0.811112645299416,0.9725122451782227,-1.0,1.341640830039978,0.11736313253641129,-0.5242105722427368,-1.039006571334951,0.11242284729873406
-0.039416540414094925,-0.11596590280532837,2.2478058338165283,-1.198677897453308,1.0,0.4472135901451111,1.2440491914749146,-0.13047017654861398,1.7024009229528831,0.7498641451548582
0.5602651080555049,-0.6938707041833335,0.0,-0.655880331993103,1.0,0.4472135901451111,-1.7604470252990723,-1.8145751953125,-0.13374511347669288,0.4262524330432559
0.873087367857841,-0.726812986305071,-0.34829056222245425,-0.655880331993103,1.0,1.341640830039978,-0.11153507254981398,-1.1693928241729736,0.6332196778711211,0.6657504669745198
-0.5920873867487104,0.4406704306602478,-0.6256920151250193,0.9725122451782227,-1.0,-1.341640830039978,0.11736313253641129,0.7661539316177368,-0.9605836748434634,0.12294345295499207
-0.9414756130944494,0.9263225141258927,0.0,0.9725122451782227,-1.0,1.341640830039978,-1.0093228816986084,-1.148035925848389,-0.9705138653312096,0.10653288994611367
0.5281816124916077,-0.715818936383569,-0.4744467852895422,-0.655880331993103,1.0,0.34369692688173525,1.2440491914749146,-1.1693928241729736,0.7996206316057574,0.5088384596895771
-0.9321936439107252,0.8856814959520528,0.0,0.9725122451782227,-1.0,1.341640830039978,0.11736313253641129,-0.5242105722427368,-0.9450457242517158,0.12194849715245219
0.5281816124916077,-0.6726022362709045,0.0,-0.655880331993103,1.0,1.341640830039978,-1.0093228816986084,0.7661539316177368,0.3348731943827492,0.38631464767881746
-1.3638122081756592,1.5539430379867554,1.1239029169082642,0.9725122451782227,-1.0,-0.4472135901451111,-1.0093228816986084,0.6131642791797232,-0.9329861856890638,0.09220387091845779
-1.3638122081756592,1.5539430379867554,1.1239029169082642,0.9725122451782227,-1.0,1.341640830039978,1.2440491914749146,-0.5242105722427368,-0.5700335360691715,0.1441526290503733
-1.1746128797531128,1.2756248712539673,0.5619514584541321,0.9725122451782227,-1.0,-0.4472135901451111,-1.0093228816986084,1.4113361835479736,-0.677082627222241,0.2488471481454145
0.8939715166951643,-0.923082760447259,-0.5619514584541321,-0.655880331993103,1.0,-1.341640830039978,1.2440491914749146,0.1209716722369194,0.9980977638701974,0.6191497731386988
-1.3638122081756592,1.5539430379867554,1.1239029169082642,0.9725122451782227,-1.0,1.341640830039978,-1.0093228816986084,-0.14811266511783416,-0.9356285437267783,0.0844538825729281
0.8235126804702406,-0.8393328055380314,0.0,-0.7738999805312479,1.0,-1.341640830039978,-0.9601595690407665,-1.1693928241729736,0.9455434693637632,0.6718131846865014
1.0589917584069835,-1.1226763255677492,0.0,-1.198677897453308,1.0,0.4472135901451111,1.2440491914749146,1.4113361835479736,1.3962369906306122,0.7500790936850119
-0.5124149918556213,0.4406704306602478,-1.2608554884604724,0.9725122451782227,-1.0,0.4472135901451111,-1.0093228816986084,-0.5242105722427368,-1.162383609543419,0.09224516594591499
2.041776657104492,-1.785874843597412,-0.5619514584541321,-1.4700766801834106,1.0,-1.341640830039978,1.2440491914749146,0.7661539316177368,1.0262015044846216,0.5990108345672345
-0.22032052350162326,0.13493659408232767,-1.685854434967041,0.9725122451782227,-1.0,-0.08801180985488605,-1.0093228816986084,0.7661539316177368,-1.272136700377064,0.05949946606439423
1.0169166625807058,-1.0294861909172297,-0.5619514584541321,-0.655880331993103,1.0,1.341640830039978,-1.0093228816986084,0.6754282375602237,0.43861884237076004,0.4936238871443353
-0.10908533475112225,0.07651733622780427,-1.685854434967041,0.9725122451782227,-1.0,1.341640830039978,0.11736313253641129,1.4113361835479736,-1.0783337313621082,0.10391216004687832
0.7248650959885816,-0.7850064580398279,-0.5619514584541321,-0.655880331993103,1.0,-0.4472135901451111,-0.36750906909159764,1.4113361835479736,0.4625083785880267,0.48345335620239505
-0.9061719760747655,0.9634534397450897,0.0,0.9725122451782227,-1.0,-0.4472135901451111,-1.0093228816986084,-0.5242105722427368,-1.0935298277803114,0.08668876698759978
-1.3638122081756592,1.5539430379867554,1.1239029169082642,0.9725122451782227,-1.0,-1.341640830039978,0.11736313253641129,0.7661539316177368,-0.8496508319065279,0.11248565114141128
2.041776657104492,-1.785874843597412,-0.5619514584541321,-1.4700766801834106,1.0,-0.4472135901451111,1.2440491914749146,1.4113361835479736,0.9543936468596006,0.5942325973852007
-0.23182773576548354,0.08018192869946786,-1.685854434967041,0.9725122451782227,-1.0,-0.4472135901451111,1.2440491914749146,0.1209716722369194,-0.772692699082303,0.15715825797822497
2.041776657104492,-1.785874843597412,-0.5619514584541321,-1.4700766801834106,1.0,-0.4472135901451111,1.2440491914749146,0.7661539316177368,0.6346849407896109,0.5632477949676847
1.284979224205017,-1.229238510131836,0.0,-1.198677897453308,1.0,0.0075673605525887755,-0.8519103118146125,0.1209716722369194,0.7856811245339058,0.6110056106655695
0.5281816124916077,-0.6726022362709045,0.0,-0.655880331993103,1.0,-1.341640830039978,-1.0093228816986084,-0.5242105722427368,0.028064906110698687,0.40683912654776955
1.284979224205017,-1.229238510131836,0.0,-1.198677897453308,1.0,-0.4472135901451111,-1.0093228816986084,1.4113361835479736,0.6804054342860076,0.5140647437984174
-1.1746128797531128,1.2756248712539673,0.5619514584541321,0.9725122451782227,-1.0,-1.341640830039978,-1.0093228816986084,1.4113361835479736,-0.7540617534694938,0.22531142303083795
1.284979224205017,-1.229238510131836,0.0,-1.198677897453308,1.0,1.341640830039978,1.2440491914749146,1.4113361835479736,1.3510404325164431,0.7666210247483838
0.5281816124916077,-0.6726022362709045,0.0,-0.655880331993103,1.0,1.0302155515518838,-1.0093228816986084,0.7661539316177368,-0.0618852373977673,0.4054870274569453
-1.3638122081756592,1.5539430379867554,1.1239029169082642,0.9725122451782227,-1.0,-1.341640830039978,0.11736313253641129,-1.1693928241729736,-0.7362930081142707,0.13205856756096648
2.041776657104492,-1.785874843597412,-0.5619514584541321,-1.4700766801834106,1.0,1.341640830039978,1.2440491914749146,1.4113361835479736,1.0303422498207637,0.6233932466128492
-0.5124149918556213,0.4406704306602478,-1.303844899796421,0.9725122451782227,-1.0,-1.341640830039978,-0.9077501223110896,-0.5242105722427368,-1.079422135322988,0.09602636611661412
0.6999114473081968,-0.7879984543225447,0.42492700689789564,-0.8410134206012199,1.0,-0.4472135901451111,0.11736313253641129,-1.1693928241729736,1.2955382394769803,0.7006259052759899
-1.3638122081756592,1.5539430379867554,1.1239029169082642,0.9725122451782227,-1.0,-1.341640830039978,0.11736313253641129,-0.5921165538635418,-0.8277104206095433,0.11920949265859178
0.5281816124916077,-0.6726022362709045,0.0,-0.655880331993103,1.0,-0.41834963317704493,0.11736313253641129,1.4113361835479736,0.2791334591972192,0.5141910236670332
0.09623499667008312,-0.2063649810676719,1.9852171851833669,-1.198677897453308,1.0,-0.4472135901451111,1.2440491914749146,-0.3560619984884784,1.7409658277130438,0.7997541717090042
0.6971885279406074,-0.8163824958671722,-0.2410300966100027,-0.655880331993103,1.0,0.4472135901451111,1.2440491914749146,1.4113361835479736,0.7676119274017486,0.6287760991533632
-0.2868601079539166,0.11390166465381013,-1.685854434967041,0.9725122451782227,-1.0,0.4472135901451111,-1.0093228816986084,-0.5242105722427368,-1.1488830589416745,0.082452355879871
0.5082572058973445,-0.6582206091132963,0.0,-0.655880331993103,1.0,-0.39422039562419775,0.11736313253641129,-0.5242105722427368,0.5947718485189781,0.5116191413687007
-1.1746128797531128,1.2756248712539673,0.5619514584541321,0.9725122451782227,-1.0,1.341640830039978,0.11736313253641129,-0.5242105722427368,-0.6941035992401463,0.22956209212469844
0.970438312308594,-0.9614978647054087,0.0,-0.8310305970956176,1.0,1.341640830039978,-1.0093228816986084,1.4113361835479736,0.8821732041677341,0.7018154183065018
-0.039416540414094925,-0.11596590280532837,2.2478058338165283,-1.198677897453308,1.0,0.4472135901451111,0.11736313253641129,-0.5242105722427368,1.4921544494396777,0.7047294562942686
0.5281816124916077,-0.6726022362709045,0.0,-0.655880331993103,1.0,1.341640830039978,1.2440491914749146,1.4113361835479736,0.6529686405744027,0.633551011987374
-0.5124149918556213,0.4406704306602478,-1.0980436331584777,0.9725122451782227,-1.0,1.341640830039978,0.11736313253641129,1.4113361835479736,-1.0336587947039366,0.0989419597518677
-0.2857554629243214,0.026678048111689168,-1.685854434967041,0.9725122451782227,-1.0,-1.341640830039978,-1.7604470252990723,-1.8145751953125,-1.6129758100190288,4.120580449874281e-05
-0.7016143798828125,0.7189885973930359,-0.5619514584541321,0.9725122451782227,-1.0,0.4472135901451111,1.2440491914749146,1.4113361835479736,-0.8767952528912363,0.1414624146282799
-0.6500231702297403,0.5643481259878818,-0.6707265547771714,0.9725122451782227,-1.0,1.341640830039978,1.2440491914749146,-1.1693928241729736,-0.7464355275200922,0.16212859080899028
2.041776657104492,-1.785874843597412,-0.5619514584541321,-1.4700766801834106,1.0,-1.341640830039978,0.11736313253641129,1.4113361835479736,0.6173516613384888,0.4839550169641925
0.10612058892140303,-0.3040872176756589,1.1239029169082642,-0.655880331993103,1.0,-0.4472135901451111,0.11736313253641129,-0.5242105722427368,1.5462093406861248,0.7377687191196973
-0.15046227421978048,0.21076871648602524,-1.685854434967041,0.9725122451782227,-1.0,-0.4472135901451111,1.2440491914749146,1.4113361835479736,-0.8213673001365789,0.15341999405959586
-0.36573167099038684,0.2566883881426692,-1.685854434967041,0.9725122451782227,-1.0,-1.341640830039978,0.11736313253641129,1.4113361835479736,-1.0212734359066948,0.10012128210887664
2.041776657104492,-1.785874843597412,-0.5619514584541321,-1.4700766801834106,1.0,1.341640830039978,-1.0093228816986084,1.4113361835479736,0.35538410409666393,0.42885833259455786
0.5281816124916077,-0.6726022362709045,0.0,-0.655880331993103,1.0,1.341640830039978,-1.0093228816986084,-0.2663835459750208,-0.05816730083105226,0.362756987721547
-1.1746128797531128,1.2756248712539673,0.5619514584541321,0.9725122451782227,-1.0,1.341640830039978,0.11736313253641129,-1.1693928241729736,-0.687952068415104,0.19863571547487036
-0.23085514567107318,0.17753834622521564,-1.685854434967041,0.9725122451782227,-1.0,0.4472135901451111,1.2440491914749146,0.1209716722369194,-0.9533893626139931,0.14012089439541592
2.041776657104492,-1.785874843597412,-0.5619514584541321,-1.4700766801834106,1.0,-0.4472135901451111,-0.6253961061503959,-0.5242105722427368,0.4147676605522521,0.4713009663835712
-1.3638122081756592,1.5539430379867554,1.1239029169082642,0.9725122451782227,-1.0,0.39448553535792175,-1.0093228816986084,1.4113361835479736,-0.9591482556143662,0.0890595068232543
-0.7016143798828125,0.7189885973930359,-0.5619514584541321,0.9725122451782227,-1.0,0.4472135901451111,1.2440491914749146,-1.1531088907909988,-0.730136290350753,0.15696683149639015
0.28372629031355484,-0.4417180961048652,0.5619514584541321,-0.655880331993103,1.0,-0.4472135901451111,1.2440491914749146,0.7661539316177368,1.9465101376415879,0.9427693153269043
-1.1546400138090354,1.1996427667354461,0.03875982623221202,0.9725122451782227,-1.0,0.06119720946774543,0.11736313253641129,-0.5242105722427368,-0.7289358326153668,0.17087963894018232
-1.3638122081756592,1.5539430379867554,1.1239029169082642,0.9725122451782227,-1.0,-0.4472135901451111,0.11736313253641129,1.101742518698599,-0.9034805300630236,0.10271382696255456
0.5281816124916077,-0.6564621575720095,0.0,-0.655880331993103,1.0,-0.4472135901451111,1.2440491914749146,-0.11542276324534206,0.6109901505465282,0.4660109289809062
-1.3638122081756592,1.5539430379867554,1.1239029169082642,0.9725122451782227,-1.0,1.341640830039978,1.2440491914749146,-1.1693928241729736,-0.6091295567373568,0.16946422303589553
-1.3638122081756592,1.5539430379867554,1.1239029169082642,0.9725122451782227,-1.0,0.4472135901451111,1.2440491914749146,1.4113361835479736,-0.551961148889118,0.17001903951855338
0.8659611607504666,-1.013749070977478,-0.5093790845537051,-0.655880331993103,1.0,-0.33065555628131793,-0.0573713304891123,-0.5242105722427368,0.6950635826058184,0.5112770447729494
-1.1746128797531128,1.2756248712539673,0.5619514584541321,0.9725122451782227,-1.0,0.824779535208015,1.2440491914749146,-1.1693928241729736,-0.3186470638093597,0.329163058536535
-0.7515155253542547,0.7685293020022795,-0.2508283809868419,0.9725122451782227,-1.0,-0.07835872263056165,0.11736313253641129,1.4113361835479736,-0.972538497407327,0.11667232381035646
-0.8850361932099505,0.9302259299992941,0.0,0.9725122451782227,-1.0,-0.4472135901451111,1.2440491914749146,0.1209716722369194,-0.6957382565198591,0.233175878650823
0.2718616256183094,-0.46763996967994603,0.5619514584541321,-0.655880331993103,1.0,-0.2847304083174341,0.11736313253641129,0.06893714276934393,1.5891887912220597,0.8085238528212744
0.228618129785168,-0.4574542866454373,0.5619514584541321,-0.655880331993103,1.0,-1.341640830039978,1.2440491914749146,-0.5242105722427368,2.0237476282751685,0.7503052525712384
-0.039416540414094925,-0.11596590280532837,2.2478058338165283,-1.198677897453308,1.0,-0.4472135901451111,-1.7604470252990723,-1.8145751953125,0.20103809795061267,0.5040266822251753
-1.3638122081756592,1.5539430379867554,1.1239029169082642,0.9725122451782227,-1.0,0.25514795278181723,1.2440491914749146,0.8315620311779921,-0.5873111028081748,0.16448155803195158
1.284979224205017,-1.229238510131836,0.0,-1.198677897453308,1.0,-1.341640830039978,-1.0093228816986084,1.168561967645485,0.6987011287492637,0.5928659228346038
2.041776657104492,-1.785874843597412,-0.5619514584541321,-1.4700766801834106,1.0,-1.0969478166297209,0.11736313253641129,1.4113361835479736,0.6277258847953776,0.5448700425720843
-0.18441866161374015,0.01587306606153316,-1.685854434967041,0.9725122451782227,-1.0,-1.341640830039978,1.2440491914749146,0.1209716722369194,-0.8566929645283615,0.15283866827091278
0.45983598983729623,-0.6325549838587732,0.0,-0.655880331993103,1.0,1.341640830039978,0.05252619060130247,1.4113361835479736,-0.0344722490338083,0.4136161740342261
2.041776657104492,-1.785874843597412,-0.5619514584541321,-1.4700766801834106,1.0,-1.341640830039978,-0.3890907457102031,1.4113361835479736,0.31840111762246076,0.4823843643398888
-1.0548751115237653,1.0442332854388476,0.0,0.9725122451782227,-1.0,-0.4472135901451111,0.02681347745568638,-1.1693928241729736,-0.9386482993894529,0.12270437834058402
0.48247596583480223,-0.5344294733456544,1.1239029169082642,-1.198677897453308,1.0,-1.341640830039978,1.2440491914749146,1.2903798399711792,1.4939527633162994,0.6659218440887454
1.284979224205017,-1.229238510131836,0.0,-1.198677897453308,1.0,-1.341640830039978,-1.7604470252990723,-1.8145751953125,-0.2538303594455017,0.4964538204532853
-0.039416540414094925,-0.1263208478750215,2.10417086793228,-1.0838427052185458,1.0,1.341640830039978,0.11736313253641129,-1.450761534398611,1.4483083267689882,0.694816467904542
-1.3638122081756592,1.5539430379867554,1.1239029169082642,0.9725122451782227,-1.0,1.341640830039978,-1.0093228816986084,-1.1472353099909933,-0.9213743185005632,0.08904996653625531
0.5281816124916077,-0.6726022362709045,0.0,-0.655880331993103,1.0,0.4472135901451111,1.2440491914749146,-0.5242105722427368,0.6694763070699616,0.4703045436687679
-1.002437967005668,1.067862039475437,0.0,0.9725122451782227,-1.0,1.341640830039978,1.2440491914749146,0.1209716722369194,-0.7075475154276248,0.23566754477553592
0.5281816124916077,-0.6726022362709045,0.0,-0.655880331993103,1.0,0.4472135901451111,1.2440491914749146,-0.5242105722427368,0.7287374464954413,0.5445476555520778
-0.6694128480925436,0.6023590717758119,-0.607336318924429,0.9725122451782227,-1.0,1.341640830039978,0.11736313253641129,-0.5242105722427368,-0.9157555175935673,0.13910335773127602
-0.039416540414094925,-0.11596590280532837,2.2478058338165283,-1.198677897453308,1.0,-1.341640830039978,-1.0093228816986084,1.4113361835479736,1.0063071844760736,0.6378790473869281
0.5281816124916077,-0.6726022362709045,0.0,-0.655880331993103,1.0,-1.341640830039978,-0.9912480243017804,1.4113361835479736,0.18031610564095307,0.3086532807885343
-0.5124149918556213,0.4406704306602478,-0.9606630294418901,0.9725122451782227,-1.0,-1.341640830039978,1.2440491914749146,1.4113361835479736,-0.9554754303255136,0.11330010675656932
-1.137136258262954,1.2163825945847073,0.2820409271339363,0.9725122451782227,-1.0,-0.4442636129484747,-1.4185168674545314,-1.512856501705102,-0.9354696307169577,0.15621466846377383
-0.9946669037114179,1.0097992454773097,0.0,0.9725122451782227,-1.0,-0.4472135901451111,0.11736313253641129,1.4113361835479736,-0.9350823471375889,0.14073076951137994
-1.1746128797531128,1.2756248712539673,0.5619514584541321,0.9725122451782227,-1.0,-0.4472135901451111,0.11736313253641129,0.7661539316177368,-0.27395014374389215,0.2567795786470034
-1.1746128797531128,1.2756248712539673,0.5619514584541321,0.9725122451782227,-1.0,-1.341640830039978,0.11736313253641129,1.4113361835479736,-0.6905627562386769,0.21867174614276286
-0.4724390686773653,0.4406704306602478,-1.2852273065640247,0.9725122451782227,-1.0,0.4472135901451111,-1.0093228816986084,1.0988385538478411,-1.160570011321244,0.0777375392686383
2.041776657104492,-1.785874843597412,-0.5619514584541321,-1.4700766801834106,1.0,-1.341640830039978,1.2440491914749146,0.1209716722369194,1.0126755398489982,0.6149539548141796
-0.7016143798828125,0.7189885973930359,-0.5619514584541321,0.9725122451782227,-1.0,0.4472135901451111,0.11736313253641129,-1.1693928241729736,-0.9572005540382912,0.12818763156841514
-0.7485728126226867,0.7189885973930359,-0.5589620179138145,0.9725122451782227,-1.0,-1.341640830039978,1.2440491914749146,-1.1693928241729736,-0.7392768730483362,0.16092673939839827
-0.5124149918556213,0.4406704306602478,-1.048485805245479,0.9725122451782227,-1.0,-1.341640830039978,0.11736313253641129,0.1209716722369194,-0.9924598976126834,0.10483610712938692
-0.039416540414094925,-0.11596590280532837,2.2478058338165283,-1.198677897453308,1.0,0.4472135901451111,-1.0093228816986084,1.4113361835479736,1.1695430793764123,0.6466110188358026
0.5281816124916077,-0.6726022362709045,0.0,-0.655880331993103,1.0,-0.30594787722913896,1.2440491914749146,-1.1693928241729736,1.0085764112959674,0.5674919711238257
-0.039416540414094925,-0.11596590280532837,2.2478058338165283,-1.198677897453308,1.0,-0.4472135901451111,0.11736313253641129,1.4113361835479736,1.3805787961494633,0.6861521912896329
0.5281816124916077,-0.6726022362709045,0.0,-0.655880331993103,1.0,0.4472135901451111,0.11736313253641129,1.4113361835479736,1.2935977740504396,0.6161756790190853
0.553124831840969,-0.6726022362709045,0.0,-0.655880331993103,1.0,-1.341640830039978,1.2440491914749146,1.4113361835479736,0.9660274373911281,0.539506547105648
0.5281816124916077,-0.6726022362709045,0.0,-0.655880331993103,1.0,1.341640830039978,-1.0093228816986084,1.4113361835479736,0.15291328548992889,0.47057144708449566
2.041776657104492,-1.785874843597412,-0.5619514584541321,-1.4700766801834106,1.0,-1.341640830039978,0.11736313253641129,0.1209716722369194,0.5968794594892269,0.5123079230038841
2.041776657104492,-1.785874843597412,-0.5619514584541321,-1.4700766801834106,1.0,1.341640830039978,1.2440491914749146,0.7661539316177368,1.0387188316607545,0.6242212129079727
2.041776657104492,-1.785874843597412,-0.5619514584541321,-1.4700766801834106,1.0,-0.4472135901451111,-1.7604470252990723,-1.8145751953125,-0.7097770197264306,0.2545748788580185
0.5281816124916077,-0.6726022362709045,0.0,-0.655880331993103,1.0,0.4472135901451111,-1.7604470252990723,-1.8145751953125,-0.6340351417656168,0.2515442724760024
-1.0018029476097146,1.0165355727144572,0.0,0.9725122451782227,-1.0,-1.341640830039978,0.11736313253641129,-0.5242105722427368,-0.9084124662633456,0.13031607882139154
1.284979224205017,-1.229238510131836,0.0,-1.198677897453308,1.0,1.341640830039978,0.11736313253641129,-0.17412950014356338,1.0138286064188717,0.6093061564831551
2.041776657104492,-1.785874843597412,-0.5619514584541321,-1.4700766801834106,1.0,0.9419563407920984,-1.0093228816986084,-0.5242105722427368,0.17512044951718256,0.3247292463060221
1.0820466198496852,-1.0048895710357753,0.0,-0.655880331993103,1.0,0.4472135901451111,1.2440491914749146,-0.5242105722427368,1.1271080880962716,0.6415454356758763
-0.6509173147324105,0.6350325835287363,-0.6234198396866879,0.9725122451782227,-1.0,-1.341640830039978,0.11736313253641129,0.1209716722369194,-0.9452836883105886,0.11919354936142627
-1.0436995569837204,1.0768888234448237,0.0,0.9725122451782227,-1.0,1.341640830039978,-1.7604470252990723,-1.8145751953125,-1.5005917266042683,0.07700040867170747
-0.039416540414094925,-0.11596590280532837,2.2478058338165283,-1.198677897453308,1.0,0.8063494323736806,1.2440491914749146,-0.7554388496716263,1.6925142710071062,0.7703622663923568
-1.1746128797531128,1.2756248712539673,0.5619514584541321,0.9725122451782227,-1.0,1.341640830039978,0.11736313253641129,1.4113361835479736,-0.642913026764473,0.22046100732368137
-0.7863336856248935,0.7693659515484673,0.0,0.9725122451782227,-1.0,-0.4472135901451111,1.2440491914749146,1.4113361835479736,-0.7782141520190442,0.1503617804243034
-0.2419473951907754,0.11171291950914702,-1.685854434967041,0.9725122451782227,-1.0,-0.4472135901451111,1.2440491914749146,-0.9053747697759411,-0.7690424606592168,0.14801455064278388
0.5281816124916077,-0.6726022362709045,0.0,-0.655880331993103,1.0,-0.4472135901451111,-1.0093228816986084,1.4113361835479736,0.11914205521872426,0.3550527598687945
1.284979224205017,-1.229238510131836,0.0,-1.198677897453308,1.0,-0.4472135901451111,1.2440491914749146,0.7661539316177368,1.3802645343774436,0.7089270564939291
-0.17713392536730121,0.1588456068967362,-1.685854434967041,0.9725122451782227,-1.0,-0.4472135901451111,1.2440491914749146,1.4113361835479736,-0.9164224894738398,0.1401011217618927
-1.1746128797531128,1.2756248712539673,0.5619514584541321,0.9725122451782227,-1.0,-1.341640830039978,-1.7604470252990723,-1.8145751953125,-1.1586409049633288,0.1302953423939891
-0.9335125777143685,0.9976076704279003,0.0,0.9725122451782227,-1.0,1.341640830039978,0.11736313253641129,0.7661539316177368,-0.8845127639794584,0.14939075795851578
-0.039416540414094925,-0.11596590280532837,2.2478058338165283,-1.198677897453308,1.0,0.4472135901451111,0.11736313253641129,0.1209716722369194,1.2994440573375678,0.7042532887036811
-0.801921944610193,0.8516663558192761,0.0,0.9725122451782227,-1.0,-0.4472135901451111,1.2440491914749146,-0.5242105722427368,-0.7319306476320322,0.16767749734768791
2.041776657104492,-1.785874843597412,-0.5619514584541321,-1.4700766801834106,1.0,1.341640830039978,0.11736313253641129,-0.5242105722427368,0.6215001530043753,0.4858233211533315
-1.1746128797531128,1.2756248712539673,0.5619514584541321,0.9725122451782227,-1.0,-0.43789505783532406,1.2440491914749146,-1.0185062156431592,-0.32515261497310777,0.27619114338718337
-0.22269206675398448,0.1948075334517631,-1.685854434967041,0.9725122451782227,-1.0,-0.4472135901451111,1.2440491914749146,-0.5242105722427368,-0.7651565818369664,0.15878731827834977
2.041776657104492,-1.785874843597412,-0.5619514584541321,-1.4700766801834106,1.0,1.341640830039978,-1.0093228816986084,-0.5242105722427368,0.39887338083945856,0.488006096945533
-1.0665253211372432,1.1310494229211878,0.0,0.9725122451782227,-1.0,1.341640830039978,-1.0093228816986084,0.1209716722369194,-0.9335516917955514,0.11862409001067782
-0.039416540414094925,-0.11596590280532837,2.2478058338165283,-1.198677897453308,1.0,0.4472135901451111,0.09861393460933648,-1.1673250175621268,1.1860067949850166,0.6713944566449076
-0.7383647281132393,0.7349789380429952,-0.5619514584541321,0.9725122451782227,-1.0,0.4472135901451111,1.2440491914749146,1.4113361835479736,-0.7705743927438717,0.1593622930135531
2.041776657104492,-1.785874843597412,-0.5619514584541321,-1.4700766801834106,1.0,-1.341640830039978,-1.0093228816986084,-0.5242105722427368,0.36870825850756317,0.39987110989477964
-0.039416540414094925,-0.11596590280532837,2.2478058338165283,-1.198677897453308,1.0,-0.4472135901451111,-1.0093228816986084,0.7661539316177368,0.9943000959471813,0.6517363553995075
1.284979224205017,-1.229238510131836,0.0,-1.198677897453308,1.0,-0.4472135901451111,-1.0093228816986084,-0.5242105722427368,0.8021666138697378,0.5268317734498215
0.5281816124916077,-0.6390250678580528,0.0,-0.655880331993103,1.0,-1.341640830039978,-1.0093228816986084,0.7661539316177368,0.19891969019995462,0.4234491606792199
-1.0213941938780693,1.0311000632986416,0.0,0.9725122451782227,-1.0,1.341640830039978,-1.7604470252990723,-1.8145751953125,-1.4928584025819325,0.07408807174749737
1.1419230459728709,-1.0852830671176927,-0.21465590497033593,-0.655880331993103,1.0,0.4472135901451111,1.2440491914749146,-0.5242105722427368,1.2262881325323058,0.6646826849671046
-0.27762932563844833,0.27988148885288716,-1.685854434967041,0.9725122451782227,-1.0,-1.341640830039978,0.11736313253641129,1.4113361835479736,-1.0721034175449342,0.09921855420352736
-1.1746128797531128,1.2756248712539673,0.5619514584541321,0.9725122451782227,-1.0,-0.4472135901451111,-0.007909518210481858,1.4113361835479736,-0.6867322512603006,0.24051466364591068
1.284979224205017,-1.229238510131836,0.0,-1.198677897453308,1.0,0.4472135901451111,0.11736313253641129,1.4113361835479736,0.7805142345023798,0.6788752211815059
-1.159890701121802,1.2512840460003583,0.5619514584541321,0.9725122451782227,-1.0,-1.341640830039978,-1.7604470252990723,-1.8145751953125,-1.277845432559956,0.0905265813929674
-0.21374661235622638,0.10844976940877502,-1.685854434967041,0.9725122451782227,-1.0,1.341640830039978,1.2440491914749146,0.7661539316177368,-0.8387377973937246,0.174171528823807
-0.039416540414094925,-0.11596590280532837,2.2478058338165283,-1.198677897453308,1.0,-0.4472135901451111,1.2440491914749146,-0.7998261059054972,1.7439206629086357,0.7765918382271066
-0.7471466528779539,0.7189885973930359,-0.5619514584541321,0.9725122451782227,-1.0,-1.341640830039978,-1.0093228816986084,0.1209716722369194,-1.0889047644969392,0.09099661782457405
0.2170339241638512,-0.2698866611409598,0.5619514584541321,-0.655880331993103,1.0,-1.341640830039978,-0.9745261097827684,-1.1693928241729736,1.367882375429369,0.7668334815434928
-0.039416540414094925,-0.19570277377297682,2.2478058338165283,-1.198677897453308,1.0,1.341640830039978,0.11736313253641129,0.7661539316177368,1.498810120990355,0.705458477778283
-0.7016143798828125,0.7189885973930359,-0.5619514584541321,0.9725122451782227,-1.0,0.4472135901451111,-0.03309303756254872,1.4113361835479736,-1.025460964269393,0.11795723121460484
1.284979224205017,-1.2171403230869255,0.0,-1.198677897453308,1.0,0.4472135901451111,0.9825456560017047,0.1209716722369194,1.030417114285772,0.6404309567225515
-0.7016143798828125,0.7189885973930359,-0.5619514584541321,0.9725122451782227,-1.0,-0.034347817740713604,1.2440491914749146,1.4113361835479736,-0.9235816838166675,0.12315124707115914
-1.0065952948457804,1.0705881054982211,0.0,0.9725122451782227,-1.0,0.4472135901451111,1.2440491914749146,-0.5242105722427368,-0.6496288326953695,0.24891052947576886
2.041776657104492,-1.785874843597412,-0.5619514584541321,-1.4700766801834106,1.0,1.341640830039978,-1.0093228816986084,-0.7726689781615559,0.3645759981784094,0.49883164996080787
0.6855223924380227,-0.8130061158963471,-0.5619514584541321,-0.655880331993103,1.0,0.4472135901451111,-0.6338773808531188,-0.5242105722427368,0.3533641242564838,0.501865624286693
0.9795535777670725,-1.1239415582236632,0.0,-1.0154597657470246,1.0,-1.341640830039978,0.05544683346904715,0.7661539316177368,0.9001367937732087,0.507281650151769
-1.3638122081756592,1.5539430379867554,1.1239029169082642,0.9725122451782227,-1.0,1.341640830039978,0.11736313253641129,-0.5242105722427368,-0.7994161344518165,0.10061753085504925
-1.3638122081756592,1.5539430379867554,1.1239029169082642,0.9725122451782227,-1.0,1.341640830039978,1.2440491914749146,1.4113361835479736,-0.6044613919427515,0.1552840662269739
0.3800223090369831,-0.5568265268553481,0.5619514584541321,-0.655880331993103,1.0,1.341640830039978,-0.00418444845460534,0.1209716722369194,1.5602233810837265,0.7157625414046146
1.284979224205017,-1.229238510131836,0.0,-1.198677897453308,1.0,-1.341640830039978,1.2440491914749146,-0.659073418692568,1.3788099039389798,0.7219561801179277
0.23014400950618158,-0.47857640417490155,0.5619514584541321,-0.655880331993103,1.0,-1.341640830039978,0.11736313253641129,-0.03872560963091004,1.4900819629935358,0.6915198641164032
-1.1746128797531128,1.2756248712539673,0.5619514584541321,0.9725122451782227,-1.0,-1.341640830039978,1.2440491914749146,0.1209716722369194,-0.33543680649603685,0.27566469582024045
0.5281816124916077,-0.6726022362709045,0.0,-0.655880331993103,1.0,1.341640830039978,-1.0093228816986084,-0.5242105722427368,-0.14045928486680154,0.47049528645326116
0.3483683324905107,-0.5087960065877314,0.5619514584541321,-0.655880331993103,1.0,0.4472135901451111,-1.0093228816986084,0.7661539316177368,1.172180563705676,0.757272631789644
0.5865799271677317,-0.6906391501380926,-0.2336484463244372,-0.655880331993103,1.0,-1.341640830039978,-1.0093228816986084,-0.5242105722427368,0.16017890731110895,0.45086617697215847
-0.2609269307304882,0.1337533404300462,-1.685854434967041,0.9725122451782227,-1.0,-0.009821389833675975,-1.0093228816986084,-1.1693928241729736,-1.151091363765764,0.078055144517986
-0.039416540414094925,-0.11596590280532837,2.2478058338165283,-1.198677897453308,1.0,0.4472135901451111,0.11736313253641129,-0.5242105722427368,1.3466107379097314,0.6870857253785315
-0.5124149918556213,0.4406704306602478,-0.9704107968700914,0.9725122451782227,-1.0,-0.4472135901451111,1.2440491914749146,1.4113361835479736,-0.9285261425543463,0.1312760876119391
0.697694911746517,-0.8521479293391033,-0.5619514584541321,-0.655880331993103,1.0,-1.341640830039978,0.11736313253641129,-0.5242105722427368,0.6003237975162193,0.6036751978870192
2.041776657104492,-1.785874843597412,-0.5619514584541321,-1.4700766801834106,1.0,0.4472135901451111,1.2440491914749146,1.4113361835479736,1.0336906145419584,0.6200289146608093
-1.3638122081756592,1.5539430379867554,1.1239029169082642,0.9725122451782227,-1.0,-0.4472135901451111,-1.0093228816986084,0.1209716722369194,-0.9227419204377093,0.09494179157164322
-0.7174995987856058,0.7189885973930359,-0.5619514584541321,0.9725122451782227,-1.0,-0.0707830170423987,0.09763992804489963,1.4113361835479736,-0.9801364430585022,0.1174548873589607
-0.8267631255862788,0.7852815467226444,0.0,0.9725122451782227,-1.0,-1.341640830039978,0.11736313253641129,-0.5242105722427368,-0.9802278599333301,0.12092660008040342
-1.3638122081756592,1.5539430379867554,1.1239029169082642,0.9725122451782227,-1.0,1.341640830039978,1.2440491914749146,-0.5242105722427368,-0.5984841258084811,0.16031220276886882
-0.5534244059500671,0.5846828321421533,-0.6667425740049681,0.9725122451782227,-1.0,0.4472135901451111,-1.0093228816986084,0.1209716722369194,-1.1213912636568675,0.09245567933127774
-1.1746128797531128,1.2756248712539673,0.5619514584541321,0.9725122451782227,-1.0,0.4472135901451111,0.11736313253641129,0.1209716722369194,-0.534239578624868,0.35797696554702907
-0.5124149918556213,0.4406704306602478,-1.4191318805479538,0.9725122451782227,-1.0,1.341640830039978,0.4450443349655065,1.4113361835479736,-0.9803250838469109,0.10015730036331369
1.083722071588027,-1.0291277648462105,-0.5619514584541321,-0.655880331993103,1.0,0.4472135901451111,1.2440491914749146,-0.5242105722427368,1.0165438065973134,0.5582410254293997
0.5281816124916077,-0.6726022362709045,0.0,-0.655880331993103,1.0,-1.341640830039978,-0.852521939417823,1.207757735845097,0.20892785620750332,0.48558510639878594
-0.21837814758224716,0.16669407091435817,-1.685854434967041,0.9725122451782227,-1.0,-1.341640830039978,-1.0093228816986084,0.13147655868667352,-1.2100223730466964,0.0725891356186074
-0.5124149918556213,0.4406704306602478,-1.2442676931743744,0.9725122451782227,-1.0,-0.4472135901451111,-1.0093228816986084,0.241381573729817,-1.1536076129706232,0.0735533614064626
-0.18689243871820888,0.2569210723513725,-1.685854434967041,0.9725122451782227,-1.0,1.341640830039978,1.2440491914749146,-1.1693928241729736,-0.8155181798755136,0.159950619007665
0.17255591017240696,-0.3772925186909094,0.5619514584541321,-0.655880331993103,1.0,1.341640830039978,-1.0093228816986084,-1.1693928241729736,1.4228432109148124,0.7479318736759317
0.6664588328041998,-0.7241557863633861,-0.5275124837786481,-0.655880331993103,1.0,-1.341640830039978,0.022711987371560757,0.1209716722369194,0.371013295096398,0.5036711780974449
-0.15569149759296094,0.06321505600020752,-1.685854434967041,0.9725122451782227,-1.0,-0.4472135901451111,0.033052778895519205,1.4113361835479736,-1.106192645891619,0.09359931910688137
0.5561575625727055,-0.7838101325115654,0.0,-0.655880331993103,1.0,-1.341640830039978,1.2440491914749146,-0.5242105722427368,0.9488971594379148,0.6174256535558932
0.8413248869453782,-0.9161413667245338,-0.5619514584541321,-0.655880331993103,1.0,-0.4472135901451111,-1.0093228816986084,-0.2467365892526161,0.5122971169714523,0.45314388658115834
2.041776657104492,-1.785874843597412,-0.5619514584541321,-1.4700766801834106,1.0,-1.341640830039978,-0.45542830132703815,0.7661539316177368,0.4275583684811767,0.4479649238542341
0.5281816124916077,-0.6726022362709045,0.0,-0.655880331993103,1.0,1.341640830039978,-1.0093228816986084,0.1209716722369194,-0.5472762634199184,0.4120059121743665
0.8045747597607067,-0.959697886719017,-0.5619514584541321,-0.655880331993103,1.0,1.341640830039978,0.11736313253641129,1.4113361835479736,0.6018909601144734,0.5326733011340841
0.263586897357586,-0.35801817630585037,0.5619514584541321,-0.655880331993103,1.0,1.341640830039978,-1.0093228816986084,-0.5242105722427368,1.2507171990425434,0.8768797446407857
-0.9240522484703256,0.9878906311886667,0.0,0.9725122451782227,-1.0,0.4472135901451111,-1.7604470252990723,-1.8145751953125,-1.496178163729295,0.06592722757548419
1.284979224205017,-1.229238510131836,0.0,-1.198677897453308,1.0,-0.4472135901451111,0.10559232910556751,-0.5242105722427368,0.9694951929631047,0.652091756083768
0.5235147380191607,-0.6726022362709045,0.0,-0.655880331993103,1.0,-1.341640830039978,-1.0093228816986084,0.7661539316177368,0.025587018693037353,0.3471656479169126
0.6801916234966602,-0.7683415451933648,-0.5619514584541321,-0.655880331993103,1.0,-1.341640830039978,-1.0093228816986084,-1.8145751953125,0.47265584730436416,0.6181548795098232
-0.46695906761336026,0.16832906348220308,-1.685854434967041,0.9725122451782227,-1.0,0.4472135901451111,-1.7604470252990723,-1.8145751953125,-1.5950872276521892,0.015873049874992915
-0.6070828661605827,0.5111095075842871,-0.6325679277757356,0.9725122451782227,-1.0,0.4472135901451111,-1.0093228816986084,-0.5242105722427368,-1.2235706891866387,0.08722091563184796
-0.7016143798828125,0.7189885973930359,-0.5619514584541321,0.9725122451782227,-1.0,1.341640830039978,-1.0093228816986084,-0.5242105722427368,-1.0819354352550075,0.08478368755081504
-1.1746128797531128,1.268760903768799,0.5619514584541321,0.9725122451782227,-1.0,0.4472135901451111,-1.0093228816986084,1.4113361835479736,-0.7491937569330651,0.2375988204648578
-0.742834345246957,0.8382271588849874,-0.25349273645059284,0.9725122451782227,-1.0,-1.341640830039978,1.2440491914749146,0.7050887109188629,-0.6907612691779239,0.19979519416939986
-1.3638122081756592,1.5539430379867554,1.1239029169082642,0.9725122451782227,-1.0,1.341640830039978,1.2440491914749146,1.4113361835479736,-0.5683028217759348,0.1439170415067647
-0.6689871377541439,0.6474354036120284,-0.5928714523891172,0.9725122451782227,-1.0,-0.4472135901451111,-0.6704761335195608,0.1209716722369194,-1.070044112385696,0.09639178229626023
2.041776657104492,-1.785874843597412,-0.5619514584541321,-1.4700766801834106,1.0,0.04883144202811912,1.2440491914749146,0.1209716722369194,1.0687454239175493,0.6094082008374938
0.6906492556268852,-0.7970928494759504,-0.5619514584541321,-0.655880331993103,1.0,-1.341640830039978,-1.0093228816986084,-0.5242105722427368,0.5128868726294002,0.545631891902643
1.284979224205017,-1.229238510131836,0.0,-1.198677897453308,1.0,-0.4472135901451111,-1.7604470252990723,-1.8145751953125,0.012725276026537113,0.3370951048539189
0.26212036197437855,-0.4903259988284359,0.5619514584541321,-0.655880331993103,1.0,-1.341640830039978,1.2440491914749146,-0.5242105722427368,1.93548018201279,0.7617790851781782
0.5281816124916077,-0.7152360804419045,0.0,-0.655880331993103,1.0,0.4472135901451111,1.2440491914749146,1.4113361835479736,0.7491875398369925,0.5794729142608025
-1.3638122081756592,1.5539430379867554,1.1239029169082642,0.9725122451782227,-1.0,-0.4472135901451111,1.2440491914749146,-0.5242105722427368,-0.5147926007843976,0.1994829497211505
-0.20149284532761236,0.12437707372890139,-1.685854434967041,0.9725122451782227,-1.0,1.341640830039978,1.2440491914749146,-0.5242105722427368,-0.7854067058039844,0.16410861030690485
-0.7677654495265334,0.8285933189099514,0.0,0.9725122451782227,-1.0,-1.341640830039978,0.11736313253641129,0.7661539316177368,-0.9290279609492977,0.1383072971877595
0.22430618671390834,-0.465018780509065,0.5619514584541321,-0.655880331993103,1.0,1.341640830039978,-1.0093228816986084,-0.6068809356310365,1.4532864652803912,0.914996207079423
1.2786727408235317,-1.229238510131836,0.0,-1.0913938417329783,1.0,1.341640830039978,-1.7604470252990723,-1.8145751953125,-0.29642015029822555,0.46495115120699565
-0.5992369824390547,0.6964640608091993,-0.5712478429712055,0.9725122451782227,-1.0,0.4472135901451111,0.11736313253641129,1.4113361835479736,-1.0092747833785405,0.09878243513574415
1.284979224205017,-1.229238510131836,0.0,-1.198677897453308,1.0,-1.341640830039978,0.11736313253641129,-0.5242105722427368,0.9401610383876853,0.6848669716136784
-0.793068626536122,0.8810469201689639,0.0,0.9725122451782227,-1.0,1.341640830039978,-1.7604470252990723,-1.8145751953125,-1.5234672687365072,0.08386238760898586
1.284979224205017,-1.229238510131836,0.0,-1.198677897453308,1.0,0.4472135901451111,0.11736313253641129,1.3371051226677193,0.9294605622132912,0.6039165835023118
0.5281816124916077,-0.6726022362709045,0.0,-0.655880331993103,1.0,-1.341640830039978,-1.0093228816986084,-1.6389359916485184,0.10079964186144914,0.49999993044976254
-0.039416540414094925,-0.11596590280532837,2.2478058338165283,-1.0889035660455442,1.0,-1.341640830039978,1.2440491914749146,0.5936009840522115,1.950789684527002,0.7818357381395925
-1.1746128797531128,1.2756248712539673,0.5619514584541321,0.9725122451782227,-1.0,0.4472135901451111,0.11736313253641129,0.1209716722369194,-0.6953250400847163,0.2056433688818653
-0.7275563551303257,0.7189885973930359,-0.3327841305105548,0.9725122451782227,-1.0,-1.341640830039978,0.11736313253641129,0.1209716722369194,-0.9487338068821238,0.12815946897020694
-0.039416540414094925,-0.11596590280532837,2.2478058338165283,-1.198677897453308,1.0,1.341640830039978,-1.0093228816986084,0.04787896659137969,1.1884793200753498,0.641237942800246
-1.0837111215895472,1.1928374568850684,0.0,0.9725122451782227,-1.0,0.4472135901451111,1.2440491914749146,1.4113361835479736,-0.6912886894281242,0.18526148225426167
-1.1746128797531128,1.2756248712539673,0.5619514584541321,0.9725122451782227,-1.0,0.304435799646969,1.2440491914749146,-0.3721894891681376,-0.37306607414198256,0.30561950438481406
0.8771145747615402,-0.8610617425869915,-0.5619514584541321,-0.655880331993103,1.0,-0.4472135901451111,0.11736313253641129,-1.3944349481232732,0.7211604231092419,0.4893344113039029
0.5281816124916077,-0.6726022362709045,0.0,-0.655880331993103,1.0,1.341640830039978,-1.0093228816986084,-0.3348751867605836,0.10037544681964203,0.40056832281055876
-1.1746128797531128,1.2756248712539673,0.5619514584541321,0.9725122451782227,-1.0,-0.4472135901451111,0.11736313253641129,-0.5242105722427368,-0.6041082329826244,0.24124968049589282
0.9349864991841071,-0.9855663688131253,-0.5619514584541321,-0.655880331993103,1.0,-1.341640830039978,0.11736313253641129,1.4113361835479736,0.6882843737400334,0.5095317595404427
2.041776657104492,-1.785874843597412,-0.5619514584541321,-1.4700766801834106,1.0,1.341640830039978,1.2440491914749146,0.7661539316177368,1.0122651795729918,0.6060541756891338
1.284979224205017,-1.229238510131836,0.0,-1.198677897453308,1.0,-0.4472135901451111,1.2440491914749146,0.30520363789276256,1.2944757225897758,0.7272855552342533
-0.768119642796534,0.8412144943792171,-0.19304909416721505,0.9725122451782227,-1.0,-0.4472135901451111,-0.804314615659477,0.1209716722369194,-1.029401752356864,0.11122951546752646
-0.039416540414094925,-0.11596590280532837,2.2478058338165283,-1.198677897453308,1.0,-1.341640830039978,-1.0093228816986084,-0.5242105722427368,1.0657792630380065,0.6225027645885224
-0.7161922487328702,0.7819091556678239,-0.5619514584541321,0.9725122451782227,-1.0,-1.341640830039978,1.2440491914749146,0.5495094888398213,-0.7420582556687817,0.17337356238700116
0.5970728904353719,-0.6726022362709045,0.0,-0.655880331993103,1.0,1.341640830039978,1.2440491914749146,-0.5242105722427368,0.8763536562724477,0.6197202432760032
-1.3638122081756592,1.5539430379867554,1.1239029169082642,0.9725122451782227,-1.0,1.341640830039978,-0.26622840673939385,1.4113361835479736,-0.9251106020034867,0.09177682194105381
0.5281816124916077,-0.6726022362709045,0.0,-0.655880331993103,1.0,-1.341640830039978,1.2440491914749146,0.1209716722369194,0.6963798902109333,0.5467469629114284
-0.7016143798828125,0.7189885973930359,-0.5619514584541321,0.9725122451782227,-1.0,-0.3364632718498299,1.2440491914749146,1.4113361835479736,-0.8145747527919277,0.16402733525832786
-0.7016143798828125,0.6339012310716126,-0.5725108849631665,0.9725122451782227,-1.0,1.341640830039978,0.11736313253641129,-1.0584878698049665,-0.9845075287019919,0.12844656110024055
0.9609941216650111,-1.0346123084999044,-0.5619514584541321,-0.655880331993103,1.0,-1.341640830039978,1.2440491914749146,-0.28442481068969594,0.8685316754153555,0.5825690416374567
0.651086521972879,-0.6726022362709045,0.0,-0.655880331993103,1.0,-0.4472135901451111,1.2440491914749146,0.7661539316177368,0.7267405495636594,0.5932251879162778
-0.5124149918556213,0.4406704306602478,-1.0936219001301815,0.9725122451782227,-1.0,0.10145264922272579,-0.530907502409458,-0.5242105722427368,-1.0956833157374237,0.09889067625283295
-0.333930174443111,0.12119174396026319,-1.685854434967041,0.9725122451782227,-1.0,-0.4472135901451111,-1.0093228816986084,-0.2457992112434757,-1.3502721358099539,0.04326134276056548
2.041776657104492,-1.785874843597412,-0.5619514584541321,-1.4700766801834106,1.0,0.3902360636097588,1.2440491914749146,1.4113361835479736,1.0031179705091415,0.6068426650719055
-1.1746128797531128,1.2756248712539673,0.5619514584541321,0.9725122451782227,-1.0,-1.341640830039978,-1.0093228816986084,0.7661539316177368,-0.6998370124776461,0.19270594731854818
0.5281816124916077,-0.6726022362709045,0.0,-0.655880331993103,1.0,0.4472135901451111,1.2440491914749146,1.4113361835479736,0.642065259341982,0.5314920284584533
-0.26469116402494,0.12671359603675664,-1.685854434967041,0.9725122451782227,-1.0,-0.4472135901451111,-1.0093228816986084,-0.05027949900490469,-1.2659056147783971,0.062215063931389224
-0.5700211290509651,0.45489121273575567,-0.7122524064509694,0.9725122451782227,-1.0,-1.341640830039978,-1.0093228816986084,-0.9216548429672042,-1.0912153670259546,0.09565867996803776
-0.039416540414094925,-0.11596590280532837,2.2478058338165283,-1.198677897453308,1.0,0.4472135901451111,0.11736313253641129,0.7661539316177368,1.3901255010614824,0.7024568414588346
0.9031782644868894,-0.9311914741826076,-0.5619514584541321,-0.655880331993103,1.0,-0.4472135901451111,-1.0093228816986084,-0.42592559039886957,0.2921984706420033,0.49257623948921647
0.5281816124916077,-0.6726022362709045,0.5185646381803535,-0.655880331993103,1.0,-0.4472135901451111,-1.0093228816986084,-0.6483217822319438,0.48580407683374055,0.47587393597025684
-1.1746128797531128,1.2756248712539673,0.5619514584541321,0.9725122451782227,-1.0,-1.341640830039978,0.11736313253641129,1.4113361835479736,-0.6263529669193862,0.36218379464378353
0.3010118850727219,-0.4732050362356056,0.5619514584541321,-0.655880331993103,1.0,0.4472135901451111,1.2440491914749146,-1.1693928241729736,2.011162174152478,0.8139004090718384
-1.0211145725667958,0.986587026321613,0.0,0.9725122451782227,-1.0,-1.341640830039978,1.2440491914749146,1.4113361835479736,-0.7015773251062418,0.17409754481856746
0.7969125417038871,-0.8000357898944117,0.0,-0.655880331993103,1.0,1.341640830039978,-1.0093228816986084,0.5550694567198494,0.2699684434464231,0.4803783878107319
-0.5124149918556213,0.4406704306602478,-1.403115533577165,0.9725122451782227,-1.0,-0.4472135901451111,-1.7604470252990723,-1.8145751953125,-1.587114768076567,0.024334330582823985
0.9656233401090175,-1.051678042528047,-0.5619514584541321,-0.655880331993103,1.0,-0.42723883714793776,0.0684623570874156,0.7661539316177368,0.5336492194221042,0.5554999255939966
1.284979224205017,-1.229238510131836,0.0,-1.198677897453308,1.0,-0.27473318864294927,0.11736313253641129,0.7661539316177368,1.017737463595935,0.6271648143632105
-0.5124149918556213,0.4559145507342208,-0.7637685106970754,0.9725122451782227,-1.0,1.341640830039978,1.2440491914749146,0.9403451687760113,-0.8136712220435403,0.15962591945576612
0.5412151700098679,-0.6726022362709045,0.0,-0.655880331993103,1.0,1.341640830039978,-0.926315767284095,-0.5242105722427368,0.2261534197431403,0.41393163052985854
-1.1746128797531128,1.2756248712539673,0.5619514584541321,0.9725122451782227,-1.0,-0.4472135901451111,-1.0093228816986084,-0.5242105722427368,-0.7436491352517852,0.20288523980991918
0.019685707133852662,-0.11596590280532837,2.2478058338165283,-1.198677897453308,1.0,1.341640830039978,0.11736313253641129,-0.31059233703951616,1.4952539697205043,0.7091776497305016
-0.7016143798828125,0.8050421911649912,-0.5572555863193416,0.9725122451782227,-1.0,-0.07256152149113398,-1.0093228816986084,0.1209716722369194,-1.0425422350683713,0.09678174779086274
-0.039416540414094925,-0.11596590280532837,2.2478058338165283,-1.198677897453308,1.0,0.4472135901451111,1.2440491914749146,0.6362119191506684,1.7515819904388032,0.8262272214277244
1.1962835849132842,-1.1935115402487178,0.0,-1.198677897453308,1.0,-0.4472135901451111,1.2440491914749146,1.4113361835479736,1.2083207603573578,0.6889278058497811
0.269442479617908,-0.31635992659417633,0.5619514584541321,-0.655880331993103,1.0,-0.4472135901451111,-1.0093228816986084,1.4113361835479736,1.2672304909386711,0.7844578697999883
-0.6466592356645251,0.6126906862290228,-0.6099037216114539,0.9725122451782227,-1.0,-0.4472135901451111,0.11736313253641129,-0.5242105722427368,-0.951269271016016,0.11446259439366384
-0.025372325344710216,-0.18716479090174365,2.024597935292011,-1.0462565697746438,1.0,1.341640830039978,1.2440491914749146,-0.5242105722427368,1.9341053256309084,0.8400574148721057
1.284979224205017,-1.229238510131836,0.0,-1.198677897453308,1.0,1.341640830039978,0.06717682858019883,1.4113361835479736,0.9253555274329258,0.6845170499049499
-0.039416540414094925,-0.11596590280532837,2.2478058338165283,-1.198677897453308,1.0,-0.4472135901451111,1.2440491914749146,0.614317866319033,1.8286188563531331,0.8286923690848881
1.284979224205017,-1.1769041985412818,0.0,-1.198677897453308,1.0,-0.4472135901451111,-1.0093228816986084,1.4113361835479736,0.6535673821465458,0.5008497145891566
0.5281816124916077,-0.6726022362709045,0.0,-0.655880331993103,1.0,-1.341640830039978,-1.0093228816986084,-0.5242105722427368,0.07544491626153878,0.4419930955579026
2.041776657104492,-1.785874843597412,-0.5619514584541321,-1.4700766801834106,1.0,1.341640830039978,1.2440491914749146,-0.5776243142667847,1.0938556252057563,0.6165482062642654
1.284979224205017,-1.1848326521833856,0.5619514584541321,-1.198677897453308,1.0,1.341640830039978,1.2440491914749146,-1.1254559737643646,1.634649346825736,0.7116983809486138
0.80734749720658,-0.7962655584404288,-0.31240958777831584,-0.655880331993103,1.0,-0.4472135901451111,-1.0093228816986084,0.1209716722369194,0.5083388638458471,0.4770486034267871
-0.7016143798828125,0.7189885973930359,-0.5619514584541321,0.9725122451782227,-1.0,0.4472135901451111,-1.0093228816986084,-0.5242105722427368,-1.1323647644649706,0.07801172846448533
0.9413422096964953,-0.9929710048815368,-0.5619514584541321,-0.655880331993103,1.0,1.341640830039978,1.2440491914749146,1.4113361835479736,1.0572519879930147,0.7254139357394641
0.22007122958749764,-0.3786388885766141,0.5619514584541321,-0.655880331993103,1.0,-1.341640830039978,0.11597718284096248,-0.5769566221524908,1.6443116217577074,0.8495252847212063
-1.1400448998246069,1.202970624612741,0.0,0.9725122451782227,-1.0,1.341640830039978,-1.7604470252990723,-1.8145751953125,-1.4281865737380222,0.1021381747887304
-0.814785189943767,0.7692448573129808,-0.06040585296377243,0.9725122451782227,-1.0,-0.4472135901451111,-1.0093228816986084,-0.5242105722427368,-1.0498475254995534,0.09850961588741475
-1.1746128797531128,1.2756248712539673,0.5619514584541321,0.9725122451782227,-1.0,-0.3045274966839086,0.11736313253641129,-0.25533250073841984,-0.32908428235225023,0.2703938260001272
-0.174526908346983,0.061057689864292636,-1.685854434967041,0.9725122451782227,-1.0,1.341640830039978,-1.0093228816986084,0.1209716722369194,-1.149757111506673,0.07621363558692125
-1.1746128797531128,1.2756248712539673,0.5619514584541321,0.9725122451782227,-1.0,0.4472135901451111,0.11736313253641129,-1.1693928241729736,-0.36793586802652045,0.33652439039901405
-0.6348113724835142,0.5220874267920748,-0.624866309135329,0.9725122451782227,-1.0,-1.341640830039978,-0.002185463641469834,0.5949610477845904,-1.0497565956033186,0.10605076310313447
-1.037228616712624,1.0917491379243283,0.0,0.9725122451782227,-1.0,0.025831128035075868,0.11736313253641129,-0.5242105722427368,-0.9028091447570348,0.14527000583034005
-0.3624338142534461,0.4406704306602478,-1.594963339293316,0.9725122451782227,-1.0,-0.4472135901451111,1.2440491914749146,1.4113361835479736,-0.9342513592748872,0.13335274305549982
-0.6371007484536988,0.5420992683564869,-0.5626255260132114,0.9725122451782227,-1.0,-1.341640830039978,-1.7604470252990723,-1.8145751953125,-1.5734654197068427,0.003199455177829169
2.041776657104492,-1.785874843597412,-0.5619514584541321,-1.4700766801834106,1.0,0.4472135901451111,-1.0093228816986084,0.28803678879279293,0.060520639088726916,0.4187879621919999
0.49454308558375265,-0.6726022362709045,0.0,-0.655880331993103,1.0,-0.4472135901451111,-1.0093228816986084,-0.5242105722427368,0.6613325622244082,0.5188867462243124
-0.5124149918556213,0.4406704306602478,-0.7798572918535777,0.9725122451782227,-1.0,-0.4472135901451111,1.2440491914749146,1.4113361835479736,-0.9238817912895083,0.13212503581272717
0.18094669189411297,-0.40648147678794994,0.5619514584541321,-0.655880331993103,1.0,-0.4472135901451111,0.11736313253641129,0.1209716722369194,1.6891474209025303,0.8519212235716076
-0.7016143798828125,0.7189885973930359,-0.5619514584541321,0.9725122451782227,-1.0,-1.341640830039978,-1.7604470252990723,-1.8145751953125,-1.575101345231922,0.01570625212292209
1.0466423968234202,-0.9904286733463343,-0.5619514584541321,-0.655880331993103,1.0,1.341640830039978,1.2440491914749146,-0.5242105722427368,1.0130571411473703,0.6418010651553765
-1.3638122081756592,1.5539430379867554,1.1239029169082642,0.9725122451782227,-1.0,-1.341640830039978,1.2440491914749146,0.7661539316177368,-0.5085397030239956,0.16463639154347587
0.3129678775200453,-0.3645535208062079,0.6503080115936832,-0.655880331993103,1.0,-1.341640830039978,-1.0093228816986084,1.4113361835479736,1.1781246788356854,0.6529519129442638
0.5281816124916077,-0.6726022362709045,0.0,-0.655880331993103,1.0,-1.341640830039978,1.2440491914749146,0.3560624746586841,0.7300752904452749,0.5044815465191913
2.041776657104492,-1.785874843597412,-0.5619514584541321,-1.4700766801834106,1.0,1.341640830039978,-1.0093228816986084,-0.5242105722427368,0.36770041067660764,0.48996018443428635
-0.039416540414094925,-0.11596590280532837,2.2478058338165283,-1.198677897453308,1.0,-1.341640830039978,0.11736313253641129,0.7661539316177368,1.4426897732030708,0.7402274299753153
0.7679981722501923,-0.7692730728513675,-0.5204385674495664,-0.655880331993103,1.0,1.341640830039978,1.2440491914749146,-1.1693928241729736,0.6908557409547182,0.6140396791078749
2.041776657104492,-1.785874843597412,-0.5619514584541321,-1.4700766801834106,1.0,1.341640830039978,1.2440491914749146,-0.016784959550996015,1.0378359087216413,0.6058491933108339
0.6589038711152861,-0.7725338272954095,-0.5619514584541321,-0.655880331993103,1.0,0.05977475093256124,1.2440491914749146,-1.1693928241729736,0.6829912121097005,0.5182916809019026
-0.7016143798828125,0.7189885973930359,-0.4398239340250839,0.9725122451782227,-1.0,-1.341640830039978,0.11736313253641129,0.1209716722369194,-0.9299061069772707,0.1306746985491715
2.041776657104492,-1.785874843597412,-0.5619514584541321,-1.4700766801834106,1.0,-0.4472135901451111,0.11736313253641129,-0.08652854279912514,0.6677351418494115,0.5014261880010609
0.7479780047970909,-0.8331739971680308,-0.5619514584541321,-0.655880331993103,1.0,-1.341640830039978,0.11736313253641129,1.4113361835479736,0.6528997536301872,0.3853310029234437
-0.7016143798828125,0.7189885973930359,-0.5619514584541321,0.9725122451782227,-1.0,-0.4472135901451111,0.11736313253641129,0.7661539316177368,-0.9805139636762367,0.12504930313029228
-0.039416540414094925,-0.11596590280532837,2.2478058338165283,-1.198677897453308,1.0,-1.341640830039978,0.11736313253641129,0.7661539316177368,1.3954008855921018,0.6808705246408693
0.5281816124916077,-0.6726022362709045,0.0,-0.655880331993103,1.0,0.4472135901451111,0.11736313253641129,1.4113361835479736,0.3326795223027759,0.46965832750288106
-0.2034138325918334,0.04117357466711036,-1.685854434967041,0.9725122451782227,-1.0,-0.4472135901451111,1.2440491914749146,-0.7604226057069763,-0.7338610610538191,0.16612386920009298
-0.3198437130390846,0.252864608656526,-1.685854434967041,0.9725122451782227,-1.0,-1.341640830039978,-1.0093228816986084,1.4113361835479736,-1.2388721823176343,0.0770247063061306
2.041776657104492,-1.785874843597412,-0.5619514584541321,-1.4700766801834106,1.0,1.341640830039978,-1.0093228816986084,-0.6911012967746287,0.23780910425193244,0.4039543463635879
2.041776657104492,-1.785874843597412,-0.5619514584541321,-1.4700766801834106,1.0,-0.4472135901451111,0.11736313253641129,0.7661539316177368,0.7049751409234444,0.5184227747703392
0.5281816124916077,-0.6726022362709045,0.0,-0.655880331993103,1.0,1.341640830039978,-0.05755052979162236,1.4113361835479736,0.2893899234792049,0.4996993701785929
-0.878045906079384,0.8296646969668912,-0.06160996130259355,0.9725122451782227,-1.0,-1.341640830039978,-1.0093228816986084,-0.5242105722427368,-1.066755973665331,0.0909957181686883
-0.5625695871245543,0.5008982951272795,-0.7641104659411302,0.9725122451782227,-1.0,-1.341640830039978,0.0068123737318476485,0.1209716722369194,-1.0285246783173156,0.10343914326739082
-0.039416540414094925,-0.11596590280532837,2.2478058338165283,-1.198677897453308,1.0,-0.4472135901451111,0.11736313253641129,0.1209716722369194,1.4457458424351914,0.7232075289374763
0.6905244469549251,-0.7441417822448342,0.0,-0.655880331993103,1.0,-1.341640830039978,0.11736313253641129,-0.10676859605029038,0.6320850633293723,0.6135105247616233
-1.1746128797531128,1.2756248712539673,0.5619514584541321,0.9725122451782227,-1.0,0.4472135901451111,1.2440491914749146,-1.130073228991242,-0.3043490558823623,0.341170594546444
0.7149303088239061,-0.825740525839539,-0.4470859886959745,-0.655880331993103,1.0,-0.4472135901451111,0.11736313253641129,0.1209716722369194,0.6221162704962517,0.4905794970030768
-0.286602375055585,0.20902798614226287,-1.685854434967041,0.9725122451782227,-1.0,1.341640830039978,1.2440491914749146,0.1209716722369194,-0.8094547530599729,0.18309742891764824
0.5281816124916077,-0.6726022362709045,0.0,-0.655880331993103,1.0,-1.341640830039978,0.010298570157582815,-0.2546133427224817,0.04290471054831975,0.34536895897703196
2.041776657104492,-1.785874843597412,-0.5619514584541321,-1.4700766801834106,1.0,1.341640830039978,1.2440491914749146,0.7661539316177368,1.0427046721659101,0.6301440252576349
-0.32604468691535615,0.26741277381325995,-1.685854434967041,0.9725122451782227,-1.0,-1.341640830039978,-0.9689901078954737,0.1209716722369194,-1.1148923493253422,0.08830197576288103
0.5296291145771331,-0.7028931434438347,0.0,-0.655880331993103,1.0,-1.341640830039978,0.1964895449227802,0.1209716722369194,0.6331347207249898,0.5048740370571938
-1.3638122081756592,1.5539430379867554,1.1239029169082642,0.9725122451782227,-1.0,1.341640830039978,1.2440491914749146,1.4113361835479736,-0.63448709714528,0.14993925956144855
-0.9197219145927943,0.8823581720474529,0.0,0.9725122451782227,-1.0,0.4472135901451111,0.11736313253641129,0.1209716722369194,-0.9178188905117862,0.14726469745546505
1.1576136247677264,-1.0792488589665812,0.0,-0.8191188731370975,1.0,-0.4472135901451111,-1.0093228816986084,-0.5242105722427368,0.6155744412963134,0.5678042366978255
-1.3638122081756592,1.5539430379867554,1.1239029169082642,0.9725122451782227,-1.0,0.10792884917535861,-1.7604470252990723,-1.8145751953125,-1.4207279892132134,0.015291454560895857
0.7364610395606372,-0.8070313456836329,0.0,-0.655880331993103,1.0,0.4472135901451111,-1.0093228816986084,-0.5242105722427368,0.34170571547496453,0.4523059344640655
-0.034462820938503474,-0.11674949579303778,2.1446238765375374,-1.198677897453308,1.0,1.341640830039978,0.11736313253641129,1.4113361835479736,1.3436135704323597,0.7014375040622103
-1.1746128797531128,1.2756248712539673,0.5619514584541321,0.9725122451782227,-1.0,-0.4472135901451111,0.11736313253641129,-1.1693928241729736,-0.7081159124219562,0.18729834152840466
-1.3638122081756592,1.5539430379867554,1.1239029169082642,0.9725122451782227,-1.0,-1.341640830039978,0.11736313253641129,1.4113361835479736,-0.9111547927486615,0.10031530268041014
-0.7016143798828125,0.7189885973930359,-0.5619514584541321,0.9725122451782227,-1.0,1.341640830039978,1.2440491914749146,0.7661539316177368,-0.7536162106631543,0.1837129922713971
0.5281816124916077,-0.6726022362709045,0.0,-0.655880331993103,1.0,0.4472135901451111,1.2440491914749146,-1.1693928241729736,0.7643571848720236,0.483919962791708
0.5281816124916077,-0.6726022362709045,0.0,-0.655880331993103,1.0,-0.4472135901451111,1.2440491914749146,1.4113361835479736,0.7744231017927511,0.5774062349652406
0.5285279943546548,-0.6849451726660204,0.0,-0.655880331993103,1.0,-1.341640830039978,-0.5563036451829422,1.4113361835479736,0.12110917359465098,0.3945790432396707
-0.039416540414094925,-0.11596590280532837,2.2478058338165283,-1.198677897453308,1.0,-1.341640830039978,0.11736313253641129,-0.9495816195642689,1.360552715100966,0.6647314509479433
-0.7028773344682779,0.7189885973930359,-0.5619514584541321,0.9725122451782227,-1.0,-0.4472135901451111,-0.011406742864518198,-1.0229554727587211,-0.9657000127610752,0.11811338640039795
-0.31459040384828796,0.22442335188018336,-1.685854434967041,0.9725122451782227,-1.0,1.341640830039978,0.11736313253641129,-0.5242105722427368,-1.0254327492473836,0.1151473893856673
1.284979224205017,-1.229238510131836,0.0,-1.198677897453308,1.0,0.4472135901451111,1.2440491914749146,-0.5242105722427368,1.1295160895036442,0.6167609758400644
0.31099359316866926,-0.3475197658793839,0.5619514584541321,-0.655880331993103,1.0,-1.341640830039978,0.11736313253641129,-0.1367954377270162,1.615535637656372,0.945626544279502
1.284979224205017,-1.229238510131836,0.0,-1.198677897453308,1.0,0.4472135901451111,1.2440491914749146,1.4113361835479736,1.0503002490049964,0.6721724465924482
0.895384717486424,-0.9081940368500514,0.0,-0.655880331993103,1.0,1.341640830039978,0.11736313253641129,1.4113361835479736,0.6759661506821312,0.6111135103499462
-0.7085247820174743,0.7189885973930359,-0.34533347234308,0.9725122451782227,-1.0,-0.4472135901451111,-1.0093228816986084,-0.5242105722427368,-1.1353053041982963,0.05009677290843871
-1.1746128797531128,1.2756248712539673,0.5619514584541321,0.9725122451782227,-1.0,1.341640830039978,-0.5702982829212399,1.4113361835479736,-0.6914661000750625,0.20718233327770472
0.7039402871347898,-0.8359554319123186,-0.5619514584541321,-0.655880331993103,1.0,0.4472135901451111,-0.010991939948085366,0.1209716722369194,0.3563155151252142,0.4668946493601099
-0.6305426264458729,0.6866036612357523,-0.570024236702134,0.9725122451782227,-1.0,-1.341640830039978,1.2440491914749146,1.4113361835479736,-0.9465515558949305,0.11897313334248179
2.041776657104492,-1.785874843597412,-0.5619514584541321,-1.4700766801834106,1.0,-1.341640830039978,-1.0093228816986084,1.4113361835479736,0.10011156837981029,0.3891105147764009
-0.8056617469407883,0.8607079437573143,0.0,0.9725122451782227,-1.0,1.341640830039978,-1.0093228816986084,1.4113361835479736,-1.0978391064179538,0.08902248596406726
-1.1746128797531128,1.2756248712539673,0.5619514584541321,0.9725122451782227,-1.0,-0.4472135901451111,-1.0093228816986084,0.1209716722369194,-0.7500480605084868,0.15795388909613425
1.284979224205017,-1.229238510131836,0.0,-1.198677897453308,1.0,0.4472135901451111,0.11736313253641129,-1.1693928241729736,1.061227107983968,0.5832336072524298
-0.8583164972098561,0.89552682031926,0.0,0.9725122451782227,-1.0,0.4472135901451111,-1.0093228816986084,1.4113361835479736,-1.078006348486414,0.10595243705231389
-0.9666902191606682,0.9422297640762791,0.0,0.9725122451782227,-1.0,0.4472135901451111,-1.0093228816986084,-0.8116447025598976,-1.0634821823563647,0.10373798642666246
0.9189185044380099,-0.9734997617737826,-0.5619514584541321,-0.655880331993103,1.0,1.341640830039978,-0.025457050318624393,-0.004172853343042071,0.4704777207386613,0.5908588363663629
0.5281816124916077,-0.6726022362709045,0.0,-0.655880331993103,1.0,1.341640830039978,1.2440491914749146,0.7661539316177368,0.7865124825955092,0.5341589670867194
-1.3638122081756592,1.5539430379867554,1.1239029169082642,0.9725122451782227,-1.0,-1.341640830039978,1.2440491914749146,1.4113361835479736,-0.6269720157459217,0.16346283398664171
0.3738892684371975,-0.4847582490814999,0.5619514584541321,-0.655880331993103,1.0,-0.4472135901451111,0.11736313253641129,1.4113361835479736,1.6109378135388768,0.7077658692948949
0.5281816124916077,-0.6726022362709045,0.0,-0.655880331993103,1.0,-0.17083957601809568,1.2440491914749146,1.4113361835479736,0.6436186377560793,0.5917530750678198
0.7887492534493006,-0.9063603894321136,-0.5619514584541321,-0.655880331993103,1.0,-0.4472135901451111,-1.0093228816986084,0.7661539316177368,0.4761075273982346,0.5036425420257308
-0.7016143798828125,0.7189885973930359,-0.5619514584541321,0.9725122451782227,-1.0,0.4472135901451111,-1.0093228816986084,-0.5242105722427368,-1.009362926601367,0.10531280691871402
-0.9966031670837724,0.9685114571525691,0.0,0.9725122451782227,-1.0,-0.4472135901451111,-1.0093228816986084,0.1209716722369194,-1.0530346384041693,0.09971435774137885
-1.1746128797531128,1.2756248712539673,0.5619514584541321,0.9725122451782227,-1.0,0.4472135901451111,1.2440491914749146,-0.5242105722427368,-0.27934143525502286,0.316111926389231
-1.1746128797531128,1.2756248712539673,0.5619514584541321,0.9725122451782227,-1.0,-0.4472135901451111,0.11736313253641129,1.4113361835479736,-0.573604250190273,0.22337652894091917
-0.5124149918556213,0.4406704306602478,-1.0052459091542292,0.9725122451782227,-1.0,-0.4472135901451111,1.2440491914749146,1.4113361835479736,-0.9157229727283968,0.13206264408643945
0.5281816124916077,-0.6490632755690026,0.5619514584541321,-0.655880331993103,1.0,0.4472135901451111,-1.0093228816986084,0.1209716722369194,1.4334030897261891,0.6430763839787222
-0.2183671318180587,0.16725546798115806,-1.685854434967041,0.9725122451782227,-1.0,-1.341640830039978,0.11736313253641129,1.4113361835479736,-1.0880831137006415,0.09398379587315973
0.5281816124916077,-0.6726022362709045,0.0,-0.655880331993103,1.0,0.2987224943946799,1.2440491914749146,0.06640027885181576,0.6488965299231783,0.4963885175976495
1.284979224205017,-1.229238510131836,0.0,-1.198677897453308,1.0,-1.341640830039978,1.2440491914749146,-0.5242105722427368,1.2305118876101688,0.6960336891588621
-1.0148670188261202,0.9689126752283634,0.0,0.9725122451782227,-1.0,1.341640830039978,1.2440491914749146,0.7661539316177368,-0.7008726384227274,0.2234930599134682
-1.1481868181806067,1.228859260950802,0.0497700995157784,0.9725122451782227,-1.0,1.341640830039978,0.11736313253641129,0.06316673087778313,-0.7726978398854132,0.1652602121979228
0.5281816124916077,-0.6726022362709045,0.0,-0.655880331993103,1.0,-0.4472135901451111,1.2440491914749146,1.4113361835479736,0.7035387859682849,0.5050083717870051
0.7783123254091922,-0.8120806462378074,-0.4609780027082683,-0.655880331993103,1.0,-1.341640830039978,-1.0093228816986084,1.4113361835479736,0.27764421498197644,0.36817490367710226
-0.7016143798828125,0.6605787432360695,-0.5619514584541321,0.9725122451782227,-1.0,1.341640830039978,-1.7604470252990723,-1.8145751953125,-1.5311648822274315,0.05323063841055741
1.2464066904085904,-1.2016216058776878,0.0,-0.8123824067066311,1.0,-1.341640830039978,-1.0093228816986084,0.7661539316177368,0.6627262407461867,0.5933056426006753
-1.3638122081756592,1.5539430379867554,1.1239029169082642,0.9725122451782227,-1.0,1.341640830039978,1.2440491914749146,0.1209716722369194,-0.5687533878150828,0.15444483120120786
1.0986662198414199,-1.0865731319304073,0.0,-0.7665756322275836,1.0,1.341640830039978,-1.0093228816986084,-1.1693928241729736,0.5294015657210003,0.5016828861027648
2.041776657104492,-1.785874843597412,-0.5619514584541321,-1.4700766801834106,1.0,1.341640830039978,-1.0093228816986084,-0.5242105722427368,0.2682216998591133,0.43134631835720355
-0.7016143798828125,0.7189885973930359,-0.5619514584541321,0.9725122451782227,-1.0,-1.341640830039978,-1.0093228816986084,-0.5242105722427368,-1.1002497662957516,0.0901832555738295
-1.3638122081756592,1.5539430379867554,1.1239029169082642,0.9725122451782227,-1.0,-1.341640830039978,-1.0093228816986084,-0.5242105722427368,-0.935053650382252,0.08547224022186808
1.284979224205017,-1.229238510131836,0.0,-1.198677897453308,1.0,-0.4472135901451111,0.11736313253641129,-0.5242105722427368,1.0254958807160917,0.5291136072087002
0.5325149321673147,-0.6726022362709045,-0.013287138129801312,-0.655880331993103,1.0,-1.341640830039978,-0.3920079749097459,-0.5242105722427368,0.1354864915848107,0.4318901627695726
0.9689942993681235,-0.9483442240255519,-0.5619514584541321,-0.655880331993103,1.0,1.341640830039978,0.11736313253641129,-1.1693928241729736,0.5404971145751811,0.6476792470456885
-0.5883071245867595,0.5994264786185042,-0.5619514584541321,0.9725122451782227,-1.0,-1.341640830039978,1.2440491914749146,-0.23613069138663262,-0.7369765816047754,0.15931937024588855
-0.8130968013563684,0.9351646139651286,0.0,0.9725122451782227,-1.0,-0.4472135901451111,-1.0093228816986084,0.6151557054812284,-1.06716100551596,0.0920523287877532
2.041776657104492,-1.785874843597412,-0.5619514584541321,-1.4700766801834106,1.0,-1.341640830039978,1.2440491914749146,-0.5173724862788173,0.9431825076425099,0.6030795364878084
-1.3638122081756592,1.5539430379867554,1.1239029169082642,0.9725122451782227,-1.0,-0.4472135901451111,1.2440491914749146,1.4113361835479736,-0.5418876379218228,0.1715646700163577
-0.5724766653312585,0.5097619839659601,-0.7216212651723296,0.9725122451782227,-1.0,-1.341640830039978,-1.0093228816986084,0.7661539316177368,-1.1252563182709097,0.09230559881590032
-0.7821646397608809,0.7636928599020903,-0.39422973566799846,0.9725122451782227,-1.0,-1.341640830039978,1.2440491914749146,1.4113361835479736,-0.7608254128243952,0.15692594974803478
-0.6768625305974885,0.65908709587093,-0.5619514584541321,0.9725122451782227,-1.0,-1.341640830039978,-0.8286569757570474,1.0681944488761015,-1.0384381136857512,0.09695583373972208
-1.3638122081756592,1.5539430379867554,1.1239029169082642,0.9725122451782227,-1.0,-0.4472135901451111,0.11736313253641129,0.7661539316177368,-0.8114194037741154,0.12342967270280601
0.2161619281645515,-0.20796155042592077,0.5619514584541321,-0.655880331993103,1.0,1.341640830039978,-0.48315238465179877,-1.2090365713572442,1.643071410153258,0.8316502514822051
1.2369563979240281,-1.073834077935122,0.0,-1.198677897453308,1.0,1.341640830039978,-1.7604470252990723,-1.8145751953125,0.1381156290631864,0.6008427789367334
0.9908783895638231,-1.017908986477603,-0.5619514584541321,-0.655880331993103,1.0,1.341640830039978,0.09559311082336305,0.1209716722369194,0.628065499798434,0.5048206051214583
-1.0577497923322055,1.0835418165736013,0.0,0.9725122451782227,-1.0,0.12032519294123556,0.11736313253641129,0.7661539316177368,-0.8202444797012372,0.15931336896411394
1.1408264959392564,-1.0621654992270135,0.0,-0.9001312262166057,1.0,0.4472135901451111,0.11736313253641129,-0.8503479604855549,0.7503827357298799,0.5106761351909884
0.19247442024444805,-0.3987043578829862,0.5695523118055775,-0.655880331993103,1.0,0.1999669733155628,1.2440491914749146,-0.5242105722427368,1.9888341817997506,0.7467975725580568
-0.7016143798828125,0.7189885973930359,-0.5619514584541321,0.9725122451782227,-1.0,1.341640830039978,-1.7604470252990723,-1.8145751953125,-1.5720119577949518,0.030885791921405694
-0.7016143798828125,0.7189885973930359,-0.5619514584541321,0.9725122451782227,-1.0,-1.341640830039978,-1.7604470252990723,-1.8145751953125,-1.5392714666804341,0.0395191550339706
-0.2550998890292369,0.2171508406678673,-1.685854434967041,0.9725122451782227,-1.0,0.4472135901451111,1.2440491914749146,-1.0185078256124125,-0.8906949908096733,0.1579342594973936
