Square_Footage,Num_Bedrooms,Num_Bathrooms,Year_Built,Lot_Size,Garage_Size,Neighborhood_Quality,target
0.6150209517943899,-0.6938362121582031,1.2525591850280762,-1.1042817258888669,-0.9714418248604453,1.2006409168243408,-1.5993123054504395,0.6181131017196045
-0.9058762312672068,0.007008446846157312,-1.1866991519927979,-0.2596825232491213,0.948898101929064,-1.254657506942749,-0.5030162288299497,0.2670635364735511
-1.1205994194715851,-1.3946808576583862,0.03292998671531677,0.3621706120610419,0.22637161181061746,-1.254657506942749,1.519606590270996,0.19822604018765894
-1.3901203956469967,1.4086978435516357,0.03292998671531677,-0.2483947905303616,-0.1763917252466618,-1.254657506942749,0.4799669682979584,0.14350394567182362
-0.6905566894317092,-0.6938362121582031,0.03292998671531677,1.3353000091408005,-1.1835109383073774,-1.254657506942749,1.519606590270996,0.3485526070492792
-1.3617306932673392,1.4086978435516357,-1.1866991519927979,0.3325282096919036,0.49358269954527506,1.2006409168243408,-0.21312613785266876,0.18622253170824818
-0.3469229411445887,1.4086978435516357,0.03292998671531677,0.07414730181991794,0.09917579631994095,-0.027008283883333206,-0.6211287301121114,0.44600881873380993
-0.3279901869043757,0.02644081719806423,0.03292998671531677,1.7124233340678974,1.2729265784288903,1.2006409168243408,-1.5993123054504395,0.45554597553814125
0.1237727303314903,0.007008446846157312,0.03292998671531677,-0.07644512745401456,1.2838537025520083,1.2006409168243408,1.519606590270996,0.5738811395082088
-0.766923846584209,-0.6938362121582031,-1.1866991519927979,-0.10212567730394087,-1.5685460315527044,-0.027008283883333206,-1.5993123054504395,0.27229586210191004
1.7021897092067941,0.7078531384468079,-1.1866991519927979,-0.7488124766853529,1.4373467677654324,-0.027008283883333206,1.519606590270996,0.9512382507740302
-0.6560997973062411,1.4086978435516357,1.2525591850280762,0.1615770432245916,0.37440025735233107,-0.027008283883333206,0.1334204226732254,0.4152868231761252
0.26811969454193996,-1.3946808576583862,1.2525591850280762,0.9545832438748374,0.432308202101364,1.2006409168243408,0.4799669682979584,0.5891287619611802
0.8160316837165104,1.4086978435516357,0.03292998671531677,0.7151058787510141,0.5758268324525254,-0.027008283883333206,-0.5596727132797241,0.7623120064338647
1.3564921920222002,-0.6913058924821363,0.03292998671531677,-0.8858649444877202,1.1954765711354745,-1.254657506942749,0.7512176035384042,0.8431765646992124
-1.5574017057562444,0.7078531384468079,-1.1866991519927979,0.6588304669299377,0.752816207799792,-1.254657506942749,1.519606590270996,0.15290530395490753
-1.162439132853473,-0.6938362121582031,-1.1866991519927979,1.4611475808266499,-0.6558011727321876,-1.254657506942749,0.022794696560146266,0.2443003885430349
1.4402781180857982,-0.6938362121582031,1.2525591850280762,1.6757303807292077,-0.5937387105169379,-0.027008283883333206,0.1334204226732254,0.8872224268991465
1.265187748451459,1.4086978435516357,-1.1866991519927979,0.4991099167266335,-0.008131395716312939,-1.254657506942749,-0.09040537917147455,0.8173285363192907
-1.4598335374894993,0.007008446846157312,0.03292998671531677,-0.5083542123531364,1.3022022760713456,-0.027008283883333206,-0.21312613785266876,0.15201908443363396
0.2117139468708779,-0.48335930798334653,-1.1866991519927979,-0.8079926242583512,-1.3701883502386258,1.2006409168243408,0.4799669682979584,0.5076053095370302
-0.0729507402325601,-0.6938362121582031,0.03292998671531677,-0.8807414128846641,-1.236481183880056,-1.254657506942749,-1.5993123054504395,0.4416936079966681
0.5647728350153757,-0.6938362121582031,1.2525591850280762,-0.8445657449520604,-0.5891932899183437,-1.254657506942749,0.8678943200420405,0.628553291786376
-0.962064886246556,0.039918857439906676,0.03292998671531677,-1.4660526456618306,-1.4810664192377114,1.2006409168243408,-0.3758954952193963,0.21300961643767935
-1.50896463488772,-1.3946808576583862,1.2525591850280762,1.414764697415929,-0.36558694608258013,-0.027008283883333206,-1.5993123054504395,0.12668337301094892
-0.33350368755326454,1.4086978435516357,1.2525591850280762,0.48056943023767945,-1.5947152585374549,-0.027008283883333206,-1.5993123054504395,0.4089391915953189
1.0035568862927104,0.10751767428819359,1.2525591850280762,-0.29212714333316436,0.6418927397943218,1.2006409168243408,1.2615234011280911,0.7858067591419511
0.2883249066156909,0.7078531384468079,0.03292998671531677,-1.4911277951525361,-1.3327363778886496,-1.254657506942749,1.519606590270996,0.5000473177815767
0.24665825406832026,0.7078531384468079,0.03292998671531677,-1.1616345043918188,-0.9408595803776992,-1.254657506942749,0.1438963817599322,0.5324183527272432
0.45175313844927073,-1.3946808576583862,-1.1866991519927979,0.862790653877361,0.3842098569885059,-1.254657506942749,0.4799669682979584,0.6187656784135809
0.6182296210030792,1.4086978435516357,-1.1866991519927979,-1.7723276615142822,-1.3686002293075328,-0.027008283883333206,-1.166399715398006,0.542638148733817
0.15189417154799706,0.007008446846157312,-1.1866991519927979,0.4868121886670896,0.7300236251549579,-1.254657506942749,1.1730600595474243,0.565651760402883
-0.1365693592581263,1.4086978435516357,0.03292998671531677,1.3834179965200786,0.3416343402347935,-0.027008283883333206,-0.21312613785266876,0.5511750787703666
0.5442047089245433,0.7078531384468079,-1.1866991519927979,-0.17418397134176627,0.031815402711472644,1.2006409168243408,1.519606590270996,0.6370538408099862
-0.7837873980207523,-0.6938362121582031,1.2525591850280762,0.6594670241627161,0.5969513148228928,-1.254657506942749,1.519606590270996,0.3078091876735541
-1.7393392826394116,-1.3946808576583862,0.03292998671531677,-0.11761709101030797,-0.10008748410784801,1.2006409168243408,-0.9130831695247372,0.07450214899150379
-0.7822682134488633,0.007008446846157312,1.2525591850280762,-0.8231553008980816,-1.184894978519458,1.2006409168243408,1.0733287551892008,0.268756367516912
0.05694309185046997,-1.3946808576583862,1.2525591850280762,-1.4247798079287581,-1.475104731838067,-1.254657506942749,0.4799669682979584,0.414408826961555
-0.05470296810178203,-1.3946808576583862,-1.1866991519927979,0.03405188029184926,-0.3810773938462044,-0.027008283883333206,0.16468552620230967,0.46394870359493773
1.6349690450442724,-1.3946808576583862,-1.1866991519927979,-1.414045213912829,1.1318895777389932,1.2006409168243408,-0.5325511834308955,0.8875977475939194
0.20351800460511693,-0.6931684109366496,-1.1866991519927979,1.2754511636724515,0.06650442650154023,-1.254657506942749,-1.4550260685861416,0.5830000670210433
-0.005444735525427347,1.4086978435516357,1.2525591850280762,0.8890171396377936,0.09433518677623007,-1.254657506942749,-0.5596727132797241,0.5737162769532763
0.09527299296825056,1.4086978435516357,1.2525591850280762,0.5243024666139557,-1.2475502025355052,-0.027008283883333206,-1.5993123054504395,0.5504445821413084
-1.3603411392500613,-0.6938362121582031,-1.1866991519927979,1.6174073409454235,-0.0012951289143349198,-1.254657506942749,-1.2527657747268677,0.195059111232475
1.0508612272696625,1.4086978435516357,0.03292998671531677,-1.7723276615142822,-1.7276683370225303,-1.254657506942749,1.519606590270996,0.4068175588896708
-1.750039458219987,1.4086978435516357,0.03292998671531677,-1.1941284610749328,-0.25883335081121833,1.2006409168243408,0.9345635132740111,0.07701455864953093
-1.080775273646523,1.4086978435516357,-1.1866991519927979,0.6083972829239183,-0.9087980129597206,-0.027008283883333206,0.11431799258453984,0.2398602714273134
1.1886092084947175,-1.3946808576583862,-1.1866991519927979,-0.5590556954096089,-0.8856815280446053,1.2006409168243408,1.519606590270996,0.7632531489079443
1.6449730616939244,-1.3946808576583862,-1.1866991519927979,-1.4439082666563339,-0.7168798577161316,1.2006409168243408,-1.578091728206585,0.8564722878142856
0.6007057666515583,-0.6938362121582031,0.03292998671531677,0.39209385520423545,-0.8823210643056087,1.2006409168243408,-1.5993123054504395,0.6476383681252628
0.8225015600921524,-1.3946808576583862,-1.1866991519927979,-0.9152346562924856,0.49681171858273054,1.2006409168243408,0.1334204226732254,0.6655837891546472
1.1156402568422226,-1.3946808576583862,1.2525591850280762,-0.9144376771218365,0.3284799336170596,-1.254657506942749,0.1334204226732254,0.7570721917546666
-0.31848779310285313,-1.3946808576583862,1.2525591850280762,-0.6118504198214387,-1.272295315270992,-1.254657506942749,0.35562577156129943,0.3341046995454682
1.192625844998429,0.007008446846157312,0.03292998671531677,1.6314055171036457,-1.103446216474361,-1.254657506942749,-0.5596727132797241,0.8177074038497413
0.4063492982048154,0.007008446846157312,-1.1866991519927979,1.4244840193914532,-1.1459057886590922,-0.027008283883333206,-1.0208935976637954,0.6438191054434267
-1.2516851198023573,-0.07264486494410982,-1.1866991519927979,0.25331428348769713,-0.7348416799191475,-1.254657506942749,0.1334204226732254,0.19168639452571581
0.14980385750587336,-0.28527462327021924,1.2525591850280762,0.8423361964455025,-1.0327806688412238,-1.254657506942749,-0.5596727132797241,0.5318035659602726
-0.7138287920847598,1.4086978435516357,0.03292998671531677,-0.01197441915416328,-0.43132784767174354,-0.027008283883333206,0.8265135288238525,0.3441044555295838
0.43104083626549394,0.7078531384468079,0.03292998671531677,-0.29785489613720145,0.2285119359791687,-1.254657506942749,-0.5596727132797241,0.6061972114255136
0.8807326040210471,0.7078531384468079,0.03292998671531677,-1.2554049567962873,0.40811559349889726,-1.254657506942749,0.7698763430046904,0.7263942128035213
-1.677947077803092,-0.6938362121582031,0.03292998671531677,1.718855484675941,-0.2894545191898609,-0.027008283883333206,1.1831583251349027,0.10937941556393364
-0.1137241940683861,-0.6938362121582031,-1.1866991519927979,-1.198668581343221,-1.063340032003209,-1.254657506942749,0.4209216464158501,0.40569500951885734
-0.9913302648772807,0.007008446846157312,-1.1866991519927979,0.528550317700372,1.309360819290034,-0.027008283883333206,-1.5993123054504395,0.2912597675561916
-0.8926421964171483,-1.3946808576583862,0.03292998671531677,-0.11900218916079695,-0.9167035344368586,-1.254657506942749,-0.21312613785266876,0.22791582930287616
-0.9068693128163289,-0.6938362121582031,1.2525591850280762,1.7077185739352136,0.47294911937367573,-1.254657506942749,1.519606590270996,0.3675349923987627
0.4534950249924937,-0.5296675485594967,0.03292998671531677,-0.08433062655475299,0.1222808242732247,-1.254657506942749,1.519606590270996,0.6151226507002524
1.0189192333876862,1.4086978435516357,0.03292998671531677,-1.7723276615142822,-0.40839985918785576,1.2006409168243408,1.519606590270996,0.7352946196579874
-0.5880844168589765,0.007008446846157312,0.03292998671531677,-0.8020505040104455,1.2771931500937461,1.2006409168243408,-0.15453047948455034,0.3827597192964983
-1.5598047705578604,-1.3946808576583862,1.2525591850280762,-1.209980013657506,-0.21788651970281156,1.2006409168243408,0.4799669682979584,0.08099728141759181
0.3007874438617317,1.4086978435516357,-1.1866991519927979,-0.04370663649849097,1.3848979563114658,-1.254657506942749,-0.5596727132797241,0.5946702492164058
1.0664688452737916,-0.5390714081605623,1.2525591850280762,-1.5848408236905775,-0.3173446182358554,1.2006409168243408,0.1334204226732254,0.752913518778282
1.1254409036947326,0.007008446846157312,1.2525591850280762,-0.14970265234819552,0.15061451735615178,1.2006409168243408,0.1334204226732254,0.7932115578375161
-0.25073367195248597,1.4086978435516357,0.03292998671531677,-0.8507147126383363,-0.30448138187126655,1.2006409168243408,0.8265135288238525,0.4207126905295899
-1.8395914027629432,0.7078531384468079,-1.1866991519927979,0.03216838801705715,-0.1589243049205953,-1.254657506942749,0.4799669682979584,0.03093475576936731
-0.2416086096521858,0.007008446846157312,0.03292998671531677,0.7380330600501057,0.8279823727813399,-1.254657506942749,-0.21312613785266876,0.41637860659553944
-0.9115832551966633,1.4086978435516357,-1.1866991519927979,0.12525218058975546,0.17079248316937812,-0.027008283883333206,0.1334204226732254,0.3093728149394055
1.7252032874112786,1.4086978435516357,1.2525591850280762,-1.7723276615142822,-1.7375391721725464,-1.254657506942749,-1.5993123054504395,0.0019562907982617617
1.464239064703758,-0.6938362121582031,0.03292998671531677,0.022954674975691078,0.8485198155640905,-0.027008283883333206,0.4534417173569563,0.8935381364018362
-1.6326104124161018,-1.3946808576583862,0.03292998671531677,-0.6868253126507552,0.04443735275337353,-0.027008283883333206,0.1334204226732254,0.08939192005614724
-0.43629222090468334,0.007008446846157312,0.03292998671531677,1.2671761097670236,0.8547595734055968,1.2006409168243408,-0.9062192440032959,0.425176162211893
-0.3282312712722524,0.007008446846157312,0.03292998671531677,-1.7053753127118958,0.8544693775255826,1.2006409168243408,-0.4726096292486573,0.407513431611051
-0.11968729670179017,0.7078531384468079,-1.1866991519927979,-0.6498155608315372,1.4430360470618133,1.2006409168243408,0.1334204226732254,0.5157904603232438
0.019944170493282815,0.007008446846157312,0.03292998671531677,0.7998153392662608,-0.11802178190584019,1.2006409168243408,-1.5993123054504395,0.5170837009613709
-0.5184902815354251,0.7078531384468079,1.2525591850280762,-1.5854822784106513,0.09454542341757927,1.2006409168243408,-0.2687457872959338,0.3138857402494009
-0.16021431025185595,0.7078531384468079,-1.1866991519927979,-0.12564409472295412,0.2685008913817073,-0.027008283883333206,0.1334204226732254,0.4599010662743155
1.1310906575724453,1.4086978435516357,0.03292998671531677,1.0998494161341166,-1.5435854718545223,-0.027008283883333206,0.2514123014930883,0.8043412684020022
1.1725752973209271,0.007008446846157312,-1.1866991519927979,-1.2976267936412398,0.1773159202160996,1.2006409168243408,0.8369344758129569,0.798598242020443
0.22761535900785915,1.4086978435516357,-1.1866991519927979,-0.28548894475923936,-1.2160933318785154,-1.254657506942749,-1.0156592435107423,0.5367506328636513
0.6110801207852938,-0.6938362121582031,1.2525591850280762,1.7189881801605225,0.4539012613417876,-0.027008283883333206,0.9528923307745589,0.6936989125160771
-0.2800688465584447,0.007008446846157312,0.03292998671531677,-1.373185036394303,-1.0764053470455988,-1.254657506942749,1.519606590270996,0.3624498586641671
0.793342498716644,-1.3946808576583862,0.03292998671531677,0.005385848969628626,1.3248592253187117,-1.254657506942749,0.1334204226732254,0.7049656256340282
-0.07591026316745507,0.007008446846157312,0.03292998671531677,0.44524751770690385,-0.409472216075408,1.2006409168243408,0.4799669682979584,0.5205223979893565
1.1150422473488448,0.7078531384468079,1.2525591850280762,0.8753677212693551,-0.3340528075884972,-0.027008283883333206,0.6156710962840602,0.8003910456719749
-0.3254116590063634,-1.3946808576583862,-1.1866991519927979,0.8327366874332138,-0.23351432541603478,1.2006409168243408,0.4799669682979584,0.3710472055540855
1.0595885674939864,-1.3946808576583862,0.03292998671531677,1.3585879499516373,1.4401968182313338,-0.027008283883333206,0.029637464428311056,0.8032536450923649
0.1691705876236317,0.007008446846157312,0.03292998671531677,1.4413863442007104,1.0532938608468763,-1.254657506942749,0.1334204226732254,0.5651448902996642
-1.126861595023009,-1.3946808576583862,1.2525591850280762,1.0833419722883366,-0.7132207996441621,-0.027008283883333206,0.1334204226732254,0.21168690757432246
0.9585526724394321,0.007008446846157312,-1.1866991519927979,-1.3222790218327982,-0.1907659894639676,1.2006409168243408,0.8265135288238525,0.7142727168041723
0.8995593386719651,1.4086978435516357,0.03292998671531677,-1.7723276615142822,-1.7341006872681726,1.2006409168243408,-1.5993123054504395,0.2230251966979384
1.6003920592793455,-0.6938362121582031,1.2525591850280762,0.9937094896011339,0.3404777598079747,-1.254657506942749,-0.1287337352825015,0.9114749040787988
-1.459196658620093,-1.3946808576583862,1.2525591850280762,0.06600309550080677,-1.3007806556008628,1.2006409168243408,0.4799669682979584,0.10721287650608079
-0.15072967232136295,1.4086978435516357,1.2525591850280762,0.22107489056946078,-0.2170434638786399,-0.027008283883333206,1.519606590270996,0.5093521914275684
0.4546067447748315,0.007008446846157312,1.2525591850280762,-0.4692141471968047,1.3025035848604936,-1.254657506942749,-0.5596727132797241,0.6506064370690382
0.7296928199557929,-1.3946808576583862,1.2525591850280762,0.13171217140646552,-0.08910697056969435,1.2006409168243408,0.5444728835752577,0.6704973951845073
1.623029354715234,0.6489219873428699,1.2525591850280762,-0.4461801374108307,1.4250037336656791,1.2006409168243408,0.9541180204068425,0.9512086177800385
0.902759059842096,-0.06492050105341318,0.03292998671531677,1.3975809926509846,-0.17571987407280143,-1.254657506942749,-1.5993123054504395,0.7920510160782382
-1.182071837876784,1.4086978435516357,1.2525591850280762,1.7175531131058854,1.3670542395312821,1.2006409168243408,-1.2527657747268677,0.33961778057080344
0.9256877268823587,-0.6938362121582031,-1.1866991519927979,-1.2476680426711309,1.5330593794142706,-0.027008283883333206,0.4799669682979584,0.7626144029375197
0.45648061490257763,-0.6938362121582031,0.03292998671531677,0.9680526124980948,-1.3634257707497333,-1.254657506942749,-0.5596727132797241,0.6328560399517406
0.46723540353253645,0.7078531384468079,0.03292998671531677,1.5531157603269348,-0.7904073084523198,-0.027008283883333206,1.519606590270996,0.6691380657013447
0.3925890893007221,1.4086978435516357,1.2525591850280762,-0.11205006705843981,-1.0690033487499513,1.2006409168243408,0.38581745631956765,0.6046518597947198
-0.22211431674807708,1.4086978435516357,0.03292998671531677,-0.12908758611088533,-0.6256308250377514,-1.254657506942749,0.1334204226732254,0.47149416046436604
1.4721007787573126,0.7078531384468079,-1.1866991519927979,-1.1862332841912553,0.8954007432840105,1.2006409168243408,0.874762066415634,0.8486394298407736
-0.9806843804057864,0.007008446846157312,0.03292998671531677,-0.8353567012418402,0.2533704299960938,1.2006409168243408,0.1334204226732254,0.25055102137109947
-1.5788615039798883,1.4086978435516357,1.2525591850280762,0.7209197916895084,-0.3310415159544998,1.2006409168243408,-1.2527657747268677,0.14630685023893253
0.7794910193266157,-0.6938362121582031,0.03292998671531677,-1.7723276615142822,-1.237585829820892,-1.254657506942749,0.1334204226732254,0.6418312338015731
-0.09737503904409278,-0.23915705641648788,1.2525591850280762,1.4689178143942043,-0.0707970097918899,-1.254657506942749,1.0150325674069336,0.5444713114605253
-0.9989408008435329,-0.6938362121582031,1.2525591850280762,-1.4505029707610941,-0.13769966366538783,1.2006409168243408,0.5596719270432946,0.21976259795095204
0.09902714092492557,0.5846892988072074,0.03292998671531677,1.321378080540036,-1.7332292512203862,-0.027008283883333206,0.8265135288238525,0.5142275870892037
-1.1538838497288648,-0.6938362121582031,1.2525591850280762,1.7184608045493646,0.09422211689000973,-0.027008283883333206,1.519606590270996,0.2297888245137693
0.6561373217243851,0.007008446846157312,-1.1866991519927979,0.9879913182287936,-1.5140425462189464,-0.027008283883333206,1.519606590270996,0.6432785389497897
0.5258355381714861,1.4086978435516357,0.03292998671531677,-1.7614344078125244,-1.004405773867062,1.2006409168243408,0.4799669682979584,0.6344899202517701
-0.2755990794199616,-1.3946808576583862,-1.1866991519927979,0.7345394672924771,1.3984580950594634,-0.027008283883333206,-0.5596727132797241,0.4188765835322329
0.5188741905612424,1.4086978435516357,0.03292998671531677,-0.5576400076455074,-0.6923902824336065,-1.254657506942749,1.519606590270996,0.6484268488660917
-1.4641841831466917,-1.3946808576583862,1.2525591850280762,0.0683431272358013,1.143999182606985,-0.027008283883333206,0.22825693112792617,0.13849242635618014
-0.20066538973944942,0.007008446846157312,-1.1866991519927979,0.00409111722795405,-1.2422023612061062,1.2006409168243408,0.8223450644568766,0.43014977347823885
-0.31850775335241643,1.4086978435516357,-1.1866991519927979,0.24684824378842907,1.5362488553491676,1.2006409168243408,0.5952904011461788,0.4982627783621568
0.397755250641517,1.4086978435516357,-1.1866991519927979,1.5312584666552649,-1.6068685161551943,-0.027008283883333206,1.519606590270996,0.6230166351217442
0.40380858163213507,0.0672302031095025,1.2525591850280762,-0.6436881401558002,1.0091920716884681,1.2006409168243408,0.07729090312880638,0.6442504024548872
1.18259265295011,0.007008446846157312,-1.1866991519927979,-1.2085652837728535,0.5235872981471704,1.2006409168243408,0.8265135288238525,0.7902743529315475
-1.8427332639694214,-1.3946808576583862,1.2525591850280762,1.7189881801605225,-1.7375391721725464,1.2006409168243408,1.519606590270996,0.0019562907982617617
-0.3737009913918829,0.05080857183763432,0.03292998671531677,1.2066031183306745,-1.634988789736273,-1.254657506942749,0.4799669682979584,0.3678113332783913
-0.9205192483862807,0.007008446846157312,0.03292998671531677,-1.253764538426608,0.9760300849827996,-1.254657506942749,0.8265135288238525,0.2546056509732726
-0.3584487810691736,1.4086978435516357,0.03292998671531677,-1.297546379222494,-1.7028118444896039,-0.027008283883333206,0.1334204226732254,0.3492360189229374
-1.3742768273237753,-1.3946808576583862,1.2525591850280762,-1.4647122301156617,1.4360812341508593,-0.027008283883333206,-0.7053259104107319,0.16332825010859536
0.9355698565573942,1.4086978435516357,1.2525591850280762,1.1161053300580595,-0.4664520442765201,1.2006409168243408,0.08098435940396093,0.7781872363220889
-0.6569896856591406,-1.3946808576583862,1.2525591850280762,-0.05589244237255411,-0.7648282339983483,1.2006409168243408,-1.5993123054504395,0.2921810352284762
0.11860563491254436,-1.3946808576583862,-1.1866991519927979,0.673555657446717,-1.5793976488614478,-0.027008283883333206,1.519606590270996,0.46316544790210773
-0.757420254716059,0.007008446846157312,1.2525591850280762,0.6645759400896915,0.9787458239727751,-0.027008283883333206,1.3606988113175424,0.3792733722145946
1.1604915283877606,-1.3946808576583862,0.03292998671531677,-0.2744196440347736,-0.9546736722698995,-1.254657506942749,1.519606590270996,0.7463283092442683
-1.5265920936821429,1.4086978435516357,-1.1866991519927979,-0.39768927966437045,0.23826722679522738,-1.254657506942749,-0.5596727132797241,0.12789311451137717
0.5684333672585432,-1.0032680064231851,-1.1866991519927979,-0.07816263345625638,-1.197000576664036,-1.254657506942749,1.519606590270996,0.6392703172997198
0.33743057754030825,-1.3946808576583862,1.2525591850280762,0.6276150761932425,-0.02252762297721246,-0.027008283883333206,0.1334204226732254,0.5738161724215539
-0.5791671480221247,-0.6938362121582031,-1.1866991519927979,0.5525147892516452,-1.074452739409471,-0.027008283883333206,0.4799669682979584,0.3551819527127053
0.6136510914941847,0.9584990139156371,1.2525591850280762,-0.8007253846068441,1.4209838045776026,1.2006409168243408,1.519606590270996,0.7127987502920827
0.793635522042963,-1.3946808576583862,1.2525591850280762,0.8102895149622495,1.4469808224151546,-1.254657506942749,1.519606590270996,0.7298294374341321
-1.2611969829615257,0.7078531384468079,-1.1866991519927979,0.08423661283508363,-0.41993066753114927,-0.027008283883333206,-0.5596727132797241,0.22132274703160598
-0.8512069170130193,-1.3946808576583862,0.03292998671531677,0.5131896873658844,-0.5731478468290334,-1.254657506942749,1.519606590270996,0.2925489326167453
0.02106984903772309,0.007008446846157312,-1.1866991519927979,0.9222343411949365,-1.4400644725708993,-1.254657506942749,1.519606590270996,0.5045612501845743
0.8795803133805804,0.007008446846157312,1.2525591850280762,1.7189195785480487,0.5672021355565935,-1.254657506942749,1.409000286407231,0.779625854683422
0.8894919464058259,1.4086978435516357,1.2525591850280762,-1.3424845703608748,0.9114521320690651,-1.254657506942749,-0.7816761107858466,0.7512819062663828
-1.392763779877696,0.007008446846157312,1.2525591850280762,-0.829847115749477,-1.4442143408646364,-1.254657506942749,1.519606590270996,0.14374121983386481
0.8380627102516035,1.4086978435516357,-1.1866991519927979,-1.732503178119085,0.4770059313764332,1.2006409168243408,1.519606590270996,0.7241237985095768
0.3111437984875752,-1.3946808576583862,1.2525591850280762,0.16304136248278384,0.2331554816542968,-1.254657506942749,0.1334204226732254,0.5315276749128642
-0.2508206542964968,1.4086978435516357,-1.1866991519927979,-1.1661581612626837,0.1797464719029661,-0.027008283883333206,-0.9062192440032959,0.44132451866478783
-1.0277809709613224,-1.3946808576583862,0.03292998671531677,0.8758250491303001,0.1594695089464661,1.2006409168243408,1.1730600595474243,0.28139741805887114
1.5350763027418128,-1.3946808576583862,1.2525591850280762,-1.357631038558991,1.4897172229030393,1.2006409168243408,0.7772347229815519,0.8870186985038562
-0.1653556536418691,0.007008446846157312,1.2525591850280762,1.3429101473030207,0.5065404810192409,-1.254657506942749,-0.22772332943198115,0.496379751769979
1.7282552030779528,-1.3946808576583862,0.03292998671531677,-0.9767902000881054,-0.6812210426989811,1.2006409168243408,-0.40540694704200764,0.927655338998167
-1.4197486297093478,0.7078531384468079,0.03292998671531677,0.49032709984278733,0.695372542739904,1.2006409168243408,-0.21312613785266876,0.1790297016333211
0.2796500694072055,-1.3946808576583862,0.03292998671531677,0.7468432701656178,-0.4675603178691536,-1.254657506942749,-1.5993123054504395,0.5711930372593331
0.48152606014341837,-0.23924921803555277,-1.1866991519927979,1.034529612296366,0.7216433306724442,-1.254657506942749,-1.2527657747268677,0.6552548518258959
0.4109983022397247,-1.3946808576583862,1.2525591850280762,-1.4149020101002445,0.2760713617059909,-1.254657506942749,1.519606590270996,0.5716675046736789
1.547060001283723,-0.6938362121582031,1.2525591850280762,0.6751812883529041,1.523073364700197,-0.027008283883333206,-0.5596727132797241,0.925355212759071
-0.9078097735777177,-0.30538807464206164,0.03292998671531677,-0.4892406660594126,1.1191843245430944,-1.254657506942749,1.519606590270996,0.2812298069346354
0.4825507393337769,0.007008446846157312,0.03292998671531677,1.5987303841027287,-0.38524716705062345,1.2006409168243408,-0.8893975926308499,0.6525092790875057
0.9023558135984746,0.007008446846157312,0.03292998671531677,1.4387005994418807,-0.1897873937918626,-1.254657506942749,-1.5993123054504395,0.7897145098371707
0.41894457556429143,-0.05924356253890528,0.03292998671531677,0.2461589792808782,-1.541293337764174,1.2006409168243408,1.519606590270996,0.5853493704640306
1.1031641165797696,1.4086978435516357,-1.1866991519927979,-0.7349869569129772,0.27089766148828454,-1.254657506942749,-1.5993123054504395,0.8152104953094618
0.7817768686533502,-0.6938362121582031,1.2525591850280762,-0.8813113092789409,0.4762609571450877,-1.254657506942749,1.1730600595474243,0.7046274502408036
0.7537550374944157,-0.6938362121582031,0.03292998671531677,0.6502474125507915,-1.203500207107506,-1.254657506942749,-1.2527657747268677,0.6507507798812123
-1.1751945062248057,-0.6177689514511605,0.03292998671531677,1.4005061451337097,-0.18267389370596437,-1.254657506942749,0.09080294809637213,0.22558226945399476
1.5557888952666814,0.07535035779183152,1.2525591850280762,-1.237426556304993,-1.2173981937995626,1.2006409168243408,1.232946048176117,0.8811373521078089
-1.1708807021219345,1.4086978435516357,1.2525591850280762,1.0742407447229123,0.3982903845390286,-0.027008283883333206,0.1334204226732254,0.285852149654356
-0.1437215881981601,0.7078531384468079,-1.1866991519927979,-0.22745036786507172,0.888464275970447,-1.254657506942749,1.519606590270996,0.46778952930511813
1.448877790904274,1.4086978435516357,1.2525591850280762,0.09980010227337802,-0.10136553500801151,1.2006409168243408,0.4799669682979584,0.8915692773140642
1.2391539079650256,-1.3946808576583862,1.2525591850280762,-0.8449135314912845,-0.209673283008828,-1.254657506942749,0.8265135288238525,0.7555017423084889
-1.402286055162592,-0.43497070832021834,-1.1866991519927979,-0.1862711883738809,1.1133293422518407,-0.027008283883333206,0.43535022971718673,0.1623675362191838
1.6487190768984723,-0.6938362121582031,0.03292998671531677,0.061108141356849,0.1808888673228837,1.2006409168243408,-0.5596727132797241,0.9154727057396921
-1.8427327293313636,0.7078531384468079,1.2525591850280762,1.7189881801605225,-1.7375096475438303,1.2006409168243408,1.519606590270996,0.0019562907982617617
-1.2709196841708184,0.7078531384468079,-1.1866991519927979,0.6282191241667974,-1.35092247814809,1.2006409168243408,-0.4976340160678061,0.16151514343456513
-0.8082257329643348,-1.3946808576583862,1.2525591850280762,0.9493451646444876,-0.9656012137849441,1.2006409168243408,0.4799669682979584,0.3014524516173626
-0.3441584936494503,0.007008446846157312,-1.1866991519927979,0.4353629824882199,-1.5852069334455197,-0.027008283883333206,-1.5993123054504395,0.340684285128638
-1.0371409642796232,0.007008446846157312,1.2525591850280762,-0.07873716429593301,-0.9334161717380667,1.2006409168243408,0.1334204226732254,0.24810373260438962
-0.3253042997672796,0.7078531384468079,1.2525591850280762,-1.4356706036562288,1.6867777161486335,-0.027008283883333206,1.519606590270996,0.46845350538613134
1.319224266844873,0.05167692885415857,-1.1866991519927979,0.5026807468888982,1.552962686788599,-0.027008283883333206,0.2609604612128841,0.8787854097335994
-1.4291024470235705,-0.6938362121582031,0.03292998671531677,1.5312711019404752,-1.5314327248386224,-1.254657506942749,0.4799669682979584,0.13740793784950045
-0.8311758463552434,1.4086978435516357,1.2525591850280762,-0.49552284315027484,-0.8404261531672244,-1.254657506942749,-0.18350353529192417,0.28266593398173473
-0.8898772659731248,-0.6938362121582031,0.03292998671531677,-0.6373207857141414,-1.407536437063988,-0.027008283883333206,0.4799669682979584,0.2324385646458845
-0.19721156785119004,0.7078531384468079,1.2525591850280762,0.6052033352047477,0.965998493141148,-0.027008283883333206,-0.5596727132797241,0.5142059953491299
0.019906495118811943,0.7078531384468079,0.03292998671531677,1.3651865115178226,-1.6726070336978456,-0.027008283883333206,1.1730600595474243,0.5136129184954582
-0.1576763433096893,0.387417249183078,1.2525591850280762,-0.3484639277900645,-1.5773729137682486,-0.027008283883333206,-1.3769304896715715,0.4397388222776851
0.9341921887263361,-1.3946808576583862,1.2525591850280762,1.471068700224649,0.5715112330724295,1.2006409168243408,-1.5993123054504395,0.7633577779957338
0.9001911029526792,1.4086978435516357,0.03292998671531677,-0.29297451309436867,-0.49283344792897943,1.2006409168243408,-1.5993123054504395,0.7526486117571218
1.5118286899480877,-1.3946808576583862,-1.1866991519927979,-0.5932153841114557,-0.7654812702799829,1.2006409168243408,0.1334204226732254,0.8236054015365346
-0.744075018294303,-1.3946808576583862,1.2525591850280762,1.3661147581681947,0.9611361710801769,-1.254657506942749,1.519606590270996,0.38216079973799444
-0.1364349941495135,0.7078531384468079,0.03292998671531677,-0.9505713070740958,1.5224092426352702,1.2006409168243408,0.5206302822128318,0.505775676544522
1.0570821918207907,-0.6938362121582031,1.2525591850280762,0.1930508200967226,0.41916526436872587,1.2006409168243408,-1.5993123054504395,0.7903735848153169
-0.3404299218140294,-0.6938362121582031,1.2525591850280762,-0.262130829072366,0.42496500797326425,1.2006409168243408,0.2512669832642131,0.4003239522655249
1.0895874732795177,0.007008446846157312,-1.1866991519927979,1.2617544123761162,1.4294707417806087,1.2006409168243408,0.1334204226732254,0.8205714759480875
0.4536552044124378,1.4086978435516357,0.03292998671531677,1.0101171961565072,0.13212325524306398,-1.254657506942749,-1.5993123054504395,0.6390605252104866
-0.4424323058500502,-1.3946808576583862,0.03292998671531677,0.12768164873303595,-0.7087023411585043,-1.254657506942749,-0.9062192440032959,0.35408768420096787
1.362229547910822,0.7078531384468079,1.2525591850280762,1.6680846365719122,0.1906328877748589,1.2006409168243408,1.1730600595474243,0.9106716305573104
1.2161017360203141,-0.6938362121582031,-1.1866991519927979,-0.8578518269768202,-0.8352663473838828,-0.027008283883333206,0.1334204226732254,0.7779200651837632
-0.3906491931870877,-1.3946808576583862,0.03292998671531677,-0.5769613468155896,0.6845216885162348,-1.254657506942749,-1.016009089480357,0.36641250029310496
0.32672381355332974,-0.22165121759250134,0.03292998671531677,-0.8234577843639702,1.0803152010977441,-1.254657506942749,0.8265135288238525,0.556923185460954
-0.17994375532077553,0.7078531384468079,-1.1866991519927979,0.008255691041333293,0.9727013273372951,-1.254657506942749,0.3338083637213122,0.43683900480966487
-1.2378364411065075,1.4086978435516357,0.03292998671531677,1.096892515803747,-1.6396755340775266,-0.027008283883333206,0.582039024366762,0.20078827726232987
-1.4761806460746258,1.4086978435516357,0.03292998671531677,0.07411083373119076,-0.9312614990013578,-0.027008283883333206,1.171426104316443,0.13812234157285394
-0.8945630643509542,-1.3946808576583862,0.03292998671531677,-0.4355944146428709,0.9022050614537199,-1.254657506942749,-0.3207369638623075,0.2978045976955547
0.23903458764238017,0.7078531384468079,-1.1866991519927979,1.3804391135573832,1.3994216168184817,-0.027008283883333206,0.1334204226732254,0.6365555966323495
1.71175280466112,0.7078531384468079,-1.1866991519927979,-0.8737031414650424,-0.27261770630819154,1.2006409168243408,-0.5596727132797241,0.8996047543825862
0.7404849477766582,-0.1847304003730188,-1.1866991519927979,0.5492719822959206,-1.3616360681105828,1.2006409168243408,0.1334204226732254,0.6618660504105861
-0.36908329870028384,1.4086978435516357,0.03292998671531677,1.0894424934915543,0.6754385830798529,-0.027008283883333206,-1.5993123054504395,0.4670260294666109
1.6690249901967407,0.7078531384468079,-1.1866991519927979,0.11980404613028578,1.3805262680848618,1.2006409168243408,1.519606590270996,0.9594870434795426
-0.6476672084090311,-0.6938362121582031,-1.1866991519927979,0.8185429810018466,0.34800063551363863,-1.254657506942749,0.4799669682979584,0.3490102152063033
0.2265770733531171,0.7078531384468079,0.03292998671531677,0.7782636531362473,1.6306606986557985,1.2006409168243408,0.857706587396442,0.6111524654649736
0.8678642883996278,1.4086978435516357,-1.1866991519927979,0.9058044137489663,-1.7079324282122896,-0.027008283883333206,0.1334204226732254,0.7218287639046632
0.4969577582744957,-1.3946808576583862,-1.1866991519927979,-0.8556932954648662,0.8545705905485916,-0.027008283883333206,0.0580147806458613,0.5850011927281661
-0.8498810419875442,-1.3946808576583862,-1.1866991519927979,-0.7665769390285908,0.1462233474586864,-1.254657506942749,0.1334204226732254,0.2510071800963118
1.2028063146188568,-0.6938362121582031,1.2525591850280762,-0.17564049420388167,1.3793517537562823,-1.254657506942749,-0.3454061365303428,0.7906116355473308
0.6085265008224655,0.7078531384468079,0.03292998671531677,1.6750522458566353,-0.2487672018533859,-0.027008283883333206,1.519606590270996,0.7201142002300357
0.3213029087706869,0.3837017446821259,0.03292998671531677,-1.154141237574107,1.1712882044204236,1.2006409168243408,-0.9062192440032959,0.5697769717535842
0.5443157681788776,-1.3946808576583862,1.2525591850280762,-0.7035713946700691,-1.0349193363752964,1.2006409168243408,0.8265135288238525,0.6208565928589498
0.7284976352052093,0.7078531384468079,0.03292998671531677,0.7501023720852771,-0.13808204906568727,-1.254657506942749,-0.21312613785266876,0.647916727232294
-0.6050282668519703,-1.3946808576583862,1.2525591850280762,-0.19670476125963643,-0.6787526482117078,-0.027008283883333206,0.4799669682979584,0.3296793721595343
-1.495762166246801,0.007008446846157312,-1.1866991519927979,-1.224447835810484,-1.5782958119823074,-0.027008283883333206,-0.8847323363175548,0.10093354641518143
-0.12115884151109291,0.007008446846157312,-1.1866991519927979,-0.7985734257916197,0.8627774722271302,1.2006409168243408,1.519606590270996,0.456548361317092
0.13966673415680336,0.509455520725034,-1.1866991519927979,0.45230313643021514,-1.1518361621492872,1.2006409168243408,-1.5993123054504395,0.5329996584961355
-0.3075730434374044,1.4086978435516357,0.03292998671531677,-0.21549033715271307,0.48729114533831663,1.2006409168243408,1.1730600595474243,0.46583509088282127
0.16897906485709868,0.46608742626790417,0.03292998671531677,-0.2562653242935534,-1.3662210534117332,1.2006409168243408,0.1334204226732254,0.535061774771998
-0.30173147470543255,-0.34879633466907606,0.03292998671531677,-0.06869250515854683,-0.9562962689424717,-1.254657506942749,-0.5596727132797241,0.374829645984957
-0.7366130586954617,0.007008446846157312,-1.1866991519927979,-0.5945479854122906,-1.5726139215360333,-0.027008283883333206,0.15980789284860974,0.26840113881428035
0.12832472981521384,-0.6938362121582031,0.03292998671531677,0.029212633298909677,-0.6871819637328668,-0.027008283883333206,0.1334204226732254,0.5328283386065622
0.32639684258064033,-1.3946808576583862,-1.1866991519927979,-1.0226119136993144,0.029095415831832575,-1.254657506942749,-0.21312613785266876,0.5073671227098789
0.5259659153203669,1.4086978435516357,-1.1866991519927979,0.5625213681652894,-0.8897714235713096,-1.254657506942749,0.4799669682979584,0.6437510552107713
-0.11417512477809233,-0.3166873821334682,1.2525591850280762,-1.006015389880946,0.5833834487670952,-1.254657506942749,-0.5596727132797241,0.4611149414570229
1.3280594435776967,0.007008446846157312,0.03292998671531677,-0.17883732087930163,1.468610454237561,1.2006409168243408,-0.21312613785266876,0.8655989273765744
0.3326777589153061,0.007008446846157312,0.03292998671531677,-0.6576867738670863,-1.0294012162046295,-1.254657506942749,-0.09333870106123311,0.5195761991472096
1.6700407431137199,0.007008446846157312,1.2525591850280762,-0.004409536055757529,0.09036280068852559,1.2006409168243408,0.3352946239126916,0.9500027997083715
1.1678590160948512,-0.6938362121582031,1.2525591850280762,1.0243332410068322,-1.2617931768896522,-0.027008283883333206,0.4799669682979584,0.8137838043547797
-0.7497733220849051,-1.3946808576583862,0.03292998671531677,1.1425461203721743,-1.2998756613578804,-1.254657506942749,0.1334204226732254,0.29479600337821554
-0.6298288262277211,0.007008446846157312,1.2525591850280762,0.11192658915393555,-1.4316447408092952,1.2006409168243408,-0.5596727132797241,0.32913145730667437
0.5135858916945111,-0.6938362121582031,1.2525591850280762,-0.17978243738077057,1.4452272896251255,-1.254657506942749,0.1932068495279942,0.6656797268122913
-1.4067323052586442,0.007008446846157312,1.2525591850280762,0.7188067431609532,1.0198156929190338,-0.027008283883333206,1.1713530988253957,0.17462304089406544
1.605521961528607,-1.3946808576583862,0.03292998671531677,-0.9737905121744908,-0.5433761930727614,1.2006409168243408,-1.5993123054504395,0.8594565389751952
-0.6950399682477337,0.007008446846157312,1.2525591850280762,-0.9489590261760392,-1.4975125618912029,1.2006409168243408,0.4799669682979584,0.281731510256858
-1.3925379165786038,0.2226653574811034,0.03292998671531677,0.6314630464210491,-0.11651523314624351,-1.254657506942749,1.3189039613533855,0.14224074100680406
-1.0478554631009631,0.007008446846157312,1.2525591850280762,0.6135356978269757,-1.1798283437267396,1.2006409168243408,1.519606590270996,0.2437137260303165
0.3023097293885391,1.4086978435516357,-1.1866991519927979,-0.33537141943088794,-0.5052320039956193,1.2006409168243408,0.37354442122238074,0.551674639980482
1.5672143366585858,-1.3946808576583862,1.2525591850280762,0.8909780777470835,-0.7392746183008682,1.2006409168243408,-0.9062192440032959,0.8865818711201714
1.5336301643677241,1.4086978435516357,0.03292998671531677,-1.7723276615142822,-1.7299715552217991,1.2006409168243408,-0.5605245101846739,0.2677807207202144
-0.1355009791062107,-1.3946808576583862,-1.1866991519927979,1.1487038488537509,-0.24348015344853205,-1.254657506942749,0.1334204226732254,0.43557937788065276
-1.0939756340327893,1.309758074722358,-1.1866991519927979,1.5301848529522248,-1.6617859097281384,-0.027008283883333206,1.519606590270996,0.23974194342610133
1.4906582174253886,0.14952030730096866,-1.1866991519927979,0.6052082862721404,1.5662304879583429,1.2006409168243408,0.8265135288238525,0.929967682450406
1.479835071562636,0.007008446846157312,0.03292998671531677,1.5148194342912809,-1.273548473736909,1.2006409168243408,0.08931284171432402,0.8970787852997234
0.3377920542820352,1.4086978435516357,0.03292998671531677,-1.1548152776852363,-0.4727074932775128,-0.027008283883333206,0.1334204226732254,0.6061395135933968
0.5696366842343779,0.27818205610382346,1.2525591850280762,-0.5253792009585581,-1.6578431323977716,-0.027008283883333206,1.1730600595474243,0.625642165066209
-0.9450952567272051,0.007008446846157312,-1.1866991519927979,-0.21891674018596477,-1.6482267975584588,1.2006409168243408,0.3412372487801818,0.2393495135474777
-1.56340987569383,-0.6938362121582031,1.2525591850280762,1.7189881801605225,-1.7375391721725464,1.2006409168243408,1.519606590270996,0.004808361749956453
0.8260090342736442,-1.3946808576583862,0.03292998671531677,1.2884000002313194,0.1363099728590758,-1.254657506942749,0.47514904822903054,0.7216905646333861
1.2243214322068874,0.23427489048535594,-1.1866991519927979,-1.2496496610776253,0.26430001390410074,1.2006409168243408,-0.5596727132797241,0.790497956780851
0.41993254924641255,-0.6938362121582031,-1.1866991519927979,-0.18644599959685365,1.637586894921338,-0.027008283883333206,0.7132117384676415,0.6478386656256311
1.6389749344661868,-1.3946808576583862,0.03292998671531677,0.6564704050947402,-0.5225306562808525,1.2006409168243408,-0.01244413964064403,0.8941352060543737
-1.1560074898046315,1.4086978435516357,1.2525591850280762,0.5543315882510188,-1.1094643002781652,-0.027008283883333206,-0.4454541367239043,0.2627605444702642
-0.8864504519983476,1.4086978435516357,-1.1866991519927979,0.5187203810490628,0.47782713668505367,1.2006409168243408,0.1334204226732254,0.3225929026933312
0.11766047106813196,-1.3946808576583862,0.03292998671531677,1.3506451401412594,-0.8933762322767347,-1.254657506942749,0.18552153498063323,0.531861806209727
-1.4238804706356811,0.13779560723645262,-1.1866991519927979,1.4215468124075936,-1.3073941892606373,1.2006409168243408,1.1730600595474243,0.15817705491258463
-0.37641142325373644,1.4086978435516357,-1.1866991519927979,-1.2046247602761189,0.4350513173194273,1.2006409168243408,-0.4475377954492348,0.4166783683476386
0.523246978791557,1.4086978435516357,1.2525591850280762,-1.6238588721201066,-1.229658136357095,1.2006409168243408,1.519606590270996,0.6277979947688643
-1.3639890055922115,-1.3946808576583862,1.2525591850280762,-1.0548142567656906,-0.17113164255552452,1.2006409168243408,0.48437595784283666,0.1463705198494717
-0.061544060791603,-1.3946808576583862,1.2525591850280762,-0.018245188584550986,1.6754313397619136,-0.027008283883333206,-1.5993123054504395,0.5730437734102823
0.2113418670502853,-0.4851984415384909,1.2525591850280762,0.4497627874748023,-0.8367147582807887,-0.027008283883333206,0.4799669682979584,0.5588135932724884
-0.5390785565983588,1.4086978435516357,1.2525591850280762,1.638808474096432,0.8933578659792295,-0.027008283883333206,-1.5993123054504395,0.4559343810238198
-0.08765941837428504,0.007008446846157312,-1.1866991519927979,0.09349844720644027,1.439976558648592,1.2006409168243408,0.1334204226732254,0.5452945449036222
0.013285690283416113,-1.3946808576583862,-1.1866991519927979,0.6328927084063872,-1.4762638029595603,1.2006409168243408,0.1334204226732254,0.488878473810635
-1.3654480788119236,0.12034249416959494,0.03292998671531677,0.7900084005491933,-0.6272291587417914,1.2006409168243408,0.3815972929463881,0.15717257834980494
-1.6511243979943846,1.4086978435516357,-1.1866991519927979,-0.09633142037543621,1.429855522626581,-0.027008283883333206,0.1334204226732254,0.1324300481432857
0.8455514673397317,-1.3946808576583862,0.03292998671531677,1.554233810282614,-1.1738917903859876,-1.254657506942749,-0.5596727132797241,0.7243034604596453
0.05427634022276917,0.2371837931583365,0.03292998671531677,0.7760985255924953,0.45905251444244166,1.2006409168243408,-0.17316017060459715,0.5587729330157818
-0.9369427799022778,-1.3946808576583862,1.2525591850280762,-0.6348690860643933,-0.9612373484738078,-1.254657506942749,0.6351206074819014,0.2237950172284327
0.6625133594522221,1.4086978435516357,1.2525591850280762,-0.4971658413920278,0.1525321033434818,-1.254657506942749,-0.5596727132797241,0.7006886248767199
-1.1445348156978157,1.4086978435516357,0.03292998671531677,0.3754562333198874,-0.7779374216580932,-1.254657506942749,-0.5596727132797241,0.23960141536477206
-0.14068355059273135,-1.3946808576583862,1.2525591850280762,0.9259725324310427,0.19086229653344705,-1.254657506942749,-0.604923962439385,0.4845186596634293
-0.3779646620466161,0.007008446846157312,1.2525591850280762,0.47605119534200746,1.4893430219026573,1.2006409168243408,0.5932476876332946,0.43759511676504576
0.49896752696648045,-0.6938362121582031,1.2525591850280762,0.6083915986885167,0.6755777725578576,-1.254657506942749,0.4799669682979584,0.6491603413858128
-0.11949956983851065,1.4086978435516357,0.03292998671531677,-0.4909055991725032,-0.05335067478181395,-0.027008283883333206,0.3070452175675299,0.4860007527814848
1.4289356628382544,1.4086978435516357,1.2525591850280762,0.4770010775566007,1.247881670077499,-1.254657506942749,0.1334204226732254,0.9284362827959589
1.6377290765824584,1.4086978435516357,-0.6752724135764265,-1.7723276615142822,-1.7022964206564852,1.2006409168243408,0.4799669682979584,0.4705705199281109
0.10578212759448663,1.4086978435516357,1.2525591850280762,-1.3718599124985993,1.2327835937627472,1.2006409168243408,-0.21312613785266876,0.603005626277998
1.561473373248919,1.4086978435516357,0.03292998671531677,-1.7723276615142822,-1.7315498294583358,1.2006409168243408,-1.2527657747268677,0.2512891722145872
-0.501609543431307,1.4086978435516357,-1.1866991519927979,-0.06259931954633968,-0.32398488416325744,-0.027008283883333206,-0.21312613785266876,0.40980294929435285
-0.3106256902871863,0.007008446846157312,0.03292998671531677,0.7523786873806825,1.6275491880835762,-0.027008283883333206,-0.16944972607544895,0.4604879391631458
0.16447250593912327,-0.6938362121582031,-1.1866991519927979,-0.16789535948270162,-1.044722427364564,-0.027008283883333206,0.4799669682979584,0.5092204352029356
-0.38106032085961783,0.007008446846157312,-1.1866991519927979,1.5688722718587471,-1.2516968067070635,1.2006409168243408,-0.5596727132797241,0.42321094936757836
-1.2317927938183075,-1.3946808576583862,-1.1866991519927979,0.11154580349896685,1.2448512416662094,-1.254657506942749,0.830182278960223,0.1947298847555712
1.7124308324055246,-0.6938362121582031,0.03292998671531677,1.4078052697658745,1.473888024150752,-0.027008283883333206,-0.21312613785266876,0.9868579138766598
1.3105828392235912,-0.3478125197765238,0.03292998671531677,-1.658783447343449,-0.6919024020518141,1.2006409168243408,-0.8967087004511001,0.7688797842650447
-0.44061195881266213,-0.2731174490352933,1.2525591850280762,-1.2774655389744587,0.5748441818527099,1.2006409168243408,1.1730600595474243,0.3844699259172589
-0.5577270267719311,0.007008446846157312,-1.1866991519927979,-0.7947783950308226,-0.36979221633150694,-0.027008283883333206,-0.21312613785266876,0.32307610263451975
1.6183786492369836,0.007008446846157312,-1.1866991519927979,-0.15867229181466347,1.569831433535214,1.2006409168243408,0.1334204226732254,0.9156568993682677
-0.001476107255920206,0.3329432894404061,-1.1866991519927979,-1.3386927374712567,-0.01582874400390047,-1.254657506942749,-0.5596727132797241,0.4304359763255199
1.2698177567864384,-0.6938362121582031,1.2525591850280762,0.8138408368354394,1.3888128864927174,-1.254657506942749,-1.3570902767699018,0.8794836937897773
-1.1968634906347164,1.4086978435516357,1.2525591850280762,-0.7703475770002055,0.3451504312896078,1.2006409168243408,-1.5993123054504395,0.2268611945500804
-1.3766662186814815,-0.6938362121582031,1.2525591850280762,1.7189881801605225,-1.734078253056459,1.2006409168243408,1.0406281164326623,0.0696176558919775
0.39538220665247836,-1.3946808576583862,0.03292998671531677,-0.5810501750854306,0.2946806785222927,1.2006409168243408,-0.9062192440032959,0.6097387563255067
1.1232256618414391,-1.3946808576583862,-1.1866991519927979,-1.0024873172482058,0.8917990743693344,-1.254657506942749,0.28669527831391667,0.7586832450026809
-1.7272802030875747,1.4086978435516357,0.03292998671531677,1.5858465522508132,1.0055783731519692,-0.027008283883333206,-0.5596727132797241,0.17357778219319053
-0.978021200773842,-0.6938362121582031,-1.1866991519927979,-1.638582625338572,0.41580247261797965,-0.027008283883333206,0.4458785388743694,0.19797335204924552
-0.03775025596245567,-1.3946808576583862,1.2525591850280762,1.286168454953265,0.7582956093713311,-0.027008283883333206,0.1334204226732254,0.5604679912044882
-0.5210182674600277,0.007008446846157312,1.2525591850280762,-1.495046727428673,-0.5624926672966929,-0.027008283883333206,0.6000889197167681,0.3039319164660403
1.2944462045172616,0.007008446846157312,0.03292998671531677,-1.3630732861338524,0.9449660751346185,1.2006409168243408,0.38885556637346247,0.8367373757565985
-1.8427332639694214,-1.3946808576583862,1.2525591850280762,1.7189881801605225,-1.7375391721725464,1.2006409168243408,1.519606590270996,0.0019562907982617617
-0.13784701819415923,-0.6938362121582031,0.03292998671531677,0.804952807495828,-1.4923402386505327,-0.027008283883333206,0.8265135288238525,0.4208949891521988
0.37875133191699917,0.007008446846157312,0.03292998671531677,-0.3784819656921449,-1.7347591086341487,-0.027008283883333206,1.519606590270996,0.5121300326003925
-0.0470711610585665,0.7078531384468079,-1.1866991519927979,0.5585645941036991,-0.023686458349313932,1.2006409168243408,0.9569959320213332,0.5239072435046166
-1.2767488898267325,0.007008446846157312,1.2525591850280762,1.4273377413535666,1.5338218518194264,1.2006409168243408,1.519606590270996,0.2947051925161813
0.2419213345529162,0.12927623920458464,0.03292998671531677,0.47485414749880656,-1.4192676005485716,-1.254657506942749,-1.5993123054504395,0.5016066922160753
1.5052634109645375,0.27542891357096433,-1.1866991519927979,0.21230900619910223,-0.2985761278493072,1.2006409168243408,1.519606590270996,0.9037155470066927
-0.9187873240633313,-1.3946808576583862,-1.1866991519927979,1.3036632624424602,-0.9565347742175772,-1.254657506942749,-0.21312613785266876,0.24399985209966318
-0.6403179063640816,0.7078531384468079,1.2525591850280762,-1.2340454205602513,0.7910086821229373,1.2006409168243408,-1.2433200472038564,0.3912964065735476
0.563021585923132,0.7078531384468079,1.2525591850280762,0.2179103676592031,-0.3146210919380462,-1.254657506942749,0.08735967387640237,0.6275502264906526
1.0856593386844597,0.7078531384468079,-1.1866991519927979,0.31252091685470296,-0.38429742742410916,1.2006409168243408,1.306203561777301,0.7895524955099313
-1.789593735018632,-0.6938362121582031,0.03292998671531677,0.8124221326340363,-0.8475581306472654,-1.254657506942749,0.46212886065844766,0.05568293551622578
-0.2333425949445484,0.007008446846157312,-1.1866991519927979,1.4054049455745474,0.03320502349545834,-1.254657506942749,-1.2527657747268677,0.4547398227714794
0.2504657911270712,-1.3946808576583862,0.03292998671531677,0.054651201228163776,0.2676141035885866,-0.027008283883333206,0.8265135288238525,0.55278015834723
0.8056733775019795,-0.6938362121582031,1.2525591850280762,1.1127019582140718,1.4718956324954025,-1.254657506942749,-1.5993123054504395,0.7573081776622959
0.3920751710902587,-0.6938362121582031,1.2525591850280762,1.1492153545630717,-1.5323417943615216,-0.027008283883333206,-0.7418039866348308,0.5960719093302086
-0.29479104815150714,0.7078531384468079,0.03292998671531677,0.7949084002841202,-1.4058001520732712,-1.254657506942749,1.519606590270996,0.39625449072536334
-0.8715937516261644,-1.3946808576583862,0.03292998671531677,1.0654822110476507,-1.420628185393278,-1.254657506942749,0.20370695353346896,0.24555157418893292
-0.3929176116428397,-1.3946808576583862,-1.1866991519927979,0.8019113566708584,0.5178982603602285,-1.254657506942749,0.4799669682979584,0.38093833299369323
0.9184720297889657,1.4086978435516357,0.03292998671531677,0.5144621181476818,0.198605354454071,-1.254657506942749,0.46321687904332676,0.7664952192875115
-1.5612577460029784,1.4086978435516357,1.2525591850280762,0.7880088865401231,-0.8169356665319399,1.2006409168243408,0.1334204226732254,0.1457377700325528
-1.2905479023979196,0.7078531384468079,1.2525591850280762,-0.3465560334435722,1.0970209502567387,1.2006409168243408,1.519606590270996,0.20912985251172883
-0.18623896007082796,0.38423900795218835,-1.1866991519927979,0.8945725036303468,0.7999825000272535,1.2006409168243408,-0.21312613785266876,0.46846566869889705
1.285064949081611,-0.49190380486835605,1.2525591850280762,1.2042151725113333,-0.434681596230573,-1.254657506942749,-0.5596727132797241,0.8423623956928106
1.2615956270528998,0.007008446846157312,0.03292998671531677,1.0206769119254488,0.32654036993114066,-1.254657506942749,-0.9062192440032959,0.846952484587376
0.7834308612925375,-1.3946808576583862,1.2525591850280762,1.4662742356533658,-1.425607536508258,-0.027008283883333206,0.6597782819991083,0.7022686216868589
-1.8427332639694214,1.4086978435516357,1.2525591850280762,1.7189881801605225,-1.7375391721725464,1.2006409168243408,1.519606590270996,0.0019562907982617617
-0.6830961488720978,-1.3946808576583862,1.2525591850280762,0.9223630812808837,1.4791004741927498,-0.027008283883333206,-1.5993123054504395,0.3823762442158209
-0.22446100561378068,0.7078531384468079,1.2525591850280762,0.5061632289854924,-1.0686126481130664,1.2006409168243408,-0.23520419050293984,0.44579014865471195
-0.5835814835733604,-1.3946808576583862,0.03292998671531677,-0.7030350391991642,-0.0005626948811580657,-1.254657506942749,0.4799669682979584,0.35155161987769457
-0.13560207757317155,-1.3946808576583862,0.03292998671531677,0.3542580189010073,-1.0853556015675443,-1.254657506942749,0.1334204226732254,0.4202863506655955
1.5145444184976824,0.7078531384468079,1.2525591850280762,0.047427267412163465,0.8399027128798572,-0.027008283883333206,1.519606590270996,0.8969775305535849
-0.15823119985173084,-1.3946808576583862,-1.1866991519927979,0.20035787302755315,-1.616078566621571,-1.254657506942749,-0.3072451408136815,0.3856103374630583
0.951408115573689,0.7078531384468079,0.03292998671531677,0.9920421737100755,1.5636525416395053,-1.254657506942749,-1.2527657747268677,0.848934610159599
-1.2979783973487486,1.4086978435516357,1.2525591850280762,-0.6901291551688248,0.3342736584816603,-1.254657506942749,0.2822796163637906,0.17716589785614412
0.7228677536147394,-0.6160904028575038,1.2525591850280762,-0.9180559235657582,0.43179677101509,-1.254657506942749,-0.19701985176865525,0.6824945905845918
-0.27167144455415043,-1.3946808576583862,-1.1866991519927979,-1.5741962279726565,0.38409286780147095,-1.254657506942749,0.4799669682979584,0.36844103835156544
0.42612647399996184,1.1805952605113448,-1.1866991519927979,-0.9174121107843789,0.08274079645937105,1.2006409168243408,0.4799669682979584,0.5900467803374279
-0.8266243630693613,0.007008446846157312,1.2525591850280762,0.3911807823115595,1.0183772611554986,-0.027008283883333206,1.1730600595474243,0.3417988594802737
0.2677799280515801,-0.6938362121582031,0.03292998671531677,-1.6768856826161016,0.2654110020718303,-1.254657506942749,1.1730600595474243,0.518671948996575
-0.26027685755722174,0.007008446846157312,-1.1866991519927979,-0.058416799135988025,0.14580467553410648,-0.027008283883333206,-0.5222980802994079,0.41577111886561857
1.3105723244439424,-1.3946808576583862,-1.1866991519927979,0.42877126026735957,-0.2583027059311005,1.2006409168243408,0.8265135288238525,0.7776062158450153
0.7824262295253912,0.7078531384468079,1.2525591850280762,-0.7503874852889507,-1.0712093224459864,-0.027008283883333206,0.1334204226732254,0.7045549136879202
1.6292883686859443,0.007008446846157312,-1.1866991519927979,1.2065874015665017,1.462030264218092,1.2006409168243408,0.4799669682979584,0.9567278698924757
0.3984828903465756,-0.16053807835336098,0.03292998671531677,1.7189881801605225,-0.6864939873348967,-1.254657506942749,0.4799669682979584,0.5835516192308893
0.681921465029579,-0.6938362121582031,-1.1866991519927979,0.39638253359082354,-1.093282312223873,-0.027008283883333206,-0.5596727132797241,0.6636705132774664
1.457059557698251,-0.4249130084535194,0.03292998671531677,-1.7700030452099336,-0.09921348705332243,-1.254657506942749,1.1730600595474243,0.8146857783307594
0.9511920452470094,0.007008446846157312,0.03292998671531677,0.4378815796635414,-1.2067143312707156,-0.027008283883333206,0.4799669682979584,0.7251916499100155
-0.2860743227097066,-1.3946808576583862,0.03292998671531677,-0.7296296754478447,1.2819778192201705,-0.027008283883333206,0.4799669682979584,0.4470617680299872
-0.6409733742051018,-0.38110505755027285,0.03292998671531677,1.7187328257374241,0.17337530863148984,-0.027008283883333206,0.26616613662266797,0.3791684306658231
-0.49700305320368066,1.1445866644904776,-1.1866991519927979,0.6524464573180611,1.0210658778298467,1.2006409168243408,-0.302303454108222,0.4168699282408672
-1.5320598825588718,-1.3946808576583862,0.03292998671531677,0.010794475006389054,1.3592924460226192,1.2006409168243408,1.0381068744344022,0.1356359602727056
-1.8268333012799183,1.4086978435516357,0.03292998671531677,0.7032867873571269,-0.917916246352997,1.2006409168243408,-0.012029576559244026,0.03968660010468813
1.559659211903792,-1.3946808576583862,0.03292998671531677,0.9594418616809883,1.3965263844864813,-0.027008283883333206,0.4799669682979584,0.9234126133111753
-0.12291481550615804,1.4086978435516357,0.03292998671531677,-0.49472381565851253,-1.723835203671729,-0.027008283883333206,1.519606590270996,0.44347690226730796
-1.2700946357301754,1.4086978435516357,-1.1866991519927979,0.25676153461633117,-1.2937111299365494,-1.254657506942749,-0.9062192440032959,0.19098937574028263
-0.20932967838822034,-0.19168602379444144,0.03292998671531677,-1.5450246783506392,1.497198258759867,1.2006409168243408,1.519606590270996,0.45644300687267314
-1.3675012145171606,0.4693368240110028,1.2525591850280762,-1.399656053113658,1.2827702467488653,1.2006409168243408,0.1334204226732254,0.18178716981195292
-1.2505673183029928,0.7078531384468079,-1.1866991519927979,-1.4728136926288133,-0.4131449391336412,-0.027008283883333206,0.1334204226732254,0.1676209838031124
1.7261943513763998,-1.3946808576583862,0.03292998671531677,-0.33783454810361396,0.8374370697521097,1.2006409168243408,-0.21312613785266876,0.9377486898764427
-0.07791504426906025,-0.6938362121582031,-1.1866991519927979,1.0956813375063343,-0.9061053806324887,1.2006409168243408,1.1730600595474243,0.4910253505806902
-0.5107023889690075,0.7078531384468079,-1.1866991519927979,-0.45528012657108813,-1.0698887952912133,1.2006409168243408,1.1730600595474243,0.3709763726800422
1.3853259823038249,0.007008446846157312,-1.1866991519927979,-0.924794472032122,0.9307326095403101,-1.254657506942749,-0.23271159081989218,0.8559520841433832
0.1588409800927308,1.4086978435516357,1.2525591850280762,1.012931523073197,0.5278731035143495,1.2006409168243408,-0.3868671211009521,0.6214878165059564
-1.6958600844095986,-0.6938362121582031,0.03292998671531677,-0.528069288936951,-0.6663522570577893,-1.254657506942749,-0.5459769236518573,0.03992674740618569
-1.1273092368665678,1.4086978435516357,-1.1866991519927979,-0.6498933719668759,0.8067348916779136,-0.027008283883333206,0.8202572082809584,0.24077213876129075
-1.4292533402212673,0.007008446846157312,0.03292998671531677,0.28210678390287264,0.7561267855919015,-1.254657506942749,0.1334204226732254,0.16151078298252647
0.6135388873405022,0.007008446846157312,-1.1866991519927979,-0.9350571390405213,0.8598533507719138,1.2006409168243408,0.09758307805259298,0.6563582051858782
0.5387825948799159,-1.3946808576583862,0.03292998671531677,0.8301014704643668,-1.0066998910826093,-0.027008283883333206,-0.5577494249743964,0.6314851698516399
-1.192437998994186,-1.3946808576583862,1.2525591850280762,0.2067951149963914,0.6131036416167396,1.2006409168243408,1.0004194684178105,0.20157223169298347
-1.4340171277027283,0.7078531384468079,1.2525591850280762,-0.49659025609427887,-0.17658012156477054,-0.027008283883333206,-0.18664567509151173,0.1487502834932197
1.2573346909464251,0.007008446846157312,-1.1866991519927979,0.737222795634582,-0.3250292854966281,-0.027008283883333206,-1.5993123054504395,0.8286068537260994
-1.8275475145864775,-1.3946808576583862,1.2525591850280762,1.7189881801605225,-1.7338435572081772,1.2006409168243408,1.519606590270996,0.007659958318769884
0.3542848288080179,-0.6938362121582031,0.03292998671531677,0.8154683463722393,-0.44695391217963826,1.2006409168243408,0.11483604707053685,0.6100012096302396
1.4925985904703445,0.007008446846157312,-1.1866991519927979,0.05364729981565286,0.27937646558997115,-1.254657506942749,-1.5993123054504395,0.8754052142662948
1.440940551746409,-0.6938362121582031,1.2525591850280762,-1.3682759101250213,1.6483210643767672,1.2006409168243408,0.4799669682979584,0.8863809945682107
-1.350788828430462,-0.2348141218274707,0.03292998671531677,1.2844438628072699,0.1746718551556824,-1.254657506942749,-0.34426384893390505,0.18327527698602808
-1.2203983693509919,0.007008446846157312,1.2525591850280762,0.8732669342922774,-0.7217629558880801,1.2006409168243408,-0.11890161976264489,0.22042552171485888
0.7719225581342108,-1.3946808576583862,0.03292998671531677,-1.3119304559112437,1.635133383960175,-1.254657506942749,-0.23268893921826034,0.6510909471080214
0.42408884026381,-0.2823049148930992,1.2525591850280762,0.1200231817651278,0.439633472286856,-1.254657506942749,-0.9062192440032959,0.6353733900114491
-0.6000814968327245,0.007008446846157312,0.03292998671531677,1.2646099502324568,-0.6836206090166408,-0.027008283883333206,1.519606590270996,0.36826451015428635
-0.36811803236660734,-1.3946808576583862,0.03292998671531677,-0.11835228366306408,1.6017290040615673,-0.04444086885736076,1.519606590270996,0.40557809739535156
0.6646859566971101,0.7078531384468079,-1.1866991519927979,0.8166244378256267,0.7328785080515534,-1.254657506942749,1.519606590270996,0.6454321874104891
0.8499978511375957,0.007008446846157312,-1.1866991519927979,0.5589209811101731,0.3571370794249239,1.2006409168243408,0.1334204226732254,0.7292815802121275
-0.8900340589450606,0.2770424704525639,1.2525591850280762,-0.5643516780513292,-1.2354540328281531,-0.027008283883333206,1.519606590270996,0.24141847627456325
1.2092644791781417,-0.6938362121582031,-1.1866991519927979,-0.7529351964496068,-0.3652158304850846,1.2006409168243408,-0.46617640146521233,0.7850582404517745
0.9170028061082511,1.4086978435516357,-1.1866991519927979,1.1229793156389263,0.3551405951923637,-1.254657506942749,-0.21312613785266876,0.7843233309072853
1.2847006668764909,0.7078531384468079,1.2525591850280762,-0.6552561567686137,-0.39378908439242394,1.2006409168243408,0.7832118580270078,0.7997912519751114
-1.7562132385349485,-1.3946808576583862,1.2525591850280762,1.7189881801605225,-1.4965703295000945,-1.254657506942749,1.0925359133182215,0.04543539039348076
-0.4369483576283071,1.4086978435516357,-1.1866991519927979,0.4792616630335669,0.28921388082400734,-0.027008283883333206,0.4369804488205798,0.43712501753839744
-1.5633039279068188,-0.6938362121582031,1.2525591850280762,0.7606897500792102,1.2295017889482311,-1.254657506942749,1.519606590270996,0.1476489065079805
-1.199588631874859,0.7078531384468079,-1.1866991519927979,-1.0023460612212058,0.865367610635231,1.2006409168243408,1.519606590270996,0.16603869697971899
0.9219674447096626,1.4086978435516357,0.03292998671531677,-1.4431815658900993,0.4269231456890412,1.2006409168243408,-0.16939106865839454,0.7532472690508616
0.49618704017789517,1.4086978435516357,0.03292998671531677,-1.405716980094987,1.244059653979708,1.2006409168243408,-0.1446306707569996,0.6517945818416183
-0.7938297300550007,1.4086978435516357,0.03292998671531677,-1.2762533901242248,-0.4698675526555074,1.2006409168243408,0.1334204226732254,0.28524521158285265
0.3754569794467204,0.007008446846157312,-1.1866991519927979,-1.0728794333934202,-0.37641824879523206,-1.254657506942749,1.1730600595474243,0.560815064649577
-1.112547338564257,-1.3946808576583862,0.03292998671531677,-0.8054693755364483,0.25416254249969245,1.2006409168243408,0.1334204226732254,0.21222832091280486
-0.22401280154417305,-1.3946808576583862,-1.1866991519927979,-0.39905009235332944,1.361363219621591,-0.027008283883333206,-0.5596727132797241,0.4382535837080078
0.7659222283751257,1.4086978435516357,0.03292998671531677,-1.7243284161199275,0.48077233089920735,-1.254657506942749,0.23511139383710797,0.7047171230826137
-1.6335501090248836,1.4086978435516357,-1.1866991519927979,1.718521486163011,-0.7647526292538959,1.2006409168243408,0.1334204226732254,0.16763289529705935
-1.5117711197327652,0.007008446846157312,1.2525591850280762,0.43145389634767206,-1.2172578465597037,-0.027008283883333206,1.1730600595474243,0.12978763352831646
-1.006863765113391,0.5649052958115635,1.2525591850280762,-1.247174840325727,-0.8315421060650309,-0.027008283883333206,0.3233204197748579,0.2272950049514011
0.9147880613529639,-1.3946808576583862,-1.1866991519927979,0.49724366579316776,-0.23150522267698664,-1.254657506942749,0.4799669682979584,0.7033026552847159
-1.190111400711781,-0.6938362121582031,-1.1866991519927979,-1.2864251000198181,-1.3988683498109868,-0.027008283883333206,-0.16109834287752395,0.13248684884626286
-0.968588859580649,0.5426217690565756,1.2525591850280762,-0.854344457596295,1.2558182833964369,-0.027008283883333206,0.1334204226732254,0.29981067323050464
-1.28261714726627,1.4086978435516357,1.2525591850280762,-1.4153373235019047,0.4127047186472555,1.2006409168243408,-0.7406984832417775,0.20071675197783193
0.9215284054358132,-0.5930751994437686,1.2525591850280762,0.5791692528663297,0.5198705564942592,-1.254657506942749,0.8090625564646421,0.7326090487094967
-1.6850454224886313,-1.3946808576583862,0.03292998671531677,-0.6769104943722465,-0.628875070203113,1.2006409168243408,-0.5596727132797241,0.06496186397876688
-1.0267189006027249,-1.3946808576583862,1.2525591850280762,-0.002718142151614339,1.4763766391950277,-0.027008283883333206,-0.9062192440032959,0.2488200483136744
-1.7710936734934946,1.4086978435516357,-1.1866991519927979,0.4884473613173403,0.8528563972638581,-0.027008283883333206,-0.21312613785266876,0.09654879326474475
-0.5359776354300847,-1.3946808576583862,1.2525591850280762,0.2586723388538075,0.4292452820440193,-0.027008283883333206,-0.7235529087642786,0.3634991054564263
0.8627940248420403,1.4086978435516357,0.03292998671531677,-0.8806634679946962,-1.0918626796794777,1.2006409168243408,-0.5596727132797241,0.7200900648765364
-1.2441641695960592,-0.6938362121582031,0.03292998671531677,-0.9128567408844392,-1.1105824232987587,-0.027008283883333206,-1.5993123054504395,0.16139943766467663
1.0335898162790917,0.7078531384468079,-1.1866991519927979,1.247535650357274,0.6829411802556562,-0.027008283883333206,-1.5993123054504395,0.8235102295624273
-0.41306297692062505,0.007008446846157312,0.03292998671531677,-0.8442370923212262,-0.6780741902691154,-0.027008283883333206,0.1334204226732254,0.35751070018942577
-0.09968578585732236,1.4086978435516357,0.03292998671531677,-0.13868262134597317,-0.3913619059850888,1.2006409168243408,-0.43459808391562205,0.5118514966376865
0.9389902827118422,0.007008446846157312,1.2525591850280762,-0.21030606672190594,0.727292223027366,-0.027008283883333206,-0.24202815593778282,0.7674324896923124
1.6672842600584536,1.4086978435516357,0.03292998671531677,-0.13576786644048028,1.0157269708302181,1.2006409168243408,-0.5596727132797241,0.981793954706204
-1.42985162512266,-1.3946808576583862,1.2525591850280762,0.2658212337436615,0.7630745261604306,-0.027008283883333206,0.7754032620441009,0.1579189007930424
-1.1992316175946607,-1.3946808576583862,-1.1866991519927979,-0.4835485441317567,1.120135447094288,-1.254657506942749,0.1334204226732254,0.19738219026831097
0.057360131324327074,0.007008446846157312,0.03292998671531677,-0.23540475793283505,-0.05686319843973314,-1.254657506942749,0.1334204226732254,0.551395333868488
0.41598501826102524,0.594171543458542,-1.1866991519927979,-0.5344662667172446,1.5941634339292503,1.2006409168243408,-0.21312613785266876,0.6199395382895585
-0.27758933260367674,-0.6938362121582031,-1.1866991519927979,0.8517506490098793,-1.238660474131884,-0.027008283883333206,0.4799669682979584,0.41087089815624755
-1.4928221824288268,0.7078531384468079,-1.1866991519927979,0.896911364298241,1.138577726115608,-0.027008283883333206,0.4799669682979584,0.19517203075505657
-1.3368495024587204,1.4086978435516357,0.03292998671531677,0.5023522149980538,1.0572042366840306,1.2006409168243408,-0.9062192440032959,0.274089077251076
-1.6436980368074048,-0.7516107749971255,1.2525591850280762,-0.4195409021464384,-0.6814618402704532,-1.254657506942749,0.9284501652664702,0.07356277071456993
-0.13722528737565837,0.33168036166359666,1.2525591850280762,0.409738816285009,0.29691034794148885,1.2006409168243408,-1.5993123054504395,0.5006899879140329
-1.8292701804537734,0.007008446846157312,-1.1866991519927979,1.7186599297615404,-0.4566838260698379,-1.254657506942749,1.519606590270996,0.07911395233658235
1.485081168834195,-0.6938362121582031,-1.1866991519927979,-1.6923165126341004,0.46481666157024876,-0.027008283883333206,0.1334204226732254,0.7843319911310936
-1.1544387500572117,1.4086978435516357,0.03292998671531677,-0.7145455748003595,0.12094410412751544,-0.027008283883333206,-0.5596727132797241,0.2386106212172498
0.047691157401142825,0.7078531384468079,1.2525591850280762,-0.9026295940567859,1.3015272577358994,-0.027008283883333206,-1.5993123054504395,0.5352397475282612
-0.34173163009950047,0.7078531384468079,0.03292998671531677,-1.1111440572836142,0.871724661830225,1.2006409168243408,-0.21312613785266876,0.4285790753560168
-1.415559215621316,1.4086978435516357,0.03292998671531677,0.12804843405814795,-1.1525051676388312,-1.254657506942749,-0.29932619063096366,0.16741459931477973
-0.20861060698814438,-1.3946808576583862,0.03292998671531677,1.2350247283687121,0.3195532869152608,1.2006409168243408,-0.5596727132797241,0.4555200758780547
0.9476424820209686,-1.3946808576583862,1.2525591850280762,0.13495242993124468,0.7116961087410426,1.2006409168243408,-1.5993123054504395,0.7705303316023699
0.6624393200166478,0.10092975262085872,-1.1866991519927979,-0.47027705788601737,0.34165085779828536,1.2006409168243408,-1.0242076642971973,0.6858747128749115
0.15943526839455158,-1.3946808576583862,-1.1866991519927979,0.5521491134799885,1.565402588283614,1.2006409168243408,1.519606590270996,0.543181447239723
-0.31022887515320074,-0.4907019603797329,0.03292998671531677,-0.6431637797604415,-0.4778223854977091,-1.254657506942749,-1.5020430219043193,0.3689058992479963
0.7188114149566514,0.7078531384468079,1.2525591850280762,1.7189881801605225,-1.4569321793560202,1.2006409168243408,-0.9062192440032959,0.6630649388418319
1.4195845056987506,1.4086978435516357,0.03292998671531677,-1.7723276615142822,-1.7367173012953223,-1.254657506942749,-1.4476724623534536,0.40197662340157186
-1.8136761839958258,0.007008446846157312,1.2525591850280762,-1.669231178836974,-0.6077654332644578,1.2006409168243408,-0.6053824974500662,0.018974172752527264
-0.4536178764904918,-1.3946808576583862,-1.1866991519927979,0.5035747975175261,0.23667284314053383,-1.254657506942749,-0.05902059868890516,0.3752204355282125
-0.37743780511619485,0.7078531384468079,-1.1866991519927979,-0.1696951675459903,-1.7310189666971647,1.2006409168243408,1.519606590270996,0.3537896082233741
0.1174158475017828,1.4086978435516357,-1.1866991519927979,0.4511585176390456,-1.2755324654926634,-0.027008283883333206,-1.5993123054504395,0.5298560770632312
1.4959733477374153,-0.46329378578964525,1.2525591850280762,-0.2464410990878151,-0.9806161592593916,-0.027008283883333206,-0.9062192440032959,0.8784706508019332
0.4503978285634739,0.7078531384468079,1.2525591850280762,1.1275058634197332,-1.4836137590092857,1.2006409168243408,-0.41829338806354877,0.6251749189343091
-0.8923621716758672,-1.3946808576583862,1.2525591850280762,-0.8613453127897016,-0.28876025240810915,1.2006409168243408,0.4799669682979584,0.27552657629373084
0.07259265214140664,1.4086978435516357,1.2525591850280762,0.8079392568154788,0.9647059106630462,1.2006409168243408,0.05092324803713977,0.6057299637191174
-1.0348922885805072,0.7078531384468079,-1.1866991519927979,0.21011896759648713,0.17818025717921251,-0.027008283883333206,-0.9062192440032959,0.2505572679448757
1.1685053718113283,-1.3946808576583862,1.2525591850280762,-0.7016315048735522,-0.8848340395497409,-0.027008283883333206,-0.13287322001027252,0.757345231892711
-0.36686539092823756,-1.3946808576583862,1.2525591850280762,1.033823983514608,-1.0817936234620016,-1.254657506942749,0.8997813056057326,0.36396082712402933
-0.9914471282509147,-1.3946808576583862,0.03292998671531677,-0.5762377880315762,0.5414677846017529,-1.254657506942749,-0.19939542782372222,0.23543435722339723
-0.8925827984149176,0.3957138733681648,-1.1866991519927979,-0.05434643866244245,-1.1282391271461658,-0.027008283883333206,-1.5993123054504395,0.23065989604514364
0.5810771664170776,0.28333902024501334,0.03292998671531677,0.0986258047183404,0.810505369359059,-1.254657506942749,0.4799669682979584,0.637430212646023
-0.17891245738997005,-0.26271543073920745,1.2525591850280762,-0.13698750285553274,0.2757101261917853,1.2006409168243408,1.2413471024380218,0.4730825525050923
-0.17456400351478862,0.7078531384468079,-1.1866991519927979,1.257768446453492,1.5337289016998321,-0.027008283883333206,0.4799669682979584,0.5369440164725021
0.06343100415279523,0.007008446846157312,1.2525591850280762,1.6721096065681318,-1.3943285829095624,-1.254657506942749,0.1334204226732254,0.5343129711038733
0.6855443326690409,1.4086978435516357,1.2525591850280762,-0.07113836079333712,-0.5215772827796098,1.2006409168243408,0.29784300240169814,0.7101708440120096
0.38737798071599394,0.007008446846157312,-1.1866991519927979,-1.727761527607594,-0.4869031015161154,-0.027008283883333206,0.1334204226732254,0.5371190539716739
1.5938207768833543,-1.3946808576583862,-1.1866991519927979,0.9137932582076063,1.4785292670557777,1.2006409168243408,-0.5596727132797241,0.9132868268064048
-0.8075169816322395,1.4086978435516357,1.2525591850280762,-0.8744491519576088,-0.2122389675998766,-0.027008283883333206,0.4799669682979584,0.3059252004863901
-0.7712233518119015,0.7078531384468079,-1.1866991519927979,0.8164226401720952,0.7341484365784574,-0.027008283883333206,-0.5596727132797241,0.372010901771843
0.25546626946877127,0.7078531384468079,-1.1866991519927979,-0.4752379927667766,0.4756290643359745,-0.027008283883333206,0.5343274969519011,0.5490272054124018
-0.7259841359720738,-0.6938362121582031,0.03292998671531677,-0.16778762904252353,-1.28578973848124,-1.254657506942749,0.4799669682979584,0.2916131631843783
-1.8427332639694214,-1.3946808576583862,1.2525591850280762,1.7189881801605225,-1.737535287393816,-1.254657506942749,1.519606590270996,0.0019562907982617617
-0.6233159967237103,0.007008446846157312,0.03292998671531677,0.27356094338871695,-1.720866065129918,-1.254657506942749,0.4799669682979584,0.34810781275001734
0.5791026013702464,1.4086978435516357,1.2525591850280762,-0.9716774524215617,0.9451688636797599,1.2006409168243408,0.1334204226732254,0.7020183116843416
0.21875327265310482,-0.6938362121582031,0.03292998671531677,-1.5439242641825746,-0.961060714287513,1.2006409168243408,-0.9062192440032959,0.49095448062174696
0.811425044795982,0.7078531384468079,1.2525591850280762,-0.2168983363981327,1.5291705509150486,1.2006409168243408,1.519606590270996,0.7331887202843798
-1.223087548166645,0.7078531384468079,0.03292998671531677,1.0489437852581358,-0.6864417696904946,1.2006409168243408,0.4799669682979584,0.2101293531885153
1.1641520776777095,-1.3946808576583862,0.03292998671531677,-1.3767345001943334,1.5627040845324267,-1.254657506942749,-0.21312613785266876,0.7739429461752324
0.4538574215820763,0.3482643120878192,0.03292998671531677,0.23993840516296544,-0.8454709497829951,-0.027008283883333206,1.519606590270996,0.597652345155281
-1.0609023024172382,1.4086978435516357,-1.1866991519927979,0.6603177777819207,0.23067255764713282,-0.027008283883333206,0.27861870294824276,0.27493810286282366
1.2415938737872603,0.34525277619952005,-1.1866991519927979,1.5184348374489638,1.7045242835732215,1.2006409168243408,0.4799669682979584,0.8818428126980062
0.3179941078953002,0.7078531384468079,-1.1866991519927979,-0.6360747154753714,-0.03450819205717634,-0.027008283883333206,1.519606590270996,0.5914936462834789
0.9454578554018638,1.4086978435516357,-1.1866991519927979,0.0700227685805424,-1.697211400046123,-0.027008283883333206,1.519606590270996,0.7112585927259197
0.041241607327485885,-0.6938362121582031,1.2525591850280762,-1.7536023680469008,1.4707306365847927,1.2006409168243408,1.519606590270996,0.48789512448835526
0.4031417155625602,0.007008446846157312,0.03292998671531677,-0.5688893287842859,-0.45120530829632255,-0.027008283883333206,-1.4220089080703076,0.5953315912925412
-0.21925428243117911,1.4086978435516357,-1.1866991519927979,-0.8419769245281867,0.6202193007928771,-1.254657506942749,-0.9707254897078754,0.456470817110542
1.4688473592151159,-0.2777713350430009,0.03292998671531677,-0.16489213213002415,1.1009052666225674,-1.254657506942749,0.5600671337320986,0.8846687320560523
-1.1801522825579296,1.4086978435516357,1.2525591850280762,0.11046405168601228,-1.1749768350641747,-0.027008283883333206,1.519606590270996,0.2203007575769071
0.7254221490141287,0.7078531384468079,-1.1866991519927979,1.3362068832802163,-0.9031826245456241,-0.027008283883333206,-1.5993123054504395,0.708235985612108
-1.436036917730686,-0.6938362121582031,1.2525591850280762,0.5294108100493422,0.9361901846645724,-1.254657506942749,1.519606590270996,0.13139773240771027
-0.211881805078229,-1.3946808576583862,0.03292998671531677,-0.5484473894389952,-1.3650421555987575,1.2006409168243408,1.519606590270996,0.4211886198096255
-1.0425063419158722,1.4086978435516357,1.2525591850280762,-1.7659897928980957,0.2898964741214027,-1.254657506942749,-1.3167813909972175,0.2693405333987683
-1.4002081937364577,0.644468167386814,1.2525591850280762,0.7224675664010236,-0.38883864469482654,-0.027008283883333206,0.9490623437776987,0.16489246413522196
-0.31366097893332223,0.31391941343497376,0.03292998671531677,-0.7814162738619327,-1.5681679569151221,1.2006409168243408,1.519606590270996,0.4087612432148933
-1.1061087238007252,1.4086978435516357,1.2525591850280762,-0.5722217074413405,1.0087320247327645,1.2006409168243408,-0.5596727132797241,0.2785643772347504
1.3669478837027986,0.5312176797558515,1.2525591850280762,1.5505825043464898,-1.2328713361039951,1.2006409168243408,0.9729256459850362,0.8779263353371051
-0.47470540331777633,0.007008446846157312,1.2525591850280762,1.3396501876763767,1.4619742732726684,-1.254657506942749,1.519606590270996,0.47714570868963235
-0.4723229125594676,1.3178915143693914,0.03292998671531677,-1.1249943439893895,0.22629890462772823,-1.254657506942749,-0.2249844218318397,0.390556432434517
0.4021770408965819,1.4086978435516357,-1.1866991519927979,-0.35794675113414887,-0.12301911912703617,-0.027008283883333206,1.519606590270996,0.6204543155303268
-0.880759677354596,1.4086978435516357,0.03292998671531677,-0.6070399884271374,-1.4800807778057319,-1.254657506942749,1.1873018601771061,0.23652283094475485
0.47279834282922323,-1.3946808576583862,0.03292998671531677,0.1952561281024783,0.14936865357308954,1.2006409168243408,0.1334204226732254,0.6181280807661877
-0.6939627641177563,1.4086978435516357,-1.1866991519927979,-1.6839994805577319,-0.6760948260710031,-1.254657506942749,-1.2527657747268677,0.23889727368062555
-0.46336246858267016,1.4086978435516357,1.2525591850280762,0.18609103051391057,-1.0056795325212187,1.2006409168243408,-0.5596727132797241,0.41628174631670006
-0.8240700716413617,0.6494693782685086,-1.1866991519927979,-0.2858826977378053,1.1722010190584327,1.2006409168243408,-0.9062192440032959,0.31290601579422134
0.3400585035236359,-0.26931055400845827,0.03292998671531677,-0.1688185267461112,-1.4286310350276474,-1.254657506942749,-1.2527657747268677,0.5253288301304904
-1.6087434259137643,-1.3946808576583862,1.2525591850280762,-1.2294062569078106,1.4428275813270282,1.2006409168243408,1.519606590270996,0.11181794132735814
0.903327694574706,-1.3946808576583862,-1.1866991519927979,-0.8432606045444319,1.0060269169352283,-1.254657506942749,-0.8226880323790083,0.7137233565737092
0.8095906787607443,-1.3946808576583862,1.2525591850280762,1.2113099339047941,-0.9259956507816409,1.2006409168243408,-0.5644892259126032,0.7051081617069694
-0.38700186808328463,1.4086978435516357,1.2525591850280762,1.2968742726268148,1.3494604020947885,-1.254657506942749,-0.0008476653971474513,0.4946820248852181
-0.3349676090485094,0.7078531384468079,-1.1866991519927979,-0.21588251575513345,1.412499783942198,-1.254657506942749,0.1334204226732254,0.4106543677360776
0.8655916527809275,1.4086978435516357,1.2525591850280762,-1.1907160695357224,-1.5824119274773072,1.2006409168243408,0.5828380551740479,0.734071203958653
-0.29929155389995316,-1.3946808576583862,0.03292998671531677,0.3155730375513009,1.3093344816326233,-0.027008283883333206,0.8265135288238525,0.423818934573491
0.7001466054855638,0.7078531384468079,-1.1866991519927979,1.2141313829484794,0.8766955979043035,-1.254657506942749,0.1334204226732254,0.7129836969909711
-1.8361694047362562,-1.3946808576583862,-1.1866991519927979,-0.8619059296698608,-0.6936088459873683,1.2006409168243408,-0.21312613785266876,0.0040479299118028
0.2689188763545983,0.007008446846157312,1.2525591850280762,-0.7423390362857976,0.42078569790274156,1.2006409168243408,0.5163209354090639,0.5644483475094126
-0.9192156016646308,-0.6938362121582031,1.2525591850280762,0.3945572876916311,0.5461130536333271,-1.254657506942749,-0.21312613785266876,0.291330375090432
-1.5786192676662503,1.4086978435516357,1.2525591850280762,0.056641822318740265,0.7015209594871967,1.2006409168243408,-1.5993123054504395,0.17841076192008645
-0.2236864288959666,1.4086978435516357,-1.1866991519927979,0.8210347853826683,0.9407395586421677,-1.254657506942749,0.4799669682979584,0.5033130805730526
0.8601744997046674,1.4086978435516357,1.2525591850280762,1.3321060217940859,1.3566889273625466,1.2006409168243408,0.5039894884005502,0.8240334152651663
-1.366358402629445,1.4086978435516357,-1.1866991519927979,-0.11167878883989248,0.8363684990972221,-0.027008283883333206,0.4799669682979584,0.15586125084454028
1.5304117471479164,0.7078531384468079,-1.1866991519927979,1.1356384137966131,-0.7281427427782637,-0.027008283883333206,1.519606590270996,0.8801057393392073
-1.842034583416463,-0.5761808863205828,-1.1866991519927979,1.7189881801605225,0.24619065003962837,-0.027008283883333206,1.519606590270996,0.007373783587877143
-1.0268072271181148,-1.3946808576583862,-1.1866991519927979,1.1031901741487515,0.21580293040390353,-1.254657506942749,-0.36881770478499243,0.22644469901180114
-0.4904264229654848,-1.3946808576583862,1.2525591850280762,-0.18847567957015482,1.1870727155331764,-0.027008283883333206,0.026220734621404784,0.39802916594728704
-1.021320138055119,-0.6938362121582031,-1.1866991519927979,0.20478549338312405,0.09391372395381747,-1.254657506942749,0.8550428752228212,0.24587042786733054
0.45406952532225664,-0.5276563411828942,0.03292998671531677,0.9846288229850342,1.3051295222383368,-0.027008283883333206,-0.5596727132797241,0.6659518140759975
-0.6654295586182556,1.4086978435516357,1.2525591850280762,0.22178576897717162,0.27813804095779876,1.2006409168243408,-0.8646927677873177,0.40197687691166395
-1.1047267654938082,-0.6938362121582031,1.2525591850280762,-0.006455910101607107,-0.40113938115012643,-1.254657506942749,-0.21312613785266876,0.22516050024966439
-1.3780272564484433,1.4086978435516357,-1.1866991519927979,-0.08642862411596922,-0.6402520246963014,-0.027008283883333206,0.3870013187279398,0.17524548164825715
-1.0241296679848644,0.007008446846157312,-1.1866991519927979,0.7889304292619792,-0.5269142848438546,-0.027008283883333206,1.1730600595474243,0.2774103498193025
-0.04101788993031974,0.007008446846157312,-1.1866991519927979,0.7537762560365691,-0.2056773215176636,1.2006409168243408,-0.42631599476118714,0.4928388314535498
0.587415412129278,-1.3946808576583862,0.03292998671531677,-1.232090693287235,1.4940510573076162,-1.254657506942749,0.1334204226732254,0.6280476448399334
-0.498539311912798,0.007008446846157312,1.2525591850280762,1.7189881801605225,0.05478248004170168,-0.027008283883333206,0.7880703775613056,0.4414426258672699
-1.4716659405734722,0.7078531384468079,1.2525591850280762,-1.012988360752919,1.119341827246207,-0.027008283883333206,-0.5596727132797241,0.1393732904124543
-0.08983116432599299,-1.3946808576583862,1.2525591850280762,1.2191955637309924,-0.5833077720519404,-1.254657506942749,-1.2370549340217234,0.4903344240031324
0.9068025845204324,0.007008446846157312,1.2525591850280762,0.5909882405291251,1.003808892811924,-0.027008283883333206,0.536131337545745,0.7627550699698141
0.6266246100211906,-1.3946808576583862,1.2525591850280762,-1.5655111043277876,0.2938820614878095,-1.254657506942749,0.25481776282154267,0.6238800152711003
0.8445531804704018,0.7078531384468079,0.03292998671531677,-1.7723276615142822,-1.464698782887375,1.2006409168243408,1.519606590270996,0.6496026642515587
0.6673897753471624,-1.3946808576583862,1.2525591850280762,-0.3754776068878466,0.173140373960346,-0.027008283883333206,1.0833633099359756,0.650192108335783
0.3783024743840767,0.007008446846157312,-1.1866991519927979,0.5308603495049606,0.2775768229183108,1.2006409168243408,0.4799669682979584,0.6239934168604898
1.7308360727313017,-1.3946808576583862,0.03292998671531677,0.3566449544836607,-0.522215775095235,-0.027008283883333206,-1.1861334825953518,0.9390606299609688
1.459813504019182,-1.3946808576583862,-1.1866991519927979,0.19239404056478465,0.24208129857354432,1.2006409168243408,-1.077122106270964,0.8434153188283788
0.512985752280526,0.007008446846157312,0.03292998671531677,1.6980073784580454,-1.7160854157643637,-0.027008283883333206,0.1334204226732254,0.6483761210873052
-0.7686005308467206,1.4086978435516357,1.2525591850280762,-1.529047361563937,0.7599143860213323,1.2006409168243408,1.519606590270996,0.3305838144186391
-1.313599506004804,0.007008446846157312,1.2525591850280762,-1.3368266652259904,-1.5261149153475528,1.2006409168243408,0.4799669682979584,0.16679141098797937
1.5993479167569598,1.4086978435516357,0.03292998671531677,-1.7723276615142822,-1.7343064336673975,1.2006409168243408,-0.7850025559048482,0.2546320062587347
-0.9414246463950248,0.7078531384468079,0.03292998671531677,1.1524556752829132,-1.7340655038114303,-0.027008283883333206,1.519606590270996,0.2456712332834604
-0.30583779581283044,-1.3946808576583862,1.2525591850280762,-0.2980953771458947,0.13590103280811508,1.2006409168243408,-0.6341937804802829,0.43520996640194404
1.6281284769906192,1.4086978435516357,0.03292998671531677,-1.0085200844556206,0.16712505485412688,1.2006409168243408,-1.2527657747268677,0.9295570573649504
0.412629284225712,-1.3946808576583862,1.2525591850280762,-1.0040188260072793,-0.40064614709576224,-0.027008283883333206,1.519606590270996,0.5854090463934696
-0.526801269316323,-1.3946808576583862,-1.1866991519927979,-0.01806262798659304,-1.2008372726767713,-1.254657506942749,1.519606590270996,0.3035710468090843
1.0217553571205407,-0.6938362121582031,0.03292998671531677,1.7163533651954228,1.3638884595056637,1.2006409168243408,0.022227163189003363,0.8416558156253697
-1.7388696594183877,0.007008446846157312,-1.1866991519927979,0.8108125861489061,0.3233004972853813,-0.027008283883333206,0.1334204226732254,0.07732820142973017
-0.7413345067366915,-0.6938362121582031,-1.1866991519927979,0.49223025901084183,-1.324476070425943,-0.027008283883333206,-0.21312613785266876,0.26550851075665743
1.706350892014327,1.4086978435516357,-1.1866991519927979,-0.48136040029951604,1.1258014747920886,1.2006409168243408,-0.9652124370993101,0.9607416973840381
1.6887949871534969,-0.6938362121582031,-1.1866991519927979,1.7186667970071992,-0.4917150535876532,-0.027008283883333206,-0.6443935411162054,0.9709628448639449
-0.20711164180872405,-1.3946808576583862,1.2525591850280762,-0.28394100982209364,0.7024174375978726,-1.254657506942749,-0.21312613785266876,0.4402258234186748
-0.997628895045775,0.007008446846157312,0.03292998671531677,-1.4300591077294218,0.8738787432029422,-0.027008283883333206,-0.5596727132797241,0.22680389619275285
-0.37949912400139224,0.7078531384468079,0.03292998671531677,0.25871348615619444,-1.0783028706557845,-0.027008283883333206,0.8265135288238525,0.3857736409584633
0.3724156071633272,0.007008446846157312,0.03292998671531677,0.495027583780646,0.7690699770611745,-0.027008283883333206,-1.5993123054504395,0.6378533188618593
0.3823076265904574,0.29133258556144975,1.2525591850280762,-0.07641131751407043,1.4390647998699375,-0.027008283883333206,0.1334204226732254,0.6473096745492732
0.900067128748361,-0.6938362121582031,1.2525591850280762,-0.08854400704020174,1.177133953318294,-0.027008283883333206,0.4128606060655068,0.7685768190766319
0.998675018126357,-1.3946808576583862,1.2525591850280762,-0.3015214239821697,-1.041720784751978,-0.027008283883333206,1.519606590270996,0.742620127899202
-0.1611698240525307,-1.3946808576583862,1.2525591850280762,1.4226047094387055,0.9155396382000044,-0.027008283883333206,-1.2527657747268677,0.5085865583240269
1.102071915758827,1.4086978435516357,-1.1866991519927979,-1.4763401355804544,0.4660056684788515,-0.027008283883333206,0.8265135288238525,0.7745743116383526
-0.24613762178267812,-0.6938362121582031,-1.1866991519927979,0.6610284765624116,0.053091984595666816,-1.254657506942749,0.4799669682979584,0.42415223810490493
1.6334356479591472,1.4086978435516357,0.03292998671531677,0.4905301114206462,-0.8618976748524648,1.2006409168243408,1.519606590270996,0.9500454718733392
-0.6420144215986954,-0.6228387629629903,-1.1866991519927979,0.736051545208936,-1.4592652419013454,-0.027008283883333206,0.5900009813002143,0.31395739237074816
-0.2089471295852518,-0.6938362121582031,1.2525591850280762,-0.23210845396602237,1.3137014683798727,-1.254657506942749,-1.5993123054504395,0.48587566954552286
-0.5904976219772646,1.4086978435516357,0.03292998671531677,0.1275798651897145,-1.255728889500856,-1.254657506942749,-1.5993123054504395,0.3464967137333257
-1.0556690288964583,-1.3946808576583862,0.03292998671531677,0.4349878745842099,0.2778047577538206,-1.254657506942749,-0.22085789078080165,0.24207261477835823
0.5581033482087471,-1.3946808576583862,-1.1866991519927979,-0.30358004928903587,-1.4843588787501134,1.2006409168243408,0.6911853317789624,0.581768359876285
-1.6163313653628946,1.4086978435516357,1.2525591850280762,0.6101294750870918,0.626168648947814,-0.027008283883333206,-1.5993123054504395,0.1378028436390355
1.5125241884627967,-1.3946808576583862,0.03292998671531677,-0.1201242160713859,-1.2211965741604567,-1.254657506942749,-0.21312613785266876,0.8401737157508458
0.808424599865563,-1.3946808576583862,1.2525591850280762,-0.8033133992046354,0.371554410359455,1.2006409168243408,1.519606590270996,0.6873279459774867
1.2654615682801864,0.007008446846157312,0.03292998671531677,1.0174413420776467,-0.9905460927843653,1.2006409168243408,-0.5807846253178278,0.8387209730590665
0.6718025791850468,0.007008446846157312,-1.1866991519927979,0.9933981917452939,-0.733325922933046,-1.254657506942749,1.519606590270996,0.6550590257256732
1.6690587747521293,1.4086978435516357,-1.1866991519927979,-1.7723276615142822,-1.5024626787847954,1.2006409168243408,0.6837774813054257,0.5670391807732178
-1.4970267139774545,-1.3946808576583862,0.03292998671531677,0.9644941561361382,-0.18436096656920808,1.2006409168243408,0.8265135288238525,0.13596775621214222
-0.20066799518561088,0.7078531384468079,1.2525591850280762,0.5680702343377998,0.3557581582073627,1.2006409168243408,0.4799669682979584,0.5034613649847299
-0.1779750452584902,-1.3946808576583862,1.2525591850280762,1.528350250431332,0.9274734955752998,1.2006409168243408,0.1334204226732254,0.5243133039182383
-1.1579678283492778,0.7078531384468079,1.2525591850280762,-1.1682027224847258,-0.8797840451790829,1.2006409168243408,0.7539142996988687,0.20084655206892094
-1.1795372197821326,1.4086978435516357,0.03292998671531677,-0.5184673036996121,-1.2444222218773175,-1.254657506942749,1.519606590270996,0.20543764721731045
0.8962895186125402,-1.3946808576583862,0.03292998671531677,0.13201367204375875,-1.1104349661420172,-0.027008283883333206,1.519606590270996,0.6995822112833351
-1.2306128024963765,1.4086978435516357,0.03292998671531677,-1.7479652666877623,-1.444584652222243,1.2006409168243408,-0.47232500614602646,0.16014075124110053
1.6816225031199892,0.7078531384468079,0.03292998671531677,-0.8795479199734592,-0.7187998709513936,-0.027008283883333206,0.8265135288238525,0.9042553526053787
1.404545916818815,-1.3946808576583862,-1.1866991519927979,-1.6169329995031498,0.20094293002807856,-1.254657506942749,-0.16877961376485606,0.7490645759802024
-1.8426216028402305,0.007008446846157312,1.2525591850280762,1.7189881801605225,-1.737538713230306,1.2006409168243408,1.519606590270996,0.001956796366145578
0.5801309199289574,1.4086978435516357,0.03292998671531677,0.3058287306027146,1.4304277557251366,1.2006409168243408,0.4799669682979584,0.7341501136374057
1.3083629531231358,1.4086978435516357,0.03292998671531677,0.36923568304789406,0.6356974137767499,-1.254657506942749,-0.25558683262171245,0.8545040520434773
1.6866649213247162,-0.6938362121582031,1.2525591850280762,1.25466611597571,1.6633147932470824,-0.027008283883333206,0.7341123804562191,0.9807464703412878
-0.5836301216679518,-1.3946808576583862,1.2525591850280762,0.8199429672160479,-1.5176067407553542,-0.027008283883333206,1.1594856157250473,0.3298685095418644
-1.263502317992253,-0.6938362121582031,-1.1866991519927979,0.8311328190345231,0.59589928431823,-1.254657506942749,0.4222253254820247,0.19217658900014267
1.5272645627897317,-1.3946808576583862,1.2525591850280762,0.018464270058121138,0.5535451986192735,-0.027008283883333206,0.8265135288238525,0.8953536845838571
0.8037006026048075,0.007008446846157312,1.2525591850280762,-0.47591361035669394,0.6466398939181762,-0.027008283883333206,0.6449711631682952,0.7233054982784654
-1.1824574257508362,-1.3946808576583862,1.2525591850280762,-0.7852546585844346,0.7216604497863864,-0.027008283883333206,-1.2527657747268677,0.18091239900993428
-0.4392457184624462,1.4086978435516357,-1.1866991519927979,0.2941321136962839,0.6589712399112809,-1.254657506942749,0.4799669682979584,0.3829156729529782
0.7548340409812372,0.04292424271399291,1.2525591850280762,0.8422753335256702,-1.287223211081411,1.2006409168243408,0.4799669682979584,0.7143792617469279
1.3245025214719017,-1.3946808576583862,1.2525591850280762,-0.342268345835501,0.6292630859933827,1.2006409168243408,0.3131869166505432,0.8291172777392901
-0.857454341109633,1.4086978435516357,1.2525591850280762,-1.5188645938702174,0.43551379459878264,-0.027008283883333206,-0.2519753224143966,0.27639311297086366
0.5013737091059698,-1.3946808576583862,-1.1866991519927979,1.6755839341070347,-1.3153309982229413,-1.254657506942749,1.1730600595474243,0.6284152111078196
0.7087423801126719,-0.6938362121582031,-1.1866991519927979,1.5408748470839924,-0.009316545792779768,-1.254657506942749,1.4413280157002148,0.6975977444315864
0.5876667914899943,-1.3946808576583862,0.03292998671531677,0.09371188467510592,0.6166906643735882,-1.254657506942749,-0.8033294033964704,0.6335075905612535
1.557587394797426,-0.6938362121582031,-1.1866991519927979,1.6710394125567716,-1.4149584285251173,1.2006409168243408,-1.5993123054504395,0.9020417967060246
-0.7197361382691815,-1.3946808576583862,0.03292998671531677,-1.2067805863322325,1.4063083757595187,-1.254657506942749,-0.21312613785266876,0.3340237123530661
0.3532503804933269,1.4086978435516357,0.03292998671531677,-1.7186577021656813,-0.6663233271745002,1.2006409168243408,0.1296155009636361,0.5795724642504461
-0.3485735830268776,-1.3946808576583862,1.2525591850280762,0.9846294789604012,-0.6431363606685069,-1.254657506942749,-0.9062192440032959,0.4047020437654856
0.8363435582183175,0.007008446846157312,0.03292998671531677,-0.471252545454931,1.0215182389963255,-1.254657506942749,-1.5038473437493969,0.7061293259802992
-1.842671758717242,1.4086978435516357,-1.1866991519927979,1.7189801750406137,-1.3142565496176888,-1.254657506942749,0.1334204226732254,0.07495995302583634
-1.5820362380096744,-1.3946808576583862,0.03292998671531677,-0.7826416101544564,0.7705042903912186,-1.254657506942749,-0.5596727132797241,0.1054479269533311
1.4374462108864499,-0.6938362121582031,0.03292998671531677,-0.7490937094570428,1.6421496894784695,-0.027008283883333206,1.095007674154037,0.8839806085908626
0.3364420407699137,1.4086978435516357,1.2525591850280762,-0.547698408854091,0.40841421043729753,-0.027008283883333206,-0.5549741232534939,0.6188535011405654
0.31983995114376035,-1.3946808576583862,0.03292998671531677,0.7911987529176502,1.1204228075047882,1.2006409168243408,0.4799669682979584,0.587326753635693
-1.6149796608456561,0.007008446846157312,0.03292998671531677,-0.4942074532854712,0.22419695727947214,-0.027008283883333206,-0.21312613785266876,0.10374280927592154
0.6388075121821953,-0.6938362121582031,0.03292998671531677,-0.5597326336146818,-0.5465232474522416,-1.254657506942749,0.3822860580060141,0.6438148292543469
-0.22143929899095652,0.007008446846157312,0.03292998671531677,0.8464871404672217,0.8540568091908939,-0.027008283883333206,-0.3204221735595627,0.47837648985819015
0.4454940294821103,-1.3946808576583862,1.2525591850280762,-0.5353202504887011,0.8528236989088944,-0.027008283883333206,1.1820167642628527,0.626544629542191
-0.9322613435846047,1.4086978435516357,0.03292998671531677,-0.8491987168675813,-1.2210261728285186,-0.027008283883333206,1.4746986541501088,0.2637586856020578
-0.871851932297396,1.4086978435516357,0.03292998671531677,-0.9973567410086589,0.07665367924668275,1.2006409168243408,-1.5993123054504395,0.3164263363788665
-0.5120732047730066,0.7078531384468079,1.2525591850280762,-1.107560387047068,1.435376591090133,1.2006409168243408,1.519606590270996,0.4216025090554275
-1.6972870814371883,-1.3946808576583862,0.03292998671531677,0.7033244488735405,0.4578193688250366,1.2006409168243408,1.3775406630994171,0.08097384974203271
-0.25543766181828975,-0.018242258175983128,0.03292998671531677,-0.3658971865370982,-0.6379566609817264,-0.027008283883333206,-0.21312613785266876,0.4017452712612308
-0.9420807222163419,0.7078531384468079,0.03292998671531677,-1.421080479219708,-0.45864384653467544,1.2006409168243408,0.1334204226732254,0.2745272056236186
0.4412013630266411,0.2631178584991905,-1.1866991519927979,-1.0772630393700373,-0.700535060151517,1.2006409168243408,-0.07743091159074447,0.59576223665811
0.38238964865205116,-1.3946808576583862,0.03292998671531677,1.1159479251109599,0.5279465515200764,1.2006409168243408,-1.5993123054504395,0.6356335936482294
-1.6936054092555084,0.7078531384468079,-1.1866991519927979,-0.7048673385856002,0.5353561900109995,-1.254657506942749,0.1334204226732254,0.048981186051134676
-0.1584037807008746,-0.6938362121582031,1.2525591850280762,-1.202839195636501,1.292771967495507,-0.027008283883333206,0.9542751796942626,0.49276030849917113
1.4437481606787215,0.007008446846157312,0.03292998671531677,0.4840716673495796,0.13065665077721192,1.2006409168243408,0.4799669682979584,0.8927800558204728
1.449238689497582,0.007008446846157312,0.03292998671531677,1.1363128350985756,-0.7751230512173417,-0.027008283883333206,-0.8050178552627344,0.8808165105436593
1.5152564087490217,0.007008446846157312,0.03292998671531677,-1.7707817764617424,-0.3885079552188866,1.2006409168243408,-0.5596727132797241,0.8678187095986176
0.47109968100820104,0.007008446846157312,1.2525591850280762,-0.8070860946195166,1.6339202528881118,-1.254657506942749,-0.21312613785266876,0.6606034173761983
0.516524576923034,0.7078531384468079,1.2525591850280762,1.4000003305196387,0.10848424075350951,-1.254657506942749,-1.5993123054504395,0.6886331922118032
1.2888656015647724,-0.6938362121582031,-1.1866991519927979,-0.15381904917185465,0.43256884345822044,-1.254657506942749,-0.5596727132797241,0.8095769648462207
-0.3578199160216,0.007008446846157312,1.2525591850280762,-0.12664987155221932,-0.6135609358003788,-0.027008283883333206,-0.9062192440032959,0.40493113315184653
0.5015181669721568,-0.6938362121582031,1.2525591850280762,0.15399131438147662,1.041504723182898,-1.254657506942749,1.519606590270996,0.6757230011529288
1.7182902083141967,0.7078531384468079,1.2525591850280762,1.58351713320455,1.0720379495169974,-0.027008283883333206,-0.21312613785266876,0.9952576482511754
1.4553537195562276,0.7078531384468079,-1.1866991519927979,0.517244869379228,-0.029472390643052335,1.2006409168243408,0.4799669682979584,0.8937211961992987
-0.5851290727525753,-0.6938362121582031,-1.1866991519927979,1.3707322247799794,0.3078726358702267,-1.254657506942749,-0.5758255592379988,0.37619975446612774
0.3656319685545725,-0.17177273509580182,-1.1866991519927979,0.09377532204318717,0.7117629027308594,-0.027008283883333206,1.099253366849883,0.6123254630851048
0.9775445314292971,0.2284353549599834,1.2525591850280762,1.0548456094341914,-1.3987367758221338,-0.027008283883333206,1.519606590270996,0.7751111634660264
-1.4112231472222656,0.007008446846157312,-1.1866991519927979,-0.7540165302648498,0.39054731280934274,-1.254657506942749,0.5663408451066674,0.13360420852296825
-0.6373008271056748,-0.6938362121582031,0.03292998671531677,-0.1542528414217666,0.10679830333020918,-1.254657506942749,-0.46192262557163355,0.34708465760428137
0.6456647548877942,-1.3946808576583862,-1.1866991519927979,0.11407121750899302,0.5814676829040372,-0.027008283883333206,1.519606590270996,0.7003752516031196
-1.4660324430498008,-0.6938362121582031,-1.1866991519927979,-0.490231579219329,-0.8891217299519618,1.2006409168243408,-1.3532881754360222,0.11261227011404158
-1.0965423129279461,-1.3946808576583862,1.2525591850280762,1.1176849502730983,-0.4921414384875141,-0.027008283883333206,1.519606590270996,0.2263393102094179
-0.15719718562353982,1.4086978435516357,1.2525591850280762,1.3307619306061298,1.0283516571446671,-1.254657506942749,-1.50171631506895,0.5216706455678036
0.32490743933350885,-1.3946808576583862,0.03292998671531677,-0.0022172767752763334,1.5647129466681173,-0.027008283883333206,-1.5993123054504395,0.5989425804426343
-0.2060552880326348,1.4086978435516357,0.03292998671531677,-0.8087128574671786,-0.7207822507434822,1.2006409168243408,1.519606590270996,0.45693798450949935
-0.539021479036707,-1.3946808576583862,-1.1866991519927979,0.2586990660634673,0.36669014982071063,-1.254657506942749,-0.02882583385592266,0.3833395892102886
0.16853003365731273,0.7078531384468079,0.03292998671531677,-1.369460475063228,0.9351469980590842,-0.027008283883333206,-0.5596727132797241,0.5324004340384428
-0.6300470197979877,1.4086978435516357,-1.1866991519927979,0.990272605690996,0.22717256385656442,-0.027008283883333206,-0.44264697087338883,0.40522931732274264
0.3883783066744622,-1.3946808576583862,-1.1866991519927979,1.4405689838590265,-1.4182796453005466,1.2006409168243408,0.4799669682979584,0.5753587049332918
-1.6253605963371578,-1.3946808576583862,0.03292998671531677,-0.05398433312455815,-0.834903407800973,-0.027008283883333206,0.9761158493702055,0.0656315366037056
0.5688275878470228,0.7078531384468079,0.03292998671531677,0.5138231352019332,-0.8968968424837105,1.2006409168243408,1.519606590270996,0.6576148240516179
0.016193969380960002,1.4086978435516357,-1.1866991519927979,-0.5966124811821808,-1.6483512116840602,-0.027008283883333206,-0.5825089806271297,0.42822213103380946
-1.3753672604774654,-1.3946808576583862,0.03292998671531677,0.2913564181481086,-0.49530022605429436,-1.254657506942749,1.3472618762929525,0.15553190305636871
0.04307187786642118,0.007008446846157312,-1.1866991519927979,0.8424556684369762,1.46436698343616,1.2006409168243408,1.519606590270996,0.5775538987516725
0.9163609410139115,1.4086978435516357,0.03292998671531677,-0.06916253695802771,0.46832242634132415,-1.254657506942749,-0.4295910463963286,0.7799195679907877
1.4213482922623573,-1.3946808576583862,1.2525591850280762,0.4636789748107718,-0.05276972026312514,-0.027008283883333206,-0.3512085408356793,0.8536479056073437
1.3581960199809797,-0.3276773255845631,0.03292998671531677,0.21000547744351664,0.15399392274886314,-0.027008283883333206,-0.08936717238346176,0.860006149380697
-1.6875333100097316,0.007008446846157312,-1.1866991519927979,-0.12441792692121673,0.2441634852117458,-1.254657506942749,-0.21312613785266876,0.06790320022622882
1.303654301422289,1.4086978435516357,1.2525591850280762,-0.4162563006788715,0.004058341764649476,-1.254657506942749,1.519606590270996,0.862950298963218
-0.7075593641366699,-1.3946808576583862,1.2525591850280762,-0.9446908892373355,1.1837911024080552,-0.027008283883333206,-0.5596727132797241,0.32355011328688815
-0.7032954112569129,-0.36778453044556697,0.03292998671531677,-1.1837399348398967,-0.9330005347698117,-1.254657506942749,1.519606590270996,0.3313441260658529
-1.773732295353342,-1.3946808576583862,-1.1866991519927979,0.8601189427870323,-0.340548379316836,1.2006409168243408,0.1334204226732254,0.03591611185447935
1.165079226854234,-1.3946808576583862,-1.1866991519927979,0.7111600678427767,-1.5661463608370683,1.2006409168243408,0.1334204226732254,0.7422350761379389
1.242942599994838,1.4086978435516357,1.2525591850280762,-0.9646959235534041,0.35802011300007475,-0.027008283883333206,1.519606590270996,0.8152299969280516
-1.3947495706431925,-1.3946808576583862,0.03292998671531677,0.7616269290354325,-0.41129762763722205,-1.254657506942749,1.519606590270996,0.14384523289878187
-0.43118654179646115,1.4086978435516357,0.03292998671531677,-0.08883050594996005,0.29457590181667404,-0.027008283883333206,0.10720433948443703,0.4225283425728671
1.1967654459985808,-0.6938362121582031,1.2525591850280762,-0.8566836581848418,0.9458528801302304,-1.254657506942749,-1.5993123054504395,0.8054637688663604
1.170709705614736,-1.3946808576583862,-1.1866991519927979,0.28419853777790577,1.0231522132124695,-0.027008283883333206,0.8265135288238525,0.7948531121015728
1.0636557859153188,-1.3946808576583862,-1.1866991519927979,1.089616711834274,-0.27522872632892553,1.2006409168243408,-0.21312613785266876,0.7561793271462952
-0.22748126291046758,-1.3946808576583862,1.2525591850280762,1.1119710715697044,-0.5617898315852842,-0.027008283883333206,1.519606590270996,0.42774329801845723
0.9840624653205495,0.007008446846157312,1.2525591850280762,-0.8414485853924485,-1.3001094486018991,1.2006409168243408,0.4799669682979584,0.755743378005279
0.26002712527380606,0.007008446846157312,1.2525591850280762,-1.5382438983590958,0.8489162862450903,1.2006409168243408,-0.027336549007100308,0.5428592105205992
0.3265467799405956,1.4086978435516357,1.2525591850280762,-0.42343566671044336,-1.7374137968915018,-0.027008283883333206,-0.2573794915121,0.5349953273429772
0.3269664429040784,0.007008446846157312,1.2525591850280762,0.050843600102512626,-1.6556268821006577,-1.254657506942749,0.1334204226732254,0.5772060529824528
-0.9367365669799191,0.007008446846157312,0.03292998671531677,-0.13678058037518265,-1.278415195813136,-1.254657506942749,-0.8332290342408961,0.20226049757928702
1.3689033601279044,-1.3946808576583862,0.03292998671531677,-0.1233445074941573,-1.2466928301017066,-1.254657506942749,-0.9221342496462287,0.7605967302733225
-1.609609261712292,0.7078531384468079,-1.1866991519927979,-0.22675485991308067,-0.1902122918211936,-1.254657506942749,-0.4888563320277222,0.09359374646911865
-0.19170734647678866,1.4086978435516357,-1.1866991519927979,-0.3316991116203735,-0.9625844436645877,-0.027008283883333206,-0.019151407488710664,0.4428853434026673
0.49642414830467946,0.007008446846157312,1.2525591850280762,0.40638855744668234,1.50934689830175,1.2006409168243408,1.519606590270996,0.7201701304455899
-1.7771453597485387,1.4086978435516357,1.2525591850280762,1.3164422628449848,-0.45317599247354284,-1.254657506942749,-0.926091321115779,0.09241474043697422
0.025274714832978024,1.4086978435516357,0.03292998671531677,0.7857242326709626,1.3531433157886157,-0.027008283883333206,-0.21312613785266876,0.5908614030771542
-1.2526519199605661,-1.3946808576583862,-1.1866991519927979,0.7558909687850726,-1.2750877598694317,1.2006409168243408,-0.9989764426674268,0.15833700832734343
-0.2131752548452924,0.4020022099683896,0.03292998671531677,1.7182837734450747,-1.5846621819995201,1.2006409168243408,1.519606590270996,0.46667349350408815
0.6473570685537764,1.4086978435516357,0.03292998671531677,-0.1676608008162525,-1.7256142438857394,1.2006409168243408,1.519606590270996,0.6520096958696762
-1.1241350916811321,1.4086978435516357,1.2525591850280762,0.9274210119227109,-0.26592473021639085,-0.027008283883333206,-1.5993123054504395,0.25255985495260047
-0.7120301700557713,-0.29221642870653924,0.03292998671531677,-0.29696156866198664,-0.9025649236627953,-1.254657506942749,-0.278800190527848,0.3004015252620116
1.687771140312203,1.4086978435516357,-1.1866991519927979,-1.5227875557834272,-0.03093738804749384,1.2006409168243408,-0.7108988055443586,0.9218336155974096
0.01818963490282126,-0.6938362121582031,0.03292998671531677,-0.36470642487000754,-0.059082025306730415,-0.027008283883333206,0.2915022292948585,0.5155872902681381
0.22190576141512874,0.6655312199883149,-1.1866991519927979,0.47084614018406257,-0.9400326265515409,-0.027008283883333206,-1.0352861503501098,0.5933489471367571
-1.6150234721467813,0.007008446846157312,-1.1866991519927979,1.350141582024464,-0.1207276237067061,-1.254657506942749,-0.7096212259697939,0.10522596827601578
1.0149875832547193,-1.3946808576583862,1.2525591850280762,0.3572524944863976,1.4582162225252433,1.2006409168243408,-0.05462480517662158,0.8096327877533586
-0.16771591007574646,1.4086978435516357,1.2525591850280762,1.029920433890043,0.9552855255558326,-0.027008283883333206,-0.26877643097982296,0.528115763830189
0.45236182105787476,0.007008446846157312,0.03292998671531677,-0.7080101512502882,1.4311863923920218,-1.254657506942749,0.6429762204545135,0.6129790096218735
1.1497824056794475,0.007008446846157312,1.2525591850280762,-1.2657346377579715,0.9228276501849171,-1.254657506942749,1.519606590270996,0.7747591374334108
0.9204725814723324,0.007008446846157312,0.03292998671531677,0.3051600141761569,1.6995916193108047,-0.027008283883333206,0.2239412578112811,0.8135281930668488
0.15032395360385073,-0.6938362121582031,1.2525591850280762,0.5203540335908496,-0.12163799045389222,1.2006409168243408,-0.35971450463630383,0.517957507032818
-1.2559006939483048,0.007008446846157312,-1.1866991519927979,-0.6404500442295498,0.562222168080649,1.2006409168243408,1.519606590270996,0.17362074274966477
0.5679869790040505,0.007008446846157312,1.2525591850280762,-0.8045980088754663,0.13375083732774884,1.2006409168243408,0.9729378280176433,0.6538285341171856
-1.4313041195637743,0.007008446846157312,0.03292998671531677,0.5361965879871239,-0.12629062429059784,-0.027008283883333206,1.1730600595474243,0.12663793694826525
-1.7107845811941331,1.4086978435516357,-1.1866991519927979,0.07991014988582516,0.31573807188025427,-0.027008283883333206,-1.5993123054504395,0.09164520702334435
1.3661307876365214,0.007008446846157312,-1.1866991519927979,-0.0185046477125506,-1.2041591506482567,-0.027008283883333206,-0.5025530488992236,0.817001816407115
-0.9419657285639361,-1.1804025591518668,1.2525591850280762,0.7998290248367026,-0.8287786599347029,1.2006409168243408,-0.060040014137981684,0.25625754130125544
0.8782234325466776,0.7400212979453529,-1.1866991519927979,-0.8322028706422936,1.6664415941308306,1.2006409168243408,1.519606590270996,0.7852900780072556
0.5540240732907578,0.18600655040767816,-1.1866991519927979,-0.15682171582003102,0.29560703753294043,1.2006409168243408,0.4799669682979584,0.6434207800536106
0.6874555484710887,0.007008446846157312,0.03292998671531677,-1.7723253068778508,-0.8449586623427723,-1.254657506942749,0.4799669682979584,0.6241461728204716
-0.263861051132206,1.4086978435516357,0.03292998671531677,-0.37597148506407796,-1.6738479090280296,-0.027008283883333206,1.519606590270996,0.43875841007004246
-0.6461381657483467,-0.6938362121582031,1.2525591850280762,1.4864742364548589,0.026685490210704484,-1.254657506942749,1.519606590270996,0.3742422132643317
-0.20972484045595763,1.4086978435516357,0.03292998671531677,-1.217400226805617,1.1386535582233557,1.2006409168243408,0.4799669682979584,0.5160497256524821
1.5341124822760388,-0.6938362121582031,0.03292998671531677,-1.2597541845390536,1.6853214395322063,-0.027008283883333206,0.9643580891136848,0.8989681758436868
0.6513078932116996,0.7078531384468079,1.2525591850280762,1.715767484013811,1.2119761828042055,-1.254657506942749,-0.5596727132797241,0.7743198427110753
0.09750839083135138,0.007008446846157312,-1.1866991519927979,-1.1093916668333268,-1.642601572575944,1.2006409168243408,1.519606590270996,0.463774284291168
1.5085808408804202,1.4086978435516357,0.03292998671531677,-0.4853787517492032,-1.264681984915815,1.2006409168243408,-1.171869862369866,0.8905417774495995
-0.06213126919148287,0.7078531384468079,1.2525591850280762,-1.498674888444024,1.5261230456166293,-0.027008283883333206,1.519606590270996,0.4853210396271718
-0.7429179555570533,-1.3946808576583862,-1.1866991519927979,0.8203109990872905,0.645707630547539,-1.254657506942749,0.1334204226732254,0.28631820353628123
0.9843274222300561,-0.6938362121582031,1.2525591850280762,-0.5324463289929954,1.506457868989786,-0.027008283883333206,0.1334204226732254,0.7787737739168689
0.9000388435147463,0.33140462710189245,-1.1866991519927979,-0.1782215842394379,1.6956233636329443,1.2006409168243408,0.7099837757832208,0.8123873421247427
1.6096698398018474,0.7078531384468079,0.03292998671531677,-1.558626310841119,1.1796704928993127,1.2006409168243408,-0.21312613785266876,0.9007674330305873
0.6987509799043773,0.007008446846157312,-1.1866991519927979,1.630681493040848,0.3316695065414811,-1.254657506942749,0.4799669682979584,0.7162362088104128
-1.1065996550990118,0.7078531384468079,-1.1866991519927979,0.8837435195579973,0.9682205818375418,-1.254657506942749,-0.07090989493027935,0.24316862531925845
0.8443122829788152,-1.3946808576583862,-1.1866991519927979,0.615047544647774,-0.3704768540560155,-1.254657506942749,1.519606590270996,0.7118420239500289
0.8260158098442137,-1.3946808576583862,-1.1866991519927979,-1.0667357489595028,1.188517947230347,1.2006409168243408,0.1334204226732254,0.7036452139288906
1.4972734506643208,1.4086978435516357,-1.1866991519927979,0.6474889100314988,0.9959937371815851,-0.027008283883333206,0.1666134664741937,0.8968923243105347
1.3764086874626573,-1.3946808576583862,0.03292998671531677,0.43900007938323704,-0.03546344082900797,1.2006409168243408,-0.21312613785266876,0.830667596032613
0.13707694570713513,0.7078531384468079,0.03292998671531677,-0.1167707124208877,1.2454676421534736,1.2006409168243408,-0.5596727132797241,0.6118814232929728
1.4827025355972097,-1.3946808576583862,1.2525591850280762,1.19570993134118,-1.1065936358636321,1.2006409168243408,-0.25565228855707806,0.8633302759190215
0.14845494461868677,-1.3946808576583862,1.2525591850280762,-0.7299252584104218,-0.14631540008754645,-0.027008283883333206,-0.0061487122377464065,0.47656085040171
0.11170569974087866,0.007008446846157312,0.03292998671531677,1.108388541788339,-0.7171370242654993,-1.254657506942749,-1.2527657747268677,0.5364521779380776
-0.31355525453400446,-1.3946808576583862,0.03292998671531677,0.4444753043756869,-1.6925767392218738,-1.254657506942749,1.519606590270996,0.37309964021412717
0.859525922266953,-1.3946808576583862,0.03292998671531677,1.1232117059489966,-1.0916704675109503,-0.027008283883333206,0.2529757878000649,0.6935446835154947
-1.6994885536744386,1.4086978435516357,-1.1866991519927979,0.9994650474128848,1.3883504889464322,1.2006409168243408,-0.9062192440032959,0.16410342545330306
-1.334557186430801,1.4086978435516357,-1.1866991519927979,1.1096059479834435,1.4115266685633008,1.2006409168243408,-0.49684959961846187,0.2508215011232201
-0.4939365434423695,-0.6938362121582031,0.03292998671531677,-0.26092193259738256,-0.15174632811352384,-1.254657506942749,1.519606590270996,0.3178999576451431
-1.8310078094364581,-1.3946808576583862,1.2525591850280762,1.7189881801605225,-1.7112808748878887,1.2006409168243408,1.519606590270996,0.0038764293311890773
0.6556112979352262,0.007008446846157312,1.2525591850280762,0.06272256489079023,0.31649463075992745,-1.254657506942749,-0.7131714295713469,0.7052050068686886
0.5875778358331062,-0.6938362121582031,0.03292998671531677,-1.4629266385391488,1.2449343330532598,-0.027008283883333206,-0.5596727132797241,0.641746780004952
-0.4482511950991814,0.07243649747362738,0.03292998671531677,0.46182994419208356,-1.5118837639705012,-0.027008283883333206,1.188933860554382,0.36566795805004393
-1.225913024823438,-0.6938362121582031,1.2525591850280762,-1.5683674258645395,1.038094877473271,-0.027008283883333206,0.1334204226732254,0.18178175131359575
-0.30519674205792796,-0.6938362121582031,1.2525591850280762,0.25481722475861474,1.0146689656560546,-0.027008283883333206,1.519606590270996,0.4372726968153142
1.4080969923756967,-0.6938362121582031,-1.1866991519927979,-1.7154847180213848,0.01823848589255872,1.2006409168243408,0.4799669682979584,0.7842191856188191
-1.3505295366846923,-0.6938362121582031,1.2525591850280762,-1.650463529586427,1.1386848525938313,1.2006409168243408,0.4799669682979584,0.15925173531252426
-1.8213759471741942,1.4086978435516357,1.2525591850280762,1.6293822012999641,-0.4232687661508407,1.2006409168243408,-1.2527657747268677,0.08905946170862418
-0.2578897096461475,-1.3946808576583862,0.03292998671531677,-0.9223828821216336,0.33557056828064735,1.2006409168243408,1.519606590270996,0.4109397235781357
-1.0718505970015626,-1.3946808576583862,1.2525591850280762,-0.13757663024087774,-0.6530511479737494,-0.027008283883333206,1.1730600595474243,0.21242324726975104
-0.7794926572777351,0.007008446846157312,0.03292998671531677,0.6138779729925583,1.3656939410022901,-0.027008283883333206,-0.5596727132797241,0.3499247207178241
0.0352997188608216,1.4086978435516357,0.03292998671531677,0.91340855433946,0.9767880009063323,1.2006409168243408,0.13280904637919233,0.5660549333808524
-0.4534911343411111,-0.6938362121582031,1.2525591850280762,-0.6935770697979547,1.3736747835979766,1.2006409168243408,-0.025967185411829102,0.3988607902253405
-1.1236457589969064,0.007008446846157312,1.2525591850280762,-0.25871615169942386,0.8589096557972405,1.2006409168243408,0.8265135288238525,0.22051347835617854
0.5700616277659496,-0.6938362121582031,-1.1866991519927979,-0.980131309384715,-0.7462120885091709,-0.027008283883333206,1.1730600595474243,0.6147095659317404
-1.7018446581467108,-1.3946808576583862,1.2525591850280762,1.4642767551715574,0.35054464069250896,-1.254657506942749,0.1334204226732254,0.09503292942127374
-0.119230260040073,1.4086978435516357,-1.1866991519927979,0.20309931260609923,0.9919854606636694,1.2006409168243408,0.8857567837521475,0.5248015790657946
0.7793986497135763,-1.3946808576583862,1.2525591850280762,-0.5897122092669508,-0.6840620149433837,-1.254657506942749,0.4799669682979584,0.6606569101629134
1.0724600048651876,0.007008446846157312,1.2525591850280762,-0.15677500597078325,0.937215954595195,1.2006409168243408,0.4799669682979584,0.7860408620835784
1.4490714542228986,-1.3946808576583862,1.2525591850280762,-0.5120774589993509,0.6257431477112986,1.2006409168243408,-0.21312613785266876,0.8912902526627495
-1.3380755127046493,1.4086978435516357,-1.1866991519927979,1.6710452486398708,0.4751694173021168,1.2006409168243408,0.45819952158882915,0.2619686817870506
1.5440402759302634,0.007008446846157312,-1.1866991519927979,0.5680307850043637,0.5884124214513046,1.2006409168243408,0.4359060793869713,0.9248608282099564
-0.17003767031001724,1.4086978435516357,0.03292998671531677,-1.6193833072806454,-0.7259991245360915,-1.254657506942749,-0.9062192440032959,0.4020993653734319
-1.6638163564408694,-0.6938362121582031,1.2525591850280762,0.5732521079972178,-0.6030941504381916,-0.027008283883333206,-0.5596727132797241,0.08055780203048032
1.4014140658116405,0.007008446846157312,1.2525591850280762,1.355891677744778,-0.6675362873784297,-1.254657506942749,0.8132390381316841,0.8727840352362075
-1.6732813586066337,0.007008446846157312,1.2525591850280762,1.0955100458568654,1.0149905516735331,-0.027008283883333206,0.8265135288238525,0.12671960377010738
-0.832475357659484,-0.6938362121582031,1.2525591850280762,1.6891287017693855,-0.385143871163649,-0.027008283883333206,1.1730600595474243,0.33173443127141855
0.5232553742354943,-1.3946808576583862,0.03292998671531677,1.6101119918458127,-0.16551601227911575,-0.027008283883333206,-0.21312613785266876,0.6543460890890039
-1.2668927208362335,-1.3946808576583862,1.2525591850280762,-1.449930434592436,0.45193709898679196,-0.027008283883333206,-1.2527657747268677,0.15983726091009673
-0.37769667067108265,-1.3946808576583862,1.2525591850280762,0.16867976533133794,-0.5022743989293894,-0.027008283883333206,1.519606590270996,0.3559460132723213
0.5153954688539637,0.007008446846157312,0.03292998671531677,-1.7650853017730537,-0.8963484905400612,-1.254657506942749,0.8203536471937625,0.5658214629083743
1.428612576889931,1.4086978435516357,0.03292998671531677,0.9813290670434667,0.09907477969354295,1.2006409168243408,0.5810009644532297,0.9021814510629165
-0.8894376059948612,1.4086978435516357,-1.1866991519927979,-1.1982537766741475,0.8479737811679983,-0.027008283883333206,0.4799669682979584,0.27811623031040883
0.4029242293016167,-0.3084270082956623,-1.1866991519927979,-0.7374289850993142,1.4646609455093322,-1.254657506942749,0.4799669682979584,0.6292176328306759
-0.8054945450356455,-1.3946808576583862,0.03292998671531677,0.6108812248432757,0.15562370710173,-0.027008283883333206,-0.5596727132797241,0.2841927539539065
-0.48139193916859035,0.007008446846157312,-1.1866991519927979,1.2155438993659136,-0.8389673590341238,1.2006409168243408,-0.21312613785266876,0.38529523688508055
1.3544424743048704,0.215189458201237,-1.1866991519927979,-0.2620848506619714,1.6661389396848818,1.2006409168243408,1.519606590270996,0.8786603261148987
1.0144190884232513,-1.3946808576583862,-1.1866991519927979,0.01250292713006379,1.3305054844921302,-1.254657506942749,-0.21312613785266876,0.7322032994209277
-1.6582835379211376,-0.6938362121582031,0.03292998671531677,0.4094003338716057,-1.4662143945900024,-1.254657506942749,1.519606590270996,0.08681265680702602
0.7400638863599966,1.4086978435516357,0.03292998671531677,-1.7723276615142822,-1.0178637601833698,1.2006409168243408,0.4799669682979584,0.623059403438543
0.7475887752138017,1.4086978435516357,0.03292998671531677,0.31333309879781035,0.9328353035087276,-0.027008283883333206,0.1334204226732254,0.7481004187156949
0.8038222399642946,-1.3946808576583862,1.2525591850280762,-0.34082418557908944,0.10397036313138375,-1.254657506942749,0.4799669682979584,0.6737741173194567
0.7866935478883087,-0.6938362121582031,0.03292998671531677,-1.284869011198928,0.05510478880101181,-0.027008283883333206,-0.9062192440032959,0.6828918656845836
1.3670086872710563,-1.3946808576583862,-1.1866991519927979,0.9246909829072282,0.37513287256754474,-1.254657506942749,0.5451206700940184,0.8107024432118299
-1.1312468484632874,0.007008446846157312,1.2525591850280762,0.07120742336221743,1.010026196882043,-0.027008283883333206,1.519606590270996,0.22845651328119546
1.2175168127765092,0.007008446846157312,-1.1866991519927979,0.505394055117181,-0.3568513835050922,1.2006409168243408,-1.5993123054504395,0.7594776585957294
-1.4715343401071044,-1.3946808576583862,1.2525591850280762,0.4612381075345292,0.18491750871868431,-1.254657506942749,1.2282514854053121,0.12181949673597396
1.2950953278314017,-0.6938362121582031,0.03292998671531677,1.172306512471209,0.87311356939441,-1.254657506942749,-0.5596727132797241,0.8326122284201041
-1.083106312743197,0.4675583440059472,0.03292998671531677,1.5771524653874263,-1.713294018864747,-0.027008283883333206,0.8265135288238525,0.2527126648887911
0.7158000031793872,-0.6938362121582031,-1.1866991519927979,-0.7269958370947291,-0.5775678591111247,-1.254657506942749,-1.5993123054504395,0.6618685870085697
-0.3378652839566672,0.7078531384468079,0.03292998671531677,0.8124517037277037,-1.3791522278523245,-0.027008283883333206,0.4160915420402239,0.4104809230013531
0.5006605220620446,0.19704650815952568,-1.1866991519927979,0.7922847352363218,-1.1769065534261829,-1.254657506942749,-1.5993123054504395,0.6368474337240538
0.731412899573231,-0.3632211838389604,-1.1866991519927979,0.8751926102071338,0.24982656852782348,-1.254657506942749,-1.5993123054504395,0.6847564919890404
-0.8110553265657469,-0.6938362121582031,1.2525591850280762,-1.44481194385906,0.3257874612669655,-0.027008283883333206,0.40314930198537885,0.25930255539962477
0.6344068306819503,1.4086978435516357,1.2525591850280762,-1.2480576519432989,0.8607651310347062,1.2006409168243408,0.8802319008140946,0.7061374199987424
0.8009743157953606,0.007008446846157312,-1.1866991519927979,-0.5852519105512438,1.2867305311361825,-0.027008283883333206,0.8265135288238525,0.731085567114784
-1.0053364154361448,0.007008446846157312,1.2525591850280762,0.47925652992997025,-1.0908039646475371,-1.254657506942749,-0.5596727132797241,0.2390301317982468
-0.8683027951437876,0.7078531384468079,0.03292998671531677,0.8940865468814729,0.2770277673894778,-1.254657506942749,-0.7354756969673341,0.2873386046764218
-0.16141634637881316,-1.3946808576583862,-1.1866991519927979,0.5668091053014125,0.16265170485318248,1.2006409168243408,0.4799669682979584,0.42323553768630146
