Square_Footage,Num_Bedrooms,Num_Bathrooms,Year_Built,Lot_Size,Garage_Size,Neighborhood_Quality,target
0.9941357993668695,0.4169539579887596,0.03292998671531677,-1.2393590874150238,-0.012157122652828617,-1.254657506942749,-1.2527657747268677,0.7733339224550922
0.567928293519035,1.4086978435516357,1.2525591850280762,-1.7723276615142822,-1.708535245585299,1.2006409168243408,-1.5993123054504395,0.24193286631128524
1.0218840840431929,1.4086978435516357,-1.1866991519927979,-0.4557500466419924,0.35513169134024963,-1.254657506942749,-0.43602403116120886,0.7732983968668571
-1.2045983935866833,-0.6938362121582031,1.2525591850280762,1.4775841302453125,0.1804135227914661,-1.254657506942749,0.1334204226732254,0.204383699300272
-1.4320777690436808,1.4086978435516357,-1.1866991519927979,-0.03398298268408299,0.7006308804677601,-0.027008283883333206,-0.1717961176484683,0.16495032268048648
-0.9389310302593377,0.007008446846157312,-1.1866991519927979,1.545248592711237,-0.996485469873682,-0.027008283883333206,-0.5596727132797241,0.3100246357204304
-0.17707729052982088,-0.6895635908546462,0.03292998671531677,-0.32171960433959873,-0.7894976397939418,-1.254657506942749,1.519606590270996,0.4147254089170212
-1.6723850869288535,-1.3946808576583862,0.03292998671531677,0.3282105745548505,-0.23628688288112495,-1.254657506942749,1.519606590270996,0.07330605592113419
-0.2465041303940152,0.7078531384468079,-1.1866991519927979,1.483659008452335,0.22096169322750606,1.2006409168243408,1.519606590270996,0.4824156356790735
1.0414170015656976,-0.6938362121582031,1.2525591850280762,1.5567968922301278,1.2127378504730033,-1.254657506942749,0.1334204226732254,0.8368437427065677
-0.518377440082979,1.4086978435516357,-1.1866991519927979,-0.594025167747233,0.4512628547026036,1.2006409168243408,1.1576873280833322,0.4133028227197104
0.6106674172355643,-1.3946808576583862,0.03292998671531677,1.1539929163218774,-0.33593402849624265,1.2006409168243408,-0.5596727132797241,0.6470510661063131
0.17865812722105373,-0.5440405431932562,1.2525591850280762,1.4933004618463441,-1.0064443257029418,1.2006409168243408,0.4326469943278091,0.5418140889448655
0.47346644691418194,1.4086978435516357,0.03292998671531677,1.0139986859953234,1.3580732000729097,-0.027008283883333206,-1.5993123054504395,0.6930606131174512
-1.703963604057855,0.7078531384468079,-1.1866991519927979,0.10430302078654857,0.2796343288573054,-1.254657506942749,-0.014527283461449408,0.06717583168369579
0.30876728775621903,-0.6938362121582031,-1.1866991519927979,-0.9759935587197037,-1.5176057381667578,1.2006409168243408,0.4799669682979584,0.4891558506348243
1.5939126409020041,0.15619466419503225,0.03292998671531677,-1.5772661945883897,-1.3871950104419801,1.2006409168243408,-1.1020092373810317,0.8649549725102601
-1.212242441445524,1.4086978435516357,1.2525591850280762,-0.13316928684844437,1.2931947969993733,1.2006409168243408,-0.5596727132797241,0.34293261262691227
-1.7473759232722257,0.7078531384468079,-1.1866991519927979,-0.30117315519745075,1.39055287634095,-1.254657506942749,-1.2527657747268677,0.060180198046784476
0.7195338374859641,1.4086978435516357,-1.1866991519927979,-0.5568609337188161,0.04769553986290382,-1.254657506942749,1.519606590270996,0.6802878137971269
0.6684772021617131,-1.3946808576583862,-1.1866991519927979,-0.5917157470959331,0.9526145587793822,-0.027008283883333206,-0.5596727132797241,0.6483769004984247
0.7710007446452354,1.4086978435516357,1.2525591850280762,-1.0336937768564243,-0.0871299374476043,1.2006409168243408,1.092376458455052,0.6912507917317905
0.47353898818853324,1.4086978435516357,1.2525591850280762,0.6961756662352651,0.02098659078063944,1.2006409168243408,-0.39263162126915035,0.6512901754438231
-0.7552357000819055,-0.6938362121582031,1.2525591850280762,-1.3780968920029797,0.5632767817245653,1.2006409168243408,-0.6022208341855604,0.2901864037092981
-1.0142021966223105,0.007008446846157312,0.03292998671531677,-0.6581108380911009,-0.7048288668342442,-1.254657506942749,-0.1599964434221805,0.2069345497768623
0.3569891829581039,-0.6938362121582031,0.03292998671531677,-1.4712413738670191,-0.32758567863307597,-0.027008283883333206,1.519606590270996,0.5153295960429278
-0.7615191277611255,0.7078531384468079,1.2525591850280762,-0.6387415330415158,0.5470454391645604,-1.254657506942749,-0.9062192440032959,0.3171464349094419
-1.169960751675383,0.007008446846157312,0.03292998671531677,-1.2033201082747658,-1.732127319710821,-1.254657506942749,1.519606590270996,0.18165878818043682
-0.07480992932909383,-0.49272305558055984,0.03292998671531677,-1.4274344854378407,1.168227392466941,-1.254657506942749,0.4799669682979584,0.4804432003917129
0.21512799514198477,0.7078531384468079,0.03292998671531677,0.5563297392152546,1.3325063017825975,1.2006409168243408,-0.9062192440032959,0.627924415822747
0.531454702024545,1.4086978435516357,-1.1866991519927979,0.8875557336982325,-0.9869666437739567,-1.254657506942749,0.4799669682979584,0.6361564488396069
-0.26769281929972255,0.007008446846157312,1.2525591850280762,0.5208335352955921,1.2107195837482028,-1.254657506942749,1.519606590270996,0.46767110096004894
-1.5235604309207311,1.4086978435516357,-1.1866991519927979,-0.42709866902514465,0.736482058698744,1.2006409168243408,0.35802099767434603,0.13570415489139895
-0.18014493578372695,-0.6938362121582031,1.2525591850280762,1.1029144673052285,0.5699256192177856,-1.254657506942749,0.1334204226732254,0.5041322347394502
1.6035849738758012,1.4086978435516357,1.2525591850280762,-0.30329112793330604,0.09810511192515872,-0.027008283883333206,1.519606590270996,0.9412581959752424
-1.0416168023117596,0.30188082487178447,-1.1866991519927979,0.9282638584935253,0.46406773774328475,-1.254657506942749,-0.5943448757250454,0.2882507127088451
-1.1378048770508324,-0.6938362121582031,0.03292998671531677,0.23806558033396807,0.7859752969004191,-1.254657506942749,0.4799669682979584,0.24206197294180665
0.6473832562124087,0.7078531384468079,-1.1866991519927979,0.5489992318110992,1.076394394166662,-1.254657506942749,-0.5596727132797241,0.678183792160305
0.6321542002862863,1.4086978435516357,-1.1866991519927979,0.6239532075942393,-1.5716116147515655,-0.027008283883333206,-0.26664143680784363,0.6612292746545982
-0.24785360725117825,1.4086978435516357,0.03292998671531677,0.6069718807213808,1.4694886201404436,-0.027008283883333206,0.10884780083804035,0.5632041423091101
0.5460823740265736,1.4086978435516357,0.03292998671531677,1.124060777658739,1.4007987485823006,-0.027008283883333206,-0.5596727132797241,0.7326505124517717
-0.46074589453113474,1.4086978435516357,1.2525591850280762,-1.3888045039493657,0.16252060811406607,-0.027008283883333206,0.18132121200167595,0.37191098448124355
-1.1119335349330806,-0.6938362121582031,0.03292998671531677,0.35563864426607616,-1.5189006606817796,-1.254657506942749,-0.5854222287321316,0.20293320888597705
1.2973898463028861,0.007008446846157312,-1.1866991519927979,-1.7448623987123322,1.4521557351861845,-1.254657506942749,-0.5596727132797241,0.7767367332606934
0.6309835965211485,-1.3946808576583862,-1.1866991519927979,0.529867542950759,-1.4934646281885047,-0.027008283883333206,0.46657254627767425,0.5698210072889642
-1.4113924566032536,-0.6938362121582031,-1.1866991519927979,0.46065232767452885,-0.7420028848936405,-0.027008283883333206,0.4799669682979584,0.13880844517369523
0.7636303895072583,-1.3946808576583862,-1.1866991519927979,0.2138020772199664,0.15305421595182847,-1.254657506942749,0.4799669682979584,0.6530017791334989
1.012336772008042,1.4086978435516357,0.03292998671531677,-1.170411540697925,0.612281219898291,-1.254657506942749,-1.2527657747268677,0.7759291062417302
-1.8427332639694214,-0.6938362121582031,1.2525591850280762,1.7189881801605225,-1.7375364560607258,1.2006409168243408,1.519606590270996,0.0019562907982617617
-1.267912173793906,-0.6938362121582031,0.03292998671531677,-0.829858724209889,-1.2450503039849405,1.2006409168243408,-1.5993123054504395,0.15949498861260208
1.2894153604844898,-0.6938362121582031,0.03292998671531677,1.7189881801605225,0.19035384949718342,-0.027008283883333206,1.1730600595474243,0.8382355299163892
-1.369778471072477,1.4086978435516357,-1.1866991519927979,0.6030940428557329,1.3025285402323399,1.2006409168243408,-0.9062192440032959,0.2221752205289918
1.4886396775803492,1.4086978435516357,1.2525591850280762,0.775361533115623,1.5935282094210912,-0.027008283883333206,0.1334204226732254,0.9391931691633764
1.079305272308358,1.4086978435516357,-1.1866991519927979,1.5886416677311683,-0.41906434044525875,-0.027008283883333206,0.8265135288238525,0.8328343633542667
1.5255646749681928,0.7078531384468079,-1.1866991519927979,-0.7732013178612142,1.401985633488888,-1.254657506942749,1.519606590270996,0.9040735973329331
1.3940757396375179,-0.6938362121582031,1.2525591850280762,0.2869542303337219,0.8259480577551399,-0.027008283883333206,0.1334204226732254,0.8673092011492531
-1.6317547829192736,0.007008446846157312,1.2525591850280762,-1.6455688182757642,0.4715679595743697,-0.027008283883333206,-0.5596727132797241,0.09655272214799539
-1.0448667618491034,-1.1599039921045946,1.2525591850280762,0.10372571930057979,1.4386579566348268,-1.254657506942749,1.519606590270996,0.25735483654233265
-0.15813637608511139,0.39337652394599315,0.03292998671531677,0.9384608388220815,-0.35991187847637957,-0.027008283883333206,1.519606590270996,0.5130968849761574
1.6593867974518062,0.007008446846157312,0.03292998671531677,-1.053339334013248,1.4247603569807854,1.2006409168243408,-0.21312613785266876,0.9297954446923424
-1.2423063750410581,1.4086978435516357,1.2525591850280762,0.1067220457041634,-0.6638100264059035,-1.254657506942749,-0.5596727132797241,0.21253230377558607
1.5758690108484283,-1.3946808576583862,1.2525591850280762,-0.6430685742487705,1.4787633165633436,-0.027008283883333206,-0.9062192440032959,0.889001407280495
-0.539761637896215,1.4086978435516357,1.2525591850280762,0.20876766271089664,0.09203812684582885,1.2006409168243408,-0.5596727132797241,0.39632152851589575
1.440720778492041,1.4086978435516357,1.2525591850280762,-0.5578941829513336,0.5808771347184982,-1.254657506942749,-0.5596727132797241,0.9052024211434002
0.28841258336103326,0.7078531384468079,0.03292998671531677,0.9738564465178606,-1.1440526363195507,-1.254657506942749,-0.5596727132797241,0.6105739517228757
0.37543461119361804,0.007008446846157312,-1.1866991519927979,1.3228473762182744,0.8911571370060458,1.2006409168243408,-0.21312613785266876,0.6419777444558873
-1.2854790041287985,-0.31736973940052193,0.03292998671531677,-0.8558124923879623,1.431991546636475,-1.254657506942749,-0.21312613785266876,0.17444130108769235
0.3263243308913071,-1.3946808576583862,1.2525591850280762,-0.039842612392905354,-1.610682449659378,1.2006409168243408,-1.0322849301684933,0.5250698325432553
-0.6061070386131898,-1.3946808576583862,1.2525591850280762,-0.020482038343565996,0.9624075660878126,-1.254657506942749,-0.12405525756795475,0.38590503999951803
-1.8427321119011282,-0.6938362121582031,1.2525591850280762,1.7189881801605225,-1.7375387011362848,1.2006409168243408,1.519606590270996,0.0019562907982617617
-1.6340135140452345,0.007008446846157312,0.03292998671531677,-1.298476728055058,-0.15802644868672588,-1.254657506942749,0.8265135288238525,0.07906783213321238
-0.6856242743463351,0.396921340385501,-1.1866991519927979,-1.271084004252282,-0.9567788103845677,-0.027008283883333206,-0.4099377336913166,0.2731417848111678
0.008516865978984836,-0.6938362121582031,-1.1866991519927979,0.3146932721973142,0.09250389987014815,-0.027008283883333206,-1.5993123054504395,0.47110759524647144
-0.8952903920409945,0.007008446846157312,0.03292998671531677,1.2941423795470617,0.3824137557060526,-0.027008283883333206,-1.5993123054504395,0.3229135968953798
-0.24696455380771923,0.007008446846157312,1.2525591850280762,-0.2894330567024907,0.7197850025714823,-0.027008283883333206,0.4144704456474767,0.4739660036293962
-1.8420231536534515,-0.6938362121582031,-1.1866991519927979,0.06321572260799352,-0.07462752374510213,-1.254657506942749,-0.21312613785266876,0.019299980674070467
-0.8616668544033252,-1.3946808576583862,0.03292998671531677,0.2065559381772424,-0.8596612052106756,1.2006409168243408,-1.5993123054504395,0.29508017707883705
1.1947358882068198,-1.3946808576583862,1.2525591850280762,1.5570156282898513,-1.0214316196099253,-0.027008283883333206,0.5245327340717114,0.8140767378213465
1.7140684593746638,0.007008446846157312,-1.1866991519927979,-0.7794406075067717,0.8442562159091311,1.2006409168243408,0.0904099321787617,0.9735321274369233
0.542031459625298,-0.6938362121582031,-1.1866991519927979,0.9325828910580273,1.5008348165007064,1.2006409168243408,0.46042589528758304,0.7061858712838754
0.5245989476185764,-1.3946808576583862,-1.1866991519927979,0.5308105883799731,0.9370977858486396,1.2006409168243408,0.7792593805969503,0.6423867581682411
0.9940706908987316,-1.3946808576583862,1.2525591850280762,0.4616049510944013,1.5424841482335616,1.2006409168243408,0.5379393818684962,0.7965000858406791
1.2609770660151538,-1.3946808576583862,-1.1866991519927979,0.11434442607860182,-1.2097804114633541,1.2006409168243408,0.9400354118635501,0.7574092422771538
1.005716469833676,1.4086978435516357,-1.1866991519927979,0.679617367767236,1.000782001575744,-1.254657506942749,-0.77175729463886,0.8143508007093173
1.358117216080276,-1.3946808576583862,1.2525591850280762,-0.7456604856458268,1.4744959404943152,1.2006409168243408,0.10334689522102519,0.8400573828234361
0.5212153443132845,0.007008446846157312,-1.1866991519927979,0.9450135654480903,0.2603201053378724,-0.027008283883333206,1.1730600595474243,0.6549817828645902
-0.2833869237715276,0.7078531384468079,-1.1866991519927979,-0.10972869410824095,0.006804196265605911,-1.254657506942749,0.827648068260671,0.39597125053714277
0.40831807810500526,0.007008446846157312,-1.1866991519927979,0.9828946090161169,-0.45938132334541765,-0.027008283883333206,-0.9062192440032959,0.6316375085541028
-0.25807099242528286,-1.3946808576583862,1.2525591850280762,-0.3384511961657706,0.06697956362653525,-1.254657506942749,-1.2527657747268677,0.4019193303355884
1.1079506069716836,-0.6938362121582031,1.2525591850280762,-1.7528990638621356,1.2606619829881356,1.2006409168243408,-1.5993123054504395,0.7576513982633749
0.10778829471026308,0.007008446846157312,0.03292998671531677,-1.2562738686657644,0.25740172586328125,-1.254657506942749,-0.8985889255123188,0.44925608236984155
0.5353363949816133,-1.3946808576583862,1.2525591850280762,0.5072485275201748,1.055546973743333,1.2006409168243408,0.4799669682979584,0.6457127516181349
-1.0410660532173999,-1.3946808576583862,-1.1866991519927979,-0.4651350638872942,-0.18800094143360035,1.2006409168243408,1.519606590270996,0.1843454919960646
0.13469495527350536,-1.3946808576583862,0.03292998671531677,-0.5018634280968259,-1.0548037225362847,-1.254657506942749,1.1730600595474243,0.4859270379963885
-0.7073707491150091,-1.3946808576583862,-1.1866991519927979,-1.1991713713767644,-1.0244808991206757,-1.254657506942749,0.38678644481132,0.2550300145566978
-1.090939536690366,-1.3946808576583862,0.03292998671531677,0.2630756502043312,1.3548505862849276,1.2006409168243408,1.519606590270996,0.2258511979991378
-0.3681222107962912,0.007008446846157312,1.2525591850280762,1.531472353761097,0.8706580570359308,1.2006409168243408,-0.21312613785266876,0.47423203239807304
-0.10939178213426118,-1.3946808576583862,-1.1866991519927979,-0.31067623977233827,1.623492556804402,1.2006409168243408,-0.21312613785266876,0.4875787731320696
0.1545457869918067,0.007008446846157312,0.03292998671531677,-1.767080649262962,-0.2827594044588067,1.2006409168243408,1.519606590270996,0.5112575528249901
-1.3620417457519283,-0.6938362121582031,0.03292998671531677,0.523061467042682,0.9343607264426508,-0.027008283883333206,-1.5993123054504395,0.20045088288500248
0.4254621541151328,-0.6938362121582031,-1.1866991519927979,0.8441023723349025,0.4013097930491142,-1.254657506942749,1.519606590270996,0.5768210625374793
-1.5320061860478063,1.4086978435516357,0.03292998671531677,-0.487473935922359,-1.4536767093763403,1.2006409168243408,0.8265135288238525,0.11026999618395267
-1.1299935407949087,0.7078531384468079,-1.1866991519927979,-0.8954997626533737,0.9965783922096839,-0.027008283883333206,-1.2527657747268677,0.21317057137498133
-0.17223178662862454,1.4086978435516357,0.03292998671531677,0.35749619786418385,-0.413531995686679,-0.027008283883333206,0.4799669682979584,0.5360296719312581
-0.7778046382647265,0.7078531384468079,0.03292998671531677,0.48724629542535536,-0.8523229031129409,1.2006409168243408,-0.7876370299852291,0.29552576645601564
-1.267092982374907,-0.6938362121582031,0.03292998671531677,-0.5112482391047959,-0.5108192788187125,-1.254657506942749,1.519606590270996,0.18061589123509042
-1.743874984792085,-1.3946808576583862,-1.1866991519927979,-1.4088069101369758,1.0254665229244102,-0.027008283883333206,-0.5596727132797241,0.03234513220384076
0.7009711092906521,-0.6938362121582031,0.03292998671531677,1.6216682701688425,-1.2703092528400257,1.2006409168243408,-0.9062192440032959,0.6861095041001022
-1.3845649305772578,-0.6938362121582031,-1.1866991519927979,-0.29683842006970634,-0.3771668563328771,-1.254657506942749,-0.5596727132797241,0.13166981103103265
-1.2400013244318193,0.007008446846157312,0.03292998671531677,-1.3807463550201793,-0.8317379763797008,-0.027008283883333206,1.519606590270996,0.15575715917455188
0.5831300580116783,-1.3946808576583862,-1.1866991519927979,-0.1237573377854615,-0.9166054726103612,-0.027008283883333206,0.4799669682979584,0.6219787491295202
-0.7988915998348775,-1.3946808576583862,0.03292998671531677,0.9536175852791623,1.1658829291350647,1.2006409168243408,-1.5993123054504395,0.37271877062151076
-1.2056103649744194,0.5879976724095528,1.2525591850280762,-1.2518784174574322,-0.44683381152662854,1.2006409168243408,0.1334204226732254,0.20865233338836178
1.0118992174249424,0.7078531384468079,0.03292998671531677,0.6974659796248599,-0.5395486899389027,-1.254657506942749,-1.1827150032821108,0.7749746030645572
0.7637388235597292,-0.6938362121582031,1.2525591850280762,1.504245048768952,-0.2849912515443124,-0.027008283883333206,-0.5596727132797241,0.7325740581794717
0.3249568039142924,0.7078531384468079,1.2525591850280762,0.047264288210462455,0.7771080834214322,-0.027008283883333206,0.15758273321719005,0.6026311255210557
-0.26241957815005745,-0.6938362121582031,-1.1866991519927979,-1.5388479006382823,-1.3909739726000623,1.2006409168243408,1.496364150326225,0.36368066895572104
-0.32359378780859305,0.7078531384468079,1.2525591850280762,0.543562980131966,-1.7362779290580055,-0.027008283883333206,0.4799669682979584,0.39486500090110854
0.13838923918165325,1.4086978435516357,1.2525591850280762,0.7500371434143098,-1.0875032071181592,-0.027008283883333206,-0.9062192440032959,0.570179559201913
0.2195032484228941,1.4086978435516357,-1.1866991519927979,0.3111056948022253,-1.0248538019190596,-0.027008283883333206,0.6303397867578062,0.5632803177694046
0.347562401390949,-1.3946808576583862,-1.1866991519927979,-0.509900747514027,1.7026924287255265,-1.254657506942749,-0.43291311318689807,0.568028392631684
0.5630030324240205,0.007008446846157312,1.2525591850280762,0.2551348932869502,-0.5215145951926451,-0.027008283883333206,0.5484265509592484,0.6502193466880796
0.6290101419324863,-1.3946808576583862,0.03292998671531677,0.4475454484448418,0.36798226197736106,1.2006409168243408,0.4799669682979584,0.6563804812055268
-1.2811732113735304,1.4086978435516357,1.2525591850280762,-1.7207509082073493,1.1445813734658206,-1.254657506942749,-0.21312613785266876,0.21753439079580505
1.3779650849851819,-0.6938362121582031,-1.1866991519927979,-1.1843296434277484,-0.8647914268094716,-0.027008283883333206,-1.5993123054504395,0.7876177395610705
0.43572117572965396,-1.3946808576583862,0.03292998671531677,0.611766796301181,-0.46084965795139177,-1.254657506942749,0.22243651127422942,0.5889881478039816
-1.5404190426185767,-1.3946808576583862,-1.1866991519927979,-0.6368876687804252,1.2247713487731673,-0.027008283883333206,-0.21312613785266876,0.10650067384890931
1.1494113290351937,1.4086978435516357,1.2525591850280762,-0.45615519570704366,-0.6931775071032353,-1.254657506942749,0.4799669682979584,0.8198341367361819
-0.13640001744404945,-0.6938362121582031,0.03292998671531677,0.5208680740640789,1.2289908895775588,-1.254657506942749,0.9515300806312709,0.5282771677109158
-1.1872464374347091,-0.6938362121582031,0.03292998671531677,-1.1557586278218728,0.2931826138134258,-1.254657506942749,0.1334204226732254,0.19107661369874213
-1.574559244576876,-0.6938362121582031,-1.1866991519927979,-1.1335540606980443,-1.128344815103023,1.2006409168243408,-1.5993123054504395,0.002494080266123421
0.3478672919221965,0.15300111250947204,0.03292998671531677,1.4733521084664456,-0.09220928570050707,-1.254657506942749,-1.5993123054504395,0.627829225962554
0.5802139388883414,0.7078531384468079,0.03292998671531677,-0.1848729618245521,1.5973420818058066,1.2006409168243408,-0.21312613785266876,0.6952582181631964
1.5422472307537385,-1.3946808576583862,1.2525591850280762,0.4208160488234979,0.2662564098811526,-0.027008283883333206,0.1334204226732254,0.8835226598354167
0.813885346792082,-0.6938362121582031,-1.1866991519927979,1.6989811248914684,0.5767154882858883,-0.027008283883333206,1.519606590270996,0.7505837712042075
1.578443097446491,0.7078531384468079,0.03292998671531677,0.2815591083889787,-0.674744463867603,1.2006409168243408,0.1334204226732254,0.9064622424408301
1.5575305392051,1.4086978435516357,1.2525591850280762,0.887331621125978,0.2521154793015367,-0.027008283883333206,0.1334204226732254,0.9435896077230234
0.30237435730942414,1.4086978435516357,1.2525591850280762,1.259991706063376,-0.060242441870028834,-0.027008283883333206,-1.5993123054504395,0.6252103930200786
-0.18509238265987982,0.7078531384468079,1.2525591850280762,1.0928164551552781,0.4548829966517343,-0.027008283883333206,1.519606590270996,0.5565639488534672
0.40133967931675624,-1.3946808576583862,1.2525591850280762,0.8320848783549777,-1.2474156815984419,-1.254657506942749,-0.5596727132797241,0.6269135481761826
0.1740651313880218,1.4086978435516357,1.2525591850280762,1.166298701799352,-1.671115138672942,1.2006409168243408,-1.5993123054504395,0.5220341604425374
-0.4529693969841728,0.007008446846157312,0.03292998671531677,1.5267490639244568,-0.6880257095123464,-0.027008283883333206,0.1334204226732254,0.4008368781588774
-1.2414083591163771,-1.3946808576583862,1.2525591850280762,-0.5607339270800156,-0.3128361670661558,-0.027008283883333206,1.519606590270996,0.15293448552552907
0.14407342220236377,-1.3946808576583862,0.03292998671531677,-1.5340803750244933,1.7014222868778144,1.2006409168243408,1.519606590270996,0.5383221578163542
0.9066495069836819,0.007008446846157312,-1.1866991519927979,0.8281712187436636,1.7045169854061983,-0.027008283883333206,0.27700717621853543,0.7862517140186742
-1.5334484346581854,0.7078531384468079,-1.1866991519927979,-0.9387148114352339,-1.3519871495862632,-1.254657506942749,0.32160060533868856,0.08418944656414275
-0.39643165881655734,1.4086978435516357,-1.1866991519927979,-0.15588173088033916,-1.1905035771311436,-0.027008283883333206,-1.5993123054504395,0.37801653553525244
0.04268156314856675,0.007008446846157312,1.2525591850280762,-1.1531296145246008,-0.14211184169185628,1.2006409168243408,0.1334204226732254,0.4955541906417815
1.017548546912992,-1.3946808576583862,-1.1866991519927979,-0.49672833685444745,-0.9656705281039308,-1.254657506942749,-1.5993123054504395,0.7223422958640882
0.6728155124736775,-0.3250260635415968,-1.1866991519927979,0.7164687853148551,0.5617159477892925,-1.254657506942749,0.8265135288238525,0.6701901422753421
1.5411098405241679,-1.3946808576583862,1.2525591850280762,-1.3850485423404029,1.2912673115997757,1.2006409168243408,-0.6086849534369236,0.8923168108527503
-1.6845222735595122,-0.24634647114417352,1.2525591850280762,0.0013896283315052715,0.21969190081916623,1.2006409168243408,-0.47851150846919743,0.10908364515995134
-0.8248968806713379,1.4086978435516357,1.2525591850280762,-0.3505480602388339,-0.8784691278620147,-0.027008283883333206,-0.1686594852315146,0.2918916315110607
-0.27178000336904584,0.007008446846157312,-1.1866991519927979,-1.7239583419421909,-0.713498655124853,1.2006409168243408,-0.5596727132797241,0.3701617877168496
-1.5627292309850156,-0.026057636514574156,0.03292998671531677,-1.5153744784855332,-0.16339361766952062,-0.027008283883333206,-0.0024859889071284502,0.09432881871731925
1.514629745162684,-1.3946808576583862,-1.1866991519927979,-1.1321073354705826,-0.8294420299992177,-0.027008283883333206,1.1730600595474243,0.8080378514221024
-0.1224407546177736,-1.3946808576583862,0.03292998671531677,-1.3932205369274047,0.3454709444645831,-1.254657506942749,-1.1775135982684113,0.4248970004763275
0.25062951358554203,0.007008446846157312,1.2525591850280762,1.345746870667755,0.10808563883120403,1.2006409168243408,1.519606590270996,0.6352291278935608
-0.17816295384403064,-0.6938362121582031,-1.1866991519927979,0.9422226105137106,1.3667302244552109,-1.254657506942749,0.4799669682979584,0.48970512659066034
-0.5042751309552443,-1.3946808576583862,0.03292998671531677,0.6338923422886775,0.3583720517424156,-1.254657506942749,-0.5596727132797241,0.3787315808783567
0.23161582746700837,0.7078531384468079,1.2525591850280762,-0.3890029034726388,-0.21881116536489334,1.2006409168243408,-0.5596727132797241,0.585850074381535
1.5278715458657102,-1.3946808576583862,-1.1866991519927979,0.9752058969378748,-0.08715899720365128,1.2006409168243408,0.1334204226732254,0.8533635453538899
-0.3471912265688373,0.007008446846157312,0.03292998671531677,-1.4666615568075732,1.285501960468676,1.2006409168243408,0.29481279864543486,0.40609471742176034
0.9149931067926252,-1.3946808576583862,-1.1866991519927979,0.09034555436326812,1.4482893044645413,-1.254657506942749,0.8265135288238525,0.7253351101904347
-0.9733326718277546,1.4086978435516357,0.03292998671531677,-1.5404661399928112,0.730947374986586,1.2006409168243408,0.4799669682979584,0.26393263948358153
-0.5967294295242144,0.7078531384468079,0.03292998671531677,-0.21808450019495335,1.189926016495405,-0.027008283883333206,0.4799669682979584,0.359405870284616
-1.4349554027622133,0.007008446846157312,0.03292998671531677,0.5932746248841262,-1.5875514527580634,-1.254657506942749,0.6966232757539589,0.12808559402840003
-0.0968003537156344,-0.6670937594915274,0.03292998671531677,0.4557075641768421,-0.9092795472660314,1.2006409168243408,0.566791336259394,0.4888437142616336
0.6669426709196771,0.007008446846157312,-1.1866991519927979,-1.3546156593286656,-1.2673319819124598,-0.027008283883333206,-0.5872940685444268,0.6214103390180883
0.5163110478271271,-1.3946808576583862,1.2525591850280762,-1.7430707011588227,0.5992350182700037,-1.254657506942749,-0.9062192440032959,0.5836795022176297
0.46927686322502427,0.29542747810674486,-1.1866991519927979,1.3036393401259,0.20965278014744598,1.2006409168243408,1.519606590270996,0.6464195590621192
1.2485650337598202,1.4086978435516357,-1.1866991519927979,-1.3031315028886454,-0.1575518219866159,-0.027008283883333206,-0.21312613785266876,0.8024290087983444
0.7549512423469196,-1.3946808576583862,1.2525591850280762,0.6086943676207499,1.3319557160104052,1.2006409168243408,1.4782574904111132,0.7267975891423847
1.3978072563173842,-1.3946808576583862,0.03292998671531677,1.0835392832922268,-0.3705036222790772,-1.254657506942749,0.1334204226732254,0.8580637899608696
1.7118453153512565,-0.6938362121582031,-1.1866991519927979,0.154513184862765,1.5330609630984477,-1.254657506942749,1.519606590270996,0.9643731364945427
-0.9698122715628078,1.4086978435516357,1.2525591850280762,0.8086437962004103,0.3083137471997618,-0.027008283883333206,0.4799669682979584,0.3274161278510548
-1.0986878552260366,0.007008446846157312,0.03292998671531677,-1.3902722048999683,0.8421300769699035,1.2006409168243408,1.1730600595474243,0.24447824798091491
-0.9491478198742955,1.4086978435516357,1.2525591850280762,-0.1829713676704079,-0.2243776419449099,-0.027008283883333206,-0.5596727132797241,0.30556238985299455
-0.712645480966668,1.4086978435516357,0.03292998671531677,0.8963425302982118,-1.2840699907173196,-1.254657506942749,-1.4675370040784497,0.30736488246464627
0.45207153645409837,0.007008446846157312,0.03292998671531677,-1.7723265480625938,-0.7208892371195266,1.2006409168243408,1.519606590270996,0.596868805589667
1.6920201922798104,-0.6938362121582031,1.2525591850280762,-0.20389890583369935,0.8307884250046522,-0.027008283883333206,0.6539572053599925,0.9397992126330799
1.1772362688458384,0.007008446846157312,-1.1866991519927979,0.5390018798325134,0.10969977556805119,-0.027008283883333206,1.1730600595474243,0.7884948191635635
0.1170364485964214,-0.6938362121582031,0.03292998671531677,-1.338772545920713,-1.4528670478972079,-1.254657506942749,0.8265135288238525,0.4697156609392302
1.432066327378528,1.4086978435516357,-1.1866991519927979,0.913131128259348,0.9554958045058338,-0.027008283883333206,-1.5993123054504395,0.9098338389957071
-0.6324890334465225,0.7078531384468079,1.2525591850280762,1.512160527486595,-1.0937646742350602,-0.027008283883333206,0.4668894217834027,0.38695731498086766
1.052222242235435,-0.6938362121582031,1.2525591850280762,0.07319302439015161,1.3572506021868749,-0.027008283883333206,1.519606590270996,0.7782121758608307
-0.9218299939781822,-1.3946808576583862,0.03292998671531677,-1.3874125271768945,1.463019256939917,-0.027008283883333206,0.1334204226732254,0.2602788926128166
-0.8969587448838867,0.007008446846157312,1.2525591850280762,1.179462408788417,-1.2358004626180223,1.2006409168243408,-0.905791983919635,0.26489434285010977
1.1077882291916046,-0.6938362121582031,1.2525591850280762,-0.6436456882125035,1.465907065309101,1.2006409168243408,-0.5596727132797241,0.7965251168496552
-0.7185609342450621,-1.3946808576583862,1.2525591850280762,-1.2073345472210586,-0.07501295204277679,-1.254657506942749,-0.5596727132797241,0.2852107830108776
-1.4783371490620894,0.46201918023392763,0.03292998671531677,-0.18611272360355702,0.07847872316831504,-1.254657506942749,0.1334204226732254,0.11387099862822697
-1.1880901006784896,0.7078531384468079,0.03292998671531677,1.6764450333292615,0.31960255419907596,-0.027008283883333206,0.1334204226732254,0.25943992139761723
-1.7311933079596482,1.4086978435516357,0.03292998671531677,-1.4346267145064406,1.1159416260577826,-0.027008283883333206,0.22504911380295103,0.0961165052981739
0.128838152189076,0.7078531384468079,0.03292998671531677,-0.35124383365358447,0.46751758482871353,-1.254657506942749,0.4799669682979584,0.5237973722985148
-0.11316255588190423,0.007008446846157312,-1.1866991519927979,0.8489762702265923,-0.8140912065355415,-0.027008283883333206,-1.353404608761115,0.47241322856955476
0.9183017776271261,0.007008446846157312,-1.1866991519927979,-1.1441104637174964,-0.05039912242291393,-0.027008283883333206,0.40421448576743846,0.7105633927228507
0.28632505534036795,0.007008446846157312,0.03292998671531677,-0.16102988149758873,-1.175002997673628,-1.254657506942749,1.519606590270996,0.5044904650843148
1.0279198081548713,-0.6938362121582031,1.2525591850280762,0.8016699918156269,0.2869200369818564,-0.027008283883333206,0.1334204226732254,0.784678320043612
0.9344992827740212,0.007008446846157312,0.03292998671531677,1.6550728885234451,0.29703514563490585,-0.027008283883333206,0.4799669682979584,0.8128325517785115
-0.7882924477670692,-1.3946808576583862,1.2525591850280762,1.7046171135103576,0.8839770586002086,-0.027008283883333206,0.1334204226732254,0.3267352115958449
-0.7953663870837142,0.007008446846157312,-1.1866991519927979,0.8175520425993957,1.5011145974804334,-0.027008283883333206,-1.5993123054504395,0.3172368613153579
1.2988567947912415,1.4086978435516357,1.2525591850280762,0.8678867473352293,0.9191203746023869,-1.254657506942749,-0.5302355845441203,0.8719355205490493
0.2817630073043568,-1.3946808576583862,0.03292998671531677,-0.1355141170819405,-0.49546864282237485,-1.254657506942749,0.22456191050713037,0.5262903149769204
-0.49670649038654124,-0.4378798190961521,0.03292998671531677,0.1191750426514484,-0.16768438537572658,-0.027008283883333206,-1.5993123054504395,0.34420154551067067
0.7752122576250818,1.4086978435516357,-1.1866991519927979,1.2031247260297295,-0.4876918279752445,-1.254657506942749,-0.14224244537075778,0.7090050816636848
-1.2669855750653602,0.7078531384468079,-1.1866991519927979,-0.8015667736282,1.1355536802792725,-1.254657506942749,1.519606590270996,0.1995904471553545
-0.06285674793086815,-0.6938362121582031,-1.1866991519927979,1.1594181300190316,-1.5617953755012233,-0.027008283883333206,1.0678966663182239,0.497774134063691
0.39149129273732597,1.4086978435516357,1.2525591850280762,-1.1031492716514681,-0.29976154893753915,1.2006409168243408,0.1334204226732254,0.6211050220641701
-1.5429973554058842,-1.3946808576583862,-1.1866991519927979,0.33686546421817265,1.5406683311406884,-1.254657506942749,-0.21312613785266876,0.1187772075000662
-1.7687322344094167,-0.6938362121582031,-1.1866991519927979,1.1750865898227678,-0.48988980037161334,1.2006409168243408,-1.0067808175635071,0.06074867340268693
0.7564638709588422,1.4086978435516357,-1.1866991519927979,-1.7723276615142822,-1.0515950896556474,-0.027008283883333206,-1.2527657747268677,0.5209452469408626
-1.0967178870490635,0.007008446846157312,0.03292998671531677,1.3624559944556425,-0.5419305641095536,-0.027008283883333206,0.1334204226732254,0.24836253458686675
1.714357776968428,0.16167937760183038,0.03292998671531677,0.4174196504388547,-0.6839850264843232,1.2006409168243408,-0.5596727132797241,0.9666730848824163
-1.2565738875497177,1.4086978435516357,-1.1866991519927979,-0.017569547187512267,-1.0741972724402635,-1.254657506942749,0.1334204226732254,0.16301148652061054
0.19792989297751784,0.7078531384468079,-1.1866991519927979,0.6989381465603393,0.1467466528067804,1.2006409168243408,0.08342378151524454,0.5906868573129531
0.6882033260260105,0.007008446846157312,1.2525591850280762,0.4541695362643199,0.5258389782287388,-1.254657506942749,1.519606590270996,0.6959868482066578
1.5275735129804153,0.007008446846157312,1.2525591850280762,0.0954076592002254,1.668959425668815,-1.254657506942749,1.4858337605502356,0.9419252495263359
-0.38313232438559713,0.007008446846157312,-1.1866991519927979,-1.0010266503974496,0.9694643970363959,-0.027008283883333206,1.519606590270996,0.37718375515639696
-1.524682093944713,0.34167349014268295,0.03292998671531677,1.2474766764313174,-0.19847141339958324,1.2006409168243408,0.4799669682979584,0.13850962100929312
-0.07381849563547263,-0.6938362121582031,0.03292998671531677,1.7189881801605225,0.38210510299053263,-1.254657506942749,0.1334204226732254,0.5765340781032239
0.0971615378195475,-1.3946808576583862,1.2525591850280762,-0.48660856899004834,0.16260488918875568,-0.027008283883333206,-1.593118030216871,0.5319965050795291
0.3745555335083459,-1.3946808576583862,-1.1866991519927979,-0.8698661784126352,0.9932198785455056,-0.027008283883333206,-1.5993123054504395,0.5618799651270997
-0.8241589708327709,0.7078531384468079,0.03292998671531677,0.3652481456135591,0.07301118378724315,1.2006409168243408,-0.5596727132797241,0.3173502119948963
-0.4465476979046725,-1.3946808576583862,-1.1866991519927979,0.9282801182067058,0.7480641313369951,-1.254657506942749,0.1334204226732254,0.39435961384224094
1.6254031784339078,-0.6938362121582031,1.2525591850280762,-0.17045110668976887,0.9718002994204097,-0.027008283883333206,0.06510434978267837,0.9165232464996698
1.5741471669437195,-0.11595175716376593,1.2525591850280762,0.5577388084887502,-0.7985407535864062,-0.6791393558871388,-0.8592235346177549,0.8995990638565842
-0.24585088757786283,0.007008446846157312,0.03292998671531677,-1.4798810478432074,-1.4521212483579526,-0.027008283883333206,-0.9062192440032959,0.3687996367328397
1.0439407088993642,-1.3946808576583862,-1.1866991519927979,-0.1674993624742623,1.604546028673254,-1.254657506942749,-0.5596727132797241,0.7685267911122367
1.4867015107833523,1.4086978435516357,0.03292998671531677,-0.04418836477867112,0.567248392645382,-1.254657506942749,0.1334204226732254,0.9069369249558084
-0.167689711791632,0.5084438225966593,-1.1866991519927979,1.2218989477458153,-0.7657535363773268,-0.027008283883333206,1.519606590270996,0.47867581400979975
1.2704559756545124,-1.3946808576583862,-1.1866991519927979,0.8033279475304493,-1.132119892503747,-0.027008283883333206,0.13970347274584868,0.794181322187794
-0.2299978272437089,0.007008446846157312,1.2525591850280762,-1.223038332400846,-1.7257538375521622,-0.027008283883333206,0.4799669682979584,0.37659188568490964
-1.2031142068271925,-1.3946808576583862,0.03292998671531677,-1.383537231083201,0.012876595878179159,-0.027008283883333206,0.4799669682979584,0.14599108739429206
-1.0672894190107944,-0.6938362121582031,0.03292998671531677,0.8921944864561187,0.7644963174807542,-0.027008283883333206,1.1730600595474243,0.25306233168386155
0.7374521130814892,0.007008446846157312,1.2525591850280762,0.6836719790332806,1.473058758133826,-0.027008283883333206,-0.21312613785266876,0.7421683230882815
0.9252120190281212,1.4086978435516357,0.03292998671531677,-0.7502378626212565,-0.3929057244410659,1.2006409168243408,0.4799669682979584,0.7440971961220173
-1.1801030161778037,-0.6938362121582031,0.03292998671531677,-1.217832423821088,-0.2732418170363776,1.2006409168243408,-1.5993123054504395,0.19566152986540908
1.6040628592118507,-1.3946808576583862,-1.1866991519927979,1.0342067226734144,1.42328677515956,1.2006409168243408,0.1334204226732254,0.907369802534062
-0.7717856197087507,1.4086978435516357,1.2525591850280762,1.1253690279264892,-1.4749625763436276,-0.027008283883333206,-0.5596727132797241,0.3434716806633645
0.5226081349561108,-0.6938362121582031,0.03292998671531677,-0.4238120528032862,-1.55189493690319,-0.027008283883333206,1.519606590270996,0.6150885950788095
-0.5903720434240172,-0.5883032188974953,0.03292998671531677,-0.18054516495955883,-0.9889310210730201,-0.027008283883333206,-1.5993123054504395,0.362264024387725
-1.5733146844158339,0.007008446846157312,0.03292998671531677,-0.5748123983650433,1.3930569800586678,-1.254657506942749,1.1730600595474243,0.12679784158475435
0.8593198423233407,-0.2726662579506772,0.03292998671531677,-1.4980558162794537,-1.2523985457929472,1.2006409168243408,0.1334204226732254,0.6562992719011471
-1.1247828739846786,1.4086978435516357,0.03292998671531677,-1.641435963505076,-0.9607652155956812,1.2006409168243408,0.8265135288238525,0.2227095709107093
-0.26584034737808654,1.4086978435516357,0.03292998671531677,0.9466868483688978,-0.25968394903700037,-1.254657506942749,-0.5596727132797241,0.5046173277007353
0.30268794902503304,0.4993228255830861,1.2525591850280762,-0.5205671650854949,-1.6185817343667868,-0.027008283883333206,-0.21312613785266876,0.5347341517736088
0.43847398952202904,-1.3946808576583862,0.03292998671531677,-1.7566428757640364,1.5779729750236393,-1.254657506942749,-0.2654595355665329,0.52483535504132
0.7903827709390105,-0.6938362121582031,-1.1866991519927979,-1.388380337084421,0.12357504768961752,1.2006409168243408,1.0996019659314151,0.7051027086756136
0.3824195126924277,-1.3946808576583862,-1.1866991519927979,-0.12972153402588787,-0.6636411169664019,-1.254657506942749,1.519606590270996,0.504565556847515
0.25764248866460276,0.007008446846157312,0.03292998671531677,1.7189742703932163,1.1949280288760173,-1.254657506942749,-1.5993123054504395,0.6147436449335139
-1.7485673520120464,-1.3946808576583862,-1.1866991519927979,0.9986586766844153,-0.2533784844733141,-1.254657506942749,0.1334204226732254,0.046387913936390184
-0.23865908175647768,0.7078531384468079,0.03292998671531677,0.08502531553129589,-0.8793898858609545,-1.254657506942749,0.8265135288238525,0.4676138184879388
-0.3949321367107286,1.4086978435516357,-1.1866991519927979,1.4778432888553525,-1.083175657769095,-0.027008283883333206,-0.5596727132797241,0.4129287387951653
-0.691211173346177,0.12749416611030162,-1.1866991519927979,1.500253871204842,-0.31450830431962323,-0.027008283883333206,-0.34911107704163435,0.3652696213000229
-0.05147609757821775,-1.3946808576583862,0.03292998671531677,1.4310472175423905,-0.5179269824902404,-0.027008283883333206,1.1730600595474243,0.5077618977676029
-1.5645318074651364,0.5244392482399852,1.2525591850280762,-0.2763053900461492,0.030731783472318086,-1.254657506942749,0.4799669682979584,0.10623291986800361
-0.11091073992326597,-1.3946808576583862,0.03292998671531677,-0.9663421396730453,0.3999743339931162,-0.027008283883333206,-0.9062192440032959,0.43451394972621743
0.9067134389036247,1.4086978435516357,0.03292998671531677,-1.4188006510224305,0.2649449861058831,-0.027008283883333206,-0.5596727132797241,0.7624863730656494
-0.5414095913903061,-1.3946808576583862,-1.1866991519927979,1.3338468660342788,-1.1846133954244065,-0.027008283883333206,0.6159972845473383,0.34988482289951844
0.919542088126478,0.007008446846157312,-1.1866991519927979,1.2516693624050077,0.8019228101160176,1.2006409168243408,0.4799669682979584,0.7745803305754185
0.31197239462003695,0.007008446846157312,1.2525591850280762,1.4330339032740265,-0.49299885246789416,-0.027008283883333206,-0.5596727132797241,0.5978851184449497
0.2602353591125114,-0.41422319408919533,0.03292998671531677,-1.2817644846865022,-0.4961652262274233,-1.254657506942749,-1.2527657747268677,0.47292544063872033
-1.4191069482308447,-0.6938362121582031,1.2525591850280762,-1.3724319486998369,-0.6761671025435158,-1.254657506942749,-0.21312613785266876,0.11012599711525053
-1.2078446944715542,1.4086978435516357,-1.1866991519927979,-1.548843645733313,-0.6958559368218676,1.2006409168243408,-1.5993123054504395,0.16972740014121923
-1.7760555485376102,-0.2105816652168252,1.2525591850280762,1.7189881801605225,-1.737527630984061,1.2006409168243408,1.519606590270996,0.002711993072995948
-1.3218042910256576,0.007008446846157312,-1.1866991519927979,-0.7901898921351342,-0.26529397567941715,-0.027008283883333206,-0.09072919339755309,0.16259447733653848
-0.7873984250353294,0.7078531384468079,-1.1866991519927979,-0.8297138880435495,1.4055656193305865,-0.027008283883333206,-0.21312613785266876,0.31645109080884537
-0.9080722906442235,-0.6938362121582031,1.2525591850280762,-0.6701850405902521,-1.4651626882245319,1.2006409168243408,-0.21312613785266876,0.22472538514222887
-0.7834417724051975,-1.3946808576583862,1.2525591850280762,-0.14678289212325624,-1.020404251007737,-1.254657506942749,1.519606590270996,0.273632820701219
0.7936079425363626,-1.3946808576583862,-1.1866991519927979,0.42522051212004364,0.13724259103125958,1.2006409168243408,1.156780461541664,0.6908552887845922
0.5728773975971428,-1.3946808576583862,0.03292998671531677,-0.37220848344714413,0.14598266171939214,-1.254657506942749,1.1122765465646771,0.6335401017571504
-0.2507187920139739,0.007008446846157312,1.2525591850280762,-1.5772787241731256,0.157422665576325,-1.254657506942749,-0.5596727132797241,0.4235849681426166
-0.17074879405296012,-0.6938362121582031,-1.1866991519927979,-0.4434530810183132,-1.3163265324042526,-0.027008283883333206,0.1334204226732254,0.4256538442872316
1.1106746097270135,0.7078531384468079,1.2525591850280762,1.6898516327699795,-0.9436431963231935,-1.254657506942749,-0.9062192440032959,0.8184133037152196
-0.20809095410015055,0.7078531384468079,0.03292998671531677,-1.195297377725635,1.2873104373260418,1.2006409168243408,-0.11130605326389889,0.43800454130986494
1.3558706788725605,1.4086978435516357,1.2525591850280762,0.3653160826219177,0.8968793766630976,1.2006409168243408,0.1334204226732254,0.8887666677473273
0.4547296343295086,-1.3946808576583862,0.03292998671531677,1.2392627230056719,-0.6245190905175315,-1.254657506942749,0.8265135288238525,0.5962509916249422
0.9251136202049929,-0.6938362121582031,1.2525591850280762,-0.9925643674342086,-0.7444526059721251,1.2006409168243408,-1.5993123054504395,0.7194926429625192
0.24055734039423615,-0.6938362121582031,0.03292998671531677,-0.5174253085730515,0.8574281799185984,-1.254657506942749,0.4799669682979584,0.5870330264932847
-0.9798126501787474,-0.3369958251354768,0.03292998671531677,0.5724524398968016,1.098607639940158,-1.254657506942749,-0.8308271172326377,0.2557495414234618
1.3838615331173736,0.20084442207237432,1.2525591850280762,0.7777736438702489,0.8250024750616027,-1.254657506942749,-1.5993123054504395,0.893738326484736
-0.8861170392960306,-1.3946808576583862,0.03292998671531677,0.42972454482308653,0.10111881547297696,-0.027008283883333206,-1.5993123054504395,0.29317404143082176
-0.3824848715410235,1.4086978435516357,-1.1866991519927979,1.2757409657670802,-0.0587378940184196,-0.027008283883333206,-0.21312613785266876,0.4452362247763803
0.49274468359576906,0.7078531384468079,1.2525591850280762,-0.03685443501778059,-1.2875966790183366,1.2006409168243408,-1.5993123054504395,0.6247277631718207
-0.07200298651668499,-1.3946808576583862,1.2525591850280762,-0.41832764083139823,-0.7750740275663477,-1.254657506942749,0.506917972102332,0.4606207745444547
0.3949488594639128,-0.6938362121582031,1.2525591850280762,-1.3222658061606791,0.2912641968956234,-1.254657506942749,0.4799669682979584,0.5752752993231416
-1.4539463579571883,-0.6938362121582031,1.2525591850280762,-0.09355739483277316,0.5374452257299127,-1.254657506942749,1.519606590270996,0.14689149556152553
-0.727020597206717,-0.6938362121582031,0.03292998671531677,-1.0035328613436192,0.12203987083044723,-1.254657506942749,0.4799669682979584,0.245776367030406
0.21199917628626108,0.007008446846157312,0.03292998671531677,-0.058168412318523474,-0.627464062258783,1.2006409168243408,-1.5993123054504395,0.5432814530009947
1.6355524250504059,1.4086978435516357,1.2525591850280762,-0.5147801506892925,0.6579003654966785,-1.254657506942749,-0.5596727132797241,0.95777206931844
0.7083321374816869,-1.3946808576583862,1.2525591850280762,-1.393359335136641,-0.06243613588798176,-0.027008283883333206,-0.9062192440032959,0.6483615596113357
1.6462610418610761,-0.2922125043927691,0.03292998671531677,1.4219578109230742,-1.1379832191194599,1.2006409168243408,-1.5993123054504395,0.9326825745724466
-1.6355693869470034,-0.6938362121582031,0.03292998671531677,0.5697098467782148,-0.7574102609491239,-0.027008283883333206,0.1334204226732254,0.08629726125908903
0.9041376426212582,1.4086978435516357,-1.1866991519927979,0.17148520403433531,-0.9830808069043662,-1.254657506942749,-0.10523770268923584,0.7210268739405343
0.6689289990063251,1.4086978435516357,-1.1866991519927979,-0.713049757564028,1.4027510026528216,-1.254657506942749,-0.12411850654760119,0.6966612539413057
1.6488264861294393,-1.3946808576583862,1.2525591850280762,-0.7363711851636096,0.059105481230665335,1.2006409168243408,-0.21312613785266876,0.9134691936407886
-0.33537547299495113,-1.3946808576583862,1.2525591850280762,1.3495318702607892,-1.5842510987576341,-0.027008283883333206,-1.2527657747268677,0.40944289467561745
-1.2371035471600869,0.7078531384468079,-1.1866991519927979,0.9788339487616742,-0.6924006186475911,-1.254657506942749,-1.0868594747088403,0.20796666876543096
0.028700003202325297,-1.3946808576583862,-1.1866991519927979,-0.8574505710065928,1.7032081306321112,-0.027008283883333206,0.8265135288238525,0.5352775932124608
1.0687600154320032,0.7078531384468079,1.2525591850280762,-0.1437814031884667,1.0174247664209692,1.2006409168243408,-0.9062192440032959,0.8334264646214161
0.7479089066722139,0.007008446846157312,1.2525591850280762,1.1531750865332913,-1.3234150279047654,1.2006409168243408,-1.2527657747268677,0.7204822878512928
0.45664820831774433,-1.3946808576583862,-1.1866991519927979,0.19014158378773524,-0.8790818954641212,1.2006409168243408,0.1334204226732254,0.6034402029128482
-0.7798822840071985,-1.3946808576583862,0.03292998671531677,0.08934296618406974,0.969124179699032,-1.254657506942749,0.1334204226732254,0.304778335205943
-0.9484711102135882,-1.3946808576583862,-1.1866991519927979,1.4854436967861702,0.6802993147864052,-0.027008283883333206,-1.5993123054504395,0.2867607400247492
-1.0667037596398112,-0.6938362121582031,-1.1866991519927979,0.5478434798951186,0.6592051297987823,-0.027008283883333206,0.6508811414351566,0.2720189755120722
-1.3263893700646483,1.4086978435516357,0.03292998671531677,0.3846456796881774,0.41509907395477147,-1.254657506942749,-0.47017184499207776,0.22986345310473955
0.37273138657605703,0.007008446846157312,-1.1866991519927979,0.16007868146446536,-0.729742593655806,1.2006409168243408,-1.5993123054504395,0.5616982571776894
1.4956482949857457,-0.6938362121582031,0.03292998671531677,-0.025842800732452334,1.5398827909666113,-0.027008283883333206,0.23605418959798022,0.9028116795799761
0.2434947630061648,-1.3946808576583862,-1.1866991519927979,0.33112751819334263,0.5051579891289792,1.2006409168243408,-1.5993123054504395,0.5564334097526829
-1.3787776351379255,0.007008446846157312,-1.1866991519927979,1.1924082374671798,-1.2842948046104385,-1.254657506942749,-0.5596727132797241,0.1591973298368213
-1.7069417604682102,1.4086978435516357,-1.1866991519927979,0.05789036542073753,-0.7104048305388447,1.2006409168243408,-0.5596727132797241,0.09159098046944766
-1.0033572703250606,-0.6938362121582031,-1.1866991519927979,-0.0984615621043945,0.6871694903539718,-0.027008283883333206,-0.5596727132797241,0.23440212202910013
1.2496738254180497,1.4086978435516357,-1.1866991519927979,-1.7252536303394188,1.550252813866893,1.2006409168243408,-0.5596727132797241,0.8479607941685408
-0.7381342506283113,1.4086978435516357,1.2525591850280762,-1.6917510536951468,-1.2022367493334822,1.2006409168243408,-1.2527657747268677,0.30130737021397874
-0.2816860784806429,0.15218882106292714,-1.1866991519927979,-0.1452397173102471,0.6640680413725063,1.2006409168243408,-0.5596727132797241,0.47098373412886296
0.7340958283792479,0.4748597452923392,-1.1866991519927979,1.4197842783549175,-0.836862178164996,-1.254657506942749,-0.31006345023592646,0.6837665150645176
-0.367391672211857,-0.5619906653166684,0.03292998671531677,1.5074779809863672,-0.7173064150889935,-0.027008283883333206,1.1730600595474243,0.40550250589350717
0.3628538073953806,0.007008446846157312,1.2525591850280762,0.5319367358739937,1.4844650579065817,-0.027008283883333206,0.3870792203349825,0.6394498651448187
0.744685282459705,1.4086978435516357,-1.1866991519927979,-1.770095654833508,-0.4198440377984786,1.2006409168243408,-0.5596727132797241,0.6507304920637648
-1.4180495568711518,1.4086978435516357,0.03292998671531677,-0.462389396199567,-1.2124103837487565,1.2006409168243408,-0.5596727132797241,0.1578348364026395
-1.553711152135728,-0.6938362121582031,1.2525591850280762,-0.1664219842903625,1.0255506318303433,-0.027008283883333206,0.8265135288238525,0.13261294354362502
0.42017042092294365,-0.6938362121582031,1.2525591850280762,-0.13209385162573326,1.4377804558498675,-0.027008283883333206,-0.3752369692687498,0.6283903471394974
0.3426363998155866,-1.3946808576583862,1.2525591850280762,-1.0187716322204738,1.2812204062763828,1.2006409168243408,0.9628297354489576,0.5891825350374402
1.4569015361297826,1.4086978435516357,1.2525591850280762,-0.7923566502676618,0.2687474497759571,-1.254657506942749,0.1334204226732254,0.8864217792788025
0.6870268900076345,0.2639915363585687,0.03292998671531677,0.8560804499970462,-0.7670606132203874,-1.254657506942749,-0.5596727132797241,0.679395996706447
-0.26469888346629544,-1.3946808576583862,0.03292998671531677,-0.2784287667072901,-0.35428671650730226,-0.027008283883333206,-0.05988080406034327,0.41519249673472597
-0.7514583016879797,-1.3946808576583862,1.2525591850280762,0.6245922578299675,-1.2224955945449825,-1.254657506942749,1.519606590270996,0.31646771882379665
0.7017998204629041,-1.3946808576583862,-1.1866991519927979,-1.4691611548339856,1.144485390205855,-1.254657506942749,-0.21312613785266876,0.640731094280549
-0.7758663421049169,0.5661480803424979,1.2525591850280762,-0.8047073358380588,1.6559877890896813,-0.027008283883333206,-0.721930704414455,0.3755855816414805
1.206976748091969,1.4086978435516357,-1.1866991519927979,-1.7723276615142822,-1.4715054982415463,1.2006409168243408,0.34409846086286433,0.6779859120020097
-1.1544508502139612,1.4086978435516357,-1.1866991519927979,0.520375377651451,-1.2189707704325201,-0.027008283883333206,0.28989226058719547,0.2452672003126236
-0.6027234916581387,0.11928209582294708,1.2525591850280762,-0.9075903600186324,-0.8926772437617573,-0.027008283883333206,1.519606590270996,0.3033018072100385
0.3716323882607138,1.4086978435516357,1.2525591850280762,-0.1143257567648421,-1.2657107352008505,-1.254657506942749,0.1334204226732254,0.5843189822671341
-1.6513182620593696,1.4086978435516357,-1.1866991519927979,0.13573820089259306,0.27337819650540374,-0.027008283883333206,-1.5993123054504395,0.10526185581252819
-1.5661161392307585,0.7078531384468079,0.03292998671531677,0.8290528879015346,-0.9122317242397694,1.2006409168243408,0.5623652890323088,0.11298867832076626
1.5840490052639127,1.4086978435516357,0.03292998671531677,-1.7723276615142822,-0.8654172981228572,-1.254657506942749,1.519606590270996,0.8300937917406394
1.305326846665157,1.4086978435516357,-1.1866991519927979,-0.907723237723491,-0.2703104409091222,-1.254657506942749,1.519606590270996,0.8428337947764647
0.2622291907332478,1.4086978435516357,1.2525591850280762,-0.41231991326883527,0.14372632049185774,-0.027008283883333206,0.1334204226732254,0.5593806192360185
0.35608180830925396,-1.3946808576583862,-1.1866991519927979,-0.6636898604972764,0.6305230822173693,-1.254657506942749,-0.20294053338461457,0.5428800910100606
1.332264581464011,1.4086978435516357,0.03292998671531677,-0.7622628394798797,-0.5116524139803497,-1.254657506942749,1.519606590270996,0.8159257447975323
-0.28891802198109234,0.7078531384468079,0.03292998671531677,-0.08611753595040579,0.11815353765390721,-1.254657506942749,0.4799669682979584,0.4187782470734068
1.6370448522938057,1.4086978435516357,1.2525591850280762,0.1371965952689012,1.5718858803619828,1.2006409168243408,1.519606590270996,0.9841488204219457
1.3103034793013908,1.4086978435516357,0.03292998671531677,-1.7723276615142822,-1.5664695201751482,1.2006409168243408,1.1730600595474243,0.6416674550716764
-1.5016250786112357,-1.3946808576583862,-1.1866991519927979,0.09411200189829008,-0.7192070165493376,-1.254657506942749,0.1334204226732254,0.09646346177116537
0.7381021488691061,-1.3946808576583862,-1.1866991519927979,-1.2837031970718416,-0.7845688032700483,-0.027008283883333206,1.519606590270996,0.6229896570579323
1.5856717810367753,-1.3946808576583862,1.2525591850280762,0.9706722092488178,0.5113311241154931,1.2006409168243408,-0.5596727132797241,0.9162235067104338
1.126019019756435,-1.3946808576583862,0.03292998671531677,0.3808858577741029,-0.9847637601665907,1.2006409168243408,-0.5596727132797241,0.7630516044087317
-1.691709923996016,-0.6938362121582031,0.03292998671531677,1.2540668446352858,-1.1409205952080397,-0.027008283883333206,0.4799669682979584,0.10717915096482003
1.3188850505620078,-0.6938362121582031,-1.1866991519927979,-0.6657893739166062,0.5996990624647662,-1.254657506942749,-0.6655836093934209,0.8039820768165915
-1.4787076019646626,-0.6938362121582031,1.2525591850280762,-1.5362824203923664,1.5213919259235278,-0.027008283883333206,-0.5596727132797241,0.13411328946529735
0.26722448030372503,0.7078531384468079,0.03292998671531677,-1.191896081759411,-0.3466103448342788,1.2006409168243408,0.1334204226732254,0.5494725988491983
1.6802274876920125,-0.6938362121582031,1.2525591850280762,0.027218875142672114,0.6838220787305896,-0.027008283883333206,0.5911157158369231,0.9660809806461355
1.4773353734443164,-1.3946808576583862,0.03292998671531677,0.816262491889958,0.8653980603941637,-0.027008283883333206,0.1334204226732254,0.8943766437551568
-0.7881394221655198,1.4086978435516357,1.2525591850280762,0.7391559585983447,-0.8208159965138252,1.2006409168243408,-0.8227158104420318,0.37383572083971267
0.9298168336781643,-1.3946808576583862,-1.1866991519927979,-1.6037538508474711,1.5231816401639564,-0.027008283883333206,1.1730600595474243,0.705496885177403
0.6259660745579207,1.4086978435516357,-1.1866991519927979,0.5424537362639691,-0.8091407577157501,1.2006409168243408,1.519606590270996,0.6975377370121474
-1.3808856615036624,1.4086978435516357,-1.1866991519927979,-0.3734401230804869,0.4852838163945787,1.2006409168243408,0.4799669682979584,0.1921109102244932
1.295301731237222,-0.3648139114590172,-1.1866991519927979,0.09721677898094613,0.388895476260876,-0.027008283883333206,-0.5596727132797241,0.8194195622293007
0.7030399608732745,-0.6930410208995138,1.2525591850280762,0.4098933472568856,1.567826601945034,-1.254657506942749,-0.5596727132797241,0.732261008247088
-0.48585627568355694,0.7078531384468079,-1.1866991519927979,-0.1202071902481382,-1.4235597844655792,-1.254657506942749,0.4799669682979584,0.343986244211905
-1.7014782973438236,-0.24702195589978682,-1.1866991519927979,0.11238369707957183,0.16059162473394692,-1.254657506942749,-0.21312613785266876,0.09347567848417515
-0.7114254098919238,-1.3946808576583862,-1.1866991519927979,-1.1781750505872532,-0.8527982190914138,-1.254657506942749,-0.49293609323042453,0.23671718342293843
-1.4204381630180498,-1.3946808576583862,-1.1866991519927979,-0.1117578311940835,1.0213220946332051,-0.027008283883333206,0.1334204226732254,0.12527625775564416
-0.9950418031282464,-1.3946808576583862,1.2525591850280762,-0.11575225152701132,1.386465982197364,-1.254657506942749,-0.5596727132797241,0.2363230011186962
-1.683915642312488,-0.6938362121582031,0.03292998671531677,-1.4457612258145027,-0.42036291398987813,1.2006409168243408,-0.12206280584389616,0.06040622668783585
0.5543058509586408,0.7078531384468079,0.03292998671531677,1.5416192480495639,-0.14338296265584008,-0.027008283883333206,-0.6584742770650438,0.6643263985479521
-0.1926577782342288,-1.3946808576583862,1.2525591850280762,-0.5758531561018828,0.6432141011234576,-0.027008283883333206,0.1334204226732254,0.43652463840075223
-0.5427718375208426,0.007008446846157312,1.2525591850280762,1.4778497069071281,1.0317248547216253,1.2006409168243408,0.4799669682979584,0.46786832244263415
-1.115559104168509,0.007008446846157312,1.2525591850280762,0.2782312868778967,-1.263501224160798,-1.254657506942749,1.519606590270996,0.20456672290222672
1.5783748020889217,0.09901746059040197,0.03292998671531677,-0.53936408548801,0.42235342902980094,-1.254657506942749,0.1334204226732254,0.8928690160194208
-0.7758388221954624,0.7078531384468079,0.03292998671531677,-0.49652015030927554,-1.7231959466609352,-1.254657506942749,-0.5596727132797241,0.27867186752776707
-0.16015868551546358,-0.6938362121582031,0.03292998671531677,-0.19089735495888555,-0.3072899174224253,-1.254657506942749,1.519606590270996,0.4123727424895955
0.8477875552376514,-1.3946808576583862,0.03292998671531677,1.3616252077624054,-0.3852519971731302,-1.254657506942749,1.519606590270996,0.7539712417412953
0.9835394355549388,-0.6938362121582031,1.2525591850280762,0.3785779775294761,-1.5057779889759093,-0.027008283883333206,-1.537990157460815,0.7282361163630975
-0.9409481845197032,-0.6938362121582031,0.03292998671531677,0.40959781276621865,0.2909773115412295,-0.027008283883333206,-1.5993123054504395,0.2841883634150193
-1.3349087201122065,-1.3946808576583862,-1.1866991519927979,0.15441607081021985,0.5279327636972332,-1.254657506942749,-0.15393080746447743,0.1851683077461574
-0.29847834628774345,1.4086978435516357,-1.1866991519927979,-0.48482035312821004,-0.8381601373068435,-0.027008283883333206,0.4799669682979584,0.40450391950815434
-1.1564191963054928,0.7078531384468079,-1.1866991519927979,0.8421812712416951,1.5193891077462527,-1.254657506942749,1.519606590270996,0.2530718407561947
0.6166302834627425,-1.3946808576583862,-1.1866991519927979,-1.1182286491570743,1.4764705663420699,-1.254657506942749,0.24496657125794083,0.6152227760816555
-0.3368444612105548,1.4086978435516357,1.2525591850280762,0.267666447726487,0.04581330078453704,1.2006409168243408,-0.5596727132797241,0.4374770581771754
-1.4507737018774032,0.7078531384468079,-1.1866991519927979,-1.5674462207875435,1.2342747808858292,-1.254657506942749,1.519606590270996,0.12312530791030604
0.5075700597568352,0.7078531384468079,0.03292998671531677,0.6946344351754203,1.4089979573027969,1.2006409168243408,0.4799669682979584,0.6992920608442829
-0.08936842761157807,-1.3946808576583862,1.2525591850280762,-1.5623506464489874,1.3709760199484136,1.2006409168243408,-0.5596727132797241,0.4517886788378666
-1.7445404889868685,1.4086978435516357,-1.1866991519927979,-0.7847481480431191,-0.5856858576465915,-0.027008283883333206,-1.5993123054504395,0.07156565390844283
-0.41451192493236555,1.4086978435516357,-1.1866991519927979,-0.16346787310369795,0.07961500544747085,-0.027008283883333206,1.3220514121456004,0.3856523382284319
0.3504400029610238,-1.3946808576583862,1.2525591850280762,-0.9291646398249925,-0.87534299853394,-0.027008283883333206,-0.5596727132797241,0.5592276821161128
0.031807481827150916,1.4086978435516357,1.2525591850280762,0.5214258732682225,-0.6873018873562807,-0.027008283883333206,-0.10792069086580258,0.5211060882966574
-0.5899112419682887,-1.3946808576583862,-1.1866991519927979,1.0097861420271816,-0.19925165656500265,-1.254657506942749,-0.4818262685891458,0.3186870207434315
1.3755886933083727,-1.3946808576583862,-1.1866991519927979,-0.15176144694653756,0.8604290353974492,1.2006409168243408,0.1334204226732254,0.8379411167835951
-1.5479394266024793,0.7078531384468079,0.03292998671531677,0.04459187118910066,-0.8478541335341913,-0.027008283883333206,1.519606590270996,0.10357661025527226
-1.8427332639694214,-0.6938362121582031,1.2525591850280762,1.7189881801605225,-1.7375391721725464,1.2006409168243408,1.519606590270996,0.0019562907982617617
-1.473156661349662,0.7078531384468079,1.2525591850280762,0.8660050783880466,-1.6528885240215956,-0.027008283883333206,0.4799669682979584,0.1180493160543879
-0.8967125891322927,0.007008446846157312,-1.1866991519927979,0.5060391520645545,0.4535794599798765,-0.027008283883333206,-1.448519858699277,0.28728011082219174
-0.09792588290647102,0.7078531384468079,-1.1866991519927979,0.7454894151337204,-0.4348094639657164,-0.027008283883333206,-0.549832684856537,0.5106114201025078
0.06542835023911961,-1.3946808576583862,1.2525591850280762,1.6833317188711165,0.44262793719785365,1.2006409168243408,-1.5993123054504395,0.5747233615701336
0.23944259011265184,0.7078531384468079,-1.1866991519927979,0.30645698296425444,1.0227749852123174,-0.027008283883333206,0.2705719551878646,0.5779358578760128
0.9444540905756308,0.7078531384468079,0.03292998671531677,1.3684274484363739,-0.27373868314929384,-0.027008283883333206,-0.21312613785266876,0.7971840897426936
-1.3423486666724573,-0.6938362121582031,0.03292998671531677,-0.4885356000567468,0.10219130871347507,-0.027008283883333206,-1.5993123054504395,0.15459652985937164
-1.6204534676818758,1.4086978435516357,1.2525591850280762,0.06616332760325708,-0.5678657570925412,-0.027008283883333206,-1.5993123054504395,0.14682611289282407
-0.18840557896186863,1.4086978435516357,-1.1866991519927979,-0.6246841182519399,-1.6999312205909227,-0.027008283883333206,1.519606590270996,0.4466161540868087
0.2483428888931092,0.007008446846157312,1.2525591850280762,0.3633861821498877,-0.03979015648143354,1.2006409168243408,0.009998455705413606,0.5689280630815015
-0.8227172920651977,-1.3946808576583862,0.03292998671531677,1.3546606315951557,0.24385479882031297,-0.027008283883333206,1.519606590270996,0.3326541173019319
0.4443345875288089,1.4086978435516357,0.03292998671531677,0.6077186648473536,0.9644799955457766,-0.027008283883333206,0.8265135288238525,0.6697104410394122
1.4182514012363547,0.007008446846157312,-1.1866991519927979,0.7387970851283818,1.6422016477369341,1.2006409168243408,0.4799669682979584,0.9263250347987805
-0.8272823314709233,1.4086978435516357,0.03292998671531677,-1.4403201922774398,-0.7278461501587032,1.2006409168243408,0.1334204226732254,0.311910398415128
-0.5143949768769617,0.007008446846157312,-1.1866991519927979,-0.7108745017639893,0.9732769629772466,-1.254657506942749,0.1334204226732254,0.34481821482753694
0.5128255978643335,0.7078531384468079,0.03292998671531677,-1.2761943430255498,-0.3123680719524944,-1.254657506942749,-1.57250095350859,0.6079781013690959
-1.6317910344337105,-0.6938362121582031,0.03292998671531677,-1.267140681450164,-0.7085815067213367,1.2006409168243408,-1.2527657747268677,0.05577458245953762
-0.9989574775633495,-0.6938362121582031,1.2525591850280762,0.10646919310833915,0.08475622810274698,1.2006409168243408,0.5665449907470373,0.2712684528372567
-0.10193208187236671,-1.3946808576583862,0.03292998671531677,0.05539439409774963,0.7750991145517189,-1.254657506942749,0.4799669682979584,0.48190496260598126
0.8001807185853456,0.6905150349837074,1.2525591850280762,1.7189881801605225,0.5843376404705845,-1.254657506942749,-0.19022738600614186,0.7630755381179742
1.0854646127090946,-1.3946808576583862,-1.1866991519927979,0.7701437527419528,-6.122288740759152e-05,-0.027008283883333206,0.4799669682979584,0.7596775230385129
1.3517592005241734,-1.3946808576583862,-1.1866991519927979,0.6257532614582872,0.13987249621122885,-1.254657506942749,-0.9062192440032959,0.8399186544620635
1.4001998412918213,-1.3946808576583862,1.2525591850280762,1.642805687363982,0.7334894431397462,-0.027008283883333206,0.35737395804896666,0.8810164122852446
0.7898018458233835,-0.6938362121582031,0.03292998671531677,-0.09692087259038885,0.549975158082715,1.2006409168243408,0.1334204226732254,0.6806194925132071
0.37464207889018164,-1.3946808576583862,1.2525591850280762,-0.6882065953212119,-0.6947505455875642,-0.027008283883333206,1.519606590270996,0.5731815358583
-0.3567354393666243,-1.3946808576583862,1.2525591850280762,-0.6524897614377337,1.1612824993482547,-1.254657506942749,0.38339963675647676,0.405719767339426
-0.8763393612388787,-0.6938362121582031,1.2525591850280762,1.4826341990101881,-0.7702822763883092,-0.027008283883333206,-1.0001427383997592,0.3409009935432337
0.3071733061469163,1.4086978435516357,0.03292998671531677,-0.08786495092036514,0.42815411360197764,-1.254657506942749,-0.5596727132797241,0.6051692489939275
1.2322035674924119,1.4086978435516357,0.03292998671531677,1.35701566802086,1.0024183106368654,-1.254657506942749,-1.5993123054504395,0.8624907947974763
1.5317666410856046,0.7078531384468079,1.2525591850280762,0.4159226050853657,-0.7968856074266528,1.2006409168243408,-0.2315445662659098,0.9102607037924988
1.5899029590790625,-1.3946808576583862,0.03292998671531677,0.5139952406471282,0.42674840870649877,1.2006409168243408,0.18375374799537597,0.8831906925146058
1.5072437796852958,-1.3946808576583862,1.2525591850280762,-0.7700831792297693,1.5041258333424998,-1.254657506942749,0.6910736767453931,0.887641868643967
1.7396814315863418,0.007008446846157312,-1.1866991519927979,-0.009150226569520789,-1.144324139984118,1.2006409168243408,-1.5993123054504395,0.9601375376357183
-0.13090406879808636,0.007008446846157312,1.2525591850280762,1.7189881801605225,-1.4175290216350773,-0.027008283883333206,1.1993251669177378,0.387592326281389
-1.3718538838066299,-1.3946808576583862,0.03292998671531677,1.4625996337722695,0.09479104140953754,-0.027008283883333206,0.4239437220658583,0.1394981290958541
1.2791836519817257,-1.3946808576583862,1.2525591850280762,-0.6535264519006878,0.03401909070160512,1.2006409168243408,0.4799669682979584,0.7866987706375638
1.3582797617600215,-1.3946808576583862,1.2525591850280762,-1.2351344924876118,1.139639941450722,-0.027008283883333206,1.519606590270996,0.8170086462373926
-0.23661027378167038,-1.3946808576583862,1.2525591850280762,-0.3193417610660526,-0.22671143659424078,-1.254657506942749,-0.024284362576025037,0.394603191379545
-0.7087357758268803,0.007008446846157312,0.03292998671531677,-1.7719571168399864,1.3659733500665314,-1.254657506942749,1.519606590270996,0.2750895830311735
-0.7181978284729937,0.7078531384468079,1.2525591850280762,-0.04459105245192273,1.079829480542549,1.2006409168243408,0.7197117559904196,0.3811862880478817
1.5002493223439912,1.4086978435516357,1.2525591850280762,-1.1645449262854537,0.8987823673663452,-0.027008283883333206,-0.9062192440032959,0.9071217549011895
-1.2902315096894617,-1.3946808576583862,1.2525591850280762,-1.0177333845892678,0.4504633425805963,-0.027008283883333206,-1.2137135161399983,0.1415705203472045
1.6579260807168161,-1.3946808576583862,0.03292998671531677,-0.9901739223600933,1.6498669173216693,-0.027008283883333206,-0.5596727132797241,0.9097910284370505
1.3503781681339846,1.4086978435516357,1.2525591850280762,0.02009987758483299,0.46391983187805136,1.2006409168243408,0.5511125180158483,0.8934045905742496
-0.5498046978077485,0.007008446846157312,-1.1866991519927979,0.2644239235048457,-0.6234831722597513,1.2006409168243408,1.1730600595474243,0.37081504487660905
-0.10186476259148411,-1.3946808576583862,1.2525591850280762,0.5706276636675869,0.7284315448768242,1.2006409168243408,-1.2527657747268677,0.4905830366092002
1.1180478396760318,-1.3946808576583862,1.2525591850280762,1.6396122611402775,0.2509239438806462,-1.254657506942749,-1.2527657747268677,0.7995485660482395
0.4627259735894645,1.4086978435516357,-1.1866991519927979,-0.12136323345262866,-1.511887060001941,-0.027008283883333206,0.1334204226732254,0.5985367873175651
0.4025837030435896,1.4086978435516357,-1.1866991519927979,-0.38417603288929103,0.2285159612172922,-1.254657506942749,0.8265135288238525,0.6112249897036616
-0.47350340324338086,1.4086978435516357,-1.1866991519927979,-0.25841754680158024,-0.8316555294217757,1.2006409168243408,0.1334204226732254,0.36810025582505823
0.6744138865778183,0.007008446846157312,-1.1866991519927979,-0.14659680869351338,0.7104226412697381,1.2006409168243408,0.2049980439835164,0.677191464032737
1.5115080118115374,-0.6938362121582031,1.2525591850280762,1.1099816847201276,1.1887165313061265,-1.254657506942749,0.28730515266751344,0.9265424194398941
-1.1221538820302994,1.4086978435516357,1.2525591850280762,-0.35832127630232735,-0.7090327220715755,-1.254657506942749,-1.332660115948759,0.2445672894584709
0.031060075127088083,-1.3946808576583862,0.03292998671531677,-0.862342692964353,1.1850895021476708,-1.254657506942749,0.1334204226732254,0.49382883774336794
-1.1171679658050482,1.4086978435516357,0.03292998671531677,0.001615393933094414,-0.5497146533941603,-0.027008283883333206,-0.09023710063486816,0.2340849569195474
0.9096403388343288,0.007008446846157312,0.03292998671531677,0.7758811375224762,0.18043492183921123,-1.254657506942749,0.40302652380988335,0.7434588862746249
0.7709436029252961,-1.3946808576583862,-1.1866991519927979,1.3998451351970682,1.4965658613422304,-1.254657506942749,0.1334204226732254,0.738921889709173
-0.6398477366850973,1.036259294111795,-1.1866991519927979,-1.2910601353975664,-0.8522761672849084,1.2006409168243408,-0.3472748473514868,0.30684835716330305
0.8538814237429627,-1.3946808576583862,0.03292998671531677,-1.0768815227062662,1.4708319591047503,-1.254657506942749,-0.5289890041798209,0.706137863710949
1.0365895457861347,0.7078531384468079,0.03292998671531677,-1.6769464084502337,0.994574142794771,-1.254657506942749,0.1334204226732254,0.7507949507841057
0.7058965943482172,0.18596300669706592,0.03292998671531677,-0.5417628159788409,1.3340109098735904,-1.254657506942749,1.519606590270996,0.6967285256086958
0.17813321329139822,0.007008446846157312,1.2525591850280762,-0.28486415883088023,-1.260309445331952,1.2006409168243408,-1.5993123054504395,0.5396489910253471
-0.5079380741763116,1.4086978435516357,0.03292998671531677,1.511306639435452,1.6037994566651528,1.2006409168243408,0.7807850279799506,0.4891977642517014
-1.2401254973106048,0.7078531384468079,0.03292998671531677,0.4438520094699328,0.5275737539351003,1.2006409168243408,-1.5993123054504395,0.22815038030148074
0.7847971185431968,0.7078531384468079,1.2525591850280762,0.32451411482828935,0.9399177907181131,1.2006409168243408,1.519606590270996,0.7396273193826385
-1.141404757233119,0.7078531384468079,0.03292998671531677,-0.13823320266044525,0.3338796987169255,1.2006409168243408,-1.5993123054504395,0.22379146149305404
0.6839656200734227,1.4086978435516357,0.03292998671531677,0.4413465477313495,-1.298195178820706,1.2006409168243408,0.1334204226732254,0.6767110095026699
1.020426247446096,-1.3946808576583862,1.2525591850280762,0.18077096363273126,-0.11791797682107032,-1.254657506942749,1.519606590270996,0.7674494196785284
-0.7103382843016791,-0.6938362121582031,1.2525591850280762,1.3646952281227047,-0.36611988738109086,-1.254657506942749,-0.21312613785266876,0.3259800685414442
0.2766528690950356,1.4086978435516357,-1.1866991519927979,-0.2854444267185124,1.4076543697225268,1.2006409168243408,1.0060174582787238,0.6341939978853917
-1.7835227278720125,0.007008446846157312,0.03292998671531677,-0.6122024180888591,-1.174255459291866,1.2006409168243408,-0.21312613785266876,0.022246662808525726
0.29532937406320237,-0.5991163098376032,-1.1866991519927979,-0.8516801203789195,-1.4604557828953224,-1.254657506942749,1.519606590270996,0.49000482348168994
-1.3327354832909035,0.7078531384468079,0.03292998671531677,-0.8045748506897898,0.19868850245950148,-0.027008283883333206,0.7621526576782953,0.1519223059584262
1.341714395691303,0.7078531384468079,0.03292998671531677,0.6339391141537155,0.37216115559504026,-0.027008283883333206,1.519606590270996,0.8758231441013771
0.5079465607684321,1.4086978435516357,-1.1866991519927979,-0.0218603416956155,0.8743210055118344,1.2006409168243408,-1.5993123054504395,0.653049651457726
0.7926459916819499,-0.6938362121582031,0.03292998671531677,1.5244337542271793,0.15566537990250073,-1.254657506942749,-1.5993123054504395,0.7295194804001586
-0.03136068833324539,1.0648541836459695,-1.1866991519927979,-0.4371135455659387,-0.13963410549594255,-0.027008283883333206,1.519606590270996,0.49355855817477423
-1.163045595055357,-0.2912067394720427,0.03292998671531677,-0.08561512464138071,-0.9772361647452887,-1.254657506942749,-1.5993123054504395,0.18330359538720714
-0.8205027295665366,1.4086978435516357,-1.1866991519927979,-0.35460294634433764,0.9103016067538676,-0.027008283883333206,0.1334204226732254,0.2918141863756592
1.4731475477533202,-0.6938362121582031,0.03292998671531677,1.4212007000234528,1.1409629736596119,1.2006409168243408,-0.28048780097184656,0.9186708016035622
-0.5350687922814077,-1.3946808576583862,1.2525591850280762,-1.2722931797187613,-1.239109609467714,-1.254657506942749,1.519606590270996,0.2678235995314193
1.073815650968512,1.4086978435516357,1.2525591850280762,-0.5877801235208008,-0.7304867781023123,1.2006409168243408,-0.9062192440032959,0.7677514754339748
-0.12086689057101475,-1.3946808576583862,1.2525591850280762,-1.0464006933900958,0.14460851199570196,-0.027008283883333206,-0.936281910893966,0.45527001741315204
-1.0340343639406477,0.007008446846157312,0.03292998671531677,0.07339928766916977,-1.5502179769782185,-1.254657506942749,0.4022427514801417,0.22399494582762147
0.6319331486050643,-1.3946808576583862,-1.1866991519927979,0.820152893125102,0.9086016791237157,1.2006409168243408,1.519606590270996,0.6620353523021868
1.1919691319023011,0.007008446846157312,1.2525591850280762,0.012848614742722142,-0.7168646989551424,-0.027008283883333206,-0.34369645480316546,0.8057993519838956
-1.0430739966319134,-0.6938362121582031,1.2525591850280762,0.9557564149072155,-1.3400793642757263,1.2006409168243408,0.7627552371688692,0.24708495448985496
-0.14444293376703835,-1.3946808576583862,1.2525591850280762,-0.7452350693559916,0.2578118714073784,-0.027008283883333206,0.17707814826892415,0.4720217039635064
-0.14626032992544474,1.018469152085305,-1.1866991519927979,0.9462912552065523,1.337635794332099,1.2006409168243408,0.4799669682979584,0.5175913840883718
-0.47651485829873974,-1.3946808576583862,1.2525591850280762,0.7159916842987344,0.054257039549869227,-1.254657506942749,0.12541057740746603,0.3600416274771914
1.3476795491576308,-0.6938362121582031,1.2525591850280762,0.7766646860283256,0.997596770213689,-1.254657506942749,1.1730600595474243,0.891576702268496
-1.4379567785771579,0.3391787492451907,0.03292998671531677,-1.5425694945330903,0.29797409809676617,1.2006409168243408,-0.5596727132797241,0.13554855778604336
-1.0385247871159222,-0.6938362121582031,-1.1866991519927979,0.5200314511194021,-1.6151629486629984,-1.254657506942749,-0.21312613785266876,0.22847760403439737
1.2108309414568397,-0.6938362121582031,1.2525591850280762,-1.195270605933255,1.2423150680285295,-0.027008283883333206,0.1334204226732254,0.8146035012406154
0.32102101094595437,-0.6938362121582031,-1.1866991519927979,0.29934065032594487,0.9287960889427077,-1.254657506942749,-0.21312613785266876,0.5673337418365251
-1.3565909953123003,-1.3946808576583862,-1.1866991519927979,-0.601442036014455,-0.6157415151235972,-1.254657506942749,0.1334204226732254,0.12365574656252312
-0.3939312878051928,1.4086978435516357,1.2525591850280762,-0.15777178818989518,0.5554265426663745,1.2006409168243408,-1.3080833566033476,0.4396843597524835
0.388207985583225,-0.539539636777358,-1.1866991519927979,0.4522821388335836,-0.5919330290649458,-1.254657506942749,0.16898156884947838,0.5948130960602981
-0.09356024800687195,-0.6938362121582031,0.03292998671531677,0.7669450418417603,-0.8355480060892099,1.2006409168243408,-0.40878650680168677,0.5011595129518838
1.4982064033969449,0.007008446846157312,-1.1866991519927979,0.597151841036516,0.9082737859570146,-0.027008283883333206,0.8265135288238525,0.8900604764872508
0.8113021659128473,0.7078531384468079,0.03292998671531677,1.7189881801605225,0.978977515379202,-0.027008283883333206,1.1509890518258836,0.7584261699294136
-0.4367126552649911,-0.0770988844497722,-1.1866991519927979,0.8141380837503766,0.15157189463702242,-0.027008283883333206,-0.5596727132797241,0.3629483260972498
1.3692099240423579,-1.3946808576583862,-1.1866991519927979,0.9191740472230265,-0.8444243411946009,1.2006409168243408,0.4799669682979584,0.7822800353829507
-0.016129849667971062,-1.3946808576583862,1.2525591850280762,1.7152340524138883,-1.3637185307419442,-1.254657506942749,-0.5596727132797241,0.5096417346610986
-1.7263594324668092,0.7078531384468079,-1.1866991519927979,1.5952000207763706,1.111341174515142,-0.027008283883333206,-1.2527657747268677,0.13687293736134828
-0.40497685663519306,0.7078531384468079,-1.1866991519927979,1.3581858745451147,-1.261169612033418,-1.254657506942749,-1.0035589210436031,0.3750684949907792
-0.24126995885147592,0.007008446846157312,0.03292998671531677,-0.05612028340724107,0.40971880970982893,-0.027008283883333206,-0.5596727132797241,0.4196639779649817
1.0088113916048649,0.007008446846157312,-1.1866991519927979,1.718986628508379,-0.6094795907019542,-0.027008283883333206,0.1334204226732254,0.7598146717266862
0.4524814521669219,0.007008446846157312,1.2525591850280762,1.1689888311417809,-0.4448094498867813,-0.027008283883333206,0.1334204226732254,0.661524753701618
0.3589758816022742,-0.6938362121582031,0.03292998671531677,1.577646533274543,-0.09966637548260569,-1.254657506942749,0.5157777042825007,0.6009039630890728
-0.1477258235879933,1.3057760963385001,0.03292998671531677,0.5665072538382161,-1.7358264955385088,-1.254657506942749,0.7226000991663677,0.42595659128680535
-1.45126918721711,0.7078531384468079,0.03292998671531677,-0.31125654027484273,-1.245424102565125,-1.254657506942749,0.4799669682979584,0.11935685968338287
-1.5246803283887724,1.4086978435516357,-1.1866991519927979,1.6015188323945693,1.4053023089285481,1.2006409168243408,0.1334204226732254,0.1991250530872305
-0.23302167687150624,1.4086978435516357,1.2525591850280762,-1.329891194969987,1.5429949710963804,-0.027008283883333206,1.5074106795196323,0.458637109073397
-1.5440299838387037,0.007008446846157312,0.03292998671531677,-1.3205136900060785,0.1869364851342749,1.2006409168243408,0.1334204226732254,0.12287276211040676
-0.25415143457198985,-0.31147927751993065,0.03292998671531677,0.42284360541937416,0.6759440862674068,-1.254657506942749,0.3641175721467791,0.4229321131614104
-0.543976185100388,-1.3946808576583862,0.03292998671531677,1.0282144925927899,0.883998412909514,-1.254657506942749,1.519606590270996,0.36088299109306304
0.42584065059168863,-1.3946808576583862,1.2525591850280762,0.13458298331398474,-0.36996656257963667,-0.027008283883333206,1.1730600595474243,0.6267810167544873
0.8591989883004958,-1.3946808576583862,-1.1866991519927979,1.4714618088392128,-1.1899290610799942,-1.254657506942749,0.8265135288238525,0.706629435205476
-0.3633113517601942,-0.09179371329541086,-1.1866991519927979,-1.631975870096831,0.20098803136147636,-0.027008283883333206,-1.2003475323981234,0.3322221443107558
0.6318272119227901,-1.3946808576583862,1.2525591850280762,0.2523779098464446,0.719904087058533,-0.027008283883333206,0.6521817890570036,0.7066231794732311
-1.2217620623067242,0.007008446846157312,0.03292998671531677,1.6885932115951856,-1.640556890141612,1.2006409168243408,1.519606590270996,0.20494011891730135
-1.1133655188367473,-0.6938362121582031,-1.1866991519927979,0.13682896376300696,0.14107082024308107,-1.254657506942749,0.1334204226732254,0.21533023918682706
0.35534828342156743,0.7078531384468079,0.03292998671531677,1.1130211420833873,0.9394046293501569,-1.254657506942749,-0.6465397477571442,0.6359535630994936
1.116689214671338,-0.6938362121582031,-1.1866991519927979,-1.0220147134638278,-0.8282471858666346,-0.027008283883333206,1.519606590270996,0.7134701370322979
-1.5060288916369782,0.007008446846157312,1.2525591850280762,-0.9810252680947379,-0.9377499584583195,-0.027008283883333206,1.519606590270996,0.10276136178938391
-0.991780273448936,1.4086978435516357,1.2525591850280762,0.31564537630220324,0.8026046765778909,1.2006409168243408,-1.5993123054504395,0.3279324635085353
-1.382665709025232,-1.3946808576583862,0.03292998671531677,-0.489929246010441,-0.04560032320373665,-1.254657506942749,-0.7903183093000452,0.14398882715315928
1.5476138017424652,0.7078531384468079,0.03292998671531677,-1.412409524732057,-0.9710555431682414,1.2006409168243408,-0.5596727132797241,0.8779544913141036
-0.19588460838302924,-1.3946808576583862,0.03292998671531677,-1.2448180457478972,1.1576117222505335,1.2006409168243408,0.24162306132554157,0.4562371563411435
-0.39233408706458417,-0.16470994909195458,-1.1866991519927979,0.42386557253003465,1.34627732794648,-1.254657506942749,1.519606590270996,0.41357151662085634
0.36887049939919214,-1.3946808576583862,0.03292998671531677,1.350386734425497,0.5123515249700508,-0.027008283883333206,1.519606590270996,0.6470417706818782
-0.03910283714169347,0.007008446846157312,0.03292998671531677,1.2176259158103477,0.062279938250052,-1.254657506942749,-1.5993123054504395,0.516750102131872
-0.271976811433197,0.007008446846157312,1.2525591850280762,0.1591421333681126,-1.6170564550842612,-0.027008283883333206,-1.5993123054504395,0.4185839930312525
-0.8464521531732802,0.007008446846157312,0.03292998671531677,-0.6008715115462657,-1.274270796972436,-1.254657506942749,1.519606590270996,0.24682695080982078
0.6574238055039762,-1.3946808576583862,1.2525591850280762,-0.5528082150525482,-0.8131937291776036,-1.254657506942749,-0.2093790966763041,0.656843204779306
0.2614478512251709,0.7078531384468079,0.03292998671531677,0.5322722821481538,-0.006443803318724933,1.2006409168243408,-1.5993123054504395,0.5809978337856765
0.25855027349675785,-1.3946808576583862,1.2525591850280762,0.7654895460191024,1.4772297212768706,-0.027008283883333206,-0.5596727132797241,0.6053069033283268
-0.475356879191836,-1.3946808576583862,1.2525591850280762,-0.4877361337182151,0.8809163772052687,-1.254657506942749,0.1334204226732254,0.36245369408403033
-0.4366427462309666,1.4086978435516357,1.2525591850280762,-0.98428370018416,-0.2837721638416332,-1.254657506942749,1.1345124635731179,0.3928693260244547
1.2027384251105735,0.007008446846157312,0.03292998671531677,-1.4264811396750354,-1.5289759385302502,-0.027008283883333206,1.519606590270996,0.7468834223508912
-0.903797222893084,0.007008446846157312,-1.1866991519927979,-0.4384428708471679,0.3897303113967302,-1.254657506942749,0.1334204226732254,0.24980536359147482
-0.34205215637380637,0.7078531384468079,1.2525591850280762,-0.6914679389062572,-0.841707880099393,-0.027008283883333206,1.1730600595474243,0.40188588351454696
-1.4957679018201553,1.4086978435516357,0.03292998671531677,1.0947065124892543,-1.1788256085794286,1.2006409168243408,1.519606590270996,0.1636747730194717
0.30334797549409453,-0.6938362121582031,1.2525591850280762,0.16152736530970446,1.5352572617460152,-1.254657506942749,-0.5596727132797241,0.6181752253891374
0.5753713781267253,0.7078531384468079,-1.1866991519927979,0.12376938103081359,-0.5698490290039628,-0.027008283883333206,-0.27644080908518665,0.6306084108243803
1.2286263400078337,0.007008446846157312,0.03292998671531677,0.24379380256569244,-0.5948527874721772,-1.254657506942749,-1.183228960222514,0.7933229074646011
-0.050059685598252024,0.7078531384468079,0.03292998671531677,-0.48242108980911136,1.2937384469320248,-0.027008283883333206,0.9133215474692076,0.530368734286008
-1.2221682956673017,0.007008446846157312,1.2525591850280762,-0.20780373559799054,-0.940104398514923,-1.254657506942749,1.1730600595474243,0.19651925465007528
1.448530574200059,-0.6938362121582031,1.2525591850280762,1.0590859572792017,1.2889942342468383,-1.254657506942749,0.8265135288238525,0.9061856970683895
0.8992088028767194,-0.6938362121582031,1.2525591850280762,0.49823606200108483,1.3030179021406736,-1.254657506942749,-1.5993123054504395,0.7592733490988312
0.3037677122216044,0.007008446846157312,-1.1866991519927979,0.7182957979370159,-0.6138182303755703,1.2006409168243408,1.519606590270996,0.6134470645929856
-0.06630637505702461,-0.6938362121582031,-1.1866991519927979,-0.040521839089282946,-1.209673672162039,-0.027008283883333206,0.1334204226732254,0.4647137203938598
0.29528894867184236,-1.3946808576583862,1.2525591850280762,1.6239562478237763,-0.7752802726919783,1.2006409168243408,-0.3857963544254571,0.6142249373369686
1.5719333802178856,0.03543769099967373,0.03292998671531677,-1.5908819606373255,1.4441044445092686,-1.254657506942749,0.4799669682979584,0.8986380506541373
0.3041725653292263,-0.6938362121582031,1.2525591850280762,-0.8045268382128334,0.4965210366142414,-0.027008283883333206,0.40875432452863275,0.5504446238535796
-0.34010432812431324,-1.3946808576583862,1.2525591850280762,-1.418287375989507,-0.3661824922805372,-1.254657506942749,-1.5938405442332042,0.3020074489451876
0.2782683698334361,1.4086978435516357,1.2525591850280762,0.22009593677216432,1.2824673948139336,1.2006409168243408,0.4799669682979584,0.6268550661239782
0.7873359144402733,-0.6938362121582031,-1.1866991519927979,1.5625153871713275,0.23692950254072753,-0.027008283883333206,1.519606590270996,0.7311552358971379
-0.9363437680672703,-1.3946808576583862,1.2525591850280762,0.4632420434331966,-0.3272431035163755,-1.254657506942749,0.7150676438657406,0.23281531735582534
0.683054536063034,-1.3946808576583862,-1.1866991519927979,1.1309793096762748,0.8775411304613607,-1.254657506942749,-0.17240297873886065,0.6435700773618267
-1.3767960062906202,0.7078531384468079,-1.1866991519927979,1.195596271100012,-0.7024394152490048,1.2006409168243408,-0.21312613785266876,0.20479532118671656
-0.8392065600682349,1.4086978435516357,-1.1866991519927979,-1.2737192799372936,-1.2728449591329982,-1.254657506942749,-1.5879384493947162,0.23670211939219155
1.535443168737512,0.007008446846157312,0.03292998671531677,0.5748011561902812,1.510086139269854,1.2006409168243408,-0.08136144335845738,0.9296259028622179
-0.16264093617473493,1.4086978435516357,0.03292998671531677,0.8372922627075732,-1.5573004260778254,-1.254657506942749,-1.5993123054504395,0.47580329450856484
-1.0150988306407744,-1.3946808576583862,1.2525591850280762,1.7189881801605225,-1.714379700088391,1.2006409168243408,0.8265135288238525,0.11403452785874138
-0.027397886020767467,-0.6938362121582031,1.2525591850280762,0.5963664185947327,0.9114246088115621,-0.027008283883333206,-1.5993123054504395,0.5732794505666596
-0.26316035168396384,-1.3946808576583862,1.2525591850280762,1.2707698650648582,-1.6948020168801434,1.2006409168243408,-1.2527657747268677,0.4025766453899447
-1.1775208765832712,-1.3946808576583862,0.03292998671531677,0.3801071964159552,0.3559417566313453,-1.254657506942749,0.4799669682979584,0.2003980663796982
1.4962054544468177,0.007008446846157312,-1.1866991519927979,-0.14508284737200855,0.27329468960730435,1.2006409168243408,-0.5596727132797241,0.8906607424465469
-0.21248482927816142,-0.0027734064264091085,0.03292998671531677,0.1404680386896925,1.557287838446987,-1.254657506942749,1.0423505158330566,0.4808927138449294
-0.42379711813592547,-1.3946808576583862,1.2525591850280762,-0.10666227407795686,0.8401152917897853,-0.027008283883333206,0.1334204226732254,0.39067652946647174
1.70303776838794,-1.3946808576583862,-1.1866991519927979,-0.004284460011435107,1.6269251599985326,1.2006409168243408,0.1334204226732254,0.9453265971940445
1.1000019421566747,1.4086978435516357,1.2525591850280762,0.8070642399027915,-0.11023589648646204,1.2006409168243408,-0.08284007835590088,0.8613630111491494
-1.743754550622374,1.4086978435516357,0.03292998671531677,-1.4085707388471178,-0.6953780119776669,1.2006409168243408,-1.5993123054504395,0.04416257229523336
-0.33234548076590614,1.4086978435516357,-1.1866991519927979,-1.755741165716413,-0.20369225773789826,-0.027008283883333206,-1.205632820485426,0.39361786672793997
1.2674636909218187,-1.3946808576583862,1.2525591850280762,1.571618995073539,-1.563952881309518,1.2006409168243408,-0.8482579407530219,0.8178570973320193
-0.7295821214916685,-0.27117249831823353,1.2525591850280762,-0.24613366657414737,-0.48518253580417686,1.2006409168243408,1.519606590270996,0.32959851624927944
-0.8338691662105406,-1.3946808576583862,0.03292998671531677,0.7333017166961378,0.09072694025867548,-1.254657506942749,0.4799669682979584,0.27574573060663815
-1.840945855545394,-1.3946808576583862,1.2525591850280762,1.7189881801605225,-1.7116893699960156,-0.027008283883333206,1.519606590270996,0.0042860992067904604
-0.4115959458375407,1.4086978435516357,1.2525591850280762,-0.7839456193833056,-0.04165934756758255,-0.027008283883333206,-0.5596727132797241,0.40743498332854045
-1.8286906403575451,-0.6389515229712974,-1.1866991519927979,0.7397179398697891,0.6008510941547136,-1.254657506942749,1.519606590270996,0.04075608354934742
-0.5928868628421848,-0.6938362121582031,1.2525591850280762,1.572184599148035,0.952644088521255,-0.027008283883333206,-1.5993123054504395,0.45434153416639705
-0.8724326757320369,0.007008446846157312,0.03292998671531677,0.7169285665789717,-0.6664119032296775,1.2006409168243408,0.5181742691486786,0.2981360085676117
0.8571173965993393,-0.6938362121582031,-1.1866991519927979,-0.6319493291419737,0.19016985870064973,-0.027008283883333206,-1.4068715835216907,0.7081902320175402
-0.08931356915416863,-0.10586173334595805,1.2525591850280762,-1.4290319405470153,-0.6795112373680522,1.2006409168243408,-1.5993123054504395,0.4741378126962478
0.407653918454794,0.7078531384468079,0.03292998671531677,1.4318549019414102,-1.0038237913430177,-1.254657506942749,-1.1074993399954662,0.6335293303333852
-1.2842198789394246,1.4086978435516357,0.03292998671531677,1.0094960543068496,1.3811933626969912,-0.027008283883333206,-1.2555405256582226,0.25441097613505775
-1.7607221105688893,-0.6938362121582031,1.2525591850280762,1.7189881801605225,-0.9345360332554575,1.2006409168243408,1.519606590270996,0.05691443613355787
1.3868185121897876,0.4311713632135589,1.2525591850280762,0.7253313728416667,-0.38210548036969544,1.2006409168243408,-1.5993123054504395,0.872336968954638
1.5624848497343706,-0.18620116016809418,1.2525591850280762,-1.1545546874798802,0.9451155627598414,-0.027008283883333206,-0.9062192440032959,0.8757589054385047
0.9769813945977426,-0.6938362121582031,0.03292998671531677,-0.4691635465665651,-0.5651151048390535,-1.254657506942749,-0.5596727132797241,0.7066217248573209
-1.5371822816958374,-0.6938362121582031,1.2525591850280762,1.5808621164406889,-1.2423741582101304,-0.027008283883333206,0.2922587543645975,0.125832094547832
0.029525128952847174,1.4086978435516357,-1.1866991519927979,-0.4635757980624393,0.1236500149302473,-0.027008283883333206,-0.5596727132797241,0.5199717293517191
0.7453976341059646,0.007008446846157312,1.2525591850280762,1.062503027250257,-0.4027561121484407,-0.027008283883333206,1.519606590270996,0.7222956538382428
0.22126557399774113,-1.3946808576583862,1.2525591850280762,-0.35958191361371006,0.9673144441540621,1.2006409168243408,-0.9062192440032959,0.5777083292249648
1.1026035696995617,1.4086978435516357,-1.1866991519927979,-0.7508013048503951,-0.4369468248145964,-0.027008283883333206,0.4799669682979584,0.7653296672624874
1.4199684062354723,0.007008446846157312,0.03292998671531677,-1.7477940168713015,-0.12767776398222225,1.2006409168243408,-1.1025011832918312,0.8153183256653475
1.7052833737496293,0.007008446846157312,-1.1866991519927979,-0.9699979697931257,1.3837406142840687,1.2006409168243408,0.4799669682979584,0.9486744167429476
0.00786039512610584,0.007008446846157312,-1.1866991519927979,-0.5062105479029471,-1.4943905935325557,-1.254657506942749,0.8265135288238525,0.4309789524091548
-1.0992451867317519,1.4086978435516357,1.2525591850280762,0.15745388092046772,-0.47738226345783924,1.2006409168243408,1.519606590270996,0.2514436845991923
-0.02363626835403336,-0.3184184316087125,0.03292998671531677,-1.3817505190081165,-1.4330859441923571,1.2006409168243408,-0.5596727132797241,0.4800354258264208
0.21475800959272817,-0.6938362121582031,-1.1866991519927979,-0.951248012201134,0.9830951910444939,-1.254657506942749,0.4799669682979584,0.5043476634549879
1.242037477314756,-0.6938362121582031,-1.1866991519927979,-0.3986308480020556,0.24473704500776922,-0.027008283883333206,0.8265135288238525,0.8189097080907054
1.4193548724031249,-0.6938362121582031,0.03292998671531677,-0.6663019349400637,0.9487801172847296,1.2006409168243408,-1.2527657747268677,0.866562827444742
-0.9525825762006088,0.007008446846157312,-1.1866991519927979,1.6816028492099764,0.4652399125873476,-0.027008283883333206,0.1334204226732254,0.3287054039512514
0.8384492918560961,0.7078531384468079,-1.1866991519927979,-0.43741743646322423,0.38249102467271134,1.2006409168243408,0.40736780016680807,0.7165674044130848
-0.6248236159285763,-0.6938362121582031,1.2525591850280762,-0.6635651688233088,0.7776823458309965,-1.254657506942749,-0.9062192440032959,0.33259289485916455
-1.0495279586199842,0.7946499497639709,0.03292998671531677,0.7911212507806307,0.6667720365287888,-1.254657506942749,-1.2527657747268677,0.24664272289111297
-1.2665456475614552,0.2769100113919445,1.2525591850280762,-0.5032549905435856,-1.488876999963811,-0.027008283883333206,0.597799284238441,0.15768435754473806
0.007399656374997524,0.007008446846157312,0.03292998671531677,-0.4343701826885512,1.5285205943832254,-1.254657506942749,0.1334204226732254,0.521484497671431
-1.2700681746269837,1.4086978435516357,-1.1866991519927979,-0.8875340161139682,0.5250532408915256,1.2006409168243408,-0.8888875958959926,0.21774935255041605
0.8322714443048618,-0.009376330526650989,0.03292998671531677,0.6941104639759276,-1.00384533074988,-1.254657506942749,-1.5993123054504395,0.7201612428450885
0.4600138816558592,-1.3946808576583862,1.2525591850280762,-0.3902998953271968,-0.1939346625194734,1.2006409168243408,-0.034729034306186984,0.625858113399493
-1.061715512596155,-1.3946808576583862,0.03292998671531677,0.37561162669982007,-1.3367426731518544,-1.254657506942749,-1.5993123054504395,0.2138797346200793
-1.6783186847573965,1.4086978435516357,-1.1866991519927979,-0.09895221154426881,1.431931501354548,-1.254657506942749,1.519606590270996,0.09901190820741164
1.048148581884775,0.007008446846157312,-1.1866991519927979,-0.12510989508729714,-0.37348421652882147,1.2006409168243408,-1.5993123054504395,0.754472235911059
-1.1424988217475878,-1.3946808576583862,-1.1866991519927979,-0.6739063099283498,-0.9215308112224706,-1.254657506942749,-0.45447336182602427,0.18790174736486928
1.1497783689385723,0.007008446846157312,-1.1866991519927979,-0.7948215525759498,-0.37376601335391546,-0.027008283883333206,-1.0500289977170896,0.7601385352479776
0.39331450197415524,1.4086978435516357,1.2525591850280762,0.09686286600780851,0.2585535319717492,1.2006409168243408,-0.5596727132797241,0.6456560108264511
-0.027530120475201626,0.007008446846157312,1.2525591850280762,0.9047148281831364,1.2260793871172315,1.2006409168243408,-1.2527657747268677,0.5788896565421289
-0.4728595242807909,0.007008446846157312,0.03292998671531677,-1.6005681015289122,1.2021011888721513,-1.254657506942749,-0.09939908088894461,0.3777709877979441
-1.383493700347016,0.7078531384468079,-1.1866991519927979,0.44417611079171143,-0.8762876052975032,1.2006409168243408,-1.21259323450216,0.14488999113476947
1.228033359666525,0.7078531384468079,0.03292998671531677,-0.5886996142096216,0.6331070556013038,1.2006409168243408,1.4574050811469699,0.8385747449970101
0.5611418214341878,-1.3946808576583862,-1.1866991519927979,-1.2759457537711372,0.4951532739511703,1.2006409168243408,-1.5993123054504395,0.6039708442977793
1.1071933622437082,-1.3946808576583862,0.03292998671531677,0.08289885418613482,0.7825207413230998,-0.027008283883333206,0.7924183200959156,0.7936459784715063
1.0805711213594964,-0.6938362121582031,-1.1866991519927979,0.35045347083892453,-1.2297191420569389,1.2006409168243408,0.4799669682979584,0.7647702409842142
1.5645699715570625,-0.2531259431239843,0.03292998671531677,-0.6161739082972213,0.8694054838431704,-0.027008283883333206,1.519606590270996,0.9030935997063834
-0.2391795761595859,-1.3946808576583862,0.03292998671531677,-0.1907015755577885,-1.6302154331061427,-1.254657506942749,0.022292206251318364,0.39109272381039717
0.4256205814293488,-1.3946808576583862,-1.1866991519927979,1.115070381197776,0.6376205077208452,-1.254657506942749,1.519606590270996,0.6279695782347386
0.6896299864540193,-0.6938362121582031,1.2525591850280762,0.11998298280835949,-0.23974424161665525,1.2006409168243408,-0.5311875772005555,0.6895416667121168
-1.1294303071259693,-1.3946808576583862,1.2525591850280762,0.5601422119706826,-0.513383699516816,-0.027008283883333206,1.519606590270996,0.21005410379760428
1.7399266088490026,1.4086978435516357,-1.1866991519927979,1.7189881801605225,-1.7012754507843153,1.2006409168243408,-1.5993123054504395,1.0
-0.9314620872402114,1.4086978435516357,0.03292998671531677,0.112499760791327,0.06468200464389981,-0.027008283883333206,1.519606590270996,0.3187927693681769
0.35211534117525023,-1.3946808576583862,0.03292998671531677,0.04921224246961298,0.966525011066713,-0.027008283883333206,1.519606590270996,0.5937486608282418
-1.4271061444867215,-0.6938362121582031,1.2525591850280762,0.20282484186030883,1.0158102361660535,-0.027008283883333206,1.519606590270996,0.1442706439069633
0.9615662157302546,-1.3946808576583862,0.03292998671531677,1.4834455993275104,0.11593476334455538,1.2006409168243408,0.4799669682979584,0.7763333955528344
1.4993618472474166,1.4086978435516357,1.2525591850280762,0.5364983169303627,1.5804599474228995,-1.254657506942749,0.1334204226732254,0.9474425462668334
0.8334566687406298,-0.6938362121582031,1.2525591850280762,-1.0696509357850985,0.5671460383160595,-1.254657506942749,1.1947963948994054,0.6985094415730311
0.5392983077027894,-0.1300715004945211,1.2525591850280762,1.0824487298407421,-1.3064369820455746,-0.027008283883333206,0.4799669682979584,0.6421443767307785
-0.025646884125432576,-0.6938362121582031,0.03292998671531677,-1.6824711040667972,0.24881377629868495,-1.254657506942749,-0.9907542529012372,0.42131601208568437
-1.1366540831582206,0.2325908357711913,-1.1866991519927979,1.687796949317908,0.45851937091129663,1.2006409168243408,-0.8931615600388161,0.2547941699817656
0.7341035938654661,-0.36402607616655075,1.2525591850280762,-0.6724288940105898,1.474319726702138,-1.254657506942749,0.1334204226732254,0.7114058033057976
-0.6312457492346419,0.7078531384468079,1.2525591850280762,-1.202945886519637,0.3641267467374783,-1.254657506942749,-0.5596727132797241,0.3290906674179395
0.3373997482462458,0.01626557087740022,-1.1866991519927979,1.1811847060718133,0.6441863399481131,-0.027008283883333206,-1.5993123054504395,0.6357920025901767
-1.5747752787583738,-0.6938362121582031,1.2525591850280762,-0.5971083791456205,-0.733131611445787,1.2006409168243408,-0.9062192440032959,0.10201121396986029
0.4715833323803579,0.007008446846157312,1.2525591850280762,0.8627727022934767,-1.6264530899261787,1.2006409168243408,0.22551025270253186,0.6135349330161899
0.6412721501796117,0.007008446846157312,-1.1866991519927979,-0.3906782805853515,0.2902985494900129,-1.254657506942749,1.519606590270996,0.6535466933072994
-0.32686688558305355,-0.03615401171373933,0.03292998671531677,0.5528036666699565,-0.8314438686742135,-1.254657506942749,-0.9062192440032959,0.39777320608118527
0.7810546459544524,0.007008446846157312,0.03292998671531677,1.411454376692623,-0.7143583873017217,1.2006409168243408,-0.21312613785266876,0.7181333141487223
0.9138624589689743,0.007008446846157312,1.2525591850280762,1.6059754307281362,0.2413058340794882,-0.027008283883333206,1.519606590270996,0.7889479053991778
1.12726581318041,1.4086978435516357,1.2525591850280762,-0.3519059434212662,0.05254939514739085,1.2006409168243408,0.26897909130221365,0.8411370039342244
0.5824799038403746,-0.6938362121582031,0.03292998671531677,-1.2586490914931996,-1.489429956005039,-1.254657506942749,-0.5596727132797241,0.6216514389012759
1.087950943524553,-1.3946808576583862,-1.1866991519927979,0.707971831587179,-1.663084261579498,1.2006409168243408,1.1705692311942735,0.7481696624273401
-0.12156519594318269,0.7078531384468079,0.03292998671531677,-0.4690861694850898,-1.472696678440468,-1.254657506942749,1.519606590270996,0.46024817449119243
0.6782853540269712,-0.6938362121582031,0.03292998671531677,-1.3923557756264349,-0.28110104918830087,-0.027008283883333206,-0.6186358054996708,0.6516720656371212
0.14693639160219016,1.4086978435516357,0.03292998671531677,-0.7902659059978143,0.731166674670068,-0.027008283883333206,0.4799669682979584,0.5893352785619664
-0.1253117959260805,-0.6938362121582031,1.2525591850280762,-0.32288132224582056,-0.31266351997922087,-1.254657506942749,1.519606590270996,0.4851767236625574
-0.47463385696708293,-1.3946808576583862,-1.1866991519927979,0.4725210162535078,1.5580770958667085,-1.254657506942749,0.1527850551549707,0.33167602503431165
-1.1178233450266708,-0.6938362121582031,1.2525591850280762,1.5852792987899103,-0.7657533959895025,1.2006409168243408,-0.5596727132797241,0.22573605670771577
0.627497393457559,0.7078531384468079,0.03292998671531677,-1.335711825923485,-0.7778535981510649,1.2006409168243408,1.519606590270996,0.6525420084836553
0.64457830973288,-1.3946808576583862,1.2525591850280762,0.8389668627819832,0.9326208954807451,-0.027008283883333206,0.1334204226732254,0.6713046043998137
0.9738118374898376,0.7078531384468079,1.2525591850280762,0.6738072743687196,0.040500032875704584,1.2006409168243408,1.519606590270996,0.7975161279004629
1.1377315608860052,0.007008446846157312,1.2525591850280762,-0.9644832426280765,0.9310683383301732,-1.254657506942749,0.9901563602578998,0.8058463328615233
-0.4107603197721332,1.4086978435516357,-1.1866991519927979,-0.04245294627237856,0.25255894683275865,-1.254657506942749,-1.2527657747268677,0.41712488821404686
-0.804590987528228,1.4086978435516357,-1.1866991519927979,0.7489520754176334,-0.9567924936510218,1.2006409168243408,-0.004561829576742976,0.3228202740366176
-0.6080531036624132,-0.6938362121582031,1.2525591850280762,0.4133700533481205,-0.744398707411271,-1.254657506942749,0.1801591743680741,0.3251604440415483
-1.2214286695140293,-0.6938362121582031,0.03292998671531677,-0.7467247249360829,0.7558838621828934,1.2006409168243408,0.3731587565510902,0.19016141845933732
1.7381164300614262,0.007008446846157312,0.03292998671531677,-1.1831644594412154,-0.7244975034323005,-0.027008283883333206,0.1530434793067654,0.9415895593643586
-0.7338675480814355,0.007008446846157312,0.03292998671531677,0.5101786000208178,0.936790435663462,-0.027008283883333206,-1.2527657747268677,0.38309448090588744
1.6646658506640546,-1.3946808576583862,1.2525591850280762,1.3450898724167408,0.9266182553514709,-1.254657506942749,-0.21312613785266876,0.949145028046195
-0.752585570871845,-0.6938362121582031,1.2525591850280762,0.837372302093064,-0.8793247938342696,-1.254657506942749,-0.6022324680349278,0.313846478942589
0.8318342458449187,-0.6938362121582031,-1.1866991519927979,-0.3177576707802777,0.21093291247511525,1.2006409168243408,0.1334204226732254,0.6947769500735357
-0.572429003847511,0.007008446846157312,0.03292998671531677,0.8500549108410674,-0.9164797297434596,-0.027008283883333206,1.238310819850064,0.32808113563047914
-0.5745687130254205,0.007008446846157312,1.2525591850280762,1.7189881801605225,-1.588677212651862,1.2006409168243408,0.8265135288238525,0.30541355763335376
0.8637251250273106,-1.3946808576583862,1.2525591850280762,-0.09262504819685755,0.1927542399311066,-0.027008283883333206,1.519606590270996,0.7277446206793595
1.0130296917073585,1.4086978435516357,0.03292998671531677,-1.7723276615142822,-1.2417432241018063,1.2006409168243408,1.519606590270996,0.7104578362006361
0.7053803450073618,0.007008446846157312,-1.1866991519927979,1.7030161868196718,1.0281614552124938,-0.027008283883333206,0.8265135288238525,0.7312762712240013
1.6929099901254154,-0.6938362121582031,0.03292998671531677,-0.7173452664984564,0.7767150292160633,1.2006409168243408,-0.5596727132797241,0.9135469182770156
1.7053838917491584,-0.6938362121582031,1.2525591850280762,0.60733918153015,1.5737896219248106,-0.027008283883333206,0.4799669682979584,0.9820817926196401
-0.5164982508639553,-1.3946808576583862,0.03292998671531677,-0.3142057447356884,-0.6730304295843909,1.2006409168243408,1.519606590270996,0.34981550273909295
0.49385893833030686,0.7078531384468079,-1.1866991519927979,0.5410515013992552,-0.3359663153275902,-0.027008283883333206,0.6177005707355252,0.633261035624112
-1.5059322033905256,1.4086978435516357,-1.1866991519927979,0.7032330913563851,0.4681022851366746,-0.027008283883333206,0.4799669682979584,0.15761998572191843
-1.0961781554829255,0.007008446846157312,1.2525591850280762,1.3673378916298011,-0.7333143520717975,-1.254657506942749,1.519606590270996,0.27752118078289434
1.1627259482897963,1.4086978435516357,-1.1866991519927979,-0.5463595400123051,-1.6640372720341179,-0.027008283883333206,1.519606590270996,0.7754278987238442
0.9401030580193444,-0.6938362121582031,0.03292998671531677,0.7696407792440751,-0.9980786081344416,-0.027008283883333206,-0.5596727132797241,0.7444458473776718
0.12731030229260218,1.4086978435516357,0.03292998671531677,-0.6159844987190356,0.3167712600125564,-0.027008283883333206,1.519606590270996,0.5559773436719659
-1.495976358751662,0.007008446846157312,1.2525591850280762,-0.10133391265340806,-0.18943671346365037,-0.027008283883333206,-0.5596727132797241,0.1241068034318111
0.08669286918718655,-0.19554207764607834,1.2525591850280762,-1.6286535804467424,0.5430330433338793,1.2006409168243408,1.0426881268299355,0.4668503837862568
0.4009140084519921,1.4086978435516357,0.03292998671531677,1.254100204306387,0.5581099956936802,1.2006409168243408,0.1334204226732254,0.6795211409828429
0.446565079750954,0.9169675066399614,1.2525591850280762,0.5775399127620501,-1.6715694584531673,-0.027008283883333206,-0.5596727132797241,0.5898974906176024
1.3043920105039966,0.007008446846157312,1.2525591850280762,-0.8199628507573213,-1.2910201857484784,1.2006409168243408,0.8265135288238525,0.795370966903241
-0.3637820597898844,-0.6938362121582031,0.03292998671531677,1.1697123281054251,-0.42457123378954864,-0.027008283883333206,-0.5596727132797241,0.41750369823582323
-0.45333052057200784,-0.6890351468010923,-1.1866991519927979,0.41987056895038827,-0.836227010748053,1.2006409168243408,-1.2527657747268677,0.3747423286903106
-0.24527582924733485,-0.6995221054753219,1.2525591850280762,-0.6544826978451596,1.1577758550231236,-0.027008283883333206,0.8265135288238525,0.473074759578298
-0.07746138880276761,1.4086978435516357,1.2525591850280762,-0.42961172433063544,0.6986096663994135,1.2006409168243408,0.1334204226732254,0.5042088413316544
-0.7469105832961933,-1.3946808576583862,1.2525591850280762,0.9936168976203194,-1.390145100423943,-0.027008283883333206,1.519606590270996,0.3210065162941358
0.42634502401158525,-0.6938362121582031,-1.1866991519927979,-0.3209373547937322,-0.895534382355949,1.2006409168243408,-0.21312613785266876,0.5648354454699929
0.4214439707963444,0.7078531384468079,1.2525591850280762,0.5747141067786686,-1.7282179388983965,-0.027008283883333206,0.40900016754533297,0.5989340852923355
1.4658950038964864,1.4086978435516357,0.03292998671531677,0.6764418232582794,-0.25797439123053717,1.2006409168243408,-0.9005851721872193,0.8960249304000136
-0.0843319818959285,0.7078531384468079,-1.1866991519927979,-1.2028946267142835,0.0017367328450653974,-0.027008283883333206,0.5274405162657497,0.46167598750610084
-0.643726281961168,0.007008446846157312,1.2525591850280762,0.6956025456248769,-1.3687200602084129,-0.027008283883333206,0.4799669682979584,0.3405871563013716
-1.7100203560939595,0.007008446846157312,0.03292998671531677,-0.18379662111954154,0.11244986944990007,1.2006409168243408,-0.21312613785266876,0.07886725428153113
-1.8411223298920176,-0.6938362121582031,1.2525591850280762,1.7189881801605225,-1.724126479877527,1.2006409168243408,1.519606590270996,0.0031677142020999703
-1.076368708291426,-0.6938362121582031,0.03292998671531677,1.382971291528889,-1.638971891264555,-0.027008283883333206,1.519606590270996,0.24831850948848666
-1.5253694070008406,-0.6938362121582031,-1.1866991519927979,-0.8868127040792393,-1.2220913897303671,-0.027008283883333206,-0.5612912941666695,0.09747720924702603
-0.5930474458185483,1.4086978435516357,0.03292998671531677,1.4312701695917383,-1.509118340055223,1.2006409168243408,1.3802639194353705,0.42280513954220583
0.6369746560875559,-0.6938362121582031,0.03292998671531677,1.497158589008221,1.460154934027445,1.2006409168243408,-0.5596727132797241,0.7269261567490528
-0.8488845923020154,1.4086978435516357,0.03292998671531677,0.38272734851429635,0.5010851622947639,1.2006409168243408,-0.5596727132797241,0.3263617137384082
0.6693383572369489,0.007008446846157312,1.2525591850280762,0.7464013279760358,-0.8874536671274496,1.2006409168243408,-1.5993123054504395,0.6839187569138134
-0.36929243463671096,-0.6938362121582031,1.2525591850280762,1.45763699017351,0.21669134594690692,-0.027008283883333206,-0.8659256426959895,0.43123030237476734
0.969921722209654,-0.05172951375589463,1.2525591850280762,-0.17068798213646932,1.4949323402368995,1.2006409168243408,0.1334204226732254,0.787038721637011
0.45798286020719603,0.7078531384468079,0.03292998671531677,-1.1535357424410155,-1.2701782985883,-1.254657506942749,0.9325322384978085,0.6148573109544351
-1.775825329870652,0.7078531384468079,0.03292998671531677,-0.34334358181843205,-0.05596236660296486,-1.254657506942749,1.519606590270996,0.0394242949627146
-1.2495868369020404,0.7078531384468079,-1.1866991519927979,-0.03531507223419608,1.2482553325321397,-1.254657506942749,0.1334204226732254,0.2003923508430192
-0.48503242746197295,1.4086978435516357,-1.1866991519927979,-0.782525137121378,-0.8272525096873501,-0.027008283883333206,0.4799669682979584,0.4053115606313104
0.3799823280093753,1.4086978435516357,-1.1866991519927979,0.9107089638204664,-0.23307125585136806,-0.027008283883333206,1.519606590270996,0.6345357882778632
0.8140260500875639,-0.6314253788703734,1.2525591850280762,-0.10693272957044105,-1.2773361103027585,1.2006409168243408,-0.4451580366264337,0.6800481171299856
0.5486103730339481,0.7078531384468079,1.2525591850280762,0.030448078691733063,-0.39412326019399707,1.2006409168243408,0.8265135288238525,0.6540935630244077
1.4003452563342313,-0.6938362121582031,1.2525591850280762,-1.2966408908391107,1.6884834737600933,-0.027008283883333206,0.4799669682979584,0.855254348985837
-1.5206798706343791,-0.6938362121582031,0.03292998671531677,-0.5398217327576931,0.9709896230571341,-0.027008283883333206,-1.5993123054504395,0.11974533971098716
-0.31032878257648716,0.7078531384468079,1.2525591850280762,0.03785933436723361,-0.17475112438256885,1.2006409168243408,1.519606590270996,0.42572554398960766
1.3545971392310052,0.007008446846157312,-1.1866991519927979,0.4527190550912257,-0.26859084315349346,-1.254657506942749,0.8265135288238525,0.8454613233624229
-0.012350087081036541,0.007008446846157312,0.03292998671531677,0.6797952890226406,-1.5019472611497602,1.2006409168243408,1.519606590270996,0.4800836059401396
-0.06984328995169733,-1.3946808576583862,-1.1866991519927979,0.7316742317937557,-1.1912316631654403,1.2006409168243408,-0.21312613785266876,0.42964587863322723
0.9296013641581653,-1.3946808576583862,1.2525591850280762,-0.9540482483030353,1.4490260091953777,-0.027008283883333206,0.4799669682979584,0.7521663413745497
0.8298249475368363,-0.6938362121582031,-1.1866991519927979,-0.034439521006183485,1.5167019570458087,-0.027008283883333206,0.1334204226732254,0.743675012986296
-1.333135659757519,-1.3946808576583862,0.03292998671531677,0.41204479371445696,1.4000822760478902,-0.027008283883333206,1.057938095436023,0.2079514979078184
1.7321904927850442,0.7078531384468079,1.2525591850280762,0.8484808131684967,-1.2938906669134478,1.2006409168243408,-0.5596727132797241,0.9838419098470947
-0.5635255011387982,0.23212184498460386,1.2525591850280762,1.4778026155308763,-0.3010641379610367,-0.027008283883333206,0.8204675200574326,0.4016286661194067
1.6481621908023274,-1.3946808576583862,1.2525591850280762,1.383157219611601,1.3491133636597703,-1.254657506942749,-1.5993123054504395,0.9480227190142018
1.2026398866925498,-1.3946808576583862,-1.1866991519927979,0.6583336490387163,1.2963037463872618,1.2006409168243408,0.8265135288238525,0.7726779424410707
-1.7876667299484428,1.4086978435516357,-1.1866991519927979,-0.9836455112495553,1.4130078378115793,-1.254657506942749,1.519606590270996,0.09421442756577984
0.4040172881800456,0.7078531384468079,-1.1866991519927979,0.5806060169155065,1.4073581617027613,1.2006409168243408,1.519606590270996,0.6534925650157063
-0.26136137022736944,-0.5039643378735799,0.03292998671531677,1.7189881801605225,0.43583215052254004,-1.254657506942749,-0.5596727132797241,0.462660679028545
1.502990011555828,1.4086978435516357,1.2525591850280762,-0.5167870820892689,0.376916662644289,-0.027008283883333206,0.8265135288238525,0.8961752865359272
1.3594635789890221,0.007008446846157312,1.2525591850280762,1.0621126264404044,-0.14023259393915652,1.2006409168243408,0.4799669682979584,0.8762672184723923
1.616689068751826,0.007008446846157312,0.03292998671531677,-0.2556889319081398,0.9150173895894884,-1.254657506942749,-0.5596727132797241,0.9115154338961144
1.1469267221324366,-0.6938362121582031,1.2525591850280762,1.514574767941764,0.19882895621066152,-1.254657506942749,-0.3888659171927198,0.8078604149252955
-0.9228472207412654,-1.3946808576583862,-1.1866991519927979,-0.2728981084533494,-0.344710207481744,1.2006409168243408,-0.6179425698805041,0.26728207871553533
-0.20852568979239897,1.4086978435516357,0.03292998671531677,0.45057723004374417,-0.19597769736335513,-1.254657506942749,-0.5596727132797241,0.49306077634242895
-1.167096990722239,1.4086978435516357,1.2525591850280762,-0.5311452773969746,-1.0666870895608505,-0.027008283883333206,-0.5596727132797241,0.20548122301129768
-0.2292417912323046,-0.6938362121582031,1.2525591850280762,0.10132886461048755,-1.233654765810048,-1.254657506942749,-1.2527657747268677,0.4149457652637164
0.7053673203486919,0.007008446846157312,-1.1866991519927979,-1.3349996273880373,0.3790458619862321,-0.027008283883333206,1.519606590270996,0.679728302147596
0.725714139668466,0.007008446846157312,0.03292998671531677,0.4579735776240913,1.5537358005287596,1.2006409168243408,1.1730600595474243,0.7510668677641075
-1.004745325548837,0.3894955645644997,0.03292998671531677,-0.7619622644011572,0.34903267301474183,-0.027008283883333206,-0.5596727132797241,0.2307936063503684
1.3221732284494252,0.7078531384468079,0.03292998671531677,-0.20072781202413278,0.20419111141834845,1.2006409168243408,-0.5596727132797241,0.8467953611164957
-0.08283342277123121,-0.0031089534667102514,-1.1866991519927979,1.3412927502104584,-1.3338473084651512,-1.254657506942749,0.1334204226732254,0.4689997997095911
0.2640379866553709,-1.3946808576583862,-1.1866991519927979,0.17181962330325065,0.2886020220207407,1.2006409168243408,0.9747706992611886,0.5317272937637307
0.5635267578612526,-1.3946808576583862,-1.1866991519927979,-0.5169608459483077,-1.3574220284273117,-0.027008283883333206,0.8265135288238525,0.6041553287535223
0.27646329571506345,-1.3946808576583862,0.03292998671531677,1.0527550990599135,-0.3390056954571594,-1.254657506942749,0.1334204226732254,0.5453465735026058
0.08451582295791735,0.007008446846157312,-1.1866991519927979,1.376508121270487,-0.836357879465777,1.2006409168243408,-0.2660739744284334,0.5331597712395091
1.57496671331359,-1.3946808576583862,0.03292998671531677,-1.0987140238766786,0.030253096263588186,1.2006409168243408,0.11148828856387738,0.8530489474234024
0.5024827783495455,-0.6938362121582031,1.2525591850280762,1.7189881801605225,-1.71867257491343,1.2006409168243408,1.1730600595474243,0.4407040071161609
-1.4036359967059957,0.7078531384468079,0.03292998671531677,-1.1374858991314911,-1.1827346496291946,-1.254657506942749,0.41716736340624316,0.10900406676861663
1.3498528451799638,-1.3946808576583862,0.03292998671531677,-0.6963216235144504,-0.2998497328637146,-0.027008283883333206,-0.5853134851918194,0.8345457549770608
-1.353484258215862,0.007008446846157312,1.2525591850280762,-0.6862523656074505,-0.699353510110352,-1.254657506942749,0.4799669682979584,0.1537624153908841
1.3280453691263943,1.4086978435516357,0.03292998671531677,0.9560570730420549,0.700549268978389,1.2006409168243408,-0.5596727132797241,0.9006067195113688
-0.3804896726358127,1.4086978435516357,1.2525591850280762,-0.5341222866895445,-0.62985797206447,1.2006409168243408,-1.2527657747268677,0.4040618128315365
0.7664159865319122,-1.3946808576583862,0.03292998671531677,1.558173035829879,-1.2353273334819026,-1.254657506942749,1.519606590270996,0.6938107490211248
-0.6227930337140183,-1.3946808576583862,-1.1866991519927979,0.1645009147195948,-1.1429732745413705,1.2006409168243408,1.4534053467659598,0.33769546172893705
-0.9387876779723524,0.007008446846157312,1.2525591850280762,1.5833402784183808,1.130522567053458,-0.027008283883333206,-0.5180847843898885,0.31741266082102865
-0.6622434716822564,0.7078531384468079,-1.1866991519927979,0.4373493751470332,0.1196406854111263,-1.254657506942749,1.519606590270996,0.37216314102651904
1.0822389350074668,0.007008446846157312,0.03292998671531677,0.8260727021466989,-0.3079717133917827,1.2006409168243408,1.519606590270996,0.8316717209275215
0.4968209231719608,0.7078531384468079,-1.1866991519927979,0.6198765659686424,0.9424410250400288,1.2006409168243408,0.1334204226732254,0.6590445413298499
1.6261552157127819,0.7078531384468079,-1.1866991519927979,-0.9705502321255812,-1.3354117496485272,-0.027008283883333206,0.4799669682979584,0.891566621453558
-0.2754220423088116,1.4086978435516357,1.2525591850280762,1.631853255216429,-1.3913984745947872,1.2006409168243408,-1.5993123054504395,0.43430871970320284
-1.3940565848385598,1.4086978435516357,1.2525591850280762,0.8741039444397593,0.04832522513231914,1.2006409168243408,-0.5596727132797241,0.21943972192755826
-0.8513817320769266,1.4086978435516357,-1.1866991519927979,-0.31947388007208066,-0.9453552340593943,-0.027008283883333206,0.38386842214842903,0.31279460895959516
-0.5879727737623516,1.4086978435516357,0.03292998671531677,1.3359686902329735,1.5235694343008266,-0.027008283883333206,0.1334204226732254,0.4616803252425294
-0.8263230279408544,-0.41337022334016793,-1.1866991519927979,0.81962497320831,0.3076200914354464,-1.254657506942749,-1.4166403993409924,0.32205108711081776
-0.6783832442826371,0.007008446846157312,-1.1866991519927979,-1.3366089647520742,-1.512240412525719,1.2006409168243408,1.17117953791926,0.27329180954389415
0.6007567344060236,1.4086978435516357,0.03292998671531677,0.32447729721330043,0.4056085934631324,1.2006409168243408,0.2773442834847273,0.7012452589858801
1.7400256436520734,1.4086978435516357,-1.1866991519927979,-1.2692972621890766,1.4114916386312637,1.2006409168243408,-0.41103610168745464,0.9876230033861136
1.1068641690735728,1.4086978435516357,0.03292998671531677,-1.3618292005579031,0.5742093993246502,1.2006409168243408,-0.21312613785266876,0.7887422412721837
0.7607687404892756,-1.3946808576583862,0.03292998671531677,-1.6050594266997544,-0.6838127039035081,-1.254657506942749,0.3795429862944789,0.6320596059430074
-0.25625793218521176,0.3595752022053464,1.2525591850280762,1.5181246780554858,-0.7166518550931498,-1.254657506942749,1.519606590270996,0.48202402599322913
0.8291206223776658,0.47505580287345284,0.03292998671531677,-0.13610276936375032,-0.934784755254033,-1.254657506942749,-0.21312613785266876,0.6974859686357353
0.6897561889939934,1.4086978435516357,0.03292998671531677,1.0175943986532527,0.48333341828573995,-1.254657506942749,0.5635625678282207,0.7282746317054171
-1.6049171817012504,-1.3946808576583862,-1.1866991519927979,-0.20268488046134986,1.2467618395150577,-1.254657506942749,-0.21312613785266876,0.10495415726033844
0.7245485325590388,-1.3946808576583862,1.2525591850280762,0.663494650060821,-1.653885220417371,1.2006409168243408,0.1334204226732254,0.6583283941918909
-0.09543128854222495,0.007008446846157312,1.2525591850280762,0.5526622654836222,1.4868359008085015,-0.027008283883333206,-1.5993123054504395,0.5485958111179687
1.475639796757983,1.4086978435516357,1.2525591850280762,-0.432642184780221,0.11737258429898614,1.2006409168243408,1.519606590270996,0.9035779353533863
0.7373166405639288,0.007008446846157312,-1.1866991519927979,-0.4853375467850165,-0.49071963726841306,-1.254657506942749,0.4799669682979584,0.6566800965092773
-1.7490544150415168,1.4086978435516357,-1.1866991519927979,-0.08053794875955342,0.9628107330445452,-0.027008283883333206,-0.5596727132797241,0.07744462090099022
-1.0808009467366522,0.09248403099324302,1.2525591850280762,-1.244037386090865,1.4094998512693775,-0.027008283883333206,1.519606590270996,0.23610757571474586
1.5800873055833846,0.7078531384468079,1.2525591850280762,-0.5693396797885257,1.337333232590146,1.2006409168243408,0.8265135288238525,0.941690984358347
-1.3688028937728767,0.007008446846157312,0.03292998671531677,0.9611325970391709,-0.6552696877075358,-0.027008283883333206,0.4799669682979584,0.18268137683642033
-1.1154937301868704,1.4086978435516357,0.03292998671531677,-0.44705760686760904,1.1187151982826204,-0.027008283883333206,0.4799669682979584,0.26212579882184944
-1.156290403625464,0.007008446846157312,-1.1866991519927979,-1.0692149875410653,-1.5935754492716865,-1.254657506942749,-0.9621081560770736,0.19099718573328242
-0.03533382015135873,0.43891994778551685,0.03292998671531677,-0.43197289397101696,1.0053775949471624,-0.027008283883333206,0.6577247583384198,0.5320377349789487
0.4615641073268905,0.26402777866214877,-1.1866991519927979,0.8294300685231917,-1.59722711609566,-0.027008283883333206,1.519606590270996,0.6403243466247485
-0.18207682001528305,0.7078531384468079,0.03292998671531677,-1.1228576095283849,1.5563559459658511,-0.027008283883333206,-0.21312613785266876,0.5116788985352372
-0.22631298245032877,0.007008446846157312,0.03292998671531677,1.3685675669299329,-1.5829873886640808,-0.027008283883333206,1.0324489268584363,0.48506158103994007
-1.8427323686074575,-1.3946808576583862,1.2525591850280762,1.7189881801605225,-1.7375391721725464,1.2006409168243408,1.519606590270996,0.0019562907982617617
-0.4267628485899325,1.4086978435516357,0.03292998671531677,0.49655056008609527,-0.8311440251988913,-1.254657506942749,-1.5993123054504395,0.4332141549284172
-1.658671857620404,1.4086978435516357,0.03292998671531677,-0.8879350902277312,-1.187511822057667,1.2006409168243408,0.926255780743753,0.07976652308587844
-0.8710188340329723,-1.3946808576583862,-1.1866991519927979,-0.2885348734695345,1.113164056332889,-1.254657506942749,-1.2527657747268677,0.28966117528800867
-1.3199142108884998,-1.3946808576583862,1.2525591850280762,-0.48815922399119377,-0.15663511282421744,-1.254657506942749,0.4799669682979584,0.15505854618660309
-1.157086937996044,-0.6938362121582031,1.2525591850280762,-0.5029145480540472,0.5137176998635785,-0.027008283883333206,-0.21312613785266876,0.21981792784123175
0.4581760568531795,1.4086978435516357,-1.1866991519927979,0.9355216897850526,-1.7342647823976711,-1.254657506942749,-1.5993123054504395,0.6391104666828062
1.0907407368191602,0.7078531384468079,-1.1866991519927979,0.12441856583855107,-0.2588207847557465,-0.027008283883333206,1.519606590270996,0.7805781520327534
-0.39454486752704543,-0.6938362121582031,-1.1866991519927979,-0.4714854662385068,-1.5235674330409918,-0.027008283883333206,-0.5596727132797241,0.31904045263118175
0.4386328955642535,0.7078531384468079,0.03292998671531677,0.8290810902137046,-1.4118841161204354,-0.027008283883333206,-0.9062192440032959,0.6133555270477685
1.0784469992049088,0.7078531384468079,1.2525591850280762,-0.5704543638405714,1.3789548615026372,-0.027008283883333206,0.4799669682979584,0.7961250999611544
-0.4980356664009853,1.4086978435516357,-1.1866991519927979,1.4641057977101402,0.12799756628835296,-0.027008283883333206,0.4799669682979584,0.44469859492211283
-0.9166979692936434,-1.3946808576583862,1.2525591850280762,0.1819374977603579,-0.7322138027786989,1.2006409168243408,-1.5993123054504395,0.2737083425390694
-0.09986729058107578,1.4086978435516357,1.2525591850280762,1.4642142335687858,-0.413422720312619,-0.027008283883333206,0.8265135288238525,0.5394457456230415
-1.3426625563253702,0.007008446846157312,0.03292998671531677,-0.9625434352072417,0.0456175900787,1.2006409168243408,-0.8532913915544569,0.15572673428454092
