Cement,Blast Furnace Slag,Fly Ash,Water,Superplasticizer,Coarse Aggregate,Fine Aggregate,Age,target
-1.242144994108605,1.024753164746323,1.5102746860981688,0.2177292161291559,0.5490971461000672,0.10797872957086965,-1.8113263719807953,-0.28031212091445923,0.26335713324756144
-0.5324456335693609,1.1803589488638184,-0.8653749823570251,-0.02747560024420892,0.2955795505165123,-0.0326415216717268,0.07014785337036163,-0.28031212091445923,0.4909140866759512
-0.013786845740798881,-0.8364706635475159,0.744835628323357,0.8937994875040339,0.012061071485639778,-1.5263127719303298,0.3884203094516968,-0.28031212091445923,0.3405380316061881
-0.13236758668837895,-0.8364706635475159,-0.8653749823570251,-0.08999843986103186,-1.0196404457092285,1.754939193028493,0.12703232965598726,-0.543155937539141,0.1522425453741702
0.3325864846903621,-0.8364706635475159,-0.8653749823570251,0.1743427423134712,-1.0196404457092285,1.6753675243365989,-0.1701145219957098,0.15922778844833374,0.42509100518557463
0.6478175070328196,0.8087248356703571,-0.8653749823570251,1.8306809809423783,-1.0196404457092285,-0.5351746399297397,-2.2252444869372505,0.38742976093154,0.44928248040719515
-0.6276541559645715,1.6589397852528702,-0.8653749823570251,-0.6155470693644477,0.6081409550070906,-0.1006875913222671,-0.29658606313256436,-0.28031212091445923,0.49455371510867163
0.7922328640053616,-0.8364706635475159,-0.8653749823570251,0.17777681159422815,-1.0196404457092285,0.9365670718098867,0.057253214284911855,-0.520044362175275,0.3037334157085577
-0.2627073585054783,0.5183121930539061,-0.8653749823570251,0.8420374403917024,-1.0196404457092285,0.0649383496893913,0.02662925493855095,5.00969898909335,0.5402519570561407
2.3904908924514534,-0.8364706635475159,-0.8653749823570251,-1.1462870506314562,0.3457546301760517,0.4065112706650407,-0.5376949663583445,-0.28031212091445923,0.8498534824253277
0.5288956735876859,2.6183684528411137,-0.8653749823570251,-0.24476882026850555,0.6533901924276678,-0.3634111875128831,-1.7578850137212685,0.32317690712481306,0.8584649090612606
-0.643144124984441,-0.8364706635475159,0.7652164877147496,0.465319961309433,-1.0196404457092285,-0.12872265876449307,1.3285498265265272,-0.28031212091445923,0.21965980644523264
-0.6897678617012537,-0.8364706635475159,1.8628653559595558,-1.0113011852909404,0.807783154741709,1.005933319424183,0.08567994280772831,-0.6215612846020222,0.20819852200481084
0.47128226178679955,0.031827536310867155,0.06509273911807123,-0.42181545517549324,0.8826939073523958,-1.67950155270503,0.9698879366215595,-0.28031212091445923,0.5540216387408575
-0.5066776793764931,0.11336738732903445,0.6239426292834698,-0.8428739474881531,0.6199110837702523,1.0923072652575019,0.09701490240919752,-0.561894556946327,0.42134511003596165
-0.26217871710095375,-0.8364706635475159,-0.8653749823570251,0.47959757552683907,-1.0196404457092285,0.15241752485974314,1.1150588025701,-0.28031212091445923,0.13774159465129565
-0.2621499023197604,-0.8364706635475159,0.9278869164922657,-1.106007449561168,0.8658802472153364,0.623417368809218,0.6491271722003552,0.6951265193719995,0.5581410293282036
-0.05980657753836316,-0.8364706635475159,-0.8653749823570251,0.1536316125879763,-1.0196404457092285,1.555006358751667,0.050381877405072564,-0.6571488862931419,0.12620146032373564
-0.7404196140907342,-0.8364706635475159,1.1504465219307662,0.7298724385566777,-1.0186186600669138,0.8786472834028584,-0.43238627338169233,-0.5418302716214385,0.13005690665959632
0.9921102035005387,1.3277055735267749,-0.8653749823570251,-0.9891049278062805,0.9148193666436848,1.7614584124535342,-2.117345805912616,-0.3247930243603069,0.49004015828767916
-0.03310993920233449,1.658205873711031,-0.8653749823570251,-0.9121559912289697,0.4373140051462753,0.6360685243308158,-1.2039963734064134,-0.28031212091445923,0.6242618414876251
-1.0949235776395692,2.2748915575027144,-0.8653749823570251,0.14456094678431355,0.6668985783095104,0.7988839794788449,-1.5241778490044138,-0.28031212091445923,0.3857995849317825
-1.4163455771340934,1.4304636943101638,1.551505036147945,0.09740463192102133,0.6687067973502981,-1.6895426214987315,0.0667699658602776,-0.28031212091445923,0.40455845966818854
-0.43969803662671614,1.0229551488743103,-0.8653749823570251,1.6558499348824498,-1.0196404457092285,-0.4516791540210898,-0.9504977833723466,1.5731384156176342,0.5996686963334442
0.6250571526243929,-0.8364706635475159,-0.8653749823570251,0.1717163092961249,-1.0196404457092285,0.9639109570963689,-0.3162519854756552,-0.28031212091445923,0.3887768370549134
2.506115674972534,-0.8364706635475159,-0.8653749823570251,-0.5638361481465509,-1.0196404457092285,2.0906153962873875,-2.0799722082453864,-0.6629527291432145,0.5583140593080272
0.40137944877339954,1.929212010274013,-0.8653749823570251,0.465319961309433,-1.0196404457092285,-0.13841905334198834,-1.4657923517329232,-0.6625751655200267,0.20370767010260696
-1.1359620025167807,-0.5309940877229415,1.7731345605528102,-0.8442758346874382,-0.07474482614107092,0.40580728723539083,0.2676641120691422,-0.28031212091445923,0.3836467895292872
2.2366289024676442,-0.8364706635475159,-0.8653749823570251,-0.8419010692925929,0.6835464568870779,1.274750498175571,-1.956294633404852,-0.33281980077131496,0.7795770572816075
1.0366903672544496,1.0520933934390382,-0.8653749823570251,-1.3891863023320679,1.367903811574808,-1.605596160437594,1.4613967587433037,-0.6727584600448608,0.4631479315844868
-0.6266531683536364,-0.8364706635475159,1.4436450372765728,-1.324061617306841,0.7397313096307969,1.257849887690061,0.2832232517466143,0.15922778844833374,0.5538282741295091
0.3814610354098878,-0.5098963393009842,0.6998685021561285,-0.43275222837124366,0.4100510528766509,0.4207967817310595,-0.24442958741789084,-0.45946186245344833,0.3879999743071223
-0.2544777807844525,-0.8364706635475159,0.6575091476867567,-1.6138698090739116,1.2422413458351698,0.08576233254731672,1.423353071578162,0.6949313062007351,0.652581965125409
-1.303129072265703,1.4963125466647564,-0.8653749823570251,0.7560445216892857,-1.0196404457092285,-0.40897173820013916,0.4216189435592065,3.9390088902289673,0.46788250859478636
-1.21912894420339,1.711615245959927,-0.8653749823570251,0.38124551357905045,0.6879062373963054,0.39240089751304225,-0.149664517989443,-0.28031212091445923,0.40527281591007736
0.062011693586393656,-0.8364706635475159,0.15853610228855508,0.22925264908093568,0.009500735570394596,-0.37241196097276763,0.39579213482400794,-0.28031212091445923,0.3992832274911773
-0.251886267157637,-0.4166526154163124,1.0597226298973164,-1.4668555349211165,0.8806761533596067,0.7911227922044134,0.1945882761135862,-0.6727584600448608,0.39731789571833326
1.9041483144003362,-0.8364706635475159,-0.8653749823570251,2.4259704835545,-1.0196404457092285,-0.5612935714279076,-2.225245952606201,4.345071306983703,0.46367794114030375
-0.29079780170863223,-0.8364706635475159,1.0742937843930311,-1.6326511594090034,0.9544527495157241,1.335935985684191,0.09098522382474605,0.6953777408919386,0.7200812641359756
-1.3076068170070687,1.3428651990051985,-0.8653749823570251,0.9276264174498892,-1.0196404457092285,-0.4549520412847496,0.4633942498382253,-0.6727584600448608,0.1033646086296377
0.7681156240232344,1.2977189836772876,-0.8653749823570251,-1.5036870096800437,1.1213910249474297,-0.2524945842506401,0.12636234267895563,-0.6727584600448608,0.5528075031659351
0.659222491260804,-0.8364706635475159,-0.8653749823570251,0.465319961309433,-1.0196404457092285,1.4036362221667253,-0.3001242914875072,-0.28031212091445923,0.36382007417333123
-0.0004718705138643635,-0.8364706635475159,0.6798477877853563,0.270831561946717,0.3388327280983637,-0.19795409169196487,0.3869489303981952,-0.609967052936554,0.2311643527286705
0.7525732279325086,1.3287413907646526,-0.8653749823570251,0.3103302140049511,0.3019711243713131,-0.5535924249248944,-0.8423453331172919,-0.1905454540582918,0.7711142884367024
0.3877033577587131,-0.8364706635475159,-0.8653749823570251,0.29358666999430605,-1.0196404457092285,0.4656023090933015,0.1317493597869583,-0.6727584600448608,0.17589899270009873
0.012255488447493863,-0.8364706635475159,0.7112605684338664,0.8305340350773506,0.1260865498232048,-0.10961022707672385,-0.2904219880271029,-0.28031212091445923,0.3335890640351414
-1.2193714656857109,1.37164013900281,-0.8653749823570251,-0.18791346250488278,0.5286917121105569,0.31572252136464973,0.3851958274370904,-0.28031212091445923,0.31490527773791954
-0.5732367951918553,0.680046942829125,-0.8653749823570251,0.465319961309433,-1.0196404457092285,0.23562063697811841,0.35815455949615893,0.7037534215298586,0.49785276670624967
-0.6677345843186482,1.224959460462245,-0.8653749823570251,-0.01696681555898249,-1.0196404457092285,1.0935384135867983,-0.24718183193044507,-0.28031212091445923,0.3633072190704808
-1.090975621743612,-0.8364706635475159,1.8526202991440712,-0.684504339731952,0.9278022608826274,0.9463907235287621,-0.21657754020547937,-0.28031212091445923,0.2897584812998512
1.3434750481482884,-0.8364706635475159,-0.8653749823570251,0.5220056406511006,-1.0196404457092285,1.5448767105529646,-1.9093323030653262,-0.6615134264468402,0.2857242962010394
-1.6098674547736138,1.4331035539534545,-0.8653749823570251,0.844718168791108,-1.0196404457092285,-0.5664888360109256,0.6524040356924863,-0.4166490217177968,0.17511083215077067
-1.1911129986709719,1.266275498420035,-0.8653749823570251,0.1747467558241583,0.320104825177258,0.47601952138348513,-0.16469326971827358,-0.28031212091445923,0.3886225276339774
-1.0965868932603584,-0.8364706635475159,1.4281636803535713,-0.8241412378382332,-1.0196404457092285,0.4691695278411398,1.286601800111366,-0.28031212091445923,0.3921898233803268
0.7763251366804319,-0.8364706635475159,-0.8653749823570251,0.7232978845914949,-1.0196404457092285,-0.08789920692306044,-0.07433618950489254,-0.28031212091445923,0.40594822152049204
0.28494917067281267,-0.8364706635475159,-0.8653749823570251,0.4957744551067983,-1.0196404457092285,-0.17835804996264593,0.4160694955326001,3.311958146062601,0.45968913545027196
0.5347267173317563,1.6962707249710762,-0.8653749823570251,0.03753747160816022,0.7188034861087444,0.006290155650967435,-1.635649883991802,-0.28031212091445923,0.6285220794299325
-1.3049092902893702,1.3445746297791734,-0.8653749823570251,0.465319961309433,-1.0196404457092285,0.4078858131464015,0.29288166549392464,-0.28031212091445923,0.3233042990694801
-1.2257105211378239,-0.8364706635475159,1.288908636870132,-0.7511300435123109,1.1927350276801916,0.3555810298895554,0.4597265678449707,-0.28031212091445923,0.1825752179806126
-1.1988601655746893,-0.8364706635475159,1.3765981938110214,0.16404059317154368,0.7464246482300095,1.0652733807026173,-0.2801480579957276,-0.28031212091445923,0.1080485428847391
-1.0049020404117,1.9093059115127335,-0.8653749823570251,0.465319961309433,-1.0196404457092285,-0.02887683633576068,-0.7345415610112335,-0.6727584600448608,0.17070204629736632
-1.136841217743486,0.9071835222248127,-0.8653749823570251,0.5109147506730856,-1.0196404457092285,-0.16601321329851382,0.415309545691541,4.986350988971866,0.53320968828363
-0.03340771462261691,-0.8364706635475159,-0.8653749823570251,0.5048928984392709,-1.0196404457092285,-0.2208589591988807,0.9695193600222547,-0.28031212091445923,0.26625465781296
-0.011909578542578233,-0.8364706635475159,1.0993641127726312,0.465319961309433,0.8841976731881156,-2.0416442714517276,0.40975223918353276,-0.28031212091445923,0.40849844628833504
2.1318687288922296,-0.8364706635475159,-0.8653749823570251,0.7281402345889604,-1.0196404457092285,1.8707642956031334,-2.060800581844024,0.6634460921054959,0.5893459673317791
-0.9187830212218151,-0.8364706635475159,-0.8653749823570251,-0.023420828043605582,-1.0196404457092285,1.848228979055179,0.5353081509980253,-0.609967052936554,0.06951061040075246
-1.2219588791680347,0.36844956532314627,1.682828224328669,-0.6311736045577505,-0.04635434814509895,0.41178457035748595,-0.6166892229509644,-0.28031212091445923,0.2830439037695993
-0.26183760989836763,-0.8364706635475159,1.0848891654728008,0.5240825701212515,-0.15366164713545674,0.9092429139957318,-0.6831803284734955,0.743172174784214,0.3894960116682819
0.5879133877043551,0.33199968446210953,0.8197547008427797,2.5595067467749537,-0.19799710826636963,-1.7294797315121437,-0.9377453073339839,-0.28031212091445923,0.45958493979704834
2.331335802324956,-0.8364706635475159,-0.8653749823570251,-0.924474859999289,-1.0196404457092285,-1.3663047715642331,0.45436373209028014,-0.6921263256979083,0.2804718136782945
-1.454129141898022,3.0497655725364057,-0.8653749823570251,0.9296479907287464,-1.0196404457092285,0.03956203051841896,-0.32869026948812907,0.15922778844833374,0.44290136575621514
0.10020078897427828,-0.8364706635475159,0.7653003253072733,1.1124001583472607,0.9403477016699248,-0.48026782952095903,-0.8579402023764915,-0.28031212091445923,0.29865329884351793
0.9547068821461208,-0.8364706635475159,-0.8653749823570251,0.465319961309433,-1.0196404457092285,0.7290603151122386,-0.18962422906657264,-0.6727584600448608,0.20355824776726753
-0.3855318415005536,-0.8364706635475159,1.2048822986074839,-0.19895930267498152,0.5471085598068174,0.8195169850445747,-0.2347984238606642,-0.28031212091445923,0.4170104141790947
-0.5926314255553523,-0.8364706635475159,0.9439203745260287,0.9944407654857441,0.030195539625197144,0.3256541254813631,-0.19113459087000662,0.15922778844833374,0.39016170077875806
1.0125353035938551,0.44018117575935634,-0.8653749823570251,-0.5710521667490084,0.4289824102597289,-0.5194585620663235,0.2035553313170222,-0.5962055335805124,0.47303570618925905
0.20275080926179048,-0.8364706635475159,0.6837795126535493,0.5924007550508953,0.36343957285754247,-0.6148742371688966,0.08768057364809104,-0.28031212091445923,0.3661528080975232
-1.04657690133892,1.2791420573966623,-0.8653749823570251,1.1796734292926356,-1.0196404457092285,-0.14708501008429606,-0.3628437967716035,-0.649130531614426,0.06776207250093728
-1.6323688529121196,0.7813574506377884,-0.8653749823570251,0.4973656352325992,-1.0196404457092285,-0.541116442686569,1.4692128966064297,-0.563384715202705,0.13440450623874106
0.5476052085985675,-0.8364706635475159,-0.8653749823570251,0.35966941558570314,-1.0196404457092285,0.9658873738439466,-0.08531191436558488,-0.28031212091445923,0.3486599851769924
0.01733007793567469,0.8252659311463683,-0.8653749823570251,0.1702531672967725,0.012777333713556237,-0.032028587478372665,-0.6913146996050749,-0.28031212091445923,0.4589947963434592
-0.2529250788304505,-0.8364706635475159,0.9241366312245896,0.465319961309433,0.03528945310550691,0.6682051268268522,-0.0800371129132428,-0.28031212091445923,0.3434708540816544
-1.1199491009682776,1.1486766245513034,1.727905175259452,1.7594369189315846,0.19207988009036064,-1.2088607179490451,-2.062919909845905,-0.28031212091445923,0.35832891100720343
-0.6744377513114872,-0.8364706635475159,0.5708277804593617,-0.010946658526558899,0.006302613374867681,-0.05731958620614511,1.6661764132269465,1.6591779094937822,0.4996975231764856
-1.074432528045483,1.0029409682890629,-0.8653749823570251,0.37600728029539765,-1.0196404457092285,-0.5778267687216636,0.5713846491112455,-0.28031212091445923,0.38058757705556545
1.4936706853463888,-0.5574955154478688,0.7336953632932586,-0.6461542320750085,1.2084238823425806,-0.20882227551793736,-0.790724640098534,-0.28031212091445923,0.5485243503825983
0.8098503807362444,-0.5149119603658198,0.9750222679761112,0.465319961309433,0.06918785532582934,-1.6630590027699037,-0.12333943895802721,-0.28031212091445923,0.4989171738882532
-0.46877138450721556,-0.8364706635475159,1.023410992074955,0.32267909506613945,0.9738912540365189,-0.06512570946337894,-0.4195142891292113,-0.28031212091445923,0.21825618748691028
0.5068824529784132,1.0012228082343142,-0.8653749823570251,-0.41114574377726265,0.33316945884135424,-0.7531486195508988,0.11537356936617485,-0.28031212091445923,0.5718941046199674
-0.9888898125674932,-0.8364706635475159,1.0745397012721165,-0.2254159649039378,0.15938093400355607,1.4754141991985112,0.13754781207653105,-0.28031212091445923,0.2530438609859544
1.9759309615244653,-0.8364706635475159,-0.8653749823570251,1.93440565883891,-1.0196404457092285,-0.40817736340159294,-2.225243551860971,0.7017460841664501,0.4866957540332771
0.5521754995314213,-0.8364706635475159,0.9203246169148206,-0.8765939585491795,0.7112620397606,0.1127554429951734,-0.22925854241731253,-0.28031212091445923,0.44603190754829153
0.49331709727416245,-0.8364706635475159,-0.8653749823570251,1.0767184793116633,-1.0196404457092285,-0.16274377498937737,0.15615533536374215,4.888301120390779,0.43315014564183774
1.4885353098365148,-0.39930650471882223,-0.8653749823570251,-1.157924576063707,1.3866482191486982,-1.54044826799887,1.547447520783539,-0.6727584600448608,0.36510329121266527
0.12242167209892646,-0.26393816726128,0.7591080767286887,-1.6559394880596046,0.977390591609086,0.4160952198069549,0.23063350130876842,-0.4531262830063594,0.5318030053206322
0.6495484059948596,1.8525466033316595,-0.8653749823570251,-0.6198017850900138,1.142431066700201,-0.46790070614578116,-0.40818995093176025,0.15922778844833374,0.953523694349647
0.5401484580537551,-0.8364706635475159,-0.8653749823570251,0.1789715480643312,-1.0196404457092285,1.0430621778471936,0.3004721696625754,0.15922778844833374,0.4189873429103161
-0.10501224760388095,-0.8364706635475159,1.0114119785821767,0.16839288280910145,0.1526264472831133,0.7147246845287253,-0.3202025412986177,0.6974597067942673,0.6399102783206309
0.37974126869395014,-0.8364706635475159,-0.8653749823570251,0.48831484306494477,-1.0196404457092285,0.018960203127106324,0.8960675338155621,3.3619471634673728,0.4375843253932681
-0.5056381609751487,-0.8364706635475159,1.7449059526804094,-1.4034296528663799,0.9484311708702542,1.1230359731798876,0.08514980758878625,0.7733801830747484,0.6634999645067872
-0.2019684373274908,-0.8364706635475159,1.6512722286826396,-1.6626876880018566,1.5293296821700084,0.8971408727147878,-0.16424054172250271,-0.28031212091445923,0.4807623364723426
2.0841928102222607,-0.8364706635475159,-0.8653749823570251,0.28742737366128956,-1.0196404457092285,1.769289215283981,-1.9074786217381687,-0.28031212091445923,0.5864849886212435
-1.2019870976700338,-0.8364706635475159,1.0659448204096267,2.3089538267807876,0.12078281257169257,-1.4036792402024734,0.46605482992314046,-0.28031212091445923,0.10775282719824578
0.6203248744645201,1.2738704525387499,-0.8653749823570251,-1.3012131027863583,1.8908797767592214,-0.1046946138807627,-0.0713555798698308,-0.609967052936554,0.37787747206268507
0.34548805416478384,1.0815403259119873,-0.8653749823570251,1.6771656553141188,-1.0196404457092285,-0.5299720626769803,-2.225243674087857,5.008289072307282,0.4578517500151666
0.34499257177106574,-0.30568059967195654,1.2078054445933575,-0.17444094155505055,0.815951321034141,-0.49193471436765557,-0.6104557819756773,-0.28031212091445923,0.530473159493648
0.218942976070112,-0.8364706635475159,-0.8653749823570251,0.465319961309433,-1.0196404457092285,0.0014518213893744032,0.9663644096489866,5.001032675956509,0.42899956702594155
-0.5481989171537728,-0.8364706635475159,1.0567037759405733,-1.0701933624149929,0.4291317143437715,1.3000908779177416,0.3593408105679405,0.7009135686441395,0.609138622781176
-0.2710825243001713,-0.8364706635475159,-0.8653749823570251,0.11807329607121486,-1.0196404457092285,1.9049449430506926,0.35853709399304734,-0.609967052936554,0.10158070516817116
1.6088480442405046,-0.8364706635475159,-0.8653749823570251,0.42774276254306376,-1.0196404457092285,1.8773527023742211,-1.4788332235212311,-0.3473887015983549,0.3844295380107959
0.13905300705383472,-0.8364706635475159,-0.8653749823570251,0.33161577256246844,-1.0196404457092285,1.2431959708912226,0.5951893942578006,-0.28031212091445923,0.2738612634173854
1.2784399371670832,0.6559275416680475,-0.8653749823570251,-1.739686657843368,4.420511117313107,-0.8952344362456001,0.6035809502293323,-0.609967052936554,0.532150685878089
-0.2550664844455512,-0.8364706635475159,1.0460561963250343,0.17871947159275933,-0.8560223012740577,0.6133078371355748,-0.2406198979162934,-0.27927060587938674,0.44895546044765466
-0.6350874728200498,1.824208125307448,-0.8653749823570251,0.6639504224428924,-1.0196404457092285,-0.32174597511556946,-1.0507173309047395,-0.3436060048570048,0.27904226975433977
-0.00019100226004722595,-0.8364706635475159,-0.8653749823570251,0.465319961309433,-1.0196404457092285,-0.1413900863307537,1.058211927015061,5.009864807128906,0.39668015919109306
1.377106591170014,-0.5954994768344136,0.5405874178182318,-1.1498125640054573,1.4535745082085387,-0.48482748907561307,0.13814907915891184,-0.28031212091445923,0.500880616362174
2.0157664372614255,-0.8364706635475159,-0.8653749823570251,0.476330739588098,-1.0196404457092285,1.8676275099920314,-1.3749064779240263,-0.07337559819016842,0.6122296989704219
0.02473926723170286,1.923507669261645,-0.8653749823570251,-0.7203316352257557,0.9438792825872943,-1.38338416864576,0.35255192798528473,-0.5655681449081711,0.5225202655487652
1.3289985974862808,0.5791922405733235,-0.8653749823570251,-0.2755158444940726,0.8549289364747062,-2.051234599072451,1.4730472683641889,-0.609967052936554,0.4065651145554783
-1.3106757912314222,1.0455874496861226,1.1397366687014943,-0.008320040751040217,0.582698773377031,-0.4224132594842238,-0.6545129536800443,-0.28031212091445923,0.3811929352160368
0.8984275636191817,1.5716576053169824,-0.8653749823570251,-0.858246568521213,0.9021698516885897,1.1877540681366596,-2.069952121171819,-0.6143914424754465,0.4738137302219054
0.8723770647576814,-0.5332431912204327,0.6765817071227538,-0.9724305636722725,1.1310186770352546,-0.5971799643324633,-0.10048821513536538,-0.41157627012912457,0.4532323279755341
1.5394884597474743,-0.3600974389758641,0.821042393636278,1.1297429633976106,-1.0196404457092285,-0.9316057508264322,-0.6604206666162641,-0.28031212091445923,0.5197681224071035
-0.5090571527383709,-0.8364706635475159,0.8461679177843591,-0.696419038853419,0.43418867147144047,0.7511981746168199,0.4737597337969807,0.8210360795352859,0.6140931398544657
1.568655050856814,-0.40100490464733785,1.0029318363534336,0.6350298491854359,-0.09468212703757234,-1.5912583116571868,-0.7058958489260552,-0.609967052936554,0.48880411033002547
-1.0126197302383075,-0.8364706635475159,1.7339649708054945,-0.7334904788459731,0.3506227757073734,1.1358718916038746,0.2657604807033005,-0.6727584600448608,0.11750944090077593
-0.6874683311591044,-0.40058320429822397,1.321997529943114,-2.8022864448987677,0.5215781170810224,0.961626540369433,0.4149965176195882,0.15922778844833374,0.4469507177242451
-0.8675340687804644,-0.3740371755409171,1.8193204884743837,-0.9586692019096041,0.48131610256796004,0.04658042403284238,0.26308138398628955,-0.46709155269028596,0.43427460421491243
0.6896630731175392,1.1480046381392102,-0.8653749823570251,-2.508281040272929,0.7762760472953842,0.8717437328668967,-0.17638012560176528,-0.28031212091445923,0.6519571927605691
-0.5661126730479018,2.170557135194696,-0.8653749823570251,0.8561666237112486,-1.0196404457092285,-0.08974513720679446,-1.6571901861400706,-0.6727584600448608,0.1450974869008322
2.353599025368002,-0.8364706635475159,-0.8653749823570251,-1.597889658962869,1.1327849112084794,-1.358880323421827,1.6193605695145146,-0.28031212091445923,0.7384720025757149
0.03842730914119418,-0.8364706635475159,-0.8653749823570251,0.40496640870106426,-1.0196404457092285,1.2854806078799317,0.10474472479375262,-0.28031212091445923,0.21755995516499002
0.17305868891802997,-0.8364706635475159,-0.8653749823570251,0.8846106809565234,-1.0196404457092285,-0.369622147924532,0.9053885978429715,-0.6687990589789904,0.11664536574427607
1.0508023764020846,0.21995887760331923,-0.8653749823570251,-2.409464676648199,3.1679900285931395,-1.5668803999005056,2.7384907646591055,-0.28031212091445923,0.6431863990130023
-1.25726663321697,1.005217943050973,1.6741452321284949,-0.7011060941692396,1.5560672031075844,-0.6940906164476673,-0.21803381139320463,-0.28031212091445923,0.44528481830765393
0.8174998401378282,1.5549354721589193,-0.8653749823570251,-0.46957065003098,0.9824290910570006,-1.7192353622495018,0.2382255971352579,-0.28031212091445923,0.834589074300159
-0.47175697756769014,-0.8364706635475159,0.7379800495202931,0.9423173996576011,0.5058374124867374,-1.1016667427645082,0.8646025535464839,-0.28031212091445923,0.2754434554230684
1.0407683570987454,1.009087966070053,-0.8653749823570251,-1.0366834885577176,1.3385295079641537,-0.41297507324618304,-0.06939532970353843,-0.6597020464941196,0.4967301480223833
0.13605550095646277,-0.8364706635475159,-0.8653749823570251,0.465319961309433,-1.0196404457092285,0.3158271231756058,1.1216884795152242,0.15922778844833374,0.31872698176651787
-0.5198519254617308,1.8824825497454754,-0.8653749823570251,1.3292578556527326,-1.0196404457092285,-0.5146417050572395,-1.4429387071852322,-0.609967052936554,0.22878671797669115
-0.9862077766210768,0.6259130357287901,1.3896787563012545,-0.5646303279542565,0.22491814185747036,-0.30729470633047323,-0.224803563715477,-0.28031212091445923,0.5150662910129561
-1.02732925161811,0.9595051935189153,2.0249423182238853,0.465319961309433,0.7809931133956839,-0.5450554300498682,-1.8554953920559818,-0.28031212091445923,0.3620511141504666
-0.2381541056799577,0.31785522837424607,0.8205146275016876,-1.076012304860517,0.7442678837370716,-0.1128557254882049,-0.1372877484020264,0.7907993594988744,0.6862180478510131
0.9820759679581808,-0.8364706635475159,-0.8653749823570251,0.465319961309433,-1.0196404457092285,0.5265318557937196,-0.04402661379101401,-0.6727584600448608,0.14192814940292633
-1.143292896126368,1.599542621626473,-0.8653749823570251,0.5880181330886458,0.16565446654875413,-0.24170057575761278,-0.29702098394904575,-0.28031212091445923,0.38212111869371285
-0.24687557516376704,0.8684043149350233,1.9717861278966988,0.1587695246616576,0.30937038433930125,-1.7940714858244786,-0.9467842061081138,-0.28031212091445923,0.4949547635913525
-1.2387964244653604,0.7908001680026304,-0.8653749823570251,0.17291597869060368,-1.0196404457092285,1.3975501755827429,0.08849297697987463,-0.28031212091445923,0.14760076888465978
-0.2018752538531822,-0.8364706635475159,0.07161071235412408,-0.9964468900175751,0.5780533308202582,-0.0435496822386415,1.5669250398784094,-0.28031212091445923,0.41124053112054465
-0.9542930863227308,-0.11713258606465174,1.2032379629901928,-0.1972238151103498,0.4654340773994533,0.9177000386034326,-0.14410552853928288,-0.23262897878721803,0.5302782732844398
-0.9702705496293491,1.512460274637719,-0.8653749823570251,0.7157755702664692,-1.0196404457092285,-0.005134167763436323,-0.5971377211947426,-0.6727584600448608,0.08386961240880533
0.6097338898744435,-0.8364706635475159,1.3048059127928127,0.21993603214145055,0.3423832651870488,-1.9271896997280862,0.12548648276098992,-0.28031212091445923,0.526307765746329
-1.4657833523697261,1.7619150748127856,1.4959954283813106,0.48904097936544455,0.8015603413354923,-1.8441719807559491,-0.7053880838665243,-0.28031212091445923,0.42198099330742445
0.6623701547297244,-0.6664107671408408,0.7002408786911404,0.3910075580045531,0.09368436973068105,-1.4787041953631792,-0.19465466616585797,-0.28031212091445923,0.52032468714879
-0.2457947979138009,-0.8364706635475159,0.599807351293075,0.1734898367170288,0.48850670713944017,-0.5117833824827565,0.9796171981272785,-0.28031212091445923,0.33453821552086216
-1.114014859898364,0.29532179706573536,1.8642467572579104,-0.5973309191158703,-0.1567394551248973,0.403671204421499,0.10287899238520545,-0.28031212091445923,0.4641746574805054
0.3586936861309791,1.3697454315057807,-0.8653749823570251,-1.2062756096221872,0.6846478457168842,1.0112655090870464,-1.3241415022778766,-0.28031212091445923,0.679041354414388
0.12759576108713414,-0.8364706635475159,-0.8653749823570251,-0.3652293701689064,-1.0196404457092285,0.03479728855646087,0.6673369554391755,-0.28031212091445923,0.39493322626035754
-1.23293141198584,-0.5439766093763818,1.6906116653966106,-0.35752480930603014,0.35246027201347824,0.7575228773426838,-0.2460407615445693,-0.28031212091445923,0.24122601782553407
1.508561174977776,1.3106080725046017,-0.8653749823570251,-0.5709183102172937,0.9750497716891557,-1.7446287058238212,0.27941629470947765,0.5061247380628486,0.8428070709747392
-0.07903595169763586,0.6019404069374251,-0.8653749823570251,-0.12911047143688129,-1.0196404457092285,0.5457467599793947,-0.26691190342131343,-0.28031212091445923,0.3503233183279061
0.19294392032183297,-0.8364706635475159,-0.8653749823570251,0.35204261606757664,-1.0196404457092285,0.9532486908897129,0.5566281295816581,-0.28031212091445923,0.3485185097810405
1.5786441079517344,-0.6076928187631504,0.7739841250719913,-0.5714719805524773,0.43588895271439315,-0.6072435475414127,-0.2834577483311636,0.1057364667390358,0.7856143457158381
-0.8845482885526302,-0.8364706635475159,0.9709597687982431,-0.824600487795514,0.18699107204250054,1.1139866661876108,0.9802827041212742,-0.28031212091445923,0.29463520423312217
-0.6181196755310169,1.4949972174280548,-0.8653749823570251,0.465319961309433,-1.0196404457092285,0.16725780522241354,-0.8028613024507765,-0.609967052936554,0.18854577938693765
0.5080034518788229,-0.8364706635475159,-0.8653749823570251,0.5962385489875537,-1.0196404457092285,-0.022062177677989257,0.38721557994310973,-0.6727584600448608,0.11917890831984466
-1.41078233090416,1.1017794246627597,0.8634189228068934,0.18309147238354495,0.3371509996970903,-0.4591768697622439,-0.6011757044391483,-0.28031212091445923,0.35752123733400565
-0.6285769998816295,-0.8364706635475159,0.6276512074036036,-0.24677477667996056,0.1916484788579252,0.01369420230135215,1.80457008568206,0.8303622001492177,0.4851101365636145
1.255402356737384,-0.8364706635475159,-0.8653749823570251,0.391510672008631,-1.0196404457092285,0.4216647735674488,-1.4810049598598187,-0.28031212091445923,0.48010558893638894
-0.11475684982968573,-0.8364706635475159,-0.8653749823570251,0.0347582710133018,-1.0196404457092285,1.7537501585610284,0.3518618901796383,-0.28031212091445923,0.23372823410794327
-0.5922484044854177,-0.8364706635475159,1.0819691902380677,-0.8596798855925208,0.6939844400204863,1.230374183274808,0.104701057772974,-0.6190690382089832,0.2643873618884781
0.13223987899489156,1.20781110763667,-0.8653749823570251,-1.1295330196714224,0.7544528148252984,-0.16643828057773916,0.3305175404351119,-0.609967052936554,0.437794633008219
0.015269360992885742,-0.8364706635475159,1.0094227321199483,-0.7928944292138461,0.2245092391781937,0.8744038191638047,0.09524961497877324,0.7748814456056419,0.6300843840973505
-0.25263076638578497,-0.8364706635475159,0.9937721178149377,-1.6559597279613154,1.0776020449510282,1.3139653485121316,0.3790767102741996,0.7051854509130893,0.7480639418970686
-0.8308683519254968,1.7596920920353953,-0.8653749823570251,0.465319961309433,-1.0196404457092285,0.41520083904822014,-1.085470445227677,-0.6259406854624608,0.17729273115245245
2.357224754775431,-0.8364706635475159,-0.8653749823570251,-0.8238227595499437,0.7605819349396983,0.42265174223048085,-1.0597544078924601,-0.28031212091445923,0.8386561478747345
-1.1479540190126591,-0.8364706635475159,1.4548217203245297,0.03210767000384901,0.6619160750550526,1.1559919840504844,-0.4553865173938955,-0.28031212091445923,0.24016190707450158
-1.5906566326206377,1.6519928302095312,-0.8653749823570251,0.465319961309433,-1.0196404457092285,-0.37326869125822226,0.8623141738648799,-0.28031212091445923,0.3242995597119114
-1.4981047870948565,1.3609409897809548,-0.8653749823570251,0.465319961309433,-1.0196404457092285,-1.2133537147642721,1.4693271557693377,-0.6727584600448608,0.016780505429089106
1.026764042722365,-0.528883229666665,0.5963810016142901,-1.145171487618773,1.3782504832914906,-0.5716402731416029,0.678433412744316,-0.24548710923375763,0.5626066148568151
-0.2583509105328705,1.777120174266082,-0.8653749823570251,0.4325589949943712,-1.0196404457092285,0.16550393682139342,-1.2145052245584373,-0.609967052936554,0.20492333449706757
-0.688789825032978,0.7982143061234226,-0.8653749823570251,0.37678456082120587,-1.0196404457092285,-0.5954308823583402,0.7048651788440724,-0.609967052936554,0.16303370556389293
-1.3152889133832646,1.4542009259217574,-0.8653749823570251,0.2254738954087857,-1.0196404457092285,1.4134508338762535,0.22205475499784558,-0.28031212091445923,0.22153037688980115
1.1185614173410061,-0.1751331366372118,1.1047174630355807,0.2605967499806599,0.9131712481829604,-1.4500192988134943,-1.3385659483639283,-0.28031212091445923,0.43897724000272786
0.6251242622391989,-0.8364706635475159,-0.8653749823570251,0.465319961309433,-1.0196404457092285,1.2404044201050846,0.03707929087223736,1.8287208004496853,0.4527463001254697
-1.1994721552061458,1.0716796338271106,0.9280315088908361,-0.5776455992778631,1.0489084114381362,-0.26977680924046515,-0.3358546631322222,-0.28031212091445923,0.41167097947676057
1.7600860808123118,-0.7155970604297329,1.0418457035627477,0.17544068579464892,0.12396612614622404,-2.1229894899364026,-0.24795100460714936,-0.6727584600448608,0.4150255717074287
0.12721066926025787,-0.8364706635475159,1.3932885655881408,0.707628251864513,0.8173233595305994,-2.232394932123456,0.506269335246716,-0.28031212091445923,0.38748189413412387
-0.1370128697059964,-0.8364706635475159,0.6726931966556456,0.5445187167963513,0.32162763757934765,0.3521475034295586,-0.2559960549658504,-0.28031212091445923,0.3874774643322507
-1.3716376875596703,-0.8364706635475159,1.7416136613656739,-0.6373881821826133,0.898704376366169,-0.1835140987566662,0.38560328645145786,-0.28031212091445923,0.15900799386455242
1.0358402600152041,-0.8364706635475159,-0.8653749823570251,2.1175969800146475,-1.0196404457092285,-0.6914017175457047,-1.9601166292334948,0.7018796586519923,0.6443787928466994
-0.5989847511084099,0.39402128072274367,0.6310980881205593,-0.2996798734819361,-0.17999597687572133,1.073207940015959,0.07706524612034023,0.15922778844833374,0.5859720923200923
-0.26029635144714824,-0.8364706635475159,0.5957057379873818,0.20713112904751388,-0.19025884597754808,-0.27992694161787557,0.9717099681896929,0.7378998005183827,0.5328014849821696
-0.26117177508490536,-0.8364706635475159,1.0264731174527586,0.33767627536502753,-0.035424731361320655,0.7566112591958712,-0.3803840168026796,-0.28031212091445923,0.41335140263383696
-0.17853727132756625,-0.8364706635475159,0.5942644502724124,0.8468811861804684,0.7113652565356574,-0.5358151965170305,-0.11845859330780881,-0.28031212091445923,0.31106324586762096
-0.8122266396110812,-0.8364706635475159,1.104523388111718,-0.9636804540160097,0.4158101633633514,1.4243277134516288,0.3791336797834996,-0.28031212091445923,0.3269236521318713
0.6889438533321289,-0.8364706635475159,-0.8653749823570251,0.3163693210055396,-1.0196404457092285,0.41604316266548214,0.360634071796386,-0.609967052936554,0.2834885297937562
-0.9259483233172391,0.8054077549015889,1.606707399201428,-0.6659236728371549,0.07866432083734454,-0.23335664017583096,-0.22047334420665998,-0.6727584600448608,0.3134801757160977
-0.059249295795307855,-0.8364706635475159,-0.8653749823570251,0.1513027352108159,-1.0196404457092285,1.8982351003520452,0.16269680607876033,-0.609967052936554,0.13449839226896426
-0.3720971000206906,-0.8364706635475159,0.9501346486431738,0.3289303346724156,-0.15327003252364954,0.8890866832652314,-0.22773456929246216,-0.28031212091445923,0.2954925726907236
-0.25515448326762624,-0.8364706635475159,0.594758883014539,0.465319961309433,0.1074095843424905,-0.4282544815881212,1.056081223339835,-0.609967052936554,0.23498935841479304
-0.485133818140298,-0.8364706635475159,1.141052958013984,-1.4574457461927048,0.9130090628525587,1.3024283441965225,0.3687601184640288,1.3917461363593129,0.7518031097448318
1.416641065478461,-0.8364706635475159,-0.8653749823570251,0.5460015929840983,-0.11843199006196432,0.9721583829746796,-1.2939357548104309,-0.28031212091445923,0.5253354736001066
-1.101358844290475,-0.23498668531704767,1.7097671608021452,-0.7862727906148564,0.2712614157185198,-0.49906580721531313,1.0061947113196388,-0.3542008407263868,0.2884069282071089
-0.19241499728550718,0.3050710794043424,0.7995200509266652,3.038265951431992,0.008446864630824658,-1.3698814727989062,-0.9526330662436923,-0.28031212091445923,0.44441659801829925
-0.4279149505059131,-0.8364706635475159,0.878108865457037,1.1232743857867569,0.1263098596668159,0.47477980213162607,-0.3633878598293299,-0.28031212091445923,0.232547641878099
0.9778820274940693,-0.8364706635475159,-0.8653749823570251,0.3028891719279073,-1.0196404457092285,0.47500735129510513,0.1369362741317198,1.3639332581660386,0.5894033928872836
1.07387313919793,-0.5601630734596631,0.9842080211932591,-0.6929699125289529,0.23186229340214665,-0.6453030243806094,-0.4123748422890754,-0.28031212091445923,0.6585788253560162
1.1775231998607805,0.9241603754211825,-0.8653749823570251,0.1779622607134004,0.43668764533309523,-1.4406252586740427,-0.28390773826224663,-0.28031212091445923,0.8458721646202872
-0.5813645366413085,2.4442202462458993,-0.8653749823570251,1.5868663480315903,-1.0196404457092285,-0.4004931116839928,-2.214825347621337,0.7024690726215657,0.4437698544596194
-1.6040100838137876,1.2704033460957476,-0.8653749823570251,0.5175131112785651,-1.0196404457092285,-0.5347022538641022,1.2220499839955115,-0.28031212091445923,0.1921807011999088
-0.6656151340154064,-0.8364706635475159,1.361226318352278,-1.1379492997779255,0.8031184987077906,1.3617708878280648,0.36411981763111234,-0.18268967810210068,0.4611170149191158
-1.04739302577639,0.8652948640243087,-0.8653749823570251,0.22326250751500645,-1.0196404457092285,0.5721644836879886,0.21558267655573493,-0.28031212091445923,0.34272418296085955
0.6213101884909593,0.8471812365765956,-0.8653749823570251,-1.1183661957139963,0.6542245813501721,-0.5399472069668795,1.0502353184155442,-0.609967052936554,0.384963743020266
1.0466111941652148,0.5082612077784222,-0.8653749823570251,-0.9883566616802322,1.289305044482319,-1.0752073429541305,1.3550160743176505,-0.28031212091445923,0.6318664700329076
-1.1458790377466157,-0.8364706635475159,1.651083381701894,-0.8697766215814106,-1.0196404457092285,0.3869604960371448,1.5695617373545496,0.15922778844833374,0.45936942994883995
-1.5628512314770924,0.9290402456929526,-0.8653749823570251,0.741501188744792,-1.0196404457092285,-1.512489333578475,1.7046674943012243,-0.6727584600448608,0.01283262168528727
-0.9556792566397205,3.266507364817868,-0.8653749823570251,0.465319961309433,-1.0196404457092285,-0.488428125847052,-0.5897857526268014,0.15922778844833374,0.5759987904117205
-0.662289956771883,0.3257910653088598,-0.21897495133999245,0.1591737740772209,0.09730323917822503,1.0406501898835334,0.002055908938039778,-0.32589223064746964,0.348961117382192
-0.9469265219878485,-0.8364706635475159,1.3513282591931584,-0.821896710307355,-1.0196404457092285,0.4102217121013048,1.5367422928842656,0.15922778844833374,0.3867414519988565
-1.3606036758348439,0.9736669424519813,1.6441867535611592,-0.20347112138088536,0.6283932771338419,-1.6357747789005654,0.13639776501429296,-0.28031212091445923,0.49604186454449206
0.9538957285779958,-0.8364706635475159,-0.8653749823570251,1.4991854595715375,-1.0196404457092285,-0.5022086910205479,-0.671533537361533,4.788837656239373,0.5458952617480006
1.173819315538346,-0.8364706635475159,-0.8653749823570251,0.03762483517890381,-1.0196404457092285,-0.4942924330203639,0.40260994608734585,-0.28031212091445923,0.5039432883589436
-0.4164784633119159,-0.8364706635475159,1.4858253025388675,-1.597746535418774,1.187859961903718,1.1770447430821365,0.14385251355468162,-0.28031212091445923,0.4020898386548272
-0.9627678730233264,0.38154870302611466,-0.8653749823570251,0.3386752439568154,-1.0196404457092285,0.5494057759697265,0.8326363454773126,-0.47646873829710673,0.15413226287003032
-0.5631136420465741,-0.8364706635475159,1.49882908924493,-1.2341106104831918,0.8419208374565321,1.1173993220224963,0.08203408833123253,-0.28031212091445923,0.45713412373167434
-0.5917291948724507,-0.8364706635475159,1.1338010352587504,-1.2974999707186852,1.2012651067072289,1.2036541054779815,0.3564114274547518,-0.28031212091445923,0.5019632462443576
-0.6356852331693699,1.2948103367488377,1.1302455055793512,-0.24663493259975416,1.5239732241180606,-2.1662482641627534,0.14217251556723362,-0.28031212091445923,0.49556621749318225
1.0230370891422034,0.4447664148148442,-0.8653749823570251,1.5643004270244472,-1.0196404457092285,-0.49554572078097114,-2.225245378155131,-0.5260318729873147,0.40527851977989454
1.0576834279237295,0.8014174451904009,-0.8653749823570251,-0.7761381172630252,0.4904335044134724,-0.47033519098194243,0.1511264098464894,0.15922778844833374,0.7790211676759994
0.29418494381866744,0.880980310317862,-0.8653749823570251,-2.055100396398649,0.7838483825106161,1.1175986149802175,-0.17149110359677064,-0.28031212091445923,0.614296307300178
-0.3615356298843008,0.4631006330397017,-0.8653749823570251,0.465319961309433,-1.0196404457092285,1.037340095541623,-0.31844918451018056,-0.6473257886005278,0.11194089479498323
2.505887733305075,-0.8364706635475159,-0.8653749823570251,0.04700855035230081,-1.0196404457092285,1.8315065208903085,-1.9683765049983732,-0.6727584600448608,0.4806725307614833
-0.6051486077060447,2.843417879916734,-0.8653749823570251,0.770054757491232,-1.0196404457092285,0.619246937735284,-2.1786915117600536,-0.28031212091445923,0.46097189123270904
0.2491944174348108,-0.8364706635475159,-0.8653749823570251,0.05866748476506002,-1.0196404457092285,1.539473841414786,0.07805387383052675,-0.28031212091445923,0.2432174470798415
-0.6878259120204235,0.6650718535219845,-0.8653749823570251,0.465319961309433,-1.0196404457092285,-0.052608498351578756,0.4766629706739995,-0.6727584600448608,0.0914469264580187
-1.2940036121517944,0.8722077582039433,1.3287630861462827,0.09941657168608893,0.33666720579721343,-2.081384809603099,1.2236101451728518,-0.28031212091445923,0.3174888093882957
-0.495133692653088,-0.8364706635475159,1.0104016032944505,0.28364085671118044,-0.0613674639590928,1.0121448235047468,0.04499371151818914,-0.28031212091445923,0.2979792698365337
0.801507143565637,-0.8364706635475159,-0.8653749823570251,0.465319961309433,-1.0196404457092285,-0.5029499027657383,0.26444778439287653,0.15922778844833374,0.46334596227809904
0.9724519769483435,0.4734270438135282,-0.8653749823570251,2.3811910961411313,-1.0196404457092285,-0.5844990911648833,-2.225245952606201,3.925009316643621,0.4647420120142927
-0.27127943289770673,-0.8364706635475159,-0.8653749823570251,0.47531587459047675,-1.0196404457092285,-0.46099993169024256,1.5179353063863568,-0.6727584600448608,0.034737208306268724
-0.3366087049411655,1.911632869858292,-0.8653749823570251,2.1462344635020725,-1.0196404457092285,-0.7078781420335887,-2.225244212852235,4.9995145310665645,0.44650602917474175
0.2370388888159294,-0.8364706635475159,-0.8653749823570251,0.525307914192996,-1.0196404457092285,-0.48163226547579385,1.0812490423540886,-0.6727584600448608,0.10841098123288513
0.025975842064475535,-0.8364706635475159,-0.8653749823570251,0.07775074631321008,-1.0196404457092285,1.7770711043246241,0.08610977523000858,-0.30607694625654525,0.17362350628863152
-1.2663726559014155,1.8299493168770715,-0.8653749823570251,0.6170838105057773,-1.0196404457092285,-0.23619288247889264,0.23752690255917883,0.2758275766952857,0.44553669033725835
-1.1620925557253075,1.7970143658768294,-0.8653749823570251,0.4731751912299276,0.32177982286636225,0.05746932192150652,-0.4171045373867328,-0.28031212091445923,0.38318011768618765
0.641788405260792,1.622661522910982,-0.8653749823570251,-1.2758571134262293,1.308751707441849,-0.30737548106007523,-0.1304400808950065,1.312187637072979,0.9966308780696111
0.6279965928224708,1.4076153993011986,-0.8653749823570251,-1.5965046965392875,2.277420109954626,-0.16367196697354705,0.1714750552400386,0.15922778844833374,0.8807966270098124
1.5846420923635096,-0.8364706635475159,-0.8653749823570251,-0.06495878867934178,-1.0196404457092285,-0.20587192412714522,0.4561083370553194,0.6975442331039022,0.6753141014486923
0.23245265003202312,-0.8364706635475159,-0.8653749823570251,0.2638856471712692,-1.0196404457092285,1.4332831283575016,0.23948010152371824,-0.28031212091445923,0.23914877464200332
2.4844213754016296,-0.8364706635475159,-0.8653749823570251,-2.2391007531458063,2.822593213524712,-1.4274231112235551,1.4399113498347187,1.0795246452795324,0.8234075544520022
0.3662992013600269,-0.8364706635475159,-0.8653749823570251,0.6837100297356004,-1.0196404457092285,0.31243090563461484,0.050803801074929864,0.7001553418373208,0.3853226489788258
0.03053786218725734,-0.8364706635475159,-0.8653749823570251,0.465319961309433,-1.0196404457092285,0.19773508333660259,1.1783290627808898,1.3367849534078262,0.36452615126398813
-0.5339208279575504,1.3465666699174403,-0.8653749823570251,0.8719145697515314,-1.0196404457092285,-0.4741750786016705,-0.32747498287881566,0.15922778844833374,0.5067296257450423
0.577131763387351,0.9287727765174882,-0.8653749823570251,-1.2533574878261524,1.0906482932799997,1.8539788590859458,-1.7610000941355475,-0.28031212091445923,0.6374300784661746
1.5970889071626981,-0.5951086967195589,1.0037867614502198,0.465319961309433,0.09268372527972406,-1.6575125404147575,-0.7137431861798071,-0.6504472876453605,0.3824053346084285
-0.5542361179843518,3.2937336586667225,-0.8653749823570251,0.465319961309433,-1.0196404457092285,-0.5271064867147311,-1.8544631231091016,-0.5173141289682774,0.38359664500899776
-0.9741977257859176,2.9851017462635516,-0.8653749823570251,0.7759330516520884,-1.0196404457092285,-0.4098538300323848,-1.331341873686854,-0.29687996813367734,0.35068946962348585
-0.9929371047106301,-0.5970979623904351,1.4421143359635535,-0.7329826464169701,0.3332074950914258,0.8935100490174772,0.281048268883379,-0.28031212091445923,0.4483574476680817
-0.2732825529308994,-0.8364706635475159,0.5842639582026949,-0.08311474899279891,0.28428636422756937,-0.1303563842969076,1.4660880785186885,-0.28031212091445923,0.4267795832026892
-1.285934078770932,1.0463776951161279,0.9063532712550151,0.013622927260155723,0.6375657223717411,-0.26601608410382366,-0.9778723952052207,-0.28031212091445923,0.2605718251085712
-1.15910790611497,0.5376827087785203,0.2993181282256985,0.8931543586487808,0.18241068121223233,-1.3252606149094368,0.9181699757266928,-0.28031212091445923,0.23403542322849136
-1.1277225629755911,-0.8364706635475159,1.7526646692284928,1.6682036836760155,0.3923755441851164,-1.7283429313280758,0.9607806498546084,-0.28031212091445923,0.10418188011354187
-0.34676634046215843,-0.8364706635475159,0.9450120550757766,-1.3324200657735334,0.9556106986658088,0.7678780732209839,1.2573488074111852,-0.28031212091445923,0.4420249668761946
-0.636613513346041,3.336302962447017,-0.8653749823570251,0.15887650091179328,-1.0196404457092285,-0.4933694259165936,-1.687612125102177,-0.28031212091445923,0.4748321426869928
-1.2412323444688478,1.7710522794073384,-0.8653749823570251,-0.32908171879118886,0.9463040246008073,1.3291074248294001,-1.0854775944370543,-0.28031212091445923,0.3853470399411704
-0.3511902694980688,0.6250761551463019,-0.8653749823570251,2.3002591813153517,-1.0196404457092285,-0.5054482101798194,-0.9780866395062932,5.00667725178203,0.6461673974605888
-0.09703693939008617,-0.8364706635475159,-0.8653749823570251,0.465319961309433,-1.0196404457092285,0.4052257408068514,1.472218299081148,4.480443075474334,0.30252429937688874
-1.2932611318254088,0.9284938877486564,1.0658142731390197,0.37477197132368095,0.45744007607366394,-1.5621157879887873,0.09917720703521715,-0.28031212091445923,0.41798799189890873
-0.6348687771785305,-0.8364706635475159,0.7117240560007627,-0.31634082482343273,0.3026213483356652,0.01778933187896937,1.4975127985681609,-0.609967052936554,0.22293466739919518
0.6498989757250473,-0.8364706635475159,-0.8653749823570251,0.465319961309433,-1.0196404457092285,0.42073938173507397,0.07680639655832457,-0.6414033021820805,0.19435873873801285
-0.7791928164044528,1.336263530019321,-0.8653749823570251,-0.4482327364104202,0.689150901816544,1.0149717551915156,-0.9141326472975358,-0.28031212091445923,0.3519484915300785
0.2212806072132331,-0.8364706635475159,0.7255368396981818,-1.3894642488983977,1.3032333155765288,-0.09355117795638199,1.2902491338940778,-0.609967052936554,0.4735747364758715
-0.23446540656595774,-0.8364706635475159,0.7534937594035401,0.17258316183637337,0.3056177078244626,-0.1858610420483367,0.1774529371038115,-0.28031212091445923,0.3653615598899076
1.1154074232959286,-0.1845901562822428,0.6444139116795284,-1.1617536549509346,1.2349333741753212,-0.38908550668714104,0.8170712789171146,-0.5064836297496115,0.525493084740242
0.33098044972333385,0.5555231450579714,-0.8653749823570251,0.465319961309433,-1.0196404457092285,-0.055359510287134275,-0.6319436069344556,-0.609967052936554,0.2816115469491255
1.4558185537119548,-0.8364706635475159,-0.8653749823570251,1.8498865054585623,-1.0196404457092285,-0.43352933642342406,-2.225244552677063,3.167139030476492,0.6079524288967514
0.33876234411146267,-0.26744117451478944,0.7903404100561722,0.465319961309433,0.15475107023413542,-1.6205390722311832,-0.14614626614388962,-0.28031212091445923,0.47804989507628587
-1.6936177015304565,0.42855880197071505,-0.8653749823570251,0.465319961309433,-1.0196404457092285,-1.4970155383956185,2.4111346383167653,-0.28031212091445923,0.1448147344133222
-0.26186874383096165,0.3287691367635694,-0.5328175084152884,0.465319961309433,0.32089360279753865,-1.4101460895458469,-0.1944308134354761,-0.28031212091445923,0.3419880652054854
1.7132911669147983,-0.8364706635475159,-0.8653749823570251,0.1562794570337553,-1.0196404457092285,-0.45766396092897105,0.37915007702705755,1.7138305960000402,0.7568105057043524
-0.2713740271789578,-0.8364706635475159,-0.8653749823570251,0.465319961309433,-1.0196404457092285,-0.5344494859171486,2.1063979928777403,-0.28031212091445923,0.17720772411235822
2.0199432903405863,-0.8364706635475159,-0.8653749823570251,1.548762750609715,-1.0196404457092285,-0.7393628589821848,-2.2252451578135135,-0.6298561251559538,0.39185981509000395
-1.2308923059433075,0.7174121973612103,0.5915632278882766,0.5736762757029483,-0.026915493204263743,-0.995756320662839,0.3432015284224792,-0.28031212091445923,0.35866445024549154
0.5663193851841652,-0.8364706635475159,-0.8653749823570251,0.465319961309433,-1.0196404457092285,0.43307826328885424,0.09369154586398519,-0.609967052936554,0.2687856734805228
-1.0218525832329357,0.3597439683496429,1.1111851301040447,-0.6601776854080377,0.6169507170344604,1.1034788795631791,-0.15430017874726687,-0.609967052936554,0.34814265111500375
1.0197581579958235,-0.28033128481689684,-0.8653749823570251,-2.531012457964968,1.7158835650251871,-1.3303537638672776,2.7371253324391085,0.5710646306878153,0.7528223579551326
-1.1913823141985114,1.3589537369461664,-0.8653749823570251,0.49537764197977097,-1.0196404457092285,-0.29466320116007194,0.8637499471073096,4.9741115901994934,0.5344521189214022
0.5069659617821216,-0.8364706635475159,-0.8653749823570251,0.465319961309433,-1.0196404457092285,-1.181525450236558,1.3067517378110511,-0.6908986420076738,0.0961645423202391
-1.5790512944026394,1.8046828434713573,-0.8653749823570251,0.6904306745634817,-1.0196404457092285,-0.5031603723224771,0.9247229097024289,-0.6232242098450997,0.09646267816066054
-1.3630082424564098,2.0168998414974255,-0.8653749823570251,0.465319961309433,-1.0196404457092285,-0.1710649973371749,0.3390576323253439,0.8370147394351928,0.48504903369613733
0.32657123854213665,1.0908574266902857,-0.8653749823570251,2.145603519191554,-0.2989699261638034,-1.708648237280392,-0.5986492424646177,-0.28031212091445923,0.6562977144725285
-0.7133373776522648,0.872988825656221,0.6831645740965999,0.9967980116587012,1.2667311388432119,-1.2421527325414836,-0.7760059352093386,-0.28031212091445923,0.2702104180966471
-0.860051169054395,0.7136329482295896,0.6413462181541341,-0.10292513747780312,-0.22640004221293572,0.8971332421565307,-0.17409613522491857,0.15922778844833374,0.49207005673426824
0.09114915209836048,-0.8364706635475159,0.6591312382391729,0.153344117716711,0.6818341832763237,-0.06524986629848856,-0.2837893628485721,-0.28031212091445923,0.39085928633264244
-1.2303617154633646,1.1739243770652144,1.2524019089465066,0.18114993704374052,0.32638644687659,0.006710297615609703,-1.2700939010440382,-0.28031212091445923,0.4589812054410718
0.8374998879157471,0.8188660720000227,-0.8653749823570251,-0.8617679460476124,0.9483110458195451,-0.33051885178501667,0.08238083124429135,0.15922778844833374,0.7919064919700254
0.18463857556114793,-0.8364706635475159,-0.8653749823570251,0.5085270769890804,-1.0196404457092285,0.4044729971278502,0.5879206463979749,0.29913172130376564,0.3499368724287809
-0.6242950225105633,-0.8364706635475159,0.8683782859592313,0.465319961309433,-0.2716580424041397,0.8375279809153721,0.09922304528321187,-0.28031212091445923,0.282584326670385
-1.5189407261502665,1.441953161275892,-0.8653749823570251,0.465319961309433,-1.0196404457092285,1.0378858386177872,0.24464710623930114,-0.28031212091445923,0.23058160437429878
0.26181052041283814,0.2955619578624444,-0.8653749823570251,1.190345966914558,-1.0196404457092285,-0.5715338039713806,-0.9879825175710746,4.6505406165482395,0.650492956593722
0.6569429857232072,-0.8364706635475159,-0.8653749823570251,0.1727768851802389,-1.0196404457092285,1.1826023176743865,-0.2584500647149884,-0.6349338136351509,0.22605590966863692
-0.2729939331071484,2.1508151558997564,-0.8653749823570251,-0.9232157334772967,0.8954278151289007,0.40413032416023675,-1.1285758200300493,-0.4358685023192824,0.47666784981995547
-1.1413587971902885,1.4454001120830515,-0.8653749823570251,-0.3114545637913336,0.8020928380378736,1.169802518974357,-0.9190963665695653,-0.28031212091445923,0.1545058482433097
0.07813296474425585,-0.8364706635475159,-0.8653749823570251,0.465319961309433,-1.0196404457092285,0.842411181603953,0.9298876478591881,-0.28031212091445923,0.208622807452053
1.067042671858347,-0.8364706635475159,-0.8653749823570251,0.17154704844493052,-1.0196404457092285,0.6846649393371858,-0.15787992867034673,0.7045399194983128,0.5428697149665991
-0.2615887702640529,3.3363199060009343,-0.8653749823570251,0.465319961309433,-1.0196404457092285,-0.47247622770760356,-1.6948465950762954,-0.6727584600448608,0.2321459878278475
2.027429762921957,-0.8364706635475159,-0.8653749823570251,-0.9210189405333299,-0.28845196059440686,-0.607067685238405,0.9812353165648084,-0.28031212091445923,0.723645539497416
0.2043097085806958,1.202719571372415,-0.8653749823570251,0.4949414784313716,-1.0196404457092285,-0.3397076910118188,-0.642413086293671,-0.6314961155339678,0.28561230978354846
0.1907673090957409,-0.8364706635475159,-0.8653749823570251,0.43587922981299004,-1.0196404457092285,-0.1362202758152283,1.1710857063329592,1.157704939548104,0.39419830337085165
-0.024580633586446132,0.8372555296387916,-0.8653749823570251,-1.2514368044709563,-0.04148557024187691,0.7973698099358164,0.21738862122547062,-0.6168228522860774,0.35986998441289825
-0.4744593014275678,-0.8364706635475159,0.686786389232077,-0.8091856888387247,0.6632759802190142,0.0379201899593538,1.492529838999753,-0.6535101150893087,0.22962431914174314
1.5251319423522118,-0.43820778842512487,0.7094865928750386,-0.3608052734555646,0.9041528846248774,-0.32020575165908965,-0.9908320054992352,0.15922778844833374,0.6542334930760426
-1.2593025461675018,-0.8364706635475159,1.1760968708620714,0.17567073677294032,0.6753205246091148,-0.5357257656035608,1.2687283917903798,-0.28031212091445923,0.1298521448087484
-0.6289305722806698,-0.14032424549289732,0.9795553215036169,-0.9436930756412343,0.8119109598080935,1.0680946108181408,0.2802747236321015,-0.28031212091445923,0.5583508643341821
-0.2695343351383374,1.1534554324214739,-0.8653749823570251,0.7928141201894252,-1.0196404457092285,0.22805066283189554,-0.9034451999123165,-0.6727584600448608,0.10334175790240317
-0.599189186346594,-0.8364706635475159,1.1138203212490438,-1.5261691240237525,1.0002156277259064,1.4123757320132577,0.42269569709700017,-0.609967052936554,0.32550738023372583
-1.092604742669746,0.3386859796514823,0.8708027580259492,-0.42850898507270574,0.33657032151746086,0.4122211754306668,-0.15844693747020072,-0.28031212091445923,0.38305505590915434
-0.5891856658541652,-0.8364706635475159,0.6421815908859588,0.6248876654651819,-0.043949645536597456,-0.3918477362187236,0.9580727083144812,-0.3995085409520566,0.20335587355651935
-1.3585396548229358,0.780115332310003,-0.8653749823570251,1.1301449216123913,-1.0196404457092285,-0.19052083934084796,0.37427898902100953,-0.609967052936554,0.06611654673785167
-0.8463288920743051,0.6258087806913974,0.7419634791644621,-0.5018257855645728,0.5433693665436227,-0.4331611549191831,-0.3081754804764976,-0.28031212091445923,0.49364534998169257
0.28213965479124675,-0.8364706635475159,-0.8653749823570251,0.465319961309433,-1.0196404457092285,0.02976205470910159,0.9344931234291936,4.77294217769834,0.4080720726875732
0.019374942550651274,-0.8364706635475159,-0.8653749823570251,0.15933104940635742,-1.0196404457092285,1.673507563962276,-0.15781141890748995,-0.28031212091445923,0.2432304126485087
0.29908320421825507,-0.8364706635475159,-0.8653749823570251,0.465319961309433,-1.0196404457092285,0.4223305516528946,0.6277213755292551,4.381412882655168,0.45074414923476147
-0.6482536287013293,2.7221583653516386,-0.8653749823570251,0.5402519687141973,-1.0196404457092285,-0.053225734783251225,-1.8824888864447265,-0.28031212091445923,0.4552142211860153
-1.2683484739442965,0.907898821411226,1.6681639688967032,0.04261433592608242,0.8694767698365939,-0.22983204650160158,-1.0410893318908228,-0.28031212091445923,0.44564657631204535
-0.6309743634286067,-0.8364706635475159,0.9240547278160394,-0.8191850546750111,0.23180007024493463,0.8665946493004694,0.9637400688950135,0.7833754342441832,0.5223934983022622
0.47046243938884097,-0.8364706635475159,-0.8653749823570251,0.17780985535025057,-1.0196404457092285,1.0231210929861365,0.07076463893626898,-0.29737064726648266,0.2179378626622289
-1.3335214928894925,1.7895567404494062,-0.8653749823570251,0.7924549672519751,-1.0196404457092285,-0.07126612259743599,-0.06437071662761557,-0.609967052936554,0.07087104086960481
-1.0856808699004759,-0.8364706635475159,1.9540719143688292,-0.3428475254129427,0.6821163757627212,0.9827540486996946,-0.6839683028422019,0.03435848333802349,0.30225565557876843
0.1842100040042851,0.39420675462599064,-0.8653749823570251,2.2899088060989317,-1.0196404457092285,-0.49835053901568616,-1.6309217563226306,3.7247246666944136,0.6694813740874057
0.0782113137800228,-0.8364706635475159,-0.8653749823570251,0.465319961309433,-1.0196404457092285,0.9358431035179852,0.38864739246479385,-0.6727584600448608,0.10112693614670085
-0.26652382587164974,-0.8364706635475159,1.0169599751442868,-0.035354236697446834,0.05731768421528176,0.9350362791598618,-0.1672843335266175,0.595557760575827,0.48564833516284844
0.9911846612734815,0.8916957188945264,-0.8653749823570251,-1.7474119973297944,1.1339034025240518,0.07274248228922968,-0.1797003093295484,-0.28031212091445923,0.7120947801417548
1.203082402791403,1.1714505042675762,-0.8653749823570251,-1.0588542410461605,1.3632232126638524,-0.551042735656749,-0.2489453694603307,-0.6727584600448608,0.34158405599306724
1.1145401054273034,0.09315216433590406,-0.8653749823570251,1.8238248493799678,-1.0196404457092285,-0.5777947260038122,-2.225244200602003,4.503139335122713,0.5029949746711836
0.3182885247845696,-0.8364706635475159,-0.8653749823570251,0.465319961309433,-1.0196404457092285,-0.19583954465942188,0.8267593082502873,3.3914809386267364,0.46931479707433804
-1.5829500643102878,1.4457215595522714,-0.8653749823570251,1.2817978827582166,-1.0196404457092285,-0.0008553954988313114,-0.02924135303417172,-0.6376031221936699,0.013044339112291635
-0.46077275438406556,-0.8364706635475159,0.8633564214175039,-1.022866310343979,0.6086973368219184,0.5146755551687521,1.0868401698573857,-0.28031212091445923,0.4218849298809528
0.410488703150219,-0.8364706635475159,1.7794299842705286,-1.054060889836803,1.2756455687463137,-0.4996961815820028,-0.22455009831446782,-0.28031212091445923,0.5653397236764138
1.0825922050087344,-0.8364706635475159,-0.8653749823570251,0.465319961309433,0.005157897181051859,1.258804552789324,-1.81929254120015,-0.28031212091445923,0.5771177276653422
-1.1523540537160208,1.3009810323461368,0.9838486251669534,0.465319961309433,0.42103064205978524,-0.5431113220093902,-1.0558030315529319,-0.28031212091445923,0.4363538644515241
1.135020973047092,-0.8364706635475159,-0.8653749823570251,0.8452081180685925,-1.0196404457092285,-0.5469350809694487,-0.23508428988307736,1.7612287821662136,0.5412733581550991
-0.26749072882781927,-0.8364706635475159,-0.8653749823570251,0.4612909586990458,-1.0196404457092285,1.005317006188146,0.6094702003698581,-0.6069999545548336,0.14260317466182099
-0.5015858510429503,-0.6738884723749288,1.3369129630198355,-1.6802249656238046,0.8852612610774202,0.7270901086537137,0.21917550670933952,-0.609967052936554,0.42885331069731325
-0.35470513376703794,-0.8364706635475159,1.6643939334144822,-1.1284020814763138,0.8843528249375158,0.8108851153811591,-0.09121567661964543,-0.28031212091445923,0.638901188196108
-0.23790105880099036,-0.8364706635475159,-0.8653749823570251,0.465319961309433,-1.0196404457092285,0.33643630077608583,1.1575473560104315,0.3097236356743341,0.28703462358119736
0.9147879674389784,-0.8364706635475159,-0.8653749823570251,0.2143864902692017,-1.0196404457092285,0.6944269195606756,-0.27122126017409504,-0.28031212091445923,0.39126859545669573
-1.1737840192163738,0.47493178235725875,-0.8653749823570251,0.4804200770224624,-1.0196404457092285,-0.5927787892379089,1.2646264151303634,-0.6727584600448608,0.08004655552661646
-0.6284981690513595,-0.8364706635475159,1.778022075103673,-0.4579867509124584,0.12922480807693346,0.882565483147651,0.019202656979973885,0.47743859382787424,0.47617406837945503
0.0643320857357216,-0.8364706635475159,-0.8653749823570251,0.18288260087559982,-1.0196404457092285,1.4310929697883905,-0.14917813519026635,-0.28031212091445923,0.2888700248948402
1.119554174029953,-0.8364706635475159,-0.8653749823570251,0.34493765519860153,-1.0196404457092285,1.2950330901123461,-1.0544794112616416,0.5256986438672356,0.46365734320260454
-0.24774271631855255,-0.8364706635475159,0.6714687020945926,-1.212701040689858,0.7886660511073299,0.09832118621547889,1.549403258450249,-0.5358239134159669,0.23725503687853833
-0.34389580260928876,-0.8364706635475159,0.659830389539193,-0.6870033177053061,0.6863914512197622,0.018139170437916925,1.447920563353907,-0.609967052936554,0.33473189407469217
-1.0762375391466188,-0.8364706635475159,0.9671991754700906,-0.6208672070969237,0.15356080608586078,0.4741230389666615,1.2048762175907584,0.15922778844833374,0.33546384233418425
0.547250599519149,-0.8364706635475159,-0.8653749823570251,0.465319961309433,-1.0196404457092285,-0.13752433544776912,0.9478996516242993,0.6976706432524982,0.40137197033022076
-1.1746436381139274,0.2808105021973301,1.40534029301934,-0.6212806794131214,0.4583875235670165,0.7720202733027529,-0.1716985327793028,-0.28031212091445923,0.2580755151888595
0.023926533587587805,0.85041658320159,-0.8653749823570251,-1.5211796572791854,0.11471090804459519,0.818496230446467,0.14169574485138253,-0.28031212091445923,0.5272180602624448
0.9570367067659974,-0.8364706635475159,-0.8653749823570251,0.17659410724992092,-1.0196404457092285,-0.2775261430864575,0.7877829343906791,-0.28031212091445923,0.4027098286460352
-1.2045588364918949,0.8587916938711102,0.7793828826178105,0.8791111379935553,0.18312158614302984,-1.7333569776986864,0.22655596622685564,-0.28031212091445923,0.3490212808108121
-1.164838619078271,0.6848123483809527,-0.8653749823570251,0.465319961309433,-1.0196404457092285,-0.4580095812665792,1.3140049328770587,-0.6727584600448608,0.05379100798927754
-1.0773766201488284,1.1477270018461827,1.1000920304419908,1.591254037763283,0.52723958695405,-1.658103789996561,-1.2007098721193465,-0.28031212091445923,0.28938270599773
-0.627544399331501,-0.8364706635475159,1.0648890398134085,-1.0543404551506423,0.4470702121479474,1.366985654617777,0.30944612945720057,0.15922778844833374,0.4521157157022252
0.7240567713151215,0.8784228613162808,-0.8653749823570251,-1.3178160110806427,0.6731304063121276,-0.33087594370160733,0.49405739569169826,-0.28031212091445923,0.6286282329423292
1.0883122196371273,-0.8364706635475159,-0.8653749823570251,0.5167641970437694,-1.0196404457092285,0.616085363722863,-0.327611381013441,-0.28031212091445923,0.42373929724903836
1.0507555372443589,-0.8364706635475159,-0.8653749823570251,-0.26422989572949607,-1.0196404457092285,1.1898999853819727,-0.2551898320780579,-0.28031212091445923,0.4992532691977806
0.48690633018074325,0.7791321847114808,-0.8653749823570251,2.4339911591877152,-1.0196404457092285,-0.6042082054377641,-2.225245952606201,0.15922778844833374,0.429722074765336
0.8512088481600064,-0.8364706635475159,-0.8653749823570251,0.6491186595973247,-1.0196404457092285,1.0145376164454758,-0.25797603391112894,-0.58352367273691,0.266875517008551
-1.2045868090686778,3.1003335476069394,-0.8653749823570251,0.1381345450169616,-1.0196404457092285,1.0648216209783077,-0.6898773520518563,-0.28031212091445923,0.3945408330072997
-0.6045102955998086,-0.8364706635475159,1.6968256831825752,-0.9522106047981072,0.2120522635586869,0.8449404146609055,0.037446175554117875,-0.28031212091445923,0.5099137554384019
-0.5042127315407163,-0.8364706635475159,1.1888767394580295,-1.1556780602972565,0.39601764502325987,1.2465084619362006,0.3211958957708471,2.7071232191179426,0.7190984492849569
-0.16016763109643053,0.6204036475510859,-0.8653749823570251,-0.9111207299643791,0.591592883846499,-1.4512273934591877,2.3068802458057207,0.0944442093070087,0.5331658303882801
1.3953231665832848,-0.6712345396828424,1.0358124197538257,-0.8940528734187682,0.89117559107893,-0.6694415505171305,0.06664602625912511,-0.6340012522193903,0.4282003087061146
0.49743115892991996,0.9444051891481914,-0.8653749823570251,2.286890363614131,-1.0196404457092285,-0.613130522552182,-2.225245952606201,0.15922778844833374,0.41540453645043424
2.0976192574604933,-0.8364706635475159,-0.8653749823570251,1.9493963516686814,-1.0196404457092285,-0.5956370885760611,-2.225245952606201,4.465287038248794,0.5017105013063546
-0.2750812804236933,1.5555344403817204,-0.8653749823570251,-0.5248300446910261,0.5884025237504116,-0.4005457382637775,0.13198727018928877,-0.28031212091445923,0.5965533009941633
-0.3812227627676918,-0.8364706635475159,1.0036781071866863,-0.4733916210180099,0.3328945188633652,1.0685567439496384,0.2901777916105657,0.15922778844833374,0.5230991610671186
0.3063970086451694,-0.8364706635475159,-0.8653749823570251,0.0740368838224094,-1.0196404457092285,1.2838072276893264,-0.22899496387810947,-0.28031212091445923,0.41890239063297846
1.0450599503976339,1.532440008559978,-0.8653749823570251,-1.2916131340151833,2.651201023135302,0.4113265292310914,-1.8415810213178387,-0.6342773336726307,0.6403742323997749
1.945906090405545,-0.6127503936821214,0.8763525474737978,-0.6269842573862812,0.669372704447253,-0.6947751303823355,-0.451942808727787,-0.6237501914099246,0.3856501526305381
-0.9599169824667976,1.7086054660748689,-0.8653749823570251,-0.2440534924537686,0.6992152149511797,0.8886225996125235,-1.1574169749163452,-0.28031212091445923,0.48178698536971204
-0.2564476745979953,-0.8364706635475159,1.1325839797415689,-1.5129172999082106,2.326925376322153,0.010484327466886188,0.6101704781722714,-0.28031212091445923,0.5846558168245304
1.376680246620671,-0.6040832558020424,-0.06195862337628938,-0.9128606442775186,0.8844213126730974,-0.010008075852616427,-0.6733183737387524,-0.28031212091445923,0.6467300097397328
0.3005194089104728,-0.8364706635475159,0.6587157317549606,-0.9337018433643703,0.781890393856036,-0.36466391274142534,0.4671296059546393,-0.4108151180212091,0.3827046056995368
0.9969206702180762,0.15488652577223427,-0.8653749823570251,-2.6941258608987866,3.260162821596132,-1.6318269423405247,2.7386114597320557,-0.656823526175356,0.5325685737820612
-0.8990790499714895,1.0321658930702484,1.1681284626083683,0.5862544404597136,0.3631289182146478,-0.8893594193148427,-1.6589376204323807,-0.28031212091445923,0.3423905063866612
0.29312389407427236,-0.8364706635475159,-0.8653749823570251,0.3522524807586292,-1.0196404457092285,1.1247317122434446,0.47953679260152593,-0.609967052936554,0.1721465331786811
0.04882790238216083,1.87588512699608,-0.8653749823570251,-0.06029527033264094,0.5780803185595229,0.40051114975268354,-1.8511665715401322,-0.28031212091445923,0.6577886961756627
-1.6935428639783296,0.9197892202576815,-0.8653749823570251,0.6352016843016921,-1.0196404457092285,-0.520545347399804,1.5772833837492397,-0.28031212091445923,0.2524196612187871
-0.5526446611672777,0.3678293229916271,1.055931287088505,-1.3002909207872422,0.9563527654129104,0.9710260074172627,-0.0312405642656894,-0.6727584600448608,0.43192344111746467
0.9681270937706861,-0.8364706635475159,-0.8653749823570251,0.8973653277115443,-1.0196404457092285,0.40473807258439903,-0.17824008574237277,0.15922778844833374,0.46405566658440345
1.4056513183659392,0.5337748000681531,-0.8653749823570251,-0.33278904880003524,0.818769133146787,-1.0239074193551538,0.03057367587698135,0.15922778844833374,0.9171205862864545
-0.7310353647835486,-0.8364706635475159,1.0822172603064022,-0.9557005489292674,0.33204520163414664,1.4895638054588036,0.29285537370919495,0.15922778844833374,0.5026299764201574
-0.7670009639781873,1.7377614979486238,-0.8653749823570251,0.14620711100852982,0.6774766381733784,1.2965049508628157,-1.8936436387026914,-0.28031212091445923,0.49887825646035927
-0.7444810649060519,0.31285319939527384,0.6736949588044914,-0.4000492532051436,0.3549226190856634,1.0898131798521933,0.0812910236855991,-0.6727584600448608,0.15449110992995033
2.3563970555996274,-0.8364706635475159,-0.8653749823570251,-1.5924402183117794,1.5413678408350764,-1.0733331329282079,1.1734936099819744,-0.609967052936554,0.5971782391342207
-0.069968704951336,-0.8364706635475159,0.8499843441917742,-0.41072328415630754,0.4356157666440832,0.3712186243567356,0.07774689236422505,-0.5914190013756425,0.3169107173649204
0.9353598621753323,0.3621792614255342,-0.8653749823570251,-1.617916083563415,1.0796917306044982,-1.2305619699399217,2.647602222804384,-0.609967052936554,0.4101789108395928
-0.5317263665250126,1.8530795249287708,-0.8653749823570251,2.217027401695242,-1.0196404457092285,-0.5180098592667948,-2.2252444647534158,-0.28031212091445923,0.3369096241887055
1.0395773572807125,0.534259941905755,-0.8653749823570251,-1.342261962035443,1.3297990564123783,-1.550358998884819,2.3620311571527317,0.6951873181519114,0.7439602566075383
1.1669038618462335,-0.6203384637889809,0.995260811642047,-0.8184636923943565,0.8894482730577409,-1.5040168397016003,-0.28817585863509537,-0.609967052936554,0.41991160686574025
-0.6580591677205108,-0.8364706635475159,0.990563035899929,-0.6718489507886541,0.316704567535179,1.0725920986129305,0.37058013492926595,-0.28031212091445923,0.45214460730913
-0.8881983222529397,0.7617819215658314,-0.8653749823570251,-1.2149576927538805,0.3629952549175025,-0.12802577835529905,1.3749964809284816,-0.28031212091445923,0.31456997760998023
0.639455326622609,0.26399647806293275,0.593645259465464,-0.5841268234060708,0.7405462985889679,-0.03921324954517755,-0.9476554027860051,-0.28031212091445923,0.5390386985332664
0.02359566985800156,-0.8364706635475159,1.0070814722202028,-1.061571022028824,0.7387932189996163,0.4787632827403514,0.08383964725903703,-0.5721414992171159,0.43115455519114193
-0.040945360950104176,-0.8364706635475159,0.9090270069146388,0.17357384358002143,0.07436953509443346,0.4890747432538723,-0.34112013505810573,0.7070499349894008,0.5068199922644647
0.41237010316361306,-0.8364706635475159,-0.8653749823570251,0.465319961309433,-1.0196404457092285,-0.39208836007340037,1.1827541758725009,0.15922778844833374,0.3333425062789946
0.38264357224326195,1.1955734051804585,-0.8653749823570251,-1.567054167870522,3.7321956916643027,-1.743557243417468,2.5148555296313417,0.15922778844833374,0.683634521947437
1.1049736912115995,0.32070462748598144,-0.8653749823570251,-1.5786567920884265,1.0835010266393985,-0.5430144087641994,1.1083999595313496,-0.04297858548566813,0.6901375356798827
0.7583313149605254,-0.8364706635475159,1.03013214823294,0.465319961309433,0.7765075459375662,-2.235873673638573,0.10629856573328861,-0.28031212091445923,0.4784861836473261
1.0576118545794753,-0.8364706635475159,-0.8653749823570251,1.0776587123414014,-1.0196404457092285,-0.38263987794105214,-0.38318142594949123,0.15922778844833374,0.47971574204383866
0.19273300507637192,-0.8364706635475159,-0.8653749823570251,0.465319961309433,-1.0196404457092285,-0.6003743118960704,1.443279491119391,-0.28031212091445923,0.2975923449667655
-0.5839064892676276,-0.8364706635475159,0.6273356219268191,0.465319961309433,-0.14716647871120617,-0.31180031878722136,1.0863928620950873,-0.28031212091445923,0.33428241204341935
-0.6093085196129057,1.3548326742545962,-0.8653749823570251,0.3067266801033782,-1.0196404457092285,-0.1759458545712746,0.03073465709038626,1.3200224598006294,0.6107083021462874
-0.13475954044963656,0.8673565347926175,-0.8653749823570251,0.48345698185617253,-1.0196404457092285,0.4148493384860623,-0.7640378488906849,-0.6727584600448608,0.14833380171309266
0.6189111358570364,-0.8364706635475159,-0.8653749823570251,0.6720824780072647,-1.0196404457092285,-0.3724129451351383,0.08121520585831261,-0.2122293413784605,0.42165874455739144
-1.6936098421758992,1.266122671301626,-0.8653749823570251,0.48771576242659775,-1.0196404457092285,-0.8635638242420892,1.6079834504251977,-0.6727584600448608,0.0206660164821564
-0.3360495245447269,1.7001783805167958,-0.8653749823570251,1.536430404785244,-1.0196404457092285,-0.33133313370513334,-1.9658207410872042,-0.28031212091445923,0.36375080383336245
0.49918489862454674,0.5433410157523615,-0.8653749823570251,1.6053853854645685,-1.0196404457092285,-0.3486515454954848,-2.225054556416525,-0.28031212091445923,0.4518181153788439
-0.2772555533994781,-0.8364706635475159,-0.8653749823570251,0.1685059443816171,-1.0196404457092285,1.7835515110645699,0.2418457016959605,-0.28031212091445923,0.22588495525169536
-0.25973537847014694,-0.8364706635475159,-0.8653749823570251,0.465319961309433,-1.0196404457092285,-0.3047609081044761,1.8588979822457472,1.6373214951406416,0.29893894759269396
1.7338456253702939,-0.8364706635475159,-0.8653749823570251,0.021933067410707822,-1.0196404457092285,1.0139211959209053,-1.1519214239730482,-0.28031212091445923,0.6179391556096675
1.869476579472867,0.41722042433209217,-0.8653749823570251,-0.007784364675547188,0.5701023961405736,-1.9941535201420613,0.3085652563219176,-0.28031212091445923,0.7912521511456388
2.506115674972534,-0.8364706635475159,-0.8653749823570251,-0.5140669710328809,-1.0196404457092285,1.9667247316557201,-2.1036579448836075,0.15922778844833374,0.8021033868346563
-0.6170542917415338,3.0735049503859555,-0.8653749823570251,-0.34081543024906336,0.770262304618912,0.7659835439751395,-2.1095373001688107,-0.28031212091445923,0.5516495748996961
1.7346226663764153,-0.6757244918114458,1.2981163358141974,-0.08936784729487782,-0.045564784591847554,-1.7477037895560208,-0.3379044468877836,-0.28031212091445923,0.5715394860142669
1.1075533407795992,1.518772408385346,-0.8653749823570251,-0.8417518261399894,1.0350122527055594,-0.558624345787727,-0.17870961571956642,3.605657789766016,0.9344771658666955
-0.546180835425598,1.2756150661457313,-0.8653749823570251,0.15159236747575844,-1.0196404457092285,0.7146921784095281,-0.7350328599077538,-0.609967052936554,0.15238618240841756
-0.9865134655873267,0.588873362921973,2.161821935700159,-0.08488919228462254,1.7270744667371076,0.05161158486066724,-1.9889914730356644,-0.28031212091445923,0.397607954681286
-0.26137040615164964,-0.8364706635475159,0.5964168991061538,0.8792907666774831,-0.9032914641679256,-0.5617262085545056,0.9436616225794996,-0.28031212091445923,0.31251498127244975
-1.4291812133975816,1.5866134608877522,1.5308732736600827,0.4295170092542217,0.34835505616404316,-1.6516402853403533,-0.22905189102044565,-0.28031212091445923,0.34203688740203236
-0.390003919015397,-0.8364706635475159,0.7397452032596934,0.2427273915752603,-0.004533143144401234,-0.5221568737640004,1.0339981879763165,0.15922778844833374,0.4380066211681731
0.83201436817713,-0.8364706635475159,-0.8653749823570251,0.34933169780119494,-1.0196404457092285,0.40866707134078245,-0.12144030973889317,-0.28031212091445923,0.379368452306986
-1.1495367365934361,-0.8364706635475159,2.1699977297152113,-0.046931129406581354,0.9751995978197703,-0.8080114351212804,0.3895481700545088,-0.28031212091445923,0.2542756455434677
-0.573811197534133,-0.8364706635475159,1.2625011368261574,-1.5237998942379378,1.231366390001239,1.0839378534992568,0.34088205266121063,-0.28031212091445923,0.6118252489019924
-1.2399053129492763,0.7918881099935864,1.3072098339662783,-0.2342923971730293,0.32382216223403476,-0.5060639153939946,-0.1603196008469086,-0.28031212091445923,0.35698974564795716
-0.22683683414162542,0.9041657730269337,-0.8653749823570251,0.168089555329402,-1.0196404457092285,0.6675403484636045,-0.338387331318915,-0.609967052936554,0.13995868952458515
0.4676918478493977,1.3468051230748237,-0.8653749823570251,-1.5678706261407673,1.0868346446003254,-0.4198781980499156,0.8422871477499453,0.8061682203508072,0.9859359909733638
0.4463682763437657,-0.8364706635475159,-0.8653749823570251,0.7432271907137382,-1.0196404457092285,-0.5242954409373222,0.4261283972914581,-0.6536494800327893,0.21625544648706843
-1.0457280989780942,-0.3720557907858342,1.1717359849368,-0.9660539806367245,0.6854800541641874,0.18812757356513463,0.36996869962646944,-0.28031212091445923,0.37899194965263516
-0.9273223071056595,0.2907792130915568,-0.8653749823570251,0.4696380328657378,-1.0196404457092285,0.6081883797652216,0.8689692198741641,4.03502201000992,0.49810454589320874
0.3267404853058146,-0.8364706635475159,-0.8653749823570251,0.465319961309433,-1.0196404457092285,0.4160881334811171,0.14857832694511436,-0.28031212091445923,0.3708980561615081
1.2383968055904886,-0.696485296529969,0.9383078542495686,-0.3345417755286175,0.6663551648361071,-1.605228619171389,-0.31328998942555236,-0.4583570130302318,0.4963323299531469
0.06237705568253064,-0.8364706635475159,-0.8653749823570251,0.599068672860682,-1.0196404457092285,-0.29687260062759957,1.3421730065450537,-0.6727584600448608,0.11131292953178978
0.11968856097771753,-0.8364706635475159,0.7843134348457425,0.465319961309433,0.14410557656045841,-0.4052319335778962,-0.17664463129612273,-0.23529441234172155,0.47087976666054615
0.21834458430648845,0.989967182762052,-0.8653749823570251,-0.6191592696454147,0.825771133285194,-1.5291916977320874,1.2376554745492145,-0.5152905716689005,0.40784308514614953
-1.242869083561463,1.3557172973331755,-0.8653749823570251,0.18077366625521316,-1.0196404457092285,1.1623405679288625,-0.05093325092466906,-0.609967052936554,0.11125022463223513
-1.2218155420519576,1.1121909459515225,-0.8653749823570251,0.465319961309433,-1.0196404457092285,0.28270332702799356,0.36178106467590915,0.7246902301790458,0.435814679278011
-0.2695573237042012,-0.8364706635475159,-0.8653749823570251,0.14916168766842153,-1.0196404457092285,1.8377467533834153,0.3450048075569151,-0.609967052936554,0.1336248535153069
0.060295507494468346,-0.8364706635475159,-0.8653749823570251,0.4941627619607714,-1.0196404457092285,-0.42001431539159956,0.537869299961653,0.3941337682716294,0.3320245063040347
2.486206316826059,-0.8364706635475159,-0.8653749823570251,0.2291677582033855,-1.0196404457092285,1.997859915212233,-2.1263647526356775,1.1981664995788979,0.7328097910531759
0.20765856945716288,-0.3136567674637916,1.0655662756250917,-0.28776205642132247,0.11394854735907627,-1.6460040855438611,0.5694426776639727,-0.28031212091445923,0.5029374166044212
0.27233413463483924,-0.8364706635475159,-0.8653749823570251,0.5268892828358699,-1.0196404457092285,0.027259622517291544,0.6285056854028734,5.009864807128906,0.48879826209270566
2.244830126895003,-0.8364706635475159,-0.8653749823570251,0.1675903256769098,-1.0196404457092285,1.8980566661174427,-2.034219330302754,-0.28031212091445923,0.6166692405965892
-1.012013765608447,1.6253211269291312,-0.8653749823570251,0.05212448313202765,-1.0196404457092285,1.1225583393668654,-0.6868983950206745,-0.4419405596110028,0.12664256627829634
0.7960139234959136,-0.8364706635475159,-0.8653749823570251,1.1932231949887004,-1.0196404457092285,0.881000708606859,-0.34459290923306973,-0.609967052936554,0.2698703628933735
-0.25664944017285846,-0.8364706635475159,0.6533576591396102,-0.2631121404466067,0.44025544319205845,-0.17969145003780163,1.0328822135047233,0.13188658392641234,0.4998752439943845
0.12714380811042264,-0.8364706635475159,0.9915207252398494,-0.37315641355432955,0.6954424241296957,-0.4246005265916515,0.31161278522245767,-0.28031212091445923,0.5011094649941096
-0.6256614920148504,-0.03435748431340266,0.8588232668851076,-1.558921079022213,0.9610550502794994,1.3172930476802158,0.2608364894789711,-0.02891165147710051,0.6453615606884706
-0.2661413102753019,0.27748082016596126,0.5483251238917388,0.02578169528033178,0.3492280351802605,0.4118263186784128,0.024514743396532764,0.15922778844833374,0.5399872893708867
-0.38073389911911304,-0.8364706635475159,-0.8653749823570251,0.1721935349740891,-1.0196404457092285,1.4134226501453266,0.7284620563258934,0.6952109777292264,0.2818736445762292
-1.544311240478962,1.019652200205557,-0.8653749823570251,1.592418101328326,-1.0196404457092285,-0.4647840650659885,0.09890869964677265,-0.6727584600448608,0.012507348342368474
-1.0000222532755114,0.4810575792094679,-0.8653749823570251,0.8946405595677556,-1.0196404457092285,-0.5414878096378584,0.7980863222456933,-0.6727584600448608,0.03408004950388959
0.6065211019133743,1.1816436156404857,-0.8653749823570251,-1.0704707652380367,0.5570659282085588,0.3842650628626291,-0.5515697585674318,-0.28031212091445923,0.7518578949847071
1.463420894222908,-0.8364706635475159,-0.8653749823570251,0.465319961309433,-1.0196404457092285,-0.020856422577661116,-0.7034718260807252,-0.28031212091445923,0.36735660212374954
-0.2871987181130153,0.2759695865680971,-0.8653749823570251,2.331154878249137,-1.0196404457092285,-0.4515484668873956,-0.9091270373359925,0.7069386835983561,0.5197285839507867
-0.532585796074773,-0.8364706635475159,1.0264931278898932,0.18718279573760302,-0.2475294824457973,0.9169647289418935,-0.1123879245727716,-0.6727584600448608,0.1416226157860704
0.008366672509036173,-0.8364706635475159,-0.8653749823570251,0.17464710909133796,-1.0196404457092285,1.420330456197149,0.17622394416071768,-0.28031212091445923,0.255655468190757
-0.47678848551014524,-0.8364706635475159,1.6830043624344828,-1.3509311300018887,0.9671129820486559,1.0556600959574594,0.08435805655581609,0.7025891636947456,0.5715280710393623
0.4233561032889931,1.9620281464031326,-0.8653749823570251,-0.031467532686006924,0.5716139378485358,0.5198293329445183,-2.0519665773126152,-0.6141493274150039,0.45613266016446535
-0.7992862718287226,-0.8364706635475159,0.6602519566551097,-0.005289306256510782,-0.06025543413010924,-0.14304981123370977,1.9094477745513672,0.15922778844833374,0.3541162923438666
0.7020131121664078,-0.8364706635475159,-0.8653749823570251,0.465319961309433,-1.0196404457092285,0.9220373177762139,0.24992220866904502,-0.28031212091445923,0.3181396279528301
-0.9271888528207002,0.44448526466900595,0.6830501418857419,-0.44558294633128476,0.08912964956608338,0.9130102306990032,-0.12555852581620014,0.43548303663787397,0.6259888142650069
-0.9820148219546819,-0.8364706635475159,1.6705555814082491,-0.9019751157601567,0.2324325499172753,1.0765509291151467,0.3650231532456262,-0.28031212091445923,0.2757247207510352
-0.445226630644204,-0.8364706635475159,-0.8653749823570251,0.4836254635161674,-1.0196404457092285,-0.024637735733765955,1.4210867718972457,0.706063606453546,0.23540658798551328
-0.2682184221159707,-0.8364706635475159,-0.8653749823570251,0.465319961309433,-1.0196404457092285,-1.1381823387740835,2.4993236248792394,-0.6727584600448608,0.03354633597562913
-0.45304467262720005,-0.8364706635475159,0.7457598659540384,0.465319961309433,-0.14436248226440915,-0.10428340753588376,0.7662586383991861,0.7020526572561345,0.42766837730523216
0.8507285743442118,-0.3741336244224862,-0.8653749823570251,2.1729839319245072,-1.0196404457092285,-1.014397749402896,-1.9344204424942606,0.3847048874626242,0.5975060106888814
-0.7490863196082433,-0.8364706635475159,1.816343435321247,-1.1714697255278275,0.9477260978215636,1.1794706529373509,0.09243691095034774,-0.6872583239673331,0.10614764816056048
-0.3537127385088817,-0.8364706635475159,0.6271438218536428,-1.0439692863113197,0.870947166411047,0.18728442867832887,1.5975453407083564,-0.6727584600448608,0.18681374443982748
-0.9398627469269487,1.544871163135133,-0.8653749823570251,0.5111524458458192,0.36405719683362886,0.29987410119529856,-0.9215188353683883,-0.28031212091445923,0.39497908730641357
0.6229960315847097,0.9708040711483217,-0.8653749823570251,-2.567702343738276,2.243924362249294,-1.35602985103395,2.7368019076624592,-0.609967052936554,0.5672235302677029
-0.4680342615385229,-0.8364706635475159,1.177950909085907,-0.6453956110198756,0.3808604089125797,1.1736665353225129,-0.03982105981259018,-0.28031212091445923,0.4834895599635067
-1.0872867498966379,0.9088530661935321,-0.8653749823570251,0.465319961309433,-1.0196404457092285,0.17584861641539346,0.9172246247916926,5.009804319431333,0.5126326298534376
0.06243654710755751,-0.8364706635475159,0.23498118200058848,0.4238080678551318,0.020880093510188845,-0.3946793159748165,0.8871548160532933,-0.5028731443342124,0.35623386419506065
-1.1418432249485344,0.9547894797139004,-0.8653749823570251,2.491354833963735,-1.0196404457092285,-0.08657903096519524,-0.16722990686579553,-0.5082641066405266,0.1718102430058354
0.9764407160087869,0.061721351560371396,0.6860994465491811,-0.6954397301717345,0.8140073196132972,-1.1382678462010005,-0.28904883008335813,-0.609967052936554,0.4196202257171567
2.506115674972534,-0.8364706635475159,-0.8653749823570251,-0.4883981586033983,-1.0196404457092285,1.9683538282074726,-2.081908195517779,0.7779898649307027,0.8895451981074841
0.054341747676427056,0.72331932762671,-0.8653749823570251,0.4620064847818314,-1.0196404457092285,0.3638513041831574,-0.8308646632236936,-0.609967052936554,0.20527859927726239
-0.9999445848778988,-0.5463732038480968,1.1784109271447774,-0.7506126310354367,0.5069402135149509,0.9104858648756792,0.08096603869605647,1.12749328912682,0.6797083117030565
1.0271050351877489,0.4516646367855082,1.3906195021643764,-0.25376704712916803,0.5885923706856703,-1.9742413869815765,-0.3272395568074555,-0.28031212091445923,0.750180886177761
0.2443225481978492,-0.8364706635475159,-0.8653749823570251,0.3637967674487997,-1.0196404457092285,0.9450047034394544,0.317925539923243,-0.28031212091445923,0.31529695101529
-1.0987703674389597,1.030748706785546,-0.8653749823570251,0.17743969311951094,-1.0196404457092285,0.3867777612748308,-0.020350370922982475,-0.609967052936554,0.11622106803255544
-0.33127702579608287,-0.8364706635475159,1.0704363062129636,-1.806428005915318,1.306640598400435,1.4001822544621825,0.3213860968675676,0.3367486141743105,0.6815135563073597
1.1655630607826033,-0.8364706635475159,-0.8653749823570251,0.22348430593508373,-1.0196404457092285,1.3880775675728179,-1.0343595302645643,-0.28031212091445923,0.5968065657995953
0.5669107876526318,-0.8364706635475159,-0.8653749823570251,0.4821795055598249,-1.0196404457092285,0.11332568561471816,0.08284431051702058,-0.28031212091445923,0.44731358158549134
-0.6453679205953824,-0.2907657922270323,1.0362195531933514,-1.0973300782134077,0.5115121059741037,0.9692797998166105,0.04844520724432637,-0.6050183927336157,0.4202627234715366
-0.5025455009717491,-0.8364706635475159,1.1249016941950412,-1.5405690503091845,0.7436808203577211,1.343702218773101,0.3366705846078821,0.7946198461378481,0.6811510210963624
-0.7400926095166013,-0.8364706635475159,1.0705188162097234,0.1743210398831327,-0.04043570855716262,0.8055222898432407,0.09723492542654522,-0.6637532642946575,0.1608139013370814
-0.25868219583701685,-0.576716334584236,0.6563083856361366,-0.15797726292988482,0.22915511755697365,-0.6186405403548502,0.7556112561751351,-0.28031212091445923,0.39099236602789555
-1.206666020334562,1.0985107925105901,1.069418060516366,0.15283381483770092,-0.0973473308540975,-0.14338221537883306,-1.2357706008144043,-0.28031212091445923,0.42011505365299195
0.2444486984461235,-0.8364706635475159,-0.8653749823570251,0.34746630313345034,-1.0196404457092285,0.7100455117764987,0.4517968548301348,-0.6478752745296932,0.14937145177612202
0.8088575780498197,0.33166384976691565,-0.8653749823570251,2.497019107056714,-1.0196404457092285,-0.5313866678611371,-2.225245553407168,-0.28031212091445923,0.3876719307247515
-0.8550156868960799,-0.2565788651374206,2.0734822506121886,2.4185137403400043,-0.08152645653818474,-0.6956788984738276,-1.11322991917087,-0.28031212091445923,0.19471435141947582
1.1035358839392928,-0.11752301355631087,-0.8653749823570251,-0.897171399916071,0.9802491048347828,-0.11036581510163118,-0.5193101584184519,-0.28031212091445923,0.6593130125832746
-0.3551009340694584,3.335285911449087,-0.8653749823570251,0.13764893880236154,-1.0196404457092285,-0.30278128691863626,-1.6651764199348356,-0.609967052936554,0.38015030383729714
2.414143724183747,-0.8364706635475159,-0.8653749823570251,-2.1567382815781695,4.083781834310498,-1.508056493376242,1.430806787120569,0.15922778844833374,0.8094773421425386
-0.42155600015107203,-0.8364706635475159,0.6292428019187446,0.1375958497502851,0.11552577677891915,-0.24575548100453645,1.2099603362494173,-0.28031212091445923,0.4597784230845772
0.9826072967482363,-0.48317750065193477,0.9320328551948902,-0.9659562841875873,0.8507695969821194,-1.2287587811887766,0.5867485549427413,-0.28031212091445923,0.6024501911129148
0.24874792874795015,-0.8364706635475159,-0.8653749823570251,0.465319961309433,-1.0196404457092285,0.5686106451576808,0.37874802791063655,-0.609967052936554,0.16876805901246186
-0.5765747122116193,0.35183693301233554,0.5923153574114917,-0.13614332234095594,0.27631298807664173,0.41221564325809124,-0.32900787209245813,-0.28031212091445923,0.5030908152357361
-1.0840068763499735,1.5940879895485534,-0.8653749823570251,0.3928135581308855,0.6742237697082971,-1.0599696867231505,0.4857958298924279,-0.28031212091445923,0.35819389271567975
0.6340502005644794,-0.8364706635475159,-0.8653749823570251,-0.03594769902529758,0.08496512980091021,0.940071459470651,-0.18770364828747235,-0.28031212091445923,0.4319866827862906
1.0714453696102422,-0.8364706635475159,-0.8653749823570251,2.4696613018676854,-1.0196404457092285,-1.4695988943783993,-1.1288875710753892,5.009864807128906,0.6363588837675774
1.587722241368305,0.8922072343196178,-0.8653749823570251,0.35401989597286176,0.35478557855251514,-1.9721053826439028,0.07950503985919556,-0.28031212091445923,0.7485133885398265
1.2801314651633116,-0.5843755773099308,0.5709237107773811,-1.109194706358975,0.9643681874904604,-0.5007632174056865,0.10876006288080887,0.15922778844833374,0.7427527265591403
1.122124023673952,1.2004690864777627,-0.8653749823570251,-1.0923276118817036,1.1929759411753993,-0.9912755834935965,0.18401233680226042,-0.6727584600448608,0.28743172376509407
-0.8586552931682857,1.5680519743883186,-0.8653749823570251,0.06109959920999218,0.5397807713133127,1.1810088451976262,-1.1879747988429374,0.15922778844833374,0.49155758454635073
-0.49503679131690737,-0.8364706635475159,1.0336976438248178,-0.0737841441568068,0.0393939754744601,0.9177790256464179,0.06566587151879831,0.15922778844833374,0.46140339076726455
-0.2733610382364315,-0.8364706635475159,0.615988085582624,0.39029390147849874,0.12326934067789364,-0.3716692407004151,0.9653497345239188,-0.6366264298723747,0.25651637851988945
-0.6312216572423688,0.7293635428141472,0.0496643474607128,0.8231063868613109,0.33734668929388223,-1.8089417133685965,0.03737476835403187,-0.28031212091445923,0.4518231777211633
-0.6515762524699105,0.6158500673538276,-0.8653749823570251,0.6826418859389499,-1.0196404457092285,-0.03495820967004872,0.27864785283233207,-0.6727584600448608,0.10406758899694041
0.3997127632664572,-0.8364706635475159,-0.8653749823570251,0.5535366485048001,-1.0196404457092285,0.2941943225846759,0.3726341987545198,0.15922778844833374,0.40481266901011986
-0.6611800623719726,-0.8364706635475159,1.0483448170419711,0.14734855738158856,-0.10361892165884726,1.0839880267226805,0.1270581462339526,0.15922778844833374,0.33843135266559177
0.29959520012234836,-0.8364706635475159,-0.8653749823570251,0.465319961309433,-1.0196404457092285,1.0702906292248922,0.35510021539783226,-0.28031212091445923,0.3422039353962744
-1.0565317198183837,-0.13375383984514694,1.7298342660547201,-0.9209335571723829,0.00921542439613917,-0.009475267394329353,0.24978677974597807,-0.28031212091445923,0.3926816957826796
-0.946237341683597,-0.8364706635475159,0.8197522637999387,-0.8742810425513617,0.6272757152754455,0.024687742462054057,1.596235316668888,-0.28031212091445923,0.2848777589695566
-0.35383235220621106,-0.8364706635475159,1.0108564820516694,0.465319961309433,-0.06875677727367106,0.8192534238268041,-0.18638073415796014,-0.609967052936554,0.19573282919653476
-0.634232707022094,-0.8364706635475159,1.09647313287261,0.49764426666274914,0.028945683502975973,0.49684824886069895,-0.37709172591190465,-0.28031212091445923,0.2155929773930325
-0.254058632604159,-0.8364706635475159,1.0021717996392074,-0.8279376236322811,0.7422193158583698,1.12434561000494,0.10736733912175744,-0.48452133385105683,0.4043206294019649
-0.9628362116108481,-0.8364706635475159,2.147654122936202,-1.1695325847815423,0.694637887303688,0.8585385285352181,-0.029361577530311933,-0.28031212091445923,0.4556704151456445
-0.4500162390512916,0.2732222689552852,1.0289334119699785,-0.9254732179352833,0.4250554593935699,0.03491398771422648,-0.06334880062828264,0.28950643305805723,0.7011634295155522
1.0984061798576343,-0.8364706635475159,-0.8653749823570251,2.0571168543558596,-1.0196404457092285,-0.586812588387353,-2.0064783832882367,5.009864807128906,0.6359521201155094
-0.19466989916280242,-0.8364706635475159,-0.8653749823570251,0.465319961309433,-1.0196404457092285,0.9654197780026686,0.7017855867471171,-0.28031212091445923,0.1991993399644357
-0.6236191363330783,-0.8364706635475159,1.039787431290158,-0.1888398380386569,-1.0196404457092285,-0.002647682005094361,1.5418894565951906,0.6974381883690505,0.4049028636442307
-0.122364778733558,0.724491284255758,-0.8653749823570251,1.1616994976388417,-1.0196404457092285,-0.05062006776439282,-0.7033269579306063,3.506559150884056,0.5170979196513297
0.6710488504580742,1.2671911364888662,-0.8653749823570251,-0.20639516878542846,0.36030321489476785,-0.43378864402165523,-0.3081282285813127,-0.28031212091445923,0.8290806467832071
-0.7588399932199301,1.1746255403029033,1.1898612419789876,-0.0991425521969336,0.2002791202415339,-2.043028595220242,0.19599338655054005,-0.28031212091445923,0.4762734820661371
-0.8292053641859329,-0.8364706635475159,1.1821197260640695,-0.5749537871588883,0.6721204203532484,1.1415236164221771,0.02866801549551968,-0.609967052936554,0.17299209897869092
0.20122172583555004,1.3372130075672173,-0.8653749823570251,0.1800327701844328,0.3952110172287312,-0.4517356069661112,-0.8712129094021004,-0.28031212091445923,0.6317386326249667
0.08579601335133255,-0.8364706635475159,-0.8653749823570251,0.50828918379544,-1.0196404457092285,-0.07213766461933711,1.0095205386778325,-0.609967052936554,0.1509706997382428
-0.043692469439837095,-0.8364706635475159,-0.8653749823570251,-0.005351185681478923,-1.0196404457092285,1.8667881004275133,0.032859795944904444,-0.604436629441075,0.1350166579791608
-0.8521882667130108,-0.8364706635475159,1.5472644000379703,-1.2265868931305504,0.6383071977710786,1.3993582850183077,0.3765497973029124,-0.28031212091445923,0.43563036362545277
-0.6994399896429992,0.3478887290109504,0.9071495871849887,-1.1636094113739026,0.9755358520738235,0.6907871498322432,0.008711989509121464,-0.28049560545047714,0.38339973635426006
-1.0697606178595496,-0.6209828436751514,1.751662329957448,-0.7676998123035651,0.022689940195575797,0.7891008197810979,0.2599360939757933,1.0521420129845334,0.5823725374387595
-1.299562909258806,0.7232292927911159,1.9925070696574965,0.15807033261300618,0.15588478046065718,-0.32225280015278845,-1.1618373381512803,-0.28031212091445923,0.25197921524525413
-0.3357008866967562,-0.8364706635475159,0.5854329706214836,-1.1541802340848437,1.2475837090227955,0.014934055128627149,1.4591936724491612,-0.28031212091445923,0.40180041486436624
1.868547305606,0.470768823017496,-0.8653749823570251,-1.6144007477612285,4.030947505218753,-0.9045922857531812,0.4804150998241894,-0.609967052936554,0.7256789547399654
-1.0246725206490455,1.0096446777669383,-0.8653749823570251,-0.054960613597008226,-1.0196404457092285,1.3013915113554209,-0.2768595854297177,-0.28031212091445923,0.229675683344644
-0.969292955555252,0.3136822349215338,1.0452407538876425,-0.9394475943703599,-0.10989870689541581,0.8307074545119538,0.08040048772922997,-0.28031212091445923,0.4950182149214587
0.08525002959906558,-0.8364706635475159,-0.8653749823570251,0.465319961309433,-1.0196404457092285,-0.18817142617148447,1.3463399861202596,-0.609967052936554,0.11718734237573239
0.06162984028108646,-0.8364706635475159,0.8569482777968387,-1.827641158124671,1.4401556801743223,0.9050850304467315,1.0237897532365567,-0.5250257965353045,0.47798575044226843
0.3867194853075792,0.692794216612997,-0.8653749823570251,0.7068391716710125,-0.02412544519281963,-1.0995887671244462,-0.6186363895257689,-0.28031212091445923,0.6404296530224183
-1.506489895763563,1.449734785000364,-0.8653749823570251,0.465319961309433,-1.0196404457092285,0.40434307436721123,0.6265578457588856,-0.28031212091445923,0.2593519229104186
0.16085077362756217,1.6167740145095255,-0.8653749823570251,2.0495607986710738,-1.0196404457092285,-0.5375523048966245,-2.225245234204245,-0.28031212091445923,0.35657839630299965
-0.5026064550943623,1.2104843908960405,-0.8653749823570251,0.4077523046855384,0.2003583486057967,0.009955875037344627,-0.06823954706864595,-0.28031212091445923,0.24699761816072313
-0.8115851710935148,-0.8364706635475159,1.0584192082142976,-0.07435164670072988,-0.09788427340315381,1.309835556819162,0.15665909819878443,-0.006688943737333142,0.3208972056650607
1.258217560737058,0.6168604623048791,-0.8653749823570251,-1.6374116833323198,2.3214558898056357,-0.2946145346585385,0.11945097810034998,-0.609967052936554,0.5174380918911183
-0.7835245875389653,0.27020170042682945,0.9972565722483335,-0.7484225458381686,0.5248188652146998,0.9479878913144487,0.08642907445412701,-0.5522267250595788,0.30649192364677896
0.0007151745672664932,-0.8364706635475159,0.625818766806134,-1.6092533593778988,1.0642389118762596,0.05176748163943111,1.5459736460159006,-0.609967052936554,0.2687752016591072
1.364744397821167,1.0988523470677667,-0.8653749823570251,-1.6310714431303674,4.357518887629062,-0.604976486476673,0.18889083045591237,-0.6727584600448608,0.4267128310035151
1.8948534061805948,-0.8364706635475159,-0.8653749823570251,-0.38644857837578517,-0.13369488958802947,-0.4836885968011009,0.9239039840679317,-0.28031212091445923,0.6339684216123918
-0.3286131948405763,-0.6534666545126665,0.5893613532480609,0.14666189332256613,0.524022099988457,-1.2862977542046252,1.3047908119499052,-0.2852567735725642,0.29435096582923925
0.6541360939194483,1.057476395803916,-0.8653749823570251,-0.9145197561759607,0.8737146839446877,-0.5406989151770212,0.0827653038314925,-0.5416211061652304,0.4851413897788605
-0.6479907905138025,-0.8364706635475159,1.0046291189527525,0.16219899422261755,0.005379896448694847,1.1180991409377257,0.08937718967423562,-0.609967052936554,0.22527831644550914
-1.2840007084664156,1.3569958835526796,-0.8653749823570251,0.5595475732845782,-1.0196404457092285,-0.03929323249814644,0.18214889171917986,0.7171580685206761,0.452478462603441
0.7374120824659196,-0.8364706635475159,1.6886413098714843,0.23354563598851724,0.6697656029067097,-1.7814795173053384,-0.32741535826361523,-0.28031212091445923,0.5351543918348304
1.0208442540445486,-0.7474380345901416,0.5732086555748509,-1.3977559568369928,1.3842887960238255,-0.5114398185277756,1.1776959511198664,-0.6768090699052786,0.2128293003477038
1.0276172136121462,0.8849564681725238,-0.8653749823570251,-0.015340713782759158,0.44580565603452327,-0.6119718175696001,-0.2815611658204522,-0.28031212091445923,0.4959737255965042
-1.3548548395405997,0.6714453044377725,1.1723241186958926,-0.07503915516605242,0.6976075123425656,-0.022218965410011754,-0.7449444584730536,-0.28031212091445923,0.4219613306389967
-0.6339277034672908,0.6442660993832988,-0.28578643675314896,0.5146951937105825,0.33602923586839734,-1.5084870193455264,0.25421870304574373,-0.28031212091445923,0.471456232354967
2.3352413224469997,-0.8364706635475159,-0.8653749823570251,-2.0484695556285724,1.2250858770006892,-0.8944069591605569,1.6459465531133943,0.15922778844833374,0.7790795968511305
-0.9110224286009474,0.3236529021742151,0.7574073996806634,-0.6756842468277546,0.057751410109589174,1.1068905753243115,0.041287222518306584,-0.28031212091445923,0.4833734235846292
-1.303197959805559,1.203157500000544,1.870448408991237,-0.11270760441851982,0.5055010785608219,-0.5312413225731373,-1.5148758691767115,-0.28031212091445923,0.32024653156458727
-0.4774135087743072,0.695762347244255,-0.8653749823570251,0.17634691103834468,-1.0196404457092285,0.5572880645302231,-0.2456098617936392,-0.6228412928026515,0.12614490536507444
1.2306216097155593,-0.8364706635475159,-0.8653749823570251,0.4984812583328488,-1.0196404457092285,-0.21586324570632634,-0.4578456733994606,-0.6727584600448608,0.2652410519146195
-0.41630136077106966,0.16832110168442432,0.4938155398173891,-1.1561403862659723,0.7873137586802207,1.2118837608412203,0.2670422940020699,-0.6592861635029592,0.4429098744564596
-0.6407800100581001,-0.8364706635475159,0.6656813595546154,0.0815555944363613,0.07893017186706977,0.1941005197727097,1.1970443536054427,-0.6727584600448608,0.12096913796384116
0.5106359428968471,-0.8364706635475159,-0.8653749823570251,0.4835024640187031,-1.0196404457092285,0.38322951621859297,0.5619190429453953,-0.6727584600448608,0.14769088087117055
-0.6604562834281842,-0.8364706635475159,1.1889308110998733,-0.8214551719128025,0.23030548956632685,1.2162347428269094,0.1010314786512809,1.5534528541692612,0.5615602137856015
-1.0079528043121,2.590772316034099,-0.8653749823570251,0.465319961309433,-1.0196404457092285,0.3773355373270805,-0.8316301031727168,-0.5792692033127013,0.22939446983769252
1.0447181891709565,0.7325768019805603,-0.8653749823570251,-1.2627092717634465,0.9758254267866309,2.0439568575088636,-2.029597758394506,-0.28031212091445923,0.4806169088946897
-1.203848443680938,1.3275691898113178,1.756634161309684,-0.4718508731957164,0.8318297906410008,-0.3547416231300097,-1.0290838756299314,-0.28031212091445923,0.506292787963509
2.1396644888561656,-0.8364706635475159,-0.8653749823570251,-0.9730400296182261,0.18412455169395966,-1.9183828205209066,1.4263885114091646,-0.28031212091445923,0.4923378500186604
0.1662391342525999,-0.8364706635475159,0.8016387920290151,0.465319961309433,0.8698861867709995,-0.5504164262367354,-0.027237455102326336,-0.28031212091445923,0.3624972750435389
1.3009773353664542,-0.6771302628929677,1.0281628686175175,-0.5932508108921634,0.34523820304107605,-1.0855941667505804,-0.3060413665496878,-0.6727584600448608,0.38255326072795376
-0.45322859902963886,2.5740184786067832,-0.8653749823570251,0.4989766186571799,-1.0196404457092285,0.02429884739319992,-1.64803264958738,-0.6727584600448608,0.12228878415936383
-0.563757894062521,-0.8364706635475159,0.6470811161332994,-0.9978515716363657,0.6542293467216977,0.17359143573349445,1.5141651640010552,1.5393684977486362,0.5913817567701649
-1.0818001670717363,0.7006608601551779,0.7038785117105435,0.5279829410255262,0.347643487917634,-1.7395827961757504,0.6305876885743757,-0.28031212091445923,0.3033517737299794
-0.43263837531221916,-0.8364706635475159,0.9078167905519766,-1.3062062665269913,0.9676678473809774,0.4094970866529411,1.3560203470447336,-0.28031212091445923,0.5287603891158329
1.6296269752146708,0.6873234604419024,-0.8653749823570251,-1.779832512829378,4.420515318321717,-1.3962037122847364,0.7557231343150399,-0.28031212091445923,0.7376714211741958
-0.40510345352707466,-0.8364706635475159,1.1717074214974492,-1.25782512266132,0.8602929435042274,1.4253807496040307,0.11978261619808073,-0.5097054965817406,0.384712797377988
0.023967962130493514,-0.8364706635475159,0.6007335233881016,0.465319961309433,0.3038099526994539,-0.3307238020282299,0.1367659723287603,0.15922778844833374,0.4716816634874237
-0.04627638413782492,-0.8364706635475159,-0.8653749823570251,1.1656292993846358,-1.0196404457092285,-0.12557704311694656,0.37158046528573285,5.009864807128906,0.39735701714883565
-1.2436323043654969,1.6915288245166433,-0.8653749823570251,0.18103548423966254,-1.0196404457092285,0.9842015869074784,0.03536384503504893,-0.28031212091445923,0.3474636041295767
-1.5441081551301714,1.3681857146563772,-0.8653749823570251,0.6244256181858133,-1.0196404457092285,0.04758525234113453,0.35744567270139394,-0.6727584600448608,0.09287084971529566
0.13121103279205612,-0.8364706635475159,0.6631096316840356,1.4377955864655656,0.7625768525530312,-1.4280856645645272,0.13412589382525913,-0.28031212091445923,0.3244957119308158
-0.005123099952717175,-0.8364706635475159,-0.8653749823570251,0.3880197419819146,-1.0196404457092285,0.47950732695095044,1.1982805890315915,-0.656991785774671,0.04216525714804487
-0.46303812485244344,-0.8364706635475159,0.6760144313449421,0.17348438273408193,0.18520297518246914,0.9692424107577687,-0.20773083409633508,-0.6727584600448608,0.11722925132281337
0.5314929180770628,0.8910542311697424,-0.8653749823570251,-1.6454991448950136,0.8693516517877853,1.6113059184211609,-1.6623152230940965,-0.39815814474118566,0.38730733379782567
1.2481345953592755,1.28360149859734,-0.8653749823570251,-1.0867823158152479,1.3286711968723393,-0.06346543948062543,-0.9788137547027185,-0.6727584600448608,0.3841440176341926
-0.6514289866709462,-0.8364706635475159,1.5511491219672036,-1.12586559642688,0.5575181062244043,1.2117835567498514,0.11592285190388808,0.6971637572117049,0.47973654747647854
2.401926138051086,-0.8364706635475159,-0.8653749823570251,-1.8783652279454552,3.8648822474647706,-1.6706625188348476,1.5456197421991638,-0.6432706413162166,0.4234943010785829
-1.15817623988128,1.0531374252923391,-0.8653749823570251,0.17473928840588876,0.6494214540221445,-0.4076810103370091,0.9909179412856189,-0.28031212091445923,0.23399039089568105
0.13604924853512596,-0.8364706635475159,-0.8653749823570251,0.465319961309433,-1.0196404457092285,0.4069676153789716,1.0833860030281595,-0.5465863318171397,0.18200327689682194
-0.8278675245314207,0.5133182201316717,-0.8653749823570251,0.430953654440684,-1.0196404457092285,-0.09879626847327652,1.0901018894680712,0.8128277493996529,0.4632209198442113
-0.5716326574460883,1.2273884316443815,-0.8653749823570251,0.22472663088291703,-1.0196404457092285,0.3263846755054852,-0.3316722930618536,-0.28031212091445923,0.35538114589812586
2.207224006682396,-0.8364706635475159,-0.8653749823570251,-1.5725341875929644,0.909239330976427,-0.5039802433414715,0.775496065786467,-0.2785591677607608,0.7271436542476786
-0.6935464382619094,1.408248361400311,-0.8653749823570251,0.465319961309433,-1.0196404457092285,0.7482541869337975,-0.7124982517262308,0.15922778844833374,0.5402396451949583
-0.6536232571981131,-0.8364706635475159,1.0549910961978803,-0.8936718942757985,0.47302124907158805,1.3483738021306106,0.16788068676750725,-0.28031212091445923,0.2952982044140021
-0.7908563731270223,-0.8364706635475159,1.0524397469707134,-1.338653048688462,0.696919149541305,1.5657170779639773,0.6096286027932949,-0.6621326890336535,0.14352162524772252
1.5340951048941052,-0.4051728027494204,-0.24611972595726478,-0.9490590153794627,0.9627636239710765,-0.08187420867953052,-0.3051490630220828,-0.609967052936554,0.46602763729639507
1.6672604189031475,0.5474223093386883,-0.8653749823570251,-1.945570283735551,4.422265042515923,-1.4790601940648667,0.5068208708572949,0.15922778844833374,0.80204216034847
-1.2279717684876408,1.605387139848208,1.1772912877748427,0.465319961309433,1.4724841003080205,-1.4672835066566106,-1.012458045851949,-0.28031212091445923,0.46641161969095757
1.1780660917298351,0.022891296174988196,-0.8653749823570251,-1.0223757400751468,0.8763431021249558,-1.3918001181961845,1.2620387334206526,-0.28031212091445923,0.5749968143023704
-1.2012675791055387,1.2285310401346716,-0.8653749823570251,0.8316467807965495,-1.0196404457092285,-0.314787646668942,0.25514642577182806,-0.6115047612393931,0.08435565502611796
-1.041870331451669,-0.35907187737612256,1.585052028772131,-1.1138514708027754,0.4260403235444648,0.7733074390770919,0.2658219829073901,-0.28031212091445923,0.4549334711751039
-1.1579529675685716,0.06992864392985992,2.1720803034711413,-0.2072954459843272,-0.24902763623115332,-0.29591248855819174,-0.21203859685248644,-0.24992392662529153,0.4463569624779926
2.422996775136174,-0.8364706635475159,-0.8653749823570251,-1.4001053114346194,0.3201372954487571,-0.8472783940896945,1.4315907614621153,-0.28031212091445923,0.8053080269995357
0.12193095128656921,-0.8364706635475159,-0.8653749823570251,0.18040577253919823,-1.0196404457092285,1.522783864498806,0.12787501056584769,-0.28031212091445923,0.2464748801064484
-0.3512665009414311,0.9390431870943169,-0.8653749823570251,0.16501531634995542,-1.0196404457092285,0.6656087712733934,-0.33735228862234934,-0.28031212091445923,0.2857812838831644
-0.2573181787928115,-0.5892791170524472,0.891959718072849,-0.9099063424149191,0.595009744837651,0.8630005188091869,0.117400544684319,-0.6585719034570935,0.2806526666344168
-1.2912062718604576,0.9963546926914961,-0.8653749823570251,1.0680527581903385,-1.0196404457092285,-0.36571682043862896,0.1149520055105763,-0.6727584600448608,0.016273659317342492
-0.8058530930441831,1.0613152047314836,-0.8653749823570251,1.8384573626646645,-1.0196404457092285,-0.6203831801384884,-0.718503890636897,0.7901007380593273,0.4856399809519693
-0.5698146403882753,1.3445506751398315,-0.8653749823570251,0.38876317750954653,0.035646476438614405,0.5643211764745745,-1.2678674750197443,-0.28031212091445923,0.48790931476181715
1.3501200244566767,-0.8364706635475159,-0.8653749823570251,0.465319961309433,-1.0196404457092285,-0.437488018781236,-0.17548801700773276,-0.609967052936554,0.44570866945747933
1.0178907390212724,-0.8364706635475159,-0.8653749823570251,0.465319961309433,-1.0196404457092285,-0.5051137265249827,0.2684188095156539,-0.40688470335574617,0.3421709778362423
-0.17915055585831824,-0.8364706635475159,-0.8653749823570251,-0.21366048035478302,-1.0196404457092285,1.4139130576646126,0.3833174724395993,-0.28031212091445923,0.2542360921738762
-0.06982632328456698,1.5805663675281674,-0.8653749823570251,2.06744553030382,-1.0196404457092285,-0.4180393246636978,-2.225237144176037,4.890618460018092,0.4717093131205466
-0.4714722961690909,-0.8364706635475159,0.6825892266650512,0.18111238005484676,-0.26889056639428294,-0.3377868206819771,1.2626306546145192,-0.6484686470467766,0.18584486043814985
0.2556954522825322,-0.8364706635475159,-0.8653749823570251,0.1649041154474382,-1.0196404457092285,1.4467355019252273,0.3565263515953767,-0.5962425101709921,0.20032568092496297
0.2426222465601758,1.3192300435437356,-0.8653749823570251,2.4873987791967713,-1.0196404457092285,-0.6051284169233911,-2.225245952606201,-0.28031212091445923,0.29226131233272956
0.18838923681632053,-0.8364706635475159,-0.8653749823570251,0.3787856894242798,-1.0196404457092285,1.4135564537086838,0.09411999688673742,-0.28031212091445923,0.3054125614299843
-0.5861482135432127,-0.8364706635475159,1.1017903921993497,-1.3620662319601096,0.9791774146014507,1.4224850241700253,0.35016176758683004,0.7216078892633586,0.49282681682338775
-0.23179682326300433,-0.8364706635475159,-0.8653749823570251,-0.40833130854896854,-1.0196404457092285,1.558410935200872,0.3984280191194211,-0.628885579607865,0.1296140492852149
1.3373502448239398,0.7006097170848634,-0.8653749823570251,-1.1788525601928028,0.9862568877153659,-1.2459078549547504,0.9967291308581203,-0.609967052936554,0.5762967045763714
1.7530161196500678,-0.8364706635475159,-0.8653749823570251,0.029136828512026147,-0.2354859940278539,-0.15412542229139384,-0.07487336652550693,-0.28031212091445923,0.6298337639734488
-0.6374732646762471,-0.8364706635475159,0.6567564676051451,0.2380017018494507,-0.08857468721166672,-0.05217327944336611,1.1471941489859354,-0.28031212091445923,0.3302903072184917
-1.0246827034682218,-0.3165851542839232,1.5191763770369584,-1.1218791819968708,0.5833412748323501,0.9850209135482748,0.11320060551960603,0.7844999033182897,0.5803757168777255
1.4690423501598198,0.921159347638869,-0.8653749823570251,-1.0655593169995992,1.2168452669167038,-0.5625789678027362,0.0940203694768466,-0.6727584600448608,0.4875057064750078
0.1468949119092714,-0.8364706635475159,-0.8653749823570251,0.465319961309433,-1.0196404457092285,1.393328661661625,0.06798302559847277,-0.609967052936554,0.1540658530055295
-0.05525496667976518,-0.8364706635475159,-0.8653749823570251,0.465319961309433,-1.0196404457092285,-0.958598684896886,1.5785124710639007,-0.28031212091445923,0.30522902131452934
1.4486505933164882,-0.5781447021416422,-0.8653749823570251,-1.6546103528226892,1.34043595622866,-1.4923428983060427,2.667873042412328,-0.609967052936554,0.4832020639958461
1.4452669982143604,-0.5973205682898682,-0.8653749823570251,2.0818213490964417,-1.0196404457092285,-0.6008584289460058,-2.225245952606201,5.009855061439209,0.5364622210135555
1.359008318411298,-0.7464741612773513,0.5810107758249463,-0.979185747112013,0.9124183741346237,-0.5555380713491811,0.35440169913902836,-0.28031212091445923,0.5515354860165385
-0.7367325497807766,2.5088919147672852,-0.8653749823570251,0.014656408344601086,-1.0196404457092285,-0.01868838913858747,-0.8088972918638878,-0.28031212091445923,0.28993459772125113
-0.6561928242286756,-0.8364706635475159,1.5991894808457665,-1.6967879879096153,1.9087562090467058,1.0829462578704792,0.13651804127640493,-0.28031212091445923,0.46502043111676294
0.37563396277482525,-0.8364706635475159,-0.8653749823570251,0.465319961309433,-1.0196404457092285,-0.2774703677043222,0.9800181190146235,-0.47012538959067446,0.2211205985858679
-0.16241364953103427,-0.8364706635475159,-0.8653749823570251,0.604180396947132,-1.0196404457092285,-0.16214879901190077,1.4499409992364922,1.9160668048899046,0.3714931969721946
-0.8940823634117934,0.45507823036836,1.1591099288352809,-0.6946082808744924,0.3650262700161721,0.42603196191332215,-0.21449919824770797,-0.28031212091445923,0.47980130240607194
1.4108562983253154,0.15997669849888801,-0.8653749823570251,-1.450593811673778,1.3291381791229209,-0.5162766697305257,0.9335804183126141,-0.28031212091445923,0.8117420293093861
0.4848174556844608,-0.8364706635475159,-0.8653749823570251,0.7438728372566265,-1.0196404457092285,0.41759908892066305,-0.047413340234484694,0.7033803461451449,0.46303251514461996
-0.5453842432029201,-0.8364706635475159,0.6687408532420561,-0.17758972505606319,0.02775832161894691,-0.03193416346710608,1.2431202573393658,0.15922778844833374,0.5173836478040075
-1.1999336292067138,-0.8364706635475159,1.1240534445162886,0.9721770773723211,0.6245835832982644,0.6299511143276748,-0.7916411260648719,-0.28031212091445923,0.09136275565072353
1.4170721678420424,-0.8364706635475159,-0.8653749823570251,0.183391834149916,-1.0196404457092285,1.8147913210500415,-0.3160456836547855,-0.28031212091445923,0.515421496960222
0.44196751513040555,-0.8364706635475159,-0.8653749823570251,-0.123680415618657,0.13134172312797693,1.3738287870917107,-0.6823736843741433,-0.28031212091445923,0.386455792222711
1.8644150701081246,0.7997720886399035,-0.8653749823570251,-2.407649433589184,4.422287464141846,-1.7593203477932038,0.8495976480381926,-0.6727584600448608,0.36227059290489894
-0.6336526606833552,-0.8364706635475159,-0.8653749823570251,0.16713399395957337,-1.0196404457092285,1.6781424045971374,0.6060327291641803,0.699078639405679,0.23641007365271197
-0.5029803366481324,0.2965518628514224,0.5774853972457392,-0.5209073994568714,0.3660777185773784,1.1963544194680347,0.35166041719956365,-0.6547918508346624,0.2522509579447473
-0.2912547722561173,1.777454253088707,-0.8653749823570251,0.07469630839117153,-0.039550850234952264,-1.140588069105482,0.1339803875977833,-0.28031212091445923,0.6628923424701392
-0.004250672318057085,-0.8364706635475159,-0.8653749823570251,0.16106265290556318,-1.0196404457092285,1.473332824046111,0.10627152935073847,-0.609967052936554,0.1475818947695064
-1.1936860979170314,-0.8364706635475159,1.7222084691574668,-0.6084818372313356,-1.0196404457092285,0.41145274663225917,1.1425277299458734,-0.28031212091445923,0.2954333514585621
-0.6307882705123722,-0.8364706635475159,1.1158293875094178,-0.8349910289842695,0.3209631227243336,1.1874229414718271,0.44961356217642273,1.2204278689982553,0.6398661389906469
2.219669226096291,-0.8364706635475159,-0.8653749823570251,0.1890919289217357,-1.0196404457092285,1.9816157483712133,-1.7140719688267105,0.15922778844833374,0.6283656923414077
0.6803509081305483,-0.5619295031276652,0.7594349768524478,-0.7524695012139975,0.8268148584895405,-1.0944797815589025,0.3451632523491611,-0.609967052936554,0.3523341711807998
0.12311805529789543,-0.8364706635475159,0.9934481789522216,0.8498881812038038,0.07262347124946056,-1.9668113992757912,0.4548325694839027,-0.28031212091445923,0.4308738882607717
0.569349493846604,-0.8364706635475159,-0.8653749823570251,0.17035732260464112,-1.0196404457092285,0.9952363231956569,-0.17378458250151202,-0.609967052936554,0.2360199665971063
-1.3101644122170824,-0.8364706635475159,1.6830102048194382,-0.8748409408478642,1.1863071029820245,-0.4305938424698565,0.945690783593202,-0.5420698443128062,0.07357295449789734
1.3261655562785712,-0.45138281145750175,-0.8653749823570251,2.0370400993404845,-1.0196404457092285,-0.5380604874815188,-2.225245952606201,5.0098504599765725,0.47924807042718903
-0.7988530158214642,-0.8364706635475159,2.2179478767581027,-1.0518848381397357,1.2711041649684471,0.6871650835580453,-0.1950411625333573,-0.6576861929266713,0.16381938457547024
0.02652192726807316,-0.8364706635475159,-0.8653749823570251,0.14507047401744577,-1.0196404457092285,1.8509419885378762,0.0977682719714991,-0.5034222105891245,0.1644822700733135
1.0049808224202008,-0.8364706635475159,-0.8653749823570251,0.636450402080929,-1.0196404457092285,-0.034943792644038386,0.05946660219554162,-0.609967052936554,0.2666458166506413
-0.41747346468238244,-0.8364706635475159,1.0084713590070657,-0.4916910956716899,0.10850231699584156,0.9043580042391065,0.2758778831371319,-0.609967052936554,0.2131195231719007
-0.4543420962499293,-0.8364706635475159,-0.8653749823570251,0.49842506524516794,-1.0196404457092285,-0.49458508526413386,1.7518263918172932,4.304760594533207,0.2472151004683568
-1.1875186074049555,1.5766660709904075,-0.8653749823570251,0.9281296347064135,-1.0196404457092285,-0.09656130910637942,-0.7100646013927105,-0.5899291915059651,0.1349431728967688
-1.0815443388683788,0.33513666004561343,0.5346412917963405,1.2174425822944275,0.08780455450982795,-0.5904201826991534,0.2495601751641371,-0.28031212091445923,0.25058363406885104
-0.5957680640146149,1.4634923987994473,-0.8653749823570251,1.7422665172951106,-1.0196404457092285,-0.12233812902746494,-1.1448570136556195,0.15922778844833374,0.5192131589037886
0.9355371848944519,-0.8364706635475159,-0.8653749823570251,-0.3851826742976441,-1.0196404457092285,-0.5495574564787171,1.4819019283897896,-0.28031212091445923,0.4398399396520406
0.06329469675842714,-0.8364706635475159,-0.8653749823570251,0.465319961309433,-1.0196404457092285,-0.5172083414080048,1.5157534304468914,-0.28031212091445923,0.21094233140229224
-0.2695399638816623,-0.8364706635475159,-0.8653749823570251,-0.1788004170452496,-1.0196404457092285,1.62980266890343,0.18060407317039695,-0.28031212091445923,0.20483624541922776
-1.2808884455374392,1.2930446964386393,-0.8653749823570251,0.18164680288600546,-1.0196404457092285,1.1996562396223336,-0.2339569981597369,-0.609967052936554,0.09563579248019388
1.8312879687957946,0.4739187973504987,-0.8653749823570251,-2.219611961403639,4.422287464141846,-1.6888201753139243,1.0667490286461438,-0.28031212091445923,0.7771720062201638
-0.6224709056702781,-0.8364706635475159,1.432156627463059,-0.899494957178868,-1.0196404457092285,0.4056257800105053,1.0233797858766822,0.410827606781798,0.6676213597196097
-0.2894126986154767,1.5197965809715155,-0.8653749823570251,-1.6868409786885992,0.9006261013530574,-0.7667432076611356,2.4734142915340804,-0.28031212091445923,0.5501030414287545
1.4389345626225625,-0.6364255090970586,-0.09009116232804015,-1.0626735944378127,1.0017304429857867,-0.27581798808457947,0.18936404522603312,0.04429427771232847,0.7747438178035118
-0.27177083749279923,-0.8364706635475159,-0.8653749823570251,0.4782202404544275,-1.0196404457092285,0.32359326611908745,1.1096727459682696,-0.28031212091445923,0.1732590235531445
-1.047422581146855,0.26573661727130593,1.4196142776801695,-0.8076875816113545,0.3336130314096787,0.965291713387287,0.12176972920986201,-0.28031212091445923,0.5181365493078356
-1.1208362869429986,0.7918322352103082,-0.8653749823570251,0.46549263309415706,-1.0196404457092285,1.1393386428634862,0.29499515081712274,-0.609967052936554,0.09852374528886801
0.4106660934353614,0.8094729006113324,-0.8653749823570251,2.1659857437845407,-1.0196404457092285,-0.5277785249026317,-2.225245952606201,-0.1844258866136619,0.45601938339645987
-0.803916293959606,0.8948225541512476,-0.8653749823570251,2.7103710281025224,-1.0196404457092285,-0.5522306238398355,-1.2611000699746326,0.820560245808333,0.5245280571657986
1.0407956993857128,0.3427118951439455,-0.8653749823570251,-1.4320270604965766,0.9560383574807285,-0.5244714059449027,1.3646451629229919,-0.28031212091445923,0.6649249920259114
0.3548809079610277,-0.8364706635475159,-0.8653749823570251,0.465319961309433,-1.0196404457092285,-0.3999031941075113,0.6794828122239976,-0.6750639316950412,0.1024771131595791
0.5375166597915239,-0.8364706635475159,-0.8653749823570251,0.465319961309433,-1.0196404457092285,0.39717924858804315,0.3721683442521432,-0.6405191938337268,0.17026813515576236
-0.314640109777085,-0.8364706635475159,-0.8653749823570251,2.0369062116462437,-1.0196404457092285,-0.5275871531560323,-0.28352166223053676,4.987382979390219,0.6134331991677071
0.06997006933714495,-0.8364706635475159,0.7146366192871006,0.465319961309433,0.2446518578114522,-1.214947970797233,0.25449325173499265,-0.28031212091445923,0.4254529911677368
0.48579057602017583,1.7891824516990693,-0.8653749823570251,-0.8197863781353302,0.8886720634194772,-0.0637819700217645,-1.1977038668576865,-0.28031212091445923,0.9642748234859446
-0.25988228647642775,2.040495237595828,-0.8653749823570251,-0.650432486273462,0.9626689275426734,-1.7113021707055638,1.0617719337682479,-0.28031212091445923,0.61611372384381
-1.3273301192890625,1.2046456451926673,1.1911722294086247,-0.05226238465388079,0.5334486539007623,-0.9027670142897148,0.024450019591069322,-0.28031212091445923,0.3823415528884283
-0.8922652438042458,0.35506411974274377,0.9848877906222827,-0.7251444821284498,0.5254872536981491,1.2099460975450909,0.13663084350357266,-0.6746789302027882,0.11986185480488462
1.1191977437293397,-0.8364706635475159,-0.8653749823570251,0.1675432850416097,-1.0196404457092285,1.0871691914254862,-0.3352446843550684,-0.28031212091445923,0.4204034493841258
0.010926948566329885,-0.8364706635475159,0.7592813322472415,-1.4909483036990645,1.5691092258363766,0.15086521468723496,1.2168898633046137,-0.35744373601068247,0.40375470925324736
-1.306803363018647,1.8991571984766062,-0.8653749823570251,0.227593328335146,0.35873597523933953,0.466008659466552,-0.5810610514142776,-0.28031212091445923,0.38483537664184214
0.004077156331178073,-0.8364706635475159,-0.8653749823570251,0.08321186930709826,-1.0196404457092285,1.741898714520862,0.13080727161688416,-0.6727584600448608,0.10721899460969005
2.1743725465023584,-0.8364706635475159,-0.8653749823570251,0.3561847131304122,-1.0196404457092285,1.9997634094478607,-2.075154689199067,-0.5103981395377524,0.48048137901824806
0.5560310786642255,-0.8364706635475159,-0.8653749823570251,0.151349654621927,-1.0196404457092285,1.0766600137586766,-0.18486970284329535,-0.28031212091445923,0.36074841000824975
0.21515934301537326,1.7327962963798327,-0.8653749823570251,1.640611043107488,-1.0196404457092285,-0.7300834358079165,-2.225245198561334,5.009864807128906,0.5432876017329318
-0.5103742676757459,-0.8364706635475159,-0.8653749823570251,0.1401523692495714,-1.0196404457092285,1.849649841119491,0.3685415184361329,-0.609967052936554,0.10697316528008405
-0.5313878899548314,0.2777249940277302,0.9868439055542438,-0.8301921497180604,0.8187062950489795,0.5951224270783609,-0.31251978755862025,0.7067599501570624,0.7965039005477216
-1.4118029384829485,0.7901127265638381,-0.8653749823570251,0.7835148651265679,-1.0196404457092285,-0.3818968464442691,0.6828404570017678,-0.609967052936554,0.12234544649632469
-1.1291621137036085,-0.580847095771136,2.1100959065769027,-1.3256388153343597,-0.07380492897636892,0.06291986530537022,0.7566384228197792,0.4251471978788673,0.4699711380852215
-0.4713612495030418,-0.8364706635475159,1.621668867119839,-1.3525052152648314,0.9223599301601242,1.0489618934442997,0.09003739264340464,0.15922778844833374,0.6631596307017678
1.8724305582685463,-0.5603711700323074,-0.05368155807426617,-1.069613844838158,0.7810942659981932,-0.09252833254487071,-0.7963522909178831,-0.28031212091445923,0.5856257049056114
2.498069741288144,-0.8364706635475159,-0.8653749823570251,-0.3544242571259367,-1.0196404457092285,1.9541692122857448,-1.9985621563616094,-0.36145185159400817,0.6518701706217735
-0.20843993049737483,-0.8364706635475159,0.643448251899561,0.465319961309433,-0.05083946943796372,-0.30427291988737837,0.9051540520123117,-0.6727584600448608,0.18167584407744314
2.1156111910105886,-0.8364706635475159,-0.8653749823570251,1.8542080067366173,-1.0196404457092285,-0.5453576729150964,-2.225245952606201,5.009271845366669,0.5307326046571502
-0.266340978651617,-0.8364706635475159,0.7046911077821992,1.1445848289446943,0.09699347042555381,-0.06077966678882719,-0.16506339478273468,-0.28031212091445923,0.23678721584061097
1.0194601771113057,-0.18738343210586555,0.0853276698940384,-1.1497356294224117,1.2563571083441003,-0.444776678183334,1.0718473346935593,-0.6727584600448608,0.307294200823809
-0.4068656836981571,-0.8364706635475159,1.5840404083592525,-1.3501673422888902,0.8203369831129502,1.0101752530715578,0.29805274542454957,0.698169572503938,0.7040537704239261
1.0303517855890838,-0.8364706635475159,-0.8653749823570251,1.086825022183381,-1.0196404457092285,-0.5038333574121407,-0.33753630094409326,-0.6727584600448608,0.1771156932928874
-1.0225340320515635,1.458345897055747,1.1407178003235958,0.6740428706575533,-0.10704560769295016,-1.8600435506510768,-0.3050824465067252,-0.28031212091445923,0.46259831255232126
-1.0880782361880343,2.0988583062229615,-0.8653749823570251,0.16438092009812397,0.6627082973387486,0.8872407966508269,-1.2654717692722421,-0.28031212091445923,0.4366087470462685
0.34519919895317724,-0.8364706635475159,-0.8653749823570251,0.42784221012539236,-1.0196404457092285,0.8200764209554481,0.7239730404467154,-0.6727584600448608,0.09629727305239194
0.9875127700122052,0.912178108606492,-0.8653749823570251,-0.8553161060314655,0.9870401921026094,-1.6987625218918097,0.825355174389576,-0.28031212091445923,0.667485025503639
0.9959684498634974,-0.8364706635475159,-0.8653749823570251,-0.7503215372314486,0.05498729524736093,-0.02533243159111216,0.5140281952016095,-0.28031212091445923,0.5479245743853449
1.212214108464343,-0.8364706635475159,-0.8653749823570251,0.03122418049525743,-1.0196404457092285,1.7827285964286546,-0.7626192126950853,-0.28031212091445923,0.44524321356267393
-0.658512154381382,0.761235301429494,-0.8653749823570251,0.4715354604209981,-1.0196404457092285,-0.033008420571378205,0.3842539503101764,-0.6727584600448608,0.08848487361696039
1.6030765055362501,-0.14399402938186043,-0.8653749823570251,2.134471826821687,-1.0196404457092285,-0.5327105229830424,-2.225245952606201,3.5596555270344705,0.492003414603931
-0.372259022460742,-0.8364706635475159,-0.8653749823570251,0.5024768117617695,-1.0196404457092285,0.023662699318395156,1.4750752821725237,5.009864807128906,0.2887188586855097
0.872873258646308,-0.8364706635475159,-0.8653749823570251,0.09745011160102617,-1.0196404457092285,0.04153390311208739,0.3495341922406132,-0.28031212091445923,0.4550592866500757
-0.6250863403524218,-0.8364706635475159,-0.8653749823570251,0.465319961309433,-1.0196404457092285,-0.4024897969824504,1.9453791596473349,4.310071378078424,0.2364657660184444
-1.3046173353756685,0.8267942166828999,-0.8653749823570251,0.4738948742037533,-1.0196404457092285,-0.1199269360681181,0.9518971647973926,-0.28031212091445923,0.268399023498298
-0.8599388944807093,-0.8364706635475159,1.126283342978368,0.07433392413740562,0.17957809668202956,1.0356809919536305,-0.0003468375263967604,-0.28031212091445923,0.2774164511163755
-0.6608718432153274,-0.8364706635475159,1.0676790692222982,-1.0648013875831248,0.3554932998929962,1.4608737985213143,0.4236929730603882,-0.28031212091445923,0.3851571265687255
-0.8830016196212385,0.15306021194360914,1.1067555431241585,-1.1903764497244458,0.5708124554389666,0.9626516209031246,0.1415789460881165,-0.6077752111524735,0.3837730097211312
0.868426377669628,0.4807412324892753,-0.8653749823570251,-1.4145975709928014,0.5587817531144904,-0.620912663065067,1.2406169449751145,-0.5317246860912371,0.6406859753385229
-0.9488627380126818,-0.542791115470046,2.2455978223148807,0.19311652735408624,0.387134734400269,-0.9998998350607303,-0.8534072595548812,-0.28031212091445923,0.3697009246730872
-1.524705977705772,0.7706100258659097,-0.8653749823570251,0.6020873683112808,-1.0196404457092285,-0.485410414690741,1.3664751576762928,2.9124547338594127,0.4195323279061662
-0.2548212384929894,0.7248524010830667,1.0018700810123287,-0.6378206463141547,1.0722944615320715,-0.0355291109534436,-0.7765294059081274,0.15922778844833374,0.6395490393117265
-1.1712080187063039,1.3511740678988051,-0.8653749823570251,1.0383632869129016,-1.0196404457092285,0.3259357555599104,0.07731220416133444,0.7739371153274377,0.47970705756990695
0.46692477429910934,1.2080558657535798,-0.8653749823570251,0.16420297949785925,0.320583915623952,-0.6543776251281892,-0.18527864901064037,-0.28031212091445923,0.659001565802665
-0.7485485280980557,-0.8364706635475159,1.0772415773233037,-0.04277537505680157,0.144012072665259,0.970024446047063,0.016839205655376045,0.8298310035761316,0.42481542047819065
0.2011822701469006,-0.8364706635475159,-0.8653749823570251,0.16961481050172603,-1.0196404457092285,1.529446484830679,-0.011429123698450838,-0.609967052936554,0.13674286433405416
-1.0863402937217788,0.7298317179322847,-0.8653749823570251,0.142695262496766,-0.2788454367109314,-1.146889082831105,1.5743400818971542,-0.28031212091445923,0.3808609084974732
0.5762926415810665,-0.8364706635475159,1.0662685864265031,0.465319961309433,0.33371478628757717,-1.6625988256720983,-0.16080073575820275,-0.28031212091445923,0.5332412342392736
1.0883801457890898,-0.8364706635475159,-0.8653749823570251,0.2580509259015139,-1.0196404457092285,-0.41553066115671733,-0.10690710344035989,-0.609967052936554,0.32422014188085513
-0.6357819538664382,-0.04461933226428508,0.674473998425597,-0.39304148143054213,0.3646118015291761,0.8448802205817745,0.27664949929300664,-0.28031212091445923,0.3886888270979032
1.1764416228324512,0.30522768068257805,-0.8653749823570251,-1.4211577270792113,1.2408719770186196,-1.3647099733130135,1.6029331126401303,-0.609967052936554,0.5178804227293751
0.06006797190660613,-0.8364706635475159,-0.8653749823570251,0.465319961309433,-1.0196404457092285,-0.5456316988150635,1.5183976443487066,0.15922778844833374,0.3516796487546864
0.47578922835505144,-0.8364706635475159,-0.8653749823570251,0.465319961309433,-1.0196404457092285,0.40410798810864895,0.8389761288845494,-0.609967052936554,0.2119180645026735
1.1771360215109103,0.47691553159034444,-0.8653749823570251,-0.8313813844080338,0.9579317441507802,-1.483316293460931,0.5541922997053063,-0.28031212091445923,0.7086096762620671
0.3637948849831029,-0.8364706635475159,-0.8653749823570251,0.8042950568994628,-1.0196404457092285,-0.008685457913976107,0.6293787723740548,-0.6727584600448608,0.13500633522933952
0.4905215894212835,-0.8364706635475159,-0.8653749823570251,0.6116273073358861,-1.0196404457092285,-0.05932739268379678,0.7271716854872323,-0.6727584600448608,0.1663210253740541
-0.28688667019188446,-0.8364706635475159,-0.8653749823570251,0.49175607790678083,-1.0196404457092285,-0.22476445842675602,1.2013796565913133,0.2238516050427003,0.24791850569496038
0.3702370315280366,-0.8364706635475159,-0.8653749823570251,0.465319961309433,-1.0196404457092285,-0.013587972804808817,1.0437355900619214,-0.4537107466935262,0.18810853711796852
-0.2114445098263391,-0.8364706635475159,0.9638867412294847,0.39628544401537386,-0.005759611521806842,0.4088657124096227,-0.20185942538800597,-0.6727584600448608,0.18265915398654714
-0.6688178412843895,-0.8364706635475159,1.0278429423744142,0.34852663727342253,-0.10979025232871217,1.097936667006262,-0.05216445580148664,-0.609967052936554,0.16216338323295468
-0.8200022587156994,-0.8364706635475159,1.6363741709533517,-0.8395681289870334,0.990769851904761,1.0656759580448176,-0.15452092815491886,-0.28031212091445923,0.44659462125500277
2.2438590423726077,-0.8364706635475159,-0.8653749823570251,-1.1793708784357497,0.4331284628373273,-1.472675912938507,1.2440417887143072,-0.28031212091445923,0.7773358224645884
-1.3835419418219026,1.5108251080600321,-0.8653749823570251,0.8931705769038235,-1.0196404457092285,-0.10049976556686337,0.058883143038321276,-0.609967052936554,0.11804558074693947
0.9355870866368363,0.6050312356449234,-0.8653749823570251,2.30794680972187,-1.0196404457092285,-0.5282639497938822,-2.225244225771344,5.009837409613131,0.501624810892266
0.7418976180273079,-0.8364706635475159,-0.8653749823570251,1.2411959043368377,-1.0196404457092285,-0.3131298603937545,-0.22097397134171692,0.7849672436643917,0.4422084778448472
1.0695836770383185,-0.8364706635475159,-0.8653749823570251,0.3223056560112787,-1.0196404457092285,-0.26945879620448365,0.16069207207775812,0.15922778844833374,0.5528234796905526
-0.732511757136795,-0.8364706635475159,-0.8653749823570251,-0.1514756012472187,-1.0196404457092285,1.0275751371952135,1.4687565998329573,0.4786046564331005,0.3507382580894944
-0.1136647290834886,1.2153774973496798,-0.8653749823570251,-1.7148097179067323,0.8800401513674607,0.9138327838736802,0.24684364857640792,-0.28031212091445923,0.409106174986463
1.4472255804383682,-0.15157822753032726,0.9555791224883139,-0.6875901796775434,1.2227218781099793,-0.35161423458817526,-1.1336981644168371,-0.28031212091445923,0.5103642039710179
0.3920349137832664,-0.8364706635475159,-0.8653749823570251,0.465319961309433,-1.0196404457092285,-0.05149647074923712,0.9339141974266219,-0.28031212091445923,0.3872671865883138
0.6582151316288525,1.1906548781094004,-0.8653749823570251,-1.411826133209463,1.2779126215361825,-1.0892754683276074,1.3116189049336775,0.42173272667718253,0.7962571928700335
1.1634366722949872,-0.8364706635475159,-0.8653749823570251,1.3613782046034988,-1.0196404457092285,-0.5414981752493051,-1.3078201543086732,1.4767086769929962,0.7328031869954935
-0.26531683664489125,-0.8364706635475159,0.7392364204217953,-1.291379205758002,0.9426529471381969,0.11647841460020882,1.3660250343415647,0.15922778844833374,0.7250600634958484
1.5428077547013113,-0.44818165943059585,0.5495754371782807,-0.973037013568533,0.9737562194122038,-0.22516433592489382,-0.1554267758474786,-0.28031212091445923,0.4634257011747733
-0.6470894531505152,-0.8364706635475159,0.6309103477875131,-0.34600244958473325,0.18253691643351713,0.25375545646142733,1.4366282993999773,-0.04620463924641077,0.48572593852728474
-0.5209392832765749,-0.3920638727828445,1.528279980421586,-1.665835624746712,0.8927863531379725,0.8965182379914552,0.4737878445537057,0.4906398973918568,0.730761006167942
1.087367998838044,-0.8364706635475159,-0.8653749823570251,0.26690119372979093,-1.0196404457092285,0.3986190135729993,0.07746375287791848,-0.6439571935059032,0.18956096499169084
-0.5736660006382291,-0.8364706635475159,1.1630688492499437,-1.0270615634222067,0.7829202680425428,1.1249457579747597,0.08042391541400107,-0.6727584600448608,0.20713754334920745
-0.3455306708797112,1.8062823444489977,-0.8653749823570251,0.1966569456536002,0.640073601528427,0.0009300198744629298,-1.197700992224012,-0.28031212091445923,0.7532722975367133
0.9257695589020057,1.3543390231012724,-0.8653749823570251,-0.04464941869533959,0.38604714716685407,-0.5770070022711237,-0.6201675025021648,-0.6727584600448608,0.3492359993655067
0.5034306803314023,-0.4944562582089796,1.0567460115802607,-1.3619842532540078,0.9446857145331423,-0.5380447992075048,0.6719053583352056,0.14944423328171935,0.9224453843535497
-1.2788478699122385,1.3247231978842322,1.0745815672024595,0.465319961309433,0.26958752918328777,-1.3461065692810055,-0.6596807140368822,-0.28031212091445923,0.4815428181108512
0.37990724987228436,1.274606768631374,-0.8653749823570251,-1.185149043304707,0.9621169899608015,0.3088851203485585,-0.3290835791476118,-0.609967052936554,0.5622827681001459
1.1240282697313535,-0.8364706635475159,-0.8653749823570251,0.465319961309433,-1.0196404457092285,-0.5609928139283324,0.08122947895040203,-0.609967052936554,0.3489572778083222
1.2805551321723234,-0.6076441283516254,0.5317789280816956,-0.854361729298221,1.1085325818682459,-0.20245470450769915,-0.4948222074817684,-0.28031212091445923,0.5737355131690716
0.3432874899548111,1.265882986435186,-0.8653749823570251,0.5050954665087828,0.16782366605841728,-0.6990750758917188,-0.7341518757615807,-0.28031212091445923,0.6319800825386823
-0.5862048786686508,1.2071921307015154,1.1080834834384707,0.15047888100736112,3.1205966540349452,-1.5963466866537532,-1.3334108167473835,-0.28031212091445923,0.3288630189119763
-0.749446230687181,-0.8364706635475159,1.4078571630025984,-1.0293554949229269,0.3154897645712713,1.393743741730183,0.1657973951491515,1.8737775926478648,0.5317746172115093
-1.1095397467516332,-0.07106693067083178,1.7507454947162764,-1.1465017152011039,0.26549020791976546,0.7757613228880504,0.22315315730884444,0.15922778844833374,0.5168068439983823
0.12444333487513679,-0.8364706635475159,0.9299788418394349,-1.6948619330166148,1.1972916732642445,0.3735211854421409,0.9804053495017698,-0.5100104702580164,0.4873715712275813
1.1752459604725014,0.2869756342502841,-0.8653749823570251,1.949646918832828,-1.0196404457092285,-0.46501035729810436,-2.2252444122372723,4.354293200230042,0.49564934488973367
-0.4014712902347496,-0.8364706635475159,-0.8653749823570251,0.0679605597063058,-1.0196404457092285,1.6182717290615638,0.2889923263927046,-0.28031212091445923,0.2106550400139836
-1.1591123093128979,1.5015868485095898,-0.8653749823570251,0.465319961309433,-1.0196404457092285,1.103693104936312,-0.2254017997726936,-0.6727584600448608,0.06579061263392863
-0.6469496291460437,-0.8364706635475159,0.7169949562220342,0.6944596692980702,0.10129919208405097,-0.490115502596614,0.9683278764310977,-0.28031212091445923,0.2070406169396146
0.41778943398397456,-0.8364706635475159,-0.8653749823570251,0.03970825641471282,-1.0196404457092285,1.164975223755542,-0.0938344447094007,-0.5785473393822107,0.21845689474985178
-0.42414833299034094,-0.8364706635475159,0.49602252453507223,-1.3738795568843085,0.9495155940201765,0.14283979983172568,1.537325151404219,0.7346942457205219,0.5580820644879685
0.03511779126997558,-0.8364706635475159,-0.8653749823570251,0.7657799397876934,-1.0196404457092285,0.1533178671610254,0.6291982130144378,-0.6727584600448608,0.11186477777453008
0.5786337077700773,-0.8364706635475159,-0.8653749823570251,0.25527364460314755,-1.0196404457092285,0.9898993670080795,0.1289438759264382,-0.28031212091445923,0.3742520156670553
-1.0322537508678415,0.7127491623879305,-0.8653749823570251,0.4439926755235974,-1.0196404457092285,1.110961972782083,0.3139413314901154,-0.6727584600448608,0.029271235336733644
-1.5830329240691663,1.2127664632479582,-0.8653749823570251,0.5878303333394033,-1.0196404457092285,0.04458622077918434,0.1334667067616604,-0.6670574993443152,0.012348078296722347
-1.650074475116405,1.1489143321221111,-0.8653749823570251,0.7109780708983735,-1.0196404457092285,-0.545670221277444,1.020056810881237,0.15922778844833374,0.2899780767351257
0.9766421336269505,0.8101546682079901,-0.8653749823570251,-1.1484193574495936,0.821182502062975,0.33847722049130474,-0.1476814869448939,-0.6727584600448608,0.3546198708118263
-1.0093073794324314,0.31528460729120694,1.6948792402641597,-0.7406489978563008,0.386626011606802,0.17845097017834066,0.07894217523455298,-0.28031212091445923,0.4726736290486383
-0.25768701249113773,-0.8364706635475159,1.169933493540919,-1.6931109469696224,0.8789432062349791,1.1764826633741332,0.5265063176470808,0.15922778844833374,0.7070379752426402
-0.36199286504500966,2.8301898026524577,-0.8653749823570251,1.2126839143069574,-1.0196404457092285,-0.47842208429518235,-2.2248811464588742,-0.10853652285558563,0.46003666548013644
0.9572506698466636,0.26488313676466796,0.9836419236927626,0.09220302027163285,0.8191736054256249,-1.4024647244886235,-0.7399925327656415,-0.2842264679338484,0.33482447383596425
0.06285242950133996,-0.8364706635475159,0.7078392650291704,-1.6100118202805807,1.4306766612910367,0.12279635374443626,1.4048417430127402,-0.4650062571435126,0.4649459785651442
0.00525854401107078,-0.8364706635475159,-0.8653749823570251,0.465319961309433,-1.0196404457092285,-0.4653532195270213,1.5220331446728166,-0.28031212091445923,0.2809366025959562
-0.6463020430518625,-0.8364706635475159,1.0684457106755727,-0.0034009706604790167,0.5630174202455673,0.9428483506181549,-0.22578593614577164,-0.28031212091445923,0.2596566671418896
