fixed_acidity,volatile_acidity,citric_acid,residual_sugar,chlorides,free_sulfur_dioxide,total_sulfur_dioxide,density,pH,sulphates,alcohol,target
-0.06426662520670662,2.3902746246251025,-1.5321714430876088,-0.5887720584869385,0.5238046346828494,-1.0127942562103271,-1.7327753515547086,0.5753786426392782,1.806697646130213,0.09222372288644559,-0.041507821530103683,0.1666666716337204
-0.46642789244651794,-0.5109267168203527,0.14594730734825134,-0.17923596122098476,-0.2902892827987671,-0.11405368894338608,0.398359594779405,-0.44202639794581144,0.033425383269786835,0.9790282845497131,-0.041507821530103683,0.3333333432674408
-0.39065036177635193,0.4651535809741316,-0.8179191808802542,-0.18876570663724773,-0.697219729423523,-0.7881091237068176,-0.5111184523614963,-0.47328323044475945,0.7192273773013695,-0.0895003229379654,0.5487849712371826,0.3333333432674408
-0.10392096538658822,-0.2625327408313751,-0.19381269812583923,1.3024409250574975,-0.7243484258651733,1.970334427289041,0.9652665373378446,0.5536984431266098,-0.7147592306137085,-0.6905476450920105,-0.2944904565811157,0.5
-0.16331779956817627,-0.7380198836326599,0.010043300688266754,-0.6332142949104309,-0.10038841515779495,-1.0127942562103271,-0.947637485304008,-0.21192904135922425,-0.028923334553837776,-1.0244628190994263,-0.6760660603258305,0.3333333432674408
-0.9210929870605469,0.09408261626958847,-0.19381269812583923,0.9847655495661812,-0.7786058187484741,-0.5072526931762695,-0.23224946770356458,-0.32130871776760644,0.2828202545642853,0.04228679015036449,1.223405361175537,0.5
-0.08754027634859085,-0.6790467481785412,0.3337502716696704,3.025406552309411,-0.15464581549167633,2.4455861756638595,1.5774327611953236,3.6492119923927766,0.6122854208337596,0.7118961215019226,-1.306420922279358,0.3333333432674408
-0.08754027634859085,0.8447912591650198,-1.0526161593572128,-0.5223517826055831,-0.019091466853367253,-0.5924075144862723,-0.6691197047877498,0.8983207941055298,0.9653567191112229,-0.6237646341323853,-0.8847832679748535,0.3333333432674408
-1.5287262678638114,0.15351851284503937,0.4177553057670593,-0.8776466846466064,-0.2360319048166275,1.3777077380861176,1.380860636782731,-0.9153722813732839,-0.6524105072021484,-0.02271728403866291,-0.8004556894302368,0.3333333432674408
-0.39065036177635193,-0.9163275957107544,0.7623363177665794,-0.8109833002090454,-0.2902892827987671,0.2229740172624588,0.0791782875985092,-1.1976834158649698,0.34516897797584534,0.1108487918972969,0.8376912015938829,0.5
-0.21868161787973028,-0.024789171293377876,-1.9084902590769532,1.59460852173826,-0.3174179792404175,0.48194927760807693,0.5229916956003205,0.7675279192813282,-0.7771079540252686,-0.8602360657932663,-1.137765884399414,0.3333333432674408
-0.46642789244651794,-0.9163275957107544,-0.397668719291687,-0.8109833002090454,-0.6091747243038587,-0.34268159970213563,0.016422195274946455,-1.3119236632687319,-0.46536436676979065,0.7049342129368595,1.223405361175537,0.6666666865348816
0.6702349185943604,-0.2625327408313751,0.21389929950237274,-0.02593190681671924,-0.4529767585908561,0.5038304328918457,0.28924562909526214,-0.4856863238480972,-0.7147592306137085,-1.0244628190994263,1.392060399055481,0.5
-0.8107125924808543,-1.1641627526237934,0.5536593198776245,-0.8772287715641828,-0.6944624771291419,-0.731937825679779,-0.5452464597843051,-0.9236280209131055,1.2290013231002377,1.3547122197066104,-0.5474730730056763,0.5
-0.46642789244651794,1.0234635451040601,-1.5165284610062688,-0.5187086178046797,0.8461505299718729,-1.2936506271362305,-1.567399191409441,0.563197284673731,1.1230126146406856,-0.2898494303226471,-0.5474730730056763,0.3333333432674408
-0.6179829239845276,0.19689770001199994,-0.5335727334022522,-0.6486672399793273,-0.5887049436569214,0.18095947066329707,-0.4405471457687728,-1.5142928682966244,-0.42688638642376747,-0.49019855260849,1.568885583319259,0.5
2.5450999931840608,0.4675881278652209,1.0293233394622803,-0.6283272307949771,0.7668550743961478,-1.349821925163269,-1.6953911614248858,1.7148145524110248,0.0957741066813469,0.37798094749450684,-0.041507821530103683,0.5
0.7460124492645264,1.4236599405397103,0.010043300688266754,-0.4998875558376312,0.734682769733183,-0.8442803621292114,0.1622211205314076,0.4613170108842782,-0.2159694880247116,0.3111979067325592,-0.46314552426338196,0.3333333432674408
-0.3148728311061859,-0.6131661372808006,0.21389929950237274,1.5208128706122623,-0.2631605863571167,1.3155220732472368,0.763576212892778,0.9629370410595702,-0.7147592306137085,0.8422405729187046,-0.8847832679748535,0.5
-0.46642789244651794,-0.4052179542871208,1.1652272939682007,2.185187341251486,-0.2902892827987671,0.9998976713916268,1.9115496353364223,1.4792686791219432,-1.047219236288335,-0.49019855260849,-1.2843217827309574,0.3333333432674408
-0.8453154563903809,-1.0723677834101824,-0.19381269812583923,-0.8109833002090454,-0.3911228983662637,0.39569201617155497,-0.10242520879606558,-1.3704378242630015,-0.028923334553837776,-0.22306638956069946,0.6331125497817993,0.5
0.9469521270096993,-0.3814045190811157,0.5311005302726529,-0.6109932065010071,1.1853439406986166,-0.9566229581832886,-1.7984426286449442,-0.6503462495494082,0.1816684618690528,1.3720460768116387,1.9723114494571687,0.6666666865348816
-0.46642789244651794,-0.20309685170650482,-0.3297167122364044,-0.011450422668047005,-0.9026652288618326,0.2791453003883362,-0.09459863322369748,-1.4518005254608066,0.15812282264232635,-0.957679808139801,1.6450430154800415,0.6666666865348816
-0.44328753831890944,-0.08422506600618362,-0.4778888543619645,0.44792856534322917,-0.8328632116317749,1.3115696904124827,0.83079907318314,-0.6114047357669495,1.0933536291122437,-1.1580289602279663,0.7174400687217712,0.6666666865348816
-0.39065036177635193,-0.7267868633351169,-0.3139184026259631,-0.8457476016591415,-0.1399409629514121,-0.17022497951984406,0.5918998691338695,-0.6376561348702685,0.2204715460538864,-0.22306638956069946,-0.041507821530103683,0.5
1.5619510566326393,0.8302681084182689,-1.0562490339192312,-0.5887717097057293,0.9630185150510575,-0.3387388288974762,-1.023851158914531,1.1295860761408596,-0.7147592306137085,1.1360477060002827,-0.2944904565811157,0.3333333432674408
-0.3148728311061859,-0.6191481351852417,-0.4656206965446472,1.3385025848132541,-0.34454667568206787,-1.275660799175474,-0.04075841538171049,0.19239268905754617,-0.46536436676979065,-0.8241137266159058,-0.46314552426338196,0.5
0.4713828714727352,-0.9757634997367859,0.21389929950237274,-0.8109833002090454,-0.14899028566396452,0.2229740172624588,0.18595615688831812,-0.7565521330151294,-1.460760401276026,-0.0895003229379654,-0.46314552426338196,0.5
-0.3148728311061859,-0.3814045190811157,-0.0936109326724988,-0.8554255366325378,-0.39880406856536865,1.5375939445834006,0.1963172085263977,-1.950883925542111,-0.9924690889053749,-1.0912458896636963,1.623571506292386,0.3333333432674408
-0.20197358552140543,1.506108007220542,-1.4450272801129767,-0.6776565313339233,0.7391667141913543,-1.0689655542373657,-1.1887773053022468,0.6916461074027817,0.3170918016902223,0.9790282845497131,-1.0444457781589243,0.5
0.21556980907917023,2.3727538969153685,-1.9901028464071204,-0.7220988273620605,0.8262097713023094,-0.6757665276527405,-1.0511209387192368,0.3710029346218378,0.5322151184082031,0.4447639584541321,-0.37881800532341003,0.3333333432674408
1.034646873057778,-0.9412821866122538,1.1652272939682007,-0.8268833722467012,-0.2089032083749771,-0.8442803621292114,0.5017593180186052,-0.5447601442140462,-1.1060664220007832,-0.42341551184654236,0.21147480607032776,0.3333333432674408
-0.6937604546546936,-0.5002763271331787,0.13331453108897653,0.8452012138525654,-0.01900232955813408,0.5852448338499533,1.5420858997898041,0.26057391495194243,0.5895861961592394,-0.3563319039131775,0.06372637588060642,0.3333333432674408
-1.148425579071045,-0.9163275957107544,0.07688161306200277,-0.6109932065010071,-0.6429623365402222,0.05446016043424606,-0.14959830845024175,-1.2595511232583656,0.0957741066813469,-0.49019855260849,0.4644574522972107,0.5
1.8986204947389547,-0.024789171293377876,0.8934193253517151,-0.6998776793479919,-0.1191781435125006,-1.349821925163269,-1.5862149332762034,0.6934233673112877,-0.7147592306137085,0.1108487918972969,0.4055825399073281,0.3333333432674408
1.2547749962449621,0.5313596857089778,0.14594730734825134,-0.5887720584869385,0.7248024695583738,-0.2825675308704376,-1.271188604386965,0.7163333643052563,0.5945638418197632,1.5415279384165563,0.6042020041564556,0.6666666865348816
0.29134732484817505,1.8973805392049343,-1.4785902841405392,-0.766541063785553,0.38820605096063604,-0.17022497951984406,-0.8630977079144843,0.43959792146014925,0.3926369574126249,-0.19889291755971047,-1.0534383058547974,0.3333333432674408
-0.39065036177635193,-0.38602859951924395,-0.05790869891643524,-0.7220988273620605,-0.4898623885182391,-0.3589770930532247,-0.4219625009392195,-1.2439083603894983,0.7192612886428833,0.24441486597061157,1.4555566190292284,0.6666666865348816
-1.502445907723214,-0.8094789513493622,-0.4656206965446472,-0.833204448223114,-0.34454667568206787,0.4476591646671295,0.051632672993764304,-1.2396493546758949,-0.15362077951431274,-0.4198389839067279,0.04281972348690033,0.6666666865348816
-0.6179829239845276,-0.8568916916847229,1.1652272939682007,1.806194543050355,-0.3128960620819249,0.8124285012474468,0.839072624727669,0.6954703780654133,0.5945638418197632,-0.7249158086403245,-0.11267675611632394,0.5
-0.46642789244651794,-0.5597122311592102,1.1652272939682007,1.0665790430775766,-0.45306146144866943,1.7815124550394232,0.8084011014108965,0.4934325662336497,-1.3929226120257625,0.17763182520866394,-0.8004556894302368,0.6666666865348816
0.1397922784090042,-0.6785839796066284,0.4177553057670593,-0.8432646988095389,-0.6429623365402222,-0.5634239912033081,-0.31805751400762544,-1.2952822896768887,-1.4005951881408691,-0.890896737575531,0.8004158898611032,0.5
0.06401476263999939,1.9164101547905108,-1.4519683955765184,-0.0845227710638407,0.7001457159697378,-0.17022497951984406,-1.001569877521348,0.6272628545990082,0.34516897797584534,-0.957679808139801,-0.6580413408302502,0.5
-0.3148728311061859,-1.4636900515758817,0.14594730734825134,-0.7443199157714844,-0.6207376639863833,-1.1683092082721707,-1.1217000261539798,-1.212473913612067,-0.5900617837905884,-0.890896737575531,0.7174400687217712,0.5
-0.5169791117282331,-0.2625327408313751,-0.9999617277601632,-0.766541063785553,-0.5528512378820422,0.5038304328918457,0.3701732501672187,-0.3846174187146697,0.9347203868870305,-0.22125869228653983,-0.2944904565811157,0.5
-1.2024765576141552,-0.08422506600618362,-0.6258833355669927,-0.6554354429244995,-0.4524430416859214,-0.0578824058175087,-0.03234761465599556,-1.6072740124367206,0.32719828822084074,-1.0244628190994263,0.6694811431269606,0.5
-1.072648048400879,-0.851946029050154,-0.6709859497304332,-0.6109932065010071,0.6465440851061682,-0.20585423896988028,-0.32158379526382425,-0.6403296415648047,0.5772323463571588,-0.2898494303226471,-0.9508375316857989,0.3333333432674408
0.34012652935198084,-0.5002763271331787,0.6895633339881897,2.038717793116988,-0.2089032083749771,1.1932554171494647,1.3061525031288337,1.7686016423518136,-1.4915034692242557,0.13178029010096548,-1.4750760793685913,0.3333333432674408
-0.08754027634859085,-1.1429173828614683,0.14198071741457344,1.9630511586953068,-0.34909434688035146,0.6161730289459229,0.016433488657433194,1.1663876198386725,-1.5561215849058163,-1.4693744637222916,-1.754208264181792,0.3333333432674408
6.353549003601074,-1.094635248184204,9.11561107635498,-0.9887523055076599,-1.2940510511398315,14.546651840209961,5.739711284637451,5.3161420822143555,4.896625518798828,9.794388771057129,3.078611373901367,0.0
-0.9968705177307129,-0.2625327408313751,-0.3818216956922863,0.7049176901427697,-0.5887049436569214,2.0713651157198485,0.835789318259511,-1.3719804854003668,0.7966961442777833,-1.4284597945056217,2.0602668903733425,0.6666666865348816
0.4429023563861847,-0.3219686448574066,1.0293233394622803,2.18060318807512,-0.34454667568206787,-0.6195952296257019,0.424390693531256,1.2517504197202183,-1.0888515710830688,1.6901818888458668,-0.8847832679748535,0.3333333432674408
-0.5422053933143616,-0.9163275957107544,-0.003642617796344741,2.4866544109297934,-0.6700910329818726,1.1675836073302077,-0.12084295878028468,1.885271266375908,-2.021840638304724,0.24441486597061157,-1.8898616719104493,0.5
0.008147456075607008,-0.024789171293377876,-0.12446337258219313,1.0487762057730792,-0.15464581549167633,0.5038304328918457,1.2908415754231903,0.9458330643287729,-0.028923334553837776,-1.2260858425186394,-0.9691107869148254,0.5
-0.8160031406798052,-0.47692049717746254,-0.6104279673456349,-0.6776565313339233,-0.7044481590951341,-0.3949100971221924,-0.6571311671935282,-0.9282729914268962,0.8252425803905019,-0.546914024400626,-0.041507821530103683,0.5
-0.3148728311061859,-0.44448612394080395,-0.3297167122364044,-0.8515892737296213,-0.40698834475545204,0.16680273413658142,-0.3532146709475018,-0.6043706388607566,0.4448520706029675,0.3111979067325592,-0.8847832679748535,0.5
-0.39065036177635193,1.9536983544051847,-1.4935371591883655,-0.6109932065010071,0.06644754696650369,-0.22639626264572144,-0.6632210035246692,0.3260763343773882,0.7192612886428833,0.6451131105422974,-0.8004556894302368,0.3333333432674408
1.3697082380179983,-0.8568916916847229,-0.12586070597171783,-0.3072247999006171,-0.5258723003727476,-0.8442803621292114,-0.340361760584971,0.04393584481256498,-1.593095990523326,-0.6237646341323853,-0.46314552426338196,0.3333333432674408
-0.01176275685429573,-1.094635248184204,-0.19381269812583923,-0.8109833002090454,-0.37334305398103435,0.4476591646671295,-0.46592709717635605,-1.229433557367957,-0.7490647864545794,0.7631964426002462,0.5487849712371826,0.5
0.5944573879241943,0.9618298397186256,-0.12586070597171783,-0.5766774015446313,0.5992496034368173,-1.1973429190091456,-1.236680408236284,0.8983207941055298,0.7035522816626368,0.4008170566385714,-0.37881800532341003,0.3333333432674408
-0.08754027634859085,-0.4408404231071472,-0.397668719291687,1.8791819881240437,-0.3174179792404175,0.9680278311824437,1.0438126684539097,1.4843774542554469,0.4075177013874054,-0.18164168943899162,-1.4750760793685913,0.3333333432674408
-0.3148728311061859,-1.0351994037628174,0.07799530029296875,-0.6998776793479919,-0.5073188543319702,-0.0017111222259700298,-0.3366400018835,-0.17044183873878102,1.9959770330114852,0.812078957993675,0.21147480607032776,0.5
-1.6683177845442574,-0.6785839796066284,0.19988530527873685,-0.8554255366325378,-0.953778938252949,-0.0578824058175087,-0.034551339555088184,-1.8014756453670888,0.2204715460538864,0.9790282845497131,1.719634603184882,0.5
-0.46642789244651794,-0.7380198836326599,-0.19381269812583923,-0.8109833002090454,-0.5073188543319702,-1.237479329109192,-0.10540087477044058,-0.9359053469569006,-0.09127205610275269,1.1750831213360744,0.4254453647080458,0.5
-2.58819842338562,7.208531788128607,-2.1644208431243896,-0.766541063785553,-0.9118593853761975,-1.284624546347218,0.66076898096335,-2.5035448074451785,4.896625518798828,9.793952424520945,3.078611373901367,0.99972900889409
-0.46642789244651794,0.21295440196990967,-1.7729862726804397,0.3617272420109196,-0.33298978167919496,0.7336533126248416,0.420423815889309,0.4326057371693786,-0.7771079540252686,-1.2308198814328288,-1.306420922279358,0.3333333432674408
-0.08754027634859085,-0.3219686448574066,0.8934193253517151,1.213972315628062,-0.2360319048166275,0.5235156743853701,1.2211249524456853,0.844914103714193,-1.213549017906189,-0.49019855260849,-1.251406440623899,0.3333333432674408
0.09060039787944754,-0.8568916916847229,1.1652272939682007,-0.511642966439858,-0.13818044472839736,-0.5634239912033081,0.06963710107664518,-0.7152609562560481,0.2828202545642853,-0.5569815635681152,0.5487849712371826,0.5
-0.6179829239845276,-1.0351994037628174,-0.02084143570937318,2.0455944141145763,-0.42593276500701904,0.7090992356463763,0.21220206727299443,0.6913062944664706,0.34516897797584534,-1.0244628190994263,-0.4665384723443027,0.8333333134651184
0.4429023563861847,-0.3814045190811157,1.7124422731720814,3.270813414940866,-0.3174179792404175,0.8091746459847096,1.7728858678303465,2.0195880057051485,-1.5966985775829818,0.6451131105422974,-1.559403657913208,0.3333333432674408
-0.5953208426270532,-0.024789171293377876,-0.5775966946662182,0.5067621333375798,-0.7552492273198622,0.33531656861305237,-0.16217428902850795,-1.527410844321806,-0.9018054008483887,-1.242280642671969,2.094578393448601,0.6666666865348816
-0.39065036177635193,-0.7380198836326599,1.1652272939682007,0.2654245344958267,0.13569647817366798,0.05446016043424606,1.279876283400157,0.3944774602107927,-0.15362077951431274,-0.08795617032079837,-0.7161281704902649,0.3333333432674408
-0.16331779956817627,1.7245312751489523,-1.771987542592854,-0.7443199157714844,0.1818032197620937,0.3746860572388008,-0.43336524756776856,0.8677295186235287,2.52774622908801,0.4236536111835428,-0.8847832679748535,0.5
0.1397922784090042,-0.7974557876586914,-0.12586070597171783,-0.7887621521949768,-0.45306146144866943,0.4995061987441976,0.028346006399737778,-1.2892007676788735,0.5447370592151254,0.9790282845497131,1.6383746435475177,0.5
0.5199622495397046,1.2332152946346622,0.47647005293568434,-0.544329822063446,-0.577966702129267,0.2791453003883362,-0.6719331133257119,-0.5135723406601704,1.0933536291122437,0.4447639584541321,1.501167875583114,0.6666666865348816
-0.6179829239845276,-0.9163275957107544,-0.05790869891643524,-0.82732640276885,-0.12751711905002594,-0.11405368894338608,-0.6397443468192724,-1.414843820443245,0.7192612886428833,1.008602854822062,1.1390777826309204,0.6666666865348816
0.7460124492645264,-0.3219686448574066,0.8254672884941101,-0.7443199157714844,0.5261786510192609,-1.1813081502914429,-1.7814100018805374,0.28959280784248853,0.5777976543442627,5.256249503851422,0.5528655057292922,0.5
0.5186799168586731,1.2855061421566512,-2.1644208431243896,-0.4431281668110359,0.8268655639656444,-0.5634239912033081,-0.6661833189342603,1.6633979687020763,1.452608293967158,0.7219639112848167,-0.7161281704902649,0.3333333432674408
0.29134732484817505,1.1566031557234704,-0.8053807020187378,-0.6998776793479919,0.9435513823407361,-0.3949100971221924,-0.6076991319335737,0.9309798252419864,1.4128891391007672,0.681873601122485,-0.7161281704902649,0.3333333432674408
-0.08754027634859085,0.33182618021965027,0.2018853937195273,-0.1755518597157077,-0.7786058187484741,0.2791453003883362,0.05964699195963872,-1.4212694158903592,-0.2783181965351105,-1.0244628190994263,1.918847185241605,0.8333333134651184
0.4429023563861847,2.9908871370081362,-0.397668719291687,-0.6139971971742739,0.8180950808720849,-1.1931780798384617,-1.6480260228961323,0.520359614059504,0.9063074588775635,0.47427733258570004,-0.1258353590965271,0.3333333432674408
-0.39065036177635193,-0.5002763271331787,0.538926296509898,1.1240912607298068,-0.2631605863571167,2.1913854817919294,1.6031130124994228,0.7326449071602159,-0.5277130603790283,-0.5569815635681152,-1.306420922279358,0.3333333432674408
1.0874168830059394,-0.024789171293377876,1.2017534587786534,-0.4380682307366764,-0.2089032083749771,-0.7881091237068176,0.16636193851534212,0.0023351085089832677,-0.9018054008483887,0.5710888537800937,0.7672091436849736,0.5
0.7679426902829587,-0.6191481351852417,-0.19381269812583923,2.3879454772182953,-0.2902892827987671,1.2841879667706126,1.3426468561376972,1.9462191158283542,-0.903514721357271,-0.0895003229379654,-1.137765884399414,0.5
-0.3148728311061859,-0.5963417887123738,0.07799530029296875,-0.6959840527896094,-0.9827539747512393,-0.39549401630057734,-0.745084601750461,-1.4930606888954712,-0.9641541242599487,0.5151123342065248,1.392060399055481,0.6666666865348816
0.545696404390483,1.5625280807317534,-1.8957781810119578,-0.6554354429244995,0.6795946348632421,-0.384989822709323,-1.122124384479889,0.824937143671222,0.8439587354660034,0.04406575486063957,-0.9691107869148254,0.3333333432674408
0.5944573879241943,3.4573508349392825,-2.158151849348588,-0.323809643215367,0.6135267558200823,-1.349821925163269,-1.778028806148572,1.0306526825176194,0.6949340266913321,-0.36580784573128755,-0.2845757383307092,0.3333333432674408
1.5536738312949372,0.5101338624954224,0.5536593198776245,-0.20061195924743497,0.2678982656355704,-0.39506776967486473,-0.798527936860172,0.3322830588704102,0.22079128555684338,0.24441486597061157,1.813698172569275,0.6666666865348816
0.09495302929530028,0.302117698609548,-0.8053807020187378,0.1733984412999347,-0.6158336400985718,-0.90045166015625,0.3631228035713804,-0.610477142817598,-1.2629581856354417,0.2860426844919778,0.918586276994882,0.5
0.9502185674089089,-0.8568916916847229,0.3463620198777359,-0.8554255366325378,-0.34454667568206787,-0.3387388288974762,0.11834109766724749,0.16574814591054965,-0.7147592306137085,-1.0244628190994263,-1.0534383058547974,0.1666666716337204
0.6487077967919193,1.4880090941038973,-0.5335727334022522,-0.6332142949104309,0.8127182130584332,-0.731937825679779,-1.396815858469248,0.6398821493066911,0.5314966624909677,0.04406575486063957,-0.46314552426338196,0.3333333432674408
-1.665927863641896,-0.024789171293377876,-1.0881256694437138,-0.8109833002090454,-0.561576247215271,0.4532994277676713,0.516107402131467,-1.3397603031340788,2.0110806216338766,0.4447639584541321,0.748613362535079,0.5
-0.46642789244651794,-0.4408404231071472,1.1390575301464232,-0.14962892327902325,-0.5995116239800515,0.05446016043424606,0.1421610979875884,-0.7049603242851334,0.15812282264232635,-0.6905476450920105,0.5217503105376565,0.5
-0.16331779956817627,-0.9757634997367859,0.14594730734825134,0.11705039035177654,-0.5073188543319702,0.07167501739106255,0.10403153539230446,-0.7093556823164643,-0.6790547939404944,-0.0895003229379654,0.572916401659829,0.5
-0.39065036177635193,-0.9757634997367859,0.8437425276098638,-0.5546592210097132,-0.9772160618056729,-0.6694775999908028,-0.2292145613349774,-1.4962534199204567,-0.4030156433582306,-1.621716628790987,1.48139228208373,0.8333333134651184
-0.3148728311061859,0.04601900816516098,0.14594730734825134,1.5121300918616085,-0.2631605863571167,1.8476288863794748,1.6047256356442923,0.9986027034470917,-0.5485183521579502,0.11611779437818244,-1.1647749565415395,0.3333333432674408
0.42603979524155416,0.2939631795818686,-1.9835362360033848,-0.90835619873664,-0.2089032083749771,0.6163120121549037,0.1374247486494654,-0.697712064199588,-0.9018054008483887,-1.0244628190994263,-0.7161281704902649,0.3333333432674408
-0.3148728311061859,-0.9757634997367859,0.15306506211260298,-0.8946033326152449,-0.864371041985126,0.8183871947828073,-0.3182831637454796,-1.6114616699942992,-0.7147592306137085,-0.469855239981689,0.5902499864353337,0.5
0.8403287541378025,-0.6191481351852417,-0.19381269812583923,-0.8776466846466064,-0.6429623365402222,-0.3949100971221924,-0.10022685932972993,-0.7141807421974427,-0.46536436676979065,-0.890896737575531,0.3801299035549164,0.5
-0.2390953153371811,-0.7380198836326599,1.1317155710022313,1.2287233913181475,-0.34454667568206787,-0.3387388288974762,0.12844872466568136,0.4715575891771825,-0.2159694880247116,0.6464393000563702,-0.06327468842952616,0.3333333432674408
-2.583259167449428,2.343588853910478,-2.1644208431243896,-0.6776565313339233,-0.561576247215271,-0.9169033545969882,-1.1255042839487563,-1.6927928354608865,4.852955538746419,1.338522767499273,3.0783648632248486,0.8333333134651184
3.4738729238746004,0.8056511426697517,2.57212539226409,-0.6332142949104309,1.1429401399962658,-0.8442803621292114,-1.1909884160888815,1.537721193754871,-1.473386698604637,0.6845107568738664,-0.07081313372715517,0.3333333432674408
0.36712485551834106,0.21295440196990967,1.1652272939682007,1.823191477270803,0.9953717170807393,0.16680273413658142,1.4621284725093213,1.4082747724904985,-0.7782674770216733,1.0506346471055938,-0.9691107869148254,0.3333333432674408
-0.46642789244651794,0.8736074012956749,-0.19381269812583923,-0.7887621521949768,-0.2902892827987671,-0.9566229581832886,0.367786894289497,-0.7275191466766544,0.4544560499987049,-0.49019855260849,-0.31775631492013434,0.3333333432674408
0.42792314117247093,-0.3814045190811157,-0.8045723789666116,1.7301640588744633,-0.04613102599978447,1.287781573549886,1.7354565245972127,1.0225626955484306,-1.2236395833395384,-0.15628336369991302,-1.0001925421113442,0.5
-0.5467957109296907,-0.031300169858589216,1.214477510335667,-0.22435764303852887,-0.39880406856536865,-0.22639626264572144,0.2985798847955793,-0.7161362846434906,-0.2159694880247116,-0.49019855260849,0.11130870334408743,0.5
0.455839479665721,0.33182618021965027,-0.0965450347371859,-0.7443199157714844,-0.8328632116317749,0.11063144356012344,-0.025002672510172647,-1.3164017356933981,-0.34066691994667053,-0.7573306560516357,1.5642490068587316,0.8333333134651184
-0.2390953153371811,3.2733943385744246,-1.7962824391623953,1.1261376906823362,-0.01900232955813408,-0.507599377496899,0.040074184486883616,0.8739781408159024,0.34516897797584534,-0.890896737575531,-1.0534383058547974,0.20054926051594646
-0.46642789244651794,1.8491672967758928,-0.2617647051811218,-0.3478814457115782,0.39754882458971497,-1.079144348867676,-1.341116269666254,0.638465212944712,1.6204030668523397,0.17763182520866394,-0.2101629078388214,0.3333333432674408
-0.5281654567247983,0.8530891135349375,-2.1171593358520036,-0.8109833002090454,0.3692281250585557,-0.9566229581832886,-1.6673443846343128,-0.24829014888119105,0.3630369357430385,0.1108487918972969,-0.6271446003707124,0.5
0.2845338413772578,0.21069709060680164,-0.05790869891643524,0.4298075213239777,0.4693719445316688,-0.6757665276527405,-0.49974557088832233,0.32599396870488107,-0.2159694880247116,1.6387345804604727,0.29580235481262207,0.6666666865348816
-0.6058642410517965,-0.2625327408313751,0.4857073128223419,1.7747714870029911,0.8319832386951879,1.7205657947254487,1.4089714063338272,0.8330973496005968,-0.9018054008483887,-0.5569815635681152,-0.9691107869148254,0.5
-0.3148728311061859,-1.3490706815118094,-0.025042211819359075,-0.7803076393345927,-0.5344475507736206,1.2898889801709057,0.7313665477181762,-0.309551219363524,1.9972248330150273,-0.36847081031719187,-0.46314552426338196,0.5
0.5703175989763223,-0.5597122311592102,0.902133377399125,-0.8554255366325378,0.41818091488158887,0.46681461661414064,0.9375391579203624,-0.08140303590798009,-0.5277130603790283,-0.36900399719705207,-0.1258353590965271,0.3333333432674408
-0.028940760350774537,-0.7380198836326599,-0.3297167122364044,0.5177080195677166,-0.7786058187484741,0.16680273413658142,0.5236378369928624,-0.2539005056384277,-0.7147592306137085,-0.49019855260849,0.04281972348690033,0.5
0.06401476263999939,3.2676860216263908,-2.0557508980390944,-0.5665509104728699,0.5320942502815884,-0.6668780441600474,-1.3666959946831045,0.9754813720128443,1.222202762301246,0.26265000403377425,-0.8847832679748535,0.3333333432674408
1.5070820348838756,0.07060195110760076,1.2111952169632247,-0.7220988273620605,0.2804827661399756,-1.4059932231903076,-1.7960374764438776,0.7992821411764267,0.0957741066813469,-0.2898494303226471,-0.5945684256550066,0.3333333432674408
-1.2390444459789747,0.6825966661786209,0.010043300688266754,-0.6554354429244995,-0.561576247215271,-0.22639626264572144,0.4006191342001429,-1.4580242991236432,-0.9989547370179985,-1.506412607974291,0.12714727222919464,0.5
-0.5422053933143616,-0.5002763271331787,1.1652272939682007,-0.8776466846466064,-0.4941498982232436,-0.0578824058175087,0.580281446724873,-1.192850435817739,-1.213549017906189,-0.02271728403866291,1.223405361175537,0.5
0.053325387971393245,2.6166717354970954,-2.1644208431243896,-0.5887720584869385,0.557572182728255,-0.5307254705015506,-1.4768555307668967,0.45833056468196565,1.250449411943607,0.04406575486063957,-0.2944904565811157,0.1666666716337204
-1.2459112677445592,-0.5002763271331787,-0.7141148177513449,0.8657774746174841,-0.2631605863571167,0.6723442673683167,0.5462435225014411,0.5628537215886354,1.2256572186429464,0.04406575486063957,-0.8004556894302368,0.5
0.4017956106384439,1.1588160901165032,-1.6216635870490894,-0.5665509104728699,0.847157462898694,-1.1813081502914429,-1.6422560143402238,0.9185709681467771,0.2828202545642853,0.21745251390322873,-0.5474730730056763,0.5
0.6122709321665303,1.4972903970372164,-0.7049412541884951,-0.5463760401401196,0.6732471182396211,-0.3387388288974762,-1.0141089422879728,1.033216118812561,0.37711653616847274,0.032436999356457684,-0.8004556894302368,0.5
-0.3148728311061859,-0.3814045190811157,0.5485688181179194,0.31173446265019783,-0.34454667568206787,-0.45108139514923096,-0.15257631946279188,-0.2213509695440747,0.0957741066813469,-1.1286019993413816,0.3801299035549164,0.1666666716337204
-0.6140434146216944,-0.7380198836326599,-0.19381269812583923,-0.8776466846466064,-0.5323739748742274,-0.14440000014991128,-0.010488301591779698,-1.0606719951766237,0.5945638418197632,0.4447639584541321,0.5487849712371826,0.3333333432674408
3.520497363502333,1.4023294500234438,1.2885361425851443,-0.7887621521949768,-0.2807899199340934,-1.4059932231903076,-1.636894637101976,0.9332166312951063,-0.9018054008483887,-0.6905476450920105,0.060708406031425036,0.5
0.06401476263999939,-0.024789171293377876,1.1652272939682007,-0.007327342312463463,0.7094481728038986,1.1470301379996655,1.2637697878119745,0.43150255031963325,-0.368473579679769,-0.5569815635681152,-1.4750760793685913,0.3333333432674408
0.21556980907917023,-0.20309685170650482,1.452690230320417,0.2903829666497837,-0.4620881137337133,0.2791453003883362,0.6768533504072068,0.5175834796632914,0.5945638418197632,-0.49019855260849,-0.631800651550293,0.3333333432674408
0.4514698312699786,-0.8272257084853852,0.764063592502541,2.0700837390930245,-0.34454667568206787,0.8986402636013917,0.6521363720687275,0.9322836622204544,0.4460202051268605,-0.5337773273127513,0.21147480607032776,0.5
0.5944573879241943,-0.7974557876586914,-0.397668719291687,-0.75886795129743,-0.07325971871614456,1.3909990888020813,0.5406951632377982,-0.8126460298480792,-0.2159694880247116,-0.6237646341323853,0.3801299035549164,0.5
-0.5394123192090555,-0.08422506600618362,0.14594730734825134,-0.5908574044827727,-0.561576247215271,1.289248115762768,1.2502452456032478,-0.9130929622357407,-0.8308633767764626,0.15091199582547823,0.3093971021357125,0.5
-1.072648048400879,-0.7116741358398491,-0.3297167122364044,0.03280143831676091,-0.6491235384270674,1.0915321061130945,1.015460022951324,-0.4535328001164215,0.5629917921079066,-1.297753525454865,-0.041507821530103683,0.3333333432674408
-0.5422053933143616,1.605911112855621,-0.2617647051811218,-0.05783673160127965,-0.5344475507736206,0.5041200501839634,0.2268446238862295,-1.307157367401993,-0.583752819395188,-0.22306638956069946,1.8367439356091877,0.5
-0.6937604546546936,0.42907329193893606,-0.3297167122364044,1.634201930265023,-0.39880406856536865,0.961052603863568,1.5952923172288687,0.9743840611048304,1.0916049193862833,-0.2898494303226471,-0.06634879870053799,0.5
0.7207063212868108,2.4931600031837347,-1.2077599817423423,-0.6332142949104309,0.4782333173061825,-1.4059932231903076,-1.7975539594423442,0.8321434586646344,0.2204715460538864,-0.8241137266159058,-0.631800651550293,0.1666666716337204
0.5186799168586731,-0.20309685170650482,-0.2617647051811218,-0.766541063785553,-0.45306146144866943,-0.637900900964038,0.2798910378401698,-1.451779270203408,-1.5248596730294606,-1.3583780527114868,1.6173994635609348,0.5
-0.9406113175007416,-0.19876218258658615,0.5536593198776245,-0.6776565313339233,-0.13424891650966997,-0.2767741809345668,0.7243914564736322,-0.5389744375335198,1.8773847869181275,0.5783300399780273,0.3801299035549164,0.3333333432674408
-1.5635406908681722,-0.7380198836326599,-0.206575016662458,-0.5887720584869385,-0.6158336400985718,0.16680273413658142,0.2157782252735424,-1.4521747014751996,1.7832297592362971,-0.42341551184654236,1.7052436334433094,0.5
0.22199512694480814,2.4302070982374415,-0.4406139077579426,-0.6593958215684181,6.1994892007386095,-0.22639626264572144,-0.019509974867105484,1.033216118812561,-0.2783181965351105,2.1544181877923205,-1.137765884399414,0.3333333432674408
-0.9210929870605469,0.21295440196990967,-1.852008889705015,-0.5069712640800607,-0.7243484258651733,-0.6151116519250659,-0.3342677705750901,-0.9918096986565186,1.4694427034589561,0.2866015029921313,1.1390777826309204,0.5
0.5661507814405465,-0.14655477871939387,1.1652272939682007,0.9884737237855022,-0.697219729423523,-0.03190825818173529,1.527878866469793,0.9050334589120603,-0.34066691994667053,-0.9662853417721994,-0.9691107869148254,0.3333333432674408
-1.0893312691698835,-0.1921963875244935,0.010043300688266754,0.5514978041802557,-0.29718442700082826,0.33531656861305237,1.0262391440603718,0.7108877513109495,0.6569125652313232,-0.49019855260849,-1.306420922279358,0.3333333432674408
0.29134732484817505,-0.390131404085406,-0.7660828173115173,-0.8436370961874562,-0.01900232955813408,0.2791453003883362,1.2156551700739413,0.09427440056008839,-0.42847181734717277,-0.6037334903492959,-1.4750760793685913,0.3333333432674408
-0.3148728311061859,-0.14366096258163452,0.3362112297566165,-0.5340189518773396,-0.4526056709176745,-0.0578824058175087,-0.25999612058537486,-1.7633571236350338,-0.7771079540252686,-0.45654491870650205,1.8928626645881794,0.6666666865348816
-0.2390953153371811,-1.094635248184204,0.14594730734825134,0.42406261386839444,-0.2631605863571167,0.6723442673683167,-0.08154936532445696,0.18517610030133008,-0.34066691994667053,-0.2886644648803057,-0.49184842189707534,0.6666666865348816
3.603684275870008,1.4663100646052847,0.8934193253517151,-0.08341158927265531,0.826664885332575,-0.9566229581832886,-1.41566118967478,3.5683725704600073,-0.15362077951431274,0.9918593431778776,0.29580235481262207,0.5
-0.39065036177635193,-0.3219686448574066,-0.2617647051811218,0.5543803446018447,-0.8143214651816097,-0.3644526842092976,-0.2774832799906231,-0.9955564160434558,-0.2783181965351105,0.3067706790284055,1.3075660595471106,0.6666666865348816
-0.6179829239845276,1.4159867192479776,0.7402300119470049,-0.6554354429244995,-0.5887049436569214,-0.5072526931762695,-0.019509974867105484,-1.6939844026124848,-0.34066691994667053,-0.08488347165103977,1.869414542130415,0.6666666865348816
-0.46642789244651794,-1.094635248184204,1.1652272939682007,-0.6332142949104309,-0.6158336400985718,-0.3387388288974762,-0.1033725955268601,-1.2013888016132424,0.15812282264232635,-0.2898494303226471,0.6624945362760358,0.6666666865348816
-0.8288642777789836,-0.20309685170650482,0.010043300688266754,1.6082501316595998,-0.42593276500701904,1.0690077855515794,1.4832572974864902,1.0068308942400428,-1.0888515710830688,0.1108487918972969,-1.306420922279358,0.5
-0.6937604546546936,-0.668439159035458,0.04156407241541456,1.2043522343122477,-0.2360319048166275,1.6572305602826354,1.252339345991799,0.8983207941055298,0.5945638418197632,0.5680415318076605,-0.9691107869148254,0.5
1.7886254019239154,0.32218568770949135,0.6895633339881897,-0.539995038340369,0.6504345163069248,-0.6195952296257019,-0.4876773833087843,1.2753370743309793,0.7192612886428833,0.06970127112889074,-0.631800651550293,0.5
0.29134732484817505,-0.47368893760170633,0.8254672884941101,1.1997395543847662,0.36652980266113566,2.3125472852858415,4.536525872597926,0.9474128672053198,-0.34066691994667053,0.44969312390835237,-0.5819627633891479,0.3333333432674408
-0.9210929870605469,-0.8568916916847229,-0.24509865345678647,2.4145180183874277,-0.04613102599978447,1.2894128205163962,0.4998092256511556,1.3094304154702168,1.5771022792458123,-1.0244628190994263,-0.8004556894302368,0.5
-0.9968705177307129,-0.6785839796066284,-0.12586070597171783,-0.6109932065010071,0.22679322910739325,1.1142748891328809,1.1173768990754882,-0.2830747429910034,-0.09127205610275269,-1.064677302540347,-1.306420922279358,0.5
-0.6179829239845276,-0.3814045190811157,1.5790733571091178,-0.8109833002090454,-0.6001546065768397,-1.237479329109192,0.4602086012067353,-0.7850682075448622,-0.8540266525456158,-0.49019855260849,-0.4203310440328715,0.3333333432674408
1.369140027731609,3.1959134055024876,-0.6897857454044865,-0.6109932065010071,0.5387736546370686,-1.2936506271362305,-1.6675178762749334,1.1746465785894384,0.42258342207435323,-0.22306638956069946,-0.46314552426338196,0.1666666716337204
-0.3148728311061859,-0.4408404231071472,-0.12586070597171783,0.667281993034445,-0.4801901578903198,-0.15295766886866785,-0.22655295319192734,-0.26132147178562287,0.6569125652313232,-1.1580289602279663,0.5487849712371826,0.3333333432674408
0.14982152547483987,-0.024789171293377876,-0.12586070597171783,0.6752595175109738,-0.5206913867658427,0.168133886437792,0.2931320099354704,0.1749158113220883,0.033425383269786835,-0.02271728403866291,0.21147480607032776,0.6666666865348816
0.8339170091264585,1.434991646130388,1.0293233394622803,-0.4966812187219973,-0.7786058187484741,0.4476591646671295,1.8031500749609224,-0.36068579061553346,-0.9018054008483887,-0.02271728403866291,1.0170362807237059,0.3333333432674408
0.29134732484817505,2.7176605079073726,-1.947963434144727,-0.6109932065010071,0.6626547281433779,-1.0689655542373657,-1.662792643126817,0.9595547072873699,1.9022052765507904,0.14402079890858252,-0.631800651550293,0.5
0.21556980907917023,2.098342006677583,-1.5625891199589117,-0.7117455945068035,1.1429565904645635,-1.3886940161321226,-0.7321664502714709,0.7170672264839728,-0.2159694880247116,0.509974167159212,-1.2220934629440308,0.3333333432674408
0.6358637874552509,2.18621287958887,0.14594730734825134,-0.5928225572768773,2.354507629651784,-1.2936506271362305,-0.9765603611411916,1.2123160969134303,0.34516897797584534,0.17763182520866394,-0.5623973134531899,0.5
-0.01176275685429573,-0.3814045190811157,0.28185129165649414,-0.6109932065010071,-0.2360319048166275,-0.49643860788601407,0.2874375665694008,0.1278202022052078,0.8439587354660034,-0.6905476450920105,-1.137765884399414,0.3333333432674408
0.1397922784090042,-0.6191481351852417,1.1652272939682007,-0.8554255366325378,-0.34454667568206787,1.7173731675557755,1.0791451127078577,-0.6559764829919577,-0.8394566774368286,0.6451131105422974,-0.2101629078388214,0.5
-0.08754027634859085,-1.2477500371276027,0.8934193253517151,2.529811017711897,-0.2902892827987671,0.4511054454823929,0.28711972101605937,1.7279708417538533,0.5322151184082031,-0.3566324710845947,-1.137765884399414,0.5
-1.4933652559972277,-0.9163275957107544,-0.941284716129303,-0.6554354429244995,-0.4801901578903198,-0.11405368894338608,1.1168275938515881,-0.9894833827926863,1.8038757509757886,-0.957679808139801,1.0547502040863037,0.5
-0.9210929870605469,1.5103984347013166,-2.1279196150861726,-0.6109932065010071,-0.34454667568206787,-1.3635589560291543,-1.5379101583927568,-0.6504904520090072,2.0380521537986844,2.669141106614833,2.380680511679983,0.6666666865348816
0.1397922784090042,-0.14366096258163452,0.16571606852330995,-0.8393345663016337,-0.2360319048166275,-0.22639626264572144,-0.7889881189550597,-0.3463885794394697,0.7727844499349117,-0.2980075811184176,0.5487849712371826,0.5
0.5944573879241943,1.840294706928821,0.11442508502577119,-0.3874199503839895,-0.39880406856536865,-0.2600092862799791,-1.0172412613808202,-0.45472767620527554,0.8439587354660034,1.0353554302143042,2.442453857428711,0.6666666865348816
0.06401476263999939,-0.5002763271331787,0.8934193253517151,1.8424214012704387,-0.17528030434533015,1.1897268691796155,0.46939408048119036,1.3150603751782273,-0.34066691994667053,-0.5823674195743135,-1.341304751206137,0.1666666716337204
6.353549003601074,-1.5701223611831665,9.11561107635498,-0.9887523055076599,-1.2940510511398315,14.546651840209961,5.739711284637451,-2.5043003386949296,4.896625518798828,9.794388771057129,3.078611373901367,0.0
-0.39065036177635193,0.09408261626958847,2.772918881220492,2.0935308368269143,0.12232635368671513,0.5059459340990848,1.73509685218016,1.358175234054471,-1.5062292599613694,0.37798094749450684,-1.8400549581713352,0.3333333432674408
-2.58819842338562,-0.17445308421524597,-0.2617647051811218,-0.9877722741522557,-1.2940510511398315,14.390977444353833,1.0504760000355668,-2.504413366317749,4.640677060465084,-2.092991352081299,3.078611373901367,1.0
-0.9210929870605469,2.1412080343252775,-1.6083325050302621,-0.6554354429244995,-0.1659440171609954,-0.6757665276527405,-1.6666715206406144,-0.6593268791677117,1.484068042022164,0.17763182520866394,1.392060399055481,0.5
-0.6179829239845276,-0.6191481351852417,0.28185129165649414,-0.6554354429244995,-0.15464581549167633,-1.0689655542373657,0.3693645683779967,-0.31028087165747303,-0.2096661561303909,-0.2898494303226471,-0.8004556894302368,0.5
0.11643343689694372,-0.5597122311592102,-0.12586070597171783,1.5786698141583468,-0.2360319048166275,1.9693681455699714,0.937350371182752,1.120701278816449,-1.6777482890403106,1.0029355843259211,-1.0534383058547974,0.5
-0.39065036177635193,-0.6938669574703813,0.010043300688266754,-0.5516242613864664,-0.10038841515779495,0.16680273413658142,-0.24684411763367808,-0.3202322284347189,1.3427485227584839,1.05294250322203,0.21147480607032776,0.5
-0.01176275685429573,-0.3814045190811157,-0.5335727334022522,1.7717732532843435,-0.19188996532115402,0.5038304328918457,1.4274504688602814,1.1989891795256475,-0.7771079540252686,0.5115470290184021,-1.030323812949192,0.5
-0.3148728311061859,1.8304710831738502,-2.1644208431243896,-0.6998776793479919,0.7338549901924699,-1.349821925163269,-1.358057877867197,0.595722835162624,0.5998486131016649,0.3111979067325592,-0.8602457626369524,0.3333333432674408
-0.2390953153371811,0.39435588719557746,0.07799530029296875,-0.6776565313339233,0.3235548049811888,-1.0689655542373657,-0.019509974867105484,-0.0011369528886159413,-0.5900617837905884,1.0803174668161595,-0.1258353590965271,0.5
-0.16331779956817627,-1.0351994037628174,-0.2617647051811218,-0.6554354429244995,-0.45279297419720793,-0.5634239912033081,-0.48669312992352515,-1.3869053869454862,-1.4005951881408691,-0.22306638956069946,0.45835925069027067,0.6666666865348816
-0.46642789244651794,-0.4408404231071472,-0.2617647051811218,-0.6372921487990134,-0.2089032083749771,0.39148786664009094,0.15021781471042886,-1.30691257627502,-0.816067172320066,0.3111979067325592,1.3896590428906062,0.6666666865348816
-1.7288497567919388,1.4245915151622555,-2.041782054255257,-0.06638259851388037,-0.4643990440984899,-0.4930711301202775,-0.28228052529968983,-1.271158230850418,2.834813621534328,0.3111979067325592,2.436826787662747,0.6666666865348816
-0.39065036177635193,2.076156521040833,-1.881198683280589,-0.3790192349176359,1.2472633721399824,-0.6195952296257019,-0.802011343081616,0.7764578282620623,1.8461744503084885,-0.033837054635317915,0.9704226851463318,0.3333333432674408
-0.01176275685429573,0.4189682663460811,0.6216112971305847,0.43036637112912707,-0.7302160327449543,-0.2379192665687303,-0.13145425531288596,-1.0617434989244217,-0.46536436676979065,1.7045726537974473,2.0281779520991217,0.6666666865348816
-0.022493959189381227,-1.094635248184204,0.4857073128223419,-0.766541063785553,-0.31671223945251753,1.3222991263461514,0.6513998859033477,-0.2955130986838286,0.5192447857476442,5.769517000917696,-0.437081397257981,0.5
-0.08754027634859085,1.4048884138843138,0.010043300688266754,-0.6998776793479919,14.913056966282303,-0.8442803621292114,-0.9219975316800365,-0.019337425670048515,-1.151200294494629,4.737935108654995,0.12714727222919464,0.3333333432674408
-1.072648048400879,0.9891387832133138,-0.4656206965446472,-0.3735465310891585,-0.575081456916819,-0.17022497951984406,0.17653476749832875,-1.49778003579154,0.7237810869431717,2.364961652410055,2.367839863267749,0.658822952011167
-0.46642789244651794,0.0443865158636904,-0.37405661012708324,0.32328381972197806,-0.9195057834453534,-0.3387388288974762,0.3456635194206336,-0.9448374456921876,0.0957741066813469,-0.2898494303226471,1.5607155561447144,0.6666666865348816
-0.16331779956817627,0.8954258447089342,1.879791646429532,-0.626310761945306,-0.1301515544156172,-0.5307121356692358,0.853837442695112,-0.390119610256162,0.033425383269786835,0.35283824853789514,0.26528711722657083,0.5
-0.6179829239845276,-0.7974557876586914,0.6718071939091459,-0.314657730775707,1.378053565170116,1.4304887174358039,0.891198929709775,-0.12090465219025089,-1.213549017906189,-0.957679808139801,-0.9691107869148254,0.3333333432674408
-0.03280946895729151,-0.8568916916847229,0.14594730734825134,-0.6776565313339233,-0.4801901578903198,0.21480903963187803,0.6815082056351552,-1.5420083493829364,0.015615340445965617,-1.5096771876876913,1.7475583409889406,0.6666666865348816
-0.6937604546546936,-0.2625327408313751,-1.2294964190226705,-0.01778480869351374,-0.6429623365402222,-0.3949100971221924,0.09590708523118016,-0.28249671475172006,1.0933536291122437,-0.34435140979195106,0.43692773806471286,0.5
-0.3148728311061859,-0.7974557876586914,-0.6047009536386312,0.5385668469512102,-0.5344475507736206,-0.6362395929283698,-0.7465285539963659,-1.0789571892940153,-2.502479606012939,-1.4366985350325445,1.0580751289069743,0.6666666865348816
0.47824944360315946,0.2014848551459436,-0.2617647051811218,1.166982099241634,-0.442703555616884,0.6723442673683167,1.2593371964673175,0.7913611876038908,0.0957741066813469,0.5657504844017338,-0.1258353590965271,0.3333333432674408
-0.08754027634859085,-0.7749082295874438,-0.2617647051811218,-0.8938027782177326,-0.45306146144866943,-0.1050210833250888,-0.5840201109151352,-1.6250665262191233,0.16242403925285906,-0.49019855260849,1.732130701983214,0.6666666865348816
0.4429023563861847,-1.094635248184204,-0.20312802676227854,1.1889300146812707,-0.2360319048166275,0.13755532192148837,0.704036236101214,0.5726781399111464,0.5945638418197632,-0.957679808139801,-0.041507821530103683,0.6666666865348816
0.21556980907917023,-0.6785839796066284,-0.12586070597171783,0.5286184757266975,-0.4801901578903198,0.8719241914234727,1.2704715159824898,0.4293467336312041,-0.34066691994667053,-0.15628336369991302,-0.7937597747050076,0.3333333432674408
0.4429023563861847,1.3524279105448902,-1.9076818167681349,-0.7131822558395636,0.7115738994704951,0.5038304328918457,-0.3953352821932276,0.8938344167489329,2.1802521138627955,0.9122452139854431,-0.37881800532341003,0.3333333432674408
-0.01176275685429573,-1.0351994037628174,-0.045301337824216685,-0.6776565313339233,-0.34454667568206787,0.6723442673683167,0.3234485276609367,-0.9908488941802179,-0.29016039280548167,-0.3566324710845947,1.015066814141402,0.5
0.06401476263999939,-0.9757634997367859,0.010043300688266754,-0.8717289285669534,-0.7063078997362279,-0.22639626264572144,0.08255119867786184,-1.2713424699396754,-1.1883663421811241,-0.13320557130718863,0.6331125497817993,0.5
0.29134732484817505,2.6041592808337186,-1.324213298422672,-0.7678149082870779,1.2339672139043274,-0.7208481063717631,-0.10238540675352442,0.41817808916566973,0.0957741066813469,-0.42341551184654236,-0.9691107869148254,0.1666666716337204
-0.46642789244651794,-0.4534631689183374,-0.07018959153152568,0.386778107417911,-0.5887049436569214,0.39148786664009094,-0.03469079930507816,-0.8147363750625165,-1.1116022887125863,-1.0244628190994263,0.9788051489382119,0.6666666865348816
-0.08754027634859085,-0.6191481351852417,-0.5801639237411811,1.1048734281526231,0.2046690979755492,1.2794953385218752,1.5869290255322732,0.7604763597671209,0.0957741066813469,-0.8920438156604075,-1.0302994464576827,0.3333333432674408
-0.01176275685429573,-0.20309685170650482,0.28185129165649414,0.1837995927240426,-0.4801901578903198,-0.17022497951984406,0.0036995746046625724,-0.7179333532819863,0.3158572291711058,-0.890896737575531,1.2904407543582408,0.8370960150977915
-0.5422053933143616,-0.024789171293377876,0.14594730734825134,-0.6318719108957214,-0.6429623365402222,0.05205215838754457,0.1377703566724971,-1.8735573084966035,-0.028923334553837776,0.3981761871721074,2.387031941274385,0.5962843970415219
1.1264321009752414,-0.3814045190811157,0.21389929950237274,-0.5665509104728699,0.1055495146064859,-0.07655040408263158,-0.4922327681075905,0.20470168215157653,-0.6046303712933452,1.7969980762034456,0.0645076951863996,0.5
-0.46642789244651794,-0.5002763271331787,0.7041598880563639,2.439921177279142,-0.15705648797479985,-1.1295800272693524,0.09126301482195169,1.3183605630792636,-0.15362077951431274,-0.42341551184654236,-0.631800651550293,0.3333333432674408
-0.08754027634859085,-0.4408404231071472,0.4147783046130957,-0.33983103567513273,-0.8328632116317749,-0.0578824058175087,-0.29719694015408255,-0.8553181886672974,1.0833261296484933,-0.6237646341323853,0.7174400687217712,0.6666666865348816
0.5944573879241943,-0.5002763271331787,-0.3204612044129302,-0.19655400664769057,-0.32154228886519076,0.16680273413658142,-0.233546671181446,-0.9925025406383727,-1.5745729733966842,-1.0912458896636963,0.7657811423547537,0.5
-0.16331779956817627,-0.9757634997367859,-0.4406983747469078,-0.7605777613160813,-0.5073188543319702,-0.22639626264572144,-0.30950851845906363,-0.9667032824523368,-1.0598165420902275,-0.2898494303226471,-0.041507821530103683,0.5
-0.46642789244651794,-0.08422506600618362,-0.2617647051811218,0.1524198658982056,-0.4801901578903198,-0.11405368894338608,-0.054623347428657966,-1.376902549015092,-1.5079123235390282,-1.481200725938706,1.3562323472445086,0.6666666865348816
-0.5422053933143616,-0.6630283918982449,0.06988366520498762,-0.8776466846466064,-0.561576247215271,-0.0578824058175087,0.26220174513052674,-1.3540413550609762,0.2012971897975932,0.9122452139854431,1.3561244090675846,0.5
0.7822034893888372,1.662765060789464,-1.8774147417025762,-0.6998776793479919,0.6240940811708451,-0.9566229581832886,-0.4162983491523641,0.9772408541811395,0.5945638418197632,0.5159618570558367,-1.2220934629440308,0.3333333432674408
1.041001670342243,0.5101338624954224,0.8401247162292861,-0.5786277213313353,3.980941384732001,-1.0127942562103271,-1.6720892585393257,1.4483731069944703,0.6703167712693605,0.41608060834887806,-0.8847832679748535,0.3333333432674408
0.7343981969841661,0.16431501676483012,1.1652272939682007,0.9499746096016097,-0.33353025913646484,0.3772276432175765,0.7795039058779123,1.033216118812561,-1.0888515710830688,-0.7573306560516357,-1.528613876427788,0.3333333432674408
-0.46642789244651794,0.33182618021965027,0.4177553057670593,1.0205591101935463,-0.3002105704907241,0.4598898015675116,0.4430023024884681,0.020297234026188708,0.2999590482665193,-0.22306638956069946,0.7399712666714593,0.5
-1.1478411764202892,-1.0351994037628174,-0.12586070597171783,0.8014995266684152,-0.14796085891300992,1.1217145919799805,0.8574953963799917,0.17820137698139407,-0.15362077951431274,-0.3566324710845947,-0.37881800532341003,0.5
4.1733060293821005,0.8963722074946775,1.3398468246231565,-0.5329173101803288,0.7894637111715891,-0.5030856794982895,-0.6704122044294809,1.7647841137259808,-0.6524105072021484,1.1856894785696355,0.6331125497817993,0.5
-0.08754027634859085,-0.6785839796066284,1.1652272939682007,0.5108303628344801,-0.9665111060623746,0.8062020219668111,0.6017255840271374,-0.1487652221404942,0.4482260943541981,-0.6905476450920105,-0.041507821530103683,0.9881399260787154
2.1378632320588604,2.2285756272612676,-1.059274728098913,-0.6109932065010071,0.9461331298558681,-1.3398857847224948,-1.216007766793236,1.8315162116811643,0.5322151184082031,1.044952136181091,-0.4187298390791958,0.3333333432674408
-0.6752372223358397,-0.4408404231071472,0.5536593198776245,0.021057067012660306,-0.34454667568206787,0.5038304328918457,0.06800364998353547,-1.0609362656736645,-0.9641541242599487,-0.7996801675184625,0.6166173581217855,0.5
0.8911412900379388,0.5101338624954224,0.07799530029296875,-0.7220988273620605,3.2814104559791946,-0.32097623515928486,-1.1161817164645775,1.0630054095642472,-0.23101380245219383,1.2904482636162549,-0.8004556894302368,0.3333333432674408
-0.08754027634859085,-0.024789171293377876,0.6895633339881897,2.2894387840243953,-0.5887049436569214,0.6701937888790265,0.02528282318309912,0.327049249447803,0.033425383269786835,-1.1580289602279663,1.0111320645157322,0.6666666865348816
-1.083862360162614,-0.3814045190811157,-1.3935793862299446,-0.8498966207610769,-0.19752250774714072,-0.23304006836226865,0.3712617289349377,-0.5091756649413629,-0.34066691994667053,0.01644605567791719,-1.559403657913208,0.3333333432674408
1.2979438238238596,-0.08422506600618362,-0.2617647051811218,-0.5887720584869385,-0.39880406856536865,-1.5577756092481212,-1.6585107237722787,-0.5186711448824686,-1.652467482191375,-1.3453281046101486,0.21147480607032776,0.3333333432674408
0.21556980907917023,-1.3352601044060946,1.1099752218193428,-0.6776565313339233,0.006894066625728289,-0.5752746834723697,-0.6908039236143347,-0.2079350801615556,-0.2783181965351105,1.7322000192765266,0.3801299035549164,0.5
-0.39065036177635193,-0.6524356268337086,-0.12586070597171783,-0.9133360639167463,-0.7244725133142912,0.05446016043424606,-1.1025871151388424,-1.5253813767664863,0.5322151184082031,-1.0244628190994263,0.8017675876617432,0.3333333432674408
-1.1620364009480042,-0.8661476221367445,0.4655068091947873,1.4794805530428718,-0.39880406856536865,1.291899749051022,0.03145209830628437,0.8314667210242042,-0.4508861689839466,-0.2898494303226471,-1.137765884399414,0.5
0.5914778339598065,-1.1702231987464988,1.6544685801838888,-0.766541063785553,-0.2089032083749771,0.33531656861305237,0.5101310060722052,0.222652880893263,0.0957741066813469,0.8387347764844454,-0.7161281704902649,0.5
1.3254830640475015,-0.795135145888925,-0.12586070597171783,0.21217820428981776,-0.7859154613573034,-0.7881091237068176,-0.8808014922916353,-0.9416671466717266,-1.2866219058320116,-1.4395618032994257,1.7462167609319421,0.5
-0.5422053933143616,-1.2687825402016253,0.14594730734825134,0.732305351325366,-0.18177451193332672,1.9674308214086162,0.42461165241863624,0.24121741433152816,-0.8009291885325169,-0.4134027288016488,-0.44501953366048863,0.5
0.21556980907917023,-0.3219686448574066,0.6555288513131586,-0.459067468544063,-0.6158336400985718,1.3620892500395734,1.6733367151639928,-1.189821624070133,-0.6524105072021484,-1.2915949821472168,1.3601951636430565,0.3333333432674408
0.6702349185943604,0.5101338624954224,0.787464704957558,-0.6554354429244995,-0.11347564014701086,-1.096990809572737,-1.8065372872795638,0.3666045137201058,0.8439587354660034,2.4724658269254634,1.2822229499975377,0.6666666865348816
-0.5439661909013193,-1.094635248184204,-0.1937047904157175,0.609812085125061,-0.21143006296664618,0.39148786664009094,0.4322870548728478,0.6182755588141672,1.34847258186607,-0.7027989569781242,-1.306420922279358,0.5
-0.3148728311061859,-0.30251395315942947,-0.397668719291687,1.635137085874105,-0.4801901578903198,1.8421482524583412,1.8799507707823324,1.033216118812561,-0.15362077951431274,-0.02271728403866291,-0.9691107869148254,0.3333333432674408
-0.6179829239845276,-0.5002763271331787,-0.397668719291687,-0.6393847178249163,-0.2631605863571167,-0.39967192565802984,0.9861763950440484,-0.7558749345531879,1.6482384953093847,0.24441486597061157,0.5487849712371826,0.3333333432674408
2.642901663986215,1.4448970744814065,1.4078680282256073,-0.5887720584869385,0.5778290033340454,-0.881852490898252,-0.9828508275825971,2.0118555420423263,0.39598950958395207,0.3111979067325592,-1.054340514397774,0.3333333432674408
0.5944573879241943,0.6836697237794899,-0.397668719291687,-0.6385573309428738,0.6473749663029729,-0.90045166015625,-1.584935057597532,0.36347722818887856,-0.15362077951431274,0.17763182520866394,-0.4612301798468693,0.3333333432674408
1.2721943818724404,-1.0351994037628174,1.124032633898251,2.1058658099977303,-0.04613102599978447,1.1217145919799805,0.6829367644538238,1.8552225500553885,-0.028923334553837776,-0.890896737575531,-1.306420922279358,0.5
3.5371947174265097,-0.08422506600618362,1.0773223815300677,-0.5887720584869385,0.8475936230393506,-1.349821925163269,-1.4726010990972043,1.761417971490466,-1.0265028476715088,1.5045969284364533,-0.2101629078388214,0.6666666865348816
0.5944573879241943,-0.2625327408313751,-0.2617647051811218,1.147404603062795,-0.6700910329818726,-0.7881091237068176,0.13561775329360984,0.023674364124722836,-0.5277130603790283,-0.3566324710845947,1.1021831406767673,0.3333333432674408
2.710259966857808,0.5101338624954224,0.33211475716387234,0.6468712909904684,0.9431234961703314,-0.7294292094234516,0.05711377587254612,1.9265802564558072,-0.24594547255889807,-0.6000847131374523,-1.306420922279358,0.3333333432674408
-0.01176275685429573,-0.5113681868572474,-0.24311330807562564,0.8795194303928685,-0.4801901578903198,0.244471622529974,0.5777527164050997,-0.31780573902144593,-2.9413488986924143,-1.0244628190994263,0.275776426916632,0.6666666865348816
0.30973115488208947,-0.08422506600618362,-0.397668719291687,1.1705132133750142,-0.2902892827987671,0.13187053226920953,1.0275041155428104,1.457358203639294,1.1557023525238037,0.37798094749450684,-0.631800651550293,0.3333333432674408
-0.6937604546546936,0.19280670925067206,-0.6711784936058087,0.7462831641563178,-0.2089032083749771,0.7846868634223938,1.2677306636918384,0.5291200929021976,-0.5900617837905884,0.24441486597061157,-1.2220934629440308,0.3333333432674408
-0.8453154563903809,-0.9757634997367859,0.051132453714925044,-0.5665509104728699,-0.5073188543319702,-0.8442803621292114,-1.0501788116457214,-0.9678173034020109,1.4439067725560277,0.3111979067325592,0.7410871637848845,0.5
-0.5422053933143616,-0.8568916916847229,0.8934193253517151,-0.16941080253814278,-0.7351915082606785,0.5038304328918457,0.07923336666588267,-0.6182954483703414,0.5322151184082031,-0.6237646341323853,-0.041507821530103683,0.5
0.5199771089712023,2.509579202315272,-2.1644208431243896,-0.6276728234290898,0.6122377656138284,-1.1776691920823765,-1.5992324327428074,0.9306835372419,1.5327683063628221,0.04406575486063957,-0.37881800532341003,0.3333333432674408
-0.8453154563903809,-0.5597122311592102,-0.12586070597171783,-0.6332142949104309,-0.8328632116317749,0.4476591646671295,0.9996296126198319,-1.4513628096120998,1.5821384580698639,-0.0895003229379654,1.3952251261406385,0.6254946914978735
-0.9968705177307129,-0.12355622475708734,-0.3297167122364044,0.2932178554300765,-0.4801901578903198,-0.0578824058175087,0.13340315792085983,0.30342074198055125,1.0933536291122437,-0.49019855260849,-0.8847832679748535,0.5
-0.16331779956817627,0.038903666400528836,0.9362289330792589,-0.00038043705319955497,-0.5184710588266906,-0.17022497951984406,1.4741793562219447,0.014724445518537644,-0.7128126881454495,0.845428506794899,-0.2944904565811157,0.5
0.1397922784090042,-0.2750030255414555,-0.8053807020187378,2.214146500740006,-0.10038841515779495,-0.2825675308704376,0.06382906706906527,1.2623274634280164,-0.46536436676979065,-0.6905476450920105,-0.9691107869148254,0.5
-0.16331779956817627,-0.08422506600618362,-0.9610338609979335,0.418234445103479,-0.45306146144866943,0.2791453003883362,1.880218491152605,-0.08407549070511694,-0.5900617837905884,-0.03403355871695984,-0.17220865726383527,0.5
-0.39065036177635193,-0.5002763271331787,-0.19381269812583923,1.6441407801355856,-0.3990327508413156,0.16680273413658142,1.4597504644308135,0.8983207941055298,-0.9641541242599487,-0.5569815635681152,-1.137765884399414,0.6666666865348816
-0.08754027634859085,-0.024789171293377876,0.4857073128223419,0.6734024089789451,-0.7082661238228124,-1.0022461424357791,-0.38037876247598706,-0.6547880693541677,-1.213549017906189,-0.9072865036713426,0.7174400687217712,0.5
-0.46642789244651794,-0.4408404231071472,0.8254672884941101,0.6724389618753588,-0.12751711905002594,1.2261545778501322,1.1272911130025585,0.2610325144961492,-0.028923334553837776,-0.2898494303226471,-0.631800651550293,0.5
0.6343783699108966,-0.5002763271331787,-0.941284716129303,-0.6332142949104309,-0.2360319048166275,-0.5294386203791782,-0.019509974867105484,-0.07454478291358974,-0.46536436676979065,-0.957679808139801,-0.8847832679748535,0.3333333432674408
-0.46642789244651794,-0.5608564286670639,-0.05790869891643524,1.9467062077371362,-0.22199411351407264,1.1215845468709764,1.9518752806408337,0.9621528790662242,-1.5912400805578315,-0.15628336369991302,-1.4750760793685913,0.3333333432674408
0.5186799168586731,-0.2625327408313751,-0.5335727334022522,0.009678801568057546,-0.4801901578903198,0.6161730289459229,0.6683892735083398,-0.49114931788330995,-0.2159694880247116,-0.22306638956069946,0.3801299035549164,0.5
0.8020069003892436,1.1587022993392495,1.661628694591554,-0.668361876026702,4.453673009793717,-1.349821925163269,-1.3162892381364402,1.0032028217874205,-0.7771079540252686,1.0289242167101371,-0.8004556894302368,0.5
-0.9968705177307129,2.1595557054211914,-1.5529500474306832,-0.7443199157714844,0.35471413587048706,-0.13722882479890852,-1.3618417659387256,0.14452218407068013,2.2353135996334395,0.1262443531004723,-0.1258353590965271,0.3333333432674408
1.2999672712430834,1.8739681740692096,-0.6228616461973728,-0.03510321306752277,1.6090584637486425,-1.1193036092739876,-1.0554226273048792,1.2853013917107556,-0.09127205610275269,0.1108487918972969,-0.8004556894302368,0.5
1.1868509591893897,1.6931139833119135,-0.2617647051811218,-0.8091188016279934,-0.01720407252849215,-0.41342023349957463,0.08221978068202987,0.29219764927770414,-0.6524105072021484,-0.22306638956069946,-0.4572356485756486,0.5
-0.9968705177307129,-1.213507056236267,-0.19381269812583923,-0.8373111392068807,-0.39880406856536865,-0.34679651368963993,0.3172946772728231,-0.5238671432930309,0.7192612886428833,-0.02271728403866291,-0.8847832679748535,0.5
0.247210295659142,-0.7178617927651546,0.21389929950237274,-0.37396163930225995,-0.6429623365402222,-0.8442803621292114,-0.9229861322114813,-1.020338896349492,-0.1817497051988437,0.4447639584541321,1.1390777826309204,0.5
-0.2843858192648615,-0.6191481351852417,0.010043300688266754,1.9100907187818765,-0.2360319048166275,-0.2825675308704376,0.3849527767512311,1.151704847854368,-0.09127205610275269,0.17763182520866394,-1.306420922279358,0.5
0.36712485551834106,-0.9163275957107544,0.5536593198776245,-0.6776565313339233,-0.2360319048166275,-1.237479329109192,-1.4113640897206083,0.063208430986996,0.25086312747044753,0.9790282845497131,0.9122605397459209,0.5
-0.46012587279363126,0.09408261626958847,0.4177553057670593,0.6062863309657472,-0.4801901578903198,0.6723442673683167,1.4420065924509942,0.21951801379333208,0.0957741066813469,-0.15628336369991302,-0.631800651550293,0.5
0.06401476263999939,-1.1733020240996543,2.5759371469772336,-0.8554255366325378,-0.4471576352154987,0.2791453003883362,0.061230772919860364,-1.5914795468415752,-0.11181016029507977,-1.8171825516701021,1.6450430154800415,0.5
-0.6937604546546936,-0.8568916916847229,-0.12586070597171783,-0.6998776793479919,-0.6758908413763116,-0.6195952296257019,-0.30769194101932285,-1.3116333704280865,-0.4030156433582306,-1.1580289602279663,0.5064261906295615,0.5
-0.5422053933143616,-0.9163275957107544,-0.8053807020187378,1.683490590660359,-0.10038841515779495,-0.0578824058175087,0.6049375307782086,0.7580776054325832,-1.3203374054025376,-0.4222803214106094,-1.137765884399414,0.5
-0.3148728311061859,-1.0351994037628174,6.905111685043,-0.6554354429244995,-0.5887049436569214,-0.09271526803017902,0.07545298636441784,-1.3218997822978824,-1.0888515710830688,0.4447639584541321,1.2177945104968855,0.3333333432674408
-0.2390953153371811,-0.6191481351852417,-0.2617647051811218,1.8096871268495427,0.0449947876561824,1.5999063089026486,2.806740716818379,1.2795130900606841,-1.4296697547216377,-0.22306638956069946,-1.641724152787955,0.3333333432674408
-0.9210929870605469,-0.9902049988253648,-1.1007538387506324,-0.8554255366325378,-0.561576247215271,0.19986281385412596,-0.08545088661169106,-0.6724920623948125,-0.34066691994667053,0.04406575486063957,-0.9691107869148254,0.5
-0.2390953153371811,-0.9163275957107544,0.4578944927467096,-0.8554255366325378,-0.8193373106681674,-0.3949100971221924,-0.3377218942906724,-1.2150469733679505,-0.2159694880247116,-0.5569815635681152,0.21147480607032776,0.5
-0.7695379853248596,0.27239030599594116,0.14820872688672765,0.3299708927304489,0.20670156477423723,1.2898762863795663,0.48753906882553494,0.35890028110167155,0.37294454870345284,0.010927468018274065,-1.306420922279358,0.3333333432674408
-1.1166482667287376,-0.5597122311592102,-0.19381269812583923,2.5118280422080907,-0.10038841515779495,1.372619860742869,0.8195253419848336,1.604138288317829,0.5322151184082031,-0.29595088838573735,-1.2220934629440308,0.3333333432674408
3.520266422957796,3.4140240004185474,0.003384875503266202,-0.3921635693980176,1.5908834158856282,-0.90045166015625,-0.19147053765784822,1.6558042818586232,-1.4476996724567137,1.4813834812802973,-1.3402894586891856,0.3333333432674408
-1.148425579071045,1.5340890186797056,0.9456605052948661,-0.30484460988825895,-0.8144734491060813,-0.3949100971221924,0.13842407138303844,-1.9500439946744095,-0.15362077951431274,-1.0024007110655353,2.9045965816193524,0.5
-0.40630056826065464,0.21295440196990967,0.23325418845514176,2.3372460084763897,1.6476284309903848,0.33531656861305237,1.4413577910510498,1.5903391802758502,-1.7181872681107055,1.95115379528456,-1.306420922279358,0.3333333432674408
-0.16331779956817627,1.7059200754269535,-1.4286777777367343,2.2182285405477935,-0.18177451193332672,-0.12530997893421914,1.7172307019750856,1.4382365290993748,-0.028923334553837776,-0.02271728403866291,-1.306420922279358,0.3333333432674408
-1.0841964262345531,0.12559046347733127,-1.2292415134150643,0.7604721244628229,-0.5073188543319702,0.6613946729939046,0.23121906495128464,-0.0256457122159552,0.2204715460538864,-0.11900038999216676,0.04281972348690033,0.5
-0.08754027634859085,2.0274117362125232,-0.9173904078397586,-0.6998776793479919,0.503175134065943,0.2229740172624588,-0.8503455520981323,0.8346723966919776,0.9686561822891235,0.7786791324615479,-0.631800651550293,0.3333333432674408
-0.3654766417531069,-0.694263865139082,0.5621746232166358,0.042449561528367104,-0.35585812173361736,-1.2364130454298965,-0.3094492454090374,0.2514650405281457,0.2828202545642853,-0.42341551184654236,-0.041507821530103683,0.5
-0.16331779956817627,-0.4096335260423949,-0.696853063367664,1.858129849021933,-0.16531434936991088,1.646858793684424,1.5923012849499842,0.9528695444912961,-1.0265028476715088,-0.42341551184654236,-1.137765884399414,0.3333333432674408
2.227135876937194,-0.008565587571371255,1.1652272939682007,-0.522926067669386,0.8148410973188467,-1.3492421466459301,-1.650276961950315,1.5291388696525279,-0.15362077951431274,0.5121431819018601,-1.137765884399414,0.3333333432674408
0.2875127269095962,-0.5002763271331787,1.1652272939682007,1.2794220818449207,-0.5204122308070837,1.1217145919799805,0.6166243472721253,0.3250564545048449,-0.6621827767743467,-0.22306638956069946,0.6331125497817993,0.6666666865348816
-0.5422053933143616,0.09408261626958847,-1.543237022131205,-0.5931043320120273,-0.2631605863571167,-0.5072526931762695,-0.910395679664736,-1.352867513773722,0.3868120631243581,-0.5491221379392558,1.709105661651021,0.3333333432674408
0.034375453671891085,1.4294587277395638,-0.6903619442051829,-0.7443199157714844,0.04820817367650891,-1.624533066572925,-1.5629142398570945,-0.05239560983286458,-0.5240481777181343,-0.9297571808747488,-0.5474730730056763,0.1666666716337204
-0.6120376473216979,1.315788485303045,-1.3175676490252424,-0.6109932065010071,0.33038956926797586,-0.45108139514923096,-1.1266989530634084,0.14636956433843526,1.1885525893931295,1.0816024498818435,0.6948857362556011,0.5
0.21556980907917023,1.4937912251083951,-0.3297167122364044,-0.6554354429244995,0.3517732704465002,-0.674188093266627,-1.5009559793510294,0.3518163869401332,0.9063074588775635,2.337738408490551,2.068021026814519,0.5
0.06401476263999939,-0.8568916916847229,-0.05667165869373755,-0.581498883773743,-0.9003729613813415,0.9532006978988647,0.012081177851880957,-1.6594218722552183,-1.6405666208056544,-1.0244628190994263,1.223405361175537,0.5
-0.17688901376766417,0.15351851284503937,0.07799530029296875,0.11240995194131626,-0.10038841515779495,-0.5544376469124958,0.5237430353845218,-0.043246996088838294,-0.7147592306137085,-0.040012568349260744,-0.631800651550293,0.3333333432674408
0.29134732484817505,-0.08422506600618362,1.0293233394622803,-0.7220988273620605,0.5214807261483415,-0.5634239912033081,1.1997418737417689,-0.10238356951356063,-0.34066691994667053,-0.15628336369991302,-0.7161281704902649,0.3333333432674408
-1.1616708735581378,-1.1623618387728554,0.28185129165649414,-0.21744830863254955,-0.9871185767704906,-0.17022497951984406,-0.3702022946938933,-1.2881262269419,0.15812282264232635,-1.0378787422428475,1.085060458605966,0.5
-0.08754027634859085,-0.7974557876586914,0.8934193253517151,2.2462260117748976,-0.2089032083749771,1.2893340750048556,1.1670901107029774,1.112234768000978,-0.4030156433582306,-1.0503202317692533,-0.19983849609281856,0.3333333432674408
-0.9562399977012944,-0.8568916916847229,-0.12586070597171783,0.6385830291734047,-0.2902892827987671,0.5600017309188843,0.5500238682127694,0.2735807947504223,0.0957741066813469,-0.49019855260849,-0.9538637900415711,0.5
3.4444180651563294,1.8790935217456308,1.6413493802411017,0.1594797417653984,0.9034317032172837,-1.4059932231903076,-1.5918943202302742,1.788567430047051,-0.15362077951431274,1.4716387634882522,0.5487849712371826,0.5
-1.1248175743376372,-1.4129074023608337,0.14594730734825134,-0.7443199157714844,-0.7728549610396421,0.12658102626702805,-0.23137972278848196,-0.019685928275315987,2.0290229275445246,0.4447639584541321,-0.7599257352219343,0.5
-0.9210929870605469,-0.7974557876586914,-0.5221956793915175,-0.7220988273620605,-0.2615758912249949,-0.017107216652864295,0.23864411702218613,-0.7045368137681233,-0.23496131777312784,-0.7629942211052566,-0.9691107869148254,0.5
3.0984680317384754,0.5135689205970175,0.8443489838298833,-0.6554354429244995,0.9880366248447285,-1.241753640760389,-1.5676503989627744,1.0669529595830702,-0.6524105072021484,1.7635509537905951,-0.631800651550293,0.5
0.29134732484817505,-0.8579232871216728,0.7089253013364363,-0.6554354429244995,-0.561576247215271,-0.0578824058175087,-0.0708045318465252,-0.7369968322348185,-0.6524105072021484,-0.6905476450920105,0.12714727222919464,0.5
1.2927691185150991,0.21295440196990967,1.502777383360832,2.0321303612651884,-0.3386582132657112,0.7998347260699372,1.3564926820532217,1.8510997752190799,-0.2159694880247116,-0.6237646341323853,-0.8700957346074554,0.3333333432674408
0.8217899799346924,-0.9163275957107544,1.6666053264772704,-0.7887621521949768,-0.39880406856536865,0.4964069234055061,0.695192768571212,-0.5303831989680524,-0.5277130603790283,0.09045828636432887,0.3801299035549164,0.3333333432674408
-0.08754027634859085,0.5101338624954224,0.03948532597279501,-0.544329822063446,-0.34454667568206787,-0.5935943661913287,0.15348049530973218,-0.9543600237057294,0.0957741066813469,-1.1580289602279663,1.3102820486887967,0.6666666865348816
-0.9968705177307129,-0.5002763271331787,0.596453527722342,1.7233595437765694,0.14163259098913847,0.33531656861305237,0.7142322432188345,1.033216118812561,0.9063074588775635,-0.22306638956069946,-0.5474730730056763,0.5
-0.6937604546546936,-0.8568916916847229,-0.19381269812583923,0.4609052596799116,0.062383756041526794,0.33531656861305237,0.8587966844394799,0.2805595252704796,-0.7771079540252686,-0.8241137266159058,-0.9691107869148254,0.5
-0.2390953153371811,-0.3814045190811157,-1.190633879246242,-0.7443199157714844,-0.10038841515779495,1.3507889766285497,0.6377521286364646,-0.9982934934917739,-0.8581076380088248,-0.6905476450920105,0.21147480607032776,0.5
-0.2390953153371811,-0.7380198836326599,2.721400545135469,2.143382949587335,-0.11963776887685275,1.9869089881559006,0.940706255333397,1.6234881569469621,0.7192612886428833,0.9122452139854431,-0.9691107869148254,0.5
1.0426801605974136,-0.8568916916847229,0.661693193776832,-0.6776565313339233,0.06871980306139529,-0.9566229581832886,0.10028238773338916,0.3142072438566651,-0.2783181965351105,0.24067687940847488,-0.7161281704902649,0.5
0.1397922784090042,-0.5597122311592102,-0.012898099313403574,0.7395636933443093,-0.8045713041437874,-0.896044417504202,-0.3733536850140429,-0.7687107709978794,-0.8774595280976885,-1.3583780527114868,1.3972848302039471,0.5
-0.3148728311061859,0.8200896543175864,-1.9474711657704658,-0.7887621521949768,0.14534739433816588,-0.3296764780745507,-1.6641087560723098,-0.1957925638843854,0.7021857415440258,2.5873373572231997,0.6331125497817993,0.5
-1.072648048400879,1.1247511066561624,-1.1787203024822783,-0.833204448223114,-0.7052682633119322,-0.90045166015625,-0.307894012516118,-1.0133527791922106,-0.2159694880247116,-1.442861009845576,-0.37881800532341003,0.5
0.4512823484718384,-0.2625327408313751,1.1652272939682007,-0.881196833576053,-0.4801901578903198,-0.17022497951984406,0.11849747448400987,-0.6728841801150341,-0.7280391082418453,-0.2898494303226471,0.11583274689521218,0.3333333432674408
-0.9968705177307129,-0.5611719851119176,0.3242904271916446,1.0947765437220038,-0.4699859349190197,0.33531656861305237,0.4670988780394175,0.21980649905147098,0.4075177013874054,-0.22306638956069946,-0.1258353590965271,0.3333333432674408
-0.5422053933143616,-0.49504947802804483,0.8573767028542464,-0.31595337989400274,-0.6429623365402222,0.9246525296368093,0.6386182393857778,-0.9881642781693465,1.8239326353593475,-1.0912458896636963,1.5607155561447144,0.6666666865348816
-0.6937604546546936,-0.7974557876586914,0.010043300688266754,0.4530349260773894,-0.2759340767178332,0.7293727911902471,0.5409812032283313,0.585917338650388,0.9063074588775635,-0.6905476450920105,-0.8847832679748535,0.5
-0.5422053933143616,0.6277963524224754,-0.3297167122364044,0.30664791902491784,-0.561576247215271,-0.3387388288974762,-0.20849104363258839,-1.0606827498435976,-0.2159694880247116,-0.7319866814339191,1.5607155561447144,0.6666666865348816
-0.43240424925296467,0.5101338624954224,-1.5749178022066141,-0.8109833002090454,-0.15464581549167633,-1.2936506271362305,-1.233563190150157,-0.18375565419978684,-0.4498959857816909,-0.957679808139801,-0.9233659743126175,0.3333333432674408
-0.01176275685429573,-0.2625327408313751,-0.12586070597171783,-0.20780702437437837,-0.6429623365402222,0.05446016043424606,-0.17193748623253935,-0.10326390510432161,-0.028923334553837776,0.17763182520866394,-0.46314552426338196,0.5
-0.6179829239845276,-1.0351994037628174,0.5536593198776245,-0.8776466846466064,-0.5073188543319702,-0.7086879948917113,-0.6739637583989422,-1.199388552156059,-0.09127205610275269,-0.22306638956069946,-0.46314552426338196,0.5
0.06401476263999939,-0.5597122311592102,0.6216112971305847,2.638506962897213,-0.18177451193332672,1.2571849026952637,1.4401389440960646,1.5165252301859606,-0.4030156433582306,-0.2898494303226471,-0.8847832679748535,0.5
0.06401476263999939,-0.14366096258163452,0.6895633339881897,-0.7220988273620605,-0.5652182986114941,-0.6757665276527405,0.07388307162833115,-0.21125497685243222,-1.653298823726603,-0.6237646341323853,-1.306420922279358,0.3333333432674408
0.7961139429761825,-0.024789171293377876,5.886428647255818,2.295449059552562,-0.39880406856536865,1.3586110068817614,1.2082733688344425,1.6794470660471514,-1.5527377387866406,-0.22306638956069946,-1.559403657913208,0.5
-0.46642789244651794,-0.4408404231071472,0.460137569022942,-0.8622230893951455,0.4776703297022197,-0.4546958414282073,1.3958584804449001,-0.387642608781273,0.8525781764992838,-0.49019855260849,-0.46321898807123296,0.6159342133724057
-0.39065036177635193,2.039262745569095,-2.1644208431243896,-0.5395473827009324,0.7621012809393015,-1.349821925163269,-1.8042479535102591,0.07429162530910582,-0.15362077951431274,1.0220879748501104,0.04281972348690033,0.5
-0.9712014009866741,-1.0351994037628174,-0.397668719291687,-0.5843615387935032,-0.5344475507736206,-0.027942839180328582,-0.04338661821566508,-1.717218104713601,-0.15362077951431274,-1.529334181558421,1.3826234609172416,0.5
-0.3148728311061859,-0.5597122311592102,-0.2617647051811218,-0.05154273955301174,0.31555182071973276,0.39148786664009094,0.9817145204536271,-0.20594475906576432,-1.213549017906189,-0.0895003229379654,-0.9338975196569674,0.5
0.29134732484817505,1.913170829927986,-2.1644208431243896,-0.7220988273620605,0.1411918119516873,-0.5634239912033081,-1.5628544395952364,0.44877142511618917,1.1899268610822695,0.17763182520866394,-0.12553452286332026,0.3333333432674408
0.29134732484817505,0.46251966618233836,-0.6996105155986149,-0.7064305247224291,0.2599940083692408,-0.3387388288974762,-0.9986896607766408,0.7421387347304393,1.4552672753545834,1.210911630752336,-0.7161281704902649,0.3333333432674408
-1.072648048400879,-0.105012165893002,-0.397668719291687,0.3384814633366735,-0.4801901578903198,0.35516752670112867,0.16110375165863272,-0.6087227001854274,0.7192612886428833,1.2766748414877063,0.6262847314999932,0.5
0.01621103138033618,-0.5597122311592102,-0.3297167122364044,-0.833204448223114,-0.7243484258651733,-0.731937825679779,-0.7656592112463464,-0.8849964617081747,-0.3350415427082984,-0.22306638956069946,-0.1258353590965271,0.3333333432674408
0.8892375195230346,1.159126307583107,0.21389929950237274,-0.3780036391711256,2.541607234401655,-0.7271467764882757,-0.4151987432844973,1.3846973084656273,-0.8394566774368286,1.9523513351614077,-0.9334828599483848,0.3333333432674408
-0.8358890069612781,-0.5597122311592102,1.2006943345298555,-0.6109932065010071,0.4681831535033644,0.2229740172624588,0.42429095539528183,-0.24832024998811938,-1.213549017906189,-0.957679808139801,-0.8847832679748535,0.5
-0.08754027634859085,-0.14366096258163452,-0.2617647051811218,0.5649019000767129,-0.9403616574830564,0.39148786664009094,0.136722300248911,-1.1144042607522908,-0.09553478897329933,-1.0244628190994263,1.6450430154800415,0.5
-0.16331779956817627,-0.14366096258163452,-0.8034583611135729,-0.8109833002090454,-0.5073188543319702,0.4948721296131086,-0.09798081774982943,-1.064660865017399,0.4075177013874054,-0.11193223411450953,0.6331125497817993,0.6666666865348816
-0.08754027634859085,-0.4408404231071472,-0.12586070597171783,-0.8554255366325378,-0.6158336400985718,-0.6757665276527405,-0.40468368953405365,-1.704621103441299,-0.5319703461092997,0.8446092336121478,1.813698172569275,0.3333333432674408
-1.5047956436779204,0.40366002979576987,-1.1800558661256073,-0.7887621521949768,0.7258920007642089,0.18069067234683386,-1.1776021151165117,-0.36788104378777803,3.730763521208068,0.8976794813206094,1.3954973747041501,0.5
-0.3861374235702508,-0.9757634997367859,1.1652272939682007,-0.7765983471957237,-0.6158336400985718,0.2791453003883362,0.2466480569265803,-0.45483285535298823,2.019220262527881,0.6451131105422974,-0.2418364949831957,0.6666666865348816
-0.6179829239845276,-0.8149254384920332,0.6454417535733921,0.43770819798684657,9.996103775632237,1.289584976371926,-0.017643718067052675,-0.13130335479704583,-1.5708124147406886,-0.8902579999026181,-1.0629273147289544,0.5
0.35988142458934125,0.8291903766526435,-0.3297167122364044,2.7273058509658403,-0.047364060752100604,1.2952172193485931,1.4744497543346937,1.8099391424940856,-0.46732335019721777,0.2199024005561562,-1.137765884399414,0.3333333432674408
-0.9210929870605469,-0.9396129807342445,-0.05790869891643524,-0.8109833002090454,-0.45220954122947316,-1.1251368522644043,-0.8620951139064859,-0.263301569212545,0.5322151184082031,0.04406575486063957,-0.8847832679748535,0.5
1.9870500523806933,0.5101338624954224,1.1652272939682007,-0.6998776793479919,0.8798530813215024,-0.9566229581832886,-1.3719615395069404,1.5178196497993925,-0.028923334553837776,0.37427041095857094,-0.6269501794063447,0.3333333432674408
-0.4445802956188259,0.09469927443780538,0.34980329871177673,0.6740061015526873,-0.34454667568206787,1.1254449722908622,1.469612459555219,0.10154905645916124,0.4988569732597839,1.242726550124807,0.04281972348690033,0.5
-1.072648048400879,-1.168676723210343,0.34980329871177673,-0.8554255366325378,-0.15464581549167633,0.6352460221078715,-0.20828569965023358,-0.9940894689962876,1.472969608627985,0.3111979067325592,0.3801299035549164,0.6666666865348816
-0.2390953153371811,1.0608920414028302,-0.18299441117264648,-0.8109833002090454,-0.39880406856536865,0.6222798956682768,2.8875788513952676,-0.1965465719336214,-0.2783181965351105,0.04406575486063957,-0.7214973272069967,0.3333333432674408
-0.01176275685429573,-1.094635248184204,0.21389929950237274,-0.6998776793479919,-0.18177451193332672,-0.23293968603283907,-0.28883135721438924,-0.4534717981754573,0.34516897797584534,-0.8724537162601806,-0.03319674563256351,0.5
-0.08754027634859085,-0.4408404231071472,0.4857073128223419,-0.7220988273620605,2.2623544561360776,-1.1927281911809169,-1.2881916414799748,0.4263768355752072,0.8160041727186127,1.7129433964383574,-0.8685010750338128,0.5
0.4429023563861847,-0.14366096258163452,1.1652272939682007,-0.09877821042603274,-0.5073188543319702,-0.10334360609839013,0.369990294973969,-0.9604853136438303,-1.0632656916139307,-0.890896737575531,0.8854918570397213,0.5
-0.17887634326401594,1.0139938123100294,-0.6793497352301212,-0.4998875558376312,0.7294147426829426,-0.3949100971221924,-1.2832388805806325,0.8623453156520251,0.46986642479896545,0.5092092866934912,-1.044500068817881,0.3333333432674408
-0.3148728311061859,-0.4408404231071472,0.6234305297808348,-0.16097577661218126,-0.34945382699209493,-0.8924080693977902,-1.382199658473586,-0.8941057705431553,0.19673764007241074,0.1108487918972969,1.3001800111201691,0.5
-0.6179829239845276,-0.2625327408313751,0.28185129165649414,1.783230884427596,-0.5073188543319702,0.16680273413658142,0.3667327490112267,0.6220405479004931,0.7567121626233889,-0.6905476450920105,0.3801299035549164,0.5
-1.1913746774493155,2.072991251011221,-1.4137751006053685,-0.7443199157714844,-0.06374347252282059,0.5600017309188843,-0.5054862563852486,-0.09341032115825079,2.3620821820215823,0.6601766718966242,0.6398557893362511,0.5
0.06401476263999939,1.9811423862058402,0.010043300688266754,-0.7887621521949768,3.6290259443368704,0.6808713969309865,-0.027700802134755086,0.2939078955600745,-0.34066691994667053,0.7786791324615479,-1.3143585702849596,0.5
-0.01176275685429573,-0.024789171293377876,0.010043300688266754,0.7643514155274842,-0.2089032083749771,2.2013065662800653,2.0427626270940773,0.4701110010915507,-0.34066691994667053,0.04406575486063957,-0.8847832679748535,0.3333333432674408
-0.16331779956817627,-0.8568916916847229,0.4857073128223419,-0.8371681383276575,-0.3327711641206386,0.016172547116040114,-0.033041488331696595,-0.8572873499214633,1.3427485227584839,-0.49019855260849,0.29580235481262207,0.5
-0.5552437532086113,-0.4408404231071472,0.07799530029296875,2.083717021440425,-0.10038841515779495,1.7825071249324163,0.5167293656188586,0.992539373742916,-1.0845233600039552,-0.42313976151184757,-0.8847832679748535,0.5
0.21556980907917023,-0.3219686448574066,1.092353789733538,-0.6554354429244995,-0.6277997985682345,-0.11405368894338608,0.6208700773221348,-0.3501961599367083,0.15812282264232635,0.05263400728145598,0.7709517484547916,0.5
-0.08754027634859085,-1.0351994037628174,0.14594730734825134,-0.4904808539054166,-0.5010027138545576,-0.43821754738244173,-0.25512585880347044,-0.597415850670535,0.033425383269786835,-0.890896737575531,-0.041507821530103683,0.6666666865348816
-0.3148728311061859,-0.557537277361116,-0.04145617980091114,-0.8206072710419501,-0.3174179792404175,-0.22639626264572144,0.7172968823636336,-0.8026228945273719,-0.6524105072021484,-0.5569815635681152,-0.2101629078388214,0.3333333432674408
-0.944558807577148,-1.083420491861644,-0.19381269812583923,-0.7887621521949768,-0.561576247215271,0.5600017309188843,0.11805466370629694,-1.104500311157262,0.7192612886428833,-0.3566324710845947,0.3801299035549164,0.5
0.1397922784090042,-0.3219686448574066,-0.397668719291687,3.5385776334852888,-0.26706807046102365,1.003944475557584,0.7075749182564444,1.8859924424138144,-1.4005951881408691,-0.7346625177908251,-1.266406254403344,0.3333333432674408
-0.3148728311061859,-0.9843498963482883,0.07799530029296875,0.11542975269359809,-0.45306146144866943,0.16680273413658142,0.637875511885476,-0.5579244432338112,-0.5900617837905884,-1.398846503957337,0.048375099000451914,0.5
-1.148425579071045,-0.9490901036089127,-0.12586070597171783,0.7675012026174465,-0.5073188543319702,0.3174175715818348,0.3239769009045305,0.09220212043973705,0.033425383269786835,-0.7192530454138373,-0.2944904565811157,0.3333333432674408
-1.385175706930185,-0.4860933824936003,-0.12586070597171783,0.2368108307640985,-0.6158336400985718,-0.21255166025184685,-0.36489004643286455,-0.18848188638895716,-0.2159694880247116,-0.8168214849817926,-0.9691107869148254,0.5
5.397688692778811,-0.024789171293377876,1.3521873149843613,-0.5665509104728699,0.6902985301832572,-0.2825675308704376,-1.2192075005964362,1.943154231592591,-0.7147592306137085,3.723291060610981,0.6636124348390502,0.5
-0.6179829239845276,-0.28265279258578524,-0.2617647051811218,2.8622689526551284,-0.2089032083749771,0.44276166534313044,0.42923373174004426,1.2569065741712457,0.5322151184082031,0.3188675541744816,-0.1258353590965271,0.5
3.0096118582889866,0.39507413547476194,1.4501601229408876,-0.5887720584869385,0.5225271029762022,-1.4974326975224395,-1.8601304029442456,1.4720425040580774,-0.8394566774368286,1.145821306933334,0.21147480607032776,0.5
-0.16331779956817627,2.7257415315447613,-2.004149682710903,-0.7192122806785579,2.0568590481522016,-1.3238612788205149,-1.4997035144718216,0.7733703170895211,1.2133909360640727,0.6730756809995512,-0.608159589522063,0.3333333432674408
0.4429023563861847,-1.0828908190635433,0.010043300688266754,-0.6554354429244995,-0.561576247215271,-0.17022497951984406,-0.29166173932693146,-0.47977310407794277,-0.6749426743488619,-1.0244628190994263,-0.1258353590965271,0.5
0.21556980907917023,-0.14366096258163452,-0.3297167122364044,-0.3522757245521964,-0.7652050320475721,0.5667182729311103,-0.061899595452760026,-1.3150966790875063,-0.8606280765889296,-0.07717355067027287,1.725564564851563,0.5
0.1397922784090042,0.6796524770871574,-0.6015247106552124,-0.7443199157714844,-0.4801901578903198,-0.3387388288974762,-0.705199175904534,-0.26966791130771106,0.9063074588775635,1.7344578959324928,1.0007217103156787,0.6666666865348816
0.6890031931427021,-0.8568916916847229,1.7525805201918914,0.7783892320432644,-0.561576247215271,1.1217145919799805,0.7725992697103512,1.0296144330903068,-0.2783181965351105,0.3503303471773465,-1.3476543658183902,0.3333333432674408
-0.7859143007577256,-0.024789171293377876,-1.6189297469668704,-0.9186704353566976,-0.34454667568206787,-1.237479329109192,-0.7011554146658356,-1.06003827617424,0.0957741066813469,-0.957679808139801,-0.041507821530103683,0.1666666716337204
0.5944573879241943,2.4251210360087994,-0.46903829973362376,-0.6109932065010071,0.9134414982701616,-1.237479329109192,-1.69344943652748,0.7547790504565544,0.4841594248270574,-0.2898494303226471,-0.8847832679748535,0.3333333432674408
-0.6937604546546936,-1.533103201619479,0.8947782823207618,-0.833204448223114,-0.5292727812416794,-0.45108139514923096,-1.0059796395234468,-1.2467384233629835,0.6829789715646779,0.24441486597061157,0.6331125497817993,0.5
-0.6210031947981897,-0.3219686448574066,-0.12586070597171783,-0.26945007507927166,-0.7819744814485132,-0.08488363232781847,0.3059108443809413,-1.3764221962853431,0.8496029438663354,2.9981198070456596,2.2024561588865152,0.6666666865348816
0.06401476263999939,-0.4408404231071472,-0.19381269812583923,-0.6332142949104309,0.3065018498209419,-0.2558553251111338,0.569445062052204,0.21418744676155616,0.5945638418197632,0.4430458453167244,-0.8847832679748535,0.5
-0.5451751299765287,0.33182618021965027,-1.9672604549548443,0.29161290317532074,-0.2089032083749771,1.460093643232427,1.7020901118694847,-0.08275101898063997,-0.6524105072021484,-0.2898494303226471,-0.8847832679748535,0.3333333432674408
6.353549003601074,-1.5701223611831665,9.11561107635498,-0.9887523055076599,-1.2940510511398315,14.546651840209961,5.739711284637451,5.3161420822143555,4.896625518798828,9.794388771057129,3.078611373901367,0.0
3.4761172759853167,0.0020619798789552335,2.1611954315661634,-0.4967698567558277,0.15663494684399973,-1.3299294181896246,-1.6550022035077157,1.2319697040308542,0.057226009743204125,1.6445752989869702,1.8512058036505348,0.6666666865348816
-0.39065036177635193,-0.07076471374426797,0.28185129165649414,0.17583739525252315,13.519718209351655,1.2128123588950437,0.7328513433342584,0.29272904902212366,-1.6458299047236309,-1.0244628190994263,-1.4750760793685913,0.3333333432674408
-0.08754027634859085,-1.094635248184204,0.4560238004999968,2.3452961759898883,-0.12445678140180083,5.039466403360538,0.9252807448308377,1.782430480452494,1.0933536291122437,-1.0575674503903651,-1.409013507606809,0.5
0.2225812159529726,-0.5002763271331787,0.010043300688266754,0.6774382088980567,-0.7770504569561568,-0.9566229581832886,-0.21165902759246952,-0.7380338030104666,-0.9641541242599487,-1.1580289602279663,1.9370749905519629,0.5
-0.16331779956817627,-1.050281054881866,-0.19381269812583923,0.1614368958601933,-0.6126821597095127,0.2229740172624588,-0.41272734899673524,-0.5549684867910398,-1.1868385612314432,-0.0895003229379654,-0.005621182411933441,0.6666666865348816
0.1397922784090042,-0.024789171293377876,0.5536593198776245,2.3276308039457376,-0.2089032083749771,0.8800857472891354,1.2307304863425572,1.6872882789529595,-0.6833533327941871,0.04406575486063957,-0.9691107869148254,0.3333333432674408
-0.16331779956817627,-0.5597122311592102,0.5607560978916677,-0.6970001411130843,-0.31694852902053455,-0.680479722744275,-0.04961585801073658,-0.6730444832288397,0.4201036161681261,-0.890896737575531,0.062062848677164606,0.5
-0.3148728311061859,1.9850996194130903,-0.8028940763872996,-0.4998875558376312,0.23759618997119605,-0.6757665276527405,-1.2906343220324992,0.6924537260706678,1.544285830474525,0.7071740198587417,0.034721543826451526,0.5
-0.6179829239845276,-0.7380198836326599,-0.6694766879081726,1.4546841847687928,-0.2631605863571167,1.0503811639546927,0.4082759121327215,0.3255716050999061,0.0957741066813469,-0.8397274665507896,-0.2944904565811157,0.3333333432674408
-0.6937604546546936,-0.20309685170650482,0.010043300688266754,-0.8554255366325378,-0.34454667568206787,-0.3387388288974762,0.3192850036071996,-0.5665516278647612,0.15812282264232635,-0.8241137266159058,-0.8004556894302368,0.6666666865348816
-0.2390953153371811,-0.7974557876586914,-0.5335727334022522,-0.6998776793479919,-0.6700910329818726,-0.5366054679519053,-0.2853126925829175,-1.3432639369818187,0.2204715460538864,-1.0244628190994263,1.1876622082032302,0.6666666865348816
6.353549003601074,-1.5701223611831665,9.11561107635498,-0.9887523055076599,-1.2940510511398315,14.546651840209961,5.739711284637451,5.3161420822143555,4.896625518798828,9.794388771057129,3.078611373901367,0.0
-1.072648048400879,-0.5597122311592102,1.252422827294452,0.348801397266653,-0.8328632116317749,0.11063144356012344,-0.4782166296242357,-0.41001253134676563,0.34516897797584534,0.3517689201946583,-0.46314552426338196,0.6666666865348816
0.29134732484817505,1.6991856975272697,-2.1526415796212626,-0.7220988273620605,0.3832306309267536,-1.1251368522644043,-1.596495710159948,0.7308782054682011,0.46986642479896545,1.2718013250240534,-0.9691107869148254,0.5
1.3337095712850968,-0.8568916916847229,1.1652272939682007,-0.7887621521949768,-0.561576247215271,-0.1371781426979778,0.42479924920164297,-0.8425795436434982,-1.213549017906189,-1.0244628190994263,0.6331125497817993,0.5
-0.08754027634859085,1.7916746917480146,-1.687795377835773,-0.5665509104728699,0.9588591089982639,-0.8878433774262433,-0.28739742070041213,0.22240531571314348,0.2110263138428939,-0.47228626504046567,-0.8847832679748535,0.3333333432674408
0.1397922784090042,-0.8305867064412132,1.776009993635948,-0.7168057976750262,-0.22816192068482663,0.20313748718702165,0.2852622520728314,0.1340294219832419,-0.2159694880247116,0.4447639584541321,-1.191051305419822,0.5
0.5944573879241943,1.4387583609357824,-0.941284716129303,-0.7495713602079727,0.6958389637333637,-1.0689655542373657,-1.4181640967288434,0.6521418721449715,0.49095391188178644,0.4447639584541321,-0.8536686656763874,0.5
-1.2985370791977728,-0.5597122311592102,0.8254672884941101,-0.7887621521949768,-0.6700910329818726,-1.1412667228726283,-0.640366149966581,-0.7574840669524124,1.1263846550308518,1.7362911195063826,0.1701670840840319,0.5
-0.16331779956817627,-0.3095416068085122,1.2939137914829353,0.2367996967027981,0.3081079652294192,1.7146795445323317,0.6736301446672371,0.7733404490125292,-1.1604611324725447,-0.9334908333825955,-1.6850133582731348,0.5
0.06401476263999939,-0.6191481351852417,0.3351730833931805,0.15966233116774114,-0.5073188543319702,0.03329259565516584,-0.0906069619699949,-0.916921420498037,0.4781856067274416,0.37798094749450684,1.813698172569275,0.5
-0.2390953153371811,-0.7380198836326599,1.1652272939682007,-0.7220988273620605,-0.7786058187484741,-0.2825675308704376,-0.7109830840856718,-1.631340246871478,-0.6524105072021484,-1.1580289602279663,1.5507957871432525,0.6666666865348816
-2.3163752707137655,-0.20309685170650482,0.010043300688266754,-0.9202380504150668,-0.38278437131167187,-0.731937825679779,-0.4442284077824308,-1.1400578724379027,1.3427485227584839,1.0803537649919603,-0.8847832679748535,0.3333333432674408
-0.8453154563903809,-0.08422506600618362,2.5629817757445306,1.0411552149186596,-0.37167537212371826,0.8074318039399688,1.6484852272306085,0.6281778968759651,-0.6524105072021484,-0.27402587079521196,-1.306420922279358,0.3333333432674408
0.5186799168586731,-0.14366096258163452,1.100746020357071,-0.4998875558376312,-0.10038841515779495,-0.8442803621292114,-1.3969589597399896,0.08718235460602446,-0.2783181965351105,0.7833102104901961,0.6331125497817993,0.6666666865348816
-0.6179829239845276,-0.2625327408313751,1.0689926864862078,-0.6776565313339233,-0.00761750850688242,-0.2825675308704376,0.7182919211312038,-0.6592981660993154,0.0957741066813469,1.0252937528386872,0.5487849712371826,0.5
0.29134732484817505,1.9676696386123236,-1.0080259736541448,-0.7220988273620605,0.324973822767895,-0.731937825679779,-1.3441929991429153,0.2655677499650331,1.5608102016417718,1.2779553650784836,1.0303241329085175,0.5
-0.39065036177635193,-0.03551604148789242,-1.837746052561657,-0.49662279057839587,-0.5073188543319702,-0.17063864484339958,-0.16310245073689944,-0.7276865483120699,-0.44024292635386164,-0.31454322911486365,-0.06400247097218784,0.0
0.29134732484817505,-1.094635248184204,-0.38089174504008944,0.6348004409111546,-0.5502850706485781,0.7558534009890722,0.5266190409561293,0.17114015547445843,0.0957741066813469,-0.890896737575531,-0.008200749055683347,0.5
-0.46642789244651794,-0.5002763271331787,0.6895633339881897,1.8018488478964805,-0.15464581549167633,0.11063144356012344,0.893218730991216,1.0475088954670309,-0.6944637479983984,-0.5569815635681152,-1.0534383058547974,0.5
-0.16331779956817627,-0.7203546310480974,-0.3297167122364044,1.726422269253543,-0.33092639145723884,0.7622352612631443,0.8976069734915699,0.7052627968380386,-0.8394566774368286,0.37798094749450684,-0.1258353590965271,0.5
0.04467071515974929,-0.6191481351852417,0.4177553057670593,-0.31948955384676503,-0.7820271421173787,-0.0578824058175087,-0.14488873026384436,-0.7157607486156113,-0.09127205610275269,0.1108487918972969,0.6892417573383363,0.6666666865348816
0.21556980907917023,0.21295440196990967,-0.19381269812583923,0.06155907702053174,-0.6668974065904646,0.45809990701667896,-0.3667439153626655,-1.3319711840760056,-1.151200294494629,-0.6905476450920105,2.0146019011416163,0.6666666865348816
0.1397922784090042,1.6908701677947773,-1.9313394626062286,-0.6109932065010071,0.6865696601428893,-1.0689655542373657,-1.660888261377784,0.32513194281154706,0.5558120189559688,-0.15628336369991302,-0.21995998826548221,0.3333333432674408
-0.01176275685429573,-0.9163275957107544,-0.19381269812583923,1.338389170220929,-0.39880406856536865,0.5600017309188843,0.2938034198897734,-0.03667675323892503,-0.7947070119663505,0.24441486597061157,0.45471378161675957,0.8333333134651184
0.21556980907917023,-0.4408404231071472,1.1652272939682007,-0.6848797658690223,-0.2902892827987671,-0.5683643153681825,0.8622015336564202,-0.28325227254243085,-0.028923334553837776,-0.22306638956069946,0.12257897600995199,0.5
1.6547290200866656,-0.5002763271331787,2.8260245391028755,-0.7887621521949768,-0.639100077814392,0.9429704617717337,1.1787801902652622,-0.027210750027443865,-1.9250595164695208,-1.0244628190994263,-0.37881800532341003,0.3333333432674408
0.4574895431924377,1.8723588913479763,-0.8313088244762625,-0.477814070361957,7.94224900153925,-1.349821925163269,-1.3407921837467773,0.6355483357577957,-0.6524105072021484,0.04406575486063957,0.016998838352423905,0.1666666716337204
1.848236989226353,-0.9757634997367859,0.16805090117728197,-0.7886973628068146,-0.7473644739799163,0.9532006978988647,0.45755159866277395,-0.79508596535578,-0.9641541242599487,-0.4017307982148247,0.8017675876617432,0.5
0.21556980907917023,-0.5002763271331787,-0.5335727334022522,1.2233099748065848,-0.2415757770079453,-0.9572586191138746,0.08840071481663045,0.694858710431825,-0.9137712396489412,-0.6237646341323853,-1.0534383058547974,0.5
-1.141452765124752,-0.1559622663348927,0.14594730734825134,-0.766541063785553,-1.272729347982648,-0.17022497951984406,-0.20656669074287848,-2.0914157084919704,0.2204715460538864,-0.15628336369991302,2.203371704967041,0.8333333134651184
0.5543131782608265,-1.0351994037628174,-0.38626176143003965,-0.07609064894316668,0.17331159689766806,0.2229740172624588,1.0922337507230342,0.08951129918113138,-0.028923334553837776,-0.8241137266159058,0.3801299035549164,0.5
-1.5217654161263399,1.0411091748921155,-0.05790869891643524,-0.9335715327276605,-0.07325971871614456,-0.3949100971221924,1.0993537356748584,-1.1117931505014433,0.7816100120544434,-0.0895003229379654,-0.5474730730056763,0.5
-0.8887602223667618,-0.8568916916847229,-0.05790869891643524,-0.8554255366325378,-0.6700910329818726,0.05446016043424606,-0.18037842446090413,-1.4216518361148271,0.9686561822891235,-0.8421747541492297,0.9704226851463318,0.5
0.768170215495425,2.8311044100432903,0.14594730734825134,-0.5665509104728699,0.8475013116420513,-0.893473624914305,-0.316377382268943,0.8573330534588536,-0.1286420491145289,0.3111979067325592,-1.1037187465922311,0.3333333432674408
-0.8374176048403297,-0.7974557876586914,0.07799530029296875,1.4315673548270265,-0.46306204997451567,0.11063144356012344,0.11156949864075054,-0.6112330214971373,-0.29751064230463503,-0.49019855260849,0.7848187280054877,0.5
-1.2529716832543445,-0.08422506600618362,-1.205484010795563,-0.4998875558376312,-0.6788087290527778,2.3408530358825934,1.5469297352407994,-0.7168990194740261,0.9063074588775635,-1.0927193168735165,0.049184393883363674,0.3333333432674408
-1.3526997620731178,0.3895388083263495,-0.8048953564508587,0.10357055011636745,-0.7900339813082334,-0.6195952296257019,-0.563670793815791,-0.7223546965017772,0.2828202545642853,-1.1907016719241137,0.04281972348690033,0.5
-1.1676889379254107,-0.7380198836326599,0.4177553057670593,0.36778533378242945,-0.4582513512668556,1.2246658254387341,0.7573250425798959,-0.3855969756055267,2.1136189494566318,0.40001213656714707,1.0337003874885202,0.7550422740954829
0.4429023563861847,2.0401258435420524,-2.1644208431243896,-0.6776565313339233,0.4109719011635511,-1.1813081502914429,-1.7037084891028988,0.41897109277973793,0.35231702083874156,-0.0895003229379654,-0.631800651550293,0.5
-0.6937604546546936,-0.20309685170650482,-0.6864311911725822,-0.012940520186796745,-0.3174179792404175,1.37881257036821,0.436167099220792,0.15750139015026643,-0.34783261004856236,-0.22306638956069946,-0.8271915900704999,0.3333333432674408
0.21556980907917023,0.09408261626958847,0.30754001514389423,-0.7460870420603922,0.9437783398873784,1.073525564927532,0.19940840033674276,0.7640675635983675,1.1557023525238037,0.6451131105422974,-0.9691107869148254,0.5
-0.39065036177635193,-0.5002763271331787,-0.11393047192287252,0.1886378908436679,-0.2352694065427463,1.2892062069963928,0.2634852794453671,0.3988723103159379,0.5945638418197632,-0.15628336369991302,-0.6466053452242709,0.3333333432674408
-0.46642789244651794,-0.5002763271331787,0.14594730734825134,-0.5665509104728699,0.1010874328779689,-0.009111233831705586,0.21716135746811702,-0.3343020042396609,-0.34066691994667053,-0.6237646341323853,-0.8847832679748535,0.3333333432674408
0.4909890001238273,-1.0351994037628174,0.2751568565248015,-0.92981829649086,-0.561576247215271,0.11063144356012344,-0.4319202950757295,-0.6554625701578041,-0.5595043478737045,-0.8241137266159058,-0.1644422981508562,0.5
-0.3197124081207591,-1.133899365794418,-0.3297167122364044,-0.7220988273620605,-0.7083109625154095,-0.6195952296257019,-0.2370434948803661,-0.9511902961658623,-0.05867109479516572,-0.22306638956069946,0.17748974213187527,0.6666666865348816
0.29134732484817505,0.03464672341942787,0.3406461967612331,-0.8109833002090454,0.019604271508108142,-0.6195952296257019,0.23670970473844194,-0.8285781504288479,-0.4030156433582306,-0.8241137266159058,0.3801299035549164,0.3333333432674408
-0.3148728311061859,-0.9163275957107544,-0.12586070597171783,-0.8109833002090454,-0.34454667568206787,0.17762932746107335,0.2595827298067935,-1.3759449154228522,-1.151200294494629,0.3111979067325592,0.7174400687217712,0.5
0.21556980907917023,1.272307881640574,-1.9174057327024183,-0.7443199157714844,0.482808020078491,-1.3404377155447889,-1.2014258205325565,0.9010378230946788,2.2816160738022915,1.5414947476723349,-0.9691107869148254,0.3333333432674408
-0.08754027634859085,1.1489575454598473,2.2593201881908866,-0.6998776793479919,-0.14393115736857798,-1.237479329109192,0.2120103597997516,0.3288691227877512,-0.46536436676979065,-0.6905476450920105,-1.133062194052379,0.3333333432674408
-0.01176275685429573,2.7621355952533784,-2.1644208431243896,-0.7443199157714844,0.057706783760373,-0.8089296924999398,-1.6568063668530388,0.42680804380427995,1.693150034999079,0.22777224789935374,-0.8847832679748535,0.5
-0.8453154563903809,1.361816157922553,-0.3456748979840363,-0.32138214970296936,-0.49769893968822243,0.33531656861305237,-0.502115419434387,-1.71157000972715,-1.0748616737622065,-0.2894213227589384,2.0433653095611164,0.5
2.23085270879095,0.4406075205088534,1.673580623967232,-0.544329822063446,1.4654110694300349,-0.317517277113223,-0.6329759730451138,1.2067468019505907,-0.9018054008483887,2.508899031392433,-0.631800651550293,0.3333333432674408
-0.16331779956817627,-0.4408404231071472,0.07799530029296875,-0.39228650530348497,-0.3174179792404175,-0.037296900362301245,0.2744830489659023,-0.8588682466397252,-0.6524105072021484,0.37798094749450684,0.9704226851463318,0.5
1.758448188823471,-0.14366096258163452,1.1652272939682007,-0.6554354429244995,0.4765265531904391,-1.2463856744880508,-1.6914140733651426,0.6696416751747318,-0.04262523872290043,0.9019192630308918,1.1950374438404943,0.5
-0.3148728311061859,-0.41223923287834724,-0.2617647051811218,0.3288191429798923,-1.2528881346460552,-0.90045166015625,-0.24610347691602688,-0.18583129475502336,-0.13958112686921123,-0.957679808139801,-0.2101629078388214,0.3333333432674408
0.8217899799346924,-1.143455760743081,0.21389929950237274,-0.9631094269395603,-0.6158336400985718,0.17596553972185483,-0.3424792817214602,-1.3173344132434956,-1.9228647098902751,-1.3893626748961114,0.6336550465593289,0.5
-0.6756951340179711,1.211432764961859,-0.4656206965446472,-0.6109932065010071,0.8922104244343625,-0.00663403250507591,-1.3608928090736556,0.2001871806910978,1.144414678303735,1.165290924759151,1.6450430154800415,0.5
0.23560171317315484,-0.6840688009395096,0.010043300688266754,1.5671889858998662,-0.4801901578903198,1.2876021715126904,1.118609633638796,0.617993604300209,-0.46536436676979065,-0.12780440904870552,-0.08167116649034362,0.3333333432674408
0.6702349185943604,0.028288534255074656,0.096284186781746,-0.4943221878433452,0.6857319902401872,-1.4059932231903076,-1.6837711990485036,0.6991452644919831,0.8470894870684172,0.5783300399780273,0.5487849712371826,0.3333333432674408
0.8217899799346924,0.9163816059681799,0.6895633339881897,-0.8554255366325378,-0.1854103088552086,-0.9431899512030169,0.03583585368281421,-0.8657372720726189,-0.039657744378884946,-0.8025528058767118,1.1174112911696483,0.0
-0.46642789244651794,-0.3814045190811157,-0.8053807020187378,-0.5239187168762887,-0.47337531495279306,1.5398729306923062,1.3840192561557947,-0.2047674858761435,-0.7303738397425665,-0.8241137266159058,-0.8847832679748535,0.3333333432674408
2.4710540029043946,2.560872062457477,0.21389929950237274,-0.6332142949104309,1.0906784236880382,-1.275443163204907,-0.6905505173495944,1.6098626933027365,-0.09127205610275269,0.24441486597061157,-0.9691107869148254,0.1666666716337204
-0.601480119903291,-0.3814045190811157,-0.5335727334022522,0.3819438062256434,-0.10038841515779495,7.816113064337821,1.1685728129033315,0.007110227564790825,-0.028923334553837776,-1.1252527770918594,-0.6943643730260505,0.3333333432674408
0.9158763643163672,0.0679999254364746,-0.05790869891643524,0.7503969040541558,-0.7243484258651733,-0.90045166015625,-0.2906480663075166,-0.03371803460989365,-0.5900617837905884,-1.0244628190994263,0.3801299035549164,0.5
1.4452667348334753,0.031056592211917658,0.04255430291822589,-0.6109932065010071,-0.8787062161858818,-0.731937825679779,0.10780894219087053,-1.0786741750364408,-1.5978038610920442,-0.2898494303226471,1.392060399055481,0.5
-0.8453154563903809,-0.5557020269943527,-0.5894778241494539,-0.6998776793479919,-0.942993298733358,0.2229740172624588,0.048922560238257085,-0.7501264926800911,1.8525291851779921,-0.6237646341323853,0.21147480607032776,0.5
1.0754807984300898,1.9849224158478727,-1.5831367741020859,0.14574992986097493,2.047064243266358,-0.3387388288974762,-0.4247594776749776,1.3954204860628807,0.46986642479896545,0.7607727886311945,-0.46314552426338196,0.3333333432674408
0.6702349185943604,-0.5597122311592102,0.14594730734825134,-0.4449792789753956,-0.45306146144866943,-0.3387388288974762,0.5120865102718306,0.1792654947292765,-0.2783181965351105,-0.7573306560516357,-0.8004556894302368,0.6666666865348816
-0.6179829239845276,-0.08422506600618362,-0.5395586106111108,1.5524039016851345,-0.561576247215271,-0.731937825679779,0.4828193721207648,0.6244484328552623,-0.15362077951431274,-1.1580289602279663,-1.081238450111391,0.3333333432674408
0.36712485551834106,1.6380120289068032,-0.3297167122364044,1.0168091587841759,-0.6158336400985718,-0.5902281319127215,0.020538299949418394,0.03525952716176749,0.1960747542958054,-0.8241137266159058,1.5607155561447144,0.6666666865348816
-0.547218632331757,-0.8466188411936019,0.08344459833801192,-0.7887621521949768,-0.2631605863571167,-1.0689655542373657,0.2344535329893921,-1.2760067651754508,-0.7147592306137085,1.9653962297753789,0.3875804867166968,0.5
-0.3148728311061859,-0.7459627916171978,0.9204126570869314,0.6995079246411278,-0.45306146144866943,1.2272591261876062,0.46751638766855264,-0.3663485663598144,-0.1016565151129184,-1.0244628190994263,0.5521001740621206,0.3333333432674408
-0.7695379853248596,-1.5109050265116144,0.010043300688266754,0.16531077704174252,-0.7243484258651733,-0.07600017723107425,-0.2655289005747976,0.08968316373670009,0.5565155157231045,-1.3583780527114868,-0.9691107869148254,0.5
-0.6179829239845276,-0.004659615614858434,-1.0942607459975646,-0.8812762795557892,-0.6158336400985718,-0.3387388288974762,-0.8119450794451128,-0.959031694182452,-0.1465083631492529,-0.890896737575531,-0.631800651550293,0.3333333432674408
-0.3148728311061859,-1.2135184622439568,1.1623712227265453,2.3385395963397357,-0.3174179792404175,2.7127874151866553,1.4515538983232168,1.737530757768344,-0.9477262348359236,0.6451131105422974,-1.559403657913208,0.5
-0.6179829239845276,0.42735572762206786,-0.6099030713571919,-0.1595060529596099,-0.3174179792404175,-0.6757665276527405,-0.12127169326826978,-1.330923184226687,-0.15362077951431274,-1.0244628190994263,1.487397687744122,0.3333333432674408
0.18871623983606362,-0.3814045190811157,0.07799530029296875,-0.8625919992727248,-0.9253012828295657,-0.0017111222259700298,-0.40634071128289345,-1.7064249656758783,-0.028923334553837776,-1.1580289602279663,1.8227133669293745,0.6666666865348816
-0.5422053933143616,-0.08422506600618362,-0.9845256067110472,0.6664875405130075,-0.2631605863571167,0.11063144356012344,1.007027179453142,-0.192724788269368,-0.15362077951431274,0.4552836060845826,0.16726200443886147,0.5
-0.2390953153371811,-1.094635248184204,0.4857073128223419,-0.8273164900108543,-0.4801901578903198,1.1052654376778497,-0.031327320507442066,-1.5902012626235738,-0.7771079540252686,0.5306841669802569,1.5450607298759977,0.6666666865348816
2.4433827551926126,-0.5002763271331787,1.1652272939682007,-0.7443199157714844,1.059957505844045,-1.237479329109192,-1.6671804826460361,0.6817207874971228,0.2204715460538864,1.3277045437986164,0.21147480607032776,0.5
0.21556980907917023,-0.5916183249438299,0.28185129165649414,-0.5546835167947953,-0.18177451193332672,-0.09361017902188508,1.5579184346557922,-0.004108736663647399,-0.02212771629855787,-0.49019855260849,-0.9087210721833505,0.5
0.5944573879241943,-0.3814045190811157,0.4857073128223419,-0.8776466846466064,-0.5073188543319702,-0.731937825679779,-0.07082255866014077,-0.9718336808032513,-1.0265028476715088,-1.1580289602279663,0.6143922903834426,0.07027922052249064
-0.9968705177307129,0.21295440196990967,0.28185129165649414,-0.7220988273620605,-0.5361440842189465,0.16680273413658142,0.025380850114186622,-1.8523873890413554,0.15812282264232635,-0.3566324710845947,2.8990885762922876,0.6666666865348816
0.7460124492645264,1.7214724082738828,-2.1644208431243896,-0.6554354429244995,0.38987140503364515,-1.6106769591879402,-1.8947423351387431,1.033216118812561,0.6569125652313232,-0.7573306560516357,-1.0534383058547974,0.09052729660471957
-1.1566856033225728,-0.7974557876586914,-0.941284716129303,-0.398249444028519,-0.5200012294698866,-0.6195952296257019,0.33498653057069067,-0.6232517798424613,0.9463483117866626,-0.6905476450920105,0.3801299035549164,0.5
-0.7192112095473319,1.0240044672055073,-1.8481590984641572,-0.766541063785553,-0.2902892827987671,-0.7038286722717,-1.296793737345169,-0.0017745185830641275,0.9436144462008272,1.3258981992108172,-0.5474730730056763,0.3333333432674408
-0.45591858409717423,-0.34054140415548956,-0.4656206965446472,1.5600474629787207,-0.39880406856536865,0.2791453003883362,0.7758880569039908,0.8277442456054122,-0.028923334553837776,0.04406575486063957,-0.9691107869148254,0.5
0.21556980907917023,-0.5002763271331787,-0.5335727334022522,0.4517496609694566,0.7241179679722028,0.5038304328918457,1.0446187169967553,0.2934141167571885,-2.037999951297088,0.24441486597061157,-0.9691107869148254,0.5
2.355228141561648,1.993374857569948,1.2006987897349026,-0.6998776793479919,1.379292905918907,-0.07574735977034819,-0.7097413432517907,1.2809666061629799,-1.392791126077731,0.6143763362253638,-1.1536785425558844,0.5
0.1397922784090042,1.3816421153592024,-0.4656206965446472,-0.6776565313339233,0.7709208171918434,-0.22639626264572144,-0.019509974867105484,0.9572743132882129,0.8054982462322879,0.37798094749450684,-1.137765884399414,0.3333333432674408
-0.39065036177635193,0.21831853944859547,-0.5335727334022522,-0.15224834439097387,-0.6158336400985718,-0.17022497951984406,-0.6536821882379367,-1.199289983530673,0.20486691813574034,-1.1580289602279663,1.3579434204981844,0.6666666865348816
-0.16331779956817627,-0.6191481351852417,0.7638481584117613,-0.8776466846466064,1.6075486801571715,1.0614993485722075,1.3580329874671626,-0.40628880130763867,-0.07776441150301855,-0.42341551184654236,-1.0534383058547974,0.5
-0.16331779956817627,-1.0542157194202721,1.8300602660418377,1.383917714793294,-0.5296340507149456,2.4566952367080077,1.092495397794886,1.1185742923923434,-1.5007648835180896,-0.7675181937874659,-1.318982157515772,0.5
-0.16331779956817627,2.2955062485351942,-1.1807305961687105,-0.6554354429244995,0.713047448389742,-0.47813308071777993,-0.22390461299438652,0.9603368154688007,2.5988184936517977,0.37798094749450684,-0.631800651550293,0.007070543991233351
-0.6937604546546936,-0.2625327408313751,-0.9421653324647777,-0.6670321863473979,-0.5887049436569214,0.5069533109792351,-0.15994092388566902,-1.365810750567785,0.2204715460538864,-1.4840057116588812,1.0408485773958427,0.5
-0.11258552861451868,-0.5597122311592102,-0.2617647051811218,0.8976467613515137,-0.561576247215271,0.15265617734847325,0.8560792450543563,0.8401703929407136,-0.5900617837905884,-1.2368758641403899,-1.6141737126999758,0.5
-0.9210929870605469,-0.08422506600618362,-0.19381269812583923,-0.9102479306279381,-0.6158336400985718,-0.22639626264572144,-0.40790690654279127,-1.8110853938604465,0.033425383269786835,-0.8844732609655449,1.3957011948511082,0.3333333432674408
0.1397922784090042,-0.3219686448574066,0.5309239626096973,-0.07271928868087342,-0.5100850901939411,0.1902970178829406,0.7898767047589921,-0.5184837600487443,-0.4030156433582306,-1.1580289602279663,0.5487849712371826,0.5
-1.6853968201679055,-0.3219686448574066,0.29635961827000346,0.7932016337925386,-0.6429623365402222,0.6423114316900319,0.5697412966084681,-0.9727059341957344,1.916031179422986,-1.0244628190994263,1.7768952320557372,0.5
-0.20595176813174731,1.8207887127336664,-2.0792563477120383,-0.6998776793479919,0.7275700727366715,-0.24187397204920294,-1.254211427374077,0.12427133515263125,1.3427485227584839,0.17763182520866394,0.29580235481262207,0.5
-0.4416015914885294,-0.3814045190811157,-0.5335727334022522,1.170786725742429,-0.2631605863571167,-1.142130731654929,-0.24531266638715138,-0.25138776389411355,-1.0837702312537894,-1.0756239129610161,-0.041507821530103683,0.3333333432674408
-0.9210929870605469,0.6120694489601598,-0.9213459961394258,0.8024171125709678,-0.39880406856536865,-0.03453005781874627,1.2316939115009828,-0.5030882486823057,-0.15362077951431274,-0.1821474518362195,0.5487849712371826,0.5
-0.39065036177635193,-0.6191481351852417,0.20808536410427242,-0.8109833002090454,-0.2360319048166275,1.1214155522233435,0.841659557482657,-0.7528208963459753,0.9215907268485479,0.3111979067325592,-0.041507821530103683,0.5
-0.08754027634859085,2.3904665945947845,-1.3496585347765402,-0.5665509104728699,10.463116746229343,-1.349821925163269,-1.1111933962869762,0.3343290041040361,-0.5426329333333577,-0.22306638956069946,-1.4750760793685913,0.1666666716337204
-0.39065036177635193,0.09408261626958847,-0.12586070597171783,-0.7812860870623692,-0.6461626157568782,-0.45108139514923096,-0.18241078394287555,-0.8275960777730019,1.696225307752381,0.37798094749450684,0.6331125497817993,0.5
-0.8453154563903809,-0.08422506600618362,-0.8053807020187378,0.4360879806687273,-0.34454667568206787,0.4476591646671295,0.7093172853764216,-0.6587102691729234,-0.15362077951431274,0.9555712167314308,0.4644574522972107,0.6666666865348816
0.1397922784090042,-0.14366096258163452,0.010043300688266754,0.27944794948079205,-0.7727784508728964,-0.3949100971221924,-0.23149594993449363,-0.9560888438996443,-0.5900617837905884,0.9060327059119576,2.0654167462155915,0.6666666865348816
-0.7695379853248596,-0.024789171293377876,-0.801061622317046,0.5465484163168131,-0.4801901578903198,-0.0017111222259700298,0.9403038861738696,0.3037959789629934,0.6236310687265976,-0.19484263146014139,-0.5474730730056763,0.5
-0.39065036177635193,-0.3219686448574066,1.1652272939682007,1.233579115271391,-0.2089032083749771,1.4866673971263376,1.4599485118236788,0.5339828510318742,-1.0874509720284182,-0.15628336369991302,-0.9691107869148254,0.5
-0.5422053933143616,-0.02665843363873395,-0.941284716129303,0.5733774409374172,-0.45306146144866943,-0.2825675308704376,1.2287160937104478,-0.24834462173044905,-0.2783181965351105,0.7873861872592113,0.9704226851463318,0.5
-0.39065036177635193,0.03464672341942787,0.6270194151746545,0.8289552962627031,0.2013745175715178,0.24445109151082903,1.4282777913534601,0.46954293633008554,-0.8382733524787875,0.4447639584541321,-0.9691107869148254,0.3333333432674408
1.6985483102432648,-0.9163275957107544,1.1652272939682007,-0.5835814846840643,-0.2647274234906385,0.11063144356012344,0.593124041256912,0.4312816650721385,-0.2159694880247116,1.464924672620223,-0.8004556894302368,0.3333333432674408
0.5186799168586731,-0.5002763271331787,0.8934193253517151,1.3588197002498814,-0.45306146144866943,0.05446016043424606,-0.008122340803027142,0.36326572585100836,0.4075177013874054,-0.3566324710845947,1.1390777826309204,0.6666666865348816
1.9300476847421588,0.15351851284503937,1.1652272939682007,-0.6155227997921886,0.5778290033340454,-1.0127942562103271,-1.4872984866062298,1.118184082901783,-0.2159694880247116,0.8596924665553906,-0.37881800532341003,0.5
1.438323523879055,-0.024789171293377876,0.07799530029296875,0.6287384479359609,-0.883128478301361,-0.9322270906672342,-0.3770758151170397,0.09104456380576477,-1.9336424595092065,0.6451131105422974,0.7181566737403791,0.5
-1.224203109741211,-0.9838751332652903,-0.2617647051811218,-0.8554255366325378,-0.7299378588204999,1.0704830088781088,0.18785843116043013,-1.3581798589778835,0.6723370577789309,-0.42341551184654236,0.3421286977167487,0.5
-0.19018864719621192,-0.3219686448574066,-0.7332859426030671,-0.7443199157714844,-0.48454495250438345,0.5959375634130394,0.2773946687940129,-0.8553181886672974,0.0957741066813469,-0.957679808139801,0.04281972348690033,0.5
0.4429023563861847,0.2642445692052244,0.34980329871177673,0.2573527835673774,-0.5326655227766911,1.1217145919799805,1.0991838212422154,0.4453864084497626,1.9672543769648763,0.7794197623106248,0.5487849712371826,0.5
-0.46642789244651794,2.7904693756395074,-1.9695041229468804,0.16721791635087754,-0.09484094968800219,0.39148786664009094,0.245437639734568,-0.02389317214364594,-0.09127205610275269,-1.3012006910928453,-0.7161281704902649,0.1666666716337204
2.438185170422728,1.352627088802255,0.21389929950237274,0.7583636993907228,-0.07325971871614456,-1.4215303776658916,-0.15100015464605418,2.0415174974698718,-0.14048478599067477,2.547155460736148,0.38334814873573664,0.5
0.7920389898338387,-0.14366096258163452,-0.4656206965446472,2.067998452902538,-0.2631605863571167,1.7837495593640122,2.1898701987689075,1.3915190092829215,-0.34066691994667053,-0.0895003229379654,-0.6889654752509282,0.3333333432674408
6.353549003601074,-0.9201291895626229,9.11561107635498,-0.9887523055076599,-1.2940510511398315,14.546651840209961,5.739711284637451,5.3161420822143555,4.896625518798828,9.794388771057129,3.078611373901367,0.0
-0.46642789244651794,-0.00011093243090632907,-0.6015247106552124,2.032034772629572,-0.18177451193332672,1.0350873323169423,0.5840362696107453,1.6505134167538988,-0.028923334553837776,-0.42341551184654236,-1.5589486008716489,0.5
-0.6937604546546936,-1.094635248184204,-0.04966105539421295,-0.8554255366325378,-0.400553622072537,0.39148786664009094,-0.30266195329326356,-1.308404760036834,0.0026058738282918117,0.17763182520866394,0.9156934960119425,0.5
0.3758311262036012,-0.9450605077680911,0.34980329871177673,1.0149304151767913,-0.18177451193332672,0.2229740172624588,0.8563456638206367,0.6097202614933543,-1.4673121075591495,-0.49019855260849,-0.5474730730056763,0.3333333432674408
-0.39065036177635193,-0.8568916916847229,-0.2084110402514751,0.14542292122233005,-0.34454667568206787,0.4476591646671295,0.9653425141154451,-0.5383874532959756,0.033425383269786835,-0.890896737575531,0.04281972348690033,0.5
-0.16331779956817627,-0.18803389318747893,-0.30161273298939745,-0.6998776793479919,-0.015236804317248104,-1.1251368522644043,0.9219198605903136,-0.37723971045409405,0.7816100120544434,-0.02271728403866291,-0.46314552426338196,0.5
0.29785207522039603,0.8361149301635805,-0.12586070597171783,-0.5804125777558831,-0.12751711905002594,-0.7175754917603507,-1.1327454327277948,-0.03448017998948193,0.7816100120544434,1.340733691147481,1.5607155561447144,0.6666666865348816
0.9396178039646786,1.6177172504665858,0.6895633339881897,-0.7048912700722187,0.5778290033340454,-0.8785722184799275,-0.054567645987091115,0.7936839570097508,-0.09127205610275269,-0.22306638956069946,-1.0534383058547974,0.3333333432674408
-1.072648048400879,0.03464672341942787,-0.5335727334022522,0.10850560177033039,-0.5699457210149623,-0.8442803621292114,-0.3784324093112177,-1.6277851491986803,0.391240594913977,-0.02271728403866291,2.0320786966264746,0.7161241060193452
-1.072648048400879,-0.6191481351852417,-0.8053807020187378,-0.766541063785553,-0.7786058187484741,0.33531656861305237,-0.029944414130268562,-1.7239691070809515,-0.4294011730007578,-1.3583780527114868,1.0547502040863037,0.5
-0.9210929870605469,-1.0351994037628174,-0.5335727334022522,-0.4125384137697622,-0.18177451193332672,0.5038304328918457,0.1071992083204191,-1.2564757853211148,0.9686561822891235,-0.916768059813192,0.8106079847245611,0.6666666865348816
-0.5422053933143616,-0.9757634997367859,-0.04591052080426217,0.15210259800467088,-0.34454667568206787,1.2553897832633931,0.5740045914524177,0.45679958391693154,0.7192612886428833,-0.7759537121851365,-1.137765884399414,0.8333333134651184
-0.2390953153371811,0.6102751191480161,0.07799530029296875,-0.1081497266684659,-0.945913087447098,0.352439230602499,-0.20500204546975356,-1.7762103639287956,-1.5517414346067613,-1.0912458896636963,2.8347223969692146,0.6666666865348816
-0.6179829239845276,-0.2625327408313751,0.28185129165649414,1.6460011819422053,0.296123803589215,0.5898706269889545,1.246233305680124,0.8983207941055298,-1.1386919374823936,0.37798094749450684,-1.137765884399414,0.3333333432674408
-0.5422053933143616,-1.213507056236267,-0.4656206965446472,2.110713793665447,0.012524771788445027,0.38634963152460855,0.9962089500354074,1.174262025177428,-1.2725924019977897,0.17763182520866394,-1.3697729696183423,0.6666666865348816
0.8217899799346924,1.4138842600200545,1.5394959783048552,-0.5665509104728699,0.8916541967122503,-1.42776292257926,-1.798075197496475,0.18315980960089515,0.46986642479896545,0.9122452139854431,1.3706099097453412,0.6666666865348816
0.3311735139091175,0.09408261626958847,1.3560165614990252,-0.8109833002090454,-0.4801901578903198,-1.349821925163269,-0.12956652883810146,-0.918541103382459,-1.213549017906189,-0.7360472300205444,0.36922488121294483,0.3333333432674408
-0.08754027634859085,-0.579728940654223,-0.03809552529919544,-0.7838303677282138,-0.45306146144866943,0.6723442673683167,0.21603828305534278,-0.8553181886672974,-0.7771079540252686,0.9790282845497131,-0.041507821530103683,0.3333333432674408
-0.08754027634859085,-0.4408404231071472,-0.397668719291687,-0.10835806118660056,-0.9623134044528541,0.2229740172624588,0.2740881833274026,-0.932875829961815,-0.4030156433582306,-0.15628336369991302,1.239119032048794,0.5
-0.5422053933143616,0.8518643602287091,-2.0111375639758817,-0.8776466846466064,-0.3174179792404175,1.1417061954398717,-0.2530198084726771,-0.5198926150477553,0.4075177013874054,-1.3357016808568767,-0.9691107869148254,0.1666666716337204
-0.9210929870605469,-0.5597122311592102,0.24545652014444075,1.5934057510921642,-0.7786058187484741,-0.48206410397434796,-0.2680145256057387,-0.7036388852590157,-0.15362077951431274,-0.890896737575531,1.813698172569275,0.8333333134651184
-0.7695379853248596,-0.5002763271331787,0.11373290842161932,-0.7220988273620605,-0.6429623365402222,1.1217145919799805,0.20437938535520475,-1.6654447547369704,1.1557023525238037,0.04406575486063957,1.847918536020314,0.5
-0.9968705177307129,-0.3219686448574066,1.160365126378885,-0.4378744158332467,-0.45265195953485293,-0.22639626264572144,0.008070003771487692,-0.8194685051811192,0.018942997430819022,0.442653549601393,0.29580235481262207,0.3333333432674408
-0.08754027634859085,0.20341042036262091,0.14594730734825134,0.588983597590363,-0.620123393999171,1.0037097025688697,0.47882887164144183,-0.8553181886672974,-1.588982446402945,-0.42341551184654236,1.2865211208572582,0.5
-0.2390953153371811,-0.3814045190811157,-0.8706921919136279,-0.8067027854174643,-0.14398353712505485,-1.0689655542373657,-1.769804492655224,-0.08885928687084607,0.9189905628044259,0.04406575486063957,-0.37881800532341003,0.3333333432674408
-0.6937604546546936,-0.8568916916847229,-0.397668719291687,-0.8109833002090454,-0.7786058187484741,0.39148786664009094,0.20912947422892708,-0.9524493899080602,-0.028923334553837776,-0.890896737575531,-0.2944904565811157,0.5
-0.7374103121253089,-0.12351857375130404,-0.2617647051811218,0.8561958344657803,-0.5728313934172479,0.9532006978988647,1.142976988239545,-0.7055882888089039,-0.2783181965351105,-1.3583780527114868,1.223405361175537,0.6666666865348816
0.21556980907917023,-0.6191481351852417,0.07799530029296875,-0.6332142949104309,-0.5073188543319702,0.9976514960005898,0.9901714781134154,-0.8746729860601269,-0.5277130603790283,-0.6905476450920105,0.4644574522972107,0.6666666865348816
-1.2105591821132502,0.03464672341942787,-0.2617647051811218,-0.7887621521949768,-0.7671754967785556,0.5038304328918457,-0.007940065255126135,-1.9280340986952536,0.9195810159903185,-0.2898494303226471,1.8783258881107567,0.6666666865348816
0.8856591683832882,0.20576107735043114,0.07799530029296875,-0.766541063785553,-0.5235181152586564,-1.4059932231903076,0.515918843265588,-0.5037184070051465,-2.0838646341240805,2.5819650978457784,0.9704226851463318,0.3333333432674408
-0.6258906015992902,-1.077706956519896,-0.12586070597171783,-0.8001755822035937,-0.8328632116317749,0.39148786664009094,0.2792508017926038,-1.3584126663643752,1.8240837007521655,-0.22306638956069946,1.223405361175537,0.6666666865348816
0.4429023563861847,-0.02183163683080468,-0.4656206965446472,-0.8268664038061654,0.2779933773407003,-0.3387388288974762,-0.40838665497780463,-0.05533504435872419,-0.6524105072021484,-0.0895003229379654,-0.2944904565811157,0.3333333432674408
0.23537177134057236,0.5101338624954224,0.8346597705897264,-0.5602135298477056,-0.42593276500701904,-0.5634239912033081,1.1563639978921831,-0.9219040568233399,-1.151200294494629,-0.890896737575531,1.5607155561447144,0.5
1.8656565448202327,1.4992102726613805,-0.3297167122364044,0.04771334911616654,1.2634174012296786,-0.3949100971221924,-0.7259229142653831,1.9978212266977313,0.15812282264232635,0.4061153973175536,-0.8847832679748535,0.5
-1.224203109741211,-0.5002763271331787,-0.397668719291687,-0.7771427613093504,-0.8328632116317749,-0.3387388288974762,-0.6573922099206752,-1.1401000777210408,0.0957741066813469,-0.5569815635681152,-0.631800651550293,0.5
-0.2390953153371811,0.7318982109789114,-0.6738793660397829,2.313866630750874,-0.6429623365402222,-0.17022497951984406,0.25567426741173416,0.7604248989088842,-0.7147592306137085,-0.22306638956069946,0.009320612929879304,0.3333333432674408
-0.5476020531040218,-0.8150899143364736,0.15698395900175977,-0.8554255366325378,-0.6737417369525014,0.16680273413658142,0.6144073557502028,-0.5676116100258672,1.5080491260375462,-0.08566803675250731,-0.041507821530103683,0.5
-0.7695379853248596,-0.4408404231071472,0.14594730734825134,1.3047293930460888,-0.37167537212371826,0.6703157993493002,0.7196569894020611,0.9890474949451703,1.3129201353290523,0.24441486597061157,-1.137765884399414,0.3333333432674408
-0.6937604546546936,-0.14366096258163452,-0.397668719291687,-0.7443199157714844,-0.8328632116317749,-0.3949100971221924,-0.28213608996536577,-1.7413177537006463,0.2369990411588923,0.24441486597061157,1.8808473228137303,0.8333333134651184
3.0194313205199155,-0.5597122311592102,0.5536593198776245,-0.5361076597919232,0.6036548264976623,-1.349821925163269,-1.5789335692979463,1.1664347575288545,-0.2159694880247116,0.17763182520866394,-0.3155844643198603,0.3333333432674408
-1.6245175472298663,0.33182618021965027,-1.649167354404139,-0.764340065412642,0.44282074104027647,-0.9566229581832886,-1.5734925188021323,-0.27052356626870666,2.01099867429918,-0.22306638956069946,0.12714727222919464,0.5
-0.16331779956817627,-0.3814045190811157,-0.12586070597171783,1.7871636679279188,-0.34454667568206787,1.4332298617847457,0.5666915574266409,0.7786416023731646,-0.5321511045169597,-1.127770634084816,-0.46314552426338196,0.3333333432674408
-0.16331779956817627,-0.5597122311592102,0.010043300688266754,-0.7887621521949768,-0.31169035050284694,-0.45108139514923096,-0.8871297245723837,-1.2055317337139844,0.9686561822891235,-0.647376039289431,1.1390777826309204,0.5
0.1397922784090042,0.5897860781662188,0.6216112971305847,-0.7887621521949768,1.0377374280306708,-1.2089409943260077,-1.5528560659328277,0.3591422005429169,-0.4178105474361316,1.976797377380858,-0.7161281704902649,0.3333333432674408
-0.46642789244651794,-0.7380198836326599,0.07799530029296875,1.2129519675524856,-0.3896989480609658,1.790655241053472,0.6645861575951867,0.31266070587443706,-0.6524105072021484,0.16765750569932217,0.007189937542214239,0.6666666865348816
-0.6937604546546936,-0.8304064352735259,-0.19381269812583923,-0.7887621521949768,0.32465767820701935,-0.8953507255413684,-1.3384830026292092,0.3637150016853565,2.0236746257165903,0.3111979067325592,-0.9691107869148254,0.3333333432674408
-0.9591769234368477,-0.8568916916847229,0.07799530029296875,-0.5263620026166933,-0.4850638800019755,0.9747189710078018,0.3817876873849866,-1.5951924427851334,-0.5900617837905884,0.1108487918972969,1.5607155561447144,0.6666666865348816
-0.01176275685429573,-0.5002763271331787,0.010043300688266754,0.32433908015442653,-0.6158336400985718,0.9306760223749942,0.1884266774581931,-0.5553668980866153,0.2204715460538864,-0.7448988522365501,0.3801299035549164,0.5
-0.03558369378990739,2.409824304749051,-2.0419454296106427,-0.6554354429244995,1.8703767764513506,-1.1251368522644043,-1.1654536647096414,0.7511387503173879,1.1557023525238037,0.40429435266163,-0.8847832679748535,0.5
-0.08754027634859085,-0.6191481351852417,-0.2617647051811218,-0.04046430365159929,-0.4801901578903198,0.9117905550751154,0.6188220000223928,-0.7305999233709115,0.033425383269786835,-0.5569815635681152,1.3202129050618838,0.5
-0.6937604546546936,0.09408261626958847,-0.5335727334022522,-0.6998776793479919,1.3809383329845248,-0.38625176000487094,0.39758797815168606,-0.7169864455837756,-0.9018054008483887,-0.7573306560516357,-0.8847832679748535,0.5
0.36712485551834106,0.021537364481836928,1.1736232224512222,1.7376247564095548,-0.15464581549167633,1.9795545387160154,1.7821165523508227,1.3416686203174635,-1.0265899294259833,-0.6905476450920105,-1.439169284588203,0.3333333432674408
-0.2390953153371811,-0.7380198836326599,-0.05790869891643524,-0.8554255366325378,-0.8657562540583903,-0.3481132340121057,-0.8181761494542545,-1.881966716472353,-1.0888515710830688,-0.7573306560516357,1.9324315551997173,0.5
-0.3148728311061859,-0.4408404231071472,0.3276362766371716,-0.8776466846466064,-0.9145112144400827,0.2229740172624588,-0.6726199909577202,-1.3486671726536876,-0.46536436676979065,-0.49019855260849,0.5487849712371826,0.3333333432674408
1.6649321988522892,1.7489395141089819,0.2446642461213216,-0.3779183843881014,1.1396199329135084,-0.6030183869010737,-0.13262321674612473,1.3372904665369223,-0.9018054008483887,1.548558669791949,-0.8004556894302368,0.3333333432674408
6.353549003601074,-1.5701223611831665,9.11561107635498,-0.9887523055076599,-1.2940510511398315,14.546651840209961,5.739711284637451,5.3161420822143555,4.896625518798828,9.794388771057129,3.078611373901367,0.0
-0.9210929870605469,1.3138111767406566,-1.0486270932784831,-0.6332142949104309,-0.6188605093524525,-0.4420165301773129,-0.03320634009412254,-1.6893442833460712,-0.5994050300457923,-1.511960653455849,1.462124742391822,0.3333333432674408
-0.6179829239845276,-0.6191481351852417,0.28185129165649414,-0.013137410532694162,-0.7786058187484741,-1.237479329109192,-0.2628072683499264,-1.2032989497945523,-0.9018054008483887,-1.0127101849519389,1.3708303271707487,0.8333333134651184
-0.9210929870605469,-0.17407974252494635,-0.2676409055412203,0.44074513950884353,-1.0283070052553742,-0.22639626264572144,-0.13410397427956833,-1.0624430386004273,-0.7771079540252686,-0.5569815635681152,1.7539863266068756,0.5
1.7674810853534122,1.3400175284464182,1.542783583508126,0.054639462378591484,0.3148707390501019,-0.5634239912033081,-1.064307578894531,1.313144041864293,-0.9641541242599487,0.3111979067325592,-0.8847832679748535,0.3333333432674408
-0.13023469769197152,-0.9163275957107544,0.5536593198776245,1.0178159164010356,-0.5887049436569214,-0.005153164537637391,1.5124215000564285,0.5618743515145063,-0.7771079540252686,-0.15382026412089947,-0.631800651550293,0.5
-0.26819255097220734,0.4623374595478647,-0.5335727334022522,0.21193037484019295,-0.2089032083749771,1.7524397670223617,3.0499780592089545,0.43532206752211444,-0.9916754155697775,-0.3566324710845947,-1.137765884399414,0.006119094541515307
0.8023043164860678,2.7227395053841614,1.868888921096933,-0.6776565313339233,-0.7786058187484741,-1.4059932231903076,-0.10217767851722724,-0.9695476550306407,-1.0158780257242963,-2.0701479694625657,0.7912246514588078,0.3333333432674408
-0.8453154563903809,0.3916543583063385,-0.8302549988277907,1.1659341806625654,-0.3341493424324493,-1.0689655542373657,-0.6895308985022957,0.5725339545177234,-0.2159694880247116,-1.2915949821472168,-1.306420922279358,0.5
-0.08754027634859085,-0.2625327408313751,1.112772229237265,0.13320148305402815,-0.34054704935112534,0.7846868634223938,0.4252834168623664,-0.12446503757442702,-1.151200294494629,-0.35757078113417,0.12714727222919464,0.5
-0.3148728311061859,2.236993386574983,-2.1550566830668743,-0.6776565313339233,0.4203129953171609,-1.4959803809250574,-1.6952131675158066,0.034944665419518926,1.5193455328274486,0.4447639584541321,1.002333252000445,0.3333333432674408
0.7460124492645264,-0.5597122311592102,0.4177553057670593,-0.6998776793479919,-0.45306146144866943,0.35046631239875053,0.8922458711767444,-0.43066136100582497,0.4075177013874054,1.4204786333725077,0.29580235481262207,0.5
0.6342288335854764,-0.08422506600618362,1.1652272939682007,1.3902620274220745,-0.2631605863571167,1.2485163139799071,2.1511826801776914,1.3204366933647205,-0.15362077951431274,0.1108487918972969,-0.9691107869148254,0.5
-0.5423888924348133,-0.5597122311592102,-0.12586070597171783,0.1709040343548851,-0.3174179792404175,0.4476591646671295,0.15639452662808465,-0.8553181886672974,-0.7147592306137085,-1.0244628190994263,0.4644574522972107,0.5
-0.6179829239845276,-0.20309685170650482,0.8934193253517151,-0.8109833002090454,-0.5887049436569214,0.13151509853419976,-0.20729738807080625,-1.455752233491072,0.9063074588775635,-0.890896737575531,1.2018363226917224,0.5
-0.01176275685429573,-0.9163275957107544,0.8254672884941101,1.6793753895730306,-0.16875265228164868,1.7495244950191895,0.7350891322061883,1.06577736495219,-1.4387965469855046,-1.000058395708112,-1.306420922279358,0.3333333432674408
-0.44231062576373625,-0.2261629482686904,1.3808531129967494,0.7422854513976771,-0.6292013396572599,-0.2825675308704376,0.7975105270553301,-0.7109485044486173,-1.213549017906189,-0.5569815635681152,1.223405361175537,0.5
-0.16331779956817627,-0.6655488511572888,-0.3817020628564785,2.238778520398009,-0.45306146144866943,-0.10067997928998584,0.23819636655911422,0.8983207941055298,-0.46536436676979065,-0.6237646341323853,-0.2944904565811157,0.5
-0.3148728311061859,2.0387434834540996,-1.3707442963689371,-0.4406133344877203,1.3615140847716714,-0.9566229581832886,-1.2223383108857206,0.769096098757032,0.2204715460538864,0.37798094749450684,-1.137765884399414,0.5
-0.426422616323316,0.2080090022593029,-0.331657095617897,1.9987618585409497,0.062383756041526794,0.33531656861305237,1.4638214828208231,1.3532602521731663,0.262418413343805,0.37798094749450684,-0.8004556894302368,0.3333333432674408
-0.2390953153371811,-1.1328796479345173,0.28185129165649414,-0.7887621521949768,-0.3174179792404175,1.0971142157307403,0.3348905432995592,0.013318271215612503,1.9517911042339633,0.43336355429553264,-0.2944904565811157,0.5
0.5944573879241943,-0.6503511953625103,2.6457642717480603,-0.6332142949104309,-0.6158336400985718,-1.1251368522644043,-0.5200320533198514,-0.2121672180988407,-0.7000944539759504,2.4482060296168155,1.223405361175537,0.5
-0.2390953153371811,-0.05992118825655714,-0.5864297918288875,-0.6350904960705253,0.6990910410086622,-0.3949100971221924,-0.8697936059923578,0.22867485501063764,0.6569125652313232,0.04406575486063957,-0.8847832679748535,0.44968040938777454
0.5944573879241943,0.4910792059155078,0.21389929950237274,-0.6554354429244995,0.5573408415938836,-1.3792936796755233,-1.7979535773670434,0.4229810036763754,0.15812282264232635,0.7948618181316904,0.29580235481262207,0.5
6.353549003601074,6.810544367381182,9.11561107635498,-0.9887523055076599,-1.2940510511398315,14.546651840209961,5.739711284637451,-1.525488581246774,4.896625518798828,9.69392386067896,3.078611373901367,0.0
0.29134732484817505,-0.5002763271331787,-0.45080187623470264,0.34345987179696835,-0.09069577778073702,-0.731937825679779,0.8129928252256186,0.7499826241855673,-1.985537072729022,0.6740708677836673,-1.5168088013921839,0.5
0.5186799168586731,2.074201991787498,-0.6694766879081726,-0.5665509104728699,0.744854802100292,-0.5799987479689398,-1.2191841959536753,0.7213997556720217,0.9686561822891235,-0.2898494303226471,-0.42356478602212966,0.3333333432674408
0.6453910053899341,-0.4408404231071472,0.34980329871177673,-0.544329822063446,-0.48867514026121206,-0.7718103930073906,-0.5148105984373094,-0.812771531798814,-0.5277130603790283,1.4627321350356959,0.7174400687217712,0.6068184487749275
0.1397922784090042,0.05241777127900506,-0.5766457768818843,-0.6109932065010071,-0.5344475507736206,-0.5072526931762695,-0.612174222787528,-0.7687061522414939,-1.389048495451277,-1.7435589411019023,-0.1258353590965271,0.3333333432674408
-0.2390953153371811,-0.4408404231071472,0.19818491480179357,-0.558084349125136,-0.34454667568206787,0.2638593640609073,0.32866003690694295,-0.8370017873142123,1.4522769428854094,-0.6237646341323853,1.0304123605343263,0.5
0.36712485551834106,-1.2560578430204772,0.5536593198776245,-0.7443199157714844,-0.6389145259195381,-0.5634239912033081,0.1992637204224114,-0.9498835002843902,-1.2699362344739633,0.04406575486063957,0.29580235481262207,0.5
1.488440812799059,0.5942938817924356,2.1186289830675014,0.5652731987655477,1.6005280721987838,0.33531656861305237,0.4924779639635718,1.883591413271604,-0.01054517225202838,8.405033679735169,-1.2651432790102473,0.3333333432674408
-1.5443611059146658,-0.8452995040835599,0.010043300688266754,-0.8554255366325378,-0.6429623365402222,-1.1251368522644043,-0.2986376261700985,-1.3622638068064836,1.4756442630974673,-0.31577010720763043,0.536318455035722,0.5
0.4429023563861847,-0.8568916916847229,1.1426506164635533,-0.588109098389568,-0.019948023669486517,1.9702917647798535,1.3490385812430228,-0.1833542343019549,-0.963403812895146,-0.7911406694740182,0.7461053931520774,0.5
-0.9210929870605469,-0.7380198836326599,0.14594730734825134,1.7281154665905367,-0.45306146144866943,1.4081235380065953,1.346088457384309,0.8418053476458298,-0.34066691994667053,-0.957679808139801,-1.0524252330463555,0.3333333432674408
0.5186799168586731,-0.5002763271331787,0.12332462067124925,-0.03124816058098264,-0.2631605863571167,-1.4059932231903076,-0.2875981402155614,-0.17940321861819447,-0.7771079540252686,-0.0895003229379654,-0.1258353590965271,0.3333333432674408
-0.9968705177307129,-0.7380198836326599,-0.3297167122364044,1.1221156999275885,-0.42593276500701904,1.065543293952942,0.4867722238488533,-0.5823644399372107,0.15812282264232635,-1.4517879439456016,1.3609683071786685,0.6666666865348816
-0.39065036177635193,-0.08422506600618362,0.3901879260912254,2.552440626518985,0.27951119288512144,1.1697703439479388,2.2650457806852096,1.6996169890629909,-0.5900617837905884,-0.0895003229379654,-1.2220934629440308,0.5
-0.5422053933143616,-0.8694492039916919,-0.5335727334022522,-0.6109932065010071,-0.6174793514811373,-0.3387388288974762,0.40286752800181264,-1.2059261674175987,0.5945638418197632,-0.5569815635681152,0.9704226851463318,0.6666666865348816
-0.7695379853248596,-0.4408404231071472,-0.2617647051811218,0.6889633991814128,-0.3174179792404175,-0.17022497951984406,1.360645861846715,0.32687651358178993,-0.2159694880247116,0.6451131105422974,-1.137765884399414,0.6666666865348816
-0.3148728311061859,-0.2625327408313751,0.006158160718547079,1.676955832788986,-0.41917113180089227,1.7823661162403135,1.9778207334023001,0.9489320329985058,-0.34066691994667053,-0.3566324710845947,-1.2312154944422153,0.5
-1.181669139365459,-0.14366096258163452,-0.18344943999244054,1.386275220021615,-0.39880406856536865,-0.0578824058175087,0.6493994184074213,0.1496712791645615,-0.15362077951431274,0.37798094749450684,-0.2944904565811157,0.5
-0.9210929870605469,-0.4408404231071472,-0.397668719291687,-0.39179686504529776,-0.7786058187484741,0.42582600594618275,0.7316810757589597,-0.10957034802372662,0.34516897797584534,-1.2600642220688403,-1.0534383058547974,0.5
-1.2427540115228144,1.0977588725930034,0.14594730734825134,-0.544329822063446,-0.4801901578903198,-0.731937825679779,-0.0005341812302766327,-1.308222505566635,0.15812282264232635,-1.0244628190994263,1.1390777826309204,0.5
-0.16331779956817627,-0.4408404231071472,0.5536593198776245,-0.7926510920763167,-0.45306146144866943,0.6161730289459229,0.6515544411885481,-1.5245719640380395,-0.6524105072021484,0.7688489549978874,1.5607155561447144,0.5
0.7460124492645264,1.5173369683089852,-0.2617647051811218,-0.7304375275462587,0.5683147754469305,-0.9566229581832886,-1.3884369816867144,1.037656496975888,1.4988509795483531,1.0186839996961752,-0.9418016329645318,0.3333333432674408
-1.6375584046568699,0.3288527915453979,-0.8053807020187378,-0.5665509104728699,-0.5887049436569214,0.34996020417358975,-0.23561852756047236,-0.9628199387150014,1.3815960585058593,0.04406575486063957,0.29580235481262207,0.5
-0.8453154563903809,-0.08422506600618362,0.6216112971305847,-0.6776565313339233,-0.561576247215271,-0.8442803621292114,-0.4802119396993475,-1.5977339487030215,-0.15362077951431274,-0.15628336369991302,1.223405361175537,0.5
-0.6937604546546936,-0.3814045190811157,0.14594730734825134,2.447240987511318,-0.10038841515779495,1.065543293952942,1.0475778564727456,1.1792218854373042,-0.09127205610275269,0.24441486597061157,-0.8856472240854141,0.3333333432674408
-0.4464276290370246,-0.6191481351852417,0.5536593198776245,0.9902672969825888,-0.4801901578903198,-0.8442803621292114,-0.04201295829240226,-0.0184880738061551,0.46986642479896545,-1.0244628190994263,0.5487849712371826,0.5
-0.3148728311061859,-0.08422506600618362,-0.9196982061616992,4.4634390804044495,0.31427488806694004,-0.9566229581832886,0.3503159552990482,4.468516036263706,-0.5976390197174782,-0.22306638956069946,-1.4796166074108688,0.6666666865348816
-2.4618066736563424,-1.1298858350818024,0.28185129165649414,-0.8776466846466064,-0.6158336400985718,0.8858931301139567,-0.01286562883769396,-1.4651093838056648,1.4212496843174138,-0.2898494303226471,1.0547502040863037,0.5
0.1397922784090042,-0.7974557876586914,1.378834364991518,0.28149242660546825,-0.47881425449311715,1.2926785073170282,0.4585613738394039,0.26792781215922934,-1.4929815839272913,-0.750719834277671,-0.9691107869148254,0.3333333432674408
0.41939974426058685,2.089847747542584,-1.911551384311542,-0.7874818281697755,0.5778290033340454,-1.294876685148107,-1.7198781992595475,0.3867393590969601,0.45868082144370453,-0.2898494303226471,-0.8847832679748535,0.3333333432674408
-1.3191020493536574,-0.9163275957107544,1.0533863345227408,-0.6776565313339233,-0.7389033557063299,-0.9173484988359987,-0.24401281228578373,-0.7651484053217406,2.25033022828304,-0.9417084901820357,0.21147480607032776,0.5
-0.3148728311061859,-0.7525390111082817,0.21389929950237274,0.6941786880512337,0.010130830826727846,1.006252129392466,1.2317766735622162,0.7005597881420312,-0.2863825077686358,-0.890896737575531,-1.306420922279358,0.5
-0.39065036177635193,-0.14366096258163452,-1.1418225065776553,1.793715199818021,-0.4068121422768216,0.7846868634223938,1.1907508241916944,0.9625186039115237,-0.9018054008483887,-0.02271728403866291,-0.9691107869148254,0.5
-0.5422053933143616,-0.3814045190811157,-0.19381269812583923,1.8680850738092685,-0.734999683025883,-1.237479329109192,-0.004427551189893519,0.13998086955847247,-0.9018054008483887,-0.6905476450920105,0.7626530559041943,0.5
1.5001670629139912,-0.08422506600618362,1.1652272939682007,-0.6776565313339233,0.5116312340728479,-1.6209373307006623,-1.876254133821959,0.7970998433364815,-0.09127205610275269,-0.0895003229379654,0.12714727222919464,0.3333333432674408
-0.8119831620352966,-0.9757634997367859,-0.4656206965446472,-0.6704414949283297,-0.6841104452090577,-0.08862657683242332,-0.2329293580368419,-2.2845662600327903,-0.4030156433582306,-1.3687691483910123,2.1844732901286394,0.5
-0.3148728311061859,-1.2119322129547616,4.403350143178082,-0.8776466846466064,-0.18177451193332672,-1.0932140037613416,-0.5028218453665061,-1.0851306431108538,-0.7147592306137085,-0.5569815635681152,-0.2944904565811157,0.3333333432674408
-0.8453154563903809,-0.3814045190811157,1.1652272939682007,-0.6776565313339233,-0.5887049436569214,0.5038304328918457,0.34077947940177444,-1.8063261431130013,-1.0265028476715088,0.8256020542099247,1.813698172569275,0.5
-0.3148728311061859,-0.8568916916847229,-0.2617647051811218,1.3268563228352195,-0.5073188543319702,0.05446016043424606,0.07512602278561967,0.5400796916073112,0.46986642479896545,-0.15628336369991302,-0.631800651550293,0.5
0.21556980907917023,-0.8327958265432598,-0.05790869891643524,0.6783304965979777,-0.5417007539443907,-0.8367757996285411,0.6275424164226368,-0.04591452964871489,-1.6116171639686254,-0.3191278902131957,0.12714727222919464,0.3333333432674408
2.31215172178131,0.21295440196990967,0.14594730734825134,-0.7300348568518791,1.164912826563214,-1.4059932231903076,-1.4331370098320209,1.2177095198582633,-0.4030156433582306,1.7149009337690693,-0.7161281704902649,0.5
-0.3148728311061859,-0.5002763271331787,0.010043300688266754,-0.766541063785553,-0.3174179792404175,0.2653724674521451,0.6643363476125523,-0.8605231294203006,1.1391609757117283,0.3111979067325592,0.4644574522972107,0.5
0.08912768374986589,-0.2625327408313751,0.07799530029296875,2.174227224080007,-0.34454667568206787,0.88640309226509,3.62299206702572,1.8376583076826765,-1.4048196973096119,0.1108487918972969,-1.7209121344294063,0.3333333432674408
1.5573969900391162,-0.2625327408313751,0.6895633339881897,-0.46956868772658045,0.5945934605170806,-1.349821925163269,-1.762609337370681,0.6645771104252483,-0.2783181965351105,-0.02271728403866291,0.9126374674579703,0.5
-0.9180749055326316,0.5757617653443646,-0.7873620187962328,-0.6998776793479919,-0.37094128585483815,0.9532006978988647,0.3745732411557456,-0.3180436539928506,0.9241738033052569,-0.6237646341323853,-0.8004556894302368,0.5
-0.600183991307423,-0.5002763271331787,-0.6015247106552124,-0.7887621521949768,0.4390913747155021,-0.0578824058175087,0.793328857291618,-0.47114859226523187,1.1557023525238037,0.25911450321078816,-0.49512629526419094,0.5
-0.6179829239845276,-1.2730319895927957,-0.23791994583180112,1.6036390479232367,-0.04613102599978447,0.7846868634223938,-0.22244029088867595,1.1463496217435922,0.19816295250753732,-1.4453198632467947,-1.306420922279358,0.5
1.6982380567392796,-0.6191481351852417,2.504928320425663,0.9177405234921568,-0.5887049436569214,-1.0689655542373657,-0.011339286148118686,0.7977466518870991,-1.0799935890027201,-0.3566324710845947,-0.37881800532341003,0.3333333432674408
-1.072648048400879,-1.0351994037628174,-0.397668719291687,0.7035898650299015,-0.2902892827987671,1.2893203335944896,0.43679446798275856,-0.6461150001495929,0.6569125652313232,-1.0804332806118089,1.223405361175537,0.5
-0.29113430103564,-1.0351994037628174,1.8795648464731962,-0.4151882752122451,-0.4801901578903198,-0.22639626264572144,-0.127502277832492,-0.4549609870917769,-0.09127205610275269,0.6451131105422974,0.08309565238051661,0.6666666865348816
1.4245890112687756,-0.7974557876586914,1.219774576998657,0.28112715327679466,-0.5136041999327796,-0.3387388288974762,0.4604173739444017,0.5342274318716745,-1.151200294494629,-1.3148525459026352,-0.7972913052494706,0.5
-0.7419371783046763,-0.9895334880237809,-0.537641300649782,2.3643136088111256,-0.34454667568206787,-1.4059932231903076,-1.1465466269801157,0.7958579060468031,-0.9370084605702073,-0.22306638956069946,-0.631800651550293,0.5
-0.6937604546546936,0.33182618021965027,-0.19381269812583923,0.26790866293135035,0.6761192227831693,-0.2825675308704376,0.3451874320565108,-0.24840465549958207,-1.0888515710830688,-0.42035236477549276,-1.137765884399414,0.5
-0.01176275685429573,-1.2473483723203571,0.010043300688266754,-0.0138944074903245,-0.7540748345356938,-0.22639626264572144,-0.2974810573471063,-0.35786279887547556,-0.34066691994667053,-1.0244628190994263,0.21147480607032776,0.5
-1.5867537521208837,-0.5597122311592102,-0.3429106996825291,2.809847797269615,-0.5073188543319702,0.11063144356012344,0.13585809366185045,0.7589951454159193,0.34516897797584534,-1.0912458896636963,0.12714727222919464,0.6666666865348816
-0.46642789244651794,0.27239030599594116,-2.1644208431243896,-0.8554255366325378,-0.2902892827987671,0.7452231543809007,0.09873893651870749,-0.45907319522466644,0.8186511342341901,-0.7041753336885367,-0.8847832679748535,0.3333333432674408
-0.08754027634859085,0.27239030599594116,0.010043300688266754,-0.7900145830892547,1.6111297029239318,-1.2936506271362305,-1.2778593725278093,0.3643890965089524,-0.46536436676979065,1.3278665024755663,-1.137765884399414,0.3333333432674408
-0.46642789244651794,0.27239030599594116,-0.013226196734168198,0.8126082880790085,-0.18177451193332672,-0.021928535534629638,0.6071111962996226,0.22053105035995643,-0.6524105072021484,-0.8241137266159058,-0.46314552426338196,0.3333333432674408
-0.3148728311061859,-0.2625327408313751,0.33326034900076495,-0.5665509104728699,-1.1078668368284441,1.6410870986083086,0.21521765129754766,-1.7575479518853139,-1.0265028476715088,-0.7573306560516357,1.8808572493697284,0.6666666865348816
-0.16331779956817627,-0.9757634997367859,0.07799530029296875,2.7034365617045113,-0.6158336400985718,0.16680273413658142,0.3867411835562736,1.6984339229196423,-1.2200423883486082,0.04406575486063957,-1.306420922279358,0.5
-0.6937604546546936,0.5101338624954224,-0.7193200790990841,-0.766541063785553,-0.057281074572924306,-0.90045166015625,-0.5073181565452278,-0.7502721096559927,-0.9018054008483887,-0.6905476450920105,-0.8847832679748535,0.3333333432674408
0.4920785672338096,-0.20309685170650482,1.2887238499468292,-0.8109833002090454,-0.5925428628288055,-0.27151418076276324,0.2764528938129784,-0.3912594258025131,-0.7686129716028326,-0.959727649818183,-0.8847832679748535,0.3333333432674408
-0.6937604546546936,-0.6191481351852417,0.5536593198776245,-0.5887720584869385,-0.4801901578903198,-0.22639626264572144,-0.2324616636185993,-1.1796014264685526,-0.34066691994667053,-0.890896737575531,0.7338575276453937,0.8333333134651184
1.9642618484929508,2.116081291692988,0.7738582723200917,-0.6776565313339233,0.985440954620611,-1.4142130941857864,-1.5923529904843634,1.2524444246711952,-0.7147592306137085,0.24441486597061157,-0.1258353590965271,0.6666666865348816
-0.01176275685429573,-0.41490480815567654,0.5536593198776245,0.3565236740923029,-0.5887049436569214,1.3223622197507434,0.09074784481936561,-1.026596926559505,-0.9641541242599487,-1.0244628190994263,1.6406695488726675,0.8963898830046613
-0.9210929870605469,1.0641365071069582,-0.7100083389361604,-0.6109932065010071,-0.4801901578903198,-0.17022497951984406,0.3434233483837402,-0.8836741149818947,0.15812282264232635,-0.2660833305349694,0.3801299035549164,0.3333333432674408
-0.7695379853248596,-0.3814045190811157,1.9453338900892665,-0.4939088994148422,-0.2089032083749771,0.17479906289474348,1.2093765862604045,0.3627488757357216,0.65981416520176,-0.2898494303226471,-0.9040122999204747,0.5
-0.5446442286297123,-0.2245428663690862,-0.3543914549046099,0.07733940211518252,-0.39880406856536865,0.5600017309188843,1.4192845270477608,-0.6816633234611664,-0.7771079540252686,-1.2915949821472168,-0.041507821530103683,0.5
-1.224203109741211,-0.5002763271331787,-0.19381269812583923,-0.17970187384573838,-0.7435865477093124,0.7078700445082029,0.01938273252139555,-0.7681208536382901,0.9686561822891235,-0.7573306560516357,-0.041507821530103683,0.6666666865348816
0.5186799168586731,-0.9163275957107544,0.750632312846178,-0.45201616060247973,-0.37167537212371826,-0.3949100971221924,0.10759173503057484,-0.47792424392642363,-0.7771079540252686,0.17763182520866394,0.3801299035549164,0.5
0.2283079973249335,-0.024789171293377876,0.21117551532495865,-0.6554354429244995,0.11939292288791452,-1.1251368522644043,0.7224163647044296,0.5140618769717474,0.2204715460538864,1.1958409479587733,-0.2944904565811157,0.3333333432674408
-0.3148728311061859,-0.2448057706181117,-0.19381269812583923,2.8449254079784834,0.0778578217410981,0.11063144356012344,1.4384004427241115,1.721975890149653,-1.0539667158556834,0.8817333247850754,-1.306420922279358,0.48570829758807166
6.353549003601074,-1.3265051808488446,9.11561107635498,-0.9887523055076599,-1.2940510511398315,14.546651840209961,5.739711284637451,5.3161420822143555,4.896625518798828,9.794388771057129,3.078611373901367,0.0
0.8674165755011218,0.9290640314520457,-0.941284716129303,-0.7220988273620605,0.02787011156881239,-0.5072526931762695,-0.6464135327780662,1.1246570195772412,0.6569125652313232,0.4447639584541321,-1.2220934629440308,0.3333333432674408
-0.6937604546546936,1.9600863686218126,0.6394723788162137,-0.9205619996865338,-0.37167537212371826,-1.1732895872456692,-0.39539642086935356,-0.6582085110200344,0.0957741066813469,-1.1580289602279663,-0.46314552426338196,0.13429329617581248
0.6702349185943604,-0.914226334349524,0.4857073128223419,-0.833204448223114,-0.697219729423523,-0.09718253821615916,0.19369843239456658,-0.42337976216469186,-0.15362077951431274,-0.890896737575531,-0.2101629078388214,0.3333333432674408
-0.3148728311061859,0.3435280567963179,-1.652707326566191,1.2456923608093577,-0.4801901578903198,1.0335299187855098,1.0166413772192322,0.1900026738057285,-1.9193090655549152,-0.42341551184654236,-0.37881800532341003,0.5
0.06401476263999939,-0.6191481351852417,0.4857073128223419,-0.0328223415260141,-0.754969201185128,-0.5273794082034988,-0.30891098904450176,-0.08694858011095463,0.4411750829486101,-0.4608388053053829,0.04281972348690033,0.6666666865348816
-0.6937604546546936,-0.4408404231071472,-0.8053807020187378,-0.8776466846466064,-0.42593276500701904,-0.9566229581832886,-0.09649212232723892,-0.6063036407261939,0.0957741066813469,0.1324350999047232,-0.8004556894302368,0.18107532786598815
1.5670933237364055,-0.4408404231071472,1.1652272939682007,-0.7220988273620605,0.8607709981738988,-1.439305668283381,-1.8809917372567477,0.4196698706536434,0.46986642479896545,0.9728780282889479,0.5861258697664442,0.3333333432674408
1.2324215413447819,1.9525919733754755,-0.19381269812583923,-0.6434750837148947,0.6843109726450017,-1.1625881464260779,-1.6614221587642344,0.6970990857912258,0.1829552864663842,0.9117493642618744,-0.03554913640396007,0.6666666865348816
-1.224203109741211,-0.4408404231071472,-0.941284716129303,1.0263462072312188,-0.2902892827987671,-0.0017111222259700298,0.7715241253666987,0.4752925305432606,0.0957741066813469,-1.0244628190994263,-0.9691107869148254,0.3333333432674408
-1.1652130678534465,-0.9163275957107544,-0.3292614082988102,-0.06855994707701611,-0.2360319048166275,-0.90045166015625,-0.9273534467041321,-0.8527304909442682,-0.2783181965351105,-0.49019855260849,0.21147480607032776,0.5
-0.8453154563903809,-0.4408404231071472,0.14594730734825134,-0.8109833002090454,-0.6573286840804267,0.2791453003883362,0.06291889702041291,-0.8355453762169933,1.4867046761303726,0.7550458822554343,-0.08652673937929299,0.5
-0.46642789244651794,2.114693723457751,-0.9448899633614528,-0.8109833002090454,-0.04613102599978447,-0.6195952296257019,-1.0982110109294114,0.21515444583327661,0.9753167858433655,-0.5569815635681152,-0.8004556894302368,0.3333333432674408
-2.573327496826575,-0.3219686448574066,-2.1644208431243896,-0.6514268032622994,-0.6158336400985718,0.07909564811363426,-0.010820273496434508,-1.458140213664743,4.894058239350745,1.3355530276155765,2.245331926148261,0.3333333432674408
-0.9210929870605469,-0.3814045190811157,-0.397668719291687,-0.7549258735724127,-0.6158336400985718,-0.9566229581832886,0.43871061187244415,-1.3039022287333877,-0.6524105072021484,2.1530641213488813,1.392060399055481,0.3333333432674408
1.3921482729920924,2.0895086418391293,0.010043300688266754,-0.05513828207489979,1.591249195705572,-1.1571819681100284,-1.4046845922530204,1.5643604464400658,0.02302959313633094,0.3111979067325592,-0.5474730730056763,0.5
0.5944573879241943,0.6139744335994537,0.7761121602940525,1.2081206115029983,0.8424256235299853,0.6723442673683167,0.9807376816149891,1.0670879689819799,-0.7147592306137085,0.17763182520866394,-0.9691107869148254,0.3333333432674408
-0.151721493828811,-0.5002763271331787,0.010043300688266754,0.1972675636004389,-0.5073188543319702,0.7989081623139637,0.9390464707880873,-0.5110673368390075,-0.053089115920201616,-0.8458252756293416,1.0547502040863037,0.5
-0.01176275685429573,-0.6807811767912718,0.14594730734825134,0.6862880377112897,-0.3536204421734992,0.9010740177881351,0.3757595972664191,0.3607720003462631,-0.23747419081972454,-1.1580289602279663,-0.8847832679748535,0.3333333432674408
-0.3148728311061859,-1.0351994037628174,0.28185129165649414,1.970747490124894,-0.39880406856536865,1.9791207292931303,1.0501951266742409,0.8470127236309416,-0.34066691994667053,-0.22306638956069946,-0.8847832679748535,0.5
-0.5694125539687093,-0.7149244724980719,0.7629509685019735,0.0356427203607603,-0.2368191224621805,-0.3363960342723685,-0.06557981729740914,-0.10218689330281078,-0.8223186378184628,-0.49019855260849,-0.5474730730056763,0.3333333432674408
-0.08754027634859085,-0.08422506600618362,-0.6571858889298643,0.49250245610692023,-0.14153876165961862,0.5038304328918457,1.5004132485941584,0.4305957509976038,-0.7147592306137085,-0.4645169085248969,-1.0534383058547974,0.3333333432674408
-0.6179829239845276,-0.3814045190811157,-0.4656206965446472,0.9018243064376038,-0.42593276500701904,1.6370450398571565,0.7213270393042331,0.717046434548968,-0.9018054008483887,-0.5569815635681152,-1.306420922279358,0.5
0.6579601140776459,-0.5002763271331787,0.010043300688266754,-0.6554354429244995,-0.7243484258651733,-0.7736429841965712,-0.3945757038048529,-0.1106697678429793,0.033425383269786835,1.5477836249990322,-0.2101629078388214,0.3333333432674408
0.8779867843733626,1.0396715626593767,-0.7438696636250614,-0.766541063785553,0.7916244888868136,-1.349821925163269,-1.584777325888148,0.6914355479597275,-0.2783181965351105,-0.42108867977154557,-0.631800651550293,0.3333333432674408
0.33440307008572506,0.6826971281410008,-0.4656206965446472,0.4310111642693075,-0.34454667568206787,0.6723442673683167,0.9921317791481954,0.3608085630888483,-0.30400827804431996,0.1108487918972969,-0.8847832679748535,0.3333333432674408
0.24738854071644897,-1.0876096475377908,0.07799530029296875,-0.8303694719724665,-0.3174179792404175,0.2229740172624588,0.20437220243148257,-1.1266488176234661,-0.46536436676979065,0.2053293778055234,0.890259015286522,0.5
-0.39065036177635193,-0.5002763271331787,0.023368443838902596,-0.3136085013623512,-0.5887049436569214,1.2745341360029576,1.3443570345564488,-0.7806153672640816,0.15812282264232635,0.7150659965871898,0.7174400687217712,0.5
0.36712485551834106,-0.5378095323449439,0.07799530029296875,-0.7676046131556663,-0.8589364938117712,-1.237479329109192,-1.30870877384288,-1.7132066457210635,-1.8120400624555828,0.17482695489944966,1.4465576066472596,0.5
-1.9385579268914688,-0.3814045190811157,-0.12586070597171783,-0.6554354429244995,-0.9042189085919776,0.6898407707496463,0.6379081677451005,-1.1358013965238496,2.842066116631252,-0.9702205156970677,0.800080825243865,0.7431050108934116
-0.46642789244651794,-0.9164016655543652,0.4177553057670593,-0.10277444594230153,-0.6158336400985718,-0.731937825679779,-0.07016645890922676,-0.4610412155216808,0.5945638418197632,-1.0912458896636963,-0.2101629078388214,0.5
-0.5422053933143616,0.09408261626958847,-0.5335727334022522,-0.6776565313339233,-0.42593276500701904,0.8487589051009213,0.7135066214772671,-0.0678736961641661,0.15812282264232635,0.1794021635888264,-0.631800651550293,0.5
-0.4687788738857068,1.4211679459675413,-0.952159107121593,-0.06511786640084018,-0.37167537212371826,0.16680273413658142,0.7384236383429637,-0.6094908020823584,0.4075177013874054,-0.5569815635681152,0.3801299035549164,0.5
1.8662616998979766,0.3932493387068037,0.9310076398483622,0.099772144250865,1.1070937649658164,-0.5408323725231678,-0.5054518942057101,1.8127556737575488,-0.24599995942428582,0.6295568161038656,-1.1710799378129506,0.3333333432674408
-0.08754027634859085,-0.6785839796066284,1.1652272939682007,0.7546072087258952,-0.34454667568206787,-0.9586105332364165,-0.3504577460499433,-0.5590071946208531,-0.34066691994667053,-1.1580289602279663,1.392060399055481,0.3333333432674408
0.513866884653971,-0.6785839796066284,0.7703944837227916,3.6386227232137482,0.232108789090792,1.5523154699126895,1.4687507225836267,2.484489908063206,-0.9662682003837041,-0.5073640051587555,-1.306420922279358,0.5
-0.2390953153371811,-0.9757634997367859,-0.19975029570114608,-0.024485611378295667,-0.47638963677229496,0.11063144356012344,1.0944653735757746,-0.8730829399287274,0.5089985920466235,-0.49019855260849,0.9704226851463318,0.6666666865348816
-0.46642789244651794,-0.3814045190811157,-0.040746868862872494,-0.35762594448448265,-0.36645175096772,1.7942296868389855,-0.0021399811312515886,-1.6335246517070547,-0.7147592306137085,0.6451131105422974,2.0104659968149856,0.6666666865348816
0.21556980907917023,1.294562088375988,1.9803316066100645,-0.6776565313339233,1.2574160865011563,-0.8442803621292114,-0.6981580438399487,0.36311755995906914,-0.028923334553837776,0.6451131105422974,-0.631800651550293,0.3333333432674408
-0.3148728311061859,-0.9757634997367859,0.04096362370077265,2.2546534457561056,-0.13985673485794098,1.4837466314838732,1.0533259911531834,1.7113744763088532,1.8163340458376196,-0.4891892363959361,-0.8847832679748535,0.5
0.4429023563861847,2.0941357899316264,-0.7229419423285378,-0.2671247590651563,0.806265785329098,-0.5072526931762695,-1.2318309373074736,1.2038010460128952,1.9491365098565077,0.5436692110827688,-0.11388242760511737,0.3333333432674408
-0.5422991765893379,-1.213507056236267,0.07799530029296875,1.4460228174340042,-0.3174179792404175,1.8708146487307051,0.9887899822464704,0.7699372184818187,1.0489952487870644,-1.3546263735047903,-0.631800651550293,0.5
-0.46642789244651794,-0.3492648828261157,-0.40520477021365514,0.625685905312319,-0.5127793824473226,-0.2825675308704376,0.8019008744094731,0.291739616224871,0.2204715460538864,-0.890896737575531,-0.9691107869148254,0.3333333432674408
1.49198886325566,-0.7999739279520571,0.8934193253517151,-0.544329822063446,-0.7786058187484741,0.3024287365606757,-0.14495663826545066,-0.3149803323905571,-1.9352418557797668,-0.2898494303226471,0.6257215277540927,0.5
-0.3148728311061859,0.19321049075226657,-0.355992805192627,-0.6375766925821126,-0.4801901578903198,0.33531656861305237,0.29067038431931025,-1.1418520012764914,-0.2783181965351105,-0.890896737575531,0.5487849712371826,0.6666666865348816
1.4298524115188325,-0.3219686448574066,0.9726716185539089,-0.6554354429244995,-0.21581354691773189,0.591951776079769,0.14970813881253128,-0.31385575097870194,-0.8607607495428412,1.443169983821645,0.6572689316766168,0.5
0.21556980907917023,-0.5002763271331787,0.035831960482959405,1.3266738468926333,-0.5073188543319702,1.9321676420434066,1.4277339705596575,0.5563192733498173,-0.028923334553837776,-0.5569815635681152,-0.1848782046037795,0.4997639472009323
-0.01176275685429573,-1.213507056236267,-0.19381269812583923,-0.766541063785553,-0.561576247215271,-0.5072526931762695,-0.48246658668740167,-0.5716531931087496,-0.15362077951431274,-0.890896737575531,-0.19863725393611367,0.016897064167308205
-0.5422053933143616,1.4465248405732465,-1.3779928908189056,-0.6554354429244995,0.3106804261585063,-0.6757665276527405,-1.3011325103751512,0.29701595902493994,0.8741909638600025,0.19866544123845575,-0.2944904565811157,0.5
0.016629062419395838,1.9793289336777695,-0.7999990098076729,-0.5299119783472697,0.7822511510671757,-1.0689655542373657,-1.5125009603472495,0.4835289433620094,0.6569125652313232,0.5783300399780273,0.6946697885457762,0.3333333432674408
0.21556980907917023,-1.0351994037628174,-0.04996191601298963,-0.842987825698132,-0.5303851145553916,-0.6195952296257019,0.26715148906898073,-0.40204838779038315,0.5322151184082031,-0.0895003229379654,-0.7089870617842141,0.5
0.5944573879241943,0.3913205785760651,0.6961097390320451,-0.26432780166044073,-0.5596962814302069,0.9131347119730201,1.157220674018753,-0.6220255761448867,0.8439587354660034,-0.890896737575531,1.6560530059967336,0.5
2.357686159595467,-0.3814045190811157,1.1652272939682007,-0.766541063785553,-0.46512102759176743,-1.440214569079151,-1.851588583824259,-0.4499862399984209,-0.7771079540252686,1.6928044125977906,1.5607155561447144,0.5
-0.39065036177635193,-0.3219686448574066,0.4177553057670593,0.16474516483145515,0.0673239789077102,1.6777980765910785,1.082538533112537,0.3026931645539822,-0.9018054008483887,-0.15628336369991302,-1.137765884399414,0.3333333432674408
0.29134732484817505,0.5909955546227322,-0.681089764118476,0.7162893621991155,0.8588307658536777,-0.8442803621292114,-0.05116963485046966,1.307098722327008,0.6428098415068125,-0.2898494303226471,-0.631800651550293,0.030492848798053074
0.5186799168586731,1.8207250791251945,-2.1644208431243896,-0.6776565313339233,0.9368879189106055,-1.336989099910956,-1.6860791092481522,0.6223630660583954,0.30974377069697206,0.24441486597061157,-0.2944904565811157,0.5
-0.46642789244651794,-0.5002763271331787,-0.3297167122364044,-0.4998875558376312,-0.6429623365402222,1.7741646544333345,0.3638014029171822,-1.7629865055540217,-0.7093896741637721,-1.4823464219331635,1.9673517236450033,0.5
0.37990716704572985,-1.3009331000767461,0.34980329871177673,-0.10876112910630403,-0.6364887851464799,-1.2992469636282205,-1.5364890028442122,-0.6123967405171062,-1.4873043054363178,-0.443845309632856,0.3801299035549164,0.5
2.320101428300754,-0.2625327408313751,1.0293233394622803,-0.7220988273620605,0.49706283719707217,-1.349821925163269,-1.695437701622567,1.4938171711725485,-0.2783181965351105,8.479493932266411,-1.0213084318118677,0.5
0.9079361973304334,-0.6191481351852417,1.0648511330160242,2.210461617051123,-0.2631605863571167,0.9401615360885774,0.9525107429974983,1.7583353400939878,-1.619576421643558,-0.5866721139627846,-0.8847832679748535,0.5
-0.46642789244651794,-0.20309685170650482,-0.2617647051811218,-0.02308425668037599,-0.8222957766444883,1.065543293952942,-0.10572041055314105,-1.4134920963347937,-0.5900617837905884,-0.7573306560516357,1.6069534394140879,0.6666666865348816
1.35011159594725,0.25520965927582373,0.1590125779189963,0.6164569350709272,-0.11015419498869397,-1.1251368522644043,0.6435890853779591,0.6911857018031603,-0.7771079540252686,-1.0175960954602632,-0.46314552426338196,0.3333333432674408
-0.4745243377596648,-0.6191481351852417,1.6436544088282856,1.223914384854199,0.3819085326843939,1.4139922862806371,1.0858229223197655,0.6144506059957554,-1.5813776174293526,-0.7374784198799341,-1.1228891685579416,0.3333333432674408
-0.13417005371597135,-0.14366096258163452,0.8934193253517151,2.032584407846851,-0.2998565566141231,1.1217145919799805,1.170267542729621,1.1659948747521098,-0.15362077951431274,-0.0895003229379654,-0.8004556894302368,0.3333333432674408
-0.2743988221949601,0.7343843288527674,0.07799530029296875,-0.6776565313339233,-0.2631605863571167,0.48147149344258605,1.7981371841541733,-0.4624325362308448,-0.5277130603790283,-0.22306638956069946,-0.46314552426338196,0.3333333432674408
3.5837401591967146,0.27239030599594116,2.4896272486265314,-0.5887720584869385,0.9853835740110106,-1.349821925163269,-1.62165812527156,1.7666393261471722,-0.46536436676979065,1.8078035590968213,-0.2944904565811157,0.5
-0.9210929870605469,-0.9163275957107544,0.07799530029296875,-0.9566499766513228,-0.3174179792404175,-0.0578824058175087,0.17348509807531007,-1.023706824018801,0.9686561822891235,-0.0895003229379654,0.1142914084670512,0.5
-1.6144726407389802,-0.08422506600618362,-0.7906849166180457,-0.4998875558376312,-0.9090148181484078,0.6723442673683167,0.21916192337016385,-1.4904815270739322,1.1557023525238037,-0.7598717750081373,1.3534805687107565,0.5
-0.6179829239845276,-0.6191481351852417,1.0431027160425292,-0.7447967120505272,2.6250376795273125,2.6664456951827527,1.0245060752622044,-0.5512744481339036,-1.03201330010441,-1.0912458896636963,-1.2249854465799097,0.5
-0.3148728311061859,-0.14366096258163452,-0.3297167122364044,0.09453133569636757,-0.424183308441989,0.48719440085060917,1.0039542753780963,-0.5721908907612415,-0.028923334553837776,-0.9500952066091138,0.5487849712371826,0.5
-0.3148728311061859,-1.4921059579268656,0.07799530029296875,-0.9071823133320911,-0.5890404005019833,-0.17022497951984406,-1.3694900733437976,-1.3988864010637614,0.46986642479896545,-0.02271728403866291,0.8260727577700454,0.6666666865348816
2.6937471414852787,0.15351851284503937,1.1652272939682007,-0.8974558227145356,0.8363916480380741,-1.1251368522644043,-1.669348745786401,0.8851933199779681,-1.9162972936931955,2.435262427529009,-1.137765884399414,0.5
-0.3148728311061859,-0.7380198836326599,0.010043300688266754,-0.6776565313339233,-0.7786058187484741,-0.7405076437409883,-0.3204657408249311,-2.057864903663397,-1.048263672252898,1.4631491125357188,2.6161679020594533,0.6666666865348816
-0.6179829239845276,-0.4408404231071472,-0.2617647051811218,1.850773221696511,0.07897322998270193,2.147783486637316,1.4753496175488012,0.9696992669717319,-1.0265028476715088,-0.890896737575531,-1.1841050578159598,0.3333333432674408
-0.46642789244651794,-0.14366096258163452,-0.2674331336606234,-0.026213828336888473,-0.6426287932548339,-0.3949100971221924,0.17330501421603736,-1.1298166272579706,-0.09127205610275269,-1.3583780527114868,1.6246840708800179,0.3333333432674408
-0.5422053933143616,-1.0710667762795605,-0.2617647051811218,0.3912674270690311,-0.6158336400985718,0.4827993544978998,0.07691188159764101,-0.792506828199011,-0.2783181965351105,-0.5569815635681152,0.520253479194498,0.6666666865348816
-0.01176275685429573,0.8473388306051508,-0.5162674785061062,-0.7443199157714844,0.4056545430200802,0.33531656861305237,-1.197761941896006,0.4294244593926491,1.1015364503020046,0.12222814121285862,-0.631800651550293,0.3333333432674408
-1.093483055940779,0.8487553570189059,-0.15024723347373276,-0.8449700605574181,-0.5887049436569214,0.5600017309188843,0.5752217361664098,-1.8090640552311532,0.2204715460538864,-0.7309114213420933,1.7741012948088186,0.5
2.361628312841723,-0.3219686448574066,0.3225171029540234,-0.5887720584869385,0.32301284946455583,-0.3387388288974762,-0.019509974867105484,0.5969061696089741,-0.2783181965351105,0.3111979067325592,0.12714727222919464,0.3333333432674408
0.29134732484817505,1.7974456016136764,-0.6632635238767248,-0.30196270272473713,0.7377225496712014,-1.0779507586644488,-1.340350048462486,1.166695517989923,0.9024047505265811,-0.6237646341323853,-0.8004556894302368,0.1666666716337204
-0.9968705177307129,-1.172672527967817,-0.5335727334022522,-0.766541063785553,0.11398463236228179,-0.6591282072586916,-0.4743065631247702,-1.1522361988779086,0.5322151184082031,-0.5569815635681152,0.330628230924079,0.5
1.3674394256533524,0.07254337092549645,0.8254672884941101,0.591990297524073,-0.07325971871614456,-0.6195952296257019,-0.5574965220849679,1.033216118812561,-0.4030156433582306,-0.15628336369991302,-0.1258353590965271,0.6666666865348816
0.21556980907917023,-1.2685621129484104,0.8934193253517151,-0.8554255366325378,-0.6429623365402222,0.21589248222647334,-0.2964451211979529,-0.5976554254437451,-0.09002714965210128,-0.02271728403866291,-0.46314552426338196,0.6666666865348816
-0.39065036177635193,1.44396321341234,-2.1644208431243896,-0.5665509104728699,0.732580505964942,-1.023250091275979,-1.5664899341281515,0.5404859020552759,1.7570779699556411,0.37798094749450684,0.12714727222919464,0.6666666865348816
-0.9203963631055804,-1.0171602312413783,0.010043300688266754,-0.8776466846466064,-0.34454667568206787,1.1217145919799805,0.34707506264865096,-0.9136436844570968,1.9112099006467613,1.9035744692688552,0.4644574522972107,0.5
-0.3148728311061859,-0.007202087591476201,-0.12586070597171783,0.2838382788794257,-0.6429623365402222,-0.6757665276527405,-0.3554034655797286,-1.1899307299153472,-0.9018054008483887,0.7118961215019226,1.6450430154800415,0.5
-1.072648048400879,-0.7881471182623041,1.1652272939682007,1.7272796189706465,-0.13244103810355085,1.2899902601482351,1.2888819354195888,0.5630224291743401,-0.46536436676979065,0.1418072214344892,-0.3254690791155873,0.5
-0.16331779956817627,-1.213507056236267,0.6895633339881897,-0.5665509104728699,-0.2089032083749771,0.09657211613744632,-0.49734654745258905,0.18360332490828712,0.9063074588775635,2.1360920242589057,-0.2944904565811157,0.5
-0.5422053933143616,0.3931737486126142,-1.9147065875785447,-0.7887621521949768,-0.15464581549167633,1.213921956845561,-0.02396520293749764,-0.5449305623979414,1.2758745593446201,0.14961728465166507,0.6331125497817993,0.5
0.29134732484817505,0.5316763369230979,-0.19381269812583923,-0.6908648246968613,-0.49763870903153196,-0.5072526931762695,-0.23424439584985948,-0.6560569513228456,0.9063074588775635,1.362628863696407,1.3384450460580068,0.5
-0.5422053933143616,-0.5693791516968608,-0.4717318686648212,2.907151939792964,1.0868373395634636,1.2892884213866718,0.6648118834782006,1.8655532985048293,-1.9437513325843006,-0.2663328387933984,-1.686099278930782,0.3333333432674408
1.2665491785745007,0.4229253187265085,1.0293233394622803,-0.3982415229372058,0.6975474237447463,-1.349821925163269,-1.7236662760938948,0.5138019689002161,0.2828202545642853,1.0361429180465944,1.4371088293023617,0.5
3.4102907521549652,0.3710831388757703,1.2818804354654536,-0.6976283392823638,-0.08864549385821077,-0.9566229581832886,-1.5927578068642045,0.914470652422826,-0.8394566774368286,0.33191447314784017,0.3801299035549164,0.5
0.7460124492645264,-0.7380198836326599,0.6643377470650066,2.073060217272142,-0.37844723092506133,0.8309818557903844,0.40079074369518786,1.875294872711326,0.5322151184082031,-1.3445248816264752,-1.2220934629440308,0.3333333432674408
-0.3148728311061859,-0.6340556980224202,-0.7720795482188156,0.6775455477236983,0.062383756041526794,0.01801580683027294,0.8337191762259819,0.4706825140784501,-0.8248074125925782,-0.2898494303226471,-0.9691107869148254,0.3333333432674408
-0.16331779956817627,-0.4408404231071472,-0.12586070597171783,-0.6776565313339233,-0.25055908018123196,0.2791453003883362,-0.7056267968517448,-1.0977765944882,-1.213549017906189,-1.485964028858802,0.21147480607032776,0.3333333432674408
-0.01176275685429573,-0.9163275957107544,0.21389929950237274,2.361537902726832,-0.2631605863571167,0.8944901217196595,0.9991750640293592,1.3648493121877847,-0.35066908914465655,-0.49019855260849,-0.8004556894302368,0.5
1.1266047392646759,0.25300361242203795,1.2052797192717215,-0.5665509104728699,-0.1978202661345005,-0.8916657408157761,-1.4585265106791874,-0.14341295532540807,0.9686561822891235,1.3841555230412919,1.813698172569275,0.6666666865348816
-0.1527331242453167,-0.2625327408313751,-0.6694766879081726,-0.11366875199894635,0.07486705344645221,0.2229740172624588,0.8302447659677394,-0.24829777996977578,0.5945638418197632,-0.22306638956069946,0.21147480607032776,0.1666666716337204
1.4338074204359366,0.5286599922486378,0.28185129165649414,-0.5558095926344854,0.7973587089379022,-0.17022497951984406,-0.24967748091032085,1.7114408939830699,-0.15362077951431274,1.5052772334935438,-0.8004556894302368,0.3333333432674408
-0.3148728311061859,-0.20309685170650482,-0.397668719291687,-0.8776466846466064,0.062383756041526794,-1.304813262693483,-1.4859157379408237,-0.04380047209561359,0.7321986302353158,0.10369028942076718,-0.46314552426338196,0.015306983754848564
0.7757424673125197,-0.024789171293377876,0.8751378336538053,-0.07977734100214769,0.6403077664926984,-0.769607740459961,-0.019509974867105484,1.2324117958999725,0.7192612886428833,0.8373337278591099,-0.8847832679748535,0.3333333432674408
0.29134732484817505,0.09408261626958847,-0.12586070597171783,0.2943023002669601,0.6361351640148578,-0.24348320023818784,0.274032037845314,0.480404426267421,-1.0265028476715088,-0.4215524957835777,-0.9691107869148254,0.3333333432674408
1.487586764919228,1.9902279757875263,0.060539822531598314,-0.30222612034658775,-0.14267691694152337,0.17733881326383757,0.8457099757728,0.5072369446511821,0.8439587354660034,-0.5569815635681152,0.6331125497817993,0.3333333432674408
-0.46642789244651794,-1.213507056236267,0.010043300688266754,1.5171505044688331,-0.2631605863571167,1.5504073513450756,0.7259727765988654,0.740576401098389,1.3427485227584839,-1.0244628190994263,0.04281972348690033,0.5
1.458182180974047,1.4937245469888638,0.010043300688266754,-0.4695723836037235,2.8759706204802176,-0.6443585137065819,-0.8926027641400552,1.2974181348139135,-0.5900617837905884,0.5783300399780273,-0.8847832679748535,0.3333333432674408
-0.3148728311061859,-0.8568916916847229,0.34741880950075027,-0.8109833002090454,-0.34454667568206787,0.16680273413658142,-0.1634978151581082,-1.0590109371618022,1.6735599226530753,-0.957679808139801,0.6331125497817993,0.5
1.4124055341831587,0.7784124771317928,1.0522031412299873,-0.5743810923202983,0.4227755171260962,-1.1251368522644043,-1.1767284126983566,1.146634292860759,0.988503537391426,0.3111979067325592,-0.9691107869148254,0.3333333432674408
-0.2390953153371811,-0.8568916916847229,2.8259721964958664,1.4290475803844331,-0.34454667568206787,1.7212316650025052,0.8278341137983124,0.9919000452218834,-1.1590188913274986,-0.15628336369991302,-1.137765884399414,0.3333333432674408
-0.5422053933143616,-0.31127083898754604,0.21497375831829718,0.7123333804397813,-0.42593276500701904,-0.3387388288974762,0.2135794054300984,0.2961539613207269,0.5945638418197632,-0.957679808139801,-0.7161281704902649,0.6666666865348816
-0.08754027634859085,-0.0046797624072021475,0.5473716472656398,0.4455451959571906,-0.697219729423523,0.5531602697280243,0.44876122798763923,-0.30053215972566777,-1.4371116632217709,-1.1708357761089179,-0.33715466460372456,0.5
-0.31827525193047335,-0.5002763271331787,-0.17990421013937766,2.75374310991459,-0.18177451193332672,1.2887721221249486,1.2885115686544166,1.8045278659557211,0.15812282264232635,-0.0895003229379654,-1.137765884399414,0.3333333432674408
-0.01176275685429573,0.3986528989814529,-0.5335727334022522,1.7306959285427996,-0.5073188543319702,-0.22639626264572144,0.04501433951276403,0.1653406032213899,-0.7771079540252686,-0.0895003229379654,0.8845727591915873,0.5
-0.01176275685429573,3.9658727643864857,-2.1246989712633004,-0.711616720233643,0.7974553537730469,-0.7881091237068176,-1.516708796829699,0.5722740357678606,1.7544059543422494,-0.02271728403866291,-0.3716644062625888,0.5
0.06401476263999939,0.7515769725200928,0.3380743174493861,-0.7220988273620605,0.4650898127985924,-0.5634239912033081,-1.5716045190958718,-0.18107418757210453,0.72330106657195,1.3206759173250382,1.6304050434206112,0.8333333134651184
-0.718883607280467,-0.6191481351852417,0.18237234887862686,-0.766541063785553,-0.5073188543319702,0.2229740172624588,-0.2100229945493439,-1.6877682610104259,0.19690616910744538,1.6240681563513362,1.813698172569275,0.8333333134651184
0.7460124492645264,-0.4408404231071472,1.4496831597831568,-0.6554354429244995,0.7303550411018089,-1.1251368522644043,-1.5003240386360377,0.9220220067652739,0.2204715460538864,0.0945474609894216,-0.2944904565811157,0.3333333432674408
-0.12942608586454216,1.6752124199908272,-1.9440693577269912,-0.6776565313339233,0.880612169811841,-0.90045166015625,-1.3652023782721994,0.8197862917956202,1.661379517719181,0.42723174602974023,-0.8847832679748535,0.5
-0.39065036177635193,-0.9536950473310489,0.14594730734825134,1.7123334956641156,-0.37167537212371826,-0.22639626264572144,0.18219805975326,0.8983207941055298,-0.6851070089217676,-0.957679808139801,-1.306420922279358,0.5
0.1397922784090042,-1.1720794167963609,0.07799530029296875,-0.8776466846466064,-0.5887049436569214,-0.677591710189333,-0.3426390538188535,-1.0356452447158089,-1.861713100708983,-1.2199274400080493,-0.1258353590965271,0.1666666716337204
-0.01176275685429573,0.9430005503927614,-1.3490660012518179,-0.8827340123753026,-0.2465257127707995,-0.16047038441260117,1.445553561260579,-0.4624424974678051,-0.6524105072021484,-0.7573306560516357,-0.8847832679748535,0.3333333432674408
-0.01176275685429573,-0.14366096258163452,-0.2617647051811218,-0.5887720584869385,-0.5344475507736206,1.1217145919799805,0.9962125741107913,-0.9224109206177644,-1.2736583887059716,-0.42139070408782175,0.28943656082613906,0.5
1.1640198910491468,-0.08422506600618362,1.9493975636546483,-0.3298761714390166,-0.12751711905002594,-1.6198034974804216,-1.8591815014081225,0.5598071250786708,0.6879433611075109,0.3111979067325592,0.5732882176304062,0.3333333432674408
-0.2649834101803005,-0.9757634997367859,0.34980329871177673,-0.8776466846466064,-0.7109302542335728,1.065543293952942,0.03528270994522992,-1.1967602968381046,-0.5277130603790283,0.17763182520866394,0.7174400687217712,0.5
-0.46642789244651794,-1.1187315602314576,-0.3297167122364044,-0.8554255366325378,-0.7243484258651733,0.6723442673683167,-0.4405257541244719,-1.7270690954982442,-0.7771079540252686,0.27167888025037346,1.223405361175537,0.5
-1.072648048400879,-0.6191481351852417,-0.12586070597171783,-0.5376963166823668,-0.6419540293346214,1.065543293952942,0.757661980902232,-1.7300872484914804,0.34516897797584534,-2.0251387183350746,1.813698172569275,0.8333333134651184
-0.3148728311061859,-0.6785839796066284,-0.2617647051811218,-0.833204448223114,-0.08130107843230674,-0.6195952296257019,-0.6605241279912261,-1.1243088187339692,0.5322151184082031,-1.0603627310103114,0.3801299035549164,0.5
1.7810045029387398,-0.08422506600618362,1.7725676672528783,-0.6554354429244995,1.4241780853135906,-1.349821925163269,-1.6002456251086532,1.241986701273107,0.34516897797584534,0.9122452139854431,-1.1288451267443351,0.3333333432674408
-0.8453154563903809,1.7801674736855058,-1.0384219949317801,-0.6332142949104309,-0.2902892827987671,-0.731937825679779,-1.3018593057557608,-0.09443354614998069,1.6026141255919077,0.622150329145487,0.05733739865355013,0.3333333432674408
0.5186799168586731,-0.4944432622075265,0.07799530029296875,1.3642136850867528,-0.561576247215271,0.39148786664009094,1.5336490473540614,1.0564331049846298,-0.2783181965351105,-0.42341551184654236,-0.9557241643374219,0.3333333432674408
-0.39065036177635193,1.5170693271903575,-2.147336285530379,-0.3013801543152181,0.062383756041526794,-0.6952574197115247,0.14689140570066253,-0.5364773568713231,-1.8457586523564944,0.07128303480473305,-0.8004556894302368,0.3333333432674408
-0.46642789244651794,-0.6785839796066284,1.1652272939682007,-0.30339840643595917,-0.42445257998696634,1.1217145919799805,0.1870061785137169,-0.8016379963662114,-0.2159694880247116,0.3111979067325592,0.809730053742569,0.5
-0.46642789244651794,-0.10070286792902472,0.1766364948843223,-0.26858307126651393,-0.7552262399988203,-0.4864590773690017,-0.18414045570017853,-1.7209238251996446,-1.367425250199326,-0.076352850497747,1.5671396511914317,0.5
0.29134732484817505,-0.6785839796066284,0.010043300688266754,-0.7220988273620605,-0.5151363798437522,0.6723442673683167,0.465787800762776,-1.2555284632191004,-0.15362077951431274,-0.22306638956069946,1.392060399055481,0.6666666865348816
-0.46642789244651794,-0.9263689388424853,0.625053308941138,1.7238553558612428,-0.42593276500701904,1.6843779976938065,1.2245155702912969,1.2414201751887421,0.2833456473209032,0.1945818035235871,-0.9691107869148254,0.5
-0.6179829239845276,-0.4750375801007963,1.1652272939682007,-0.7890920509039562,-0.5420928279840987,-0.11405368894338608,0.06362549206406701,-0.6954636661323619,0.7192612886428833,-0.02271728403866291,-0.041507821530103683,0.6666666865348816
0.5186799168586731,0.731211915079389,1.6005978045474647,-0.544329822063446,1.1473826674071683,-0.8442803621292114,-0.9636213989466178,0.43577623817474737,1.2914591820206889,1.480144939500655,1.0547502040863037,0.5
-0.08754027634859085,-0.2999063961556085,0.5389597292211361,-0.49463619636195333,-0.42593276500701904,0.2941495468843495,1.107181837441514,-0.7614034380445314,-1.4199018124325624,-0.7573306560516357,0.29580235481262207,0.5
-0.46642789244651794,-0.14366096258163452,-0.5335727334022522,0.05950175982755233,-0.7243484258651733,0.40275584735705255,-0.4794509148726852,-1.442719619071942,-0.7394011590649328,1.194623043712092,1.6148324951434199,0.6666666865348816
-0.5507375517971214,-0.5002763271331787,-0.12586070597171783,-0.40989500481453733,-0.5887049436569214,-0.8442803621292114,-1.0884501636640074,-1.574488643552058,-1.7849210567355553,-0.2947609863595427,1.553833716773018,0.6666666865348816
-0.3148728311061859,2.1174706062808353,-1.0933299325136792,-0.8621199636318093,0.2683298935866984,-1.3469473017372726,-1.3444961852556945,-0.6410927051256922,0.2204715460538864,0.6451131105422974,1.5607155561447144,0.0005791547562740119
0.21556980907917023,0.12470769828899197,0.2621595924483881,1.358387588139727,-0.07325971871614456,-0.90045166015625,0.6377887179987233,0.959351598811348,0.2828202545642853,-0.4199361355678771,-0.37881800532341003,0.1666666716337204
-0.39065036177635193,-0.2625327408313751,-0.5335727334022522,-0.6998776793479919,-1.1038590247693947,-0.6757665276527405,0.20574493618048517,-1.1684795161145172,-1.0888515710830688,-1.0009845110176852,0.04281972348690033,0.3333333432674408
-0.3148728311061859,-0.9163275957107544,-0.2617647051811218,1.8308099050342588,-0.12751711905002594,-0.3387388288974762,0.3559997629609498,1.1482678733924638,0.033425383269786835,-1.0368432650698722,-1.0534383058547974,0.6666666865348816
-0.2390953153371811,7.0084722344370345,-1.7395418602430563,-0.766541063785553,-0.04613102599978447,-1.349821925163269,-1.7171885732339451,-0.24830011788194184,1.4818150687217555,-0.49019855260849,1.5607155561447144,0.011297770381018979
0.06401476263999939,0.6846353325135788,-0.6377232304525259,-0.6776565313339233,0.7935421013676112,-0.9959999083666963,-1.230860248275694,0.8983207941055298,1.4203682143021248,1.2524703009160358,-0.631800651550293,0.3333333432674408
-0.08754027634859085,-0.14366096258163452,-0.12586070597171783,0.8857094684832778,-0.10038841515779495,-0.3949100971221924,-0.4978505863510785,0.42306874189168175,0.5322151184082031,-1.1580289602279663,0.3801299035549164,0.3333333432674408
-0.6179829239845276,-0.8568916916847229,0.28089949481013526,0.14879597208872994,-0.6158336400985718,-0.7290383371227717,-0.40763861150311864,-1.0667191348770557,0.46407753254810996,-0.8257097730501414,1.2688318124487796,0.3333333432674408
-0.46642789244651794,-0.2625327408313751,-0.4656206965446472,-0.1508943848464642,-0.8328632116317749,1.0885262935697262,0.4794698019842439,-1.4484024428865547,-1.3391661428715134,-1.5361823375140191,1.223405361175537,0.3333333432674408
0.21556980907917023,1.4278042270386486,1.8180235556962387,-0.7399280581803209,3.9193972555982484,-0.6202287514812928,-0.8183773613503491,0.406964843467993,-0.5900617837905884,0.7786791324615479,-1.2220934629440308,0.3333333432674408
-0.6973860819280454,-0.6996403157166733,0.47911839916222376,-0.4892349729371818,-0.4801901578903198,-0.731937825679779,-0.8552383782708558,-1.7732080778596175,-0.5900617837905884,-1.0244628190994263,1.6450430154800415,0.6666666865348816
0.5944573879241943,1.6585904406569316,-0.941284716129303,-0.11927220134827062,0.5858889377275073,1.1275707791240328,-0.3542188342045914,0.7544577385841121,0.7857697554829169,-0.42341551184654236,-1.004128572807941,0.3333333432674408
-0.5422053933143616,-0.6191481351852417,0.4857073128223419,0.7100586126448367,-0.2472137878255726,0.9670544855952294,1.2011881073617496,0.3283844795241184,0.34516897797584534,-0.2898494303226471,-0.041507821530103683,0.5
-0.39065036177635193,-0.5597122311592102,0.28185129165649414,0.5669108850537136,-0.39880406856536865,1.3183821342168884,0.6817597600210147,0.5840882432606427,-0.4030156433582306,0.4955820998120898,-0.9691107869148254,0.5
-0.8453154563903809,0.5101338624954224,-1.4611840286313142,0.9568812142405976,-0.2089032083749771,0.49888616109388934,1.303162785391973,0.6945130006820304,0.2125632253922824,1.0072884596675442,-1.0534383058547974,0.3333333432674408
-0.6645198664013975,-0.3814045190811157,-0.4656206965446472,-0.5887720584869385,0.27182488346508427,-0.012097873325036684,0.9944855912771008,0.18003327858310267,0.9388600387115656,-0.15628336369991302,-1.0534383058547974,0.5
-0.2500554539447052,-1.2278983732473845,-0.12586070597171783,-0.766541063785553,-0.3317966831891035,0.6723442673683167,0.2878373640759259,-0.523949759540804,0.6569125652313232,-1.0244628190994263,0.10716068352117435,0.5
-0.2390953153371811,-0.6785839796066284,2.821900788725175,-0.7220988273620605,0.3537950427334264,0.48168731240938284,-0.24725236183630606,-0.8302198260734303,-1.9864387330168332,-0.6237646341323853,-0.8847832679748535,0.6226903195788882
-0.16331779956817627,-1.213507056236267,0.14594730734825134,2.1251455172227844,-0.37167537212371826,0.17131190522007494,0.2912466635190465,1.0549143051579613,0.5945638418197632,-0.42341551184654236,-0.5950542815635381,0.5
-1.072648048400879,-0.5002763271331787,0.30076783275945884,1.0344889083610063,-0.42593276500701904,-1.1014322770366483,-0.2572850174248921,-0.1308926632562774,1.5422989441806876,-0.5783802093283333,0.8017675876617432,0.3333333432674408
-1.072648048400879,0.34707602475349064,-0.6925087795023029,2.8587318631825296,-0.2902892827987671,-0.9566229581832886,0.44487323368318565,1.313688540965293,-0.9018054008483887,0.7118961215019226,-0.9303039753565314,0.5
0.29134732484817505,-0.5002763271331787,-0.3297167122364044,0.27035599311810904,-0.04613102599978447,0.16680273413658142,0.7888998970034542,0.32526418265054813,-0.49339381589764947,-0.8746860202033787,-0.7834970331984727,0.3333333432674408
0.4429023563861847,3.2117970684796924,-2.0657499602606086,-0.6109932065010071,0.3273437983905363,-0.90045166015625,-1.675779724742365,0.00039288924940983697,0.7816100120544434,0.756424673023041,1.0740927305272343,0.3333333432674408
0.9178731202249382,1.0158330673314424,0.21389929950237274,-0.10157029098524038,2.671421503010052,-1.0527556505728486,-1.0502879186523524,1.4177369157372224,-0.4030156433582306,1.4593765858201126,-1.2220934629440308,0.3333333432674408
-1.148425579071045,-0.9492687381461542,-0.3401211648752844,-0.9091076724642186,-0.5344475507736206,-0.8183741821192518,-0.6651420492777016,-1.1807612810847563,2.2755390582194472,-0.22306638956069946,0.48666958508378316,0.6666666865348816
-0.01176275685429573,-0.8464752972175608,-0.05790869891643524,-0.04221620049511838,0.20237525473333884,0.838104556605809,1.4942609694881324,0.15009017328246738,-1.2708074947754553,-0.8831669844776544,-1.306420922279358,0.5
-0.16331779956817627,-1.1541570655656446,0.07799530029296875,-0.6998776793479919,-0.3174179792404175,0.2791453003883362,0.04346325251918896,-0.34641728115753795,1.535620110751455,-0.993374943615182,-0.3031193740156435,0.5
-0.6179829239845276,-0.5597122311592102,0.010043300688266754,-0.6776565313339233,-0.6158336400985718,1.2892832704486232,0.9420669854474886,-1.3055213085818937,-0.052700210658320965,-0.8915757347945884,0.7388285194145268,0.5
-0.16331779956817627,-0.3814045190811157,1.3301417005990415,-0.8776466846466064,-0.4801901578903198,-0.45108139514923096,-0.07600559659104955,-0.8943227638861482,-0.4030156433582306,0.04406575486063957,0.5487849712371826,0.5
-0.46642789244651794,-0.8568916916847229,0.21389929950237274,2.780316661871593,-0.34454667568206787,2.0999781779876163,0.8322397051723843,1.0813825733051399,-0.7771079540252686,-0.49019855260849,-0.2101629078388214,0.5
-0.39065036177635193,1.0620697230877236,-0.9037728469545006,-0.7443199157714844,0.8287116007608032,-1.0127942562103271,-1.1476942248477808,0.011834838202469005,0.7816100120544434,-0.22306638956069946,-0.041507821530103683,0.5
-0.345418381033206,0.21295440196990967,0.010043300688266754,-0.6155262257226101,-0.39880406856536865,-1.2199401199481725,-1.3497353781720283,-1.9266111101627987,-1.054240158537427,-0.7980059945293153,1.813698172569275,0.5
-0.2390953153371811,-1.0351994037628174,-0.2617647051811218,-0.4041259136640759,-0.5289852589675259,-0.17022497951984406,0.013019175269349674,-0.9702190719067624,-0.4030156433582306,-0.02271728403866291,0.7174400687217712,0.6666666865348816
1.227947500781025,-0.6191481351852417,1.6867750584560324,1.6511311489062381,-0.2631605863571167,1.3438225080982302,1.7162426327981344,1.660959705537238,-1.560422686301384,-0.4290165369393353,-1.137765884399414,0.3333333432674408
0.28585859589514045,-0.14366096258163452,0.3873023382611917,-0.8109833002090454,-0.15464581549167633,1.106555494123179,0.9570815497521717,-0.24832528057358735,0.14011884563502608,-0.4199504398459313,-0.041507821530103683,0.5
-0.7695379853248596,-0.20309685170650482,-0.5934583926719255,-0.5665509104728699,0.43037704642263497,-0.3006481779918362,-1.490978549238552,-0.5846234871261643,1.1557023525238037,1.4958958170540813,1.8012391536494685,0.6666666865348816
1.5497665015215134,0.4815280765688464,0.07799530029296875,-0.257467076952696,0.41149090477320577,-0.5634239912033081,-1.1310611624811149,0.29723392940608273,0.46986642479896545,1.9488024155023462,2.063625006348714,0.6666666865348816
-1.148425579071045,-1.070354177374639,-0.5335727334022522,-0.41822580121291014,-0.4095339536432739,0.4277475787619124,0.06754896420263518,-0.8553181886672974,-0.028923334553837776,-0.2898494303226471,0.4644574522972107,0.5
0.5186799168586731,-0.1248568632964351,-0.397668719291687,-0.7220988273620605,0.141384306012145,-0.8442803621292114,-1.5516237564462732,0.5269902008506242,1.571019799444143,1.2753349904596791,-0.8847832679748535,0.5
-0.46642789244651794,-0.024789171293377876,-0.6675674498447248,-0.6776565313339233,-0.15464581549167633,-0.3949100971221924,0.03250184198255014,-0.7052014069766656,1.3427485227584839,-0.15628336369991302,0.3801299035549164,0.3333333432674408
3.473776090577302,0.7645988631420962,1.0336998814260412,-0.6390387158700315,1.3567425583333461,-0.6984167900285134,-1.0032079531659215,1.0385953873197984,-0.7771079540252686,1.9212271746338374,-0.041507821530103683,0.5
-0.21346228525730737,-0.6982584605831895,0.24540811168310256,1.2295397203654168,-0.18177451193332672,1.3809643320581693,0.6113338176347972,0.8348656717779223,0.34516897797584534,-1.1452488854349838,-1.137765884399414,0.5
-0.9210929870605469,-0.3262878152671517,0.28185129165649414,1.558948386037625,-0.42593276500701904,0.05446016043424606,-0.3641872056621242,-0.6099761931912302,-0.15362077951431274,-0.727910408804096,1.6998824529027163,0.3333333432674408
-0.46642789244651794,0.33182618021965027,-0.19381269812583923,0.5304597676279516,-0.561576247215271,1.840273045425324,1.5018198487543997,-0.9522975764021545,0.2204715460538864,-1.1580289602279663,1.5607155561447144,0.8333333134651184
-0.5422053933143616,1.114504523548943,-2.071005666499281,-0.7887621521949768,-0.07325971871614456,-1.616307114186616,-1.898470105440414,0.2450510631751729,0.9686561822891235,-0.15628336369991302,-0.37881800532341003,0.3333333432674408
-1.0715379211022504,-0.6515875824852951,-0.07710172968219217,-0.5785131922277295,-0.2631605863571167,0.11625684190638967,0.448152348961253,-1.3248222407105168,-0.2783181965351105,1.2687071542741428,0.5964111766047081,0.5
-0.7695379853248596,-0.4408404231071472,-0.5929378529797363,1.5039087457946934,-0.1776408239132892,0.05446016043424606,0.9952071399066856,0.6907464106505898,0.033425383269786835,0.24848174969556283,-0.6833201292565212,0.5
0.6702349185943604,0.33182618021965027,-1.0361511944645867,-0.766541063785553,0.7287590988921158,-0.18199337184332365,-0.06041909553418893,0.7361117987006575,0.15812282264232635,1.7893779387605586,-1.0534383058547974,0.3333333432674408
-1.1524686419621732,1.562830930353247,-2.0880004722683894,-0.7574980040148204,-0.01900232955813408,-1.1130009296225483,-1.1474213287742505,-0.87238507781344,2.6870858239594004,-0.42341551184654236,1.301913963020541,0.3333333432674408
-1.224203109741211,0.9077973631548992,-1.5980249475850339,0.29679246777965207,-0.5073188543319702,-0.28461975560599095,-0.09485580916827618,-0.4734190117111591,1.753232587788451,-0.7573306560516357,1.0031714204027569,0.4859158948621636
1.203521493013416,-0.5002763271331787,1.1652272939682007,-0.5324497827492507,0.6268113831830266,-0.22639626264572144,-0.3082084223574208,1.097392885086205,0.5945638418197632,0.5262792230338241,0.12714727222919464,0.6666666865348816
0.8769190999897553,-0.6474439320467549,0.07799530029296875,1.6426802523541362,-0.461280345988868,0.059217900123594465,0.6484477530905582,1.2836268825193615,0.2828202545642853,-0.22306638956069946,-1.2220934629440308,0.5
-0.49693953653672795,0.20755244473152198,-0.7563815494078138,-0.7220988273620605,-0.22566104366799944,0.33531656861305237,-0.7328096921606044,-0.8553181886672974,1.3236223294927434,1.9793010494624017,1.9801289167322675,0.6666666865348816
-0.6179829239845276,0.6551906705728552,-0.397668719291687,-0.5887720584869385,-0.6158336400985718,1.1288256029427695,-0.036570693978752115,-1.0121659889045889,1.2510582164641364,-0.02271728403866291,2.2636552294094288,0.6666666865348816
2.4697560023932477,-0.4334620802416799,1.482219219577226,-0.4145192104650935,0.5778290033340454,-1.59381764647498,-1.732597641370209,1.1679014080048553,0.1476832217831295,1.035201009798638,0.7971418854374004,0.8333333134651184
0.5392189535230039,-0.3094008626246567,-0.19381269812583923,4.420029673500475,-0.34454667568206787,0.08025546878191445,5.2881538130814585,2.4903798640750905,-0.8285734552372181,0.5984598518356045,-1.299362200106411,0.3333333432674408
0.06401476263999939,1.2128289552968765,-0.2617647051811218,-0.7220988273620605,-0.33487977123569607,-1.0689655542373657,-0.8284306196286975,0.1852548686934142,0.15812282264232635,-0.8241137266159058,-0.8004556894302368,0.3333333432674408
-1.148425579071045,-0.7974557876586914,-0.05790869891643524,0.4062030094906428,-0.36797837064289607,0.7782611431127462,1.0444377494861556,0.32754197381168065,1.682402088374239,-0.02271728403866291,-0.37881800532341003,0.5
0.32594904938083535,-0.14366096258163452,1.1652272939682007,-0.7220988273620605,1.6104216992367366,-0.731937825679779,-1.0560959212107723,0.37952373710315335,0.5322151184082031,0.37798094749450684,-0.37881800532341003,0.3333333432674408
-0.8453154563903809,-0.3219686448574066,-1.6743010839286063,1.7118448857747985,-0.012476718878915948,0.5600017309188843,0.3469063873501391,0.9332933095793968,-1.2064328386362362,-0.02271728403866291,-1.137765884399414,0.3333333432674408
-0.08754027634859085,-0.3814045190811157,0.010043300688266754,-0.8702970540828037,-0.6700910329818726,-0.3387388288974762,-0.009666994652463528,-1.7871454198569776,-0.5875270549644896,-0.890896737575531,1.853250264945392,0.8476089282041573
-1.072648048400879,-1.0796920525694296,0.2597987279160969,-0.7373418485299094,-0.6700910329818726,0.7448644170617151,0.037918987418767064,-0.857260072287995,1.0674516309654518,-0.5569815635681152,0.12714727222919464,0.5
-0.46642789244651794,-0.8568916916847229,-0.3297167122364044,-0.6554354429244995,-0.34454667568206787,-1.0127942562103271,-0.743414844460123,-1.0643086511084718,0.5373277790581455,0.1108487918972969,0.7174400687217712,0.5
0.79010807076417,-0.2625327408313751,0.21389929950237274,-0.6998776793479919,-0.7098858129723241,0.49639418242264843,1.1657659258429423,-0.60378405242043,-0.6548078544350936,-0.0895003229379654,1.0070052480230314,0.5
-0.01176275685429573,-0.2976244132865128,-0.5412195917855304,-0.7443199157714844,-0.46299443184455263,-0.9566229581832886,-0.0581589732786116,-0.8581694786925956,-1.0770526505996285,-1.1935035458876808,-0.1258353590965271,0.3333333432674408
-0.16331779956817627,0.03464672341942787,-0.17567219539116016,2.2251158240015685,-0.6429623365402222,0.4476591646671295,0.014481308228393271,-0.02755787741778836,-1.3126563508777116,-1.0244628190994263,1.5892303688894156,0.6666666865348816
0.6664666731970551,-0.6191481351852417,0.21389929950237274,-0.8109833002090454,-0.3174179792404175,0.33531656861305237,0.5731397534272529,-0.6267985972482397,-0.7771079540252686,-0.890896737575531,-0.2944904565811157,0.5
-0.39065036177635193,-0.7974557876586914,0.14594730734825134,-0.7148488374130456,-0.8328632116317749,-0.12041451791921606,0.34172484565662004,-1.411788024736668,-0.15362077951431274,0.4447639584541321,1.392060399055481,0.5
-1.224203109741211,1.0602726998245051,-2.0273819602778675,-0.6109932065010071,-0.5327332798410855,3.812608970195168,1.2917215349608235,-0.6182689475107628,-0.3482912816427091,-0.6533785928717311,-0.8847832679748535,0.3333333432674408
-0.16331779956817627,-1.4107914859076696,-0.12586070597171783,0.454874481092637,-0.697219729423523,1.24806247674724,0.07054058580592908,-0.20212556982632662,-0.5277130603790283,0.05928674011478265,0.12714727222919464,0.6666666865348816
0.5040940476534073,2.3143414896310497,-1.9908925640282216,-0.6615228101249162,1.4685609809468836,-1.3335246467295867,-1.5347508565400825,1.033216118812561,0.7192612886428833,0.24441486597061157,-0.8847832679748535,0.3333333432674408
-0.02914470247044834,-0.4408404231071472,0.010043300688266754,-0.7887621521949768,-0.2902892827987671,0.11282806448133358,-0.557709856641004,-0.747096188661672,0.34516897797584534,0.4711536090993017,0.6198317310704876,0.5
0.3809512160256809,1.493594280001337,-1.39197565808897,-0.6554354429244995,0.46777049810031546,-0.7881091237068176,-1.2431319722145193,0.7768241771353315,0.7192612886428833,-0.5569815635681152,-0.9691107869148254,0.5
0.5944573879241943,2.3430697725774094,-1.4776901606721162,-0.6554354429244995,1.0621575490969466,-1.1366175390906381,-1.2061350491029184,0.8109160438975265,1.0933536291122437,0.4447639584541321,-0.1258353590965271,0.3333333432674408
0.45251589835574046,0.33182618021965027,-0.6015247106552124,-0.544329822063446,-0.2360319048166275,-1.0689655542373657,1.0060398788854163,0.3143423034034462,-0.044024107363357566,0.04406575486063957,-0.8847832679748535,0.3333333432674408
-1.515118469042897,0.23731352969992645,-2.0072100658712504,-0.6635688417499697,0.03843710428087965,-0.7881091237068176,-1.7188026875996638,0.34467417727844807,2.770565003106583,0.7786791324615479,1.223405361175537,0.3333333432674408
6.353549003601074,-1.5700974732952135,9.11561107635498,-0.9887523055076599,-1.2940510511398315,14.546651840209961,5.739711284637451,4.828598240397435,4.896625518798828,9.794388771057129,3.078611373901367,0.0
-0.8453154563903809,-1.213507056236267,-0.8920406780674491,1.2845222830462826,-0.39880406856536865,0.4847609939237657,0.06818441449264474,0.29531314006970155,-0.6839937839436572,-0.49019855260849,-0.8004556894302368,0.5
-0.6179829239845276,-0.3814045190811157,-0.6015247106552124,1.5268546016806492,-0.39737169310340564,-0.18638657280136867,0.16057119706431988,0.3124363257938884,-0.15362077951431274,-0.8933390160863399,0.29580235481262207,0.3333333432674408
0.1397922784090042,-0.9047085921131213,0.15169541935281014,-0.766541063785553,-0.7243484258651733,1.6796843051200996,0.8302582950951038,-1.0527649059060227,-0.7147592306137085,1.9223978934837982,1.0547502040863037,0.5
0.5186799168586731,-1.0351994037628174,0.8529580177484017,1.6005800231399703,-0.10038841515779495,0.9915784458578208,0.6240034008458119,1.2685247633392418,-1.4945677310635983,0.37798094749450684,-1.4750760793685913,0.3333333432674408
-0.46642789244651794,-0.4408404231071472,-0.2852654879564171,-0.3740189130787018,-0.36100817992278755,-0.17022497951984406,0.8403088047649259,-1.6222504882363171,0.2828202545642853,0.7118961215019226,2.288048090550992,0.6666666865348816
0.06401476263999939,-0.9793671660298953,0.7469792430793147,-0.8109833002090454,-0.2631605863571167,1.28925519947761,0.6604474589588066,-0.6181995285742624,-0.16271842669690892,0.7786791324615479,-0.2944904565811157,0.5
0.7460124492645264,-0.19310000304954275,3.4823783101018506,4.575978032995277,0.04412595415275567,1.7927849641884217,2.629264227953418,4.172164026482832,-1.8691403018501385,0.3835010603487002,-1.4750760793685913,0.3333333432674408
0.29134732484817505,1.811591692591874,-1.9881414052768003,-0.6776565313339233,0.13352048945937917,-0.9653524555955723,-1.0739054930320413,0.32677073617982116,-0.3331568219126306,-0.22306638956069946,-0.9691107869148254,0.3333333432674408
-0.7695379853248596,-0.5566277305480392,0.010043300688266754,1.1389675261965542,-0.15464581549167633,-0.5352507283232368,0.22796894702335546,0.0002522156281989582,-1.2075401672925152,-0.957679808139801,0.04281972348690033,0.3333333432674408
0.6702349185943604,-0.3814045190811157,0.6560443214662621,1.7380027571021268,-0.5073188543319702,1.0428803501432644,1.127511519469134,1.3135553678277305,-0.9018054008483887,-0.7573306560516357,-1.2220934629440308,0.3333333432674408
-0.6937604546546936,-0.15404417038451307,-1.3424562560579296,-0.2137440760972235,-0.15464581549167633,1.8263604159794298,1.6069878057587768,-0.08528940367533093,0.15812282264232635,0.24441486597061157,-0.631800651550293,0.3333333432674408
0.36358335179135226,-0.8568916916847229,0.5416411601214473,-0.6332142949104309,-0.37167537212371826,0.2229740172624588,0.0931924187464648,-0.9452843625768206,-0.7147592306137085,0.3111979067325592,0.7588488012742142,0.6666666865348816
-0.16331779956817627,-0.5597122311592102,-0.12586070597171783,-0.8032920569424509,0.0944807898208429,0.117812204298277,-0.41007841194825,0.29417939273651494,1.0699398230892343,-0.0895003229379654,-0.8847832679748535,0.5
-0.5422053933143616,0.27239030599594116,-0.05790869891643524,-0.6776565313339233,0.6130944512748542,-0.0017111222259700298,0.13090345973369721,0.43012773903277485,1.7328531442110495,1.7377067045724959,-0.6562149298825346,0.3333333432674408
-0.46642789244651794,-0.7380198836326599,0.010043300688266754,-0.42190648132487224,-0.45280567440011543,-0.45108139514923096,0.3785778804929016,-1.1662906992991817,0.0957741066813469,-0.3566324710845947,1.5607155561447144,0.5
0.6702349185943604,1.0616257254170185,-0.3297167122364044,1.7151115562337222,-0.42593276500701904,0.6723442673683167,0.33279096770243344,0.9863754494273783,-0.2783181965351105,-1.3385315348275024,-0.5474730730056763,0.3333333432674408
-0.08754027634859085,-1.0351994037628174,0.010043300688266754,-0.8109833002090454,-0.8328632116317749,0.39148786664009094,-0.010088070117505921,-0.9519113474804866,0.5755952438040339,-0.6237646341323853,0.4644574522972107,0.5
-0.6179829239845276,-0.8568916916847229,-0.2617647051811218,-0.5665509104728699,-0.7815668772429281,-0.731937825679779,-0.5655216532696864,-1.3240332271549968,-0.34066691994667053,-0.6905476450920105,0.6210051372809123,0.5
-1.224203109741211,-0.2625327408313751,0.8812389745521374,2.3164709730113335,-0.5344475507736206,0.17682267894284637,0.5837578281274034,0.862118079667419,-0.46536436676979065,-0.0895003229379654,-0.11916180743215839,0.3333333432674408
3.5840667789887375,-0.5002763271331787,2.4177397570037527,-0.6998776793479919,-0.10038841515779495,-1.349821925163269,-1.6701933895895114,1.2117476379608785,-0.9641541242599487,5.608074525104435,-0.6828937949542626,0.5
-0.3148728311061859,-0.2625327408313751,0.23963412217687569,-0.8554255366325378,-0.6700910329818726,-1.0646945724908141,1.2274087429987672,-0.6067621104912804,-1.0226272322159389,-0.6237646341323853,-0.631800651550293,0.3333333432674408
-0.6179829239845276,-0.3219686448574066,0.21389929950237274,-0.5887720584869385,-0.13993875400981332,0.49213736960843957,1.9977343789191124,-0.387843037488107,0.5322151184082031,0.1108487918972969,-0.24004850768967534,0.3333333432674408
1.2567610876048476,-0.6191481351852417,0.547038820479814,-0.8776466846466064,-1.1329986134734042,-0.049283527746316134,-0.05154443279363945,-0.9608321881326476,-1.079339438308027,0.04406575486063957,0.5487849712371826,0.6666666865348816
-2.533939729357911,0.04401720201779554,0.6216112971305847,-0.8776466846466064,-0.5344475507736206,-0.17022497951984406,0.011395747437107612,-1.4834789765534422,2.428812838457772,-0.15628336369991302,0.7174400687217712,0.6666666865348816
-0.6809253376253938,-0.5002763271331787,-0.2617647051811218,-0.8986304330863196,-0.2902892827987671,-1.3345281638662287,0.4922231921719694,-0.9104836988738524,0.5266376414157788,-0.3566324710845947,0.12714727222919464,0.3333333432674408
5.835633739021283,0.8881129435310662,2.83612862412621,-0.25126918446049434,0.6703012022951438,-1.0712464393674288,-1.5776091988072851,3.4980638315878547,-1.1140944697133555,1.934196957585074,0.010946833097192223,0.5
-0.5503523019545945,-1.1608184247273061,-0.3297167122364044,-0.8109833002090454,-0.7519102045482954,0.39030828394272665,-0.02095890585575909,-0.917459150951142,1.6054499927361858,1.1543378010011702,0.6787017332919454,0.5
0.9488994842712491,3.9085234231296964,-2.0478875298958457,-0.5515590808968911,0.9339232810357491,-1.2936506271362305,-1.6486081009337823,1.3017409647345581,0.7512377717345406,0.3277256555118292,-0.37881800532341003,0.3333333432674408
0.5186799168586731,-0.7429492398607711,1.1652272939682007,-0.5665509104728699,-0.04613102599978447,-1.2035058273834984,0.30382665924623964,-0.044837311916030055,0.41309567023491295,-0.22306638956069946,0.6331125497817993,0.3333333432674408
0.06731061028904718,0.15351851284503937,0.8254672884941101,0.9932853035340716,-0.2902892827987671,-0.17520346679456478,-0.012950157083169,-0.085254035507432,-0.2150407094223304,-0.7210526713397096,0.4644574522972107,0.3333333432674408
1.4460450212277307,0.12570305040236696,0.9237300697619727,-0.8109833002090454,0.551101949993978,-1.4059932231903076,-1.8997685016247874,0.4803290065119864,-0.04242126068047846,0.04406575486063957,-0.5474730730056763,0.3333333432674408
-0.16331779956817627,-0.9757634997367859,1.347669655483233,-0.6332142949104309,-0.09936622420554346,1.0866181059475934,2.0048806613135723,-0.592471416369337,-0.028923334553837776,0.04406575486063957,-0.041507821530103683,0.5
-0.9210929870605469,-0.9163275957107544,1.1652272939682007,-0.5274013784163559,-0.7500240474845703,-0.22639626264572144,-0.07896689965782706,-1.405783778714132,0.07647739569826885,0.1108487918972969,1.109302893722326,0.5
0.9294908745152072,-0.8531617855449929,1.1652272939682007,-0.7887621521949768,-0.1660977783008399,-0.8442803621292114,-0.2889002500199363,0.46508941814206484,0.2574158563872674,0.04406575486063957,0.29580235481262207,0.5
-0.3148728311061859,-0.3435544812008515,0.07799530029296875,-0.5665509104728699,-0.5344475507736206,0.7942748834072073,0.3171462399799431,-1.1586334842326957,0.05617558557557403,0.1108487918972969,0.7174400687217712,0.5
0.996505748581989,1.289978418368438,-1.8744292856361624,-0.2944183980097491,0.9427962608040815,-0.6195952296257019,-1.2097348441636417,1.1579683535081013,0.4074638371235268,-0.3351620696064923,-0.9691107869148254,0.3333333432674408
1.4933623529446378,2.741956931002893,-0.12586070597171783,-0.766541063785553,0.7657381116414399,-0.9414960790258718,-0.8214781588080704,1.1675166062141547,-0.34066691994667053,1.1064475469304869,-1.2313864810081614,0.5
-0.9210929870605469,-0.3814045190811157,0.14594730734825134,1.9020278273365672,-0.2631605863571167,0.6161730289459229,1.120094155954948,0.6286816719564164,0.18805938465526023,-0.0895003229379654,-0.2101629078388214,0.6666666865348816
0.4429023563861847,-0.5002763271331787,0.07799530029296875,-0.5665509104728699,0.5778290033340454,-0.7200582271894621,0.3349574630245108,0.6874750568383635,0.2828202545642853,3.0558715380887005,-0.041507821530103683,0.5
1.4697408699639964,0.006339524578374243,0.5536593198776245,-0.6998776793479919,-0.5336671160137741,0.4838992357320215,0.5944109219199194,0.2232201476153749,-0.06006052012968562,-0.02271728403866291,-0.2944904565811157,0.5
0.1397922784090042,-0.5597122311592102,0.34980329871177673,-0.8109833002090454,-0.5344475507736206,0.2229740172624588,0.02419373674073059,-0.39011748834813703,1.985023619569876,0.04406575486063957,0.6577895543854082,0.5
-0.16331779956817627,0.17604782805491126,-0.3297167122364044,-0.015893151657732182,-0.426563293385999,-1.349821925163269,-0.3051526674371472,-0.8169602144007717,0.46986642479896545,-0.5569815635681152,1.234907483137131,0.5
0.06401476263999939,-1.094635248184204,0.010043300688266754,-0.8554255366325378,-0.37167537212371826,-0.11405368894338608,-0.39466581030714715,-0.6720537086305125,0.7816100120544434,0.9423145025313882,-0.2944904565811157,0.5
-0.6179829239845276,-0.9674322014411275,0.6514037889676016,0.17467736185713045,-0.18177451193332672,1.7238302227820301,1.2624620057191487,0.22372328897620725,-0.15362077951431274,0.3111979067325592,-1.137765884399414,0.5
-0.46642789244651794,0.618158768600896,-0.8122182193293239,0.4211351647483049,-0.45306146144866943,1.5118147579773784,1.2047387259063527,0.39718329594232366,0.46986642479896545,0.5783300399780273,-0.2101629078388214,0.5
0.5944573879241943,1.6797689438278771,1.1652272939682007,-0.6822596928451996,12.68783839975008,-1.349821925163269,-1.7121730571261293,1.0324009312330735,-0.6782579393564436,2.3647796953460327,-0.9691107869148254,0.5
0.5186799168586731,1.3159510032054178,0.026457992924554852,-0.5719476819627621,0.6447373929791758,-0.5072526931762695,-0.48300465826282263,0.6232866661351482,-0.13617281675261228,-0.6237646341323853,-1.0534383058547974,0.3333333432674408
-0.6179829239845276,0.15069836613063897,-0.6015247106552124,0.28015435011632694,0.1868871595517564,-0.5132951577521642,-1.0295885653659462,0.11152932625738195,1.426048779125531,-0.07765058895232116,0.4644574522972107,0.5
-0.01176275685429573,-0.2167030342492327,0.28185129165649414,0.2872448987459434,-0.5152126565892711,1.6418188218038086,0.89249755954897,-0.020793654789064836,-1.0760220826182998,-0.6384653640998289,-0.7513607037347678,0.5
-1.072648048400879,0.6117012212987732,-1.8551159762623863,-0.9347761621229566,-0.2902892827987671,1.4923245124740254,1.3470401009557278,-0.04849093919352466,1.1557023525238037,-0.3566324710845947,-1.6216526550196042,0.07596205757706002
0.06401476263999939,-1.0723627618289717,0.14594730734825134,-0.8776466846466064,-0.5887049436569214,-0.6195952296257019,-1.352760880219279,-0.7461213788926557,-0.10693246467777034,-0.22306638956069946,0.04281972348690033,0.5
-0.9848914608435564,1.4988677383492004,-2.061192861927037,-0.6998776793479919,0.6579852995079519,-0.90045166015625,-1.5436873864409697,0.475281050539287,2.300372496358667,0.2742304632163255,-0.37881800532341003,0.5
0.5375050732869684,-0.011090342444728353,0.5536593198776245,-0.6554354429244995,1.3669609428377456,-1.1251368522644043,-0.0879125854680695,0.2776456064829834,-1.6801259296740538,1.1914991403657156,-0.9691107869148254,0.3333333432674408
6.353549003601074,-1.5701223611831665,9.11561107635498,-0.9887523055076599,-1.2940510511398315,14.546651840209961,5.739711284637451,5.3161420822143555,4.896625518798828,9.794388771057129,3.078611373901367,0.0
-0.46642789244651794,-0.01303523173340126,-0.12586070597171783,-0.6554354429244995,-0.5887049436569214,0.9532006978988647,1.9508977237827412,-0.5854323483564117,-0.4030156433582306,-0.41057947415099055,-0.6111851133033206,0.5
-0.46642789244651794,0.15849468668101446,0.4857073128223419,1.0367723693426176,-0.34454667568206787,2.1735586806919707,1.9235412216751149,0.737419153505072,0.5322151184082031,-0.3271842393183695,-1.0331715649142392,0.5
-0.08754027634859085,0.9137721722630996,-0.442576469658815,-0.5782446469363887,1.0425285996426845,-1.237479329109192,-1.3144520703097158,0.7547786081682903,1.1110647697461646,0.4861170198209581,-0.631800651550293,0.5
0.29134732484817505,-0.4715281869696355,-0.2617647051811218,0.49865509377930906,-0.43850497087827345,0.41163203235864076,-0.18320705337774335,-0.6439987351058142,-0.9813917930525888,-0.5569815635681152,1.2636317589830677,0.5
0.9890059425531337,-0.8568916916847229,0.34980329871177673,-0.5439788433744837,0.22688898434005378,-1.141333924038309,-1.4412229924371487,0.47258044123655846,-0.5365335987962174,-0.30934602505900144,0.21147480607032776,0.3333333432674408
-0.16331779956817627,0.3948638589303983,-1.9620866727332478,-0.6554354429244995,0.16175812046941535,-0.11405368894338608,0.833953990303831,-0.1862634103546251,-1.1140844485638626,1.0883526838297688,-0.8847832679748535,0.3333333432674408
-0.6179829239845276,-0.7380198836326599,-0.3297167122364044,0.3964135017716466,-0.5887049436569214,-0.17022497951984406,0.08601771234021047,-0.7479970935981873,-1.0265028476715088,0.04406575486063957,0.3801299035549164,0.3333333432674408
0.29134732484817505,0.7348508810988494,0.6895633339881897,1.5169751634727708,0.062383756041526794,0.13167313048958834,0.892864118403434,1.3503056744215847,-0.5277130603790283,0.24441486597061157,-1.4321769071805857,0.3333333432674408
-0.2390953153371811,-0.2625327408313751,-0.2617647051811218,-0.5665509104728699,-0.3174179792404175,0.32257082685080907,-0.6435276599297859,-0.9188026663698122,1.2803251897246517,1.5357149903119098,1.6450430154800415,0.5
-0.3148728311061859,-0.6785839796066284,0.1557536667503345,-0.8776466846466064,-0.4801901578903198,0.4521289549710737,0.33675716824205076,-0.9600015938074464,0.0957741066813469,0.3111979067325592,0.3956274187770911,0.5
-0.08754027634859085,-0.024789171293377876,0.14594730734825134,-0.766541063785553,-0.4801901578903198,-0.3387388288974762,0.4728043285338986,-0.702431042895214,-0.7147592306137085,-0.15628336369991302,0.3801299035549164,0.3333333432674408
-0.16331779956817627,0.023030484023860216,-0.2617647051811218,0.5683840410387005,-0.4801901578903198,-0.0578824058175087,5.28241988596192,0.538219413388889,-0.2159694880247116,0.6615982259079672,-0.46314552426338196,0.5
0.06401476263999939,-0.3936462732424203,0.7306454802401181,2.5033946046373403,-0.04613102599978447,1.7277004535062683,2.1114646437327953,2.078718704909232,0.5322151184082031,0.9910205427661498,-1.1161333598609993,0.3333333432674408
-1.3179828883021345,0.15351851284503937,-0.909840128088098,-0.833204448223114,-0.2631605863571167,0.39148786664009094,0.10100496770362549,-0.6565047013586067,2.338336906259981,0.3111979067325592,-0.1258353590965271,0.3333333432674408
-0.39065036177635193,-0.8823269038027318,-0.4656206965446472,0.7073199777616215,0.6803268407713883,2.230178400251565,1.4510874255689994,0.6262404485307043,-0.028923334553837776,-0.6966439921530281,-1.306420922279358,0.3333333432674408
-0.46642789244651794,-0.48206959780349523,-0.19381269812583923,-0.8109833002090454,-0.5073188543319702,0.8215429871217524,1.047957288528555,-0.7454417327931724,-0.8338223377647733,0.17763182520866394,-0.1258353590965271,0.0010916793549261262
-0.3148728311061859,0.15351851284503937,-0.9097221062802089,0.8043718690009286,0.8014917824044013,1.2774574090346316,1.3059886005268593,0.5621539656212948,-0.9641541242599487,-0.6905476450920105,-1.137765884399414,0.3333333432674408
-0.7695379853248596,-0.3814045190811157,-1.1781804076059774,0.2553805147371172,0.29612223145240635,0.5635731050277959,1.0050190099352752,0.016165863463730293,-0.2159694880247116,0.24441486597061157,-0.8847832679748535,0.3333333432674408
-0.08754027634859085,-0.6857608581043056,-0.05790869891643524,-0.9003902589482207,-0.5887049436569214,0.6723442673683167,1.037996430734633,-1.3952221709080654,-1.037454014702777,-1.2915949821472168,0.8254183824712458,0.3333333432674408
-0.46642789244651794,-0.7380198836326599,0.11360939631712665,0.2895726748240247,-0.04613102599978447,-0.2519330200834648,-0.3296618738365981,0.017259813605669215,-0.052380853290969004,-0.890896737575531,-0.631800651550293,0.5
0.29134732484817505,2.1936531568068287,-2.1644208431243896,-0.6332142949104309,0.907190315499359,-1.442498902166987,-1.8301351935398276,1.1023547995775975,0.8439587354660034,-0.02271728403866291,-0.7161281704902649,0.3333333432674408
0.06401476263999939,-0.024789171293377876,-0.397668719291687,1.0904415564306114,0.11992563546215736,0.5605098287941567,1.6138040850442985,1.113788387642627,-0.5277130603790283,-0.49019855260849,-1.306420922279358,0.5
-0.39065036177635193,-0.08422506600618362,0.6895633339881897,-0.36320943738678435,-0.06569759659521748,1.6787691839506196,1.1170260234804643,0.09236741191777945,-0.028923334553837776,0.8189191809326372,-0.9691107869148254,0.3333333432674408
0.5944573879241943,-0.45246025288771846,1.1652272939682007,2.9269352985730985,-0.2902892827987671,0.7846868634223938,1.8311710232293943,3.9738354548040222,-0.9753655186404575,0.12690155273873957,-1.5346506497628074,0.5
-0.16331779956817627,-0.5597122311592102,0.21389929950237274,-0.8921463369779291,-0.40765052613967667,-0.8442803621292114,0.11587524231687066,-0.7819920636072185,-0.028923334553837776,-0.6371010936401625,0.04281972348690033,0.5
-0.46642789244651794,-0.5641594715552797,0.5536593198776245,0.40270314868612284,-0.8510614405026666,0.22262167006254485,-0.36472320885406245,-0.8163509900953317,-0.34066691994667053,-0.22306638956069946,0.9238113304021148,0.5
-0.5422053933143616,0.5101338624954224,2.2492827299597407,1.9042625500061,-0.34454667568206787,1.7331954630738806,1.5907728325914192,1.1159350071220426,-0.5277130603790283,1.0789617330146712,-0.9691107869148254,0.3333333432674408
-0.3148728311061859,-0.6785839796066284,0.07799530029296875,-0.052308151294135734,-0.561576247215271,-0.3387388288974762,0.5314956908321626,-0.28970867996316296,0.5497165121559988,0.32007639217971967,0.04281972348690033,0.5
1.7927227007345523,1.7270784334254967,1.1652272939682007,-0.6332142949104309,0.4594818824362589,-1.349821925163269,0.28004760369986825,1.2334061114726882,-0.682747117888661,-0.2898494303226471,-1.137765884399414,0.3333333432674408
-0.39065036177635193,-0.5597122311592102,0.21389929950237274,1.6586455741648554,-0.00854385606323118,-0.3949100971221924,0.41460049598255205,0.9457071413748798,-0.4030156433582306,0.37798094749450684,-0.805085871523953,0.3333333432674408
-0.7695379853248596,-0.6191481351852417,-0.8784281678155091,-0.7887621521949768,-0.561576247215271,-0.5072526931762695,-0.24695075931697522,-1.4606978857657043,0.0957741066813469,0.8580674212115272,1.1416913004947675,0.5
-0.39065036177635193,-0.6191481351852417,0.8254672884941101,-0.7220988273620605,0.8861019037101423,-0.9846660218301305,0.4260952936267835,-0.19319821138337553,-0.2159694880247116,-0.6237646341323853,-0.9691107869148254,0.3333333432674408
-0.17425440976530931,-0.7974557876586914,0.010043300688266754,-0.5887720584869385,-0.7243484258651733,-0.8442803621292114,-0.16789122097397946,-0.6124777042374566,1.389358337538039,-0.49019855260849,0.5758628109720516,0.5
-0.3148728311061859,-0.6191481351852417,-0.7729912913502791,-0.833204448223114,-0.45278680364834845,0.5038304328918457,0.43451948871750834,-0.9470566248918564,-0.5277130603790283,-0.8241137266159058,0.07931779070841966,0.3333333432674408
2.2862963793500413,1.5022815264198779,1.9089648491380662,-0.6998776793479919,2.5084320360428474,-1.1952614108226276,-1.3180065792062432,1.60391057073233,-1.189944604866676,1.9136428580536962,-0.8847832679748535,0.3333333432674408
-0.6179829239845276,-0.14366096258163452,0.010043300688266754,-0.003994898978162778,-0.04613102599978447,0.6161730289459229,0.3653259403666665,-0.7978548541742471,-0.15362077951431274,-0.42341551184654236,0.7174400687217712,0.5
-0.01176275685429573,3.0977710767348308,-0.5678401645914227,-0.8323036512267491,0.7216669843030848,-0.11405368894338608,0.03861105445545145,0.5100863935691934,1.0288390109994108,0.37798094749450684,-0.8004556894302368,0.3333333432674408
-0.46642789244651794,-1.213507056236267,-0.14876327366225567,-0.8776466846466064,-0.45306146144866943,0.5201138153907428,0.9460061988783666,-0.6530824448746522,0.8439587354660034,-0.5569815635681152,0.04281972348690033,0.5
0.7460124492645264,1.6608342795972815,-1.9633065435502395,-0.6998776793479919,0.9494468851109241,-0.45108139514923096,-1.2258337318500372,0.9444982307224784,1.9947637132501987,1.870522478698121,0.3801299035549164,0.5
-0.46642789244651794,1.8950613896655433,-2.034903974077522,-0.6332142949104309,0.9085398842101525,-0.39180836290811233,-0.6484315539881158,0.8983207941055298,2.3536660062660877,0.6048176267221611,-0.041507821530103683,0.3333333432674408
-0.2121021092650622,0.36254527827687166,-0.5335727334022522,2.713375304048411,-0.2360319048166275,-0.0497871943750737,2.210016384358226,1.3347284463265312,-1.292615140628999,0.04406575486063957,-0.8847832679748535,0.5
0.39117386106847263,-0.3814045190811157,-0.12586070597171783,1.2742646677765188,-0.697219729423523,-0.9566229581832886,-0.4988679255689959,-0.4525886310692524,-1.213549017906189,-0.9285576530502031,0.8017675876617432,0.5
0.29134732484817505,0.03464672341942787,0.7067536212785197,-0.8998677730560303,-0.02648175238299259,0.33531656861305237,0.9298537589724923,-0.812193346094315,-0.4030156433582306,-0.7573306560516357,0.6331125497817993,0.5
-0.3148728311061859,-1.1286189628693408,-0.7380315861555249,-0.6597947798631945,-0.18177451193332672,1.3320178101968052,0.4541909107868827,-0.49141378618153453,0.033425383269786835,-0.8882908608203495,-0.46314552426338196,0.5
-0.16331779956817627,-0.4408404231071472,-0.5335727334022522,1.5924008894009236,-0.2089032083749771,0.4476591646671295,0.7161426083752509,0.9582606582245984,0.7816100120544434,0.04406575486063957,-0.631800651550293,0.5
-0.2390953153371811,-1.0351994037628174,0.8254672884941101,-0.8998677730560303,-0.07325971871614456,0.05446016043424606,-0.11309195045511405,-0.7395380147708563,0.34516897797584534,-0.17188950599106,-0.30429387121901397,0.5
-0.39065036177635193,-0.3814045190811157,0.34980329871177673,1.8541344360974668,-0.5073188543319702,0.9938722484381318,1.1733543858207591,1.0312392166420428,0.8439587354660034,-0.3566324710845947,-1.137765884399414,0.3333333432674408
0.5944573879241943,-0.52346255496385,0.14594730734825134,3.832416178977442,-0.2360319048166275,1.0995654670395691,1.7863838989067398,4.231749365259702,-0.9641541242599487,0.17763182520866394,-1.7072413067157068,0.5
-0.08754027634859085,-0.08422506600618362,0.21389929950237274,0.4230061735301837,-0.2360319048166275,12.072300492798943,2.149094172686389,-0.055617566275436514,-0.34066691994667053,-0.1692668856963639,-0.5474730730056763,0.3333333432674408
-0.3148728311061859,-0.7974557876586914,0.14594730734825134,1.3257266376595898,-0.5344475507736206,2.0619931471973816,1.7851745073524459,0.8637951937584226,-0.4030156433582306,-0.578315557918901,-0.8847832679748535,0.5
-0.11556013896428632,-0.08422506600618362,-0.2617647051811218,-0.09824877122634201,-0.7802402750857081,1.7666292165839808,1.0048691795752853,-1.2355678473752678,-1.237213908366264,-0.6905476450920105,0.8655871940287297,0.5
-0.39065036177635193,-1.0351994037628174,0.07799530029296875,-0.6776565313339233,-0.45303954535880486,-0.3072228038579622,-0.621769281926601,-0.9495213682013504,-0.4030156433582306,0.5073495287974412,0.23989141888740947,0.6666666865348816
0.766992737082123,2.5366631469498016,-0.6694766879081726,-0.6554354429244995,0.0941820500697856,-0.3387388288974762,-1.0441818499133848,0.7892115594565041,0.5322151184082031,0.13089040719096784,-0.631800651550293,0.3333333432674408
-0.5461815184842697,0.15351851284503937,-0.05790869891643524,2.289331625461562,1.8512892926384932,0.8180986526080335,1.2922476236877138,1.2904613387453792,-1.6545707066291901,-0.15628336369991302,-1.5199820488085471,0.3333333432674408
-0.46642789244651794,-0.14366096258163452,2.3852048974349334,1.0922696781736672,0.5697640763205218,1.751114805402055,1.6264355924080667,0.8983207941055298,-1.1033065354433407,-0.24584430553769449,-1.234943059522299,0.3333333432674408
-0.3148728311061859,1.6520224034705047,5.506229707709396,-0.6800986295522399,8.044467545100883,-0.9063291437481243,-0.8940901013244597,0.5618201827031681,0.033425383269786835,0.4447639584541321,-0.8758982740112428,0.3333333432674408
-0.46642789244651794,2.0046056220842505,-1.6725591217122797,-0.6670482159313486,0.27984286423840027,0.4506839530164885,-1.0263735230800681,0.08991611303869805,1.225514265182558,0.7786791324615479,0.1550817888090514,0.5
0.9596493165419124,0.266393515121754,1.1652272939682007,2.873584919446198,-0.07325971871614456,0.7839124722870379,1.827314029794624,1.8762164202828004,-2.1616322038038245,0.17763182520866394,-1.4750760793685913,0.1391537065312611
1.0446956472400983,-0.9757634997367859,0.010043300688266754,-0.6332142949104309,-0.4801901578903198,0.11063144356012344,0.04191663178985926,-0.7067024860543741,-0.5214552617495465,-0.6237646341323853,0.5487849712371826,0.5059215717893074
-0.9210929870605469,-0.7380198836326599,0.010043300688266754,-0.7887621521949768,-0.42593276500701904,1.0405177029128596,1.2499096602562039,-0.49028148078311573,0.5945638418197632,0.2608402243916012,-0.37047691515651365,0.5
-0.3148728311061859,-0.7974557876586914,0.7914030755686191,1.4946803221602152,-0.05543876558143357,1.5197287680083813,0.7965040335111492,0.7757299288927898,-0.5286860558162777,-0.0895003229379654,-1.306420922279358,0.5
-0.5422053933143616,-0.6908365643674764,0.4434425500422388,0.19220105773242657,0.0025163483039134377,2.5085455275946975,0.45780725219971735,-0.5699237506004955,-2.194137997989605,-0.42341551184654236,-0.37881800532341003,0.5
3.37383782931945,-0.008808376574003532,1.1652272939682007,-0.6238886493792882,0.7931801166594037,-0.90045166015625,-1.2513473880681587,1.2462039580051987,-0.2159694880247116,1.462984836600958,1.5607155561447144,0.3333333432674408
-0.46642789244651794,-0.8568916916847229,0.14594730734825134,-0.05888239150742275,-0.07325971871614456,0.8206590135628936,1.1942173523846218,-0.3910885547372143,0.013376347248681426,0.3131015070184522,0.3801299035549164,0.5
-0.3436939918099598,1.4180726681172615,-1.848208075440108,-0.5665509104728699,0.130753452016856,-1.3926786968219635,-1.8263005663908987,-0.22405823727393076,1.4256461400766907,0.3111979067325592,1.813698172569275,0.5
0.5944573879241943,-1.094635248184204,0.07799530029296875,-0.6332142949104309,-0.4801901578903198,0.6619274858317533,1.2753214603410057,-0.4886984731249793,-0.028923334553837776,0.8667499750595355,0.6091929356362695,0.6666666865348816
0.1397922784090042,0.5101338624954224,-0.2617647051811218,-0.7887621521949768,0.15472029066265103,-0.2825675308704376,1.2254825100921962,-0.4534501726463202,-0.6524105072021484,-0.49019855260849,-0.34551091373307535,0.3333333432674408
-0.46642789244651794,1.5321978197743424,1.7007102719217484,1.0742198119404376,-0.1838967485981778,1.1260834051181707,2.1674083458972095,0.8379662129497213,-0.2159694880247116,0.6451131105422974,-1.306420922279358,0.3333333432674408
-0.2390953153371811,-0.5597122311592102,0.010043300688266754,0.8391161193839143,-0.34454667568206787,-1.0783553486892434,-0.11925016490429274,0.4183139500284664,-1.6383346299487782,0.1108487918972969,-1.0534383058547974,0.3333333432674408
3.539512163387956,1.3104167532339097,1.181175122593457,-0.5665509104728699,0.6360161925418377,-1.0362318658678042,-1.4386300885377064,1.8182833651762371,-0.7147592306137085,0.4447639584541321,-0.46314552426338196,0.5
3.478209345144918,0.33182618021965027,1.5557649586562392,-0.6998776793479919,1.31992848480407,-0.90045166015625,-1.5692362178301935,1.9618095017755903,-0.46536436676979065,1.226868053254457,-0.4829776226422856,0.5
2.990358131734446,-0.024789171293377876,1.2217495117660198,-0.3865085466049454,1.5195217285277245,0.36250372920350854,-0.6282096233491041,2.414996448326875,0.2204715460538864,2.666171513387985,-0.2944904565811157,0.3333333432674408
-0.3148728311061859,-0.8568916916847229,0.21389929950237274,1.2165846496998842,-0.34454667568206787,0.2791453003883362,0.07265981941328763,0.8329385238228545,0.0957741066813469,-1.22274814315116,-1.2956121660268731,0.5
0.21556980907917023,-1.0351994037628174,-0.19381269812583923,0.06255172719483101,-0.37427121389226975,1.2053562252072283,0.5939515201892632,-0.30791004648632986,-1.0888515710830688,0.1108487918972969,-0.30965780706672275,0.8333333134651184
6.353549003601074,6.93467616621735,9.11561107635498,-0.9887523055076599,-1.2940510511398315,14.546651840209961,5.739711284637451,-1.4440199921892931,4.896625518798828,9.77097275280448,3.078611373901367,0.0
-0.08754027634859085,-0.7234704802796623,0.5617929094870692,1.5335873810272784,-0.2902892827987671,8.509559066622073,2.2930328904268515,1.1297759595168873,0.8164065730820619,0.3111979067325592,-1.0534383058547974,0.1666666716337204
0.29134732484817505,-0.6785839796066284,-0.05790869891643524,-0.6554354429244995,-0.5488748172932241,-1.4059932231903076,-0.7115126893771778,-0.8939023862429177,-1.5760638469023593,1.516623667002524,0.4644574522972107,0.3333333432674408
-0.2390953153371811,-0.024789171293377876,-0.39025673485409057,-0.009354650108248303,-1.1811880889960147,-0.976431715170986,-0.17576465510534306,-1.3414995262487106,-0.7564018920557407,1.932867305226014,2.0084829628802967,0.5334441319504827
0.06401476263999939,-0.13088164749745904,0.6895633339881897,-0.011859775102423763,-0.839676357462267,-1.1251368522644043,0.15919864289140326,-0.9650376608645079,-0.7147592306137085,0.04406575486063957,1.392060399055481,0.5
0.11130872441431579,1.13517648623289,-1.1746182531418148,-0.7220988273620605,0.43277499391086716,-0.6757665276527405,-1.2694073692496224,0.7306368316842745,0.9928303610168581,0.04406575486063957,-1.137765884399414,0.3333333432674408
3.5864802000431864,-0.3814045190811157,1.1652272939682007,1.2160569766498543,0.07507113428516955,-0.3949100971221924,-0.1716843427747471,4.761374273094681,0.6120339459393209,1.5031844947362452,-1.137765884399414,0.5
-0.5433649831196866,-0.66961548330721,-0.2617647051811218,0.8269844014231983,-0.6246678259466742,0.5038304328918457,0.12641013264187165,-0.05870449051542258,-0.19869551779179717,-0.5569815635681152,0.04281972348690033,0.8333333134651184
-0.16331779956817627,1.5517067170352388,-0.6694766879081726,-0.4635772336225159,0.5778290033340454,-0.11405368894338608,-0.31643544794021045,1.166118003939819,1.694129423102134,0.41057435056533653,-0.8847832679748535,0.3333333432674408
-1.1845640263233357,-0.024789171293377876,-0.3297167122364044,1.167272903306921,-0.5591269713993073,-0.9749306654686782,-0.6239376912733196,-1.4734760748571698,-0.5900617837905884,-0.42341551184654236,2.3638448440971978,0.6666666865348816
0.21556980907917023,-0.9757634997367859,2.175613137545034,-0.6998776793479919,-0.4030316305714191,-0.7881091237068176,-0.4574501559614161,-1.0344460511231393,-0.6524105072021484,-0.22306638956069946,0.5487849712371826,0.5
-0.3148728311061859,-0.20309685170650482,-0.33582645046653414,1.9094099997974707,-0.18177451193332672,0.6723442673683167,1.789664519174203,0.6107506136488865,-0.9404236436404421,0.17763182520866394,-0.2944904565811157,0.3333333432674408
1.510593603681302,1.8039822660594542,0.5536593198776245,-0.6050440540603537,0.9081125686353997,-0.22639626264572144,-0.2729633509593326,1.0821875914922032,-0.2783181965351105,0.9790282845497131,-0.9691107869148254,0.13519840302376349
0.4429023563861847,-0.6864954646372979,0.5536593198776245,-0.544329822063446,-0.561576247215271,1.5792795401419564,1.3690847969677482,-0.2681354126525595,-0.3779829821391908,-0.6905476450920105,-0.5474730730056763,0.6666666865348816
0.21556980907917023,-1.1949872223988285,0.36333725503112324,2.4654485386276375,0.4693042766577255,1.6522860071381853,1.0478978482733166,1.3985971738323062,-0.2159694880247116,-0.5569815635681152,-0.2944904565811157,0.5
1.261712883448608,0.33182618021965027,0.8934193253517151,-0.5887720584869385,0.0006740321600631101,-0.2825675308704376,0.15900788385887013,0.9464083445961498,0.46986642479896545,1.191869424934918,1.392060399055481,0.3333333432674408
-1.3728702291404353,-0.9163275957107544,-0.6694766879081726,-0.8554255366325378,-0.5073188543319702,1.322371286126667,0.2941706513711604,-0.9518361436790025,2.6579735037376517,-0.436803107771327,0.12714727222919464,0.5
-0.46642789244651794,-0.3814045190811157,-0.2617647051811218,0.07850958851189377,-0.6158336400985718,0.7846868634223938,0.05502467078936136,-1.0636873522649501,-0.2159694880247116,0.13292317226948225,1.2572148210365153,0.6666666865348816
0.1397922784090042,-0.4408404231071472,-0.05790869891643524,-0.8554255366325378,-0.3174179792404175,0.07981478081777742,0.6568857942861027,-0.8705221869462985,-0.3425796149300925,-0.2730265442034082,0.5487849712371826,0.5
-0.9210929870605469,-0.8568916916847229,0.8689607611329588,-0.8554255366325378,-0.6429623365402222,-1.0689655542373657,-0.34176223332998756,-1.3389466966313264,0.5945638418197632,-0.3566324710845947,0.9704226851463318,0.5
-0.39065036177635193,-0.6352564686593831,-0.4656206965446472,0.007905673920196664,-0.39880406856536865,0.39148786664009094,-0.09219259855888676,-0.6353047548354176,-0.7771079540252686,-0.6905476450920105,-0.04836313479344649,0.6666666865348816
-0.46642789244651794,-0.9757634997367859,1.1652272939682007,-0.6554354429244995,-0.2902892827987671,0.2791453003883362,-0.26938786650460117,-1.1367347547111262,-1.0693479220663806,0.12075396556528575,0.5487849712371826,0.5
0.5186799168586731,-0.7380198836326599,1.248352093033072,2.8506504345118406,-0.15464581549167633,1.258160752654475,1.4785596445117448,4.132040698286337,0.15812282264232635,-0.22306638956069946,-1.559403657913208,0.5
-0.6179829239845276,-0.7974557876586914,0.6216112971305847,-0.7220988273620605,-0.2089032083749771,-0.039984357600799575,0.10913619422152175,-0.5404096297420612,-0.09127205610275269,-0.3304710228280652,-0.5474730730056763,0.6666666865348816
-1.0559983220536728,-0.2625327408313751,-0.3297167122364044,-0.08951936197576835,-0.4801901578903198,-0.24908554100686586,-0.34783359243400064,-1.5876565786157928,-0.09127205610275269,-1.352423896312313,1.601611020872993,0.5
-0.5422053933143616,-0.6191481351852417,0.3854646239418834,0.38443216898969834,-0.8172740264203205,0.05446016043424606,0.6298360732517674,-0.04008881849244525,1.4699773456471106,-0.957679808139801,0.21147480607032776,0.6666666865348816
-0.16331779956817627,-0.4408404231071472,1.1652272939682007,-0.8554255366325378,-0.4701912875997586,1.3610300366147452,0.6063692347190053,-1.0918089659629677,-0.7771079540252686,-0.2898494303226471,0.2686521920187278,0.5
-0.7695379853248596,-0.6191481351852417,-0.46799010940703595,2.4239459791712092,0.3108036420253611,-0.6195952296257019,0.5344860195117499,1.1670056675841862,-1.2930127678876466,-0.22306638956069946,-1.559403657913208,0.3333333432674408
-0.7695379853248596,-0.7974557876586914,-0.5335727334022522,1.9998697924895525,-0.42593276500701904,1.5510837402555293,0.07839282687217558,0.6678414775010355,-0.9641541242599487,-0.3566324710845947,-0.9691107869148254,0.3333333432674408
-0.6179829239845276,-0.6785839796066284,0.4177553057670593,-0.815237425362,-0.2089032083749771,0.39148786664009094,0.09245479638393857,-1.477421359083065,-0.8394566774368286,-0.1744303075399789,1.083463529966254,0.6666666865348816
0.8246726235528488,-0.2625327408313751,0.36948859625004027,-0.4715525546019316,3.2830087623498962,-1.6046352593434585,-1.8670822661147068,0.7757234104327433,-0.15362077951431274,1.4311309771329557,-0.2487525518113467,0.5
0.8251605879473931,1.7261745592040083,-0.20196628179171747,-0.736606930954465,0.7608123965505799,-0.5072526931762695,-0.39774892994878486,0.8131193010057101,-0.5900617837905884,0.4447639584541321,-1.306420922279358,0.5
-0.3872716678359794,-0.3814045190811157,0.025521904444883628,-0.06707690008479507,0.428456441504104,-0.6340016341278352,-0.1035618620603839,0.2571108800349358,-0.6524105072021484,0.24441486597061157,-0.8847832679748535,0.3333333432674408
0.07404926835659346,-0.3814045190811157,-0.12586070597171783,4.86650925424539,-0.2631605863571167,1.2457323084941478,1.5699762525327259,3.6608192534908817,-0.028923334553837776,0.4375372002104331,-0.9691107869148254,0.5
0.5186799168586731,-0.4408404231071472,0.14594730734825134,1.4495417133299042,-0.2360319048166275,1.9120244040353127,0.6570927668368873,1.168572753412948,-0.4744715957829943,-0.5569815635681152,-1.0139899651264561,0.3333333432674408
2.0782033272625724,0.5078108193065518,0.6996418295064653,-0.7220988273620605,0.059072724446596406,-1.4059932231903076,-1.7220981941368032,0.9408015568614648,-0.15362077951431274,0.7118961215019226,-0.41085893388168754,0.6666666865348816
0.9258158704996375,0.21295440196990967,-0.19381269812583923,-0.6554354429244995,0.6441519084014076,-1.0035058055538988,-1.153649766168838,0.9877649219411149,-0.2783181965351105,0.24441486597061157,-0.9691107869148254,0.3333333432674408
0.21556980907917023,-0.7380198836326599,0.14594730734825134,-0.7580199100231105,-0.5344475507736206,-0.26378314979182493,-0.5733130659112263,-0.8719103467627476,-1.6995950940901168,0.34323754302102133,0.5487849712371826,0.5
-0.6179829239845276,-0.6191481351852417,0.4857073128223419,2.265686195958943,-0.2902892827987671,2.0956502114222704,1.0102736604805824,1.16660876006009,-0.9641541242599487,0.14993598765671262,-1.137765884399414,0.5
-0.5422053933143616,-0.6785839796066284,-0.05790869891643524,-0.6554354429244995,-0.39880406856536865,0.4476591646671295,0.286653799138834,-1.3309459572463085,-1.6290172199684478,1.4892543257232973,0.7174400687217712,0.5
-0.5422053933143616,1.2893764081561796,-1.8302634604617047,-0.688461995829622,0.25849114798785333,-1.349821925163269,-1.7022352303894157,0.2775444711037748,1.3003095593690297,0.04406575486063957,-0.37881800532341003,0.3333333432674408
0.29134732484817505,1.7535575403825938,-2.0960902387218305,-0.6554354429244995,1.152299657044811,-1.2936506271362305,-1.6205067024485218,1.305182405101736,1.9243649631876192,0.5861990864997344,-1.137765884399414,0.3333333432674408
-0.6179829239845276,-1.0861945451995976,0.21389929950237274,-0.9647970494623543,-0.6158336400985718,-0.3949100971221924,-0.9903844806363394,-1.7907606557022533,-0.9018054008483887,-1.0912458896636963,1.0905689468380093,0.3333333432674408
-0.46642789244651794,-0.8568916916847229,1.1652272939682007,0.2987769082461206,-0.39880406856536865,0.2791453003883362,0.07315135946374758,-0.04665154872266737,-0.15362077951431274,-0.890896737575531,0.12542060252881182,0.5
-1.37667369912217,-1.094635248184204,-0.5335727334022522,-0.7220988273620605,-0.5824943969889265,0.7111399554944609,0.29951462677483803,-1.004284066889215,1.3427485227584839,-0.42341551184654236,0.21147480607032776,0.5
-0.2390953153371811,-0.2361070701830573,0.010043300688266754,-0.5185196940224959,-0.8870992226589053,-0.9553515891807037,-0.7929394383995338,-1.3307614895428368,-0.5277130603790283,-0.6237646341323853,0.8017675876617432,0.5
-0.6937604546546936,-0.32322307435372416,-0.5754416475407313,0.710976959959485,-0.8043558685228658,1.9833900130536886,1.4531891372265322,-0.3057611217896124,1.0736475230861957,0.24441486597061157,0.19152333196587382,0.5
-1.3599215470406532,0.02414612638724011,-0.5720649761267261,0.46110262797685275,-0.8849471966874614,0.3298332153217796,-0.010924275762764755,-1.093372979889792,0.46986642479896545,-1.2353068312901176,0.677782581460222,0.8333333134651184
-1.8867641359095007,-0.673494886521908,-0.5335727334022522,-0.9076772895736137,-0.561576247215271,-0.20541720078459677,-0.2601742904737954,-1.3026185936213972,0.7192612886428833,-0.22306638956069946,0.21147480607032776,0.5
-1.64081743031915,-0.5002763271331787,0.4177553057670593,-0.6332142949104309,-0.605668986212303,2.251988657646733,-0.033940543748448654,-1.5944238292396657,1.7703464428900908,1.502861278035786,1.830934355394599,0.7059806081404314
1.4063555242237884,-0.4408404231071472,1.1652272939682007,2.212304551912367,0.062383756041526794,0.9027245639600823,2.5457699794145605,2.059744057532904,-2.12357347553562,-0.15628336369991302,-1.3405098743388928,0.1666666716337204
-0.46642789244651794,0.4467603880474004,-0.19381269812583923,0.6818313545354977,-0.8016315399322508,-0.731937825679779,-0.10737284937354497,-0.7393538225391375,-0.5277130603790283,-1.2915949821472168,1.223405361175537,0.6666666865348816
-0.39065036177635193,0.09143355045467885,1.0569359245790173,2.2717802661157673,-0.3174179792404175,1.833601365629711,0.8822160075685282,1.395601216721096,-0.9985454208341712,0.17763182520866394,-1.137765884399414,0.5
0.21556980907917023,0.15351851284503937,0.07799530029296875,-0.7220988273620605,-0.34454667568206787,-0.7000061150478089,-1.7153793381122422,-0.3011103187918344,0.6490511718888572,0.4993060516878155,1.0911611196747,0.5
0.21556980907917023,-0.8568916916847229,-0.05387498783702738,-0.6998776793479919,-0.10038841515779495,-0.3387388288974762,-0.8826120008894104,0.22306141077069436,1.1151989783421796,-0.7127174663174094,-0.5474730730056763,0.47011934455571625
-1.3382140462316798,-0.4408404231071472,-0.9375791013508298,-0.544329822063446,-0.561576247215271,-0.2825675308704376,-0.43466513162495274,-1.2031826539014248,-0.15362077951431274,-1.0244628190994263,-0.2944904565811157,0.5
-0.2390953153371811,-0.7974557876586914,0.5536593198776245,1.6204036469698617,-0.2631605863571167,1.921519640537883,0.5839899286929195,1.2668398706818034,0.18581565788721885,1.7451970932364516,-0.9691107869148254,0.5
-0.5422053933143616,-0.8568916916847229,0.09507589825396125,-0.766541063785553,-0.5073188543319702,0.11063144356012344,0.7401729791356642,-1.06424038376564,0.0957741066813469,0.35509525394637814,0.6331125497817993,0.6666666865348816
1.7932899234458348,2.8118654779743757,-0.19381269812583923,-0.5822117900225144,0.08204152282498994,-1.2983204406771294,-1.535841604427555,1.3878164615785353,0.2204715460538864,-0.22306638956069946,-0.9691107869148254,0.4325348121682566
-0.6263718921113919,-1.0351994037628174,0.8086858973624994,-0.8554255366325378,-0.14869917483689132,0.4476591646671295,0.36874188592252977,-1.1916042574460066,-0.7771079540252686,-1.0294019417971902,0.4168015546140588,0.5
-0.16331779956817627,-0.8671486483174662,0.6354752444963869,0.35575021253274647,-0.13509962278344684,-0.4616942878590544,0.27419036203464275,0.11466365509806424,-0.46536436676979065,-0.890896737575531,-0.8004556894302368,0.5
-1.5990030173870824,0.19929255591438205,-0.5968024099739311,-0.3056546003149208,-0.7243484258651733,-0.7128309288342852,-0.4009024769171198,-1.525773251989834,2.663977214339821,-0.0895003229379654,2.6523164154777206,0.8333333134651184
-0.13661327763502645,0.33182618021965027,-0.5335727334022522,-0.5633276135207157,-0.39880406856536865,-0.41366540758371884,-0.6875939776986275,-1.6205899952246505,-0.9018054008483887,-1.124584513614468,1.1069191423076226,0.3751807844540462
-0.618594268113188,0.42617322622859316,-2.0154502626863886,-0.8776466846466064,-0.15464581549167633,0.8895935433725489,1.6744261662333972,-0.5054729004962064,-0.46536436676979065,-0.6828511883686126,-1.137765884399414,0.5
-0.5422053933143616,-0.08422506600618362,-0.12586070597171783,-0.9165589331591629,-0.45247097195353214,-1.4827128798571183,0.533460857134409,-0.48456179976302804,-0.4742344809622224,-0.22306638956069946,-1.137765884399414,0.3333333432674408
1.4681419102060442,-0.024789171293377876,1.1652272939682007,-0.7212924400402234,1.596230033692294,-1.4059932231903076,-1.685087061464606,0.7884447479095614,-0.16852354227163494,0.932264164696771,-0.46314552426338196,0.5
-0.5422053933143616,-0.20309685170650482,-0.8053807020187378,2.5232470626585504,-0.10038841515779495,-0.17022497951984406,0.13410733461814622,1.0867783771848267,-0.42748017319044135,-1.0244628190994263,-0.631800651550293,0.3333333432674408
-0.46642789244651794,-1.3621137543908972,-0.2617647051811218,-0.739352386031094,-0.10038841515779495,0.11063144356012344,0.07292700566123307,-0.9967789050008465,-0.46536436676979065,0.24441486597061157,0.09979863017763804,0.5
0.5944573879241943,-0.7974557876586914,0.21389929950237274,0.8513340512029228,-0.2798095996554083,-0.0578824058175087,-0.05984149534852088,1.0257235340889215,-0.028923334553837776,-0.890896737575531,-1.137765884399414,0.3333333432674408
0.8881296570219506,1.405275832460285,-0.19381269812583923,-0.7220988273620605,0.6892604803781346,-0.8935225243849096,-1.4849109400213507,0.6704098764287539,0.5945638418197632,1.0220491276176624,0.3372039260158022,0.6666666865348816
0.7460124492645264,-0.01105901331493143,0.010043300688266754,-0.544329822063446,-0.2360319048166275,-0.9946385529401791,-1.6004669354940881,-0.20437930991163836,-0.4030156433582306,2.3069770807487306,1.813698172569275,0.6666666865348816
-0.8240801866495583,-0.5002763271331787,0.4177553057670593,-0.8109833002090454,-0.45306146144866943,-1.4059932231903076,-1.2023595433028822,-0.6757203463410216,-0.34066691994667053,-0.049080059921496756,-0.041507821530103683,0.3333333432674408
6.353549003601074,1.621507402546238,9.11561107635498,-0.9887523055076599,-1.2940510511398315,14.546651840209961,5.739711284637451,0.32840600875060233,4.896625518798828,9.794388771057129,3.078611373901367,0.0
-0.6179829239845276,-0.024789171293377876,-0.05790869891643524,0.4189994282382078,-0.34454667568206787,1.065543293952942,2.1658127082371714,0.511818984417983,1.1417311696461567,-0.43445962113139047,-0.46314552426338196,0.3333333432674408
0.06401476263999939,-0.8122477586219596,0.5794382634299545,0.024115911506002136,-0.42593276500701904,-0.9768894659771581,-0.7934540465432278,0.1555596053663122,0.44790009056024,-0.49019855260849,-0.1258353590965271,0.5
-0.39065036177635193,-0.3814045190811157,-0.2617647051811218,-0.7220988273620605,-0.42686670394103743,-0.27382843401481527,0.23033011349156646,-1.2345023591571425,0.7192612886428833,0.5115470290184021,1.223405361175537,0.5
-0.9968705177307129,-0.7974557876586914,-0.397668719291687,1.6622410150169773,-0.4529277298875564,0.39148786664009094,0.46674070705506254,1.29881924951579,1.1557023525238037,-0.22306638956069946,-1.450256844619945,0.5
0.026363230566631708,1.8649041369382042,-1.4080774657904385,-0.6554354429244995,0.13630677891518245,-0.6757665276527405,-1.634551641579495,-0.15715560309506493,1.3427485227584839,0.3111979067325592,1.0547502040863037,0.6666666865348816
0.6702349185943604,3.883316175750262,-0.5335727334022522,-0.5765037479635974,0.7632565294076235,-1.349821925163269,-1.6507745766951838,0.8983207941055298,0.7794763599230046,0.04406575486063957,-0.2944904565811157,0.3333333432674408
-0.46642789244651794,-0.5002763271331787,-0.10448356408058292,1.2429312213293777,-0.01900232955813408,-0.5634239912033081,0.12499918005112547,0.7420233701106478,-0.14158414942493452,-0.957679808139801,-0.631800651550293,0.5
-0.6179829239845276,-0.2625327408313751,-0.19381269812583923,-0.6562558841854806,-0.8328632116317749,-0.7881091237068176,0.11086370445908614,-1.1153235996840347,0.5322151184082031,-0.6237646341323853,1.392060399055481,0.6666666865348816
-1.3716115431466946,-0.5862102438938468,-0.6815873967181975,-0.4998875558376312,-0.5887049436569214,1.065543293952942,1.075726678470121,-1.6558355909981697,1.1557023525238037,-0.3566324710845947,2.0588128730149196,0.5
0.21556980907917023,0.20631742738344072,-0.397668719291687,-0.8595373736738455,-0.34454667568206787,-0.6195952296257019,-0.7433600390886771,-1.1165509249181418,-0.5900617837905884,-1.417787919616946,0.4516174787755174,0.3333333432674408
0.06401476263999939,2.809056328553747,-2.1639153942162754,-0.5665509104728699,0.7094781392862054,-1.4059932231903076,-1.817008054995605,0.7024956468436367,1.5030220591461907,-0.15628336369991302,-0.2101629078388214,0.3333333432674408
-0.6179829239845276,-0.821478018287666,-0.4760533594049914,1.8119483972815729,-0.4828179887992451,1.0758317174472594,0.565871009434311,0.8334901796121046,-0.5277130603790283,-0.890896737575531,-1.0534383058547974,0.6666666865348816
0.21556980907917023,-1.094635248184204,0.4177553057670593,0.2881832260015655,-0.42593276500701904,0.9346396880309267,1.1391535353243443,0.22249748200798522,-0.00219894267170297,0.5115470290184021,-0.46314552426338196,0.3333333432674408
-0.9968705177307129,-0.5844100646829175,-0.18160629832816927,-0.7220988273620605,-0.04613102599978447,0.2791453003883362,0.6850434403236352,-0.4917463293999848,0.5322151184082031,0.37798094749450684,-1.0534383058547974,0.3333333432674408
0.5944573879241943,-0.6191481351852417,1.0102866427691226,-0.6998776793479919,-0.15565920126364327,0.33531656861305237,-0.9106086756081734,1.2472963172247549,1.407631291220501,2.763621739549577,-0.8004556894302368,0.6666666865348816
-0.9688742791705989,-0.2062417777505494,0.010043300688266754,-0.291587545728362,-0.5565122833685003,-0.3949100971221924,-0.0033292768040446737,0.07879964383850223,1.8137093487385103,0.4447639584541321,-0.041507821530103683,0.3333333432674408
-0.8453154563903809,-0.08422506600618362,-0.1250667895057341,-0.6998776793479919,-0.2631605863571167,-0.0578824058175087,-0.22908785465490664,-0.6563411681750762,0.6569125652313232,0.1624056662738138,0.4644574522972107,0.5
-0.16331779956817627,-0.6785839796066284,-0.08871081753995869,1.5586922199126216,-0.42593276500701904,0.7175563965312229,0.5492446945227951,1.0292159641735785,-0.4030156433582306,-0.5569815635681152,-0.9691107869148254,0.5
1.459639639513718,0.014237784086832912,1.196639585978498,-0.6439079299740297,0.7212756075408926,-1.1813081502914429,-1.665541581607739,0.13310930664775464,-0.15362077951431274,-0.22306638956069946,1.223405361175537,0.6666666865348816
0.27639253647243744,-0.9163275957107544,0.9200054704688815,-0.8776466846466064,-0.5965905721451642,1.1466125084196301,0.007083883916044675,-1.135728857885437,-1.3732844693282835,-0.42330429550573623,0.7174400687217712,0.5
-0.19536392892103355,-0.8568916916847229,-0.41641517717288457,-0.21665346222966197,-0.5073188543319702,-1.076258743735785,-0.549857821126158,-1.6483509255854683,-1.4005951881408691,-0.6237646341323853,2.2830698528173414,0.5
0.1397922784090042,-1.094635248184204,-0.2817905101417059,-0.46557398411139755,0.08260550777258555,-0.235441127171926,0.15587831650209244,0.16369147925584063,0.8439587354660034,0.37798094749450684,-0.2101629078388214,0.5
-1.3151585774229395,-0.4408404231071472,-0.19381269812583923,-0.7887621521949768,-0.5131804613714126,1.680582044647248,0.6937344100595131,-1.3657586958905459,0.9063074588775635,0.24741376356161693,0.6331125497817993,0.5
0.6946612706574168,-0.9757634997367859,0.6895633339881897,-0.6693950878423085,0.5778290033340454,0.39148786664009094,-0.019509974867105484,0.8983207941055298,4.579643488872678,0.1108487918972969,-0.1258353590965271,0.3333333432674408
-0.9210929870605469,-0.6796055794875226,-0.3297167122364044,0.7535275894224416,-0.6977849864017157,0.3274133039883091,0.5782726955866845,0.7054661766698243,0.2828202545642853,-0.890896737575531,-1.137765884399414,0.3333333432674408
-0.5422053933143616,-1.0765797390402165,1.039564659627769,1.7296102120594787,-0.37167537212371826,0.8937114252758457,0.4262143300055439,0.8516208800101822,-0.5900617837905884,-0.9368509910453903,-1.0534383058547974,0.3333333432674408
-0.6937604546546936,-0.4408404231071472,-0.05790869891643524,0.2943154004025881,0.9481974461702816,0.7492027243770274,0.72560540004235,0.08018356680639356,-0.9018054008483887,-0.2898494303226471,-1.306420922279358,0.5
1.7516280127232164,0.6110052431986426,0.28185129165649414,-0.7887621521949768,0.01595912860234143,-0.5634239912033081,-1.0281991592241075,0.7367873586599683,0.34516897797584534,-0.22306638956069946,-0.7004671565384692,0.3333333432674408
0.21556980907917023,-0.16436759806995482,0.28185129165649414,-0.8776466846466064,-0.11400901461976373,-1.0689655542373657,-0.03617281994366445,-1.1369550496831409,-1.5756440921520993,-0.6905476450920105,-0.2101629078388214,0.5
0.7494989290290607,0.8682258934314427,0.3936826670973395,0.4865923227353092,-0.34454667568206787,0.5600017309188843,2.2728374208693554,0.7198689879880051,-0.6524105072021484,0.24441486597061157,-0.8549654935690993,0.3333333432674408
1.7046391508281364,-0.8895808862531952,1.828095000748778,-0.6332142949104309,0.28301449598267153,-0.9768542367452765,-1.5543198747663978,1.0927120640717096,-0.4321652724556084,3.336695430692846,-0.5263141121275283,0.5
-0.5901206226317359,-0.4408404231071472,0.010043300688266754,1.7126981379029005,-0.4015360886315949,1.6506672360808767,0.938325099271403,1.1949706328162037,-0.34010325891686416,-0.4567182557284075,-1.8922667659083836,0.3333333432674408
-0.16331779956817627,-0.011017681985505847,-0.7604377209759134,0.006608582058066293,0.17718587633346733,-0.5072526931762695,0.6665428771101269,0.24529078631451223,-1.338979302924892,-0.6237646341323853,-1.0534383058547974,0.3333333432674408
-0.6937604546546936,2.100642539167709,-2.020005510468168,-0.6332142949104309,0.5485368212590311,-1.1053128752597905,-1.5840319641920715,0.7771712656914486,2.236822359771144,2.1251913180040796,-0.1258353590965271,0.5
0.9718871656237255,-0.6191481351852417,1.8209148746200465,2.5900902795706786,-0.39880406856536865,0.7846868634223938,0.8402036448684728,1.7513643664198468,-1.6534839085335338,-0.6905476450920105,-0.8004556894302368,0.3333333432674408
-1.148425579071045,2.392915171928817,-0.941284716129303,-0.7931388894661311,0.6718909186590837,-0.2825675308704376,0.0008567770683939433,-1.2449489922353778,1.7336245654361377,-0.42341551184654236,0.4644574522972107,0.1666666716337204
-0.08754027634859085,0.27239030599594116,1.8001715339157425,-0.6776565313339233,0.137876739359673,0.33531656861305237,0.8897538892990531,-0.3440241497423285,-1.0294737876201416,1.8007944005513228,-0.1258353590965271,0.3333333432674408
-0.16331779956817627,-0.3814045190811157,-0.19381269812583923,-0.26289336159594384,-0.7786058187484741,0.2229740172624588,0.13819023079444426,-0.8574224729035178,0.2204715460538864,-0.7573306560516357,0.7174400687217712,0.5
0.506620062286965,0.6010279618864445,0.010043300688266754,-0.6776565313339233,1.3565603762757337,-0.1225373092152669,-1.150117962403018,1.2240302740140918,0.7816100120544434,2.1127336669428596,-1.137765884399414,0.5
-0.2390953153371811,1.1926344738957435,-0.6621320648839056,-0.7220988273620605,0.1844181184327062,-0.8442803621292114,-1.0946175454619136,-0.3132735096134193,0.5322151184082031,-0.07294468024867047,0.8017675876617432,0.5
-0.6937604546546936,-0.3219686448574066,-0.3297167122364044,-0.8423204005892403,-0.5164391156337353,-0.731937825679779,-0.019509974867105484,-1.1046571376174434,-0.8394566774368286,-0.6667409702386748,0.12714727222919464,0.3333333432674408
6.353549003601074,7.345261573791504,9.11561107635498,-0.9887523055076599,-1.2940510511398315,14.546651840209961,5.739711284637451,-2.4772025475467396,4.896625518798828,9.794388771057129,3.078611373901367,0.0
-1.6659258998669983,0.27239030599594116,-1.5386206508958413,-0.8554255366325378,-0.8328632116317749,1.2897339104719867,-0.08222964802411765,-1.9494357057011422,0.8439587354660034,-0.8025733362617312,1.639707428626386,0.3333333432674408
-0.08754027634859085,-0.5002763271331787,-0.05790869891643524,0.15913142763154425,-0.5887049436569214,0.7239459116281047,-0.1876590887638856,-1.0404187466487411,-0.7147592306137085,-0.42341551184654236,1.223405361175537,0.6666666865348816
-0.01176275685429573,-0.6785839796066284,1.1652272939682007,2.3785215820832986,-0.2902892827987671,1.7691705139471972,1.237838079001835,1.252438091878435,-0.6804225132259785,0.6451131105422974,-0.8847832679748535,0.5
-1.148425579071045,-0.6191481351852417,-0.12586070597171783,-0.8776466846466064,-0.7753142281174978,1.2886267401751357,-0.09838151463668808,-1.7796715617389374,0.8739786185446763,-1.0912458896636963,1.2915452311921392,0.6666666865348816
-0.9934749430524094,-1.0351994037628174,-0.12586070597171783,-0.8109833002090454,-0.34454667568206787,0.2435197640791935,-0.019509974867105484,-0.6185960379425663,1.112399806123976,-0.957679808139801,-0.631800651550293,0.5
-1.072648048400879,-0.5597122311592102,-0.7729232379182334,-0.833204448223114,-0.30882403390869617,1.2894010009107528,0.03548784490825086,-1.0617058345415173,-0.34066691994667053,-0.42341551184654236,-0.2101629078388214,0.5
0.21556980907917023,1.4551532177673112,-1.0883246255464265,-0.5512642883400727,0.6997958971419843,0.9532006978988647,-0.3201808552183525,0.5854130062925692,0.8439587354660034,1.7529962254339173,-0.041507821530103683,0.5
-0.6937604546546936,-0.9757634997367859,-0.12586070597171783,-0.8776466846466064,-0.6158336400985718,0.11063144356012344,0.1606275345832109,-1.7439267038043467,0.9063074588775635,-1.38382553236861,1.6450430154800415,0.6666666865348816
0.9498505615540312,-0.6191481351852417,1.156937700072078,-0.8939675418148358,-0.4801901578903198,-0.15838117076643785,0.4285004129436169,-0.8553181886672974,-0.7997171807574013,-1.144765432946605,0.29580235481262207,0.3333333432674408
-1.1012955830058575,0.11251359169697481,-2.1644208431243896,-0.8109833002090454,-0.3174179792404175,0.6107683397929679,-0.32242755380457394,-0.9686215129035796,1.3266252790092727,-0.890896737575531,1.539515412612066,0.3333333432674408
0.03453808903095865,-0.6191481351852417,1.1179936149912708,1.970171573300031,-0.2902892827987671,1.1809954060039856,0.8941354084849681,1.1812807344313625,-0.2160939606067189,-0.475853185630964,-0.8847832679748535,0.3333333432674408
-0.3148728311061859,-0.14366096258163452,0.3638215664883894,-0.1835864977524452,-0.01900232955813408,0.2229740172624588,0.045059112864928315,-1.4967797341559672,0.0957741066813469,-0.42341551184654236,2.886963974307314,0.6666666865348816
0.9854775800471675,-0.3814045190811157,0.21389929950237274,-0.833204448223114,-0.18177451193332672,-0.026614236195538342,0.5044194636258558,-0.8553181886672974,-0.5099108279362865,-0.6905476450920105,0.7174400687217712,0.5
0.6702349185943604,1.2278450967726813,0.9551845235156529,2.0123576970344526,-0.2360319048166275,1.8608157694140106,3.722506198971889,1.4709022946255046,-0.7771079540252686,0.7392124495898118,-1.137765884399414,0.3333333432674408
-0.6937604546546936,0.17698638644948822,-0.19381269812583923,0.348152005402263,-0.2631605863571167,1.5407614148230167,1.042002832937249,-0.2656185208644365,0.8439587354660034,-0.02271728403866291,0.3744716997587774,0.5
-1.072648048400879,-0.8568916916847229,0.858134741954381,0.1325855070847603,-0.6158336400985718,0.8044124959234571,0.9148536991626055,-1.2293776451595306,-0.34066691994667053,-1.4613358362216076,1.0547502040863037,0.5
-0.2390953153371811,-0.7146766067509152,-0.2617647051811218,1.7770373512267506,0.18025536288120486,1.1614943542599718,0.841500331489167,1.0701984939241804,0.5322151184082031,-1.1580289602279663,-0.9691107869148254,0.3333333432674408
-0.5672722633855021,0.09408261626958847,-0.19381269812583923,0.10856049401832728,-0.42593276500701904,0.33531656861305237,0.9995433653857356,-1.2407098262059024,0.5322151184082031,0.721048834797776,1.813698172569275,0.5
-0.46642789244651794,-0.8568916916847229,0.23341422397529651,-0.8554255366325378,-0.4494951333754182,0.7846868634223938,0.2974822172851307,-1.4132207111303388,-1.151200294494629,1.273223256872478,1.15157523866226,0.5
-0.8453154563903809,-0.9757634997367859,-0.6015247106552124,-0.8776466846466064,-0.774949354774715,-0.9447126735990095,-0.49679827162009815,-1.3503361818361106,0.4075177013874054,0.4033453637750151,0.29580235481262207,0.5
-0.9210929870605469,-0.08422506600618362,-0.5335727334022522,0.17476184981918771,-0.561576247215271,0.8668306930293868,0.26046253972136196,-1.2534852184954541,0.5322151184082031,-0.22306638956069946,1.6275634964867058,0.5
-0.5926518112525102,-0.4178542671333048,0.07799530029296875,0.9353556283022919,-0.37167537212371826,-1.0689655542373657,-0.9584852784941432,-0.18177618860100153,-0.028923334553837776,0.2741039202516215,0.7958518966295896,0.3333333432674408
-0.3148728311061859,-0.3814045190811157,-0.397668719291687,0.6042647625849419,-0.2360319048166275,2.3527584929007217,1.5936145979513534,0.43266831471428474,-0.016220302208536666,-0.35146119270837384,-0.37881800532341003,0.5
-0.2390953153371811,-1.1994646396579036,-0.12586070597171783,1.7001286510974667,-0.301842151667762,0.2229740172624588,-0.0359750470946994,0.6663176252973326,-0.34066691994667053,-0.9739393332749323,-0.041507821530103683,0.6666666865348816
2.3530778449518484,-0.7974557876586914,1.670998777167251,-0.7887621521949768,0.393300559016386,-1.349821925163269,-1.5720040431007538,0.008277763682531658,-1.8180669919589643,-0.42341551184654236,-0.8004556894302368,0.5
0.37020064528734486,-0.3219686448574066,0.010043300688266754,2.6904377365865946,-0.34454667568206787,-0.5634239912033081,-0.24936829205854041,0.9988106675728059,-0.8394566774368286,-1.34350832574466,0.4644574522972107,0.6666666865348816
-0.5422053933143616,2.848115298094522,-2.1644208431243896,-0.5887720584869385,0.5778290033340454,-1.349821925163269,-1.7705542760402413,0.6126891884084442,2.0855020178988735,0.37798094749450684,-0.1258353590965271,0.3333333432674408
0.21556980907917023,-0.7380198836326599,-0.3297167122364044,-0.7443199157714844,-0.5887049436569214,0.17124239361732319,0.6165588835490053,-0.3837788784514504,-1.4237488040474524,0.17763182520866394,-0.7161281704902649,0.3333333432674408
0.06401476263999939,-0.7974557876586914,-0.05790869891643524,0.7357128474345768,-0.4801901578903198,1.991827291533317,2.110601791678454,0.7328825872201414,0.7192612886428833,0.35351797557742837,-0.4546318531912658,0.3333333432674408
-0.9210929870605469,0.09408261626958847,-0.4656206965446472,-0.6554354429244995,0.008775763771419282,-1.1813081502914429,1.3208485349680927,0.32890144910016844,1.2288025635095623,0.6451131105422974,-0.5146399352178976,0.3333333432674408
-1.3432372881414285,-0.4408404231071472,-0.397668719291687,-0.6109932065010071,-0.5344475507736206,1.0238959034624882,0.6272055324677555,-1.4472029916690505,1.7246989967792974,-0.22306638956069946,1.223405361175537,0.5
-0.08754027634859085,1.8859906762644634,-1.501695390564005,-0.6554354429244995,0.26158134384399667,-1.349821925163269,-1.6667589646634207,0.59274375782977,1.3879418242933692,0.4447639584541321,-0.37881800532341003,0.5
0.4429023563861847,-0.3859300652689296,0.8934193253517151,-0.5887720584869385,0.06304529719893635,-1.258338027529518,-1.7054124261882582,-0.11686977605872789,0.46986642479896545,1.2851613596409848,1.2007547789794608,0.9336246693346694
-0.6179829239845276,-0.5165667470767856,0.8254672884941101,-0.833204448223114,-0.6973145161674934,-0.5634239912033081,0.006490434730522838,-1.0741574855794724,0.9363195209189091,-0.9401173669650532,0.29580235481262207,0.3333333432674408
-0.6179829239845276,-0.6806615223915415,0.14594730734825134,0.8739332730511735,-0.16866616896825837,1.2866129826935202,0.9208503625460648,0.7688132478625462,0.8439587354660034,-0.02271728403866291,-0.9691107869148254,0.3333333432674408
-0.3148728311061859,2.740482004838383,-2.1458721057160637,-0.0807381762771689,0.21474430271519354,-0.45108139514923096,-1.364722618251299,0.2540019203643609,1.796064438196501,-0.02271728403866291,0.7174400687217712,0.3333333432674408
2.3274852890395525,0.03464672341942787,1.3598730818640443,-0.5515127167326118,0.20337155793594475,-0.45108139514923096,-1.1623999129016496,1.243565586766625,-0.34066691994667053,1.6654816066221663,0.6331125497817993,0.5
-0.5422053933143616,-0.11208426388337245,-0.05790869891643524,-0.8109833002090454,-0.368980834765201,1.3230080182340176,0.7066542657115052,-0.044326433817126504,0.34516897797584534,-0.15628336369991302,-1.306420922279358,0.3333333432674408
1.4324406885265153,0.49838258829649057,1.1571691323471007,-0.5288419040394076,0.4711500596941193,-1.349821925163269,-1.7600242347129997,0.2818205719705504,0.4527310670746773,0.24441486597061157,1.6450430154800415,0.6666666865348816
-0.3148728311061859,-0.08422506600618362,1.4079522348962201,-0.8109833002090454,-0.2902892827987671,-1.0620252815032378,-0.41172792541814573,-1.1545927569643855,-0.7771079540252686,-0.02271728403866291,-0.1258353590965271,0.3333333432674408
-0.5422053933143616,-0.14366096258163452,6.705011199187828,-0.833204448223114,-0.01900232955813408,-0.2949187254337941,0.8194649719664114,-0.3548556820041718,0.2828202545642853,-0.49019855260849,-0.9691107869148254,0.5
-0.7695379853248596,-0.024789171293377876,-0.397668719291687,-0.8554255366325378,-0.6429623365402222,-1.305794878219447,-0.6578439424153576,-0.7495782730515477,-0.09106870197771644,-0.9682219845971586,-0.631800651550293,0.3333333432674408
1.1513862095551406,-0.3814045190811157,1.1375979227434723,-0.6332142949104309,0.15887161792822171,-1.349821925163269,-1.7734745945559616,0.683453743947676,0.34516897797584534,1.0449175108499078,0.21147480607032776,0.5
3.4656754802442538,0.9817499573599504,1.0282072467044439,-0.7887621521949768,0.06858274409016946,-1.4059932231903076,-1.6586615662284567,1.2989734540811637,-1.2739840582777742,-0.0895003229379654,-0.8847832679748535,0.3333333432674408
0.785062060143399,-0.3814045190811157,-0.10866174358306696,-0.7220988273620605,-0.044901648674962394,-1.2936506271362305,-1.764898776207557,0.22087011371815357,0.0957741066813469,0.7118961215019226,0.5487849712371826,0.5
-0.3148728311061859,2.2577693874087457,-0.6727098366256372,-0.6332142949104309,0.007879297258781469,-0.5634239912033081,-1.2015147665501726,0.697204084724046,0.9686561822891235,1.5425942742678238,1.875871842897831,0.5
6.353549003601074,-1.5701223611831665,9.11561107635498,-0.9887523055076599,-1.2940510511398315,14.546651840209961,5.739711284637451,5.3161420822143555,4.896625518798828,9.794388771057129,3.078611373901367,0.0
-0.7695379853248596,-0.6191481351852417,-0.22415261011815263,2.425117385351059,-0.36369455169866743,0.9532006978988647,0.1800776854290337,1.6613382207790464,0.8933535921517648,-0.7573306560516357,-1.4787494578451017,0.3333333432674408
-0.044557840704487095,-0.4408404231071472,2.835538017894408,1.7283064786511915,-0.34454667568206787,1.0336639150421052,1.4008253158219395,1.2743556115605215,-0.577415160708691,-0.02271728403866291,-1.363931109665577,0.3333333432674408
-0.3148728311061859,-0.9096821143004952,-0.2286906773751359,1.5265118322280715,-0.3576765119375238,1.3917302073804085,0.5772620365324406,0.43456193072294935,0.033425383269786835,-0.890896737575531,0.16064474432851752,0.3333333432674408
-1.326357110975803,0.3926051744105831,-0.12586070597171783,-0.6332142949104309,-0.15464581549167633,-0.032186054973880024,-0.4193623537869455,-1.7044613098741606,-0.5540918736932826,0.3111979067325592,1.223405361175537,0.6666666865348816
-0.2390953153371811,-1.4638699232079766,-0.269150784094616,1.606564015028331,0.5778290033340454,1.6220614288885502,0.35998730127905193,1.0233214470365914,1.3125726968593479,-1.2583024558576026,-1.306420922279358,0.5
0.09462665895939291,-0.42990751158737006,1.1652272939682007,1.5894190750826782,0.062383756041526794,2.0972395756488793,1.2123856802663062,1.2040569035274813,-0.028923334553837776,1.5735740301405907,-0.631800651550293,0.3333333432674408
-0.2390953153371811,-0.14366096258163452,-0.6750571934706504,-0.6998776793479919,-0.2360319048166275,0.21612249217932167,1.1769931094236434,0.17853165901691562,-0.2159694880247116,-0.22306638956069946,-1.306420922279358,0.3333333432674408
1.8154055411959185,1.1058453165928661,1.3721662428728851,-0.19793100961374238,0.2197208486958997,-0.7608281032554075,-0.7227168374349248,1.033216118812561,0.3131130788125562,1.3147877315435412,1.223405361175537,0.6666666865348816
-0.8453154563903809,-0.23075222847935178,1.7211285427362453,-0.8554255366325378,-0.2902892827987671,0.8888022159186352,1.2519792513947436,-0.9666023728809707,-0.4119632980827187,-0.2898494303226471,-0.1258353590965271,0.3333333432674408
-1.072648048400879,-0.6785839796066284,-0.5335727334022522,2.57993704916032,-0.10038841515779495,0.27052912962435766,0.7543049416157401,1.239523078657676,-0.17513854951003247,-0.2088225016832006,-1.306420922279358,0.3333333432674408
0.29134732484817505,-0.6785839796066284,0.6672108984065325,-0.8776466846466064,-0.42593276500701904,-1.1251368522644043,-0.6606092228526099,-1.4518999607216736,-0.9083481349892083,-1.1580289602279663,1.2803507099529325,0.3333333432674408
-0.46642789244651794,-0.5002763271331787,-0.4656206965446472,0.3733807144471351,-0.6429623365402222,1.1448588278773455,1.0667529280452814,-0.5273660409465121,-0.7771079540252686,-1.58052683560374,0.12714727222919464,0.5
-0.324474016229796,-0.3814045190811157,0.4177553057670593,-0.22640202707880025,-0.18130573828980612,0.39148786664009094,-0.03568966719916091,-1.1386275150218013,-0.46536436676979065,-0.2898494303226471,1.609008026577248,0.6018997070475859
0.6368226226107093,-0.17535531523168646,0.3593609481250234,2.9810351036999885,-0.2360319048166275,0.5600017309188843,2.3866480618828882,2.000485301149535,-1.9155618221897777,0.5115470290184021,-0.9691107869148254,0.3333333432674408
-0.2390953153371811,-0.016233330146292062,-0.2617647051811218,-0.08549498743862761,-0.7992090120627686,-0.8442803621292114,0.918047163498853,-0.6088052812452922,0.3757820850860923,0.4447639584541321,0.8017675876617432,0.5
0.6086452062232182,-0.08422506600618362,-1.456311653853692,-0.8776466846466064,-0.6429623365402222,-0.2825675308704376,-0.33944836364771686,-0.5166058595504613,-1.8329294450524596,-0.6237646341323853,-0.9691107869148254,0.3333333432674408
-0.46642789244651794,-0.2625327408313751,1.2190510150680145,-0.8776466846466064,-0.2902892827987671,0.1483176732395102,0.2546619977815799,-0.4641688470362742,-0.15362077951431274,-0.33843116348751434,-0.8847832679748535,0.3333333432674408
-0.22082263269719526,0.4389241179115856,0.010043300688266754,1.0501419547204118,-0.45306146144866943,1.4209271863765192,1.6859902277277496,0.7105163464674419,-0.1906932084691554,-0.49019855260849,-0.2944904565811157,0.3333333432674408
0.7065014156650593,-0.6872989322104853,0.20272935665761135,-0.745072631694352,-0.2631605863571167,0.03727526186206408,0.1882676015173357,-0.2704645961793492,-0.34066691994667053,-0.22306638956069946,-0.6503795691817734,0.3333333432674408
-0.44895406122610193,-0.4408404231071472,0.010043300688266754,0.2839131069492897,-0.3450340536513727,-0.05909434231364026,0.012509187981062878,-0.18824007375894267,-0.8173596541657874,-1.369426321007298,-0.041507821530103683,0.5
-0.01176275685429573,1.5284648466999577,-1.3772326196050435,-0.6332142949104309,0.5814870923295198,0.10091438797799185,-1.3050907615981746,0.656655784366772,1.3427485227584839,0.9987152110284309,-0.6833209544311347,0.5
0.7152136327336054,-0.3219686448574066,1.743641019732314,-0.6998776793479919,0.3440652316188511,-0.6526249157707252,-0.7345259547118476,0.9369906007195627,1.4160963938186384,0.5115470290184021,-0.041507821530103683,0.3333333432674408
0.06401476263999939,-0.20309685170650482,1.6941258438469236,2.427932983480097,-0.4788070077979879,-0.3387388288974762,1.2333203242513324,1.652077865905548,-1.2676127181571608,0.17763182520866394,-1.306420922279358,0.5
-0.3148728311061859,-0.14366096258163452,-0.12586070597171783,-0.00025777121303006793,1.6377556986023254,1.8580570086816621,0.46598624404235234,0.08110974397374059,-0.6524105072021484,0.04406575486063957,-0.8004556894302368,0.5
-0.3148728311061859,-0.20309685170650482,1.2314539538379397,2.2228651723622534,-0.1351144824232581,-0.6195952296257019,0.17011096440748005,1.2042237456673095,-1.0599402744023343,-1.2915949821472168,-1.1708008278983688,0.3333333432674408
-0.39736370485460704,-0.3436266231128886,-0.8044989990970597,-0.6776565313339233,-0.07325971871614456,-0.8442803621292114,-0.12695709406626088,-0.535660917161559,-1.2443621196094818,-0.6905476450920105,-0.631800651550293,0.5
0.5944573879241943,0.8106718483407326,0.010043300688266754,-0.6554354429244995,0.27935725213001816,-1.234648730934646,-1.678240739447662,0.9987579651545915,0.9686561822891235,0.5115470290184021,-0.9904052423371567,0.5
2.9957173582473033,-0.14366096258163452,2.4474791839622307,-0.8776466846466064,-0.2631605863571167,-0.731937825679779,0.18427728616779954,-0.058145201438006014,-1.4005951881408691,-1.8217957811933658,0.29580235481262207,0.3333333432674408
0.21556980907917023,-0.8568916916847229,0.5536593198776245,2.8096005014360155,-0.3557214561639963,0.598672692026953,0.7298171355917406,1.6645535778843323,-2.702326816279295,0.0004960566784145137,-1.137765884399414,0.5
-0.39065036177635193,1.0646326278489373,2.027924055395677,1.4758134537942993,0.17093595869464076,1.5982721434382694,1.3153520452841518,1.1003574172036126,0.34516897797584534,-0.5569815635681152,-1.137765884399414,0.3333333432674408
-0.9315415021417403,-0.7380198836326599,0.26844705220761217,-0.7443199157714844,-0.42593276500701904,1.2830193181225757,0.5103018152130684,-0.9206602043846869,0.6569125652313232,0.5677232813134716,0.3801299035549164,0.6666666865348816
0.8810896717306603,1.5048770864658836,1.554268940298382,-0.7077751601810924,13.709656158888102,-1.1251368522644043,-0.7994768752532878,1.0265740178835152,-0.5277130603790283,8.125921018686586,-0.9691107869148254,0.3333333432674408
-0.9210929870605469,-1.2920273030039324,-0.741718493987587,1.9649607240488185,-0.2631605863571167,0.39148786664009094,-0.05904404555740357,0.7513331280003068,-0.20292178228005264,0.22621838510699782,-0.2101629078388214,0.3333333432674408
-0.9210929870605469,-0.6191481351852417,0.4177553057670593,2.2318921956072346,-0.2360319048166275,1.340952904004803,0.8006359670835597,1.0577646210586715,-0.5024108664594803,-0.2898494303226471,-0.9691107869148254,0.3333333432674408
0.21556980907917023,-1.1024645037191958,-0.16279213358815878,-0.8340732294210322,-0.6700910329818726,0.7846868634223938,0.18210814338829287,-0.8640581613556768,-0.5277130603790283,0.37798094749450684,0.08344064821648695,0.5
-0.46642789244651794,2.525890279256449,-2.1644208431243896,-0.6726358251158756,0.8440414065984914,-1.2227778331070944,-1.788306438398661,-0.01893812143907093,0.9063074588775635,-0.5569815635681152,-0.041507821530103683,0.3333333432674408
-0.6179829239845276,-1.5488506188308173,-0.09338753422420192,-0.16159902502049428,-0.5073188543319702,0.11063144356012344,-0.12798853762530793,-0.3075592252511768,3.508727076174118,-0.22306638956069946,-0.37881800532341003,0.5
-0.16331779956817627,-1.3203861069772818,0.42108653265265095,-0.8554255366325378,-0.10038841515779495,-0.17022497951984406,-0.8751087823927839,-0.8593364012223907,0.5322151184082031,-1.246078625527817,0.21147480607032776,0.5
-0.5422053933143616,0.08730151116746526,1.7356792810719412,0.6517129471942316,-0.4801901578903198,1.585777063316421,1.434489946478005,0.6689584221434408,-0.028923334553837776,-0.16948915978715023,-0.9691107869148254,0.5
-0.8453154563903809,-0.5002763271331787,-0.12586070597171783,-0.5526812609396357,-0.3812966037151793,0.8915467866799646,0.25340194192589605,-0.8862462843201595,0.7816100120544434,-0.8241137266159058,0.32839049131134823,0.5
-0.9210929870605469,0.9475640504686228,-0.8041504815048021,-0.6332142949104309,-0.10712827241913743,-1.1077436784748216,-1.4773406415463597,-0.9258462117544575,1.575340521259022,0.3111979067325592,1.3684406918823087,0.3333333432674408
0.7460124492645264,-0.3219686448574066,0.06470319976401917,-0.06724575234755692,-1.0772420872373143,0.6723442673683167,0.050655050572183946,-0.8740370074486807,-0.837425222193933,-0.6237646341323853,0.7847224724516727,0.5
0.3324258594190572,3.1895017357958113,-2.1644208431243896,-0.6554354429244995,-0.04613102599978447,-0.731937825679779,-1.3977101653002186,0.6652475700110787,1.4952699432405714,0.012304851149991858,-0.46314552426338196,0.5
-0.2390953153371811,-0.024789171293377876,1.0293233394622803,-0.7887621521949768,-0.2902892827987671,-1.5513903039776644,-0.8349337972262159,-0.6021438064550991,0.20155874212967637,-1.0244628190994263,-0.041507821530103683,0.164796221703046
0.1397922784090042,1.9548236698015056,-1.5897121316338676,-0.5887720584869385,0.7206173049810254,-1.2936506271362305,-1.3171864604885457,0.7312128841397139,0.9686561822891235,-0.5090197253777822,-0.631800651550293,0.3333333432674408
-0.39065036177635193,-1.166494530254079,-0.6722530116914393,0.5458396413280873,-0.3174179792404175,0.32874748697496187,0.8342397332026822,0.1642313375104648,0.8509505838625265,-0.6905476450920105,-0.46314552426338196,0.5
-0.39065036177635193,-0.9757634997367859,1.6969925233485597,-0.7220988273620605,0.1044540698665954,1.4399930785265733,1.0703068057843532,-0.18109293178328129,-0.028923334553837776,2.1632285322250384,-0.8319992213888981,0.5
-0.4011670660375949,-1.213507056236267,-0.05790869891643524,-0.7887621521949768,-0.6700910329818726,-0.044092207030815594,0.02759834032599414,-0.9425911565819863,0.7816100120544434,0.4447639584541321,0.4644574522972107,0.5
-0.3148728311061859,0.22246766143918828,-0.397668719291687,1.5924839367349566,-0.8328632116317749,0.33531656861305237,0.36464725021030253,-0.44798692736632084,0.46986642479896545,-0.4736534192758064,1.392060399055481,0.8333333134651184
0.8217899799346924,0.2998188671324853,-1.6149650179251058,1.846896044928289,-0.4801901578903198,1.094717270206879,1.7027461116410938,1.2281362892674899,-2.1340972827390146,2.2686785214484773,-0.46314552426338196,0.43170347895955935
0.7791924826540513,0.27239030599594116,-0.2617647051811218,-0.6332142949104309,0.6772090252723519,-1.4059932231903076,-1.7281311914507342,0.9622642708911796,0.0957741066813469,-0.14344579286950537,-0.9691107869148254,0.5
-1.148425579071045,0.03464672341942787,-0.05790869891643524,-0.5016534421658045,-0.5887049436569214,-0.0578824058175087,0.14618444195415742,-1.2577170074446864,1.1909648318844195,1.409175427179513,1.3700345244560066,0.6666666865348816
-0.16331779956817627,1.9102535421750826,-1.3646227099710484,-0.11783043037795696,1.5825470927990168,-0.6281276941782159,-0.9047384076081343,0.6234268336788034,0.8137047526724631,-0.2486658148507096,-0.37881800532341003,0.3333333432674408
-0.5422053933143616,-0.5597122311592102,-0.4656206965446472,0.43044980809382205,0.029117511513900105,0.06371659839936883,-0.29481398577843726,-0.5347076598934982,-0.46536436676979065,-0.5569815635681152,0.20124017749248269,0.5
-0.8453154563903809,-0.3289640660037778,-0.12586070597171783,-0.8554255366325378,-0.6429623365402222,0.2791453003883362,0.3692095445064386,-1.8328560134174217,0.033425383269786835,-1.0244628190994263,1.7496721104445827,0.5
0.056798518528188596,-0.5002763271331787,0.010043300688266754,0.7736230959130229,0.7510316185681938,0.4476591646671295,0.5854457388127244,0.038712227582281586,-1.213072984220114,-0.3566324710845947,-0.4278064870604475,0.3333333432674408
0.9738785842369846,-0.3814045190811157,-0.4132181961837701,-0.622549775719754,0.3647832861507034,-0.8442803621292114,-1.3003866891829878,0.9480997520737545,1.0933536291122437,0.5783300399780273,-1.0534383058547974,0.6666666865348816
-0.8453154563903809,0.27365396785758334,-0.5335727334022522,-0.8473645995223344,-0.017363191861841615,-1.0094981359594812,-1.620394015221369,-0.17904210005014923,0.9427399164574756,1.0921196057793132,-0.8847832679748535,0.5
-0.6937604546546936,-0.11418810628596976,-0.278192431576419,1.565075775203292,-0.10038841515779495,0.40535820891924973,1.841987707323338,1.0906412577531976,0.5322151184082031,0.1108487918972969,-1.0534383058547974,0.3333333432674408
-0.2390953153371811,-0.8568916916847229,0.010043300688266754,-0.8109833002090454,-0.39880406856536865,0.32644215449957187,0.3186237424302371,-1.3576452140755433,-1.0845937506874959,-0.49019855260849,0.6331125497817993,0.6666666865348816
-0.5422053933143616,-0.5002763271331787,-0.04368908886623683,1.807058864872642,-0.5073188543319702,0.05446016043424606,0.60704272179983,0.7818505856616856,-0.0673223839908449,0.3636323160066464,-0.7161281704902649,0.5
1.0665207423025627,-0.9013310380633743,0.08791500702895697,-0.833204448223114,-0.2089032083749771,1.5126073923626147,0.6135005768085189,-0.026160316316269104,-1.0888515710830688,1.5809601749385698,-0.749287046433115,0.5
-0.6179829239845276,-0.4408404231071472,0.5536593198776245,-0.6776565313339233,-0.5850267876786129,1.2897629944875024,0.34370650394118496,-1.3476987247848424,0.8439587354660034,-0.890896737575531,1.223405361175537,0.5
-0.5422053933143616,-0.4408404231071472,-0.2617647051811218,-0.17625900352253895,-0.561576247215271,0.5038304328918457,-0.22477939413183678,-0.9165332902474214,0.7192612886428833,-0.6237646341323853,0.3801299035549164,0.8713266051607907
0.21556980907917023,-0.7842267256098762,0.4857073128223419,-0.8554255366325378,-0.561576247215271,-1.0689655542373657,-1.2945315470259793,-0.19250926477003982,1.2169141480409311,0.6451131105422974,0.11461970086987468,0.5
-0.5422053933143616,-0.7163791366126376,0.4572554709758623,-0.049905224559613326,-0.5176529405020024,-0.5072526931762695,0.1750918172053399,0.33417170843362065,1.981669754895872,-1.2745357646664752,-0.9675693154650652,0.3333333432674408
1.2898460897775703,1.2554816495445327,-0.05790869891643524,-0.544329822063446,0.08768698601091351,0.2791453003883362,0.7306650049462918,-0.5241759025248198,-0.5277130603790283,-1.130768699659078,0.757250034699981,0.3333333432674408
5.056053750950907,-0.3814045190811157,1.2967693919297598,-0.7725336503564215,0.48818853372759446,0.11063144356012344,-1.0916418050186805,0.8983207941055298,-1.6513587536028238,2.4608993728959674,-0.16726669049025822,0.5
-0.5422053933143616,1.4316587198991397,-1.371281344704659,0.1698695544441116,0.6222511024723851,0.2229740172624588,-0.16177720972835907,0.83573004616516,0.7647628655583799,0.24441486597061157,-1.0534383058547974,0.3333333432674408
0.06401476263999939,-0.9232496665765361,1.3698051492963335,1.142255122140735,-0.34454667568206787,0.2229740172624588,0.9554858703177644,0.8325863321030094,-0.5277130603790283,-0.02271728403866291,-0.631800651550293,0.3333333432674408
-0.39065036177635193,-0.024789171293377876,-0.5335727334022522,-0.6332142949104309,-0.5344475507736206,-0.2825675308704376,-0.18998981863912223,-1.4494290127444216,-0.9018054008483887,0.7118961215019226,1.392060399055481,0.6666666865348816
-1.082619142631442,-1.094635248184204,0.21389929950237274,-0.61510143293352,-0.34454667568206787,0.11063144356012344,0.028868824363828104,-1.67652893701324,-0.5900617837905884,-0.15628336369991302,1.6570348814636013,0.5
-0.8453154563903809,1.55772420252768,-1.8691205269090299,-0.09104947992905593,0.6535139496112725,-1.4059932231903076,-1.6706117167685668,1.143677693148103,2.7651695273723784,0.32831397805567347,-0.8004556894302368,0.3333333432674408
-0.3002178033427158,-0.7974557876586914,0.010043300688266754,-0.4786723478028417,-0.37167537212371826,0.4235933663196226,0.4919790133227343,-0.40388872169634066,1.1065800635183398,1.750457479391671,0.21147480607032776,0.5
2.5022318667340513,1.1230165041397024,1.1652272939682007,-0.6554354429244995,1.452462133978897,-0.0578824058175087,0.013280852354810765,1.2038296003135807,0.3131314201053089,2.1713224321308036,-0.46314552426338196,0.1666666716337204
-0.3148728311061859,-0.3148032670444507,-0.9152208940654576,0.727107253329448,-0.2631605863571167,1.5151191463507492,0.5925609631738652,0.5076368633012034,-0.7771079540252686,-0.8241137266159058,-0.7907083546927333,0.5
0.06401476263999939,1.8136633802978948,-1.4973050416905436,-0.6776565313339233,0.5778290033340454,-0.5072526931762695,-0.7159814051543892,0.8459615564633279,0.8439587354660034,0.22386336599924203,-0.8847832679748535,0.3333333432674408
-0.04908752856370605,-0.7974557876586914,-0.5335727334022522,0.7832370621178231,-0.6158336400985718,2.0731882983196854,5.19781348087127,0.6270785920608355,-0.1817229122917802,-0.4393437042490024,-0.8847832679748535,0.5
-0.39065036177635193,1.58540252575409,-0.5335727334022522,-0.3965827478375128,1.5728308421508397,-1.2936506271362305,-1.614983541371142,0.42773822282048835,0.2828202545642853,-0.15628336369991302,-0.05432633427782102,0.3333333432674408
0.5944573879241943,-0.5597122311592102,-0.12586070597171783,-0.6998776793479919,0.4328873033246247,-0.0578824058175087,0.6500686311407355,0.6278158479964289,1.5617852711723599,0.17763182520866394,0.010597557757758398,0.3333333432674408
-0.6179829239845276,0.09408261626958847,-0.1507831046825002,-0.8554255366325378,-0.6158336400985718,0.2229740172624588,-0.5969991070831461,-0.7881870189037468,1.3688253773574435,-0.6905476450920105,-0.1258353590965271,0.6666666865348816
1.0923674309506215,-0.4408404231071472,-0.19381269812583923,-0.766541063785553,-0.4863287216287587,-0.7115474882691827,0.2362224196307753,0.06919021723890201,-0.34066691994667053,-0.15628336369991302,-0.7161281704902649,0.5
-0.46642789244651794,-0.06955865721232099,-0.2617647051811218,1.7116704657905584,-0.07325971871614456,0.9532006978988647,1.000945031306494,1.0229396803502173,-0.028923334553837776,-0.6237646341323853,-1.0534383058547974,0.5
-0.39065036177635193,-1.2987601086475113,0.14594730734825134,0.41495970835271867,-0.047921584094625005,1.3847688826443547,1.2291587413562262,0.8313238183386336,2.790129500978738,-0.02271728403866291,-0.3338344716093946,0.6666666865348816
0.21556980907917023,-0.7974557876586914,-0.2791383257665373,-0.6776565313339233,-0.39880406856536865,0.6172157315257812,0.39064552535993685,-0.748548247009388,-0.1277424369929749,0.7786791324615479,0.3716532270960763,0.5
-0.3148728311061859,0.644382981060839,-0.3297167122364044,-0.8109833002090454,-0.40198057283494115,1.0034283640657433,0.0651188029234215,-1.3249553325190555,-0.7771079540252686,-0.7573306560516357,0.24368043497380665,0.5
1.128905261446662,1.948181551412304,-1.5340287649936668,-0.4998875558376312,0.6812686093488791,-1.2873746251740865,-1.6054274437407965,0.7679377909183231,0.2204715460538864,-0.22306638956069946,-0.041507821530103683,0.3333333432674408
-0.856512750711818,-0.2625327408313751,-0.397668719291687,0.3561812186060505,-0.7729236579841596,-0.31272217894838683,1.2645192577840367,0.3076684342022565,1.2241142979739092,-0.2722345556335164,-0.1258353590965271,0.5
1.0094215173470074,0.09408261626958847,1.5034009253933107,-0.6556032037552199,1.3156020465262035,-0.9566229581832886,-1.515904595454555,0.3619131554025975,0.15812282264232635,1.1627072098465647,0.3801299035549164,0.3333333432674408
-0.08754027634859085,-1.244420420961389,0.07799530029296875,-0.16711075115791102,-0.2089032083749771,-0.0017111222259700298,-0.35835337165215303,-0.05577977829551091,-0.4030156433582306,0.37798094749450684,-0.46314552426338196,0.6666666865348816
-0.46642789244651794,-0.7982930849303369,-0.2617647051811218,1.580018226075578,-0.28691866869943783,0.822023545210786,1.2353949334807484,1.033216118812561,-1.4653565429620514,-0.7573306560516357,-1.306420922279358,0.3333333432674408
-0.46642789244651794,-0.4408404231071472,0.21389929950237274,0.8220886391057328,-0.39880406856536865,1.326660483322736,0.9846266093351732,0.3266114603076551,-0.5277130603790283,-0.15628336369991302,-0.8847832679748535,0.5
-0.3148728311061859,-0.6191481351852417,-0.12586070597171783,-0.8776466846466064,-0.12751711905002594,-0.8442803621292114,-0.21894240073475754,-0.6569525618526731,0.7192612886428833,-0.2898494303226471,-0.15694487017197106,0.6666666865348816
-0.6179829239845276,-0.3219686448574066,-0.397668719291687,-0.6998776793479919,0.9678247333784726,0.5038304328918457,0.6413739657040811,-0.4097321061909293,-0.15362077951431274,-0.0895003229379654,-0.37881800532341003,0.3333333432674408
-0.2390953153371811,-0.017364191873383714,-0.941284716129303,0.8235995727439513,0.07475194472265213,-0.17022497951984406,0.64327262401177,0.6491256199458566,-0.9104227406279571,-0.49019855260849,-1.3704331924537723,0.3333333432674408
-0.3148728311061859,2.16979648461241,-2.1007588913364215,-0.6109932065010071,0.5599961139039181,-1.2661868569865629,-1.6688420805123556,0.18052768792666912,1.3427485227584839,-0.15628336369991302,-0.041507821530103683,0.3333333432674408
0.8217899799346924,-0.5002763271331787,1.0293233394622803,-0.5880725688863354,-0.11515259646896282,-0.6757665276527405,0.1838049306382845,0.1915981074206748,0.0957741066813469,-0.890896737575531,-0.631800651550293,0.1666666716337204
-0.7695379853248596,-0.7974557876586914,-0.6079391541517897,-0.3469607452861179,-0.34454667568206787,-0.11456711679864379,0.6491984801652013,-0.5899846336982218,0.7828892045659875,-0.2898494303226471,-0.11304522489654009,0.5
1.4898432625911182,-0.9263622120706252,0.14594730734825134,-0.41099102794701114,-0.34454667568206787,0.2489547266405159,0.8822889618428391,-0.22635385452550402,-1.2191156277244901,-1.1580289602279663,0.4644574522972107,0.5
0.5652632350030943,-0.3814045190811157,0.8934193253517151,2.030423310801821,-0.030879108292413346,0.5038304328918457,1.6026730965872769,1.6499788352787508,-0.2783181965351105,0.24441486597061157,-1.306420922279358,0.3333333432674408
-0.2390953153371811,-1.0351994037628174,-0.19381269812583923,-0.833204448223114,-0.45164934351069974,0.2229740172624588,0.0878253801652841,-0.9099590359181379,-0.46536436676979065,0.7118961215019226,-0.030471397797235195,0.5
-0.09129612389498899,-0.9163275957107544,0.4177553057670593,0.1996815505786905,-0.42593276500701904,1.925965328585727,0.9626429218253841,-0.2540482743093818,-0.44811053013390945,-0.61977245213364,0.3801299035549164,0.5
0.8217899799346924,-0.5002763271331787,-0.02081487167417393,-0.766541063785553,-0.029402178933553454,-0.5933304199921142,-0.34474630525245503,-0.41211094107856006,-0.7285710161919409,-0.15628336369991302,0.04281972348690033,0.3333333432674408
1.9018011910333774,2.376832181471732,-0.12586070597171783,-0.4202059399786685,0.11484410024433395,-0.6120610598962208,0.029778238027237995,1.1659657275561648,-0.2159694880247116,0.008275944948426695,-0.8847832679748535,0.3333333432674408
-0.08754027634859085,-0.2625327408313751,-0.19381269812583923,1.024430269718255,-0.45295351758457236,-0.6195952296257019,1.1707651965871724,0.43187169792956415,-0.2159694880247116,-0.2623513492315678,-0.46314552426338196,0.6666666865348816
-1.224203109741211,0.6705769404280512,0.21389929950237274,-0.4866092351252165,-0.7243484258651733,-0.5072526931762695,-0.7780742476519749,-1.8847959237775993,-0.34066691994667053,-1.1580289602279663,1.710930422705811,0.6666666865348816
0.06401476263999939,-0.8568916916847229,-0.3297167122364044,0.5604520711312606,-0.18177451193332672,0.2167399208429522,0.964077555357627,0.5716349020199919,1.651658418469579,-0.04181937268154136,-0.2944904565811157,0.5
1.5449196680819242,0.15351851284503937,-0.05790869891643524,-0.6554354429244995,0.4593256196132446,-0.6990729358990545,-0.92038446064748,1.1667446878354186,0.5322151184082031,0.37798094749450684,-0.631800651550293,0.5
4.002552727393734,0.45983590373873257,2.075705881937724,-0.2919110544983942,0.8199633672004286,-0.9807929817159401,-1.2640353451694304,1.8922847072521969,-0.5900617837905884,1.6029259847238448,-0.041507821530103683,0.5
-0.3148728311061859,-0.20309685170650482,2.778211824523879,2.258509875519719,-0.2360319048166275,0.37287738266398035,1.1929494832574432,1.4414887467577586,-1.18321186719121,-0.6905476450920105,-1.559403657913208,0.3333333432674408
1.333358250354665,-0.7380198836326599,0.3775979835952275,-0.8776466846466064,-0.2631605863571167,1.03551104898025,-0.23524024097736393,-1.1641316472172896,-1.151200294494629,0.5620288037091818,1.4100297483394364,0.5
-0.16331779956817627,1.0984347363283802,-1.5556757730190363,-0.6332142949104309,0.4801450168999505,-0.22639626264572144,0.13400011055925637,0.09041955687486798,0.5945638418197632,0.04406575486063957,-0.32658260658799787,0.3333333432674408
1.6000552658879497,-0.024789171293377876,1.1652272939682007,-0.7220988273620605,0.7549663591120286,-0.6195952296257019,-1.1962985448142303,0.40715960100953824,-0.34066691994667053,1.0372654286870975,0.19392730629411112,0.5
-0.5422053933143616,0.27239030599594116,2.610215911547394,-0.4290702700274743,-0.24615098158872697,1.2819788292049714,2.113041917380302,-0.05292794833191162,-0.7028054821087739,-0.12853943503885637,-0.9691107869148254,0.5
0.8217899799346924,-0.5002763271331787,0.286945970102377,-0.6554354429244995,0.7333672487957856,-1.0424517873293904,-1.5695632442686633,0.09081809465408039,-0.028923334553837776,0.1108487918972969,1.223405361175537,0.5
-0.5422053933143616,-0.6785839796066284,0.21389929950237274,1.303897107158533,-0.4476526772359348,1.5357844503028397,1.1443509602547857,0.7838328294156213,-0.7147592306137085,-1.0244628190994263,-1.1932745202527237,0.3333333432674408
0.21556980907917023,0.5764041179615347,-0.12586070597171783,-0.6776565313339233,2.7470033334186255,-1.3875216455581225,-1.5354653585667493,0.2412984316104315,-0.028923334553837776,0.4447639584541321,-0.631800651550293,0.3333333432674408
0.1397922784090042,-0.20309685170650482,0.07799530029296875,0.9182070445082818,-0.6429623365402222,0.2229740172624588,0.7043041890989731,0.3926339229356337,0.033425383269786835,-0.5569815635681152,-0.2101629078388214,0.5
-0.5422053933143616,-0.6785839796066284,0.38886904931830996,-0.8109833002090454,-0.2089032083749771,0.5600017309188843,1.3380157335289837,-0.8381648498163331,-0.4030156433582306,-0.2898494303226471,0.12714727222919464,0.3333333432674408
-0.3148728311061859,0.034807027934084134,1.1652272939682007,1.361476041278118,-0.12751711905002594,1.6630217464462078,1.9022785050648034,0.9330626745736512,-1.213549017906189,-0.22306638956069946,-1.4197747077867011,0.3333333432674408
0.7464486367638039,-0.024789171293377876,1.1652272939682007,-0.6776565313339233,0.1123377125343981,-1.1251368522644043,-1.3339089987182926,-0.17404299417856947,0.32308482645982367,0.8109494499000065,1.3780529756308444,0.5
-0.3148728311061859,0.1275964070580851,-1.6313111886461542,-0.5665509104728699,0.6294179027901201,-0.5072526931762695,-1.144713821848812,0.7074662410187194,0.6569125652313232,-0.22306638956069946,-1.0033907005033122,0.3333333432674408
-1.1790381720770042,-0.4408404231071472,-1.6171159530482702,-0.833204448223114,-0.561576247215271,-0.5634239912033081,-0.01290875467220201,-1.067124846652542,0.2445651080979709,-1.1580289602279663,-0.373468421080156,0.3333333432674408
0.7460124492645264,-0.6191481351852417,-0.05790869891643524,1.9749811093713978,0.12168199974920274,-0.22639626264572144,1.2099869765067957,1.4376535899674068,-1.0888515710830688,-0.22306638956069946,-1.2275068703706564,0.1666666716337204
-0.7173873533395784,-0.14366096258163452,0.6895633339881897,0.5291374091619884,-0.2360319048166275,-0.5634239912033081,0.23881754343501663,0.3284135115644092,-0.028923334553837776,-0.3566324710845947,-1.137765884399414,0.5
1.5463033519507121,-0.4179673500610878,0.6088840352100123,-0.6998776793479919,0.3320259679706505,-0.3387388288974762,-1.6219508132691522,0.968347579558663,0.8439587354660034,1.3216383100236564,-0.5456899447397622,0.3333333432674408
0.1512386707163213,-0.12104469004193408,0.14594730734825134,-0.766541063785553,-0.15464581549167633,-1.4059932231903076,-1.711016573360858,-0.727499405933187,-0.1671980127432119,3.1314967878435733,1.8839806773271341,0.8333333134651184
-0.08754027634859085,-0.7974557876586914,1.187299350149232,-0.8109833002090454,-0.5344475507736206,-0.23142696440636784,-0.5044103162547648,-1.254012113182975,-0.6526990805508741,0.3111979067325592,0.8017675876617432,0.6666666865348816
6.353549003601074,6.289190383248337,9.11561107635498,-0.9887523055076599,-1.2940510511398315,14.546651840209961,5.739711284637451,5.315065096008004,4.896625518798828,9.794388771057129,3.078611373901367,0.0
0.5216312111246265,1.517380972141395,-0.2617647051811218,-0.6998776793479919,0.5143597905299316,-0.2825675308704376,-0.719865610416863,0.5635046677795454,-0.028923334553837776,-0.5569815635681152,-0.9691107869148254,0.3333333432674408
2.364687546724009,-0.024789171293377876,1.075994248005381,-0.16260943553615426,0.6173524090764685,-1.349821925163269,-1.5777454113877158,1.4313726115596357,0.33911699129726763,3.1805907766176493,0.3801299035549164,0.6666666865348816
-0.3148728311061859,-0.6191481351852417,-0.5502460757175712,0.929074166166769,-0.2902892827987671,1.0062601956355075,1.48092350237591,0.37300018708729593,-0.4030156433582306,-0.49019855260849,-0.631800651550293,0.5
-0.8453154563903809,-0.7974557876586914,-0.8032746217712362,0.5941005390232358,-0.3645754995739659,0.2791453003883362,-0.02568606735616258,0.3043533379461826,0.033425383269786835,-1.2915949821472168,-0.9691107869148254,0.5
-0.6179829239845276,-0.6795460607097702,0.6895633339881897,-0.5179681583340279,-0.7850263317680644,-0.5634239912033081,-0.37064136499930567,-1.3362465344978052,-0.028923334553837776,-0.49019855260849,1.4951315586148393,0.6666666865348816
0.12345408011558807,2.605841247484987,-1.7401927835710982,-0.6998776793479919,0.5634157579172427,-0.4444435546829723,-1.1774479803697435,0.7221266098760732,0.2204715460538864,-0.49019855260849,-0.8847832679748535,0.3333333432674408
-0.3148728311061859,1.5192046229059035,-2.0807572340118816,-0.5665509104728699,-0.2360319048166275,-0.5665791465285286,-1.2597335239763017,-0.8387670933917432,0.8439587354660034,2.219392496359877,1.8491901698588809,0.6666666865348816
0.4429023563861847,1.6823368921463941,-2.1644208431243896,-0.6332142949104309,0.8964748048774156,-1.1251368522644043,-1.5015735923931643,1.2846452194680145,1.3598506430715689,-0.02271728403866291,-1.0858499756646074,0.3333333432674408
0.06401476263999939,-1.052597586957132,0.9691139817703747,-0.8109833002090454,-0.5344475507736206,1.1837358523042811,0.8609154260365164,-1.3221368103504114,0.2828202545642853,0.5732175697012525,1.5607155561447144,0.6666666865348816
1.1181275030338063,0.30385298084365997,-1.0237328581163558,-0.7443199157714844,0.541747527938818,-1.0689655542373657,-1.4231549379507211,0.551193606106109,0.2828202545642853,0.6837206567405699,-0.3190990435856319,0.5
0.29134732484817505,-0.024789171293377876,-0.3297167122364044,1.086858334934618,-0.7495849481795581,-0.28510720483689156,0.19315745369948642,0.4317720601638965,-0.7771079540252686,-1.1988445947599187,-0.46314552426338196,0.8312038109346904
0.21556980907917023,-0.5597122311592102,1.018268863936796,-0.9215087819239212,-0.5344475507736206,-0.7881091237068176,-0.5163213307170326,-1.3390719310011536,-1.0888515710830688,-1.0912458896636963,0.6512805322077592,0.3333333432674408
0.45520155018444075,-0.2625327408313751,0.339250002601601,0.6333639151319862,-0.189900475719456,0.2791453003883362,1.6777360759941837,0.925719180737463,0.0957741066813469,0.9790282845497131,0.04281972348690033,0.5
-0.3148728311061859,0.09408261626958847,-2.1644208431243896,-0.766541063785553,0.3341828931198018,-1.349821925163269,-1.7322651717117823,-0.5128126791858173,0.7912820716870589,-0.22306638956069946,0.34076109516465775,0.5
-0.9968705177307129,0.6912600717441516,0.36115506238629563,-0.6087119792123284,-0.6767905667210731,1.6458288689808165,0.8934689582165943,-1.9374288687456145,0.26445068126341814,-1.2915949821472168,2.6560304713441574,0.6666666865348816
-0.46642789244651794,-0.9163275957107544,-0.051494884413793754,1.1763651549585654,-0.01900232955813408,1.3862388004827162,1.1346920942394123,0.6220820398610748,-2.062844409042714,-0.42341551184654236,-1.0712232738351861,0.5
-1.1768425143422474,-1.1676521491295566,0.6895633339881897,-0.8889507301021086,-0.5887049436569214,0.1828563552882472,-0.36832909294666943,-1.222024137053739,0.9063074588775635,0.7570348622886074,0.009440526447657055,0.6666666865348816
0.29134732484817505,0.4406235918385334,-0.12586070597171783,0.6287888661701343,-0.4801901578903198,-0.11405368894338608,1.6916241003265844,0.5390443026155621,-0.7771079540252686,0.35106814272908515,-0.8847832679748535,0.1666666716337204
2.5457183569887447,-0.19757293820062266,0.8336485745295139,-0.6107406482528613,0.062383756041526794,-1.4816857845219942,-1.6838509440560285,0.6205612648311222,-0.7147592306137085,-0.0895003229379654,1.602106086325856,0.6666666865348816
0.39307751825426657,-0.9757634997367859,0.6665493858606177,-0.8776466846466064,-0.6158336400985718,-1.1251368522644043,-0.9526913549444658,-0.593744765281823,-1.0193518000282875,-0.6237646341323853,0.12714727222919464,0.3333333432674408
1.2939751322896094,-0.7069981672089879,1.354138684327218,-0.9291169117661239,-0.2631605863571167,-0.5645329039013888,-0.42103872989976876,-1.7276646310299055,-2.9614170982500534,-1.2915949821472168,1.3976367687779057,0.5
-0.39065036177635193,0.27239030599594116,1.60243952611865,0.27741812144568945,-0.2089032083749771,0.08808062666055737,1.2021422276050826,-0.9924330780597411,-1.2768022484044017,-0.890896737575531,1.223405361175537,0.5
2.4646442997644193,-0.20309685170650482,1.0485599915234343,-0.07765290922550182,0.8978385282253283,-1.2420176239414604,-1.5754905850166077,1.0953969806199841,-0.9641541242599487,1.5945308767597839,1.223405361175537,0.6666666865348816
0.4429023563861847,-0.8352727834357757,1.6651963015826068,0.7176891593234925,-0.42593276500701904,-0.007997982306087087,0.2895155836687325,0.7991000740017438,1.117482104617326,-1.0244628190994263,-0.8847832679748535,0.3333333432674408
-0.16331779956817627,-0.34445699602682445,-0.397668719291687,-0.6234063414559994,-0.13109613874698897,-0.22639626264572144,-0.9432397941313886,-0.05062526227421578,0.8439587354660034,-0.957679808139801,-0.37491024240200016,0.3333333432674408
1.2831063005325274,0.9262854212992793,1.1652272939682007,-0.2988511848096056,0.7373374618837923,-1.0127942562103271,-1.329893102289589,1.7375153408345014,1.3535021643050813,1.7947694419808449,0.46986445337070726,0.5
-0.9210929870605469,0.09408261626958847,0.010043300688266754,-0.7220988273620605,-0.7243484258651733,-1.349821925163269,-0.9676082778138795,-1.2568860715879708,0.5322151184082031,-1.0366935061854585,1.223405361175537,0.5
-0.3148728311061859,-0.7380198836326599,-0.19381269812583923,0.1295356012895507,-0.18177451193332672,1.2043301282299193,1.8577835345577423,0.09015473784517095,0.6956627065461324,-0.3566324710845947,-0.1258353590965271,0.3333333432674408
-0.5701525409025945,-0.6191481351852417,0.21389929950237274,-0.09620795510734925,-0.19907032955931805,-0.6400406636817364,-0.05803199974608165,-0.9220815311319275,0.4025489333307744,-0.0015459907549616493,0.8017675876617432,0.5
6.353549003601074,-1.5701223611831665,9.11561107635498,-0.9887523055076599,-1.2940510511398315,14.546651840209961,5.739711284637451,5.3161420822143555,4.896625518798828,9.794388771057129,3.078611373901367,0.0
-0.43015332266751743,-1.2617503604419487,1.1222988697661593,-0.8554255366325378,-0.6158336400985718,0.6982375303272766,-0.009136853560851324,-1.155854411301229,0.33816578553986676,-0.5569815635681152,0.4644574522972107,0.6666666865348816
2.455318505727924,-0.2625327408313751,1.7932123543332927,-0.6998776793479919,3.0887626933518524,-1.4213455789433456,-1.7887621973298244,1.2470161453422894,-0.5867455399621151,8.698854704989774,-0.041507821530103683,0.5
-0.16331779956817627,-0.7813369696542197,-0.2617647051811218,-0.8109833002090454,-0.2943576303407211,-0.3949100971221924,-0.35862893987441685,-1.3037466605879489,-0.028923334553837776,-0.6237646341323853,0.6331125497817993,0.5
-0.7695379853248596,-1.213507056236267,-0.2617647051811218,-0.8225850533496561,-0.2089032083749771,-0.3949100971221924,0.10162401121984312,-0.47494640241808733,1.3287636083641985,1.5127243286916758,-0.1258353590965271,0.6666666865348816
2.32863572349559,0.27239030599594116,1.6910807875736145,0.2939819723922972,0.5019224153764783,-0.90045166015625,-1.4340433937532184,1.2390129266070666,-0.2159694880247116,0.9270038840474707,1.6524342001178154,0.5
-0.6384425699350458,-0.7974557876586914,-0.12586070597171783,2.0348816483790264,-0.34329615048301676,1.6381834557117199,1.1103587726181423,0.9434380960191938,0.8439587354660034,-0.8241137266159058,-0.46314552426338196,0.5
0.06401476263999939,0.7915283769010587,-1.4575997990888798,-0.5887720584869385,0.32412201189811807,-0.0017111222259700298,-0.8290055861722189,-0.24830046397590655,1.6615988501406485,2.432405230941855,2.05131878689889,0.6666666865348816
-0.39065036177635193,-0.5597122311592102,-0.05790869891643524,2.5759820182839452,-0.2360319048166275,1.745849850853463,1.415469418959868,1.6903562932273342,-0.5277130603790283,-0.6905476450920105,-1.559403657913208,0.3333333432674408
-0.3148728311061859,-1.0590794268216999,0.4857073128223419,0.5158515604447612,-0.2902892827987671,1.6675299701776671,0.5182960891208767,0.2888117775565902,0.7192612886428833,0.13085064307347913,-0.041507821530103683,0.8003801172313546
-0.08754027634859085,0.27429949282917504,0.573729855252787,-0.6998776793479919,-0.45306146144866943,-0.586126987226511,-0.28949011149389475,-1.5589933630101507,-0.5900617837905884,-0.8241137266159058,1.6450430154800415,0.5
-1.0670360850505698,-0.2625327408313751,-0.5335727334022522,-0.10985123832763427,-0.7974631405813754,0.26201581140204994,-0.10522143333616642,-0.5090935319117454,0.11349292607708511,-0.8241137266159058,-0.7161281704902649,0.5
-0.2390953153371811,-0.08422506600618362,-1.490067379327321,1.0895330562507668,-0.37167537212371826,0.39148786664009094,1.334063051263502,0.6202950887043273,-0.46536436676979065,-0.8414769393612687,-0.9691107869148254,0.3333333432674408
0.418197755421424,-0.2625327408313751,0.11720736912295371,-0.7443199157714844,0.4212766365823269,-1.590483895995646,-1.8104761720694633,0.6028014038810244,0.750802095459328,0.7355442435702991,-0.37881800532341003,0.5
-1.1639073720105384,-0.9757634997367859,-0.12586070597171783,1.190274543567172,-0.27966412853869077,1.443097001097243,0.3649517616069792,-0.12905340176736385,-1.5055568979653464,-0.22306638956069946,-0.37881800532341003,0.5
0.21556980907917023,-0.024789171293377876,0.7497252226774791,-0.544329822063446,1.9582103169285725,-1.3122846471288858,-1.6591969083763078,0.22249614543428073,0.16847974551748743,1.1374615411671016,0.720041757040831,0.5
-0.2390953153371811,-0.4958187851458515,0.6216112971305847,1.6885650392226592,-0.2631605863571167,1.090356478560062,1.6262521609280693,1.2281411266473667,-0.9018054008483887,-0.2898494303226471,-1.9503357454974606,0.3333333432674408
-1.3365501122981986,-0.4408404231071472,-0.19381269812583923,-0.2803565972239479,-0.9360432843337684,-0.22639626264572144,-0.2416060992534578,-1.760578558696174,0.43488819552622304,-1.0244628190994263,2.0182772309599115,0.5
-0.8453154563903809,-0.3219686448574066,-1.1247939523527546,-0.45811508492449937,0.3060985051324922,7.56239317301658,2.0266721958128984,-0.6136169154612685,-0.15362077951431274,-0.42341551184654236,-0.8847832679748535,0.3333333432674408
-0.3148728311061859,0.5989396598423852,-1.8735703799179189,0.17153618681171495,-0.1760847857032588,0.05446016043424606,-0.01169861053569057,0.04746601453863415,-0.5900617837905884,-0.7539675083131431,-0.8847832679748535,0.3333333432674408
-0.08754027634859085,-0.3219686448574066,-0.397668719291687,-0.833204448223114,-0.4801901578903198,0.6723442673683167,-0.023767319193351528,-0.9367422491275066,-0.5277130603790283,-0.22306638956069946,0.21147480607032776,0.5
0.4429023563861847,-0.5597122311592102,0.010043300688266754,-0.22746873645185814,-0.3174179792404175,0.35234489202154784,1.237229878638834,-0.2170028468746332,-0.2228694006779186,-0.02271728403866291,-0.37881800532341003,0.5
-1.148425579071045,-0.3214177080425965,-0.19381269812583923,-0.7443199157714844,-0.23762827316506768,-0.3678865974918661,-0.8053273256915868,-1.7177958786945615,0.8439587354660034,0.572748987604516,2.471836482246089,0.5
-0.02030844631600659,0.27239030599594116,-0.12586070597171783,-0.8227235436448186,-0.1886159174846667,-1.0673146055043814,0.43444282463617606,-0.4435140695455826,-0.3352899011534438,-0.3566324710845947,-0.61954551116312,0.3333333432674408
-0.8453154563903809,-0.5597122311592102,0.28185129165649414,0.09760013848912508,-0.5073188543319702,-0.18735114406994974,-0.26676218708056293,-1.0431433334476161,1.5674403703579165,-1.6974960153022087,1.1390777826309204,0.6666666865348816
-0.01176275685429573,-0.024789171293377876,0.09266774855284793,0.7586614717772383,-0.10038841515779495,2.0392721534372655,1.9620515007504702,0.7435763197242223,-0.6798724455310877,-0.11365102636439559,-1.2220934629440308,0.3333333432674408
-0.16331779956817627,-0.5597122311592102,0.010043300688266754,-0.7451265074130258,-0.6158336400985718,-0.5634239912033081,-0.3090492177528198,-1.0617621739832288,-0.9018054008483887,0.37798094749450684,0.7174400687217712,0.3333333432674408
-0.6937604546546936,-0.4408404231071472,0.14594730734825134,-0.6109932065010071,-0.4801901578903198,-0.3949100971221924,-0.030290455927035987,-1.5435537798584102,0.050552489057197975,2.01341162291575,1.7312530522599463,0.5
-0.3148728311061859,0.03464672341942787,-0.19381269812583923,-0.6554354429244995,0.2102244057067152,-1.0812756245921422,0.2583274551485011,-0.28103378022355685,-0.4355785496670296,0.05575703847739628,-0.8847832679748535,0.3333333432674408
0.21556980907917023,0.45881842909174164,0.4452424546604373,-0.6998776793479919,2.3536886559886137,-1.4866209668796497,-1.7342310795136096,0.7896552151316222,0.5322151184082031,0.6451131105422974,-0.8847832679748535,0.3333333432674408
-2.398572195140115,-0.14366096258163452,0.9567632004605969,-0.11479507202056972,-0.7719135335052002,-0.3387388288974762,-0.47517245142637443,-1.7010660496747285,0.15812282264232635,-1.0244628190994263,1.813698172569275,0.6666666865348816
0.29134732484817505,-0.6191481351852417,0.4857073128223419,2.5118187126411913,-0.016833582200648584,0.11063144356012344,0.8962793195188714,1.7943713221651707,-2.978772226754584,-0.49019855260849,-1.5363878114764882,0.5
0.06401476263999939,-0.5002763271331787,0.13962365451402226,-0.004501448722165682,-0.2631605863571167,0.2791453003883362,0.7837120487333001,-0.021506573818953437,0.2204715460538864,-0.5569815635681152,0.04281972348690033,0.5
0.06401476263999939,-0.8568916916847229,0.36964920245731014,-0.8820084435508325,-0.6255515496976657,-0.3387388288974762,0.17584817989381785,-0.857704553441791,-1.1319566123565028,-0.42341551184654236,0.12714727222919464,0.5
0.5186799168586731,-0.2625327408313751,1.423425971509247,-0.6988326291652686,2.2201379338395,-0.7881091237068176,-0.34074581746515187,0.4579069968432713,-1.151200294494629,0.24441486597061157,-1.1399408408730407,0.5
-0.6937604546546936,-1.0351994037628174,1.6250136962347745,-0.8109833002090454,-0.2360319048166275,-0.5072526931762695,-0.5739177905225642,-1.4007145569235568,-0.09127205610275269,-0.890896737575531,0.7174400687217712,0.5
-0.6937604546546936,-0.21468673615676226,1.0836180129548552,0.73949286188814,-0.01900232955813408,0.16061352394941628,1.1366424357817635,0.4621583341099057,-0.15362077951431274,-0.03847069628724946,-0.8847832679748535,0.5
0.06401476263999939,-1.422707034786852,-0.397668719291687,1.2180461292094784,0.46697034168586915,0.9838418431573703,0.4000028475083481,0.5866931935184033,-0.18287544413601156,-1.441021975416706,-1.0223034398037303,0.6666666865348816
-0.46642789244651794,-0.14366096258163452,-0.9501601370941528,-0.7220988273620605,-0.39880406856536865,0.16481297738018746,0.4343941301666522,-1.6857045530653652,-0.5277130603790283,-0.02271728403866291,1.5607155561447144,0.5
2.4044717750103595,0.33182618021965027,0.9831929179635224,-0.6998776793479919,1.0400028072655803,-1.349821925163269,-1.554136517392162,1.033216118812561,-0.03436583503965754,2.7293030469749047,-0.37881800532341003,0.3333333432674408
-0.5589141532280669,-1.2359970672555776,0.010043300688266754,-0.7220988273620605,-0.47668467397148306,0.33531656861305237,-0.16481211421575656,-0.8553181886672974,1.197738859526457,-0.49019855260849,-0.041507821530103683,0.5
-0.6937604546546936,-0.6191481351852417,-0.9110193465886067,2.1237294861018365,-0.37167537212371826,0.21104820043063324,0.4813409429294447,0.9318481790596327,-1.5602493116560308,0.17763182520866394,-1.137765884399414,0.3333333432674408
-0.3148728311061859,-0.9163275957107544,0.010043300688266754,1.4934731199858449,0.3508528551456372,1.2707714883818708,0.8794996715311921,1.228805431450136,2.729613711624582,-0.824581657701308,0.21147480607032776,0.5
0.7460124492645264,-0.2625327408313751,0.4177553057670593,0.6996300755132263,0.5526806659931309,1.3157793442811805,1.1232028972678942,1.2151559308084678,0.0957741066813469,0.7118961215019226,-1.1648312298223438,0.3333333432674408
0.48853484327574914,-0.3814045190811157,0.874856593127314,0.7244390821466735,-0.44082662940295997,0.19688712212036633,-0.4253254299158502,0.2148106520213215,0.12510019018355015,1.2463749658695966,0.922048607245285,0.5
-1.4785280240898406,-0.8568916916847229,-1.0301166774024317,0.26046717851112344,-0.2631605863571167,-1.1813081502914429,-0.994462010951673,-0.3855565282631901,0.46986642479896545,-0.8659586605473292,-0.46314552426338196,0.3333333432674408
-0.8453154563903809,-0.46633947989344937,-0.397668719291687,1.4005851077807514,-0.42593276500701904,0.2791453003883362,0.7266580563999914,0.22172836328955206,-0.5277130603790283,-0.15628336369991302,0.04281972348690033,0.3333333432674408
-0.3148728311061859,1.7515383377614946,-1.1120614635962724,-0.8109833002090454,-0.5887049436569214,0.5038304328918457,-0.2310058078904169,-1.5901429024502023,-0.2159694880247116,-1.1288655673524948,1.1480326327752939,0.3333333432674408
-0.44769994769751664,-0.8568916916847229,1.1244614654581877,1.438426035561818,-0.34454667568206787,1.4713520384432894,1.6496435881753888,0.8983207941055298,-0.5900617837905884,-0.42323584442867485,-1.0534383058547974,0.3333333432674408
2.5396806995661647,-0.2059138318542828,1.40600277523184,-0.35881252776035255,0.2295094583229334,-1.349821925163269,-1.6988436900741197,0.9324423599357495,-0.028923334553837776,0.4447639584541321,1.330643392828797,0.6666666865348816
-0.3148728311061859,0.155291744707233,-0.3297167122364044,-0.6976741891773934,-0.3174179792404175,-0.45108139514923096,2.0897000647912076,-0.5336834101081365,-0.9369846776849784,-0.22306638956069946,-0.8847832679748535,0.5
-0.16331779956817627,0.24532794872449537,-0.2617647051811218,-0.5079623816082395,-0.7400594592758524,0.36366807062821116,0.12950048155974278,-0.9184542873292502,1.0933536291122437,0.1108487918972969,1.5607155561447144,0.5
3.4133016545067383,0.4995342812076562,2.5045469258335498,0.39067716414353976,0.5616008464606211,-1.505091689490381,-1.8063761037760977,1.2995809783634134,-0.07907751671269868,0.5125472278326281,1.986357444476299,0.8333333134651184
-0.7837441962590683,-0.3814045190811157,-0.4656206965446472,1.2994996975659845,-0.45306146144866943,0.4476591646671295,0.6470956944589864,0.6778040860959009,2.190482154687283,0.9790282845497131,0.3801299035549164,0.6666666865348816
-0.2390953153371811,-1.0351994037628174,-0.19381269812583923,1.4922860816076051,-0.2089032083749771,-0.0578824058175087,0.2566286036669545,0.824863659105203,-1.0265028476715088,-0.15628336369991302,-1.065047511647877,0.6666666865348816
-0.4100775975172519,2.001771310744486,-2.0054223167194607,-0.8425041496085772,-0.8328632116317749,-1.349821925163269,-1.710851153514429,-1.1008513711864736,-0.4030156433582306,-1.7755895932716952,-0.22865716935088032,0.1666666716337204
-0.5387444865949985,-1.094635248184204,-0.4656206965446472,0.7959609633284125,-0.2631605863571167,0.8154269715656475,-0.08331760652127176,0.2974893538455345,-0.2159694880247116,-0.6237646341323853,-0.7161281704902649,0.5
6.353549003601074,7.345261573791504,9.11561107635498,5.899796485900879,15.037424087524414,-1.630678415298462,-1.7903387129459944,5.3161420822143555,-3.1463592052459717,9.794388771057129,-2.1496963500976562,0.0
-0.46642789244651794,-0.6278460047754745,-0.397668719291687,-0.8554255366325378,-0.42593276500701904,-0.8442803621292114,-0.17584424716854208,-0.7046600358995894,1.1557023525238037,-0.3176489310937148,0.2252786340287671,0.5
-0.6179829239845276,-0.6811718029456932,-0.19381269812583923,-0.06269946203105857,-0.7243484258651733,0.16680273413658142,0.1582654914085106,-1.3526549230114377,-0.2783181965351105,-0.7573306560516357,1.3435385714394132,0.6666666865348816
0.17001553056311913,-0.14366096258163452,0.5927339094512994,-0.7887621521949768,-0.37167537212371826,1.0058216247936895,0.911705823197701,-0.38939977353217664,0.033425383269786835,0.07026200758178773,-0.2944904565811157,0.8333333134651184
0.1397922784090042,-1.0497603610717465,1.771299118560933,-0.571013745874036,-0.3781565199413517,-0.3323757566515541,-0.2518072513908252,-0.224407723350072,-0.46536436676979065,-0.22306638956069946,0.3967567567333248,0.5
1.1311579092004123,-0.3219686448574066,0.34980329871177673,-0.6332142949104309,0.44045347329185475,-1.2511831867479093,-1.1843625293668,0.9458126795471206,-0.39565471782145806,1.8674865995969834,-0.7161281704902649,0.5
-0.4289081876806127,-0.9163275957107544,0.4177553057670593,-0.7220988273620605,-0.6429623365402222,-1.2936506271362305,-1.3541092789641591,-0.9747957543138948,0.46986642479896545,0.5749336799342284,1.3214790776907268,0.5
0.6681429587863508,-0.4661389841585845,0.5275777804951407,-0.766541063785553,-0.15464581549167633,-0.351446118746831,0.9868596876396691,0.07110080038960372,0.4075177013874054,-0.8241137266159058,-0.7161281704902649,0.3333333432674408
-0.6496361530274847,2.7721666016914663,-2.1644208431243896,-0.5345625836846922,0.8426285949219096,-1.1251368522644043,-1.6734938275897444,1.1653407795428123,4.399188961659523,2.7991495303475045,-0.8004556894302368,0.26734405760952396
-0.08754027634859085,0.09408261626958847,0.6895633339881897,-0.8109833002090454,-0.37167537212371826,0.6723442673683167,-0.10433155761279483,-1.8275646162651162,0.15812282264232635,-0.6905476450920105,2.235897171717875,0.5
1.3879660276357129,-0.5002763271331787,-0.05790869891643524,-0.6109932065010071,-0.697219729423523,0.33531656861305237,1.2802368671515683,-0.6702442431941009,0.033425383269786835,0.24441486597061157,0.8017675876617432,0.5
-0.39065036177635193,-0.1300596047130732,-1.1376800064112358,-0.07227380854647683,-0.5151993615935029,-1.0127942562103271,-0.18125036594232719,-0.24831045334416155,-0.04169968503106714,-0.02271728403866291,-0.46314552426338196,0.3333333432674408
0.1397922784090042,1.3315243304197886,0.5536593198776245,0.44392516765202167,-0.6538620974677962,-0.5634239912033081,0.07534165800270726,-0.8232237068388529,-0.5260445377881343,-0.6237646341323853,1.9908803075778176,0.5
-0.2390953153371811,-0.3814045190811157,1.0616997170548268,-0.30239111302952076,-0.5073188543319702,0.2791453003883362,0.3214384058465989,-0.9076365620459478,-0.15362077951431274,0.04406575486063957,0.9505184050619006,0.6666666865348816
-0.46642789244651794,-0.7974557876586914,-0.17896236606136914,2.5948634220353095,-0.2360319048166275,1.936952319725254,1.1564857468155154,1.219880259609166,1.355065979347871,-1.228528876193186,0.29580235481262207,0.5
-0.6179829239845276,-0.21527574266255503,1.0659628915423092,-0.8109833002090454,0.7434170219286692,0.08895384854698087,-0.019509974867105484,-0.31201884464801877,-0.4030156433582306,-0.6237646341323853,-1.2665624740932264,0.3333333432674408
-0.25823859117367637,1.67009596885237,-2.064677594883618,-0.5887720584869385,2.252680578000111,0.4476591646671295,-1.0909616590682933,0.2966747301888037,0.9686561822891235,0.43544605894120336,0.8863656850314846,0.5
-0.6937604546546936,-0.18279512584519,0.14594730734825134,-0.28947087866638094,0.3406198272907855,-0.22639626264572144,0.7759685817918279,-0.02008209468791675,-0.36922609211028135,-0.7573306560516357,-0.8004556894302368,0.3333333432674408
0.7460124492645264,2.491488555842713,-0.19381269812583923,-0.5440773072397318,0.9763962706886153,-0.8442803621292114,-0.725370104768225,1.0938472394674632,0.37354382724413027,0.7095394505758463,-0.631800651550293,0.5
0.5142027661703898,-0.3814045190811157,0.5536593198776245,-0.6998776793479919,-0.23742243329016283,-0.5634239912033081,-0.28548737547795244,-0.24831696268639253,0.4075177013874054,1.521684805806179,1.934765813213213,0.5
-0.01176275685429573,0.7705975337294092,-0.6694766879081726,-0.6689866965209988,0.2446673526470647,-1.3713526885002116,-1.498304495321266,0.899961368903433,0.47252617737488567,0.9335286738176989,-0.631800651550293,0.3333333432674408
4.262311808856707,1.5256411214162608,5.1816798031567535,0.3957783015644597,0.9904586887062248,-1.1251368522644043,-1.214255203043005,1.6978340609300255,-0.028923334553837776,0.6451131105422974,1.724966865739201,0.3333333432674408
-0.9632250497041485,-0.6191481351852417,0.14594730734825134,-0.8776466846466064,-0.5887049436569214,0.7846868634223938,0.07988111765769361,-1.1255144910231665,0.8439587354660034,1.3465989920891426,0.33636157306672154,0.5
0.5944573879241943,-0.7974557876586914,0.4857073128223419,1.9355951251075763,-0.2902892827987671,0.7988692456070878,0.4320169117958383,1.2477392578910076,-1.213549017906189,0.7786791324615479,-0.47620070488431576,0.0010635387275747944
-0.3148728311061859,-0.3814045190811157,-0.6694766879081726,1.2931546657255213,-0.5073188543319702,0.11063144356012344,0.2396987397239603,-0.12954527116177134,0.0957741066813469,-1.2915949821472168,0.4644574522972107,0.3584815489702885
3.338752292427499,-0.14221341543394128,0.4014923906595883,-0.5998343260636321,0.012823156455871454,-1.594169107047387,-1.2769316637279262,1.0748206718243056,-1.7102768643019175,2.0189461846041357,-0.631800651550293,0.3333333432674408
-0.16331779956817627,1.8094220753741606,0.8175867578588133,-0.2936904395558023,-0.5742031798808522,0.2229740172624588,-0.11157874189126862,-0.7056131173958949,1.4039317749523064,0.9520586343074333,1.5607155561447144,0.8054166161574824
-0.340985137298435,-0.14366096258163452,-0.05790869891643524,-0.7220988273620605,-0.4801901578903198,0.05446016043424606,0.33906258000417194,-1.602215429552616,0.0957741066813469,-0.890896737575531,1.438306781317389,0.6666666865348816
-1.0738149882849128,1.48121679640846,0.4857073128223419,0.41717748728007725,-0.6165730330621008,0.9532006978988647,0.23114386979540175,-1.1306807666539718,0.8436295426005337,-0.22306638956069946,1.4902561762759245,0.6666666865348816
-0.46642789244651794,-1.0760520345694928,-0.397668719291687,0.16166102442879896,-0.4801901578903198,-0.2825675308704376,0.6099957416795325,-0.610794748941924,1.0379343387362632,-0.7573306560516357,1.1390777826309204,0.5
-0.2390953153371811,-0.6191481351852417,-0.3297167122364044,0.7562214147917588,-0.4100805626663745,-0.9566229581832886,-0.6858067081606324,-0.34134972928801804,-1.0265028476715088,-1.0244628190994263,0.29580235481262207,0.5
-0.018814069863213434,2.4880748210728147,-1.9144695390241482,-0.6998776793479919,1.2739831028194124,-1.151180780250411,-1.278283746086306,0.39469676553175886,0.9799822812201456,1.3242083340920674,-0.041507821530103683,0.3333333432674408
0.21556980907917023,-0.3814045190811157,-0.2617647051811218,-0.8776466846466064,-0.5113270495953759,0.006630919610954867,0.7263799849098559,-0.5975846486859779,-0.7771079540252686,-0.22306638956069946,-0.3360152502109632,0.3333333432674408
0.5186799168586731,-0.7380198836326599,1.4386219277289862,2.6609666243874663,-0.2902892827987671,2.1377778775703797,1.4864819444348154,1.8367924644940312,-1.543839690070591,-1.1580289602279663,-1.4051424433396649,0.5
-0.2390953153371811,-0.4408404231071472,-0.05790869891643524,1.789150989369251,-0.18177451193332672,1.8198829725638386,1.2825713826553917,0.8564105106073855,0.0957741066813469,0.5051435146212923,-0.46314552426338196,0.3333333432674408
-0.16331779956817627,-0.5002763271331787,1.1652272939682007,-0.8402110982230485,-0.9522152228130856,-1.349821925163269,-0.0672878759251756,-1.0473328539595714,-0.46536436676979065,0.06295365249167909,1.223405361175537,0.5
-0.01176275685429573,3.086913373846007,-2.1644208431243896,-0.6998776793479919,0.44826153793119133,-1.0127942562103271,-1.516528233280651,0.8983207941055298,1.837397497730543,0.24441486597061157,-1.137765884399414,0.3333333432674408
-0.9210929870605469,-0.6714022069298067,0.9214619086386769,-0.8776466846466064,-0.6429623365402222,0.31548547048597836,-0.5331727000536772,-1.128794023794228,0.8156520718850411,-0.0895003229379654,0.3801299035549164,0.5
1.446461383718804,1.0267251134904682,0.9857054322939794,-0.5726532975042138,0.8256688830839638,-1.349821925163269,-1.7111275090817597,0.42818766970882155,-0.2783181965351105,0.17763182520866394,0.726571508831976,0.3333333432674408
-0.7859536666210404,0.880236155663791,-0.5335727334022522,-0.6904072886956517,0.37286902781009423,-1.4059932231903076,-1.4403898946863156,0.27993646967186375,0.7753126775056475,0.6451131105422974,-1.2220934629440308,0.3333333432674408
-0.5544205829909195,-0.3219686448574066,1.5962929328140525,0.8853639951390725,-0.2902892827987671,1.790199523010633,0.9871134262637065,0.4282559044117819,-0.9641541242599487,-0.957679808139801,-1.306420922279358,0.5
0.5186799168586731,-0.14366096258163452,1.334922946633508,-0.542247107551294,1.0651557460198733,-0.11405368894338608,0.11369669322050531,0.6060618110835276,0.15812282264232635,-0.0895003229379654,-1.137765884399414,0.3333333432674408
-0.6937604546546936,-0.20309685170650482,-0.05790869891643524,-0.8554255366325378,0.7054851298860371,-0.6195952296257019,0.7324808971444492,-0.8503527594694861,-0.5277130603790283,-0.684277638114557,-0.9085547355584374,0.5
-0.08754027634859085,-0.4408404231071472,-0.16843660336508298,0.27703748787709315,-0.6429623365402222,-0.9099026149432479,-0.2567663370613347,-0.19014970970758144,-0.7147592306137085,0.37798094749450684,0.8017675876617432,0.5
-1.3544709788830167,0.5605164464574889,-1.288715642027011,-0.374384189539111,0.27252773648961615,-0.6195952296257019,-0.7349883098938751,-0.8666722823227282,-0.2159694880247116,-0.456984299806619,0.8017675876617432,0.4574211217101121
0.8994682583634847,-0.4408404231071472,1.1560117975314983,0.25220431612305855,-0.3174179792404175,-0.5072526931762695,0.06966789945493021,0.4302040306181376,-0.028923334553837776,-0.5493195530116833,0.29580235481262207,0.5
-0.01176275685429573,0.33182618021965027,0.07799530029296875,-0.8507369649366897,-0.3773378511953536,-0.22639626264572144,0.008514451804813097,-1.356838374157567,-0.17837466847709252,-1.3804285097525226,1.2291862030199248,0.3333333432674408
-0.6937604546546936,0.7006295700925309,-0.4656206965446472,-0.8041396911908474,0.03588610863865782,-0.11405368894338608,1.1182034572426334,0.0448381828463591,0.5145483112760304,0.15378238648439121,-1.137765884399414,0.3333333432674408
-0.7695379853248596,-0.3814045190811157,-0.5335727334022522,0.7524107206704271,-0.13195250663527397,0.7312979231626846,0.8206714340484182,0.292815276978003,0.34516897797584534,-0.3566324710845947,-0.4089907446414384,0.3333333432674408
-0.39065036177635193,-0.14366096258163452,0.14594730734825134,1.1507626244149127,-0.697219729423523,1.7023331540072506,1.2026366734063434,0.2639131027966576,-1.00460819827483,-0.42341551184654236,-0.2944904565811157,0.3333333432674408
0.21556980907917023,1.1479699406279615,-1.303997655384352,-0.5665509104728699,0.5638453796237903,-0.9215884581729119,-0.8917707777339151,1.1222421966958065,1.97247825706085,0.6610307542376589,-0.631800651550293,0.3333333432674408
0.5944573879241943,-0.3814045190811157,1.1652272939682007,-0.7220988273620605,11.618021251381208,0.11063144356012344,-0.9998776912529121,0.6256072225329418,-0.6524105072021484,0.17763182520866394,-1.137765884399414,0.5
2.2667919837059514,0.01446733351065281,0.28185129165649414,-0.6776565313339233,0.8622139472793817,-0.731937825679779,-1.0054760941896967,0.47193410970288074,-1.189645776857578,0.4447639584541321,-0.46314552426338196,0.5
-0.08754027634859085,-0.5597122311592102,-0.2617647051811218,-0.5339557345858204,-0.6700910329818726,-0.45108139514923096,-0.24997310342165396,-1.2471318702661562,0.46986642479896545,-0.3566324710845947,1.6450430154800415,0.5
-0.6937604546546936,-0.6191481351852417,-0.8053807020187378,0.7092956200909392,-0.03865841443841481,1.7571807118595664,0.8245904284416502,0.35459522036461566,-0.23411182385912743,-0.5569815635681152,-0.6820886304799832,0.5
6.353549003601074,1.7192832851856128,9.11561107635498,-0.9887523055076599,-1.2940510511398315,14.546651840209961,5.739711284637451,-0.3267081943590445,4.896625518798828,9.794388771057129,3.078611373901367,0.0
0.7460124492645264,-0.16767480035655277,0.4857073128223419,-0.6998776793479919,-0.2360319048166275,-0.22639626264572144,1.1011410053672337,-0.04222587873676655,-0.8394566774368286,0.17763182520866394,-0.5474730730056763,0.3333333432674408
0.1397922784090042,0.3544912628117703,-0.4656206965446472,0.08400294326685998,-0.06350329404739269,-0.23070246986004375,-0.19356640840602268,-0.10871521414065038,-0.2783181965351105,1.2097437416174572,1.609855301316165,0.6666666865348816
0.3397832084971524,-1.094635248184204,-0.5688649391941405,-0.8497712372390478,-0.3453036784089587,0.2791453003883362,-0.10700879096549251,-1.1049941468063234,-0.7771079540252686,-0.22306638956069946,0.3801299035549164,0.6666666865348816
-0.6937604546546936,-1.225258538965331,-0.12586070597171783,-0.7887621521949768,-0.37167537212371826,1.1303503324380628,0.12283319343089244,-1.534311223737507,1.0933536291122437,-0.6237646341323853,1.5607155561447144,0.6666666865348816
-0.8453154563903809,-0.039321485126778945,-0.8168254271412818,0.7758772918375544,-0.15326458458530093,0.8943761108084854,1.6249248824069944,0.6443786974104205,1.0933536291122437,0.1108487918972969,-0.46314552426338196,0.3333333432674408
0.5026084320234407,-0.4408404231071472,0.010043300688266754,-0.4998875558376312,0.062383756041526794,0.5038304328918457,1.5133427922351435,0.22765184376778672,0.6569125652313232,0.09565361448192147,-0.7161281704902649,0.3333333432674408
1.0234138905692267,-0.3814045190811157,1.6952512620218045,3.2822522650451105,-0.2360319048166275,1.2349593973811823,1.1293101082091763,2.6674923504657357,-1.4183602102376704,0.7786791324615479,-1.4750760793685913,0.5
-0.7695379853248596,-1.0738256308961287,0.07799530029296875,-0.569149419213456,-0.15715068939559282,-0.7671807879579141,-0.16954801843035583,-1.519051531466886,-0.5900617837905884,-0.890896737575531,1.392060399055481,0.5
1.9098177378205479,1.6919244669611764,-0.5473139899821214,-0.6332142949104309,0.9784255544403012,-1.2417466725364323,-1.3947922627233469,1.765401123791891,1.4042945030039127,0.3111979067325592,-0.37881800532341003,0.3333333432674408
-0.08754027634859085,-1.094635248184204,0.4177553057670593,-0.833204448223114,-0.22395200476231925,-0.506049463485758,0.15086006829192314,-0.19624884566429876,1.6159354565806043,-0.11202092791927717,-0.46314552426338196,0.3333333432674408
-0.16331779956817627,-0.024789171293377876,0.5984885499455554,0.4482008652841952,-0.6158336400985718,0.6228456748337372,0.5897234218868506,-0.5204093976274488,-0.34066691994667053,-0.8646776264896203,0.4109973934939065,0.6666666865348816
-0.01176275685429573,-0.14366096258163452,0.010043300688266754,0.15597019419972116,-0.5073188543319702,-0.2825675308704376,1.0517736100516601,-0.2141481063936067,0.0957741066813469,0.4906224405540026,0.3801299035549164,0.5
0.7460124492645264,-0.8568916916847229,0.1576555297880805,-0.8776466846466064,-0.4663250248518559,0.08747451171104506,0.03825693491011542,-0.42162727578522163,-0.991645908242406,-0.890896737575531,-0.8847832679748535,0.5
-0.46642789244651794,-0.6191481351852417,0.14594730734825134,-0.5831952102130438,-0.5344475507736206,1.209623172820824,0.09954591102239584,-0.7694329181542107,0.15812282264232635,0.323622536520702,0.06017713283692239,0.5
-0.6937604546546936,-0.6191481351852417,1.1140371472764956,0.6394127436443022,-0.45306146144866943,0.05446016043424606,-0.050505381473367465,-0.48776829722352777,-1.295680649229772,0.010368938856953613,0.21147480607032776,0.5
-1.148425579071045,0.6301955822557634,0.024792647335964847,3.3238280521756307,-0.34454667568206787,0.5600017309188843,0.3721658530897412,0.9405758588883147,0.5945638418197632,-0.49019855260849,1.6450430154800415,0.5
1.5768827681919035,1.1914312621102552,1.4110338798293256,-0.6332142949104309,0.6435301759417386,-1.6056406303005932,-1.8772059180138922,0.835570582266664,-0.2159694880247116,-0.49019855260849,0.21147480607032776,0.3333333432674408
-0.2840096689866838,-1.1449672339292476,-0.2617647051811218,0.5234198736000801,-0.04613102599978447,1.1482162827930187,0.9820836129387058,0.40510009315147427,0.8439587354660034,-0.49019855260849,-0.8847832679748535,0.6666666865348816
-0.46642789244651794,0.7035961557003103,-0.12586070597171783,1.564986851091218,-0.2631605863571167,0.9532006978988647,0.6344236440007909,0.8320129737665964,0.15812282264232635,-0.49019855260849,-0.8004556894302368,0.5
-0.5422053933143616,0.03464672341942787,-0.05790869891643524,-0.7716223562112952,-0.8328632116317749,-0.004046562806150643,0.7223695343079858,-1.701160918597579,-0.2516722957099247,-1.0244628190994263,1.392060399055481,0.5
0.29134732484817505,1.5555678666396042,1.1652272939682007,-0.6776565313339233,-0.2360319048166275,-0.8315681131085312,-1.306277702242908,0.7989250240409744,1.3567786383805027,0.15233594305937678,-0.7161281704902649,0.5
-0.8453154563903809,1.2477127978693043,0.0877900074658015,-0.7220988273620605,0.062383756041526794,-0.5072526931762695,-0.5205284756613052,-1.2437073961153076,0.5945638418197632,1.4133534259024783,2.14262983274964,0.6666666865348816
1.003876602291582,-0.7974557876586914,0.14594730734825134,0.8345546507367161,0.3755789286822263,-0.385082749433348,0.7206355691073119,1.033216118812561,-0.2159694880247116,0.24441486597061157,-0.8847832679748535,0.3333333432674408
0.1397922784090042,2.6723985758598134,-2.144324063299465,-0.766541063785553,0.5520694137568383,-1.4059932231903076,-1.8193982110624125,0.8983207941055298,2.1293620534173465,0.6451131105422974,-0.1258353590965271,0.1666666716337204
-0.9968705177307129,0.5710208760498263,0.041351382005420066,0.3778168739483041,0.16998518729930356,1.269034460653852,1.3179657384128407,-0.3675623574134522,0.5322151184082031,-0.42341551184654236,-0.46314552426338196,0.5
-0.2390953153371811,-0.20309685170650482,-0.05790869891643524,0.5355654140756515,-0.7159163752184305,-0.5022135123351351,-0.03719358837185184,-1.1992772576831334,0.0957741066813469,-0.6237646341323853,2.1551103427854335,0.5
-0.46642789244651794,-0.8568916916847229,-0.397668719291687,-0.7443199157714844,0.40687525486239473,0.39148786664009094,0.3570148186176329,-0.3330740147718863,1.8138811865365543,0.2995124660386466,0.0014415336264762824,0.5
1.366976741784926,-0.7974557876586914,0.14594730734825134,0.06996086337934475,-0.34454667568206787,-0.0578824058175087,0.1293630622604418,0.2958211403318581,-1.5261591816556397,-0.6237646341323853,-1.137765884399414,0.3333333432674408
0.29134732484817505,1.742191326971172,-0.5335727334022522,-0.5388880019778004,0.5490975715105053,0.20574206500850745,-1.0271926818561634,0.3605259253341583,0.2204715460538864,0.9122452139854431,0.21147480607032776,0.5
-0.898289617695837,0.17954614747602055,-0.2617647051811218,-0.5784940270732909,-0.64905538738702,0.4952379218877548,-0.3716208364879964,-1.6629277167922045,0.35255242106838486,-0.5191161672028035,1.7294483643463596,0.5
0.6761992256085197,-1.219633570615602,-0.12586070597171783,-0.8109833002090454,-0.41088049096022644,-0.006059936407096508,0.07063326103334443,-0.3757181159191654,-0.044574502530003036,-0.49019855260849,-0.2944904565811157,0.5
-0.3148728311061859,-0.6191481351852417,-0.05790869891643524,-0.6332142949104309,-0.19670628886626626,-0.17022497951984406,0.6509046591586553,-0.2566026575856931,-1.4005951881408691,-0.0895003229379654,-0.9691107869148254,0.3333333432674408
0.5242119349767961,0.14208135214333006,-0.05790869891643524,-0.6855920938664808,-0.09206539645076448,-1.2936506271362305,-0.40054867154858664,1.033216118812561,1.2446224514127648,1.6273528277276235,-0.2101629078388214,0.5
0.5944573879241943,-0.3814045190811157,1.509577542074539,5.534598829716297,-0.4801901578903198,0.2229740172624588,0.9392850868648323,4.953644628519603,-1.569259654287245,0.3111979067325592,-1.551127864452458,0.5
-0.9942400624123684,-0.6785839796066284,-0.5335727334022522,-0.6554354429244995,-0.1054729476454703,-0.05267265475587801,-0.00517054416047991,-0.24117669627908805,0.038469369120781464,-0.0895003229379654,-0.9691107869148254,0.3333333432674408
-0.46642789244651794,-0.7974557876586914,0.5536593198776245,0.6813786058682273,-0.536368634385237,0.5867353610268007,0.6564410400446106,0.25149166860607114,-0.573081652637612,1.1601999720017278,-0.631800651550293,0.6406985568202873
-0.2390953153371811,-1.094635248184204,2.609925130455672,-0.2673714335513386,-0.04613102599978447,1.283077184684731,1.190106011457233,0.5647610287884799,2.6935599640875614,0.17763182520866394,-0.8847832679748535,0.5
0.29134732484817505,0.09408261626958847,-0.12586070597171783,-0.5887720584869385,-0.6429623365402222,-0.3387388288974762,-0.8532032884266058,-1.6640011851586973,-1.0888515710830688,0.3111979067325592,1.9346902030367263,0.6666666865348816
2.029867823111475,4.251482881631839,0.6216112971305847,-0.6776565313339233,2.7337169308202554,-1.0210438076102664,-1.3740504447974673,1.410597536352245,-0.8690036779708266,1.6023072570610308,-0.50647259902258,0.3333333432674408
-0.8453154563903809,-1.0137020585722478,-0.12586070597171783,-0.8776466846466064,0.052235280300957476,-0.6195952296257019,0.09533527414496762,-0.45841065088261984,-0.2159694880247116,-0.6237646341323853,-1.137765884399414,0.5
0.6702349185943604,-0.14366096258163452,1.3645052356902834,2.5461582527991924,-0.34454667568206787,1.9275869143008608,1.2191198537460677,1.8597738236322912,-1.825086117385769,-0.957679808139801,-1.4750760793685913,0.3333333432674408
0.9587714781186277,1.212035298834964,-0.05790869891643524,-0.3212906404130669,-0.07325971871614456,0.05446016043424606,1.1228526868408366,0.8323098435152056,-0.2159694880247116,-0.49019855260849,-0.9691107869148254,0.3333333432674408
1.3218312380072548,-0.5002763271331787,0.6895633339881897,0.7822528608244617,-0.2089032083749771,1.6752316386224466,0.9398167076136972,0.8447936203829457,0.0957741066813469,-0.957679808139801,-0.9691107869148254,0.6666666865348816
0.5944573879241943,0.5861846832185447,1.3391486465185016,1.7121984456760277,-0.2902892827987671,-0.6195952296257019,0.3161305265609126,0.10470577015281074,-1.0888515710830688,-0.890896737575531,1.6450430154800415,0.6666666865348816
-0.2390953153371811,-1.094635248184204,-0.2617647051811218,-0.8554255366325378,-0.2631605863571167,1.1217145919799805,0.15203749767219352,-0.6545930056166754,-0.028923334553837776,0.8767345295121648,-0.46314552426338196,0.6666666865348816
0.2556451174373615,-0.5597122311592102,1.1652272939682007,0.8476801730468674,-0.6429623365402222,1.2702846389884832,1.4238845682749988,0.32771906887461366,-1.502191704415485,-0.6905476450920105,0.29580235481262207,0.6666666865348816
-0.46642789244651794,-0.9757634997367859,0.14594730734825134,1.5538597294803984,-0.2902892827987671,0.6723442673683167,0.5635358019936133,0.5189057244158835,-2.9493743021948164,-1.0244628190994263,-0.9691107869148254,0.8333333134651184
0.5944573879241943,-0.7974557876586914,0.5997285636532496,-0.7443199157714844,0.03971225890980193,-0.9566229581832886,-1.343875016666168,-0.3396821431936208,-0.34066691994667053,1.8183345640088597,1.813698172569275,0.6666666865348816
-0.6117465577569345,-0.3814045190811157,0.21389929950237274,-0.5417128233110414,-0.9003126570191727,-0.6757665276527405,-0.8173165965332301,-1.532500031184031,-0.2159694880247116,-0.22306638956069946,1.4200533595969642,0.5
-0.31203712749907087,-0.3814045190811157,1.707251501948094,-0.19558276680526682,-0.3174179792404175,0.7846868634223938,1.1277306873976274,0.32466920525675724,0.08146393989297648,-0.22306638956069946,-0.8812511164411311,0.3333333432674408
-0.01176275685429573,0.6761608726415544,-0.4656206965446472,0.6730260587738431,-0.7270000164119684,-0.29169938358646336,0.7807525765194555,0.3737960486687326,0.5677096147176928,0.37798094749450684,0.345183112046187,0.5
0.4429023563861847,-0.14366096258163452,0.14594730734825134,-0.6776565313339233,0.33321353622795985,-0.6195952296257019,-1.3033230381666803,-0.4541028366084181,-0.028923334553837776,2.057699050490445,1.392060399055481,0.6666666865348816
-0.3148728311061859,-1.2459500579718175,0.010043300688266754,-0.8998677730560303,-0.8328632116317749,-0.6010373630964504,-0.5834905949897184,-0.9908824701959957,-0.5277130603790283,-0.7573306560516357,-0.1258353590965271,0.5
-0.6980899687906404,-0.9332116366701338,1.1921063411895134,1.4665388975594538,-0.47674084980405523,1.9348084957766791,0.9548913699525452,1.1530522621831074,-0.19558924054465857,-0.23945848202568518,-1.559403657913208,0.3333333432674408
-0.9210929870605469,-0.024789171293377876,-0.2883248868413235,-0.8109833002090454,0.2219627647133937,0.8849240729719496,0.754760841442671,-0.4433318318073961,0.2204715460538864,-0.6237646341323853,-0.9691107869148254,0.3333333432674408
0.21556980907917023,-0.024789171293377876,0.14594730734825134,0.046805583973983676,-0.2631605863571167,-0.0578824058175087,0.9381426902775452,0.6234381138858346,1.7481999339426124,0.17763182520866394,-0.631800651550293,0.3333333432674408
-0.16331779956817627,-0.024789171293377876,0.010043300688266754,-0.701727464799189,-0.553847402539533,-0.4019420150628898,-0.24624457382456857,-1.5614179834156843,-0.028923334553837776,0.49984386281280735,1.9972147349533698,0.6666666865348816
0.4621746706667768,0.4003781530650028,0.21389929950237274,1.317786207967645,-0.8328632116317749,-0.22639626264572144,-0.34985287406169024,-0.7357907970612678,-0.808582300000725,-0.6237646341323853,2.1079638580580493,0.5
4.528596780605947,-0.08422506600618362,1.1652272939682007,-0.6998776793479919,0.6729851782578197,-1.237479329109192,-1.6704723227670788,1.5753063701481738,-0.7771079540252686,2.3872156128158175,-0.9691107869148254,0.5
-0.5422053933143616,-0.5002763271331787,-0.5242612734652345,0.21771407469649742,-0.01869250745937786,0.5415068765749527,1.2027603690147002,0.40379815106199396,-0.46536436676979065,-0.0895003229379654,-1.2876903241980509,0.3333333432674408
-0.2390953153371811,-0.7974557876586914,0.07799530029296875,-0.8109833002090454,-0.8390448691088584,-0.43008455468421514,-0.53583468406411,-1.8056749641896686,-0.16869663833805382,-0.8554999362669309,1.813698172569275,0.5
-0.3148728311061859,-1.094635248184204,0.4177553057670593,0.7980087160396532,-0.7137900222624856,0.16680273413658142,-0.1258203100908696,0.39399587333692404,-0.6524105072021484,-1.0304555388508188,-0.8847832679748535,0.5
1.7466261360636155,1.0429632803954065,-0.05790869891643524,1.3145383168953388,-0.10038841515779495,-0.45108139514923096,1.1618282337581234,1.033216118812561,-1.2406428391445479,-0.49019855260849,-0.9691107869148254,0.5
-0.9968705177307129,-0.3814045190811157,-0.397668719291687,0.18018143775556442,-0.2902892827987671,0.5563432450649792,0.019540770842354546,-0.7130287221841517,0.989464998159336,0.5783300399780273,0.6031973366411636,0.6666666865348816
-1.148425579071045,-0.06029682935625623,-0.6015247106552124,-0.8554255366325378,-0.2631605863571167,-0.8442803621292114,-0.3778797964329183,-0.5165216216751798,0.8448314239240504,-0.0895003229379654,-0.631800651550293,0.5
0.9886728504178468,2.574011850053218,-0.3297167122364044,-0.13049791539234204,1.4504027396133827,-0.22639626264572144,-0.9555602803129591,1.3031308500838596,0.033425383269786835,0.4606655895430947,-1.0534383058547974,0.3333333432674408
-0.8453154563903809,-0.8568916916847229,-0.2617647051811218,-0.6998776793479919,-0.3565946402176196,0.6020128218552547,0.1164130076970907,-1.163676950293287,-0.5277130603790283,1.4013419868062749,0.8017675876617432,0.6477008559193251
-0.38536980143983407,-0.14366096258163452,-0.19381269812583923,1.081185322137648,-0.2720248947678284,0.06249596239667035,0.6153683560032648,-0.33509109955795313,-0.7771079540252686,-0.2898494303226471,0.7761977771051901,0.5
-0.2390953153371811,-0.3814045190811157,-0.268526460593365,-0.4236039255790614,-0.5073188543319702,0.11063144356012344,-0.46511173584416937,-0.8158567200610036,-0.7147592306137085,-0.7573306560516357,0.2954209141248272,0.6666666865348816
0.1364391870633213,1.4130144308751413,0.4610165832887446,-0.2813967343848227,-0.5344475507736206,-0.3949100971221924,0.3705425176316165,-1.3164440970763152,-0.2159694880247116,-1.0912458896636963,1.813698172569275,0.5
-0.8453154563903809,0.4381503673724011,0.23953967358474693,0.7869332137086088,-0.6477410775854564,0.5183407975652428,0.9932498542324003,-0.05114556221134065,-0.09127205610275269,-0.013737264101329144,-0.041507821530103683,0.5
-1.369771651000758,0.27239030599594116,-1.89919837651864,-0.6763469284559044,-0.2631605863571167,-0.06029477442911578,-0.10649089470028324,-1.0963113223505565,1.4652013213689763,0.6451131105422974,1.5607155561447144,0.5
-0.9968705177307129,0.8829543410785861,-0.8002999344860319,-0.3654998727300341,-0.7243484258651733,0.14032575691957833,-0.4291576493411979,-2.166945790368474,1.0933536291122437,0.3111979067325592,3.035423704750864,0.6666666865348816
-0.6179829239845276,-0.3219686448574066,1.183111729293121,0.8008293347368872,-0.042997592339978595,1.0942908293017888,1.8127506360977077,0.6247684156429684,-0.7106580982837638,-0.2898494303226471,-1.137765884399414,0.3333333432674408
-0.11375552498905853,-0.5002763271331787,-0.10785033269815417,-0.06993960671271884,-0.8407917566290981,1.4280593128940398,0.9881490007007835,-1.41515315118969,-0.7147592306137085,-1.2593538724490612,1.813698172569275,0.6666666865348816
-0.8453154563903809,-0.3740337893077202,-0.6763207518809314,1.8077792113220816,-0.2902892827987671,1.096684587116008,1.4129413380416929,1.540890760517224,0.514298600602346,0.7118961215019226,-1.5520972266669486,0.5
-1.3403222401208275,-1.1033351091746801,-0.2617647051811218,-0.544329822063446,-0.5644044172280512,0.2791453003883362,-0.11291615040326335,-1.4430365135291376,0.8439587354660034,1.1137695441840596,1.2475944286644183,0.6666666865348816
-0.6179829239845276,0.09408261626958847,-0.12586070597171783,-0.7804129701543985,-0.2360319048166275,0.6723442673683167,0.34051869329830653,-1.5724436145772853,-0.7771079540252686,0.17763182520866394,1.3473651518588918,0.5
-0.39065036177635193,-0.4408404231071472,0.1324048167931217,0.12498317490072586,-0.10038841515779495,0.5600017309188843,0.9566012112820139,-0.2074371945200256,-0.5900617837905884,-1.1580289602279663,-1.277238983211975,0.3333333432674408
-0.3148728311061859,-0.7380198836326599,0.9764078263611078,0.5771783560575917,-0.34454667568206787,1.9583974059296667,0.8377420893855053,0.22649197455284995,-0.7771079540252686,1.1566880900306993,-0.631800651550293,0.6666666865348816
-0.01176275685429573,1.5827910424354488,-1.9625704383102502,-0.6554354429244995,0.4968213357082968,-1.601132940830681,-1.884463349475986,0.4288896192100852,0.9686561822891235,0.6312115598019858,0.11241617466094639,0.5
0.024737028393069946,-1.2948530381194112,-0.12586070597171783,0.8036821506857121,0.062383756041526794,1.0610147200730067,0.426081810046314,0.7857461053412053,1.0418336875009948,-1.1580289602279663,-1.0534383058547974,0.5
-0.39065036177635193,-0.278203618627013,0.6216112971305847,0.3881444892044458,-0.15464581549167633,-0.5821118901221112,-0.6391611230499751,0.6512745443190093,1.9433420005198254,0.6854460979320387,0.7174400687217712,0.6666666865348816
-0.7123742483611921,1.098432089291419,-0.04721583487629044,-0.5665509104728699,0.39840482824367446,0.852251440272869,1.8397140187449537,0.3324679449787723,0.46986642479896545,0.04406575486063957,-1.5191703176168112,0.5
-1.0951430147090568,-0.3814045190811157,-1.600739523897323,0.6129396378855707,-0.2360319048166275,0.22372504927570766,0.5081486235420868,0.4798393028461716,-1.151200294494629,-0.49019855260849,-1.3150328999328171,0.3333333432674408
-0.2390953153371811,1.5145212928118126,-0.6694766879081726,-0.7220988273620605,0.4277550565884278,-0.3949100971221924,-1.0388496943596917,0.3760616362525336,0.7594189998213419,0.7118961215019226,-0.9691107869148254,0.5
2.608992376689177,0.33182618021965027,0.28185129165649414,-0.489795391508572,0.5135872744367164,-1.0127942562103271,-1.4177504788349649,0.7990073708771701,-0.8810607094651688,1.2951939087916324,0.21147480607032776,0.5
1.9912030742954165,0.07947768413900086,1.1652272939682007,-0.6554354429244995,0.4305120849232104,-1.1180600370319056,-1.7053380869531192,0.5611441354551473,0.15812282264232635,0.7786791324615479,0.3801299035549164,0.5
-1.072648048400879,-0.5597122311592102,0.28185129165649414,0.11187629546513604,-0.3289416908014713,0.4961703289879004,0.4941862867604807,-0.5224619783055935,-0.06501521749126506,-0.8241137266159058,-0.041507821530103683,0.5
-1.2173828225104708,0.6183270479750019,-1.1356526511125267,0.29134492045557414,-0.2360319048166275,-0.8917708341697138,-0.8498860797686466,0.3615802822723113,2.263440566805641,0.5060514839516813,0.21147480607032776,0.5
-0.16331779956817627,2.333290217042723,-2.1644208431243896,-0.6776565313339233,0.6247930777761074,-0.9566229581832886,-0.5160011433690358,0.826340392750838,1.346900123422258,0.3111979067325592,-1.0890064710076917,0.5
-0.16331779956817627,0.5179408788500129,2.693022717535973,1.82091481031319,-0.2631605863571167,1.5025434842326166,1.3708748977338765,1.1272919349344508,-0.9641541242599487,-0.3566324710845947,-1.306420922279358,0.3333333432674408
-1.277205053724539,2.0799193438760586,-2.142370711937815,-0.6430726679081045,0.7196031820708376,-1.4988353038573605,-1.7766937851682416,-0.7283538002670389,2.3757397863333045,-0.2898494303226471,0.6331125497817993,0.1666666716337204
-0.8453154563903809,-0.46311991572348604,-0.6015247106552124,0.45082814846018704,-0.5073188543319702,0.6154542577503631,0.24533748702523808,0.05703343597615455,0.4075177013874054,-0.6905476450920105,-0.631800651550293,0.5
0.5944573879241943,2.7175308218928382,-2.1644208431243896,-0.7551867661593261,0.06788596735139302,-1.1813081502914429,-1.7603562395498342,0.6322711656136026,1.63788414994763,0.26177719767248825,-0.2344123771158463,0.3333333432674408
0.4429023563861847,-1.2304329148329816,0.9313331396069199,-0.8109833002090454,-0.6158336400985718,-0.0578824058175087,-0.21112179459319552,-0.5557603874811807,0.033425383269786835,-0.15628336369991302,0.3801299035549164,0.3333333432674408
-0.08754027634859085,-0.3814045190811157,-0.19381269812583923,-0.544329822063446,-0.23485821892405506,0.9532006978988647,1.3326326073883532,0.36594260820535024,-0.924054529691864,-0.42341551184654236,-1.2847721169555928,0.5
-0.8453154563903809,-0.6191481351852417,-0.5335727334022522,-0.6332142949104309,-0.8261199953379305,1.1217145919799805,0.2556337805384953,-1.6947460217805184,1.3784972566419014,-0.22516384332087597,2.0443110256935624,0.6666666865348816
1.490814255922901,-0.2625327408313751,1.6442350326227269,-0.6332142949104309,-0.18177451193332672,0.9062580544955475,0.7541894685219817,0.22349672302806836,-0.7771079540252686,-0.2898494303226471,-1.0534383058547974,0.5
0.7560365132214177,1.5145793190356178,-0.3297167122364044,-0.5887720584869385,-0.34454667568206787,-0.45108139514923096,0.23848119722424527,-0.061461477033823424,-0.028923334553837776,0.17763182520866394,0.04281972348690033,0.3333333432674408
-0.9968705177307129,-0.024789171293377876,0.28185129165649414,0.6367240655853609,-0.561576247215271,1.0612934771943006,0.2028447223770527,-1.309428831168728,1.1557023525238037,-1.1377671789239079,2.058232151857361,0.6666666865348816
0.3500073433349504,-0.8568916916847229,1.5631028466404517,-0.8109833002090454,-0.1770934631848542,-0.7124586518153835,-0.04273379442054692,-0.6627901961507662,-0.7147592306137085,-0.2898494303226471,-0.041507821530103683,0.3243025711091057
-0.46642789244651794,-0.093179031035075,0.14594730734825134,1.061170846029862,-0.04613102599978447,0.5600017309188843,1.6195373127745911,0.5925190112381388,-0.2159694880247116,-1.0534994086002247,-1.3923637057584006,0.3333333432674408
-0.6179829239845276,-0.7380198836326599,0.6516675154043201,-0.46413874261886734,-0.792442556649466,-0.2825675308704376,-0.23109808180140198,-1.3234418117979874,-0.6524105072021484,-0.957679808139801,1.5607155561447144,0.5
-0.0647277193750189,0.00928710783157994,-0.397668719291687,-0.7220988273620605,-0.5073188543319702,-0.5634239912033081,0.23239942813197603,-1.1178467018157088,0.0957741066813469,-0.890896737575531,0.47568997820703346,0.5
-0.9912645963754946,-0.6191481351852417,-0.3297167122364044,0.5949669199050979,-0.7243484258651733,1.3328431497394986,1.3597582340040555,0.1454550891180244,0.033425383269786835,-0.957679808139801,-0.8847832679748535,0.3333333432674408
-0.6179829239845276,-0.5597122311592102,1.166748100152262,0.6487415461839665,-0.18177451193332672,1.9510611332571737,1.7893561714554238,0.569604465805881,0.0957741066813469,-0.08427232167546574,-1.0534383058547974,0.3333333432674408
-0.39065036177635193,0.09291665134269142,1.1652272939682007,-0.7443199157714844,-0.36149017277236156,0.2375822866827028,0.541275551480971,-0.7632238400506436,-1.0150125285955967,-0.6905476450920105,-0.2944904565811157,0.5
-1.224203109741211,-0.6084339644056151,-0.2617647051811218,0.05583851496026851,-0.5344475507736206,0.9861421299014608,0.6058577367778507,-0.6367287422999071,2.2471422770809744,0.3111979067325592,0.6331125497817993,0.5
-0.2390953153371811,1.285354713060049,-1.9239921397382787,-0.6591788780874648,0.5052792083620271,-1.3558331543641406,-1.6347378209473906,-0.11772396801097668,0.8439587354660034,1.1463292233560773,0.37794675246760534,0.5
0.7460124492645264,-0.7974557876586914,-0.003434922742841212,-0.7220988273620605,0.16391801384358023,0.26255040041489786,1.477524291610111,-0.10806755433806055,0.11208226895723165,-0.42341551184654236,-0.37881800532341003,0.5
0.06401476263999939,-0.9757634997367859,0.6241069275544816,1.7520200441230822,-0.10038841515779495,0.7846868634223938,-0.0031781426734219277,0.9750260515666553,-0.5277130603790283,-0.6905476450920105,-0.8847832679748535,0.5
-1.148425579071045,1.1055681358230618,-2.0156491378958066,-0.8554255366325378,-0.34454667568206787,-0.45108139514923096,-0.2262974743958432,-1.2559863660998625,1.1539569865078,-0.6237646341323853,1.5607155561447144,0.3333333432674408
0.06401476263999939,0.7651503884378901,-0.397668719291687,-0.6554354429244995,0.7386166532082021,-1.4041640103978468,-1.3710950093745453,0.8316718264205323,1.3427485227584839,0.5216704556856002,-0.7161281704902649,0.5
-0.46642789244651794,-0.6690595798676169,0.5206184181551687,-0.7443199157714844,-0.3174179792404175,0.16680273413658142,-0.05484688849162565,-0.8553181886672974,-1.1046828252997594,0.04406575486063957,-0.37881800532341003,0.5
-0.08754027634859085,-0.3335997886079657,1.1652272939682007,0.2938732746945281,-0.45306146144866943,0.39148786664009094,0.848267727969834,-0.5418427801390469,-0.15362077951431274,-0.7573306560516357,1.223405361175537,0.3333333432674408
6.353549003601074,-1.5701223611831665,9.11561107635498,-0.9887523055076599,-1.2940510511398315,14.546651840209961,5.739711284637451,5.3161420822143555,4.896625518798828,9.794388771057129,3.078611373901367,0.0
1.3633282123037955,-0.3219686448574066,0.45499335816855585,-0.7220988273620605,-0.056133288961322365,1.065543293952942,-0.7437920367420701,0.523826705844888,0.34516897797584534,2.1264614964497985,0.4058750130359392,0.6666666865348816
1.2101655446715893,1.7913448176240747,-0.6948797319561983,-0.5252604845494281,0.5778290033340454,-0.90045166015625,-1.4054716899673079,1.4954767908766493,0.7816100120544434,1.265247018459476,-0.9691107869148254,0.5
-0.7468029170869251,0.33182618021965027,0.3454248177692041,0.2225349928465048,-0.6429623365402222,-0.40218616840584587,-0.6404133704544974,-1.4210942535348026,-0.6524105072021484,-0.3566324710845947,2.229580191617813,0.5
0.06401476263999939,-1.1744134970458153,-0.3297167122364044,-0.8109833002090454,-0.3174179792404175,-0.4719479867849947,-0.44772265028732466,-0.720312138237373,0.3417497154247054,-1.0244628190994263,-0.631800651550293,0.5
-0.16331779956817627,0.05527617484598693,-0.19381269812583923,-0.766541063785553,0.062383756041526794,-0.8442803621292114,-1.2404379745240122,-0.6634556804338627,0.408105656986903,-0.6081255713152119,0.21147480607032776,0.3333333432674408
0.29134732484817505,1.0507492567512704,-2.1464660333422545,-0.6554354429244995,12.04656500046071,-1.0453116757681964,-1.2452918924228933,0.512354231599906,-0.46536436676979065,0.9790282845497131,-0.7161281704902649,0.3333333432674408
3.287152052148669,2.2208599621834875,-0.3297167122364044,-0.5887720584869385,1.0341293391005437,0.7555756613981325,-0.33098412915786296,1.7193559741229298,0.34516897797584534,0.8551246272913448,-0.9306365580808311,0.3333333432674408
-0.7695379853248596,-0.2625327408313751,0.8934193253517151,0.8492882519746681,-0.18177451193332672,1.065543293952942,1.110605351103803,0.7141916183954456,1.2126926741072526,0.7786791324615479,-0.5474730730056763,0.5
0.5944573879241943,2.679991926509385,-0.941284716129303,-0.33842632146650936,0.7757283719749632,0.04242008114520503,-0.6433441824916297,1.3201496964663322,0.8070616101651251,1.334775265025585,0.4644574522972107,0.5
-1.1360875342741308,-0.7974557876586914,0.14594730734825134,-0.7443199157714844,-0.8654654389772041,1.188000505084704,0.7173389647232059,-1.5019501350450855,0.7761255598085433,-1.1580289602279663,1.0667580395815501,0.6666666865348816
-1.072648048400879,-0.3814045190811157,0.4857073128223419,-0.5010910732992572,0.17787702518390033,0.3714816588462675,-0.09239338941964993,-1.51178797052505,1.2674714730628918,0.1108487918972969,1.716473919250898,0.6666666865348816
1.454847161219784,0.46122588153005406,0.35166524901459056,-0.3058579229380684,-0.01900232955813408,-0.7881091237068176,-1.4317239254709235,0.32663853244049157,0.0957741066813469,1.1153072107287572,0.6428662364335335,0.5
-0.16331779956817627,-0.4408404231071472,0.13267419727313817,0.7088709682319727,-0.4801901578903198,1.370489671578821,0.7485826775075026,0.6266170772761107,-0.7771079540252686,-0.419844028265135,-1.3964315705763815,0.5
-0.3148728311061859,-0.9757634997367859,-0.12586070597171783,-0.766541063785553,-0.6429623365402222,1.0318336497119611,0.27277782922854804,-1.6646502026136707,0.2828202545642853,-0.890896737575531,1.6794036739137614,0.5
1.6176716205849957,1.9410503728646393,-0.2617647051811218,-0.3900043694226075,0.5090658068101583,-1.3292257780198273,-1.3994635302214193,1.7339493416672194,0.7192612886428833,1.5512810587639534,0.24171410013747782,0.3333333432674408
-0.2390953153371811,-0.5002763271331787,0.14594730734825134,-0.8998677730560303,-0.561576247215271,-0.5634239912033081,-0.7684205641374797,-1.7568043336515082,-0.4498397909422706,0.24441486597061157,1.7109990794387622,0.5
-0.3148728311061859,1.4445312833173034,0.21389929950237274,0.41941416411758997,-0.6429623365402222,0.4476591646671295,-0.32516533212116117,-1.4131615198888772,-0.16375407020745936,-0.8241137266159058,2.1320411120040728,0.5
-0.16331779956817627,-0.13130797780821782,0.14594730734825134,-0.7443199157714844,-0.7663669756561362,-0.22639626264572144,0.4779684821485581,-0.611807217612254,-0.028923334553837776,-0.08591582167443676,0.0037497683647881586,0.3333333432674408
0.5944573879241943,0.09408261626958847,1.6945151729771395,-0.7220988273620605,0.4923112811676799,-0.4902563903290317,-0.8815532349686953,0.924538127390775,0.17556690164985542,2.2893448794648665,-1.0534383058547974,0.5
-0.8453154563903809,-0.7974557876586914,0.34980329871177673,-0.76000217661274,-0.2998539580906221,1.605338628595721,0.7660348185603613,-1.4747385812083111,0.09151102175196932,-1.0244628190994263,1.2751884644871008,0.5
-0.8915739552301285,0.7097972012706049,-0.05790869891643524,-0.5364183318769413,-0.7243484258651733,0.22826167023518942,-0.19807086737206367,-1.6540223886481897,-0.028923334553837776,2.176891384844846,2.252282917488334,0.6666666865348816
-0.6937604546546936,0.0653381507819201,0.6216112971305847,0.8306997205804922,-0.6684654678450431,-0.5175563694993437,0.1059402391138005,-0.10306903373048121,1.1557023525238037,-0.4088929320807853,0.29580235481262207,0.6666666865348816
0.5186799168586731,-0.14366096258163452,0.6594032275936945,-0.4695348814364769,-0.39880406856536865,-1.0127942562103271,0.0011283538000194221,-0.7408731699802333,-0.15362077951431274,0.09040690306129706,1.584248624383364,0.3333333432674408
0.06401476263999939,-0.9757634997367859,0.4177553057670593,-0.8554255366325378,-0.04613102599978447,-1.349821925163269,-0.6755216096704414,-0.7626371600836609,0.12408847271702422,0.3111979067325592,0.135683063540994,0.5
1.2114924820630701,-0.5597122311592102,-0.12586070597171783,1.337654491402949,-0.5073188543319702,-0.0017111222259700298,0.7733565219568826,0.9888401494918493,-1.387752706578762,-0.5569815635681152,-0.9592803834538368,0.6666666865348816
-0.08754027634859085,-0.08422506600618362,0.8004701348208488,-0.6998776793479919,-0.4763283662802095,-0.0578824058175087,0.8328784161987789,-0.5342395702684203,-1.1746520459444298,-1.4185601388264886,-0.42322715700559393,0.3333333432674408
2.442173566550888,-0.2625327408313751,1.1652272939682007,2.1457003571970343,-0.40316609867219577,1.065543293952942,1.8352849354850724,1.2164423654664882,-1.0175015356601476,-0.44092378237541435,0.40891666906953344,0.0
-0.3148728311061859,-0.34986494841276605,-0.28859516686875186,-0.6824836375639929,-0.9707494020342147,-0.6847121637586616,-0.603408220884191,-1.6583758988232862,-0.5277130603790283,-0.890896737575531,1.785860474689885,0.5
0.21556980907917023,-0.4551846044634164,-0.12586070597171783,-0.5887720584869385,-0.18177451193332672,-0.45108139514923096,-0.8000917635950087,-1.0604968032671587,-0.07986008913532312,0.2885682103542277,1.2730431282137993,0.6666666865348816
0.21556980907917023,1.5154883518359634,-0.05790869891643524,1.7051335580301528,0.3073045942974732,0.039903172537158534,0.6054251081802121,1.4374197178979686,0.7816100120544434,0.5774372945818932,-0.8847832679748535,0.3333333432674408
-0.3148728311061859,-0.3219686448574066,0.14594730734825134,-0.6776565313339233,-0.6158336400985718,0.39148786664009094,-0.05844565485182769,-1.5421395775554871,-0.0464899245625737,0.3111979067325592,1.7825254434425035,0.8333333134651184
0.06401476263999939,-0.8476133109090124,1.5029589959586889,0.7539158910104087,-1.2270762799643098,-0.22639626264572144,-0.15640142998337664,-0.7341749549872472,-0.8394566774368286,-1.5035994947672182,1.5607155561447144,0.3333333432674408
-1.224203109741211,-0.5761055401435708,-0.8023307655149369,0.34249758392223756,-0.2360319048166275,-0.08079870462618739,-0.21753293679023633,-0.20698158246113157,0.42064769480671427,-0.3566324710845947,-0.631800651550293,0.5
1.49839965269874,-0.7974557876586914,0.4857073128223419,-0.5887720584869385,-0.561576247215271,1.1667164354477888,1.3723972171901948,-0.477546748460674,-0.6286303839013749,-0.49122359802522886,0.6331125497817993,0.6666666865348816
-0.5304200336415587,-0.3814045190811157,-0.12586070597171783,-0.4518174898997361,-0.10038841515779495,0.2643113288251719,-0.03553441532459624,-1.1305021916573685,0.2828202545642853,-0.7573306560516357,0.566414306720549,0.5
0.21556980907917023,0.27500160028218923,0.34980329871177673,-0.8109833002090454,-0.5887049436569214,-0.7256647718454244,0.36203300156442575,-1.2524448903738639,-0.4756624534359446,-1.2484468373208324,1.0560675212343393,0.6666666865348816
-0.9968705177307129,-1.3935590544585634,-0.4656206965446472,-0.8998677730560303,-0.452265493146773,1.9308216208567053,0.6857353044684493,-1.3440492931350465,1.2757753399637146,0.2627570061059528,1.223405361175537,0.5
0.1397922784090042,2.1063299117121135,-1.2298898333990156,-0.15022497309623112,1.2207716391668588,-0.7259760277197629,-0.2275461944556401,0.8042963765943311,0.7285039295399584,-0.6237646341323853,-0.8004556894302368,0.3333333432674408
-0.39065036177635193,-0.5663230103956495,0.14594730734825134,0.4546061962658958,-0.2089032083749771,1.327721062501452,5.095546539290655,0.35112345880635554,0.3619626692018316,0.6451131105422974,-0.46314552426338196,0.3333333432674408
-0.1972803834178137,-0.3814045190811157,0.6630405360907823,2.8339025707456704,0.19201433093333073,0.16680273413658142,0.6377386812326067,1.6783558604242401,-1.213549017906189,-0.22306638956069946,-1.4109437777624467,0.5
0.5186799168586731,1.9490596159999583,-0.8053807020187378,-0.48889647824754107,1.1514180145757833,-0.2825675308704376,-0.9016958271620268,1.497811993521545,1.4631304018390519,0.6451131105422974,-0.9691107869148254,0.3333333432674408
-1.3308786399663277,-0.5002763271331787,0.010043300688266754,-0.9150893550627113,-0.9149778036299311,-1.349821925163269,-1.2687572522213761,-1.5180823721123948,0.033425383269786835,-1.7723755342677414,-0.041507821530103683,0.5
-0.46642789244651794,-0.3814045190811157,1.1652272939682007,-0.8776466846466064,0.5778290033340454,-0.8442803621292114,-0.6348614355842719,-0.23283254673312487,0.033425383269786835,1.4570671725292952,-0.8847832679748535,0.5
1.8557267856751045,-0.4408404231071472,0.5536593198776245,-0.6998776793479919,0.580264788839771,-0.4391064760973741,-1.2091071494314907,0.22038252150325846,0.01912674389704269,1.32830140566216,1.0547502040863037,0.6666666865348816
-0.08754027634859085,-0.6191481351852417,-0.12586070597171783,1.6698296970044435,-0.3889125038353205,-0.3949100971221924,-0.22687087260208036,0.31244018688280556,-1.0888515710830688,-1.1580289602279663,-0.041507821530103683,0.3333333432674408
-0.6702203891313901,-0.04623763135900712,0.03456135322139523,-0.7887621521949768,-0.37167537212371826,-0.5634239912033081,-1.143250735885782,-0.012391660522968567,1.9372005314403846,1.6676594441015329,-0.1258353590965271,0.6666666865348816
-0.08754027634859085,-1.0351994037628174,1.7257522932660343,1.4851322634279014,-0.37167537212371826,0.6161730289459229,0.19491071009097422,0.47476065051990957,-1.5878492134006437,-0.2898494303226471,-0.8847832679748535,0.3333333432674408
0.29134732484817505,1.6623191856113502,0.3325957378410766,1.6622744304471773,0.05982166914576821,0.16680273413658142,0.7776314533949694,1.4927819504010122,-0.5277130603790283,0.6451131105422974,-1.306420922279358,0.021146287269575566
0.5944573879241943,-0.9250206293094962,0.34980329871177673,-0.833204448223114,-0.34454667568206787,0.8157133024069472,0.04725594464387061,-0.31067503606735913,-1.151200294494629,-1.1523723550359908,-0.7830447303056274,0.5
0.05002063345326257,-0.9860241269264863,0.21389929950237274,0.8024571985323861,-0.5073188543319702,0.5600017309188843,0.3656523880900975,0.13918063592103042,-0.6524105072021484,-1.3583780527114868,-0.1258353590965271,0.6666666865348816
-0.3148728311061859,-0.4408404231071472,0.6818577579338938,2.296785683696463,0.41511291531170924,1.5629613341536535,1.9619086579370515,2.643686964545558,2.357750022293596,0.5538200389003733,-1.4750760793685913,0.3333333432674408
3.0616052186052456,-0.20309685170650482,2.6566017301051246,-0.6109932065010071,0.35142685067495943,-1.237479329109192,-1.5931813679982687,0.9653289530031106,-0.6293843785235673,1.6258377000003124,1.1390777826309204,0.5
-0.5422053933143616,2.5711662712048535,-1.7667155838194315,-0.6109932065010071,0.4288402330488366,-1.269084105346662,-1.6886005182918395,0.7942338627996188,3.123898651939535,0.5497325443769868,-0.8352002644191132,0.01297445526277191
-0.39065036177635193,0.03464672341942787,-0.17575500735756794,-0.529115399269708,-0.7243484258651733,-0.22639626264572144,-0.6553993176041364,-1.7410141921323365,-0.4879123051460016,0.3799215295474677,2.1335282175609245,0.5
-1.224203109741211,0.5719070556813803,-1.1648334998546594,0.7894452107129125,-0.2089032083749771,0.8903454936606369,0.8640472814165786,0.1372735771694465,0.9686561822891235,-0.6905476450920105,-0.4211888804161131,0.1666666716337204
-1.072648048400879,0.5438735755097976,-1.3073908423987117,-0.12390158164738674,-0.2902892827987671,0.05446016043424606,0.012345586029404363,-1.2496063793332057,-0.15362077951431274,-0.49019855260849,1.5066631920081262,0.5
-0.01176275685429573,-1.206202797091926,-0.2512697337682223,-0.6802653285101173,-0.2602806878628621,1.2581389554971603,0.07744446141899505,-0.4599118928026217,-0.6524105072021484,0.5115470290184021,-0.2944904565811157,0.5
1.107333357397569,-0.7974557876586914,0.5110625089520715,-0.766541063785553,-0.4526096159001221,-0.5072526931762695,0.15565387857643057,-0.45134541608345663,-1.151200294494629,-0.0895003229379654,-0.041507821530103683,0.3333333432674408
-0.16331779956817627,0.7830946516345196,-0.05790869891643524,-0.7526620575463676,-0.5073188543319702,0.4383811548180828,-0.43249524936891576,-1.2114012560627894,0.7816100120544434,-0.22306638956069946,1.223405361175537,0.8333333134651184
-0.08754027634859085,0.4962482515286002,-0.13781956552608884,-0.5887720584869385,0.18244891845625344,-0.6613901690335215,-0.9836461482585844,-0.8645212240903201,-0.5277130603790283,2.0280358005284587,1.913023085745435,0.6666666865348816
1.026864096239569,1.59683854104845,-1.2165177990019107,-0.6776565313339233,0.9557349770424818,-1.0127942562103271,-1.24123607449225,1.1478263127486867,0.37632669738848373,0.7546052546507218,-0.8004556894302368,0.3333333432674408
0.8885423536714572,-1.2708689570119602,1.1652272939682007,-0.8109833002090454,-0.2902892827987671,0.05446016043424606,1.0113890424972978,-0.6615505442230268,0.033425383269786835,-0.15628336369991302,0.21147480607032776,0.5
-0.9968705177307129,-0.5002763271331787,0.7799195831344927,-0.8109833002090454,-0.5740257321908828,0.8240861643513353,0.09718511591116129,-1.31663878789564,0.6228941886373806,0.17763182520866394,0.7768135261959667,0.5
-0.2390953153371811,-0.14366096258163452,-0.12586070597171783,-0.5085839413593692,-0.2902892827987671,0.2791453003883362,0.07164374424658593,-0.5036449008748232,-0.7147592306137085,0.7118961215019226,0.21147480607032776,0.3333333432674408
-0.3148728311061859,-0.8568916916847229,-0.3297167122364044,-0.6554354429244995,-0.19527528518730033,0.4145290219763326,0.49109307941061786,-0.39457459706665005,1.5617343869834264,0.26660480029636185,0.29580235481262207,0.5
-0.6179829239845276,-0.40683327909421424,1.1652272939682007,0.1873582969952822,-0.37167537212371826,1.5728039141895982,1.6870864034367261,0.026135048341558293,-0.028923334553837776,-0.7573306560516357,-0.8004556894302368,0.3333333432674408
0.5356887824989308,2.0693506327989657,-2.084673755981367,-0.8109833002090454,0.5489945868775736,-1.349821925163269,-1.7298153664214908,0.6954336612630755,0.033425383269786835,0.7118961215019226,-1.137765884399414,0.1666666716337204
1.0783278805031262,0.33182618021965027,0.9810727842455114,-0.7443199157714844,0.8124105803258335,-1.44932357930092,-1.8706448952417363,-0.6596571896826304,0.1720603555644757,0.3334205606837064,1.8835504690111153,0.6666666865348816
-0.9210929870605469,-0.014761634991418174,0.6895633339881897,-0.7887621521949768,-0.37167537212371826,0.9238833141121849,0.6250722851726354,-1.2249815943349538,1.779224028850985,-0.22306638956069946,0.5487849712371826,0.3333333432674408
-0.6179829239845276,2.3551459927296396,-2.1644208431243896,-0.6118819670026159,0.13264594567580323,0.25637662283463236,-1.1699977155677395,-0.0990845388899058,2.026493896894406,0.3168596705292127,1.7524928928468477,0.6666666865348816
-0.7695379853248596,-0.7380198836326599,-0.3159301903307137,2.719470318185088,-0.15464581549167633,1.414967043641908,0.6098938053392114,1.2279074270058445,0.6750716515870461,-1.0531443518747932,-0.16896344788290824,0.3333333432674408
-0.3148728311061859,-0.08422506600618362,-0.7053585245069687,0.3063972273156587,-0.9372923807417216,-1.1251368522644043,-0.5115014713940342,-1.3776374545937677,-0.21515409548281395,0.04406575486063957,2.019180698975898,0.5
-0.3148728311061859,-0.9757634997367859,0.5536593198776245,-0.8776466846466064,-0.37167537212371826,-0.11405368894338608,-0.03557902926493903,-1.072344250326075,0.15812282264232635,0.9790282845497131,0.3801299035549164,0.5
-0.5506223211547417,-0.6818731897020123,-0.6015247106552124,0.49374230623775983,0.06293495453563878,2.321194956543861,1.233054559043189,0.2223079731106468,-0.9187218221661971,-1.0244628190994263,-1.0534383058547974,0.5
0.5944573879241943,2.1242520186849596,-1.8476076882798829,-0.5706172913918621,0.483213286660196,-0.18171418489014088,-0.145391537635185,1.2683699463270228,1.1557023525238037,0.4447639584541321,-0.8004556894302368,0.3333333432674408
-1.3135952122490677,0.29957187685780984,-1.3888548430757799,-0.7865011955955952,-0.5344475507736206,-0.3387388288974762,-0.3502650036975163,-1.061083757710881,1.197600285116356,-0.2898494303226471,-0.2535676410047395,0.5
-0.2390953153371811,0.536762719162158,-1.1580162629534956,-0.8554255366325378,0.48951978220647296,-1.0127942562103271,0.0994279964900795,-0.6459087043699608,-0.5277130603790283,-0.6768718364811017,-0.041507821530103683,0.5
0.6702349185943604,0.2840214107588142,-0.2617647051811218,-0.6998776793479919,1.0476624012724978,-0.5634239912033081,-0.698243244420858,0.8409398542551509,0.2828202545642853,0.601709216631507,-0.8847832679748535,0.3333333432674408
1.5239629945905042,2.5798780848369027,-2.0347657261737147,-0.5916738415684227,0.8463869285735697,-0.5316917947607127,-0.9395680090717031,0.8983207941055298,-0.4030156433582306,0.17763182520866394,-0.2944904565811157,0.5
-0.6179829239845276,-0.6191481351852417,1.6423806209917289,2.151281810336379,-0.4584498455357134,-0.5634239912033081,0.30088416475370927,1.2676595613323816,0.8439587354660034,-0.0895003229379654,-1.0534383058547974,0.5
-1.072648048400879,0.521883195284075,-2.1644208431243896,-0.6332142949104309,-0.04613102599978447,-1.2936506271362305,-1.430409811535346,0.08597876078112257,2.3072984431576016,1.0579688033258186,1.4137095777354112,0.5
0.29249806780095755,-0.7974557876586914,1.0632634834655585,2.006136327785296,-0.4801901578903198,-0.024608377555692736,0.15061431897944944,1.2326543353168442,-0.9018054008483887,-0.7573306560516357,-0.8847832679748535,0.5
1.5394930015804063,-0.5597122311592102,1.9246172481900488,-0.6998776793479919,0.42190546223807013,-0.22639626264572144,-0.930346321393724,1.0348590098396302,0.5493820704298753,2.4271702579865124,-0.8847832679748535,0.5
-0.08754027634859085,1.3799259132999284,-2.1293692053510704,-0.5561208283217433,0.7193108286141755,-0.2825675308704376,-1.364721859648327,0.6753514138957102,1.3796990281608292,0.9932132047032809,0.20978022014455516,0.5
-0.9968705177307129,-0.06148155945830279,-0.34416170685757586,0.006895633265114429,-0.4801901578903198,0.11063144356012344,0.13175701426292113,-0.6126850558696094,0.0957741066813469,0.24441486597061157,-0.041507821530103683,0.5
-0.6849930135745047,-0.6785839796066284,0.47972739208783,-0.3397426103860285,-0.07325971871614456,-0.3949100971221924,-0.07891481882048923,-0.8381940940456635,-0.2159694880247116,-0.957679808139801,0.5487849712371826,0.5
-0.16331779956817627,-0.3814045190811157,-0.5335727334022522,1.228246827979937,-0.3174179792404175,0.2791453003883362,0.5201626521170524,0.12110602767718082,-0.2783181965351105,-0.6237646341323853,0.4006213266645173,0.5
0.01134626893050305,-0.14366096258163452,0.5918464727916251,1.057336033990854,0.07159802202841305,0.39148786664009094,0.3084620105733774,0.7799073084274545,-2.034256556821498,-1.0270385914173183,-1.3553309846605663,0.3333333432674408
1.326106053214623,3.077577144514494,0.5536593198776245,-0.6724482105631754,-0.2089032083749771,-0.8931550664046436,-1.719135358507446,1.160768902860538,1.4423087649377828,-0.2898494303226471,0.12714727222919464,3.97123335262357e-06
-0.08754027634859085,-0.4408404231071472,-0.12586070597171783,2.0985503738933566,-0.2824167039053264,0.9532006978988647,1.2465999998993926,1.3369683761270144,-0.9890938910493993,-0.6954763155410151,-1.3978498057518642,0.5
1.314122554781952,-0.5002763271331787,-0.12586070597171783,-0.6998776793479919,-0.4725143363540953,1.0153166573457078,0.6615085547179277,-1.2007540068605358,-0.46536436676979065,-1.2321116042020037,1.2887671883339789,0.5
-0.5422053933143616,-0.1162159052855241,-0.19381269812583923,1.3274688899501244,-0.5433181864418198,0.1874448834306121,0.29208930394794086,0.4067191121357173,-1.1673869836845336,-1.0244628190994263,-0.8004556894302368,0.6666666865348816
0.06401476263999939,-0.9757634997367859,-0.6015247106552124,-0.5665509104728699,-0.4529161368989412,-0.36073451673502704,1.7361936369733764,-0.1749555885099939,-0.028923334553837776,-0.6905476450920105,-0.041507821530103683,0.5
-0.2390953153371811,1.6158826083305489,-0.397668719291687,-0.32118266000198825,-0.697219729423523,-0.6195952296257019,-0.08314704115791452,-0.9748914052041407,-0.9658314630961249,-2.0331071693625042,0.5904189313122042,0.6666666865348816
1.7009481756206117,1.8626277888773246,2.2936803477229866,1.2305194766628542,-0.2631605863571167,0.05446016043424606,1.114974263017712,1.1528724592517559,-1.0908369592193583,-0.6905476450920105,-0.631800651550293,0.2590003276422987
0.1397922784090042,-1.0563173784836963,-0.1652469221591453,-0.6109932065010071,0.025357145495286847,-0.17022497951984406,-0.34726745099369694,-0.30880562142385204,0.2767764942585554,-0.0895003229379654,0.12714727222919464,0.5
0.1397922784090042,-0.7380198836326599,0.4857073128223419,-0.7447836567406249,-0.01900232955813408,1.9497377154501685,1.7111200736218675,-0.2573417962098024,1.0933536291122437,-0.15628336369991302,0.12714727222919464,0.6666666865348816
1.0110026266234782,1.9505766665743176,-0.9248406318961381,-0.4603563084463781,0.8302489012032422,-0.7174674601833032,-0.41511242167131673,1.852515579609226,1.97399534669396,-0.22306638956069946,-0.8054793555863922,0.3333333432674408
-0.5001494247667353,-0.4408404231071472,1.2161057232447328,-0.4998875558376312,-0.45246319564000165,-0.5634239912033081,-0.06531524406964603,-1.6399893262461662,0.5945638418197632,0.3111979067325592,2.4719181189785475,0.6666666865348816
-1.0136600154472826,-0.7682292362200802,1.1652272939682007,0.9827809653777033,-0.14939773582515511,1.155605957400373,0.8044098914056567,0.25779024760799973,0.15812282264232635,-0.5968204258147085,-0.44248873393402377,0.5
-0.2390953153371811,-0.7647279765227675,-0.8053807020187378,-0.8109833002090454,-0.7807301754734093,0.8878094549714833,-0.02118875689434912,-1.6247967369521665,-1.6711033244783509,-1.4312599103163934,1.211264978365291,0.5
-0.08754027634859085,1.0688782960380943,-2.105028276513552,-0.7220988273620605,0.7355705255464077,-0.8442803621292114,-1.5645047430946835,-0.1653505863432095,-0.3066570303089882,-0.957679808139801,-0.8004556894302368,0.3333333432674408
-0.39065036177635193,-1.0351994037628174,0.34980329871177673,-0.6843257877099681,-0.27041085084047056,-0.8814072437437023,-0.9943364670142485,-0.8064841466767378,-0.4030156433582306,-0.7573306560516357,-0.011293381811392774,0.5
0.5304331357264337,1.036440009163197,0.4857073128223419,-0.05597636052004197,0.9669533809781543,0.5038304328918457,-0.31686443448973856,0.9329584921835539,1.196156405107921,0.31418613368624754,1.223405361175537,0.3333333432674408
-1.224203109741211,-0.3814045190811157,0.28185129165649414,-0.833204448223114,-0.6548019468305262,-0.5072526931762695,-0.7331723706742531,-2.0028561837066476,1.4725800716367112,-0.3566324710845947,2.1123658923298563,0.8333333134651184
0.21556980907917023,-0.6191481351852417,-0.034320936755241546,-0.1218565356702828,-0.9391303271929061,0.5971522982923584,-0.09231364283009075,-1.4212217579310764,-1.4005951881408691,1.854899155510116,1.751798495243049,0.5
-0.08754027634859085,-0.8568916916847229,0.28185129165649414,-0.3161582210939871,-0.5887049436569214,0.16680273413658142,-0.29878690566786864,-0.9680774988687135,-2.8611750851441053,0.5783300399780273,0.7174400687217712,0.6666666865348816
-1.224203109741211,-0.5002763271331787,-0.05790869891643524,-0.5665509104728699,-0.6732015747960759,-0.3387388288974762,0.04405047961202295,-0.9666154694677918,2.8310214830626017,1.335346540686422,0.6331125497817993,0.6666666865348816
-0.3148728311061859,-0.9163275957107544,-0.2980987923894931,1.7038143781217263,0.42705193071663367,1.344892659222111,0.7911814923583049,1.0679706695951685,-0.7771079540252686,-0.42341551184654236,-1.137765884399414,0.3333333432674408
-0.46642789244651794,0.33182618021965027,-0.8053807020187378,-0.5274736088481133,-0.10748034957332857,-0.17022497951984406,-0.629567176575351,-0.05664218087800125,1.5470125851242555,1.1647781731906675,0.5487849712371826,0.5
-0.08754027634859085,1.6258133031510626,-1.9805152522353675,-0.6776565313339233,10.097800080760747,-0.9566229581832886,-1.466295419347694,0.6213173486935201,0.0957741066813469,0.17870553775648965,-0.8847832679748535,0.3333333432674408
0.5186799168586731,1.4271387460609704,-0.6694766879081726,-0.542639687783013,0.846992896831203,-1.1813081502914429,-1.2562184447385643,1.0586028274686374,0.9686561822891235,0.24441486597061157,-0.46314552426338196,0.3333333432674408
1.4024656122667307,-0.42906089643945144,-0.397668719291687,-0.8109833002090454,0.4571103605100882,-0.0578824058175087,-1.5748644333406787,0.7768645850282031,0.050851695174185405,1.960949715069358,-0.631800651550293,0.5
-0.6320107892611875,-0.5886221381496975,-0.397668719291687,1.3833556057009722,-0.42593276500701904,0.11063144356012344,-0.5869112879416349,0.004243949916928055,-1.3615586114433103,0.9790282845497131,-0.041507821530103683,0.5
-0.3148728311061859,-1.094635248184204,0.056308213022576624,2.1333375227513356,-0.34454667568206787,2.4957773131694316,1.2264325982731237,0.655959504739757,-0.6524105072021484,-0.957679808139801,-0.23439625328872377,0.5
0.4429023563861847,-0.6191481351852417,0.07799530029296875,1.7231809047259639,-0.7243484258651733,0.14171454738927303,2.12731171405057,0.5881644981554573,-1.2197231433821825,1.3144654285352373,0.21147480607032776,0.5
0.5944573879241943,2.057947284870039,-0.7898450704332585,-0.5665509104728699,0.8169032610784654,-1.349821925163269,-1.595869623376936,1.080534505263087,0.6569125652313232,-0.42341551184654236,-0.8381252635880683,0.3333333432674408
-0.3148728311061859,-0.6785839796066284,-0.3297167122364044,-0.5189158848234872,-0.6700910329818726,-0.9566229581832886,-0.3645716745189246,-0.4486402931283755,-0.5162615127169343,-0.5569815635681152,-0.2101629078388214,0.5
-0.3148728311061859,0.19101203752853646,-0.5335727334022522,-0.042665213653707186,-0.4523448618388509,1.8142952487458297,1.2942970563600595,-0.4107402451968198,-0.4030156433582306,-0.19392391263900602,0.12714727222919464,0.5
1.564071024321748,-0.7974557876586914,0.7510320950688394,-0.6776565313339233,-0.10038841515779495,-0.3949100971221924,0.2211796798437304,0.4072228414333909,-0.9018054008483887,-0.5569815635681152,-0.631800651550293,0.3333333432674408
0.22862851332376244,-0.4408404231071472,-0.12586070597171783,0.46581078581275,-0.3174179792404175,1.2412994301601292,0.15716230786016736,0.03470583206894513,-0.6066423145304237,0.40295021601280495,0.20640782638055344,0.3333333432674408
0.719938982366302,1.257848428541995,-1.5677092241912338,-0.5887720584869385,0.6989894007850459,-0.9726481109613274,-1.174223453705964,1.1850523937082051,1.3427485227584839,0.24441486597061157,-0.8280346606855253,0.3333333432674408
-0.3148728311061859,0.5201493960378313,0.21389929950237274,-0.16936946770203762,0.022058924997267196,1.179925020403015,2.0185576404644836,0.29424280697886485,-0.3814676953328312,0.24441486597061157,-1.1044541132582855,0.3333333432674408
-0.08754027634859085,-0.8568916916847229,0.34980329871177673,2.189237330820724,-0.4046365648448149,-0.2825675308704376,-0.08868229703294714,1.1394371849270086,-0.5900617837905884,-1.0244628190994263,-1.306420922279358,0.5
-0.01176275685429573,-0.6191481351852417,-0.5335727334022522,2.0129275150593022,0.7929405721285748,1.1217145919799805,0.7058299132185244,0.9232897991689755,-1.061632475192065,-0.6313425751213784,-0.2944904565811157,0.3333333432674408
-0.909817890847876,-0.6191481351852417,-0.2617647051811218,0.58273105102193,-0.17994788546427964,0.3535894704484603,-0.035252463167191425,-0.7356240698851259,-1.0888515710830688,-0.5569815635681152,0.7174400687217712,0.6981687871657895
-0.2390953153371811,1.892275197571573,-1.4096673223024228,-0.29969934657782327,0.35401524352261227,-0.90045166015625,-1.1550151960780204,1.2761429941058704,1.152427119746467,0.04406575486063957,-1.0322453226314074,0.3333333432674408
0.06401476263999939,-0.4408404231071472,0.28185129165649414,1.2160487990622153,-0.40821514631066846,0.8919757395954495,0.6196003459920881,0.4327480956351116,-0.5900617837905884,0.04406575486063957,-0.5474730730056763,0.3333333432674408
-0.46642789244651794,-0.6191481351852417,0.8690258490439398,0.2653051351724638,-0.18177451193332672,1.1125086790019845,0.8512058305945132,-0.2537670452666253,1.06692518165836,0.3111979067325592,0.6331125497817993,0.5801630951741144
-0.15644820756266498,0.33182618021965027,0.5993321633930287,1.739749016292525,-0.44305343598299607,1.0975022690346676,4.291695560113748,0.8702760889196353,-0.9367845922615994,0.1108487918972969,-0.5720578051164004,0.3333333432674408
-0.5426235512448394,-0.20309685170650482,0.5965129145720612,-0.6109932065010071,0.5778290033340454,-1.2936506271362305,-1.3371904964866903,-1.892714551833769,-0.5277130603790283,-0.39620702457325535,2.7004335033903213,0.6666666865348816
-1.4065977772869407,0.025762524401546517,-0.19381269812583923,-0.8109833002090454,-0.6700910329818726,1.1364678511228856,-0.4422960187555352,-1.3869338095255839,2.36275482639263,-0.3566324710845947,1.223405361175537,0.5
0.661476253229757,-0.6785839796066284,-0.2617647051811218,0.3940492863127149,-0.8328632116317749,-0.34455581511464617,-0.2624782687722883,-0.7306174139083249,-2.8034823068307935,-2.07754477968964,0.64681178296152,0.6666666865348816
1.9147060967456848,0.5719543208164956,0.4857073128223419,-0.6161397214096376,2.0739799099548506,-1.09373199134102,-1.3431893232206868,0.9964795871976356,-0.2783181965351105,1.832802408659886,-0.2418181374448796,0.5
1.5206959984906367,-0.8568916916847229,-0.12586070597171783,0.48365277223530184,-0.3082407763784899,0.5600017309188843,-0.24943626256393878,0.5951870436962908,-1.8760301224333904,-0.2898494303226471,-0.8004556894302368,0.3333333432674408
-0.5422053933143616,0.9810670794094551,-1.4704419650752192,-0.6554354429244995,0.5778290033340454,-0.3387388288974762,-0.9593509296672694,0.31340716555093423,1.6792013037418938,0.6451131105422974,-0.041507821530103683,0.5
0.1397922784090042,0.9079841917309124,-2.1644208431243896,-0.766541063785553,0.20492780473218056,-1.349821925163269,-1.7633916771219083,0.8594787569099601,1.152869221359906,1.2974976728656542,-1.0430142741632302,0.5
-0.2218958436841617,-1.1513375196214006,-0.05790869891643524,-0.8554255366325378,-0.6158336400985718,0.07979389016175742,-0.117707379161375,-0.9003649913594227,0.5945638418197632,0.5115470290184021,0.40889540089381726,0.5
-1.8331958147993022,-0.6589638930813176,0.07799530029296875,-0.8615543295844803,-0.8292676982797352,-1.349821925163269,-1.443536553692473,-1.9260807113066514,0.0957741066813469,-0.2742870020914243,1.3579381080734463,0.3333333432674408
2.267132954956239,0.3158844840429967,1.6414246361941482,-0.40219309675536674,0.5152500118476866,-0.7853346137506068,-0.842273795552953,1.4013592599898388,0.7192612886428833,1.5058506288311335,-0.631800651550293,0.5
0.1397922784090042,-0.6191481351852417,0.4857073128223419,1.7168760215416066,-0.009270589707100155,2.7189650617127215,1.8959501274680697,0.9615635894554485,-1.1021413494660044,0.4447639584541321,-0.1258353590965271,0.3333333432674408
-0.01176275685429573,1.060386362397915,-1.7172001286502394,-0.7693427969247942,0.37122391865577475,-1.1985743125996156,-1.674899343228375,0.3796578287400843,2.218712487475437,-0.2898494303226471,-0.1258353590965271,0.0
0.1397922784090042,-0.9757634997367859,-0.397668719291687,0.6892867243052442,-0.2631605863571167,-0.5072526931762695,-0.6349602446375977,0.6263454836407398,-0.09127205610275269,-0.6905476450920105,-1.1850238631100742,0.5
0.06401476263999939,-1.094635248184204,-0.04879723777704229,-0.8554255366325378,-0.3174179792404175,-0.17022497951984406,-0.5285599027576126,-1.1749789598060092,-1.867250311765454,-1.0244628190994263,-0.2944904565811157,0.5
-0.39065036177635193,-0.7274704090086568,0.010043300688266754,0.48765617667132677,-0.30254566601674715,1.065543293952942,1.0428796362921637,0.4854619289151937,0.9686561822891235,0.050240430096006594,-0.631800651550293,0.3333333432674408
-0.4925769904498912,2.1123712263407084,-2.1644208431243896,-0.544329822063446,1.074677422864009,-0.8442803621292114,-1.598619746437247,0.4914563654881211,1.7105628194148086,0.04406575486063957,-0.041507821530103683,0.3333333432674408
-0.2390953153371811,0.10544354300718661,-0.5335727334022522,0.31602586313260245,-0.8328632116317749,0.33531656861305237,-0.03645610198444761,-0.9885535512778053,-1.3096917952831217,-0.9898520119012332,1.3784870870257624,0.6666666865348816
-0.7695379853248596,-0.6923084598306836,0.40463575235868476,-0.10459420306253141,-0.6689549403342137,-0.0578824058175087,-0.35715004060554667,-1.2859935148921497,-0.5277130603790283,-0.15628336369991302,0.8914594259053531,0.5
-0.3148728311061859,-0.08422506600618362,0.010043300688266754,0.5190087172670501,0.4457314936515974,0.6161730289459229,2.05160574310177,0.35890155396791873,-0.5294453097109779,-0.7943476478612583,-0.8847832679748535,0.5
0.29134732484817505,0.5929940096054122,-0.044728829644752735,-0.7220988273620605,0.2819709241172967,-1.4080666562250588,-1.8900381350125384,0.4409311133575396,0.8439587354660034,0.3111979067325592,0.3801299035549164,0.5
-0.8453154563903809,-0.7121480870041631,0.010043300688266754,0.8800996870880436,-0.7243484258651733,0.2229740172624588,1.2774673912859122,-0.5137558783794711,0.6558403271807343,-0.22306638956069946,1.233121490088641,0.6666666865348816
0.5186799168586731,-0.7974557876586914,0.9781486436547947,-0.8109833002090454,0.8275707927849945,1.6415730234972616,0.8982309708486911,-0.7925586299596519,-0.4030156433582306,-1.0244628190994263,0.4362726014824181,0.3333333432674408
1.0260598177709441,2.4691465074780607,-0.19381269812583923,-0.42710431063140025,0.5916569203424997,-0.11405368894338608,-0.2041535328710502,0.9218882842865012,0.8052661075043924,0.4447639584541321,0.6331125497817993,0.3333333432674408
0.527422102884276,-0.9757634997367859,-0.05790869891643524,1.297299868618018,-0.44128495800804163,-0.2501671290833596,0.33797340423884026,1.1110863406419313,1.1557023525238037,0.17763182520866394,-0.8229562704338546,0.5
-0.08754027634859085,-0.7974557876586914,0.4857073128223419,2.16121530348176,-0.10038841515779495,0.9532006978988647,0.6606767403927934,1.033216118812561,0.15812282264232635,-0.7573306560516357,-0.631800651550293,0.3333333432674408
-1.1826811784863653,0.5007287024268184,0.28185129165649414,1.1990654772748135,-0.45306146144866943,1.383650601476227,0.7033916679955912,-0.44083556999752926,0.9063074588775635,-0.6905476450920105,1.119155185311076,0.6666666865348816
1.2972968133558676,0.29067348986319863,1.6763818862952808,-0.6998776793479919,1.3364129264955187,-0.7340153077862468,-1.0494045419739457,1.0150361545725712,-0.296192410929266,0.4190568293803783,-1.137765884399414,0.3333333432674408
-0.10944350580146338,0.6438863200429734,0.689051243548984,0.7902152113146832,-0.035961946815106734,-1.1813081502914429,0.2333191279899991,0.6234957172842587,-1.6115990036412595,0.1108487918972969,-1.559403657913208,0.3333333432674408
-0.5943221425626075,-0.5002763271331787,-0.19381269812583923,1.5149204906562268,-0.15464581549167633,0.11063144356012344,0.030102892087171172,0.515915191606283,0.0957741066813469,-1.113159522279097,-0.5474730730056763,0.3333333432674408
-0.6009387958514607,3.0383024064281274,-1.5454505740173936,-0.766541063785553,0.13053210387662936,-0.22639626264572144,-0.32472919815402,0.2687015237031163,1.280007783698157,0.1108487918972969,-0.46314552426338196,1.9101348886124068e-05
-0.7785524049443404,0.33182618021965027,-0.49042354005347244,-0.6674088673530831,0.4100505491910452,-0.5998424531903009,-0.7792846635469884,0.4720181762269559,1.2002361747690715,1.5444307445820111,-0.1258353590965271,0.5
-1.148425579071045,-0.5002763271331787,-1.4164861291929642,-0.7443199157714844,-0.427747712044726,1.921184166778415,0.6521686862580771,-0.6351803376215365,0.7192612886428833,-1.063013536916062,-0.37881800532341003,0.3333333432674408
1.142932608208811,-0.2625327408313751,0.6895633339881897,-0.8277901902993757,-0.6158336400985718,1.206084667987618,0.3467371884191006,-0.8297266294927836,-2.2857309064918914,-1.221218151226899,0.3801299035549164,0.3333333432674408
-0.08754027634859085,-0.5002763271331787,-0.05790869891643524,0.28293767370171014,-0.7091051817048873,-0.17022497951984406,0.5993357109230543,-0.7314492503666893,-0.4030156433582306,1.5185842555277989,1.392060399055481,0.5
-0.46642789244651794,2.1682905571211206,-1.1094598292023499,-0.766541063785553,2.4321337849346882,-1.0689655542373657,-1.3432674143353247,0.4214752959867476,0.46986642479896545,0.7243056492342151,-1.0534383058547974,0.5
0.048113531554481635,-0.6191481351852417,0.21389929950237274,-0.6267603720293019,-0.07325971871614456,0.5038304328918457,0.35009496665968376,-0.86321440876273,0.0957741066813469,0.04406575486063957,0.9704226851463318,0.5
1.254703686957272,-0.3219686448574066,0.4092312611696902,3.0595503154208368,-0.561576247215271,1.5069244591086552,0.9485790822255452,2.434454240291568,-0.9511397462530541,-1.2915949821472168,-1.5932549842905912,0.3333333432674408
0.19401458767249563,-0.4408404231071472,-0.19381269812583923,-0.8603319993099863,0.325665308867507,-0.0578824058175087,0.02333737869841562,-0.3377504865545548,-1.8257275008482998,-0.6237646341323853,-1.0534383058547974,0.3333333432674408
0.6706769813834401,-0.7974557876586914,1.6742366411038279,0.14171546340298602,-0.2902892827987671,1.314008826751248,1.1566135352262499,0.7260416157862521,-0.5854689654607941,-0.22306638956069946,-0.8004556894302368,0.3333333432674408
0.5186799168586731,-0.345584720487447,8.746756857318712,0.6173099476888698,-0.5800728040011973,0.2229740172624588,0.7904354813493654,0.21034120844237464,-0.2159694880247116,-1.283471550170486,0.3801299035549164,0.5
0.5186799168586731,1.5791038772887578,0.07799530029296875,-0.5162442531382093,0.37175832379385454,-1.1949675372570583,-1.6876198690933215,0.22557491114146644,0.9261913743051802,0.9311588387645214,0.9411156024232985,0.5
0.7958748924940479,-0.16326790701300706,1.6110388299671334,-0.6109932065010071,-0.5428868013611552,-0.2825675308704376,0.7771170554355724,-0.2898083155528403,-1.5993632160248208,-1.1580289602279663,0.14830306888312927,0.6666666865348816
1.400112076608502,2.826729088414844,-0.2617647051811218,-0.2743498107049523,0.49748065077671105,-1.0127942562103271,-1.323801762023969,1.2563147736826965,0.7012652601574877,-0.49019855260849,-1.152546074727868,0.3333333432674408
-0.16331779956817627,-0.6785839796066284,-1.783207718349835,0.28492942691426787,0.6589409498020123,0.7850525557417624,0.8801079990412961,0.36109612192527585,-1.9918428061370526,-0.49019855260849,-1.458808338409205,0.3333333432674408
-1.224203109741211,0.04750223116379686,-0.5335727334022522,-0.9051384810039067,-0.554901051361697,-1.1251368522644043,0.03279552898668302,-1.3652961272331763,-0.44787338665134263,-1.2915949821472168,0.5487849712371826,0.29026656402018636
1.896829297134458,-0.5597122311592102,1.172795084221296,-0.5887720584869385,0.5778290033340454,-0.90045166015625,-1.6064581229333768,0.389144345812172,-0.46536436676979065,1.8405212362736763,0.7174400687217712,0.6666666865348816
-0.9210929870605469,-0.5002763271331787,0.6165703775190624,0.5819503949094759,-0.2089032083749771,1.4714928174056483,1.9628956612886077,0.4309717919476352,0.46986642479896545,0.37798094749450684,-0.8847832679748535,0.5
6.353549003601074,-1.5701223611831665,9.11561107635498,-0.9887523055076599,-1.2940510511398315,14.546651840209961,5.739711284637451,5.3161420822143555,4.896625518798828,9.794388771057129,3.078611373901367,0.0
0.5944573879241943,2.25888427523511,-2.1295607850853706,-0.5665509104728699,0.7726468568592856,-0.8210968403527636,-1.1351930866487507,1.0356037451470994,1.2147343832743054,-0.5569815635681152,-0.631800651550293,0.5
-0.3148728311061859,-0.6191481351852417,0.07799530029296875,-0.6554354429244995,-0.15464581549167633,-0.2825675308704376,0.30696683173956635,-0.7545588925992135,-0.34066691994667053,-1.8683389693542092,-0.2944904565811157,0.5
-0.08754027634859085,1.2170760590542482,-1.989996759734778,-0.5665509104728699,0.5790139305679399,-1.349821925163269,-1.6735031784436967,0.17954226638305443,0.9063074588775635,-0.42341551184654236,0.21147480607032776,0.5
-0.46642789244651794,0.33182618021965027,0.07799530029296875,1.7293183102115774,-0.5887049436569214,-0.2963835117281201,0.3381654337103299,0.7156198417067534,0.46986642479896545,0.04406575486063957,0.29580235481262207,0.5
-0.6179829239845276,-0.3814045190811157,0.010043300688266754,-0.7220988273620605,-0.060122798772470974,-1.0127942562103271,-1.8105800056468846,-0.8355709618187751,1.0299883882340042,0.5855149901480481,1.964358537043167,0.7516365636714029
-0.46642789244651794,0.7150919459143056,-1.8937046625057403,0.0864176938220548,0.27342780436040615,-0.2825675308704376,-0.31827889869612586,0.4053419328617514,0.3438941329374877,0.24441486597061157,-0.9691107869148254,0.3333333432674408
1.4687931749084981,-0.5597122311592102,0.8934193253517151,-0.8052643082419286,-0.5073188543319702,0.33531656861305237,1.0318927145438201,-0.0043091645271991184,-0.2159694880247116,0.24441486597061157,-0.36088249291676316,0.3333333432674408
6.353549003601074,-0.5002763271331787,9.11561107635498,-0.9887523055076599,-1.2871426309540155,14.546651840209961,5.739711284637451,1.9652312338255915,4.896625518798828,9.7835571154743,3.078611373901367,0.0
-0.46642789244651794,-0.20309685170650482,1.0251641765336874,0.5654603878559327,0.5778290033340454,2.519895281547954,1.546112923160976,0.22139898849641795,-0.15362077951431274,-0.6237646341323853,-0.8847832679748535,0.3333333432674408
0.06401476263999939,0.7341108834033119,-0.6594770215575444,0.8598110980299951,0.33601208007856637,1.516205285484951,1.5530146612457338,0.9010923260342842,-0.2159694880247116,-0.3566324710845947,-0.7161281704902649,0.3333333432674408
-0.6179829239845276,-0.4408404231071472,-0.6015247106552124,-0.8776466846466064,-0.2902892827987671,-0.9566229581832886,-0.4837859070545879,-0.9700440370887405,-0.2782550797924931,1.2422164011449217,0.3801299035549164,0.3333333432674408
-0.46642789244651794,-0.5002763271331787,0.010043300688266754,2.072630634226641,-0.2089032083749771,0.8881547669764775,1.6941285400174348,1.389085465499136,0.4075177013874054,-0.6237646341323853,-1.1810443511980233,0.5
1.45146584386663,-0.8568916916847229,1.4801831952948226,-0.7887621521949768,-0.026756455341287892,-0.3387388288974762,0.000490948358981857,0.112978894966595,-1.6207884099785765,-0.22306638956069946,-0.631800651550293,0.6666666865348816
0.1397922784090042,0.39291129186267937,-1.4134217638679598,-0.1006628526128999,0.7350239209031125,0.34240638652025673,0.6403030590354063,0.5102156359993149,0.34516897797584534,-0.22306638956069946,-0.31847106900941113,0.5
0.1397922784090042,1.4620114889961073,-1.8282592390477264,-0.6998776793479919,0.279709363276786,-0.9279663487853861,-0.7131122022319848,0.47455220606663945,0.6632581876378357,0.1108487918972969,-0.631800651550293,0.3333333432674408
-0.9210929870605469,-0.3814045190811157,-0.6939316593432577,-0.022463843871608723,-0.6700910329818726,1.2895237529380126,1.545403543682765,-0.05188042291490652,0.9063074588775635,0.8483966633295356,-0.37881800532341003,0.5
0.29134732484817505,1.4768317776613917,-0.9670290298884928,-0.762142585936696,1.5119479107085638,-1.2692254451845295,-1.4201401975645633,0.2553098693319414,0.031217030721803506,1.6082131094077163,-0.2124356178757414,0.5
-0.08754027634859085,0.21295440196990967,-0.2617647051811218,0.7516853039593553,-0.4801901578903198,0.2791453003883362,-0.28094727618283805,-0.6574678894303166,-0.7520714322816547,-1.4682323597120752,1.0333722890770234,0.5
-1.072648048400879,-0.3814045190811157,-0.24245619162160847,-0.4549769267472306,-0.2360319048166275,0.6655499668223462,0.005562185830654485,-1.3273321227888601,1.0189306873101744,-0.8241137266159058,1.6561200206924962,0.6666666865348816
-0.16331779956817627,-0.6191481351852417,-0.27183734375310264,1.628933319402351,-0.5073188543319702,0.2229740172624588,0.2507801319035124,0.9797285239758927,-2.614763672418217,-1.2915949821472168,-1.472128197699945,0.3333333432674408
-0.5422053933143616,0.03464672341942787,-0.12586070597171783,2.2872689181824235,-0.4801901578903198,1.7326670620348568,1.3734606415324513,1.0991768858388924,-0.5277130603790283,-0.02271728403866291,-0.8847832679748535,0.3333333432674408
3.875316864094846,1.7286871073394576,1.5615781031833889,-0.6554354429244995,0.6567646859670428,-0.9566229581832886,-1.5842563929707396,1.3491246900669047,-1.075687078611523,1.6574691689030867,-0.631800651550293,0.5
-0.3148728311061859,-0.6785839796066284,0.7218764708793262,-0.7887621521949768,-0.561576247215271,0.6161730289459229,-0.3188756981105997,-1.6209530091596636,-0.34066691994667053,0.0248073942828531,1.0789622018732052,0.5
-1.4349556718221719,1.185111261978592,-0.6015247106552124,-0.6554354429244995,-0.7786058187484741,0.33531656861305237,0.11399145830923174,-2.447632467176286,0.37551240438749633,-0.15628336369991302,2.9813978813693813,0.5
-0.16331779956817627,-0.4408404231071472,0.27734141453561917,-0.21771992251083716,-0.9205867040810807,0.36895542612096976,0.34341389783294024,-1.249348297095549,-0.24101002775033603,-0.2898494303226471,1.8237775037747768,0.5
-0.3148728311061859,-0.3814045190811157,0.4177553057670593,2.2147982208467725,0.045061659428166034,7.914393102014266,1.7631877702058913,1.253364830381797,0.9686561822891235,-0.10248490021473011,-0.46314552426338196,0.5
-0.7695379853248596,-0.9757634997367859,1.1652272939682007,2.7417632270609285,-0.33872152253916116,1.5285383271135147,0.4527078322823236,1.6648551188668665,-1.7684288771008387,1.5834574222152633,-1.2264082744880649,0.5
0.1397922784090042,-0.08422506600618362,-0.05790869891643524,-0.21842186769305516,-0.06917884466108469,0.9532006978988647,0.4735696756770371,-1.4565511469815144,-1.0888515710830688,-1.0244628190994263,1.901668331062943,0.6666666865348816
0.041638561183813816,0.7277784208382924,0.010043300688266754,0.19036799881940966,-0.07325971871614456,-1.349821925163269,1.0718710571314245,0.6134577124967119,0.5945638418197632,-0.2898494303226471,-0.9691107869148254,0.3333333432674408
0.21556980907917023,-0.6191481351852417,0.6532107214611899,-0.9086387832257337,-0.45306146144866943,-1.201476355174553,-0.682110768022828,-1.0635492865505953,-0.9444356556391744,-0.5569815635681152,0.42523571796921167,0.3333333432674408
0.9089195965047154,-1.4572680574061485,-0.12586070597171783,1.2356387446566426,-0.2089032083749771,0.6267192987049546,0.45708512235744325,0.6874428179942228,-1.250272525253382,-0.957679808139801,-1.0814030493831994,0.5
-0.46642789244651794,0.182587805223157,0.6216112971305847,-0.158927262009161,-0.8911797845231698,-0.22639626264572144,-0.3294063698743987,-1.1853276041737273,0.23873945350731643,0.4447639584541321,1.4805858272806915,0.5
2.8412387513158555,0.04781947082012715,2.208674754069302,-0.6554354429244995,0.7562873568249247,-0.8442803621292114,-1.5008226021621527,1.9165014590561118,-0.15362077951431274,0.7786791324615479,-1.5288667028515481,0.3333333432674408
0.06401476263999939,-0.8568916916847229,-0.05790869891643524,1.4886125280359777,-0.5073188543319702,1.4573817459463696,1.1301846842473935,1.3028396713208665,-0.2783181965351105,1.929067989245586,-1.306420922279358,0.6666666865348816
-1.3076355869136986,-0.2625327408313751,-0.13379553224264587,-0.5887720584869385,-0.8017511486766425,-0.45108139514923096,-0.4314506911532274,-1.9855408528766791,0.09554671592720392,0.7928368517841495,2.4369413927648687,0.5
-1.148425579071045,-0.024789171293377876,-0.9688500275772631,1.4265489297723521,-0.6915620891112987,-0.6163869989410462,-0.2582903323095887,-0.03023628792609962,0.32772870822630484,-0.42341551184654236,0.1680887605358911,0.6666666865348816
-1.072648048400879,-0.3814045190811157,-0.3297167122364044,-0.03791144526592996,-0.2902892827987671,1.3444564915903048,0.911823023247684,-0.02356411931567005,-0.46536436676979065,-0.0895003229379654,-1.137765884399414,0.5
-0.548524589851615,-0.024789171293377876,-0.19381269812583923,-0.6998776793479919,-0.2902892827987671,-0.09923013970845852,-0.2315393201450162,-1.0605165078095582,0.15812282264232635,0.5115470290184021,0.4644574522972107,0.5
5.659572876609138,0.8231500644968823,2.1296209943894047,0.23132179315653806,0.9749080338433088,-1.349821925163269,-1.56781314353096,2.7135864905371867,-0.4030156433582306,2.2034286798094165,1.4481636070700943,0.8333333134651184
0.5186799168586731,-0.4408404231071472,-0.3297167122364044,1.8689339628941057,-0.01900232955813408,1.1217145919799805,1.5487674695844316,1.1219110340496388,-0.344847409036834,0.37798094749450684,-0.631800651550293,0.5
-0.39065036177635193,-1.1046239397770268,-0.05790869891643524,2.967936643927379,-0.01900232955813408,0.7846868634223938,-0.08610225904361722,1.420057263497379,0.033425383269786835,-1.1668449360708266,-1.2220934629440308,0.5
-0.3148728311061859,-0.2625327408313751,-0.4656206965446472,2.9433945750451795,-0.2360319048166275,-0.0578824058175087,1.163810160383545,1.52132350303367,-0.4030156433582306,-0.49019855260849,-0.8004556894302368,0.5
-0.39065036177635193,-0.7394850848251747,0.07799530029296875,-0.766541063785553,0.14458729340929594,-0.11405368894338608,-0.033278880715950324,-0.9376029921949413,-0.26102885832219647,-0.38162828347628225,0.04281972348690033,0.5
-0.46642789244651794,-0.053097417975780194,-0.27742589751411456,0.6148484043706193,-0.0966497020053995,-0.018561437265780027,1.8299847255047323,0.6921381072642832,0.34516897797584534,-0.0895003229379654,-0.8847832679748535,0.5
-0.08754027634859085,-0.3814045190811157,-0.19381269812583923,1.2440222557795997,-0.6429623365402222,-0.731937825679779,1.0225574738557852,0.39245586581011216,-0.5900617837905884,0.17763182520866394,-0.1426095503072874,0.5
0.3298350792218069,-0.7974557876586914,0.07799530029296875,-0.6998776793479919,0.760229261224725,0.5038304328918457,0.8571666325671773,0.278135922582846,-0.15362077951431274,0.6892478001178963,-1.137765884399414,0.5
0.8048535719916575,-0.03419042620593817,0.39983731871453476,-0.6554354429244995,-0.07290068404719072,-0.8442803621292114,-1.5707422907554334,-0.462868418886574,0.024500649550016906,0.8464047902756494,1.223405361175537,0.5
-0.2390953153371811,-0.3219686448574066,0.39354039471339447,-0.8109833002090454,-0.01016201908393367,-1.251517411823744,-1.5064025323049541,0.789311662088134,1.2474635880142015,0.8654864392235485,-0.8847832679748535,0.3333333432674408
2.38921915059012,0.09408261626958847,-0.8309522406078429,-0.8411888860065772,-0.3174179792404175,-1.065126964896781,0.33895804812533825,-0.45208458398416074,-3.1368592326902043,0.3111979067325592,-0.9409228452323476,0.5
-0.5422053933143616,1.3964657669962353,-1.3880999846479978,1.1572129074033044,-0.2360319048166275,0.5594040728487644,0.9005499476146058,0.17761413691861713,-1.6551689750264762,1.6980085000360692,0.12714727222919464,0.5
-0.01176275685429573,0.7693178532255194,-0.12586070597171783,-0.5225377660131884,-0.45306146144866943,-0.0017111222259700298,-0.019509974867105484,-1.861768439490705,-1.6612999518673648,-0.49019855260849,2.2911096532687543,0.6666666865348816
-0.7695379853248596,-0.2625327408313751,-0.19381269812583923,-0.5665509104728699,-0.7243484258651733,-0.8442803621292114,-0.8096537279669217,-1.3977527340697322,0.8439587354660034,2.055888519694617,1.813698172569275,0.6666666865348816
0.1397922784090042,-0.3814045190811157,0.07799530029296875,-0.6776565313339233,-0.10038841515779495,-0.0578824058175087,0.03715809009963173,-0.45791630843202075,1.221440652407634,0.7497722958374337,0.4303853570781936,0.5
-0.5422053933143616,-0.5597122311592102,0.4857073128223419,-0.766541063785553,-0.561576247215271,0.2229740172624588,-0.35208807504567324,-1.6440434120634133,-0.9255009902570054,-1.0244628190994263,1.2634242821010817,0.6666666865348816
-0.8453154563903809,-0.2625327408313751,-0.3209109323431471,-0.6998776793479919,-0.5343348669242713,-0.42426037734352257,-1.0575583144608987,-1.6822092460512208,0.2828202545642853,-0.42179117969630286,1.3660912563710628,0.6666666865348816
0.21556980907917023,2.2484305258166195,-0.8445711603587653,-0.7220988273620605,-0.07325971871614456,-0.9183813053904405,-1.4309747424355805,0.05835558690103453,-0.46536436676979065,-0.5569815635681152,-0.8847832679748535,0.3333333432674408
0.32519515777473523,-0.7974557876586914,0.4857073128223419,2.422262669455754,-0.2360319048166275,1.1217145919799805,1.890375349683328,1.8953209865509602,-1.213549017906189,-0.16024587725693068,-1.4750760793685913,0.3333333432674408
-0.6937604546546936,-0.08422506600618362,-0.397668719291687,1.8987359760977154,-0.8370393080483195,0.6119953518162758,0.018599082807530275,-0.40579663137522703,-0.8004856351365156,-0.49019855260849,1.0840972217161537,0.6666666865348816
0.696709076822545,-1.2439093611960912,0.963303993638298,0.4613246011768578,-0.04670725286046247,0.33531656861305237,0.03307471116178046,0.2019633541252396,-0.9641541242599487,-1.4134616028314015,0.04281972348690033,0.6666666865348816
0.29134732484817505,1.737721866984232,-1.8981834357276153,-0.5887720584869385,0.6349593478891592,0.11063144356012344,-0.45764483575213866,0.7732518024216345,0.6093350685267824,0.9365485344071484,-0.6343907415320893,0.5
0.8850174365475929,0.2042834005319763,-0.012850514587882684,0.7941879465756542,-0.8328632116317749,-0.2825675308704376,0.5308875275671893,-0.5866238879511827,-0.9641541242599487,-1.0244628190994263,2.4601848925204317,0.5
-0.16331779956817627,-0.14366096258163452,0.5721022192352117,2.3570128521200515,-0.09309908960630632,0.9139832078297104,0.8661498655880016,1.8437740837367478,0.0957741066813469,0.5783300399780273,-1.137765884399414,0.3333333432674408
-0.6937604546546936,0.0948933675508819,0.07799530029296875,-0.7220988273620605,-0.7682447434340879,-1.055177738184878,-0.8968872107013341,-1.3132492658904524,-0.7147592306137085,-0.49019855260849,0.6839764813808276,0.6666666865348816
-0.41983412494362515,0.33182618021965027,1.481790734617347,-0.833204448223114,0.9897308841984291,-0.8633689293968219,0.14511869881183279,-0.3816924733904204,-0.2159694880247116,0.3111979067325592,-0.9786209150940232,0.5
0.5186799168586731,-0.3219686448574066,-0.1701634570593772,1.7986291108138823,-0.16373299808473205,0.0385220223792048,1.054581322378074,1.308048732085485,-0.2475862660130166,0.3947253544049784,-0.8847832679748535,0.3333333432674408
-0.9210929870605469,-0.4070667433572425,-0.397668719291687,-0.6863686465870211,-0.697219729423523,-0.9566229581832886,-0.9480144631643745,-1.6424721048687532,0.9063074588775635,0.9122452139854431,1.9431767647239477,0.6666666865348816
-0.6937604546546936,2.863641421314231,-2.1644208431243896,-0.6998776793479919,0.304580501009268,-0.3387388288974762,-1.1030925174385442,-0.6842323613475941,0.2204715460538864,-0.7130206015826739,1.0646119452774905,0.2478351409527793
-0.46642789244651794,-0.7380198836326599,-0.4656206965446472,5.640610652825795,-0.34454667568206787,1.2589850554851854,1.4929637775305427,5.287467662300264,1.3559933995039894,-0.890896737575531,-1.4750760793685913,0.3333333432674408
2.375937347014809,2.3919940336799796,0.21389929950237274,-0.6998776793479919,0.8419009888608097,-1.1206599098718935,-0.7074555282784347,1.7944915876113985,0.584616361122891,-0.22306638956069946,-1.137765884399414,0.3333333432674408
-0.3148728311061859,0.07434655287742586,-0.397668719291687,-0.2697378762339663,-0.5344475507736206,0.9532006978988647,0.09098521631936074,-1.3415695162088053,-0.7441399533806025,-0.2517701332856834,1.6450430154800415,0.5
-0.7695379853248596,-0.5597122311592102,-0.4656206965446472,4.83597080970551,-0.1297931054734171,0.8959626106817368,0.21438049851758126,1.913028969124332,-0.03379721629265535,-0.9523307288430202,-1.3701622094084769,0.3333333432674408
-1.072648048400879,0.09408261626958847,-0.5335727334022522,-0.6554354429244995,-0.2360319048166275,0.11063144356012344,1.133345438208821,-0.6608317165290567,-0.34066691994667053,0.11355289086825927,-0.1258353590965271,0.3333333432674408
-0.5502074069083069,-1.0351994037628174,-0.8024328568755227,-0.833204448223114,-0.2089032083749771,-0.731937825679779,-0.7652395993158512,-0.9094999363758305,-0.028923334553837776,0.8001256850636365,-0.041507821530103683,0.5
-0.2390953153371811,0.07321480877588497,-0.397668719291687,-0.8554255366325378,-0.18177451193332672,-0.45108139514923096,-0.26782335167654336,-0.32041784299850057,0.4075177013874054,-0.5997662786729664,-0.356481057488659,0.8825086054346648
0.1397922784090042,2.310113522705925,-2.1644208431243896,-0.470278155697178,0.8361272235957652,-1.1251368522644043,-1.5499537558488123,0.7363962435127247,1.8168349622439184,-0.03119395687731994,0.4644574522972107,0.5
-1.787980083583096,-0.14366096258163452,-1.0876580030773055,-0.8302074023853104,-0.8188154385711071,-0.07344401893693045,-0.19277341451858981,-1.8006111906464533,0.6217539128285071,1.0322023885347102,1.5607155561447144,0.5
0.06401476263999939,0.09408261626958847,-1.3086383008185674,-0.6776565313339233,0.588346038397179,-0.5767700184375916,-0.6613780526209703,0.4538309218971756,0.9299011610458311,0.04406575486063957,-0.8004556894302368,0.5
6.353549003601074,-1.3863980162310698,9.11561107635498,-0.9887523055076599,-1.2940510511398315,14.546651840209961,5.739711284637451,-0.7584213854455792,4.896625518798828,9.794388771057129,3.078611373901367,0.0
-0.2468760252629691,1.4295198402483833,-2.1268903039524827,-0.6776565313339233,0.5310598600992906,-0.6195952296257019,-1.6334135832895378,-0.18173487845418657,0.811342656192196,0.5783300399780273,0.29580235481262207,0.5
-0.08754027634859085,-0.8568916916847229,-0.5335727334022522,1.6964895991345692,-0.04613102599978447,0.6370071432097327,0.9129409291945108,0.8983207941055298,-0.4030156433582306,-1.2053271168459618,-1.0534383058547974,0.5
0.135133218915922,-0.5002763271331787,0.21389929950237274,1.1095019995550925,-0.10038841515779495,1.065543293952942,1.2071328626973528,0.8638594202191393,-0.46536436676979065,-0.49019855260849,-1.2603908180846009,0.3333333432674408
0.23803312928008774,2.375257617856431,-1.788915239017062,-0.569005167856701,0.8509776362146442,-0.6195952296257019,-1.3898832484380392,0.16833783704477687,0.7816100120544434,0.24441486597061157,1.223405361175537,0.5
1.648009019556746,-0.5002763271331787,1.1521829405871096,-0.7220988273620605,0.5810550078381198,-1.297584260003227,-1.7388381188067035,0.405426954078189,0.0957741066813469,0.7786791324615479,1.6450430154800415,0.6666666865348816
-0.8453154563903809,-0.7918169562725581,-0.3297167122364044,-0.43011458039346834,-0.2902892827987671,-0.2825675308704376,0.06650473251340515,-0.43593481381074,-0.46536436676979065,-0.2898494303226471,-0.46314552426338196,0.5
0.5944573879241943,-0.9163275957107544,1.9098578906473942,-0.6109932065010071,-0.6365460631983887,-0.7173313427803923,0.9714313175382194,-0.8461366765247265,-0.028923334553837776,-0.890896737575531,1.2216488824907519,0.6666666865348816
-0.08754027634859085,-0.6357847846489135,0.34980329871177673,0.905087406853626,-0.39880406856536865,0.6723442673683167,1.0350041898651843,1.033216118812561,0.08341058021346812,0.9790282845497131,-0.7161281704902649,0.5
0.1397922784090042,0.9264202707727027,0.06337842968599994,-0.8998677730560303,-0.6158336400985718,-1.0127942562103271,-0.11723658284361968,-0.9525479922460018,-0.4030156433582306,0.5783300399780273,0.12714727222919464,0.0
-0.39065036177635193,-1.094635248184204,0.28185129165649414,-0.8109833002090454,-0.41068795106465417,0.5600017309188843,-0.24302465917656532,-1.7335503128379934,0.46986642479896545,-1.0244628190994263,1.7411371318943465,0.5
0.21556980907917023,1.7904587573287631,-1.1448536680162238,-0.6554354429244995,1.0683124981002319,-1.349821925163269,-0.816815349924065,0.3590295602859156,-0.7147592306137085,3.2917494343806126,-0.631800651550293,0.3333333432674408
-0.01176275685429573,1.1911497235562802,-0.8328199520265758,1.1151772858607505,-0.36830989596392516,-1.1839802076710781,-1.097838800536961,0.06777193510528709,0.538215850546591,-0.957679808139801,0.7174400687217712,0.5
0.36712485551834106,0.9434757432964663,4.69038529129031,-0.8109833002090454,12.946179751481457,-1.0127942562103271,-1.2874567878543415,0.5728557656435566,-0.46536436676979065,0.4447639584541321,-1.1993226142219113,0.5
0.9233789743003076,1.5191905294098775,-1.1049693829383325,-0.544329822063446,0.293806011654099,-0.2989535973994602,-1.0763865087471531,0.9123279229768049,0.7192612886428833,0.9790282845497131,-0.8004556894302368,0.5
-0.46642789244651794,-0.5597122311592102,0.07799530029296875,0.5338415955149501,-0.39880406856536865,2.094681434926898,1.9834534926567362,0.3629247735214991,-0.5900617837905884,-0.8937754448159733,-0.9691107869148254,0.5
2.684732697868093,0.3365562526302711,1.2379248565904448,0.07768276939969865,0.9021282653253263,-1.3801542158137357,-1.6605552262262913,1.7432275386523863,0.2828202545642853,1.9257579935011306,1.3590347351974532,0.5
0.1397922784090042,-0.2625327408313751,1.51403471368479,1.057366019635118,-0.355640422297389,1.27135652279628,1.0364841287913242,0.779431402066514,-1.3471707937936577,-0.884205046672436,-1.5010480186987731,0.3333333432674408
-0.08754027634859085,2.4625579603214405,-2.004789308344172,-0.6332142949104309,0.8271383322489697,-1.1251368522644043,-1.305742221869862,0.730585474090784,1.5002774591098114,-0.02271728403866291,-0.8847832679748535,0.3333333432674408
-0.6179829239845276,-0.9163275957107544,0.21389929950237274,-0.8522936803653967,-0.5073188543319702,0.18260024686405346,0.226421842333498,-1.094750336361258,1.0150318985751612,-1.0244628190994263,0.21147480607032776,0.5
-0.3148728311061859,0.08062571979016167,0.9381208814187859,-0.215137873847988,-0.5073188543319702,0.38376911851542317,0.2348909642878245,-1.3951410834989693,-0.2783181965351105,-0.890896737575531,1.9710267334415748,0.6666666865348816
2.434765913328791,-0.027266159796059945,0.15542421509790216,-0.8230310755176082,0.21506241704470444,0.2229740172624588,0.6273131006672604,0.6092972606590308,-1.503736558821575,0.8453754365472173,-1.137765884399414,0.3333333432674408
0.1397922784090042,-0.7380198836326599,1.1652272939682007,1.7775224943447792,-0.25808516583019614,0.2229740172624588,0.5641899482054706,1.4282625244946787,-1.151200294494629,-0.6905476450920105,-1.4750760793685913,0.008111277651371606
-0.46642789244651794,-0.7974557876586914,0.2602585256147367,1.6332429670657838,-0.2360319048166275,1.9384110544342001,1.6445421767226447,0.9386375845900592,0.0957741066813469,-0.3566324710845947,-0.9204861104853903,0.5
-0.45031228716258276,-0.9757634997367859,0.34980329871177673,-0.7220988273620605,-0.6158336400985718,-0.8419497204831313,-0.5669958175096322,-0.598673380213958,0.9013256283011233,-0.8241137266159058,0.29580235481262207,0.3333333432674408
-0.2816130980469551,-0.6785839796066284,0.533640480745727,-0.18691873806905296,-0.7243484258651733,1.649532198796966,1.571074041084279,-1.0167535824707692,-1.290064645169189,-1.6512128299067301,0.24318489100388122,0.3333333432674408
-0.6179829239845276,-0.08422506600618362,0.28185129165649414,-0.5254506347324882,0.45630309373939065,0.3669546408746397,0.10537255691402826,-0.9100316173918515,0.17724778115257242,0.9790282845497131,1.096338661277045,0.5
0.29134732484817505,1.3560287816604077,-0.397668719291687,-0.6030892604658409,0.5700440004280477,-0.45108139514923096,-0.8155907099747042,1.0624627863912037,0.763443003491857,2.0464144760746255,-0.9691107869148254,0.3333333432674408
-0.2390953153371811,-0.5597122311592102,0.07799530029296875,0.3309891464904817,-0.34454667568206787,1.1439039189520424,1.4533684682368126,0.25091124637482404,0.15812282264232635,0.04406575486063957,-0.631800651550293,0.5
0.8804180356423187,1.1245241792049094,-0.6522839815255366,-0.6993296941976175,0.29011691062315786,-1.237479329109192,-1.5228149331963226,0.18849582649813854,-0.9018054008483887,-0.8241137266159058,-0.2944904565811157,0.5
-0.7297703858145735,0.3924863633689878,-0.40675697571534186,-0.46763280734191637,-0.2631605863571167,-0.0354881978886996,1.5616848999550474,-1.0582297042925564,0.4101923419075222,-0.6905476450920105,0.6922871560133349,0.5
-0.2278796207329612,-0.3814045190811157,1.1652272939682007,1.8793069802360667,-0.2548202909732889,1.466056651209357,1.296046341168168,1.2993287666470805,-0.8394566774368286,-0.8241137266159058,-1.9629469181100314,0.3333333432674408
0.21556980907917023,-0.024789171293377876,1.0810830561168256,-0.3103680038997224,0.4532650059387464,-0.3387388288974762,0.22444607841711667,0.6247077246343201,-0.7147592306137085,-0.01636073648560457,-1.328707436417311,0.5
0.7616779470962093,4.197320338544851,-0.941284716129303,-0.544329822063446,0.5731061842145466,-0.3387388288974762,-1.0266442027820275,1.4183984884002159,0.8439587354660034,-0.02271728403866291,-0.6491662872392553,0.3333333432674408
-0.9968705177307129,0.7328278720819288,-1.5187345645674122,-0.7734030396600224,0.5072859029596687,0.05032231126782613,-0.8465984596720891,-0.49487897694695576,2.087864771763756,-0.2898494303226471,0.21147480607032776,0.3333333432674408
-0.6179829239845276,0.33182618021965027,-1.6349697048580734,-0.7443199157714844,0.7635352431286887,0.05446016043424606,-0.13313985847322488,0.0921392942658855,-0.2783181965351105,1.2631499082102575,-0.9691107869148254,0.3333333432674408
-0.6937604546546936,1.462921860675876,-1.523145601873361,1.3097276888888918,-0.10997309256076716,0.4622587954736815,-0.408965898631962,0.038186617616494875,-0.028923334553837776,0.24441486597061157,-0.041507821530103683,0.5
-1.072648048400879,-0.799091920538746,0.07799530029296875,-0.8776466846466064,-0.3174179792404175,-0.22639626264572144,0.6054746373136858,-0.7507555504350766,0.46986642479896545,-0.5220267611685342,-0.1258353590965271,0.3333333432674408
-0.01176275685429573,-0.5002763271331787,0.37506344098654343,0.0604923355239427,-0.15464581549167633,0.008323140324329424,0.9379850642795919,0.22384161589677037,-0.15123688214397832,-0.0895003229379654,-0.5474730730056763,0.5
-0.6179829239845276,2.0658287571079166,-2.163183401963994,-0.8109833002090454,-0.04613102599978447,0.7559348790134047,-0.13740426267648345,-0.19659946427169006,0.5945638418197632,-0.890896737575531,-1.137765884399414,0.12732418482446464
0.5944573879241943,-1.2684253068973754,0.641447507456277,-0.8554255366325378,-0.19562126824161796,0.8852009071577601,0.2787269977240244,-0.6409827050460013,-0.371869017129618,0.2816323948015965,0.04281972348690033,0.5
0.845708370414204,4.017694993819601,-1.9212768718312312,-0.6776565313339233,1.4358663501900286,-1.4323663902065498,-1.816718063636871,0.6176799463658129,0.5945638418197632,0.3111979067325592,-0.03500187730852503,0.3333333432674408
-0.46642789244651794,-0.5002763271331787,0.4177553057670593,-0.8554255366325378,-0.37167537212371826,-0.3949100971221924,0.011114253567864982,-2.1587045663505524,-0.46536436676979065,-1.0244628190994263,2.14480596858442,0.6666666865348816
1.3837615057488617,-0.5597122311592102,-0.12586070597171783,0.6554597439027801,-0.697219729423523,0.896303085402027,0.6048556867213525,0.3267954978741647,-0.7771079540252686,-1.2915949821472168,0.43502284142441716,0.3333333432674408
-0.5422053933143616,0.6339995898377982,-1.026569992374236,-0.766541063785553,1.594183356121489,-1.4595014920359952,-1.6544164634106657,0.4077532466382652,0.5945638418197632,0.3111979067325592,-1.306420922279358,0.3333333432674408
0.5944573879241943,0.4492032116048504,0.010043300688266754,0.25777510702694434,-0.7282658543810213,-0.5634239912033081,0.03758453934485751,-0.7018381674911836,-2.123289817797434,-0.6237646341323853,0.9704226851463318,0.5
-0.7695379853248596,-0.5597122311592102,-0.12586070597171783,-0.6674879281154897,-0.7243484258651733,0.5306802941286872,-0.2603166205737884,-1.7068410259964555,-2.1152862043807272,-1.0454446402359263,0.9365454649321354,0.5
-0.9968705177307129,-1.2924695416530398,0.21389929950237274,-0.766541063785553,-0.5887049436569214,0.03237277448485377,-0.21069121334778218,-0.3872899774349789,1.574086001674077,-0.8241137266159058,-1.0534383058547974,0.3333333432674408
-0.01176275685429573,1.627957826648848,-0.9308741786643154,-0.6332142949104309,0.7273122550248765,-0.7926650149363927,-1.0043215325006876,0.41265030244642215,0.0957741066813469,-0.2898494303226471,-0.8847832679748535,0.5
-1.148425579071045,-0.6191481351852417,-0.4375176196017132,0.8362655277118618,-0.558741119490179,-0.33057543807731515,0.06797442056907435,0.19110188749272508,1.7837286675312578,-0.2898494303226471,0.29580235481262207,0.5
-0.5422053933143616,0.13767827183744336,1.9576772189692597,1.8064032699436396,-0.3174179792404175,2.8427566753869544,2.2756248280522424,1.250666881516019,-0.028923334553837776,-0.3566324710845947,-1.4750760793685913,0.3333333432674408
-0.39065036177635193,-0.2625327408313751,-0.3020043407783462,-0.4998875558376312,-0.697219729423523,0.33531656861305237,0.2211005081934461,-0.7289083728746181,0.1318356039312631,-1.0244628190994263,-0.1258353590965271,0.6666666865348816
-0.8453154563903809,-0.2625327408313751,-0.2617647051811218,-0.6332142949104309,-0.45281020141148187,-0.731937825679779,-0.21493276461597144,-1.694099523465784,-0.6502959561059553,-0.22306638956069946,1.5607155561447144,0.6666666865348816
-0.46642789244651794,0.4141167444151892,-0.9721950601652409,-0.6332142949104309,-0.5887288404876304,-0.9991719270857814,-0.057903714546072946,-1.1190944243515035,-0.46536436676979065,1.0619384420533236,1.479507956850782,0.5
-0.9968705177307129,-0.20309685170650482,0.4857073128223419,-0.8109833002090454,0.503313431926322,-0.5330479482426767,-0.20486480175491362,-0.5796752040111826,0.42659698211039143,-0.9027497278677847,-0.025024692465869358,0.5
-0.16331779956817627,0.9337496594553837,0.14594730734825134,2.2160984740183434,0.5778290033340454,1.7133317703763609,2.1586606334103373,1.5812751989612943,-0.7147592306137085,1.4318198484976998,-1.306420922279358,0.3333333432674408
0.4429023563861847,-0.8694807788946035,-0.03742487686773791,0.8343317912948295,-0.5572009818798142,-0.22639626264572144,0.6427224330285,-0.5198512978935173,-1.8286692334924788,0.24441486597061157,0.9704226851463318,0.5
0.9027047916746878,0.6399765715690832,-1.4038386040078459,-0.6001660971032604,0.6478569518809488,-1.4180862258851674,-1.8172584025820149,0.39435910286092724,0.46986642479896545,0.17763182520866394,1.4164545335797671,0.5
-0.01176275685429573,1.209987190690684,-0.2617647051811218,-0.6776565313339233,1.0124934839206934,-1.3899254961174028,-1.6845440916215741,0.9749433250497409,1.455240119172045,0.7786791324615479,-0.46314552426338196,0.3333333432674408
0.7106703703385299,-0.024789171293377876,0.8254672884941101,-0.6388372953378612,13.416902198023074,-1.4059932231903076,-1.7425926062609078,0.8034834055264601,-0.5277130603790283,2.4850160634962717,-0.713053085030001,0.5
-1.2316782096036794,1.0029326624118333,-1.942829630149749,-0.5158809735904065,-0.2089032083749771,-0.2825675308704376,-0.4489069754896848,-0.4774840290730133,1.5312898902889334,1.5853590879092407,0.4644574522972107,0.5
0.1397922784090042,-1.247468275273291,0.28185129165649414,-0.16697247851264319,-0.45306146144866943,-0.3387388288974762,-0.3589355226740979,-0.15545795965739662,0.46986642479896545,-0.02271728403866291,0.12714727222919464,0.5
-0.01176275685429573,1.644322613252911,-1.9503958772710062,0.31290345841697265,0.5491334595769719,0.05446016043424606,-0.05378182305675388,1.2092247232207656,1.2387938804880563,-0.8243392647554291,-0.8847832679748535,0.3333333432674408
-0.46642789244651794,0.7466220427096937,-0.4656206965446472,1.7686569645284698,-0.2089032083749771,0.8349131154229611,0.7824062862352439,0.9086256608475359,-0.8734454513945904,0.13190557937251726,-1.0534383058547974,0.3333333432674408
-0.46642789244651794,-0.5002763271331787,-0.4656206965446472,0.25026950590022845,-0.04613102599978447,-0.22639626264572144,1.0439547461796561,0.2786015724074183,-0.5900617837905884,-0.890896737575531,-1.4750760793685913,0.3333333432674408
0.06401476263999939,0.33182618021965027,0.3795566113402988,-0.6745505675001501,-0.6700910329818726,-0.4267843499016566,0.76000766063029,-1.0379222161154278,-1.2011160390334201,0.37798094749450684,1.392060399055481,0.3333333432674408
-1.148425579071045,-1.1053694129147522,-0.05790869891643524,-0.833204448223114,-0.42593276500701904,1.2083244327047513,0.07506809930808671,-1.2389136009428134,-0.6524105072021484,0.5115470290184021,0.04281972348690033,0.6666666865348816
-1.494506295788836,0.5101338624954224,-0.3820676843835431,-0.5887720584869385,-0.5073188543319702,-0.731937825679779,-0.17084098717059798,-1.3812841495201766,0.8439587354660034,-0.1157497107286557,0.5768975792800607,0.3333333432674408
-0.5208435302126225,0.003309652185557635,0.010043300688266754,-0.11313587251677232,-0.8504760639494258,-0.90045166015625,-0.8563552304776784,-1.1411756100831447,0.30534411782788357,0.9122452139854431,1.5607155561447144,0.6666666865348816
-0.5422053933143616,-1.0351994037628174,0.010043300688266754,-0.05663830656748857,-0.4801901578903198,0.8874117176589393,0.37185644830488734,-0.6513864531205202,-0.15362077951431274,-0.957679808139801,0.1854059936637534,0.6666666865348816
-0.5422053933143616,-0.6191481351852417,-0.8053807020187378,4.081813727302929,-0.42593276500701904,0.5521105874195287,1.1534679107403443,2.3857581732859146,1.315802610149573,-0.2898494303226471,-1.559403657913208,0.3333333432674408
0.36712485551834106,1.6473253453438064,-0.08262377061182183,-0.6332142949104309,2.0451299895182165,0.05446016043424606,-0.019509974867105484,0.36227283123987986,-0.7147592306137085,0.7565906823531596,-0.9691107869148254,0.3333333432674408
-0.2390953153371811,-0.6785839796066284,-0.5335727334022522,-0.9095777393207443,-0.6930787895200111,-0.5072526931762695,0.10676158446978438,-1.5144204693482015,-1.5131449007453865,-0.5569815635681152,0.6550665843516232,0.5
-0.3148728311061859,-0.7068809956934297,-0.941284716129303,1.2031287904652417,-0.2037699412393838,2.2650441662545857,1.188025947181845,0.6931147571788048,-0.7771079540252686,-1.0936427627238348,-1.2220934629440308,0.3333333432674408
5.925211236029282,0.28107244037236745,1.1652272939682007,0.2216971010898015,0.036912244089532295,-1.4061854664840503,-1.7752949415301449,1.9785942574138742,-0.5928522961272522,0.2625684189793777,0.7594627180551916,0.6666666865348816
-0.6937604546546936,1.5527454184691463,-1.6052027230589907,-0.6332142949104309,0.5112471021037929,-0.9566229581832886,-1.5003061415667251,0.8850753447115166,2.2798496103209938,1.1839073554804054,-0.041507821530103683,0.3333333432674408
-0.5422053933143616,-0.6191481351852417,0.33137965998221836,0.41379844822862794,-0.9012857554307683,-0.029963613928561818,-0.1770578466086513,-0.9765317274831762,0.8439587354660034,-0.49019855260849,1.5607155561447144,0.8749204345703673
-1.1655189539709938,-1.0351994037628174,0.21389929950237274,-0.8109833002090454,-0.6894113888839034,-0.3249131881152562,0.044678619699010366,-0.804814305329435,0.9063074588775635,0.5115470290184021,-0.1258353590965271,0.5
2.4367521811936625,0.8619504287973108,1.4039007599996205,-0.5507534549565278,0.7342380731625344,-0.7883860020820725,-0.9415893560195023,1.7338958388699894,-0.2159694880247116,0.24441486597061157,0.12714727222919464,0.5
-0.08754027634859085,1.4205395677103123,1.4874092325043746,-0.6332142949104309,-0.34454667568206787,0.9532006978988647,0.6174278494186157,-1.757479541948014,-0.4030156433582306,-0.8096967545957182,3.0288396690325925,0.8333333134651184
1.2723260910667058,0.4359185646790943,1.1652272939682007,0.12693568063640354,-0.01994811597213894,-0.3949100971221924,0.40363069567195825,1.1301157789209573,-0.15362077951431274,0.5783300399780273,-0.8847832679748535,0.5
-0.5422053933143616,-0.3814045190811157,0.20017719343871362,1.2904732130150736,-0.3174179792404175,0.9548570638646956,1.4518544341483501,0.7188975366933591,0.0957741066813469,-0.2898494303226471,-1.137765884399414,0.5
0.36712485551834106,-0.8568916916847229,0.07799530029296875,-0.6547422908664269,-0.6158336400985718,0.295769262541742,0.306911156329391,-0.49000465041868135,0.0957741066813469,1.9215398666411305,0.4644574522972107,0.6666666865348816
-0.8879645871522788,-0.7380198836326599,-0.19381269812583923,-0.44849802759568047,-0.7393985155815277,-1.0689655542373657,-0.6822850141320985,-0.7686364058845122,0.9686561822891235,0.9122452139854431,0.7952042224859278,0.3333333432674408
1.4473178127325441,1.7150359014891772,0.010043300688266754,-0.6998776793479919,0.3823940566216191,-0.5634239912033081,-0.614860530459399,0.6847085596213064,0.34516897797584534,1.6352531300092272,1.0517080056039798,0.5
0.12903804664299584,-0.6904020574724813,0.14594730734825134,0.17326408425742423,-0.07325971871614456,0.2229740172624588,0.2031640781457429,0.6181336687788457,0.8439587354660034,0.5774591320852899,-1.0310450455669384,0.3333333432674408
-0.0026686888694429714,-0.5002763271331787,-0.05790869891643524,0.5693996106228265,-0.36908006982860087,-0.4159013087637465,-0.08935103017155757,0.516778447446356,-0.6524105072021484,0.28441428235926597,-0.9691107869148254,0.3333333432674408
0.8689480948801,2.3111763027221466,-2.1644208431243896,-0.6332142949104309,0.9040062300174642,-1.1014209818008276,-1.3459295352113672,1.166652902382605,0.8439587354660034,1.005594742723448,-0.8847832679748535,0.3333333432674408
0.1397922784090042,1.129301327311214,-0.12586070597171783,-0.5020099781357544,0.6851244346269065,-0.11405368894338608,-0.24762926477207559,1.0877792351984725,1.9209795345254552,1.8468393996826755,-0.46314552426338196,0.3333333432674408
3.730840304607746,0.41957824026340174,1.3144412886546686,-0.5188588193487158,2.4696459811692173,-1.1813081502914429,-1.6418916006875404,2.0273987352529357,-0.2159694880247116,1.0637842045496104,-0.8004556894302368,0.5
-0.5422053933143616,-0.5002763271331787,-0.2617647051811218,1.294721225218353,-0.6429623365402222,-0.5634239912033081,-0.054894056956087706,-0.2482921463653558,0.5945638418197632,-0.0895003229379654,0.6069770798275412,0.5
-0.9210929870605469,1.503480961330571,-0.19381269812583923,0.4990724281618397,-0.21243882419623206,-0.17022497951984406,0.8264983738283651,0.06858948017064598,-0.6898565404195321,0.24441486597061157,-0.6739248764351843,0.5
0.5323525061520721,-1.0351994037628174,0.403164616294356,0.9946510416363924,-0.2631605863571167,0.8026487414387434,0.21982012142321664,0.6949722966870215,-0.6524105072021484,-1.1580289602279663,-1.137765884399414,0.5
-0.5422053933143616,0.9039772417021688,-0.397668719291687,1.4460904062465891,-0.7243484258651733,0.2229740172624588,0.042222824374829056,0.2222372891031363,-1.0265028476715088,-0.5569815635681152,0.12714727222919464,0.5
-0.3148728311061859,-0.6191481351852417,0.37463800074293535,-0.486281037777879,-0.6158336400985718,0.6723442673683167,0.3905244941963534,-1.0702415339535691,0.2828202545642853,-1.1580289602279663,1.3912055996650239,0.5
-0.5422053933143616,0.6945632301763088,0.34558491439402594,0.36247378505372563,-0.561576247215271,0.6161730289459229,0.14085541064439377,0.08921602498288754,0.2828202545642853,0.3111979067325592,-0.1258353590965271,0.5
-0.3148728311061859,2.376163202529263,-2.004425553644533,-0.2691390544453774,0.25297351170487425,0.2791453003883362,-0.9556645425674678,0.7907422033462227,1.8634553380456818,1.7189711453206777,1.7676181150071184,0.5
0.5944573879241943,-0.5597122311592102,0.7735490058572557,1.7197108925055526,-0.12751711905002594,0.6723442673683167,1.9830945978042678,1.305553807495031,-1.317409504480237,-0.13678789512377054,-1.137765884399414,0.3333333432674408
-0.9210929870605469,-0.9912320682417827,-1.3051607589257634,1.6686743382163016,-0.18177451193332672,0.2791453003883362,-0.10204058971998375,0.49721988351675195,-0.7147592306137085,-0.7573306560516357,-0.7161281704902649,0.5
0.5186799168586731,2.234515118527446,-1.112618509491288,-0.6109932065010071,0.8045771043579263,-1.237479329109192,-1.1240389861668816,0.731806121674655,-0.4030156433582306,0.24441486597061157,-0.7027876406181797,0.5
0.21556980907917023,0.33182618021965027,-0.2617647051811218,1.2466598707164962,0.5778290033340454,0.33531656861305237,1.8555683179871922,0.6222110610393358,-0.028923334553837776,-0.22306638956069946,0.22740176573421014,0.3333333432674408
-0.46642789244651794,0.33182618021965027,-1.4662378296536769,-0.8109833002090454,0.7205486761188216,0.4476591646671295,0.8754245392253448,0.27168057868032036,1.329623163710392,0.17763182520866394,-1.3844232928916718,0.3333333432674408
1.5542285702545964,0.9817182525546367,-0.5335727334022522,-0.6998776793479919,1.0950383997754596,-1.2378709257400586,-1.3119544815825264,1.4032702282417082,0.5322151184082031,1.1252691975586309,-0.9691107869148254,0.5
0.40409156521999334,-0.5002763271331787,0.21389929950237274,-0.8109833002090454,-0.43394623663916476,0.6723442673683167,0.026483314749513494,-0.9428802912147151,-0.5900617837905884,0.3111979067325592,0.29580235481262207,0.6666666865348816
0.883625223047937,2.4968750321172912,-0.8040689789581442,-0.5887720584869385,1.2463752651832787,-0.6757665276527405,-1.5265523077156058,1.4670793359867527,0.7192612886428833,0.6451131105422974,-0.6037210713321898,0.3333333432674408
-0.39065036177635193,1.9501744325025308,-1.5555579580683108,-0.6998776793479919,-0.18177451193332672,0.37579609450767004,-1.0491270720673838,-0.6127763549822918,1.0933536291122437,1.5171199577648902,1.7743361687270267,0.5
-1.4223889949494812,-0.2625327408313751,-0.4390371233384558,0.1626822923411072,-0.32693281967974164,0.809619544554914,0.02889030355697134,-1.2194666104170937,0.033425383269786835,0.24441486597061157,1.3888770102725276,0.5
-0.9968705177307129,0.30502458459373766,-0.4392484344505946,0.036851526655806086,-0.9653138318049406,-0.22639626264572144,-0.02461833412526361,-0.8805418614726439,0.9686561822891235,0.7118961215019226,0.989261986852544,0.6666666865348816
-0.257620115816898,-0.6191481351852417,-0.12586070597171783,-0.7220988273620605,-0.7122950491031612,-0.3949100971221924,-0.34620880704362494,-1.679045554822597,-0.6551552883827375,-0.957679808139801,1.422639224206135,0.5
0.5186799168586731,1.8534284270025911,-0.8907265361117288,-0.43682153602497026,0.570697026087765,0.3532424365879896,-1.203579690745882,1.033216118812561,0.9125342086219808,-0.6237646341323853,-0.631800651550293,0.3333333432674408
-0.2390953153371811,1.8561327146689333,-2.1644208431243896,-0.6776565313339233,0.6441854520187702,-0.17022497951984406,-1.2863689052268596,0.6815458278966101,1.6408026940124918,0.7786791324615479,-0.334994594121367,0.5
1.020614967073962,-0.4408404231071472,0.9299704602684673,-0.7409899939374706,-0.2902892827987671,-1.4059932231903076,-1.7657663591553034,-0.4258738642983167,0.4075177013874054,2.8878865431279017,1.9286292514835377,0.5
-0.5458616808997033,-1.0305905194621956,-0.3297167122364044,1.78382997095821,-0.07325971871614456,0.33448088860725944,-0.0013454975703585323,0.7198802582322285,-0.34066691994667053,-1.0244628190994263,-1.0534383058547974,0.5
-0.01176275685429573,-0.9163275957107544,-0.2617647051811218,-0.6776565313339233,-0.39880406856536865,-0.0017111222259700298,0.27972046618664204,-0.574131616847588,0.2828202545642853,-0.42341551184654236,-0.5474730730056763,0.6666666865348816
0.36712485551834106,0.9104569086873061,0.3989815334485154,-0.14231711624421722,-0.4801901578903198,-0.8442803621292114,0.2769121165827786,-1.1928399258512357,-0.06148138090781046,-0.8241137266159058,1.813698172569275,0.5
-1.148425579071045,-0.5597122311592102,-0.4656206965446472,0.4868212094754565,0.1644492688520392,0.9846580652131265,0.890095310512896,-0.15952262069815215,-0.46536436676979065,0.37798094749450684,-0.37881800532341003,0.5
-0.39065036177635193,2.1536554534434047,-0.19381269812583923,-0.7220988273620605,0.5477490059108243,-0.7259500959221071,-1.1098127466724574,0.8334997389981631,1.4476533005712744,0.328073427766327,-1.0534383058547974,0.3333333432674408
-0.9735235484107575,-0.14366096258163452,0.34980329871177673,-0.5036693007898869,-0.5887049436569214,-0.22639626264572144,0.5213120135492211,-2.3141857572593394,-0.7618757896902538,-2.020256845600693,2.3561402916980834,0.6666666865348816
-0.16331779956817627,1.0815150453080329,-0.5335727334022522,-0.8109833002090454,-0.6158336400985718,-1.4059932231903076,-0.46804432115226546,-0.868524830524409,-0.34066691994667053,-0.8887073866791059,0.12714727222919464,0.1666666716337204
1.2972752252443835,-1.1358091117149625,0.010043300688266754,-0.8441064337091114,-0.5344475507736206,-1.0689655542373657,-0.4144564050710155,-0.5414956671529372,-0.3856975159463198,-1.402705722681013,0.12714727222919464,0.5
0.8217899799346924,-0.14366096258163452,0.07799530029296875,-0.6332142949104309,-0.20156503596063266,-1.5075642123847885,-1.8918636305829881,0.11134042406643126,0.9686561822891235,0.24441486597061157,0.9704226851463318,0.5
0.29134732484817505,-0.8568916916847229,-0.12586070597171783,-0.5665509104728699,-0.20811468041613443,-0.09894495406811368,0.23099172734715862,-0.3830289468039507,0.5945638418197632,-0.3693312165958448,0.1593098151042917,0.5
0.43764994756163833,-1.213507056236267,-1.2810325253266077,0.34637328827914593,-0.45306146144866943,0.7846868634223938,0.22246237242441083,0.020504403783796508,-0.7771079540252686,-1.341250567062945,-0.8004556894302368,0.5
0.5944573879241943,-0.5002763271331787,0.11958801401255535,-0.6952252848900731,0.625551031956056,-0.7021947007617994,-1.0774525849567453,0.6902383453455632,0.5945638418197632,0.17763182520866394,-0.631800651550293,0.3333333432674408
-0.8101440550747082,-0.8225089955586627,-0.12586070597171783,-0.8109833002090454,-0.7786058187484741,-0.6195952296257019,-0.8674172644448396,-1.631348053589572,-0.17610082427738277,0.9122452139854431,1.515687033615847,0.6666666865348816
0.06401476263999939,0.6403081802777617,0.3988227145062655,-0.47920348231064114,-0.18177451193332672,-1.349821925163269,-1.5044732325920676,-0.5250753541810658,0.9686561822891235,2.9945635889085076,2.58009320454075,0.6666666865348816
-0.6179829239845276,-1.16977359471112,0.07799530029296875,-0.8094668987630367,-0.7243484258651733,0.6948807843668612,-0.18635815518790974,-1.3339758643488353,-0.028391113157811135,0.1108487918972969,0.9704226851463318,0.6666666865348816
-1.650724659636092,-0.19551903819422883,0.28185129165649414,0.6262811244564791,-0.9059863021762975,0.25448978379969633,-0.033896271674608756,-1.1215418933542713,2.5600840580194237,-1.1580289602279663,1.6450430154800415,0.8333333134651184
0.1397922784090042,-0.6191481351852417,0.21389929950237274,2.6518702863960013,-0.03236465450810176,2.8002981063656107,1.459032026549126,1.8598958918130846,-0.3299956179744479,-0.6538527285157023,-1.306420922279358,0.5
-0.16331779956817627,-0.024789171293377876,0.34980329871177673,-0.078067674690562,-0.05270938629219245,-0.22639626264572144,0.913255973024965,0.29648684318500096,-0.15362077951431274,-0.34555984034641496,-1.0534383058547974,0.3333333432674408
-0.9210929870605469,1.0623201333505699,-1.4243605555381098,-0.41090704391427735,-0.3448704636745988,-0.1525879374905937,0.22546152914063633,-0.9417943616120775,1.1557023525238037,1.4053073438917174,1.940026046273502,0.6666666865348816
-0.08754027634859085,-0.2625327408313751,0.8465121125865998,-0.7733295309519609,0.006059468292075248,1.1021813155336053,1.0272337615514644,-0.19335312543297167,0.17981297599569263,-0.6237646341323853,-0.8004556894302368,0.0003338131503294539
1.8860628490987754,-0.06628470466933024,1.1652272939682007,2.0699379352845324,-0.04613102599978447,0.2791453003883362,0.9978818692434007,2.006487424865099,0.2028875451705607,1.8330605412230057,-1.137765884399414,0.6666666865348816
2.6263317209018235,-0.3210177802816521,1.3534650217270223,-0.4413248002609145,1.0059568947034518,-1.1251368522644043,-1.23093249183172,1.2877502325023147,0.033425383269786835,2.726513011181638,0.577631082878693,0.6666666865348816
1.9568103196568245,1.1074566350192574,-0.12586070597171783,-0.5665509104728699,2.6932328833129984,-1.1251368522644043,-1.6192215311592852,1.2279046114418835,0.5322151184082031,0.7002914228455356,-0.8004556894302368,0.5
3.669609740042786,-0.6191481351852417,1.6804580209229774,-0.7921683757036349,0.21505069466265553,-1.342024912469167,-1.789235385094629,1.442472846059234,-0.6524105072021484,6.959880615374155,-0.631800651550293,0.6666666865348816
0.5944573879241943,0.09408261626958847,0.610022506507953,-0.7452146107037763,-0.09907809764760946,-0.0578824058175087,1.355223810548856,0.011846909370303138,-0.5900617837905884,-0.7573306560516357,-0.7161281704902649,0.3333333432674408
-0.01176275685429573,0.7278642032369385,-0.397668719291687,-0.7220988273620605,-0.2631605863571167,0.05446016043424606,-0.8140778122254901,-0.592999297449639,0.2828202545642853,-0.27279650893331225,0.06769557269454153,0.5
0.780177334611674,-0.7974557876586914,-0.05790869891643524,-0.51376915627166,-0.108695321862538,-0.90045166015625,0.3823010513428114,0.015276129642231762,-0.9018054008483887,-0.22306638956069946,-0.8847832679748535,0.5
1.0133257629543184,0.03464672341942787,-0.05790869891643524,-0.8776466846466064,-0.45306146144866943,1.1217145919799805,0.5072726775742875,-0.20449431651724972,-0.46536436676979065,-0.49019855260849,-0.8004556894302368,0.5
-1.148425579071045,0.7234184173755804,-1.0804690627367612,-0.7951311602628763,-0.2360319048166275,-1.349821925163269,-1.7855169662212196,0.09138111513462738,1.001877298903808,0.9790282845497131,-0.8847832679748535,0.3333333432674408
-1.6319942605537594,-0.6191481351852417,1.1652272939682007,-0.9493555481233524,0.2927104508137272,0.39148786664009094,0.18030736110570467,-0.9467702255240201,0.0957741066813469,-0.6589740019159253,-1.137765884399414,0.6666666865348816
1.4652202478572276,-0.024789171293377876,0.28185129165649414,-0.6109932065010071,-0.12610167999874156,-0.731937825679779,-1.4838990317966911,-0.2786765895339752,-0.028923334553837776,2.1007790379318556,1.6450430154800415,0.5
-1.4821781292759242,-0.7067986045713905,0.03425523900189403,0.8604003176977374,-0.6429623365402222,1.0442358648404688,0.6598440348983972,-0.4695226575569183,0.9686561822891235,-1.0920684501793474,0.4644574522972107,0.5127238327267246
-0.11346145489909659,-1.0351994037628174,0.28185129165649414,-0.766541063785553,-0.5944495061369751,1.371205423625997,0.4863173245592078,-0.964213383120968,0.6569125652313232,0.34158216198938746,1.223405361175537,0.5
-0.16331779956817627,-0.3814045190811157,0.07799530029296875,-0.3832156316309167,-0.3174179792404175,-1.0127942562103271,-1.3927746065603788,-0.3590529437892997,1.0708185506510275,1.9152065604478152,1.5607155561447144,0.8333333134651184
-0.16331779956817627,-0.8568916916847229,-0.22285910854907154,1.8093092020466348,-0.6158336400985718,-0.31306580713910503,-0.16450177773776908,0.553596799409216,0.8439587354660034,-0.3566324710845947,0.3801299035549164,0.6666666865348816
-0.5909285999153326,-0.8568916916847229,0.4177553057670593,-0.6578490656358729,-0.2902892827987671,1.3565775057518155,1.0531849693990594,-0.6239598128499364,0.9686561822891235,0.04406575486063957,0.29580235481262207,0.07233230288761473
-0.9968705177307129,-0.6191481351852417,0.6216112971305847,0.8389693376085748,-0.2360319048166275,1.64535188176128,1.0784177181523338,0.7506965364492272,-1.1353190518295648,-0.6755467431221376,-1.2365304040175356,0.3333333432674408
-0.08754027634859085,-0.601658219496677,1.1652272939682007,-0.7443199157714844,-0.5073188543319702,-1.0127942562103271,-0.7588827898810929,-1.051936054904029,-0.40202639095230397,-0.7573306560516357,1.435234490147027,0.3333333432674408
-0.39065036177635193,0.13842455870947862,1.3041297001227712,0.4857717031663871,-0.45306146144866943,-0.6195952296257019,1.2612560226703529,0.33001990654642827,0.15812282264232635,0.5199147248633375,-0.8004556894302368,0.5
-0.7695379853248596,-0.5597122311592102,-0.3297167122364044,-0.3660736950518298,-0.4801901578903198,0.3780735654114325,0.9972535137585445,-0.5007133618458157,2.7649154186038025,-0.02271728403866291,1.392060399055481,0.5
-1.6031649232230138,2.7750464390824754,-1.1634643019452602,-0.7220988273620605,-0.07325971871614456,-0.5634239912033081,-1.0586576835723498,-0.4592796238067638,4.566340218961467,0.7349894123834336,1.7389152873224891,0.3333333432674408
0.6496432489398223,-0.024789171293377876,0.8934193253517151,-0.41211370285415755,0.07027590771991431,-0.731937825679779,-1.5036297346056713,-0.0029661839409572607,0.15812282264232635,2.903720651194343,1.813698172569275,0.6666666865348816
-0.6179829239845276,0.09408261626958847,0.13173990301821722,0.10488815872858118,-0.8328632116317749,0.7072842514567901,0.08248549964727639,-1.1065571519346893,0.9862340097288231,-0.4661753882872964,1.7050733716232185,0.6666666865348816
-1.224203109741211,0.6014402739395746,-1.2252297185358993,-0.2497420242096141,-0.697219729423523,0.11871336102045679,-0.11756497488215163,-1.8904489098690376,0.2107497152988345,-0.890896737575531,2.3174047803290807,0.5
0.8217899799346924,-0.2625327408313751,0.9077202970480847,-0.5242507001192082,-0.12751711905002594,-0.90045166015625,-0.7771911905272609,0.3098062198789776,0.2828202545642853,-0.0895003229379654,0.7174400687217712,0.3333333432674408
-0.5488648453731951,0.5669144084457318,-0.5335727334022522,-0.31000499489179384,-0.09130637021645985,-1.1251368522644043,-1.4430192730929448,-0.44144735005709956,1.1690329894264557,-0.02271728403866291,1.1390777826309204,0.3333333432674408
-0.08754027634859085,-0.5627395089597933,-0.6015247106552124,0.5358436894751769,-0.39880406856536865,-0.5634239912033081,0.04034772104797664,0.6750836067751106,-0.25924299083033553,-0.6237646341323853,-0.8847832679748535,0.3333333432674408
-0.6937604546546936,0.03464672341942787,-0.4656206965446472,-0.5665509104728699,-0.18177451193332672,-1.0689655542373657,-0.2305743055052275,-0.10497682039050171,0.2828202545642853,-0.7573306560516357,-1.3140984450073159,0.3333333432674408
-0.7067593087833471,-0.3219686448574066,-0.04006165923470043,1.6534518738738087,-0.6158336400985718,0.7882166293858677,1.692656943880342,0.8359775628441951,-0.8394566774368286,0.24441486597061157,-1.0534383058547974,0.5
-2.4301969254070506,-0.2625327408313751,-0.2617647051811218,0.5419660903342127,-0.8328632116317749,-0.22639626264572144,-0.1369057756780832,-0.9746716467242311,0.9868571777403875,-1.2950614259495197,1.1390777826309204,0.6666666865348816
-0.6179829239845276,-0.7974557876586914,-0.5987935987707356,0.5988097676209766,-0.4801901578903198,-0.5072526931762695,-0.191031501523092,0.5999054073704659,0.3483585289185397,-0.42341551184654236,-1.137765884399414,0.3333333432674408
-1.1420598307862935,1.0633070526532127,-0.487101341651083,-0.6109932065010071,-0.34454667568206787,-0.71511101182255,-0.019509974867105484,-1.0009878970980797,1.753489813075955,-0.49019855260849,0.8017675876617432,0.16652816059542838
-0.01176275685429573,-0.3219686448574066,0.725578965640063,-0.6332142949104309,1.0322237955503195,-0.45108139514923096,-1.3348297595108283,0.7995717084216074,1.4400739199214052,0.7786791324615479,-0.631800651550293,0.5
-0.9968705177307129,-1.094635248184204,-0.2617647051811218,-0.8109833002090454,1.113659989279222,1.065543293952942,0.7046647807629188,-0.667743916029658,-0.028923334553837776,-0.49019855260849,-0.46314552426338196,0.3333333432674408
-0.5422053933143616,1.7631340037579144,-2.1644208431243896,-0.5982039442090215,0.5545528868281349,-1.4059932231903076,-1.7681884251299278,-0.20416908094649966,2.0721652869469582,0.7786791324615479,1.7875188635508434,0.3333333432674408
-0.39065036177635193,1.959625003150811,-0.397668719291687,-0.7443199157714844,1.3885824538258207,-0.8950910781076217,-0.4373888408481199,0.7659916675911561,0.2204715460538864,1.3222387817032375,-1.137765884399414,0.5
-1.0914262633859768,-1.1897687077300019,0.28185129165649414,-0.8277857917307359,-0.18177451193332672,0.11063144356012344,0.9051134358103867,-0.7539773655630232,1.1557023525238037,-0.30058810426118243,-0.6005542216800773,0.6666666865348816
-1.6764371053090636,-0.6907620367930091,-0.2617647051811218,1.9251305564072432,-0.656164634448563,-0.11405368894338608,-0.3981087785331598,-0.15291060175818755,1.1557023525238037,-1.0244628190994263,0.8017675876617432,0.8333333134651184
1.9374845220994574,-0.4011875037574134,1.0293233394622803,-0.6379255969571782,1.153806916887936,-0.6757665276527405,-1.400838340904606,1.033216118812561,0.7002692626332395,1.2679610112854447,-0.2944904565811157,0.3333333432674408
-0.5422053933143616,-1.213507056236267,-0.03263522426056599,-0.44261629392887664,-0.39880406856536865,0.39148786664009094,0.5538582158805577,-0.6880239988933663,-0.028923334553837776,0.860063815155732,0.10622372239320524,0.5
-0.6937604546546936,-1.1139417299571728,0.07799530029296875,-0.020325513913043877,-0.41761909304257755,0.33531656861305237,0.040466790826457905,-0.5189135990032322,0.4488377666956076,1.0482166642889006,0.21147480607032776,0.6666666865348816
-0.5422053933143616,-0.3814045190811157,1.1668102086492849,-0.19088165177854194,0.24229210619694846,0.5038304328918457,1.4198010812933477,0.014906044291811783,-0.7147592306137085,-0.6905476450920105,-1.2220934629440308,0.5
-0.39065036177635193,-0.2625327408313751,-0.12586070597171783,1.9846996799744638,-0.10038841515779495,1.1217145919799805,1.4385151628131592,0.6709623485206541,-1.3213127814745071,0.04406575486063957,-0.631800651550293,0.5
-0.036165500107699845,-0.3051669600723826,0.2015367529162736,-0.8554255366325378,-0.2613638546343694,-0.8319632229601746,-0.019509974867105484,-0.5855660475589064,0.7192612886428833,0.17763182520866394,0.4644574522972107,0.5
1.666754205914097,0.48865071790839065,1.0662443075405328,-0.44016063278474643,2.9982218328409314,-1.0290424902965194,-0.9335595812025789,1.2304136486673518,-0.2159694880247116,0.4301935679997924,-0.9691107869148254,0.5
-0.6937604546546936,-1.1421796075749433,-0.8042796505483413,-0.5887720584869385,-0.561576247215271,-0.4690552312488352,-0.4583352114862381,-1.077186092106602,1.4621063636708254,-0.8173828001303058,1.223405361175537,0.5
-0.6937604546546936,-0.3814045190811157,-0.3297167122364044,-0.12163652511760684,-0.18177451193332672,0.39148786664009094,0.7325256369432452,-0.22844263451281085,0.0957741066813469,-0.542502037418423,-0.5742484271584483,0.3333333432674408
-0.2390953153371811,-1.1678680638463586,0.4177553057670593,-0.7658512721640031,0.6934326591562779,1.5973102820259706,0.7732459108543969,-0.3090783535908273,-0.35299910267727413,-0.8452178527211632,-0.9691107869148254,0.6666666865348816
-0.6937604546546936,-0.8568916916847229,-0.2617647051811218,-0.5649764237523122,-0.530675104147751,2.6618639175508805,0.9123998201969591,-1.205890326909119,0.7380816430043312,0.04406575486063957,1.392060399055481,0.5
-0.6179829239845276,-0.5597122311592102,0.4177553057670593,-0.8921725637059362,-0.34454667568206787,1.3568372049713182,0.7211160079090316,-0.928635456992122,-0.7147592306137085,-0.9962654843723503,-0.631800651550293,0.3333333432674408
-0.6179829239845276,-0.024789171293377876,0.34980329871177673,1.5947912625461467,-0.2569051046027694,12.280214909122527,1.7418892605697152,0.9405622774109517,0.033425383269786835,-0.49019855260849,-1.306420922279358,0.3333333432674408
0.21556980907917023,-0.7974557876586914,0.010043300688266754,-0.9158891359092719,-0.7869474110201619,-0.22639626264572144,-0.3261701745473604,-1.36531511289159,-0.9241938278430637,-1.3583780527114868,0.5487849712371826,0.3333333432674408
-0.52625989530926,-1.3322841605590694,0.14594730734825134,-0.766541063785553,-0.38537273006877,0.16680273413658142,0.17707524806272867,-0.5761505363603626,2.2216004315234463,-0.22306638956069946,0.5880235340666358,0.5
0.5944573879241943,2.4380834098220343,-1.6568870287094368,-0.2073446919338395,0.6981980335090499,-1.2936506271362305,-1.4693479336529927,1.033216118812561,0.46986642479896545,-0.5091395064461257,-0.9691107869148254,0.3333333432674408
2.657926339791394,0.010150569608176625,3.52723614944965,-0.7887621521949768,0.5801004023788863,0.13781937907230546,0.8222799607999797,-0.052334158436304436,-1.0265028476715088,0.3111979067325592,0.21147480607032776,0.3333333432674408
-0.3148728311061859,-0.8568916916847229,-0.8002670695754861,-0.6776565313339233,0.9556164983962455,-1.0689655542373657,-0.3497078875472843,-0.7681358154426318,-0.5900617837905884,-0.42341551184654236,-0.041507821530103683,0.5
-0.2390953153371811,-0.7974557876586914,-0.2617647051811218,-0.8191809641550456,-0.45306146144866943,-0.6852951811922019,-0.4181111133492777,-1.0833442267259756,-0.15362077951431274,-0.15628336369991302,0.37239362986851154,0.5
0.5304131657253969,-0.5597122311592102,0.6895633339881897,-0.07450977975369102,-0.2089032083749771,-0.22639626264572144,0.5959035162918014,0.4201456719701578,-0.4030156433582306,0.3111979067325592,-0.5474730730056763,0.3333333432674408
0.15706139515150166,-0.7974557876586914,-0.05790869891643524,0.14700334290909553,-0.9181412780945737,-1.237479329109192,-1.320015861019118,-1.0663365653541421,-1.4563610787099561,0.3565357445931434,1.3310512936079,0.5
-0.7581800225381967,2.076169511736899,-1.9956299174266012,-0.6998776793479919,0.5778290033340454,-0.8220023807902852,-1.3867587025802477,0.5503495237672562,4.267282703733617,0.04406575486063957,-0.2101629078388214,0.3333333432674408
-0.6179829239845276,-0.35482968275862514,-0.2617647051811218,-0.40012421885516986,-0.4801901578903198,-0.0578824058175087,0.031651577578966764,-1.7213335271731447,0.2850691905021424,-0.957679808139801,2.0569008062246485,0.5
-0.08754027634859085,-1.0679842425595418,0.460925295426161,-0.8554255366325378,-0.10038841515779495,0.6869763833612638,0.9571449568788202,-0.050642505018625376,1.7551216412450903,-0.49019855260849,-0.8847832679748535,0.3333333432674408
0.8217899799346924,1.3707690599388114,-1.509324367111617,-0.6998776793479919,0.35392898814248835,-1.4059932231903076,-1.5168587975146215,0.4560070119804781,0.2793277828783242,0.9790282845497131,0.4644574522972107,0.5
-0.2390953153371811,-0.9163275957107544,0.20104849136471786,-0.5887720584869385,-0.2360319048166275,0.6442729378105216,0.5845848097408621,-0.8880630631968999,0.15812282264232635,-0.1310498309239809,0.5487849712371826,0.5
-0.6179829239845276,-0.8568916916847229,-0.19381269812583923,-0.2998788710736541,-0.561576247215271,1.2162095706528642,0.46313029067388195,-0.7204529626666022,0.7192612886428833,-0.957679808139801,0.29580235481262207,0.5
-0.6937604546546936,1.305779517469873,-0.5335727334022522,-0.8109833002090454,0.062383756041526794,-0.3387388288974762,0.518254359513547,-0.12458911536485945,0.5322151184082031,0.1108487918972969,-1.137765884399414,0.3333333432674408
-0.6179829239845276,-0.8620386528970573,-0.17923825970611756,-0.8554255366325378,-0.7243484258651733,-1.4059932231903076,-1.4971836494446884,-1.6590653374499142,-0.6703507520760473,0.24441486597061157,1.6450430154800415,0.5
-0.7695379853248596,-0.8568916916847229,1.8804389876533412,-0.8448648645332639,-0.2902892827987671,-1.1813081502914429,-1.4157307644927055,-1.4570913835993624,0.028561957803641735,-0.5569815635681152,1.223405361175537,0.3333333432674408
-1.5672663311484363,-0.3814045190811157,-0.5335727334022522,-0.8554255366325378,0.014619122220883038,1.6509447685764511,1.2016200288290242,-0.24834907872651643,1.8177504165742835,-0.2898494303226471,-0.9691107869148254,0.5
-0.01176275685429573,-0.4408404231071472,-1.5132428852795066,-0.8998677730560303,-0.2360319048166275,-1.237479329109192,-0.2807431770809761,-0.5226248447927688,0.2828202545642853,-1.1580289602279663,-0.7161281704902649,0.5
0.05988532129496994,-0.32982142794272484,1.2872032456518165,-0.5823100277551853,3.978666502445088,-1.5153096569586355,-1.8929952055138006,-0.014802059777163874,-0.15362077951431274,0.4447639584541321,1.148962430203725,0.6666666865348816
0.2143663255388909,1.2628866703826018,-0.12586070597171783,-0.8109833002090454,0.3590223266855328,0.5600017309188843,-0.6664054823116129,0.14972991354316217,0.34516897797584534,0.9790282845497131,-0.8847832679748535,0.3333333432674408
-0.16331779956817627,0.023687745741015672,1.3259868053051111,0.44647662911938046,-0.5640449681535923,-0.5609630492744494,0.4681816986030983,-0.5381894963322844,-1.7249484980670757,-0.02271728403866291,0.9659088614132982,0.5
2.1353864035973005,0.36071968433242946,1.7756089123708945,-0.6998776793479919,1.5802381649375603,-1.3030421251806883,-1.7207988697632715,1.2468625170425334,-0.028923334553837776,-0.2898494303226471,-0.7090899234625702,0.3333333432674408
0.5944573879241943,-1.310731011429882,-0.12586070597171783,-0.06900766323514394,0.22342702047111576,-0.5072526931762695,0.2735313072949327,0.6913513573821296,1.931198674150063,0.5663755367572016,-0.46314552426338196,0.6666666865348816
-0.01176275685429573,-0.2625327408313751,0.21389929950237274,-0.2552689964411185,-0.561576247215271,0.16680273413658142,1.0810735457762497,0.16189983234671315,0.46250137763571725,0.515530630312354,-0.041507821530103683,0.3333333432674408
-0.9210929870605469,3.1807912390827373,-0.27326069661231767,-0.5887720584869385,0.41221372121923855,-1.3224783312290178,-0.2439656014550197,0.7609508226980971,4.009717993063019,0.24441486597061157,-0.631800651550293,0.3333333432674408
-0.2172776118205363,-0.7380198836326599,0.09084803670020337,1.095655732889606,-0.6700910329818726,-0.3387388288974762,0.07749875057331304,0.24925243171322778,-0.028923334553837776,-1.0244628190994263,-0.2944904565811157,0.6666666865348816
-0.46642789244651794,-0.5002763271331787,-0.5335727334022522,-0.6776565313339233,-0.8609811066636689,0.2791453003883362,0.19678819944588163,-0.8553181886672974,1.6949383306997354,0.3909039426707574,0.5544462087495147,0.5
-0.5422053933143616,-0.5002763271331787,2.608004431971912,2.746247807406861,-0.04613102599978447,1.7576568301027056,2.191962046889331,1.486420949076802,1.4942173238642256,1.616026433338229,-0.631800651550293,0.5
0.5186799168586731,-0.2625327408313751,0.14594730734825134,-0.3364357286861655,-0.561576247215271,0.2791453003883362,0.3560594760071797,-0.3737358041406956,-1.213549017906189,-1.3843776052333998,0.12714727222919464,0.5
-0.5534010668360045,-0.5597122311592102,-0.05790869891643524,0.5476997274463702,-0.2360319048166275,0.7916909349551122,1.0018668778312398,-0.1100148001368594,1.0040017457631691,0.24441486597061157,0.2575938933286331,0.5
-0.46642789244651794,1.8957969847823912,-1.4004488322684545,-0.6776565313339233,0.5778290033340454,-0.6968023712273647,-0.6932451637401917,0.2763576976662462,1.0933536291122437,-0.2898494303226471,-0.2101629078388214,0.3333333432674408
0.859869085269369,-1.1663478176086333,-0.05790869891643524,-0.4263988477946939,-0.3168729765865635,-0.5002596293752407,-0.03782756954251017,0.08973931827816484,-1.7250615990352487,-0.6237646341323853,-0.8847832679748535,0.5
1.943400191283782,-0.2625327408313751,0.6895633339881897,-0.6776565313339233,0.5778290033340454,-1.4059932231903076,-1.8330414102785655,0.7953548499056726,0.033425383269786835,1.559030661253149,-0.8847832679748535,0.6666666865348816
0.06401476263999939,-0.9151934750895909,-0.12586070597171783,-0.6776565313339233,-0.11316133602918929,-0.3949100971221924,-0.16613690512140078,-0.46737039702781424,-0.972333344509369,-0.7573306560516357,-0.631800651550293,0.5
0.5944573879241943,-0.2625327408313751,0.43906657929831644,-0.5115145729417002,-0.5601660110186268,-0.9042742447089397,-0.7509988177204258,-1.3226105244431574,-1.6799450723032112,-1.6185540365072024,0.9704226851463318,0.5
1.8797493871068667,1.7255975652965736,-0.19470760506635845,-0.5887720584869385,3.54028908240784,0.42203473727535545,-0.1610046713830447,0.7989205551547418,-0.6524105072021484,1.3992295883890151,-0.2944904565811157,0.5
-0.39065036177635193,-0.45769195451870825,0.4177553057670593,1.866760720985356,-0.07325971871614456,1.3345649484194153,0.6824189460342442,1.152082904688014,-0.9018054008483887,-0.22306638956069946,-1.5072244740398937,0.3333333432674408
3.422148118412702,-0.3219686448574066,1.6978342159223028,-0.6554354429244995,0.4574731514615514,-1.237479329109192,-1.2869891512582976,1.2475919782119456,-0.7563453516436637,2.239239183539979,-0.041507821530103683,0.6666666865348816
1.0209166189917902,-0.14366096258163452,1.9568518596666729,-0.6332142949104309,0.8796468773035877,-0.814720705134539,-1.692031085126422,0.49761570582707654,0.15812282264232635,1.5865197326142186,1.3636568175444954,0.5
-1.3197257110097973,0.15950318468108476,-1.4528809884239926,-0.5887720584869385,-0.609550719106092,-1.1813081502914429,-1.0051580537435734,-1.3156922598413971,0.9686561822891235,0.4447639584541321,1.5607155561447144,0.5
-1.1753721506132775,-0.7806262608000271,-0.12586070597171783,1.4942715884756745,-0.6700910329818726,0.9208187983794778,0.2855021669487814,0.2233093728543105,0.033425383269786835,0.37798094749450684,-0.1258353590965271,0.5
0.06401476263999939,-0.8568916916847229,0.6216112971305847,2.2605969628261064,-0.15464581549167633,1.718527266104593,1.1465099766939346,1.6274917127058808,-1.8802599602365067,-0.6928314735692012,-1.4750760793685913,0.3333333432674408
0.44162780769259774,0.052045825326064256,-0.12586070597171783,1.0673581955562357,-0.373504346193443,-0.5634239912033081,1.7292632114260515,0.8346251794014407,0.32822454786921046,0.3764119332521144,0.05254609600437799,0.5
-0.3148728311061859,-0.14366096258163452,1.9125172141955993,1.5590964186526723,-0.39880406856536865,1.2854295410618337,3.686795137638743,1.033216118812561,-0.5277130603790283,1.6339749941549915,-1.0534383058547974,0.5
-1.072648048400879,-0.9757634997367859,1.1652272939682007,-0.6776565313339233,-0.20283611172844088,0.6723442673683167,0.04610379587509157,-1.5162681076468045,-0.8394566774368286,-0.42341551184654236,1.1390777826309204,0.5723616423489395
-1.2466774026914527,-0.5002763271331787,0.37448637440541716,0.2826709295704464,-0.3174179792404175,1.065543293952942,1.4957493112944102,-0.4567833418688957,0.34516897797584534,-0.7573306560516357,0.3801299035549164,0.5
-0.3148728311061859,-0.8568916916847229,0.21389929950237274,0.3350428276615761,-0.34454667568206787,-0.17022497951984406,-0.07675298247531435,-0.5209833651444052,-0.9489738544364393,-0.22306638956069946,-0.041507821530103683,0.5
0.175414232106318,-0.7380198836326599,1.2537065843611963,0.8055871354144795,-0.4801901578903198,0.1254425783603267,0.5172980559990418,-0.2484222979765485,0.2204715460538864,-0.7573306560516357,0.9704226851463318,0.6666666865348816
0.29134732484817505,0.7317484724112726,-1.6044847219485208,0.6780216000393553,0.36941881323490683,1.0174112482510629,-0.24742922940390297,1.1528259264986476,0.15812282264232635,-0.49019855260849,-0.8847832679748535,0.3333333432674408
0.5186799168586731,1.6675964319081569,-0.6015247106552124,-0.5887720584869385,1.001638614656979,-0.8442803621292114,-1.3662294456365671,0.9223256993172051,0.9063074588775635,0.7786791324615479,-0.46314552426338196,0.5
-0.6179829239845276,-0.8568916916847229,0.4177553057670593,-0.8776466846466064,-0.6158336400985718,-0.04324254513997447,0.5334309523446144,-1.0980361779498176,1.2260591189171621,-1.121992125798224,0.6331125497817993,0.5
0.21590837556727632,0.13064601175468718,0.4177553057670593,-0.5887720584869385,2.852410320897412,-0.90045166015625,-1.5477703828622391,0.5878647852065638,0.5945638418197632,2.504535769246795,0.29981141321889804,0.5
-0.08754027634859085,-0.9163275957107544,-0.12586070597171783,-0.8776466846466064,-0.7249526461874037,-0.3387388288974762,-0.018193415638576314,-1.4545320056838054,-0.8394566774368286,-0.6905476450920105,0.9704226851463318,0.5
0.29134732484817505,-0.5002763271331787,-0.12586070597171783,-0.6998776793479919,-0.561576247215271,0.2229740172624588,-0.0807584939351699,-0.809311548120564,-0.6471893387439513,1.2822305184502008,0.921533718170835,0.6666666865348816
0.1397922784090042,1.0593438593126698,-0.3526825081269083,-0.5887720584869385,0.31760700293026345,-1.4059932231903076,-1.4808406287107272,0.5618031189767572,0.15812282264232635,0.17763182520866394,-0.2101629078388214,0.5
0.5186799168586731,-0.8568916916847229,0.07799530029296875,2.3837356263159313,-0.34454667568206787,0.21176293101059931,0.08265504668802447,1.2925361376047513,-1.0265028476715088,-0.15170418763553523,-0.8847832679748535,0.8801994736497055
6.353549003601074,0.7359429814929873,9.11561107635498,-0.9887523055076599,-1.2940510511398315,14.546651840209961,5.739711284637451,-2.504002382419308,4.896625518798828,-0.2898494303226471,3.078611373901367,0.0
-0.6179829239845276,1.1499825409521287,-1.3605585237847182,-0.038001837787407206,-0.18177451193332672,0.071559691073214,1.2629062518782006,-0.44847704623603474,-0.15362077951431274,-0.0895003229379654,-0.1258353590965271,0.3333333432674408
-0.16331779956817627,-0.3814045190811157,0.4177553057670593,-0.5665509104728699,-0.28590704674672873,-0.0578824058175087,0.964859310248335,-1.356409207681632,1.3111894616149231,-0.39538726048971684,1.5607155561447144,0.5
1.4928385678129814,0.09408261626958847,0.14594730734825134,-0.6297775764997146,2.629849648185835,-0.15093506901331516,-1.184670356168341,0.6480198538417079,-0.2783181965351105,1.202721467333793,0.5049002302649005,0.5
-0.9968705177307129,-0.4408404231071472,0.14594730734825134,0.48337245884506735,-0.4461881254422755,-0.1645240254074804,-0.06089163156796608,-0.910518158397704,0.09581362523425195,0.3111979067325592,1.3338795720930583,0.5
2.2524278630670582,-0.4408404231071472,0.14594730734825134,-0.54638027007983,-0.1052064910505216,-0.3949100971221924,0.2421065689237193,0.522512100015968,-1.3476598966724396,-0.7573306560516357,-0.9691107869148254,0.3333333432674408
-0.46642789244651794,-0.5597122311592102,0.4185747952210415,-0.7440814820315608,-0.45306146144866943,0.6161730289459229,1.5030066780848799,-0.7199388317166237,-0.10488143254576189,0.9733563480246399,-0.37881800532341003,0.5
0.36712485551834106,-0.024789171293377876,-0.5896542167445108,-0.07289405510642898,-0.6429623365402222,1.4377271835217058,0.09877516948411921,-0.8706916554082634,-0.5900617837905884,-1.3382244927286413,1.3732000330814487,0.5
-0.46642789244651794,-0.7380198836326599,0.4305651644621142,-0.8109833002090454,-0.4507335353425529,0.6723442673683167,0.07227157247795311,-1.2076813703477685,-0.46536436676979065,0.04406575486063957,0.648120107282234,0.5
1.7991949703558119,0.6812398082661133,0.07799530029296875,-0.7443199157714844,0.2810979999143739,-1.4059932231903076,-1.814992152464093,1.033216118812561,0.5945638418197632,0.17763182520866394,-0.37881800532341003,0.3333333432674408
-0.6634047339219935,0.5178609685841042,2.129793988145486,2.13830411673488,0.324790835327332,2.0226107026000695,2.219454360243411,1.3649744932362167,-0.7771079540252686,-0.0909580827317367,-1.2905713174099622,0.3333333432674408
-0.2390953153371811,-0.20309685170650482,0.8934193253517151,-0.766541063785553,0.761699272635224,0.5600017309188843,-0.2474776871387309,-0.2580474410590992,2.790495152310557e-08,1.3785030245111825,-0.2101629078388214,0.5
-0.16331779956817627,-1.1280947211852854,0.6895633339881897,0.45126127091439755,0.35202397749675246,1.3749329610405097,1.622269007289604,1.0571997408929108,3.7371520749266454,-0.7573306560516357,-0.9691107869148254,0.3333333432674408
-0.3148728311061859,-0.4408404231071472,0.8934193253517151,-0.8776466846466064,-0.561576247215271,-0.7259904354345819,-0.5341738438460679,-0.6359099334294301,-0.9596034356506293,0.22591440993271916,-0.1258353590965271,0.5
-1.1846554787017305,-0.7380198836326599,-1.02796975889991,0.9565167183932067,-0.6261965916874483,0.7418299980145314,0.8394835345782042,0.29138936040028307,0.5322151184082031,-1.1580289602279663,-0.7161281704902649,0.5
0.611267899787955,-0.6847587796746127,2.2375363443882788,1.3965602087448332,-0.561576247215271,0.2791453003883362,0.7043304132315239,0.6893548696335596,-1.730267940654192,-1.1580289602279663,-0.37881800532341003,0.5
1.382765807866106,0.9926109769024365,0.9210756905894166,-0.7220988273620605,0.16522786957995197,-1.5434060531651115,-1.842407832544884,0.908726849227236,0.019166928658325255,-0.42341551184654236,0.19970398609851125,0.3333333432674408
1.6744258557850493,-0.8568916916847229,0.8297625253681012,-0.6776565313339233,-0.2360319048166275,-1.45009726476518,-1.7793626788568977,0.6005644197536659,-0.34066691994667053,2.2467456905841665,-0.37881800532341003,0.5
-1.0345485694254208,-0.690392877422309,0.21389929950237274,0.23297189196658047,0.7315246011860458,1.0290131486844478,1.5485021348565011,0.09230172617335573,-0.34066691994667053,-0.42341551184654236,-1.137765884399414,0.3333333432674408
-0.7695379853248596,-0.6545669476695132,0.3298838710078521,0.19242943045078767,-0.6113493565947159,-0.5072526931762695,0.14667513025319537,-1.3559398126195439,0.15812282264232635,-1.3620279888121258,1.574246640196724,0.5
-1.148425579071045,1.1984988413958568,-0.7750411038772048,-0.5665509104728699,-0.5803679745647036,-0.90045166015625,-0.021351884443626283,-1.4533574669324723,1.3028054888627425,-0.1980592849806312,2.2440577788449736,0.5
-1.224203109741211,-0.3460881257252004,1.6571111635504503,-0.006831991995270465,-0.7887071329442473,-0.3387388288974762,-0.38953434672086085,-1.2347758618876703,1.0933536291122437,-0.6237646341323853,1.223405361175537,0.5
-1.072648048400879,0.6813505563664429,-0.7283515349462438,-0.6332142949104309,-0.2902892827987671,-0.5072526931762695,-0.2790322438521259,-1.5550561793841466,1.0933536291122437,0.009778865889247368,1.9634068618537368,0.3333333432674408
0.06401476263999939,-0.7306383027616862,1.1652272939682007,1.597292854782222,-0.34454667568206787,0.9532006978988647,0.6401141028647614,0.8927650204031448,-1.34667506522434,-0.33017726163737504,-1.137765884399414,0.3333333432674408
6.353549003601074,-1.5701223611831665,9.11561107635498,-0.9887523055076599,-1.2940510511398315,14.546651840209961,5.739711284637451,5.3161420822143555,4.896625518798828,9.794388771057129,3.078611373901367,0.0
-0.8453154563903809,-0.7974557876586914,0.44894653345038227,-0.40990942566441746,-0.2360319048166275,0.16680273413658142,0.20433599814607506,-0.5233471782966022,-0.6524105072021484,-0.02271728403866291,-0.8847832679748535,0.5
2.917578514833538,-0.20309685170650482,0.8934193253517151,-0.6914343017713531,0.761842126797993,-0.22639626264572144,-1.0203524579514907,1.133779219175678,0.4075177013874054,1.2710115376447908,0.3801299035549164,0.5
-0.6179829239845276,-0.6785839796066284,-0.9120654725696177,1.2833597601466873,-0.3174179792404175,0.6723442673683167,1.4277870478452592,0.6903912780965972,0.4075177013874054,-0.7573306560516357,-1.0077822184674574,0.3333333432674408
-0.01176275685429573,-0.6854723728743483,-0.23536184568345683,-0.9713376482216871,-0.2902892827987671,-0.2825675308704376,-0.24706287298383506,-0.5872872910338832,-0.2159694880247116,-0.7573306560516357,-0.7161281704902649,0.3333333432674408
1.7192883011929814,-0.6728564544374226,-0.05790869891643524,-0.9215094770627636,-0.45306146144866943,-0.3387388288974762,-0.41787910347762325,-0.8553181886672974,-1.9871098345871407,-0.8241137266159058,-0.1258353590965271,0.5
-0.8453154563903809,-0.7259111497482335,1.1652272939682007,-0.8998677730560303,-0.25604210910041025,0.6677903655957742,0.49676879617651865,-1.5351421762314879,0.0957741066813469,0.3111979067325592,1.223405361175537,0.5
-0.6179829239845276,-0.20309685170650482,-1.0207482251474083,-0.6554354429244995,-0.7786058187484741,-0.45108139514923096,-0.29620012530197554,-1.462533222588936,0.46986642479896545,0.24441486597061157,1.2751604872355704,0.6666666865348816
-0.020664708921455305,-1.094635248184204,-0.05790869891643524,-0.7887621521949768,-0.595214683134574,-0.997137525919416,-0.39963553956359005,-0.7400571523095929,0.0957741066813469,-0.957679808139801,0.6526037879848421,0.5
-0.6179829239845276,-0.9163275957107544,-0.397668719291687,-0.03265636323414895,0.13397040464042226,0.11063144356012344,0.7789685309930873,-0.2548495104482617,-0.2783181965351105,-0.02271728403866291,-0.46314552426338196,0.5
-0.8453154563903809,0.5101338624954224,-2.1644208431243896,-0.8554255366325378,0.18169514618367996,-0.6757665276527405,0.020905040339931326,-0.3711097753229854,0.9686561822891235,-0.3566324710845947,-0.041507821530103683,0.1666666716337204
-0.2390953153371811,-1.094635248184204,-0.05790869891643524,-0.6554354429244995,-0.5887049436569214,-0.6195952296257019,-0.2980751781627738,-0.7123646417148453,0.7657581539191349,-0.890896737575531,0.21147480607032776,0.6666666865348816
1.810923334800962,-0.3219686448574066,1.1652272939682007,-0.6998776793479919,0.121205693986571,-1.4420215328747066,-1.8250824560247614,1.1639921396278357,0.7610519174187816,1.4077159490331763,-0.2101629078388214,0.5
-0.08754027634859085,-0.5002763271331787,-0.12586070597171783,0.49010258939367946,-0.3174179792404175,1.2901427545868638,1.905129192160105,0.6673669773433932,-0.028923334553837776,0.04406575486063957,-1.0534383058547974,0.5
-0.5088157392797978,-0.3814045190811157,-1.287543242424675,-0.6109932065010071,0.26048810635390585,0.2229740172624588,0.8070193650675259,0.12900046431331688,0.5322151184082031,-0.6237646341323853,-0.8847832679748535,0.5
-0.01176275685429573,-0.9163275957107544,0.010043300688266754,1.2684500251142858,-0.2711776384166983,0.21676914451946835,-0.023094610776189045,0.8101879247477508,-0.7147592306137085,-1.0244628190994263,-1.0534383058547974,0.5
1.923462934635515,1.215898060155899,0.8440708311573544,-0.28011751510721206,-0.18177451193332672,-1.3226348515629844,-1.5557098786805261,1.0055949359816394,0.5336780927688403,0.5530594145762233,-0.041507821530103683,0.5
0.0625817193189972,1.962690941028667,-1.7427946283110292,-0.5665509104728699,2.9546916595389865,1.0496089231602361,-0.09523877453971133,0.8932436526743516,-0.028923334553837776,1.8217487952506366,-0.8847832679748535,0.3333333432674408
0.06401476263999939,-0.6802820751521957,-0.05790869891643524,-0.7220988273620605,-0.3174179792404175,-0.3949100971221924,1.8470091174903631,-0.04618052693110701,0.5945638418197632,0.36467419593603734,-0.8004556894302368,0.5
-1.072648048400879,-0.5531878963932582,-0.8036818791203018,1.4194123462562505,-0.2631605863571167,0.8865724064972063,0.11882751789051779,0.33196436559274173,0.15812282264232635,0.0283511472326423,-0.1258353590965271,0.3333333432674408
0.36712485551834106,0.11771146046402688,0.010043300688266754,2.5249304727789803,0.1903884069144835,1.5148747855638747,1.3409873916332848,1.5140818874833084,-0.2661517056373601,-0.49019855260849,-0.9691107869148254,0.5
0.4429023563861847,-0.4408404231071472,1.4767436615816392,1.1323676744478774,-0.2360319048166275,1.055157792675864,0.2911372609010358,1.139500679258951,-1.0901346646384082,-0.6237646341323853,-1.559403657913208,0.3333333432674408
1.674116268986393,1.9784613859200633,-0.6015247106552124,-0.6332142949104309,0.9537007544359839,-1.2792354480375157,-1.5528237988038225,1.2246871382425026,0.7816100120544434,0.6280794744309024,-1.0534383058547974,0.5
-0.7695379853248596,-0.8457042557304258,0.6895633339881897,-0.8776466846466064,-0.6870304731030435,-0.2825675308704376,-0.27595985273257556,-0.7048774408055918,1.0933536291122437,0.3111979067325592,-0.5474730730056763,0.5
-0.44093055238552453,-0.9757634997367859,-0.19381269812583923,-0.41083671171639063,-0.3075873311188336,-0.45108139514923096,-0.20207363887570032,-0.4859719040958464,0.46986642479896545,-0.46407632962948253,0.5487849712371826,0.3333333432674408
0.3394007374348513,-0.14366096258163452,0.024459526907950446,-0.6228269443953688,-0.5104489280611757,1.3197490632867923,1.0936973781466537,-0.365095662909744,-0.15362077951431274,-0.0895003229379654,-0.5474730730056763,0.5
0.7460124492645264,0.27239030599594116,0.6216112971305847,-0.547688110730104,-0.39880406856536865,0.8401483742639263,0.7608795346651135,-1.0134524236291063,-0.2783181965351105,-0.9975804943043267,1.8725893264855278,0.5
-0.5481250623268226,-0.6191481351852417,-0.12586070597171783,-0.7220988273620605,-0.2360319048166275,0.11063144356012344,0.48237571738942603,-1.0765177213868087,0.6001191902218102,-0.11242888845952566,0.6331125497817993,0.5
-0.4042440099581708,-0.7974557876586914,-0.05790869891643524,0.6113434331136144,-0.2902892827987671,1.9750691617034546,1.2914081981889294,-0.048252874240374576,-0.5277130603790283,-0.8200240734653645,-0.46314552426338196,0.3333333432674408
-0.08754027634859085,0.6687842534661734,0.010043300688266754,0.4112441709322848,-0.2089032083749771,0.9661751252001923,1.0857308285370746,-0.4028722196955404,0.4492898043865608,-0.22306638956069946,0.5487849712371826,0.5
1.8813439153116875,-0.1203850657597214,0.19146839890821193,0.7351226778569206,-0.6158336400985718,0.38944686010844576,1.339491091185416,0.5626186300645836,-0.5161775538449022,-0.22306638956069946,0.3801299035549164,0.3333333432674408
-0.8003885604005224,-0.3219686448574066,-0.3297167122364044,-0.6998776793479919,-0.18177451193332672,-0.2825675308704376,0.6458670934973546,-0.6051615781598806,0.4075177013874054,-0.22306638956069946,-0.8847832679748535,0.3333333432674408
-0.5814422407246141,-1.0351994037628174,0.4177553057670593,-0.766541063785553,-0.2089032083749771,-0.5634239912033081,-0.048561937974446356,-1.2031898587535739,0.9162105671908974,-0.22306638956069946,1.5607155561447144,0.5
-0.12462055370291036,-0.6191481351852417,0.4857073128223419,-0.766541063785553,-0.4525808691482162,0.051253540172656285,0.257932646347749,-1.4724833742181886,-0.04416286058832696,0.1108487918972969,1.574128608351322,0.5
-0.7695379853248596,-0.7380198836326599,0.14594730734825134,-0.7494495227489537,-0.11800795949565555,-0.22639626264572144,-0.09076435468075962,-0.40021438268635223,-0.09127205610275269,0.4447639584541321,-0.8004556894302368,0.3333333432674408
-0.01176275685429573,-0.3219686448574066,-0.4656206965446472,0.4230431264319711,0.7793443746543658,1.2981305229174231,1.1208895276732516,-0.05451867616167039,-1.026869098165458,-0.32614010019706663,-0.631800651550293,0.5
-0.8082109506613786,1.2009781802019666,-2.0188160856548785,-0.4998875558376312,0.07084527094482644,-0.8968319711368523,-1.0338493117470637,0.09169628757832635,1.4849131118192975,0.04406575486063957,0.04281972348690033,0.3333333432674408
0.08878920442295167,2.4840984365419776,-2.0408639941857216,-0.6998776793479919,0.4155712455819071,-0.5072526931762695,-1.673580613173398,0.5080317361797012,1.7429885397251605,0.9471207638365889,0.4644574522972107,0.5
-0.7695379853248596,1.0268509911792654,-0.6449454104453597,-0.8109833002090454,0.4134325230565823,-0.8940037515947551,1.8709332474426497,-0.10796875166039513,0.607684339044137,0.920139395613278,-0.9691107869148254,0.3333333432674408
-0.01176275685429573,-0.8525114194484863,0.34980329871177673,-0.7092334053250636,0.36666771302242757,-0.45108139514923096,-0.643714234258845,-0.6111678377852975,0.2828202545642853,-0.42119633276353446,0.21147480607032776,0.5
-0.6895034199829797,-0.6191481351852417,-0.9989556693531211,0.5879949747704426,0.011185641119749595,-0.0578824058175087,0.30442841399662995,0.3683724179125535,-0.46536436676979065,-1.0244628190994263,-1.2084399408065627,0.3333333432674408
-1.3107563072780077,0.27239030599594116,-1.3166510796103998,-0.833204448223114,0.06339284269586669,0.05446016043424606,0.2704395681928883,-0.07555491988286081,1.3037288101298967,-0.0389029484947743,-0.8189331780553368,0.3333333432674408
2.243050923298016,1.1832645576134888,1.0293233394622803,-0.5887720584869385,0.38344008784741285,-1.4059932231903076,-1.7252436600607812,0.7980431675313507,-1.1305151664973898,2.2710288064047632,1.8068894916328877,0.7356244610083642
0.5869225088721988,1.7821897354584708,-1.1565147078331603,-0.6332142949104309,0.7133807470518513,-0.8442803621292114,-0.7305549434482236,0.46545492857687765,-0.46536436676979065,0.24441486597061157,-0.2764783182841275,0.5
0.4396471722979994,2.7900740619495075,-2.1644208431243896,-0.6609807563079739,0.8323814194385539,-0.11405368894338608,-1.4388465196613518,0.46959951351516777,0.9326546123354987,0.7118961215019226,0.12714727222919464,0.5
6.353549003601074,7.344523191935174,9.11561107635498,-0.9887523055076599,-1.2940510511398315,14.546651840209961,5.739711284637451,-2.4959027914571426,4.896625518798828,-2.0270510082349174,3.078611373901367,0.0
0.06401476263999939,-0.8568916916847229,-0.12586070597171783,-0.8731975205785614,-0.34454667568206787,0.8970147311531094,0.7880375502755571,-0.1132825556798828,1.0933536291122437,0.37074135159855826,-0.8004556894302368,0.6666666865348816
-0.8453154563903809,-0.9757634997367859,-0.2617647051811218,-0.8776466846466064,-0.26749608333732744,-1.237479329109192,-0.6308172989764477,-0.6650105767568733,-1.2900122537315122,-0.22306638956069946,-1.306420922279358,0.45781967478930713
-0.3148728311061859,-0.836339553579704,1.0293233394622803,1.62022914324752,-0.18177451193332672,0.6723442673683167,1.1159368722290863,0.7202594380330907,-1.753602865970829,-0.890896737575531,-0.8004556894302368,0.3333333432674408
-0.39065036177635193,-0.3805486502837378,0.07799530029296875,1.1968643701017658,-0.2902892827987671,1.9021140460471389,1.4486252730614109,0.37316248097322813,0.22935944139133776,0.5115470290184021,-0.2944904565811157,0.6666666865348816
-0.9968705177307129,1.2499799506395464,-1.1811952867227506,-0.6998776793479919,0.8103677393939933,-1.4059932231903076,-1.5930837784561986,0.0896083180652216,1.6559651606161045,0.3021637090772576,-0.7161281704902649,0.3333333432674408
-0.9210929870605469,-0.2625327408313751,-0.3642344720833632,-0.766541063785553,0.844691169804915,-0.17022497951984406,0.3495147786275016,-0.6127702866359552,-0.09127205610275269,0.04406575486063957,-0.5474730730056763,0.3333333432674408
-2.58819842338562,3.770135066305781,-2.1644208431243896,-0.7220988273620605,-1.2613030468488664,-0.5825903824428946,0.06158737815259638,-2.5030974897983405,4.492663488179904,9.782723834814743,3.078611373901367,0.9962539278739859
0.1397922784090042,0.6723718668802162,-1.5346006913483259,-0.6458455759883865,0.846386795237973,-1.6151114580654842,-1.727266838332046,0.8548616347620213,0.9686561822891235,0.5115470290184021,-0.7161281704902649,0.5
-0.3148728311061859,1.1498350022597945,1.7054338369648157,0.5499268844675074,0.7104300753920032,1.5421482942998326,1.4442090694106515,0.8983207941055298,-0.4030156433582306,0.5115470290184021,-1.306420922279358,0.3333333432674408
-1.5791700888085398,-0.8568916916847229,-0.397668719291687,-0.8686737981672964,0.062383756041526794,-0.03086644879849036,-0.8382138235797645,-1.390439575070267,0.15812282264232635,-0.0895003229379654,0.29580235481262207,0.6666666865348816
-0.9092050767850525,0.2703990571997663,-0.7846656537155712,-0.8698427214546534,-0.04613102599978447,-0.3387388288974762,0.061811911471723394,-1.0491201708532076,-0.5856761165364134,0.1687219074440898,-0.2944904565811157,0.5
0.35823411300595565,1.7585840989012174,-0.8053807020187378,-0.6332142949104309,0.3381426094615522,-1.3670570760972356,-1.6882301776431345,0.7672726190143683,1.3210898625788943,3.1309359131390706,0.6331125497817993,0.6666666865348816
3.534903253093198,0.5697180471534717,1.2220851953235397,-0.5535225280534776,0.6379114624194361,-0.5171871900913907,-0.9157668499510258,1.3024835581977998,-0.2518104395193709,1.6537428514103356,1.337032333137382,0.5
-1.072648048400879,-0.2801824379111493,-0.7998461509905873,1.2223185915350556,-0.5073188543319702,-0.5634239912033081,-0.8471045003252797,-0.9291088560234755,-0.7147592306137085,-2.020849272016001,1.1390777826309204,0.5
1.0945475791212662,2.768329674148613,-2.1644208431243896,-0.5683531284876325,0.741954346185821,-1.406016149576684,-1.6316862451917757,1.475177387825419,1.3939113218279193,0.24659008932308873,-0.8847832679748535,0.5
-0.39065036177635193,-0.5233799453546577,0.5536593198776245,0.5437764872674197,-0.39880406856536865,0.04893009322859831,0.29540641202160056,0.5225891753455157,0.5945638418197632,-0.2898494303226471,-0.9691107869148254,0.3333333432674408
1.2750660765044195,-0.9163275957107544,0.010043300688266754,-0.7220988273620605,-0.2360319048166275,0.33531656861305237,1.1122085013161016,-0.02191573118106154,-0.9018054008483887,-1.0244628190994263,-0.6997775628420865,0.5
-0.9968705177307129,-0.9070685612826787,-0.2617647051811218,0.16964066584624898,1.2924988553781775,0.6792697374070532,0.7321185270972453,0.44603729392938096,-0.4030156433582306,-1.0244628190994263,-1.306420922279358,0.5
-0.6937604546546936,0.09408261626958847,-0.04611485230518112,-0.17877574449125536,-0.9264697746472921,-0.7662524494355494,0.14209067222468813,-1.3470116726218446,-0.46536436676979065,0.4447639584541321,1.6520107712599061,0.5
-1.224203109741211,0.2474485181717967,-0.6015247106552124,-0.6109932065010071,-0.7395279837127197,-0.0017111222259700298,0.060380581871529594,-1.6723267185396764,1.448729943085813,0.48931004519029386,2.100157787543572,0.6666666865348816
-0.9210929870605469,-0.5597122311592102,0.14594730734825134,-0.8109833002090454,-0.8328632116317749,0.11063144356012344,-0.3761836283292448,-2.4349108487317417,-1.151200294494629,-1.0244628190994263,1.8622823399620323,0.5
-1.2863395205051162,-0.5002763271331787,0.010043300688266754,0.6292261685775106,-0.561576247215271,-0.22639626264572144,0.6050037392446543,-0.7118820485129408,-0.09127205610275269,0.5783300399780273,0.7174400687217712,0.5
-0.2390953153371811,-0.20253289959992027,-0.05790869891643524,-0.6332142949104309,-0.02371775568779449,1.048897909124078,1.4658005885806662,0.23642224017402405,0.9686561822891235,0.2602970060903844,-0.8847832679748535,0.3333333432674408
-0.6937604546546936,-0.3814045190811157,-0.2617647051811218,1.7561474208752366,-0.3124002002998178,1.8218532287885436,1.5415480797262486,0.774180272619494,-0.7486313587544574,-1.2815367878366737,-1.137765884399414,0.3333333432674408
0.1397922784090042,1.5025363181314313,-1.9181125220169357,-0.7443199157714844,0.8534012209931972,-1.2501083466835607,-1.7120871651081064,0.7091218407351173,1.058680440342283,1.0116023912652627,-0.5474730730056763,0.6666666865348816
-0.3148728311061859,-0.3219686448574066,-0.5335727334022522,1.1136783276630267,0.12196863331085982,0.30713488622712704,0.9097358328688121,1.2899778882441078,1.3427485227584839,-0.22306638956069946,-0.9691107869148254,0.5
-0.49790947961163023,0.5101338624954224,0.4177553057670593,0.5319254837284967,-0.0768968905239508,-0.90045166015625,0.9415789510812355,0.24723523578765197,-0.34066691994667053,-0.42341551184654236,-0.9691107869148254,0.3333333432674408
-0.9210929870605469,-0.2625327408313751,0.993003712529732,-0.5498959201113595,-0.697219729423523,0.6723442673683167,0.040144604105735254,-1.815696423959158,0.7816100120544434,-0.22306638956069946,2.1105743643598074,0.8333333134651184
-0.16331779956817627,1.0568710883233945,-0.19381269812583923,0.40852151835288597,-0.39880406856536865,-1.349821925163269,-1.2096602679651505,-1.7741192153307437,-0.7771079540252686,-1.2915949821472168,2.850180046000812,0.3333333432674408
-1.023037418153983,-0.4408404231071472,0.29677641012495126,-0.6109932065010071,0.8283743104310004,-1.3427045901101906,-1.6383418660654563,-1.086482399720644,0.6569125652313232,0.8862054337103239,1.819011065915009,0.6666666865348816
-0.8453154563903809,-0.4408404231071472,-1.4150220426507705,1.5030262911883296,-0.3268492741968387,0.2460616213634803,0.02795230452947345,0.398683130108928,-0.4030156433582306,-0.890896737575531,-0.46314552426338196,0.3333333432674408
0.25865301817944236,-0.2625327408313751,-0.5335727334022522,-0.3469357742371231,-0.10158366492544581,-0.3387388288974762,0.5862734557169035,0.41300172583927475,-0.7771079540252686,-1.0912458896636963,-1.3439772867004423,0.3333333432674408
0.40098796675998905,0.44230246644545035,-0.19381269812583923,1.8146368589725426,0.062383756041526794,0.2229740172624588,0.8212856328703254,1.4952864564253154,-0.2783181965351105,-0.15628336369991302,-1.2236119380903392,0.1666666716337204
0.1397922784090042,-0.5597122311592102,1.269478069240797,-0.5887720584869385,-0.8328632116317749,0.7308418594514117,0.3653891355262741,-1.2028625335393892,0.8231422200437977,-1.1580289602279663,1.5607155561447144,0.5
0.21556980907917023,0.15351851284503937,-0.19381269812583923,1.9331520162187363,-0.42116884750119343,-0.0578824058175087,0.737461401217464,1.3073892524631074,-0.028923334553837776,-1.3583780527114868,-1.5540901350929914,0.5
-0.08754027634859085,-0.730798581942226,-0.12586070597171783,-0.6776565313339233,-0.2631605863571167,-0.0017111222259700298,0.540502575600782,-0.8586240555535057,-0.34066691994667053,0.9122452139854431,0.7434652445731819,0.6666666865348816
-0.6019092983604181,-0.9163275957107544,0.07799530029296875,-0.7887621521949768,-0.8328632116317749,-0.6195952296257019,-0.3792844041612813,-1.603612535425497,0.8439587354660034,-1.2839806636807047,1.6118589518130468,0.6666666865348816
-0.4097345956074849,-0.6191481351852417,0.28185129165649414,-0.7220988273620605,-0.10048240457432348,-0.8442803621292114,-0.007131372975858969,-1.4510370353083457,-1.151200294494629,0.4447639584541321,0.7174400687217712,0.3333333432674408
-0.6179829239845276,-0.14366096258163452,-0.6015247106552124,0.45694521056275716,-0.10038841515779495,-0.37225727979037904,0.9860880280565181,0.12456007229526216,-0.3102188401166202,-0.6237646341323853,-0.8847832679748535,0.3333333432674408
6.353549003601074,-1.5701223611831665,9.11561107635498,-0.9887523055076599,-1.2940510511398315,14.546651840209961,5.739711284637451,5.3161420822143555,4.896625518798828,9.794388771057129,3.078611373901367,0.0
-1.072648048400879,-0.7974557876586914,0.07799530029296875,-0.5665509104728699,-0.9789722136413322,-0.9933951729419422,-0.7380903162788892,-1.7344623839309092,0.5411930084990477,-0.6905476450920105,1.9650475534203216,0.6666666865348816
-0.46642789244651794,-0.3814045190811157,6.169697559984888,2.2168679604099237,-0.1914171275895683,1.8848841176114826,1.8633895456119671,1.4742484693483073,-1.5354022335077349,-0.6237646341323853,-1.9848425533638812,0.5
-0.39065036177635193,-1.213507056236267,1.1652272939682007,-0.8554255366325378,-0.34454667568206787,-0.11405368894338608,-0.06186855444083198,-0.5772293046662512,0.40942613515051773,0.1108487918972969,-0.46314552426338196,0.6666666865348816
0.4429023563861847,-0.6191481351852417,0.010043300688266754,-0.8833646920349342,-0.8473914122241171,-1.0127942562103271,-0.5623741609709086,-1.0295808566868472,-1.5366362761292636,-1.19677414443524,0.4644574522972107,0.3333333432674408
-0.08754027634859085,-0.5044593812765147,-0.397668719291687,-0.6998776793479919,-0.7786058187484741,-0.8442803621292114,-0.20785519923448745,-1.3198049660268467,-0.2783181965351105,-0.6237646341323853,1.2462044383995292,0.5
-0.01176275685429573,-0.3814045190811157,-0.5817177288164137,0.2089959307459766,-0.5073188543319702,0.16680273413658142,0.7357983645813231,-0.36616730808826314,0.03913506975739354,1.1652885176106915,0.2798154822322158,0.5
-0.11248863028142536,-0.32539103318482143,0.45513571939555353,1.8623328195396902,-0.39880406856536865,0.9846717117405536,1.822650365070527,1.42625566395505,-0.7147592306137085,0.339565734404192,-1.4648160941700674,0.5
-0.3404872812607351,0.18315949345064841,-0.19381269812583923,-0.6554354429244995,-0.18177451193332672,-1.1813081502914429,-0.31441876541235886,-0.19132198624167648,-0.455937192651747,-0.5569815635681152,-0.8847832679748535,0.5
4.567781299355122,-0.20309685170650482,4.297470178732711,-0.10593898138145197,1.4180476884312292,-1.5455912814746395,-1.7945341629549594,2.8648135784960793,-1.1710806658512984,1.4647811313486023,-1.0484490468812424,0.5
0.462612096917448,0.09408261626958847,-0.12586070597171783,0.022393978575889782,-0.5356127020995988,-0.7000430395429788,-0.8457691152393711,-1.229175272895727,-2.15561823272005,-0.890896737575531,1.5607155561447144,0.6666666865348816
-0.8453154563903809,-0.5002763271331787,0.6794307424278835,-0.766541063785553,-0.2631605863571167,-0.22639626264572144,0.7633949780297812,-0.9425704562036447,1.2550159536281655,-0.2898494303226471,-0.1258353590965271,0.5
-0.6179829239845276,-0.6191481351852417,-0.2617647051811218,0.7721068826559769,-0.8101547145395879,-0.0578824058175087,-0.12090147268492533,-0.40774770046914477,-0.8871146082924277,-1.791361595907078,0.12714727222919464,0.5
-0.39065036177635193,-0.4408404231071472,-0.4656206965446472,1.0978942601767736,-0.04216312833834914,1.2845858706455666,0.9598721437054488,0.3000238300682754,-0.7839533842570473,-0.957679808139801,-0.5412725891191528,0.3333333432674408
-0.46642789244651794,-0.14366096258163452,0.895896954126176,-0.8109833002090454,-0.22433435807364627,0.46391393106589973,0.5664208107361023,-0.6684153915970561,-0.2159694880247116,-0.42341551184654236,-0.2944904565811157,0.5
0.1397922784090042,-0.08847250009056379,0.14594730734825134,-0.544329822063446,-0.7243484258651733,-0.6757665276527405,-0.04950569536772306,-1.187921610752016,-0.9018054008483887,-0.6237646341323853,0.7174400687217712,0.3333333432674408
0.21556980907917023,0.9555771161248278,0.07799530029296875,-0.7220988273620605,2.4279409318692893,0.33531656861305237,0.12661763677982507,0.951384677214264,-0.2159694880247116,0.9778933013744723,-1.559403657913208,0.3333333432674408
-0.9210929870605469,-0.8568916916847229,0.07799530029296875,-0.8803742256811633,-0.5073188543319702,0.5038304328918457,-0.07955816309097513,-1.3412037640181886,0.7632281972233588,-0.02271728403866291,0.3801299035549164,0.5
0.36712485551834106,1.3006397019532483,-0.397668719291687,-0.6089082333864043,1.174581628852898,-1.362414557927065,-1.7643201891291944,0.10116181171274216,0.9413193984107286,0.9206372939292594,1.667929872869111,0.3333333432674408
0.06401476263999939,-0.20309685170650482,-0.12586070597171783,-0.833204448223114,-0.2089032083749771,-0.5634239912033081,0.9305882891250894,-0.6169806390865641,-0.847587373032255,-1.1873096488999408,-0.8847832679748535,0.3333333432674408
-1.4273504724001262,-0.5290186845832485,-0.3297167122364044,-0.8776466846466064,-0.5344475507736206,-0.6195952296257019,-0.4965074628719383,-0.9724327552756944,0.9618168505744472,0.2070425660109061,-0.8847832679748535,0.5
-0.46642789244651794,-1.213507056236267,0.4177553057670593,1.5095562754819642,-0.03368948128852495,0.80803032751132,0.21379831500437138,1.0644741263205593,-0.43763901184594206,-0.4218243309405354,-1.0534383058547974,0.3333333432674408
-0.5477172087686938,0.9863228623331473,0.21389929950237274,-0.669839645579892,0.6284583562681719,-0.8442803621292114,-0.6583754072779984,-0.022651934333603727,1.6310386816620328,-0.3566324710845947,-0.46314552426338196,0.5
-0.6179829239845276,1.4554068460455731,-0.7997416775104683,-0.6332142949104309,-0.18177451193332672,-1.0689655542373657,-1.2708819135416614,0.21917141098509713,0.9420553643251399,-0.0895003229379654,-0.041507821530103683,0.3333333432674408
-1.134061595969762,-1.0351994037628174,-0.03629370851738277,-0.835120662864713,-0.3174179792404175,1.1008955044215982,1.1451403220745193,-1.3648132263232091,1.6008261777853372,-0.6905476450920105,0.8279685707017298,0.6666666865348816
-0.16331779956817627,1.6929403892200696,-0.2767227810060906,-0.23675123527015401,0.7394568570083796,1.1526896178115162,0.27675524210955155,1.1671287787146918,0.5945638418197632,0.9122452139854431,-0.9691107869148254,0.3333333432674408
0.8360982923894187,-0.4408404231071472,2.2302570782168534,-0.4102987731012483,-0.04613102599978447,-1.5735550449498643,-1.804128545218976,0.4157065990107234,1.1557023525238037,1.1821359035728343,1.223405361175537,0.5
-1.148425579071045,-0.6191481351852417,0.8800666169204416,-0.8554255366325378,-0.2360319048166275,-0.7337712176654052,0.37730255751585673,-0.47577094051588104,-0.7359416863270234,2.7665798520531926,-0.9691107869148254,0.5
0.06401476263999939,-0.20309685170650482,-1.5227322441485902,-0.7220988273620605,0.2340305974482574,0.2791453003883362,2.0163630056458968,0.5931036149810327,1.1067986228178968,0.48631883433433903,-1.137765884399414,0.3333333432674408
1.5696419608359962,-0.3590357866752585,1.1652272939682007,-0.6554354429244995,1.1964924303686193,-1.0127942562103271,-1.5126954959767822,1.1666503918323743,-0.4030156433582306,0.4447639584541321,-0.7240057590072704,0.5
0.06401476263999939,1.5629275500141584,-0.3297167122364044,-0.8109833002090454,2.361939004102297,-0.6195952296257019,-1.2192261872658063,0.32076502080903285,0.2828202545642853,1.0593843572032293,-0.9400164344243688,0.3333333432674408
-0.6179829239845276,-0.3219686448574066,-1.0989484460592214,2.0398387665450954,-0.37167537212371826,-0.03812796674989498,0.47615592620140545,0.956431947055185,0.34516897797584534,-1.0912458896636963,-0.37881800532341003,0.6666666865348816
0.8578697135704326,1.9395637478606342,-2.0557062509613218,-0.6417086080467619,0.5267956549234638,-0.2254724403537521,0.1300220050289892,0.6833018489137824,-0.08963212817457035,-0.3566324710845947,-0.8847832679748535,0.3333333432674408
-0.8453154563903809,-0.5002763271331787,0.21389929950237274,1.182227110460232,0.062383756041526794,1.065543293952942,4.968487257038725,0.5913959216115388,0.0957741066813469,-0.49467535588876277,-0.9691107869148254,0.5
-0.16331779956817627,-0.6191481351852417,-0.397668719291687,0.922281279683,-0.39880406856536865,-0.8442803621292114,-0.7292215379210429,-0.14273313374888816,-2.6954597844711206,0.2666080031017153,-0.2734404342098533,0.5
-0.2390953153371811,-1.1775878638698272,-0.2617647051811218,1.6194425406554398,-0.37167537212371826,0.9683193068259227,0.642330069957021,0.7588709683547044,-0.8394566774368286,-0.21382301987305022,-0.5474730730056763,0.6666666865348816
-0.5422053933143616,-0.9757634997367859,0.14594730734825134,-0.920781900581979,-0.49013809406041575,0.05446016043424606,-0.7140392366314624,-1.3925771574726882,0.5945638418197632,-1.2915949821472168,1.223405361175537,0.3333333432674408
1.132477094775646,-0.8084156460581047,2.0519875356374633,-0.766541063785553,0.1731833356993636,-0.6195952296257019,-0.21696299893366286,0.6211752053777844,-0.028923334553837776,-0.35878239707346754,-0.8067838406378174,0.1666666716337204
-0.01176275685429573,-0.8568916916847229,-0.2761825356949517,1.6083566251062333,-0.2843694886880728,1.436754240125804,0.835111082675742,0.7167519997764706,-0.9419127747866975,-1.0244628190994263,-1.0534383058547974,0.5
0.4429023563861847,-0.9757634997367859,0.21389929950237274,-0.23959604496972237,-0.2089032083749771,0.5206489913508091,-0.1034475172913806,-0.36439679322134283,0.2828202545642853,-0.5859793451000307,-0.041507821530103683,0.5
-0.5422053933143616,-0.08422506600618362,-0.05790869891643524,-0.766541063785553,-1.160966049096515,-0.11405368894338608,0.40070808880627495,-1.5288487611293045,0.5945638418197632,-1.407032949545802,1.3137431071331473,0.6666666865348816
0.36712485551834106,-0.3814045190811157,0.010043300688266754,-0.06519647656805688,-0.37167537212371826,-0.5634239912033081,0.2886603257549103,-0.5233059492903794,-1.0888515710830688,-1.3576130086230285,0.19361789558918618,0.3333333432674408
0.5186799168586731,-0.48416017194378574,0.5536593198776245,1.1802479789835378,-0.9803959644725436,-0.5072526931762695,-0.48800914483485597,-0.5182044275172388,-0.5277130603790283,0.17763182520866394,1.5607155561447144,0.5
1.759983364578626,1.429854256125322,0.010043300688266754,-0.7220988273620605,-0.07325971871614456,-0.5268077923236985,-1.0590780616779618,0.4461773552678554,0.34516897797584534,0.9122452139854431,-0.43960900742240416,0.5
-0.2488542110525259,-0.3219686448574066,0.14594730734825134,-0.6776565313339233,0.8324758986695522,-0.8442803621292114,0.33491421011529154,0.4810041054432284,1.3460606509668398,0.9122452139854431,-1.0534383058547974,0.3333333432674408
0.4033183227223517,1.3537829397090404,-0.6562524642136732,-0.7632195401965176,0.34320042888505176,-0.9566229581832886,-0.2139195615404626,0.6094262180812355,0.8439587354660034,-0.22306638956069946,-1.137765884399414,0.3333333432674408
-1.072648048400879,-0.3219686448574066,-0.397668719291687,-0.833204448223114,-0.006791028091307799,0.7846868634223938,1.2373041265882043,-0.8553181886672974,0.9478184323038981,0.3111979067325592,-0.26868172106642446,0.5
-0.3148728311061859,2.042712286182093,-2.1644208431243896,-0.5342607718061411,0.545995067477222,0.6711845792793943,-0.8713897346914782,0.17653697345216685,1.3752255891381853,1.8633435838636156,2.2171602010450493,0.5
-1.4326523003921374,-0.8568916916847229,-0.2617647051811218,-0.544329822063446,-0.40467266898764376,0.6723442673683167,0.21402646482948945,-1.46762004255637,0.9686561822891235,-0.0895003229379654,1.1390777826309204,0.5
0.6702349185943604,1.0685865445115663,-0.941284716129303,-0.6332142949104309,0.9367813013044541,-0.731937825679779,-0.5008877055285799,0.6932148761399243,0.22748628761621384,0.24441486597061157,-0.8004556894302368,0.3333333432674408
2.0824194590247638,-0.2625327408313751,1.4741150084570163,-0.6776565313339233,0.2862388788746938,-1.1251368522644043,-1.6040658651043016,0.4268616054102104,-0.06688803519787291,0.6451131105422974,0.6331125497817993,0.3333333432674408
-0.39065036177635193,-0.9757634997367859,0.03055280590085486,-0.5835722580496857,-0.4801901578903198,0.5643989288350486,1.4044961559205067,-0.036341898109993595,0.7101310634911184,1.4053066597732495,-0.631800651550293,0.5
-0.3148728311061859,-0.4408404231071472,0.5536593198776245,0.2182295048983701,-0.33264448045278483,0.39148786664009094,3.413829683382496,0.502991071798134,0.9686561822891235,0.7151595851495532,-0.631800651550293,0.5
0.8217899799346924,0.7097984560473645,-0.8935466878030787,-0.6332142949104309,1.5736975819082937,-0.5683877977445981,-1.1760236705585856,0.8639520540348654,-0.9018054008483887,0.8690755695478043,-0.8847832679748535,0.3333333432674408
0.5106119034803935,2.0327257237616,-0.8315700182034429,-0.6109932065010071,-0.10038841515779495,-1.340330889192809,-1.727707761538407,0.6223257157160879,1.298028238895222,0.08186383994945118,0.3801299035549164,0.005999813953582079
-0.9968705177307129,-0.2625327408313751,0.5056913984570035,0.8497109754721623,-0.2360319048166275,0.7749423130638204,1.2621543746507586,0.1945170310981882,-1.0265028476715088,-0.588673178628674,-0.9691107869148254,0.5
-1.072648048400879,-0.5597122311592102,0.6895633339881897,0.36208067099751917,-0.39880406856536865,-0.22639626264572144,0.5247034125553878,-0.30621044610913395,0.7152173946571204,0.4447639584541321,-0.631800651550293,0.6666666865348816
0.36712485551834106,1.4851728886252002,0.6909447551114883,1.3102690735159523,1.115447408760816,1.001046409650385,1.0114085639573,1.5435478276935144,-1.719677758690255,2.766489523917672,-1.0534383058547974,0.3333333432674408
-0.16331779956817627,0.5178839528247978,-1.4847094971623365,-0.6998776793479919,-0.34454667568206787,1.0852370656771197,0.06548291236524934,-0.8553181886672974,-0.34066691994667053,-0.49019855260849,-0.041507821530103683,0.5
0.1397922784090042,-0.17813365454568814,1.0989726357920682,-0.602269723455395,0.5481240214163403,-1.4059932231903076,-1.835335656269148,0.7998712097813682,0.5945638418197632,-0.0895003229379654,-0.041507821530103683,0.5
-0.2390953153371811,-0.2625327408313751,0.07799530029296875,0.4523779057682831,0.5907669200953857,-0.3387388288974762,0.3291600804277382,0.8910554996098576,0.9686561822891235,-0.49019855260849,-1.0085072318074753,0.3333333432674408
-0.41722056909421956,-0.6191481351852417,-0.397668719291687,1.1865451691741646,-0.45306146144866943,0.6526194540454282,0.554589861320496,0.3637201807888876,-0.2159694880247116,0.4447639584541321,-0.1258353590965271,0.5
-0.16331779956817627,-0.7974557876586914,0.6216112971305847,-0.15907450864128747,-0.5073188543319702,1.6076958987373562,0.8282328583684336,-1.2051695574944645,-1.0888515710830688,-1.525840836390362,1.3497200409880101,0.6666666865348816
0.21556980907917023,1.7210357985274858,-1.2623250708247729,-0.534445183540783,0.5778290033340454,-0.9566229581832886,-1.4264561769111006,1.3897507226594417,1.5916269143421455,0.17763182520866394,-1.137765884399414,0.5
-0.5610917594437159,-0.3814045190811157,1.1652272939682007,2.299850408930697,0.012722198240746047,0.8888374672563631,1.5607930513211143,1.126868595042573,-0.9018054008483887,-0.0895003229379654,-1.137765884399414,0.3333333432674408
-0.39065036177635193,-0.3814045190811157,-0.5335727334022522,0.2049967448381391,-0.8328632116317749,-0.4233822782891821,-0.33643570664817485,-1.2703203811028383,0.03133558862108742,-0.3566324710845947,1.6710205197888648,0.6666666865348816
-0.7089669946752561,-0.7974557876586914,-0.5335727334022522,-0.7887621521949768,-0.12751711905002594,-0.90045166015625,-0.9844575735719286,-1.2654141295235468,1.005328026779741,-1.0912458896636963,1.1668471045079003,0.3333333432674408
-0.6937604546546936,-0.6191481351852417,-0.8053807020187378,-0.7887621521949768,-0.01900232955813408,-0.8442803621292114,0.07371726516244562,-0.20930910998119093,1.2390110408609998,-0.2898494303226471,-0.2101629078388214,0.3333333432674408
0.2613844308829321,0.7040583120184688,-1.5641288061951488,-0.7252129678605678,0.45269739070426046,-0.16063774843097736,-1.2774388278373694,-0.20953330256419592,0.34516897797584534,1.394923298896699,0.5487849712371826,0.6666666865348816
3.549551972229101,0.03464672341942787,1.1652272939682007,-0.8109833002090454,-0.15464581549167633,-1.4059932231903076,-1.8882434856249593,0.7357734840682593,-1.2631865900117005,0.04406575486063957,-0.5474730730056763,0.5
-1.072648048400879,-1.094635248184204,-1.060965889421317,-0.8706056813281872,-0.6158336400985718,-0.3387388288974762,-0.5225671102118888,-0.5243414420460675,1.8021279504655143,0.04406575486063957,-0.9691107869148254,0.5
-1.625939001568859,-0.024789171293377876,-0.8173128817445862,-0.6998776793479919,-0.561576247215271,-0.3986049401383628,-0.2871150262743681,-1.8291308321896596,0.033425383269786835,1.05889769870784,2.1106947626438535,0.5
-0.2390953153371811,-0.024789171293377876,-0.9449564344592687,-0.5665509104728699,1.151610381484542,-1.094000144015688,-1.1808011020552598,0.296615725880266,-0.2783181965351105,0.3815125723115429,-0.428505302332419,0.5
-0.8453154563903809,-0.20309685170650482,-1.479780203839264,1.5417198853814829,0.5600583872696475,0.12870314129460952,0.8684861479156238,0.8309584331346773,0.2204715460538864,0.09420886416077581,-1.0534383058547974,0.3333333432674408
0.6131644607904546,-0.8568916916847229,0.07799530029296875,0.2841801714466889,-0.3174179792404175,1.1217145919799805,1.109378939839471,0.14442817236398683,-0.9686554176490592,-0.0895003229379654,-0.2944904565811157,0.8045995223143871
-0.6937604546546936,-0.2625327408313751,-0.397668719291687,0.642084114603461,-0.2089032083749771,0.6723442673683167,1.5228688139033895,0.48603685105387356,1.0933536291122437,0.6593325727236988,-0.46314552426338196,0.3333333432674408
-0.16331779956817627,-1.0351994037628174,-0.19381269812583923,0.2696110306793609,-0.561576247215271,-0.9566229581832886,-0.6572050219387496,-0.12373508794426492,-0.46536436676979065,-0.6237646341323853,-0.37881800532341003,0.5
2.0283870817065712,-0.37638475670461163,1.1652272939682007,-0.7443199157714844,0.47704815453649485,-1.4572746921085542,-1.8294875309637038,0.09213002550426565,-0.3193326296343969,1.0452066983166284,1.392060399055481,0.6666666865348816
-0.2390953153371811,-1.2206876641056188,2.1668382320299595,-0.7887621521949768,-0.39880406856536865,-0.05373247258811098,0.20741427565013734,-0.3859318460106877,1.1557023525238037,-0.02271728403866291,-0.1258353590965271,0.5
-0.46642789244651794,-0.20309685170650482,-0.3297167122364044,-0.10346384135600978,-0.12751711905002594,-1.0460956570427096,-0.0606448367122175,-0.3053962713264793,0.15812282264232635,-0.42341551184654236,-0.5208414024801408,0.5
2.5207747070110957,0.9037301463750708,0.2620769250477555,0.32156841509266265,0.062383756041526794,0.05446016043424606,-0.6171246728107702,1.559095897129498,0.5322151184082031,0.4447639584541321,-0.46314552426338196,0.5
-0.46642789244651794,-0.20309685170650482,-0.5550395375140478,0.4605353822203866,-0.34454667568206787,-0.5792878284000502,-0.31595182781313225,-0.8553181886672974,-0.4030156433582306,-0.6905476450920105,0.7396818052391824,0.5
0.8407377257797594,-0.3219686448574066,1.109319861216851,-0.544329822063446,0.055345969789786495,-0.2825675308704376,-0.9388548082717043,0.13261012230708003,0.3300943936374399,2.1231341708046485,1.4674618364165237,0.6666666865348816
-0.16331779956817627,-0.9757634997367859,0.8934193253517151,1.2252169840578881,-0.01900232955813408,1.4613127660524379,0.9396222678766795,0.824448325565279,-0.7771079540252686,-0.6905476450920105,-0.8004556894302368,0.6666666865348816
-0.9210929870605469,-1.0351994037628174,0.28185129165649414,-0.5887720584869385,-0.6429623365402222,0.11063144356012344,0.3192466281321063,-1.8631775842300207,-0.2783181965351105,0.3111979067325592,2.0123679461448174,0.5
-0.2390953153371811,-0.6191481351852417,-0.2617647051811218,0.25506446853710696,-0.509667825349669,0.11063144356012344,0.5645352603168385,0.14813789174661784,1.9952198504760257,0.3111979067325592,0.5487849712371826,0.6666666865348816
1.7549875380879087,-0.28378318890009013,0.710401292051319,-0.7073409761233718,0.012663976920445574,-1.1251368522644043,-1.7791510123013585,0.8983207941055298,-0.4204923357462322,0.7786791324615479,-0.46314552426338196,0.5
2.0309502180600227,-0.9757634997367859,1.0293233394622803,-0.8073245305673085,-0.21627783605493345,-1.0689655542373657,0.8885564076387716,0.5128750540352324,-0.34066691994667053,-0.2898494303226471,-0.5474730730056763,0.3333333432674408
-0.6937604546546936,-0.6191481351852417,-0.5335727334022522,-0.6332142949104309,-0.6158336400985718,0.16680273413658142,0.21351909387270096,-1.3104083547044174,1.2921107492318211,0.8766200379512646,1.2169641993066915,0.6666666865348816
-0.7695379853248596,-0.3814045190811157,-0.12586070597171783,0.26171308357225176,-0.39880406856536865,1.9558519518370623,1.4644561295935807,-0.6078122781195621,-0.2159694880247116,0.9122452139854431,0.43660544978314825,0.5
0.5761863951444491,1.2431286001620416,-1.2702464467376913,-0.6403257165070481,0.5247198364899406,-0.5634239912033081,-0.49243490028474174,1.1698296098051502,0.9764889084927386,1.8345408564653063,-0.1258353590965271,0.5
-0.6937604546546936,0.7477481770629979,-0.8035325757776962,-0.7443199157714844,0.7905868517855204,-0.7691014451414229,-0.430867052109146,-0.04952697154345856,1.6198704247027655,0.24441486597061157,-0.8004556894302368,0.3333333432674408
0.1397922784090042,-0.3424155821929711,-0.05790869891643524,0.5084578262910084,-0.2902892827987671,-0.5072526931762695,-0.8315530634768906,-0.5384739913415407,-0.46536436676979065,-0.6237646341323853,1.4943791903936434,0.5
-0.6179829239845276,-0.4408404231071472,0.28185129165649414,-0.8109833002090454,-0.4801901578903198,0.11063144356012344,-0.5180809348373918,-1.0370643465009572,0.46986642479896545,0.937304346621371,1.1066583174470577,0.5
-0.46642789244651794,-0.3814045190811157,-0.2617647051811218,1.873765491737602,-0.4789369784894999,1.6663942374732343,0.8503395184996433,1.167598927583049,0.44370783223951055,0.2802137488693912,-0.8847832679748535,0.5
0.4429023563861847,0.15351851284503937,-0.6694766879081726,0.06069577852526666,-0.4106143258948751,-0.4067779062714518,0.2621491129365154,-0.3172635218083988,-0.9018054008483887,0.17763182520866394,0.21147480607032776,0.3333333432674408
0.507738601965481,-0.5002763271331787,-0.2930581258768263,-0.28664754918448493,-0.40415127717660626,0.39148786664009094,0.09984159242043332,-0.3286053539097648,-0.2159694880247116,-0.943982939945713,-0.1258353590965271,0.5
0.21556980907917023,-0.34865785163087937,0.42586249358779116,2.528049749750281,-0.2902892827987671,1.2659164813493395,1.9281017923197432,1.5442987128630243,-0.7238547968558541,-0.3566324710845947,-1.0725316944045589,0.5
-0.46642789244651794,0.15351851284503937,-0.21499500289392617,-0.08602583498977491,-0.2360319048166275,-1.302467721841218,-0.05494808416405779,-0.7496249153003626,0.6525930869721145,-0.38943811832337777,0.606398581294286,0.1666666716337204
-0.896231381984788,-0.7974557876586914,0.07799530029296875,-0.9044938644765177,-0.561576247215271,0.41144343962044905,-0.19420880268623245,-1.1108232268409504,0.34516897797584534,-1.1131323051323567,0.21147480607032776,0.5
0.160560830301558,-0.024789171293377876,-0.36086168580919564,-0.563085397426749,-0.4801901578903198,-0.17022497951984406,0.3316236415126585,-1.4596050041245459,0.2828202545642853,-0.42205668201465696,2.283956766522665,0.5
-0.46642789244651794,-0.7380198836326599,0.04552655482419971,0.15164851163924561,0.3458435693722489,-0.05266425368470042,0.3010619469224897,-0.039075377185330246,-1.6822799984549213,0.5370813469396681,-0.8847832679748535,0.5
-0.3148728311061859,-0.6785839796066284,0.8934193253517151,-0.6554354429244995,1.0303803970963596,-0.12455548309007765,0.2987765850449635,0.12925725071771962,-0.2159694880247116,-0.7573306560516357,-1.0301867703446983,0.4655762244249069
0.29134732484817505,0.9032793208462435,-1.1216086935315115,-0.7443199157714844,1.075603001931551,-1.1251368522644043,-1.5791096979893944,1.0965246381195655,0.5945638418197632,0.5115470290184021,-1.306420922279358,0.3333333432674408
2.7733821678198827,0.9728164293657454,2.4784789963293186,-0.618688237074302,0.5562964638848747,-1.4059932231903076,-1.781409200056184,1.1883458283755208,-0.2399578009594723,1.2738531640926258,0.9704226851463318,0.5
2.78361035048053,-0.14366096258163452,0.7121531473904533,-0.5884245886911276,0.6637488996641399,-0.45108139514923096,-1.0115037248366832,1.4054267948992918,0.2828202545642853,1.3683481997750961,0.29580235481262207,0.6666666865348816
-0.39065036177635193,-0.2625327408313751,-0.3297167122364044,1.7471702340932427,0.5778290033340454,-0.04346847414178617,0.44550038179780815,0.9536756491940489,-0.15362077951431274,-0.22306638956069946,-0.9691107869148254,0.3333333432674408
-0.9968705177307129,-0.7974557876586914,0.010043300688266754,-0.9340958854195964,-0.561576247215271,0.11063144356012344,-0.019509974867105484,-0.7067101114869007,0.70245135744226,-0.890896737575531,-0.8004556894302368,0.3333333432674408
-0.59115427560061,-1.4437203981794104,0.21389929950237274,-0.862892830408897,-0.39880406856536865,0.5007557371013278,-0.0011916374998672955,-1.238794225130768,-0.5900617837905884,0.686886138043259,0.04281972348690033,0.6666666865348816
0.8395563158745741,1.0841207656990914,1.1652272939682007,-0.6109932065010071,1.7404921215640905,-0.22639626264572144,-0.34513615253120816,0.8048835281337118,-0.15362077951431274,-0.22306638956069946,-0.8847832679748535,0.3333333432674408
-0.01176275685429573,-0.018819419160748477,-0.46620693177193395,-0.7636095709629543,0.20910893215749057,-1.1813081502914429,-1.664640683860855,-0.8553181886672974,0.5945638418197632,0.7818397102347387,1.54284772541823,0.5
0.5186799168586731,1.4374250635547534,-1.4192879220836836,-0.48399478843623855,0.4321949972918107,-1.1813081502914429,-1.4296196330718833,1.1110779313270456,0.9063074588775635,0.24441486597061157,-0.631800651550293,0.5
0.1397922784090042,-0.6191481351852417,-0.05790869891643524,-0.7887621521949768,-0.561576247215271,-0.17022497951984406,-0.4074331514852498,-1.5754950519871183,-1.5591070958059388,-1.0244628190994263,0.6807580877245423,0.5337710467038457
-0.41666178109075636,-1.2503890795839436,0.4177553057670593,-0.8247880171802694,-0.6265704987131848,-0.3949100971221924,-0.09430376072575523,-1.1322577008993298,-0.0892490051099809,-0.6237646341323853,0.7174400687217712,0.5
-0.16331779956817627,-0.800201202396426,1.0293233394622803,-0.7466396912443625,-0.2360319048166275,0.07984559904565648,0.02439389042362409,-0.7772351331170806,-0.028923334553837776,0.024044844011934817,0.9171957125505422,0.6666666865348816
-0.13575992311500265,-0.20309685170650482,0.07799530029296875,0.4562178526055076,-0.45242745438207865,-0.7363452550566363,0.7104451962477965,-0.7641223971954693,-0.5900617837905884,-0.8241137266159058,1.223405361175537,0.6666666865348816
-0.3148728311061859,-0.8374195617790107,-0.39053990224001395,1.221580317459606,-0.06799413845032096,0.9066066868851849,0.9484107487490369,0.8428088582662516,1.063761500180298,-0.890896737575531,-0.631800651550293,0.5
-0.6937604546546936,-1.0351994037628174,0.14594730734825134,-0.4109871392731972,-0.7009097833133136,1.907095403985247,0.44727421994413996,-1.5964308094332007,-1.6091640028951124,0.7081920538071595,1.6450430154800415,0.6666666865348816
-0.6179829239845276,-0.061234322091247545,0.21389929950237274,-0.2523717228404956,0.13099355429901371,-0.36672883090065683,0.04036049329078619,-0.7425152591688298,-0.34066691994667053,0.2539995086465949,0.3655266127701829,0.5
0.4429023563861847,0.6856361060041343,1.1652272939682007,0.9119423392526896,-0.01900232955813408,1.2896959083513637,1.43880082373539,1.166599907906723,-0.34066691994667053,0.1164104331839401,-1.5323104936146321,0.3333333432674408
-0.3148728311061859,-0.6785839796066284,-0.6694766879081726,0.756475476522579,-0.45252661275089556,0.7846868634223938,1.0580549707825426,-0.4392974191762582,-1.3991111290964584,0.2994448360800801,0.3801299035549164,0.3333333432674408
0.11320348448000031,-0.5002763271331787,-0.397668719291687,0.6884116467912313,-0.45279948501785566,-0.7453112311226004,1.2734134675022222,0.17079314591315778,-0.26993586027665784,-0.22306638956069946,0.6331125497817993,0.5
-0.48468931176344054,-0.2625327408313751,-0.3297167122364044,-0.07442444012070898,0.028227589741558277,1.0851810475203552,2.29771012703026,0.3280992301055963,0.2828202545642853,0.6451131105422974,-0.8004556894302368,0.0010534285540713475
-0.39065036177635193,-0.4408404231071472,0.010043300688266754,-0.2911368984490192,-0.4827281719023302,-0.6757665276527405,-0.18627619240426135,-0.8109427701919403,-1.4392968665764152,1.3008667871357704,-0.1258353590965271,0.5
-0.16331779956817627,-0.8964023583217778,0.28185129165649414,-0.6813734822009686,-0.7243484258651733,0.16680273413658142,-0.24005476652477925,-1.3691867234587636,-0.7771079540252686,-0.890896737575531,1.1390777826309204,0.5
-0.6179829239845276,-0.08422506600618362,0.6900328345548162,-0.7887621521949768,-0.34170428537402425,0.16680273413658142,0.5143122890332322,-1.1066010004699598,-0.2159694880247116,0.44333719018745193,0.5487849712371826,0.5
-0.39065036177635193,-0.14366096258163452,2.2144738232417622,1.8226383125829178,-0.2631605863571167,0.48590314231280857,0.5766288677864103,1.033216118812561,-1.5155472486121653,-0.056341132092053284,-1.293856984275157,0.3333333432674408
-0.6937604546546936,-0.5597122311592102,0.14594730734825134,-0.7437003928392977,-0.10038841515779495,0.13568711774129044,0.9383489412677014,-0.7791910170786547,1.3344693282113864,-0.23320302543128127,0.2166270079991992,0.5
-0.3520557576996877,-0.802916811512697,2.2879857907174936,-0.6776565313339233,3.1829946700766865,1.2696910748011532,0.4634090399847698,0.11768492515424085,-0.8561940670859357,-1.0244628190994263,-1.559403657913208,0.5
-0.01176275685429573,-0.3814045190811157,0.14594730734825134,0.9875752061320665,-0.23267923974819496,1.2907976680576805,1.464682527153391,0.6320202710756131,-0.5277130603790283,-0.4317534871315937,-1.0503774415161897,0.3333333432674408
2.119117974799748,-0.14366096258163452,0.5536593198776245,-0.7443199157714844,0.38843126411207995,-1.5893236496091774,-1.8243381360044004,0.7900611355256397,0.0957741066813469,1.9635742374653289,0.8858536768886491,0.6666666865348816
0.7460124492645264,0.5101338624954224,0.07799530029296875,-0.544329822063446,0.5778290033340454,-0.45108139514923096,-0.6116774495576742,0.9646877905517781,1.0318985692654417,0.5783300399780273,0.3801299035549164,0.3333333432674408
0.06401476263999939,1.5297358157108405,-1.8413195647745126,-0.6776565313339233,1.3506515377312627,-1.0689655542373657,-1.5821604766295678,0.6139487183758399,1.3430777274281638,-0.07300591464698693,-0.2101629078388214,0.3333333432674408
-0.4710166357097354,1.0811294609792705,-1.6383391408493306,-0.6998776793479919,0.6311510649853117,0.1002824085680992,-1.1585701210197843,0.5612096190415827,2.222185342239855,1.114195681731873,0.12714727222919464,0.3333333432674408
-0.2390953153371811,1.6725688038704825,-1.9783115489009722,-0.6332142949104309,0.4042286086500433,-1.1069069708898236,-1.4680645696037729,0.8983207941055298,-0.2159694880247116,0.8288548357227912,-1.137765884399414,0.5
0.5186799168586731,0.33182618021965027,-0.3297167122364044,-0.7443199157714844,-0.2902892827987671,-0.2825675308704376,1.041885972469518,-0.24644414848509527,-0.7147592306137085,-1.0244628190994263,-0.46314552426338196,0.3333333432674408
1.5622803404128207,-0.98746048881444,0.8202265688192844,-0.9109214965195332,-0.2360319048166275,-1.3144861679331072,-1.3002592423188895,-0.8553181886672974,-1.5878274937398325,-1.5100584862672848,-0.07516379374501017,0.3333333432674408
0.29134732484817505,6.89694311836133,-2.1644208431243896,-0.3898577808404418,0.9341229875997963,-0.9577729961480431,-1.6710292533508966,0.8983207941055298,1.7394683796665091,-0.5569815635681152,-0.37881800532341003,0.1666666716337204
0.08085927142911048,-1.1362180206719659,0.4925101521797101,0.709303171997951,-0.04259433971983187,1.7442075230478413,1.0808821316934238,1.3097359203025398,2.0575748148808173,-0.6905476450920105,-1.2220934629440308,0.5
-0.46642789244651794,-0.6603576155268248,-1.1171072167897376,0.7498075374866143,-0.18754841063743122,-0.6195952296257019,-0.38141669057663025,0.4322701798864725,-0.9018054008483887,-0.5569815635681152,-0.9691107869148254,0.5
-0.6179829239845276,-0.6785839796066284,-0.397668719291687,0.2544596170522901,-1.0204570021228203,0.8796538943244778,0.14456770883250428,-1.0590094837396353,0.033425383269786835,-1.088296204968897,1.0431745514398916,0.5
-0.278938332691139,-1.1297344581547701,0.07799530029296875,-0.8554255366325378,-0.42593276500701904,0.6723442673683167,0.32768633104208644,-1.0188444244101482,-1.1462527486747658,0.04406575486063957,-0.041507821530103683,0.5
-0.6179829239845276,-0.8568916916847229,-0.19381269812583923,-0.833204448223114,-0.2902892827987671,-0.5634239912033081,0.5745091391658138,-0.4035676985792151,1.0933536291122437,-0.0895003229379654,-0.4228557994674926,0.5
-0.5422053933143616,-0.2625327408313751,-0.2941673293573693,1.6715847170499039,0.008149811030795337,-0.22639626264572144,1.915089866414191,0.8678546197535182,-0.4914630674486823,0.04406575486063957,-0.7616083059292407,0.0
-0.3554462002416484,-0.5597122311592102,0.6216112971305847,-0.6776565313339233,-0.19058666444304348,0.3003121274850885,1.035403482586441,-0.4583435132220533,1.4318327720305857,-0.22306638956069946,0.1932054901017738,0.5
-1.355886678246106,-0.9270321435983997,-0.4656206965446472,0.03405767717014173,-0.2762925127431416,2.5184535846113065,1.0378610485823,-0.45787835007418437,1.0286519850175362,-0.42341551184654236,-0.3279053136657729,0.5
0.06401476263999939,-1.338131832129909,0.845622420787634,-0.8554255366325378,-0.2631605863571167,0.5600017309188843,0.36923339268190075,-0.614395041062548,0.5945638418197632,0.37798094749450684,-0.041507821530103683,0.5
0.6338329030183557,-1.0161331623047494,0.34980329871177673,3.148203658793706,-0.34454667568206787,1.875393411840961,0.8378590184944361,1.8553288645977613,-1.213549017906189,-0.15628336369991302,-1.137765884399414,0.6666666865348816
-0.2390953153371811,-0.6785839796066284,-0.397668719291687,-0.005499429322060641,0.13738216727593272,-0.3387388288974762,-0.06726752831617633,-0.701441276148158,-2.9179997753404208,-1.0912458896636963,-0.37881800532341003,0.5
0.06401476263999939,-0.8927169084504993,0.010043300688266754,-0.7268192568054695,-0.27597669888487053,-0.05616605153431272,0.19421939754352532,-0.9945498073036109,-0.4573598856966414,-1.3583780527114868,-0.041507821530103683,0.5
-0.5287059730801237,-0.08422506600618362,-0.397668719291687,-0.2907746060018444,-0.6158336400985718,-0.0578824058175087,1.1720293234986265,-0.8734947270986453,-0.46536436676979065,-1.0244628190994263,0.5900102543239567,0.5
-0.01176275685429573,-0.333446702892865,1.6873327955941593,-0.6998776793479919,-0.10038841515779495,-0.0578824058175087,0.4375233176432229,0.03415581945828541,-0.028923334553837776,0.6577143122041317,-0.7161281704902649,0.5
-0.16331779956817627,-0.12432371841925932,-0.04312390507306723,-0.5041083316182134,-0.8328632116317749,-0.050452749916908624,-0.450212543742953,-1.6802264035101273,-0.46536436676979065,0.09052066563259689,1.8341994507801325,0.5
0.6083292351397573,2.1075252929156765,-0.8053807020187378,-0.5665509104728699,0.9098575900886118,0.5600017309188843,-0.6358712852306655,0.9683893019862723,0.34516897797584534,0.6451131105422974,-0.8847832679748535,0.3333333432674408
-0.8453154563903809,-0.20309685170650482,-0.19496343165385704,-0.7887621521949768,-1.1925659452748572,-0.22639626264572144,-0.4288579213124202,-1.318260329335188,0.46986642479896545,-0.3566324710845947,0.7174400687217712,0.5
-1.1848038723149052,-0.8568916916847229,-0.2617647051811218,-0.7220988273620605,-0.2360319048166275,0.053800747690998664,-0.21438701175936634,-0.24840500620299233,1.4832148619870003,-0.15628336369991302,-0.631800651550293,0.5
-1.6224968585748436,-0.08422506600618362,-0.19381269812583923,-0.8594813550879641,-0.5073188543319702,0.26401958045517,-0.8509025207714578,-1.906747564677374,2.0215715373129233,-0.0895003229379654,2.4376992063184777,0.5
6.353549003601074,7.335969196988126,9.11561107635498,-0.9887523055076599,-1.2940510511398315,14.546651840209961,5.739711284637451,5.3161420822143555,4.896625518798828,9.794388771057129,3.078611373901367,0.0
0.06401476263999939,1.1984904853406992,0.010043300688266754,0.4411232748515998,-0.37167537212371826,-0.4999137537541718,0.5204950668359312,-1.1266565886056066,-0.8634771549072318,-1.591902916007312,1.813698172569275,0.6666666865348816
-0.6179829239845276,-0.5925383024121011,-0.397668719291687,-0.4770274699162643,-0.8312810044932016,1.796083842315848,0.3832397087427166,-1.4843564328611096,0.10470783775769411,-0.49019855260849,1.4493163246947791,0.5
2.103179842528826,0.3934583194808147,1.1652272939682007,-0.5342998681718468,0.5266033989871202,-1.2936506271362305,-1.5361428156510015,0.7388033763827481,-0.2783181965351105,3.1552749313132082,1.4376436401736896,0.8333333134651184
-0.5422053933143616,-0.7030870740453127,-0.14873712559173513,0.27679743420539965,-0.5702872144754199,-0.02611000355683243,0.1864025485367367,-0.15824254792373232,1.4486900554132758,-1.0244628190994263,-0.46314552426338196,0.5
-0.3148728311061859,0.5101338624954224,-0.5335727334022522,-0.7220988273620605,3.375389532990256,-0.5634239912033081,-0.38726896226604024,0.7227238934258033,0.3237100715967128,4.6074774245080645,-0.631800651550293,0.3333333432674408
1.5080087190686238,3.8162835557184707,0.010043300688266754,-0.6353148463413207,-0.12751711905002594,-1.0127942562103271,-1.4593933312908163,0.7136519538282737,0.15812282264232635,-0.0895003229379654,-0.631800651550293,0.3333333432674408
-1.072648048400879,-0.8568916916847229,0.6216112971305847,-0.7220988273620605,-0.09431137588602126,0.5614038750137416,0.09679555991016976,-1.204157468829633,0.033425383269786835,5.018484124165943,0.7185515321202169,0.6666666865348816
-0.6179829239845276,-0.8568916916847229,0.00318073775618484,1.7007004745837906,-0.12751711905002594,0.7846868634223938,0.5704563733782347,0.9436323135923224,0.7810363593543452,0.47203278810731275,-0.37881800532341003,0.5468668363973662
-0.6388649281307873,-0.3219686448574066,-0.12586070597171783,-0.8554255366325378,-0.46223342231376485,-0.17022497951984406,-0.3008062576466034,-1.5846292586354571,-0.4030156433582306,-0.22306638956069946,1.1159333222710994,0.5
-0.6179829239845276,-0.024789171293377876,6.737550405546685,1.5562147601314833,-0.10038841515779495,0.6723442673683167,1.6027054263587974,1.0223790038723404,-1.2424017485639824,-0.4225111050569822,-1.4750760793685913,0.5
-0.6179829239845276,1.352494543488803,-0.8127135745840522,-0.7443199157714844,0.5573746794501274,-0.6757665276527405,-0.9345278009356116,-0.264008709509405,1.745321408219854,-0.28231189656768446,0.3801299035549164,0.5
-0.15768975595708892,-0.5597122311592102,-0.6015247106552124,-0.8776466846466064,-0.39880406856536865,-1.250072109364981,0.427441469938202,-0.5907025482821485,0.9686561822891235,-0.49019855260849,0.21147480607032776,0.5
2.100222270998391,1.772072098816679,-0.941284716129303,-0.39907715708206376,0.6998575380092876,0.2791453003883362,-0.27384522677603557,1.5731329657795277,0.46986642479896545,-0.04000109194640253,-0.9691107869148254,0.3333333432674408
0.4429023563861847,1.5036393050135584,-0.673577773696162,-0.6332142949104309,2.766718048870385,-1.0127942562103271,-1.584473109792006,1.0892951580080776,0.34516897797584534,0.4908211239238299,-0.631800651550293,0.3333333432674408
-0.6179829239845276,-0.7974557876586914,-0.4656206965446472,0.14561869759475174,-0.5887049436569214,-0.2065213695100366,0.15184481432524602,-1.2111257359939063,-1.17313828581605,-0.42341551184654236,0.6331125497817993,0.5
-1.1992892185364457,0.33182618021965027,-0.6015247106552124,1.0943113604145955,-0.5344475507736206,-0.24727730565377318,0.3170396022934153,-0.36510516809100096,-0.11307839383211446,-0.5569815635681152,0.19658786126037833,0.5
0.21556980907917023,-0.4408404231071472,0.8254672884941101,-0.8776466846466064,-0.39880406856536865,-0.258825378467151,0.20852145380343282,0.18299502535135262,0.8256989095685305,-0.49019855260849,-0.9691107869148254,0.3333333432674408
-0.5422053933143616,0.13418286616620095,2.2554285723290777,-0.8056333464721745,-0.10652142671187237,-0.38481934527855566,1.0870405994658994,0.08967890699904794,0.033425383269786835,0.1108487918972969,-0.8847832679748535,0.5
-0.546270492845188,1.8258295972586474,-1.8009429053053103,-0.5418913580797718,-0.21080858237597697,-0.3949100971221924,-0.46219751903960155,-1.319788671438642,0.033425383269786835,1.6428551313716933,2.7691450677635596,0.8333333134651184
-0.9210929870605469,-0.3814045190811157,0.7022233231131275,-0.38146264955080184,-0.2360319048166275,0.7481701471516761,1.1187257455264144,-0.8195149681037125,0.2828202545642853,1.4749509117928818,0.21270232056651703,0.5
-0.8453154563903809,1.1415302989492333,-0.9124379581115589,-0.02926209132696289,-0.01191731225507231,0.05446016043424606,-0.33056708850776,-1.386006686502936,0.8439587354660034,1.3572241644461673,2.590172747809727,0.6666666865348816
-0.7695379853248596,0.8609691176807578,-2.1644208431243896,-0.6359929820598861,0.7001537131252613,-0.5072526931762695,-1.710042856380206,-0.5203322557378123,1.5336573671605473,0.24441486597061157,1.356246735024137,0.5
-1.971153026429398,-0.4408404231071472,-0.4656206965446472,-0.8109833002090454,-0.7786058187484741,-0.3949100971221924,-0.05727605540483029,-0.8349362954782609,0.9686561822891235,-0.05784838218937854,-0.7161281704902649,0.3333333432674408
0.1397922784090042,-0.11963583971454456,-0.6136545354090772,-0.7794683798187957,-0.3174179792404175,0.9532006978988647,0.7733989739393446,-0.44551692115771163,0.5945638418197632,-0.972300753131544,-0.2944904565811157,0.3333333432674408
-0.46642789244651794,-0.5597122311592102,0.07799530029296875,-0.6998776793479919,-0.7568883768794629,0.11063144356012344,0.24777884941633438,-1.4442618454734635,0.15812282264232635,0.37798094749450684,1.5931876166155192,0.8333333134651184
-0.6937604546546936,-0.5002763271331787,0.28185129165649414,-0.6776565313339233,-0.4793595053773555,0.842563302891265,0.36769508952158303,-1.1603833543098387,-0.6014062780298738,0.7118961215019226,1.328690679702669,0.5
-0.9968705177307129,-1.3338860228362155,-0.2617647051811218,-0.7887621521949768,-0.6203042741400648,-0.17022497951984406,-0.21730278357706057,-0.9644957310247845,2.634274579825247,-0.6905476450920105,0.35515593561826675,0.6666666865348816
2.0479383317340427,2.3295948590486897,-0.3297167122364044,-0.6097212726041361,3.1885815700327758,-0.8442803621292114,-1.0598255947595574,1.422170611677141,-0.34066691994667053,0.3111979067325592,-0.8847832679748535,0.3333333432674408
-0.46642789244651794,1.8327520187118957,-1.6788164851865912,-0.6776565313339233,0.6615944129826409,-1.349821925163269,-1.7043533936906103,0.9364642662891779,1.4314322782031514,1.3821878335994973,-1.137765884399414,0.5
-0.9210929870605469,-0.8786828006261723,-0.2617647051811218,-0.7198669232519982,-0.3832556099806133,0.05446016043424606,0.13425848095960655,-1.0595353908759795,-0.2159694880247116,-0.8241137266159058,-0.1258353590965271,0.5
-0.9210929870605469,-0.6191481351852417,-0.2617647051811218,-0.7887621521949768,-0.12751711905002594,0.08023646314032251,0.49695268798084424,-1.5515111397702332,-0.7771079540252686,-0.2898494303226471,1.0547502040863037,0.5
-0.33700444618961817,-0.7974557876586914,1.1652272939682007,-0.6776565313339233,-0.5887049436569214,-0.9566229581832886,-0.3679446307305814,-0.8295496832028204,0.33213809152210816,-0.2898494303226471,0.33942907671363964,0.5
0.06401476263999939,-0.5597122311592102,-0.2617647051811218,-0.4538237960056344,0.008775408821674578,-0.7881091237068176,0.18867658267506185,-0.5890733756423951,-0.6502070072352703,-0.5569815635681152,0.12714727222919464,0.3333333432674408
0.8217899799346924,-0.8568916916847229,0.14594730734825134,-0.6156567903666821,-0.6158336400985718,1.1217145919799805,1.100900440945347,-0.781793519667244,-0.4030156433582306,-0.6123527011612,1.1390777826309204,0.5
0.21264817552723997,-1.1385755913265831,-0.12506515482835037,-0.8776466846466064,-0.2360319048166275,-0.12618698772560394,-0.5287905753033612,-0.8662414647568296,-1.492011285005364,0.15373006556224747,-0.5474730730056763,0.6666666865348816
0.29134732484817505,-0.024789171293377876,1.3499221138212931,0.58457403458393,0.20014121148078773,1.7888507686807502,1.238311136639152,0.6626634276517017,-0.6031296252048471,-0.890896737575531,-1.0534383058547974,0.3333333432674408
-0.3148728311061859,-0.3219686448574066,0.47214753469027726,0.28758121175081364,-0.3001221388946418,0.6161730289459229,1.2908557456573486,0.16857919849585762,0.6569125652313232,0.1108487918972969,0.3801299035549164,0.5
-0.3148728311061859,-0.7554931968748693,0.6216112971305847,1.7220284057137007,-0.04371261260543087,1.7281756430147295,1.965858259449684,1.2764799408532739,0.8439587354660034,0.9790282845497131,-0.8847832679748535,0.5
0.06401476263999939,-1.0259992111039231,0.07799530029296875,-0.5424781319151024,-0.2089032083749771,-0.6195952296257019,0.289603721029308,-0.29157812976304076,-0.46536436676979065,0.9472314961247248,-0.2944904565811157,0.5
-0.9210929870605469,1.6826392857067876,0.6569129066640581,0.005892032188041529,-0.7727823610844328,0.35912935281707353,0.8359816629822435,-1.2672356592813812,-0.3107943316622775,-0.6905476450920105,1.1011588510724428,0.5
-0.01176275685429573,-1.2747770419259423,2.567215054547495,-0.7443199157714844,-0.15464581549167633,0.8272275620615822,0.8307118613025584,-0.39573409078825794,-0.4030156433582306,-0.3411499891054249,-0.20981544451601758,0.6666666865348816
-0.8453154563903809,0.23567897664775855,-1.5820830404148114,0.48571757030556495,-0.34454667568206787,0.8856614322272378,1.2794761739830949,0.3264552694335475,-0.9018054008483887,-0.6237646341323853,-1.137765884399414,0.3447244178432669
-0.08754027634859085,-0.6789109869290042,0.07799530029296875,1.401933430474141,-0.6540567135931626,-0.2825675308704376,0.13105467364405166,0.3542118638572981,-0.2783181965351105,-0.6905476450920105,0.21147480607032776,0.6666666865348816
-0.3148728311061859,-0.5852575931837488,0.5536593198776245,1.1598644543522905,-0.2360319048166275,1.8785569496241346,1.2721725131607924,0.807384532927857,-1.0989043127352751,-0.6213692727315552,-1.486413811870556,0.3333333432674408
-1.224203109741211,-1.0351994037628174,-0.3297167122364044,-0.6998776793479919,-0.7243484258651733,0.34652240516157146,-0.07908164869242792,-0.925504275488241,0.5945638418197632,-0.42341551184654236,-0.1582214653540312,0.5
-0.3148728311061859,-0.9757634997367859,0.14594730734825134,-0.6554354429244995,-0.42593276500701904,-0.45108139514923096,-0.24682382726726418,-0.9696142005748936,0.34516897797584534,0.937643752367135,0.21147480607032776,0.5
0.21556980907917023,0.21295440196990967,0.8934193253517151,-0.7667241426248105,-0.39880406856536865,-0.731937825679779,0.025310728490142084,-1.2042769650163823,-0.8928280649438003,-0.2821497087440647,1.881622142264055,0.6666666865348816
0.4429023563861847,-0.17267051643975775,0.07799530029296875,-0.6554354429244995,0.6575874647249501,-0.18325118726467438,0.6134680709844207,-0.3682441701975777,-0.6458140427074585,-0.2898494303226471,-0.07528789186563803,0.5
2.335196432649677,-0.04671604450494417,0.6986800024328661,-0.576016086459257,0.5060664717394919,-0.17022497951984406,-0.6840407501846385,1.3041360350568552,-0.2159694880247116,1.7638226096571206,-0.46314552426338196,0.3333333432674408
-0.2390953153371811,-0.5002763271331787,0.5536593198776245,-0.5887720584869385,-0.5887049436569214,-0.0578824058175087,-0.4118669776634666,-1.6601506764266019,-0.9233048783138159,-1.1684151361857045,1.6450430154800415,0.5
3.335935327041648,0.6622457963566668,1.417431286349452,0.22578747099859336,1.1195823358905905,-0.3387388288974762,-0.5288308866478314,3.075561203856332,-0.12255102206340188,1.7900691623350515,-1.0534383058547974,0.07621576749439929
0.5186799168586731,-0.5789028710594274,0.3322314678887373,-0.833204448223114,-0.7803841066272,-0.5072526931762695,-0.4493648619780118,-0.8694846178587324,-0.2783181965351105,-0.6237646341323853,0.5403642865437336,0.5
-0.46642789244651794,-0.5002763271331787,0.010043300688266754,-0.7443199157714844,-0.5806738681214445,1.755054440765033,1.6828975547761982,-1.6804016590109152,0.11364268406651117,-0.41927154319019383,1.813698172569275,0.5
0.7460124492645264,-1.094635248184204,2.4685390193511854,-0.6776565313339233,6.078132141451852,-1.0618738883971748,-1.6113254056898672,0.29212674579146375,0.9063074588775635,0.9650300103354328,0.7372104423783223,0.3333333432674408
-0.01176275685429573,1.7224921338771018,-2.1644208431243896,-0.6776565313339233,0.5107625768557469,-1.349821925163269,-1.5983006259250385,0.6222364043884961,0.5945638418197632,-0.22306638956069946,-0.8004556894302368,0.3333333432674408
-0.08754027634859085,-0.2625327408313751,-0.397668719291687,0.8401395808690647,-0.2902892827987671,0.5600017309188843,1.1032832471268674,0.6269765447417583,0.0957741066813469,0.24441486597061157,-1.306420922279358,0.3333333432674408
0.7612581760422158,-0.6713826611432687,0.9118635928665628,-0.8776466846466064,-0.2631605863571167,1.0797549985884183,0.7041225673806083,-0.6962310445687442,-1.0888515710830688,0.4447639584541321,-0.1258353590965271,0.8206231955910539
-0.6566068110212724,-0.9505136725794799,0.010043300688266754,-0.05221451203755553,-0.05541175458938653,0.6723442673683167,0.8270443575721242,0.33743130689799505,1.9483510867548917,-0.0895003229379654,0.3801299035549164,0.5
-0.2390953153371811,-0.7974557876586914,-0.12586070597171783,-0.5758707010987303,-0.4841605179804153,0.3653520897858773,0.09766664392000636,-1.311775985450551,-1.023247590385632,-1.0244628190994263,1.0397634799689086,0.6666666865348816
-0.6179829239845276,-0.5002763271331787,-0.05790869891643524,0.43828028176180256,-0.38210332277277487,1.8767414711952655,4.681526573608711,-0.10465841780423377,0.46986642479896545,0.04406575486063957,-0.1258353590965271,0.3333333432674408
0.06401476263999939,0.8665469917531506,0.010043300688266754,-0.41974118240832303,-0.7154166132763436,-0.6195952296257019,-0.7886833112225009,-1.3865900149722483,-0.46536436676979065,-0.957679808139801,1.958437719675007,0.6666666865348816
0.31336718861206403,0.4966756297862214,0.07799530029296875,-0.0626457401143539,0.8477377216992018,-0.0578824058175087,1.3425089527104956,1.0352092907864145,0.34516897797584534,0.9122452139854431,-1.1578456974175155,0.3333333432674408
0.47128049974971775,0.1354862975165701,0.6895633339881897,0.4309647536594118,-0.561576247215271,-0.0578824058175087,-0.027912822308175857,-0.3490128295005458,-0.34066691994667053,0.8942009224108066,1.392060399055481,0.6666666865348816
-0.1347498159492676,0.984626576703602,-0.46550645454952244,-0.6554354429244995,0.5433063449276639,0.16848222584733663,-0.01710679447298822,0.7676369414963105,0.9879370267847037,1.6136205097609169,-1.0534383058547974,0.1666666716337204
0.06401476263999939,-1.0943429305588293,-0.19381269812583923,1.4289511085543565,-0.07325971871614456,0.9532006978988647,0.7745321175647198,1.2572933717099157,1.5660082507355466,0.37798094749450684,-0.8847832679748535,0.5
-0.5422053933143616,-0.6191481351852417,0.6895633339881897,0.3280817280224809,-0.12751711905002594,1.7822834813771822,1.1533491758339662,-7.253540055562196e-05,-0.2159694880247116,-0.42341551184654236,-0.37881800532341003,0.5
-0.2390953153371811,-0.0046853676321905735,0.14594730734825134,1.1011480298135459,-0.38590270651049663,-0.731937825679779,0.26551457158491754,0.188942680764287,0.8794437486288424,-0.3732692283787725,0.3118065246489302,0.3333333432674408
0.6702349185943604,0.524329527022079,-0.2617647051811218,-0.7220988273620605,0.5778290033340454,-0.8797896380189575,-1.544423955858709,0.8433768463208748,-0.34066691994667053,-0.22306638956069946,-0.9691107869148254,0.5
1.2633334332906536,0.30326460766053137,1.1900718218015538,-0.7063177119230831,0.836866812284141,-0.5247490608034259,-1.3262002739515486,0.13998897905309662,-1.0888515710830688,2.6076159609983662,0.6331125497817993,0.5
-0.7695379853248596,0.21295440196990967,-0.2617647051811218,0.6509663964265183,-0.39880406856536865,0.2800783800622039,0.47320759921007194,-0.35319067412223987,0.2204715460538864,-0.15628336369991302,1.1993471064302055,0.6666666865348816
-1.5034641324210287,-1.035781635341259,0.14594730734825134,-0.7443199157714844,-0.7934358088427078,0.8951153464612106,-0.043946795038202174,-1.7048174238079261,0.46986642479896545,-0.49019855260849,1.5266340136044931,0.6666666865348816
-0.8453154563903809,-0.20309685170650482,0.14594730734825134,-0.43356258225709354,-0.34454667568206787,0.01367471063917824,0.2839447827592763,-1.4716203029460722,-0.2159694880247116,-0.6905476450920105,1.0156475960880853,0.5
-0.2390953153371811,0.36307261545960634,-0.397668719291687,0.2038771417812945,-0.5344475507736206,-0.5072526931762695,-0.5071634518504966,-1.1770907872648586,-1.655731557093448,0.04406575486063957,1.4462247412800113,0.5
0.26908769482567313,0.725594005704966,-1.4846052466888435,-0.5887720584869385,1.1871868285724698,-1.173914191929528,-1.5799064632270339,0.3315846083855817,0.6569125652313232,0.7362928801462848,0.3801299035549164,0.5
0.5186799168586731,-0.8568916916847229,1.1652272939682007,-0.007265072375726821,-0.5659528405170152,-0.8442803621292114,-0.3577216424014804,0.2968935608083071,0.15812282264232635,-1.1580289602279663,-0.35299191267373925,0.16588878852394803
-0.8453154563903809,-0.7306857222168153,0.5536593198776245,-0.45934523210323364,-0.2957472114625671,0.4476591646671295,0.24784890889642294,-0.9246109322447967,-0.06236267907169559,-0.0895003229379654,0.3801299035549164,0.5
0.5186799168586731,-0.3814045190811157,0.8934193253517151,-0.6332142949104309,-0.5558063789920145,-0.9087587565802563,1.1199110590745334,-0.868002076842443,-0.8220901646413203,-0.3566324710845947,0.8254342952805419,0.3333333432674408
0.7850438356614289,-0.7974557876586914,0.21389929950237274,0.6186964453390532,-0.5887049436569214,0.4476591646671295,-0.19725301151520458,-0.32857629606206884,-1.1650782121943788,0.24441486597061157,0.8168430171626287,0.5
1.4312091988364042,1.7140043552569493,-0.12586070597171783,-0.5595684941404278,0.3887815440144476,-0.6984903512839176,-0.7528777790110188,1.3190872522199195,0.083203933805191,0.507208250504263,-0.7161281704902649,0.5
-0.39065036177635193,-0.5002763271331787,-0.03432583221700432,-0.5665509104728699,-0.7963727677219197,-0.22639626264572144,-0.030630802162166057,-1.364394425128977,-0.028923334553837776,-0.42341551184654236,1.7012878989349303,0.6666666865348816
-0.9210929870605469,-0.3219686448574066,-0.19381269812583923,1.5437216409436776,-0.37167537212371826,-0.90045166015625,0.2704144993816654,0.6282594745997742,-0.3408968078527739,-0.3566324710845947,-0.9691107869148254,0.5
-0.39065036177635193,-0.6191481351852417,0.28185129165649414,0.8145756022381169,-0.9206921688204575,-0.3387388288974762,0.21220020722832902,-0.5234256580443526,-1.2926689435913903,-0.22306638956069946,1.223405361175537,0.3333333432674408
0.585929617971687,-0.8142109238175678,0.34980329871177673,2.252852166710743,-0.23451424187221062,1.2887838878907636,0.8983396848915777,1.7507234198868615,-0.34066691994667053,1.6945703448465677,-1.137765884399414,0.6666666865348816
0.5186799168586731,-0.5597122311592102,1.0293233394622803,1.7638678445377602,-0.18177451193332672,-0.0578824058175087,0.6022488457549104,0.7707722261489394,-0.10078395399090533,-0.7573306560516357,0.21147480607032776,0.3333333432674408
0.6077371391156564,-0.14366096258163452,0.010043300688266754,-0.766541063785553,0.2623497582411592,0.8499889336168076,-0.44222265028599883,0.2811715642072005,0.14953227964846927,2.10481054242162,-0.2101629078388214,0.5
0.2227294711853473,2.397510563960545,-1.2031219351526428,-0.6554354429244995,0.8714266440779773,-0.8218780558518481,-0.9009909406511064,1.3831771466876643,0.9861615881747489,0.4447639584541321,-1.0534383058547974,0.6666666865348816
0.49066489555941756,1.9243093458332023,-0.8039282970577883,-0.475516645185309,0.45444655577651766,-0.7171185858081057,-1.4540770818496995,0.7292330746769955,1.1557023525238037,1.6905361990327066,0.23809971381283435,0.6666666865348816
-0.16331779956817627,-0.024789171293377876,-0.03881251748355382,1.1482904862596492,-0.10038841515779495,-0.22639626264572144,1.1843148233789955,0.8654646080456037,0.3897705098379103,0.37798094749450684,-0.8847832679748535,0.5
0.7460124492645264,-0.4408404231071472,0.28185129165649414,-0.7443199157714844,-0.5248147113771094,-1.0127942562103271,0.7435890714992301,0.2569310937493727,-0.2159694880247116,0.4256699093063334,-0.2944904565811157,0.3333333432674408
0.21556980907917023,-0.6191481351852417,0.07799530029296875,-0.8109833002090454,-0.7108167565944742,0.6714775386217515,0.2549233828558372,-1.225349273998463,-0.6524105072021484,0.7118961215019226,1.2142005910248375,0.5
1.762968905977989,-0.4408404231071472,1.4207429392385236,-0.6554354429244995,1.1442975978925305,0.8782157646578892,-0.5853754228227475,1.405292543813182,1.3427485227584839,2.1647397352490074,0.04281972348690033,0.5
-0.5366011979902295,-0.5002763271331787,-0.5335727334022522,0.2343683207547913,-0.7786058187484741,0.8438771737727765,1.0337900665329376,-0.8682480603175257,-1.151200294494629,-0.9146674532748923,0.4644574522972107,0.5
3.433153309589352,-0.024789171293377876,2.537827797628464,-0.545701146898051,1.7783589599613034,-1.5042645712294007,-1.8194336885412716,1.3426064677689376,-0.9641541242599487,2.065472830842417,-0.8847832679748535,0.5
0.1397922784090042,-0.8568916916847229,0.14594730734825134,0.9739893210077204,-0.4801901578903198,0.015901498900090807,-0.20977659402484125,-0.3162166234319404,-0.46536436676979065,-1.738473289058979,1.0547502040863037,0.8333333134651184
0.06358268295027471,-1.5237565680824285,-0.19381269812583923,2.2911822020447317,-0.10038841515779495,1.209706892870586,0.23895286058208662,1.3784341083520921,1.156770344995624,-1.3583780527114868,-1.0534383058547974,0.5
0.21556980907917023,-0.9163275957107544,0.010043300688266754,-0.8554255366325378,-0.6700910329818726,-1.1991391895869299,-1.2680272594681443,-0.7973781379696627,-1.0792216749324572,-0.957679808139801,-0.1258353590965271,0.3333333432674408
-0.6179829239845276,-0.6785839796066284,-0.05790869891643524,0.6400696634655644,-0.2631605863571167,0.47499063154863796,0.29853806154376633,0.029667688294413474,-1.5344824930433028,0.24441486597061157,-0.631800651550293,0.6666666865348816
-0.16331779956817627,-0.2625327408313751,0.14594730734825134,0.047881161287736645,-0.2631605863571167,-0.0578824058175087,0.40151652417148337,-0.7401741685752088,0.32188632037063986,0.04406575486063957,1.78624247109522,0.6666666865348816
0.29134732484817505,-0.20309685170650482,-0.12586070597171783,0.04285879341246357,-0.6957067515529013,-0.5634239912033081,-0.0021667346650412686,-0.9398146141138233,0.09771359067520902,-0.5569815635681152,1.1316968509914216,0.6666666865348816
-0.6935329153922074,1.0640329682339877,0.5373767224396079,2.005082104557849,0.6143499191966805,1.1217145919799805,1.4483304105143626,1.314466832510372,-0.34066691994667053,0.6451131105422974,-1.454047245758364,0.3333333432674408
-0.7262798589482652,0.5994938733054049,0.6933525620731216,0.5672272676642235,-0.5805363883884782,-0.8442803621292114,0.22721160374055113,-1.5046784066222385,-0.34066691994667053,-1.0244628190994263,2.065853849037717,0.5
0.2649999844027012,0.09408261626958847,-0.19381269812583923,0.03958916085251915,-0.531822652319103,0.6723442673683167,1.007149793464845,-0.4595913651112312,-0.34066691994667053,-1.592809505331616,0.21147480607032776,0.3333333432674408
-0.01176275685429573,1.425509010700277,-0.9730738520517017,-0.7220988273620605,-0.45252919925367757,-1.1363453846316744,-0.7223233741578782,-0.8131828006518641,-0.7771079540252686,-1.467662432926554,0.25343978253876526,0.1666666716337204
0.2643421661458151,2.4433125629209425,-0.2617647051811218,-0.5830213286453927,1.4369439191143811,-0.6934500635656564,0.026069959351664167,1.0450305864448235,0.5945638418197632,0.2827251681686692,-1.306420922279358,0.3333333432674408
-0.08754027634859085,-1.0351994037628174,0.4177553057670593,-0.8554255366325378,-0.6894644414562938,-1.0127942562103271,-0.7499225303526582,-0.8553181886672974,-0.46536436676979065,0.17763182520866394,-0.03498158176778988,0.5
-0.5422053933143616,-0.5002763271331787,-0.3297167122364044,0.8752482296375778,-0.3558767811465842,1.490642916168103,0.8756738522575468,0.18700119889134822,-1.151200294494629,-0.6905476450920105,-0.631800651550293,0.6666666865348816
-0.5422053933143616,-0.9757634997367859,-0.6015247106552124,0.8297079408713292,-0.2902892827987671,0.7846868634223938,0.1999341777174238,0.5857902323905199,0.5999387447704073,-0.22306638956069946,-0.8847832679748535,0.5
1.6042940187899377,-0.8568916916847229,0.14594730734825134,-0.6998776793479919,-0.37167537212371826,-0.7095550318763887,0.16640039883997917,-0.34925165958125054,-1.717497330248225,-0.42341551184654236,-0.3492445832208696,0.3333333432674408
-0.5422053933143616,-1.0351994037628174,0.9668078640787672,-0.8109833002090454,1.2343751823977587,-1.349821925163269,-0.7417319467678365,-0.6177647107567502,-1.4348781532534838,0.07488569331121117,-0.3384401575686806,0.3333333432674408
-0.16331779956817627,-1.0351994037628174,-0.5941895553750004,0.8266292344848878,-0.2902892827987671,0.5600017309188843,1.20568739415455,0.6079893281188545,0.9063074588775635,-0.19463476197081692,-0.46314552426338196,0.5
0.8217899799346924,-0.7883347788962082,0.6895633339881897,-0.8776466846466064,-0.39880406856536865,-0.0578824058175087,0.17523152727236233,-1.262724860100257,-1.0620900678746816,0.37798094749450684,1.375664334429855,0.6666666865348816
-0.6179829239845276,0.000549453804861974,-0.19381269812583923,-0.3902372171868655,-0.5515149333415948,0.6161730289459229,0.30348387066703103,-1.535822546240702,-1.0888515710830688,-0.41356010420706646,2.0999870020562343,0.6666666865348816
-0.6937604546546936,-1.296123852639044,0.31453959791073177,-0.12575882718784615,0.42574003918033143,1.120976481628898,0.04489074659119229,-0.4514991026781335,-1.5096149673090222,0.04406575486063957,-0.2101629078388214,0.5
-0.6179829239845276,-0.4408404231071472,1.7217401021972132,0.7313741385067969,-0.2360319048166275,0.5448354508418849,0.7376925523834831,0.4043861587878103,-0.6313101509428762,-0.42341551184654236,-1.3323603093543963,0.3333333432674408
-0.3148728311061859,-0.31614102565814634,-0.4656206965446472,-0.8237402453436663,-0.2631605863571167,1.2893195405603235,0.1082346129074569,-0.4418435160462612,0.34516897797584534,-0.02271728403866291,-0.46314552426338196,0.3333333432674408
0.34236259025209737,-0.7622943182501315,-0.12586070597171783,-0.6783495807617024,-0.2360319048166275,1.342210792474001,0.5649267746682897,-0.8553181886672974,-0.8986996510336668,0.3111979067325592,0.21147480607032776,0.5
1.9110064250228185,-0.2625327408313751,1.132502942485843,-0.03201694081142952,3.2019010517335658,0.5600017309188843,-0.25848386301005694,1.3994072335470433,-0.9018054008483887,-0.22306638956069946,-0.8847832679748535,0.3333333432674408
-0.5497322146202653,-0.5994451456947772,-0.4656206965446472,-0.879726720375738,-0.7786058187484741,-0.4688543337261102,-0.4645718770471171,-1.6847132550420123,0.6792526252870944,-1.0687402755566144,1.5607155561447144,0.5
1.1330207437951314,0.5773822414096835,1.1652272939682007,-0.6776565313339233,-0.04827863761030481,0.1944332281284657,-0.5016625238807887,0.5633809517178834,0.15812282264232635,1.965955733346015,0.8017675876617432,0.5
0.21556980907917023,-0.2625327408313751,-1.0331752927568887,-0.6109932065010071,-0.04613102599978447,-0.6195952296257019,-1.2703134855664275,0.07772562958470942,0.5322151184082031,-0.5569815635681152,-0.041507821530103683,0.5
0.5186799168586731,-0.5002763271331787,0.7862496812905757,2.8805120949558374,-0.561576247215271,1.191352439678721,1.2763278672360892,1.9200595915495184,-1.1304139151060035,-0.33890135892991446,-1.306420922279358,0.5
-0.3148728311061859,-0.2625327408313751,0.010043300688266754,0.7278512746583521,0.2414661507145205,0.6723442673683167,0.8433432878467301,0.24025084161665644,-0.4030156433582306,-0.49019855260849,-0.8847832679748535,0.3333333432674408
-0.08754027634859085,0.5947187734036041,-0.397668719291687,-0.2989528696229671,-0.7272220691890217,-0.926682976264975,-0.344233776838772,-0.8715915423029675,-0.028923334553837776,1.5879077538015385,1.1891866844085917,0.6666666865348816
0.062364111172244746,0.7178991244259046,0.010043300688266754,0.2755026082256894,-0.561576247215271,-0.4147659939715431,-0.06665227559230122,-0.8348925858529128,-0.5277130603790283,-1.2915949821472168,1.1390777826309204,0.5
-0.6937604546546936,0.8216539095605331,-0.12586070597171783,0.03281631563599558,-0.7628899122775888,-1.3243451384503793,-0.04313873634866738,-1.0590442202436863,0.6496187701101033,1.7367265664728346,2.377751367161803,0.6666666865348816
0.1397922784090042,-0.7380198836326599,-0.5335727334022522,1.1697120771797578,-0.39715260966884036,1.422158965820302,1.0099469242603487,0.8983207941055298,-0.8394566774368286,-0.890896737575531,-1.2910311520391824,0.5
-1.002760292484497,-0.3814045190811157,0.34980329871177673,0.4180858883655666,-0.561576247215271,2.0893975540122964,1.3255150524267827,0.13283136795163933,-0.9389136233460591,-0.0895003229379654,-0.9691107869148254,0.3333333432674408
-2.4427682428191484,0.7355734293548284,-1.0991975718785507,-0.7352482867180555,-0.962369873131725,0.5330619670513906,0.27285280537479156,-2.4051355414639826,1.3427485227584839,-0.42341551184654236,2.983819178686613,0.8333333134651184
-0.46642789244651794,-1.1457156737851442,-0.12586070597171783,1.5818939981070235,-0.01900232955813408,1.8441600555414779,0.6653014818280424,0.6692601142625583,0.32921948149967906,-0.6905476450920105,-0.33673943561576525,0.5
-0.8453154563903809,-0.9509889827948995,-0.2617647051811218,-0.030012909039915988,0.46386574634853395,-0.5750319976135222,0.09524564511046887,-0.155380486998881,0.8472898596186408,0.37798094749450684,-0.1258353590965271,0.5
-0.2390953153371811,1.372735417161923,-1.6504995324260945,-0.6554354429244995,0.8006871449152096,-1.134695256547522,-1.4705335435138094,0.9561022700628773,1.5978615704901264,-0.22306638956069946,-0.8847832679748535,0.3333333432674408
-0.0738795085625886,-0.024789171293377876,1.1044401659419474,-0.4728704696870963,-0.10038841515779495,0.2229740172624588,2.163846289025313,0.3271624599085526,-0.5900617837905884,0.24441486597061157,-0.7427137412177524,0.3333333432674408
0.4224518278639144,0.14323188205140672,-0.3372703205949833,-0.6776565313339233,-0.5073188543319702,0.33531656861305237,-0.43743360595391634,-1.9085726748369782,-1.5625583159224035,-0.7573306560516357,2.364982486207804,0.5
0.06401476263999939,0.9091143585752532,0.010043300688266754,0.4352369739971027,-0.45306146144866943,1.2892940118812881,0.763446218004155,-0.5370961799422859,-0.358308917593309,-1.4036693373986466,1.1390777826309204,0.8333333134651184
0.5944573879241943,0.03464672341942787,1.1652272939682007,-0.48317420102822695,0.8311001823975259,-0.3387388288974762,0.09803735000020383,0.09044446415878273,-2.1135572884452105,0.17763182520866394,-1.2220934629440308,0.3333333432674408
-0.6937604546546936,-0.7974557876586914,-0.12586070597171783,-0.06104124876775417,-0.39880406856536865,-0.31606287755767126,-0.3028380511945672,-0.9623409090047714,-0.5277130603790283,-0.15628336369991302,0.8017675876617432,0.8333333134651184
2.0927801386642035,1.6992810992820013,2.5079992161182942,-0.5305012222796857,1.9963972077866654,-0.5072526931762695,-1.4298683678801858,1.2888520478214298,-0.4030156433582306,2.179473918504139,0.9704226851463318,0.6666666865348816
0.5944573879241943,-0.7380198836326599,1.1652272939682007,-0.8102645451034594,-0.2902892827987671,0.05446016043424606,0.7712118969620394,-0.36978298476414573,0.7816100120544434,-0.6905476450920105,0.21147480607032776,0.5
-0.6179829239845276,0.09408261626958847,1.1002227960000635,-0.8109833002090454,-0.5073188543319702,-0.0531031845204776,0.6540113492476228,-1.0268989864246068,1.7848462303298598,0.6930274972006764,1.1390777826309204,0.6666666865348816
-0.2390953153371811,-1.0955888605374564,0.08163713948728209,-0.8109833002090454,-0.42593276500701904,-0.45108139514923096,-0.46676111806814974,-0.46467171507108157,1.1203317971622875,0.7118961215019226,-0.041507821530103683,0.5
0.7772754727197039,0.09408261626958847,-0.19381269812583923,0.9915954203547772,-0.5784609237969669,-1.237479329109192,-0.28601005610214186,0.5247507424957025,-0.6524105072021484,-0.49019855260849,-0.45992557212084845,0.3333333432674408
-0.6179829239845276,-0.6785839796066284,0.28185129165649414,0.1830906303786854,1.3368008094798907,1.1336711363647674,0.48404427265015376,-0.50533370619371,-1.0265028476715088,-0.957679808139801,-0.6915354014672157,0.5
-0.9219598649990265,-0.8568916916847229,0.6216112971305847,-0.2772972368229222,-0.9043357548779754,-0.2825675308704376,-0.3182228754561475,-1.312070312434466,0.082090950157809,-0.49019855260849,0.9772680202076468,0.5
1.0299075039582095,-0.3814045190811157,0.4857073128223419,-0.7034833591587382,-0.17210139157516482,-1.1813081502914429,-1.7651005647692593,0.2858909746402169,-0.8759176855755516,1.3187036110282995,-0.18443672508647257,0.5
0.06401476263999939,0.9069337407671264,-0.8053807020187378,-0.5992450272430859,0.7483783557851421,-1.1251368522644043,-1.2690812375470348,1.033216118812561,1.3417944998090732,0.17763182520866394,-0.8004556894302368,0.3333333432674408
0.20589192373269077,-0.7974557876586914,9.036163332922133,-0.3815830171030898,-0.45306146144866943,-0.15171617037761193,0.2572088439375931,-0.6831089194995371,-0.16880721531462864,0.18004790443741764,1.1390777826309204,0.6666666865348816
0.1397922784090042,-0.6875358102194974,-0.397668719291687,0.8539827515393722,-0.6555584456886999,-0.22639626264572144,-0.019806558425813824,0.24402662154948307,-1.9528381498373208,0.5961955605866346,-0.9691107869148254,0.5
-0.3148728311061859,-0.6330008508451409,-0.19381269812583923,-0.8109833002090454,-0.32283237115796415,-0.17022497951984406,0.5968767330605383,-0.4119402225483621,0.7816100120544434,-0.49019855260849,0.04281972348690033,0.6666666865348816
-0.2876095191904962,-0.8568916916847229,0.6895633339881897,0.7917896269661094,-0.2902892827987671,0.7677184676005543,0.9408517156251394,0.8983207941055298,2.1910531477501136,0.8858142961979772,-0.5474730730056763,0.3333333432674408
-0.46642789244651794,-1.0351994037628174,0.28185129165649414,1.1480349315732865,-0.3539265590397381,0.33531656861305237,-0.639510107293315,0.011375446400620654,-0.09127205610275269,0.24441486597061157,0.8017675876617432,0.6666666865348816
-0.7435026586157594,-0.034069783336858755,-0.3297167122364044,0.9554419129668656,-0.5497322647231553,1.5033555898332949,1.0442493577506566,0.4494372523097129,0.17714125708690773,0.06994533686146184,-1.0534383058547974,0.5
0.36712485551834106,-0.3667049634347799,-0.1404694507692278,-0.3260470866902611,-0.2539607150830025,0.2791453003883362,-0.40705873030030526,-0.9649782214639224,-0.7771079540252686,0.04406575486063957,0.7242430621364968,0.6666666865348816
-0.6937604546546936,-0.5597122311592102,1.1652272939682007,-0.3611821321794889,-0.45306146144866943,0.6723442673683167,0.04433277517657029,-1.6387902016184186,-0.34066691994667053,-0.6905476450920105,2.4174445909940703,0.6666666865348816
0.21556980907917023,0.1302157247650559,-0.2617647051811218,-0.6776565313339233,0.8952490931556063,-0.8345184285855073,-0.7238112554270594,0.5763515573763893,-0.09127205610275269,0.9790282845497131,-0.8847832679748535,0.5
0.29134732484817505,-0.7974557876586914,-0.12586070597171783,1.3815084685974233,-0.39880406856536865,-0.17022497951984406,-0.17460332069876458,1.3989157273487396,1.3648479674633591,-0.9298565749654005,-1.2894167745398795,0.3333333432674408
0.8217899799346924,-0.810132804841847,1.19181785705482,-0.7443199157714844,-0.04613102599978447,-1.4059932231903076,-1.861024637194315,0.3885895332691671,0.46986642479896545,0.5019680232765547,-0.4623450653642502,0.3333333432674408
-0.3148728311061859,1.6654392008761807,-0.941284716129303,-0.6776565313339233,0.5432111304675733,-1.1251368522644043,-0.8729626532753987,0.6274767214041468,1.1700608809153208,1.2618097375210688,-0.5474730730056763,0.3333333432674408
-0.9210929870605469,0.9821038499735439,-0.9480342011608276,1.6319539102771468,0.5778290033340454,-1.1251368522644043,0.20347099741483374,0.7954962142051578,0.7816100120544434,-0.15628336369991302,-0.7529271712571826,0.023187541965892886
-0.01176275685429573,-0.4408404231071472,1.1652272939682007,0.23846716681754868,-0.7928526523426952,0.11063144356012344,-0.019509974867105484,-0.12685316525802828,-0.34066691994667053,-0.3566324710845947,-0.2944904565811157,0.3333333432674408
-1.072648048400879,-0.05408210307740355,0.6084030112718946,-0.39788489153440004,-0.7243484258651733,0.7817485694465158,0.09628179072569563,-1.6732668473110053,0.9686561822891235,-0.957679808139801,2.135296764870776,0.6666666865348816
-0.3148728311061859,0.7009766226058115,0.6216112971305847,0.5635658162832512,-0.4801901578903198,-0.9566229581832886,-0.3548182922296928,-0.2661459036114442,0.7363952873043773,-0.5569815635681152,1.202726254780825,0.8333333134651184
-0.44039581462620037,-0.8568916916847229,2.300237721282551,0.6270127892938628,-0.2902892827987671,2.100517356959701,1.3918370176699475,0.6854083089485433,0.033425383269786835,-0.8304619519279578,-1.4693867316191567,0.5
-1.7135915463362,-0.7435927575658691,-0.12586070597171783,-0.1747372953144841,-0.6307461738157318,-0.45108139514923096,-0.18649144603384232,-1.2996342085062298,1.3427485227584839,-1.1580289602279663,1.1064376675370327,0.5
0.8970706826406104,-0.24305993350121605,-0.051152375233424655,-0.5921084913667504,0.0894002985326192,-1.4059932231903076,-1.8375910263156416,-0.050608138540479304,-0.46536436676979065,0.052060441420652415,0.5487849712371826,0.6666666865348816
-0.2390953153371811,0.10758861647656964,-0.2617647051811218,-0.44043804993753505,-0.10038841515779495,-0.17022497951984406,0.06593025486181478,0.4144535021172278,1.8971784702161634,0.04406575486063957,-0.39341534948405044,0.5
-0.08754027634859085,-0.2625327408313751,0.4177553057670593,1.7841394023160384,-0.5887049436569214,0.2791453003883362,2.2503938941406525,1.0758023122138294,-1.2166007880127838,1.6427291224986942,-0.8847832679748535,0.5
0.5944573879241943,-1.264218835938743,-0.05790869891643524,-0.8776466846466064,-0.6429623365402222,0.15914472252011239,-0.12236721859070725,-0.856544950242631,-0.8603397639201501,-0.2898494303226471,0.3801299035549164,0.5
0.1837038655240643,0.9472083708309875,-0.2617647051811218,-0.24290456144166275,0.014672728792051674,-0.39004080792578955,0.6083979248182049,0.27580562353158056,0.46986642479896545,-0.890896737575531,-0.7161281704902649,0.3333333432674408
5.772980408765211,1.4600323333991443,6.749415190992831,-0.49640409027180304,1.4754310916359774,-0.9228190606023091,-1.3681974831414865,3.443336224440835,-1.4177288674923545,0.7811412619131373,-0.8847832679748535,0.5
-0.3148728311061859,-0.5910183309256728,-0.19381269812583923,-0.15652563148602164,-0.42593276500701904,0.05446016043424606,0.7101502537661378,0.6944786827701581,2.709122004278418,0.0011045383996204292,-0.5474730730056763,0.8083747624103286
-0.01176275685429573,-1.2153490330532475,1.1652272939682007,-0.6776565313339233,-0.2708262514211862,0.4476591646671295,0.896910891738624,-0.6857272323289133,0.6457420042640796,0.9122452139854431,1.1390777826309204,0.5
-0.01176275685429573,1.5011669538568593,-1.7759452909463984,-0.684995451789753,0.802067305161295,-1.349821925163269,-1.770488918510495,0.48966852150932627,0.5322151184082031,-0.22306638956069946,-0.8847832679748535,0.5
0.5944573879241943,1.6930767494563232,1.294627165613277,-0.4998875558376312,0.6580316600358166,-0.8501368465828132,0.24520594882047456,0.9403779425548477,-0.46536436676979065,1.2736058445658227,-0.631800651550293,0.5
0.06401476263999939,-0.4408404231071472,-1.1700936448551524,1.4387456231725078,-0.39880406856536865,7.62239534326454,1.1200554433535417,0.9592378044681628,-1.5308937659015214,-0.11124391547240361,-1.4750760793685913,0.3333333432674408
-1.5343753210371995,0.9943250023746321,-1.3096858847932131,-0.4998875558376312,-0.7243484258651733,-1.6080363475693824,-1.7941315322948581,-2.0594014822330284,0.7334681337941789,-0.5223995139248557,2.979961099755729,0.3333333432674408
-0.5422053933143616,0.03464672341942787,-0.12586070597171783,0.014869534973086228,9.146792665759538,1.7093993116704076,1.2115724597163746,0.06266911788755243,-1.4005951881408691,-0.9845568471945534,-1.1853272410263394,0.3333333432674408
0.21556980907917023,-0.776523501085299,-0.39404258502543393,1.3051839173376925,-0.39880406856536865,-0.6757665276527405,0.5828263193996414,0.730384187644986,-0.618090720303428,0.17763182520866394,-0.8004556894302368,0.3333333432674408
-1.072648048400879,-0.20309685170650482,-0.05790869891643524,-0.3209463858374324,-0.6429623365402222,-0.45108139514923096,-0.10628822054183819,-1.105172386423429,-0.2159694880247116,0.5115470290184021,1.2989997752039701,0.5
-0.9416964649027177,-0.024789171293377876,-0.6694766879081726,-0.7905147054310349,0.0600558056673639,0.6723442673683167,-0.019509974867105484,-0.05426468362429968,0.2828202545642853,-0.22306638956069946,-0.8847832679748535,0.5
-0.6179829239845276,-0.3219686448574066,1.2051312363011375,1.4428105355651422,-0.12751711905002594,1.6267507206366627,1.330535275343274,0.8983207941055298,0.20387626746195295,-0.42341551184654236,-0.8847832679748535,0.5
0.6450198179230966,-0.8136527707503498,0.21389929950237274,-0.6554354429244995,-0.4801901578903198,0.2661344825342553,0.44572454731449307,-0.5228261945037865,-0.2783181965351105,-1.4067704273793233,-0.1258353590965271,0.5
-0.9968705177307129,0.03464672341942787,-0.05790869891643524,0.07761977414820381,-0.45306146144866943,-0.22639626264572144,-0.03236386264233873,-0.9769059819995121,0.2204715460538864,0.04406575486063957,0.9089468788559407,0.5
0.8546502781422686,0.6028429478342379,-0.12586070597171783,0.19221612238485372,-0.7977935754071165,-1.349821925163269,0.23979430885378816,-0.6630939593372343,-1.2416300952787107,-1.6208344378725983,1.223405361175537,0.5
-1.7993525760303823,-0.6191481351852417,0.07799530029296875,0.07810179496057465,-0.7243484258651733,0.7846868634223938,0.2891036849424502,-1.2356312260563012,0.9686561822891235,-1.2693110062718782,0.7832164285357804,0.5
-0.2390953153371811,0.30573149117141457,-0.397668719291687,0.40103097538161175,-0.17063043911990522,0.3222132877894519,1.0235895861407387,0.32043276025692063,-0.4030156433582306,-0.4375154757129485,-1.2220934629440308,0.5
0.29134732484817505,-1.094635248184204,0.010043300688266754,-0.8109833002090454,-0.31721606634159505,0.18099871307940812,0.4286101888429977,-0.344727122884899,-0.34066691994667053,-0.22784298169651374,-0.8847832679748535,0.5
-1.0898877990636995,-0.024789171293377876,1.4551023968910342,1.617452009350079,-0.2089032083749771,0.6723442673683167,1.464871504507094,0.7360906057199053,0.2139509263006468,-0.49019855260849,-0.8847832679748535,0.5
-0.16331779956817627,1.017648009453401,-0.6694766879081726,-0.4778243906910138,-0.2688340328854951,-0.41411156799014803,-1.230756390317549,-1.1531765541181689,0.5945638418197632,0.9790282845497131,2.5904740983956076,0.6666666865348816
0.1397922784090042,0.32298406036757604,0.7035800891574677,-0.7220988273620605,0.2412118080225616,-0.17022497951984406,0.9778384369644846,0.5616487510904833,-0.2159694880247116,1.320568061472628,-0.7756189196512694,0.3333333432674408
-2.58819842338562,7.345261573791504,-2.1644208431243896,-0.9887523055076599,-1.2940510511398315,-1.630678415298462,-1.9040257930755615,-2.504413366317749,4.896625518798828,-2.092991352081299,3.078611373901367,0.0
0.21556980907917023,-0.4408404231071472,1.2769737634089338,-0.9215277817945158,-0.8454011538964862,-0.17022497951984406,-0.5345606768229124,-1.4972643316287133,-0.6524105072021484,-0.957679808139801,0.7174400687217712,0.5847420737058547
3.6240139306095513,-0.12472626825905092,1.1652272939682007,-0.5887720584869385,0.6666892657664806,-1.5197055797444783,-1.8017070928649372,1.182227269161787,-0.632253533915696,2.296713962017413,0.21147480607032776,0.5
-0.39065036177635193,-0.3219686448574066,-0.2617647051811218,0.5150482542700678,-0.552072956838187,-0.4564590327609697,0.231298596015583,-0.45804547272169915,-0.6524105072021484,-0.9438273353611282,0.12714727222919464,0.5
0.6527548478963725,-0.6191481351852417,-0.19381269812583923,-0.6998776793479919,-0.6588395802035971,0.7967481890500416,-0.16724883096954354,-1.1935561782206359,-1.0888515710830688,-0.6996247574053511,1.1966496471415797,0.6666666865348816
-0.16331779956817627,1.7850853260045192,-1.5987974859903826,-0.5887720584869385,0.6422956876319225,-1.1813081502914429,-1.5930040675070174,0.43100081010362823,1.5745331860376175,-0.3566324710845947,0.21147480607032776,0.3333333432674408
1.906858535480931,1.383369829592416,0.34980329871177673,-0.6602606567297795,0.9807580622023575,-0.39791013917772117,-1.2500596907379369,1.490931730133851,0.2204715460538864,0.5617569910355873,-0.9691107869148254,0.3333333432674408
-0.46642789244651794,-0.6785839796066284,-0.3297167122364044,0.8369859253209391,-0.2902892827987671,1.577736137797781,0.6707692777179216,0.54693404048023,-1.151200294494629,-0.0895003229379654,-1.137765884399414,0.5
1.0144922712979239,-0.14366096258163452,1.8117138466849638,-0.6554354429244995,2.5968599392875844,-1.349821925163269,-1.7168385153240846,0.70742771322623,0.34086991355192253,-0.2898494303226471,0.21147480607032776,0.3333333432674408
-0.6211635577799802,-0.7380198836326599,0.14594730734825134,-0.7220988273620605,-0.35473804591736846,0.9871904975799364,-0.06836445905263962,-1.5790648352544114,-0.4030156433582306,0.3111979067325592,1.0547502040863037,0.3333333432674408
0.1397922784090042,2.0395832304696357,-2.0711182148314218,-0.6719899643269448,0.9713586765943212,-0.8442803621292114,-1.521128819233515,0.4831744026741488,0.9807423649506501,0.8303159236300603,0.44268496497709686,0.6666666865348816
-0.6179829239845276,-0.6333198629287469,0.07799530029296875,-0.8998677730560303,-0.14126628753312143,-0.8442803621292114,-0.9722485205031655,-1.4312805754487978,-0.7500163716384564,0.17763182520866394,0.4644574522972107,0.3333333432674408
-0.39065036177635193,-0.5597122311592102,-0.4656206965446472,-0.7443199157714844,-0.07325971871614456,0.39148786664009094,0.7693296801674468,-0.19111951281683867,-0.2783181965351105,-0.49019855260849,-1.2220934629440308,0.3333333432674408
-0.2390953153371811,0.3926417056519494,1.38618077445082,4.0611285152034995,-0.34454667568206787,1.1217145919799805,3.2676894594784205,2.015766249341564,-1.1187568872518803,0.09059137480352306,-1.4750760793685913,0.5
-0.3148728311061859,-0.3814045190811157,1.1652272939682007,-0.3763353856512606,-0.3789804682964176,-0.28496908320854286,-0.33274385858217154,-0.13257964889685941,0.5322151184082031,1.7751694641923161,0.21147480607032776,0.3333333432674408
-0.8614079931296832,-0.5002763271331787,-0.13849068562525196,-0.02263282541889204,-0.10038841515779495,0.11063144356012344,0.26584478213365337,-0.633010433506594,-0.7147592306137085,-0.4240332546342904,-0.1258353590965271,0.6666666865348816
-0.3813967850285532,-0.4408404231071472,0.21719561798919546,-0.4684470301944305,-0.14377536349944298,-0.3949100971221924,-1.0074375846456294,0.8968691818355748,2.768474828303239,2.934079046814801,0.12714727222919464,0.6666666865348816
1.2793630928380237,0.5802054565993258,0.07799530029296875,-0.6989858995288962,1.0139029777544197,-0.45108139514923096,-1.4405594977938074,1.0936051876233606,-0.028923334553837776,1.6353504073640748,-1.129106955717912,0.3333333432674408
1.3086170893149698,0.17711979955317456,0.9403202127041436,-0.6998776793479919,0.7233950747146924,-1.4185466550700225,-1.6209592375043245,1.3108511202270738,0.2204715460538864,0.6824345184624215,-1.0534383058547974,0.5
-1.4470748201725034,-1.2729485024875187,-0.05790869891643524,-0.4213909948521288,-0.4849434417514308,0.16680273413658142,0.1786780902596166,-0.5619720217889138,1.9508166926336243,-0.49019855260849,0.11938523970708244,0.5
-1.224203109741211,-0.9163275957107544,1.003724133914655,-0.48858546917824575,-0.9446898491621104,-0.5634239912033081,-0.03550812451396945,-1.602713448697495,-0.5277130603790283,-1.4354264453654122,1.223405361175537,0.5
0.06401476263999939,-0.04462290574374519,-0.2617647051811218,-0.6400688901667735,0.5778290033340454,-0.45108139514923096,-0.47768374926896434,1.0214755918476879,1.2307681904458159,0.8285927365424216,-0.9691107869148254,0.3333333432674408
-0.6179829239845276,-0.9757634997367859,-0.47544650345126327,0.6176062274444961,-0.29592025734490385,-0.6753941852305585,0.3743038418272193,0.4519050862343012,1.2795097926753218,-0.42341551184654236,-0.8483297519725405,0.3333333432674408
-1.072648048400879,-0.07268667990323918,-0.6218895343275335,2.9468703276546013,-0.2360319048166275,0.05446016043424606,1.1868981827305363,1.8901827455488567,2.4594519049121644,-0.6237646341323853,-0.1258353590965271,0.5
0.4429023563861847,-0.4408404231071472,0.010043300688266754,0.6461597662593138,-0.23089504217166684,-0.6195952296257019,1.0080302830877659,0.5693591553207403,-0.34066691994667053,-0.3566324710845947,-0.9691107869148254,0.3333333432674408
-0.2707843497897233,2.979274758444153,-0.6015247106552124,-0.6332142949104309,0.7912753924406598,-1.334065742128493,-1.5951192567799382,0.9161858487873968,2.070556492330308,0.04406575486063957,-0.9691107869148254,0.3333333432674408
-0.2390953153371811,1.149787005831385,-1.61844721328698,-0.6934016282784657,0.27610215758008216,-0.45108139514923096,-1.4553928604923008,0.45806430983375296,1.784743347032465,1.3486150579472433,0.23152265475119255,0.5
-0.2778781114259333,-0.5163097367504793,0.14594730734825134,-0.7220988273620605,0.27927539078360525,0.11063144356012344,0.5256708544259716,-0.09335629887474822,-0.8394566774368286,-0.15628336369991302,-0.8847832679748535,0.3333333432674408
0.21556980907917023,-0.3814045190811157,-0.397668719291687,1.06613233265306,-0.7928139215903156,-0.4496480841689949,-0.20274491899061148,-0.30016275632546724,-2.2080028671671696,-0.49019855260849,0.6331125497817993,0.5
-0.16331779956817627,1.5112389995189215,-0.5074902549893774,0.06200786074159731,-0.010187936560788414,0.05446016043424606,1.1695491330149788,0.2874189223153465,-0.15362077951431274,-0.5484673365421364,-0.8847832679748535,0.5
-0.39065036177635193,-0.7059230990637062,-0.6323440892796736,0.1145133516745085,-0.2819238049860686,-0.8442803621292114,0.8711231392413197,0.2940867108219532,1.6806984262780116,0.1108487918972969,-0.11445853131072727,0.3333333432674408
0.8217899799346924,0.15351851284503937,-0.029059851984946504,-0.6554354429244995,1.1064044389525975,-0.7348835924153059,-0.9745138000657616,0.8147547940725753,-0.5277130603790283,0.4329318027054233,-1.435182258068072,0.3333333432674408
-0.6179829239845276,-0.2625327408313751,-2.0142734858484013,-0.7220988273620605,-0.45306146144866943,0.4476591646671295,0.1208612514343079,-0.4186977771771221,-0.028923334553837776,-0.7573306560516357,-0.9054770665641724,0.3333333432674408
-1.224203109741211,-1.094635248184204,-0.7034721673169974,-0.7887621521949768,-0.37167537212371826,0.44895022257738637,0.6385563644446307,-0.8553181886672974,0.905004161168681,-0.42341551184654236,0.04281972348690033,0.5
-0.9210929870605469,-1.213507056236267,1.663061772641637,-0.8998677730560303,-0.5943388626697568,-0.3949100971221924,0.36148526370264666,-1.4931159084705115,0.06640811611204088,-1.1580289602279663,0.7174400687217712,0.5
-0.10474980668260284,-0.6785839796066284,0.14594730734825134,-0.8109833002090454,-0.3174179792404175,-1.237479329109192,-0.19634878209633116,-0.520917522304418,0.34516897797584534,-0.02271728403866291,-0.8004556894302368,0.3333333432674408
0.4429023563861847,0.391910130718019,0.9836449207951947,-0.11021595281536153,-0.8681087909051283,-0.8442803621292114,0.8033071327347306,-1.059291282500965,-1.2711390949080545,0.24441486597061157,2.1217317745405175,0.3333333432674408
0.470370026955899,-0.7974557876586914,1.1652272939682007,1.6565056891678196,0.2139404463335685,0.9819971880325356,0.8373740409144282,1.2631880280628112,-0.6524105072021484,0.6309104842002494,-1.306420922279358,0.3333333432674408
-0.8959458788983969,-0.5597122311592102,0.8254672884941101,-0.8075396271964933,-0.8328632116317749,-0.22639626264572144,-0.7444312332622558,-1.39629564178878,0.7816100120544434,-1.1580289602279663,0.38660450038659666,0.5
-0.16331779956817627,-0.42108052205052304,0.010043300688266754,-0.4178385463498534,-0.4801901578903198,-0.022248140280644875,-0.2925511910066102,-1.30677561196824,-0.6524105072021484,-1.8720589709899595,0.7860644742451623,0.5
-0.3148728311061859,-0.08422506600618362,-0.5427841366506531,0.5470818998055474,-0.2999481729627532,0.8943207930301016,0.47349316501416044,0.6267637891343267,0.20027705398233223,-0.4129759788173262,-1.0534383058547974,0.5
-0.08754027634859085,0.21295440196990967,-1.698302539430341,0.7416660078234111,-0.04613102599978447,0.5600017309188843,-0.2022538836753226,0.7131580670981102,-0.2783181965351105,-0.22306638956069946,-1.137765884399414,0.3333333432674408
-0.5031317166099816,-0.21377149664853554,-0.2617647051811218,-0.6855451516841737,-0.2089032083749771,0.4476591646671295,-1.0747477304219073,0.22079496354777978,0.9478584249495293,1.957091330191707,0.7174400687217712,0.5
-0.01176275685429573,-0.6191481351852417,0.560863472910522,-0.6332142949104309,-0.5345535730177473,1.4350233064188278,0.47023102862142546,-1.08306343091979,-1.4001498449982532,0.37798094749450684,0.6331125497817993,0.5
-0.12670698812354336,-0.3814045190811157,0.8254672884941101,1.153014396560642,-0.44123265716737764,1.295889408255699,1.673208507529164,0.9679211757866495,-0.4030156433582306,0.04406575486063957,-1.2220934629440308,0.3333333432674408
0.06401476263999939,-0.5597122311592102,-0.19381269812583923,-0.6998776793479919,-0.42593276500701904,0.6723442673683167,0.4288915171513189,-0.5192730758766615,0.5945638418197632,1.2160005344944995,0.3801299035549164,0.3333333432674408
-0.08754027634859085,-1.0351994037628174,-0.12586070597171783,-0.7180206321989914,-0.561576247215271,0.05446016043424606,0.8151545219619905,-0.21552981657197343,1.3427485227584839,-0.5569815635681152,-0.37881800532341003,0.3333333432674408
0.5594034646748203,0.908704896506733,-0.054159710455238,-0.7443199157714844,0.6674391045073198,-1.1813081502914429,-1.7039854533062937,0.7647653389169942,0.9686561822891235,0.850174097220264,-1.0534383058547974,0.5
2.005827862817303,-0.6785839796066284,0.4857073128223419,-0.6739432750032471,-0.2089032083749771,-0.3949100971221924,0.5812008066749919,0.29847736512724526,-0.5277130603790283,-0.420323397648929,-0.7161281704902649,0.5
-0.6096063035941794,-0.5145372462732615,1.1652272939682007,-0.5300595727567116,-0.4801901578903198,1.1893346204297475,0.43200990647589277,-0.39286678303376893,-0.1816888488187493,-0.3566324710845947,-0.631800651550293,0.5
0.6702349185943604,0.08462330085772689,0.010043300688266754,-0.6554354429244995,1.0436743501020795,-0.45108139514923096,-1.4032217495396222,0.9936994593527687,0.7816100120544434,0.6451131105422974,-1.0534383058547974,0.5
1.2733675442529235,-0.20309685170650482,0.6981147425961789,-0.44331830416671614,0.4428358246056375,-0.8442803621292114,-1.0897272620045997,1.033216118812561,1.0933536291122437,0.8966300975233048,-0.1258353590965271,0.5
0.1397922784090042,-1.094635248184204,0.21389929950237274,0.3256877026360686,-0.3998666810925074,0.5600017309188843,1.6706167482658723,0.503142808145168,-0.06509010529367339,0.04406575486063957,-0.7161281704902649,0.5
0.7720997127719573,2.0594452720714553,-0.9150542951260426,-0.6776565313339233,0.8082953745807899,1.065543293952942,-0.3673098234622861,0.9373188459072469,0.9249210084358881,-0.02271728403866291,-0.631800651550293,0.5
1.2814165964548818,1.0412210241779456,-1.5149201297724955,-0.5544876084168454,0.622248360550983,-0.9566229581832886,-0.8619502564097835,0.9580706479477881,0.46986642479896545,0.525261706094073,-0.2101629078388214,0.5
2.617575823739619,0.15351851284503937,-0.19381269812583923,-0.6998776793479919,0.2858198871856152,-0.3387388288974762,-0.019509974867105484,0.5183356222350197,-1.0265028476715088,-0.49019855260849,-1.137765884399414,0.47357119707871487
-1.1316820992088277,-1.1781504093741157,-0.3297167122364044,-0.8109833002090454,-0.5887049436569214,0.33410203745720074,-0.2747647533741726,-0.51793960592878,3.8380141595665824,1.7638897578122126,-0.04422049841593735,0.6666666865348816
-0.46642789244651794,0.010087994340066912,-0.5335727334022522,-0.6776565313339233,1.2733655252084215,-1.4059932231903076,-1.8788401920231261,-0.5763611313033005,0.46986642479896545,0.37798094749450684,1.6980188845716258,0.6666666865348816
-0.1849683404946435,-0.3540873190390785,-0.12586070597171783,2.148576421604955,-0.34580317009816486,0.9532006978988647,0.9509717285730204,0.7710740553860264,-0.5900617837905884,-0.5569815635681152,-0.2944904565811157,0.5
-0.7695379853248596,-0.6785839796066284,-0.05790869891643524,-0.6109932065010071,-0.42593276500701904,-0.2825675308704376,0.09546701741000849,-1.5674333204699882,-0.2783181965351105,-1.450128241726784,1.223405361175537,0.5
1.3447034735946717,0.694379984769212,-0.3297167122364044,-0.5887720584869385,0.5778290033340454,-1.1591284112524107,-1.128826159412048,1.3416854960387434,1.413227618810828,-0.42341551184654236,-0.46314552426338196,0.5
-0.3148728311061859,-0.43517783592392123,-0.19381269812583923,0.5305312045140661,1.403972151258869,1.8858346421617314,1.533763617662924,0.40279355928808747,-0.8030523797154469,-1.0244628190994263,-1.2220934629440308,0.5
-1.3043974524358168,-0.5002763271331787,0.3038073236784683,0.5801841694618459,-1.0898344978089467,-0.6195952296257019,-0.5145752807459816,-0.7145329086662974,0.4598173112414972,-0.22306638956069946,0.29580235481262207,0.6666666865348816
0.21556980907917023,-0.39894468988621573,1.180665815909274,0.9612900649657885,-0.2631605863571167,-0.8102571472839166,-0.5894283850537305,-0.09327803132588568,-1.1835608300532734,-1.7009919744013493,0.3801299035549164,0.5
0.2923256516814551,-0.9757634997367859,1.1652272939682007,0.27406908780996936,-0.42593276500701904,0.707614866379378,0.11206780779243153,-0.5166383054790212,-0.9018054008483887,-1.3844916127569338,0.780675548358345,0.6301182461028583
0.06401476263999939,0.47774303062787143,-0.19381269812583923,-0.3634543536541035,1.0520401236362902,-1.3370887044168975,-1.485165937504426,0.3617538967420235,0.4380337154946818,1.9161700391133318,1.2041458396174727,0.6666666865348816
-0.10707119034959377,0.13884876880304783,-0.5335727334022522,0.360132438605207,-0.06711963341351924,0.5038304328918457,1.231910054483616,0.6229668043482478,-1.0265028476715088,0.7118961215019226,-1.4750760793685913,0.5
-0.8100669744201401,0.9619411046479673,-2.1513020914513947,-0.6554354429244995,0.29816976105971643,-0.5206442938985667,-1.1707563678337234,0.13941621232221768,2.6937080347721127,-0.02271728403866291,0.3801299035549164,0.3333333432674408
0.6538578183368275,-0.08422506600618362,0.22511917864987532,-0.6804197142231128,-0.10038841515779495,-0.5429766197227828,0.2696214613195002,0.08206413552984959,-0.2783181965351105,-0.8218855710974047,-0.08404527405939954,0.3333333432674408
-0.7695379853248596,-0.5940651537841388,-0.27729017462293204,-0.8681231842742179,-0.45385763382319755,0.35995786685653636,-0.008244219171141097,-1.0887013521411186,2.121329266446554,-0.2898494303226471,0.4644574522972107,0.5
0.2371957360840481,-0.8568916916847229,0.8739927355549945,-0.8776466846466064,-0.42593276500701904,1.1217145919799805,0.20469735500009048,-1.7879325203962508,-1.151200294494629,-0.957679808139801,1.6450430154800415,0.5
-0.7695379853248596,0.03464672341942787,0.34980329871177673,-0.8302369612344158,-0.7243484258651733,-0.8323146523141727,-0.9101823001457592,-1.6918825323724633,-0.34066691994667053,-1.3673063323545371,0.8525072247245065,0.5
-1.3328501567313302,1.7361966478361286,-1.1878349501034131,-0.23548369694961718,0.06706264201183929,-0.7717047397176512,-1.5003954194304474,-0.7079814159950162,2.020939105479436,0.24441486597061157,2.21631819884109,0.5
-1.072648048400879,-0.5597122311592102,0.28185129165649414,-0.5608718650296675,-0.2902892827987671,0.3095370016457434,-0.14129442454688534,-1.5513233701725309,-0.6524105072021484,0.24320489779006677,0.9704226851463318,0.6666666865348816
1.3283674272471755,-0.3193076251235231,1.0293233394622803,-0.6380596161648415,0.6738838633346044,-0.8442803621292114,-1.5086601797599193,0.5500598991322969,-0.34066691994667053,1.4068702527187982,-0.1258353590965271,0.5
-0.6937604546546936,-0.7974557876586914,0.010043300688266754,-0.6109932065010071,-0.7243484258651733,0.2229740172624588,0.0929055979311266,-1.1928890128106258,0.2828202545642853,0.4447639584541321,1.223405361175537,0.5
-0.6937604546546936,-0.7974557876586914,1.0475466522135595,0.7636419545389286,-0.43691446415016366,0.727994439059581,0.2611099075448044,0.022129115855177964,-0.2159694880247116,-0.6905476450920105,-0.46314552426338196,0.3333333432674408
2.271475811684219,0.2164803148348819,0.604524224571872,-0.7220988273620605,-0.15464581549167633,-1.462524132275231,-1.8409495590197498,0.05509269623081843,-0.7147592306137085,0.8872615864202972,1.3799441375067052,0.5
0.6604999953091978,-0.5597122311592102,0.28185129165649414,0.21628963857255842,-0.7039006356221946,-1.2488296349998074,0.11267498495988765,-0.25617630795833707,-0.9753045760156959,0.3111979067325592,0.8017675876617432,0.3333333432674408
-0.5422053933143616,2.3416281441079394,-2.1644208431243896,-0.5386671898339485,0.8771072265321967,-0.8442803621292114,-1.5812364859994497,0.9079236214855947,2.468695628662024,0.7786791324615479,-0.1258353590965271,0.5
-0.9968705177307129,0.9373815214673868,-0.5872419825725653,-0.1820708962567712,-0.2902892827987671,0.05549636135944368,0.7233457584399221,-0.8731009074595951,0.9686561822891235,2.1347911243268682,1.5607155561447144,0.5
-0.2390953153371811,-0.6191481351852417,1.164095200642861,0.871294023260725,-0.5061005897462876,1.1435803345376008,0.4592803377573091,0.36341596443834867,-0.7771079540252686,-1.3583780527114868,-1.004329527455951,0.3333333432674408
-0.2390953153371811,-0.9757634997367859,-0.2617647051811218,0.41361431062463344,-0.7005489376062235,-0.11183122503672431,-0.09388707140388357,-1.0612527554932885,-2.2235701175993974,-0.9987208599571511,0.7174400687217712,0.5
-0.6937604546546936,1.2347343549008711,-0.3312090927945544,-0.7220988273620605,0.9887169948482485,-0.5634239912033081,0.025458117730342414,0.39558714316145027,2.2350138543519553,0.6451131105422974,-0.46314552426338196,0.3333333432674408
0.2814808051288589,0.33182618021965027,0.4177553057670593,-0.5665509104728699,1.102003715578885,-1.3207808082043344,-0.4875088751757074,1.4676615343869666,2.4544335451273667,1.6160506592520143,-0.7161281704902649,0.3333333432674408
-0.39065036177635193,-0.5597122311592102,2.174506799063121,1.4875345460917184,-0.18177451193332672,0.6933097345238624,0.8192284206206417,0.8983207941055298,-1.507830661212291,-0.6905476450920105,-1.137765884399414,0.5
-1.7421822289610776,-1.3863906518256863,0.010043300688266754,-0.8776466846466064,-0.6700910329818726,-0.731937825679779,-0.6975549606272942,-1.6688388748348042,0.9063074588775635,0.6897440711065147,1.295384986983006,0.6666666865348816
-1.4924931536550141,-0.20309685170650482,-1.4236335072219912,-0.6776565313339233,-0.39880406856536865,1.5458847021005864,0.9227245932606175,-0.532325313019096,1.693862390267965,1.2736832164754934,0.5487849712371826,0.5
0.5744285716831892,2.731611312244929,-2.1644208431243896,-0.6998776793479919,0.716904559098081,0.11063144356012344,-1.0003955830077336,0.4534035408017068,0.04207990270145481,0.24441486597061157,-0.6264199308795272,0.3333333432674408
-1.3905197905288167,0.49467239007804126,-1.574608477237991,0.6359208249362539,-0.9719394178119218,-0.22639626264572144,0.16590335294692984,-0.755612417451948,1.1243675994962312,-0.21067555651056188,0.9021957395666181,0.5
-0.9210929870605469,2.001790786445754,-0.2617647051811218,-0.7220988273620605,2.845084843166019,-1.0278641831977908,-0.953672447400003,-0.3068307416405605,-0.09127205610275269,-0.3566324710845947,-1.137765884399414,0.3333333432674408
-1.224203109741211,-0.5597122311592102,-0.19381269812583923,0.797085848740434,-0.32446423100023414,0.2229740172624588,-0.2574023950517903,0.1887862595439384,0.15812282264232635,-0.91948443465997,-0.46314552426338196,0.5
0.1174181303284218,-0.5597122311592102,0.6895633339881897,-0.7946166829747001,-0.5114087123701644,-0.26326172729200065,0.29149769351418764,-1.1306102996085907,-0.028923334553837776,-0.19238905609738643,1.313971878990499,0.5
0.5271847406656015,-0.4528997746899476,-0.8004713191392595,0.6910435286982708,0.18616121732490892,0.6660936109456003,0.7112998552863331,0.4831491713285789,-1.0439819807517599,-0.15628336369991302,-0.9691107869148254,0.3333333432674408
0.3848255070362212,0.026810667903544545,-0.941284716129303,0.9105552658846681,-0.34454667568206787,-0.45108139514923096,1.9239603173338078,0.5516417399010831,0.18535586146263536,-0.3566324710845947,-0.8847832679748535,0.4737577576684405
-0.01176275685429573,-0.3814045190811157,-0.5695611310397107,-0.16879452682158935,-0.31123985979849583,1.7748769993405746,1.9336857915695467,0.018573365552984104,-0.5900617837905884,-0.02271728403866291,-0.46314552426338196,0.1666666716337204
-0.3148728311061859,-0.905315167205423,-0.2617647051811218,1.4944826743836543,-0.1334521540632268,-0.7368897862527691,-0.16702668636491283,0.7656011173028243,-0.1284884831012295,-0.5569815635681152,-1.180498505177148,0.3333333432674408
4.833151316224699,0.39421764250942487,1.1652272939682007,-0.48199615187932215,0.7320754976959806,-0.009217572014551353,-0.6664783548088778,2.4331031853794856,-0.5900617837905884,3.132252443296824,-0.9691107869148254,0.3333333432674408
-1.2545199100192383,1.506257592974984,-1.9688221245925743,-0.5887720584869385,-0.5279716991620041,-1.0689655542373657,-1.2015649821842955,-0.5939407903684141,0.7816100120544434,0.7786791324615479,0.7710328830438058,0.5
-0.9968705177307129,0.6618221667279056,-0.9320734056857066,1.3605943196608934,-0.5073188543319702,-0.5634239912033081,0.5922491508391262,0.35008337382162225,0.15812282264232635,-0.890896737575531,-0.5474730730056763,0.3333333432674408
-0.7695379853248596,0.3693226002097014,0.28185129165649414,0.6422942866024595,-0.01900232955813408,2.5185452129135575,4.480142444365569,0.42777672976569053,0.15812282264232635,-0.12545558292615733,-0.8847832679748535,0.28633150288859865
-0.16331779956817627,-0.5597122311592102,-0.19381269812583923,1.4339446591430478,-0.2902892827987671,1.270376226731007,1.4923475859426587,0.6955620234107474,-0.7771079540252686,-0.7573306560516357,-0.8004556894302368,0.5
0.21556980907917023,-0.6785839796066284,0.21389929950237274,-0.544329822063446,-0.6313770858823735,-0.17022497951984406,0.4200608641495109,-0.8817054668966416,0.5945638418197632,-1.238778292874203,0.931727127750455,0.5099084094663341
-0.5422053933143616,-0.3814045190811157,-0.05790869891643524,0.7640544643430174,-0.6158336400985718,0.6161730289459229,0.5011305459722933,-0.45263576561692387,1.70333846536705,0.4447639584541321,1.5607155561447144,0.6666666865348816
-0.08754027634859085,0.33182618021965027,0.4177553057670593,2.6084856842570865,-0.5344475507736206,-0.3939041008714587,0.4229655533611346,1.6305571630533153,-0.5900617837905884,-0.22306638956069946,-1.3490990804971426,0.3333333432674408
-0.46642789244651794,-0.024789171293377876,0.48004548622460674,1.8394420653821533,-0.7243484258651733,0.8546084440689351,0.9643152993884643,0.6283347714051086,-0.15362077951431274,-0.0895003229379654,-0.37881800532341003,0.5
0.8202365054636406,2.4749068413110655,-1.8828741586910351,-0.6554354429244995,0.32232324628165554,-0.3949100971221924,-1.5086623507281283,0.17301722646295875,-0.2159694880247116,-0.02271728403866291,-0.041507821530103683,0.3333333432674408
0.6702349185943604,0.6776005041980884,-0.5335727334022522,-0.5887720584869385,0.6996494423715796,-0.5072526931762695,-1.1842810654974447,0.6235544748594333,-0.34066691994667053,0.04406575486063957,-0.8004556894302368,0.5
6.353549003601074,7.345261573791504,9.11561107635498,-0.9887523055076599,-1.2940510511398315,-1.630678415298462,-1.9040257930755615,-2.504413366317749,4.896625518798828,-2.092991352081299,3.078611373901367,0.0
-0.8427430280963386,-0.5002763271331787,0.010043300688266754,0.09966718538719449,-0.4780916196570024,0.7886560673315551,1.0462861651408721,-0.7411630994465748,-0.4711876451748983,-1.0244628190994263,-0.2944904565811157,0.5
1.6399276904907498,0.5973095199838067,0.334355432159645,-0.5835083861403916,0.6662075890471311,-0.9648264950559045,-1.2473815198673133,1.042622447702385,0.6291798736933212,0.37798094749450684,-0.041507821530103683,0.3333333432674408
-1.3188876640566667,-0.14366096258163452,-0.397668719291687,0.23682671287977203,-1.2309219283676867,-0.17022497951984406,-0.19666696902892583,-1.1435233904492879,0.5322151184082031,0.24441486597061157,1.5195769864303807,0.5
-0.08754027634859085,-0.4408404231071472,-0.19381269812583923,-0.8776466846466064,-0.27289710702244624,-0.9877673731278155,0.3361496062372017,-0.4312747258694717,-0.028923334553837776,-0.7666246892494397,-0.2944904565811157,0.3333333432674408
-0.2390953153371811,-0.2625327408313751,0.06715962392900776,-0.8987323379703224,-0.5887049436569214,-1.0689655542373657,-0.8677744341889903,-1.7912710916676737,-1.0265028476715088,0.04406575486063957,1.392060399055481,0.3333333432674408
-0.16331779956817627,-0.13431067730591312,-0.05790869891643524,-0.7674708289078926,-0.01900232955813408,0.6085928520931284,0.6140212217349448,0.07116669329312231,-0.028923334553837776,0.37798094749450684,-1.4624935897388907,0.3333333432674408
-0.46642789244651794,-0.9757634997367859,0.8254672884941101,-0.8109833002090454,-0.5887049436569214,0.808904589613206,0.5127890481351782,-1.1173069403551013,0.9977298273080717,0.24441486597061157,1.1390777826309204,0.6666666865348816
-0.2390953153371811,0.3189271511781599,-0.5345585789589283,-0.611096619784065,-0.04502794619283489,-0.8442803621292114,0.05142409414683114,0.015227314071800812,0.0957741066813469,-0.1800293691698871,-1.2220934629440308,0.3333333432674408
-0.01176275685429573,2.0923569080621087,-2.1309816203784546,-0.6776565313339233,0.7552005561903673,-0.45108139514923096,-1.2436549598014828,0.5561597610071407,0.9872624863657188,-0.3566324710845947,-0.631800651550293,0.3333333432674408
-1.224203109741211,0.5612326612049636,-2.1644208431243896,-0.9613855490801375,-0.697219729423523,-0.6757665276527405,-1.3288418703016576,-0.8553181886672974,0.7192612886428833,-1.6056979814480772,-0.631800651550293,0.1666666716337204
-0.16331779956817627,-0.2603416922338659,-0.397668719291687,0.7730106797070846,-0.15464581549167633,0.16680273413658142,1.7991889591541612,0.7583639318027556,0.9686561822891235,-0.42341551184654236,-1.390184846748565,0.5
-0.6179829239845276,-0.7974557876586914,-0.12586070597171783,-0.6554354429244995,-0.42593276500701904,1.604627664953339,0.06666067994103432,-1.5705611588053419,-1.0888515710830688,-0.957679808139801,0.6111630561360394,0.6666666865348816
-0.3148728311061859,-0.5597122311592102,1.1652272939682007,-0.6041219554952912,-0.10038841515779495,-0.07368589394200226,0.3172104288843368,0.0014621644539474545,1.1566650593858951,0.7118961215019226,-0.2101629078388214,0.6666666865348816
-0.9968705177307129,-0.7380198836326599,0.34980329871177673,-0.6679755348257914,-0.8209242892527324,0.05446016043424606,-0.34907268657082785,-1.106282283363081,-0.7492217870634679,0.4447639584541321,-0.1258353590965271,0.5
-1.148425579071045,-0.2625327408313751,-1.5707613027809517,0.4600297222009571,-0.9658363949770541,-0.45108139514923096,0.2858734005217493,-0.8151766196729656,1.3495836366835894,-0.6970678254767496,1.609497157327956,0.5
-0.6179829239845276,-0.3219686448574066,1.5496619645036047,-0.766541063785553,-0.7243484258651733,0.8933655780587179,0.7034836585074837,-1.5274802876937685,1.420272817785634,-0.2898494303226471,1.5607155561447144,0.7314329008647537
-0.08754027634859085,0.27239030599594116,-0.5335727334022522,-0.4739539930257883,-0.561576247215271,-0.11405368894338608,0.5722545197226412,-0.11293233889532735,0.790495832209526,-0.0895003229379654,-0.1258353590965271,0.6666666865348816
-0.9210929870605469,-1.1504820973131054,0.28185129165649414,-0.8776466846466064,-0.2631605863571167,-0.4065435963491878,0.3735137362041855,-0.028672187623477993,2.601351361291614,-0.22306638956069946,-0.679387586114503,0.5
0.7442729986371912,4.830937099351155,-2.003519218979699,-0.7220988273620605,0.7639766075998945,-1.2607228863199114,-1.3340545262760364,0.7580140628355131,1.0689556354127103,-0.15628336369991302,-0.631800651550293,0.2951383851120405
-0.3148728311061859,-0.024789171293377876,0.020457009369137212,2.528667928079218,-0.019510439135201875,0.05446016043424606,1.218704208284423,1.5402603174797307,-0.34066691994667053,0.4447639584541321,-1.4933775583651065,0.3333333432674408
-0.3148728311061859,-0.20309685170650482,-0.19381269812583923,-0.6776565313339233,-0.45306146144866943,-0.3387388288974762,0.31655723177646705,-1.471263210369972,-0.4030156433582306,-0.652813279571576,1.4398951417889516,0.5
-0.9968705177307129,-0.7974557876586914,0.010043300688266754,-0.8109833002090454,-0.6754006377043995,0.05446016043424606,-0.26993441400397655,-1.7641130155547275,-0.6427404400528022,1.5489896762996387,1.5607155561447144,0.6666666865348816
-0.5461906827449655,-0.20309685170650482,-0.2617647051811218,-0.7220988273620605,-0.39880406856536865,0.2791453003883362,-0.42822603734247205,-1.3050951926439236,1.1557023525238037,0.37798094749450684,1.4154639832195623,0.8333333134651184
-0.9210929870605469,0.21295440196990967,-0.7373833989472908,-0.544329822063446,-0.6429623365402222,-1.1251368522644043,-0.8691564556857302,-1.808727668007096,-0.028923334553837776,-0.5569815635681152,2.4459345520494753,0.3333333432674408
-0.4743702955472002,-0.9757634997367859,0.14594730734825134,-0.766541063785553,-0.5344475507736206,1.4801033694328871,0.4716488716523439,-1.3197819031586862,0.28642508253094767,-0.4936790383031667,1.5607155561447144,0.5
0.1397922784090042,-0.9437454286416864,0.07799530029296875,-0.6554354429244995,-0.07325971871614456,-0.2825675308704376,0.5970623786968962,-0.39565955586461665,0.10807427658473437,-0.6905476450920105,-0.3945354822151279,0.3333333432674408
0.06401476263999939,-0.4408404231071472,-0.397668719291687,0.0031846809929355433,-0.6158336400985718,1.5914284404869214,1.0383551370596031,-0.5929987599473736,-1.0454080251482272,-1.302069789069023,0.276403273738563,0.6072913617402403
-0.08754027634859085,-0.8608323277262835,0.21389929950237274,-0.766541063785553,-0.3969132949402883,0.040111383570604314,1.3004317343887049,-1.3540217985895184,0.5945638418197632,0.5761426404614087,1.5419893968410467,0.8333333134651184
-0.6179829239845276,2.67835383230959,-1.9117466168592236,-0.5665509104728699,1.5567601346457305,0.11063144356012344,-0.5111844933896776,0.1633875282399141,0.8344271944414935,0.17763182520866394,-0.8847832679748535,0.3333333432674408
-0.6937604546546936,-0.7380198836326599,-0.2617647051811218,-0.5887720584869385,-0.561576247215271,0.16680273413658142,0.14830043596356607,-1.054311041095335,-0.32187286400239545,-0.25114764962689046,0.3801299035549164,0.5
-0.2390953153371811,1.0151144960491019,-1.7739223239471704,-0.6998776793479919,0.9375629768561832,-1.2936506271362305,-1.6579421703246622,0.3605560409384415,1.3427485227584839,-0.2898494303226471,-0.37066398320228033,0.3333333432674408
-0.5422053933143616,-1.1353310606536045,-0.3297167122364044,-0.6776565313339233,-0.18177451193332672,-0.2825675308704376,-0.8922960126062205,-1.3937415295323274,0.0957741066813469,-0.9316506849434292,0.8316607335887205,0.6666666865348816
-1.072648048400879,-0.20309685170650482,-0.04689755913489581,0.5983420794563996,-0.37167537212371826,0.5038304328918457,1.1252085776957221,0.8344613416334374,2.248136578742763,0.24441486597061157,-1.0534383058547974,0.5
0.644878579601382,2.1021873928508445,-0.7111326704181828,-0.6303353633625791,1.0621504663247683,-0.731937825679779,-1.1968127666605206,0.8629877910364304,0.6569125652313232,0.36851630496271437,-0.5474730730056763,0.3333333432674408
0.21556980907917023,4.439978581645729,-1.0553797887524576,0.12274719655123015,-0.2902892827987671,-0.3387388288974762,-0.12341925512970876,0.3635081391386234,0.4075177013874054,-1.3672405469965587,-0.8847832679748535,0.1666666716337204
-0.39065036177635193,-0.5002763271331787,1.6871278294645256,2.6937574892969107,0.3320584884457321,-0.0017111222259700298,0.5199076525043416,1.4922788998904577,-1.7028465119852243,0.07286695079788276,-1.3215696051864552,0.3333333432674408
0.580505734861209,2.34878699323961,-1.0265007143504714,-0.6776565313339233,0.7022502928318723,-1.4869347811573277,-1.752750505787667,1.0173699757000738,1.610488982601319,0.1108487918972969,-0.8847832679748535,0.3333333432674408
-0.5057213307408137,1.441193164489939,-0.5335727334022522,-0.6109932065010071,0.3560929562291857,-0.3949100971221924,-0.828972417427644,0.5890299427281248,0.5945638418197632,0.1097356191318131,-1.137765884399414,0.3333333432674408
2.993245494037796,-0.4408404231071472,1.1652272939682007,-0.8032475591961163,-0.04788604176918477,-1.0689655542373657,-1.6682610085112375,1.0631749933087933,-0.341449311614301,0.7843391293467457,-0.3381201681305044,0.6666666865348816
0.29134732484817505,1.5874106849169658,-0.8053807020187378,-0.607311944669291,1.5332494251293816,-1.4059932231903076,-1.7220482183880705,0.7542657319524468,0.4179429699111515,0.5115470290184021,-0.2944904565811157,0.5
-0.9210929870605469,0.33182618021965027,-2.0614563879112833,0.05164767252835503,-0.4801901578903198,-0.5072526931762695,-0.2390136503095795,0.11966016713754248,-0.4030156433582306,-1.2176794548301353,-1.5532829638199395,0.3333333432674408
-0.9210929870605469,0.0016506570960367582,-0.6015247106552124,-0.2527880815406443,-0.9197958932922113,0.11063144356012344,-0.045983901040443045,-1.9859566160433713,-0.46536436676979065,-2.080304136413012,2.310810027236229,0.6666666865348816
-1.148425579071045,-0.8568916916847229,0.34980329871177673,-0.7220988273620605,-0.0021022337573727463,-1.1813081502914429,-1.375769495476361,-0.33457981685919447,1.0036590441904536,0.7332211905389933,0.4644574522972107,0.5
-1.1953038634190607,-0.5002763271331787,-0.6015247106552124,0.8402240089916239,-0.10038841515779495,0.6713523180811405,0.32949889129400767,0.4219981947634662,1.1859734512217786,-0.5569815635681152,-0.8984887095255982,0.5
1.153615654421812,-0.14366096258163452,1.1652272939682007,-0.766541063785553,-0.09799808486993679,-1.0689655542373657,-1.7277829439290426,1.0620194311026117,0.7501022354432174,2.649876971572709,0.12714727222919464,0.5
-0.5422053933143616,-0.6191481351852417,-0.397668719291687,-0.6332142949104309,-0.34454667568206787,1.338465978358099,0.8144358495082317,-1.2608062477446143,-0.2783181965351105,-0.2898494303226471,0.7676639726012913,0.5
-0.9968705177307129,0.6075108482641649,-1.7013238009879796,1.850123663599546,-0.3342474891635022,1.135064578079703,0.7658159065035198,1.0823429741754502,0.4176973409548784,-0.957679808139801,-1.306420922279358,0.3333333432674408
1.267118988813357,1.2079817569584574,0.1815774490431795,-0.6109932065010071,0.3465937058710585,-0.3926705759965487,-0.7069074767256364,0.8983207941055298,0.9063074588775635,-0.2898494303226471,-0.6287288975548179,0.3333333432674408
0.694933050228753,0.4874189048866941,-0.19381269812583923,-0.5887720584869385,1.3736517078730537,-0.5072526931762695,-0.9577598738517648,0.37106570426388874,-0.4123530091674818,0.9790282845497131,-0.041507821530103683,0.5
0.4429023563861847,-0.3814045190811157,1.1652272939682007,-0.8776466846466064,-0.6700910329818726,-0.5072526931762695,-0.10616907717703301,-1.0942803883598837,-0.8184347620747405,-0.6905476450920105,0.7707213866378376,0.5
-0.6937604546546936,-0.6191481351852417,-0.6818553853312698,-0.8548423514017854,-0.2694056633260328,-0.22639626264572144,0.25824480567328134,-1.2346113638816205,0.0957741066813469,-0.890896737575531,0.04281972348690033,0.5
1.6393432519944313,2.209746493681001,-2.103120550864764,-0.5274470527041641,0.8318143632303016,-0.2825675308704376,-1.2969957805949148,1.972940536463839,1.3736388360287672,1.4137888935257974,-0.46314552426338196,0.3333333432674408
0.8217899799346924,-0.20309685170650482,1.3394997258653905,0.4908921184474861,-0.6429623365402222,-0.8442803621292114,0.5531487976192869,-0.3092761104425009,-1.3228602839804733,-0.20149032867279856,0.7174400687217712,0.5
3.3215668217820395,-0.14366096258163452,0.6895633339881897,-0.7220988273620605,0.5778290033340454,-1.1251368522644043,-1.429005761536421,0.9459965495771813,-0.46536436676979065,0.9014168127974538,-0.46314552426338196,0.6666666865348816
-0.8453154563903809,0.015284051696116827,0.4536844450837905,0.7119619020331053,-0.7786058187484741,0.19137928947094732,-0.019509974867105484,-0.7515579124428337,0.9587595814366597,-1.0244628190994263,1.2284725457160452,0.5
0.36712485551834106,-0.5597122311592102,0.010043300688266754,-0.5665509104728699,-0.9150308423131762,0.651624126194059,-0.050207753133666815,-0.8368530990180909,-0.7771079540252686,-1.2915949821472168,0.8017675876617432,0.5
-0.6179829239845276,0.3102141421915583,-0.5335727334022522,1.589766479369998,0.35994539763074895,-0.5634239912033081,0.8598643393936034,0.9371998097986926,0.5417729612690808,0.04406575486063957,-0.8847832679748535,0.3333333432674408
-0.3148728311061859,-1.347459384515041,0.010043300688266754,0.9755739288053396,-0.42593276500701904,1.6343842939478568,0.7218085710790769,1.1148119284970868,1.4553974832495704,-1.3603804458458606,-1.5222313550308797,0.5
1.084914498788421,2.0261520265009905,-1.5428826852009918,-0.6067628611804118,0.7979666736329248,-0.6757665276527405,-0.5639815725404241,1.1676615698269712,-0.02884166374209816,-0.1636734575324588,-0.9691107869148254,0.3333333432674408
-1.0884639440616921,-0.002756676436909508,0.21389929950237274,-0.6998776793479919,-0.7786058187484741,-0.731937825679779,-0.6089549087442078,-1.8122161021907386,0.0024010187190498314,-0.5453125232089545,1.5607155561447144,0.5
-0.2390953153371811,-0.08422506600618362,-0.5335727334022522,-0.5620987932262299,-0.5073188543319702,-0.7536605553840391,-1.277013821403373,-1.363973559817753,-1.832658163397983,-0.8241137266159058,1.0448484891600205,0.5
0.5944573879241943,0.3685359018200716,0.8266918450286627,1.5319028218412127,2.635245440375335,0.20270747544537204,1.2661648087958706,1.523043292539021,-0.8357638355283386,0.6451131105422974,-1.3834429182373829,0.3333333432674408
1.2501282078968663,1.830628733887683,-2.1644208431243896,-0.6146511191755649,0.8254267701100855,-1.2936506271362305,-1.4325001666374728,0.6237703647075727,-0.6194052339016932,-0.22306638956069946,-0.055959719836227245,0.3333333432674408
0.36712485551834106,1.4890980613052542,-1.651502212329483,-0.7220988273620605,0.5249960346882081,-0.90045166015625,-1.3618661220587438,0.6688628160671285,0.8439587354660034,0.17763182520866394,-0.9691107869148254,0.5
0.21556980907917023,-1.094635248184204,-0.397668719291687,1.5848596846434015,-0.15464581549167633,1.4408691992987566,1.4417555676988627,1.033216118812561,-0.9018054008483887,-0.7454273480271513,-1.1940887723988078,0.5
0.36712485551834106,-0.5002763271331787,1.453944965144622,-0.6799783040738451,1.3163452101901578,0.16680273413658142,0.7261123794360698,0.1840325469795495,-1.0888515710830688,-0.11741710278206785,-1.306420922279358,0.3333333432674408
-0.6179829239845276,0.4436078442575294,0.010043300688266754,-0.04421497850604425,-0.2902892827987671,0.11063144356012344,0.18260062611424388,-1.2017846936399899,0.38470999929015465,0.04406575486063957,1.971413563826058,0.6666666865348816
2.053206283180325,1.3898036302828591,0.9352270355598999,0.1315169015048574,1.03065164218663,-1.0127942562103271,-0.7645941991138303,1.9550980157800322,-0.36625583952271096,0.7118961215019226,-0.631800651550293,0.5
0.1397922784090042,1.8591246920072053,-2.0059336709736475,-0.6776565313339233,0.5806711781070968,-1.349821925163269,-1.631428511023615,0.5079136313660602,0.9063074588775635,-0.02271728403866291,-0.1258353590965271,0.3333333432674408
0.38280933915088633,-0.3814045190811157,1.1652272939682007,-0.3068763678917486,0.44982558960673974,-0.90045166015625,-1.66340406736568,0.8589871299379912,1.2495801169227876,2.6981394412175503,1.0547502040863037,0.3333333432674408
-0.5659488968906056,0.26557968460120995,0.3890240200013364,0.914117302050843,0.27672187956752486,-0.7266504088415335,1.426435712225082,0.693535614175947,-0.9018054008483887,-0.42341551184654236,-1.3817203827101134,0.5
-0.46642789244651794,-0.2511993675532107,1.8100715924249489,1.0064859535161372,-0.5607621808904966,-0.0578824058175087,0.24931472781131464,0.20937859807057863,-0.7147592306137085,-0.957679808139801,-0.46314552426338196,0.5
-0.16331779956817627,-0.6785839796066284,0.3326802956928272,-0.833204448223114,-0.6392104353495782,-1.0127942562103271,-0.0045329266509314126,-0.2775242639361626,0.24384955006461817,-0.4825462839783545,-0.723969131169358,0.3333333432674408
-0.35892410766185934,2.5839706256809394,-1.9759811144206647,-0.6554354429244995,0.9925818862778555,-1.0914314676786687,-1.7426742325501658,0.8322573487768806,2.6439503025307127,-0.02271728403866291,-0.9691107869148254,0.5
-0.16331779956817627,0.15351851284503937,0.010043300688266754,0.08610151511105864,-0.8858368427356867,-0.731937825679779,0.3736718437062679,-0.6960389174234634,-0.028923334553837776,-0.2898494303226471,0.742099887482393,0.028356769285469735
-1.5320017426596007,-0.7974557876586914,-0.5335727334022522,-0.8998677730560303,-0.9214704897303511,-0.3176972149682119,-0.7778911673188228,-1.5574752424125433,0.6569125652313232,-1.2249759214494784,0.339239244069915,0.5
-0.3148728311061859,-0.8568916916847229,1.7600768297199172,1.132988179609647,-0.39880406856536865,2.12847062418698,0.779478941111399,0.4962248372971284,-0.34066691994667053,-1.2915949821472168,-0.8847832679748535,0.3333333432674408
-1.0004238171949538,-0.5597122311592102,-1.1659764566689486,-0.5665509104728699,0.28602615944524823,1.8023108660339422,1.679121307627758,-0.06873703074449306,0.3933135831848514,0.04406575486063957,-0.9691107869148254,0.3333333432674408
-1.1836495951534365,-0.9163275957107544,-0.12586070597171783,-0.8219196012895066,-0.561576247215271,0.25043805880833697,-0.194310276357694,-0.9531853784869242,1.7132538140130273,-0.41841205904924683,0.42625881798484827,0.5
1.2196904843851313,2.3557919519529325,-0.5882489912946967,-0.20218311147567186,0.6920053227076729,-0.09593447273846226,-0.5878630215462665,1.1680810567696425,-0.15362077951431274,0.20113308252212567,-0.8004556894302368,0.3333333432674408
-0.5847019955038157,0.09408261626958847,0.21389929950237274,-0.6998776793479919,-0.5218335597767775,-0.0017111222259700298,0.13214486917895737,-1.2533524388291228,0.2828202545642853,0.24441486597061157,1.223405361175537,0.6666666865348816
2.2691723942364885,-0.6696848883492647,1.1652272939682007,1.9479409877933092,-0.04369737228808816,0.7061878988326002,0.23272605121317794,2.897141797669901,0.15812282264232635,1.4527279452157646,-1.5070186390437317,0.3333333432674408
0.29134732484817505,-0.5059481092314275,0.12475592277584899,1.1700422475587595,-0.5344475507736206,0.2229740172624588,0.12444111858494904,0.2744976805429274,-0.46536436676979065,-1.5147984571011701,0.3801299035549164,0.5
0.29134732484817505,0.27239030599594116,0.07799530029296875,-0.6554354429244995,-0.2360319048166275,1.329827620451353,0.7329342463009334,-0.5998070039292204,-0.46536436676979065,-0.02271728403866291,0.5243526696843895,0.5
-1.148425579071045,-0.9757634997367859,-0.19381269812583923,1.7252704160859262,-0.45306146144866943,1.1217145919799805,0.14644693033526607,0.7317240517505936,0.8439587354660034,-1.0244628190994263,-0.37881800532341003,0.5
0.7476149369592009,-0.8575663825701283,1.700058677339934,-0.766541063785553,-0.4801901578903198,-0.5634239912033081,0.17321467752692865,-0.21994179358783286,0.6569125652313232,-0.0895003229379654,0.49327145606792633,0.5
0.18681804485123016,-0.08422506600618362,-0.6222644669630395,-0.1718820833321685,0.1927976446709698,0.3308547017780775,-0.04443116961778593,1.0010779014813176,-0.2159694880247116,0.6673805729271094,-1.137765884399414,0.3333333432674408
0.1661444023723478,-0.4408404231071472,-0.12586070597171783,-0.7887621521949768,-0.5073188543319702,0.023153699594599276,-0.25958603092899946,-0.9931152873825585,-0.6524105072021484,-0.5569815635681152,0.4644574522972107,0.3333333432674408
-0.5488512967101938,-0.4408404231071472,-0.941284716129303,-0.9069428111697833,-0.36802594364372054,-0.17022497951984406,-0.05478597492149085,-0.13917564152975545,-0.028923334553837776,-0.49019855260849,-1.559403657913208,0.3333333432674408
-0.01176275685429573,0.9085381294152222,0.14594730734825134,0.43328843539687534,-0.697219729423523,0.6161730289459229,1.0876790349358532,0.5616920400444434,1.882575608177553,1.666861569325121,0.7303239440549739,0.6666666865348816
0.6574357632538115,-0.5002763271331787,-0.12586070597171783,-0.766541063785553,-0.561576247215271,-0.9320451223385425,-0.603153297680441,-1.3221758140520021,-1.4675808543935498,0.04406575486063957,0.6331125497817993,0.5
-0.08754027634859085,-0.9856686374873268,-0.05790869891643524,-0.8776466846466064,-0.5983603474179717,-0.12268696191587379,-0.3690501478105649,-1.2550316914200792,0.12152887037751568,-0.890896737575531,0.3886179346484649,0.6666666865348816
-0.2390953153371811,-1.094635248184204,0.34980329871177673,-0.7887621521949768,-0.5344475507736206,-0.3949100971221924,0.019713344669314778,-0.686110949970688,-0.2159694880247116,-0.22306638956069946,-0.46314552426338196,0.3333333432674408
-2.28603736445098,0.3191158694876143,-1.9366225878685106,-0.8554255366325378,-0.7969590251588925,0.5351090010504986,0.2596364873991013,-1.3049890201257983,1.5597906035624647,0.4447639584541321,0.4079862639173675,0.5
0.5944573879241943,1.5690824262024272,-0.5115282290948219,-0.7220988273620605,0.7981696771232739,-0.48890732490710753,-0.8939725544572804,0.5256164329136878,-0.2783181965351105,0.34596200036678676,-0.8004556894302368,0.3333333432674408
-0.08754027634859085,2.6267340667258723,-2.1644208431243896,-0.6776565313339233,1.5434450315665953,-1.3078295340910138,-1.5722777481836026,0.221429889101611,1.3097697415932656,0.24441486597061157,-0.1258353590965271,0.5
0.29134732484817505,-0.5597122311592102,0.6895633339881897,-0.6332142949104309,-0.3889379833352901,0.2229740172624588,0.7273460148352868,-1.0297936154828524,-0.5900617837905884,0.4773284873537364,1.2185076129241585,0.5
3.218630501359508,-0.2625327408313751,1.5566792726265857,-0.46157699918699197,0.5789955092686043,-1.0689655542373657,-0.4280751469438321,1.6369680486478595,-0.17696189966247008,2.693015670314346,-0.2101629078388214,0.5
-0.6937604546546936,0.5021853523708384,-1.3608676899145407,0.6692776673991951,-0.18043471724878887,1.1217145919799805,2.080573025725061,0.8263189534486303,0.6614300861587441,-0.04275673173893027,-1.4600405097082476,0.3333333432674408
-0.6937604546546936,-0.024789171293377876,-0.12586070597171783,-0.5441465251755899,0.9898506553760276,0.9532006978988647,0.6322126944792755,-0.4520160302553794,-0.028923334553837776,-0.22306638956069946,-0.37881800532341003,0.5
-0.2390953153371811,-0.7380198836326599,2.7420876346837386,-0.8998677730560303,-0.26620253723891835,0.33531656861305237,0.755856467953319,-1.2501532453431623,0.033425383269786835,-0.890896737575531,0.7481308477031228,0.3333333432674408
1.4692096177494816,0.9493014883221562,0.07799530029296875,-0.544329822063446,0.7470112773388646,-1.4059932231903076,-1.819844475644985,1.0209574410583426,0.9418779840599452,0.3111979067325592,0.224887683771828,0.5
-0.46642789244651794,-0.004265390228323444,-0.12586070597171783,0.27228531102398573,-0.6978819350430782,0.007130484283953683,0.0021060138045079077,-1.4517454936087586,-0.028923334553837776,-1.1977720295156895,1.7563670658634143,0.5
-0.424731324841352,-0.007032857538585267,-0.12586070597171783,1.2245368322360148,-0.3174179792404175,0.6290433160337865,1.0326113827378023,0.7712148837880536,-0.5277130603790283,0.6310773176466299,-0.7161281704902649,0.4128829569040081
-0.8853394578900812,-0.5002763271331787,0.010043300688266754,0.9432173070593952,-0.1541101957330371,0.8647963994363648,1.0477318218683185,0.4318493538497764,1.3648276541631004,-0.2718270335384109,-0.041507821530103683,0.3333333432674408
-0.3148728311061859,-0.8308216151597347,-1.1498487086125468,-0.5230319108337639,-0.2902892827987671,-0.22639626264572144,-0.28075580353169527,-0.6096636288100004,-0.34066691994667053,-0.6905476450920105,0.04281972348690033,0.5
1.123291131701191,-1.0351994037628174,-0.12586070597171783,-0.833204448223114,-0.12751711905002594,0.46422943903436786,0.6881706318842974,0.04855011763604747,-0.46536436676979065,-0.7573306560516357,-1.0534383058547974,0.5
-0.6554307929991743,0.9260005209891865,-1.2994616048491,-0.906462167483678,-0.39880406856536865,-1.0689655542373657,-0.26730505395391113,-0.9165603364148712,-0.9641541242599487,-0.8241137266159058,-0.5474730730056763,0.3333333432674408
-0.8453154563903809,-0.7974557876586914,0.010043300688266754,-0.6998776793479919,-0.9687665974733262,0.623244950200824,0.24274782460861027,-1.0837565174303094,1.349417903543744,1.5879822347106538,0.6484532019044943,0.8333333134651184
-0.46642789244651794,0.017412444169254325,-0.19155469462850833,5.300680377283104,0.42976159601290814,1.1917221722319165,1.1601113713236326,3.282442286677015,-0.48780846971914327,0.3111979067325592,-1.137765884399414,0.5
-0.9968705177307129,1.2710748327927226,-0.8016612202078152,-0.7887621521949768,0.4441242442552469,-0.0578824058175087,-1.1576195590021043,0.3252570107686163,2.2980144654766077,0.637669619071315,-0.2101629078388214,0.41923817763057525
6.353549003601074,-1.5701223611831665,9.11561107635498,-0.9887523055076599,-1.2940510511398315,14.546651840209961,5.739711284637451,5.3161420822143555,4.896625518798828,9.794388771057129,3.078611373901367,0.0
-0.46642789244651794,1.6526577560411493,-1.1803626612981546,-0.6109932065010071,-0.07325971871614456,-0.17022497951984406,-0.43662650365821276,-0.46041064921916125,0.9686561822891235,1.8907280178560184,2.0397891835329665,0.6666666865348816
-0.6937604546546936,1.8723922168868208,-0.650590316296411,-0.6998776793479919,0.7061377509705034,-0.9566229581832886,-1.500113252775944,0.1750853474368836,2.0761144576730017,0.37988015351964927,0.129586372505329,0.5
3.5077716697531254,-0.024789171293377876,1.0293233394622803,-0.6998776793479919,0.062383756041526794,-1.4059932231903076,-1.5502925514982873,1.123584426507138,-1.5239028208537198,0.7413230643514072,-0.46314552426338196,0.5
1.3438162168480778,2.45574145135014,-1.758307203601427,-0.6998776793479919,0.4968009315730072,-0.9351428993688127,-1.378015989790154,1.033216118812561,-0.2159694880247116,0.4447639584541321,-0.5474730730056763,0.3333333432674408
0.5186799168586731,-0.2625327408313751,-0.5335727334022522,-0.016950027164157316,0.39239517286631387,-1.385347891302676,-1.7415836614919133,0.6738396624162316,0.6569125652313232,-0.42341551184654236,0.4644574522972107,0.5
0.5186799168586731,0.5252169744129802,-1.555980050370495,-0.6554354429244995,0.3249702750238472,-0.45108139514923096,-0.7905790590490755,-0.524516495662755,0.46986642479896545,0.24441486597061157,1.5677630840153705,0.5
-1.069225782246257,-0.08379598043473391,-0.4656206965446472,2.7872260944832417,-0.4801901578903198,-0.40902509365248124,0.15685134113327145,0.5627566771583745,0.34516897797584534,-0.49019855260849,0.8604647894800567,0.5
-0.7695379853248596,0.20304876234540628,-0.18822019537168602,0.12621442383607803,-0.2902892827987671,-0.26582247454431146,0.8270219892613779,0.3750731212993745,1.2449218163805786,-0.14654763488997155,-0.9675315613142863,0.3333333432674408
-1.611341625876031,-0.6201809038604336,-0.722910345571381,3.357826426873857,0.20443668607124682,0.16738280639791764,-0.014365805308629326,1.4651650627607098,0.6569125652313232,-0.890896737575531,-0.7161281704902649,0.5
-0.5422053933143616,-0.3814045190811157,-0.6694766879081726,0.04657963404148558,-0.34454667568206787,-0.23002903206979985,0.352260179723749,-0.39160587674964753,-0.5900617837905884,1.1118306830933093,-0.2944904565811157,0.5
-0.16331779956817627,-0.5002763271331787,0.14594730734825134,0.2930513739121941,-0.5344475507736206,-1.3981379364474429,-0.010401030119674685,-0.07630088612464782,-0.4030156433582306,0.17763182520866394,0.7174400687217712,0.3333333432674408
-2.58819842338562,-1.5693110721401757,9.11561107635498,-0.9887523055076599,15.037424087524414,14.546651840209961,1.1542188677780603,-2.504372753803257,-3.1463592052459717,-2.092991352081299,-2.1496963500976562,0.5
-0.9210929870605469,0.27239030599594116,-1.3704078465825549,-0.44308283542347254,-0.45306146144866943,0.675869057021084,0.08207954772685998,-0.5233848640852651,0.8439587354660034,0.3111979067325592,0.8017675876617432,0.5
-0.8531335193646404,-0.9757634997367859,-0.6015247106552124,2.692648291330413,-0.2631605863571167,1.6117231337611184,1.2722988810401188,1.5366802246791995,-0.8567709883214991,-1.1169687538206938,-1.339467686491329,0.6666666865348816
0.2770638749303264,-0.7731718401561086,-0.4656206965446472,-0.766541063785553,0.08003006090675027,-0.3949100971221924,0.36290026702707306,-0.03238301800479648,-0.10720783663253108,0.23679259091645338,-0.8906136020173108,0.3333333432674408
-0.39065036177635193,-0.2625327408313751,-0.36911316388504156,0.8209649739053707,-0.4801901578903198,1.2378681519968635,1.5882941532464439,0.18440719243768794,0.46986642479896545,-0.2898494303226471,-0.31641412706222044,0.5
-0.6937604546546936,-0.7974557876586914,0.6216112971305847,0.5326162086118231,-0.2672593334595047,1.8276829775922157,0.41434928059354237,0.145612627758284,-0.9018054008483887,1.9667453442005605,-0.37881800532341003,0.6666666865348816
-0.16331779956817627,-0.26556375291062695,0.8934193253517151,0.31744535821509984,-0.18177451193332672,1.3905150517449052,1.2071201067455968,-1.0766725234642263,-0.5672378250815706,-1.9293259813846175,1.2351735618701487,0.5
-0.08754027634859085,0.5761638283665905,-1.3909224315956497,-0.7259801230379138,-0.15464581549167633,-0.3949100971221924,0.2069464606390757,-0.1831001342260512,-0.9641541242599487,-0.2898494303226471,-1.137765884399414,0.3333333432674408
0.039819172390788415,0.12334653250657127,-1.4335935444188908,-0.11928524439617816,-0.8964563569606908,-1.2936506271362305,0.04653723142395645,-1.3136255725067143,-2.910521723728714,1.5790667547510564,2.053214140926525,0.4737911252354153
-0.5422053933143616,-0.251605402750913,1.0057523093817768,-0.6776565313339233,-0.561576247215271,0.8594087482051176,1.502207077766446,-0.45172822049994016,-0.22724620132509205,0.9790282845497131,0.08705984133304107,0.06919591825843904
0.06401476263999939,-0.5002763271331787,-0.397668719291687,-0.6998776793479919,0.3156482676014455,0.2229740172624588,0.7183128036962019,-1.209861883606729,-0.7308202077153065,-0.8241137266159058,1.2295902367643288,0.3333333432674408
-0.46642789244651794,0.33166210793250434,-0.3025226937476082,-0.021733655350287154,-0.8126630417928744,-0.897145880467161,-1.2029581643254645,-0.7704981003983054,0.8836159971344961,-1.0318907114119897,1.5607155561447144,0.5
-0.13021604223597155,1.7544716540519776,-2.1644208431243896,-0.6332142949104309,0.2656549867871633,-1.4059932231903076,-1.751775833121107,0.8534103574784283,1.750687427636234,0.37798094749450684,-0.8847832679748535,0.3333333432674408
-0.3148728311061859,-0.5597122311592102,-0.3297167122364044,1.4760078010220292,0.8086010561049088,1.065543293952942,0.4451299711687975,0.9286017659397596,-0.8370686176317024,-0.3566324710845947,-1.1367557889447388,0.3333333432674408
-0.49937577761884666,-0.5002763271331787,-0.7517549522396156,-0.8554255366325378,-0.42593276500701904,0.11063144356012344,0.11962754604687188,-0.6885115695651697,0.4185775608067271,0.020133429233678245,-0.2944904565811157,0.5
1.343221709603421,-0.2625327408313751,1.375155905735202,-0.6776565313339233,0.09612065638077409,-0.564356002269616,-0.6544330965734041,0.2580154091639648,-0.46536436676979065,1.592796923039298,0.778738962129127,0.5
1.4904575746751973,0.9344386724334275,0.691618017773993,-0.7571247758205262,2.4148581339980857,-0.8442803621292114,-0.17571281899438032,1.2701760768568309,-1.430599753321049,3.2078148213918287,-1.4750760793685913,0.3333333432674408
-0.16331779956817627,-1.094635248184204,0.4857073128223419,0.08325844759808324,-0.4801901578903198,-0.8442803621292114,-0.9198695607047431,-0.5955601094479965,-1.3445584264391386,-1.3583780527114868,-0.1258353590965271,0.5
-0.16331779956817627,-0.6279554263177911,0.25027818782759603,-0.5613555745987207,-0.8328632116317749,0.17565448701489228,-0.35828920114798724,-1.0002855689350036,0.39470409664913697,0.17763182520866394,0.41830048841862655,0.6666666865348816
-1.224203109741211,-1.213507056236267,0.4857073128223419,0.35147988697127713,-0.34454667568206787,0.11831148170597537,0.4937397025684887,-0.32018770409539676,0.6569125652313232,1.3531146272287056,-0.1258353590965271,0.5
1.579316466662552,-0.3814045190811157,1.1652272939682007,-0.5863247600863607,0.7240026607129029,-0.45108139514923096,-1.3221050581111806,1.1102400778567778,0.7192612886428833,3.4637651764773163,-0.2101629078388214,0.1666666716337204
-0.9968705177307129,0.8500785271456307,-0.05790869891643524,-0.6109932065010071,-0.34895055328688596,0.5038304328918457,-0.1160689355266697,-1.8839004595642703,0.8439587354660034,-1.0244628190994263,2.197050289169724,0.6666666865348816
0.5186799168586731,1.9893256333636902,-2.0697734673941004,-0.544329822063446,-0.2631605863571167,-0.3387388288974762,-1.3278236716492908,0.38145043331804124,0.19218395205444708,0.4447639584541321,-0.2101629078388214,0.3333333432674408
2.50197559048057,0.3936840877543738,0.5872972075354873,0.7766096467420996,1.6899050122500976,0.27061192917996035,-0.4273326427304439,2.056908228272541,-0.2159694880247116,-0.0895003229379654,-0.37881800532341003,0.5
-0.5422053933143616,-0.7974557876586914,0.28185129165649414,-0.8776466846466064,-0.7786058187484741,-0.731937825679779,-0.40052665006577315,-1.3903220082485879,0.9686561822891235,-1.0244628190994263,0.7603859027968062,0.6666666865348816
-0.39065036177635193,0.21295440196990967,-0.21991065765405826,-0.7443199157714844,-0.01900232955813408,0.05446016043424606,-1.4718066178420552,0.5620620534368602,1.8604650259026096,1.4121997539844304,0.7362520659791877,0.5
0.5186799168586731,1.2107441227198208,-1.5278543480965514,-0.6554354429244995,0.5613458001244673,-1.1251368522644043,-1.0597275488892262,0.8314571023100191,0.7192612886428833,-0.02271728403866291,-0.631800651550293,0.3333333432674408
0.5944573879241943,-1.5472249670956855,0.21389929950237274,-0.723437336602885,-0.990967031858103,-1.1783202066224683,-1.1043074804807176,-0.8553181886672974,-1.899014038691898,1.298978935386409,-0.5474730730056763,0.5
-0.7695379853248596,1.2015140351804452,-0.12586070597171783,-0.5429908444278032,-0.14527120964122459,-1.237479329109192,-1.5865403295041483,-0.024076326263819826,1.607207753541813,1.5151987264653881,1.00273245777609,0.6666666865348816
-0.6937604546546936,0.6400922912744308,-1.5844261996629903,0.3232510679100483,-0.2631605863571167,0.7846868634223938,1.757710429680044,0.22028976153371474,-0.34066691994667053,-0.6237646341323853,-0.7161281704902649,0.3333333432674408
-0.3148728311061859,0.9559383737999392,0.34980329871177673,-0.5463438587736309,0.3412398845838541,-0.934615686694392,-1.168637976557219,0.7243157193087008,1.837791908239824,0.04406575486063957,-0.7276214355057927,0.5
0.21556980907917023,-0.9757634997367859,0.6853624725766945,-0.6998776793479919,-0.561576247215271,0.33531656861305237,-0.19173659692175024,-1.1532630738435379,-3.000995657095517,-1.1096854975769739,-0.1258353590965271,0.5
-0.16331779956817627,1.4216843796816898,-1.7888531138033696,-0.684798111883668,0.7645421357767913,-1.0689655542373657,-1.5217733330205645,0.6414521935175881,1.1682562360842907,-0.02271728403866291,-0.531193987071439,0.3333333432674408
0.6702349185943604,0.32807863067483084,0.010043300688266754,-0.6684687896617125,0.709103066606697,-1.3265599818857656,-1.5651750317458166,0.36042473708230505,0.2940171538137911,1.3016640246625408,0.954327690721125,0.6666666865348816
-0.3148728311061859,-0.6493051652544974,-0.6494972914060647,0.6931565935743873,-0.5887049436569214,1.051835193951272,1.3541302698817457,0.5859033660776116,0.2204715460538864,-0.42341551184654236,-0.46314552426338196,0.5
-0.27519727366093777,-0.9192863916015269,-0.12586070597171783,0.6998812901540056,-0.5102340180213372,0.17077501238413187,0.5183829115185395,-0.05809001562282142,0.13987030927533964,-0.3990316018364387,-0.041507821530103683,0.3333333432674408
-0.8453154563903809,-0.6191481351852417,-0.07703868253369725,1.6754938272749227,-0.13212861984756805,1.2796514376751582,0.626481932340989,0.6635587292995105,0.5322151184082031,-0.6905476450920105,-0.631800651550293,0.5
1.2361045987815547,2.396709160601746,-2.0803516261976154,-0.7443199157714844,0.8347653735680457,-1.349821925163269,-1.7655117185855933,1.0633414719712817,-0.15362077951431274,1.4822496655513933,-0.962887153563867,0.3333333432674408
-0.8453154563903809,-0.3814045190811157,0.8934193253517151,0.40981692943465525,-0.42593276500701904,-1.4059932231903076,-0.21796288674836142,-0.22316976524958548,-1.151200294494629,1.3117069268346528,-0.8847832679748535,0.3333333432674408
-0.029743974528493138,1.2128971079914272,0.29207616147091087,0.2760764849601345,-0.15464581549167633,-0.5151368430142108,-0.14467041744111198,-0.5971377675691513,-0.46536436676979065,-0.49019855260849,1.1390777826309204,0.5
-0.5422053933143616,-0.20309685170650482,1.2136116992722918,0.5653262551974371,-0.2631605863571167,-0.11405368894338608,0.347778394266952,0.4324257763032254,-1.04778167560574,-0.3566324710845947,-1.2220934629440308,0.3333333432674408
-0.16331779956817627,-0.7974557876586914,1.0754970260571624,-0.6776565313339233,-0.5285325485303415,0.7164922096770254,0.16988846558424675,-1.5234608235435376,-0.9698203218376852,-0.16870806184643544,1.6497509364716136,0.6666666865348816
-1.4461896293828644,-0.5597122311592102,0.07799530029296875,-0.6776565313339233,-1.053057917086441,0.5962497197839223,0.05815193743495753,-2.1306394593315763,0.9686561822891235,-1.2041110066847813,1.8882855602845388,0.6666666865348816
-0.08754027634859085,-0.14366096258163452,-0.8053807020187378,1.9866464730952453,-0.15464581549167633,-0.7881091237068176,0.12695052825622805,1.668655189338908,0.5945638418197632,-0.2898494303226471,-0.7542504932254408,0.5
0.36712485551834106,-0.2625327408313751,2.3199998080147943,2.2218238334541103,-0.3174179792404175,1.2901986743723504,1.0129989288325194,1.5154780097719784,-1.7348922123812969,-0.4237263336154886,-1.3468261622858893,0.3333333432674408
-0.01176275685429573,-0.3814045190811157,-0.12586070597171783,0.06253750864935008,-0.7786058187484741,0.5786026022934347,-0.29973442052281996,-0.9637987581633628,-0.5900617837905884,-0.890896737575531,0.8017675876617432,0.5
0.2637478874300608,6.416030952569588,-2.1644208431243896,-0.7443199157714844,1.350153722298276,-1.430342659784732,-1.8255645577846669,0.5613945990626774,1.6199811760800236,-0.0895003229379654,-0.3953256376689234,0.3333333432674408
-0.01176275685429573,-0.9757634997367859,0.7697652799471251,-0.6109932065010071,-0.25288308551758665,-0.2825675308704376,0.1121327253194046,-0.868521042255796,-0.34066691994667053,-0.3549089134011813,0.21147480607032776,0.5
-0.7695379853248596,-0.6191481351852417,-0.12586070597171783,-0.5427816522514579,-0.697219729423523,0.2791453003883362,0.9885363120786655,0.27219725722440885,0.5301224552988559,-0.3566324710845947,-0.9703182947236592,0.5
-0.3148728311061859,-0.20309685170650482,1.0293233394622803,1.2119370486199577,-0.2631605863571167,-0.7212909957357114,0.5865051387863944,0.9588425195160825,0.16085791200441352,-0.2999035928144141,-1.0534383058547974,0.3333333432674408
-0.46642789244651794,-0.5002763271331787,1.203965183287844,0.6922891675821448,-0.5887049436569214,0.8207676918669194,1.3337205931422496,0.04317876002289236,0.3184774299310238,0.17763182520866394,-0.041507821530103683,0.5
1.1911913157391802,-0.7974557876586914,0.3432700994917145,-0.6776565313339233,-0.5344475507736206,-0.12400049795419103,-0.2958572699260755,-0.20550286898682937,-1.439225468249193,-0.0984777190528032,-0.4532464371439075,0.3333333432674408
-0.8453154563903809,0.7220864905076075,-0.8053807020187378,-0.766541063785553,0.3170771040649486,0.2791453003883362,-0.6745212855822448,0.3880784031744156,2.3576650413790188,1.023904980002073,-0.8442941742076274,0.5
-0.46642789244651794,0.3834087081506865,-0.397668719291687,0.5271828202417914,-0.5073188543319702,-0.8634493454580033,0.04626813908426688,-0.3287811060319268,0.34516897797584534,0.24441486597061157,0.12714727222919464,0.5
-0.28657414056335645,-0.6785839796066284,0.8254672884941101,-0.766541063785553,-0.5073188543319702,0.05446016043424606,0.6775913889697813,-1.3967302871787288,-0.127385611818759,-0.02271728403866291,1.4435812204135559,0.3333333432674408
-0.5476528010640725,-0.6191481351852417,0.34980329871177673,-0.5665509104728699,-0.3873981367739982,-0.8442803621292114,-1.1649715224783344,-1.365056611230136,-0.15362077951431274,-0.42341551184654236,1.813698172569275,0.6666666865348816
0.4429023563861847,0.975771537094088,0.34980329871177673,-0.6554354429244995,0.8811585686005579,-0.3949100971221924,-0.7514118649061878,0.8237483892862527,0.0957741066813469,0.21214621709720244,-1.3431124692618863,0.5
-0.3148728311061859,-0.24523705619324493,-0.704054436841805,0.16231740558967675,-0.39880406856536865,1.2191939357596353,1.1650257618990019,0.1392281227998233,0.2828202545642853,-0.8241137266159058,-0.4645535962146124,0.3333333432674408
0.29134732484817505,0.43616124350272917,-0.6798068874173905,1.6661494095950191,-0.5688972778144362,-0.24280154018542383,0.23881684125576372,0.22847920642671155,-0.7147592306137085,-1.0244628190994263,1.1390777826309204,0.3333333432674408
0.21095517474260383,-0.06593975783413664,1.2165940164117794,1.656359113249647,-0.4801901578903198,0.7699917567222558,0.664766075462213,0.03547963465063169,-0.9665577849346848,-1.0739927895158317,1.5607155561447144,0.6666666865348816
-0.46642789244651794,-1.292172429386316,0.1486106604614379,-0.7220988273620605,-0.45306146144866943,0.2791453003883362,0.3028075918250639,-0.24834847320366266,0.7192612886428833,-0.8273986060238853,-0.37881800532341003,0.3333333432674408
0.9702472339891157,0.5929708587994943,0.09196028792328796,-0.6776565313339233,0.3748136297625858,-0.731937825679779,-1.480427436942757,0.8494879490296452,-0.20439648983013842,0.4447639584541321,-0.7161281704902649,0.5
-1.072648048400879,0.47717442000959476,0.43104300865770734,1.8590959594677823,-0.4801901578903198,-0.45108139514923096,0.7117508230727807,0.8431910373676456,-0.028923334553837776,0.5422539874166061,-0.37881800532341003,0.3333333432674408
-2.58819842338562,7.345261573791504,-2.1644208431243896,-0.9887523055076599,-1.2940510511398315,-1.630678415298462,5.739711284637451,-2.504413366317749,4.896625518798828,9.794388771057129,3.078611373901367,1.0
-1.072648048400879,-0.6191481351852417,0.4177553057670593,1.7095529018956395,-0.18177451193332672,0.23126144164397297,0.3635436792077161,0.9014758080771794,-0.7147592306137085,-0.3566324710845947,-1.343195172407042,0.3333333432674408
-0.5422053933143616,0.33182618021965027,-0.19381269812583923,1.489321852283188,0.24363030583806283,0.05446016043424606,0.6567353424204936,0.4340398239387188,-0.5900617837905884,0.18038445341331974,-0.30991731366421715,0.3333333432674408
4.559749133916062,0.5101338624954224,2.021184280146006,-0.5887720584869385,0.6363605867700357,-0.7089433508478834,-1.368737859315317,1.3194266454117987,-0.9018054008483887,0.7649732818773746,-0.8004556894302368,0.3333333432674408
-0.21313091639659668,-0.6785839796066284,1.1652272939682007,1.9187576540422213,-0.18177451193332672,1.449102239834031,1.5356524935218028,1.1570205520530736,-0.34066691994667053,1.0140410414048542,-0.8847832679748535,0.3333333432674408
0.5186799168586731,0.5789415433536893,-0.397668719291687,-0.6554354429244995,0.5619867819085433,-1.0689655542373657,-1.5640476258400742,0.7593438256525523,0.32577857470345123,1.296652849630394,-0.5305761967967342,0.5
-0.3148728311061859,-0.6191481351852417,-0.12586070597171783,0.5247395634985211,-0.3220148956914327,-0.6195952296257019,-0.35962127184492715,0.2924796446693367,0.9063074588775635,-1.3750090912579083,-0.6081503270909732,0.3333333432674408
-0.6937604546546936,0.20104817377813675,-0.4656206965446472,0.49164328358846726,-0.2089032083749771,0.6161730289459229,0.6108596945382281,0.08337868016353653,-0.15362077951431274,-0.2898494303226471,-0.7161281704902649,0.5
0.1397922784090042,0.27239030599594116,-0.2617647051811218,-0.8109833002090454,0.29157720416718896,-0.6757665276527405,0.269191887298949,-0.04048115934272574,-0.2333960592962869,-0.49019855260849,-1.0162722656171368,0.3333333432674408
0.1397922784090042,-0.5597122311592102,-0.12586070597171783,1.6397700339296537,-0.6429623365402222,0.7833687819304761,0.4583238779910317,0.1237333786195233,-0.028923334553837776,-1.9894992360317174,1.223405361175537,0.5
-0.6179829239845276,-0.20309685170650482,0.21389929950237274,-0.6332142949104309,-0.740463488357386,0.8006766868182011,-0.3122014222445318,-1.6586463618202272,0.34516897797584534,-0.6905476450920105,1.5607155561447144,0.6666666865348816
-0.01176275685429573,-0.7380198836326599,0.7549267421838005,-0.6998776793479919,0.062383756041526794,-0.5634239912033081,0.16624309094332396,-0.5894816154006988,-1.0983454204108116,0.17763182520866394,-0.2101629078388214,0.5
1.5175356218869112,-0.7380198836326599,0.6003612346707992,-0.766541063785553,-0.6700910329818726,-1.4095504972694137,-1.7560318763921379,-0.45573638777101805,-0.9641541242599487,1.1874337568248008,0.7149845496718386,0.5
0.5504036245709939,-0.3814045190811157,0.4397340919929565,-0.6202495260853057,0.3991670324857747,-0.9642592797152503,-1.5366411207718036,0.32181308886969534,0.23757968580155264,0.24441486597061157,-0.1258353590965271,0.6666666865348816
0.29134732484817505,0.03464672341942787,-0.12586070597171783,-0.6554354429244995,0.459221967124265,-1.246200161899081,-1.7234176677569155,0.03043673223589137,0.5322151184082031,0.6451131105422974,0.7512014734065757,0.7055691444084842
2.6887721114386998,0.33182618021965027,1.3059467037666246,-0.5665509104728699,0.9416794391051474,-0.4839354617038577,-1.3660115526492087,1.5014258024753204,-0.14987962203984698,2.0358738448419786,0.7174400687217712,0.5
-1.072648048400879,-0.6322124265929915,1.1652272939682007,-0.5259058914813257,-0.9897924780365387,0.5600017309188843,0.364149002778543,-1.6948351346794033,0.8377924444605688,-1.0244628190994263,1.7734290435781768,0.5
-0.8453154563903809,-0.6191481351852417,-0.5555111181836186,-0.544329822063446,-0.6158336400985718,-0.6195952296257019,-0.6070663061781197,0.18694591455146775,2.0988354150737547,0.17763182520866394,-1.0534383058547974,0.5
-0.6937604546546936,-0.20309685170650482,-0.12586070597171783,-0.6332142949104309,-0.6158336400985718,-0.8442803621292114,-0.4779833124330621,-1.7406123900500252,-0.5277130603790283,-0.957679808139801,1.5607155561447144,0.8462702446196598
-0.3148728311061859,-0.6501574116594568,-0.2617647051811218,0.6425592796340229,-0.2230654801535247,0.8892436077647192,0.655180152715312,0.457231606946566,0.5322151184082031,-0.3566324710845947,-0.7161281704902649,0.3333333432674408
-0.9210929870605469,-0.20309685170650482,-0.4301760094729769,0.2725436416066051,-0.2631605863571167,-1.349821925163269,-1.2350591207786883,-0.8169922357283195,0.6569125652313232,0.3111979067325592,1.1390777826309204,0.5
-0.2390953153371811,0.33182618021965027,0.4722574921857811,-0.6109932065010071,-0.2631605863571167,-0.8442803621292114,-0.9824858081127215,-1.1935708436393762,-0.4030156433582306,-0.890896737575531,1.3106431608319498,0.3333333432674408
-0.01176275685429573,-0.6785839796066284,0.4802405284213529,2.628923521175624,-0.18177451193332672,1.9561524788082802,1.2976400596424458,1.3509454715672575,-0.6524105072021484,-0.6237646341323853,-0.8847832679748535,0.4191030846603792
-0.6937604546546936,-1.094635248184204,0.5034164546595026,0.72404961046066,-0.39880406856536865,0.46809237575632706,0.1381772896796219,0.3475924532977805,0.033425383269786835,0.11649661605319797,-0.8847832679748535,0.5
-0.6179829239845276,-0.4408404231071472,-0.941284716129303,-0.08724926012016916,0.24786729346394304,1.2893591595019644,0.6610364394043539,-0.368217920618976,-0.5097321620435731,-0.5569815635681152,-0.7389989524916639,0.5
0.36712485551834106,-0.6191481351852417,0.281758464367231,-0.6554354429244995,-0.05019341730362946,-1.349821925163269,-1.7030022867444647,0.5626870731240309,0.9970016238713828,1.5845912437426013,1.3587604064663013,0.5
0.36712485551834106,-0.5597122311592102,0.34980329871177673,-0.8554255366325378,0.30920328778662787,0.2791453003883362,0.8735323488016784,-0.6126585352387526,1.4128021471761716,-0.22306638956069946,0.4039524212656311,0.5
0.29134732484817505,2.093595152016418,-0.6015247106552124,-0.6842136836075148,-0.0108420177252925,-1.349821925163269,-1.5389912135732267,0.3042138792986809,0.6569125652313232,-0.7573306560516357,-0.914926301558472,0.3333333432674408
1.991484420254954,0.6695956999046986,-0.014260281263189994,-0.5665509104728699,0.6364524096429599,-0.0017111222259700298,-0.3461546583328046,1.0084393960051432,-0.15225285807598818,0.09904069269640861,-1.137765884399414,0.3333333432674408
-0.3148728311061859,0.15351851284503937,1.1674250908838963,0.288522445507472,-0.10038841515779495,1.203914897360652,1.0467121070756131,0.4286140382104031,-1.3622206878657284,-0.9557694666406658,-1.559403657913208,0.3333333432674408
2.3966710016948483,0.6531236808274001,1.7105134275421434,-0.39354021507014725,0.7416065182452668,-0.7889881703556402,-1.4403866032710344,1.8231785868871084,-0.18658184522994054,1.293009304254858,-0.2944904565811157,0.5
-0.5422053933143616,-0.7380198836326599,0.010399716692512405,-0.8554255366325378,-0.07325971871614456,-0.9566229581832886,1.0413508955543953,-0.6660550464862206,0.2828202545642853,-0.5211049059533552,0.21147480607032776,0.3333333432674408
0.7956587122253885,-0.14005304292808263,0.9950483551293582,-0.6554354429244995,0.1903061604030378,-1.2936506271362305,-1.6949271404018191,0.5196849912165107,0.6312567354196714,1.132877340638619,0.7174400687217712,0.5
-0.3148728311061859,-0.3814045190811157,0.5536593198776245,1.697642250376341,-0.30919846180731353,1.9428707887061503,1.6778040313963882,0.8983207941055298,-0.6524105072021484,-0.25449422731561755,-1.137765884399414,0.5
-0.3148728311061859,-0.024789171293377876,0.07799530029296875,2.2677799994981127,-0.3932172788504952,1.1217145919799805,3.144713073511591,1.9536735803023435,1.6735743895833293,-0.061451701895590904,-0.8847832679748535,0.3333333432674408
-0.3148728311061859,-0.6191481351852417,0.07799530029296875,2.2314079725227884,-0.37167537212371826,1.664085863244735,1.5678590041368712,1.8371488289020266,0.5322151184082031,-1.095608842158999,-1.380054798680013,0.5
0.9476902925388012,-0.2625327408313751,0.8934193253517151,-0.5887720584869385,-0.1412257099220214,-0.30539907383295456,-1.1455463460318727,0.23999146971417412,0.5945638418197632,0.7786791324615479,0.12714727222919464,0.5
-0.6424808211499644,-0.6191481351852417,0.010043300688266754,-0.8554255366325378,-0.45306146144866943,0.6723442673683167,1.310512506118144,-1.0659492169593783,0.06363052956042296,-0.8525835395828827,-0.041507821530103683,0.3333333432674408
-0.6937604546546936,-0.3219686448574066,-0.4656206965446472,2.804502437962114,-0.18177451193332672,1.9582753778512663,1.8694650825601853,1.3889525355070154,0.06126883700408256,-0.49019855260849,-0.8847832679748535,0.3333333432674408
2.031129394909063,0.39269161651341894,1.0293233394622803,-0.5665509104728699,0.570034723356169,-1.0899666905694714,-1.2483258854457748,1.33113872859166,-0.15362077951431274,0.8447633572263762,0.02079133258318075,0.5
-0.16331779956817627,1.2850462035572563,-1.1903993335265477,-0.7220988273620605,0.61257119727982,-0.6195952296257019,-1.5496540684922095,0.056803591082534896,1.5152123288097386,0.24441486597061157,1.813698172569275,0.5
-0.46642789244651794,1.8664541792522802,-1.5909588119835858,-0.5971330202928887,0.7451358492495894,-1.507281838031305,-1.4970681736862315,0.6610386978328846,0.8439587354660034,0.17763182520866394,-0.5940558377169454,0.3333333432674408
3.7928314076125824,0.03464672341942787,1.0293233394622803,-0.17299100727858094,-1.1561103556675705,-0.3387388288974762,0.8616222107528648,0.5611142322588558,-2.328713638585727,0.37798094749450684,1.2261161154826055,0.010156698517387697
1.2076728081633692,-1.1035442967139402,0.45017991860431406,-0.4753079549655289,-0.2902892827987671,1.6792612270587717,0.6331408463793103,0.3478603098703266,0.7192612886428833,1.0287795029953413,0.12714727222919464,0.3333333432674408
0.04547516514425978,-0.6368259502229674,0.010043300688266754,0.6383726192773855,-0.7243484258651733,1.888180557156734,0.45953957087383535,-0.191424302712951,-1.6524653492487247,-0.2898494303226471,0.3801299035549164,0.6666666865348816
5.554053774464642,0.6693629041802276,1.0098526328752657,-0.6554354429244995,0.24791767669512974,-0.5634239912033081,0.0993034145735556,1.3708835342986825,-1.0265028476715088,0.9122452139854431,0.04281972348690033,0.3333333432674408
-0.9968705177307129,0.21295440196990967,-0.7481237987907474,0.4862521612520199,-0.2360319048166275,-0.11405368894338608,0.9398364194877091,0.018490079543330158,-0.34066691994667053,0.1108487918972969,-1.137765884399414,0.5
-0.39065036177635193,-0.6030125046134892,0.14594730734825134,0.739426517562807,-0.5012258985043078,10.559166643400062,2.2599460193459646,0.2807943053633863,-0.46536436676979065,-0.890896737575531,-0.9263314595241063,0.3333333432674408
-0.16331779956817627,-0.6639096991801509,-0.2617647051811218,1.5059332118088145,-0.3747222878122468,-0.3949100971221924,0.25322567867871404,-0.05228729672401635,-1.2120268278217576,-0.22306638956069946,0.33277449660035074,0.5
-0.5589478562278566,-0.14366096258163452,-0.05790869891643524,4.747543098673152,-0.10038841515779495,0.6183161912498812,1.4363909723414903,4.078471888050319,2.436114666556289,-0.7573306560516357,-0.9691107869148254,0.3333333432674408
0.12681361309221867,-0.5794256723723696,0.14594730734825134,-0.6554354429244995,-0.8197296672257385,0.14403153474637495,0.22480642670303108,-0.9652038949682393,0.0806555713921363,-0.0895003229379654,0.8017675876617432,0.6666666865348816
1.2709904817970583,-0.024789171293377876,0.8436397228847787,-0.6109932065010071,0.38797463621869244,-1.3730897683052838,-1.7122817345145334,1.2606905721673165,0.08611260706375992,1.393838756135691,-0.2038281227278525,0.5
-0.08754027634859085,-0.3219686448574066,-0.4656206965446472,-0.6332142949104309,-0.5344475507736206,1.0523044779454027,0.7458017702603082,-1.3900669871258573,-0.6899034061296947,-1.0955070166496423,1.223405361175537,0.5
-0.16331779956817627,-0.7348457860880666,0.01960303355974427,-0.7443199157714844,0.538350362067308,0.16680273413658142,0.7979805380643237,-0.7199049940698383,0.7508853558866638,-0.957679808139801,0.3801299035549164,0.3333333432674408
-0.6179829239845276,0.17810946308389333,-0.397668719291687,0.6832299471225491,-0.2089032083749771,1.2898410081693061,1.8094630476454043,0.6447763881715995,0.43197207068465104,0.3111979067325592,-0.9691107869148254,0.3333333432674408
0.6702349185943604,0.1324308613481609,0.34980329871177673,0.620951766432353,-0.3174179792404175,-0.3779427515898226,0.9262287336919457,0.29034291286800784,-0.15362077951431274,-0.3566324710845947,-0.1258353590965271,0.3333333432674408
0.5186799168586731,-0.08422506600618362,1.0293233394622803,0.7400542965091618,-0.4801901578903198,3.8057447608380057,1.5298963885035197,0.7454478788201249,-0.5277130603790283,-0.3566324710845947,-0.8847832679748535,0.5
-0.46642789244651794,0.15298664854249447,-1.9275358076717641,-0.8554255366325378,0.08656904208214547,-1.2672750075360144,-1.1119604403794654,-0.5222255450271479,0.15812282264232635,-0.957679808139801,-0.46314552426338196,0.3333333432674408
-0.3148728311061859,-0.8228846215887787,1.1463774974316674,0.617633631422142,-0.49629392676122785,0.4141179864717416,-0.1216704594653886,-0.31867571653657734,0.4882683207473124,1.3327345655992124,0.5487849712371826,0.6666666865348816
0.1397922784090042,-1.3849936657858444,-0.8337341273567213,-0.41898595355957585,0.14437072319838842,1.3403848458510168,1.9988678555465953,-0.03740336064609058,0.15812282264232635,-1.1677223620868233,-0.34849695427322347,0.5
-0.3148728311061859,-0.4408404231071472,-0.11650258491862733,-0.7887621521949768,-0.6158336400985718,-0.3387388288974762,-0.29445509655817004,-1.4548441146321065,-0.6524105072021484,1.0221395159594562,1.685820429686769,0.5
0.8426542095672301,1.415753796714657,-0.6015247106552124,-0.5340360167020994,1.4553419930966003,-0.3134202773882196,-0.3648893158931646,0.9520067879014167,-0.2783181965351105,0.847539103468117,-0.8511720588337468,0.5
-0.46642789244651794,-0.20309685170650482,0.14594730734825134,1.081080550308965,-0.34454667568206787,1.2179455169143818,1.46061735582037,0.6904914123537786,0.4480085052063294,-0.49019855260849,-0.9691107869148254,0.3333333432674408
-1.1262194362216091,-1.4460160760037741,0.010043300688266754,-0.8498565339574012,-0.697219729423523,-0.13339129494218702,-0.4546189730321806,-1.5547712533644444,1.200465038730449,-1.0078627350046878,0.941846976407181,0.6666666865348816
-0.46642789244651794,-0.6191481351852417,-0.12586070597171783,-0.7443199157714844,-0.6700910329818726,-0.45108139514923096,-0.6213223003452504,-1.5237625751862358,-0.461759301987332,0.4447639584541321,1.5607155561447144,0.6666666865348816
-1.2229331013970344,0.9084614114580016,-0.87206585126853,1.7637997519627087,-0.561576247215271,-0.11405368894338608,0.7260662131035409,0.37807283587811735,0.7520161582632413,0.1108487918972969,0.2761920237158323,0.5
0.06401476263999939,1.8618393921338552,-1.1055253915512038,-0.7443199157714844,0.4724086077349932,-1.3399316590592991,-1.3435833936438508,0.7911299493073974,0.8474177566447353,0.4447639584541321,-1.306420922279358,0.5
6.353549003601074,-1.213507056236267,9.11561107635498,-0.9887523055076599,-1.2940510511398315,14.546651840209961,5.739711284637451,-2.36100877617883,4.896625518798828,9.794388771057129,3.078611373901367,0.0
-0.10296577605050364,-0.024789171293377876,-0.600014658732681,-0.5283762643052853,-0.424103091935454,-0.30771596840345666,-0.4910619476432547,-0.8980620867679066,-0.8394566774368286,-0.7573306560516357,-0.07678697738717652,0.5
-0.6937604546546936,-0.15842173110025293,-0.3297167122364044,0.6324631434296475,-0.2397491321803433,0.9446249894184743,1.2028002137532345,0.42225536032764177,-0.46536436676979065,-0.6905476450920105,-1.2220934629440308,0.3333333432674408
-0.5422053933143616,0.6537450572414809,-0.051651428573485994,0.27937050739468516,-0.7111160411334368,-1.0127942562103271,-0.6367997705744508,-1.2652732099327,-1.2410546393154127,-1.3199612060962909,1.3418502223274884,0.5
-0.6179829239845276,0.15351851284503937,0.15001786347324708,-0.5216359461777087,0.372272459935818,-0.8442803621292114,-1.5304658552250023,0.3747971743436426,0.9063074588775635,0.6451131105422974,0.22438002862170126,0.5
-0.01176275685429573,-0.3218467270628559,-0.4398866993842303,1.216141284040706,-0.2089032083749771,-0.18251024246799605,-0.3471241052012378,-0.11346849369579531,-1.4005951881408691,-1.8991774898752003,0.5487849712371826,0.5
-1.272060794741873,-0.3814045190811157,-0.4656206965446472,-0.4824345874517849,-0.4801901578903198,-0.11405368894338608,-0.3239434786018763,-1.4039886780689852,-0.46536436676979065,-1.0912458896636963,0.7174400687217712,0.5
-0.9968705177307129,-1.5333946797921536,-0.4656206965446472,-0.7098403314119264,-0.561576247215271,2.5197185470540098,1.1914353713899504,-0.7118869529133595,0.9063074588775635,-0.687424099622756,-0.1258353590965271,0.3333333432674408
1.1037504976389814,-0.9757634997367859,0.7348187541722625,-0.6776565313339233,0.04211253587826381,-0.22639626264572144,-0.22001725321168372,-0.02605999653164817,0.4361725363671335,0.04406575486063957,0.9074441700188938,0.5
-0.2390953153371811,-0.3814045190811157,-0.06284368830101111,-0.6554354429244995,-0.15464581549167633,0.4528522635134237,1.2274019734777553,-0.20549416553381084,1.4233828941915936,0.4447639584541321,0.3801299035549164,0.3333333432674408
0.29134732484817505,-1.213507056236267,0.5211076786606038,-0.766541063785553,0.24256393763124048,0.4476591646671295,-0.0695093046746652,-0.04915532285251526,1.0033653840144106,-1.2915949821472168,-0.8004556894302368,0.5
-0.8453154563903809,-1.510235544422522,-0.19967662586972756,0.14087743553293153,-0.45300099400326765,-0.2825675308704376,-0.33348569698518704,-0.12421757872920611,-1.511537934674686,-0.6905476450920105,-1.137765884399414,0.3333333432674408
-0.6179829239845276,1.1263875401265402,-0.19381269812583923,-0.6332142949104309,-0.15464581549167633,-1.1251368522644043,-1.509644057561497,0.34842111517102625,0.9219245655855826,0.6451131105422974,-0.631800651550293,0.5
1.0048350430618835,-0.2625327408313751,1.1652272939682007,-0.6554354429244995,0.3170847261504619,-1.4002546767489028,-1.8109115465762073,0.5874338493803669,0.46986642479896545,1.1461622975274497,0.7390763812308426,0.6666666865348816
-0.6179829239845276,-0.6191481351852417,-0.5335727334022522,-0.8776466846466064,-0.5575579473328077,0.7599188981002942,0.7630023401262865,-0.5039146617106247,0.2828202545642853,0.4447639584541321,-0.8847832679748535,0.3333333432674408
1.3839518077420592,-0.5597122311592102,0.6895633339881897,-0.6998776793479919,-0.2631605863571167,0.13826592258225723,1.4103406221218824,-0.698927154336908,-1.1838695873705565,0.24441486597061157,0.5487849712371826,0.5
0.4356058219463559,-0.5002763271331787,0.5190804568060615,-0.09829166056079779,-0.2360319048166275,0.16680273413658142,0.2882758808682955,-0.3620425053434831,0.6754754651168204,0.17763182520866394,1.0547502040863037,0.6666666865348816
-0.3373872297327991,-0.14366096258163452,-0.397668719291687,-0.4998875558376312,-0.33346769368262263,-0.3387388288974762,-0.5515129407134545,-0.6018531612082355,1.1551596590315074,0.4264058095079377,1.378815535665583,0.5
-0.01176275685429573,-0.024789171293377876,-0.7350114245237584,-0.3833094854951162,-0.42546615124049836,0.33531656861305237,0.2954673052788958,-1.0584793242554993,-0.18110011139991833,-0.7573306560516357,0.975711366559922,0.6666666865348816
1.051898538701468,1.502532856856573,0.4197019613494358,-0.11344548832342691,0.837277686576296,-0.731937825679779,-0.6875682414444395,1.3223711312836914,0.9703844602995222,1.316936319203849,-0.2101629078388214,0.3333333432674408
-1.148425579071045,-0.3814045190811157,-0.5138772402910491,0.5874300276071831,-0.5073188543319702,-0.2825675308704376,-0.17093455058150134,-0.39240056158013203,0.7816100120544434,0.09468572720938845,0.3801299035549164,0.5
-0.8453154563903809,-0.3219686448574066,0.010043300688266754,-0.16048027613515378,1.1897160209016986,2.098165496599314,1.0597887395602275,-0.5711960259009051,-0.13805226313106356,-0.2898494303226471,0.3801299035549164,0.5
-0.6937604546546936,-0.16012888013273313,0.28185129165649414,-0.6109932065010071,-0.697219729423523,-0.0017111222259700298,-0.36909559449732904,-1.5636927384237767,-0.02792444843754383,-0.25555780982333914,1.5607155561447144,0.7771159360846663
-0.8928617601757227,-0.8568916916847229,-0.397668719291687,-0.8998677730560303,-0.555064460814809,-0.3949100971221924,0.43525294048668617,-0.8016444071353488,-0.2783181965351105,-0.6905476450920105,-0.8847832679748535,0.3333333432674408
-0.2062702244867995,-0.0544451381774388,-0.6251043522282618,-0.027020269244031978,-0.17900968029522965,0.9156795960178647,1.2047838948711387,-0.13730207866895291,-0.9641541242599487,-1.0809813318140233,-0.5576177294947341,0.3333333432674408
-0.6179829239845276,-0.48494449959738206,-0.12586070597171783,1.070443910962132,-0.18177451193332672,1.1217145919799805,1.463967782222377,0.6348130460863787,-0.9641541242599487,-0.3566324710845947,-1.0534383058547974,0.5
-0.46642789244651794,0.6767693632493655,-0.941284716129303,1.7730919876939437,-0.2278303458338245,-0.22639626264572144,2.0412881439870363,1.4288762809432272,0.7816100120544434,-0.3566324710845947,-1.4876088807563992,0.3333333432674408
-0.08754027634859085,-0.7993640259951815,-0.1352077247401932,-0.8776466846466064,-0.936640882280669,-0.8392705060025877,-0.8497161746380082,-1.0716231585974771,-1.3082500220951097,0.24441486597061157,0.32540320045886356,0.5
-0.8453154563903809,-0.5597122311592102,-1.4831340227679453,-0.6776565313339233,-0.3519173273293942,0.15911703999145532,-0.44314278908196486,-1.7265840118290903,0.6394096127483229,-1.0458098250389536,1.5607155561447144,0.5
2.6185203652012823,0.34049277443632014,0.6895633339881897,-0.5887720584869385,0.6787520565618842,-1.237479329109192,-1.5748254782749842,1.2508939047190322,-0.04644602446585025,1.2936058703339621,0.5487849712371826,0.5
-0.16331779956817627,-0.8568916916847229,-0.03745344961960285,-0.4946793709579915,-0.4528806837716864,-1.0689655542373657,-0.10929764432867256,-0.3732552847586772,0.6569125652313232,-0.04771027383011337,-0.041507821530103683,0.3333333432674408
2.6368080939224123,-0.4408404231071472,0.7943429923035904,-0.7887621521949768,0.3172650445275785,-1.349821925163269,-1.659895503341292,0.7440325819381265,-1.6009670051614817,0.3111979067325592,-0.46314552426338196,0.3201051626552726
-0.16331779956817627,0.4916452545999034,1.1652272939682007,0.11145807250951742,-0.697219729423523,-0.4621816148194685,-0.34846791419709117,-1.4950051485333522,-0.34066691994667053,-1.5406728261883778,2.8185699319514885,0.6666666865348816
-0.6179829239845276,1.6657348709911621,-1.3426225493361161,-0.6332142949104309,-0.34454667568206787,-0.9566229581832886,-1.6466531195446483,0.037545239379858535,1.0157810172118025,-0.3566324710845947,-0.37881800532341003,0.3333333432674408
-2.3516747860527865,0.3935075631827336,0.07799530029296875,1.4269054604756986,-0.8136840278107306,-1.2053448137309282,-0.9059090343769325,-0.3943027850769345,0.8641393827077153,-1.9101414779342707,0.3801299035549164,0.5
1.0129655884694384,-1.094635248184204,1.1652272939682007,-0.7443199157714844,-0.5887049436569214,-0.9186232791611221,-0.2585547356205088,-0.3218475494109301,-0.028923334553837776,0.17763182520866394,0.4018903496028269,0.3333333432674408
0.1397922784090042,-0.3814045190811157,0.6895633339881897,1.8081000230459487,0.11096747553171865,0.5452473856611919,0.9240992869439474,0.10565352891688023,-1.100617686792739,-0.957679808139801,0.9704226851463318,0.6666666865348816
-0.6179829239845276,-0.9163275957107544,-0.4656206965446472,1.6101226527444183,0.5778290033340454,-0.3949100971221924,0.5975503178498245,0.9175027309426651,-0.4030156433582306,-0.890896737575531,-1.4545631313467957,0.5
-0.46642789244651794,0.2249511322545589,-0.2617647051811218,-0.6109932065010071,-0.8335201044282815,-0.45108139514923096,-0.7996898266171193,-1.4563840894372386,0.5322151184082031,1.4222920037450721,1.7757325442512066,0.6666666865348816
-0.2390953153371811,-0.7380198836326599,-0.9711698313272856,1.6454889222991302,-0.2902892827987671,2.0256297837427804,0.6169729132834133,0.681938733800414,-0.6981844924857522,-0.6237646341323853,-0.5474730730056763,0.3333333432674408
0.36712485551834106,-0.20309685170650482,0.010043300688266754,-0.7443199157714844,-0.5887049436569214,-0.3619518286356297,-0.0572274760339334,-1.131285338837712,-1.0128994778396962,0.04406575486063957,0.7174400687217712,0.3333333432674408
0.29134732484817505,-0.3531080835224417,-0.19381269812583923,-0.796049477666182,-0.2631605863571167,-0.0578824058175087,-0.16580738689677182,-1.5560372287885265,-0.6294324457662905,-0.49019855260849,1.392060399055481,0.6666666865348816
-0.16331779956817627,-0.14366096258163452,-1.0695230360899974,-0.7220988273620605,-0.21357552819975062,0.888709429398609,0.3342816448681716,-0.6131977189319402,0.8867441313108904,0.3111979067325592,-0.029931272272419276,0.5
1.4457410903769623,-0.9794739522717508,0.8934193253517151,-0.8109833002090454,-0.34454667568206787,-1.0689655542373657,-0.08793750864268078,-0.5609547811114451,-0.2159694880247116,0.7420579838207381,1.0358924027967438,0.6666666865348816
3.583867762619503,-0.024789171293377876,2.7172868899350586,-0.5623028374711165,2.5243134207588516,-1.2936506271362305,-1.775331181248244,1.8770982886610201,-1.0265028476715088,3.133276618631765,-1.137765884399414,0.5
0.40671420987327006,-0.3219686448574066,-0.7466953809725512,1.4370543910985047,-0.2089032083749771,0.36797177039780593,1.5575209592307786,1.565805965361942,-0.710853773616664,-0.6237646341323853,-1.559403657913208,0.5
-0.2390953153371811,0.00404524532220461,-0.4656206965446472,-0.7220988273620605,0.030731727032716524,-1.1003622019477388,-1.4046516366547703,-0.04704852955769145,0.7192612886428833,-0.3566324710845947,-0.5474730730056763,0.3333333432674408
-0.39065036177635193,0.5840504706791776,-0.5335727334022522,-0.5665509104728699,-0.2631605863571167,-0.3949100971221924,1.2094282263390146,-0.5004249230080053,-0.8299258233873279,-1.1580289602279663,-0.9691107869148254,0.5
-0.5643446197967772,-0.9163275957107544,-0.05317793125755682,-0.7220988273620605,-0.561576247215271,2.075044425208969,0.8431731862536073,-0.866569944613839,0.9376610798205164,2.0848539195658358,0.3823501774741028,0.6666666865348816
0.6261353152946274,1.760069810688219,-0.941284716129303,-0.6332142949104309,-0.18177451193332672,-1.3650968075530618,-1.536486981817932,0.8523862882853346,-0.6524105072021484,-0.0895003229379654,-0.9691107869148254,0.3333333432674408
-0.3148728311061859,-0.7380198836326599,0.15195574301675613,2.936128114425014,-0.415476474772829,1.639050900075535,1.052269544378861,1.8275444686846314,-0.5277130603790283,-0.8241137266159058,-0.9691107869148254,0.3333333432674408
0.7460124492645264,-0.6191481351852417,0.14594730734825134,-0.8554255366325378,-0.2902892827987671,-1.0689655542373657,-0.17305266198044097,-0.40291674226431273,-1.3962994820929153,-0.02271728403866291,-0.7161281704902649,0.3333333432674408
-0.7695379853248596,-0.7179061473798602,0.4857073128223419,-0.4914268933608157,-0.5887049436569214,-0.5072526931762695,0.34250774768897424,-1.0874339276342673,0.5945638418197632,-0.15628336369991302,1.392060399055481,0.6666666865348816
0.36712485551834106,-0.20309685170650482,-0.4656206965446472,2.0255395583355273,-0.21893704557810756,-0.9566229581832886,-0.050901141246908345,1.4256848808287637,-0.47662331886731957,-0.6905476450920105,-1.306420922279358,0.3333333432674408
-0.01176275685429573,-0.6191481351852417,0.5536593198776245,-0.7220988273620605,-0.4524321970101063,0.16680273413658142,0.828022736906941,-1.1387449840116763,-0.8984854758474519,-0.49019855260849,0.6331125497817993,0.6666666865348816
-0.5422053933143616,-0.6191481351852417,-0.6971970212235761,1.1318861820522261,-0.6697689446487839,1.1832070656816132,0.034495843865401624,0.15178554557256344,-1.6609308329367358,-1.3583780527114868,0.21147480607032776,0.6666666865348816
0.6826260046778684,-0.7974557876586914,0.3464514673992533,-0.6998776793479919,1.1712269739212897,-1.0689655542373657,-1.7242749352849591,0.04809683781801238,0.9063074588775635,0.9122452139854431,1.392060399055481,0.6666666865348816
-0.8223960348985373,0.07202433315716263,-0.42831553489185265,-0.5665509104728699,-0.34333525396575626,0.19547198006685326,0.6491336288178744,-1.4575390211111885,1.0977526497164554,-0.22306638956069946,1.5607155561447144,0.6666666865348816
0.21556980907917023,0.8584601003532307,-1.4810616739003741,-0.6776565313339233,1.1212697130388243,-0.6195952296257019,-0.01043919227548826,0.393433363859843,0.2828202545642853,-0.42341551184654236,-0.8847832679748535,0.3333333432674408
-2.213991828546733,-0.548375793934061,-0.29978892574221117,0.8643161935465336,-0.5887049436569214,-0.8442803621292114,-0.0644217716975681,-1.3233645597535468,0.8736454729630546,-1.3583780527114868,2.1784895821246093,0.6666666865348816
-0.46642789244651794,-0.3219686448574066,-1.0297608535187925,-0.5152916404023964,-0.5073188543319702,0.5120061014747269,-0.05050705896968806,-1.3178608826108478,-0.5284994174558865,-1.0825481747341719,1.392060399055481,0.5
-0.5422053933143616,-0.4408404231071472,-0.2617647051811218,1.3685723022937941,0.5691304802438373,1.614064091441962,1.6918769678701644,0.9185869433090923,-0.2159694880247116,-0.22306638956069946,-1.2220934629440308,0.3333333432674408
0.7460124492645264,-0.2789420054964503,-0.2617647051811218,-0.027814062201734168,-0.6038814504141121,-0.8459773005455766,-0.7298997953859077,-1.2824192861815609,-1.7508880949016867,-0.2898494303226471,1.8077736295671412,0.5
0.21556980907917023,0.8107091744047811,-0.2617647051811218,-0.4639555395621357,0.5041230056202022,-1.237479329109192,-1.6001555710546733,0.2938118327608174,0.48369525614211034,0.07983358598617045,-0.12999947394203518,0.5
-0.6179829239845276,-0.8568916916847229,0.14594730734825134,0.6785171969597092,-0.18177451193332672,11.130141798362011,1.5084487986087127,0.2214681261028741,-0.13851512426754337,0.5115470290184021,-0.46314552426338196,0.3333333432674408
-0.16331779956817627,1.5493286085966163,-0.397668719291687,-0.7443199157714844,0.5794737762783324,-1.0689655542373657,-1.6924758848299801,0.8432386458391233,0.9063074588775635,0.4202055992753195,-1.2220934629440308,0.5
0.8217899799346924,-0.7505399295540897,0.34980329871177673,-0.8918219547522814,-0.6336399010590961,-0.45108139514923096,-0.5099652684393643,-0.8218372209458341,-1.4786668751704404,-0.3566324710845947,-0.1258353590965271,0.3333333432674408
2.0442893828019146,-0.14366096258163452,1.1652272939682007,-0.6332142949104309,0.8434745656296812,-0.6733303862306352,-1.3666330473279664,1.033216118812561,0.12845144841166614,0.8894735608903388,0.5492581020969137,0.3333333432674408
-0.5474893478144596,-0.08422506600618362,-1.4943936550845587,1.413201519557073,0.062383756041526794,1.5987958212287734,0.3650199399330525,0.6585216958448755,-1.0888515710830688,0.24441486597061157,-0.9691107869148254,0.3333333432674408
0.8217899799346924,-0.4408404231071472,1.9005304590295922,-0.6554354429244995,-0.39880406856536865,-0.0017111222259700298,0.48569271817521176,-0.08168083046827682,-0.2783181965351105,-1.0244628190994263,-0.2101629078388214,0.3333333432674408
-0.3216373285827321,-1.0351994037628174,0.7703966346255009,1.8403746611159604,-0.07325971871614456,0.0949433377360865,0.18259206530149893,1.033216118812561,-1.7212489521295002,-0.3108295510956887,-1.137765884399414,0.5
0.4914613573501978,-0.21694226428948687,1.1652272939682007,0.28636536546381963,-0.3174179792404175,-0.8442803621292114,-0.07677432984530502,-0.5072235038936493,-0.5277130603790283,-0.7471810990408838,1.1390777826309204,0.3333333432674408
-0.5422053933143616,-0.6191481351852417,1.04158125630186,0.13374234328239737,-0.42593276500701904,2.3174992690431915,1.159507251936392,-0.09816851068484203,-0.6791413602636299,0.24441486597061157,-1.0172646954883378,0.5
0.06401476263999939,-0.5906949053086954,1.8058899535093536,1.4069273074430488,-0.12751711905002594,2.548686201089458,1.616764043079617,1.033216118812561,-0.27340002454264556,0.04406575486063957,-1.2220934629440308,0.5
-0.16107793212506977,-1.213507056236267,0.5494670854429267,-0.5887720584869385,-0.45306146144866943,-0.11405368894338608,-0.10288771172815055,-0.8553181886672974,0.0037698505505196003,-0.5569815635681152,0.12714727222919464,0.6666666865348816
-0.18064196808784141,-0.5597122311592102,-0.3297167122364044,-0.766541063785553,-0.15464581549167633,-0.10633956224485347,0.02655146832544695,-0.06203955241564661,0.4075177013874054,0.04406575486063957,-0.9442787227421948,0.6666666865348816
-0.6937604546546936,-1.35055216708469,-0.12586070597171783,-0.8109833002090454,-0.561576247215271,-0.8442803621292114,-1.0857459824986546,-1.2502256102089855,-1.619942325492905,-0.7418346140591334,0.21147480607032776,0.3333333432674408
-0.8453154563903809,-0.14366096258163452,-0.6199451585367198,-0.6554354429244995,-0.7786058187484741,-0.0017111222259700298,-0.3056736234411867,-1.4663828492513657,1.5435957315750752,0.9122452139854431,1.813698172569275,0.9868539035731752
-0.08754027634859085,-1.094635248184204,1.0293233394622803,-0.8603879516649622,-0.2340886940376884,-0.7052123739100014,-0.10026890243391232,-1.0130562083808377,-0.34066691994667053,0.3111979067325592,0.3801299035549164,0.5
1.3307231795024126,-0.20309685170650482,0.5536593198776245,0.6069328862248752,-0.9482018927659985,-0.0578824058175087,0.13021989533955255,0.008201517581668365,-0.34066691994667053,-1.036652351878562,1.381106977100979,0.6666666865348816
0.8876339149335352,-0.2625327408313751,0.8862756406189236,-0.7220988273620605,0.12790555895759986,-0.7153015393264267,-1.40319037340983,0.7623170381196981,0.7816100120544434,1.4922379813640998,0.29580235481262207,0.5
-2.045017608906822,-1.4898574787631869,0.010043300688266754,-0.8558773096945982,-0.5344475507736206,0.7846868634223938,0.29801564217017434,-0.8141513051111807,2.2268652388933017,-0.6905476450920105,-0.631800651550293,0.5
0.4429023563861847,1.3588625450063114,0.6216112971305847,2.102352737431629,-0.10038841515779495,1.3599907125402044,3.0976530172843884,1.8765776965144352,-0.46536436676979065,1.9011102659279313,-0.9691107869148254,0.3333333432674408
2.2645515856789533,1.408342705866173,0.07799530029296875,-0.500287796537609,1.490230302033475,-0.7682010885155885,-0.4865483276640872,1.3257149747630474,-0.5997401210400468,1.5147767861225716,-0.041507821530103683,0.3333333432674408
1.8965704938332184,-0.024789171293377876,1.6995572191426649,-0.6554354429244995,1.1498134934614992,-1.2151515560555373,-1.5156075962807678,1.0793735777359756,-0.09127205610275269,2.3353753263240233,-0.2101629078388214,0.5
-0.16331779956817627,0.6368515992480103,-1.8563442685630245,-0.5353283856931113,0.7073041744712888,-1.0689655542373657,-1.099337188857812,0.20762914059030327,-0.07280777185180351,0.5739595949078218,-0.37881800532341003,0.5
-1.224203109741211,-0.5597122311592102,0.13399005082006624,-0.786418778336395,-0.561576247215271,-0.8442803621292114,-0.14636264300866217,-1.0586292211595119,0.9870046185442681,-0.15628336369991302,-0.1258353590965271,0.5
-0.6179829239845276,-0.5002763271331787,1.1652272939682007,-0.7220988273620605,-0.2360319048166275,-0.8101715976995829,1.2687233524611141,-0.36725228471161964,0.8048842371395043,0.34172481834388424,-0.5474730730056763,0.5
-0.9210929870605469,0.27239030599594116,-0.6441738828484962,-0.8757567560473222,0.5845428507126187,0.05446016043424606,0.029980896476427467,-0.4024361174101541,-0.4030156433582306,-0.15628336369991302,-1.306420922279358,0.5
-0.6179829239845276,-1.0351994037628174,-0.6694766879081726,0.9533000111179394,-0.10038841515779495,0.6519241888595806,0.9789756261422756,0.27962448215784197,-0.3119728766047023,0.3111979067325592,-0.1258353590965271,0.3333333432674408
-0.46642789244651794,-0.3219686448574066,-0.4030385008046396,-0.7220988273620605,-0.9682092135614955,-0.0578824058175087,-0.4015902918494307,-1.998516671272788,-0.7771079540252686,-1.0912458896636963,2.4255238211858132,0.6666666865348816
-0.08754027634859085,-0.7974557876586914,1.1652272939682007,0.2877875882051228,-0.4494360986557081,2.6653022432476927,1.2723907947328634,-0.3301254553227606,-0.6885200633818538,-0.0895003229379654,-0.37881800532341003,0.5
-1.224203109741211,-0.6191481351852417,0.4857073128223419,-0.8776466846466064,-0.17669289570106952,0.4446859795103256,0.031147742703069,-0.9093054527809451,-0.09127205610275269,-0.15628336369991302,-0.13736256294411137,0.5
-0.01176275685429573,2.7569926389331196,-0.12586070597171783,-0.6109932065010071,0.9581319401803539,-0.2375710190898203,0.3101266519494902,0.8514393702800017,0.4858089456489299,1.1090202547433186,-0.9691107869148254,0.3333333432674408
-0.6937604546546936,-1.213507056236267,0.4857073128223419,0.44439793688526824,0.2600069463650972,0.5216894569102767,1.217101730684731,0.4011357004353655,2.6221522092861176,-0.22306638956069946,0.8017675876617432,0.5
-0.6179829239845276,-0.08422506600618362,-0.4656206965446472,-0.8554255366325378,-0.6158336400985718,1.3218541335841691,0.6022423689364421,-1.6918517279612315,-0.8394566774368286,-0.8241137266159058,1.147125044921746,0.3333333432674408
0.21556980907917023,0.48111349390649655,-0.2617647051811218,-0.5012524768298284,0.16668025030381545,-1.1972680715374653,-1.7840980949427256,0.03941358601142492,0.9686561822891235,0.031924635029326034,0.9704226851463318,0.5
-0.8453154563903809,-0.47855897138269404,-0.5335727334022522,-0.766541063785553,-0.45306146144866943,-0.3498743558924886,0.33292787992551415,-1.3968691071057608,-0.028923334553837776,-1.1934705602404514,0.7174400687217712,0.5
-0.46642789244651794,-0.8568916916847229,-0.5335727334022522,1.52833632233981,-0.2902892827987671,2.3841822483192665,0.8576847694645052,0.23217522312459854,-1.0265028476715088,-1.2915949821472168,-0.6283704178742842,0.5
-0.5532510877867778,-0.20309685170650482,-1.2970124023969023,0.716095842416522,0.26134534463612935,0.31755998160155846,0.542235855788746,0.361330859725263,-1.5004477655810133,-0.49019855260849,-1.4047892391430248,0.3333333432674408
-0.3148728311061859,-0.14366096258163452,0.4857073128223419,2.471644441433572,-0.39880406856536865,1.6758374943665317,0.8432905052463562,0.9267441596776418,-1.028548781270689,0.04406575486063957,-0.37881800532341003,0.5
-0.6179829239845276,-0.7380198836326599,-0.4656206965446472,1.9594862405442743,-0.561576247215271,-0.3820720999044399,-0.023566891952879747,0.7943506802095476,-0.028923334553837776,-0.8621135081313945,-0.46314552426338196,0.3333333432674408
0.008265848124528328,-0.2625327408313751,0.4177553057670593,0.03956938490574921,-0.37167537212371826,0.11063144356012344,0.7001961644444206,0.12319055511935577,-1.199013682095104,-1.0244628190994263,-1.306420922279358,0.3333333432674408
0.42521793939723523,-0.6191481351852417,0.4290121744817274,0.6188934059230308,-0.37167537212371826,0.5038304328918457,0.361016298706602,0.3616938161105423,0.0957741066813469,-0.7573306560516357,-0.46314552426338196,0.6666666865348816
-0.9210929870605469,0.5086231433803832,-1.442530190068572,0.7153935630733118,-0.2631605863571167,-0.5430184589692757,0.19242811353566822,0.12574010343108394,0.4075177013874054,0.37798094749450684,-0.6369163221483133,0.3333333432674408
-0.8453154563903809,-0.3219686448574066,-0.738382764089621,0.15766049017686182,-0.6429623365402222,1.381792746148232,0.6314249233962311,-0.939975601044809,0.2204715460538864,-1.0912458896636963,0.7636751604188576,0.5
0.21556980907917023,0.33182618021965027,-0.9393720724106293,-0.6332142949104309,0.26925214105140693,-0.8442803621292114,-0.9490761746407893,0.39043277101171997,0.6569125652313232,-0.5569815635681152,-0.8847832679748535,0.3333333432674408
0.3260760643810502,0.09357830542577268,1.255845013640367,1.5611987527564457,-0.30312530429774764,-0.605192712927854,1.5568764247337143,0.8719675013635776,-1.2580029396308339,1.5338715406542842,-0.631800651550293,0.3333333432674408
-0.7695379853248596,-0.6785839796066284,0.8934193253517151,0.7143640563034879,-0.34454667568206787,0.6723442673683167,1.8708035668347718,0.31640652881698933,-0.5900617837905884,-0.3944848292984217,-0.9691107869148254,0.3333333432674408
-0.4433443994859108,-0.5597122311592102,0.010043300688266754,0.8954894123142756,-0.6429623365402222,-0.731937825679779,0.2935678337910303,-0.5932321089699722,0.34516897797584534,-0.3566324710845947,1.223405361175537,0.6666666865348816
-0.9210929870605469,-0.02239692516496842,-2.1545004816144195,-0.7443199157714844,-0.10038841515779495,-0.11405368894338608,-1.5274061456313666,-0.3745201449863713,1.6167328926364855,1.8889344422109438,0.537375518524691,0.3333333432674408
0.6702349185943604,1.7305849270611497,-1.961667044169075,-0.4998875558376312,0.7155817732135645,-1.0205574184600956,-1.5824925213561016,1.0925443972879532,0.46986642479896545,0.17763182520866394,-0.8847832679748535,0.3333333432674408
-0.16331779956817627,-0.6785839796066284,-0.4656206965446472,-0.8109833002090454,-0.12751711905002594,0.16680273413658142,0.6840707922077216,-0.388991486760597,0.7816100120544434,0.12512279207706486,-0.631800651550293,0.5
1.5877672307870008,1.6711789353323845,1.8202707152514914,-0.6776565313339233,3.4804837091779186,-0.6040316044305988,-1.0933937147413286,0.9648472474974669,-0.2159694880247116,2.339728791545773,-0.041507821530103683,0.5
0.8254910823465103,-0.892366069388076,0.010043300688266754,1.8233373444055876,-0.15464581549167633,-0.6195952296257019,-0.08076257342292392,1.033216118812561,0.2828202545642853,-0.3566324710845947,-0.2101629078388214,0.5
-0.5422053933143616,0.05449927656257461,-0.7255148572145004,-0.8554255366325378,-0.3896135369034468,-1.0689655542373657,0.5693954361192739,-0.6133306771134015,-0.4303138271250652,-0.6237646341323853,-0.631800651550293,0.3333333432674408
0.562015361226842,-0.6785839796066284,1.1652272939682007,-0.5887720584869385,-0.4801901578903198,-0.7568498233324102,-0.28491498844504726,-0.2896168715013161,-0.2183426049898775,0.4447639584541321,1.3681322084239151,0.5
0.078172644847191,-0.9757634997367859,0.28185129165649414,-0.8879794827254951,-0.34454667568206787,-0.33369557742515504,-0.3485087956359263,-1.1505913058615806,-0.2783181965351105,-0.02271728403866291,0.2987956986718116,0.3333333432674408
-0.6937604546546936,0.4972482431654871,-0.12586070597171783,-0.6554354429244995,-0.2631605863571167,-0.6842885324312203,0.1038571241134598,-1.469455760949159,0.2828202545642853,0.4786269931167074,1.8510351841404857,0.5
-0.5422053933143616,-0.2625327408313751,1.2642929559512694,0.7866978714128501,-0.42593276500701904,1.5614661695201517,0.775147176847163,0.5134697413960049,-0.9018054008483887,-0.6237646341323853,-1.137765884399414,0.3333333432674408
0.06401476263999939,-0.32395677107823806,0.010043300688266754,1.067465675546298,-0.12751711905002594,1.414315631390097,1.3291252663183843,0.6900808506987205,-0.6403076782597797,-0.49019855260849,-0.8847832679748535,0.5
-0.46642789244651794,-0.2625327408313751,2.689070637265317,0.7611628598978513,-0.7243484258651733,0.4476591646671295,0.7825004775443191,0.7470305902645937,-1.0265028476715088,-1.4833399415351765,-1.5275359008965892,0.3333333432674408
2.450186304836956,1.8698393153304447,-0.10282447283515059,0.3831334063214634,1.0690369910571142,-0.5634239912033081,-0.33220916532507655,2.007888291161046,-0.46536436676979065,0.3111979067325592,-1.137765884399414,0.1666666716337204
3.282494719041094,1.4093152111751257,2.116994242661831,0.029571562343043478,0.858314948113495,-1.4199687554320066,-1.751095352348223,2.02947331256497,-0.46536436676979065,0.4447639584541321,-1.137765884399414,0.5
1.1484413809542915,0.4775429812809279,0.8286921731906605,-0.4546928423197768,0.9240202949225004,-0.7283887507216708,-1.2548657910910634,1.356343834975031,0.9686561822891235,0.9995585035551328,-0.631800651550293,0.5
-0.6179829239845276,-1.213507056236267,-0.3198003799203732,0.07209346338538504,-0.527474499468336,0.5038304328918457,0.09956740621194206,-0.8727605467112167,0.15812282264232635,-0.9833306669512485,0.9704226851463318,0.5
-0.3148728311061859,-1.0270436050295122,-0.05790869891643524,-0.7046533352055628,-0.5073188543319702,0.4711198632503822,0.009743421876054465,-1.238725217930586,1.0049411073955619,-0.5569815635681152,1.3736989214917374,0.5
-0.7695379853248596,-0.906825572300287,-0.2617647051811218,-0.8554255366325378,-0.561576247215271,0.5600017309188843,0.1397878499043653,-1.089309321554525,-0.15362077951431274,-0.890896737575531,0.677553361541836,0.3333333432674408
0.1397922784090042,0.21024598433921185,-0.05790869891643524,2.012913952138763,-0.38251548647598405,-0.9598212290595007,-0.8472024702505231,0.39216921696993734,0.4500431927120157,-0.957679808139801,1.267114436817403,0.1666666716337204
-1.072648048400879,1.3935011835368922,-0.6122572276837843,-0.9073518713275412,-0.18177451193332672,-1.0025038889851292,-0.42609527073099224,-0.595158156922423,-0.3505753542400273,-0.9057820959575904,-0.9691107869148254,0.5
-0.08754027634859085,-1.1751986387274242,-0.2617647051811218,-0.6149239964648806,-0.6158336400985718,-0.41163903345563463,0.04516764286446016,-1.3355626282534392,-0.7532419085479092,0.3111979067325592,1.617873581475557,0.6666666865348816
1.5112873579829593,0.47935958307603166,0.4177553057670593,-0.43627012374478563,0.5778290033340454,-1.3505468248276749,-1.8183809037087448,0.36497167535557073,0.46986642479896545,-0.10206423873487167,1.2971425542090387,0.5
-0.7695379853248596,-0.5002763271331787,-0.12586070597171783,-0.6109932065010071,-0.6158336400985718,1.289480493415168,0.7243564437530795,-0.4777551091757759,-0.6524105072021484,2.1601470616721374,-0.041507821530103683,0.5
0.21556980907917023,2.07310961699696,-2.1644208431243896,-0.6313685617756913,0.22738340913828972,-1.0689655542373657,-1.0443489544773294,0.72799126737866,1.3427485227584839,-0.02271728403866291,-0.9691107869148254,0.3333333432674408
-0.6937604546546936,-1.444598999137705,-0.05557568308159317,0.44651650809841975,-0.5467959568536097,-0.22639626264572144,-0.17273006275956798,-0.24843343637640797,0.5945638418197632,-0.22306638956069946,0.36563065060503885,0.6666666865348816
-0.2666235617743608,-0.3219686448574066,0.010043300688266754,1.5340621129258398,-0.9852867761917097,-0.5634239912033081,0.13287862514871504,-0.061268476418630945,-1.2606017255854478,-0.2898494303226471,1.0723504886227304,0.5
-0.2390953153371811,1.48608186063424,-2.0506442479175093,-0.6998776793479919,1.2896876071895158,-0.9566229581832886,-1.4108952943520963,0.7278016924992617,1.2992308038102809,0.3111979067325592,-0.835380410115593,0.3333333432674408
-0.01176275685429573,0.8409202020182733,-0.941284716129303,-0.002138407877335314,-0.5073188543319702,-0.7831945293653768,-0.37283266831452533,-1.1319418043041007,0.7192612886428833,-0.49019855260849,1.813698172569275,0.6666666865348816
0.36712485551834106,0.641243913113249,-0.1419809788436288,-0.5887720584869385,0.3664977248993152,-0.9566229581832886,-1.0591438219558926,1.007910330826193,0.7386972530557547,1.7774730660150457,-0.5474730730056763,0.6666666865348816
2.2325681768801853,0.9254702560657702,0.5402509913338618,0.34184564217883734,0.5536264098968009,-1.237479329109192,-1.5177186096334156,1.1742334483544827,-0.15362077951431274,0.5783300399780273,1.1390777826309204,0.6666666865348816
-1.072648048400879,0.12124528122228663,-0.397668719291687,1.3888220423738025,-0.37167537212371826,1.5221414667254678,1.5796882671204908,0.695647401514596,0.5322151184082031,0.9790282845497131,-0.46314552426338196,0.4535940129167438
2.022982450992258,1.6995663146756317,-0.46544939430556354,-0.833204448223114,3.065263966474489,-1.349821925163269,-1.2924097809880741,1.1653179729069256,-1.2889732986473381,5.483142473570399,-1.1651781932628813,0.3333333432674408
0.13143064569886148,2.4708834114237748,-2.060742936446734,-0.7443199157714844,0.37173888634507846,-0.7881091237068176,-1.57646689293778,0.6114599500313628,1.4865184660551751,0.7470344336105041,-0.1258353590965271,0.5
1.789157335221599,-0.20309685170650482,0.21389929950237274,0.25502612369650846,0.8646194278433033,-1.349821925163269,-1.6875783321589675,0.4465118633710599,0.3357546135719862,1.9636061731569676,1.531973851687092,0.8333333134651184
-0.16331779956817627,-0.4408404231071472,0.6895633339881897,1.1347319410348586,-0.34454667568206787,0.16587768211541912,0.13738692928709287,-0.2524850981194409,-0.028923334553837776,1.5211373822947871,1.7912391110548795,0.6666666865348816
-0.4599370459266841,-0.8568916916847229,0.34980329871177673,-0.8109833002090454,0.5778290033340454,-0.8442803621292114,-0.7261788396927937,-0.7104579328081502,-0.8394566774368286,-1.8540349314392284,-0.8847832679748535,0.3333333432674408
0.5163072199917361,-1.094635248184204,-0.12586070597171783,0.8348799172523208,-0.8758425112694067,1.0111730001394315,0.838291934107533,0.7611855113802899,0.12467072650835415,-1.2908511320500937,-1.0534383058547974,0.5
-0.5422053933143616,-0.7974557876586914,1.650144978773229,2.5965075909391655,-0.37167537212371826,2.321378590544529,0.7149799003292235,1.300810179758101,-0.7771079540252686,0.06252657162200512,-1.306420922279358,0.3333333432674408
0.4005383936672266,-0.7380198836326599,0.07799530029296875,0.7902068480774699,-0.5028369004587467,1.8303337448849446,0.6762649884457252,0.19812038349293018,-1.015860437926919,-0.15628336369991302,0.04281972348690033,0.6666666865348816
-0.46642789244651794,0.9764319632006606,0.9559614478677207,1.0869957436277653,0.01239842205007218,11.254313251623284,2.1435282791768233,0.7144388157734908,-0.3696851771196492,-0.42341551184654236,-1.0586442404693535,0.3333333432674408
0.049831863795445686,0.04545635269322775,1.1652272939682007,1.165839270274909,-0.2360319048166275,1.237924923586909,0.6223347369901109,0.8983207941055298,-1.6856446562670082,-0.6237646341323853,-1.30907451578683,0.3333333432674408
0.06401476263999939,-0.20309685170650482,0.34980329871177673,-0.4998875558376312,-0.31054125756870915,0.16680273413658142,0.7441675806349894,-1.0460326898869503,-0.028923334553837776,-1.217401569998687,1.2695514193534603,0.5
-0.01176275685429573,0.03464672341942787,-0.3326590185024954,-0.2598585017169299,-0.5073188543319702,0.7118211803563008,0.48948017756900414,-1.0014179946122648,-0.6524105072021484,-0.890896737575531,0.5487849712371826,0.5
-0.08754027634859085,-0.9163275957107544,-0.12586070597171783,-0.8554255366325378,-0.6158336400985718,-0.35577695680956506,-0.5933933516244347,-0.6137419859586197,-0.012653507834010414,0.24441486597061157,-0.1258353590965271,0.5
1.3541219020691124,-0.024789171293377876,0.877354654685011,-0.6776565313339233,0.42534693661980116,-0.11405368894338608,-1.2148925363019105,0.2934262246563187,-0.15362077951431274,1.4945638809157784,0.8017675876617432,0.6666666865348816
-0.46642789244651794,0.5905073155417987,1.7209008699543682,1.7065614928172614,-0.4801901578903198,0.07537668019453131,1.7196332517049833,1.033216118812561,-0.2159694880247116,-0.3077127585415133,-1.3521594477534136,0.3333333432674408
-0.17909747265047138,0.0396584246809403,0.34980329871177673,-0.6503288038376389,-0.7866662422730546,0.8929549449476376,0.19819119121098408,-1.1913666057516157,0.9686561822891235,-1.1737029593334614,1.0804956020636836,0.6666666865348816
-1.3885403344448,-0.6785839796066284,-0.397668719291687,-0.2145020290507262,-0.5073188543319702,-0.9566229581832886,-0.02298943137749096,-0.7655584418664668,-0.5417023545534514,0.04406575486063957,-0.1258353590965271,0.3333333432674408
1.0969999056386506,0.3508646886145614,1.648395748771641,-0.6776565313339233,1.2091184680923275,-1.4059932231903076,-1.715861230815126,0.694202590515215,-0.028923334553837776,8.874989957403614,0.29580235481262207,0.6666666865348816
0.7460124492645264,0.03464672341942787,-0.3297167122364044,3.996364381239546,0.2941370682069836,0.6723442673683167,5.044930576066518,3.909069066352482,-1.8191399006482811,0.14749431935389842,-1.475694023342602,0.5
0.21556980907917023,-0.3814045190811157,0.14594730734825134,2.4355031872366197,-0.04613102599978447,1.0438559262189653,0.4563336425072749,1.9216676610171544,1.0933536291122437,-1.146155584877116,-0.9901710740228934,0.3333333432674408
-0.5422053933143616,-0.2625327408313751,-0.8002543431799783,0.5474142549862026,-0.6158336400985718,-0.6195952296257019,0.1716637130799824,-0.8789123245458581,-1.7002354132450592,1.3622420760081608,0.5487849712371826,0.5
-0.5422053933143616,1.5070290873811516,-2.0861238334146575,-0.4955738609222641,0.9694832325809978,-0.3411965397471843,-1.3458937202635652,-0.6278818176533091,1.5305660665792638,0.6150250973931553,1.9093525398006281,0.5
-0.5422053933143616,-0.6665785281623657,-0.12586070597171783,0.857041252560957,-0.3681999194127761,-0.8442803621292114,0.6405850996523509,0.27652731433988664,-0.25127990308376846,-0.6237646341323853,-1.306420922279358,0.3333333432674408
-0.11978031960886103,-0.6191481351852417,1.6649785891496494,2.915041967508294,0.06719933214737896,-0.6840763878304907,0.33445321148613416,1.7033447877582453,-1.4928317706148126,-1.029988713302673,-1.3275225741064312,0.3333333432674408
-1.4253973216096207,-1.2764415574645134,-0.5335727334022522,-0.8998677730560303,-0.34454667568206787,0.5600017309188843,-0.3214451871196231,-1.0935674854634523,1.379226382462591,-0.42341551184654236,0.04281972348690033,0.3333333432674408
-1.2164863403034452,1.5115733383820638,-2.160509916070675,-0.6554354429244995,0.3024437966119762,-0.9566229581832886,-1.6068016394213434,-0.038112290941850695,3.7620143261990635,0.449005171127816,1.6651664564972817,0.3333333432674408
3.6051060368690364,1.1358614629888555,0.7331550567677566,-0.28662083214124545,0.5928958839804181,-0.5634239912033081,-0.2968037224947459,2.0644759555185135,-0.20315035941544216,-0.15628336369991302,0.10154584194073915,0.3333333432674408
0.21556980907917023,-0.7974557876586914,0.5536593198776245,-0.8554255366325378,-0.561576247215271,-0.6026541441127373,0.2332131766475397,-1.576306050404629,-1.6585305400326118,-1.3875850899924487,1.2057800692004836,0.3333333432674408
0.21556980907917023,-0.6785839796066284,-0.12586070597171783,1.7139613911869662,0.04633725164761458,-0.09273246653694706,1.508298097297376,0.9629108715112601,-0.4328993302310382,-0.2898494303226471,-0.46314552426338196,0.6666666865348816
-1.553155832421233,-0.9443221800878726,1.0452747373967617,-0.766541063785553,-0.49591355203789284,1.2576927955975619,0.7255051226629073,-1.576054929352917,0.5322151184082031,0.5927442390826985,1.223405361175537,0.5
1.3875311256098206,-0.024789171293377876,1.1652272939682007,-0.27120212774475366,0.5481849768480859,-1.4051484388163396,-1.6812557878598249,1.3798311471740419,0.15812282264232635,0.24441486597061157,-0.46314552426338196,0.4201555368377473
0.4429023563861847,1.4690007034040342,-1.5131633011351533,-0.5342570050079032,0.6320955680880912,-1.0689655542373657,-1.154511995274319,0.6892651802662879,0.9063074588775635,0.24441486597061157,-0.27113203524232665,0.5
2.5157694411338505,0.6768046473059092,1.002760481025374,-0.4998875558376312,1.1856383256822698,0.05446016043424606,-0.3232861133392969,1.8803557483660933,-0.5277130603790283,1.385425755315473,-0.9691107869148254,0.31338644997015963
-0.42491238069665943,0.1402097869493377,8.431423885508035,2.2424082272483368,-0.2631605863571167,0.2791453003883362,4.225439269535124,0.9980755174606941,-0.9220957533866383,1.2147587242870124,-1.0534383058547974,0.3333333432674408
-0.46642789244651794,2.377426651139991,-1.8835869535895091,-0.6998776793479919,0.7353579580972939,-0.9566229581832886,-0.9510716976224889,0.5695118696425652,2.2836556281778075,0.3375285064310135,-0.631800651550293,0.3333333432674408
1.2033483409567363,-0.7974557876586914,-0.12586070597171783,-0.8776466846466064,-0.4077234714930904,-0.40318267330702035,0.14678923925951926,-0.7732139326698426,-1.613258323321679,-0.9218722959165546,0.12714727222919464,0.6666666865348816
-0.7695379853248596,-0.7380198836326599,2.805026487449063,0.8532578566810416,-0.5073188543319702,1.065543293952942,0.6488052134859408,0.27880242960721113,-0.2159694880247116,-0.890896737575531,-0.46314552426338196,0.5
0.5186799168586731,2.158153049597076,-2.0379252404773394,-0.39076689468386105,0.6451181973846134,-1.237479329109192,-1.5392745630818636,1.1128648586971517,1.424620838264256,0.24441486597061157,-0.09380418573116439,0.36416557970073204
-0.8453154563903809,1.5950200934480556,-2.1644208431243896,-0.6332142949104309,0.9082831582624146,-1.358003760857393,-1.6710466736950098,-0.1563900238725315,1.9781495814929388,0.7866083997986169,1.6450430154800415,0.6666666865348816
0.4514278084863937,0.2816782716384286,1.1652272939682007,-0.7443199157714844,-0.10038841515779495,-0.6757665276527405,1.5290298669665898,-0.03144714404971253,-0.6524105072021484,-0.01496313320129342,-0.6364937199588315,0.3333333432674408
0.9135923894222451,-0.7150906648130172,1.1652272939682007,-0.02886085233783245,-0.5292006949565693,-0.8442803621292114,0.8210284482636097,-0.6110301530759279,-1.151200294494629,-1.5131128955503248,1.223405361175537,0.5
0.21556980907917023,1.251960309879297,-0.6318092715234414,1.0768357719025152,0.5416561117868941,0.33531656861305237,1.891459793209521,0.8329318647357546,-0.8447525309398679,-0.3566324710845947,-1.0534383058547974,0.3333333432674408
2.6938586304397383,0.8085387849865173,1.4796990742430562,-0.569247961165916,1.7231537978266969,-1.0689655542373657,-1.2637777966759287,1.522202096137618,-0.46536436676979065,1.4122123026692268,-1.0534383058547974,0.1666666716337204
-0.9210929870605469,-0.30773112289962395,-0.12586070597171783,-0.8004748684663598,-0.6158336400985718,-1.0689655542373657,-0.07874313525617446,-1.1434898920648435,0.9686561822891235,-0.6905476450920105,-0.058197742408640424,0.5
-0.01176275685429573,0.27239030599594116,-1.4363158865264007,-0.544329822063446,-0.8339483723496515,-0.5328322529721521,0.2577300618085462,-0.32925673960484486,-0.46536436676979065,0.7786791324615479,-0.37881800532341003,0.5
3.58759146859776,0.7776378832899534,1.2744910298417844,0.003667782309173865,0.36137470482986234,-0.6195952296257019,-0.3381678709585926,1.7669379975587647,-0.9842781597586377,-0.42341551184654236,-0.8847832679748535,0.3333333432674408
-0.9210929870605469,-0.5597122311592102,0.5505969168375363,0.16699949203689807,-0.3174179792404175,-0.17022497951984406,1.5262567694554046,0.41400751654194407,-0.6709544797678583,0.5783300399780273,-1.3947278889441175,0.3333333432674408
0.29134732484817505,-0.6191481351852417,-0.12586070597171783,0.46409975107461743,0.11177569199260842,1.7320941396370526,1.345750293768085,-0.13487098796844174,-0.46536436676979065,-0.890896737575531,0.29633960064523107,0.5
-0.3148728311061859,0.09408261626958847,-0.7704050389974741,-0.5887720584869385,-0.42593276500701904,-1.0689655542373657,-0.35298895922460344,-0.4326142374369754,-1.4598116899944589,-1.1580289602279663,-0.5261399032519485,0.10544789960377624
0.06401476263999939,-0.3219686448574066,0.010043300688266754,1.599769133686868,-0.641878375857656,0.05446016043424606,0.9319580365119439,-0.039896851239958536,-0.46536436676979065,-0.6237646341323853,0.9953598790070046,0.6666666865348816
-0.6937604546546936,1.7311230373132664,-0.7399226133412805,-0.544329822063446,0.605512652266635,-0.3949100971221924,-1.2584170700223656,0.3254114854121715,1.8216272893442136,1.0080568455462233,0.9704226851463318,0.3333333432674408
-0.3148728311061859,-0.00715784033120026,-0.12586070597171783,1.9019889468180677,-0.45306146144866943,2.859687716202639,2.0388380007182194,1.127696118573705,-0.7771079540252686,-0.0895003229379654,-0.9111764690366243,0.3333333432674408
-0.46642789244651794,-0.6191481351852417,-0.5335727334022522,2.7589561963591334,-0.10038841515779495,0.6161730289459229,0.6478564511057937,1.1909782629512227,-0.6705157793391496,-0.22306638956069946,-0.8847832679748535,0.5
1.6241489741038941,2.532440130311389,-1.130127670997391,-0.35043656511719895,0.99839648798329,-0.7881091237068176,-0.8619817099275683,1.623791142140576,0.523336210333773,0.5149958747910056,-0.3035750131797036,0.5
-0.46642789244651794,-0.7974557876586914,-0.054509627902956916,-0.24847464259349167,-0.6158336400985718,-0.22639626264572144,-0.9743048766564498,-1.603356163054785,-1.120820245560296,-0.890896737575531,1.910325175293002,0.5
0.7384270224402288,0.3349875597293329,-1.0002243931152432,-0.6369134951063412,0.12717789096903598,0.6160720704997825,-0.059561419894195174,0.21970388335856,0.0957741066813469,0.37798094749450684,-0.2101629078388214,0.3333333432674408
-0.01176275685429573,-0.4658286006746549,0.4857073128223419,-0.8554255366325378,-0.8226886663296582,-0.3949100971221924,-0.37371378781834974,-0.979447152612582,0.7659617960712247,-0.6905476450920105,0.3801299035549164,0.5
-0.5422053933143616,-0.3814045190811157,0.0373342119620593,-0.6998776793479919,-0.6700910329818726,-0.0578824058175087,1.488079579047826,-1.4315535455940513,0.033425383269786835,-0.0895003229379654,1.559300658625472,0.5
-1.072648048400879,-1.094635248184204,0.7097223539889453,0.35350237085932923,-0.6158336400985718,1.7883543349566533,1.5354000781732515,-0.34502693077994184,0.451850724717321,-1.1047757213339524,-0.1258353590965271,0.6666666865348816
6.353549003601074,7.345261573791504,9.11561107635498,-0.9887523055076599,-1.2940510511398315,14.546651840209961,5.739711284637451,5.3161420822143555,4.896625518798828,9.794388771057129,3.078611373901367,0.0
1.332809046128806,2.465594853849842,0.4512496676476042,-0.6998776793479919,1.728896714993186,-0.8823773052576012,-0.41078463922881536,0.6824116975315392,-1.056989884441979,1.0795799777672397,-1.3205750937027798,0.5
0.21556980907917023,-0.7380198836326599,2.229049844545033,-0.2705347342320887,-0.45306146144866943,0.3592917684696581,0.18632480441890983,-0.8595786716050178,-0.04152852015262797,-0.5569815635681152,0.9704226851463318,0.5
-0.8453154563903809,-0.7190017684206006,0.14594730734825134,-0.766541063785553,-0.5887049436569214,1.417537556130721,0.17658777110285226,-1.809346232988627,0.41190865287169476,-0.3566324710845947,2.104515225031747,0.5
-0.46642789244651794,-0.6245422799592222,0.14594730734825134,-0.5665509104728699,-0.34454667568206787,-0.22639626264572144,-0.44921249268085894,-1.4820728756346286,-0.4294205497933639,0.1108487918972969,1.635107887999527,0.5
0.06401476263999939,0.611489055532508,-0.8247724069847159,-0.766541063785553,-0.7243484258651733,0.05446016043424606,0.18629182733579278,-1.2117021776894945,-1.38238994524303,-0.49019855260849,0.5487849712371826,0.5
-0.5422053933143616,-0.2625327408313751,-0.4726130773219458,1.4037659259684654,-0.15464581549167633,-0.22639626264572144,0.8893753777840614,0.8815987243966305,-0.4117391830041911,-0.15628336369991302,-1.137765884399414,0.5
-0.39065036177635193,-0.024789171293377876,0.6655031186958872,1.0285562226160043,-0.18177451193332672,2.031649274846429,1.567304979010516,0.5589387499407457,-0.31532344839013443,-1.056255123512659,-1.2220934629440308,0.3333333432674408
-0.9210929870605469,-0.14366096258163452,0.14594730734825134,-0.5028893276224491,0.2588302499096781,0.2229740172624588,1.137903936507981,-0.5542447091253679,-0.5277130603790283,-0.8241137266159058,-0.8847832679748535,0.3333333432674408
-0.6516747280328193,-0.8568916916847229,-0.12586070597171783,2.2985348195753215,-0.39880406856536865,12.137196156418536,1.7389726070134708,1.261214636693919,0.2828202545642853,-0.2898494303226471,-1.137765884399414,0.3333333432674408
-0.9210929870605469,-0.9757634997367859,-0.4656206965446472,1.9721699101437487,-0.15464581549167633,2.1261642845241298,0.7178929377471021,0.889214563335703,0.6703863251537399,-0.6905476450920105,-0.46314552426338196,0.3333333432674408
-0.5503653608772409,-0.754586089132251,0.6895633339881897,-0.8554255366325378,-0.6158336400985718,-0.9749112327596465,-0.22721010410020193,-1.6656399659470205,-0.6524105072021484,-0.7674118413861714,0.7888001660927039,0.5
-1.148425579071045,-0.8071500006271132,-0.397668719291687,1.5448591958048195,-0.2902892827987671,0.6723442673683167,0.7891003094601582,0.5065471430938052,0.6569125652313232,-0.8685481023011983,-0.8438746388578323,0.3333333432674408
-0.46642789244651794,1.0921981803004848,-1.7632977916785464,-0.5887720584869385,0.6247460355294112,-0.26111443365007975,-1.2568758650690688,-0.24833724107255792,1.638529168201636,0.9122452139854431,1.6450430154800415,0.5
0.3112064682190432,-0.5597122311592102,-0.12145658741945899,-0.8554255366325378,-0.04613102599978447,-0.2635379203902876,0.5904137209204271,-0.11063121920140843,0.033425383269786835,-0.6905476450920105,-0.9691107869148254,0.3333333432674408
0.6257071761684636,-0.6191481351852417,0.8934193253517151,1.3482113317529438,-0.2631605863571167,7.034212241136072,1.2183088982403278,0.8400918935950604,0.0957741066813469,-1.7630034021880294,-0.8847832679748535,0.5
-0.9210929870605469,-0.8050894900510356,0.18904241644827735,-0.5425756471019183,-0.39880406856536865,0.6723442673683167,1.344036868729798,-0.5085418925250026,0.4480981005223723,-0.5144545582741181,-0.5474730730056763,0.3333333432674408
-0.16331779956817627,-1.049547025542493,0.010043300688266754,-0.9016847750379039,-0.7786058187484741,-0.6757665276527405,-0.6862196814479413,-1.2865814632050698,-0.9921278736923699,-0.7573306560516357,0.04281972348690033,0.3333333432674408
-2.0826704737956443,-0.27975866702817914,-1.8700075923655952,0.8386393682577586,-0.39880406856536865,-0.5072526931762695,0.3731639239640151,0.1306851642689479,0.8439587354660034,-0.3566324710845947,-0.7161281704902649,0.5
0.29134732484817505,-0.14366096258163452,0.8254672884941101,-0.8554255366325378,-0.12751711905002594,-1.237479329109192,0.061835273139275886,-0.5181500041815439,-1.2218978958744893,-0.5569815635681152,-0.8847832679748535,0.1666666716337204
0.11318001552945231,-0.19904358011567655,0.07799530029296875,-0.8554255366325378,-0.34454667568206787,-1.0127942562103271,0.25121365850074756,-0.6128497283324578,0.44507445783759,-0.42341551184654236,0.4548411228054765,0.3333333432674408
-0.9968705177307129,-0.7974557876586914,0.21389929950237274,-0.8123383900788045,-0.5073188543319702,-0.5072526931762695,-0.6601206769538932,-1.277717477757327,-0.9018054008483887,-0.6237646341323853,0.12714727222919464,0.5
1.9743930352227992,1.0631262433847546,0.4177553057670593,-0.32818197464921633,0.5118699043006162,-0.5072526931762695,-0.22789490957861638,1.1652558174792602,-0.5277130603790283,-0.22306638956069946,-0.09069936322894176,0.3333333432674408
0.1397922784090042,0.031343088605030864,-0.12586070597171783,0.036256214668414395,-0.46312906740928417,0.8703461779281799,0.9754608335561956,-0.46793411530114215,-0.34066691994667053,-0.6237646341323853,0.48642900496390695,0.5
0.5944573879241943,-0.6191481351852417,1.7067649235521922,-0.056082995022724,-0.630947825082067,-0.3686311002120143,-0.2153640420717406,0.01308863622363689,-0.7953469093211392,-1.363312015684165,-0.041507821530103683,0.3333333432674408
0.21556980907917023,-0.3219686448574066,0.2876469847365731,-0.766541063785553,-0.2393678127959284,1.310873122148329,1.5045518113238179,-0.3288529176310764,0.15812282264232635,0.17763182520866394,0.7174400687217712,0.3333333432674408
-0.46642789244651794,-0.8568916916847229,-0.3460823093276435,-0.41211388370781,-0.6429623365402222,0.24659563447963734,0.49098744284391016,0.36818161624644724,-0.4030156433582306,-1.2136325699290527,-1.951669842249903,0.3333333432674408
0.6965738451677825,-0.8568916916847229,0.7141038946006174,2.2205709098441466,-0.060377352866001106,-0.7042267307361217,-0.019509974867105484,1.6028573825949037,-0.2159694880247116,-0.8241137266159058,-1.137765884399414,0.5
0.5186799168586731,-0.7380198836326599,-0.4656206965446472,0.8685001312999839,-0.7060204468373142,-1.4059932231903076,-0.5047714066808051,-0.8074594262541296,-1.1860876034940986,-0.2898494303226471,1.7785390263859868,0.5
2.3340602289518952,1.2687290527024764,0.8257344484624501,-0.6109932065010071,0.028971564725702267,-1.5836535406568746,-1.7710223260965963,1.3019720564380162,-0.478318231605044,0.3111979067325592,-0.8004556894302368,0.5
0.21556980907917023,1.9818640980858744,-2.1644208431243896,-0.6776565313339233,0.5952961320185358,-0.6636084670672953,-1.1298727394346488,1.200539954732936,1.2571273332298194,0.29035246331173525,-0.7939512361009577,0.5
-0.39065036177635193,-0.6191481351852417,0.4177553057670593,-0.040545799312553865,-0.15464581549167633,1.633305521483458,1.7508351857649171,0.09394283079427491,1.0283905275521525,-0.02271728403866291,-0.2101629078388214,0.3333333432674408
-1.009679719979384,0.3399523660146334,0.6097469228223616,-0.9512076662099016,-0.9374616169162189,-1.3109168162668545,-1.7645805547599298,-1.79501728153588,0.6540978579466148,-1.9003416114839087,1.4956737378118559,0.3333333432674408
0.21556980907917023,1.6092840243314286,-0.5217626048300456,-0.5887720584869385,0.8013152409840117,-0.8442803621292114,-0.5620538060991651,0.5628627974571696,0.5167653006629719,-0.06616469591620266,-0.8209746136519858,0.3333333432674408
-0.6179829239845276,-0.4693464356710899,-0.513473906536003,2.3573488737640975,-0.2089032083749771,0.8928047963246346,0.17284280634228125,1.484977859152652,-0.2159694880247116,-0.890896737575531,-1.306420922279358,0.5
-0.39065036177635193,-0.8377830284528853,1.6499299403054175,0.6828180219669268,-0.27077206643605223,1.1891247261304767,1.1947564884613282,0.5070801868312781,-0.8004881217352515,-0.6460730774751405,-0.9691107869148254,0.5
1.0786485885648214,-0.3219686448574066,0.9766240511928218,-0.5240809811696292,0.6145281146210892,-1.349821925163269,-1.6826655912683872,1.033216118812561,0.7151320482207136,0.9122452139854431,-0.46314552426338196,0.3333333432674408
0.5186799168586731,-0.8568916916847229,1.9694921920299864,-0.3992610009144084,-0.8328632116317749,1.5970216285116035,1.2058974970255598,-1.1297917978444931,-0.46536436676979065,0.01654644143316812,1.392060399055481,0.5
-0.948561692836666,-0.5002763271331787,-0.2617647051811218,-0.09553486106210834,-0.4801901578903198,0.13738056603344406,0.040907204776283,-0.8806758986154088,0.4538992356736966,-0.8241137266159058,0.21147480607032776,0.5
0.1918886976900268,0.14221708394670055,-0.397668719291687,-0.544329822063446,-0.3174179792404175,0.6723442673683167,1.394962361580948,-0.3918711560431712,0.18206316272596115,1.2634124121779173,0.761739768556904,0.5
-0.39065036177635193,-0.7380198836326599,-0.397668719291687,-0.7887621521949768,-0.5344475507736206,-1.4059932231903076,0.02426054344018823,-0.5207928853264534,0.7192612886428833,-0.22306638956069946,-0.08554290442100754,0.20567246978732598
-0.39065036177635193,-0.20309685170650482,0.6895633339881897,-0.2861627436906657,-0.6158336400985718,0.7720987981097148,-0.1974325431346961,-1.405269248976529,-0.11631178119338445,0.17763182520866394,1.853395978175939,0.6666666865348816
-0.7414964930707116,-0.3814045190811157,-0.397668719291687,1.2256525501441768,-0.5854396307193784,1.1217145919799805,2.1749580116128717,0.8983207941055298,-0.7771079540252686,-0.890896737575531,-1.5271289642475099,0.3333333432674408
-0.08754027634859085,-0.023425655615260485,-0.05790869891643524,1.1958328075621916,-0.9645869453403308,-1.2999363496626082,-1.1255376718406025,-0.11224100037048779,-0.15362077951431274,-0.8162582196677597,1.223405361175537,0.3333333432674408
-0.40426864579826294,-0.08422506600618362,-0.12586070597171783,1.8113411913993784,-0.08269377655514404,0.4820040280276254,1.0306208041968337,1.0268904859047499,-0.5277130603790283,0.4447639584541321,-0.9335613991975621,0.3333333432674408
-0.6179829239845276,-0.5597122311592102,-0.12586070597171783,-0.833204448223114,-0.45306146144866943,0.9508666503206052,0.7450345162376939,-1.2765472160310585,0.5322151184082031,-0.22306638956069946,0.8565263456204688,0.5
-1.072648048400879,-1.467043993359247,-0.3297167122364044,-0.21209751432190355,-0.2631605863571167,-0.17022497951984406,-0.5936611112223821,-0.39361175764937545,0.4862122095610103,-0.2898494303226471,-0.9158930838192292,0.5
0.5944573879241943,-0.17136127994255368,0.6216112971305847,-0.8998677730560303,-0.561576247215271,-1.4498338829980402,-0.368375910889744,-1.5582283305551055,-1.871700686985438,-1.487319936637325,1.223405361175537,0.3333333432674408
1.2732162367963844,0.5840662357359945,0.5536593198776245,0.12597898280482092,0.3042067635398256,-0.0578824058175087,-1.2244509465071747,0.6833451672416013,0.623472415523591,1.3186709348730852,1.1390777826309204,0.5
0.9614750541816787,0.3119451080160722,-0.6796426056408299,-0.656088986990849,0.9296216924759241,-0.17022497951984406,-0.8613203800453021,1.1825059114660559,-0.5277130603790283,0.6073926340168776,-0.8847832679748535,0.3333333432674408
-0.01176275685429573,-0.5002763271331787,0.8259541738488583,1.7027654536531427,-0.4309015413371569,1.0296610146083809,0.5548602736394787,1.0932590944831657,-0.5900617837905884,-0.5083475015181129,-1.8893021075757415,0.3333333432674408
1.80564737641433,0.7889937069274959,-0.19381269812583923,-0.6109932065010071,0.6750946439386589,-0.4910392105292802,-0.2972451079800607,1.2049927153133637,0.15812282264232635,1.0627538818828806,-0.8847832679748535,0.5
-0.01176275685429573,1.7423248313557613,-0.4656206965446472,-0.6776565313339233,0.8265003592300714,-1.349821925163269,-1.5234626298091911,0.878191099942332,1.97339721466618,0.04406575486063957,-0.3295125918178759,0.5
0.29134732484817505,-1.094635248184204,0.21389929950237274,-0.8537696812191922,-0.2902892827987671,2.334895624224166,1.200876859608114,-0.2598346706551801,-0.15362077951431274,0.4110829694711032,-0.041507821530103683,0.6666666865348816
0.5944573879241943,-0.7380198836326599,0.45476035118417113,1.8703958395018316,-0.5036858018732034,1.0266537891817376,0.28815852128259095,1.7619819896998459,-0.2783181965351105,1.375173689077971,-0.9691107869148254,0.5
1.2775524507278937,2.5068796613590703,-2.12267055344985,-0.08978922167401374,0.8203835729467543,-0.45108139514923096,-1.3863050177690706,1.1802205282694236,0.34516897797584534,0.6352805512971282,-0.48933787373150406,0.5
-0.46642789244651794,0.39305420972396093,-0.397668719291687,0.6040474727877112,-0.6700910329818726,0.6723442673683167,-0.2714043865503846,-0.9687917487381486,-0.7771079540252686,-0.6519177719185247,1.1390777826309204,0.5
0.21556980907917023,-0.8105244909064099,-0.12586070597171783,1.7314581769096882,-0.18177451193332672,1.3945744310047437,1.0015525996982195,1.0917120062896637,0.4075177013874054,-0.22306638956069946,-0.37881800532341003,0.5
-0.08754027634859085,0.5101338624954224,-1.9487274873345624,-0.6998776793479919,-0.2902892827987671,-1.3261509329303747,-1.6966509306587054,0.43169102891382166,0.2439593464318363,1.1455748300221662,0.022235752993607583,0.5
-0.5825634398113296,0.037452934813965916,-0.6855488344943811,1.0747590236435742,-0.01900232955813408,2.3510351515035404,2.131366296325831,0.6934852305707809,-0.2783181965351105,0.4447639584541321,-0.631800651550293,0.3333333432674408
-0.4880983995752153,-0.5002763271331787,1.8517165748647568,1.530700694817652,-0.18177451193332672,1.6278341917964303,0.7063240235973243,0.8983207941055298,-1.0888515710830688,-0.42341551184654236,-1.4750760793685913,0.5
0.3963896619544392,-0.5002763271331787,1.1652272939682007,-0.6332142949104309,0.6080216789511728,0.11063144356012344,-0.9878870605981114,0.5857952021987214,1.2903773195014188,1.6127604814991008,0.21489962164693457,0.5
-0.46642789244651794,-0.2625327408313751,-0.12586070597171783,-0.6273907684703425,-0.45306146144866943,-0.5072526931762695,-0.6584264571730685,-1.729973533520056,-0.7352813535539866,-0.02271728403866291,1.9269249964973565,0.5
0.8784455242538085,-0.3814045190811157,-0.19381269812583923,-0.7220988273620605,-0.063963466993785,-0.8442803621292114,-0.3565496513169827,-0.1571814810886013,-3.0654990294097213,-0.7425029348414408,-1.0134937456600308,0.3333333432674408
0.5944573879241943,-0.4408404231071472,1.0725931121340222,2.1088803414994444,-0.42593276500701904,1.7140928565878346,1.3890982156194618,1.7244519923383295,-0.4030156433582306,-0.0895003229379654,-0.9691107869148254,0.3333333432674408
1.4616971100078555,3.196502445027339,-1.7076034281239398,-0.6790822776648049,0.750939420404603,-0.994348912975713,-0.9556213577470023,0.9163466746891222,0.0957741066813469,0.4447639584541321,-1.137765884399414,0.5
-0.01176275685429573,-0.24118821304577331,-0.12586070597171783,-0.6998776793479919,0.4245455474098588,-0.3939162114137473,-0.6679528967969928,1.189179302466281,2.336551105243781,0.7118961215019226,-0.7161281704902649,0.3333333432674408
-0.46642789244651794,-0.9757634997367859,-0.19381269812583923,1.7245001753685307,-0.054024984952540905,-0.3949100971221924,0.8870982056934891,1.2061363338705051,0.3426844182739598,0.04406575486063957,-0.9691107869148254,0.6666666865348816
-0.7817593203139638,-0.14366096258163452,-0.2617647051811218,1.812180655255299,-0.10038841515779495,1.293299512914093,0.3217041141707955,1.0029024067614958,-1.9885256590173637,0.3402711883224555,-1.306420922279358,0.3333333432674408
1.0701452155449842,-0.20105250453739246,0.14594730734825134,-0.6776565313339233,0.5781019829927123,-0.5664221791133272,-1.1038576441917929,0.9728616882957482,0.9142590337603217,0.4447639584541321,-0.2101629078388214,0.5
-0.01176275685429573,-1.3865006922207501,-0.03167163297309286,0.0038266994015198844,-0.15213015722353826,0.2229740172624588,0.3257993498816231,0.4665292005563663,1.4388827367026487,-0.6905476450920105,-1.2220934629440308,0.5
-0.3021908764858116,1.399798571143682,-1.6826064809263026,-0.6776565313339233,0.5435961154339041,-1.1495249813773887,-1.6528421970159266,0.5631828152931376,1.707408471104633,0.4656760444894028,0.5487849712371826,0.6666666865348816
-0.6937604546546936,-0.14366096258163452,1.1652272939682007,0.8740790251673614,-0.12751711905002594,1.4617721960703276,2.0949426256526067,0.5379845617396026,-0.5900617837905884,-0.2969345932121523,-1.2220934629440308,0.3333333432674408
-0.8192638886275346,-0.9757634997367859,-0.19381269812583923,-0.7443199157714844,-0.5344475507736206,-0.731937825679779,-0.01444014677626822,-0.471117062963344,3.680209798205253,0.5058914467566251,0.3801299035549164,0.6666666865348816
-0.8453154563903809,-0.5002763271331787,-0.2617647051811218,1.9934189930736208,-0.2902892827987671,0.9233765831778025,1.216466277233187,1.1882169413442627,-0.6524105072021484,-0.42341551184654236,-1.471336446256012,0.3333333432674408
-1.148425579071045,-0.7380198836326599,1.1652272939682007,1.839201514493448,-0.2360319048166275,-0.1739578313280006,-0.2450850473700789,0.6488009337582351,-0.2159694880247116,-0.6237646341323853,-0.9691107869148254,0.3333333432674408
-0.9210929870605469,-0.47970460127182324,-0.5335727334022522,2.1423490897148834,-0.34454667568206787,0.4476591646671295,0.11209903033260675,0.7544602056447178,-0.15362077951431274,-0.957679808139801,-0.8004556894302368,0.3333333432674408
0.366964055412426,0.6220443141310764,-0.3297167122364044,-0.5250926007696677,-0.39880406856536865,-0.22639626264572144,-0.5631569417429314,-1.3274409372978673,-0.028923334553837776,-0.22306638956069946,2.0154671846531436,0.6666666865348816
-0.3148728311061859,-1.234598490987732,0.5536593198776245,0.35280861843909156,-0.6983933188348359,0.39148786664009094,0.36355931391135565,-0.34933200245882035,1.2092607329946712,-1.0244628190994263,0.6760859616740467,0.5
0.21556980907917023,1.7398401873559353,-1.9488407642610595,-0.582208987649405,0.5078449240999652,-0.731937825679779,-1.2152275771164216,1.1258561374829215,1.4609991211691586,0.5783300399780273,-0.2944904565811157,0.5
-1.072648048400879,1.697179119336682,-1.6505363710138796,-0.6776565313339233,0.28610129751804414,-0.5634239912033081,-0.4291812562420886,0.2963747243538858,3.1607760326764924,2.7107098995645416,1.5607155561447144,0.7386374334349527
1.1372830095756046,-0.6785839796066284,7.230098073100822,5.331063484461193,0.07564103626544133,1.4402648057065854,1.2862892693077215,5.026602089810902,-2.6147403268033442,2.4162247790544207,-2.1102320159471812,0.3333333432674408
1.5372093220824232,2.007435434963628,-0.5335727334022522,-0.6373830303536469,-0.15464581549167633,-1.5096325912262414,-1.2383244275399974,-0.25764965741973683,-0.8410767425811267,2.778850406960069,1.223405361175537,0.3333333432674408
-0.3148728311061859,-0.3814045190811157,-0.19381269812583923,-0.032471201590436295,0.4049686160872854,0.05446016043424606,2.281954937273333,0.16992948906291744,-0.34066691994667053,-1.0244628190994263,-1.0534383058547974,0.3333333432674408
-1.5725878202442887,0.33182618021965027,0.07799530029296875,-0.833204448223114,-0.7243484258651733,-0.8243101764999217,-0.4389159572975052,-2.21294855194955,0.10309341268666296,0.17763182520866394,2.1451374107057886,0.6666666865348816
-0.17852887852923588,-0.5928012688480836,0.14594730734825134,-0.005795321157269308,-0.5887049436569214,1.2397900233162125,0.6196171829490629,-0.6885410900329041,-0.20579773778631566,0.37798094749450684,0.6331125497817993,0.6666666865348816
-0.8453154563903809,-0.024789171293377876,-0.05748439215622784,1.962469488739172,0.8584032775228739,0.6723442673683167,1.5750472166670537,1.16654430280417,-0.6054111604518888,-0.890896737575531,-1.306420922279358,0.3333333432674408
0.7544051824089429,0.3291592035403665,0.5536593198776245,-0.7537301686792913,1.6070386480365244,-0.7881091237068176,-0.9827822767226699,0.9703732560082937,0.46986642479896545,2.89568701176694,-0.8004556894302368,0.5
-0.04516919981506788,1.7487673526871819,-0.4656206965446472,-0.7443199157714844,0.7413756126176086,-1.1251368522644043,-0.9623748202789285,0.8983207941055298,0.8439587354660034,0.6451131105422974,-0.9691107869148254,0.3333333432674408
-0.8453154563903809,-1.0557071648590037,-0.05790869891643524,0.8191748954720105,-0.34454667568206787,0.2791453003883362,0.42184671417977315,0.01206115371383798,-0.2847392805003068,-1.4865262933790553,-0.37881800532341003,0.5
-0.3148728311061859,-1.0351994037628174,-0.6773117783687994,2.2138869794746228,-0.1056642243153549,1.0638862316688527,0.42591659491550615,1.3784385461602338,0.033425383269786835,-1.0912458896636963,-1.3562753724229744,0.5
-0.6937604546546936,-0.6886503306795735,-0.397668719291687,-0.06468372715487278,-0.39880406856536865,-0.8442803621292114,-0.5370968691497585,-0.6155507727060675,-0.028923334553837776,-0.5569815635681152,0.29580235481262207,0.5
-0.01176275685429573,-0.7974557876586914,0.010043300688266754,0.638298850644175,-0.34831190891300656,0.5969804435800788,0.4356326452733164,0.7817937244781739,2.2283806437398224,-0.957679808139801,-0.8004556894302368,0.5
0.4429023563861847,0.24803420925240025,1.1757407463734666,1.3208620206582307,-0.2089810926918505,1.1629110729668006,0.660564552413954,0.8983207941055298,-0.7147592306137085,0.04406575486063957,-0.9691107869148254,0.5
0.6247917025871625,2.6143767776335913,-2.1451926617663326,-0.695918348199557,0.6437701601653844,-0.9740275576548132,-1.5787305753311287,0.5616999979247004,0.7078572534468675,0.04406575486063957,-0.37881800532341003,0.3333333432674408
-0.6937604546546936,-0.2625327408313751,-0.4656206965446472,-0.11633888046937939,-0.7504706394716261,0.33531656861305237,0.5294230229928474,-1.2001989403638884,0.15812282264232635,-0.890896737575531,1.0085794648180777,0.5
-0.08754027634859085,-0.6785839796066284,0.4857073128223419,-0.7220988273620605,-0.1810235113652903,-0.6195952296257019,0.7896569842097595,-0.17743730855503684,-0.028923334553837776,-0.5569815635681152,-0.8847832679748535,0.3333333432674408
0.7460124492645264,0.5810458161560391,-0.2617647051811218,-0.6109932065010071,3.952046249095267,-1.0689655542373657,-1.4205122295890535,0.9348880877593446,-0.8974958950740175,0.9790282845497131,-0.7161281704902649,0.3333333432674408
-0.43143182114446593,-0.6785839796066284,0.9336945354161253,1.7824387867331108,0.06200931313333126,0.6723442673683167,0.2666869548349635,0.8394684498470516,0.7757131893281445,-0.22306638956069946,-0.1258353590965271,0.5
-0.9968705177307129,-0.9163275957107544,-1.214261169571748,0.28461099466638506,-0.5998610292276794,0.6161730289459229,0.12640805016649473,-0.37206203885444006,0.5000565140857977,-1.3356369547711198,-0.2101629078388214,0.5
0.3618627046627481,-0.3814045190811157,1.8909020352541186,2.3788933260969,-0.07325971871614456,0.7448011620200304,1.2648795115285112,1.9259283068166912,-0.9018054008483887,-0.3566324710845947,-1.4750760793685913,0.3333333432674408
1.4808556657331118,-0.3219686448574066,0.8254672884941101,-0.6998776793479919,0.692836752943852,-1.331334966564122,-1.7079824786115905,0.2776092288612458,0.5322151184082031,1.2917742175824845,1.3744143208571284,0.5
0.40604869998110366,-1.3168189974962794,0.010043300688266754,0.7622909042452011,0.00472595941308538,0.9226565826056372,0.24806420840179916,0.5340104106860223,-0.18844616426708166,-0.3131998738871201,-0.8847832679748535,0.5
-0.7693426512709451,-0.2625327408313751,0.5536593198776245,-0.9046015377086404,-0.39880406856536865,-0.22639626264572144,0.8904309043560015,-0.9818790955813828,-0.48030757019964243,-0.6905476450920105,-0.37881800532341003,0.3333333432674408
6.353549003601074,-1.324993082572029,9.11561107635498,-0.9887523055076599,-1.2940510511398315,14.546651840209961,5.739711284637451,5.315664388817723,4.896625518798828,9.794388771057129,3.078611373901367,0.0
-0.16331779956817627,0.5101338624954224,-0.397668719291687,-0.3192259496046719,1.5410450188640392,-1.4059932231903076,-1.8809394150218137,-0.3908222860143106,1.0933536291122437,0.04406575486063957,1.6450430154800415,0.5
0.5186799168586731,0.8975650355911894,0.34980329871177673,1.9995635959489506,-0.4749628320542588,-0.17022497951984406,0.8059747321546159,1.3128952443220812,-1.6341838846245287,1.1241486146887172,-1.4750760793685913,0.3333333432674408
-0.05006787951674008,-0.8568916916847229,-0.3297167122364044,-0.8109833002090454,-0.45306146144866943,0.47779249641267935,1.6758136072274343,-0.39188018205657243,-0.3266730969064639,1.3650913674038587,-0.18809193800843696,0.3367589565949037
-0.8607663696900233,-1.0351994037628174,0.3333318287132132,1.0137977451119395,-0.12057148384249688,1.5585029121732212,0.7808246453605677,0.736628456538333,0.0957741066813469,-0.6905476450920105,-1.137765884399414,0.5
-0.01176275685429573,-0.5946316134357252,-0.0006032506958930373,0.7304854994256506,-0.2902892827987671,1.351779301666747,1.1704757059446298,-0.5173167206073754,-1.7108366132623003,-0.09434524683174213,1.1390777826309204,0.6666666865348816
-0.021184699946076496,-0.13594118261960056,-0.12586070597171783,-0.016492901173385713,-0.2360319048166275,0.4476591646671295,0.5363377648555484,-0.6448213565824938,0.033425383269786835,0.24887434411643772,0.3177374829551991,0.5
-0.46642789244651794,-0.3219686448574066,-0.397668719291687,0.0023583890224411867,-1.0476927808598466,-1.4876088218563495,-1.5541758301970954,-0.6958572720984606,-0.15362077951431274,-1.470802654367058,1.1290230620193982,0.00039063140704384227
1.7135926099485064,1.0229853681193295,-0.05790869891643524,-0.6554354429244995,0.38515552586794927,-1.237479329109192,-1.5592969567665647,1.351273140088174,0.9686561822891235,1.5467740245226798,-0.8004556894302368,0.3333333432674408
0.4456535658789149,1.7931963377315496,-2.1644208431243896,-0.5665509104728699,0.468410411017385,-0.11405368894338608,-1.2825122858849423,0.5803754714301169,1.5088633357817798,1.752390627242438,0.604531259909827,0.5
-0.01176275685429573,-1.094635248184204,-0.19381269812583923,2.018441139273176,-0.34454667568206787,1.6358151990386436,0.22101645773780218,0.8983207941055298,-0.5277130603790283,-0.45231702049053985,-0.5627400802689458,0.5
0.21556980907917023,-0.3219686448574066,0.4857073128223419,0.5386455596809121,1.116994137442811,0.0811482658272811,0.09181588918673345,0.5075764561856351,-1.26708352793711,-0.890896737575531,-1.137765884399414,0.3333333432674408
1.9939382290034975,0.5101338624954224,0.8934193253517151,-0.6776565313339233,0.5664805182525205,-0.8442803621292114,-0.5914676306179046,1.208187046204911,0.4075177013874054,-0.22306638956069946,-0.8847832679748535,0.3333333432674408
5.904189470775341,-0.7974557876586914,1.736279133398517,-0.766541063785553,-0.4801901578903198,9.511087944017515,0.9246583914838432,1.0463494517234821,4.482413674631711,1.9315509891108777,1.270422526375055,0.0
-0.5422053933143616,-0.7380198836326599,0.4857073128223419,2.053532153208764,-0.6158336400985718,-0.6865115407763102,-0.2961224786514547,0.11379412249444629,-0.9588155779672833,-0.7573306560516357,0.5906280010122738,0.6666666865348816
0.5944573879241943,-0.5597122311592102,0.28185129165649414,0.07824577206377045,-0.2360319048166275,0.7455557794683215,0.3320062189674331,-0.3086889030933307,0.9594448972336368,-0.22306638956069946,0.5487849712371826,0.6666666865348816
0.1397922784090042,-0.7380198836326599,0.21389929950237274,-0.6776565313339233,-0.5359990101343998,-0.5072526931762695,-0.4824168564714133,-1.4496227044590653,0.2828202545642853,1.7682309731124215,1.9678199500763345,0.6666666865348816
0.29134732484817505,1.8698635026642847,0.28185129165649414,-0.766541063785553,3.3834110407122693,-0.6420550899609551,0.16988056865510823,0.6272544540008407,-0.34066691994667053,0.9790282845497131,-1.0534383058547974,0.5
0.10569102328610984,-1.1782314726585943,0.4857073128223419,-0.8998677730560303,-0.5344475507736206,0.5600017309188843,-0.11475867657862146,-0.8731808900613971,-0.7147592306137085,0.047961871398842976,-0.1258353590965271,0.5
0.29134732484817505,-0.08422506600618362,-0.12586070597171783,0.8559099031657338,-0.9018245128323931,-0.25861632599033596,-0.28504515428711663,-0.7581107982413972,-1.717109367216528,0.4791348108977602,1.8781392898172915,0.5
-1.148425579071045,-0.6785839796066284,-0.941284716129303,-0.8998677730560303,-0.624771959778713,0.6723442673683167,0.6359389768994623,-1.0192438389926792,-0.34066691994667053,-1.0244628190994263,-0.8847832679748535,0.3333333432674408
-1.4878920893521537,-1.0351994037628174,-0.4656206965446472,1.088320709567385,-0.5073188543319702,0.1845205293971076,-0.10202422489139447,0.28809351401641453,0.1734862414798275,-0.6905476450920105,-0.9100315576245834,0.5
-0.3148728311061859,-0.9757634997367859,-0.5335727334022522,0.3432196932672992,0.26015221677948663,0.742616334060405,1.3480642158140403,-0.09212822089407274,-1.151200294494629,-0.7204354691785142,-0.6823825585838694,0.6666666865348816
0.29134732484817505,0.5215706670817555,1.0937218287820263,-0.41699512701976515,-0.5073188543319702,-1.051107378174222,0.43849520724296265,0.2213014185952846,-0.4030156433582306,2.360684216051758,1.392060399055481,0.5
0.6702349185943604,-0.5002763271331787,0.010043300688266754,-0.8776466846466064,-0.35472772992700585,-0.11405368894338608,-0.012193981763193803,-0.4648374597654811,-1.151200294494629,-1.2915949821472168,-0.46314552426338196,0.3333333432674408
-0.22456784205770058,-0.5002763271331787,0.5536593198776245,-0.6332142949104309,-0.2360319048166275,1.2327727090855733,0.4108137705027422,-0.19848237989150794,0.18993980066457183,1.6413902112947947,0.12714727222919464,0.3333333432674408
0.06401476263999939,-0.4408404231071472,1.682727111182783,-0.13293081449216593,-0.21702441441785306,0.6723442673683167,0.931730169309109,-0.9564714897007451,-0.902670922922879,0.6015693509593859,1.392060399055481,0.5
0.21556980907917023,-0.5597122311592102,0.5536593198776245,3.03052716686427,-0.5239678535263046,0.5600017309188843,0.7838101565706487,1.97966339720067,-1.4948372328097586,0.27269755279169533,-1.1258345451776286,0.3333333432674408
-0.3148728311061859,-1.200164797024799,0.07799530029296875,-0.8776466846466064,-0.5073188543319702,-0.3387388288974762,-0.873624281817491,-0.9864557445326274,-0.15506388276859914,0.17763182520866394,0.3801299035549164,0.6666666865348816
-0.6179829239845276,-0.5597122311592102,0.8254672884941101,0.02356629420970903,-0.4529680873459563,1.7515129881495652,0.2453851024404348,-0.7565484352955947,-0.7771079540252686,1.4172475318191065,0.3801299035549164,0.5
0.06401476263999939,0.8700327430129179,-1.374728356930568,-0.5887720584869385,0.691664548590382,-0.8442803621292114,-1.5720325126350545,0.22340397828255523,0.46986642479896545,0.6929423643082082,-0.041507821530103683,0.3333333432674408
0.21556980907917023,0.3917154619339064,-0.5721392100232108,-0.6998776793479919,0.5637876542226957,-0.7562740776757448,-0.5351777458951369,0.5109997002310357,-0.3882105478921299,0.867985809393022,-1.306420922279358,0.3333333432674408
-0.5422053933143616,-0.3219686448574066,-0.1117131618570398,-0.06447580537317539,-0.45306146144866943,-0.589955195551798,0.508054234289515,-0.24835760354571407,-0.34066691994667053,-0.2898494303226471,-0.8004556894302368,0.5
0.06401476263999939,1.7580278910081044,-0.058573677712861025,-0.8109833002090454,0.7322472911492792,-1.1813081502914429,-1.640503895775578,0.6235254713826188,0.6569125652313232,1.8543588584229036,-0.8847832679748535,0.3333333432674408
1.3690844368054569,-0.3814045190811157,1.7404183740833352,-0.5237830530422644,0.3175339004759452,0.5600017309188843,-0.5876369603705949,1.3611850892215456,0.46986642479896545,1.9642376363340053,-0.17101780181392054,0.5
-0.7695379853248596,0.3172273186177759,0.21389929950237274,-0.6554354429244995,-0.587609503469894,-1.347168391014221,-1.422609547333842,-1.1297707321207615,-0.2783181965351105,0.6413201278264353,1.810595856762558,0.6666666865348816
-0.9968705177307129,-0.6117804074085216,-0.12586070597171783,0.7473451575448469,-0.5887049436569214,-0.0578824058175087,0.1426119265643373,-0.31054146889851225,0.34516897797584534,-1.1818424450896923,0.04281972348690033,0.3333333432674408
-0.6179829239845276,0.09408261626958847,-0.5335727334022522,-0.8554255366325378,0.7615470323874892,-0.731937825679779,-0.7032860575087966,0.11657092411763603,0.7192612886428833,-0.2898494303226471,-1.2220934629440308,0.3333333432674408
-0.2648583055950856,-0.5002763271331787,0.07799530029296875,-0.7887621521949768,-0.9741950389368964,-0.22639626264572144,0.024198652962999473,-1.4436299887522872,0.4075177013874054,-0.17077632140528448,1.392060399055481,0.6666666865348816
-0.39065036177635193,0.33182618021965027,-1.013266795789467,-0.8554255366325378,0.27354586972257605,-1.349821925163269,0.1289052172248539,-0.28928123435223096,0.27758489644720175,-0.49019855260849,-0.9691107869148254,0.3333333432674408
-0.8666143618741671,-1.0351994037628174,-0.19381269812583923,-0.6562217928002188,-0.34454667568206787,-0.6195952296257019,0.077569762712415,-0.746008300885253,-0.028923334553837776,0.24441486597061157,-0.1258353590965271,0.6666666865348816
-0.39065036177635193,-0.3814045190811157,-0.5335727334022522,0.251836516039904,0.07889290802370529,0.970048466922983,0.4434722442438992,0.48646839214545134,-0.5277130603790283,-0.0895003229379654,-1.0938464658724465,0.3333333432674408
0.1397922784090042,0.5163459550387892,-1.8380533635586562,-0.7443199157714844,0.7078951568184895,-0.6195952296257019,-1.4583981202141745,0.8325024907005986,0.5945638418197632,0.006285011613278636,-1.306420922279358,0.3333333432674408
0.5695008398881379,-0.6191481351852417,-0.2617647051811218,0.682292823411221,0.055384436012531985,1.0772545017382409,0.7712636398218012,0.5182659018421061,-0.3136985279999428,-0.4198400344750271,-0.8847832679748535,0.3333333432674408
-1.090243986126521,-0.7401822015112782,0.8750066998304948,-0.8776466846466064,-0.45306146144866943,-0.6341087872344017,-0.5779548208866258,-1.5163483043192085,0.7192612886428833,-0.8241137266159058,0.8017675876617432,0.5
-0.6179829239845276,-0.7668360868608161,-0.9472257427086205,-0.8109833002090454,-0.5524838227669602,0.9532006978988647,0.4074842618976171,-0.8625103912895572,0.7903147488780511,-0.49019855260849,-0.041507821530103683,0.3333333432674408
-0.6974362328962744,0.09408261626958847,-0.4656206965446472,1.2039367036613147,-0.7998468836856858,-1.1813081502914429,0.19708232754870636,-0.9275476172098613,0.2828202545642853,-1.0764122200628667,2.0312900031861005,0.7952411253204268
-0.8453154563903809,-0.9757634997367859,-0.397668719291687,-0.25755435157260903,-0.6700910329818726,1.8258958972096333,0.7746975873838812,-0.45777330581316283,0.7816100120544434,-0.9468481683980978,0.21147480607032776,0.38069245266473034
-0.9210929870605469,-0.5597122311592102,0.010043300688266754,0.2205267252265187,-0.42593276500701904,1.065543293952942,0.7316791479970053,-0.9315112842605913,-0.9669401479416186,-1.1580289602279663,0.2994871253076655,0.3333333432674408
-0.01176275685429573,-0.3814045190811157,-0.12586070597171783,0.453921702361492,-0.009146238594774878,1.1024357242536102,0.058519063807251755,-0.19449500265850206,-1.2620483764553145,-0.3906668328104235,-0.22248132684865324,0.5
-1.0454951844982936,-0.004981119878514299,-0.05790869891643524,-0.8304523504151299,0.4650550494276138,-0.5634239912033081,0.5715669948541997,-0.48352953698906204,0.5322151184082031,0.19696027657848741,-0.8847832679748535,0.3333333432674408
-0.2390953153371811,-0.6191481351852417,-0.3297167122364044,-0.5980548105633077,-0.561576247215271,0.2791453003883362,0.8164906572916788,-0.6563816485152666,-0.2383933902018127,-0.448318686533275,-0.08466124434911979,0.8333333134651184
0.22732799104362933,0.9408977283978861,-2.1271765315108673,-0.544329822063446,0.5778290033340454,-0.7881091237068176,-1.538812318309452,0.9853557111885203,0.6569125652313232,0.3111979067325592,-0.041507821530103683,0.3333333432674408
0.9214105621194656,1.723135826887065,-0.397668719291687,-0.6332142949104309,1.375826563996985,-1.4344507468928471,-1.7322986950098755,1.251358489667405,0.6724283068381771,-0.6237646341323853,-1.137765884399414,0.5
1.2749221835297306,1.2483173380976578,-0.8053807020187378,-0.3930963733140286,0.9992583396943354,-0.20576768838001455,-0.019509974867105484,1.3133797574609196,-0.4030156433582306,1.1759087813329687,-0.8004556894302368,0.5
-0.6937604546546936,-0.9186212619806189,-0.19381269812583923,1.5469852536124664,-0.4520980271313496,0.11063144356012344,-0.3581214637408063,-0.04903574042145299,-0.9641541242599487,-0.02271728403866291,-0.041507821530103683,0.6666666865348816
0.32879600200270526,0.5101338624954224,0.28185129165649414,-0.08452165491563836,-0.45306146144866943,-0.0578824058175087,1.2044524456749746,-1.423586118974864,-0.2159694880247116,-1.2915949821472168,2.0645688562742235,0.6666666865348816
-0.5299824690670518,-0.20309685170650482,0.07799530029296875,1.4901813528138417,-0.2067582089617856,1.2900119034947246,0.5948684047611342,0.7411767012701176,-0.2159694880247116,-0.890896737575531,-0.9691107869148254,0.5
0.4013842961632924,-0.3814045190811157,0.5553277151866864,1.3804471551516093,-0.39880406856536865,1.2220432746317242,1.2027802331825876,0.695053767732264,-1.9451878008554184,-0.5176920919801299,-0.8847832679748535,0.5
-0.9968705177307129,-0.7380198836326599,-0.4656206965446472,-0.5919774017781129,-0.4801901578903198,1.99050634865484,1.1120603181447724,-0.6167942548216766,0.27995016275666007,0.9790282845497131,-0.2944904565811157,0.5
-0.3148728311061859,-0.2625327408313751,0.07799530029296875,0.11754377229700827,-0.7105585950234091,-0.0578824058175087,-0.26509207937030804,-0.9621776757223524,-0.2159694880247116,0.17763182520866394,0.8017675876617432,0.6666666865348816
-0.8627437804207362,-0.5002763271331787,-0.5910426475881535,2.9780838857003826,-0.2446158388741315,1.4413738603036474,1.186193685915404,1.8011086184052267,1.079835920838992,-0.7573306560516357,-1.127247966482444,0.5
-0.39065036177635193,-0.9163275957107544,0.28185129165649414,-0.6790864494866785,-0.20642801827681723,0.3819193498597368,-0.04972264522978201,-0.9679777277006004,0.7117745274333728,-0.02271728403866291,1.1436562199804572,0.5
-0.8453154563903809,-0.2625327408313751,0.07799530029296875,-0.43221244846983115,-0.697219729423523,0.11063144356012344,0.7209675154232917,-1.3635402887366326,1.0048535074219653,-0.890896737575531,1.6103370044098284,0.8592885566047374
-0.16331779956817627,-0.8568916916847229,-0.12586070597171783,-0.8109833002090454,-0.5073188543319702,-0.9566229581832886,-0.17886278805331313,-1.3161526244462163,-0.8849456772622495,0.5359422847832405,0.9664335530630224,0.5
0.06401476263999939,-0.3219686448574066,1.228008455832373,-0.14400274986393466,0.8261245814660941,-1.4660348918527095,-1.8223017648716444,-0.08346624810505486,0.5322151184082031,0.37798094749450684,1.3602620981164204,0.5
-1.9807489381742176,-0.6785839796066284,-1.503092109930042,1.0257154163202022,-0.6158336400985718,0.14681111491911553,0.6095315555954808,-0.6596955005860649,0.8439587354660034,-1.1580289602279663,0.5487849712371826,0.6666666865348816
0.6702349185943604,1.420818541328714,-0.9261965886567437,-0.24471573223551507,1.0002570202605987,-0.6195952296257019,-0.8716362777340219,1.1898176646401122,1.1665697363042458,1.0951975583056837,-0.1258353590965271,0.5
0.46408738341247335,-0.4408404231071472,2.2470701645525337,-0.6109932065010071,-0.5194612584615811,-0.020347130091085082,0.5908926752499839,-1.0583622360643983,-0.5900617837905884,-0.42341551184654236,1.290843823038652,0.5
-0.3148728311061859,-0.5685824574805274,0.051268685587326224,0.838536845295405,-0.4801901578903198,0.970725595494757,0.46951673549005235,-0.4136945974111537,0.34516897797584534,-0.5195423138606923,1.0581999474577217,0.5
-0.48864600465141206,-1.0580637130328967,-0.12586070597171783,-0.766541063785553,-0.6700910329818726,-0.3931164106985248,-0.020781480693973044,-1.2237668537622892,-0.5247635384733649,-0.0895003229379654,0.4644574522972107,0.5
-0.16331779956817627,-0.07425050338537482,1.1652272939682007,1.8276836063408302,-0.373629918448175,0.33531656861305237,0.9985240512990917,1.0041093805830195,-0.34066691994667053,-0.42341551184654236,-1.300908703494684,0.3333333432674408
-0.5422053933143616,-0.9163275957107544,0.14594730734825134,0.08467839607401997,-0.8434346066678212,0.2229740172624588,0.33548200423046715,-1.6363171485248142,-0.9018054008483887,-1.0244628190994263,1.6450430154800415,0.6666666865348816
1.6935780496068298,3.560050188103099,-1.6661730192499027,-0.6554354429244995,0.9323502530611258,-0.1513551322871604,-0.8180125431327518,1.6211578014022514,0.5945638418197632,0.7786791324615479,-0.29012728259782133,0.3333333432674408
0.9276858253027513,-0.2760526370027912,-0.29937561944380736,-0.7443199157714844,-0.6862015538103419,-0.3387388288974762,-0.636788832674278,-0.6994266700930061,-1.5975111468970922,0.17763182520866394,-0.041507821530103683,0.5
0.1397922784090042,-0.4408404231071472,0.07799530029296875,1.1451177690493037,-0.7309583536066747,0.3457111287022015,1.158311025968953,0.49633997740803115,-0.35400127760160965,-0.02271728403866291,-0.424098910463141,0.5
-0.3574443721542322,-0.7380198836326599,0.010043300688266754,1.593356366612848,0.010699327329521849,1.065543293952942,1.4259757293856765,0.9961950808446003,0.4075177013874054,-0.5842285165218726,-0.8004556894302368,0.5
0.21556980907917023,1.9160527187809626,-2.094232490452451,-0.48609850394838694,0.8711334818432545,-0.8733505259230803,-1.5904075939747542,0.8983207941055298,-0.12739064483914475,0.4447639584541321,-0.631800651550293,0.3333333432674408
-0.3399223826168979,1.3993149146889987,-1.3658139869058687,0.5912278083160358,0.04914470400506457,0.5038304328918457,0.5166922078080491,0.22967591104531504,-0.2961025701786556,-1.1580289602279663,-0.5474730730056763,0.46107997800808975
-0.08754027634859085,-0.10689099838121159,1.8030419054127462,-0.766541063785553,-0.6700910329818726,-1.3956532993872441,-0.8412891227208131,-0.9997185333908561,-0.46536436676979065,-0.15628336369991302,0.7383885868370779,0.3333333432674408
0.1397922784090042,-0.7974557876586914,0.6895633339881897,0.015754198196049313,-0.2631605863571167,-0.8442803621292114,-0.34946793583270663,-0.6706249885219198,-0.5900617837905884,-0.957679808139801,0.6331125497817993,0.3333333432674408
0.5186799168586731,-0.9757634997367859,-0.5335727334022522,-0.6776565313339233,-0.4801901578903198,-0.5072526931762695,-0.31430595968169983,-0.807110438145861,-0.9018054008483887,-1.2956212239379168,0.21147480607032776,0.5
-0.08754027634859085,-1.213507056236267,0.5835694974865525,0.150251293387045,-0.697219729423523,-0.019325418072450022,0.5383244226298495,-0.6548147791500109,-0.46536436676979065,0.16005019984010244,0.7805956372020377,0.3333333432674408
-0.01176275685429573,3.1187764485690197,-2.1644208431243896,-0.7220988273620605,0.7017957094856339,-1.5118885149961707,-1.8797777167002705,0.44390040935735126,0.7192612886428833,-0.6237646341323853,-0.2944904565811157,0.009866835783056955
-0.9210929870605469,2.168935472281234,-1.9530920115426773,-0.8554255366325378,-0.2635755284577531,-0.0578824058175087,-0.8595091944757257,-0.6558194264095102,1.3408277154588053,-0.6905476450920105,0.21147480607032776,0.3333333432674408
-0.8551754114563742,-0.9757634997367859,0.4287658547036921,-0.8554255366325378,-0.6158336400985718,0.6723442673683167,0.5209014531204914,-1.5384239319121118,0.0957741066813469,1.8778279518546337,1.3528365782279557,0.5
0.6300028022641024,-0.9757634997367859,0.9964492923996497,0.07236396986184436,-0.04613102599978447,0.16680273413658142,-0.4198336974866506,0.8210045713443972,1.3427485227584839,0.9122452139854431,-0.2928945539205818,0.5
1.2918149714914733,2.489460286268715,-1.2805726571792129,-0.5665509104728699,0.8372345722787476,-1.0689655542373657,-1.6712105795959789,0.8355213366623139,-0.34066691994667053,-0.02271728403866291,-0.2944904565811157,0.3333333432674408
-0.2390953153371811,2.2291973013137976,-1.9424051541353358,0.1748427038535885,0.095630188237159,-0.45108139514923096,-1.2320462909851848,0.866924629080495,0.5945638418197632,-0.8238041599627961,-0.7248098851464746,0.3333333432674408
-0.8640057515355313,-0.3219686448574066,-0.3297167122364044,-0.7509757737296262,-0.6429623365402222,-1.0127942562103271,-0.5112723626202693,-0.34090323924155363,0.863507135814396,0.6776073884073193,-0.041507821530103683,0.6666666865348816
0.4743651751207863,2.1808058461762947,-1.669380956919956,-0.5887720584869385,0.6463617335984208,-1.4059932231903076,-1.744098039401661,0.9925490748199292,1.1557023525238037,-0.7454021093963425,-0.7161281704902649,0.3333333432674408
-0.6179829239845276,-0.8568916916847229,0.21389929950237274,-0.5201093147667549,-0.8194407030535458,-0.45108139514923096,-0.5008593731072389,-1.0633182443737361,0.0957741066813469,-0.5569815635681152,0.4644574522972107,0.5
-0.08754027634859085,-1.4280018519489555,-0.3297167122364044,-0.8755616966873603,-0.561576247215271,-0.44811049026707617,-0.8952773117626504,-1.051386215412198,-0.34066691994667053,0.24441486597061157,1.0547502040863037,0.5
0.5186799168586731,3.224623368639429,-2.1644208431243896,0.29983633686355327,0.662879224704663,-1.349821925163269,-1.7551130178997405,1.0802827677121147,1.7917928756346713,-0.24876339029804698,0.3801299035549164,0.0022605225210265765
-0.3148728311061859,-0.6785839796066284,-0.5335727334022522,1.3108169006392574,-0.1207934400192092,0.7356872116838918,0.888987235435741,0.43012804658943254,-0.8335938867921242,-0.9548054775903861,-0.006319685822468245,0.5
-0.01176275685429573,-1.094635248184204,-0.4656206965446472,-0.7220988273620605,-0.34454667568206787,-0.8442803621292114,-0.17861733430405524,-1.2575546540004683,-0.2071975619026585,-0.22306638956069946,0.8903331704715235,0.5
1.3593331453420223,-0.20309685170650482,-0.12586070597171783,-0.1547426051447339,-0.6429623365402222,-0.8442803621292114,0.44865675456063075,0.016953516526737135,-0.9641541242599487,-0.15628336369991302,-0.041507821530103683,0.3333333432674408
0.21556980907917023,3.9948559530763537,-1.0276931632638924,-0.6332142949104309,0.918358624259093,-1.349821925163269,-1.5452883646187914,0.4387348820653272,1.0933536291122437,0.6451131105422974,-0.1258353590965271,0.3333333432674408
-0.09326798433516488,-0.764501362761062,0.010043300688266754,-0.7220988273620605,-0.45233356503205907,-0.9566229581832886,1.2673861726800846,-1.014850831363961,-0.9954094897821013,1.63226424771837,1.2834126367187364,0.5
-0.9968705177307129,1.0336040598483194,-0.2617647051811218,-0.8554255366325378,-0.8685152871119394,-0.1382741048986971,-0.5106873322834138,-1.847189151408829,0.8695336456844969,0.4447639584541321,2.8250989929705246,0.3333333432674408
-0.6179829239845276,-0.2625327408313751,0.5460549304328594,-0.6109932065010071,-0.5073188543319702,-0.38861061542990954,-0.8168124986688401,-0.45392768617934015,0.15812282264232635,1.247367970934425,0.23919454917734723,0.5
4.438606943102316,1.110625751548107,2.1483161023898982,-0.4335182365669922,0.31637109408800723,-1.4059932231903076,-1.7772875832366957,1.6697568326749481,-0.5584771510007911,0.9294012028565177,-0.2101629078388214,0.5
0.4429023563861847,-0.9163275957107544,-0.12586070597171783,0.1290918303932854,0.08361494786113702,-0.6195952296257019,-0.1531045192201178,0.09153760295266697,-0.9709539366665296,-0.9705736391925774,-1.0534383058547974,0.3333333432674408
0.36712485551834106,0.9283694986369011,-1.9524367622157035,-0.6998776793479919,0.5778290033340454,-0.8442803621292114,-1.360205370471127,0.9284807952616724,1.0030559483100625,0.24441486597061157,-0.9691107869148254,0.5
0.47327841578334146,-0.5002763271331787,0.9419885423834352,1.6124712449688028,-0.2089032083749771,-0.22639626264572144,1.8356758862939713,1.0351854119730401,-0.9153243759502455,-0.4205530827020024,-0.9691107869148254,0.5
0.3275660774101953,-0.8568916916847229,0.21389929950237274,-0.833204448223114,-0.1669546994078961,-0.3387388288974762,-0.17543823530112884,-0.767503303505312,-0.3374715675857571,-0.43611760451072995,0.6331125497817993,0.33363541517681383
0.6443160559106903,-0.08422506600618362,0.14594730734825134,-0.8554255366325378,-0.655179797747013,-0.8608176487877904,-0.21278162867610378,-0.7159765146498868,-0.7791206475719686,-1.3456588351494654,0.498586815726323,0.3333333432674408
0.06401476263999939,2.5828102082890276,-1.9317737784769926,-0.5665509104728699,0.7354913957770801,-1.3019308534960599,-1.5801202015369484,0.5500701738643934,1.406020096289579,0.0829926823577988,-0.041507821530103683,0.5
-0.9995654269062512,0.15897742479880675,-1.3569800694231542,-0.544329822063446,-0.09360700835258795,-0.726068484407174,-0.2086507900782471,-0.9533633134920845,1.3427485227584839,-0.22306638956069946,0.9704226851463318,0.3384461385490789
-0.6179829239845276,-0.7380198836326599,-0.2617647051811218,0.2868228457626257,-0.697219729423523,0.8662844770059249,-0.27795337188365865,-1.2565114826691635,-0.09127205610275269,-0.42341551184654236,1.4705885912759527,0.6666666865348816
-0.01176275685429573,-0.20309685170650482,-0.34025234332865606,-0.05459548413932905,-0.34454667568206787,0.6735745191652172,0.7498984812327567,-0.6094020546603943,0.7816100120544434,-0.2898494303226471,0.44333570637472597,0.5504174187864451
-0.8453154563903809,-1.0741885430216596,0.010043300688266754,-0.7744227413141216,-0.2902892827987671,-0.8481296050654359,-0.5413677402021435,-0.049823187795099574,2.3027820942507784,0.1108487918972969,-0.7161281704902649,0.5
-1.142649472808322,-0.08422506600618362,-0.14077238401905243,1.7468692561311085,-0.4801901578903198,-0.6975165705940028,0.22597016171282375,0.7939027519360169,1.42807598103912,-0.3549330001311519,-0.1258353590965271,0.6666666865348816
-0.9210929870605469,-0.14366096258163452,-0.6694766879081726,0.26917881900917506,-0.369290528383186,-0.11405368894338608,0.047686658856035825,0.1711610971796948,0.9686561822891235,-0.42341551184654236,-0.8004556894302368,0.3333333432674408
-0.6937604546546936,0.33182618021965027,1.6941000416370124,-0.8822595958735394,-0.4639549050795556,-1.0689655542373657,-1.0620156186548904,-2.3145895156314147,-0.6524105072021484,-0.890896737575531,2.4272066067675584,0.3333333432674408
-0.9210929870605469,-1.0452468293556856,-0.12586070597171783,-0.7887621521949768,-0.7860858203801669,-0.2825675308704376,-0.2654693201052913,-1.0763861150286356,0.46986642479896545,0.24441486597061157,-0.041507821530103683,0.5
0.8217899799346924,2.2971137587591555,-2.07442054505035,-0.7887621521949768,0.06998633408237806,-1.2854014453075426,-1.7766368600044615,0.3136188310933524,0.8439587354660034,0.6451131105422974,-0.011249506702287818,0.3333333432674408
0.21556980907917023,0.025070146938198735,-0.3297167122364044,-0.4998875558376312,0.5804882576846597,-1.4882885859214026,-1.7821873723820594,0.5671776696687089,-0.013995871083741259,0.7589167374525073,-0.2101629078388214,0.6666666865348816
0.5186799168586731,0.5597657577128382,-0.05790869891643524,-0.4364913715121855,0.32945093429056366,-1.373217643278835,-1.6449626905601225,0.8214938916755371,0.32594598072252906,-0.2898494303226471,-0.46314552426338196,0.3333333432674408
1.1697875457091018,2.765246541255348,0.4177553057670593,-0.7900209110161518,0.9355802203498558,-1.1251368522644043,0.4469890690081555,0.3549192185474714,-1.5022028525120263,-0.3566324710845947,-1.137765884399414,0.3333333432674408
-0.01176275685429573,2.33298399372582,-1.9791981678231012,-0.6998776793479919,0.8348556638555417,-1.0980526813854883,-1.313341400386084,0.9574204482589282,1.827960867792701,0.3111979067325592,-1.0534383058547974,0.3333333432674408
0.2596258789320869,0.9588820598731679,-0.397668719291687,-0.8998677730560303,-0.7666679365002433,-0.6195952296257019,-0.23648434298112878,-1.331363585098499,-1.273733955752476,-1.47966454009774,0.5487849712371826,0.3333333432674408
1.4463524788775282,0.5101338624954224,0.07799530029296875,-0.6998776793479919,0.10776691524095106,-0.22639626264572144,-0.24938138897106202,0.2457643066904715,-0.5566516417991573,2.704458678840518,0.29580235481262207,0.5
0.4796146273084085,3.441013609554909,-2.0119465242163104,-0.7406902932159758,2.8188478094776843,-1.349821925163269,-1.2071949719531687,0.9250774183720636,0.5945638418197632,0.9122452139854431,-0.8893450679767806,0.3333333432674408
-0.6495300311182152,-0.4408404231071472,-0.05790869891643524,-0.9184707537352229,-0.7243484258651733,-1.1602184042535542,-0.28626135390970353,-1.7303937372627622,0.7856859897750246,-1.4371471431947118,1.7859420839557372,0.5
-1.1519688702219621,-0.6191481351852417,-0.12586070597171783,1.7281269308626608,-0.18177451193332672,1.740328061560196,1.0405513736852552,0.5707921999401737,0.9063074588775635,-0.9921530734033454,-0.631800651550293,0.5
-0.5649883885951825,-0.3814045190811157,0.21536946088256004,1.7052598048824754,-0.2360319048166275,1.3389553063413133,1.947910276769593,1.1624779278346142,-0.3955553072491038,-0.22306638956069946,-1.0534383058547974,0.5
-0.46642789244651794,-0.5002763271331787,0.5536593198776245,-0.02902581755638485,-0.5344475507736206,-0.2240086827423571,0.32933896319799555,-0.5770718935788852,-1.0265028476715088,-0.02271728403866291,-0.2944904565811157,0.5
-0.16331779956817627,-0.7380198836326599,-0.6115172042147318,-0.8554255366325378,-0.5887049436569214,-0.18864185085016955,0.007926414526227141,-1.321823994057905,-0.5900617837905884,-1.0912458896636963,0.3686732332160204,0.6666666865348816
-1.148425579071045,1.9205953566180691,-0.2617647051811218,-0.17638539764909644,-0.7679303272038644,-0.11405368894338608,-0.4301109571957998,-1.5565501880651782,-0.09492032535420297,-1.2179273958860675,1.5607155561447144,0.9466157839029827
0.1397922784090042,-0.5492846280118994,0.8934193253517151,-0.6998776793479919,-0.2360319048166275,-0.731937825679779,-0.308944736903508,-0.3926362034074855,-0.5006818313063662,0.24441486597061157,-0.7161281704902649,0.3333333432674408
-0.3148728311061859,0.7913009105572532,-1.2266006706705936,-0.6554354429244995,0.7131576648035814,-0.5252785134540613,-1.1087032276962243,0.9723899523963452,2.019974353525616,-0.22306638956069946,-0.2101629078388214,0.3333333432674408
-0.7695379853248596,-0.6264626341213562,0.6216112971305847,1.6299408837087155,-0.6158336400985718,0.2229740172624588,-0.06222246614448103,0.29258868876219035,-0.9641541242599487,-0.42341551184654236,-0.2944904565811157,0.5
0.36712485551834106,-0.8007639494496859,1.1652272939682007,-0.6332142949104309,-0.34454667568206787,-1.1251368522644043,-1.0991441817474044,-1.0241441517592185,-0.7771079540252686,-0.49019855260849,0.6254081773116174,0.5
-0.5422053933143616,-0.024789171293377876,-0.03483305302817579,0.8193941508468306,-0.5344475507736206,-1.349821925163269,-0.22315496395024065,-0.9307458142312336,-0.6524105072021484,0.4447639584541321,2.2914312867148663,0.5
-0.5422053933143616,-0.4408404231071472,0.6836948878808194,-0.3922384433798368,-0.6193854925381693,-0.17022497951984406,0.21868794074743286,-1.1397940361572538,-0.1940560082700087,-1.1336264015187523,0.8017675876617432,0.5
1.46341501804033,-0.024789171293377876,-0.19381269812583923,-0.6776565313339233,0.5875201606902383,-1.1251368522644043,-1.5414493613129616,0.7730127383763593,-0.4030156433582306,1.5785065455316176,-0.2944904565811157,0.3333333432674408
-0.6937604546546936,-1.0645847643175717,0.07799530029296875,-0.7887621521949768,-0.5986360382956447,0.11063144356012344,-0.3260980642186632,-1.4455339581652549,-0.46536436676979065,3.0008558278317623,0.5825380559721184,0.6666666865348816
-0.16331779956817627,-0.6191481351852417,0.010043300688266754,1.067215009861418,-0.2902892827987671,0.39148786664009094,0.6374616501495707,0.6235665350893841,-0.34066691994667053,-0.6905476450920105,-1.0534383058547974,0.5
-0.6937604546546936,1.494924940772002,-2.1616599862060024,-0.6785845491324289,0.35388053426328603,-1.1470587593740995,-1.6616693848133137,0.2948136423770129,1.1557023525238037,0.9122452139854431,-0.8847832679748535,0.3333333432674408
-0.548451723098722,-0.2625327408313751,0.058490178899447326,0.26884793728899015,-0.2631605863571167,-0.013112464986840752,0.6464346435724395,-0.7362353363799425,-0.028923334553837776,-0.22306638956069946,1.223405361175537,0.49676095665578834
-0.39065036177635193,0.7793377592817872,-2.049483870486707,-0.7482696848860472,0.464974183904203,-1.4451334351296303,-1.6133981061004776,-0.13082886524875295,0.7816100120544434,0.1108487918972969,0.21147480607032776,0.3333333432674408
3.0066360979046127,0.09408261626958847,1.8196775633216495,-0.5735038340434612,0.6239543695505394,-1.4059932231903076,-1.6782030408152264,1.0434309069232375,-0.4030156433582306,0.6451131105422974,0.5943174293588237,0.3333333432674408
-0.6179829239845276,-0.4747251443184341,-0.397668719291687,1.5063276589237022,0.6688726948662413,-0.22639626264572144,1.0481671032804147,1.4353854552305418,2.0386796660244335,-0.15628336369991302,-1.137765884399414,0.5
0.16342089515757577,-0.024789171293377876,-0.12586070597171783,-0.340844430713742,-0.6158336400985718,0.5446832609622688,0.29150914921356375,-1.0176858818070171,-0.3374577064505219,0.04406575486063957,1.5144055402059928,0.6666666865348816
1.9303627134604766,-0.9708012942002517,0.09239883435856727,-0.47246825604695364,-0.8802430111911718,-0.3786150921696404,0.08219872630445313,-0.24834549502423964,-1.1667962432900056,-1.3722197045606896,0.21147480607032776,0.6666666865348816
0.8360219233615902,0.5101338624954224,-0.19381269812583923,-0.8358991090222039,-0.37167537212371826,-0.7828484760759399,0.7050955315890841,-0.03220815823032658,-0.15362077951431274,-0.5569815635681152,-0.46314552426338196,0.1666666716337204
-0.7695379853248596,-0.3219686448574066,-0.6694766879081726,-0.6583498464560866,-0.04613102599978447,-0.8442803621292114,-1.1950397730083036,-1.0617034949472777,0.8439587354660034,0.6451131105422974,1.39549125496637,0.5
-0.8453154563903809,2.435357541334819,-2.093618350933447,0.032562976455140474,-0.366661215452374,1.567148566162788,0.32605626817169836,-0.18303129942572124,0.13698606448877332,-0.9353825805748262,-0.3605513164384843,0.3333333432674408
-0.6937604546546936,-0.1864879730710369,1.573399096835932,1.0930100127836828,-0.37167537212371826,1.532120380032204,1.6105378047751524,0.7292228093154657,-0.5900617837905884,-0.3566324710845947,-1.4750760793685913,0.5
1.4190458532559929,0.014053029155221662,0.8934193253517151,-0.766541063785553,-0.37167537212371826,-1.1251368522644043,0.9499651822022358,-1.1639500778505256,-1.3988308023612153,-0.2898494303226471,1.5607155561447144,0.5
-0.3148728311061859,-0.3814045190811157,-1.4622534991994391,-0.8776466846466064,0.06655282320275323,-0.27430187172223763,-0.7341781932348199,-0.03962808116475253,0.2828202545642853,-0.5569815635681152,-1.306420922279358,0.3333333432674408
1.0334334527627913,0.6633222916683498,-0.05790869891643524,0.07242827750627684,0.6004553893623162,0.4476591646671295,0.03611771234986574,0.5464260269601167,-0.5277130603790283,0.1674557795825683,-0.2944904565811157,0.3333333432674408
-0.9210929870605469,-0.14366096258163452,-0.941284716129303,-0.7887621521949768,-0.4320689964063579,-1.1277230074411253,-1.3543684670877125,-0.8553181886672974,1.6435503287478221,0.1108487918972969,1.223405361175537,0.6666666865348816
-0.9210929870605469,-0.2625327408313751,-0.6694766879081726,-0.7582123996713556,-0.3706870110852951,-0.3387388288974762,0.08114171995583679,-0.6934345340481788,0.9063074588775635,0.7786791324615479,-0.49279600611737756,0.5
-0.16331779956817627,-0.14366096258163452,-0.8720028082467437,-0.6105192743360068,-0.4801901578903198,0.9396512500562115,0.7894008041151609,-0.8887933251298218,0.2828202545642853,0.17763182520866394,0.6984987547906831,0.5
-0.39065036177635193,-0.3814045190811157,-0.5274130278207938,-0.7411377071463529,-0.2360319048166275,-0.6195952296257019,0.16830100267242648,-0.4061465252088634,0.2946588735347752,-0.22306638956069946,-0.631800651550293,0.5
2.133599404623756,-0.5002763271331787,0.6895633339881897,-0.7887621521949768,0.5808419919003577,-1.349821925163269,-1.741487407005054,0.9722825907208877,-0.8429398487798117,0.602448326869631,-0.8847832679748535,0.5
0.04657629626765461,-0.3814045190811157,-0.12586070597171783,0.30230870255916403,-0.2631605863571167,0.9532006978988647,0.7556135799656745,-0.3187544569882779,-0.46536436676979065,-0.15628336369991302,0.6331125497817993,0.5
-0.16331779956817627,-0.5002763271331787,0.28185129165649414,-0.8554255366325378,-0.11210747590239598,-0.737202465706236,-0.33629628678811924,-0.6263013471885944,-0.7771079540252686,1.0841563967707717,-0.631800651550293,0.3333333432674408
-0.6937604546546936,0.03464672341942787,-0.4656206965446472,-0.6776565313339233,-0.8122559286100607,-0.45108139514923096,-0.12540427150686598,-1.7829461177007546,-0.7771079540252686,0.716029836008665,1.94479611958863,0.6666666865348816
-0.6179829239845276,0.5101338624954224,-1.5287994721947404,1.2596928142789017,-0.34454667568206787,1.2449387600166668,0.625858188285777,0.30339744995050155,-0.6524105072021484,0.17763182520866394,-0.631800651550293,0.3333333432674408
1.6653681360046746,0.9630621941808637,1.1652272939682007,-0.5887720584869385,0.4358970471014845,-0.731937825679779,-1.3660103987321481,1.2331063498012786,0.983447297884838,1.8271984986439542,0.7174400687217712,0.5
1.1957577704526854,1.749915734664981,0.14594730734825134,-0.6332142949104309,1.2654529921013984,-1.3475178169513853,-1.7308446224471519,0.9007526708320621,-0.09127205610275269,-0.49019855260849,-0.7703072200488922,0.5
-0.2390953153371811,-0.7380198836326599,0.4857073128223419,0.8765623019087065,-0.6700910329818726,0.8943347039219901,0.5099468904577391,0.5414826430902885,-0.46536436676979065,-1.0244628190994263,-0.37881800532341003,0.3333333432674408
-1.1671522399330847,-0.4408404231071472,0.7723459425400503,-0.8776466846466064,-0.16394520287434292,-0.731937825679779,-0.6771283940378553,-1.4387905276433441,0.46986642479896545,-1.0244628190994263,1.223405361175537,0.6666666865348816
-0.08754027634859085,1.898663594744484,-2.1644208431243896,-0.5739587184803225,0.8954803245812629,-0.90045166015625,-1.3438010620178953,0.6279890784886248,0.5322151184082031,0.5783300399780273,-0.8847832679748535,0.3333333432674408
0.27270696491853574,0.3931257158508853,0.000958702316409106,-0.5887720584869385,-0.01900232955813408,-0.6195952296257019,-1.5246311924031737,0.08968079084522769,1.1557023525238037,1.7051943732974109,1.4758965167806841,0.8333333134651184
-0.39065036177635193,-0.5597122311592102,0.4857073128223419,-0.5852836369296374,-0.4801901578903198,-0.2825675308704376,-0.1343817319302199,-0.6041899130117226,1.2308603570907921,1.5254767712086346,0.6331125497817993,0.6666666865348816
-0.5422053933143616,-0.3219686448574066,1.1652272939682007,-0.766541063785553,0.7048871282291643,-1.1251368522644043,-0.5890866414018496,-0.9316353564502228,-0.1369096688054649,0.17763182520866394,1.5607155561447144,0.5
-0.5847290717423282,0.8628121572395507,-1.8093025879181277,-0.5131857514407647,0.35793709977115046,-0.7172752377040112,-1.3304917788759414,0.6396820753207355,1.0743921447805198,0.5783300399780273,-0.041507821530103683,0.5
-1.072648048400879,-0.3814045190811157,-0.3297167122364044,-0.766541063785553,-0.6158336400985718,0.9740487669657018,0.43185798720492674,-1.7691904064169492,0.5945638418197632,-1.0912458896636963,1.813698172569275,0.6666666865348816
-0.9968705177307129,0.45240380860550056,-1.0144234659714293,0.2536684771277033,-0.03270555748061644,0.33531656861305237,0.6724900639572874,0.2764427760719662,0.5322151184082031,-0.0895003229379654,-1.0534383058547974,0.5
0.4429023563861847,2.2762894555967144,-0.6062997418194903,-0.28308967506215116,0.6066995943062304,-1.3109536360489564,-1.2776334239745468,0.9906039555477201,1.2472946595612766,0.17763182520866394,-0.8847832679748535,0.3333333432674408
6.353549003601074,7.345261573791504,9.11561107635498,-0.9887523055076599,-1.2940510511398315,14.546651840209961,5.739711284637451,-2.504413366317749,4.896625518798828,-2.092991352081299,3.078611373901367,0.0
-0.7695379853248596,-0.7974557876586914,0.4857073128223419,-0.8776466846466064,-0.9274345547404987,0.2313158317758885,-0.08705805805271334,-1.4457419618548817,-0.09127205610275269,-0.6419277125021458,0.7196775504830242,0.5
0.21556980907917023,1.76128372575708,-1.7292759443203716,-0.7443199157714844,0.9618379896082979,-0.7881091237068176,-1.5589942994639983,0.29378085938901227,1.0637630520328563,0.6413998111574551,-0.1258353590965271,0.5
-0.9210929870605469,-0.7974557876586914,-0.9576736288038905,-0.6776565313339233,-0.6408318355141183,0.2229740172624588,-0.04455590815978966,-1.0089839826223317,0.8044819654652885,0.9790282845497131,0.21147480607032776,0.5
0.36712485551834106,-0.5002763271331787,-0.041350297458316115,-0.6109932065010071,-0.7654137438512021,0.11988170541021576,-0.4011814802668114,-1.452610791715302,-1.4424429563188936,-0.9793897347668677,1.392060399055481,0.5
0.23257788659255763,1.9846132186586627,-1.9564163795210623,-0.6655884796227001,0.8320353979410932,-1.585586192972273,-1.6619485296007905,0.7780457101079642,1.516838611405948,0.7245658857285194,-0.2944904565811157,0.5
3.081689903682375,1.270090247014761,3.86632859407814,-0.16535611249640808,0.5579816549617238,-1.2251056861181622,-1.374968868831156,1.2458333990807886,-0.46536436676979065,0.9090810739393202,1.223405361175537,0.3333333432674408
0.5186799168586731,-1.2544938045680754,0.5536593198776245,-0.7220988273620605,-0.2902892827987671,0.017270564732337398,-0.04410344857286089,-0.09873056942944393,0.7321408953081978,-1.4593562875356427,-0.8847832679748535,0.5
-0.7695379853248596,0.5101338624954224,-0.7917706270907275,-0.8554255366325378,-0.5943737340062857,0.7846868634223938,0.5103453162334456,-1.4381094083412251,-0.2783181965351105,-1.1580289602279663,0.3801299035549164,0.3333333432674408
-0.5422053933143616,-1.094635248184204,-0.3297167122364044,1.4187145444460088,-0.561576247215271,-0.17022497951984406,-0.1764116196428139,0.1015487163378509,0.46986642479896545,-1.2915949821472168,0.12714727222919464,0.3333333432674408
-0.8190898434614899,0.9923696668831007,-1.9772182376972673,-0.8071657514501097,0.4769326140539392,-0.6195952296257019,-1.4310619569989707,-0.025325144097497768,1.043723967989441,-0.6237646341323853,-0.8847832679748535,0.5
0.4429023563861847,-0.20309685170650482,-0.1350849824081887,-0.6980271885017698,0.5475975533738109,-1.213019816474178,-1.7662341181926702,0.29366916165893525,1.2151508929222359,0.649536309070903,0.7755146860019776,0.3333333432674408
0.30756048911773104,-0.4408404231071472,0.8254672884941101,2.3524310226706113,-0.4370548924119494,2.0252499561210366,0.8975703118195371,1.4285563917333932,-0.7218526265739903,-0.13705290639974924,-0.8847832679748535,0.5
-0.7695379853248596,-0.5597122311592102,-0.05790869891643524,1.523612421800853,-0.34454667568206787,1.1684685166041813,1.03769008910537,0.8552527253943489,0.9686561822891235,-0.6237646341323853,-0.8847832679748535,0.5
-1.072648048400879,-0.31008297896762094,0.9711700670424208,0.08339943484385799,-0.6188825701442643,0.8629898671301517,1.3866376025653007,-1.0221290336047422,0.03789944929848294,-0.8343919828607183,0.5487849712371826,0.5
0.5729287620986818,0.21295440196990967,-0.10129397761255429,-0.00014314344435501988,-0.12751711905002594,0.022941852704453324,0.9153563573238985,0.4018963285874274,-0.4030156433582306,-1.0244628190994263,-1.0534383058547974,0.3333333432674408
-0.46642789244651794,-0.6191481351852417,-0.15958668143520083,1.9103656257652273,-0.2631605863571167,0.16680273413658142,-0.23583032507170934,0.11391171450513979,-0.5381080937322822,-1.0244628190994263,0.6331125497817993,0.5
-0.3148728311061859,0.3601484839895195,-1.9461255220387257,-0.6998776793479919,0.183637325300399,-1.238208088434961,-1.3741531350899552,0.3255504967122604,0.2204715460538864,0.7118961215019226,-0.8847832679748535,0.3333333432674408
-0.39065036177635193,0.15351851284503937,-0.5335727334022522,1.0717563415898936,-0.45306146144866943,0.2229740172624588,0.4711162320869102,0.22339935834245503,-0.8394566774368286,-0.05641490689323928,-0.041507821530103683,0.3333333432674408
0.9851115352955977,1.4979929201961604,-0.2617647051811218,-0.48676190675452274,1.0455007186966456,-1.4059932231903076,-1.6149096741818885,0.9236405214707588,-0.028923334553837776,0.17763182520866394,-0.1258353590965271,0.3333333432674408
-0.5422053933143616,0.3984868261882656,-0.397668719291687,-0.4145643629850092,-0.620285789909377,-0.7055849419206986,-0.2397970882048271,-1.5475623208777867,-0.7147592306137085,-0.5569815635681152,1.6450430154800415,0.5
-0.2390953153371811,-0.4408404231071472,-0.05790869891643524,2.0724778581157333,-0.2360319048166275,0.4476591646671295,0.5326396498897125,1.1180085811905707,-0.2678599485171507,-0.22306638956069946,-0.8030118142045405,0.6666666865348816
-0.7237367369994329,1.4521841576463803,-2.0245744947683675,-0.7220988273620605,0.1975247996121442,-0.0578824058175087,-0.32533516422387004,-0.26227174996465147,1.9981581453016464,0.04406575486063957,0.5487849712371826,0.3333333432674408
-0.7695379853248596,-0.14366096258163452,-0.3297167122364044,-0.4163070476647662,-0.6766912391071435,-0.5072526931762695,-0.3672512333994434,-1.8984179464772852,-0.2783181965351105,-0.6237646341323853,2.2664289772455977,0.6666666865348816
-0.29385676548660056,-1.0351994037628174,0.14594730734825134,-0.544329822063446,-0.2631605863571167,0.49640841994578727,0.2562250181722975,-0.5191113505879125,0.5945638418197632,-0.6905476450920105,-0.2101629078388214,0.3333333432674408
-0.27877471878818927,-0.2625327408313751,-0.08244939096369622,0.18379354556690256,-0.2360319048166275,-0.0578824058175087,1.2098676632305727,-0.03533216590416728,0.6569125652313232,0.04406575486063957,-0.041507821530103683,0.5
0.21556980907917023,-1.357370335295787,1.045831184305691,-0.833204448223114,-0.34454667568206787,-0.35408782946404843,-0.6095546920628505,-0.46162968666591486,0.2204715460538864,-0.49019855260849,-0.8004556894302368,0.5
0.14334237315998719,1.5344021364817881,-0.397668719291687,-0.5016763521450293,0.17965743377148202,-1.237479329109192,-1.5669341900149747,-0.270727985057716,0.8439587354660034,0.557225018772864,1.3821793377428995,0.3333333432674408
-1.2252441733093529,-0.7974557876586914,-0.397668719291687,-0.08790828410116046,-0.6319933044658921,0.2791453003883362,0.23285219654847797,-0.36895180081101897,1.0988311548564027,-0.22306638956069946,0.23484518872218002,0.5
-0.3148728311061859,-0.3219686448574066,0.5536593198776245,-0.3303238284015073,-0.46604819669939207,-0.90045166015625,-0.28539413543654524,-1.097170160029942,-0.7147592306137085,0.7786791324615479,1.5079413967214723,0.5
-1.5817865142597727,0.13967039006684528,-1.4539412947476487,0.8072758111523651,-0.5724161245039345,0.580138863121494,0.828982807666949,-0.08200824429909705,1.520117723230476,-0.3566324710845947,-0.022150941825203094,0.5
-0.08754027634859085,-0.8568916916847229,-0.12586070597171783,-0.8776466846466064,-0.4483320351278508,0.1489120058236328,-0.24114723214167808,-0.5900099690700009,0.8439587354660034,1.310188449183204,-0.37881800532341003,0.5
0.4429023563861847,-0.7974557876586914,0.14594730734825134,-0.8741762135765583,-0.6158336400985718,-0.6131575160988778,-0.2359947595930063,-0.5088507073949065,-0.46536436676979065,-0.6905476450920105,0.009984758404957272,0.3333333432674408
-0.16331779956817627,-0.2625327408313751,-0.3297167122364044,-0.5887720584869385,-0.34454667568206787,-0.6195952296257019,0.32550596497375617,-0.5089398102037009,-0.09127205610275269,-0.42341551184654236,-0.1258353590965271,0.5
-0.6937604546546936,0.27239030599594116,-1.1549967004702124,-0.6554354429244995,1.0865273672852782,-0.9566229581832886,-1.3923276013930461,0.6826173697313663,2.3121791026931513,0.37798094749450684,0.5521822388186599,0.5
1.592716605232149,-0.6865116243053293,1.1652272939682007,2.4060335471962335,-0.23491568728238071,2.176891679119138,1.4407449364053369,1.9273466359674731,-0.028923334553837776,1.8996803912544635,-0.9691107869148254,0.3333333432674408
-1.4921701738896995,-0.14366096258163452,-2.0611243702276405,1.6087194347784661,-0.326154492574474,-0.20297281063909403,-0.02355707330425392,0.0917765741550665,1.858008805950781,-0.2898494303226471,1.5607155561447144,0.5
1.4305535042249433,-0.3814045190811157,0.9636934091025515,0.5953939461034948,0.3167189122994639,0.2229740172624588,0.4667623426459392,0.7666517072646055,-1.4024099835268597,-0.42341551184654236,-1.0534383058547974,0.3333333432674408
-0.6101417084798447,1.1460401538706595,-0.12586070597171783,0.44427427322848456,-0.5887049436569214,0.6723442673683167,-0.1967306503152759,-1.213756945835532,-0.7771079540252686,-1.155146414405624,1.9579404437521657,0.6666666865348816
0.5819988467158724,-0.3814045190811157,0.14594730734825134,1.8554230379049366,-0.7642584602491914,-0.5072526931762695,0.036158952536007156,0.8983207941055298,-0.4030156433582306,-1.2304400098776762,0.04281972348690033,0.6666666865348816
0.5186799168586731,-0.3219686448574066,1.1652272939682007,0.21173471016443896,-0.2980217064398821,-1.0127942562103271,-0.5947708388365579,-0.9018323959382883,-0.7147592306137085,-1.1083533493885849,1.5357654828323912,0.3333333432674408
-0.8170460221439813,0.11904285596634262,-1.5046009742140931,-0.7220988273620605,-0.5556977221293744,1.9657744420413104,1.8516513007325819,-0.6159086689015297,1.1803252679447556,0.9459330844020147,-0.041507821530103683,0.5
-0.7695379853248596,-1.3189798830512585,0.7889597792444378,-0.5784983551041177,-0.39880406856536865,-0.3949100971221924,-0.37353443039524714,-1.6945098629857773,-1.8006683917091717,-1.3583780527114868,0.7174400687217712,0.5
-0.3148728311061859,-0.6785839796066284,0.07799530029296875,0.7331799182957793,-0.3691998932761379,0.3610939142862117,0.705881572205414,-0.06254910943450907,-0.2159694880247116,-1.4127582202776983,-0.1258353590965271,0.3333333432674408
4.291107833010048,2.691469298022077,1.1652272939682007,-0.6998776793479919,0.373762154239448,-1.349821925163269,-0.08973239811542559,1.6656546481305807,-1.7004506619795814,0.24441486597061157,-0.9691107869148254,0.5
-0.39065036177635193,-0.5498125450003611,-0.941284716129303,2.3128956673306558,-0.18177451193332672,0.05446016043424606,0.10061040181584152,0.770834941144935,-2.5704049597058964,0.3111979067325592,-1.2220934629440308,0.5
-0.39065036177635193,-0.5791904169068985,-0.12586070597171783,-0.7276701389168384,0.4030286943182198,0.12018488560503802,1.578439328381611,-0.1236490206814605,1.3234484883818236,0.5783300399780273,-0.631800651550293,0.3333333432674408
-0.46642789244651794,-0.6914703813283597,-0.19381269812583923,-0.2721711830494211,-0.37167537212371826,0.11063144356012344,-0.2725010464749741,-1.3151902434681542,-0.8029607564473511,-0.49019855260849,0.9704226851463318,0.5
-0.04677415856195018,-0.2695885849351493,0.14594730734825134,0.3547811647684214,-0.8799023260544023,0.468119985511839,0.3274602184813346,-1.0635741589565109,-0.4030156433582306,-0.5091457241632917,1.6265597076083085,0.8333333134651184
-0.9210929870605469,-0.20309685170650482,-1.2098159918757707,0.41955609640438407,0.43244072249388293,1.2898930437485057,1.0079886037077501,0.15499793442753587,-0.46536436676979065,-0.7654205691781442,-1.137765884399414,0.5
-1.8163254851499708,-0.14366096258163452,-1.3662404984256693,2.2907097987968004,-0.45306146144866943,-0.6757665276527405,-0.06042435278952369,0.6922533876550901,-0.46536436676979065,0.05741476013020683,-0.8847832679748535,0.3333333432674408
0.4429023563861847,2.0368941461713033,-1.0448456177618675,-0.7220988273620605,0.10775123092670555,-0.19957926486764416,-1.2674893370003533,0.02416519708072095,0.9686561822891235,0.04406575486063957,0.6749254273562462,0.5
0.5186799168586731,-0.20309685170650482,0.010043300688266754,0.5919378785207549,-0.09270503590728382,1.1217145919799805,0.8949290909922425,0.424701984301003,-1.0265028476715088,-0.42341551184654236,-0.46314552426338196,0.5
6.353549003601074,-1.5564121743227526,9.11561107635498,-0.9887523055076599,-1.2940510511398315,14.546651840209961,5.739711284637451,5.3161420822143555,4.896625518798828,9.794388771057129,3.078611373901367,0.0
-0.16331779956817627,-0.3219686448574066,-0.2617647051811218,-0.5665509104728699,-0.957013666022092,0.9070829866563036,0.08040643303173088,-1.5215973929679736,-0.2159694880247116,-0.6293471769980041,1.6450430154800415,0.5
0.8165066328857693,-0.2625327408313751,-0.05790869891643524,-0.8109833002090454,-0.2360319048166275,-1.349821925163269,0.6231686888216541,0.4355648560969827,-0.6524105072021484,-0.22306638956069946,-1.0534383058547974,6.289784855760843e-05
-0.37596323560086575,0.008745709904354929,-1.3165440747236492,-0.833204448223114,-0.6700910329818726,0.8443669752020497,0.06615701064795043,-0.3528881220032568,-0.9641541242599487,-1.1979236684639538,-1.9077034454567001,0.3333333432674408
-1.2672160137540298,0.7747284239966246,-1.268522117229695,2.01242081525802,-0.3174179792404175,0.027531202822160473,0.5041578472871459,0.5205541107200993,1.5642814476768532,-0.5569815635681152,-0.3444232266304759,0.3333333432674408
-0.6912475436544994,-0.3814045190811157,0.21389929950237274,0.6337948516628706,-0.4012598753873277,0.8542349860272511,0.49918984872695116,0.362226067274008,-1.213549017906189,1.1275592640244505,-0.8847832679748535,0.5
0.5944573879241943,1.2888230670046235,1.828070169434758,-0.5665509104728699,-0.2089032083749771,0.11063144356012344,0.8940313060857935,0.728030277623145,-0.9305702163054259,0.04406575486063957,-1.306420922279358,0.3333333432674408
-0.965015628746405,-0.5002763271331787,-0.05790869891643524,-0.5665509104728699,-1.1262631799397014,0.16680273413658142,-0.2617113027534172,-1.6358433696668089,2.212765294472898,-0.16353874749407193,2.1454679236826766,0.5
-0.08754027634859085,-0.5002763271331787,0.14594730734825134,-0.406686848115917,-0.39880406856536865,-0.17022497951984406,1.4574538682856308,-0.48261476881958454,0.34516897797584534,0.3111979067325592,0.3801299035549164,0.5
-0.8453154563903809,0.09408261626958847,-0.6015247106552124,-0.7887621521949768,-0.04960800850353232,-1.2067241670961135,-0.15447344969741292,-1.0621043108706738,-0.16323714667759237,0.4447639584541321,0.6331125497817993,0.3333333432674408
-0.46642789244651794,-0.36984200479223406,0.14594730734825134,-0.5678318731317596,-0.8580986800414454,-0.030952243022381032,-0.2523616459726396,-1.4416683812291016,-0.032678268150108214,-0.8137642734452644,0.955044222202723,0.6666666865348816
0.14640120838647303,1.9507674092349356,-1.9961315225150478,-0.5665509104728699,0.6301322117568128,-1.212102667638296,-1.5828019989513056,0.6184118831956531,0.8439587354660034,0.17763182520866394,-0.631800651550293,0.5
-0.2390953153371811,-0.4207128787986797,0.5536593198776245,0.852074893066743,-0.2631605863571167,-0.17022497951984406,-0.019509974867105484,0.5625980244561476,0.5945638418197632,0.7786791324615479,0.04281972348690033,0.3333333432674408
-0.15054691602826686,0.8601010702793187,-0.941284716129303,0.25016957186251443,-0.2575554582619725,-0.5658584055207313,1.2934772179924119,0.3278033582526859,-0.15362077951431274,-0.42341551184654236,-0.9691107869148254,0.5
-0.01176275685429573,-0.27641203541622883,-0.6015247106552124,1.5666065695822533,-0.42593276500701904,0.05446016043424606,1.0378763752545321,1.0273743141555907,0.06918023487244843,-0.42341551184654236,-1.0534383058547974,0.5
-0.16331779956817627,0.5880280555421309,-0.7734362402198315,-0.6985600905126399,-0.561576247215271,0.39148786664009094,-0.18008960977205363,-1.3261909072532447,-0.4030156433582306,-0.22306638956069946,1.392060399055481,0.6666666865348816
-1.3364913356014083,-0.6782540078526799,-0.19381269812583923,0.6309212040008352,-0.999468130716612,-0.47337556875593184,0.13384611321591855,-1.0898210235573533,0.7192612886428833,-0.22306638956069946,1.5607155561447144,0.5
-0.6179829239845276,-0.7380198836326599,0.07799530029296875,0.05881125542957158,-0.21053952524225075,0.2229740172624588,0.42874218440334944,-0.6982139917322059,0.6402320081187403,-0.49019855260849,0.21147480607032776,0.5
-0.45891544860505007,-1.2071484598226012,-0.2617647051811218,-0.05762031860861095,-0.27221246392528126,-0.0017111222259700298,-0.3773984434397249,-0.584044785496964,-1.4005951881408691,0.37798094749450684,-0.37881800532341003,0.6666666865348816
-0.7523105062526151,0.0834893671019917,-0.19381269812583923,-0.7975264025141792,-0.7313075635690861,-1.0689655542373657,0.23922959463671212,-1.498048826050038,-0.8594634289274641,-1.0244628190994263,0.8017675876617432,0.3333333432674408
0.29134732484817505,1.3178817280546757,-0.6799102136674243,-0.766541063785553,0.6772824899393819,-1.0689655542373657,-1.337715284225226,0.6909221734705863,0.7192612886428833,-0.02271728403866291,-0.9691107869148254,0.5
-0.6179829239845276,0.27239030599594116,0.14594730734825134,0.5768950942019622,-0.697219729423523,-0.0017111222259700298,0.840252012001582,0.21265750114287893,0.2828202545642853,0.9790282845497131,0.4644574522972107,0.3333333432674408
-0.8453154563903809,-0.14366096258163452,0.010043300688266754,-0.5665509104728699,-0.2902892827987671,0.49590890315736835,-0.019509974867105484,-1.1930746038581095,-1.6869713988130197,0.31732727283200834,0.7189148698307248,0.5
6.353549003601074,-1.5701223611831665,9.11561107635498,-0.9887523055076599,-1.2940510511398315,14.546651840209961,5.739711284637451,5.316021571936355,4.896625518798828,9.794388771057129,3.078611373901367,0.0
0.4429023563861847,-0.5002763271331787,-0.47509497420774843,1.8559078201149941,-0.18177451193332672,1.289400397357089,1.91703822388431,1.4061826338427013,-0.028923334553837776,0.3111979067325592,-1.0534383058547974,0.3333333432674408
-0.07981018176857116,1.74969696329046,-0.3297167122364044,-0.7697337050742901,1.5357252469705232,-1.4182792863299905,-1.774621429052791,0.46079351450529377,0.2204715460538864,0.8807642342881079,-0.631800651550293,0.3333333432674408
-1.3068285486526605,0.37068572109219106,-1.5084501771311227,0.015381061589038014,-0.3174179792404175,0.6161730289459229,1.3543817781467258,-0.5142750412582425,0.6569125652313232,-0.5569815635681152,-0.46314552426338196,0.3333333432674408
2.1996098392028505,0.4140784294760331,2.0129860763033616,-0.6109932065010071,0.5833317049468607,-0.90045166015625,-1.3451987865980983,1.0937526739011998,-0.7578945460482704,1.7681400501819895,0.4644574522972107,0.5
-0.2390953153371811,-0.10218463179362448,-0.4656206965446472,-0.40744806705416753,0.5609602045071472,0.271291582185885,0.6610048147675059,0.2228041254836747,0.0957741066813469,-0.21848967011515769,-0.4144386962035903,0.3333333432674408
-0.30418822049471933,-1.3291013915343939,-0.397668719291687,1.2476932173709523,-0.275934286282197,1.7388421652627384,0.4505018247227267,0.4295607638431504,0.2204715460538864,-0.9675414671798493,-0.8847832679748535,0.5
-0.08754027634859085,-0.43487052327256637,0.14594730734825134,-0.8554255366325378,-0.6429623365402222,-0.22639626264572144,-0.502341468092149,-0.4131437009914865,0.6569125652313232,0.3237314101508372,0.21147480607032776,0.5
-1.2006331121513591,-1.1026953426413506,-0.19381269812583923,-0.6275999845213526,-0.42593276500701904,-0.8442803621292114,-0.5007416351837886,-0.8756640099368528,0.9157228658645272,-0.02271728403866291,-0.01978785103672937,0.5
3.3476041480461953,-0.024789171293377876,1.2965238897683986,-0.4998875558376312,1.5420023588734462,-1.4655630148002101,-1.7869928722476631,0.7671392052197624,-0.5018754427320095,1.3832425989737591,0.6697736414431407,0.5
-0.6179829239845276,0.10044735191711524,0.5818018054061312,-0.8776466846466064,-0.5344475507736206,-0.17022497951984406,0.7288763313531809,-1.0068681559334374,-0.7771079540252686,-0.22306638956069946,0.25483880161252076,0.3333333432674408
-0.6026118385336456,0.49228125261796507,-0.5335727334022522,-0.5263016943755369,0.5684368770680814,-0.5072526931762695,-0.8402916731339298,1.2986208631250322,2.000578175167058,0.4447639584541321,-1.137765884399414,0.5
-0.14994735996153896,-0.8568916916847229,0.21389929950237274,-0.6998776793479919,-0.34454667568206787,-0.3918982800972775,-0.6188116184883212,-0.5201835999473655,0.0957741066813469,0.3111979067325592,-0.041507821530103683,0.5
-2.576874733217458,7.3395974039891465,9.11561107635498,-0.988676559638147,15.037424087524414,-0.22639626264572144,-1.9035212923032567,-2.2480299042676988,-3.1463592052459717,9.794388771057129,-2.1496615321212054,0.0
-1.072648048400879,-0.4408404231071472,-0.8053807020187378,0.4956541091543394,-0.4941846492526095,0.3614547662264092,0.6683036306318647,-0.4947987737172025,0.4012251749451132,0.17763182520866394,0.04281972348690033,0.5
-1.072648048400879,-1.1843963580784251,-0.4125368848641512,0.062358499995963976,-0.780510571407373,1.1309433607776682,0.3562229633074822,-0.6262052580124774,2.0108614944790033,-0.6905476450920105,0.4644574522972107,0.5
-0.3148728311061859,-0.5002763271331787,-0.6694766879081726,-0.9064420623146464,-0.5073188543319702,0.2791453003883362,-0.12062515648873398,-1.1665806833774808,0.14180238430195918,-1.0912458896636963,0.09186051253320796,0.3333333432674408
-0.0950525256572728,0.014470582768653541,2.7706642959192864,0.6081243009800404,-0.2631605863571167,0.2791453003883362,0.6109024730879558,-0.3948041781666911,-0.021095771914762616,-0.8241137266159058,0.6482759447441448,0.5
-0.39065036177635193,-1.094635248184204,0.010043300688266754,-0.25640445352720975,-0.45306146144866943,-0.48596533242405165,-0.056363488188181265,-0.5195066283897842,0.8784659996664044,0.7211614016672782,0.29580235481262207,0.5
-1.1591731748047884,-0.024789171293377876,-0.7009675867565466,2.91359683256991,0.3079946511573388,1.3843339189836086,1.501450772159411,1.7621551175365364,1.9982632341480784,-0.20282554549272966,-0.37881800532341003,0.3333333432674408
1.26122547822212,1.150667431503663,2.0786435074439695,-0.6109932065010071,1.375099878325614,-0.90045166015625,-1.1045435559286436,1.2675318064401109,0.7192612886428833,0.9122452139854431,-0.7161281704902649,0.5
-0.16331779956817627,-0.6191481351852417,-0.4656206965446472,1.3638887981227086,0.0837739321993796,0.6175705988558309,1.2339103351125549,0.8585211772583481,0.4917650548893985,-0.12445843062922501,-0.30251905454871425,0.5
0.44446955676440736,1.2201467455802686,-0.5335727334022522,-0.5887720584869385,0.5778290033340454,0.6119918273950694,-0.18631098131516757,1.0924252451794776,0.8850955537030896,0.4447639584541321,-0.37881800532341003,0.3333333432674408
1.2271844946650186,2.143534158883686,-0.8053807020187378,-0.6332142949104309,0.6386449769873015,-0.5994147279214381,-1.1282579812057556,1.1659879068804075,0.0957741066813469,-0.22306638956069946,-0.8847832679748535,0.5
-0.9968705177307129,-0.25538253234279495,-1.1266509225282433,0.36447896337120317,-0.37505365908680166,0.881593254180752,1.4531391434563747,0.5619263477310471,-0.12582989329087313,0.012024292831160063,-1.559403657913208,0.5
0.21556980907917023,0.5101338624954224,-0.2617647051811218,-0.6554354429244995,0.5598821064676428,-0.9566229581832886,-1.4679197417657788,0.7947783911105343,0.9686561822891235,0.37798094749450684,-0.631800651550293,0.5
-0.3148728311061859,1.416493273527274,0.4857073128223419,-0.005058692222438032,-0.6381593648484674,0.13701160706556895,-0.11981070512383571,-0.9623344399810031,-0.09127205610275269,-1.1580289602279663,1.356899416660343,0.6666666865348816
0.1397922784090042,-0.42436141712666764,0.5536593198776245,0.059535832937344435,-0.18177451193332672,1.8178738679790225,1.8726966774095675,0.27462865862938696,-0.46591620219245744,-0.7573306560516357,-1.2220934629440308,0.014881714283837902
0.6702349185943604,-0.7974557876586914,-0.397668719291687,-0.7443199157714844,-0.5887049436569214,-0.0017111222259700298,-0.21998868099198532,-1.1345824641737239,-1.213549017906189,-0.4484917323928001,0.8017675876617432,0.5
0.04689712725720063,0.16448811171306935,0.5190185112753264,-0.6332142949104309,-0.34454667568206787,-0.08258155185292029,0.5820651058865367,-1.6365166213786102,-0.6524105072021484,-0.2898494303226471,2.345353946919405,0.5
0.1397922784090042,-1.1387623923220616,0.6895633339881897,-0.8109833002090454,-0.3361182632046696,-0.9446765152714487,-0.0950108343272031,-0.8297377456200531,-0.15362077951431274,-0.7573306560516357,-0.041507821530103683,0.3333333432674408
0.21556980907917023,-0.14366096258163452,-0.6555784022712565,-0.6998776793479919,-0.15464581549167633,0.856971926077343,1.1146991812285658,-0.2483720751046927,-1.9061926039054284,0.6451131105422974,-1.3012152300608475,0.5
-1.2198746928959998,-0.7380198836326599,-0.2617647051811218,1.6554217682612153,-0.561576247215271,0.728321455836126,0.4205210409983495,0.2640967166405216,0.7192612886428833,-1.1580289602279663,0.21147480607032776,0.8333333134651184
0.4429023563861847,-0.3814045190811157,0.5536593198776245,-0.5695040368721412,-0.008668688307158813,1.2091030781880363,1.4587665059244035,0.119448905207737,0.8597848044313556,-0.5569815635681152,0.4550821767553526,0.3333333432674408
-0.9408300063559951,-0.5002763271331787,-1.2249214207696106,0.7236179169513179,-0.2902892827987671,0.33531656861305237,0.7150000134596519,-0.15207249487505062,-0.6524105072021484,0.5610738372713909,-0.14265950013248302,0.5
-0.8453154563903809,1.1193314891668145,-1.5664397358584607,-0.4098017492110842,0.3689648006683532,-0.3387388288974762,0.5141305451252559,-0.6095734857254528,0.6569125652313232,-0.22306638956069946,-0.6413783618263107,0.3333333432674408
0.5186799168586731,1.3549832820331953,-0.8045019391729695,-0.6998776793479919,0.19559382334232203,-1.0127942562103271,-1.2297219107698656,0.40775342418707244,0.34847385430032785,0.04406575486063957,-0.46314552426338196,0.5
-0.2390953153371811,-0.05271576438375118,1.1652272939682007,1.258638665377345,-0.2631605863571167,2.4328392407879655,0.9621705732143109,0.7073735362575432,-1.241879764940783,-0.2898494303226471,-1.2220934629440308,0.3333333432674408
2.4304803122779375,0.9476281916947109,0.8934193253517151,0.24929188552493878,0.009127351666682023,-0.5849945191030088,-0.5932421754243354,1.9299327717975814,0.050491136655082126,0.5115470290184021,-1.23062121525943,0.5
-0.08754027634859085,-0.30246883075419423,-0.5972882494535043,0.7724546811356275,-0.15464581549167633,1.656316295608855,1.1494345662293572,0.6639714903173355,-0.46536436676979065,-1.0244628190994263,-1.306420922279358,0.3333333432674408
-0.6937604546546936,-1.2857261018845239,0.07799530029296875,-0.8109833002090454,-0.5067645676141718,-0.22639626264572144,-0.19267577591702367,-0.9526676951935774,0.9686561822891235,-0.22306638956069946,0.22900468372231467,0.5
1.5526061692000772,-0.4408404231071472,1.4625681886893966,0.5880539667540592,-0.6158336400985718,-1.1251368522644043,1.0178147624339935,-0.05699239793193772,-1.6177347202945902,-0.890896737575531,0.3801299035549164,0.3333333432674408
-0.7039465191291979,-0.2625327408313751,-0.34921502621326533,-0.7220988273620605,-0.4801901578903198,0.5687659459996821,-0.31015602645004414,-1.1894046366731066,1.4840522804715328,1.9410772972577468,0.9851915344873816,0.6666666865348816
0.043611405227090505,-1.0518213645508174,0.2056308662419396,-0.5665509104728699,-0.12751711905002594,0.33531656861305237,1.5650577832708175,-0.31580418172706576,0.34516897797584534,-0.15628336369991302,-0.46314552426338196,0.5
0.6431146552929241,-0.8568916916847229,0.28185129165649414,2.003755180005731,0.6352868707500677,-0.22639626264572144,0.002750742186897661,1.136145690981017,-0.8394566774368286,-0.26346347863705144,-0.2944904565811157,0.3333333432674408
0.8217899799346924,-0.20309685170650482,0.28185129165649414,-0.8554255366325378,-0.5887049436569214,0.39148786664009094,-0.02396844197294948,-1.5928541517070607,-1.3054650022296614,-0.8329915202301968,1.6261504822875346,0.9974900969845747
0.6702349185943604,-0.5002763271331787,5.692399350609927,2.024507665911067,-0.3852318635384657,1.2709836991315027,0.936524125212511,1.8271199623770997,-1.5784666886671068,0.07239357775620155,-1.8059551557357651,0.3333333432674408
-0.01176275685429573,0.1704954580282812,0.21389929950237274,1.8242736697125999,-0.18177451193332672,0.6723442673683167,1.7559443809438313,1.1958696360023873,-0.028923334553837776,-0.2898494303226471,-1.306420922279358,0.3333333432674408
-0.6179829239845276,0.6993967697965914,0.14594730734825134,0.0310438780163119,-0.45306146144866943,-0.47537349011385843,-0.24593555315876,-1.321241853906249,-0.5164081088119062,-1.1372339895148584,1.5607155561447144,0.6666666865348816
-1.072648048400879,-0.3814045190811157,-0.3297167122364044,-0.5665509104728699,-0.5073188543319702,1.140833229943721,0.20663850915443116,-1.47056679304004,0.5561523621700306,-0.42341551184654236,1.6026914450051724,0.5
0.5186799168586731,1.3372212089559852,-0.9975837920688382,-0.43320097966567217,0.8955036446519875,-1.3512898121655395,-1.6415273841599471,1.1721873183209426,0.46986642479896545,1.9136247260475434,-0.4711341659041673,0.6666666865348816
-0.01176275685429573,-0.7974557876586914,0.6529837863293972,0.9688383485675932,-0.3174179792404175,0.05446016043424606,0.9065645402099177,0.5955096361329829,-0.4030156433582306,-0.3566324710845947,-0.8004556894302368,0.3333333432674408
0.7716721742373891,2.166721725781455,-1.6978865088474049,-0.6776565313339233,1.0605320717358608,-0.9124294446235642,-1.480479286541205,0.4046816263636556,-0.028923334553837776,0.4447639584541321,0.3801299035549164,0.5
-0.3148728311061859,-0.7974557876586914,0.07799530029296875,0.819035406283595,-0.45306146144866943,0.890176322551162,0.5909334303103454,0.2869351559446067,0.2975814308935046,-0.20372017723457903,-0.6178028817999024,0.5
0.5944573879241943,-0.7380198836326599,1.469189985239344,-0.7406881646002044,-0.6158336400985718,0.05446016043424606,-0.06279819454423655,-1.8127049586508308,-0.9641541242599487,-1.794046438914683,2.2666734868806766,0.5
-1.224203109741211,2.0705917489723866,-1.369844300408557,0.9193645514108089,-0.8328632116317749,-1.0127942562103271,-0.05474817959061211,-1.0231274186149222,1.0933536291122437,1.8886910330259576,2.5003515199992363,0.6666666865348816
-1.1631788574831006,1.0025729263593897,-0.9983443235475402,-0.21421694257267396,-0.2902892827987671,0.24504450783970244,0.07498211805915513,-0.5407563374063605,2.2855872156793273,-0.44552439878501077,1.1553261511108541,0.6666666865348816
-0.08754027634859085,-1.2590354821587586,0.21389929950237274,-0.8776466846466064,-0.561576247215271,-0.0017111222259700298,-0.08930154603757724,-1.8207174277823666,-0.2553992210971057,-1.3583780527114868,1.8859337828053373,0.6666666865348816
-0.20122884981333214,-0.19112902822766184,-0.19381269812583923,0.34090523035264825,-0.2360319048166275,1.389991139626811,0.2009635934456411,-0.7372333665727268,-0.34066691994667053,-0.02271728403866291,1.1390777826309204,0.5
-0.2390953153371811,-0.6910263105259171,0.3123043557127046,0.07925736067150094,-0.6866884811116759,1.3165188992661878,0.5833238571660397,0.13473131681605072,-0.47530455408636185,0.04406575486063957,-0.5176567763737076,0.5
-0.022755923889109242,-0.9163275957107544,1.9493008197451904,1.0948637295588195,-0.5344475507736206,1.5946049142170433,1.6067170121082766,1.033216118812561,-1.0265028476715088,-1.0244628190994263,-1.559403657913208,0.3333333432674408
-0.01176275685429573,-0.7380198836326599,-0.2617647051811218,0.7141008274512414,-1.117928485107517,0.6735117341148807,0.16766334981517073,-1.1603083428324765,-0.5277130603790283,-1.764530106426232,1.813698172569275,0.8333333134651184
-0.3148728311061859,-0.03043513659293756,-0.3297167122364044,1.1532733929569938,0.4345039562302016,-0.45108139514923096,0.8333500167920728,0.8328754674179729,-0.7771079540252686,-0.890896737575531,-1.306420922279358,0.3333333432674408
-0.6937604546546936,-0.6191481351852417,0.14594730734825134,-0.766541063785553,-0.4616140015092602,-0.17022497951984406,0.19794476247499815,-1.7365403718883328,-0.5900617837905884,-1.1386577174746257,1.6450430154800415,0.6666666865348816
-1.072648048400879,-0.14366096258163452,-0.5335727334022522,-0.5249939716331722,-0.39880406856536865,-0.3613362677384294,-0.01012687079031868,-1.4808702504731448,0.7192612886428833,-0.7573306560516357,0.7524147403632022,0.5
-0.16331779956817627,-0.9163275957107544,0.07799530029296875,-0.7137316501178246,0.12029390387697986,-0.6906486118739121,-0.8686038504755892,-0.023998004551957997,1.8939347515465728,0.24441486597061157,0.5487849712371826,0.6666666865348816
-0.06951420765665661,0.41649147247768176,-0.941284716129303,-0.4519500929503083,0.6905308194989246,-0.2825675308704376,-0.6567315285758205,0.7134029761344687,0.7198640911661426,0.04406575486063957,-0.8847832679748535,0.3333333432674408
0.06401476263999939,-0.024789171293377876,0.14594730734825134,-0.36234136993487537,-0.8328632116317749,1.2892071769666726,0.3846438781384745,-1.3124144507752313,-0.2159694880247116,-0.02271728403866291,1.794930009493798,0.6666666865348816
-0.46642789244651794,-0.5002763271331787,-0.4656206965446472,0.10162610335478511,-0.6705500834063561,1.2895400922532039,0.15728722367556092,-0.788377713472086,-1.1047437864705867,-0.02271728403866291,0.5487849712371826,0.5
3.506686124552066,0.26952235440314043,1.1526667970131352,-0.5080225134658455,0.7910082539059056,1.6146833914409229,-0.06741685226507566,1.981766353375137,1.3427485227584839,0.4447639584541321,-0.46314552426338196,0.5
0.5186799168586731,-0.6785839796066284,0.5801814499326269,-0.3422413872765194,0.65499051573023,0.05446016043424606,1.0730590758083238,0.45164448796912265,0.49390181191085125,0.24441486597061157,-0.4216190053216513,0.3333333432674408
-0.7695379853248596,-1.100612088235687,-1.031752829402749,-0.6554354429244995,-0.5420471414355522,0.8618863223435169,-0.3091865335032795,-1.1291499123584314,0.11837348163885104,-1.1350829600727916,0.6024496417726841,0.6666666865348816
-0.01176275685429573,-1.2883625108201553,-0.5335727334022522,1.4167689820236793,-0.2869396973564933,-0.3218669124837764,0.601559048958383,0.792652643724262,0.46986642479896545,-1.2238707614126445,-0.7161281704902649,0.3333333432674408
-0.3148728311061859,-0.6785839796066284,0.14594730734825134,-0.833204448223114,-0.2089032083749771,-0.22639626264572144,0.35133610440158347,-0.6654800288720932,-0.46536436676979065,0.24441486597061157,-0.46314552426338196,0.5
2.7343635082996918,1.3102781838964153,2.2627002947513377,-0.2402778001589139,4.069953420414328,-0.3387388288974762,-0.6740337132230453,2.500953984906421,-0.34066691994667053,1.8270235029653041,-1.137765884399414,0.5
0.1397922784090042,1.1130390228215359,-1.8604840135562513,-0.6515097891112199,0.2800158509085533,-0.6195952296257019,-1.263421039136093,1.0009694740028396,1.7482289561774669,0.8897465403450139,-0.2582728251615929,0.3333333432674408
0.5186799168586731,-0.6191481351852417,1.0293233394622803,0.6648432694019849,-0.5344475507736206,0.20950330848857202,0.9217751151811344,0.2920218474432618,-1.0265028476715088,-1.0244628190994263,-0.7161281704902649,0.5
0.06401476263999939,0.25997257582242583,-0.12586070597171783,1.1595464444313661,-0.9443699101969327,-0.3949100971221924,0.010889010252031232,-0.36466550655457747,-0.5038993433721505,-0.890896737575531,0.8017675876617432,0.5
0.1397922784090042,1.8509292494736824,-2.0224615926181517,-0.6776565313339233,0.8855639095891489,-1.3181686446135643,-1.7245855086195705,0.8252274177097693,1.4435403953375852,-0.0895003229379654,-1.0534383058547974,0.3316848221203245
0.6702349185943604,-1.0351994037628174,0.14594730734825134,1.0474456517396205,-0.3174179792404175,-0.2825675308704376,0.5044665762523887,0.6905090580415681,-0.46536436676979065,-1.265938477189538,-0.2944904565811157,0.5
-0.46642789244651794,-0.6191481351852417,0.07799530029296875,0.5638224854149128,-0.6429623365402222,0.7512714866204728,0.8705985029931856,0.06460256521408657,0.7192612886428833,-0.49019855260849,0.29580235481262207,0.6666666865348816
1.1905927896563013,0.09408261626958847,0.4177553057670593,-0.6554354429244995,0.8355451792447554,-1.4463507169803957,-1.8297265688474484,0.6263760155787946,0.2204715460538864,1.1237026048683896,0.4644574522972107,0.3333333432674408
-0.8453154563903809,-0.5352033186012131,1.0584111767778062,0.6452917839943184,-0.10038841515779495,0.8896191481174917,1.5653954849113463,0.22237052328161874,-0.028923334553837776,0.3111979067325592,-0.7161281704902649,0.5
-0.5057892790200836,-0.024789171293377876,-0.06818937933966704,0.8477234417360832,-0.7061906747344366,-0.5634239912033081,-0.1014858563793894,-0.6299700422664446,-0.4030156433582306,-1.6275185273089794,1.5607155561447144,0.5
-0.16331779956817627,-0.9924208872669507,-0.05790869891643524,-0.1739293520049568,-0.3985114482247493,0.2791453003883362,-0.3344369413738333,-0.9438723145472665,-0.34066691994667053,-0.5569815635681152,0.4644574522972107,0.5
-0.0915405184318029,-0.43291692993216163,-0.19381269812583923,2.7995762015887022,-0.34454667568206787,2.4435078679137443,0.9955885855986756,1.1652004317136568,-0.34066691994667053,-0.6905476450920105,0.0673615888274481,0.3333333432674408
2.713724981621343,0.3923981708026512,1.1652272939682007,-0.544329822063446,0.9329902446116791,-0.8442803621292114,-0.9215926719806766,1.639894238463535,-0.002103180798028282,0.9122452139854431,-0.1258353590965271,0.3333333432674408
-1.224203109741211,-1.3145381395993285,0.21389929950237274,-0.8818952259913926,-0.697219729423523,0.33531656861305237,-0.7934790522252311,-2.216446721241714,-0.7953341536315456,-0.49019855260849,1.8488737885912983,0.5
-0.9968705177307129,-0.3219686448574066,-0.397668719291687,-0.8998677730560303,-0.2360319048166275,-0.3387388288974762,0.6908987245588979,-1.013150970330679,0.5945638418197632,-1.0244628190994263,-0.36305919145471105,0.5
-0.39065036177635193,0.09408261626958847,-0.5335727334022522,-0.4291210167220646,-0.07325971871614456,0.2796188099420673,1.894254750562529,0.05930739406536589,0.0957741066813469,-0.957679808139801,-0.7161281704902649,0.3333333432674408
0.06401476263999939,2.0322652953419915,-2.1644208431243896,-0.7220988273620605,0.45617158902819915,-0.5209865375914066,-0.9168714078879528,0.41430431266317785,1.1557023525238037,-0.09059557694023268,-0.8141812912504203,0.3333333432674408
-0.46642789244651794,0.24961280962342045,-0.4656206965446472,0.6464467992606074,-0.2631605863571167,-0.39713619252497584,-0.23334492090594064,-0.7130956694579426,-0.7147592306137085,-1.1580289602279663,0.4744449219344659,0.3333333432674408
0.5944573879241943,1.4588682424046844,-1.6501195310670165,-0.5887720584869385,1.2147943066867835,-0.3387388288974762,-1.2108645359637622,0.7938043974137801,-0.2159694880247116,0.44092335498868385,-0.37881800532341003,0.3333333432674408
-0.6937604546546936,-0.6785839796066284,0.9043392388789359,0.36169149116276617,-0.032152829613975656,0.7846868634223938,1.6876331256298476,0.3645391535369779,0.033425383269786835,-0.6237646341323853,-0.9691107869148254,0.5
-0.6735826453554085,-0.20309685170650482,-0.12586070597171783,2.6056710228753164,-0.18177451193332672,1.1217145919799805,1.6623431208518882,1.5029114791733265,-0.9641541242599487,-0.02271728403866291,-1.306420922279358,0.3333333432674408
3.1024096254098184,0.3478074111136222,1.539176747336293,-0.4998875558376312,1.3557976731254116,-0.7530428664639326,-1.1288992502021804,1.011746340589685,-0.5900617837905884,1.054492308976507,-0.5474730730056763,0.3333333432674408
-0.08754027634859085,-0.5002763271331787,-0.397668719291687,-0.7443199157714844,-0.6766522976533782,-0.17022497951984406,0.627926469926274,-0.9178783639296607,-1.2346482179400133,-1.0268628335148389,-0.041507821530103683,0.5
0.9472839472312342,-0.2625327408313751,0.7713774398769364,-0.2921508206459212,0.5805656958995923,-0.3517082909178675,-0.5270718897953592,1.4327533943494437,0.7192612886428833,0.04406575486063957,-0.8411862507921628,0.3333333432674408
-1.2516566551380166,2.0027008854171915,-2.154674858156237,-0.6332142949104309,-0.34454667568206787,-0.6002790603250661,-0.7894377842458676,-1.1678166522915667,1.562231981150468,0.04406575486063957,1.8618315357048922,0.3333333432674408
0.21556980907917023,1.665720223985384,-0.397668719291687,-0.7220988273620605,0.7600725764000157,-1.30061271151524,-1.0391993145371081,0.7022251201333514,0.7816100120544434,0.04406575486063957,-0.8847832679748535,0.3333333432674408
-0.01176275685429573,-0.7380198836326599,0.14594730734825134,2.182768327008276,-0.04613102599978447,-0.731937825679779,-0.34958159361292196,1.4566506288098762,-0.2159694880247116,-1.3608420965344812,-1.4750760793685913,0.5
6.353549003601074,7.345261573791504,9.11561107635498,-0.9887523055076599,-1.2940510511398315,14.546651840209961,5.739711284637451,-2.5026405517163375,4.896625518798828,-2.0929781408507075,3.078611373901367,0.0
-0.16331779956817627,-0.5597122311592102,-0.19381269812583923,0.7009784655926918,-0.6158336400985718,0.4266235285440583,0.4341830264899094,0.08916718400906429,0.7192612886428833,-0.5569815635681152,-0.1258353590965271,0.6666666865348816
0.1397922784090042,-0.7974557876586914,0.4177553057670593,-0.4619162386866502,-0.45306146144866943,0.6489601796684129,0.8245929640259212,-0.05959842680268718,-0.34066691994667053,0.595813655658939,-0.8847832679748535,0.5
-0.3148728311061859,-0.3219686448574066,0.010043300688266754,1.0412089395013158,-0.4801901578903198,-0.17022497951984406,0.08596488156374579,-0.04562750842448051,-1.2084454436961036,-0.3566324710845947,0.3801299035549164,0.3333333432674408
0.3243485414234766,-0.21778649798429642,1.1652272939682007,1.2176151218511329,-0.7339096321883406,0.2791453003883362,0.25526740300741796,-0.11562582686027928,0.15812282264232635,-0.22306638956069946,1.813698172569275,0.8333333134651184
-0.39065036177635193,-1.5211718657014803,0.3795139480970455,-0.054961326360274676,-0.18177451193332672,-0.6747363758789525,-0.7770509135774154,-0.7362510932098884,-0.9018054008483887,-0.5569815635681152,-0.041507821530103683,0.5
-0.46642789244651794,-0.5597122311592102,-0.036161674360939734,3.817893944685403,-0.10038841515779495,0.6161730289459229,0.7427085228305669,2.02732749859194,1.7904249040010995,0.04406575486063957,-1.0510675958533462,0.3333333432674408
-0.017932694659855086,-0.7974557876586914,0.5536593198776245,-0.8109833002090454,-0.39880406856536865,0.4544863698423479,0.4869785531262769,-0.9375979566671765,0.15812282264232635,-0.0046053552506848325,0.5487849712371826,0.5
0.29134732484817505,0.9883614849159061,-1.8676668161152579,-0.6363582240277683,0.6333234143416208,-0.8442803621292114,-1.5224086829254229,0.5140088861738294,0.9063074588775635,0.9532383602444632,0.3801299035549164,0.5
-0.7519773873115502,-0.9656390655775878,0.07799530029296875,-0.941230657301202,-0.34454667568206787,0.11063144356012344,0.09898217732024452,-0.26694711221324097,1.1557023525238037,-1.0244628190994263,-0.8922105477466153,0.3333333432674408
-0.6179829239845276,0.8875770638035895,-0.397668719291687,-0.6319664910544182,1.1745441871751783,-1.0689655542373657,-1.3593329725816083,0.2766447968646515,1.6431800888037755,0.6217833237268924,0.7767584767943301,0.3333333432674408
0.5186799168586731,-0.6191481351852417,6.003047806540364,2.960604131150051,-0.19599746514779287,0.6723442673683167,1.2130424180602926,1.9734114515371057,-1.3497992802681802,0.1108487918972969,-1.306420922279358,0.3333333432674408
-0.39065036177635193,-0.9757634997367859,0.07799530029296875,-0.8554255366325378,-0.37167537212371826,-0.7881091237068176,-0.5637228122617471,-1.200843438099336,0.2828202545642853,-0.8241137266159058,0.6331125497817993,0.6666666865348816
0.29134732484817505,-0.1408114409048529,1.0293233394622803,2.052637141534259,-0.2767507610697292,1.1398898436373548,1.8756952289268694,1.5864894014847644,-1.1839050334147576,0.37798094749450684,-0.9463858562890505,0.3333333432674408
-0.7695379853248596,-0.8568916916847229,-0.05790869891643524,-0.8109833002090454,0.4102142440181497,0.18271931829590984,-0.36824736372248246,-0.20288780903350315,0.8439587354660034,-0.5569815635681152,-0.8847832679748535,0.3333333432674408
0.06401476263999939,-0.14366096258163452,0.010043300688266754,0.3661331016922225,-0.45306146144866943,0.21394462631980196,-0.31599686703893165,-0.8383309289244587,-0.7491382476665002,-0.2903656520252286,1.2867897145783556,0.5
1.2314619504252537,1.8349497165292326,0.23927177915012748,-0.5222435487060835,1.8796718568204385,-0.6343912405894536,-1.2340751595263217,1.0078314541443687,-0.028923334553837776,-0.7573306560516357,-1.0534383058547974,0.3333333432674408
-0.2390953153371811,-0.4408404231071472,1.993765606311965,1.1143119371423489,-0.4801901578903198,0.39148786664009094,0.8061220723707363,-0.04388729434592145,-0.4315198766906579,-0.31520038794152083,0.7174400687217712,0.5
0.6702349185943604,0.6859912186338064,-0.12586070597171783,-0.7220988273620605,0.7627674486454734,-1.1251368522644043,-1.595387103391067,0.6226306599344852,-0.5277130603790283,2.0968887581425433,-0.18365378421130055,0.5
-0.6937604546546936,-0.3814045190811157,-0.7662481169753358,0.6638922686229993,-0.15464581549167633,1.0006918949409114,1.6353426433982885,0.3632611420936804,0.15812282264232635,-0.5569815635681152,-0.7732500595336919,0.3333333432674408
0.8217899799346924,-0.9757634997367859,-0.19381269812583923,-0.8109833002090454,-0.452744122666194,-0.8442803621292114,-0.34473220052487985,-0.7074568080727421,-1.216638885140403,-0.49019855260849,-0.2101629078388214,0.3333333432674408
-0.3415109062010835,0.21295440196990967,-0.5335727334022522,0.43084677918025344,-0.9109868885270266,-1.238908476474807,0.11728728787881888,-0.8011036741954651,-0.15362077951431274,0.9236679156612898,1.5069340983014765,0.6666666865348816
-0.6179829239845276,-0.5002763271331787,0.14594730734825134,-0.3340677333530203,-0.5887049436569214,0.05446016043424606,0.21248957255258616,-1.3724869265200104,-0.7771079540252686,1.0483458291466201,1.3372158809920434,0.5
-0.2390953153371811,-0.3814045190811157,-0.4656206965446472,-0.3119114530181263,0.7619264873917612,1.065543293952942,1.5216021699419595,0.10198082868332609,-0.5037468905475074,-0.5569815635681152,-0.8847832679748535,0.3333333432674408
-0.6812284160511662,-0.8568916916847229,0.14594730734825134,1.9555875601327803,-0.561576247215271,-0.9566229581832886,-0.10681009161641176,0.37112993409275646,-0.7771079540252686,-0.9673783366300215,-0.1258353590965271,0.5
1.8811362065898154,-0.4408404231071472,0.6895633339881897,-0.5850495825616565,0.4905107359770457,-0.2825675308704376,-0.7834939720366166,0.8479722293803791,0.15812282264232635,2.0526252636820153,0.5487849712371826,0.6666666865348816
0.21556980907917023,-0.024789171293377876,-0.6015247106552124,0.4239383509697624,-0.3174179792404175,0.16680273413658142,1.2114376297020188,0.29011922774002263,0.033425383269786835,-0.6559706211483696,-0.37881800532341003,0.5
-1.1635005787819555,-0.3814045190811157,-0.17527993496770367,-0.8109833002090454,-0.7635140532574289,0.5600017309188843,0.4247157427005216,-1.3626270044284767,0.6519391656845284,-0.890896737575531,0.21147480607032776,0.3333333432674408
-0.6179829239845276,-0.7380198836326599,-0.692082591923117,-0.8247185669183429,-0.34454667568206787,0.33531656861305237,0.5600523962189943,-0.8553181886672974,-0.2783181965351105,1.31252948089574,-0.2944904565811157,0.5
-0.08754027634859085,-1.0772295764788706,-0.5199374088056787,-0.6554354429244995,-0.39880406856536865,-0.3387388288974762,0.08172288545063623,-0.4230053836131507,1.3840217027137038,-0.3566324710845947,-0.1258353590965271,0.5
0.1397922784090042,-1.094635248184204,0.6232768209918494,1.4664020817582815,-0.4801901578903198,1.1887523312956834,0.43310558895225676,1.176291860301216,1.0013980554829267,0.8354691990077026,-0.37881800532341003,0.6666666865348816
-0.5422053933143616,-0.5597122311592102,0.21389929950237274,-0.8776466846466064,-0.9852370768619725,0.5038304328918457,0.2943707633232514,-1.6913331034784935,0.0980178386572805,-1.1580289602279663,1.3348852850281459,0.5
0.0937801505298834,-0.024789171293377876,0.2875689740792242,0.260048232357837,-0.2902892827987671,-0.10972112002791452,0.22303526165314158,-0.6772671028636427,-1.0265028476715088,-0.49019855260849,0.3801299035549164,0.5
-0.2390953153371811,-0.7974557876586914,1.4712522961496013,-0.6332142949104309,-0.5887049436569214,-0.6195952296257019,-0.3513562875386701,-0.5525132870353129,-0.7771079540252686,0.861725179413329,0.04281972348690033,0.6666666865348816
0.4429023563861847,0.09408261626958847,-0.415422942181215,-0.7443199157714844,0.6667550954502978,1.5665635779192326,-0.5274448726905415,0.5623383555266903,2.1586513553416733,0.8627103675650013,-0.041507821530103683,0.3333333432674408
-0.6179829239845276,-0.024789171293377876,-0.07768676465063556,0.4468648768554536,-0.9705476052855351,-0.22639626264572144,0.32517441696335486,-0.7762393543141904,0.033425383269786835,-0.0895003229379654,1.3682462308689285,0.8333333134651184
-0.7695379853248596,0.5101338624954224,-0.941284716129303,-0.0831712832079759,-0.42593276500701904,0.11063144356012344,-0.24387003660542414,-1.0634720326761398,0.7816100120544434,-0.1780034702174052,1.223405361175537,0.6666666865348816
-0.16331779956817627,0.15351851284503937,-0.6308661540660252,-0.7220988273620605,-0.12751711905002594,-1.345224870318342,-1.1862098321798193,0.05205833673408299,-0.15362077951431274,-0.2898494303226471,-1.00716424288177,0.3333333432674408
-0.5422053933143616,0.26789994323630845,-0.6599483240342843,-0.833204448223114,-0.6429623365402222,0.9532006978988647,0.18014027100980134,-1.7528993240533208,-0.5900617837905884,-0.8241137266159058,1.6493257182115626,0.5
-0.6937604546546936,-0.5597122311592102,0.07413740843681359,-0.8240067678993299,-0.5005490558439746,0.6774404111525046,0.4705196526832004,-0.6016749398855514,0.5626998969375915,0.24441486597061157,-0.631800651550293,0.5
-0.743287446943246,-0.9757634997367859,-0.397668719291687,2.0819943451883853,-0.37167537212371826,1.8422701236692802,0.4677895797247432,0.9197287629796531,-0.4030156433582306,-0.9762016115065105,-0.2944904565811157,0.6666666865348816
3.4922868058575736,-0.14366096258163452,0.8182985671544898,-0.5887720584869385,0.9409817110751189,0.07476131819108009,-0.9952328021072459,1.768929136869662,-0.028923334553837776,0.6451131105422974,-0.631800651550293,0.5
0.4371896890921009,-0.5597122311592102,0.09206118567781854,1.9939918165071209,-0.34454667568206787,1.1083615639635267,0.8290034231625235,0.8658880399063066,-1.5507811288643356,-0.6237646341323853,-0.21226951944455036,0.6666666865348816
-2.58819842338562,7.345261573791504,-2.1644208431243896,-0.9887523055076599,-1.2940510511398315,-1.630678415298462,-1.9040257930755615,-2.504413366317749,4.896625518798828,-2.092991352081299,3.078611373901367,0.0
0.2793608992137214,-0.7974557876586914,1.1652272939682007,1.1722963109563862,-0.041075803626428445,0.9009508301289384,0.29076504700456546,0.5401139527359283,-1.5419398511024474,-0.3566324710845947,-0.2944904565811157,0.5
-0.5422053933143616,-0.9163275957107544,-0.05790869891643524,1.9655917098143518,-0.18177451193332672,1.6976403370102184,0.23107221041007725,0.9264195258585102,-0.15362077951431274,-0.8950760658866228,-0.9691107869148254,0.34258398102367
-0.3148728311061859,-1.0551022212312275,-0.12586070597171783,-0.8821684578338922,-0.3095600683295874,-0.6195952296257019,-0.01408182442347223,-0.18862125387823506,1.8146534457916421,-0.15628336369991302,-0.8847832679748535,0.6666666865348816
0.06401476263999939,0.01118113882846903,-0.3297167122364044,0.02278203022475035,-0.42593276500701904,0.5038304328918457,0.5818519717440271,-0.2483205368095591,0.0957741066813469,0.17599646088207402,0.12714727222919464,0.5
2.059054226425587,-0.2625327408313751,1.4304660082856844,-0.6776565313339233,0.42428640955923547,-1.349821925163269,-1.7249590217424657,0.7668130294865274,-0.4030156433582306,0.8288852536325508,1.516935075528628,0.6666666865348816
1.3705443055086453,3.2861620450312863,-0.5335727334022522,-0.4593515035138885,0.735306508523687,-1.1813081502914429,-1.690436563941249,0.9528773378420902,0.2204715460538864,0.17763182520866394,0.21147480607032776,0.3333333432674408
-0.049454059505644916,-0.9290764570174221,0.8923133659157364,-0.4923567117909197,-0.18177451193332672,1.2893313664647637,0.5606392057618974,-0.08942319800296544,0.0957741066813469,-0.5569815635681152,-0.631800651550293,0.5
-0.6937604546546936,-0.13209606604181395,-0.2617647051811218,-0.07287161163053726,-0.4801901578903198,-0.6157336700511792,-0.034180794543123665,-0.19749660192641616,0.7015366429905175,-0.49019855260849,-0.8004556894302368,0.3333333432674408
-0.852824611981905,-1.3211404262132462,-0.12586070597171783,-0.45054211620915385,-0.18177451193332672,-1.0127942562103271,-0.42849549977131796,-0.1976417903540903,0.6139452101814543,-0.957679808139801,-0.8847832679748535,0.5
1.3146011221411429,-0.9757634997367859,-0.04143796341426243,0.45001542120520743,0.5420598705339836,-1.1251368522644043,-0.7617667523113312,0.6247372552404076,-1.4392501605758188,-0.42341551184654236,-1.0534383058547974,0.5
1.7664859877902817,0.35566937756177947,0.6216112971305847,-0.544329822063446,-0.2360319048166275,0.05446016043424606,0.14613840910984965,0.8983207941055298,0.5507660319726572,0.3111979067325592,-0.3341059638255182,0.3333333432674408
-0.16331779956817627,-0.12873818502172707,0.010043300688266754,-0.7220988273620605,0.17493765479895154,-0.5072526931762695,-0.7051440344547681,-0.011233012976830303,1.1217384131988277,1.992392828609477,1.6450430154800415,0.5
1.4792455257423698,0.41046902277279984,0.49815806872533774,-0.6109932065010071,1.2387709597692895,-0.731937825679779,-0.5192730221015558,1.267367157469023,0.34516897797584534,0.37798094749450684,-0.9691107869148254,0.3333333432674408
-1.6340941091067596,1.9578221552213855,-2.1644208431243896,-0.6776565313339233,-0.34454667568206787,-0.5333338416222689,-0.5936232991044619,-1.1917252176379036,3.9391386262505685,6.779224933759078,2.992399566697891,0.8333333134651184
0.5944573879241943,-0.7726102728164836,0.23065056609262993,0.7663030973021033,0.5256640014914086,-0.2825675308704376,0.37542375765703695,0.5628916141402205,-1.6007439026258141,-0.2898494303226471,-1.2408078145398211,0.3333333432674408
0.6702349185943604,-0.9757634997367859,-0.2617647051811218,2.2302084397200237,-0.2360319048166275,0.8786595219360932,0.615715488465122,1.3175907872698098,-0.6106002950947059,0.24441486597061157,-1.0527366584252362,0.3333333432674408
-0.9572248012217591,0.09408261626958847,-1.6756263823375532,1.2965510586485909,-0.07305148155815086,0.39148786664009094,-0.06762431554200553,0.26795755356465356,-0.2159694880247116,-1.0244628190994263,-0.631800651550293,0.5
3.0539968071592427,-0.20309685170650482,1.1247940111358272,-0.683406144386457,0.8847584058955676,-0.45108139514923096,-1.512172865262721,1.059729938196727,-0.4562453596004143,-0.0895003229379654,-0.2282393319850281,0.5
1.2575457645326977,0.3949125891479224,1.0792081758847223,-0.4998875558376312,0.6947997475447398,-0.5072526931762695,-0.9638129334042658,0.26780202417373583,-0.7147592306137085,0.816560764499288,1.6450430154800415,0.3333333432674408
-1.0167441188368898,0.27239030599594116,-1.928234009331991,-0.6554354429244995,-0.2902892827987671,-1.1076570101608745,-0.42168234180672615,-0.6127231251420722,1.0885471654251924,-0.4998962119134732,1.4034607061967208,0.5
-0.08754027634859085,1.6666145993913777,-0.941284716129303,-0.7220988273620605,0.20426379626564464,-0.17022497951984406,-0.4142336040105913,0.7649580666843905,2.698160466218203,0.1108487918972969,-0.9691107869148254,0.3333333432674408
-0.9210929870605469,1.1276143937534573,-0.5760463370891638,0.12895109851062375,-0.7786058187484741,-0.6757665276527405,-0.20501164201092917,-0.8082719622594645,1.0933536291122437,-0.2898494303226471,0.8547547430825184,0.3333333432674408
0.06401476263999939,-0.5002763271331787,0.44896939643043143,-0.25710460862869783,-0.2902892827987671,0.4476591646671295,-0.035520565199969975,0.21468456838360206,0.2204715460538864,1.6766383993355272,0.21147480607032776,0.5
0.36712485551834106,-0.14366096258163452,1.1652272939682007,-0.7887621521949768,0.7654387963684808,-0.0629517446906428,-0.7409096847403863,-0.23879618940948616,-2.955568728443075,-0.15628336369991302,-1.2220934629440308,0.3333333432674408
-0.7695379853248596,-0.8568916916847229,-0.4656206965446472,-0.8652607126421686,-0.2902892827987671,-0.6195952296257019,-0.5241378329891712,-0.5323866491005894,0.9686561822891235,-0.42341551184654236,-0.9691107869148254,0.3333333432674408
-0.46642789244651794,-1.5459152706293606,0.5981407204138555,-0.8554255366325378,0.7090008234373887,0.6486868734686174,-0.4873398633049398,-0.8212718313818852,0.5945638418197632,-0.42341551184654236,-0.041507821530103683,0.5
-0.8453154563903809,0.4329966124806663,0.5536593198776245,-0.7424036394316865,0.7081691089951561,-0.17858040008942155,1.1151102291045587,0.25436087339120694,0.7816100120544434,0.6620518226692899,-0.850366948077499,0.3333333432674408
-0.01176275685429573,-0.8993637865610633,0.20057568431252415,1.1358618033739356,-0.6419860260741471,0.6908425491122485,0.06605690500150868,0.03822944207838102,-1.3052228880323964,-1.0912458896636963,0.2743926671389919,0.3333333432674408
0.6820142920967,0.21295440196990967,-0.4656206965446472,-0.7220988273620605,-0.5344475507736206,0.31649368923161925,-0.25020603632204574,-1.1301788558336903,-0.2374855575147916,-0.2898494303226471,0.8017675876617432,0.6666666865348816
0.06401476263999939,1.9061517254807374,-1.86830163292209,-0.6602377371360425,0.600104664762157,-0.7881091237068176,-1.3391256795349928,0.8727466200105714,0.8439587354660034,0.9122452139854431,-0.5474730730056763,0.5
0.5944573879241943,0.7730492040465821,0.5974397476828525,-0.3328980939892503,1.3156534071532944,-0.675989414549213,-0.463591452153858,1.012278789275396,-0.34066691994667053,1.3062259079231446,-0.9691107869148254,0.5
-0.5433467439747682,-0.9757634997367859,-0.6462446288394185,1.5393943449650516,-0.2902892827987671,0.4919441465638464,0.13618305950138257,0.4790925675849497,0.033425383269786835,-0.8635756642528036,-0.631800651550293,0.3333333432674408
-0.6937604546546936,-0.5753913706876215,-0.05790869891643524,-0.8998677730560303,-0.7243813583921498,0.6723442673683167,-0.33366636239741965,-1.6065527057894664,-0.45202405996403255,-0.5569815635681152,0.8017675876617432,0.5
-0.3148728311061859,-0.640157959618711,-0.941284716129303,0.6377751839419126,-0.37167537212371826,1.7679167024445126,1.3868951398891673,0.18720797117725382,-1.0265028476715088,-0.15628336369991302,-0.2944904565811157,0.5
0.29134732484817505,-0.3219686448574066,0.14594730734825134,2.196662317398689,-0.2631605863571167,1.5276167729581902,0.8611557188512349,1.4147042760182875,-1.7810504025029374,0.04406575486063957,-1.3481682583521666,0.5
0.36712485551834106,-0.3814045190811157,0.6176949200048647,0.8193558513227139,0.1101861660371457,-1.0359665672910103,-1.5332176440990928,0.6036975175199756,-0.6524105072021484,-0.6348640451708394,-0.041507821530103683,0.6666666865348816
-0.5422053933143616,-0.6785839796066284,0.1603163827031628,-0.06048983508962395,-0.3174179792404175,1.162468657883455,1.8159920401767833,-0.09961680471630428,0.6996153683105935,-1.188755665461736,-0.46314552426338196,0.5
1.918087557171931,1.58124755321996,-0.397668719291687,-0.6554354429244995,0.5778290033340454,-1.4781330565729802,-1.8171455110717187,1.1738108878004134,-0.2783181965351105,0.17763182520866394,-0.5474730730056763,0.5
-0.3652564297426255,-0.2625327408313751,2.141821043916473,0.7536752117065545,-0.2902892827987671,1.3372158482968248,0.7104523261422001,0.47103218585674295,-0.6532379351416654,-0.5554490343999076,-1.0534383058547974,0.5
-0.16331779956817627,-0.9757634997367859,2.532665458327067,2.090580838936449,-0.5073188543319702,0.07584173216332155,-0.031244904008172345,0.8983207941055298,-0.5277130603790283,-0.3152303021919235,-0.9691107869148254,0.5
0.5186799168586731,0.016961564736168055,0.6071170386122972,-0.4109763700917666,-0.34454667568206787,-0.9566229581832886,-0.5568809232782183,-1.2874079370617089,-1.0870294364578046,-1.3583780527114868,1.5591280718261928,0.5
-0.8453154563903809,0.5986992463106999,-0.397668719291687,-0.6554354429244995,-0.6095494529005417,-0.8442803621292114,-0.1406567129067225,-0.8648378878938154,-0.028923334553837776,-1.0244628190994263,0.21147480607032776,0.3333333432674408
-0.2390953153371811,0.27239030599594116,-0.6803207010498808,0.3547698532562983,0.418144927841846,-0.016795196054300163,0.501894425727153,-0.05971249522689517,-0.16706993576468093,-0.2898494303226471,-0.21788078194760946,0.3333333432674408
4.369071809527976,-0.5002763271331787,2.075056687213996,-0.6776565313339233,0.1877925167202366,-0.90045166015625,-1.1731303761374978,1.6137241112388585,-0.7771079540252686,0.7319084456045818,-0.5474730730056763,0.5
0.36712485551834106,-0.8568916916847229,0.43097176453920655,-0.833204448223114,-0.574196611276043,-0.8442803621292114,-1.0074261161306195,-1.3281387049321094,-0.8003079632379899,-0.2628738181059552,1.223405361175537,0.5
-0.16331779956817627,1.694078792730873,-0.8027534525485902,-0.7220988273620605,0.062383756041526794,-0.17012382131899623,-0.9664052919919649,0.3203590270031756,0.5322151184082031,1.5209365136561523,-0.631800651550293,0.3333333432674408
-0.8453154563903809,-0.4180745875544597,0.4177553057670593,-0.6109932065010071,-0.6700910329818726,0.8974212818198598,0.2440454811516769,-1.6238850717029802,0.2828202545642853,0.2968693418763683,1.6450430154800415,0.8432737388442129
-0.6179829239845276,-0.9163275957107544,0.16539487015266846,-0.6998776793479919,-0.7964374092710027,-1.2123333858183947,0.14750817332512098,-0.9214081601736346,1.3144514450175413,0.4510990481952384,0.4644574522972107,0.3333333432674408
-1.598846997008511,0.39233910068621336,-0.6228568248194443,-0.6998776793479919,-0.6474036067154868,-1.1813081502914429,-0.49406830338012386,-1.5359142561560757,0.5345644551715321,0.17763182520866394,1.1857311443448653,0.3333333432674408
-0.7695379853248596,-0.3219686448574066,-0.5335727334022522,0.38758556766634683,-0.2902892827987671,1.4630931459206293,2.06508864987247,0.46468415390280415,-0.9018054008483887,-0.22306638956069946,-1.3496680668777372,0.5
0.2963245040874255,-0.6191481351852417,0.4857073128223419,0.38644107700005054,-0.7310509102850454,-1.2936506271362305,-0.2600407753334114,-1.0416950175953534,-1.5453358958558958,1.4422696485936313,1.9160654863476947,0.3333333432674408
0.8699220046086188,-0.8568916916847229,0.28185129165649414,-0.9113826910698866,-0.697219729423523,-0.2825675308704376,-1.0472595115732888,-1.5325996072842074,-0.14523642306017778,-1.2295495144038746,0.9816519762000887,0.3333333432674408
-0.3926741362239383,-0.7541612268603874,-0.397668719291687,-0.6109932065010071,-0.48545882092175546,0.2229740172624588,0.5225653191377032,-0.7674583467934178,-1.0265028476715088,-0.8241137266159058,-0.2101629078388214,0.3333333432674408
-0.9964596418840203,0.3943935438046933,-0.397668719291687,1.7840940720495584,-0.2360319048166275,-0.7156827684447451,0.9489875914956862,1.2814924042121534,1.0047417798531535,0.04406575486063957,-1.4049967069961955,0.3333333432674408
-0.5422053933143616,-0.5206939667459737,-0.6771233544363489,0.624337414495832,-0.2360319048166275,2.068994785395685,1.9819392234282154,0.51519692621416,-0.4030156433582306,-0.8241137266159058,-1.306420922279358,0.5
-1.078376627634232,-0.2625327408313751,2.605460947684663,-0.9006267714319378,0.6142300313872915,1.423311447602014,0.49892071145621325,-0.9814932921433261,-0.7771079540252686,-0.4200326257446481,-0.631800651550293,0.6666666865348816
0.4429023563861847,-0.7380198836326599,1.4216093310067914,0.21867208019889328,-0.561576247215271,-0.8442803621292114,-1.0055957715362238,-0.9725741628086676,-1.2572796603753171,-0.6237646341323853,1.407373114166459,0.5
-0.01176275685429573,0.13831990549128648,0.845375319211333,0.6286443396104896,-0.39880406856536865,0.4423128315679271,1.0476865759545944,0.325000443296227,-0.2159694880247116,-0.7573306560516357,-0.631800651550293,0.5
-0.37908630205903304,-0.5597122311592102,2.3712999570472126,0.18589384214615964,-0.9083805175920975,1.4037141805116269,0.7227614104226223,-1.24924402011488,-0.46536436676979065,-0.890896737575531,1.391867724922081,0.5
-0.01176275685429573,-1.3490022775275452,-0.2763184954604806,0.17762371561065549,-0.2902892827987671,0.41152855682037814,0.6422349628446662,0.29395286965891715,0.2204715460538864,-0.15628336369991302,-0.8847832679748535,0.5
0.1397922784090042,2.4105379640251314,-2.0604163189551605,-0.36447443674394514,0.3784719287099217,-0.8442803621292114,-0.777866225493479,1.3896834872065353,2.843407742654946,1.2985173508755645,-0.5474730730056763,0.5
1.2346545519802383,6.567814658487047,0.6216112971305847,-0.7443199157714844,3.8890069692777494,-1.00856802731217,-0.8376797325197847,0.6246710169452322,-1.3305668931776364,0.5115470290184021,-1.306420922279358,0.1666666716337204
-1.1540077203797752,-0.9757634997367859,-0.19381269812583923,0.1844171893145737,-0.45306146144866943,0.6723442673683167,0.8258239547385872,0.2656841413237204,-0.14398628981345085,1.8567750169643826,-0.8847832679748535,0.5
-0.6937604546546936,-0.5002763271331787,2.0403897319244018,1.8005694921394697,-0.04613102599978447,-0.3949100971221924,0.8446914626093979,0.6812923789210102,-0.9018054008483887,-0.6568993832710419,-0.7443677011712646,0.3333333432674408
-0.5422053933143616,-0.20309685170650482,-0.4656206965446472,-0.10962715312060249,-0.561576247215271,0.4045891878498997,0.34933822872709663,-1.2513002027422493,0.6079659586959162,-1.0244628190994263,1.490833845792343,0.5
-0.6179829239845276,-1.094635248184204,-0.12586070597171783,-0.8554255366325378,-0.3516783611460453,-0.06250553461671636,-0.6453814605810593,-1.058574423956274,0.45664278395897423,1.5136227797347348,0.29580235481262207,0.5
-0.16331779956817627,-0.5597122311592102,1.257315815480986,1.158361427714292,-0.34275485008284884,1.6850826549356661,1.3762076086155397,0.8983207941055298,-0.5972615606509116,0.3111979067325592,-1.1692601890775118,0.3333333432674408
0.5944573879241943,1.788485287162802,-0.13589666937977682,-0.7887621521949768,1.0442144585520032,-1.4059932231903076,-1.8163964099437702,0.8542827169010836,-0.6524105072021484,0.8393104945922727,-0.9484540221715057,0.1666666716337204
1.8313354577672265,-0.060330316824288355,1.082540371262899,-0.5887720584869385,0.895589717764991,-0.6195952296257019,-1.3260086194178788,1.3913303864752347,0.30256404870052367,1.494199976414986,-0.4656902663852087,0.5
-0.9137782580448901,-0.9382553499353831,1.1652272939682007,-0.9032955968365708,0.46764344999041574,1.8263448444731276,0.2673234523229396,-0.8553181886672974,-0.46536436676979065,-1.2915949821472168,-1.0534383058547974,0.5
-0.7695379853248596,-0.5597122311592102,-0.12586070597171783,0.6505699455915792,-0.8214251095573588,0.33610599969631727,-0.05848530280001171,-0.7118328358223031,-0.2159694880247116,-1.0244628190994263,0.6240207447279122,0.6666666865348816
-0.08754027634859085,-0.7380198836326599,-0.26267450646719015,1.8313874055028367,-0.45306146144866943,1.065543293952942,0.8933531033794225,0.9047268372186524,-0.9962369879747599,-1.1580289602279663,-0.8847832679748535,0.6666666865348816
0.29134732484817505,3.3056497938812486,-1.508337595647244,-0.5887720584869385,0.7279022228528419,-0.9566229581832886,-1.5766225927419815,0.3026090460609299,0.5322151184082031,0.3111979067325592,0.3801299035549164,0.5
0.29134732484817505,-0.6780072232376924,1.1652272939682007,2.1770288061058394,-0.15464581549167633,1.2901921169635047,1.3165016104701208,1.3794519254919044,-1.151200294494629,0.42876523213510814,-1.251325759305198,0.3333333432674408
1.935002068204531,0.10006168611539025,0.7823355160246009,-0.6332142949104309,0.43502889380657545,-1.2936506271362305,-1.6620427951035213,0.8476961463831272,-0.19628828075537222,4.794824878394332,0.04281972348690033,0.3333333432674408
-0.6937604546546936,0.09408261626958847,0.28185129165649414,-0.4998875558376312,0.1890006235522656,-0.713898748280277,0.6896659535596711,0.18218699233019267,1.5954123176569894,0.5783300399780273,-0.2101629078388214,0.5
-0.16331779956817627,-0.8568916916847229,-0.19381269812583923,-0.6109932065010071,-0.8328632116317749,-0.0578824058175087,-0.14634069108946787,-1.3029349041605014,-0.9641541242599487,0.47797855893556307,1.2966033987318688,0.6666666865348816
0.06401476263999939,-0.20309685170650482,-0.19381269812583923,2.9383737471478795,0.016715808538597002,-0.04473805491540995,0.6488820185259918,1.7957326168998284,-1.9038278920262954,-0.7573306560516357,-1.9214009337192142,0.3333333432674408
0.06401476263999939,-0.4019288828800187,0.4177553057670593,0.18944891433188157,-0.10038841515779495,1.5127213292695283,1.5995245675737677,-0.24835815782946866,0.7192612886428833,0.1108487918972969,0.3801299035549164,0.5
-0.46642789244651794,-0.6191481351852417,-0.5960955175187354,2.4269059781707183,-0.2631605863571167,1.1217145919799805,0.3172362258282494,0.676029877823876,-1.151200294494629,-0.49556638608271025,-0.46314552426338196,0.5
1.1054738795576249,-0.6785839796066284,0.4177553057670593,-0.6109932065010071,1.2892023901723972,-0.22639626264572144,-1.127461756776889,0.3860040470671988,0.8439587354660034,0.3111979067325592,0.49212084932452554,0.5
-0.08754027634859085,-0.6785839796066284,-0.19381269812583923,1.2541185847343124,-0.18177451193332672,1.5860229420837464,0.494415297511479,0.2800429971755855,-0.34066691994667053,-0.22306638956069946,-0.041507821530103683,0.5
0.4429023563861847,0.1905632742466967,-0.2617647051811218,0.8205761052457814,0.609969013866976,-0.031510500448763794,1.9181411901018555,1.415344488837991,0.8439587354660034,-0.04271553317145471,-1.0534383058547974,0.5
-0.33706003877352125,-0.4408404231071472,-0.2617647051811218,-0.06402925225502337,-0.2631605863571167,0.8342370963131145,1.0121966193092184,-0.7519695058407531,-0.8276270722343634,0.24441486597061157,0.3801299035549164,0.5
-0.8453154563903809,1.0822282075351533,-1.2722420860914148,-0.6998776793479919,-0.4801901578903198,-1.5314140534671747,-1.6603686158640643,-0.4791347025288115,1.1175199246597314,0.17763182520866394,1.184370912668043,0.5
-2.1820399253810723,-1.0690691396123868,-0.12586070597171783,0.5435452932057823,-0.18177451193332672,-1.1813081502914429,-0.7372208530317,-0.19542307170917136,-1.5164831284693474,0.8782168197271082,-0.730463054314709,0.5
-0.3148728311061859,-0.2625327408313751,-0.4656206965446472,2.9569807545244933,-0.6919333037136697,0.6353548059279879,0.42090160283170863,1.1374530681017618,0.46986642479896545,-1.0511711649138997,0.3801299035549164,0.5
-2.0421940515087007,-0.6785839796066284,0.14594730734825134,-0.6776565313339233,-0.6553004127237192,0.4476591646671295,-0.0623689112692339,-1.1971545354212112,1.0077638765321166,-0.22306638956069946,0.12714727222919464,0.5
0.21556980907917023,1.7340536738948926,-1.7351218384748208,-0.7220988273620605,0.7385423569249888,0.5038304328918457,-0.5025489330714602,0.6920792197323633,1.2370761833172617,-0.42341551184654236,-0.2944904565811157,0.3333333432674408
-0.49231246784776567,-0.3814045190811157,0.4857073128223419,0.6821103124796046,-0.10038841515779495,1.2888831949771011,1.9545934855337337,0.36949618647967536,0.0957741066813469,0.04406575486063957,-0.8847832679748535,0.3333333432674408
-0.16331779956817627,-0.5597122311592102,-0.04808975426397687,1.7045337656741686,-0.2631605863571167,-0.3387388288974762,1.7139683047722487,0.47134737724895814,-1.4269205806528593,-0.3566324710845947,-0.37761487815908523,0.5
-0.7695379853248596,-0.5597122311592102,0.8970864012348847,-0.8109833002090454,-0.7243484258651733,0.2229740172624588,-0.06052294357730615,-0.710798122621629,1.3697672017540594,-0.02271728403866291,0.19766228067578284,0.5
-0.6179829239845276,-0.6986243075281634,-0.7472889794069713,-0.6332142949104309,-0.39880406856536865,-0.22639626264572144,-0.25337470242176,-0.5270648113310628,-0.4030156433582306,-0.957679808139801,-0.9691107869148254,0.3333333432674408
0.6702349185943604,0.35314289433463925,0.14594730734825134,0.3470874524580109,0.5778290033340454,-1.074725542524425,-0.5245371218208283,1.7554303584329887,-0.16675176102500378,0.3111979067325592,-0.8847832679748535,0.3333333432674408
0.06401476263999939,-0.3814045190811157,-0.5335727334022522,1.0109456553652982,-0.2089032083749771,0.6958937590250568,0.986740375642769,0.45098433237993607,-0.5277130603790283,-1.0912458896636963,-0.7161281704902649,0.5
0.36712485551834106,-1.094635248184204,0.14594730734825134,-0.9071347755408756,-0.48291140593970083,-1.4059932231903076,-1.2248260370525388,-1.1155384790026008,-0.8394566774368286,-1.2915949821472168,0.5074978952475666,0.5
-1.1439132311844176,-0.024789171293377876,-0.397668719291687,-0.9201647386218706,-0.9141216267725478,-0.90045166015625,-1.0282312202897776,-2.4198935350696464,-1.2200513497847905,-0.8274808718083548,2.289405063588874,0.3333333432674408
1.0737156092136206,-0.4408404231071472,0.4177553057670593,-0.7443199157714844,-0.053369140558656644,-0.6195952296257019,-1.4273117823822927,0.5868484926611673,0.43051191534095545,1.2656586628546869,-0.8004556894302368,0.5
0.013505888388144531,1.2263411287121024,-1.4608632398832562,-0.7485896404999897,0.1443623436193214,-1.0689655542373657,-0.6799495709809619,0.01985139475597103,0.2204715460538864,-0.6573081057435288,-0.7161281704902649,0.3333333432674408
0.806674203681998,-0.5597122311592102,0.14594730734825134,-0.6998776793479919,-0.7243484258651733,0.4874676128774523,-0.22098786057809977,-0.5980352849211076,-0.5277130603790283,0.7786791324615479,0.6331125497817993,0.6666666865348816
-0.39065036177635193,-0.5002763271331787,1.672684974258314,0.23838671967505967,0.08749359729375006,0.48833286722160174,0.9445723514442081,0.4388387829439049,-1.0418576125399301,-0.6905476450920105,-1.559403657913208,0.3333333432674408
-0.4803839787806238,1.6788738601242286,-1.8231041130242642,-0.6332142949104309,0.4894590405766951,-0.20740447690631253,-0.8885445143921239,0.6540140594140826,1.1557023525238037,1.374184430621198,-0.8004556894302368,0.42159148068437724
-0.9210929870605469,-0.8568916916847229,-0.397668719291687,-0.22820861672831158,-0.1529086416607509,1.1241148745730394,1.4292448162208298,-0.20192404631678956,0.2828202545642853,-0.8241137266159058,-1.137765884399414,0.3333333432674408
-0.9210929870605469,-0.5002763271331787,0.0203916092828587,-0.9599186425703027,-0.6158336400985718,-0.207271199446241,-0.888870163166336,-1.2463461994479186,0.46986642479896545,-1.0912458896636963,0.04281972348690033,0.5
-1.6495693371461249,0.03765277326720422,-1.9845556323394526,-0.5766043579833018,-0.7828130175531145,0.2229740172624588,0.8433059950891031,-1.2058862692154524,2.198156312719499,1.6533953614008614,1.6450430154800415,0.6666666865348816
0.29134732484817505,-0.5597122311592102,0.6050627285300321,1.5630812678024004,-0.34454667568206787,-0.7881091237068176,-0.18209428654220125,0.7152594263926924,-0.9641541242599487,-0.5927665711977574,-0.8847832679748535,0.3333333432674408
-0.46642789244651794,1.0928913548788877,-0.2617647051811218,0.9601502936967679,-0.25396055310959503,0.8856456343626824,1.2478985702872172,0.6594356201653634,-0.5900617837905884,-0.7856707525312595,-1.306420922279358,0.5
-1.3599030251499473,-0.5002763271331787,0.34980329871177673,1.710122336644095,-0.2360319048166275,1.600599241691032,0.7513724000757378,0.14476029943287616,0.0957741066813469,-0.6712339694957236,-0.46314552426338196,0.5
-0.6179829239845276,-0.1676530060375638,0.14594730734825134,-0.8554255366325378,-0.34454667568206787,1.1217145919799805,1.4052072083929557,-0.5692156933209326,-0.15362077951431274,-0.2898494303226471,-0.5474730730056763,0.5
0.4429023563861847,0.04238757903851104,-0.8053807020187378,-0.2461698714089626,-0.07325971871614456,-0.0578824058175087,0.5123058551031546,0.0177880355066729,-1.6202746416028786,-0.6237646341323853,-1.137765884399414,0.5
-0.01176275685429573,-0.720125171915246,0.6895633339881897,-0.5887720584869385,-0.34454667568206787,-0.11405368894338608,-0.5335213212643382,-1.241531148381962,-0.2783181965351105,-0.2030241313740669,1.0547502040863037,0.6666666865348816
0.6860366171944172,-0.26287825843424295,0.010043300688266754,1.0965646069733548,-0.6700910329818726,-0.0017111222259700298,0.4482474287145744,-0.10510035984784988,-1.213549017906189,-1.1580289602279663,0.6331125497817993,0.5
-0.16331779956817627,-0.5002763271331787,-0.0408752332358686,0.7355770306980233,-0.04613102599978447,-1.0127942562103271,-0.7242281865571778,0.3417051280035241,-1.8277739905781907,-0.6237646341323853,-1.0534383058547974,0.3333333432674408
-0.7519450168090743,-0.2625327408313751,1.1415846383278396,-0.7220988273620605,-0.3174179792404175,-0.22639626264572144,0.633529202439339,-0.9881510837375497,-1.1939725911187238,0.7575351963005919,-0.46314552426338196,0.3333333432674408
-0.6937604546546936,-0.3814045190811157,-0.941284716129303,0.6247307797984871,-0.19950616795397608,8.555465350721214,2.2185118972496203,0.3623022258831755,0.4321836917207853,-0.7441080638437182,-0.8004556894302368,0.3333333432674408
0.06401476263999939,-0.7974557876586914,1.6486745556754892,1.5678553229767234,-0.18740926096285512,0.7846868634223938,0.8812585576898684,1.0801813682215835,-0.8515752226231678,-0.22306638956069946,-1.2220934629440308,0.3333333432674408
-0.16331779956817627,0.15351851284503937,-1.9664160153953714,-0.833204448223114,-0.07325971871614456,1.065543293952942,0.989110958510977,-0.6435254711922834,-0.4030156433582306,-0.09789002303925443,-1.0454429826941114,0.3333333432674408
-0.6179829239845276,-0.5597122311592102,-0.3190291211314723,-0.1713673859363495,-0.39880406856536865,0.9251381586347219,0.7027151504897958,-0.6339408714039547,0.0957741066813469,-0.49019855260849,0.3801299035549164,0.5
0.1397922784090042,0.27239030599594116,-1.527284503739026,-0.5665509104728699,0.7448441557123445,-1.0689655542373657,-0.01792605579842194,0.3581704807370565,0.5905132632289743,0.7118961215019226,-0.2101629078388214,0.3333333432674408
0.8595828146244108,-0.3814045190811157,0.010043300688266754,-0.833204448223114,-0.5869707641814442,0.4476591646671295,-0.3507093332667176,-1.199920085236656,-1.7304865303521122,0.47149346630386085,1.0547502040863037,0.5
-0.2390953153371811,0.7312150694424671,0.21389929950237274,-0.17449085023247937,0.6109705327384596,-0.6878971730706767,1.493037965794636,0.43324600548077524,0.7192612886428833,0.7786791324615479,-0.6232495729604333,0.5
-0.5422053933143616,-0.5209458113436407,1.1652272939682007,-0.8998677730560303,-0.01900232955813408,1.6322377899051752,0.25594962059038573,-0.8725157191288743,-1.2944594101775049,-0.22306638956069946,-0.7161281704902649,0.5
-0.5422053933143616,-0.20309685170650482,0.28185129165649414,-0.40522503067291493,-0.39880406856536865,0.2791453003883362,-0.43720759893342553,-1.0599102514312482,0.9686561822891235,1.2363351534569214,1.3352075319254704,0.6666666865348816
-0.24886686805466834,-0.7380198836326599,0.7780134749099046,2.545874432380096,-0.2631605863571167,0.9532006978988647,1.167498951596309,1.2649510497300467,-0.028923334553837776,-0.0895003229379654,-0.8853017275937509,0.5
-0.9210929870605469,0.39377909305181374,-0.4656206965446472,-0.5887720584869385,-0.4801901578903198,1.1217145919799805,-0.22928243452082175,-2.346100331157467,-0.2159694880247116,-0.6237646341323853,2.103850487908937,0.6666666865348816
-1.0411428713152198,-0.7380198836326599,-0.04823519643606432,-0.8109833002090454,-0.697219729423523,0.8620216264196995,-0.3636297129128445,-1.3510330068980656,0.30938299935560754,0.4447639584541321,0.6331125497817993,0.6666666865348816
1.0640015638144806,-0.08422506600618362,0.5536593198776245,-0.6998776793479919,-0.2023370364881428,0.28104977438757506,0.4888658641224466,-0.31081593987243317,-0.34066691994667053,-0.42341551184654236,0.3801299035549164,0.8333333134651184
-0.6937604546546936,-1.1433556024889022,0.4857073128223419,-0.7392267633390863,-0.3174179792404175,2.7986970553860866,0.6324726423886742,-0.9587110837712058,1.4463387926303546,0.37798094749450684,0.29580235481262207,0.6666666865348816
0.18736843963197347,-0.3234776412086599,0.010043300688266754,-0.6388251228343352,-0.6976430250790491,-0.250590394163009,-0.35630189650326904,-1.480161306133411,-0.8394566774368286,-0.6237646341323853,1.390891258820063,0.6666666865348816
1.8470297350897367,1.7364275934940891,-0.05790869891643524,-0.3873918645538965,1.2470236251566358,-1.4059932231903076,-1.713862711583347,1.9508273221187622,0.5322151184082031,0.740387623637457,-0.041507821530103683,0.3333333432674408
0.23662165192260465,-0.9757634997367859,0.6895633339881897,-0.8109833002090454,-0.7243484258651733,0.08356835165187504,0.2421396040712731,-0.5330408124426737,-0.028923334553837776,0.04406575486063957,0.3801299035549164,0.5
-0.9619717449112266,-0.6191481351852417,0.28185129165649414,-0.8764617854032952,-0.4769854995398258,-0.9566229581832886,-0.6198778604636932,-0.3685757411542362,1.5205713549924516,1.0398285270436627,-0.631800651550293,0.5
0.9441567415485701,-0.22183197657443557,0.4177553057670593,0.2903702124539394,-0.4705724000392313,-0.0017111222259700298,0.522950551150892,0.3058316232122813,-1.0888515710830688,-0.7823663883074726,-0.37881800532341003,0.6666666865348816
-0.46642789244651794,1.085979100931497,-2.1092466214570047,-0.8554255366325378,-0.2360319048166275,-0.3077845683918029,-0.3998545898858491,-0.453042590891839,0.033425383269786835,-1.1580289602279663,-1.0534383058547974,0.3333333432674408
0.5944573879241943,0.21295440196990967,-0.05790869891643524,1.0058348189565751,0.7473242517889456,-0.046734197441930136,1.1032407088475005,1.2363044519316981,-1.20890955012025,8.507279931060014,-1.306420922279358,0.3333333432674408
0.6544134558749848,1.9262533145771625,-2.1644208431243896,-0.6332142949104309,0.5505037872378045,-0.0017111222259700298,-0.9615580394933745,0.24957671780775614,0.5322151184082031,0.8722496709109959,0.9704226851463318,0.5
-0.46642789244651794,-0.5002763271331787,-0.2625680689672355,-0.6554354429244995,0.5556389251864969,-0.4142140722153447,-0.6770703561803136,0.2757187540690558,1.199785705047677,-0.0895003229379654,-0.5474730730056763,0.6666666865348816
-0.39065036177635193,-0.5002763271331787,-1.240457408363545,-0.8776466846466064,-0.34454667568206787,-0.5072526931762695,-0.8901440962735461,-1.0110259438449325,0.34516897797584534,-0.6237646341323853,0.21147480607032776,0.3333333432674408
-0.2390953153371811,-0.6785839796066284,0.010043300688266754,0.9919151874370086,-0.6429623365402222,-0.9507960776677934,0.780722222156035,0.39589594478514667,-0.9018054008483887,-0.890896737575531,-0.7161281704902649,0.6666666865348816
-0.6936127350811229,-0.8330087416538524,-0.654072236749619,-0.5632479779962686,-0.5479027054811274,-0.2825675308704376,0.08211165042086715,-1.0636215222822152,0.2828202545642853,-0.3566324710845947,0.6331125497817993,0.5
-0.3148728311061859,-0.8568916916847229,0.010543537427225068,0.14726971672851352,-0.6490810718678144,0.2791453003883362,0.5003458786783352,-0.1544517507439651,1.2677599616479083,-0.21838474256867146,0.04281972348690033,0.5
0.4673044077807617,-0.2625327408313751,-0.4656206965446472,-0.6998776793479919,0.5778290033340454,-1.1251368522644043,-1.7201030381876612,0.8086762921576445,1.1305030203219861,0.7798933842929862,-0.46314552426338196,0.5
-0.39065036177635193,-0.6936576814089023,0.14594730734825134,-0.8554255366325378,-0.7521138862602579,-0.11405368894338608,-0.36665878528392765,-1.6641483058558608,-1.5799445803785037,0.04406575486063957,0.9662969136342173,0.5
-0.9968705177307129,-1.1432735420323745,-0.12586070597171783,-0.7887621521949768,-0.7550351691542777,-0.17022497951984406,-0.32049813284766265,-1.7279511330468647,0.5755162964957621,-1.1580289602279663,1.5607155561447144,0.5
-0.2390953153371811,-0.651972620162529,0.6895633339881897,-0.5887720584869385,-0.9836486209234889,-0.2825675308704376,-0.4961142255838816,-1.3089257754362784,0.5945638418197632,-0.0895003229379654,1.1390777826309204,0.6666666865348816
-0.08754027634859085,2.0603751854753716,-1.0835107546125609,-0.7395946493628593,0.4553957140972535,-1.1813081502914429,-1.6299446948618568,0.6027043107579105,1.4631880009303744,1.4231501690255228,-0.09809673985652077,0.3333333432674408
-0.01176275685429573,-0.5002763271331787,0.07799530029296875,-0.8109833002090454,-0.5887049436569214,-0.22639626264572144,0.5365705767050581,-0.5584100505201374,0.15812282264232635,1.2036087633907966,-0.19386774053480207,0.6666666865348816
1.8260696785714075,-0.14366096258163452,0.9808366622274961,-0.29261094835558804,1.670133588557002,-1.349821925163269,-1.7055202181212432,0.6493951854249419,-0.7147592306137085,2.211472431291906,0.3801299035549164,0.4591064470269113
-1.2783008312968267,0.27239030599594116,0.0641467703665458,-0.8776466846466064,-0.7328999166993576,-0.9566229581832886,-1.2658650508846792,-1.7579242070223358,0.40197814467997794,0.48821277140548147,2.01084511650139,0.3333333432674408
-0.47332098235241077,-0.4408404231071472,0.3084043807262286,1.5573313582131707,-0.2089032083749771,1.1313369555200394,1.0391087763897309,0.6754952631082534,-0.7771079540252686,-0.15628336369991302,-0.8847832679748535,0.5
2.900671594490349,0.33182618021965027,0.5055629659517377,-0.6714765875488213,0.5778290033340454,-1.1813081502914429,-0.8266319245698809,1.3060690118257041,0.15812282264232635,1.3945219160478326,-1.0534383058547974,0.5
-0.08754027634859085,-0.8568916916847229,-0.1902924218066862,-0.10957682029409685,-0.18177451193332672,0.5732839232645504,0.8346751166431526,0.32894095222750475,1.1911632093752245,-0.014750419363020816,-0.3139077977318434,0.6851660421854299
-0.46642789244651794,-1.1375303374845511,0.8254672884941101,-0.7887621521949768,-0.6588110913413118,1.5054097921767717,1.2775174807398728,-1.4629711265912517,-0.7777617834546864,0.7859648082447565,1.6450430154800415,0.5
0.5186799168586731,0.33182618021965027,0.013224209916011637,-0.544329822063446,1.042011785857095,-0.8442803621292114,-1.1038560267242241,-0.06019455178768636,-0.2783181965351105,0.3111979067325592,0.7174400687217712,0.5
-0.39065036177635193,-0.5597122311592102,-0.05324603503727113,1.7796931861247707,-0.45306146144866943,0.2791453003883362,0.06572595382205382,0.7871252833240937,-1.4005951881408691,0.4447639584541321,-0.631800651550293,0.5
-0.9019510510340837,-1.308081162439559,-0.19381269812583923,-0.8554255366325378,-0.6294773491855012,2.4151804012533638,0.23992607271653352,-1.1896196153578986,1.522775787827292,0.4447639584541321,0.8259543446870449,0.5
0.5186799168586731,-0.7928193084840283,0.07799530029296875,0.6067342998134108,-0.4801901578903198,-0.3745456987947608,-0.04648662264054018,-0.24837289577024307,-1.2540089629125566,-1.1732715828082305,0.6331125497817993,0.5
-1.0716429346254397,-0.5002763271331787,-0.05790869891643524,-0.34271088616486683,-0.561576247215271,-0.17022497951984406,-0.09944670615841208,-0.8098633635181901,0.4715242468438473,-0.8241137266159058,0.3801299035549164,0.5
-0.6937604546546936,-0.6191481351852417,-0.05790869891643524,1.2375776820780595,-0.6175801012031468,0.33531656861305237,0.017796535869639682,0.20870481669296354,-0.46536436676979065,0.5827138142964692,-0.1258353590965271,0.5
-0.6179829239845276,-0.7380198836326599,-0.05790869891643524,1.9078655032942033,-0.25223747706177874,-0.001932216116587629,0.5001966728586513,0.793196787802958,-1.9061754892772156,-0.934589616292435,-1.137765884399414,0.5
0.5186799168586731,-0.14366096258163452,7.418822394365645,0.009493227789975744,-0.8328632116317749,-0.06727400239862562,0.945157274881699,-1.0061794984888808,-0.4030156433582306,-1.1801455484682288,1.7537705325637603,0.6666666865348816
-0.2390953153371811,-1.230804595830482,0.28185129165649414,-0.833204448223114,-0.5344475507736206,0.9681101378049676,0.5946675489468334,-0.7973532047861334,-0.2814833219300399,-0.4325490218976294,-0.26405833053063493,0.5
-0.16331779956817627,-0.2625327408313751,1.2946488127648001,0.6376535867619971,-0.4575642849533448,1.9707561174805248,1.1506954329040455,0.597169780961869,-0.9018054008483887,-0.15628336369991302,-1.1694501051273152,0.5
-0.2390953153371811,0.09408261626958847,-0.4656206965446472,0.5497521979958709,-0.6158336400985718,1.5144857781971572,0.6040802778589784,-1.2056350428060987,-1.213549017906189,-1.5773043588651032,1.392060399055481,0.5
-0.39065036177635193,-0.8568916916847229,-0.397668719291687,0.8578896432782881,0.884154074786144,0.9436394456136492,0.45859234366479823,0.2922580234982529,-2.8981121791646274,-0.546381814250824,-1.2220934629440308,0.5
1.6698635353396425,2.295431148579212,0.39805938724178375,0.7121672836333038,0.88514860259448,-0.7641361660929908,-0.40286199018095725,1.7596716775660974,0.033425383269786835,0.24441486597061157,-0.1258353590965271,0.6666666865348816
-0.545961101713868,-0.2625327408313751,0.037501658477990946,-0.8540059243674009,-0.34454667568206787,-0.42380565242042145,1.1586058384871816,-0.8563691189767343,0.9767340803672508,-0.22306638956069946,0.15834821484771938,0.5
0.29134732484817505,-0.9757634997367859,1.106320686440399,2.4252303352339144,-0.39880406856536865,1.1217145919799805,0.46179180006033266,1.666235573222435,-0.9018054008483887,-0.49019855260849,-1.2220934629440308,0.5
-0.2253576735378783,0.6539708324802623,-1.9385074551094892,-0.6860355082414837,0.4859616639880679,-1.341697781803264,-1.5170285369151284,0.6388918852947123,1.301766709371273,-0.02271728403866291,-1.0534383058547974,0.3333333432674408
0.6702349185943604,-0.5002763271331787,-0.009212867288295748,1.9077280084247805,-0.36486782676217555,-0.3266211496124414,-0.2807624711580159,0.3613870114088482,-1.154474837807754,-1.4897809765451233,1.4055774875829181,0.5
0.8289747528171288,-0.6785839796066284,0.28185129165649414,0.6277919516160461,-0.2089032083749771,-0.4157718695087656,-0.416253706781109,0.7145850507776682,-0.9641541242599487,-0.02271728403866291,-1.1087166114879088,0.5
1.1966486427513707,-0.3219686448574066,2.13233403182112,-0.11314023297223424,0.75420350220243,-1.48188482370871,-1.897167155441643,0.35981272051747054,0.033425383269786835,1.703034656502614,1.5607155561447144,0.5
-0.46642789244651794,-0.3814045190811157,-0.19381269812583923,0.0400226284243721,-0.8301030882806625,-1.1251368522644043,-0.6691336183892393,-1.3059438419398461,0.0957741066813469,0.46504765627587624,1.6760038071553676,0.5
-0.9011009245116147,1.1476055685991897,-0.05790869891643524,-0.6998776793479919,0.5523332042241688,-0.3387388288974762,-0.6552324785453186,0.3956847914776418,1.6048526388753603,0.4447639584541321,-0.8847832679748535,0.3333333432674408
-2.58819842338562,-1.5663527194471782,9.11561107635498,-0.9887523055076599,15.037424087524414,14.546651840209961,-0.9060052667492686,-2.504401417718123,-3.1463592052459717,-2.092761215770181,-2.1496963500976562,0.3333333432674408
0.29134732484817505,1.717085921927697,-2.0024740258820906,-0.6776565313339233,0.625091216777484,-1.0689655542373657,-1.3913595994927446,0.8487778635936692,1.119153022481368,0.17942840217646186,-0.5474730730056763,0.5
-0.46642789244651794,1.4146765042620963,-0.6694766879081726,-0.023030864149967818,-0.10100375709008416,-0.7285329634451911,-1.516673120508248,0.530263716038856,0.0957741066813469,-0.6237646341323853,-0.9691107869148254,0.3333333432674408
-0.6937604546546936,-0.25714899971707583,-0.629924652886039,-0.8109833002090454,-0.2631605863571167,0.2229740172624588,0.13945355979934837,-0.513785351335164,-0.2165805717301159,-0.18254215507200866,-0.5474730730056763,0.5
-0.6179829239845276,-0.8568916916847229,0.21389929950237274,-0.4998875558376312,-0.6158336400985718,-0.0043700559038360245,0.24702962025863484,-0.44474170071481284,1.4227943615844012,0.9646524185578151,0.09387813702314163,0.5
-0.6179829239845276,-0.3219686448574066,0.5536593198776245,0.35309813777028964,-0.561576247215271,1.2896620931186786,2.06412523300594,-0.11663255460583027,0.2204715460538864,0.04406575486063957,0.21147480607032776,0.3333333432674408
-0.16331779956817627,-1.0351994037628174,0.14594730734825134,-0.8776466846466064,-0.37167537212371826,-0.5072526931762695,-0.8081791465344506,-0.907464415614523,0.6082144745808583,-0.8241137266159058,0.21147480607032776,0.5
0.6702349185943604,2.0351199210225266,-0.6928752644508103,-0.6201986660534028,0.7665592045337383,-1.1251368522644043,-0.5032090039361476,0.8826483232309781,0.8987096251532694,0.04406575486063957,-0.8232236465526785,0.3333333432674408
0.06401476263999939,-0.08422506600618362,-0.4656206965446472,-0.7443199157714844,0.45856511294170843,-1.1251368522644043,-1.6578086740920852,0.32617971616378283,1.0933536291122437,1.6539705230938726,-0.1258353590965271,0.5
0.29134732484817505,1.4039195985999902,-0.941284716129303,-0.5330792872468884,1.0196342037266688,-0.9034890698911691,-1.4243614284094086,0.8983207941055298,0.8439587354660034,0.7412403273687312,0.2452745896904262,0.5
0.1397922784090042,1.0014549815887863,-0.6015247106552124,-0.7751665503719107,-0.15464581549167633,-1.1933467172280652,-0.9409288928691222,0.21922558895252336,-0.028923334553837776,3.435511048990096,0.06533346472053676,0.5
1.9069800376150383,-0.4452262463145831,1.0293233394622803,-0.6998776793479919,1.3907905063530996,-0.5072526931762695,-1.1084816509054598,0.8387902550117832,0.10167055361952286,1.8420244409533773,0.6331125497817993,0.5
-0.9210929870605469,0.9814067563311721,-0.19381269812583923,0.4219426172154767,-1.2695075012155295,-0.7669048648068268,-0.9372645908671863,-1.4593289916858625,-0.7142764779527208,-1.7339250095322045,1.795693684541981,0.5
-0.5422053933143616,-1.1216469893298977,0.14594730734825134,-0.6998776793479919,-0.7786058187484741,-1.1167511927874854,-0.3355427576441212,-0.3620815968029307,-0.3134101676395936,-0.4281300475809087,-0.5894235047601408,0.3333333432674408
-0.5422053933143616,-0.8568916916847229,-0.12586070597171783,0.27680437109372513,-0.2991306067487955,1.065543293952942,0.9909368471689889,-0.45565377557673714,-0.48992589604751535,-0.49019855260849,-0.46314552426338196,0.5
0.30223714934792556,-0.2625327408313751,0.28185129165649414,0.09801813908814033,-0.45306146144866943,0.46789268853051,0.35916573971342114,-0.5121071805028287,-0.7771079540252686,-0.5569815635681152,1.0547502040863037,0.5
0.21556980907917023,2.206543009952202,-1.4931782375811622,-0.6109932065010071,-0.2631605863571167,-1.2360409715244884,-1.6739734605253678,0.49234959180526117,0.9063074588775635,0.4941188894938595,-0.46314552426338196,0.3333333432674408
0.9510779072267671,-0.712587876238858,0.28185129165649414,5.062155256486623,-0.2089032083749771,0.6723442673683167,1.4595965897340655,5.160568539469929,-0.30642259398054994,0.3111979067325592,-1.306420922279358,0.5
1.8618243012482942,2.307791135082926,-0.397668719291687,-0.4329464221928006,0.4261632818111883,-0.3387388288974762,-0.9041842516875813,1.6441817814347794,-0.7771079540252686,1.298520300822345,-0.2609114375576266,0.3333333432674408
0.06401476263999939,-0.5002763271331787,-0.19381269812583923,-0.8975785102451829,-0.9165381758968497,0.05446016043424606,0.14285922083855207,-1.6140743652909837,-1.401588569737198,-1.0330381845601846,1.5607155561447144,0.5
0.9123911069891997,-0.7974557876586914,0.21389929950237274,-0.9883382015663643,-0.3978695070513386,-0.6941793438749224,-0.28445895755395084,-1.408191357612603,-1.8645158596852374,-0.9141224713211725,1.0885185868735026,0.5
-0.2390953153371811,-1.094635248184204,0.4857073128223419,-0.8109833002090454,-0.6158336400985718,-0.29878365526379586,-0.3458548308603539,-0.7271172576835825,0.6569125652313232,-0.02271728403866291,-0.041507821530103683,0.5
-0.9210929870605469,0.21295440196990967,0.4177553057670593,-0.7494840934742737,-0.9729289042319171,-1.237479329109192,-1.1583516984547857,-1.6854602368551015,-0.2159694880247116,-1.0244628190994263,2.315953118115648,0.5
0.21556980907917023,-0.14366096258163452,0.34980329871177673,1.1994195663387741,-0.2631605863571167,1.5337021706673593,1.6401548403040727,0.9463773276163294,-0.7147592306137085,0.3111979067325592,-1.137765884399414,0.3333333432674408
-0.3148728311061859,-0.20309685170650482,0.8152958714441265,4.388094639681962,-0.46691242611189654,1.2891118128243422,0.5745827397466966,1.9367222260068533,-1.2659445574464834,-0.22306638956069946,-1.4750760793685913,0.5
-0.1487909953567194,0.33182618021965027,-0.397668719291687,-0.6470620047975181,0.40942995418555045,-0.0017111222259700298,0.5836131368337901,-0.29366501449667787,-0.32476473734325956,0.17763182520866394,-0.7161281704902649,0.3333333432674408
1.9548302672106164,2.595583422908605,-0.7003254303713312,-0.5940269251498953,1.6723320007223144,-0.9566229581832886,-1.0523440218268996,1.4057711961933521,0.46986642479896545,0.26988863759937126,-0.9691107869148254,0.3333333432674408
-0.8453154563903809,-0.8568916916847229,0.06967216449696836,0.13438632889012647,-0.2902892827987671,1.1217145919799805,0.8076369937542616,-1.0585672628143095,-0.028923334553837776,-1.1580289602279663,0.7766794271464805,0.5
-0.7946578087199548,1.1521420232806197,-0.397668719291687,-0.8998677730560303,-0.20477688348428183,-1.1251368522644043,1.412936055656623,-0.26453050734474687,0.0957741066813469,-0.0895003229379654,-1.2868635955380276,0.3333333432674408
-0.8981199408146464,-0.3318207109672126,0.07799530029296875,-0.776360858570054,-0.8512098941741609,-0.5072526931762695,-0.2519466673773503,-1.130427281147554,1.1557023525238037,-0.6044548650910414,0.5487849712371826,0.8333333134651184
-0.2737446704313647,-0.38870161812172205,-1.070072708421592,1.29879454512548,-0.3466126173703877,0.33531656861305237,0.5420317160908478,0.8451526996509183,-0.6840106381435372,-0.528930163881119,-1.2744254228481,0.3333333432674408
-0.2390953153371811,0.02537405409754401,-0.10769172258321921,1.2043877372894842,-0.3174179792404175,-0.5106911545901927,0.2656981390859324,0.7375828345731088,-0.38781196786618144,-0.06640617303801091,-0.9691107869148254,0.5
0.1397922784090042,-0.7974557876586914,-0.761388649531216,0.8110201352638535,0.426206010979589,0.4610193338764589,1.009959097919938,0.5766359286532826,-0.2159694880247116,0.04406575486063957,-0.32192351877645586,0.5
6.353549003601074,0.5101338624954224,9.11561107635498,-0.9887523055076599,-0.03344307421085604,14.546651840209961,5.738200557288209,-0.6731838299556009,4.896625518798828,0.9790282845497131,3.078611373901367,0.0
1.0655620670663521,0.21295440196990967,0.010043300688266754,-0.8554255366325378,-0.5925557431709029,1.575625656401223,0.6858646051757705,-0.7105568678031591,-0.4030156433582306,-0.6905476450920105,0.3801299035549164,0.5
2.4358315833161686,0.27239030599594116,1.8602915069720158,-0.7887621521949768,0.19391124867316387,-1.4059932231903076,-1.7781349750179318,0.6087332890615721,-0.2159694880247116,0.17763182520866394,0.15931494789083006,0.5
6.353549003601074,-1.5701223611831665,9.11561107635498,-0.9887523055076599,-1.2940510511398315,14.546651840209961,5.739711284637451,5.3161420822143555,4.896625518798828,9.794388771057129,3.078611373901367,0.0
-1.148425579071045,-0.4847901299332516,-0.941284716129303,-0.3832902727552923,-0.34454667568206787,-0.22639626264572144,-0.05093397452330269,-0.7016649731509245,1.8620003551524644,-0.890896737575531,0.21147480607032776,0.5
-0.2390953153371811,-0.4408404231071472,1.333206856023144,-0.4582395740252322,-0.2902892827987671,1.1217145919799805,1.1400201670977281,-0.37021327937899584,-1.5675029391127673,0.23273197302773246,-0.5474730730056763,0.5
-0.8453154563903809,0.5104844616909936,-0.4656206965446472,0.6824843512922247,0.5960612161257547,-0.5172758884453356,-0.5101047536772665,0.46498864276231217,-0.4030156433582306,-0.02271728403866291,-0.9691107869148254,0.5
-0.6179829239845276,-0.8046857755217685,0.2683366183222534,1.0790156003904,0.312358627977853,0.787652710562778,0.051171862166207775,0.2234233427174798,-1.709825226988623,0.04406575486063957,-0.37881800532341003,0.34822046144267077
-0.3148728311061859,-0.9163275957107544,2.6716539968411506,1.3560660651160117,-0.45306146144866943,1.4136233642128715,1.2615410229156736,0.44291295674230097,0.0957741066813469,-0.42307080950306475,-0.041507821530103683,0.3333333432674408
0.4429023563861847,1.5221834117584183,-1.8657569681808657,-0.5802438125212189,0.26492792199161924,-0.8442803621292114,-1.6403630260737712,0.8983207941055298,1.3767843000263162,0.24441486597061157,1.223405361175537,0.3333333432674408
0.6702349185943604,0.33182618021965027,0.3361479823577402,-0.6332142949104309,0.36183763404755487,-1.0689655542373657,-1.208250950975548,0.9251776682829609,0.34516897797584534,1.3984245577074792,-0.8004556894302368,0.5
-0.2390953153371811,0.09408261626958847,1.9398560815197046,0.9406526035298318,-0.3174179792404175,1.7348543522045061,1.779987130186647,0.8800422291623345,-0.6524105072021484,-0.1222851815672744,-1.0534383058547974,0.5
-0.46642789244651794,-0.7974557876586914,-0.12586070597171783,-0.8554255366325378,-0.2902892827987671,-0.3387388288974762,0.27927145073109694,-0.6182878289957008,1.4571620641858374,-0.22306638956069946,0.21147480607032776,0.3333333432674408
-0.08754027634859085,1.7205153005131806,-0.941284716129303,-0.6109932065010071,0.5934286812006478,-0.8442803621292114,-0.7820257565421647,0.6711325956716628,1.0019011000705993,0.04406575486063957,-0.30487337412781407,0.3333333432674408
0.3952572045106473,-0.6785839796066284,1.6669425966021099,2.3748343069540843,-0.2631605863571167,0.8764334351061267,1.146001158740222,1.3015628554415508,-1.5769869425864698,-0.33028255711621735,-0.9691107869148254,0.3333333432674408
-1.0774399100326517,-0.14366096258163452,-0.2617647051811218,-0.35299544092606217,-0.45252564617067587,-0.4788351449210495,-0.2968927271690626,-1.3285789230035743,1.2962248054532646,0.6451131105422974,1.9648882337116893,0.5
-0.3580255177056767,0.8681262192881966,0.07799530029296875,-0.5551284182668218,-0.5344475507736206,0.9108497238130475,0.08391472842903583,-1.5560944853376715,-0.2783181965351105,0.1946784329394743,2.2322219436960054,0.6666666865348816
-0.46642789244651794,-0.3219686448574066,0.010043300688266754,0.6009161218712138,-0.7116515124744511,-1.349821925163269,-1.1503480836523152,-1.4524105382873074,-2.0136135995780418,-1.15020493936984,1.5651574141682558,0.5
-0.3148728311061859,-1.1637124353153343,0.39594460997983627,0.9686650204542758,-0.2687924759776783,0.8857848523348149,0.1790234325040276,0.262391154985363,0.2828202545642853,-1.2915949821472168,-0.2944904565811157,0.5
-0.6179829239845276,-0.8568916916847229,-0.12586070597171783,0.24888297499867063,-0.2798922573795861,1.1217145919799805,0.5907252449680171,-0.2756827852595356,0.08595364996688329,1.935938123784676,0.21147480607032776,0.5
-0.3148728311061859,2.000735110248551,-1.8779442559812916,-0.7220988273620605,-0.10038841515779495,-0.8442803621292114,-1.1038176206003114,-0.26109899778169465,1.4399482414002158,0.12893543138961755,0.5097721555719231,0.5
3.608681912752197,-0.08422506600618362,1.620036440086356,-0.6998776793479919,0.5991184100396533,-0.14322666367844888,-0.8517516832883276,1.169619955345099,-1.0753988222734598,-0.0895003229379654,-1.114678694352005,0.5
-0.3148728311061859,-0.3814045190811157,0.14594730734825134,-0.7586588190869652,-0.5073188543319702,-0.23412218498841125,-1.0807164190769498,-1.7431846627047,-0.7771079540252686,-1.5065969431701491,2.4402778656660287,0.3333333432674408
0.5186799168586731,1.506704691298017,-1.8886597231536293,-0.7220988273620605,0.6333063240099858,-1.19638701391726,-1.5328427432722664,0.472109506676172,0.11731518772836927,-0.2898494303226471,-0.3891909442804773,0.3333333432674408
1.4885269402091352,-0.14366096258163452,1.421865290875373,-0.6776565313339233,0.690190119647453,-0.6757665276527405,-1.0344582377861087,1.2411949541486464,0.7192612886428833,1.4750188880997497,-0.8847832679748535,0.3333333432674408
0.5115829358662688,-0.6191481351852417,0.010043300688266754,0.4179564930173123,-0.6158336400985718,-1.349821925163269,1.0852010902183673,0.009674204362251068,-0.46536436676979065,0.9790282845497131,0.6331125497817993,0.3333333432674408
-0.3148728311061859,-0.20309685170650482,1.3380061028873933,2.818252003572971,-0.5040134413273112,1.6388511074696588,0.6012058780761333,1.6156417544732125,-0.8472823749489569,0.4447639584541321,-0.8847832679748535,0.5
1.082971029478692,-1.094635248184204,0.9168296193206361,-0.8776466846466064,-0.7901328852038378,-1.1251368522644043,-1.0527927972872466,-1.3317111383955444,-1.6123680816144035,-0.2898494303226471,1.223405361175537,0.3333333432674408
-0.5422053933143616,-0.5002763271331787,0.40542638661067,-0.4247535348902048,-0.45306146144866943,0.16680273413658142,0.7900921621937025,-0.849508276605494,-0.028923334553837776,0.37798094749450684,0.8935381492855267,0.5
-0.16331779956817627,0.09408261626958847,0.7020763171110274,-0.8701706972757247,-0.8201651324558266,-1.2782358327298455,-0.4829930147979189,-0.9824479582636803,0.2828202545642853,-1.589532007304365,0.4644574522972107,0.3333333432674408
2.4749278574969096,-0.3219686448574066,0.9118381722268416,-0.6883460874930057,0.39243439961311777,0.2791453003883362,-0.5155672423235578,0.8498001104285346,0.46986642479896545,0.7118961215019226,0.519706444920738,0.5
1.273176346880293,-0.6785839796066284,0.9476486473225859,0.26994960835143084,-0.2902892827987671,0.05446016043424606,0.36681749160771143,0.29183789448050557,-1.0265028476715088,-1.0244628190994263,0.3801299035549164,0.3333333432674408
0.1397922784090042,-0.5597122311592102,0.07799530029296875,-0.6332142949104309,-0.15859254251298877,-0.9148798421129076,-0.9171337641542056,-0.8553181886672974,-0.6524105072021484,1.2662085625034507,0.9704226851463318,0.5
-0.46642789244651794,-0.6191481351852417,-0.1279609365522159,0.551730808164549,-0.4621515165446568,-0.0017111222259700298,-0.15597349028052987,-0.4522417972928343,-0.41804458641479353,-0.07620935140728684,0.21147480607032776,0.5
-0.39065036177635193,-1.2375718562657054,-0.2617647051811218,0.9506281380255754,-0.12889411212434868,0.2791453003883362,0.37836764569832626,0.4326226111665162,1.6126454539715807,-0.6237646341323853,-0.4165628902702312,0.3333333432674408
-0.6937604546546936,-0.8102865466913524,1.3050085578979282,-0.44912976345016126,-0.17637732282707552,0.4529140189439753,0.788882698421771,-0.4165245774697351,-0.5900617837905884,-0.22306638956069946,-0.5616882964523876,0.5
-1.4703906161845732,-0.14366096258163452,-0.12586070597171783,-0.0015537166828964617,-0.5968488649666122,-0.0578824058175087,0.06119467887717043,-1.25330665155524,2.0022980731580184,-1.0244628190994263,1.4626699562505763,0.3459681624579132
-0.7695379853248596,0.5101338624954224,-0.6694766879081726,-0.515525111870168,-0.6150035758211623,-0.17022497951984406,-0.14701928893355673,-2.26821365285385,-0.5900617837905884,0.24441486597061157,2.8372581256314646,0.5
0.5643411806376417,-1.1868573441023635,-0.09914430814001046,-0.766541063785553,-0.5529028769304704,-0.6195952296257019,-0.7234051533035626,-0.7182797215516306,-0.832974019444879,-1.214427534578453,-0.1258353590965271,0.3333333432674408
0.1397922784090042,-0.9757634997367859,2.2706687940076677,0.5012875830181637,-0.2360319048166275,1.7418711881895503,1.4489237879473145,0.5368010222054621,-0.20464137631617227,0.17763182520866394,-0.5474730730056763,0.5
2.4585813181774943,2.4423185033310473,0.7352365147545243,-0.1125492481121456,1.0488490503934673,-0.0017111222259700298,0.609200692659526,2.0659551522553437,-0.5277130603790283,0.7118961215019226,-0.4065332084706766,0.3333333432674408
-0.11996095745597113,-0.5955194398542674,-0.17768634904064134,-0.8554255366325378,-0.6429623365402222,-0.90045166015625,-0.18129127419229227,-1.4715162411946496,-1.6942897749695884,-1.0244628190994263,0.6331125497817993,0.3333333432674408
-0.3148728311061859,-0.21573522251965596,-0.3297167122364044,0.6214786645558833,-0.7786058187484741,-0.0578824058175087,0.2086227501129947,-0.8932511434182931,-0.2783181965351105,0.24441486597061157,1.945206716572633,0.6666666865348816
-0.16331779956817627,-1.1590139981446124,0.07799530029296875,1.7484440831306318,-0.12751711905002594,2.1425045922025387,0.7888488604342169,0.729700060806875,-0.028923334553837776,-0.4984713175933652,-0.2101629078388214,0.5
-0.9968705177307129,-0.3140650179799086,-1.0981097523232721,-0.030819001653412156,-0.12751711905002594,0.2442236865380183,0.40650005046414106,-0.3315879507575932,-0.39746879350524156,0.3111979067325592,-0.8847832679748535,0.3333333432674408
-0.6179829239845276,0.7888008019283251,-1.8979379460143353,0.30213483060645613,-0.37284742051659353,-0.0578824058175087,-0.31842474360300843,-0.12670015420399838,-0.09127205610275269,-0.49019855260849,-0.5474730730056763,0.5
3.5861743177612104,0.5101338624954224,2.2128027827594505,-0.17606488615579702,0.6640643269820801,-0.9485428784458736,-0.6934406072889988,1.8829346859750988,0.8439587354660034,4.829641777302028,1.84820073206958,0.5
2.0273918748574036,3.050945408244146,-0.05790869891643524,-0.544329822063446,0.5865543314472133,-0.6757665276527405,-1.1485249216923004,1.2087382983887371,-0.5277130603790283,-0.2898494303226471,-0.710934248546947,0.3333333432674408
0.3417369258538778,-0.5597122311592102,-0.3297167122364044,-0.8276657282510669,-0.4801901578903198,-0.0017111222259700298,-0.1629953045387043,-0.7754715444857877,-0.028923334553837776,-1.0244628190994263,0.3801299035549164,0.3333333432674408
-0.49103699972216625,-0.8568916916847229,0.2829620750367797,-0.8041491570663226,-0.15390319799083116,-0.731937825679779,0.07433622536324311,-0.5504230525687741,-1.0457357663203177,-0.8775774724567901,-1.2220934629440308,0.3333333432674408
-0.39065036177635193,0.031567959334425445,-1.0616561010002508,0.2728440183788663,-0.37693292819232593,-0.9819699525006637,-0.47928668860799023,-1.3889653446471237,-0.7163431684906101,-0.22306638956069946,1.9274391395900434,0.6666666865348816
-0.8453154563903809,-0.024789171293377876,-0.05790869891643524,0.8929398403014156,-0.15464581549167633,0.8196924419815959,2.072896428882205,0.7828857399157225,-0.6524105072021484,-0.890896737575531,-1.4085016421131475,0.5
-0.01176275685429573,-0.9757634997367859,0.22647119598325993,2.4754016233487994,-0.40234973830996107,1.2554588963833107,1.3798659390197112,1.2346151615311904,-0.9699915240680201,-0.6237646341323853,-1.306420922279358,0.5
-0.6937604546546936,-0.9757634997367859,0.09972734464255754,-0.8776466846466064,-0.6429623365402222,0.39148786664009094,-0.3058462702713576,-0.9665066136834581,0.15812282264232635,0.5387955578051161,0.04281972348690033,0.5
-0.2956743854881318,2.8364970965894734,-2.1644208431243896,-0.6998776793479919,0.6825707549000617,-0.90045166015625,-1.3526349628325527,1.033216118812561,2.7521172579488926,0.1694931134164115,-0.8847832679748535,0.3333333432674408
0.40595447553022473,0.03464672341942787,-0.2617647051811218,-0.04867393730562826,-0.7243484258651733,-0.04152026292015294,-0.2310057497061968,-1.447633211667467,-0.956965537697388,-0.6905476450920105,1.7985161338725852,0.5
-0.3148728311061859,0.13440293342856358,1.0689099809770921,-0.3979413742988412,-0.4801901578903198,-0.5193947356590063,0.5849937363801824,-1.3697915088510348,-0.4030156433582306,-1.844364291799145,1.9659300056946196,0.6666666865348816
2.067219988378893,0.33182618021965027,1.7111603074117883,-0.5665509104728699,1.217555535700474,-1.2159310649074895,-1.6578331287887187,0.9901650456764637,-0.8397269939698286,0.7222964962189279,0.29580235481262207,0.5
0.7377385552481528,-0.4351308351145464,0.14594730734825134,2.3659747997509237,-0.18667804657010437,0.3673988380597484,1.9148164244501822,1.8315732773303903,-0.8394566774368286,-0.42341551184654236,-1.4090050588883334,0.5
0.29134732484817505,-0.9757634997367859,0.010043300688266754,-0.15199018218989407,-0.4801901578903198,0.6161730289459229,0.5940194904658809,0.24985066093951863,-0.34066691994667053,-1.4391645588756632,-0.9691107869148254,0.3333333432674408
0.477248573952244,0.09408261626958847,1.6761190793422711,-0.6554354429244995,1.0881634598418386,-0.3949100971221924,0.12109950952294778,0.12587326827926346,-0.34719058147540155,0.6451131105422974,-0.46314552426338196,0.3333333432674408
-0.7695379853248596,-0.3219686448574066,0.010043300688266754,-0.8776466846466064,-0.7592438185363005,-0.9548560003050457,0.15758468380562407,-0.8773185434061742,0.7192612886428833,0.17763182520866394,0.12714727222919464,0.5
-0.6179829239845276,-0.3219686448574066,0.1644084583919702,-0.6776565313339233,0.8023873439257492,-1.0689655542373657,-1.6940985177766847,-0.11013902244464727,0.5945638418197632,0.04406575486063957,0.29580235481262207,0.5
-1.855698582171875,0.19677647810914936,-1.9386970348205124,-0.5208199593516505,-0.6158336400985718,0.2229740172624588,0.052951159990068386,-0.6180741064170296,2.76494103100209,0.964995009270796,1.5607155561447144,0.5
1.8756570486864512,-0.14366096258163452,0.10891587197740026,-0.31706982971559283,-0.15464581549167633,0.5038304328918457,0.24757704150512938,0.8158714644060513,0.24976788368603053,0.24441486597061157,-1.0534383058547974,0.6666666865348816
-0.6937604546546936,-0.4408404231071472,1.195277767905526,0.5664453830528137,-0.3358672856352116,0.6723442673683167,1.5359331966833547,0.30917569332382033,-0.8081334733720058,-0.08129756227425976,-1.0660031091767659,0.5
0.06401476263999939,2.04055385672655,-2.135408284264737,-0.5852682681340279,0.3627476642279806,-0.45108139514923096,-0.17857972193451038,0.6937353184187903,0.9063074588775635,-0.0895003229379654,-1.137765884399414,0.5
-0.5870345996839256,-1.1690523063456342,0.010043300688266754,-0.11918177776272539,-0.01900232955813408,-0.6320330303243614,-0.5020063947227034,0.013084724835526675,1.264777833945728,0.3111979067325592,0.21147480607032776,0.5
-1.224203109741211,-0.2625327408313751,1.072404111989434,-0.7887621521949768,-0.18177451193332672,-0.6195952296257019,-0.408014398231823,-0.6151604725073395,0.7192612886428833,1.2550600987846297,-0.041507821530103683,0.5
0.8162132702184905,0.09408261626958847,0.010043300688266754,-0.4722416153836267,-0.6700910329818726,0.2199344078123817,-0.04461789548546162,-1.4125302090949499,-1.4764478432047055,-1.1580289602279663,1.7937629636466863,0.6666666865348816
-0.01176275685429573,2.022701390085678,-1.8063579544507118,-0.8109833002090454,0.062383756041526794,-0.5194810845154104,-1.5593421193254422,0.4640090491325698,0.650735658697943,0.1108487918972969,-0.9691107869148254,0.3333333432674408
-0.01176275685429573,1.7536390805327722,-2.1644208431243896,-0.7220988273620605,0.8271974757384372,-1.4059932231903076,-1.7825933467724844,0.33304690321625435,0.3297302433380683,-0.2981811621076435,-0.2944904565811157,0.3333333432674408
-0.2390953153371811,0.03464672341942787,-0.397668719291687,0.27888763944728284,-0.2902892827987671,0.6723442673683167,5.431075240774048,0.39800308777908616,-1.151200294494629,-0.0895003229379654,-1.481490642565818,0.5
-2.179344351551536,1.0282525291910867,-1.9526356421495465,-0.6776565313339233,-0.49264765540215766,0.2229740172624588,-0.2351306896230662,-0.8553181886672974,3.704395774190858,0.6451131105422974,0.9704226851463318,0.5
-0.3148728311061859,0.33182618021965027,0.010043300688266754,-0.2558811416888305,-0.6289080362527703,-1.1605150922747116,-0.8229160087882532,-1.3041402309468682,0.5916776746940128,-0.890896737575531,1.6837315217035544,0.3333333432674408
0.21556980907917023,1.6538173840057135,-1.6011304441135543,-0.4998240937795146,0.46492428845994094,-0.731937825679779,-0.5194468288980708,1.1107367196878537,0.9686561822891235,0.7575592144267432,-0.37881800532341003,0.5
-0.4944141573577602,-0.5002763271331787,2.346452838520856,0.4843943111262962,-0.697219729423523,0.345041868075074,0.6426940819828572,-0.14749225787303866,0.08510772091851446,0.4447639584541321,0.4644574522972107,0.6666666865348816
-0.6937604546546936,-0.3219686448574066,2.5282704985386792,2.3628485893363322,-0.01900232955813408,0.09072228258708617,0.8706587626343755,1.2453125776114338,-1.213549017906189,-0.13382700075096218,-1.306420922279358,0.3333333432674408
0.21556980907917023,-0.20309685170650482,0.34980329871177673,-0.8951313548054569,-0.4528409017815972,-0.6759254355478512,-0.0936998857079342,-0.9971217573263313,-0.7771079540252686,-1.3118536537804866,0.3801299035549164,0.5
-1.2510687210038252,-0.993981633703588,0.45958422462582427,-0.766541063785553,-0.3174179792404175,-1.1251368522644043,-0.9507751001026715,-1.3837901353947037,1.4187990004859428,0.9790282845497131,1.7161059262003313,0.6666666865348816
0.1397922784090042,-1.29036438260128,0.6506172532496594,-0.8109833002090454,-0.5344475507736206,-0.6757665276527405,-1.0334634789683155,-0.24726542836479265,-0.34066691994667053,0.7786791324615479,-0.46314552426338196,0.5
-0.14499961959016147,-0.3814045190811157,-0.12586070597171783,-0.7660502390942298,-0.37167537212371826,0.2981955276714249,1.2732610627214416,-0.8553181886672974,-0.34066691994667053,-0.6278009993768374,-0.02054904051055798,0.5
-0.5422053933143616,-0.32137817761648513,2.111250455610308,2.035690880919025,-0.37167537212371826,1.6695503846743482,0.7796615903943721,1.374104348153849,0.4091347875775741,-0.6905476450920105,-1.396347220320277,0.5
-0.08754027634859085,-0.3814045190811157,-0.2617647051811218,-0.5064908721303729,-0.6884965222201964,-0.4980973223482384,-0.012496516515037429,-1.3720537843192497,-0.5900617837905884,-0.02271728403866291,1.385257365640589,0.6666666865348816
-0.01176275685429573,2.2836082928376342,0.34980329871177673,-0.6776565313339233,2.2192967138685433,-0.45108139514923096,-0.6717297119521629,0.4766025804077218,0.03504657843189156,-0.02271728403866291,-1.045903909122781,0.3333333432674408
0.06401476263999939,-0.7380198836326599,0.41824002187185666,-0.5887720584869385,-0.561576247215271,-0.8442803621292114,-0.43641031833619304,-0.45487650952343994,-0.9018054008483887,-0.5773680942314618,-0.37881800532341003,0.3333333432674408
-0.2390953153371811,-0.7157231899338398,-0.05790869891643524,0.631501520298884,-1.0726794233297874,-1.0689655542373657,-1.3877926652892096,-0.662971839186115,-0.8030680449619696,1.2816219893574685,1.3737143492630748,0.5
0.17851798040696093,-0.5597122311592102,0.4177553057670593,1.419188159576513,-0.10038841515779495,1.7751023976819507,1.2007852010117297,1.2775985027417585,1.1694392957197377,-0.8241137266159058,-0.8847832679748535,0.3333333432674408
-0.3148728311061859,-0.5597122311592102,-0.5335727334022522,3.3634038120356116,-0.42593276500701904,0.37929349139143737,0.6370078748333432,1.782893494440458,-1.8426990165675832,-0.6905476450920105,-1.137765884399414,0.5
0.9608085019270451,-0.5597122311592102,1.2378717864868676,-0.8109833002090454,-0.0637697732622341,0.05446016043424606,0.606934286211423,0.511113134624594,0.9686561822891235,0.1108487918972969,-0.34772446418801284,0.3333333432674408
1.1541046674888649,-0.6191481351852417,1.1652272939682007,-0.766541063785553,-0.34454667568206787,-0.6757665276527405,1.0899495715269518,-0.6004535082642636,-1.4611033487261635,1.5407171076719857,0.7174400687217712,0.3333333432674408
0.1397922784090042,-0.14366096258163452,-0.27372248859348375,-0.833204448223114,-0.473753607175028,1.1975544449381088,1.417904891822241,-0.6498091318748641,0.15812282264232635,-0.8331290951564319,-0.1858733362128501,0.11973394722047212
-0.16331779956817627,2.3856666438534213,-1.7850294050234572,-0.5887720584869385,0.2971149445977528,0.19333658293913164,-0.8363728993144551,0.7774422678840338,1.1557023525238037,-0.6237646341323853,-0.9691107869148254,0.3333333432674408
1.2133731192734134,0.029504544789344517,2.4690051243878437,2.048836790072373,-0.2902892827987671,0.9897778486643334,0.866751974962401,1.4067695307679966,-1.6393963998462162,0.4880711593583348,-1.137765884399414,0.3333333432674408
6.175790911442583,0.6005964689212234,2.557390924634615,-0.4804588038087037,0.573506365632287,-1.4059932231903076,-1.581375782713977,1.5234902338812624,-0.9071175699815338,0.9790282845497131,0.7934370181022334,0.5
1.5188281432584112,-0.5597122311592102,0.4857073128223419,-0.7603231971232844,-0.2631605863571167,-0.5372266442481562,-1.6188186912423663,-0.16005198725479491,-0.5130405206524518,2.025917190981602,0.5487849712371826,0.8333333134651184
0.02807467000318964,2.1619836330289783,-2.1090740597330995,-0.6776565313339233,2.252855099031312,-1.4059932231903076,-1.764284722464359,0.5918600387864147,1.3097822043150384,0.25452995567834574,-0.2101629078388214,0.3333333432674408
-0.08754027634859085,2.359644362687721,-1.8134959926923562,-0.6109932065010071,0.6562210878272511,-0.9566229581832886,-1.0049453650656257,0.7753725654330453,1.36879312510034,1.0418879200324898,-0.9691107869148254,0.5
-0.17444453109028643,1.7446089999793437,-2.1552215342911305,-0.6998776793479919,0.6797111100568333,-1.0127942562103271,-1.5469659112881378,1.1005999967318156,1.1557023525238037,0.4447639584541321,-1.0534383058547974,0.3333333432674408
-0.3148728311061859,1.8238355467308485,-2.1644208431243896,-0.5665509104728699,1.555620116858581,-1.4832091655088107,-1.820588626446186,0.6782600591248538,2.159868198863996,0.3174600198627314,0.12714727222919464,0.5
1.0598351917978546,1.7300861685327698,-1.8156218288844495,-0.6400912798806097,0.49311362664709146,-1.1251368522644043,-1.57369819928498,0.44012195289530537,-0.028923334553837776,0.7232726418600108,0.09260933918979866,0.5
0.06401476263999939,-0.7974557876586914,-0.19381269812583923,1.2238175980618988,-0.3390647477708287,-0.6757665276527405,-0.053555787196821886,0.5613947120073507,-0.028923334553837776,0.22099221791135074,-0.5474730730056763,0.5
-0.3148728311061859,0.09408261626958847,-0.4656206965446472,0.439799965772691,-0.1774358485429525,1.289031005546869,1.292692279975865,0.4214234021904999,-0.46536436676979065,-1.0244628190994263,-1.0534383058547974,0.5
-0.08754027634859085,1.9292859388802264,-1.2502397273772803,-0.6332142949104309,0.3870502630091304,-1.1383677435659978,-1.5727753555922965,0.7533091332680452,1.3816729703695751,-0.02271728403866291,-0.6262910285971086,0.3333333432674408
0.7825477502622987,-0.6883094497874057,2.5232176112314213,-0.8864887998096506,-0.5344475507736206,0.2791453003883362,1.1120846058783747,-0.9351543159351301,-0.25985097766892407,-0.580904417616825,0.3801299035549164,0.3333333432674408
-0.9674179162101669,-0.3814045190811157,-0.8677658610446981,0.9348975515585269,-0.18177451193332672,0.11063144356012344,0.636069759564046,0.3259803720910313,0.5322151184082031,-0.0895003229379654,-0.46314552426338196,0.3333333432674408
-0.2791508377995686,-0.010818322181673362,-0.5335727334022522,-0.0012592053783210839,0.12809955642219145,0.28117592329091506,0.602772723354679,0.19711004652750908,-0.11336819121972613,-0.9429811193837685,-0.8847832679748535,0.3333333432674408
-1.592923311998991,0.03464672341942787,-0.3382560936001707,-0.5887720584869385,-0.7111661087368238,-0.5634239912033081,-0.7589540899690279,-1.5718104933678767,0.8058542433522754,0.04406575486063957,1.1390777826309204,0.6666666865348816
-0.6179829239845276,-1.4377996253893148,0.6895633339881897,-0.7887621521949768,-0.9069255376803294,-0.0578824058175087,-0.02281390929029964,-0.901620832377259,-0.028923334553837776,1.0103130985641797,0.3801299035549164,0.5
-0.39065036177635193,-0.37700116281510887,-0.7399840631849554,-0.7846126647575955,-0.030274631978425906,2.2206232484614863,1.551436625137097,-0.055267745969724655,-0.5473658719861434,-0.6237646341323853,-1.4482198983848116,0.3333333432674408
1.7843550970023339,-0.6785839796066284,1.1652272939682007,-0.6998776793479919,-0.07325971871614456,-1.3493306009752386,-1.673955136349189,0.563328920370647,-0.4164610435913848,1.355235482645299,-0.2944904565811157,0.6666666865348816
-0.3148728311061859,0.6565749965214629,0.6895633339881897,1.7509941609530284,1.7363538844298814,1.6191309367592208,1.5389150938201972,1.145832027789163,-1.119050750889157,-0.851592498446217,-1.4750760793685913,0.5
0.5165044404294749,-0.8568916916847229,0.21389929950237274,1.4570390541293687,-0.5344475507736206,1.933896493578576,0.7112794043965553,0.8748633211521792,-0.15362077951431274,-0.6237646341323853,-0.2944904565811157,0.5
-0.6937604546546936,-0.389847339329164,-0.4656206965446472,-0.5359960558334382,0.6540441098271895,-0.731937825679779,1.110139843269128,-0.45208633671845716,-0.15362077951431274,0.37798094749450684,-0.0398141830710633,0.5
-0.2390953153371811,-0.5002763271331787,1.69860774851988,-0.7426566824082537,-0.15464581549167633,0.7846868634223938,0.9412439369511677,-0.18174993877112677,0.35800358723824577,1.4250660787728109,-0.6679939365555656,0.5
1.9895764190023515,0.15351851284503937,0.07799530029296875,-0.7028864577090186,0.7494251168171395,-1.0127942562103271,-1.566342298871768,0.6367118321027715,-1.060772808189352,6.631142779349603,0.673593791227636,0.3333333432674408
-0.8660954845626331,-0.7974557876586914,0.28185129165649414,-0.015466457434752234,-0.2631605863571167,2.509633530571994,2.096280501528348,-0.574832504551536,0.7648657640442109,-0.8157576197647942,0.29580235481262207,0.5
0.9370774396595872,-0.5002763271331787,0.522638755784493,2.9715699089526777,-0.4554416056228151,1.1217145919799805,1.3744091279563708,2.4139613188525,-1.5083724619189338,-0.2898494303226471,-1.3681910351738311,0.5
0.7676563310566651,-0.14366096258163452,1.1652272939682007,-0.7220988273620605,0.6624909744752606,-0.3949100971221924,-1.1767161876864363,1.2849852075994816,1.8029071890033859,1.6004162912497866,-0.9842502349675055,0.45213824255902013
0.4429023563861847,-0.14366096258163452,0.28185129165649414,-0.8109833002090454,0.5291419451169355,0.019876024117669703,0.5979669841752321,0.030306158362093164,-1.0265028476715088,1.499724945711386,-0.8004556894302368,0.5
-0.08754027634859085,1.3239685929373344,-0.9567670645291685,-0.8554255366325378,-0.2902892827987671,-1.0127942562103271,0.17575109046446302,-0.40062717368354256,-1.6072666888868716,-0.951689908423585,-1.2220934629440308,0.1666666716337204
-1.0172172608220396,0.27239030599594116,-1.4913320701556398,1.651593456483185,-0.4801901578903198,0.1509635203642847,1.3250685213478504,0.8983207941055298,0.9063074588775635,0.4447639584541321,-0.631800651550293,0.5
-0.46642789244651794,-0.2625327408313751,0.4857073128223419,-0.5149676361206577,0.8731027830446413,0.5600017309188843,0.043547221517628625,-1.3226306743231995,-0.8394566774368286,-0.15628336369991302,1.5265889961623045,0.5
-0.5940928873752933,-0.2625327408313751,0.34980329871177673,-0.43554300334708335,-0.04613102599978447,0.6297324600509071,0.9355315067359029,-0.5966651850185183,0.0957741066813469,-0.0895003229379654,0.04281972348690033,0.5
0.21556980907917023,-0.46379152255784895,-0.05790869891643524,-0.5887720584869385,0.4061911671345758,-0.3387388288974762,0.3659305002526787,-0.34549258577968023,-0.4030156433582306,0.5246540304043668,-0.37881800532341003,0.5
-0.3148728311061859,-0.8568916916847229,-0.8610704216547858,1.779492606208542,-0.4521852573893907,0.2229740172624588,0.42173035938334597,1.1676012673477272,0.09629432267509508,-1.174207816002273,-1.306420922279358,0.3333333432674408
-0.03848431066394,-0.42125356387500135,0.010043300688266754,0.0806929385913801,-0.812601026762575,-0.12517552683506636,0.7205001655985667,-1.0171589317705447,-0.9537235378365524,-0.49019855260849,0.7305683687420821,0.5
-0.01176275685429573,-0.3814045190811157,-0.4656206965446472,1.6135930589412637,-0.3939872858257986,1.2901930500378926,1.6464771833017713,0.5211042027481982,-1.6112786464809927,-0.5569815635681152,-0.46314552426338196,0.3333333432674408
-0.01176275685429573,-0.24707637936716562,-0.12586070597171783,0.2361226784049488,-0.697219729423523,0.05446016043424606,-0.019509974867105484,-0.7167380146311253,-0.34066691994667053,0.17763182520866394,0.4644574522972107,0.6666666865348816
6.353549003601074,-1.5701223611831665,9.11561107635498,-0.9887523055076599,-1.2940510511398315,14.546651840209961,5.739711284637451,5.3161420822143555,4.896625518798828,9.794388771057129,3.078611373901367,0.0
-1.4048045627854449,-0.5002763271331787,-1.0292741274107045,0.9369959235638697,-0.6145275882925116,-0.22639626264572144,0.6182889934461517,-0.1346897615662669,1.3783215572955019,-0.6237646341323853,0.5209518563289671,0.5
-0.5422053933143616,-0.8568916916847229,0.2580503046355754,-0.8554255366325378,-0.2360319048166275,0.4476591646671295,0.820378344474165,-0.6591174980558511,1.8370681707442675,-0.42341551184654236,0.0034982433826007686,0.5
0.7460124492645264,0.7233328781228678,-0.4656206965446472,-0.36705838056962653,0.4467525805772707,-0.3949100971221924,-0.25234047950790983,0.676916122574698,-0.028923334553837776,0.7786791324615479,-0.2101629078388214,0.3333333432674408
-0.2390953153371811,-0.6785839796066284,-0.16393535740267967,0.8195953359731242,-0.34454667568206787,-0.15276954971948306,1.1832052614878446,0.6244673030166912,-0.7771079540252686,-0.517660981555248,-1.1805726020274698,0.6666666865348816
-0.5422053933143616,-1.0485413446776695,-0.2617647051811218,1.5448934488722972,-0.15464581549167633,1.7849543924027231,0.5817244267247038,0.6931347915168705,0.46986642479896545,-0.5569815635681152,-0.631800651550293,0.5
-0.8453154563903809,-0.024789171293377876,0.7466657142516947,0.41249403507508436,-0.37167537212371826,0.634109036865028,0.36851325137361374,-0.18303051541552162,-0.5453313028813803,-0.7641291164252536,-0.37881800532341003,0.3333333432674408
-0.39065036177635193,1.641841550817687,-1.1295952799952522,-0.06852065058931428,0.062383756041526794,-1.1251368522644043,0.7793836239372923,-0.20693122258887803,-1.0888515710830688,-0.42341551184654236,-0.8847832679748535,0.1666666716337204
-0.16331779956817627,-0.5002763271331787,-0.05790869891643524,-0.544329822063446,-0.697219729423523,0.7846868634223938,-0.07426701959132029,-1.4591036750700743,-1.0265028476715088,-0.6905476450920105,1.3062881047873194,0.5
0.29134732484817505,-0.8568916916847229,1.0446873050283978,0.19589576389124272,-0.49263258978970587,-0.05554227354324565,-0.30927071898840447,-0.508929091998695,-1.3061147640576585,-0.6905476450920105,-0.025695674337888205,0.5
0.5186799168586731,1.7853193265710372,-2.1644208431243896,-0.7887621521949768,0.6018814277127942,-1.4059932231903076,-1.6686627656277806,0.667281975159002,0.5322151184082031,-0.42341551184654236,-1.137765884399414,0.3333333432674408
-0.01176275685429573,0.38834671207579136,-0.4656206965446472,0.6540552439868251,0.47243064165165216,1.3592794174659217,2.162125424045835,0.416050769378183,-0.7771079540252686,0.1108487918972969,-0.7188055707739494,0.1666666716337204
-1.0939560436012912,0.39255362088683987,0.5536593198776245,0.7956942602422775,-0.39880406856536865,0.6723442673683167,0.6453131943611345,-0.40209392409742106,1.0430924948077067,-0.15392803687823395,0.7174400687217712,0.8333333134651184
-0.9210929870605469,-0.7974557876586914,-0.12586070597171783,-0.833204448223114,-0.7243484258651733,-0.3949100971221924,-0.48134575371710764,-1.6991433911031364,-0.7147592306137085,-0.22306638956069946,1.124875825278118,0.6666666865348816
-0.5422053933143616,0.33182618021965027,1.4531726921400256,-0.8776466846466064,0.2697351428046681,0.16680273413658142,0.9230999236851669,-0.8644226988462613,-0.7147592306137085,1.5247082793749855,-0.1258353590965271,0.5
-0.8453154563903809,-0.14366096258163452,0.07799530029296875,-0.44538483029869824,-0.7243484258651733,0.11063144356012344,-0.23940167039387814,-1.7987797548672892,-1.0265028476715088,-0.957679808139801,1.6450430154800415,0.8333333134651184
-0.08754027634859085,-0.5597122311592102,1.243735154063066,3.9038715857536737,-0.18177451193332672,1.7659976979705767,1.44154686569113,2.103105931886736,-1.0888515710830688,1.4854355713051988,-1.5205215167093518,0.3333333432674408
0.1397922784090042,1.4700712190790866,-1.8252508100765565,-0.5283360840162505,0.6169591328549608,-0.8442803621292114,-1.283948301342775,0.5584853009748314,1.0199819534876269,-0.2898494303226471,0.24091793589418523,0.3333333432674408
-0.6937604546546936,0.579096108099872,-1.769306227683692,0.4410643574467503,-0.34454667568206787,1.320239177707496,1.4983771989084549,0.3677840293391228,0.033425383269786835,0.17763182520866394,-1.137765884399414,0.3333333432674408
-0.4666390848598379,-0.28526365123997094,0.07799530029296875,-0.7921082672371801,0.9171672366475508,-0.55037812385197,0.7187136849522455,-0.6002164775780149,-0.5192075940415674,-0.22306638956069946,-0.46314552426338196,0.3333333432674408
-0.5422053933143616,-0.20309685170650482,0.07799530029296875,-0.5524602972023368,-0.5887049436569214,-0.049367040548084766,-0.3318852837978585,-1.9087354682522293,-0.9018054008483887,-0.6912375104795265,2.4830315837476076,0.6666666865348816
-0.16331779956817627,2.0006947214179327,-2.1644208431243896,-0.7443199157714844,0.1467796984629426,-1.4350826148371354,-1.8103078557819896,0.0891627177652608,1.0796858223795414,1.8592929286542528,0.4644574522972107,0.5
0.5186799168586731,-1.0764560296846097,-0.05790869891643524,-0.8776466846466064,-0.37167537212371826,-0.9016744064655369,-0.8686036160712872,-1.2360482207539947,-1.4785433642206016,-0.6237646341323853,0.8197677692861403,0.3333333432674408
-0.8453154563903809,-0.024789171293377876,-0.2617647051811218,0.9962546318124854,-0.5237778339126695,1.065543293952942,0.8705335711241781,0.09920167680794942,-0.5900617837905884,0.5783300399780273,-0.2944904565811157,0.5
0.1397922784090042,0.9677864819354992,-1.4937027096750477,-0.6998776793479919,0.5174738253049549,-0.3949100971221924,-1.3036150217367102,1.1076473736244403,0.8483970380102837,2.1990880335202063,-0.37881800532341003,0.3333333432674408
-0.9968705177307129,-0.14366096258163452,0.21389929950237274,-0.766541063785553,-0.03482183352229758,-0.3387388288974762,0.8432617774961361,-0.9397020425384806,0.0957741066813469,0.4493788187002795,0.8898776359355001,0.5
-0.6937604546546936,-0.4408404231071472,0.21389929950237274,-0.6109932065010071,-0.4801901578903198,-1.2936506271362305,-0.10068049690354454,-1.4203777859513418,-0.3703259546009316,-0.7573306560516357,1.1304772480650904,0.3333333432674408
2.070502641064582,0.2671210061811438,1.1652272939682007,-0.544329822063446,0.7380237729181409,-1.0689655542373657,-1.6159949956249284,1.5283717759700175,0.2204715460538864,0.9949769537199036,-0.8847832679748535,0.3333333432674408
0.07022441290397724,-0.6608996310457842,0.1324179921492696,1.6489347263779255,-0.39880406856536865,1.3947502953949253,0.8731071227616768,1.1039758475856447,-1.6990163844588204,-0.7541198554686328,-1.200566035595222,0.6666666865348816
1.6879683562512138,3.0036649996780116,-0.6015247106552124,-0.129773778790216,1.3778639483428834,0.11063144356012344,0.09813167461457466,1.9516698720437693,0.2204715460538864,0.45626266587224745,-1.137765884399414,0.3333333432674408
-0.3148728311061859,-1.0480774367027634,0.34980329871177673,-0.7462725017238588,-0.7786058187484741,-0.3949100971221924,-0.71777262570347,-1.696654023859209,-1.4659869144551634,0.7824004362204657,1.777631495450582,0.6666666865348816
-0.2390953153371811,1.5875278762836869,-0.5335727334022522,-0.34332136656829704,-0.6817226850160679,-0.6276111126005374,0.7276965793712425,-1.5091014445788618,0.7597688381503196,-0.42341551184654236,2.060460321024406,0.6666666865348816
-0.2390953153371811,-0.3219686448574066,0.17082334494446982,0.665692768852502,-0.21988155390733394,1.5320358943690011,1.764830800743389,0.2190117056056328,-0.6524105072021484,-0.5569815635681152,-0.46314552426338196,0.5
0.06401476263999939,-0.31340615033950736,0.4857073128223419,0.5579603400584437,-0.7243484258651733,-0.7881091237068176,0.4790302958804812,-0.5218664890469373,-0.34066691994667053,-1.0244628190994263,0.3801299035549164,0.3333333432674408
0.28084814406467806,-1.3309083290998818,0.886633248119557,-0.6776565313339233,-0.13903836016006862,0.7253020647989075,0.8456071170709526,-0.5164119251457648,-0.6165476517463102,1.1490384186926055,0.06979983871151793,0.6666666865348816
-0.46642789244651794,-0.8568916916847229,1.1652272939682007,1.108020667855448,-0.39880406856536865,0.6161730289459229,0.49849982723159053,1.003309269901934,-1.2726419582064907,-0.7573306560516357,-1.785546486806958,0.5
-0.2390953153371811,-1.094635248184204,0.6216112971305847,-0.8554255366325378,-0.8328632116317749,-0.6989564427993727,-0.3315241230777421,-1.6149074685087128,-1.9513455672576074,0.4447639584541321,1.0531305636143724,0.3333333432674408
-0.8453154563903809,0.21295440196990967,-0.05790869891643524,-0.07730916894991757,-0.6158336400985718,0.05446016043424606,0.4409414632759401,-0.8996305823387023,0.14885299576053854,-0.3566324710845947,0.5487849712371826,0.6666666865348816
2.716080264909258,-0.6785839796066284,1.1471389221455057,-0.8554255366325378,-0.1532309339066829,-0.22639626264572144,0.57149574360371,0.47890576150647585,-2.127424231307211,-1.0912458896636963,-1.137765884399414,0.3333333432674408
-0.6179829239845276,-0.6785839796066284,-0.2617647051811218,-0.05051458729831592,-0.6700910329818726,-0.45108139514923096,0.42769343434903534,-0.4080522849543959,1.781366801356198,0.9141412770664942,0.3801299035549164,0.5
-0.3148728311061859,-0.7380198836326599,-0.19381269812583923,-0.10479969225133104,-0.45306146144866943,-0.17607703203559216,0.2950094560580436,-0.3118600572219289,-0.2159694880247116,-0.5569815635681152,-0.2101629078388214,0.5
0.5186799168586731,2.4661660715010254,-2.1644208431243896,-0.6776565313339233,0.8000730311357922,-1.1813081502914429,-1.3159933891539823,0.8880683874669201,0.8086000134846358,0.9790282845497131,-0.7759398419451846,0.5
0.20459390714693199,0.03464672341942787,-0.23543709851775896,-0.6776565313339233,-0.5887049436569214,1.2746398826495584,0.7539334690390415,-1.3086342910830209,-1.622405046552904,-1.8365592615255992,1.223405361175537,0.3333333432674408
-0.39065036177635193,-0.9757634997367859,0.8254672884941101,2.9864399036673994,-0.42593276500701904,0.9532006978988647,0.35389450019806945,1.661369045190109,0.033425383269786835,-0.6237646341323853,-1.206622690102982,0.5
-0.7768444616246252,-0.7974557876586914,0.4857073128223419,0.2674400983735821,-0.4801901578903198,-0.5072526931762695,-0.03395544536603711,-0.6420967640385152,0.527658813359707,0.9739585969690324,0.6331125497817993,0.5
1.6002783857644347,-0.25322437595488656,1.5507055417859985,-0.6808755372518343,1.8898224519828417,-0.7881091237068176,-1.4804891491274785,1.0776930534351337,-1.0914372839136468,4.858717318770672,-0.6604103613780179,0.3333333432674408
-1.152516195733286,-0.7219519369479976,-0.12586070597171783,-0.9203433885879542,-0.2631605863571167,-0.0578824058175087,0.9224696349795087,-0.6761692675060882,0.7440815871312783,-0.02271728403866291,-0.3099463078404354,0.5
1.2317251595815284,1.4818066982220224,-0.9770386541850138,1.0169837793606162,0.5176392092069315,-1.0585568109544683,-1.1264157958651677,1.8551783662221146,0.0957741066813469,-0.6905476450920105,-1.0534383058547974,0.5
-0.01176275685429573,-1.0351994037628174,0.010043300688266754,1.1964007107571748,-0.6588775235770326,1.6762078661280233,1.1233302824239524,0.6317991070178297,-1.4738552871573292,0.24441486597061157,-0.37881800532341003,0.6666666865348816
-0.3704566589082774,-0.8568916916847229,-0.0753863760883127,1.1913759005610935,-0.5344475507736206,-0.6195952296257019,-0.04109203407261828,-0.18324425596532384,0.6569125652313232,-0.439546945317026,0.7174400687217712,0.5
0.29134732484817505,-0.4408404231071472,0.4600771869930408,2.0312770353949756,-0.18177451193332672,0.9204389777450449,0.44129793569411735,0.8983207941055298,-0.4030156433582306,-0.15628336369991302,1.0547502040863037,0.5
-0.6541200827161542,-0.07118583171129528,0.07799530029296875,0.6770528333200039,-0.6429623365402222,0.2791453003883362,0.179426221137052,-0.6708495133123831,0.8439587354660034,-1.0244628190994263,1.392060399055481,0.6666666865348816
-0.16331779956817627,-0.2625327408313751,-0.5760599655291171,0.021145991369934877,0.07900157610492663,-0.3949100971221924,0.5722929875991752,0.013643308016064032,-0.8621793814386185,-0.16784077869930714,-0.9691107869148254,0.5
0.5442925164383664,1.9183926174049646,-2.0892707230369507,-0.6776565313339233,0.9837135056995251,-1.4798606110050803,-1.8019711792284898,0.637789733456662,0.6569125652313232,-0.2898494303226471,-0.1258353590965271,0.5
-0.9968705177307129,-0.6191481351852417,0.07799530029296875,-0.8431377677539036,-0.7786058187484741,1.5677527764449206,0.3133501706053627,-1.65055186349555,0.6569125652313232,0.9122452139854431,1.3368226354797916,0.5
-0.6937604546546936,1.6315697142015186,-0.9641290937757422,0.6743525949579824,-0.2902892827987671,0.9532006978988647,0.17927714174021778,0.22302123601529236,-0.1336870970167785,-1.0244628190994263,-1.137765884399414,0.3333333432674408
-0.6179829239845276,1.8756399627128213,-0.6694766879081726,1.1133297085556655,-0.6429623365402222,-1.1912635010732544,0.009575146950201249,-1.0625996849183956,-0.06837027921153836,0.24441486597061157,2.639094424720882,0.6666666865348816
-2.3849306232273504,1.5187330608033454,-0.2617647051811218,-0.054282902300524016,-0.9410957872101161,-0.11405368894338608,-0.19892078729832824,-1.5594529271379731,1.0726976433984656,-1.6001075608246225,1.1623898242249504,0.5
0.4429023563861847,0.9365461041963732,0.21389929950237274,-0.8109833002090454,0.009881206250740942,0.5030871400704172,-0.3603674497317543,0.6946001695624986,0.2355510991790851,1.512772759022682,-0.7161281704902649,0.6666666865348816
1.402838166126345,0.28054445753067847,0.07799530029296875,-0.8776466846466064,-0.39880406856536865,-0.5634239912033081,1.3280423370706458,-0.17660607755206295,-0.2159694880247116,-0.8241137266159058,-0.46314552426338196,0.3333333432674408
0.9420187548648149,-0.5597122311592102,1.1224717980218295,-0.766541063785553,-0.561576247215271,-0.6757665276527405,0.450317565503253,-1.014647235730931,-1.142720179148141,0.8205236900436206,1.3699167680392552,0.5
-0.0023706719717585204,-0.2625327408313751,-0.2617647051811218,0.048427218676984164,-0.8693348387516923,-0.5228492569821619,-0.5369141151412488,-0.8760191628177597,-0.5945049677995178,0.7460146252307683,1.223405361175537,0.6666666865348816
2.634279894123674,0.09408261626958847,1.2051043028891426,1.7408508140383872,-0.5073188543319702,0.06164058285304486,0.9269034674124946,1.894525031663897,-0.6311626152585523,0.04406575486063957,-1.5281682872007056,0.3333333432674408
-0.5214713476498241,-0.6785839796066284,-0.2617647051811218,1.8712272392874072,-0.2902892827987671,0.2229740172624588,0.4987363478071501,1.1726727353281963,-0.34066691994667053,-0.0895003229379654,-1.3305863741676816,0.3333333432674408
-0.16331779956817627,-0.5597122311592102,-0.12586070597171783,0.6969511675768116,-0.697219729423523,-1.21464552994891,0.17198232884738107,-0.025435325883424287,-1.7234954908561102,0.19886127041755097,-0.8004556894302368,0.5
-0.9210929870605469,0.33182618021965027,0.058766667383008224,-0.29159958236646644,-0.7243484258651733,0.16680273413658142,-0.019509974867105484,-1.6728527638133563,0.9493375812718577,0.6414326359090508,2.7965560323196663,0.6666666865348816
0.7804733721014361,-0.6191481351852417,0.6895633339881897,-0.5351311300389464,0.6582910987499062,-0.6195952296257019,-1.054579008679137,1.3912913199847692,1.45568068083134,1.2874414460028654,-0.631800651550293,0.5
1.1377087162938084,1.529165393952569,-0.397668719291687,-0.6554354429244995,0.4897832102915484,-1.349821925163269,-1.6218907643220009,1.1729961302380882,0.46986642479896545,1.4675789241588395,-0.46314552426338196,0.5
-0.46642789244651794,-0.24636042170679118,-0.397668719291687,0.5857937200778228,-0.39880406856536865,-0.3387388288974762,0.3300590479520738,0.3604509381846699,0.7600857285577632,-0.22306638956069946,-0.8847832679748535,0.3333333432674408
-0.3148728311061859,-0.9163275957107544,0.18654491869071188,0.8739078227370616,-0.09749699468778857,0.644809416654098,1.5324029612304333,0.7226112641110729,1.3505826562889534,-0.90744752968885,-0.8847832679748535,0.3333333432674408
-0.3148728311061859,-0.7380198836326599,-0.7882262872932494,-0.4320149616629063,-0.01007007037519213,2.1909932013686397,1.3310594737376171,-0.7331195281918972,-1.3878508977349855,-0.49019855260849,-0.015294736303342757,0.5
-0.5422053933143616,-0.6191481351852417,-0.19381269812583923,0.7032934908538622,0.35026498984735044,-0.11405368894338608,-0.04981929223899682,0.881312659263805,-1.5392774460446486,-0.9891988617349736,-1.559403657913208,0.3333333432674408
-0.16331779956817627,-1.1134489346195044,0.21389929950237274,-0.7692029968745236,-0.2360319048166275,0.02616783513079063,-0.1459881938094649,-1.0594440809886296,0.033425383269786835,-0.890896737575531,0.5436046607349233,0.5
-0.9968705177307129,0.7075165802325303,-0.397668719291687,-0.4998875558376312,-0.6700910329818726,-0.22639626264572144,-0.29216661573441627,-1.0510131324980774,0.0957741066813469,0.7118961215019226,1.392060399055481,0.5
0.29134732484817505,2.706144036105622,-0.8652971931064212,-0.6554354429244995,0.7176109258378468,-0.29644987124167677,-0.5337415717273918,0.7554716774287117,2.513195629844912,-0.22306638956069946,-0.1258353590965271,0.3333333432674408
-0.39065036177635193,-0.6191481351852417,-0.04827839915216022,-0.8998677730560303,-0.4320655550125452,-0.6757665276527405,-0.7224517041208958,-1.062055949117153,0.6569125652313232,0.1108487918972969,0.6176020070213719,0.3333333432674408
-0.3148728311061859,1.0173722056506564,-0.5752175145066776,-0.8554255366325378,-0.2631605863571167,-1.0468925226831143,-0.08435830048184019,-0.4427690577773431,-0.5277130603790283,-0.6509366183157531,-0.9691107869148254,0.3333333432674408
-0.3148728311061859,-1.1873330695663582,0.4857073128223419,-0.18846787487226968,-0.42593276500701904,-0.0578824058175087,0.055530087949524756,-0.4742943695497956,1.4861761492238426,-0.02271728403866291,1.0724052298894604,0.3333333432674408
-0.3148728311061859,-0.14366096258163452,-0.4656206965446472,1.381651373626316,0.09372595481003793,0.7846868634223938,1.0393538659922457,0.6252573504735495,0.2828202545642853,-0.7476191288711427,-0.7161281704902649,0.3333333432674408
-0.09416424448175181,-1.215392795585304,0.010043300688266754,0.7509362990102766,-0.5344475507736206,-1.0298870203867647,-1.0351368683713376,0.09704880817151978,-0.028923334553837776,-1.3583780527114868,0.27721732267646576,0.5
0.1397922784090042,1.815363192925279,-0.7549692107594994,-0.5483788690387724,0.10283315512365857,-0.6757665276527405,-1.4526166321386125,0.6926073215544235,0.9686561822891235,-0.0895003229379654,-0.05974668174857138,0.3333333432674408
0.24717395384206842,-1.0351994037628174,0.6895633339881897,0.3318527763997878,0.15484236958869438,1.0555334392376696,0.5589615999110089,0.11191101159673734,-0.9641541242599487,-0.7008187027768227,-0.37881800532341003,0.5
-2.586684875063694,7.345261573791504,9.11561107635498,-0.9886584713643679,15.037424087524414,-1.6305359910761636,-1.9040257930755615,-0.8777010902363891,-3.1463592052459717,9.794388771057129,-2.1496963500976562,0.0
0.5944573879241943,1.7450533092715048,-1.2087997302974247,-0.5270965707280029,0.71366239053589,-0.731937825679779,-0.5253940506882465,0.95938052629088,0.28869813712492315,-0.6237646341323853,-0.7161281704902649,0.3333333432674408
-0.2390953153371811,-0.3814045190811157,-0.12586070597171783,-0.5887720584869385,-0.4801901578903198,0.11063144356012344,-0.0034325529089522452,-0.7852533530823261,-2.1196933305168013,-0.15628336369991302,-0.2944904565811157,0.5
1.2445433106235229,-0.20309685170650482,-0.02410475219758364,-0.09990268400480443,-0.39880406856536865,0.05446016043424606,0.3956202323810312,-0.45340678941163304,-1.460694955065804,-1.323754183631834,0.04281972348690033,0.3333333432674408
0.06401476263999939,0.09408261626958847,0.6216112971305847,0.4716775089721296,-0.9923971947958529,-0.6195952296257019,-0.21756315340718618,-0.5759884110288823,-1.172586023643133,-1.3583780527114868,0.4644574522972107,0.5
-1.224203109741211,-0.6191481351852417,1.3563482039483306,-0.6679492926656226,-0.6429623365402222,1.7929124467832682,1.2477883909994512,-1.4224967340622205,-0.27603530121347647,-0.6905476450920105,1.392060399055481,0.5
-0.3148728311061859,-0.8751924240348103,-0.4656206965446472,-0.8359118175223725,0.15446883227362124,-0.17022497951984406,-0.32238598595709594,-1.1942621870451353,-1.0573686337106463,-0.39698255963729717,0.3801299035549164,0.5
0.21556980907917023,-0.20309685170650482,1.0900904385596635,0.07598430045794631,-0.6512388279338598,-1.092925325239379,-1.4350210248419664,-0.30674741073999295,-1.5283451730721818,-1.2208543776718455,0.21147480607032776,0.3333333432674408
0.06401476263999939,-0.6490019385054835,-0.3297167122364044,-0.6776565313339233,0.10663067836527618,0.5600017309188843,1.3766605506986345,-0.24840074606785995,0.033425383269786835,-0.3566324710845947,-0.2101629078388214,0.3333333432674408
1.0126442971830176,-0.6236723058319711,0.4177553057670593,-0.32247021834500944,-0.5323037172540701,0.11063144356012344,0.5752561831591185,0.29578093425864826,-0.389537873584539,1.5489756091598323,-0.631800651550293,0.5
-1.5445931238011923,0.27239030599594116,-2.070397971621917,-0.5168865769898074,-0.42593276500701904,-1.1458226523839516,-0.5875758555629063,-1.2522618499369729,1.3307664928273688,2.1649707572282213,3.053613504653276,0.8333333134651184
-0.2390953153371811,0.4447474717813771,-0.6744779742381066,0.6425004746803209,-0.1879889579751901,0.8255950673678277,0.9697388876859986,0.15725133615425368,0.2828202545642853,-0.10415001327592423,-0.46314552426338196,0.3333333432674408
-0.3870068557352132,-0.6191481351852417,0.14594730734825134,-0.8998677730560303,-0.561576247215271,0.05446016043424606,0.17817813125496634,-1.0281952084609796,-1.151200294494629,0.4447639584541321,0.12714727222919464,0.3333333432674408
-0.2731932886758626,2.1596491570256444,0.28185129165649414,-0.6998776793479919,0.593016229667567,-0.6195952296257019,0.03438291093429017,0.3268651125320176,0.0957741066813469,0.6451131105422974,-0.8847832679748535,0.3333333432674408
-0.2390953153371811,-0.3219686448574066,1.1652272939682007,0.9250254849973193,-0.8984985969629249,0.2791453003883362,0.4747660586487217,-0.4528244848991544,-1.6567602574374583,-1.5123490367501125,1.1910869377031765,0.778418590589385
0.36712485551834106,2.283367446505208,-0.5335727334022522,-0.6554354429244995,0.595345398672653,-0.8442803621292114,-0.06732692713051786,0.7329862094878016,0.3532890370387869,-0.4825259895335008,-1.137765884399414,0.3333333432674408
-0.5197496784174155,-0.3814045190811157,-0.2636506889411625,1.1306029079400655,-0.7856093835755456,0.05446016043424606,0.009048588271259636,-0.17030862542754285,0.6055752316276789,-1.4495677217210416,0.8017675876617432,0.5
-0.46642789244651794,-0.2625327408313751,1.1652272939682007,0.4257674017669585,-0.34454667568206787,0.6208761999746671,0.3563831683113883,-1.134335249710246,-0.33769501427246623,-0.29824323863927205,1.6450430154800415,0.8333333134651184
-0.6179829239845276,1.6399895131819084,-0.397668719291687,-0.6776565313339233,-0.634346247323191,-1.349821925163269,-1.4541827664045983,-0.6505607798059544,0.15812282264232635,-0.957679808139801,0.29580235481262207,0.1666666716337204
1.2005777149928565,-0.6785839796066284,0.6580230092217743,-0.88885264814139,-0.15464581549167633,-0.0578824058175087,0.4067516178734681,-0.2482900463345734,-1.5862669507914782,-0.2044053794284209,-0.8365085180864561,0.3333333432674408
-0.6937604546546936,-0.2625327408313751,-0.17098823998827356,-0.6737592076791208,-0.2360319048166275,-0.8071658986018875,1.0229311525906704,-0.11075337295592164,1.0933536291122437,0.6451131105422974,-1.137765884399414,0.5
0.15266903272852617,0.39456423010692054,0.010043300688266754,-0.6776565313339233,0.9743255724706436,-1.2913541549190857,-1.7272911579812509,0.8983207941055298,0.4075177013874054,0.9790282845497131,-0.9551289091061522,0.5
-0.46642789244651794,-1.3267175113401015,-0.12586070597171783,-0.8512451099192204,-0.5344475507736206,1.4934536267162835,0.44406745972633055,-0.9513701771254256,-0.34066691994667053,1.2594075016562585,-0.0771585231201053,0.5
-0.2390953153371811,0.7593170729155932,-2.0156938069077666,-0.7443199157714844,0.21154970978070417,-1.4059932231903076,-1.785729807880926,-0.08051504263267652,0.029805151034950156,-0.2898494303226471,0.12714727222919464,0.3333333432674408
-0.3148728311061859,-0.6747872478643298,-0.13714561033503989,0.9098850297323137,-0.15464581549167633,0.45567878097028564,1.1290632367528959,0.8353157493051347,0.31006086515379316,-0.0895003229379654,-0.8847832679748535,0.3333333432674408
-1.2714093752706095,-0.4796098772378882,0.8254672884941101,-0.7220988273620605,-0.34454667568206787,-0.5376822364017014,-0.21224292270016717,-1.2047898873549086,1.5132378426019286,-0.004481049673417739,0.8637389351839173,0.5
-1.3714073470170463,0.09408261626958847,-0.941284716129303,-0.43251677269355465,-0.3174179792404175,0.10409213441138784,-0.21348812559427066,-1.898298137091101,0.15812282264232635,-1.4457624781300389,1.8340406397508984,0.5
0.06401476263999939,-0.024789171293377876,-0.397668719291687,-0.6109932065010071,-0.42593276500701904,0.39148786664009094,1.1043733929796904,-0.28954085115503475,0.15812282264232635,-0.1704853838195532,-0.7161281704902649,0.5
-0.3148728311061859,-1.0351994037628174,-0.12586070597171783,-0.8776466846466064,-0.7856152729614125,0.03317582149598176,-0.4295130031924395,-1.7493926863555498,-1.5338023383194632,-1.0244628190994263,1.0692991440335151,0.5
2.0732717723450818,-0.07590481447880389,1.186190200773638,-0.6554354429244995,1.3448772263622066,-1.2936506271362305,-1.5592728827293132,1.153888053549904,-0.1161005623304028,1.2502775751834088,1.223405361175537,0.6666666865348816
-0.7862161565243007,0.09408261626958847,1.3418714529252727,-0.8776466846466064,-0.2360319048166275,-1.1251368522644043,0.3593685169905203,-0.38972251299602106,0.2828202545642853,0.04406575486063957,0.04281972348690033,0.3333333432674408
-0.6246438264614755,-0.3814045190811157,-0.2617647051811218,1.6115678896239587,0.7854670028689827,0.11063144356012344,0.6421614619741383,0.6326956869722499,0.0957741066813469,-0.957679808139801,-0.7161281704902649,0.5
0.13047192756667758,-0.5002763271331787,1.9687933282488332,-0.8776466846466064,-0.07325971871614456,-0.2825675308704376,-0.16402267117011393,-0.2912394608225142,-0.7771079540252686,-0.5569815635681152,-0.8847832679748535,0.3333333432674408
0.641343133104799,-0.6785839796066284,0.9820007225147752,-0.5417111430191549,-0.2902892827987671,-1.0746211114893238,0.3088306269523491,-0.24829861524641836,-0.7771079540252686,-0.02271728403866291,-0.48763989888454606,0.3333333432674408
-0.16331779956817627,-0.4408404231071472,-0.12586070597171783,0.1451719348948073,0.45046914896068124,-0.731937825679779,0.29181106516915023,-0.38563543858987936,-0.34066691994667053,-0.03846074628793499,0.3801299035549164,0.5
-0.39065036177635193,-0.9757634997367859,0.5536593198776245,-0.766541063785553,-0.34454667568206787,-1.0689655542373657,-0.3800268906997374,-1.0605457854246394,0.035723371722886976,-0.02271728403866291,0.3261172964453296,0.3333333432674408
-0.6179829239845276,2.260958630886857,-2.1620402905056997,-0.7220988273620605,0.0468153345523136,-0.3949100971221924,-1.4158869110460528,-0.7186626296878965,2.108887586585331,0.6451131105422974,1.886556004265899,0.6666666865348816
-0.9830770298623127,0.8841197313818169,-1.5548872992932394,-0.6776565313339233,-0.03974328920552042,-1.2936506271362305,-1.6391595096281952,-0.615593254371101,1.4809598190165205,0.27228081396593834,1.4225711212058567,0.5
-0.6179829239845276,-0.5381134145908701,-0.5335727334022522,-0.4998875558376312,-0.10038841515779495,0.11063144356012344,0.9768125948649617,0.09122139761923387,0.16889112126547204,-0.3566324710845947,-1.306420922279358,0.3333333432674408
-0.13424806525883695,1.8565888614944213,-0.7068001518450086,-0.6554354429244995,0.9204588959463761,-1.1251368522644043,-0.03177453886230409,0.6114659924403927,1.5093574454760859,0.13756476900861964,-0.6402981062968868,0.13418733595576512
-0.3148728311061859,-0.09521089094220475,-0.27840608891753943,1.0825165903674896,0.06405485620033738,0.5038304328918457,1.5829676173120544,1.2582555582399118,1.3427485227584839,0.48776040704932033,-1.0534383058547974,0.3333333432674408
-0.01176275685429573,-0.9163275957107544,0.28185129165649414,-0.4998875558376312,0.7066326809043977,-0.4246677589030419,0.0661488756934303,0.25013632759238597,-1.4005951881408691,-0.8732771676112043,-1.137765884399414,0.3333333432674408
-0.16331779956817627,-0.5002763271331787,0.07799530029296875,-0.6776565313339233,-0.07583790959361543,0.11063144356012344,0.5215846612928654,-0.6720262150338746,-0.24792611720664898,1.9098099763566887,0.2657832220850999,0.5
-0.46642789244651794,-0.14366096258163452,-0.2617647051811218,-0.40257953735891316,-0.5073188543319702,-0.23870991593460686,-0.05213945966212214,-1.01143080767636,0.3691797069497935,0.3111979067325592,1.4455178601435947,0.3333333432674408
0.9900073159779789,0.27239030599594116,1.7046232134333468,-0.6776565313339233,0.7161346729014553,0.2229740172624588,-0.4301258528920564,0.859276935006962,-0.5277130603790283,1.9496365722236544,-0.176413077268766,0.5
0.5186799168586731,0.2526722791957634,-0.19381269812583923,1.7970973526920209,-0.5878932362844453,0.9532006978988647,1.1863447521063797,1.1365207462869134,0.0957741066813469,0.4447639584541321,-0.631800651550293,0.5
1.1082357004329644,1.107808604507721,-0.5335727334022522,-0.6332142949104309,0.09245477140159235,-1.237479329109192,-1.6632384150581954,0.8241697162438019,-0.4030156433582306,0.6451131105422974,-0.9691107869148254,0.3333333432674408
-0.01176275685429573,-0.3219686448574066,-0.3089511651985678,0.5294952854299259,0.03798302636305932,0.8035255821105253,1.1462294207642816,0.326306178523882,-0.5676065610554037,0.07117590540382886,-0.46314552426338196,0.3333333432674408
-0.2627497247753284,-0.8568916916847229,-0.17895677620208295,-0.27818689939741875,-0.4543288466866144,0.7957976074906468,0.6186568847932655,-1.0678949752021276,-0.34066691994667053,0.18640864420904996,1.223405361175537,0.6666666865348816
1.6050093800512737,-0.23594876881752186,1.649598157704179,-0.6776565313339233,1.5278949828885553,-0.9566229581832886,-1.6454053074903294,0.4153050064179119,-0.2783181965351105,1.9229791370029752,1.223405361175537,0.6666666865348816
-0.5422053933143616,1.5130519821681505,-0.2617647051811218,0.1383776261013377,-0.10938485987357154,-1.0162047148782998,0.4347101359585553,0.2812700167981668,1.1557023525238037,-0.02271728403866291,-0.33844444721345357,0.5
-0.9210929870605469,-0.9757634997367859,0.09118866769066862,-0.8109833002090454,-0.42593276500701904,-0.6805220773938278,-0.2779817552351854,-1.1994832965942117,-0.9641541242599487,-0.3566324710845947,-0.041507821530103683,0.6666666865348816
-0.01176275685429573,0.3936496332657635,0.34980329871177673,-0.8109833002090454,3.4133159518321525,0.05446016043424606,0.581168353514698,0.02430456047479508,-0.5208062957971619,0.24441486597061157,-1.306420922279358,0.3333333432674408
-0.6937604546546936,-0.989230745514772,0.18012514639121602,-0.833204448223114,0.23859415665183045,0.11063144356012344,0.6775392413441894,-0.9581078466301652,1.0933536291122437,0.24441486597061157,0.7174400687217712,0.3333333432674408
-1.072648048400879,-0.6688287119020033,0.8416030058584447,-0.8543617877359228,-0.7243484258651733,0.05446016043424606,-0.282295853862071,-1.7513330222587558,0.9976206371082719,-1.1580289602279663,1.655725163520088,0.3333333432674408
-1.55759892294107,-0.2625327408313751,-0.8053807020187378,1.3890973856611166,-0.12751711905002594,-0.11901372295927658,0.7158479398036478,0.34298887426953967,2.35263098290399,-0.6877170627232112,1.1155539321887127,0.5
-1.0703220275303127,-0.4408404231071472,-0.12586070597171783,0.14870623092917842,-0.3701794486992347,0.5002774752729265,-0.1922156940069013,-1.1287444898810322,-0.2648243015829417,-0.42341551184654236,1.3817943484117192,0.5
-0.39065036177635193,0.09408261626958847,-0.30520987759959695,-0.6998776793479919,-0.34454667568206787,-0.6195952296257019,0.5410492790793151,-0.4770405531714764,-0.7147592306137085,0.24441486597061157,-0.9447644865176236,0.3333333432674408
-0.3148728311061859,-0.9757634997367859,0.41648456903529185,0.11448992724032167,-0.4801901578903198,-0.0017111222259700298,-0.1845034453379955,-0.23405777658165935,0.0957741066813469,-0.2898494303226471,-0.3070663115861628,0.5
-0.6937604546546936,0.009644819550786863,-0.397668719291687,-0.225149345977177,-0.2902892827987671,-0.3198676990924688,0.4672829617163848,-0.2879158265104871,0.0957741066813469,-0.22306638956069946,-0.8004556894302368,0.3333333432674408
0.1397922784090042,-0.6785839796066284,1.0293233394622803,-0.9592767261644439,-0.2360319048166275,-0.2825675308704376,0.06564765488042242,-0.6970815110791196,-0.6524105072021484,-0.8241137266159058,-0.6422209826955751,0.5
-0.2390953153371811,1.980333736420242,-1.9975358429406094,-0.6998776793479919,0.7454572295495712,-1.349821925163269,-1.6569066184139334,0.359144672992889,0.685490726834591,-0.2898494303226471,-0.6794398939420097,0.3333333432674408
-0.71400096736859,-0.4408404231071472,0.4177553057670593,-0.6554354429244995,-0.15464581549167633,0.29265518725818646,0.2276499422324383,-0.993216791312405,-0.9641541242599487,-0.5724453246256599,-0.10666913818217869,0.3333333432674408
-0.9968705177307129,0.3945406277982907,-0.713342586594752,-0.7443199157714844,-0.5073188543319702,-0.006394918222387767,-0.24454044037611622,-0.8091996237041693,1.42218428325742,0.17763182520866394,0.9704226851463318,0.5
-0.8453154563903809,0.09408261626958847,-0.941284716129303,0.38790182076826674,-0.4801901578903198,-0.6392526632721942,-0.12072550417283154,-0.4712252136470992,-0.11548495281851692,1.3401273457168308,0.21147480607032776,0.5
0.31848354350855324,1.8289541441740624,0.6895633339881897,-0.7797162767327315,-0.3939791846100066,-0.6757665276527405,-0.45941103341477874,0.6033577381147878,0.34516897797584534,-0.0895003229379654,-0.8004556894302368,0.1666666716337204
-0.16331779956817627,0.6237613607534748,0.07799530029296875,2.2256862707637572,-0.23343067664501205,0.7744620474236859,1.6174601243625568,1.2877556628428726,-0.5277130603790283,-0.02271728403866291,-1.0534383058547974,0.3333333432674408
-0.6981821942315438,-0.9757634997367859,-0.05790869891643524,-0.6998776793479919,-0.7786058187484741,-0.6828674522573582,-0.4322499714605137,-1.4905855176123866,-0.2783181965351105,1.0882867225995716,1.6450430154800415,0.5
-0.3148728311061859,1.854757386052863,-2.137324923427227,-0.6554354429244995,0.3178609862093505,-1.1251368522644043,-1.7124782809181556,1.0237391731584953,1.1627423327639475,0.4447639584541321,-1.0395227669193077,0.371388811125666
-0.9968705177307129,0.46913346923381494,-0.4656206965446472,-0.7887621521949768,-0.45306146144866943,-0.45108139514923096,-0.4991844399637465,-0.5218181502124748,0.9686561822891235,0.4447639584541321,-0.7498565782014321,0.5
-1.2686561481481269,-0.3814045190811157,0.4177553057670593,0.12182284563295474,-0.5344475507736206,3.7129412114539972,1.4278896214161387,-0.9758714426554989,-0.2159694880247116,-0.6905476450920105,0.21147480607032776,0.5
-0.46642789244651794,-0.9163275957107544,-0.5335727334022522,-0.766541063785553,-0.4262654106327527,-0.5470798736249782,-0.1635679363257697,-0.3932746929017674,2.2343498938805313,0.6451131105422974,0.10451937426913963,0.3333333432674408
-0.01176275685429573,1.887685498482708,-1.5919079135926728,-0.742316541696516,1.317650523268813,-1.1251368522644043,-1.510439331607066,0.35929186818468484,1.2750884775781663,0.4447639584541321,-0.46314552426338196,0.5
-0.16331779956817627,-0.9163275957107544,-0.3297167122364044,-0.6521617272213481,-0.8120015008340493,-0.014969317775960219,0.030982505378418554,-0.6880070239282998,-0.028923334553837776,1.8401748869168262,0.6331125497817993,0.5
-0.6179829239845276,-0.2625327408313751,1.1652272939682007,-0.8527373671364542,-0.6429623365402222,0.2229740172624588,0.4272044387412549,-1.358086998036794,-0.30621158373487034,0.07546664412384228,1.0547502040863037,0.3333333432674408
0.9271663566637363,-0.7974557876586914,1.200638436104293,-0.12837662209562975,-0.45306146144866943,-0.8601528451551114,-0.3245709194990248,-0.04859825713562144,-0.2159694880247116,-0.23302811777172897,0.9704226851463318,0.6666666865348816
0.21556980907917023,-0.7974557876586914,0.4177553057670593,0.3423101101079661,-0.736006989684321,0.4926714533132846,0.20327573936395357,-0.5219002027430185,-0.06223063468426205,-0.22306638956069946,1.1390777826309204,0.5
-0.9348510622891769,-0.7817238574149297,1.1652272939682007,1.2447704318136004,-0.2360319048166275,0.7846868634223938,0.7412031555227719,0.18172241065464292,-1.0888515710830688,-0.3566324710845947,-0.631800651550293,0.5
-0.8453154563903809,-0.024789171293377876,-0.397668719291687,0.2391208934428181,-0.2631605863571167,-0.11405368894338608,1.7264271028768747,-0.3789543067069892,0.10701048259649025,-0.42341551184654236,-0.24170952479734154,0.3333333432674408
0.9478904143331424,-0.5597122311592102,1.3654831697181857,1.4940084104977593,-0.4991800247742283,1.4298478791887792,1.201996598313419,0.9415978618977637,-0.34066691994667053,-0.5744291627247288,-0.1258353590965271,0.5
-0.2390953153371811,-0.9202596753144726,0.6895633339881897,1.9243862292089653,-0.7136212665268272,0.05446016043424606,-0.11475944803952422,0.3991263746690143,-1.2869277194997486,-0.5569815635681152,0.21147480607032776,0.5
-1.5384400395488294,0.33182618021965027,-0.3297167122364044,0.08450452274102227,-0.6494589325738448,-0.0017111222259700298,0.06336598061602633,-0.8056990681653614,0.7906950936880255,-0.5090132179759278,0.29580235481262207,0.3333333432674408
-0.08754027634859085,-0.7380198836326599,-0.3297167122364044,3.0287030742570633,0.1372603987007167,1.5605292004293114,1.290886997416916,1.8288803885288125,0.8563901417572289,-0.5569815635681152,-1.137765884399414,0.3333333432674408
-0.8453154563903809,-0.6191481351852417,-0.12586070597171783,-0.5931238336726766,-0.9335115969907684,0.11063144356012344,-0.20691847713014788,-1.9164007771002416,-0.46536436676979065,-0.22306638956069946,2.277021113440019,0.5
-0.46642789244651794,1.7410930872559323,-2.1644208431243896,-0.6332142949104309,0.7016074558726713,-1.0873757522024186,-1.769228191896707,0.04821162647124176,1.9203276267922742,0.17763182520866394,0.6331125497817993,0.5
2.892889408824819,-0.14366096258163452,0.6884445648224573,-0.6986408601084744,0.8346002470240116,-1.2665105860067838,-1.5004552932231938,0.7500724411355938,-0.6524105072021484,0.3111979067325592,0.47477255545380626,0.5
0.21556980907917023,-0.20309685170650482,0.7585531162170861,-0.5665509104728699,-0.6158336400985718,-0.41946323279350367,0.37446509644398923,-0.37796161439266396,-0.7771079540252686,-0.890896737575531,-0.5774893432168746,0.3333333432674408
0.06401476263999939,-0.7974557876586914,2.2167922875405486,1.4135763993473567,-0.8396743386627498,-0.9895763627057598,-0.7652763026293113,0.2942205996293199,-1.0888515710830688,-0.6905476450920105,0.5447030338129522,0.3333333432674408
-0.16331779956817627,-0.20416749158481773,-0.941284716129303,-0.6109932065010071,0.8225426210279384,0.05446016043424606,0.3425532234687441,0.17717149079543784,-0.9018054008483887,-0.5569815635681152,-1.033293370182468,0.3333333432674408
-0.6937604546546936,1.5749063444490763,0.6076781187488327,1.720351109747558,0.8920866636932733,0.5600017309188843,1.4361599268040894,1.311719267752574,-1.1508937258322285,0.9122452139854431,-1.559403657913208,0.3333333432674408
0.21556980907917023,-0.5002763271331787,-0.2617647051811218,-0.8953631501064119,-0.804086212810235,-0.42413937718123024,-0.22185984708039003,-1.1915956079845473,-1.151200294494629,-1.0912458896636963,0.3801299035549164,0.3333333432674408
4.861941368460846,0.9408895540405854,1.9610470646587808,-0.5664720743397388,0.5336589464126432,-1.3598678569846916,-1.573639707302091,1.4339276468897995,-0.9570197466759566,0.4447639584541321,0.21147480607032776,0.5
-0.3148728311061859,2.3511304293121387,-2.1032263260591844,-0.6554354429244995,0.8457149428325695,0.16680273413658142,-0.8715500386467979,0.8983207941055298,2.5418368388437496,0.6451131105422974,-0.1258353590965271,0.21063337211288644
0.21556980907917023,-0.6191481351852417,-0.12586070597171783,-0.8554255366325378,-0.4801901578903198,0.7846868634223938,0.6328186621395264,-0.38644127165021697,0.05467180144268004,-0.2898494303226471,-0.4626550645063973,0.5
0.41952953686723427,-0.418653704708174,0.47026219418457016,-0.5887720584869385,0.30856836066774346,0.20354419000297186,0.9048496317679107,-1.285954076810468,-0.4942589006997004,0.13940509316883165,1.6364235954908395,0.5
-1.5487269390312675,-0.3814045190811157,-0.2617647051811218,-0.3968849700146674,-0.8674018392113957,-0.7881091237068176,-0.629720878943669,-1.6582656779587015,0.2204715460538864,-0.957679808139801,1.6450430154800415,0.5
0.1397922784090042,-0.5597122311592102,0.28185129165649414,0.8083907299538152,-0.18305823179316197,0.16680273413658142,-0.015066830686441629,-0.6244688475129018,-1.213549017906189,-0.6237646341323853,0.7388976331818006,0.5
0.5186799168586731,0.15143162133985819,-0.12586070597171783,2.233455186236336,-0.39880406856536865,0.7846868634223938,0.25722359479955387,0.7501983657861628,-0.9402886833544416,-1.2915949821472168,1.1390777826309204,0.5
-0.6937604546546936,0.7302317952205947,-0.3297167122364044,-0.766541063785553,-0.6158336400985718,-0.8442803621292114,-1.1630884599395963,-1.5984618354919569,0.41883607775221426,-0.7573306560516357,1.5607155561447144,0.5
-0.3148728311061859,0.4802451365835203,-1.8902359084216884,-0.7443199157714844,0.3836215970514842,-0.45108139514923096,1.3366686345619376,-0.30955092547543556,-0.15362077951431274,-0.49019855260849,-1.306420922279358,0.3333333432674408
-0.3522741039583458,-0.3814045190811157,0.28185129165649414,1.2317782223531606,-0.3332951836785469,-0.0578824058175087,-0.06509810911154598,-0.4297369476263808,-0.4030156433582306,0.006416898835172675,0.7174400687217712,0.5
0.1397922784090042,-1.2417337462552798,0.14594730734825134,0.2535460516706697,-0.3174179792404175,0.7915559342544852,0.6714990264415654,0.1441058116857352,-1.1181396087853062,-0.2898494303226471,-0.9691107869148254,0.6666666865348816
0.1397922784090042,-0.5039289471371114,0.0036796125183606865,0.17968136819858194,-0.6770508645453329,1.1148207677289206,2.0759176276228484,-0.11122675320166034,-0.13229126426977572,-1.0112946097607696,0.21147480607032776,0.5
2.109101229945396,0.012943266815698923,0.9050098985866873,-0.6776565313339233,0.740631683768965,-0.6195952296257019,-1.1056474427976182,1.0939567327384927,-0.46536436676979065,1.886151198221892,-0.5474730730056763,0.6666666865348816
-0.9968705177307129,0.09373258405034414,-0.19381269812583923,-0.04727250139431802,-0.42593276500701904,-0.17022497951984406,1.0965502052335379,-0.428122232547623,-0.09127205610275269,-0.2881639932670987,-0.2101629078388214,0.3333333432674408
-0.6937604546546936,-0.08422506600618362,0.28185129165649414,0.41405344716063186,-0.7243484258651733,-1.1813081502914429,-1.1682118649034021,-1.507959047379731,0.26869708092005695,-1.3583780527114868,1.9615304698411629,0.3333333432674408
2.199359531695367,2.096371361723696,0.6895633339881897,-0.6332142949104309,0.0011150331066716104,-0.8442803621292114,-0.5546241189841341,0.44833432299770043,-0.6524105072021484,-0.0895003229379654,0.8017675876617432,0.5
-0.3148728311061859,-0.5597122311592102,0.07799530029296875,0.8320664051893455,-0.8056431787501297,1.9234738064360588,0.5895856527397936,-0.23020206376237892,-0.5900617837905884,-1.236672957426924,0.21147480607032776,0.8333333134651184
-0.4457153746978372,-0.8568916916847229,0.010043300688266754,-0.08307202907930841,-0.37167537212371826,-0.033655899694816374,-0.0496867463286255,-1.1766923274855086,-0.34066691994667053,-1.0912458896636963,1.392060399055481,0.5
-0.46642789244651794,-0.5002763271331787,0.010043300688266754,-0.5570420027706426,-0.5073188543319702,0.16680273413658142,0.46873815379984374,-1.5503226838798918,0.7192612886428833,-1.1580289602279663,1.9971055000536004,0.7292204571015691
-0.8453154563903809,-0.6191481351852417,0.3726915096766635,-0.7443199157714844,9.82669208312238,2.330353235413798,1.1674474929989263,-0.31654612706008056,0.6171946558115232,-0.8241137266159058,-1.137765884399414,0.3333333432674408
0.5186799168586731,3.6665378319079287,6.187811907542279,-0.6776565313339233,0.8321362160082022,-0.440831223990793,-0.9092939542266728,0.6141085686745441,-0.028923334553837776,-0.42341551184654236,-0.1258353590965271,0.1666666716337204
0.7887612577083918,0.33182618021965027,0.6895633339881897,0.6422475288746985,-0.2360319048166275,-0.8442803621292114,1.2334262216100744,0.019909345582569342,-0.7771079540252686,-0.30295949289487284,0.8017675876617432,0.3333333432674408
-0.8127405958698303,-0.9757634997367859,1.1652272939682007,0.11343589407164911,-0.4801901578903198,1.6025253906290977,0.8033065412342152,-0.3186229061237357,1.0933536291122437,-1.0244628190994263,-0.1258353590965271,0.6666666865348816
-0.8080424777767528,0.33182618021965027,-0.25835705667210507,-0.8554255366325378,-0.6133362083377519,-0.45108139514923096,-0.4336436115769797,-2.1186073971586263,0.7816100120544434,0.10101344156577788,3.0381181933407677,0.6666666865348816
-0.6179829239845276,-0.6191481351852417,-0.6533547892763623,2.3116604361815467,0.0597433909158743,0.2791453003883362,0.6450818964510081,0.9819813795411212,-0.028923334553837776,-0.9316120117652261,-0.6766584522916077,0.5
-0.01176275685429573,-0.4408404231071472,0.07799530029296875,-0.006429314137532351,-0.9186303985897794,-1.0689655542373657,-0.19103421763030617,-0.5830290808430482,-0.46536436676979065,1.434744888038921,0.9852398625875625,0.5
-0.6179829239845276,-0.9084752186151027,-0.12586070597171783,-0.8554255366325378,-0.2631605863571167,-0.8199674090509916,-0.8328499514857207,-0.9857516501131246,-0.34066691994667053,0.1108487918972969,-0.37881800532341003,0.5
2.008983748700519,0.1547160431329019,0.34980329871177673,-0.42542444552527475,0.20638475013967414,-1.237479329109192,-1.0703007865197791,1.2425906102868287,0.4557517748804152,0.9122452139854431,0.6331125497817993,0.6666666865348816
-1.160082997162235,-0.8568916916847229,0.21389929950237274,-0.09461086505221437,-0.37167537212371826,-0.17022497951984406,-0.11327760019316824,-0.9590440852962204,0.23938351792395257,0.4839669648722587,0.5367341863581421,0.6666666865348816
-0.9210929870605469,-0.14366096258163452,-0.12047024671646876,-0.009158426751796385,-0.5887049436569214,-0.04099084697700468,-0.4989867758419772,-1.4402166619453314,-0.9137926219849933,-0.3884206744343618,2.057733070120441,0.6666666865348816
-0.16331779956817627,-0.7974557876586914,0.006300634338035627,0.278672896415985,-0.7550023874488274,0.6471106924952034,1.347593605261511,-0.521827166076774,0.5128641937891157,-0.2540028561975075,0.9704226851463318,0.5
-1.224203109741211,-0.5597122311592102,-0.12586070597171783,-0.7569950604830802,-0.6158336400985718,0.08763227784612257,-1.0096412879869345,-1.5249879286217294,0.5945638418197632,-1.1580289602279663,1.392060399055481,0.40284696665400743
1.5243366014549364,0.9463408707798969,2.564810600689161,-0.5412285942053191,10.23235377936412,-1.2138286863121432,-1.722001521972103,0.5863206278763328,0.4075177013874054,1.7010908415473707,0.29580235481262207,0.5
3.1409219778892536,0.27239030599594116,6.402130103812862,-0.38649547580001314,0.7787775330129149,-1.599272675306886,-1.8342917340759868,0.8321093453977919,-0.34066691994667053,0.004689414943770669,1.6577235989561487,0.5
0.28641494897701403,1.386927541525941,-0.5335727334022522,1.2119766665498384,0.8392251488981034,1.311289805054695,0.2555350942294178,1.3842753336265967,1.0465390448302194,0.37798094749450684,-0.2944904565811157,0.3333333432674408
-1.224203109741211,-0.7256070994684352,-0.8053807020187378,-0.6109932065010071,-0.7525107758603021,0.5604197059946063,0.8188626542021916,-1.400700558240397,0.0957741066813469,-0.3566324710845947,0.5487849712371826,0.5
-1.294685550947289,-0.024789171293377876,0.6216112971305847,-0.6109932065010071,-0.6213897961782129,1.4126849593947421,-0.2587188068631888,-1.6856631595560145,-0.5277130603790283,0.17763182520866394,1.6450430154800415,0.5
0.13366098333193568,-0.5002763271331787,0.6895633339881897,1.5392933831960187,-0.34454667568206787,0.2229740172624588,0.7027596217139873,0.9755871112787724,-0.2159694880247116,-0.9776534633847859,-1.137765884399414,0.3333333432674408
-0.7695379853248596,-0.8568916916847229,-0.6015247106552124,2.13302846584608,-0.01900232955813408,-0.0578824058175087,-0.3962919825765591,1.0872674910809164,0.34516897797584534,-1.0912458896636963,-1.2220934629440308,0.6666666865348816
-0.3551212610762568,0.9597110513754463,-0.9254172771556282,-0.7623752792670812,-0.12751711905002594,-1.4059932231903076,-1.7386279787001133,0.40165593040894343,-0.15362077951431274,0.24441486597061157,-0.7161281704902649,0.3333333432674408
-0.3148728311061859,-0.15428788873877666,2.3720738573188096,1.8212481774342848,-0.4034630041281519,1.2900109347730027,1.1872347407577184,1.2164960890598135,-0.7771079540252686,-0.22306638956069946,-1.137765884399414,0.5
-0.6179829239845276,-0.5002763271331787,2.104061908256321,1.0268217663153114,0.3172878017539252,1.9703791954138747,1.2845754445038695,0.9598028037700915,1.5378835735258483,1.8642065904153067,-1.0534383058547974,0.5
0.6702349185943604,-0.1287600268132074,-0.7603376817127566,-0.8554255366325378,-0.2818892079928588,-0.6325459882945299,0.40364137998541766,-0.7721901439908848,-1.8207931833764086,-1.1580289602279663,-0.8004556894302368,0.3333333432674408
-0.5422053933143616,-0.024789171293377876,0.21389929950237274,-0.7220988273620605,1.6070947247819933,-1.1251368522644043,-1.6689692074853129,0.29601670343337905,-0.001971961827165261,1.9678075622482705,-0.5474730730056763,0.3333333432674408
0.21556980907917023,-0.8572057647558422,-0.2617647051811218,-0.07038032385148538,-0.07325971871614456,0.8471669854400846,1.2115218785668982,0.49437405897858344,1.1557023525238037,-0.890896737575531,-1.1401909681711833,0.3333333432674408
-0.16331779956817627,0.33182618021965027,-0.4656206965446472,-0.7220988273620605,1.227546233239932,-1.0689655542373657,-1.0461793618801938,0.7289764948656253,0.8439587354660034,-0.42341551184654236,-0.9691107869148254,0.3333333432674408
-1.6560282386783218,1.4991551241860035,-1.6300955181524541,-0.6109932065010071,0.679723802957366,-0.7881091237068176,-1.6298793102705758,-0.14165248909155684,4.364135918042349,0.4447639584541321,1.8576768926130278,0.5
-0.39065036177635193,-0.024789171293377876,-0.8042632933282562,-0.5285339977759632,-0.5073188543319702,0.7866087235631488,1.0160285381340304,-1.051317033474317,-0.2783181965351105,-0.9672753227259143,0.6331125497817993,0.5
-0.08754027634859085,-0.9757634997367859,0.029428049741398767,-0.7443199157714844,-0.45306146144866943,1.1217145919799805,1.313866244313611,-0.9079332222911821,0.7606440032394941,0.37798094749450684,0.7142796031045783,0.8333333134651184
1.0620314213158106,0.09408261626958847,0.34980329871177673,-0.7220988273620605,0.5778290033340454,-1.278631984191171,-1.5089341245786592,1.186580398275426,-0.3911166004032938,-0.7107041305557985,-1.306420922279358,0.3333333432674408
-0.2871346700680573,-0.14366096258163452,0.010043300688266754,1.1877539409875044,-0.2360319048166275,1.6614918718978948,1.5382350536778642,0.9181319038577216,-0.7632328534615618,-0.3566324710845947,-0.8847832679748535,0.5540915869428579
-0.39065036177635193,-0.3814045190811157,-0.12586070597171783,1.7622042118726822,-0.2360319048166275,0.33531656861305237,1.0017401897984166,1.1560448040522284,-0.2159694880247116,-0.22306638956069946,-1.137765884399414,0.3333333432674408
-0.08754027634859085,2.1736533155736972,-2.034197551135503,-0.6109932065010071,0.829568431100525,-0.7762625833141772,-0.8676490027626539,0.6892069333403421,1.6460125544626558,0.3111979067325592,0.12714727222919464,0.3333333432674408
6.353549003601074,-1.5701223611831665,9.11561107635498,-0.9887523055076599,-1.2940510511398315,14.546651840209961,5.739711284637451,5.3161420822143555,4.896625518798828,9.794388771057129,3.078611373901367,0.0
-0.5266445783885906,1.4116471607145704,-0.5335727334022522,-0.6554354429244995,1.108430736793874,-0.9788626760449205,-1.6297468235678432,0.8983207941055298,2.6918326052159545,0.4023147857351105,-0.8004556894302368,0.1666666716337204
-0.01176275685429573,0.5280565011589795,-0.4120780654894381,0.531097531261983,-0.5073188543319702,0.39148786664009094,-0.008692866061945127,-1.0381144699430054,-0.5277130603790283,-0.0895003229379654,2.019290539568322,0.8333333134651184
-0.16331779956817627,-0.9757634997367859,0.6895633339881897,-0.18292929364305408,-0.9573349677325619,1.0422431320550503,-0.051549850823922494,-1.0625325280359201,-2.09270442876119,-0.890896737575531,1.223405361175537,0.5
0.6702349185943604,0.09408261626958847,0.010043300688266754,0.3517709228013733,-0.18177451193332672,0.8868053917540812,1.1080889824082016,0.7557639325103214,-0.6527745714542121,-0.3566324710845947,-1.2220934629440308,0.3333333432674408
1.6930185433524874,0.33182618021965027,1.1156830092267387,-0.6554354429244995,0.6743957626856041,-1.0229562574294753,-1.5727203999825272,0.8983207941055298,-0.4030156433582306,0.4808711649278165,0.6331125497817993,0.6666666865348816
-0.16331779956817627,-0.8568916916847229,1.1652272939682007,-0.39029086274054064,-0.15464581549167633,0.8593045485702983,1.5435893107402294,0.423118123943149,2.2588702818718276,0.6451131105422974,-0.2101629078388214,0.5
-0.21612921808187746,-1.0198455776668796,-0.4874734878594468,-0.8554255366325378,-0.5887049436569214,-1.1251368522644043,-0.48769109422468904,-0.7849236122997058,-0.6524105072021484,0.8561317037123757,0.12714727222919464,0.5
-0.46642789244651794,-0.6785839796066284,0.28185129165649414,-0.5887720584869385,-0.15464581549167633,0.061419221868470514,0.9168052883742864,-0.7230503511894392,0.6215433543190905,-0.0895003229379654,0.3801299035549164,0.5
-0.39065036177635193,-0.5597122311592102,-1.2657592592964337,0.7729790472225051,-0.34454667568206787,-0.11405368894338608,1.161442877119664,0.7783657480496746,-0.5900617837905884,-0.7573306560516357,-1.677098318959879,0.3333333432674408
-0.24403139487604122,0.0007962855853153872,-0.2617647051811218,0.6594038902180338,-0.5073188543319702,1.9468718907029559,0.8799067445111484,-0.5230083272932216,-0.4051170650303724,-1.7245550389486228,0.7202483798194123,0.5
-0.16331779956817627,-0.3219686448574066,-0.397668719291687,-0.8554255366325378,-0.29047455009814627,-0.12912933458118456,0.42446269949728055,-0.7210626072060683,-0.34066691994667053,-1.098407530492236,-0.1258353590965271,0.3333333432674408
0.5186799168586731,-0.9163275957107544,0.14594730734825134,2.2920885295659508,-0.12751711905002594,2.674217373148785,1.241035559152379,1.5258876542924065,0.46986642479896545,-0.6905476450920105,0.09960108562323702,0.5
-0.6179829239845276,-0.5597122311592102,0.35999838938101836,-0.33063956097579433,0.2558993558229453,-0.3949100971221924,0.14931902131746633,-1.4317291178261573,-0.8057123018718688,0.8661408299894165,1.6021272760926601,0.5
0.21556980907917023,0.8696521517575343,-1.6563479855569732,0.3311386408179953,0.4008773218522364,-0.25695986391444964,-0.7562231317580892,0.8181767755487401,-0.15362077951431274,-0.02271728403866291,-0.8847832679748535,0.3333333432674408
-0.018205965004116614,0.15351851284503937,0.8254672884941101,1.4965227192727306,0.9088769897462508,0.2791453003883362,0.7067341113430425,0.6952797612301442,-1.6792302336247444,-0.5569815635681152,-0.8281122017702888,0.5
0.5944573879241943,-0.20309685170650482,0.7350010475078106,1.2578360805427558,-0.3235035041464919,0.39148786664009094,0.6331442827470639,1.1691272270858926,0.5430024271839327,-1.2915949821472168,-1.137765884399414,0.6666666865348816
0.6702349185943604,-0.18326820326985158,1.0293233394622803,-0.05868131355581914,-0.8077395544400486,0.7846868634223938,0.29265003010510554,-1.141399847442723,-0.9641541242599487,-1.9256026818492777,1.603057858933967,0.5
1.8403543076852746,-0.08422506600618362,1.1335307732971924,-0.6998776793479919,-0.05573310283933283,-0.6252771875444071,0.5603381887644163,-0.0005440304582081945,-0.7771079540252686,-0.2898494303226471,0.3801299035549164,0.3333333432674408
2.7618147682260994,0.27239030599594116,0.8934193253517151,0.3636275873169263,1.5433640446208872,-1.4059932231903076,-0.4614802698166434,2.605259242482804,0.0957741066813469,1.2068309044833,0.04281972348690033,0.3333333432674408
0.1397922784090042,-0.6788945811216828,0.28185129165649414,-0.7443199157714844,-0.45306146144866943,0.05446016043424606,0.47068198028297553,-0.21741663668991767,0.033425383269786835,-0.42341551184654236,-0.45805754378577224,0.5
1.4074626391797727,0.6683449359668763,0.010043300688266754,-0.28267480283335655,0.8860190580286488,-0.45108139514923096,-0.8797198380760214,1.0040243718822022,0.9687802133968955,1.4752790854763778,0.8017675876617432,0.6666666865348816
0.1397922784090042,-0.4408404231071472,0.21389929950237274,-0.7443199157714844,-0.5101314422871182,-1.325115182193146,-1.7600963290378913,-0.9301664005600311,-0.5277130603790283,0.4447639584541321,1.1672566387337697,0.5
-0.46642789244651794,-0.4408404231071472,-0.608527807314153,0.15394669038623027,-0.2360319048166275,1.289398733147068,1.4905710088236181,-0.023497116617050784,-0.5900617837905884,-0.49019855260849,-0.8004556894302368,0.5
0.5906147310431183,-0.3219686448574066,-0.05790869891643524,-0.8776466846466064,-0.24945237347539997,1.2316143177793861,1.1228019231252646,0.09114425031881052,0.5322151184082031,0.4447639584541321,-1.137765884399414,0.3333333432674408
2.31086404364716,-0.10568970266064434,-0.05790869891643524,-0.6998776793479919,0.8244423939564234,-1.0127942562103271,-1.4245813341463875,1.6473126431364662,0.2828202545642853,3.489738551612433,-1.137765884399414,0.5
1.154570707165187,-0.20309685170650482,-0.2617647051811218,0.8116294288938688,-0.5969354413704615,0.2791453003883362,0.2732193114147943,0.30665426078051117,-2.1464900730498315,-0.2898494303226471,-0.1258353590965271,0.3333333432674408
0.06401476263999939,-0.6191481351852417,0.010043300688266754,-0.07669408433721094,-0.885621324302515,-1.2597484225428204,-0.5391977430103583,-0.9292296073242755,-0.15362077951431274,-0.49019855260849,1.1390777826309204,0.3333333432674408
-0.3148728311061859,-0.3814045190811157,0.14594730734825134,-0.4307854324740314,-0.15464581549167633,0.9535272050912725,1.4089239179101742,-0.5188530436875164,-0.15362077951431274,0.24441486597061157,0.5487849712371826,0.3333333432674408
-0.3148728311061859,1.3839512288330627,-2.152192860942359,-0.6554354429244995,0.5261119366395355,-1.1251368522644043,-1.722400047640207,-0.29273603762096334,1.3427485227584839,-0.15628336369991302,0.6331125497817993,0.5
-0.6937604546546936,1.423671118708636,-0.3297167122364044,0.29392037162627616,-0.18364133539024227,-0.6543618583444833,-1.1440908341572134,-1.6721522609097843,-0.06333056227014176,-0.6237646341323853,2.2933215964889855,0.5
-0.5443342012832836,-1.0351994037628174,0.21389929950237274,0.75353131417653,-0.6158336400985718,-0.8442803621292114,-0.7761389749274573,0.26446672805750016,-0.7659444300410222,0.18063599047411963,-0.865070590195631,0.6666666865348816
-0.3862929116813883,-0.8568916916847229,-0.2617647051811218,0.10948639502724997,-0.8507319098873004,0.2977297202609109,0.062955751292456,-1.2003781286274087,-0.09127205610275269,-1.1580289602279663,1.4410084526664129,0.5
1.0589811682560037,2.9397226123508875,-0.6064395500919177,-0.6546654918426077,0.24239074492958423,-0.5072526931762695,-1.1319144326397084,0.6899740096136833,0.46986642479896545,-0.49019855260849,-0.37881800532341003,0.1666666716337204
-0.2390953153371811,-1.0547658843470675,0.9774394069294395,-0.9332427133021112,-0.2902892827987671,-1.2792971326569769,-0.2838884681820816,-1.1009270360042764,-0.2159694880247116,-0.8241137266159058,0.5487849712371826,0.5
2.376027232189413,-0.06849138650169484,2.6323134649071234,0.5305203828585756,0.7534833727918757,-1.4059932231903076,-1.7251631196583441,1.733688240348712,0.7192612886428833,0.6451131105422974,1.7978437341302593,0.6666666865348816
-0.6179829239845276,-0.14366096258163452,-0.05631484725139819,1.242521712367011,-0.10038841515779495,1.2746918575306505,1.6983636459026148,0.9563757826339773,-0.8403021002548678,-1.3583780527114868,-1.4893071496061845,0.3333333432674408
-0.6179829239845276,-0.4408404231071472,1.0293233394622803,-0.8799644049556117,-0.37167537212371826,0.04208670141726288,-0.09376359463644189,-0.5407142639775347,-0.15362077951431274,-0.4196462614680939,-0.8847832679748535,0.5
-0.5556497498828434,-0.2625327408313751,-0.08030579359143789,-0.8109833002090454,-0.34454667568206787,0.39148786664009094,-0.04028996385136589,-1.4586732377192115,-0.34066691994667053,-0.6237646341323853,1.1390777826309204,0.3333333432674408
-0.08754027634859085,-0.9757634997367859,0.2655022682845467,-0.6554354429244995,-0.7243484258651733,-0.9566229581832886,-0.2246986082534694,-1.4678686777098404,-1.6011225215097307,1.2754366697867914,1.303332313010236,0.5
-0.6937604546546936,-0.3814045190811157,-0.5335727334022522,-0.9293998918267357,-0.45306146144866943,-0.927822548068591,0.19689301567494213,-0.48234023539708804,-0.46536436676979065,-0.22306638956069946,-1.074808455753858,0.3333333432674408
-0.3148728311061859,-0.7199203126653043,0.16871563586051908,0.5805074562497182,-0.39880406856536865,1.6286925323395314,0.40296552706397537,-0.19787718382121938,-1.5453167907688308,-0.420036395630794,-0.46314552426338196,0.5
0.9131597370378529,1.4297014479609504,1.1407573424878599,-0.7220988273620605,0.5949188518308122,-0.0578824058175087,-0.527118359950075,1.1660965196960835,0.8439587354660034,0.6016405306546232,-1.5346871366481862,0.3333333432674408
-0.6817312969039778,-0.024789171293377876,-0.5335727334022522,2.675030345082648,-0.10038841515779495,1.1217145919799805,4.319727173146454,1.6900951943424685,0.9686561822891235,0.6300146443093038,-0.9691107869148254,0.3333333432674408
0.1397922784090042,-1.213507056236267,0.6216112971305847,-0.8109833002090454,-0.2902892827987671,0.5038304328918457,0.5057359380278821,-0.49798300490948094,-0.09127205610275269,1.3474052558124068,0.3801299035549164,0.6666666865348816
0.5186799168586731,-0.7974557876586914,-0.12586070597171783,-0.7959162389925089,0.8437684463371863,-1.349821925163269,-1.4744317266455342,-0.3123808698526515,0.2828202545642853,0.0809750509156532,0.6618355299308647,0.5
0.21556980907917023,-0.5002763271331787,0.010043300688266754,-0.8334850939480947,-0.6158336400985718,0.16680273413658142,0.018135355885510903,-1.4697255796478126,-0.9018054008483887,-1.0912458896636963,1.392060399055481,0.3333333432674408
4.662954627916205,0.7979904328669467,2.5500961513339924,-0.09533049347325835,0.7852739820256159,-0.895032698183226,-1.6054812814675135,1.4145794292621316,-0.34066691994667053,0.7278204148778117,0.3801299035549164,0.7617628000768899
-0.01176275685429573,-0.6785839796066284,0.5536593198776245,2.110299996619082,-0.18177451193332672,2.082522278405253,1.8830464998727683,1.033216118812561,-0.9018054008483887,0.2521158533666181,-0.9691107869148254,0.5
-0.2143620002695761,-0.3814045190811157,1.766078316197441,1.2331181559577653,-0.5416447437771178,0.7846868634223938,0.9451370711411811,0.7026101735241841,-0.7771079540252686,0.11661119151185324,-0.8004556894302368,0.5
0.6702349185943604,0.8564690867696401,-0.4656206965446472,-0.6332142949104309,1.2070453245038366,-1.237479329109192,-0.4145273543256533,0.3122106265184961,-1.2183030462985187,6.821224371959373,0.21147480607032776,0.3333333432674408
-0.8947912242396696,-0.20309685170650482,0.48180162551787453,0.6950089434523499,-0.5282551603416643,0.11063144356012344,0.13566639844957804,0.02235811387884002,-0.7147592306137085,0.10879321062472738,-0.2944904565811157,0.5
-1.2416471403433655,-0.5597122311592102,-1.2645108751011032,1.7921835812559865,0.3074754675902677,-0.90045166015625,-0.4593812310320947,0.939865654835862,1.7931652588801823,-0.957679808139801,-0.8847832679748535,0.3333333432674408
0.36712485551834106,-0.5597122311592102,-0.05790869891643524,2.0191802684601265,-0.5344475507736206,0.228442501068031,0.822806479933015,1.1627706474706634,-1.6260149376372088,-0.7493225007111158,-0.9691107869148254,0.5
-0.6487241312644781,-1.213507056236267,0.2964703063361086,-0.7848272297381511,-0.5063722313133813,0.4033425005800571,-0.05374664568862582,-1.135055594326204,0.2828202545642853,1.2960253641341388,0.04281972348690033,0.6666666865348816
3.473210362528778,1.4311951158715368,1.6150092255992348,-0.3151436281497344,0.7467734597772953,-1.0988267147984188,-1.2655393005061317,1.9204133665352858,-0.7771079540252686,1.7144676643310521,-0.46314552426338196,0.3678886051671623
-0.9210929870605469,1.125589554687102,-0.5335727334022522,-0.5959543692895249,-0.48030093900892895,-0.8612706851021676,0.054103234312930036,-0.6183448505860459,1.1189918228002491,-0.611612419699247,-0.1258353590965271,0.4425378042593452
-0.16331779956817627,-0.4408404231071472,-0.6775419941558936,-0.5887720584869385,0.6194805572634616,-1.1031979017113527,-1.5640072433039351,0.3535194192736882,0.0957741066813469,-0.49019855260849,-0.8004556894302368,0.3333333432674408
-0.39065036177635193,-0.8568916916847229,0.010043300688266754,-0.6332142949104309,-0.7108534994728696,-0.8442803621292114,0.015645967405940552,-1.4453201041852999,0.8439587354660034,-0.7573306560516357,1.7209969625304307,0.6666666865348816
-0.16745480601950286,-0.8825250601185722,0.8254672884941101,-0.8998677730560303,-0.2588938273951095,-0.637228463981641,-0.5997914062455056,-1.8174170698567398,-0.15362077951431274,-1.3617212413866695,2.1023784985066403,0.5
0.4429023563861847,-0.8568916916847229,0.4177553057670593,2.63600033630545,-0.2907425945427717,1.7009941306865028,1.3364357480358917,1.7335120764848566,-1.1545509894171095,-0.3566324710845947,-1.0534383058547974,0.5
0.06401476263999939,-0.5002763271331787,-0.19381269812583923,2.375611481577064,-0.6158336400985718,2.1081378087763323,1.5172370906828936,1.268813517632406,-0.34066691994667053,-0.0895003229379654,-0.2101629078388214,0.6666666865348816
-0.8994375545667559,0.23218560591758453,-0.12586070597171783,-0.5665509104728699,-0.6331627771532637,-0.3949100971221924,0.4373059660438675,-0.36162809746950225,0.7192612886428833,0.7118961215019226,0.5203116215423694,0.36641197882475984
3.3027853530209206,-0.024789171293377876,0.5536593198776245,-0.6332142949104309,0.6871090908007821,-1.387010382258677,-1.818488994675715,1.1680648636570958,-0.028923334553837776,0.2242843408908505,0.21147480607032776,0.5
1.5570637889912613,-0.4408404231071472,0.4418262880018691,-0.6776565313339233,0.5779205054480121,-0.13967231183840534,-1.387821766203207,0.28503773411741795,0.42716246271609154,2.2514562013009294,1.0547502040863037,0.545064356717696
-1.5002652487444699,0.24600863695797962,-2.1180639475539174,-0.6776565313339233,-0.6465517149147808,-1.0750623189857758,-0.25412382736183037,-2.448125408695645,0.4075177013874054,2.20754616173302,3.077199018171635,0.6666666865348816
0.7460124492645264,0.5965000693412705,-0.79961395241784,-0.6776565313339233,1.0087898865791425,-0.22639626264572144,-0.6994805807056843,0.8983207941055298,0.8503036792313676,0.37798094749450684,-1.0534383058547974,0.3333333432674408
-0.6433750059393059,0.8476332153207251,-0.397668719291687,-0.6998776793479919,0.5778290033340454,-1.0762536222083197,-1.5662198368349352,0.3850792466200273,1.6282791511154417,0.4447639584541321,0.2833023048960529,0.3333333432674408
-1.3999640740093244,0.4244185351846448,-1.49442685274113,-0.7443199157714844,-0.10928099149244472,1.8531948361833421,1.2335115397153817,-1.0004282277151622,1.490643306575416,0.4447639584541321,0.3801299035549164,0.3333333432674408
-0.3148728311061859,-0.024789171293377876,-1.451830054957357,-0.43123428463688285,-0.07717553956508087,-0.4276534451385207,0.19727059291755178,0.17456839995646065,-0.09127205610275269,-0.15628336369991302,-1.137765884399414,0.3333333432674408
-0.39065036177635193,0.022827036026994634,-0.5335727334022522,0.4224241171328759,-0.2799738472891985,-0.2825675308704376,0.050431747681710326,0.30368099434149115,-0.3219766054599115,-0.8766197789586144,-0.9691107869148254,0.3333333432674408
0.1397922784090042,1.9236893292343333,-2.1294069901278396,-0.6109932065010071,0.8386128489895515,-0.31097599916510915,-1.1627822692477263,0.6650213523301676,1.0079987125865142,0.5714462730695045,0.21147480607032776,0.3333333432674408
-0.7695379853248596,0.6004691196669901,-1.885513333926681,-0.1198427057311307,0.3416938233553922,-0.45108139514923096,-0.6924395842049834,0.3263689385889502,-0.028923334553837776,-1.1342744220396899,-1.4750760793685913,0.3333333432674408
-0.2390953153371811,-0.8568916916847229,0.28185129165649414,1.212652582942399,0.29551878889039007,0.8049240210058856,0.7075740824956743,0.14258372273483821,-0.9018054008483887,-1.150987429687765,-0.23989935633512965,0.3333333432674408
-0.9210929870605469,-0.20309685170650482,0.6895633339881897,1.8098645685198835,-0.2089032083749771,-0.3949100971221924,0.10233471333925771,1.1475891191551122,1.724115282798153,-0.02271728403866291,-0.7961249657658933,0.5
0.21556980907917023,1.845964690366659,-2.1644208431243896,-0.766541063785553,0.39637916768365766,0.11063144356012344,-1.3844268038535297,0.27223632474816845,1.2160474230505756,0.04406575486063957,-0.1258353590965271,0.3333333432674408
1.1870361230721127,-0.6785839796066284,0.8934193253517151,-0.8776466846466064,-0.10038841515779495,-1.349821925163269,0.3847272631791748,0.04026326635475046,-0.6524105072021484,0.17763182520866394,-0.41372060003728156,0.3333333432674408
-0.08754027634859085,-0.6191481351852417,0.14594730734825134,-0.5345184874683133,-0.4948479248596393,-0.731937825679779,-0.3104167791108691,-0.08151250071123799,-0.9635509011106892,-0.7573306560516357,-0.8847832679748535,0.5
-0.5422053933143616,-1.0351994037628174,-0.4656206965446472,0.1912067457705134,-0.19534473904959165,1.065543293952942,0.5939397185652817,-0.41014008351205783,-0.2783181965351105,-0.9502545255864983,-0.2101629078388214,0.5
1.6985037278440835,-0.08616393455694296,1.1652272939682007,-0.6332142949104309,1.3622777632142449,-0.7254699554460462,-1.2593697373925818,0.15988506866072233,-0.4030156433582306,0.9790282845497131,0.767448586869266,0.3333333432674408
-0.39065036177635193,0.9393710570152274,0.010043300688266754,-0.7220988273620605,0.49518020538929053,1.1581410300200001,1.6920877236287302,-0.319965347922983,-0.028923334553837776,0.7640843498097818,-0.8847832679748535,0.1666666716337204
-0.3148728311061859,-0.09757713257800998,0.14594730734825134,-0.6691750388139684,-0.2902892827987671,-0.45108139514923096,-0.37032743136788365,-0.5460901080708974,1.82311971557137,1.2130566462695078,1.075702159436265,0.7269398720398855
1.7339692093715968,-0.14366096258163452,0.4857073128223419,-0.6212088334276386,0.9034128536266144,-0.8090708455736291,-0.7401081092031341,1.8327855991024782,1.281562014293525,1.687256776797219,-0.6573183410040792,0.5
0.06401476263999939,-0.11727319798112029,-0.5085065778552216,0.7226194527170221,-0.2089032083749771,-0.0578824058175087,0.234376066585102,0.32855741714496073,-1.5337660230348749,0.06354328541910469,-0.8847832679748535,0.3333333432674408
-0.01176275685429573,-0.4408404231071472,1.954499784418246,1.0476061255583076,-0.3174179792404175,1.6283016514421247,0.8726068196101349,0.9367950539101898,-0.7147592306137085,-0.7573306560516357,-1.4750760793685913,0.3333333432674408
-1.2487602092588217,-0.2625327408313751,-0.2617647051811218,-0.03932476584739669,-0.6354452177087644,0.048983321192597996,-0.32752110843713433,-1.7846646752085358,-0.19676511781673983,-1.0912458896636963,1.7298856912264031,0.5
-0.9210929870605469,-0.7974557876586914,0.07799530029296875,-0.8554255366325378,-0.27355947365527367,-0.3387388288974762,0.09982583606366525,-1.1209500065385172,-0.15362077951431274,0.04406575486063957,0.21147480607032776,0.5
0.8467984674131583,-0.20309685170650482,0.4177553057670593,1.4538119650642634,-0.6158336400985718,0.008218539035900588,0.7418189386673392,0.6872135642141312,-0.6524105072021484,-0.42341551184654236,0.5342561913066994,0.5
-0.9968705177307129,-1.0351994037628174,-0.12586070597171783,0.5288232918922119,-0.2631605863571167,0.6064326294315852,-0.17023752395510483,-0.5561191765099562,0.9686561822891235,-0.28354044640731424,0.40767034133142566,0.3333333432674408
-0.5422053933143616,-0.6785839796066284,-0.4656206965446472,1.0962129506788623,-0.9616238767301155,-0.22639626264572144,-0.05907452115895041,0.20343138059059818,0.17484504113235305,-1.0244628190994263,-0.2101629078388214,0.6666666865348816
0.10088753917350737,-0.5597122311592102,0.654086182642316,1.4753567341635538,-0.2631605863571167,1.9750508973210341,1.0034766916518225,0.6789890792841576,-0.028923334553837776,-0.748891794134509,-0.24550638508897646,0.3333333432674408
-0.04092492314972944,-0.5002763271331787,-0.2629946206079543,2.3122316674436747,-0.39880406856536865,1.439495587340853,1.7337667953690004,1.5905318182807808,0.29359244164822607,-0.21973415361649287,-0.9275714934272462,0.5
-2.58819842338562,7.345261573791504,-2.1644208431243896,-0.9887523055076599,-1.2940510511398315,-1.630678415298462,-1.9040257930755615,-2.504413366317749,4.896625518798828,-2.092991352081299,3.078611373901367,0.0
-0.7695379853248596,-0.3814045190811157,-0.6015247106552124,1.6150347549074537,-0.36668752780321656,0.33531656861305237,1.168530457530698,0.9557370273448527,1.062086090897171,-0.5569815635681152,-0.8847832679748535,0.3333333432674408
-0.021138164776957805,-0.9163275957107544,0.8254672884941101,-0.7220988273620605,-0.37167537212371826,-0.8442803621292114,-0.771256567662006,-1.284859961038852,-0.2783181965351105,-0.9199833288927396,1.0547502040863037,0.5
5.859505924310682,0.9849277127372562,1.933829014011212,-0.044942195519530825,1.6073589480183295,-0.7315327252254931,-1.4782934191976684,4.978114707486883,0.07347484631885254,1.3994125540346618,0.3801299035549164,0.5
0.5944573879241943,-0.27222879224750574,0.5536593198776245,-0.5754083996261464,-0.03443176548875408,-1.4059932231903076,-1.878116282043816,0.14005055084508083,0.7192612886428833,0.5115470290184021,1.6450430154800415,0.5
-1.3355197376835801,-0.8568916916847229,0.010043300688266754,-0.9553655416789761,-0.7352730497568244,-0.9924199405136258,-1.4246719350417565,-2.2876916429042184,0.03928975020253091,-1.4579995324634738,1.6037734009533058,0.5
-0.6179829239845276,1.1684894032178232,0.3056747515157116,0.23465827279982748,-0.45306146144866943,0.6723442673683167,0.4814184100123914,-1.5533198177574603,0.9686561822891235,-0.5569815635681152,2.1615666401463596,0.8333333134651184
-0.6937604546546936,0.33182618021965027,0.07799530029296875,-0.8554255366325378,-0.7243484258651733,0.11063144356012344,0.7939884190252858,-0.9190872591037638,-0.4030156433582306,0.17763182520866394,0.2697553619335402,0.5
0.9898882477229661,-0.5049243772812468,0.28185129165649414,-0.8149849073826418,-0.42593276500701904,-0.5636141947273575,-0.4104993815631264,-1.6460144173483553,-1.6531318430351487,-0.02271728403866291,1.6450430154800415,0.3333333432674408
1.0514265931368847,2.7385782295143994,-1.7856429038353532,-0.6776565313339233,0.7028833501729222,-1.2936506271362305,-1.3933469665775053,1.033216118812561,0.34516897797584534,0.9222128774772709,-0.35063858824817085,0.3333333432674408
-0.3148728311061859,-0.5597122311592102,0.07799530029296875,1.790122948297646,-0.2360319048166275,1.4162620507759642,1.4252423267684653,0.8341884667982321,-0.4030156433582306,-0.42099789675282984,-0.8004556894302368,0.5
1.961258720567288,0.9225395635129078,2.1936154465000977,-0.5525677363416625,12.951868298319967,0.33531656861305237,0.02253996493771833,1.242404108360195,-0.5277130603790283,1.976132768144123,-1.2220934629440308,0.3333333432674408
0.010792814288213142,1.3677801889037415,-0.2617647051811218,-0.766541063785553,0.8174077764343547,-0.3106707574780537,-0.019509974867105484,0.5747705353264501,0.6569125652313232,0.17763182520866394,-0.8847832679748535,0.5
-0.46642789244651794,-0.8538002615527642,0.6895633339881897,-0.8872231765044863,-0.4522347390181652,-0.33089052398140006,0.8884868341418672,-0.9629698001485753,-0.2159694880247116,-0.2898494303226471,0.21147480607032776,0.5
-0.9210929870605469,-0.5018089766974891,-0.3297167122364044,-0.6998776793479919,-0.42593276500701904,0.832615281048162,0.5729042230993253,-0.9655994753340563,0.09257411494799217,-0.890896737575531,-0.041507821530103683,0.5
0.08474274689754767,-1.0576741676839083,0.28185129165649414,-0.6776565313339233,-0.2360319048166275,-0.4496211912135581,0.030756568501302504,-0.24476463834178958,-0.2159694880247116,0.3111979067325592,-0.7161281704902649,0.6666666865348816
0.29134732484817505,-0.2625327408313751,1.1652272939682007,1.7383818144670495,0.8815332953099304,1.07177703291458,0.621029423299505,1.413855146848274,-0.5277130603790283,0.7965710321488596,-1.4750760793685913,0.3333333432674408
-0.981614561066894,-0.5002763271331787,-0.32452332951176965,-0.7220988273620605,-0.697219729423523,0.33531656861305237,-0.5212175044780586,-1.7850228124316274,-0.9685826172617024,-0.3566324710845947,1.5223605069231898,0.5
-0.7695379853248596,-0.9757634997367859,-0.6015247106552124,0.9853667558840677,-0.2360319048166275,1.1482118284847385,0.5089488079886636,0.3099008008625025,-1.0192358344100272,-0.3566324710845947,-0.9691107869148254,0.5
-0.2390953153371811,1.5304236791725168,0.21389929950237274,1.8030243247010167,-0.01900232955813408,0.9521545411389218,2.738032494277958,0.9524411681516359,-0.9018054008483887,-0.2898494303226471,-1.0567886367212085,0.3333333432674408
-0.5422053933143616,-0.5597122311592102,0.07799530029296875,0.42064084795610107,-0.5073188543319702,1.2897263299620894,1.657255497008707,0.29854752803156187,-0.4030156433582306,-0.8816438069985488,-1.00279287948058,0.5
-0.39065036177635193,-0.2625327408313751,0.07799530029296875,-0.6998776793479919,1.5917649605492648,-0.37261337398609784,-0.44883497640149217,-2.3555232772898202,-1.802250708127762,0.10839531493307612,2.431473875341925,0.6666666865348816
-0.46642789244651794,-0.5002763271331787,0.14594730734825134,-0.833204448223114,-0.797934996915071,0.5038304328918457,0.06070103423228404,-1.387131245465019,0.2886275624629264,-0.5145714885870597,0.5487849712371826,0.5
-0.9210929870605469,-0.5513561769071168,-0.19381269812583923,3.166863489063452,-0.34454667568206787,0.8932273914926983,1.2180576507899128,1.6190562435939546,0.9882707850109275,-0.49019855260849,-0.9691107869148254,0.3333333432674408
1.4468492295415423,2.315736223574038,-0.397668719291687,-0.49977189332991656,1.1102222268249282,0.16434974598738628,-0.18720486533818737,1.181074438796921,-0.2159694880247116,2.3980251383586895,-0.46314552426338196,0.3333333432674408
0.29134732484817505,-0.6191481351852417,0.8479058590090157,0.6964925573328865,-0.37192970848023416,0.6336718778168732,0.5764364204403072,-0.39668689919985056,-0.9641541242599487,0.19658694116866113,0.7174400687217712,0.5
-0.3148728311061859,-0.3219686448574066,0.28185129165649414,-0.6332142949104309,-0.47561915983792186,-0.9566229581832886,-0.4997807407974336,-1.0040882761747976,-0.5900617837905884,-0.5569815635681152,0.4360519236932758,0.5
-0.46642789244651794,0.15351851284503937,0.21389929950237274,-0.2070823087764515,-0.07857891695588713,-1.1251368522644043,-0.009998429751941436,-0.6797649788460409,0.5945638418197632,-0.8241137266159058,0.29580235481262207,0.5
