2025-07-30 02:36:47 - INFO - Experiment initialized with config:
Experiment Config (Name: xgboost_20250730-023647)
  timestamp: 20250730-023647
  dataset_path: ../data/anm_data.csv
  dataset_dir_path: None
  baseline: xgboost
  aug_data_size_factor: 1.0
  max_n_features_to_perturb: 5
  max_perturb_percent: 0.1
  min_perturb_percent: -0.1
  aug_data_weight: 0.9
  alpha: 0.05
  r_corr_threshold: 0.1
  p_corr_threshold: 0.05
  test_size: 0.2
  random_seed: 0
  num_seeds: 0
  p_wilcoxon_threshold: 0.05
  hyperparam_tune: False
  method_param_tune: True
  sample_sizes: [1000, 5000, 10000, 15000, 20000, 30000, 40000, 50000]
  ignore_filter: True
  results_dir: ../experiments_synthetic/anm
  save_plots: False
  save_models: False
  save_params: False
  experiment_dir: ../experiments_synthetic/anm/xgboost_20250730-023647
2025-07-30 02:36:47 - INFO - Loaded 8 datasets


2025-07-30 02:36:47 - INFO - 






****************************************************************************************************
2025-07-30 02:36:47 - INFO - Running experiment on dataset: anm_data_sample_1000
2025-07-30 02:36:47 - INFO - 



####################################################################################################
2025-07-30 02:36:47 - INFO - Running experiment on dataset: anm_data_sample_1000 with seed: 0
2025-07-30 02:36:47 - INFO - Training xgboost baseline model
2025-07-30 02:36:47 - INFO - Done training baseline model
2025-07-30 02:36:47 - INFO - Done calculating residuals

2025-07-30 02:36:47 - INFO - Filtering for features to perturb
2025-07-30 02:36:47 - INFO - Creating causal graph for anm_data_sample_1000
2025-07-30 02:36:47 - INFO - Features that are not connected to Z (conditional independence): ['F2', 'F1']
2025-07-30 02:36:47 - INFO - [Z vs F0]  r: 0.0812, p: 0.0102
2025-07-30 02:36:47 - INFO - [Z vs F1]  r: -0.0299, p: 0.3445
2025-07-30 02:36:47 - INFO - [Z vs F2]  r: 0.0336, p: 0.2890
2025-07-30 02:36:47 - INFO - Candidates (uncorrelated + not connected to Z): ['F2', 'F1']
2025-07-30 02:36:47 - INFO - Ranked candidate features:
  feature     score  r_with_T  r_with_Z
1      F1 -0.020292  0.009629 -0.029921
0      F2 -0.027141  0.006424  0.033565
2025-07-30 02:36:47 - INFO - Done filtering.

2025-07-30 02:36:47 - INFO - Selected features to perturb: ['F1', 'F2']

2025-07-30 02:36:47 - INFO - Intervening on features to create augmented feature set
2025-07-30 02:36:47 - INFO - Generating counterfactuals for augmented target set
2025-07-30 02:36:47 - INFO - Original X train shape: (640, 3)
2025-07-30 02:36:47 - INFO - Augmented X train shape: (800, 3)
2025-07-30 02:36:47 - INFO - Combined X train shape: (1440, 3)
2025-07-30 02:36:47 - INFO - Training new xgboost model on augmented data

2025-07-30 02:36:48 - INFO - Selected features to perturb: ['F1', 'F2']

2025-07-30 02:36:48 - INFO - Intervening on features to create augmented feature set
2025-07-30 02:36:48 - INFO - Generating counterfactuals for augmented target set
2025-07-30 02:36:48 - INFO - Original X train shape: (640, 3)
2025-07-30 02:36:48 - INFO - Augmented X train shape: (800, 3)
2025-07-30 02:36:48 - INFO - Combined X train shape: (1440, 3)
2025-07-30 02:36:48 - INFO - Training new xgboost model on augmented data

2025-07-30 02:36:49 - INFO - Selected features to perturb: ['F1', 'F2']

2025-07-30 02:36:49 - INFO - Intervening on features to create augmented feature set
2025-07-30 02:36:49 - INFO - Generating counterfactuals for augmented target set
2025-07-30 02:36:49 - INFO - Original X train shape: (640, 3)
2025-07-30 02:36:49 - INFO - Augmented X train shape: (480, 3)
2025-07-30 02:36:49 - INFO - Combined X train shape: (1120, 3)
2025-07-30 02:36:49 - INFO - Training new xgboost model on augmented data

2025-07-30 02:36:49 - INFO - Selected features to perturb: ['F1', 'F2']

2025-07-30 02:36:49 - INFO - Intervening on features to create augmented feature set
2025-07-30 02:36:49 - INFO - Generating counterfactuals for augmented target set
2025-07-30 02:36:49 - INFO - Original X train shape: (640, 3)
2025-07-30 02:36:49 - INFO - Augmented X train shape: (960, 3)
2025-07-30 02:36:49 - INFO - Combined X train shape: (1600, 3)
2025-07-30 02:36:49 - INFO - Training new xgboost model on augmented data

2025-07-30 02:36:50 - INFO - Selected features to perturb: ['F1']

2025-07-30 02:36:50 - INFO - Intervening on features to create augmented feature set
2025-07-30 02:36:50 - INFO - Generating counterfactuals for augmented target set
2025-07-30 02:36:50 - INFO - Original X train shape: (640, 3)
2025-07-30 02:36:50 - INFO - Augmented X train shape: (960, 3)
2025-07-30 02:36:50 - INFO - Combined X train shape: (1600, 3)
2025-07-30 02:36:50 - INFO - Training new xgboost model on augmented data

2025-07-30 02:36:51 - INFO - Selected features to perturb: ['F1', 'F2']

2025-07-30 02:36:51 - INFO - Intervening on features to create augmented feature set
2025-07-30 02:36:51 - INFO - Generating counterfactuals for augmented target set
2025-07-30 02:36:51 - INFO - Original X train shape: (640, 3)
2025-07-30 02:36:51 - INFO - Augmented X train shape: (800, 3)
2025-07-30 02:36:51 - INFO - Combined X train shape: (1440, 3)
2025-07-30 02:36:51 - INFO - Training new xgboost model on augmented data

2025-07-30 02:36:51 - INFO - Selected features to perturb: ['F1']

2025-07-30 02:36:51 - INFO - Intervening on features to create augmented feature set
2025-07-30 02:36:51 - INFO - Generating counterfactuals for augmented target set
2025-07-30 02:36:51 - INFO - Original X train shape: (640, 3)
2025-07-30 02:36:51 - INFO - Augmented X train shape: (800, 3)
2025-07-30 02:36:51 - INFO - Combined X train shape: (1440, 3)
2025-07-30 02:36:51 - INFO - Training new xgboost model on augmented data

2025-07-30 02:36:52 - INFO - Selected features to perturb: ['F1', 'F2']

2025-07-30 02:36:52 - INFO - Intervening on features to create augmented feature set
2025-07-30 02:36:52 - INFO - Generating counterfactuals for augmented target set
2025-07-30 02:36:52 - INFO - Original X train shape: (640, 3)
2025-07-30 02:36:52 - INFO - Augmented X train shape: (640, 3)
2025-07-30 02:36:52 - INFO - Combined X train shape: (1280, 3)
2025-07-30 02:36:52 - INFO - Training new xgboost model on augmented data

2025-07-30 02:36:53 - INFO - Selected features to perturb: ['F1', 'F2']

2025-07-30 02:36:53 - INFO - Intervening on features to create augmented feature set
2025-07-30 02:36:53 - INFO - Generating counterfactuals for augmented target set
2025-07-30 02:36:53 - INFO - Original X train shape: (640, 3)
2025-07-30 02:36:53 - INFO - Augmented X train shape: (640, 3)
2025-07-30 02:36:53 - INFO - Combined X train shape: (1280, 3)
2025-07-30 02:36:53 - INFO - Training new xgboost model on augmented data

2025-07-30 02:36:53 - INFO - Selected features to perturb: ['F1', 'F2']

2025-07-30 02:36:53 - INFO - Intervening on features to create augmented feature set
2025-07-30 02:36:53 - INFO - Generating counterfactuals for augmented target set
2025-07-30 02:36:53 - INFO - Original X train shape: (640, 3)
2025-07-30 02:36:53 - INFO - Augmented X train shape: (800, 3)
2025-07-30 02:36:53 - INFO - Combined X train shape: (1440, 3)
2025-07-30 02:36:53 - INFO - Training new xgboost model on augmented data

2025-07-30 02:36:54 - INFO - Selected features to perturb: ['F1', 'F2']

2025-07-30 02:36:54 - INFO - Intervening on features to create augmented feature set
2025-07-30 02:36:54 - INFO - Generating counterfactuals for augmented target set
2025-07-30 02:36:54 - INFO - Original X train shape: (640, 3)
2025-07-30 02:36:54 - INFO - Augmented X train shape: (320, 3)
2025-07-30 02:36:54 - INFO - Combined X train shape: (960, 3)
2025-07-30 02:36:54 - INFO - Training new xgboost model on augmented data

2025-07-30 02:36:54 - INFO - Selected features to perturb: ['F1', 'F2']

2025-07-30 02:36:54 - INFO - Intervening on features to create augmented feature set
2025-07-30 02:36:54 - INFO - Generating counterfactuals for augmented target set
2025-07-30 02:36:54 - INFO - Original X train shape: (640, 3)
2025-07-30 02:36:54 - INFO - Augmented X train shape: (800, 3)
2025-07-30 02:36:54 - INFO - Combined X train shape: (1440, 3)
2025-07-30 02:36:54 - INFO - Training new xgboost model on augmented data

2025-07-30 02:36:55 - INFO - Selected features to perturb: ['F1', 'F2']

2025-07-30 02:36:55 - INFO - Intervening on features to create augmented feature set
2025-07-30 02:36:55 - INFO - Generating counterfactuals for augmented target set
2025-07-30 02:36:55 - INFO - Original X train shape: (640, 3)
2025-07-30 02:36:55 - INFO - Augmented X train shape: (960, 3)
2025-07-30 02:36:55 - INFO - Combined X train shape: (1600, 3)
2025-07-30 02:36:55 - INFO - Training new xgboost model on augmented data

2025-07-30 02:36:56 - INFO - Selected features to perturb: ['F1', 'F2']

2025-07-30 02:36:56 - INFO - Intervening on features to create augmented feature set
2025-07-30 02:36:56 - INFO - Generating counterfactuals for augmented target set
2025-07-30 02:36:56 - INFO - Original X train shape: (640, 3)
2025-07-30 02:36:56 - INFO - Augmented X train shape: (960, 3)
2025-07-30 02:36:56 - INFO - Combined X train shape: (1600, 3)
2025-07-30 02:36:56 - INFO - Training new xgboost model on augmented data

2025-07-30 02:36:56 - INFO - Selected features to perturb: ['F1', 'F2']

2025-07-30 02:36:56 - INFO - Intervening on features to create augmented feature set
2025-07-30 02:36:56 - INFO - Generating counterfactuals for augmented target set
2025-07-30 02:36:56 - INFO - Original X train shape: (640, 3)
2025-07-30 02:36:56 - INFO - Augmented X train shape: (960, 3)
2025-07-30 02:36:56 - INFO - Combined X train shape: (1600, 3)
2025-07-30 02:36:56 - INFO - Training new xgboost model on augmented data

2025-07-30 02:36:57 - INFO - Selected features to perturb: ['F1', 'F2']

2025-07-30 02:36:57 - INFO - Intervening on features to create augmented feature set
2025-07-30 02:36:57 - INFO - Generating counterfactuals for augmented target set
2025-07-30 02:36:57 - INFO - Original X train shape: (640, 3)
2025-07-30 02:36:57 - INFO - Augmented X train shape: (480, 3)
2025-07-30 02:36:57 - INFO - Combined X train shape: (1120, 3)
2025-07-30 02:36:57 - INFO - Training new xgboost model on augmented data

2025-07-30 02:36:57 - INFO - Selected features to perturb: ['F1', 'F2']

2025-07-30 02:36:57 - INFO - Intervening on features to create augmented feature set
2025-07-30 02:36:57 - INFO - Generating counterfactuals for augmented target set
2025-07-30 02:36:57 - INFO - Original X train shape: (640, 3)
2025-07-30 02:36:57 - INFO - Augmented X train shape: (960, 3)
2025-07-30 02:36:57 - INFO - Combined X train shape: (1600, 3)
2025-07-30 02:36:57 - INFO - Training new xgboost model on augmented data

2025-07-30 02:36:58 - INFO - Selected features to perturb: ['F1', 'F2']

2025-07-30 02:36:58 - INFO - Intervening on features to create augmented feature set
2025-07-30 02:36:58 - INFO - Generating counterfactuals for augmented target set
2025-07-30 02:36:58 - INFO - Original X train shape: (640, 3)
2025-07-30 02:36:58 - INFO - Augmented X train shape: (640, 3)
2025-07-30 02:36:58 - INFO - Combined X train shape: (1280, 3)
2025-07-30 02:36:58 - INFO - Training new xgboost model on augmented data

2025-07-30 02:36:58 - INFO - Selected features to perturb: ['F1']

2025-07-30 02:36:58 - INFO - Intervening on features to create augmented feature set
2025-07-30 02:36:58 - INFO - Generating counterfactuals for augmented target set
2025-07-30 02:36:58 - INFO - Original X train shape: (640, 3)
2025-07-30 02:36:58 - INFO - Augmented X train shape: (800, 3)
2025-07-30 02:36:58 - INFO - Combined X train shape: (1440, 3)
2025-07-30 02:36:58 - INFO - Training new xgboost model on augmented data

2025-07-30 02:36:59 - INFO - Selected features to perturb: ['F1', 'F2']

2025-07-30 02:36:59 - INFO - Intervening on features to create augmented feature set
2025-07-30 02:36:59 - INFO - Generating counterfactuals for augmented target set
2025-07-30 02:36:59 - INFO - Original X train shape: (640, 3)
2025-07-30 02:36:59 - INFO - Augmented X train shape: (480, 3)
2025-07-30 02:36:59 - INFO - Combined X train shape: (1120, 3)
2025-07-30 02:36:59 - INFO - Training new xgboost model on augmented data

2025-07-30 02:36:59 - INFO - Selected features to perturb: ['F1', 'F2']

2025-07-30 02:36:59 - INFO - Intervening on features to create augmented feature set
2025-07-30 02:36:59 - INFO - Generating counterfactuals for augmented target set
2025-07-30 02:36:59 - INFO - Original X train shape: (640, 3)
2025-07-30 02:36:59 - INFO - Augmented X train shape: (640, 3)
2025-07-30 02:36:59 - INFO - Combined X train shape: (1280, 3)
2025-07-30 02:36:59 - INFO - Training new xgboost model on augmented data

2025-07-30 02:37:01 - INFO - Selected features to perturb: ['F1', 'F2']

2025-07-30 02:37:01 - INFO - Intervening on features to create augmented feature set
2025-07-30 02:37:01 - INFO - Generating counterfactuals for augmented target set
2025-07-30 02:37:01 - INFO - Original X train shape: (640, 3)
2025-07-30 02:37:01 - INFO - Augmented X train shape: (480, 3)
2025-07-30 02:37:01 - INFO - Combined X train shape: (1120, 3)
2025-07-30 02:37:01 - INFO - Training new xgboost model on augmented data

2025-07-30 02:37:02 - INFO - Selected features to perturb: ['F1', 'F2']

2025-07-30 02:37:02 - INFO - Intervening on features to create augmented feature set
2025-07-30 02:37:02 - INFO - Generating counterfactuals for augmented target set
2025-07-30 02:37:02 - INFO - Original X train shape: (640, 3)
2025-07-30 02:37:02 - INFO - Augmented X train shape: (320, 3)
2025-07-30 02:37:02 - INFO - Combined X train shape: (960, 3)
2025-07-30 02:37:02 - INFO - Training new xgboost model on augmented data

2025-07-30 02:37:02 - INFO - Selected features to perturb: ['F1']

2025-07-30 02:37:02 - INFO - Intervening on features to create augmented feature set
2025-07-30 02:37:02 - INFO - Generating counterfactuals for augmented target set
2025-07-30 02:37:02 - INFO - Original X train shape: (640, 3)
2025-07-30 02:37:02 - INFO - Augmented X train shape: (480, 3)
2025-07-30 02:37:02 - INFO - Combined X train shape: (1120, 3)
2025-07-30 02:37:02 - INFO - Training new xgboost model on augmented data

2025-07-30 02:37:03 - INFO - Selected features to perturb: ['F1', 'F2']

2025-07-30 02:37:03 - INFO - Intervening on features to create augmented feature set
2025-07-30 02:37:03 - INFO - Generating counterfactuals for augmented target set
2025-07-30 02:37:03 - INFO - Original X train shape: (640, 3)
2025-07-30 02:37:03 - INFO - Augmented X train shape: (320, 3)
2025-07-30 02:37:03 - INFO - Combined X train shape: (960, 3)
2025-07-30 02:37:03 - INFO - Training new xgboost model on augmented data

2025-07-30 02:37:03 - INFO - Selected features to perturb: ['F1', 'F2']

2025-07-30 02:37:03 - INFO - Intervening on features to create augmented feature set
2025-07-30 02:37:03 - INFO - Generating counterfactuals for augmented target set
2025-07-30 02:37:03 - INFO - Original X train shape: (640, 3)
2025-07-30 02:37:03 - INFO - Augmented X train shape: (960, 3)
2025-07-30 02:37:03 - INFO - Combined X train shape: (1600, 3)
2025-07-30 02:37:03 - INFO - Training new xgboost model on augmented data

2025-07-30 02:37:04 - INFO - Selected features to perturb: ['F1', 'F2']

2025-07-30 02:37:04 - INFO - Intervening on features to create augmented feature set
2025-07-30 02:37:04 - INFO - Generating counterfactuals for augmented target set
2025-07-30 02:37:04 - INFO - Original X train shape: (640, 3)
2025-07-30 02:37:04 - INFO - Augmented X train shape: (480, 3)
2025-07-30 02:37:04 - INFO - Combined X train shape: (1120, 3)
2025-07-30 02:37:04 - INFO - Training new xgboost model on augmented data

2025-07-30 02:37:04 - INFO - Selected features to perturb: ['F1', 'F2']

2025-07-30 02:37:04 - INFO - Intervening on features to create augmented feature set
2025-07-30 02:37:04 - INFO - Generating counterfactuals for augmented target set
2025-07-30 02:37:04 - INFO - Original X train shape: (640, 3)
2025-07-30 02:37:04 - INFO - Augmented X train shape: (800, 3)
2025-07-30 02:37:04 - INFO - Combined X train shape: (1440, 3)
2025-07-30 02:37:04 - INFO - Training new xgboost model on augmented data

2025-07-30 02:37:05 - INFO - Selected features to perturb: ['F1']

2025-07-30 02:37:05 - INFO - Intervening on features to create augmented feature set
2025-07-30 02:37:05 - INFO - Generating counterfactuals for augmented target set
2025-07-30 02:37:05 - INFO - Original X train shape: (640, 3)
2025-07-30 02:37:05 - INFO - Augmented X train shape: (640, 3)
2025-07-30 02:37:05 - INFO - Combined X train shape: (1280, 3)
2025-07-30 02:37:05 - INFO - Training new xgboost model on augmented data

2025-07-30 02:37:06 - INFO - Selected features to perturb: ['F1', 'F2']

2025-07-30 02:37:06 - INFO - Intervening on features to create augmented feature set
2025-07-30 02:37:06 - INFO - Generating counterfactuals for augmented target set
2025-07-30 02:37:06 - INFO - Original X train shape: (640, 3)
2025-07-30 02:37:06 - INFO - Augmented X train shape: (800, 3)
2025-07-30 02:37:06 - INFO - Combined X train shape: (1440, 3)
2025-07-30 02:37:06 - INFO - Training new xgboost model on augmented data

2025-07-30 02:37:06 - INFO - Best augmentation parameters:
{'max_n_features_to_perturb': 2, 'aug_data_size_factor': 1.5, 'aug_data_weight': 1.0, 'max_perturb_percent': 0.5, 'min_perturb_percent': -0.5}

2025-07-30 02:37:06 - INFO - Selected features to perturb: ['F1', 'F2']

2025-07-30 02:37:06 - INFO - Intervening on features to create augmented feature set
2025-07-30 02:37:06 - INFO - Generating counterfactuals for augmented target set
2025-07-30 02:37:06 - INFO - Original X train shape: (800, 3)
2025-07-30 02:37:06 - INFO - Augmented X train shape: (1200, 3)
2025-07-30 02:37:06 - INFO - Combined X train shape: (2000, 3)
2025-07-30 02:37:12 - INFO - Done cross-validation evaluation
2025-07-30 02:37:12 - INFO - The p-value from the Wilcoxon signed-rank test is: 0.0009765625

2025-07-30 02:37:12 - INFO - Evaluation metrics for the experiment:
2025-07-30 02:37:12 - INFO - Original MSE: 0.002544523623608891, Augmented MSE: 0.0025302214613980036


2025-07-30 02:37:12 - INFO - ####################################################################################################
2025-07-30 02:37:12 - INFO - Interim results for seeds saved to ../experiments_synthetic/anm/xgboost_20250730-023647/interim_results/anm_data_sample_1000_interim_results.csv. Aggregating results for anm_data_sample_1000...
2025-07-30 02:37:12 - INFO - ****************************************************************************************************
2025-07-30 02:37:12 - INFO - 






****************************************************************************************************
2025-07-30 02:37:12 - INFO - Running experiment on dataset: anm_data_sample_5000
2025-07-30 02:37:12 - INFO - 



####################################################################################################
2025-07-30 02:37:12 - INFO - Running experiment on dataset: anm_data_sample_5000 with seed: 0
2025-07-30 02:37:12 - INFO - Training xgboost baseline model
2025-07-30 02:37:12 - INFO - Done training baseline model
2025-07-30 02:37:12 - INFO - Done calculating residuals

2025-07-30 02:37:12 - INFO - Filtering for features to perturb
2025-07-30 02:37:12 - INFO - Creating causal graph for anm_data_sample_5000
2025-07-30 02:37:12 - INFO - Features that are not connected to Z (conditional independence): ['F2', 'F0', 'F1']
2025-07-30 02:37:12 - INFO - [Z vs F0]  r: 0.0042, p: 0.7689
2025-07-30 02:37:12 - INFO - [Z vs F1]  r: -0.0072, p: 0.6118
2025-07-30 02:37:12 - INFO - [Z vs F2]  r: -0.0008, p: 0.9577
2025-07-30 02:37:12 - INFO - Candidates (uncorrelated + not connected to Z): ['F2', 'F0', 'F1']
2025-07-30 02:37:12 - INFO - Ranked candidate features:
  feature     score  r_with_T  r_with_Z
0      F2  0.014344 -0.015095 -0.000751
1      F0 -0.003928 -0.000228  0.004156
2      F1 -0.004341  0.002839 -0.007180
2025-07-30 02:37:12 - INFO - Done filtering.

2025-07-30 02:37:12 - INFO - Selected features to perturb: ['F2', 'F0', 'F1']

2025-07-30 02:37:12 - INFO - Intervening on features to create augmented feature set
2025-07-30 02:37:12 - INFO - Generating counterfactuals for augmented target set
2025-07-30 02:37:12 - INFO - Original X train shape: (3200, 3)
2025-07-30 02:37:12 - INFO - Augmented X train shape: (4000, 3)
2025-07-30 02:37:12 - INFO - Combined X train shape: (7200, 3)
2025-07-30 02:37:12 - INFO - Training new xgboost model on augmented data

2025-07-30 02:37:13 - INFO - Selected features to perturb: ['F2', 'F0', 'F1']

2025-07-30 02:37:13 - INFO - Intervening on features to create augmented feature set
2025-07-30 02:37:13 - INFO - Generating counterfactuals for augmented target set
2025-07-30 02:37:13 - INFO - Original X train shape: (3200, 3)
2025-07-30 02:37:13 - INFO - Augmented X train shape: (4000, 3)
2025-07-30 02:37:13 - INFO - Combined X train shape: (7200, 3)
2025-07-30 02:37:13 - INFO - Training new xgboost model on augmented data

2025-07-30 02:37:14 - INFO - Selected features to perturb: ['F2', 'F0', 'F1']

2025-07-30 02:37:14 - INFO - Intervening on features to create augmented feature set
2025-07-30 02:37:14 - INFO - Generating counterfactuals for augmented target set
2025-07-30 02:37:14 - INFO - Original X train shape: (3200, 3)
2025-07-30 02:37:14 - INFO - Augmented X train shape: (2400, 3)
2025-07-30 02:37:14 - INFO - Combined X train shape: (5600, 3)
2025-07-30 02:37:14 - INFO - Training new xgboost model on augmented data

2025-07-30 02:37:14 - INFO - Selected features to perturb: ['F2', 'F0', 'F1']

2025-07-30 02:37:14 - INFO - Intervening on features to create augmented feature set
2025-07-30 02:37:14 - INFO - Generating counterfactuals for augmented target set
2025-07-30 02:37:14 - INFO - Original X train shape: (3200, 3)
2025-07-30 02:37:14 - INFO - Augmented X train shape: (4800, 3)
2025-07-30 02:37:14 - INFO - Combined X train shape: (8000, 3)
2025-07-30 02:37:14 - INFO - Training new xgboost model on augmented data

2025-07-30 02:37:15 - INFO - Selected features to perturb: ['F2']

2025-07-30 02:37:15 - INFO - Intervening on features to create augmented feature set
2025-07-30 02:37:15 - INFO - Generating counterfactuals for augmented target set
2025-07-30 02:37:15 - INFO - Original X train shape: (3200, 3)
2025-07-30 02:37:15 - INFO - Augmented X train shape: (4800, 3)
2025-07-30 02:37:15 - INFO - Combined X train shape: (8000, 3)
2025-07-30 02:37:15 - INFO - Training new xgboost model on augmented data

2025-07-30 02:37:15 - INFO - Selected features to perturb: ['F2', 'F0', 'F1']

2025-07-30 02:37:15 - INFO - Intervening on features to create augmented feature set
2025-07-30 02:37:15 - INFO - Generating counterfactuals for augmented target set
2025-07-30 02:37:15 - INFO - Original X train shape: (3200, 3)
2025-07-30 02:37:15 - INFO - Augmented X train shape: (4000, 3)
2025-07-30 02:37:15 - INFO - Combined X train shape: (7200, 3)
2025-07-30 02:37:15 - INFO - Training new xgboost model on augmented data

2025-07-30 02:37:16 - INFO - Selected features to perturb: ['F2']

2025-07-30 02:37:16 - INFO - Intervening on features to create augmented feature set
2025-07-30 02:37:16 - INFO - Generating counterfactuals for augmented target set
2025-07-30 02:37:16 - INFO - Original X train shape: (3200, 3)
2025-07-30 02:37:16 - INFO - Augmented X train shape: (4000, 3)
2025-07-30 02:37:16 - INFO - Combined X train shape: (7200, 3)
2025-07-30 02:37:16 - INFO - Training new xgboost model on augmented data

2025-07-30 02:37:17 - INFO - Selected features to perturb: ['F2', 'F0', 'F1']

2025-07-30 02:37:17 - INFO - Intervening on features to create augmented feature set
2025-07-30 02:37:17 - INFO - Generating counterfactuals for augmented target set
2025-07-30 02:37:17 - INFO - Original X train shape: (3200, 3)
2025-07-30 02:37:17 - INFO - Augmented X train shape: (3200, 3)
2025-07-30 02:37:17 - INFO - Combined X train shape: (6400, 3)
2025-07-30 02:37:17 - INFO - Training new xgboost model on augmented data

2025-07-30 02:37:17 - INFO - Selected features to perturb: ['F2', 'F0', 'F1']

2025-07-30 02:37:17 - INFO - Intervening on features to create augmented feature set
2025-07-30 02:37:17 - INFO - Generating counterfactuals for augmented target set
2025-07-30 02:37:17 - INFO - Original X train shape: (3200, 3)
2025-07-30 02:37:17 - INFO - Augmented X train shape: (3200, 3)
2025-07-30 02:37:17 - INFO - Combined X train shape: (6400, 3)
2025-07-30 02:37:17 - INFO - Training new xgboost model on augmented data

2025-07-30 02:37:18 - INFO - Selected features to perturb: ['F2', 'F0', 'F1']

2025-07-30 02:37:18 - INFO - Intervening on features to create augmented feature set
2025-07-30 02:37:18 - INFO - Generating counterfactuals for augmented target set
2025-07-30 02:37:18 - INFO - Original X train shape: (3200, 3)
2025-07-30 02:37:18 - INFO - Augmented X train shape: (4000, 3)
2025-07-30 02:37:18 - INFO - Combined X train shape: (7200, 3)
2025-07-30 02:37:18 - INFO - Training new xgboost model on augmented data

2025-07-30 02:37:19 - INFO - Selected features to perturb: ['F2', 'F0']

2025-07-30 02:37:19 - INFO - Intervening on features to create augmented feature set
2025-07-30 02:37:19 - INFO - Generating counterfactuals for augmented target set
2025-07-30 02:37:19 - INFO - Original X train shape: (3200, 3)
2025-07-30 02:37:19 - INFO - Augmented X train shape: (1600, 3)
2025-07-30 02:37:19 - INFO - Combined X train shape: (4800, 3)
2025-07-30 02:37:19 - INFO - Training new xgboost model on augmented data

2025-07-30 02:37:19 - INFO - Selected features to perturb: ['F2', 'F0', 'F1']

2025-07-30 02:37:19 - INFO - Intervening on features to create augmented feature set
2025-07-30 02:37:19 - INFO - Generating counterfactuals for augmented target set
2025-07-30 02:37:19 - INFO - Original X train shape: (3200, 3)
2025-07-30 02:37:19 - INFO - Augmented X train shape: (4000, 3)
2025-07-30 02:37:19 - INFO - Combined X train shape: (7200, 3)
2025-07-30 02:37:19 - INFO - Training new xgboost model on augmented data

2025-07-30 02:37:20 - INFO - Selected features to perturb: ['F2', 'F0', 'F1']

2025-07-30 02:37:20 - INFO - Intervening on features to create augmented feature set
2025-07-30 02:37:20 - INFO - Generating counterfactuals for augmented target set
2025-07-30 02:37:20 - INFO - Original X train shape: (3200, 3)
2025-07-30 02:37:20 - INFO - Augmented X train shape: (4800, 3)
2025-07-30 02:37:20 - INFO - Combined X train shape: (8000, 3)
2025-07-30 02:37:20 - INFO - Training new xgboost model on augmented data

2025-07-30 02:37:20 - INFO - Selected features to perturb: ['F2', 'F0', 'F1']

2025-07-30 02:37:21 - INFO - Intervening on features to create augmented feature set
2025-07-30 02:37:21 - INFO - Generating counterfactuals for augmented target set
2025-07-30 02:37:21 - INFO - Original X train shape: (3200, 3)
2025-07-30 02:37:21 - INFO - Augmented X train shape: (2400, 3)
2025-07-30 02:37:21 - INFO - Combined X train shape: (5600, 3)
2025-07-30 02:37:21 - INFO - Training new xgboost model on augmented data

2025-07-30 02:37:21 - INFO - Selected features to perturb: ['F2', 'F0']

2025-07-30 02:37:21 - INFO - Intervening on features to create augmented feature set
2025-07-30 02:37:21 - INFO - Generating counterfactuals for augmented target set
2025-07-30 02:37:21 - INFO - Original X train shape: (3200, 3)
2025-07-30 02:37:21 - INFO - Augmented X train shape: (3200, 3)
2025-07-30 02:37:21 - INFO - Combined X train shape: (6400, 3)
2025-07-30 02:37:21 - INFO - Training new xgboost model on augmented data

2025-07-30 02:37:22 - INFO - Selected features to perturb: ['F2', 'F0', 'F1']

2025-07-30 02:37:22 - INFO - Intervening on features to create augmented feature set
2025-07-30 02:37:22 - INFO - Generating counterfactuals for augmented target set
2025-07-30 02:37:22 - INFO - Original X train shape: (3200, 3)
2025-07-30 02:37:22 - INFO - Augmented X train shape: (4000, 3)
2025-07-30 02:37:22 - INFO - Combined X train shape: (7200, 3)
2025-07-30 02:37:22 - INFO - Training new xgboost model on augmented data

2025-07-30 02:37:22 - INFO - Selected features to perturb: ['F2', 'F0']

2025-07-30 02:37:22 - INFO - Intervening on features to create augmented feature set
2025-07-30 02:37:22 - INFO - Generating counterfactuals for augmented target set
2025-07-30 02:37:22 - INFO - Original X train shape: (3200, 3)
2025-07-30 02:37:22 - INFO - Augmented X train shape: (2400, 3)
2025-07-30 02:37:22 - INFO - Combined X train shape: (5600, 3)
2025-07-30 02:37:22 - INFO - Training new xgboost model on augmented data

2025-07-30 02:37:23 - INFO - Selected features to perturb: ['F2', 'F0', 'F1']

2025-07-30 02:37:23 - INFO - Intervening on features to create augmented feature set
2025-07-30 02:37:23 - INFO - Generating counterfactuals for augmented target set
2025-07-30 02:37:23 - INFO - Original X train shape: (3200, 3)
2025-07-30 02:37:23 - INFO - Augmented X train shape: (4800, 3)
2025-07-30 02:37:23 - INFO - Combined X train shape: (8000, 3)
2025-07-30 02:37:23 - INFO - Training new xgboost model on augmented data

2025-07-30 02:37:24 - INFO - Selected features to perturb: ['F2', 'F0', 'F1']

2025-07-30 02:37:24 - INFO - Intervening on features to create augmented feature set
2025-07-30 02:37:24 - INFO - Generating counterfactuals for augmented target set
2025-07-30 02:37:24 - INFO - Original X train shape: (3200, 3)
2025-07-30 02:37:24 - INFO - Augmented X train shape: (4800, 3)
2025-07-30 02:37:24 - INFO - Combined X train shape: (8000, 3)
2025-07-30 02:37:24 - INFO - Training new xgboost model on augmented data

2025-07-30 02:37:24 - INFO - Selected features to perturb: ['F2', 'F0', 'F1']

2025-07-30 02:37:24 - INFO - Intervening on features to create augmented feature set
2025-07-30 02:37:24 - INFO - Generating counterfactuals for augmented target set
2025-07-30 02:37:24 - INFO - Original X train shape: (3200, 3)
2025-07-30 02:37:24 - INFO - Augmented X train shape: (4800, 3)
2025-07-30 02:37:24 - INFO - Combined X train shape: (8000, 3)
2025-07-30 02:37:24 - INFO - Training new xgboost model on augmented data

2025-07-30 02:37:25 - INFO - Selected features to perturb: ['F2', 'F0', 'F1']

2025-07-30 02:37:25 - INFO - Intervening on features to create augmented feature set
2025-07-30 02:37:25 - INFO - Generating counterfactuals for augmented target set
2025-07-30 02:37:25 - INFO - Original X train shape: (3200, 3)
2025-07-30 02:37:25 - INFO - Augmented X train shape: (4800, 3)
2025-07-30 02:37:25 - INFO - Combined X train shape: (8000, 3)
2025-07-30 02:37:25 - INFO - Training new xgboost model on augmented data

2025-07-30 02:37:26 - INFO - Selected features to perturb: ['F2', 'F0', 'F1']

2025-07-30 02:37:26 - INFO - Intervening on features to create augmented feature set
2025-07-30 02:37:26 - INFO - Generating counterfactuals for augmented target set
2025-07-30 02:37:26 - INFO - Original X train shape: (3200, 3)
2025-07-30 02:37:26 - INFO - Augmented X train shape: (4800, 3)
2025-07-30 02:37:26 - INFO - Combined X train shape: (8000, 3)
2025-07-30 02:37:26 - INFO - Training new xgboost model on augmented data

2025-07-30 02:37:26 - INFO - Selected features to perturb: ['F2', 'F0', 'F1']

2025-07-30 02:37:26 - INFO - Intervening on features to create augmented feature set
2025-07-30 02:37:26 - INFO - Generating counterfactuals for augmented target set
2025-07-30 02:37:26 - INFO - Original X train shape: (3200, 3)
2025-07-30 02:37:26 - INFO - Augmented X train shape: (4800, 3)
2025-07-30 02:37:26 - INFO - Combined X train shape: (8000, 3)
2025-07-30 02:37:26 - INFO - Training new xgboost model on augmented data

2025-07-30 02:37:27 - INFO - Selected features to perturb: ['F2', 'F0', 'F1']

2025-07-30 02:37:27 - INFO - Intervening on features to create augmented feature set
2025-07-30 02:37:27 - INFO - Generating counterfactuals for augmented target set
2025-07-30 02:37:27 - INFO - Original X train shape: (3200, 3)
2025-07-30 02:37:27 - INFO - Augmented X train shape: (4000, 3)
2025-07-30 02:37:27 - INFO - Combined X train shape: (7200, 3)
2025-07-30 02:37:27 - INFO - Training new xgboost model on augmented data

2025-07-30 02:37:28 - INFO - Selected features to perturb: ['F2', 'F0', 'F1']

2025-07-30 02:37:28 - INFO - Intervening on features to create augmented feature set
2025-07-30 02:37:28 - INFO - Generating counterfactuals for augmented target set
2025-07-30 02:37:28 - INFO - Original X train shape: (3200, 3)
2025-07-30 02:37:28 - INFO - Augmented X train shape: (4800, 3)
2025-07-30 02:37:28 - INFO - Combined X train shape: (8000, 3)
2025-07-30 02:37:28 - INFO - Training new xgboost model on augmented data

2025-07-30 02:37:28 - INFO - Selected features to perturb: ['F2', 'F0', 'F1']

2025-07-30 02:37:28 - INFO - Intervening on features to create augmented feature set
2025-07-30 02:37:28 - INFO - Generating counterfactuals for augmented target set
2025-07-30 02:37:28 - INFO - Original X train shape: (3200, 3)
2025-07-30 02:37:28 - INFO - Augmented X train shape: (4000, 3)
2025-07-30 02:37:28 - INFO - Combined X train shape: (7200, 3)
2025-07-30 02:37:28 - INFO - Training new xgboost model on augmented data

2025-07-30 02:37:29 - INFO - Selected features to perturb: ['F2', 'F0', 'F1']

2025-07-30 02:37:29 - INFO - Intervening on features to create augmented feature set
2025-07-30 02:37:29 - INFO - Generating counterfactuals for augmented target set
2025-07-30 02:37:29 - INFO - Original X train shape: (3200, 3)
2025-07-30 02:37:29 - INFO - Augmented X train shape: (4800, 3)
2025-07-30 02:37:29 - INFO - Combined X train shape: (8000, 3)
2025-07-30 02:37:29 - INFO - Training new xgboost model on augmented data

2025-07-30 02:37:29 - INFO - Selected features to perturb: ['F2', 'F0', 'F1']

2025-07-30 02:37:29 - INFO - Intervening on features to create augmented feature set
2025-07-30 02:37:29 - INFO - Generating counterfactuals for augmented target set
2025-07-30 02:37:29 - INFO - Original X train shape: (3200, 3)
2025-07-30 02:37:29 - INFO - Augmented X train shape: (4000, 3)
2025-07-30 02:37:29 - INFO - Combined X train shape: (7200, 3)
2025-07-30 02:37:29 - INFO - Training new xgboost model on augmented data

2025-07-30 02:37:30 - INFO - Selected features to perturb: ['F2', 'F0', 'F1']

2025-07-30 02:37:30 - INFO - Intervening on features to create augmented feature set
2025-07-30 02:37:30 - INFO - Generating counterfactuals for augmented target set
2025-07-30 02:37:30 - INFO - Original X train shape: (3200, 3)
2025-07-30 02:37:30 - INFO - Augmented X train shape: (3200, 3)
2025-07-30 02:37:30 - INFO - Combined X train shape: (6400, 3)
2025-07-30 02:37:30 - INFO - Training new xgboost model on augmented data

2025-07-30 02:37:31 - INFO - Selected features to perturb: ['F2', 'F0', 'F1']

2025-07-30 02:37:31 - INFO - Intervening on features to create augmented feature set
2025-07-30 02:37:31 - INFO - Generating counterfactuals for augmented target set
2025-07-30 02:37:31 - INFO - Original X train shape: (3200, 3)
2025-07-30 02:37:31 - INFO - Augmented X train shape: (4000, 3)
2025-07-30 02:37:31 - INFO - Combined X train shape: (7200, 3)
2025-07-30 02:37:31 - INFO - Training new xgboost model on augmented data

2025-07-30 02:37:31 - INFO - Best augmentation parameters:
{'max_n_features_to_perturb': 4, 'aug_data_size_factor': 1.5, 'aug_data_weight': 0.75, 'max_perturb_percent': 0.30000000000000004, 'min_perturb_percent': -0.30000000000000004}

2025-07-30 02:37:31 - INFO - Selected features to perturb: ['F2', 'F0', 'F1']

2025-07-30 02:37:31 - INFO - Intervening on features to create augmented feature set
2025-07-30 02:37:31 - INFO - Generating counterfactuals for augmented target set
2025-07-30 02:37:31 - INFO - Original X train shape: (4000, 3)
2025-07-30 02:37:31 - INFO - Augmented X train shape: (6000, 3)
2025-07-30 02:37:31 - INFO - Combined X train shape: (10000, 3)
2025-07-30 02:37:40 - INFO - Done cross-validation evaluation
2025-07-30 02:37:40 - INFO - The p-value from the Wilcoxon signed-rank test is: 0.0009765625

2025-07-30 02:37:40 - INFO - Evaluation metrics for the experiment:
2025-07-30 02:37:40 - INFO - Original MSE: 0.002149274594048082, Augmented MSE: 0.0019831997979364415


2025-07-30 02:37:40 - INFO - ####################################################################################################
2025-07-30 02:37:40 - INFO - Interim results for seeds saved to ../experiments_synthetic/anm/xgboost_20250730-023647/interim_results/anm_data_sample_5000_interim_results.csv. Aggregating results for anm_data_sample_5000...
2025-07-30 02:37:40 - INFO - ****************************************************************************************************
2025-07-30 02:37:40 - INFO - 






****************************************************************************************************
2025-07-30 02:37:40 - INFO - Running experiment on dataset: anm_data_sample_10000
2025-07-30 02:37:40 - INFO - 



####################################################################################################
2025-07-30 02:37:40 - INFO - Running experiment on dataset: anm_data_sample_10000 with seed: 0
2025-07-30 02:37:40 - INFO - Training xgboost baseline model
2025-07-30 02:37:41 - INFO - Done training baseline model
2025-07-30 02:37:41 - INFO - Done calculating residuals

2025-07-30 02:37:41 - INFO - Filtering for features to perturb
2025-07-30 02:37:41 - INFO - Creating causal graph for anm_data_sample_10000
2025-07-30 02:37:41 - INFO - Features that are not connected to Z (conditional independence): ['F2', 'F0', 'F1']
2025-07-30 02:37:41 - INFO - [Z vs F0]  r: 0.0090, p: 0.3659
2025-07-30 02:37:41 - INFO - [Z vs F1]  r: -0.0065, p: 0.5144
2025-07-30 02:37:41 - INFO - [Z vs F2]  r: 0.0096, p: 0.3354
2025-07-30 02:37:41 - INFO - Candidates (uncorrelated + not connected to Z): ['F2', 'F0', 'F1']
2025-07-30 02:37:41 - INFO - Ranked candidate features:
  feature     score  r_with_T  r_with_Z
0      F2  0.011039 -0.020673  0.009634
1      F0 -0.002913  0.006131  0.009044
2      F1 -0.003376  0.003146 -0.006521
2025-07-30 02:37:41 - INFO - Done filtering.

2025-07-30 02:37:41 - INFO - Selected features to perturb: ['F2', 'F0', 'F1']

2025-07-30 02:37:41 - INFO - Intervening on features to create augmented feature set
2025-07-30 02:37:41 - INFO - Generating counterfactuals for augmented target set
2025-07-30 02:37:41 - INFO - Original X train shape: (6400, 3)
2025-07-30 02:37:41 - INFO - Augmented X train shape: (8000, 3)
2025-07-30 02:37:41 - INFO - Combined X train shape: (14400, 3)
2025-07-30 02:37:41 - INFO - Training new xgboost model on augmented data

2025-07-30 02:37:41 - INFO - Selected features to perturb: ['F2', 'F0', 'F1']

2025-07-30 02:37:41 - INFO - Intervening on features to create augmented feature set
2025-07-30 02:37:41 - INFO - Generating counterfactuals for augmented target set
2025-07-30 02:37:41 - INFO - Original X train shape: (6400, 3)
2025-07-30 02:37:41 - INFO - Augmented X train shape: (8000, 3)
2025-07-30 02:37:41 - INFO - Combined X train shape: (14400, 3)
2025-07-30 02:37:41 - INFO - Training new xgboost model on augmented data

2025-07-30 02:37:42 - INFO - Selected features to perturb: ['F2', 'F0', 'F1']

2025-07-30 02:37:42 - INFO - Intervening on features to create augmented feature set
2025-07-30 02:37:42 - INFO - Generating counterfactuals for augmented target set
2025-07-30 02:37:42 - INFO - Original X train shape: (6400, 3)
2025-07-30 02:37:42 - INFO - Augmented X train shape: (4800, 3)
2025-07-30 02:37:42 - INFO - Combined X train shape: (11200, 3)
2025-07-30 02:37:42 - INFO - Training new xgboost model on augmented data

2025-07-30 02:37:43 - INFO - Selected features to perturb: ['F2', 'F0', 'F1']

2025-07-30 02:37:43 - INFO - Intervening on features to create augmented feature set
2025-07-30 02:37:43 - INFO - Generating counterfactuals for augmented target set
2025-07-30 02:37:43 - INFO - Original X train shape: (6400, 3)
2025-07-30 02:37:43 - INFO - Augmented X train shape: (9600, 3)
2025-07-30 02:37:43 - INFO - Combined X train shape: (16000, 3)
2025-07-30 02:37:43 - INFO - Training new xgboost model on augmented data

2025-07-30 02:37:43 - INFO - Selected features to perturb: ['F2']

2025-07-30 02:37:43 - INFO - Intervening on features to create augmented feature set
2025-07-30 02:37:43 - INFO - Generating counterfactuals for augmented target set
2025-07-30 02:37:43 - INFO - Original X train shape: (6400, 3)
2025-07-30 02:37:43 - INFO - Augmented X train shape: (9600, 3)
2025-07-30 02:37:43 - INFO - Combined X train shape: (16000, 3)
2025-07-30 02:37:43 - INFO - Training new xgboost model on augmented data

2025-07-30 02:37:44 - INFO - Selected features to perturb: ['F2', 'F0', 'F1']

2025-07-30 02:37:44 - INFO - Intervening on features to create augmented feature set
2025-07-30 02:37:44 - INFO - Generating counterfactuals for augmented target set
2025-07-30 02:37:44 - INFO - Original X train shape: (6400, 3)
2025-07-30 02:37:44 - INFO - Augmented X train shape: (8000, 3)
2025-07-30 02:37:44 - INFO - Combined X train shape: (14400, 3)
2025-07-30 02:37:44 - INFO - Training new xgboost model on augmented data

2025-07-30 02:37:45 - INFO - Selected features to perturb: ['F2']

2025-07-30 02:37:45 - INFO - Intervening on features to create augmented feature set
2025-07-30 02:37:45 - INFO - Generating counterfactuals for augmented target set
2025-07-30 02:37:45 - INFO - Original X train shape: (6400, 3)
2025-07-30 02:37:45 - INFO - Augmented X train shape: (8000, 3)
2025-07-30 02:37:45 - INFO - Combined X train shape: (14400, 3)
2025-07-30 02:37:45 - INFO - Training new xgboost model on augmented data

2025-07-30 02:37:45 - INFO - Selected features to perturb: ['F2', 'F0', 'F1']

2025-07-30 02:37:45 - INFO - Intervening on features to create augmented feature set
2025-07-30 02:37:45 - INFO - Generating counterfactuals for augmented target set
2025-07-30 02:37:45 - INFO - Original X train shape: (6400, 3)
2025-07-30 02:37:45 - INFO - Augmented X train shape: (6400, 3)
2025-07-30 02:37:45 - INFO - Combined X train shape: (12800, 3)
2025-07-30 02:37:45 - INFO - Training new xgboost model on augmented data

2025-07-30 02:37:46 - INFO - Selected features to perturb: ['F2', 'F0', 'F1']

2025-07-30 02:37:46 - INFO - Intervening on features to create augmented feature set
2025-07-30 02:37:46 - INFO - Generating counterfactuals for augmented target set
2025-07-30 02:37:46 - INFO - Original X train shape: (6400, 3)
2025-07-30 02:37:46 - INFO - Augmented X train shape: (6400, 3)
2025-07-30 02:37:46 - INFO - Combined X train shape: (12800, 3)
2025-07-30 02:37:46 - INFO - Training new xgboost model on augmented data

2025-07-30 02:37:46 - INFO - Selected features to perturb: ['F2', 'F0', 'F1']

2025-07-30 02:37:46 - INFO - Intervening on features to create augmented feature set
2025-07-30 02:37:46 - INFO - Generating counterfactuals for augmented target set
2025-07-30 02:37:47 - INFO - Original X train shape: (6400, 3)
2025-07-30 02:37:47 - INFO - Augmented X train shape: (8000, 3)
2025-07-30 02:37:47 - INFO - Combined X train shape: (14400, 3)
2025-07-30 02:37:47 - INFO - Training new xgboost model on augmented data

2025-07-30 02:37:47 - INFO - Selected features to perturb: ['F2', 'F0', 'F1']

2025-07-30 02:37:47 - INFO - Intervening on features to create augmented feature set
2025-07-30 02:37:47 - INFO - Generating counterfactuals for augmented target set
2025-07-30 02:37:47 - INFO - Original X train shape: (6400, 3)
2025-07-30 02:37:47 - INFO - Augmented X train shape: (3200, 3)
2025-07-30 02:37:47 - INFO - Combined X train shape: (9600, 3)
2025-07-30 02:37:47 - INFO - Training new xgboost model on augmented data

2025-07-30 02:37:48 - INFO - Selected features to perturb: ['F2', 'F0', 'F1']

2025-07-30 02:37:48 - INFO - Intervening on features to create augmented feature set
2025-07-30 02:37:48 - INFO - Generating counterfactuals for augmented target set
2025-07-30 02:37:48 - INFO - Original X train shape: (6400, 3)
2025-07-30 02:37:48 - INFO - Augmented X train shape: (8000, 3)
2025-07-30 02:37:48 - INFO - Combined X train shape: (14400, 3)
2025-07-30 02:37:48 - INFO - Training new xgboost model on augmented data

2025-07-30 02:37:48 - INFO - Selected features to perturb: ['F2', 'F0', 'F1']

2025-07-30 02:37:48 - INFO - Intervening on features to create augmented feature set
2025-07-30 02:37:48 - INFO - Generating counterfactuals for augmented target set
2025-07-30 02:37:48 - INFO - Original X train shape: (6400, 3)
2025-07-30 02:37:48 - INFO - Augmented X train shape: (9600, 3)
2025-07-30 02:37:48 - INFO - Combined X train shape: (16000, 3)
2025-07-30 02:37:48 - INFO - Training new xgboost model on augmented data

2025-07-30 02:37:49 - INFO - Selected features to perturb: ['F2', 'F0', 'F1']

2025-07-30 02:37:49 - INFO - Intervening on features to create augmented feature set
2025-07-30 02:37:49 - INFO - Generating counterfactuals for augmented target set
2025-07-30 02:37:49 - INFO - Original X train shape: (6400, 3)
2025-07-30 02:37:49 - INFO - Augmented X train shape: (9600, 3)
2025-07-30 02:37:49 - INFO - Combined X train shape: (16000, 3)
2025-07-30 02:37:49 - INFO - Training new xgboost model on augmented data

2025-07-30 02:37:50 - INFO - Selected features to perturb: ['F2', 'F0']

2025-07-30 02:37:50 - INFO - Intervening on features to create augmented feature set
2025-07-30 02:37:50 - INFO - Generating counterfactuals for augmented target set
2025-07-30 02:37:50 - INFO - Original X train shape: (6400, 3)
2025-07-30 02:37:50 - INFO - Augmented X train shape: (9600, 3)
2025-07-30 02:37:50 - INFO - Combined X train shape: (16000, 3)
2025-07-30 02:37:50 - INFO - Training new xgboost model on augmented data

2025-07-30 02:37:51 - INFO - Selected features to perturb: ['F2', 'F0', 'F1']

2025-07-30 02:37:51 - INFO - Intervening on features to create augmented feature set
2025-07-30 02:37:51 - INFO - Generating counterfactuals for augmented target set
2025-07-30 02:37:51 - INFO - Original X train shape: (6400, 3)
2025-07-30 02:37:51 - INFO - Augmented X train shape: (4800, 3)
2025-07-30 02:37:51 - INFO - Combined X train shape: (11200, 3)
2025-07-30 02:37:51 - INFO - Training new xgboost model on augmented data

2025-07-30 02:37:51 - INFO - Selected features to perturb: ['F2', 'F0', 'F1']

2025-07-30 02:37:51 - INFO - Intervening on features to create augmented feature set
2025-07-30 02:37:51 - INFO - Generating counterfactuals for augmented target set
2025-07-30 02:37:52 - INFO - Original X train shape: (6400, 3)
2025-07-30 02:37:52 - INFO - Augmented X train shape: (9600, 3)
2025-07-30 02:37:52 - INFO - Combined X train shape: (16000, 3)
2025-07-30 02:37:52 - INFO - Training new xgboost model on augmented data

2025-07-30 02:37:52 - INFO - Selected features to perturb: ['F2', 'F0', 'F1']

2025-07-30 02:37:52 - INFO - Intervening on features to create augmented feature set
2025-07-30 02:37:52 - INFO - Generating counterfactuals for augmented target set
2025-07-30 02:37:52 - INFO - Original X train shape: (6400, 3)
2025-07-30 02:37:52 - INFO - Augmented X train shape: (6400, 3)
2025-07-30 02:37:52 - INFO - Combined X train shape: (12800, 3)
2025-07-30 02:37:52 - INFO - Training new xgboost model on augmented data

2025-07-30 02:37:53 - INFO - Selected features to perturb: ['F2', 'F0', 'F1']

2025-07-30 02:37:53 - INFO - Intervening on features to create augmented feature set
2025-07-30 02:37:53 - INFO - Generating counterfactuals for augmented target set
2025-07-30 02:37:53 - INFO - Original X train shape: (6400, 3)
2025-07-30 02:37:53 - INFO - Augmented X train shape: (8000, 3)
2025-07-30 02:37:53 - INFO - Combined X train shape: (14400, 3)
2025-07-30 02:37:53 - INFO - Training new xgboost model on augmented data

2025-07-30 02:37:54 - INFO - Selected features to perturb: ['F2', 'F0', 'F1']

2025-07-30 02:37:54 - INFO - Intervening on features to create augmented feature set
2025-07-30 02:37:54 - INFO - Generating counterfactuals for augmented target set
2025-07-30 02:37:54 - INFO - Original X train shape: (6400, 3)
2025-07-30 02:37:54 - INFO - Augmented X train shape: (4800, 3)
2025-07-30 02:37:54 - INFO - Combined X train shape: (11200, 3)
2025-07-30 02:37:54 - INFO - Training new xgboost model on augmented data

2025-07-30 02:37:54 - INFO - Selected features to perturb: ['F2', 'F0']

2025-07-30 02:37:54 - INFO - Intervening on features to create augmented feature set
2025-07-30 02:37:54 - INFO - Generating counterfactuals for augmented target set
2025-07-30 02:37:54 - INFO - Original X train shape: (6400, 3)
2025-07-30 02:37:54 - INFO - Augmented X train shape: (6400, 3)
2025-07-30 02:37:54 - INFO - Combined X train shape: (12800, 3)
2025-07-30 02:37:54 - INFO - Training new xgboost model on augmented data

2025-07-30 02:37:55 - INFO - Selected features to perturb: ['F2', 'F0', 'F1']

2025-07-30 02:37:55 - INFO - Intervening on features to create augmented feature set
2025-07-30 02:37:55 - INFO - Generating counterfactuals for augmented target set
2025-07-30 02:37:55 - INFO - Original X train shape: (6400, 3)
2025-07-30 02:37:55 - INFO - Augmented X train shape: (8000, 3)
2025-07-30 02:37:55 - INFO - Combined X train shape: (14400, 3)
2025-07-30 02:37:55 - INFO - Training new xgboost model on augmented data

2025-07-30 02:37:56 - INFO - Selected features to perturb: ['F2', 'F0', 'F1']

2025-07-30 02:37:56 - INFO - Intervening on features to create augmented feature set
2025-07-30 02:37:56 - INFO - Generating counterfactuals for augmented target set
2025-07-30 02:37:56 - INFO - Original X train shape: (6400, 3)
2025-07-30 02:37:56 - INFO - Augmented X train shape: (8000, 3)
2025-07-30 02:37:56 - INFO - Combined X train shape: (14400, 3)
2025-07-30 02:37:56 - INFO - Training new xgboost model on augmented data

2025-07-30 02:37:56 - INFO - Selected features to perturb: ['F2', 'F0', 'F1']

2025-07-30 02:37:56 - INFO - Intervening on features to create augmented feature set
2025-07-30 02:37:56 - INFO - Generating counterfactuals for augmented target set
2025-07-30 02:37:56 - INFO - Original X train shape: (6400, 3)
2025-07-30 02:37:56 - INFO - Augmented X train shape: (9600, 3)
2025-07-30 02:37:56 - INFO - Combined X train shape: (16000, 3)
2025-07-30 02:37:56 - INFO - Training new xgboost model on augmented data

2025-07-30 02:37:57 - INFO - Selected features to perturb: ['F2', 'F0', 'F1']

2025-07-30 02:37:57 - INFO - Intervening on features to create augmented feature set
2025-07-30 02:37:57 - INFO - Generating counterfactuals for augmented target set
2025-07-30 02:37:57 - INFO - Original X train shape: (6400, 3)
2025-07-30 02:37:57 - INFO - Augmented X train shape: (9600, 3)
2025-07-30 02:37:57 - INFO - Combined X train shape: (16000, 3)
2025-07-30 02:37:57 - INFO - Training new xgboost model on augmented data

2025-07-30 02:37:58 - INFO - Selected features to perturb: ['F2', 'F0', 'F1']

2025-07-30 02:37:58 - INFO - Intervening on features to create augmented feature set
2025-07-30 02:37:58 - INFO - Generating counterfactuals for augmented target set
2025-07-30 02:37:58 - INFO - Original X train shape: (6400, 3)
2025-07-30 02:37:58 - INFO - Augmented X train shape: (8000, 3)
2025-07-30 02:37:58 - INFO - Combined X train shape: (14400, 3)
2025-07-30 02:37:58 - INFO - Training new xgboost model on augmented data

2025-07-30 02:37:58 - INFO - Selected features to perturb: ['F2', 'F0', 'F1']

2025-07-30 02:37:58 - INFO - Intervening on features to create augmented feature set
2025-07-30 02:37:58 - INFO - Generating counterfactuals for augmented target set
2025-07-30 02:37:58 - INFO - Original X train shape: (6400, 3)
2025-07-30 02:37:58 - INFO - Augmented X train shape: (8000, 3)
2025-07-30 02:37:58 - INFO - Combined X train shape: (14400, 3)
2025-07-30 02:37:58 - INFO - Training new xgboost model on augmented data

2025-07-30 02:37:59 - INFO - Selected features to perturb: ['F2', 'F0', 'F1']

2025-07-30 02:37:59 - INFO - Intervening on features to create augmented feature set
2025-07-30 02:37:59 - INFO - Generating counterfactuals for augmented target set
2025-07-30 02:37:59 - INFO - Original X train shape: (6400, 3)
2025-07-30 02:37:59 - INFO - Augmented X train shape: (9600, 3)
2025-07-30 02:37:59 - INFO - Combined X train shape: (16000, 3)
2025-07-30 02:37:59 - INFO - Training new xgboost model on augmented data

2025-07-30 02:38:01 - INFO - Selected features to perturb: ['F2', 'F0', 'F1']

2025-07-30 02:38:01 - INFO - Intervening on features to create augmented feature set
2025-07-30 02:38:01 - INFO - Generating counterfactuals for augmented target set
2025-07-30 02:38:01 - INFO - Original X train shape: (6400, 3)
2025-07-30 02:38:01 - INFO - Augmented X train shape: (6400, 3)
2025-07-30 02:38:01 - INFO - Combined X train shape: (12800, 3)
2025-07-30 02:38:01 - INFO - Training new xgboost model on augmented data

2025-07-30 02:38:01 - INFO - Selected features to perturb: ['F2', 'F0']

2025-07-30 02:38:01 - INFO - Intervening on features to create augmented feature set
2025-07-30 02:38:01 - INFO - Generating counterfactuals for augmented target set
2025-07-30 02:38:01 - INFO - Original X train shape: (6400, 3)
2025-07-30 02:38:01 - INFO - Augmented X train shape: (8000, 3)
2025-07-30 02:38:01 - INFO - Combined X train shape: (14400, 3)
2025-07-30 02:38:01 - INFO - Training new xgboost model on augmented data

2025-07-30 02:38:02 - INFO - Best augmentation parameters:
{'max_n_features_to_perturb': 5, 'aug_data_size_factor': 1.25, 'aug_data_weight': 1.0, 'max_perturb_percent': 0.2, 'min_perturb_percent': -0.2}

2025-07-30 02:38:02 - INFO - Selected features to perturb: ['F2', 'F0', 'F1']

2025-07-30 02:38:02 - INFO - Intervening on features to create augmented feature set
2025-07-30 02:38:02 - INFO - Generating counterfactuals for augmented target set
2025-07-30 02:38:02 - INFO - Original X train shape: (8000, 3)
2025-07-30 02:38:02 - INFO - Augmented X train shape: (10000, 3)
2025-07-30 02:38:02 - INFO - Combined X train shape: (18000, 3)
2025-07-30 02:38:10 - INFO - Done cross-validation evaluation
2025-07-30 02:38:10 - INFO - The p-value from the Wilcoxon signed-rank test is: 0.0009765625

2025-07-30 02:38:10 - INFO - Evaluation metrics for the experiment:
2025-07-30 02:38:10 - INFO - Original MSE: 0.0017323051250158117, Augmented MSE: 0.0016303284021679607


2025-07-30 02:38:10 - INFO - ####################################################################################################
2025-07-30 02:38:10 - INFO - Interim results for seeds saved to ../experiments_synthetic/anm/xgboost_20250730-023647/interim_results/anm_data_sample_10000_interim_results.csv. Aggregating results for anm_data_sample_10000...
2025-07-30 02:38:10 - INFO - ****************************************************************************************************
2025-07-30 02:38:10 - INFO - 






****************************************************************************************************
2025-07-30 02:38:10 - INFO - Running experiment on dataset: anm_data_sample_15000
2025-07-30 02:38:10 - INFO - 



####################################################################################################
2025-07-30 02:38:10 - INFO - Running experiment on dataset: anm_data_sample_15000 with seed: 0
2025-07-30 02:38:10 - INFO - Training xgboost baseline model
2025-07-30 02:38:10 - INFO - Done training baseline model
2025-07-30 02:38:10 - INFO - Done calculating residuals

2025-07-30 02:38:10 - INFO - Filtering for features to perturb
2025-07-30 02:38:10 - INFO - Creating causal graph for anm_data_sample_15000
2025-07-30 02:38:10 - INFO - Features that are not connected to Z (conditional independence): ['F2', 'F0', 'F1']
2025-07-30 02:38:10 - INFO - [Z vs F0]  r: 0.0048, p: 0.5582
2025-07-30 02:38:10 - INFO - [Z vs F1]  r: 0.0057, p: 0.4875
2025-07-30 02:38:10 - INFO - [Z vs F2]  r: 0.0000, p: 0.9984
2025-07-30 02:38:10 - INFO - Candidates (uncorrelated + not connected to Z): ['F2', 'F0', 'F1']
2025-07-30 02:38:10 - INFO - Ranked candidate features:
  feature     score  r_with_T  r_with_Z
0      F2  0.006688 -0.006705  0.000016
1      F0  0.003781 -0.008562  0.004781
2      F1 -0.003646 -0.002023  0.005669
2025-07-30 02:38:10 - INFO - Done filtering.

2025-07-30 02:38:10 - INFO - Selected features to perturb: ['F2', 'F0', 'F1']

2025-07-30 02:38:10 - INFO - Intervening on features to create augmented feature set
2025-07-30 02:38:10 - INFO - Generating counterfactuals for augmented target set
2025-07-30 02:38:10 - INFO - Original X train shape: (9600, 3)
2025-07-30 02:38:10 - INFO - Augmented X train shape: (12000, 3)
2025-07-30 02:38:10 - INFO - Combined X train shape: (21600, 3)
2025-07-30 02:38:10 - INFO - Training new xgboost model on augmented data

2025-07-30 02:38:11 - INFO - Selected features to perturb: ['F2', 'F0', 'F1']

2025-07-30 02:38:11 - INFO - Intervening on features to create augmented feature set
2025-07-30 02:38:11 - INFO - Generating counterfactuals for augmented target set
2025-07-30 02:38:11 - INFO - Original X train shape: (9600, 3)
2025-07-30 02:38:11 - INFO - Augmented X train shape: (12000, 3)
2025-07-30 02:38:11 - INFO - Combined X train shape: (21600, 3)
2025-07-30 02:38:11 - INFO - Training new xgboost model on augmented data

2025-07-30 02:38:12 - INFO - Selected features to perturb: ['F2', 'F0', 'F1']

2025-07-30 02:38:12 - INFO - Intervening on features to create augmented feature set
2025-07-30 02:38:12 - INFO - Generating counterfactuals for augmented target set
2025-07-30 02:38:12 - INFO - Original X train shape: (9600, 3)
2025-07-30 02:38:12 - INFO - Augmented X train shape: (7200, 3)
2025-07-30 02:38:12 - INFO - Combined X train shape: (16800, 3)
2025-07-30 02:38:12 - INFO - Training new xgboost model on augmented data

2025-07-30 02:38:12 - INFO - Selected features to perturb: ['F2', 'F0', 'F1']

2025-07-30 02:38:12 - INFO - Intervening on features to create augmented feature set
2025-07-30 02:38:12 - INFO - Generating counterfactuals for augmented target set
2025-07-30 02:38:13 - INFO - Original X train shape: (9600, 3)
2025-07-30 02:38:13 - INFO - Augmented X train shape: (14400, 3)
2025-07-30 02:38:13 - INFO - Combined X train shape: (24000, 3)
2025-07-30 02:38:13 - INFO - Training new xgboost model on augmented data

2025-07-30 02:38:13 - INFO - Selected features to perturb: ['F2']

2025-07-30 02:38:13 - INFO - Intervening on features to create augmented feature set
2025-07-30 02:38:13 - INFO - Generating counterfactuals for augmented target set
2025-07-30 02:38:13 - INFO - Original X train shape: (9600, 3)
2025-07-30 02:38:13 - INFO - Augmented X train shape: (14400, 3)
2025-07-30 02:38:13 - INFO - Combined X train shape: (24000, 3)
2025-07-30 02:38:13 - INFO - Training new xgboost model on augmented data

2025-07-30 02:38:14 - INFO - Selected features to perturb: ['F2', 'F0', 'F1']

2025-07-30 02:38:14 - INFO - Intervening on features to create augmented feature set
2025-07-30 02:38:14 - INFO - Generating counterfactuals for augmented target set
2025-07-30 02:38:14 - INFO - Original X train shape: (9600, 3)
2025-07-30 02:38:14 - INFO - Augmented X train shape: (12000, 3)
2025-07-30 02:38:14 - INFO - Combined X train shape: (21600, 3)
2025-07-30 02:38:14 - INFO - Training new xgboost model on augmented data

2025-07-30 02:38:15 - INFO - Selected features to perturb: ['F2']

2025-07-30 02:38:15 - INFO - Intervening on features to create augmented feature set
2025-07-30 02:38:15 - INFO - Generating counterfactuals for augmented target set
2025-07-30 02:38:15 - INFO - Original X train shape: (9600, 3)
2025-07-30 02:38:15 - INFO - Augmented X train shape: (12000, 3)
2025-07-30 02:38:15 - INFO - Combined X train shape: (21600, 3)
2025-07-30 02:38:15 - INFO - Training new xgboost model on augmented data

2025-07-30 02:38:15 - INFO - Selected features to perturb: ['F2', 'F0', 'F1']

2025-07-30 02:38:15 - INFO - Intervening on features to create augmented feature set
2025-07-30 02:38:15 - INFO - Generating counterfactuals for augmented target set
2025-07-30 02:38:15 - INFO - Original X train shape: (9600, 3)
2025-07-30 02:38:15 - INFO - Augmented X train shape: (9600, 3)
2025-07-30 02:38:15 - INFO - Combined X train shape: (19200, 3)
2025-07-30 02:38:15 - INFO - Training new xgboost model on augmented data

2025-07-30 02:38:16 - INFO - Selected features to perturb: ['F2', 'F0', 'F1']

2025-07-30 02:38:16 - INFO - Intervening on features to create augmented feature set
2025-07-30 02:38:16 - INFO - Generating counterfactuals for augmented target set
2025-07-30 02:38:16 - INFO - Original X train shape: (9600, 3)
2025-07-30 02:38:16 - INFO - Augmented X train shape: (9600, 3)
2025-07-30 02:38:16 - INFO - Combined X train shape: (19200, 3)
2025-07-30 02:38:16 - INFO - Training new xgboost model on augmented data

2025-07-30 02:38:17 - INFO - Selected features to perturb: ['F2', 'F0', 'F1']

2025-07-30 02:38:17 - INFO - Intervening on features to create augmented feature set
2025-07-30 02:38:17 - INFO - Generating counterfactuals for augmented target set
2025-07-30 02:38:17 - INFO - Original X train shape: (9600, 3)
2025-07-30 02:38:17 - INFO - Augmented X train shape: (12000, 3)
2025-07-30 02:38:17 - INFO - Combined X train shape: (21600, 3)
2025-07-30 02:38:17 - INFO - Training new xgboost model on augmented data

2025-07-30 02:38:18 - INFO - Selected features to perturb: ['F2', 'F0', 'F1']

2025-07-30 02:38:18 - INFO - Intervening on features to create augmented feature set
2025-07-30 02:38:18 - INFO - Generating counterfactuals for augmented target set
2025-07-30 02:38:18 - INFO - Original X train shape: (9600, 3)
2025-07-30 02:38:18 - INFO - Augmented X train shape: (4800, 3)
2025-07-30 02:38:18 - INFO - Combined X train shape: (14400, 3)
2025-07-30 02:38:18 - INFO - Training new xgboost model on augmented data

2025-07-30 02:38:18 - INFO - Selected features to perturb: ['F2', 'F0', 'F1']

2025-07-30 02:38:18 - INFO - Intervening on features to create augmented feature set
2025-07-30 02:38:18 - INFO - Generating counterfactuals for augmented target set
2025-07-30 02:38:18 - INFO - Original X train shape: (9600, 3)
2025-07-30 02:38:18 - INFO - Augmented X train shape: (14400, 3)
2025-07-30 02:38:18 - INFO - Combined X train shape: (24000, 3)
2025-07-30 02:38:18 - INFO - Training new xgboost model on augmented data

2025-07-30 02:38:19 - INFO - Selected features to perturb: ['F2', 'F0']

2025-07-30 02:38:19 - INFO - Intervening on features to create augmented feature set
2025-07-30 02:38:19 - INFO - Generating counterfactuals for augmented target set
2025-07-30 02:38:19 - INFO - Original X train shape: (9600, 3)
2025-07-30 02:38:19 - INFO - Augmented X train shape: (14400, 3)
2025-07-30 02:38:19 - INFO - Combined X train shape: (24000, 3)
2025-07-30 02:38:19 - INFO - Training new xgboost model on augmented data

2025-07-30 02:38:20 - INFO - Selected features to perturb: ['F2', 'F0', 'F1']

2025-07-30 02:38:20 - INFO - Intervening on features to create augmented feature set
2025-07-30 02:38:20 - INFO - Generating counterfactuals for augmented target set
2025-07-30 02:38:20 - INFO - Original X train shape: (9600, 3)
2025-07-30 02:38:20 - INFO - Augmented X train shape: (14400, 3)
2025-07-30 02:38:20 - INFO - Combined X train shape: (24000, 3)
2025-07-30 02:38:20 - INFO - Training new xgboost model on augmented data

2025-07-30 02:38:21 - INFO - Selected features to perturb: ['F2', 'F0']

2025-07-30 02:38:21 - INFO - Intervening on features to create augmented feature set
2025-07-30 02:38:21 - INFO - Generating counterfactuals for augmented target set
2025-07-30 02:38:21 - INFO - Original X train shape: (9600, 3)
2025-07-30 02:38:21 - INFO - Augmented X train shape: (12000, 3)
2025-07-30 02:38:21 - INFO - Combined X train shape: (21600, 3)
2025-07-30 02:38:21 - INFO - Training new xgboost model on augmented data

2025-07-30 02:38:21 - INFO - Selected features to perturb: ['F2', 'F0', 'F1']

2025-07-30 02:38:21 - INFO - Intervening on features to create augmented feature set
2025-07-30 02:38:21 - INFO - Generating counterfactuals for augmented target set
2025-07-30 02:38:21 - INFO - Original X train shape: (9600, 3)
2025-07-30 02:38:21 - INFO - Augmented X train shape: (7200, 3)
2025-07-30 02:38:21 - INFO - Combined X train shape: (16800, 3)
2025-07-30 02:38:21 - INFO - Training new xgboost model on augmented data

2025-07-30 02:38:22 - INFO - Selected features to perturb: ['F2', 'F0']

2025-07-30 02:38:22 - INFO - Intervening on features to create augmented feature set
2025-07-30 02:38:22 - INFO - Generating counterfactuals for augmented target set
2025-07-30 02:38:22 - INFO - Original X train shape: (9600, 3)
2025-07-30 02:38:22 - INFO - Augmented X train shape: (14400, 3)
2025-07-30 02:38:22 - INFO - Combined X train shape: (24000, 3)
2025-07-30 02:38:22 - INFO - Training new xgboost model on augmented data

2025-07-30 02:38:23 - INFO - Selected features to perturb: ['F2', 'F0', 'F1']

2025-07-30 02:38:23 - INFO - Intervening on features to create augmented feature set
2025-07-30 02:38:23 - INFO - Generating counterfactuals for augmented target set
2025-07-30 02:38:23 - INFO - Original X train shape: (9600, 3)
2025-07-30 02:38:23 - INFO - Augmented X train shape: (9600, 3)
2025-07-30 02:38:23 - INFO - Combined X train shape: (19200, 3)
2025-07-30 02:38:23 - INFO - Training new xgboost model on augmented data

2025-07-30 02:38:24 - INFO - Selected features to perturb: ['F2', 'F0', 'F1']

2025-07-30 02:38:24 - INFO - Intervening on features to create augmented feature set
2025-07-30 02:38:24 - INFO - Generating counterfactuals for augmented target set
2025-07-30 02:38:24 - INFO - Original X train shape: (9600, 3)
2025-07-30 02:38:24 - INFO - Augmented X train shape: (12000, 3)
2025-07-30 02:38:24 - INFO - Combined X train shape: (21600, 3)
2025-07-30 02:38:24 - INFO - Training new xgboost model on augmented data

2025-07-30 02:38:24 - INFO - Selected features to perturb: ['F2', 'F0', 'F1']

2025-07-30 02:38:24 - INFO - Intervening on features to create augmented feature set
2025-07-30 02:38:24 - INFO - Generating counterfactuals for augmented target set
2025-07-30 02:38:24 - INFO - Original X train shape: (9600, 3)
2025-07-30 02:38:24 - INFO - Augmented X train shape: (7200, 3)
2025-07-30 02:38:24 - INFO - Combined X train shape: (16800, 3)
2025-07-30 02:38:24 - INFO - Training new xgboost model on augmented data

2025-07-30 02:38:25 - INFO - Selected features to perturb: ['F2', 'F0']

2025-07-30 02:38:25 - INFO - Intervening on features to create augmented feature set
2025-07-30 02:38:25 - INFO - Generating counterfactuals for augmented target set
2025-07-30 02:38:25 - INFO - Original X train shape: (9600, 3)
2025-07-30 02:38:25 - INFO - Augmented X train shape: (14400, 3)
2025-07-30 02:38:25 - INFO - Combined X train shape: (24000, 3)
2025-07-30 02:38:25 - INFO - Training new xgboost model on augmented data

2025-07-30 02:38:26 - INFO - Selected features to perturb: ['F2', 'F0', 'F1']

2025-07-30 02:38:26 - INFO - Intervening on features to create augmented feature set
2025-07-30 02:38:26 - INFO - Generating counterfactuals for augmented target set
2025-07-30 02:38:26 - INFO - Original X train shape: (9600, 3)
2025-07-30 02:38:26 - INFO - Augmented X train shape: (7200, 3)
2025-07-30 02:38:26 - INFO - Combined X train shape: (16800, 3)
2025-07-30 02:38:26 - INFO - Training new xgboost model on augmented data

2025-07-30 02:38:26 - INFO - Selected features to perturb: ['F2', 'F0', 'F1']

2025-07-30 02:38:26 - INFO - Intervening on features to create augmented feature set
2025-07-30 02:38:26 - INFO - Generating counterfactuals for augmented target set
2025-07-30 02:38:26 - INFO - Original X train shape: (9600, 3)
2025-07-30 02:38:26 - INFO - Augmented X train shape: (4800, 3)
2025-07-30 02:38:26 - INFO - Combined X train shape: (14400, 3)
2025-07-30 02:38:26 - INFO - Training new xgboost model on augmented data

2025-07-30 02:38:27 - INFO - Selected features to perturb: ['F2', 'F0', 'F1']

2025-07-30 02:38:27 - INFO - Intervening on features to create augmented feature set
2025-07-30 02:38:27 - INFO - Generating counterfactuals for augmented target set
2025-07-30 02:38:27 - INFO - Original X train shape: (9600, 3)
2025-07-30 02:38:27 - INFO - Augmented X train shape: (7200, 3)
2025-07-30 02:38:27 - INFO - Combined X train shape: (16800, 3)
2025-07-30 02:38:27 - INFO - Training new xgboost model on augmented data

2025-07-30 02:38:28 - INFO - Selected features to perturb: ['F2', 'F0', 'F1']

2025-07-30 02:38:28 - INFO - Intervening on features to create augmented feature set
2025-07-30 02:38:28 - INFO - Generating counterfactuals for augmented target set
2025-07-30 02:38:28 - INFO - Original X train shape: (9600, 3)
2025-07-30 02:38:28 - INFO - Augmented X train shape: (9600, 3)
2025-07-30 02:38:28 - INFO - Combined X train shape: (19200, 3)
2025-07-30 02:38:28 - INFO - Training new xgboost model on augmented data

2025-07-30 02:38:29 - INFO - Selected features to perturb: ['F2', 'F0', 'F1']

2025-07-30 02:38:29 - INFO - Intervening on features to create augmented feature set
2025-07-30 02:38:29 - INFO - Generating counterfactuals for augmented target set
2025-07-30 02:38:29 - INFO - Original X train shape: (9600, 3)
2025-07-30 02:38:29 - INFO - Augmented X train shape: (4800, 3)
2025-07-30 02:38:29 - INFO - Combined X train shape: (14400, 3)
2025-07-30 02:38:29 - INFO - Training new xgboost model on augmented data

2025-07-30 02:38:29 - INFO - Selected features to perturb: ['F2', 'F0', 'F1']

2025-07-30 02:38:29 - INFO - Intervening on features to create augmented feature set
2025-07-30 02:38:29 - INFO - Generating counterfactuals for augmented target set
2025-07-30 02:38:29 - INFO - Original X train shape: (9600, 3)
2025-07-30 02:38:29 - INFO - Augmented X train shape: (7200, 3)
2025-07-30 02:38:29 - INFO - Combined X train shape: (16800, 3)
2025-07-30 02:38:29 - INFO - Training new xgboost model on augmented data

2025-07-30 02:38:30 - INFO - Selected features to perturb: ['F2', 'F0', 'F1']

2025-07-30 02:38:30 - INFO - Intervening on features to create augmented feature set
2025-07-30 02:38:30 - INFO - Generating counterfactuals for augmented target set
2025-07-30 02:38:30 - INFO - Original X train shape: (9600, 3)
2025-07-30 02:38:30 - INFO - Augmented X train shape: (9600, 3)
2025-07-30 02:38:30 - INFO - Combined X train shape: (19200, 3)
2025-07-30 02:38:30 - INFO - Training new xgboost model on augmented data

2025-07-30 02:38:31 - INFO - Selected features to perturb: ['F2', 'F0', 'F1']

2025-07-30 02:38:31 - INFO - Intervening on features to create augmented feature set
2025-07-30 02:38:31 - INFO - Generating counterfactuals for augmented target set
2025-07-30 02:38:31 - INFO - Original X train shape: (9600, 3)
2025-07-30 02:38:31 - INFO - Augmented X train shape: (12000, 3)
2025-07-30 02:38:31 - INFO - Combined X train shape: (21600, 3)
2025-07-30 02:38:31 - INFO - Training new xgboost model on augmented data

2025-07-30 02:38:31 - INFO - Selected features to perturb: ['F2', 'F0', 'F1']

2025-07-30 02:38:31 - INFO - Intervening on features to create augmented feature set
2025-07-30 02:38:31 - INFO - Generating counterfactuals for augmented target set
2025-07-30 02:38:31 - INFO - Original X train shape: (9600, 3)
2025-07-30 02:38:31 - INFO - Augmented X train shape: (12000, 3)
2025-07-30 02:38:31 - INFO - Combined X train shape: (21600, 3)
2025-07-30 02:38:31 - INFO - Training new xgboost model on augmented data

2025-07-30 02:38:32 - INFO - Best augmentation parameters:
{'max_n_features_to_perturb': 4, 'aug_data_size_factor': 1.25, 'aug_data_weight': 1.0, 'max_perturb_percent': 0.7000000000000001, 'min_perturb_percent': -0.7000000000000001}

2025-07-30 02:38:32 - INFO - Selected features to perturb: ['F2', 'F0', 'F1']

2025-07-30 02:38:32 - INFO - Intervening on features to create augmented feature set
2025-07-30 02:38:32 - INFO - Generating counterfactuals for augmented target set
2025-07-30 02:38:32 - INFO - Original X train shape: (12000, 3)
2025-07-30 02:38:32 - INFO - Augmented X train shape: (15000, 3)
2025-07-30 02:38:32 - INFO - Combined X train shape: (27000, 3)
2025-07-30 02:38:43 - INFO - Done cross-validation evaluation
2025-07-30 02:38:43 - INFO - The p-value from the Wilcoxon signed-rank test is: 0.0009765625

2025-07-30 02:38:43 - INFO - Evaluation metrics for the experiment:
2025-07-30 02:38:43 - INFO - Original MSE: 0.0015919758944562131, Augmented MSE: 0.0015378346683585249


2025-07-30 02:38:43 - INFO - ####################################################################################################
2025-07-30 02:38:43 - INFO - Interim results for seeds saved to ../experiments_synthetic/anm/xgboost_20250730-023647/interim_results/anm_data_sample_15000_interim_results.csv. Aggregating results for anm_data_sample_15000...
2025-07-30 02:38:43 - INFO - ****************************************************************************************************
2025-07-30 02:38:43 - INFO - 






****************************************************************************************************
2025-07-30 02:38:43 - INFO - Running experiment on dataset: anm_data_sample_20000
2025-07-30 02:38:43 - INFO - 



####################################################################################################
2025-07-30 02:38:43 - INFO - Running experiment on dataset: anm_data_sample_20000 with seed: 0
2025-07-30 02:38:43 - INFO - Training xgboost baseline model
2025-07-30 02:38:43 - INFO - Done training baseline model
2025-07-30 02:38:44 - INFO - Done calculating residuals

2025-07-30 02:38:44 - INFO - Filtering for features to perturb
2025-07-30 02:38:44 - INFO - Creating causal graph for anm_data_sample_20000
2025-07-30 02:38:44 - INFO - Features that are not connected to Z (conditional independence): ['F2', 'F0', 'F1']
2025-07-30 02:38:44 - INFO - [Z vs F0]  r: 0.0045, p: 0.5221
2025-07-30 02:38:44 - INFO - [Z vs F1]  r: 0.0030, p: 0.6701
2025-07-30 02:38:44 - INFO - [Z vs F2]  r: -0.0004, p: 0.9582
2025-07-30 02:38:44 - INFO - Candidates (uncorrelated + not connected to Z): ['F2', 'F0', 'F1']
2025-07-30 02:38:44 - INFO - Ranked candidate features:
  feature     score  r_with_T  r_with_Z
0      F2  0.005656 -0.006026 -0.000370
1      F0  0.001878 -0.006405  0.004527
2      F1  0.000365 -0.003377  0.003012
2025-07-30 02:38:44 - INFO - Done filtering.

2025-07-30 02:38:44 - INFO - Selected features to perturb: ['F2', 'F0', 'F1']

2025-07-30 02:38:44 - INFO - Intervening on features to create augmented feature set
2025-07-30 02:38:44 - INFO - Generating counterfactuals for augmented target set
2025-07-30 02:38:44 - INFO - Original X train shape: (12800, 3)
2025-07-30 02:38:44 - INFO - Augmented X train shape: (16000, 3)
2025-07-30 02:38:44 - INFO - Combined X train shape: (28800, 3)
2025-07-30 02:38:44 - INFO - Training new xgboost model on augmented data

2025-07-30 02:38:44 - INFO - Selected features to perturb: ['F2', 'F0', 'F1']

2025-07-30 02:38:44 - INFO - Intervening on features to create augmented feature set
2025-07-30 02:38:44 - INFO - Generating counterfactuals for augmented target set
2025-07-30 02:38:44 - INFO - Original X train shape: (12800, 3)
2025-07-30 02:38:44 - INFO - Augmented X train shape: (16000, 3)
2025-07-30 02:38:44 - INFO - Combined X train shape: (28800, 3)
2025-07-30 02:38:44 - INFO - Training new xgboost model on augmented data

2025-07-30 02:38:45 - INFO - Selected features to perturb: ['F2', 'F0', 'F1']

2025-07-30 02:38:45 - INFO - Intervening on features to create augmented feature set
2025-07-30 02:38:45 - INFO - Generating counterfactuals for augmented target set
2025-07-30 02:38:45 - INFO - Original X train shape: (12800, 3)
2025-07-30 02:38:45 - INFO - Augmented X train shape: (9600, 3)
2025-07-30 02:38:45 - INFO - Combined X train shape: (22400, 3)
2025-07-30 02:38:45 - INFO - Training new xgboost model on augmented data

2025-07-30 02:38:46 - INFO - Selected features to perturb: ['F2', 'F0', 'F1']

2025-07-30 02:38:46 - INFO - Intervening on features to create augmented feature set
2025-07-30 02:38:46 - INFO - Generating counterfactuals for augmented target set
2025-07-30 02:38:46 - INFO - Original X train shape: (12800, 3)
2025-07-30 02:38:46 - INFO - Augmented X train shape: (19200, 3)
2025-07-30 02:38:46 - INFO - Combined X train shape: (32000, 3)
2025-07-30 02:38:46 - INFO - Training new xgboost model on augmented data

2025-07-30 02:38:47 - INFO - Selected features to perturb: ['F2']

2025-07-30 02:38:47 - INFO - Intervening on features to create augmented feature set
2025-07-30 02:38:47 - INFO - Generating counterfactuals for augmented target set
2025-07-30 02:38:47 - INFO - Original X train shape: (12800, 3)
2025-07-30 02:38:47 - INFO - Augmented X train shape: (19200, 3)
2025-07-30 02:38:47 - INFO - Combined X train shape: (32000, 3)
2025-07-30 02:38:47 - INFO - Training new xgboost model on augmented data

2025-07-30 02:38:47 - INFO - Selected features to perturb: ['F2', 'F0', 'F1']

2025-07-30 02:38:47 - INFO - Intervening on features to create augmented feature set
2025-07-30 02:38:47 - INFO - Generating counterfactuals for augmented target set
2025-07-30 02:38:47 - INFO - Original X train shape: (12800, 3)
2025-07-30 02:38:47 - INFO - Augmented X train shape: (16000, 3)
2025-07-30 02:38:47 - INFO - Combined X train shape: (28800, 3)
2025-07-30 02:38:47 - INFO - Training new xgboost model on augmented data

2025-07-30 02:38:48 - INFO - Selected features to perturb: ['F2']

2025-07-30 02:38:48 - INFO - Intervening on features to create augmented feature set
2025-07-30 02:38:48 - INFO - Generating counterfactuals for augmented target set
2025-07-30 02:38:48 - INFO - Original X train shape: (12800, 3)
2025-07-30 02:38:48 - INFO - Augmented X train shape: (16000, 3)
2025-07-30 02:38:48 - INFO - Combined X train shape: (28800, 3)
2025-07-30 02:38:48 - INFO - Training new xgboost model on augmented data

2025-07-30 02:38:49 - INFO - Selected features to perturb: ['F2', 'F0', 'F1']

2025-07-30 02:38:49 - INFO - Intervening on features to create augmented feature set
2025-07-30 02:38:49 - INFO - Generating counterfactuals for augmented target set
2025-07-30 02:38:49 - INFO - Original X train shape: (12800, 3)
2025-07-30 02:38:49 - INFO - Augmented X train shape: (12800, 3)
2025-07-30 02:38:49 - INFO - Combined X train shape: (25600, 3)
2025-07-30 02:38:49 - INFO - Training new xgboost model on augmented data

2025-07-30 02:38:50 - INFO - Selected features to perturb: ['F2', 'F0', 'F1']

2025-07-30 02:38:50 - INFO - Intervening on features to create augmented feature set
2025-07-30 02:38:50 - INFO - Generating counterfactuals for augmented target set
2025-07-30 02:38:50 - INFO - Original X train shape: (12800, 3)
2025-07-30 02:38:50 - INFO - Augmented X train shape: (12800, 3)
2025-07-30 02:38:50 - INFO - Combined X train shape: (25600, 3)
2025-07-30 02:38:50 - INFO - Training new xgboost model on augmented data

2025-07-30 02:38:50 - INFO - Selected features to perturb: ['F2', 'F0', 'F1']

2025-07-30 02:38:50 - INFO - Intervening on features to create augmented feature set
2025-07-30 02:38:50 - INFO - Generating counterfactuals for augmented target set
2025-07-30 02:38:51 - INFO - Original X train shape: (12800, 3)
2025-07-30 02:38:51 - INFO - Augmented X train shape: (16000, 3)
2025-07-30 02:38:51 - INFO - Combined X train shape: (28800, 3)
2025-07-30 02:38:51 - INFO - Training new xgboost model on augmented data

2025-07-30 02:38:51 - INFO - Selected features to perturb: ['F2', 'F0', 'F1']

2025-07-30 02:38:51 - INFO - Intervening on features to create augmented feature set
2025-07-30 02:38:51 - INFO - Generating counterfactuals for augmented target set
2025-07-30 02:38:51 - INFO - Original X train shape: (12800, 3)
2025-07-30 02:38:51 - INFO - Augmented X train shape: (6400, 3)
2025-07-30 02:38:51 - INFO - Combined X train shape: (19200, 3)
2025-07-30 02:38:51 - INFO - Training new xgboost model on augmented data

2025-07-30 02:38:52 - INFO - Selected features to perturb: ['F2', 'F0', 'F1']

2025-07-30 02:38:52 - INFO - Intervening on features to create augmented feature set
2025-07-30 02:38:52 - INFO - Generating counterfactuals for augmented target set
2025-07-30 02:38:52 - INFO - Original X train shape: (12800, 3)
2025-07-30 02:38:52 - INFO - Augmented X train shape: (16000, 3)
2025-07-30 02:38:52 - INFO - Combined X train shape: (28800, 3)
2025-07-30 02:38:52 - INFO - Training new xgboost model on augmented data

2025-07-30 02:38:53 - INFO - Selected features to perturb: ['F2', 'F0']

2025-07-30 02:38:53 - INFO - Intervening on features to create augmented feature set
2025-07-30 02:38:53 - INFO - Generating counterfactuals for augmented target set
2025-07-30 02:38:53 - INFO - Original X train shape: (12800, 3)
2025-07-30 02:38:53 - INFO - Augmented X train shape: (19200, 3)
2025-07-30 02:38:53 - INFO - Combined X train shape: (32000, 3)
2025-07-30 02:38:53 - INFO - Training new xgboost model on augmented data

2025-07-30 02:38:54 - INFO - Selected features to perturb: ['F2', 'F0', 'F1']

2025-07-30 02:38:54 - INFO - Intervening on features to create augmented feature set
2025-07-30 02:38:54 - INFO - Generating counterfactuals for augmented target set
2025-07-30 02:38:54 - INFO - Original X train shape: (12800, 3)
2025-07-30 02:38:54 - INFO - Augmented X train shape: (9600, 3)
2025-07-30 02:38:54 - INFO - Combined X train shape: (22400, 3)
2025-07-30 02:38:54 - INFO - Training new xgboost model on augmented data

2025-07-30 02:38:55 - INFO - Selected features to perturb: ['F2', 'F0']

2025-07-30 02:38:55 - INFO - Intervening on features to create augmented feature set
2025-07-30 02:38:55 - INFO - Generating counterfactuals for augmented target set
2025-07-30 02:38:55 - INFO - Original X train shape: (12800, 3)
2025-07-30 02:38:55 - INFO - Augmented X train shape: (12800, 3)
2025-07-30 02:38:55 - INFO - Combined X train shape: (25600, 3)
2025-07-30 02:38:55 - INFO - Training new xgboost model on augmented data

2025-07-30 02:38:55 - INFO - Selected features to perturb: ['F2', 'F0', 'F1']

2025-07-30 02:38:55 - INFO - Intervening on features to create augmented feature set
2025-07-30 02:38:55 - INFO - Generating counterfactuals for augmented target set
2025-07-30 02:38:55 - INFO - Original X train shape: (12800, 3)
2025-07-30 02:38:55 - INFO - Augmented X train shape: (16000, 3)
2025-07-30 02:38:55 - INFO - Combined X train shape: (28800, 3)
2025-07-30 02:38:55 - INFO - Training new xgboost model on augmented data

2025-07-30 02:38:56 - INFO - Selected features to perturb: ['F2', 'F0']

2025-07-30 02:38:56 - INFO - Intervening on features to create augmented feature set
2025-07-30 02:38:56 - INFO - Generating counterfactuals for augmented target set
2025-07-30 02:38:56 - INFO - Original X train shape: (12800, 3)
2025-07-30 02:38:56 - INFO - Augmented X train shape: (9600, 3)
2025-07-30 02:38:56 - INFO - Combined X train shape: (22400, 3)
2025-07-30 02:38:56 - INFO - Training new xgboost model on augmented data

2025-07-30 02:38:57 - INFO - Selected features to perturb: ['F2', 'F0', 'F1']

2025-07-30 02:38:57 - INFO - Intervening on features to create augmented feature set
2025-07-30 02:38:57 - INFO - Generating counterfactuals for augmented target set
2025-07-30 02:38:57 - INFO - Original X train shape: (12800, 3)
2025-07-30 02:38:57 - INFO - Augmented X train shape: (19200, 3)
2025-07-30 02:38:57 - INFO - Combined X train shape: (32000, 3)
2025-07-30 02:38:57 - INFO - Training new xgboost model on augmented data

2025-07-30 02:38:58 - INFO - Selected features to perturb: ['F2', 'F0', 'F1']

2025-07-30 02:38:58 - INFO - Intervening on features to create augmented feature set
2025-07-30 02:38:58 - INFO - Generating counterfactuals for augmented target set
2025-07-30 02:38:58 - INFO - Original X train shape: (12800, 3)
2025-07-30 02:38:58 - INFO - Augmented X train shape: (19200, 3)
2025-07-30 02:38:58 - INFO - Combined X train shape: (32000, 3)
2025-07-30 02:38:58 - INFO - Training new xgboost model on augmented data

2025-07-30 02:38:58 - INFO - Selected features to perturb: ['F2', 'F0', 'F1']

2025-07-30 02:38:58 - INFO - Intervening on features to create augmented feature set
2025-07-30 02:38:58 - INFO - Generating counterfactuals for augmented target set
2025-07-30 02:38:59 - INFO - Original X train shape: (12800, 3)
2025-07-30 02:38:59 - INFO - Augmented X train shape: (19200, 3)
2025-07-30 02:38:59 - INFO - Combined X train shape: (32000, 3)
2025-07-30 02:38:59 - INFO - Training new xgboost model on augmented data

2025-07-30 02:38:59 - INFO - Selected features to perturb: ['F2', 'F0', 'F1']

2025-07-30 02:38:59 - INFO - Intervening on features to create augmented feature set
2025-07-30 02:38:59 - INFO - Generating counterfactuals for augmented target set
2025-07-30 02:38:59 - INFO - Original X train shape: (12800, 3)
2025-07-30 02:39:00 - INFO - Augmented X train shape: (19200, 3)
2025-07-30 02:39:00 - INFO - Combined X train shape: (32000, 3)
2025-07-30 02:39:00 - INFO - Training new xgboost model on augmented data

2025-07-30 02:39:01 - INFO - Selected features to perturb: ['F2', 'F0', 'F1']

2025-07-30 02:39:01 - INFO - Intervening on features to create augmented feature set
2025-07-30 02:39:01 - INFO - Generating counterfactuals for augmented target set
2025-07-30 02:39:01 - INFO - Original X train shape: (12800, 3)
2025-07-30 02:39:01 - INFO - Augmented X train shape: (19200, 3)
2025-07-30 02:39:01 - INFO - Combined X train shape: (32000, 3)
2025-07-30 02:39:01 - INFO - Training new xgboost model on augmented data

2025-07-30 02:39:02 - INFO - Selected features to perturb: ['F2', 'F0', 'F1']

2025-07-30 02:39:02 - INFO - Intervening on features to create augmented feature set
2025-07-30 02:39:02 - INFO - Generating counterfactuals for augmented target set
2025-07-30 02:39:02 - INFO - Original X train shape: (12800, 3)
2025-07-30 02:39:02 - INFO - Augmented X train shape: (19200, 3)
2025-07-30 02:39:02 - INFO - Combined X train shape: (32000, 3)
2025-07-30 02:39:02 - INFO - Training new xgboost model on augmented data

2025-07-30 02:39:03 - INFO - Selected features to perturb: ['F2', 'F0', 'F1']

2025-07-30 02:39:03 - INFO - Intervening on features to create augmented feature set
2025-07-30 02:39:03 - INFO - Generating counterfactuals for augmented target set
2025-07-30 02:39:03 - INFO - Original X train shape: (12800, 3)
2025-07-30 02:39:03 - INFO - Augmented X train shape: (16000, 3)
2025-07-30 02:39:03 - INFO - Combined X train shape: (28800, 3)
2025-07-30 02:39:03 - INFO - Training new xgboost model on augmented data

2025-07-30 02:39:04 - INFO - Selected features to perturb: ['F2', 'F0', 'F1']

2025-07-30 02:39:04 - INFO - Intervening on features to create augmented feature set
2025-07-30 02:39:04 - INFO - Generating counterfactuals for augmented target set
2025-07-30 02:39:04 - INFO - Original X train shape: (12800, 3)
2025-07-30 02:39:04 - INFO - Augmented X train shape: (19200, 3)
2025-07-30 02:39:04 - INFO - Combined X train shape: (32000, 3)
2025-07-30 02:39:04 - INFO - Training new xgboost model on augmented data

2025-07-30 02:39:05 - INFO - Selected features to perturb: ['F2', 'F0', 'F1']

2025-07-30 02:39:05 - INFO - Intervening on features to create augmented feature set
2025-07-30 02:39:05 - INFO - Generating counterfactuals for augmented target set
2025-07-30 02:39:05 - INFO - Original X train shape: (12800, 3)
2025-07-30 02:39:05 - INFO - Augmented X train shape: (16000, 3)
2025-07-30 02:39:05 - INFO - Combined X train shape: (28800, 3)
2025-07-30 02:39:05 - INFO - Training new xgboost model on augmented data

2025-07-30 02:39:06 - INFO - Selected features to perturb: ['F2', 'F0', 'F1']

2025-07-30 02:39:06 - INFO - Intervening on features to create augmented feature set
2025-07-30 02:39:06 - INFO - Generating counterfactuals for augmented target set
2025-07-30 02:39:06 - INFO - Original X train shape: (12800, 3)
2025-07-30 02:39:06 - INFO - Augmented X train shape: (19200, 3)
2025-07-30 02:39:06 - INFO - Combined X train shape: (32000, 3)
2025-07-30 02:39:06 - INFO - Training new xgboost model on augmented data

2025-07-30 02:39:07 - INFO - Selected features to perturb: ['F2', 'F0', 'F1']

2025-07-30 02:39:07 - INFO - Intervening on features to create augmented feature set
2025-07-30 02:39:07 - INFO - Generating counterfactuals for augmented target set
2025-07-30 02:39:07 - INFO - Original X train shape: (12800, 3)
2025-07-30 02:39:07 - INFO - Augmented X train shape: (16000, 3)
2025-07-30 02:39:07 - INFO - Combined X train shape: (28800, 3)
2025-07-30 02:39:07 - INFO - Training new xgboost model on augmented data

2025-07-30 02:39:08 - INFO - Selected features to perturb: ['F2', 'F0', 'F1']

2025-07-30 02:39:08 - INFO - Intervening on features to create augmented feature set
2025-07-30 02:39:08 - INFO - Generating counterfactuals for augmented target set
2025-07-30 02:39:08 - INFO - Original X train shape: (12800, 3)
2025-07-30 02:39:08 - INFO - Augmented X train shape: (12800, 3)
2025-07-30 02:39:08 - INFO - Combined X train shape: (25600, 3)
2025-07-30 02:39:08 - INFO - Training new xgboost model on augmented data

2025-07-30 02:39:09 - INFO - Selected features to perturb: ['F2', 'F0', 'F1']

2025-07-30 02:39:09 - INFO - Intervening on features to create augmented feature set
2025-07-30 02:39:09 - INFO - Generating counterfactuals for augmented target set
2025-07-30 02:39:09 - INFO - Original X train shape: (12800, 3)
2025-07-30 02:39:09 - INFO - Augmented X train shape: (19200, 3)
2025-07-30 02:39:09 - INFO - Combined X train shape: (32000, 3)
2025-07-30 02:39:09 - INFO - Training new xgboost model on augmented data

2025-07-30 02:39:10 - INFO - Best augmentation parameters:
{'max_n_features_to_perturb': 4, 'aug_data_size_factor': 1.5, 'aug_data_weight': 1.0, 'max_perturb_percent': 0.30000000000000004, 'min_perturb_percent': -0.30000000000000004}

2025-07-30 02:39:10 - INFO - Selected features to perturb: ['F2', 'F0', 'F1']

2025-07-30 02:39:10 - INFO - Intervening on features to create augmented feature set
2025-07-30 02:39:10 - INFO - Generating counterfactuals for augmented target set
2025-07-30 02:39:10 - INFO - Original X train shape: (16000, 3)
2025-07-30 02:39:10 - INFO - Augmented X train shape: (24000, 3)
2025-07-30 02:39:10 - INFO - Combined X train shape: (40000, 3)
2025-07-30 02:39:24 - INFO - Done cross-validation evaluation
2025-07-30 02:39:24 - INFO - The p-value from the Wilcoxon signed-rank test is: 0.0009765625

2025-07-30 02:39:24 - INFO - Evaluation metrics for the experiment:
2025-07-30 02:39:24 - INFO - Original MSE: 0.0014615305673419936, Augmented MSE: 0.001414147379500303


2025-07-30 02:39:24 - INFO - ####################################################################################################
2025-07-30 02:39:24 - INFO - Interim results for seeds saved to ../experiments_synthetic/anm/xgboost_20250730-023647/interim_results/anm_data_sample_20000_interim_results.csv. Aggregating results for anm_data_sample_20000...
2025-07-30 02:39:24 - INFO - ****************************************************************************************************
2025-07-30 02:39:24 - INFO - 






****************************************************************************************************
2025-07-30 02:39:24 - INFO - Running experiment on dataset: anm_data_sample_30000
2025-07-30 02:39:24 - INFO - 



####################################################################################################
2025-07-30 02:39:24 - INFO - Running experiment on dataset: anm_data_sample_30000 with seed: 0
2025-07-30 02:39:24 - INFO - Training xgboost baseline model
2025-07-30 02:39:25 - INFO - Done training baseline model
2025-07-30 02:39:25 - INFO - Done calculating residuals

2025-07-30 02:39:25 - INFO - Filtering for features to perturb
2025-07-30 02:39:25 - INFO - Creating causal graph for anm_data_sample_30000
2025-07-30 02:39:25 - INFO - Features that are not connected to Z (conditional independence): ['F2', 'F0', 'F1']
2025-07-30 02:39:25 - INFO - [Z vs F0]  r: 0.0058, p: 0.3188
2025-07-30 02:39:25 - INFO - [Z vs F1]  r: 0.0046, p: 0.4277
2025-07-30 02:39:25 - INFO - [Z vs F2]  r: 0.0027, p: 0.6356
2025-07-30 02:39:25 - INFO - Candidates (uncorrelated + not connected to Z): ['F2', 'F0', 'F1']
2025-07-30 02:39:25 - INFO - Ranked candidate features:
  feature     score  r_with_T  r_with_Z
2      F1  0.000366 -0.004946  0.004580
1      F0  0.000020 -0.005776  0.005756
0      F2 -0.001877 -0.000859  0.002736
2025-07-30 02:39:25 - INFO - Done filtering.

2025-07-30 02:39:25 - INFO - Selected features to perturb: ['F1', 'F0', 'F2']

2025-07-30 02:39:25 - INFO - Intervening on features to create augmented feature set
2025-07-30 02:39:25 - INFO - Generating counterfactuals for augmented target set
2025-07-30 02:39:25 - INFO - Original X train shape: (19200, 3)
2025-07-30 02:39:25 - INFO - Augmented X train shape: (24000, 3)
2025-07-30 02:39:25 - INFO - Combined X train shape: (43200, 3)
2025-07-30 02:39:25 - INFO - Training new xgboost model on augmented data

2025-07-30 02:39:26 - INFO - Selected features to perturb: ['F1', 'F0', 'F2']

2025-07-30 02:39:26 - INFO - Intervening on features to create augmented feature set
2025-07-30 02:39:26 - INFO - Generating counterfactuals for augmented target set
2025-07-30 02:39:26 - INFO - Original X train shape: (19200, 3)
2025-07-30 02:39:26 - INFO - Augmented X train shape: (24000, 3)
2025-07-30 02:39:26 - INFO - Combined X train shape: (43200, 3)
2025-07-30 02:39:26 - INFO - Training new xgboost model on augmented data

2025-07-30 02:39:27 - INFO - Selected features to perturb: ['F1', 'F0', 'F2']

2025-07-30 02:39:27 - INFO - Intervening on features to create augmented feature set
2025-07-30 02:39:27 - INFO - Generating counterfactuals for augmented target set
2025-07-30 02:39:27 - INFO - Original X train shape: (19200, 3)
2025-07-30 02:39:27 - INFO - Augmented X train shape: (14400, 3)
2025-07-30 02:39:27 - INFO - Combined X train shape: (33600, 3)
2025-07-30 02:39:27 - INFO - Training new xgboost model on augmented data

2025-07-30 02:39:28 - INFO - Selected features to perturb: ['F1', 'F0', 'F2']

2025-07-30 02:39:28 - INFO - Intervening on features to create augmented feature set
2025-07-30 02:39:28 - INFO - Generating counterfactuals for augmented target set
2025-07-30 02:39:28 - INFO - Original X train shape: (19200, 3)
2025-07-30 02:39:28 - INFO - Augmented X train shape: (28800, 3)
2025-07-30 02:39:28 - INFO - Combined X train shape: (48000, 3)
2025-07-30 02:39:28 - INFO - Training new xgboost model on augmented data

2025-07-30 02:39:29 - INFO - Selected features to perturb: ['F1']

2025-07-30 02:39:29 - INFO - Intervening on features to create augmented feature set
2025-07-30 02:39:29 - INFO - Generating counterfactuals for augmented target set
2025-07-30 02:39:29 - INFO - Original X train shape: (19200, 3)
2025-07-30 02:39:29 - INFO - Augmented X train shape: (28800, 3)
2025-07-30 02:39:29 - INFO - Combined X train shape: (48000, 3)
2025-07-30 02:39:29 - INFO - Training new xgboost model on augmented data

2025-07-30 02:39:30 - INFO - Selected features to perturb: ['F1', 'F0', 'F2']

2025-07-30 02:39:30 - INFO - Intervening on features to create augmented feature set
2025-07-30 02:39:30 - INFO - Generating counterfactuals for augmented target set
2025-07-30 02:39:30 - INFO - Original X train shape: (19200, 3)
2025-07-30 02:39:30 - INFO - Augmented X train shape: (24000, 3)
2025-07-30 02:39:30 - INFO - Combined X train shape: (43200, 3)
2025-07-30 02:39:30 - INFO - Training new xgboost model on augmented data

2025-07-30 02:39:31 - INFO - Selected features to perturb: ['F1']

2025-07-30 02:39:31 - INFO - Intervening on features to create augmented feature set
2025-07-30 02:39:31 - INFO - Generating counterfactuals for augmented target set
2025-07-30 02:39:31 - INFO - Original X train shape: (19200, 3)
2025-07-30 02:39:31 - INFO - Augmented X train shape: (24000, 3)
2025-07-30 02:39:31 - INFO - Combined X train shape: (43200, 3)
2025-07-30 02:39:31 - INFO - Training new xgboost model on augmented data

2025-07-30 02:39:31 - INFO - Selected features to perturb: ['F1', 'F0', 'F2']

2025-07-30 02:39:31 - INFO - Intervening on features to create augmented feature set
2025-07-30 02:39:31 - INFO - Generating counterfactuals for augmented target set
2025-07-30 02:39:32 - INFO - Original X train shape: (19200, 3)
2025-07-30 02:39:32 - INFO - Augmented X train shape: (19200, 3)
2025-07-30 02:39:32 - INFO - Combined X train shape: (38400, 3)
2025-07-30 02:39:32 - INFO - Training new xgboost model on augmented data

2025-07-30 02:39:32 - INFO - Selected features to perturb: ['F1', 'F0', 'F2']

2025-07-30 02:39:32 - INFO - Intervening on features to create augmented feature set
2025-07-30 02:39:32 - INFO - Generating counterfactuals for augmented target set
2025-07-30 02:39:32 - INFO - Original X train shape: (19200, 3)
2025-07-30 02:39:32 - INFO - Augmented X train shape: (19200, 3)
2025-07-30 02:39:32 - INFO - Combined X train shape: (38400, 3)
2025-07-30 02:39:32 - INFO - Training new xgboost model on augmented data

2025-07-30 02:39:33 - INFO - Selected features to perturb: ['F1', 'F0', 'F2']

2025-07-30 02:39:33 - INFO - Intervening on features to create augmented feature set
2025-07-30 02:39:33 - INFO - Generating counterfactuals for augmented target set
2025-07-30 02:39:33 - INFO - Original X train shape: (19200, 3)
2025-07-30 02:39:33 - INFO - Augmented X train shape: (24000, 3)
2025-07-30 02:39:33 - INFO - Combined X train shape: (43200, 3)
2025-07-30 02:39:33 - INFO - Training new xgboost model on augmented data

2025-07-30 02:39:34 - INFO - Selected features to perturb: ['F1', 'F0', 'F2']

2025-07-30 02:39:34 - INFO - Intervening on features to create augmented feature set
2025-07-30 02:39:34 - INFO - Generating counterfactuals for augmented target set
2025-07-30 02:39:34 - INFO - Original X train shape: (19200, 3)
2025-07-30 02:39:34 - INFO - Augmented X train shape: (9600, 3)
2025-07-30 02:39:34 - INFO - Combined X train shape: (28800, 3)
2025-07-30 02:39:34 - INFO - Training new xgboost model on augmented data

2025-07-30 02:39:35 - INFO - Selected features to perturb: ['F1', 'F0', 'F2']

2025-07-30 02:39:35 - INFO - Intervening on features to create augmented feature set
2025-07-30 02:39:35 - INFO - Generating counterfactuals for augmented target set
2025-07-30 02:39:35 - INFO - Original X train shape: (19200, 3)
2025-07-30 02:39:35 - INFO - Augmented X train shape: (9600, 3)
2025-07-30 02:39:35 - INFO - Combined X train shape: (28800, 3)
2025-07-30 02:39:35 - INFO - Training new xgboost model on augmented data

2025-07-30 02:39:37 - INFO - Selected features to perturb: ['F1', 'F0', 'F2']

2025-07-30 02:39:37 - INFO - Intervening on features to create augmented feature set
2025-07-30 02:39:37 - INFO - Generating counterfactuals for augmented target set
2025-07-30 02:39:37 - INFO - Original X train shape: (19200, 3)
2025-07-30 02:39:37 - INFO - Augmented X train shape: (14400, 3)
2025-07-30 02:39:37 - INFO - Combined X train shape: (33600, 3)
2025-07-30 02:39:37 - INFO - Training new xgboost model on augmented data

2025-07-30 02:39:38 - INFO - Selected features to perturb: ['F1', 'F0', 'F2']

2025-07-30 02:39:38 - INFO - Intervening on features to create augmented feature set
2025-07-30 02:39:38 - INFO - Generating counterfactuals for augmented target set
2025-07-30 02:39:38 - INFO - Original X train shape: (19200, 3)
2025-07-30 02:39:38 - INFO - Augmented X train shape: (14400, 3)
2025-07-30 02:39:38 - INFO - Combined X train shape: (33600, 3)
2025-07-30 02:39:38 - INFO - Training new xgboost model on augmented data

2025-07-30 02:39:39 - INFO - Selected features to perturb: ['F1', 'F0', 'F2']

2025-07-30 02:39:39 - INFO - Intervening on features to create augmented feature set
2025-07-30 02:39:39 - INFO - Generating counterfactuals for augmented target set
2025-07-30 02:39:39 - INFO - Original X train shape: (19200, 3)
2025-07-30 02:39:39 - INFO - Augmented X train shape: (14400, 3)
2025-07-30 02:39:39 - INFO - Combined X train shape: (33600, 3)
2025-07-30 02:39:39 - INFO - Training new xgboost model on augmented data

2025-07-30 02:39:40 - INFO - Selected features to perturb: ['F1', 'F0', 'F2']

2025-07-30 02:39:40 - INFO - Intervening on features to create augmented feature set
2025-07-30 02:39:40 - INFO - Generating counterfactuals for augmented target set
2025-07-30 02:39:40 - INFO - Original X train shape: (19200, 3)
2025-07-30 02:39:40 - INFO - Augmented X train shape: (19200, 3)
2025-07-30 02:39:40 - INFO - Combined X train shape: (38400, 3)
2025-07-30 02:39:40 - INFO - Training new xgboost model on augmented data

2025-07-30 02:39:40 - INFO - Selected features to perturb: ['F1', 'F0']

2025-07-30 02:39:40 - INFO - Intervening on features to create augmented feature set
2025-07-30 02:39:40 - INFO - Generating counterfactuals for augmented target set
2025-07-30 02:39:40 - INFO - Original X train shape: (19200, 3)
2025-07-30 02:39:40 - INFO - Augmented X train shape: (14400, 3)
2025-07-30 02:39:40 - INFO - Combined X train shape: (33600, 3)
2025-07-30 02:39:40 - INFO - Training new xgboost model on augmented data

2025-07-30 02:39:41 - INFO - Selected features to perturb: ['F1', 'F0', 'F2']

2025-07-30 02:39:41 - INFO - Intervening on features to create augmented feature set
2025-07-30 02:39:41 - INFO - Generating counterfactuals for augmented target set
2025-07-30 02:39:41 - INFO - Original X train shape: (19200, 3)
2025-07-30 02:39:41 - INFO - Augmented X train shape: (9600, 3)
2025-07-30 02:39:41 - INFO - Combined X train shape: (28800, 3)
2025-07-30 02:39:41 - INFO - Training new xgboost model on augmented data

2025-07-30 02:39:42 - INFO - Selected features to perturb: ['F1', 'F0', 'F2']

2025-07-30 02:39:42 - INFO - Intervening on features to create augmented feature set
2025-07-30 02:39:42 - INFO - Generating counterfactuals for augmented target set
2025-07-30 02:39:42 - INFO - Original X train shape: (19200, 3)
2025-07-30 02:39:42 - INFO - Augmented X train shape: (19200, 3)
2025-07-30 02:39:42 - INFO - Combined X train shape: (38400, 3)
2025-07-30 02:39:42 - INFO - Training new xgboost model on augmented data

2025-07-30 02:39:43 - INFO - Selected features to perturb: ['F1', 'F0', 'F2']

2025-07-30 02:39:43 - INFO - Intervening on features to create augmented feature set
2025-07-30 02:39:43 - INFO - Generating counterfactuals for augmented target set
2025-07-30 02:39:43 - INFO - Original X train shape: (19200, 3)
2025-07-30 02:39:43 - INFO - Augmented X train shape: (28800, 3)
2025-07-30 02:39:43 - INFO - Combined X train shape: (48000, 3)
2025-07-30 02:39:43 - INFO - Training new xgboost model on augmented data

2025-07-30 02:39:44 - INFO - Selected features to perturb: ['F1', 'F0']

2025-07-30 02:39:44 - INFO - Intervening on features to create augmented feature set
2025-07-30 02:39:44 - INFO - Generating counterfactuals for augmented target set
2025-07-30 02:39:44 - INFO - Original X train shape: (19200, 3)
2025-07-30 02:39:44 - INFO - Augmented X train shape: (28800, 3)
2025-07-30 02:39:44 - INFO - Combined X train shape: (48000, 3)
2025-07-30 02:39:44 - INFO - Training new xgboost model on augmented data

2025-07-30 02:39:45 - INFO - Selected features to perturb: ['F1', 'F0', 'F2']

2025-07-30 02:39:45 - INFO - Intervening on features to create augmented feature set
2025-07-30 02:39:45 - INFO - Generating counterfactuals for augmented target set
2025-07-30 02:39:45 - INFO - Original X train shape: (19200, 3)
2025-07-30 02:39:45 - INFO - Augmented X train shape: (28800, 3)
2025-07-30 02:39:45 - INFO - Combined X train shape: (48000, 3)
2025-07-30 02:39:45 - INFO - Training new xgboost model on augmented data

2025-07-30 02:39:46 - INFO - Selected features to perturb: ['F1', 'F0', 'F2']

2025-07-30 02:39:46 - INFO - Intervening on features to create augmented feature set
2025-07-30 02:39:46 - INFO - Generating counterfactuals for augmented target set
2025-07-30 02:39:46 - INFO - Original X train shape: (19200, 3)
2025-07-30 02:39:46 - INFO - Augmented X train shape: (24000, 3)
2025-07-30 02:39:46 - INFO - Combined X train shape: (43200, 3)
2025-07-30 02:39:46 - INFO - Training new xgboost model on augmented data

2025-07-30 02:39:47 - INFO - Selected features to perturb: ['F1', 'F0', 'F2']

2025-07-30 02:39:47 - INFO - Intervening on features to create augmented feature set
2025-07-30 02:39:47 - INFO - Generating counterfactuals for augmented target set
2025-07-30 02:39:47 - INFO - Original X train shape: (19200, 3)
2025-07-30 02:39:47 - INFO - Augmented X train shape: (28800, 3)
2025-07-30 02:39:47 - INFO - Combined X train shape: (48000, 3)
2025-07-30 02:39:47 - INFO - Training new xgboost model on augmented data

2025-07-30 02:39:47 - INFO - Selected features to perturb: ['F1', 'F0', 'F2']

2025-07-30 02:39:47 - INFO - Intervening on features to create augmented feature set
2025-07-30 02:39:47 - INFO - Generating counterfactuals for augmented target set
2025-07-30 02:39:48 - INFO - Original X train shape: (19200, 3)
2025-07-30 02:39:48 - INFO - Augmented X train shape: (24000, 3)
2025-07-30 02:39:48 - INFO - Combined X train shape: (43200, 3)
2025-07-30 02:39:48 - INFO - Training new xgboost model on augmented data

2025-07-30 02:39:48 - INFO - Selected features to perturb: ['F1', 'F0', 'F2']

2025-07-30 02:39:48 - INFO - Intervening on features to create augmented feature set
2025-07-30 02:39:48 - INFO - Generating counterfactuals for augmented target set
2025-07-30 02:39:49 - INFO - Original X train shape: (19200, 3)
2025-07-30 02:39:49 - INFO - Augmented X train shape: (19200, 3)
2025-07-30 02:39:49 - INFO - Combined X train shape: (38400, 3)
2025-07-30 02:39:49 - INFO - Training new xgboost model on augmented data

2025-07-30 02:39:49 - INFO - Selected features to perturb: ['F1', 'F0', 'F2']

2025-07-30 02:39:49 - INFO - Intervening on features to create augmented feature set
2025-07-30 02:39:49 - INFO - Generating counterfactuals for augmented target set
2025-07-30 02:39:50 - INFO - Original X train shape: (19200, 3)
2025-07-30 02:39:50 - INFO - Augmented X train shape: (28800, 3)
2025-07-30 02:39:50 - INFO - Combined X train shape: (48000, 3)
2025-07-30 02:39:50 - INFO - Training new xgboost model on augmented data

2025-07-30 02:39:51 - INFO - Selected features to perturb: ['F1', 'F0', 'F2']

2025-07-30 02:39:51 - INFO - Intervening on features to create augmented feature set
2025-07-30 02:39:51 - INFO - Generating counterfactuals for augmented target set
2025-07-30 02:39:51 - INFO - Original X train shape: (19200, 3)
2025-07-30 02:39:51 - INFO - Augmented X train shape: (14400, 3)
2025-07-30 02:39:51 - INFO - Combined X train shape: (33600, 3)
2025-07-30 02:39:51 - INFO - Training new xgboost model on augmented data

2025-07-30 02:39:52 - INFO - Selected features to perturb: ['F1', 'F0', 'F2']

2025-07-30 02:39:52 - INFO - Intervening on features to create augmented feature set
2025-07-30 02:39:52 - INFO - Generating counterfactuals for augmented target set
2025-07-30 02:39:52 - INFO - Original X train shape: (19200, 3)
2025-07-30 02:39:52 - INFO - Augmented X train shape: (24000, 3)
2025-07-30 02:39:52 - INFO - Combined X train shape: (43200, 3)
2025-07-30 02:39:52 - INFO - Training new xgboost model on augmented data

2025-07-30 02:39:53 - INFO - Selected features to perturb: ['F1', 'F0', 'F2']

2025-07-30 02:39:53 - INFO - Intervening on features to create augmented feature set
2025-07-30 02:39:53 - INFO - Generating counterfactuals for augmented target set
2025-07-30 02:39:53 - INFO - Original X train shape: (19200, 3)
2025-07-30 02:39:53 - INFO - Augmented X train shape: (28800, 3)
2025-07-30 02:39:53 - INFO - Combined X train shape: (48000, 3)
2025-07-30 02:39:53 - INFO - Training new xgboost model on augmented data

2025-07-30 02:39:54 - INFO - Best augmentation parameters:
{'max_n_features_to_perturb': 4, 'aug_data_size_factor': 1.25, 'aug_data_weight': 1.0, 'max_perturb_percent': 0.7000000000000001, 'min_perturb_percent': -0.7000000000000001}

2025-07-30 02:39:54 - INFO - Selected features to perturb: ['F1', 'F0', 'F2']

2025-07-30 02:39:54 - INFO - Intervening on features to create augmented feature set
2025-07-30 02:39:54 - INFO - Generating counterfactuals for augmented target set
2025-07-30 02:39:54 - INFO - Original X train shape: (24000, 3)
2025-07-30 02:39:54 - INFO - Augmented X train shape: (30000, 3)
2025-07-30 02:39:54 - INFO - Combined X train shape: (54000, 3)
2025-07-30 02:40:03 - INFO - Done cross-validation evaluation
2025-07-30 02:40:03 - INFO - The p-value from the Wilcoxon signed-rank test is: 0.0009765625

2025-07-30 02:40:03 - INFO - Evaluation metrics for the experiment:
2025-07-30 02:40:03 - INFO - Original MSE: 0.0014289652033009806, Augmented MSE: 0.00138456804728836


2025-07-30 02:40:03 - INFO - ####################################################################################################
2025-07-30 02:40:03 - INFO - Interim results for seeds saved to ../experiments_synthetic/anm/xgboost_20250730-023647/interim_results/anm_data_sample_30000_interim_results.csv. Aggregating results for anm_data_sample_30000...
2025-07-30 02:40:03 - INFO - ****************************************************************************************************
2025-07-30 02:40:03 - INFO - 






****************************************************************************************************
2025-07-30 02:40:03 - INFO - Running experiment on dataset: anm_data_sample_40000
2025-07-30 02:40:03 - INFO - 



####################################################################################################
2025-07-30 02:40:03 - INFO - Running experiment on dataset: anm_data_sample_40000 with seed: 0
2025-07-30 02:40:03 - INFO - Training xgboost baseline model
2025-07-30 02:40:04 - INFO - Done training baseline model
2025-07-30 02:40:04 - INFO - Done calculating residuals

2025-07-30 02:40:04 - INFO - Filtering for features to perturb
2025-07-30 02:40:04 - INFO - Creating causal graph for anm_data_sample_40000
2025-07-30 02:40:04 - INFO - Features that are not connected to Z (conditional independence): ['F2', 'F0', 'F1']
2025-07-30 02:40:04 - INFO - [Z vs F0]  r: 0.0016, p: 0.7483
2025-07-30 02:40:04 - INFO - [Z vs F1]  r: 0.0004, p: 0.9367
2025-07-30 02:40:04 - INFO - [Z vs F2]  r: -0.0020, p: 0.6897
2025-07-30 02:40:04 - INFO - Candidates (uncorrelated + not connected to Z): ['F2', 'F0', 'F1']
2025-07-30 02:40:04 - INFO - Ranked candidate features:
  feature     score  r_with_T  r_with_Z
1      F0  0.003564 -0.005168  0.001604
2      F1  0.001850 -0.002247  0.000397
0      F2 -0.000664 -0.001332 -0.001997
2025-07-30 02:40:04 - INFO - Done filtering.

2025-07-30 02:40:04 - INFO - Selected features to perturb: ['F0', 'F1', 'F2']

2025-07-30 02:40:04 - INFO - Intervening on features to create augmented feature set
2025-07-30 02:40:04 - INFO - Generating counterfactuals for augmented target set
2025-07-30 02:40:04 - INFO - Original X train shape: (25600, 3)
2025-07-30 02:40:04 - INFO - Augmented X train shape: (32000, 3)
2025-07-30 02:40:04 - INFO - Combined X train shape: (57600, 3)
2025-07-30 02:40:04 - INFO - Training new xgboost model on augmented data

2025-07-30 02:40:05 - INFO - Selected features to perturb: ['F0', 'F1', 'F2']

2025-07-30 02:40:05 - INFO - Intervening on features to create augmented feature set
2025-07-30 02:40:05 - INFO - Generating counterfactuals for augmented target set
2025-07-30 02:40:05 - INFO - Original X train shape: (25600, 3)
2025-07-30 02:40:05 - INFO - Augmented X train shape: (32000, 3)
2025-07-30 02:40:05 - INFO - Combined X train shape: (57600, 3)
2025-07-30 02:40:05 - INFO - Training new xgboost model on augmented data

2025-07-30 02:40:07 - INFO - Selected features to perturb: ['F0', 'F1', 'F2']

2025-07-30 02:40:07 - INFO - Intervening on features to create augmented feature set
2025-07-30 02:40:07 - INFO - Generating counterfactuals for augmented target set
2025-07-30 02:40:07 - INFO - Original X train shape: (25600, 3)
2025-07-30 02:40:07 - INFO - Augmented X train shape: (19200, 3)
2025-07-30 02:40:07 - INFO - Combined X train shape: (44800, 3)
2025-07-30 02:40:07 - INFO - Training new xgboost model on augmented data

2025-07-30 02:40:08 - INFO - Selected features to perturb: ['F0', 'F1', 'F2']

2025-07-30 02:40:08 - INFO - Intervening on features to create augmented feature set
2025-07-30 02:40:08 - INFO - Generating counterfactuals for augmented target set
2025-07-30 02:40:08 - INFO - Original X train shape: (25600, 3)
2025-07-30 02:40:08 - INFO - Augmented X train shape: (38400, 3)
2025-07-30 02:40:08 - INFO - Combined X train shape: (64000, 3)
2025-07-30 02:40:08 - INFO - Training new xgboost model on augmented data

2025-07-30 02:40:08 - INFO - Selected features to perturb: ['F0']

2025-07-30 02:40:08 - INFO - Intervening on features to create augmented feature set
2025-07-30 02:40:08 - INFO - Generating counterfactuals for augmented target set
2025-07-30 02:40:09 - INFO - Original X train shape: (25600, 3)
2025-07-30 02:40:09 - INFO - Augmented X train shape: (38400, 3)
2025-07-30 02:40:09 - INFO - Combined X train shape: (64000, 3)
2025-07-30 02:40:09 - INFO - Training new xgboost model on augmented data

2025-07-30 02:40:09 - INFO - Selected features to perturb: ['F0', 'F1', 'F2']

2025-07-30 02:40:09 - INFO - Intervening on features to create augmented feature set
2025-07-30 02:40:09 - INFO - Generating counterfactuals for augmented target set
2025-07-30 02:40:10 - INFO - Original X train shape: (25600, 3)
2025-07-30 02:40:10 - INFO - Augmented X train shape: (32000, 3)
2025-07-30 02:40:10 - INFO - Combined X train shape: (57600, 3)
2025-07-30 02:40:10 - INFO - Training new xgboost model on augmented data

2025-07-30 02:40:10 - INFO - Selected features to perturb: ['F0']

2025-07-30 02:40:10 - INFO - Intervening on features to create augmented feature set
2025-07-30 02:40:10 - INFO - Generating counterfactuals for augmented target set
2025-07-30 02:40:11 - INFO - Original X train shape: (25600, 3)
2025-07-30 02:40:11 - INFO - Augmented X train shape: (32000, 3)
2025-07-30 02:40:11 - INFO - Combined X train shape: (57600, 3)
2025-07-30 02:40:11 - INFO - Training new xgboost model on augmented data

2025-07-30 02:40:11 - INFO - Selected features to perturb: ['F0', 'F1', 'F2']

2025-07-30 02:40:11 - INFO - Intervening on features to create augmented feature set
2025-07-30 02:40:11 - INFO - Generating counterfactuals for augmented target set
2025-07-30 02:40:11 - INFO - Original X train shape: (25600, 3)
2025-07-30 02:40:11 - INFO - Augmented X train shape: (25600, 3)
2025-07-30 02:40:11 - INFO - Combined X train shape: (51200, 3)
2025-07-30 02:40:11 - INFO - Training new xgboost model on augmented data

2025-07-30 02:40:12 - INFO - Selected features to perturb: ['F0', 'F1', 'F2']

2025-07-30 02:40:12 - INFO - Intervening on features to create augmented feature set
2025-07-30 02:40:12 - INFO - Generating counterfactuals for augmented target set
2025-07-30 02:40:12 - INFO - Original X train shape: (25600, 3)
2025-07-30 02:40:12 - INFO - Augmented X train shape: (25600, 3)
2025-07-30 02:40:12 - INFO - Combined X train shape: (51200, 3)
2025-07-30 02:40:12 - INFO - Training new xgboost model on augmented data

2025-07-30 02:40:13 - INFO - Selected features to perturb: ['F0', 'F1', 'F2']

2025-07-30 02:40:13 - INFO - Intervening on features to create augmented feature set
2025-07-30 02:40:13 - INFO - Generating counterfactuals for augmented target set
2025-07-30 02:40:13 - INFO - Original X train shape: (25600, 3)
2025-07-30 02:40:13 - INFO - Augmented X train shape: (32000, 3)
2025-07-30 02:40:13 - INFO - Combined X train shape: (57600, 3)
2025-07-30 02:40:13 - INFO - Training new xgboost model on augmented data

2025-07-30 02:40:14 - INFO - Selected features to perturb: ['F0', 'F1']

2025-07-30 02:40:14 - INFO - Intervening on features to create augmented feature set
2025-07-30 02:40:14 - INFO - Generating counterfactuals for augmented target set
2025-07-30 02:40:14 - INFO - Original X train shape: (25600, 3)
2025-07-30 02:40:14 - INFO - Augmented X train shape: (12800, 3)
2025-07-30 02:40:14 - INFO - Combined X train shape: (38400, 3)
2025-07-30 02:40:14 - INFO - Training new xgboost model on augmented data

2025-07-30 02:40:15 - INFO - Selected features to perturb: ['F0', 'F1']

2025-07-30 02:40:15 - INFO - Intervening on features to create augmented feature set
2025-07-30 02:40:15 - INFO - Generating counterfactuals for augmented target set
2025-07-30 02:40:15 - INFO - Original X train shape: (25600, 3)
2025-07-30 02:40:15 - INFO - Augmented X train shape: (25600, 3)
2025-07-30 02:40:15 - INFO - Combined X train shape: (51200, 3)
2025-07-30 02:40:15 - INFO - Training new xgboost model on augmented data

2025-07-30 02:40:16 - INFO - Selected features to perturb: ['F0', 'F1', 'F2']

2025-07-30 02:40:16 - INFO - Intervening on features to create augmented feature set
2025-07-30 02:40:16 - INFO - Generating counterfactuals for augmented target set
2025-07-30 02:40:16 - INFO - Original X train shape: (25600, 3)
2025-07-30 02:40:16 - INFO - Augmented X train shape: (19200, 3)
2025-07-30 02:40:16 - INFO - Combined X train shape: (44800, 3)
2025-07-30 02:40:16 - INFO - Training new xgboost model on augmented data

2025-07-30 02:40:17 - INFO - Selected features to perturb: ['F0', 'F1']

2025-07-30 02:40:17 - INFO - Intervening on features to create augmented feature set
2025-07-30 02:40:17 - INFO - Generating counterfactuals for augmented target set
2025-07-30 02:40:17 - INFO - Original X train shape: (25600, 3)
2025-07-30 02:40:17 - INFO - Augmented X train shape: (19200, 3)
2025-07-30 02:40:17 - INFO - Combined X train shape: (44800, 3)
2025-07-30 02:40:17 - INFO - Training new xgboost model on augmented data

2025-07-30 02:40:18 - INFO - Selected features to perturb: ['F0', 'F1', 'F2']

2025-07-30 02:40:18 - INFO - Intervening on features to create augmented feature set
2025-07-30 02:40:18 - INFO - Generating counterfactuals for augmented target set
2025-07-30 02:40:18 - INFO - Original X train shape: (25600, 3)
2025-07-30 02:40:18 - INFO - Augmented X train shape: (25600, 3)
2025-07-30 02:40:18 - INFO - Combined X train shape: (51200, 3)
2025-07-30 02:40:18 - INFO - Training new xgboost model on augmented data

2025-07-30 02:40:18 - INFO - Selected features to perturb: ['F0', 'F1', 'F2']

2025-07-30 02:40:18 - INFO - Intervening on features to create augmented feature set
2025-07-30 02:40:18 - INFO - Generating counterfactuals for augmented target set
2025-07-30 02:40:18 - INFO - Original X train shape: (25600, 3)
2025-07-30 02:40:18 - INFO - Augmented X train shape: (38400, 3)
2025-07-30 02:40:18 - INFO - Combined X train shape: (64000, 3)
2025-07-30 02:40:18 - INFO - Training new xgboost model on augmented data

2025-07-30 02:40:19 - INFO - Selected features to perturb: ['F0', 'F1']

2025-07-30 02:40:19 - INFO - Intervening on features to create augmented feature set
2025-07-30 02:40:19 - INFO - Generating counterfactuals for augmented target set
2025-07-30 02:40:19 - INFO - Original X train shape: (25600, 3)
2025-07-30 02:40:19 - INFO - Augmented X train shape: (12800, 3)
2025-07-30 02:40:19 - INFO - Combined X train shape: (38400, 3)
2025-07-30 02:40:19 - INFO - Training new xgboost model on augmented data

2025-07-30 02:40:20 - INFO - Selected features to perturb: ['F0', 'F1', 'F2']

2025-07-30 02:40:20 - INFO - Intervening on features to create augmented feature set
2025-07-30 02:40:20 - INFO - Generating counterfactuals for augmented target set
2025-07-30 02:40:20 - INFO - Original X train shape: (25600, 3)
2025-07-30 02:40:20 - INFO - Augmented X train shape: (32000, 3)
2025-07-30 02:40:20 - INFO - Combined X train shape: (57600, 3)
2025-07-30 02:40:20 - INFO - Training new xgboost model on augmented data

2025-07-30 02:40:22 - INFO - Selected features to perturb: ['F0', 'F1', 'F2']

2025-07-30 02:40:22 - INFO - Intervening on features to create augmented feature set
2025-07-30 02:40:22 - INFO - Generating counterfactuals for augmented target set
2025-07-30 02:40:22 - INFO - Original X train shape: (25600, 3)
2025-07-30 02:40:22 - INFO - Augmented X train shape: (25600, 3)
2025-07-30 02:40:22 - INFO - Combined X train shape: (51200, 3)
2025-07-30 02:40:22 - INFO - Training new xgboost model on augmented data

2025-07-30 02:40:23 - INFO - Selected features to perturb: ['F0', 'F1']

2025-07-30 02:40:23 - INFO - Intervening on features to create augmented feature set
2025-07-30 02:40:23 - INFO - Generating counterfactuals for augmented target set
2025-07-30 02:40:23 - INFO - Original X train shape: (25600, 3)
2025-07-30 02:40:23 - INFO - Augmented X train shape: (25600, 3)
2025-07-30 02:40:23 - INFO - Combined X train shape: (51200, 3)
2025-07-30 02:40:23 - INFO - Training new xgboost model on augmented data

2025-07-30 02:40:24 - INFO - Selected features to perturb: ['F0', 'F1', 'F2']

2025-07-30 02:40:24 - INFO - Intervening on features to create augmented feature set
2025-07-30 02:40:24 - INFO - Generating counterfactuals for augmented target set
2025-07-30 02:40:24 - INFO - Original X train shape: (25600, 3)
2025-07-30 02:40:24 - INFO - Augmented X train shape: (19200, 3)
2025-07-30 02:40:24 - INFO - Combined X train shape: (44800, 3)
2025-07-30 02:40:24 - INFO - Training new xgboost model on augmented data

2025-07-30 02:40:24 - INFO - Selected features to perturb: ['F0', 'F1', 'F2']

2025-07-30 02:40:24 - INFO - Intervening on features to create augmented feature set
2025-07-30 02:40:24 - INFO - Generating counterfactuals for augmented target set
2025-07-30 02:40:24 - INFO - Original X train shape: (25600, 3)
2025-07-30 02:40:24 - INFO - Augmented X train shape: (32000, 3)
2025-07-30 02:40:24 - INFO - Combined X train shape: (57600, 3)
2025-07-30 02:40:24 - INFO - Training new xgboost model on augmented data

2025-07-30 02:40:25 - INFO - Selected features to perturb: ['F0', 'F1', 'F2']

2025-07-30 02:40:25 - INFO - Intervening on features to create augmented feature set
2025-07-30 02:40:25 - INFO - Generating counterfactuals for augmented target set
2025-07-30 02:40:25 - INFO - Original X train shape: (25600, 3)
2025-07-30 02:40:25 - INFO - Augmented X train shape: (32000, 3)
2025-07-30 02:40:25 - INFO - Combined X train shape: (57600, 3)
2025-07-30 02:40:25 - INFO - Training new xgboost model on augmented data

2025-07-30 02:40:26 - INFO - Selected features to perturb: ['F0', 'F1', 'F2']

2025-07-30 02:40:26 - INFO - Intervening on features to create augmented feature set
2025-07-30 02:40:26 - INFO - Generating counterfactuals for augmented target set
2025-07-30 02:40:26 - INFO - Original X train shape: (25600, 3)
2025-07-30 02:40:26 - INFO - Augmented X train shape: (38400, 3)
2025-07-30 02:40:26 - INFO - Combined X train shape: (64000, 3)
2025-07-30 02:40:26 - INFO - Training new xgboost model on augmented data

2025-07-30 02:40:27 - INFO - Selected features to perturb: ['F0', 'F1', 'F2']

2025-07-30 02:40:27 - INFO - Intervening on features to create augmented feature set
2025-07-30 02:40:27 - INFO - Generating counterfactuals for augmented target set
2025-07-30 02:40:27 - INFO - Original X train shape: (25600, 3)
2025-07-30 02:40:27 - INFO - Augmented X train shape: (25600, 3)
2025-07-30 02:40:27 - INFO - Combined X train shape: (51200, 3)
2025-07-30 02:40:27 - INFO - Training new xgboost model on augmented data

2025-07-30 02:40:28 - INFO - Selected features to perturb: ['F0', 'F1']

2025-07-30 02:40:28 - INFO - Intervening on features to create augmented feature set
2025-07-30 02:40:28 - INFO - Generating counterfactuals for augmented target set
2025-07-30 02:40:28 - INFO - Original X train shape: (25600, 3)
2025-07-30 02:40:28 - INFO - Augmented X train shape: (25600, 3)
2025-07-30 02:40:28 - INFO - Combined X train shape: (51200, 3)
2025-07-30 02:40:28 - INFO - Training new xgboost model on augmented data

2025-07-30 02:40:29 - INFO - Selected features to perturb: ['F0', 'F1', 'F2']

2025-07-30 02:40:29 - INFO - Intervening on features to create augmented feature set
2025-07-30 02:40:29 - INFO - Generating counterfactuals for augmented target set
2025-07-30 02:40:29 - INFO - Original X train shape: (25600, 3)
2025-07-30 02:40:29 - INFO - Augmented X train shape: (25600, 3)
2025-07-30 02:40:29 - INFO - Combined X train shape: (51200, 3)
2025-07-30 02:40:29 - INFO - Training new xgboost model on augmented data

2025-07-30 02:40:30 - INFO - Selected features to perturb: ['F0', 'F1', 'F2']

2025-07-30 02:40:30 - INFO - Intervening on features to create augmented feature set
2025-07-30 02:40:30 - INFO - Generating counterfactuals for augmented target set
2025-07-30 02:40:30 - INFO - Original X train shape: (25600, 3)
2025-07-30 02:40:30 - INFO - Augmented X train shape: (19200, 3)
2025-07-30 02:40:30 - INFO - Combined X train shape: (44800, 3)
2025-07-30 02:40:30 - INFO - Training new xgboost model on augmented data

2025-07-30 02:40:31 - INFO - Selected features to perturb: ['F0', 'F1']

2025-07-30 02:40:31 - INFO - Intervening on features to create augmented feature set
2025-07-30 02:40:31 - INFO - Generating counterfactuals for augmented target set
2025-07-30 02:40:31 - INFO - Original X train shape: (25600, 3)
2025-07-30 02:40:31 - INFO - Augmented X train shape: (25600, 3)
2025-07-30 02:40:31 - INFO - Combined X train shape: (51200, 3)
2025-07-30 02:40:31 - INFO - Training new xgboost model on augmented data

2025-07-30 02:40:32 - INFO - Selected features to perturb: ['F0', 'F1', 'F2']

2025-07-30 02:40:32 - INFO - Intervening on features to create augmented feature set
2025-07-30 02:40:32 - INFO - Generating counterfactuals for augmented target set
2025-07-30 02:40:32 - INFO - Original X train shape: (25600, 3)
2025-07-30 02:40:32 - INFO - Augmented X train shape: (32000, 3)
2025-07-30 02:40:32 - INFO - Combined X train shape: (57600, 3)
2025-07-30 02:40:32 - INFO - Training new xgboost model on augmented data

2025-07-30 02:40:33 - INFO - Best augmentation parameters:
{'max_n_features_to_perturb': 3, 'aug_data_size_factor': 1.0, 'aug_data_weight': 0.5, 'max_perturb_percent': 0.8, 'min_perturb_percent': -0.8}

2025-07-30 02:40:33 - INFO - Selected features to perturb: ['F0', 'F1', 'F2']

2025-07-30 02:40:33 - INFO - Intervening on features to create augmented feature set
2025-07-30 02:40:33 - INFO - Generating counterfactuals for augmented target set
2025-07-30 02:40:33 - INFO - Original X train shape: (32000, 3)
2025-07-30 02:40:33 - INFO - Augmented X train shape: (32000, 3)
2025-07-30 02:40:33 - INFO - Combined X train shape: (64000, 3)
2025-07-30 02:40:45 - INFO - Done cross-validation evaluation
2025-07-30 02:40:45 - INFO - The p-value from the Wilcoxon signed-rank test is: 0.0009765625

2025-07-30 02:40:45 - INFO - Evaluation metrics for the experiment:
2025-07-30 02:40:45 - INFO - Original MSE: 0.0014345033298153, Augmented MSE: 0.001396418825689536


2025-07-30 02:40:45 - INFO - ####################################################################################################
2025-07-30 02:40:45 - INFO - Interim results for seeds saved to ../experiments_synthetic/anm/xgboost_20250730-023647/interim_results/anm_data_sample_40000_interim_results.csv. Aggregating results for anm_data_sample_40000...
2025-07-30 02:40:45 - INFO - ****************************************************************************************************
2025-07-30 02:40:45 - INFO - 






****************************************************************************************************
2025-07-30 02:40:45 - INFO - Running experiment on dataset: anm_data_sample_50000
2025-07-30 02:40:45 - INFO - 



####################################################################################################
2025-07-30 02:40:45 - INFO - Running experiment on dataset: anm_data_sample_50000 with seed: 0
2025-07-30 02:40:45 - INFO - Training xgboost baseline model
2025-07-30 02:40:46 - INFO - Done training baseline model
2025-07-30 02:40:46 - INFO - Done calculating residuals

2025-07-30 02:40:46 - INFO - Filtering for features to perturb
2025-07-30 02:40:46 - INFO - Creating causal graph for anm_data_sample_50000
2025-07-30 02:40:46 - INFO - Features that are not connected to Z (conditional independence): ['F2', 'F0', 'F1']
2025-07-30 02:40:46 - INFO - [Z vs F0]  r: -0.0016, p: 0.7218
2025-07-30 02:40:46 - INFO - [Z vs F1]  r: -0.0007, p: 0.8844
2025-07-30 02:40:46 - INFO - [Z vs F2]  r: -0.0003, p: 0.9524
2025-07-30 02:40:46 - INFO - Candidates (uncorrelated + not connected to Z): ['F2', 'F0', 'F1']
2025-07-30 02:40:46 - INFO - Ranked candidate features:
  feature     score  r_with_T  r_with_Z
1      F0  0.002380 -0.003972 -0.001592
0      F2 -0.000193 -0.000074 -0.000267
2      F1 -0.000635 -0.000015 -0.000650
2025-07-30 02:40:46 - INFO - Done filtering.

2025-07-30 02:40:46 - INFO - Selected features to perturb: ['F0', 'F2', 'F1']

2025-07-30 02:40:46 - INFO - Intervening on features to create augmented feature set
2025-07-30 02:40:46 - INFO - Generating counterfactuals for augmented target set
2025-07-30 02:40:46 - INFO - Original X train shape: (32000, 3)
2025-07-30 02:40:46 - INFO - Augmented X train shape: (40000, 3)
2025-07-30 02:40:46 - INFO - Combined X train shape: (72000, 3)
2025-07-30 02:40:46 - INFO - Training new xgboost model on augmented data

2025-07-30 02:40:47 - INFO - Selected features to perturb: ['F0', 'F2', 'F1']

2025-07-30 02:40:47 - INFO - Intervening on features to create augmented feature set
2025-07-30 02:40:47 - INFO - Generating counterfactuals for augmented target set
2025-07-30 02:40:47 - INFO - Original X train shape: (32000, 3)
2025-07-30 02:40:47 - INFO - Augmented X train shape: (40000, 3)
2025-07-30 02:40:47 - INFO - Combined X train shape: (72000, 3)
2025-07-30 02:40:47 - INFO - Training new xgboost model on augmented data

2025-07-30 02:40:48 - INFO - Selected features to perturb: ['F0', 'F2', 'F1']

2025-07-30 02:40:48 - INFO - Intervening on features to create augmented feature set
2025-07-30 02:40:48 - INFO - Generating counterfactuals for augmented target set
2025-07-30 02:40:48 - INFO - Original X train shape: (32000, 3)
2025-07-30 02:40:48 - INFO - Augmented X train shape: (24000, 3)
2025-07-30 02:40:48 - INFO - Combined X train shape: (56000, 3)
2025-07-30 02:40:48 - INFO - Training new xgboost model on augmented data

2025-07-30 02:40:49 - INFO - Selected features to perturb: ['F0', 'F2', 'F1']

2025-07-30 02:40:49 - INFO - Intervening on features to create augmented feature set
2025-07-30 02:40:49 - INFO - Generating counterfactuals for augmented target set
2025-07-30 02:40:49 - INFO - Original X train shape: (32000, 3)
2025-07-30 02:40:49 - INFO - Augmented X train shape: (48000, 3)
2025-07-30 02:40:49 - INFO - Combined X train shape: (80000, 3)
2025-07-30 02:40:49 - INFO - Training new xgboost model on augmented data

2025-07-30 02:40:50 - INFO - Selected features to perturb: ['F0']

2025-07-30 02:40:50 - INFO - Intervening on features to create augmented feature set
2025-07-30 02:40:50 - INFO - Generating counterfactuals for augmented target set
2025-07-30 02:40:51 - INFO - Original X train shape: (32000, 3)
2025-07-30 02:40:51 - INFO - Augmented X train shape: (48000, 3)
2025-07-30 02:40:51 - INFO - Combined X train shape: (80000, 3)
2025-07-30 02:40:51 - INFO - Training new xgboost model on augmented data

2025-07-30 02:40:52 - INFO - Selected features to perturb: ['F0', 'F2', 'F1']

2025-07-30 02:40:52 - INFO - Intervening on features to create augmented feature set
2025-07-30 02:40:52 - INFO - Generating counterfactuals for augmented target set
2025-07-30 02:40:52 - INFO - Original X train shape: (32000, 3)
2025-07-30 02:40:52 - INFO - Augmented X train shape: (40000, 3)
2025-07-30 02:40:52 - INFO - Combined X train shape: (72000, 3)
2025-07-30 02:40:52 - INFO - Training new xgboost model on augmented data

2025-07-30 02:40:53 - INFO - Selected features to perturb: ['F0']

2025-07-30 02:40:53 - INFO - Intervening on features to create augmented feature set
2025-07-30 02:40:53 - INFO - Generating counterfactuals for augmented target set
2025-07-30 02:40:53 - INFO - Original X train shape: (32000, 3)
2025-07-30 02:40:53 - INFO - Augmented X train shape: (40000, 3)
2025-07-30 02:40:53 - INFO - Combined X train shape: (72000, 3)
2025-07-30 02:40:53 - INFO - Training new xgboost model on augmented data

2025-07-30 02:40:54 - INFO - Selected features to perturb: ['F0', 'F2', 'F1']

2025-07-30 02:40:54 - INFO - Intervening on features to create augmented feature set
2025-07-30 02:40:54 - INFO - Generating counterfactuals for augmented target set
2025-07-30 02:40:54 - INFO - Original X train shape: (32000, 3)
2025-07-30 02:40:54 - INFO - Augmented X train shape: (32000, 3)
2025-07-30 02:40:54 - INFO - Combined X train shape: (64000, 3)
2025-07-30 02:40:54 - INFO - Training new xgboost model on augmented data

2025-07-30 02:40:55 - INFO - Selected features to perturb: ['F0', 'F2', 'F1']

2025-07-30 02:40:55 - INFO - Intervening on features to create augmented feature set
2025-07-30 02:40:55 - INFO - Generating counterfactuals for augmented target set
2025-07-30 02:40:55 - INFO - Original X train shape: (32000, 3)
2025-07-30 02:40:55 - INFO - Augmented X train shape: (32000, 3)
2025-07-30 02:40:55 - INFO - Combined X train shape: (64000, 3)
2025-07-30 02:40:55 - INFO - Training new xgboost model on augmented data

2025-07-30 02:40:56 - INFO - Selected features to perturb: ['F0', 'F2', 'F1']

2025-07-30 02:40:56 - INFO - Intervening on features to create augmented feature set
2025-07-30 02:40:56 - INFO - Generating counterfactuals for augmented target set
2025-07-30 02:40:56 - INFO - Original X train shape: (32000, 3)
2025-07-30 02:40:56 - INFO - Augmented X train shape: (40000, 3)
2025-07-30 02:40:56 - INFO - Combined X train shape: (72000, 3)
2025-07-30 02:40:56 - INFO - Training new xgboost model on augmented data

2025-07-30 02:40:57 - INFO - Selected features to perturb: ['F0', 'F2']

2025-07-30 02:40:57 - INFO - Intervening on features to create augmented feature set
2025-07-30 02:40:57 - INFO - Generating counterfactuals for augmented target set
2025-07-30 02:40:57 - INFO - Original X train shape: (32000, 3)
2025-07-30 02:40:57 - INFO - Augmented X train shape: (16000, 3)
2025-07-30 02:40:57 - INFO - Combined X train shape: (48000, 3)
2025-07-30 02:40:57 - INFO - Training new xgboost model on augmented data

2025-07-30 02:40:58 - INFO - Selected features to perturb: ['F0', 'F2', 'F1']

2025-07-30 02:40:58 - INFO - Intervening on features to create augmented feature set
2025-07-30 02:40:58 - INFO - Generating counterfactuals for augmented target set
2025-07-30 02:40:58 - INFO - Original X train shape: (32000, 3)
2025-07-30 02:40:58 - INFO - Augmented X train shape: (24000, 3)
2025-07-30 02:40:58 - INFO - Combined X train shape: (56000, 3)
2025-07-30 02:40:58 - INFO - Training new xgboost model on augmented data

2025-07-30 02:40:59 - INFO - Selected features to perturb: ['F0', 'F2', 'F1']

2025-07-30 02:40:59 - INFO - Intervening on features to create augmented feature set
2025-07-30 02:40:59 - INFO - Generating counterfactuals for augmented target set
2025-07-30 02:40:59 - INFO - Original X train shape: (32000, 3)
2025-07-30 02:40:59 - INFO - Augmented X train shape: (24000, 3)
2025-07-30 02:40:59 - INFO - Combined X train shape: (56000, 3)
2025-07-30 02:40:59 - INFO - Training new xgboost model on augmented data

2025-07-30 02:41:01 - INFO - Selected features to perturb: ['F0', 'F2', 'F1']

2025-07-30 02:41:01 - INFO - Intervening on features to create augmented feature set
2025-07-30 02:41:01 - INFO - Generating counterfactuals for augmented target set
2025-07-30 02:41:01 - INFO - Original X train shape: (32000, 3)
2025-07-30 02:41:01 - INFO - Augmented X train shape: (24000, 3)
2025-07-30 02:41:01 - INFO - Combined X train shape: (56000, 3)
2025-07-30 02:41:01 - INFO - Training new xgboost model on augmented data

2025-07-30 02:41:02 - INFO - Selected features to perturb: ['F0', 'F2']

2025-07-30 02:41:02 - INFO - Intervening on features to create augmented feature set
2025-07-30 02:41:02 - INFO - Generating counterfactuals for augmented target set
2025-07-30 02:41:02 - INFO - Original X train shape: (32000, 3)
2025-07-30 02:41:02 - INFO - Augmented X train shape: (16000, 3)
2025-07-30 02:41:02 - INFO - Combined X train shape: (48000, 3)
2025-07-30 02:41:02 - INFO - Training new xgboost model on augmented data

2025-07-30 02:41:03 - INFO - Selected features to perturb: ['F0', 'F2']

2025-07-30 02:41:03 - INFO - Intervening on features to create augmented feature set
2025-07-30 02:41:03 - INFO - Generating counterfactuals for augmented target set
2025-07-30 02:41:03 - INFO - Original X train shape: (32000, 3)
2025-07-30 02:41:03 - INFO - Augmented X train shape: (32000, 3)
2025-07-30 02:41:03 - INFO - Combined X train shape: (64000, 3)
2025-07-30 02:41:03 - INFO - Training new xgboost model on augmented data

2025-07-30 02:41:04 - INFO - Selected features to perturb: ['F0', 'F2', 'F1']

2025-07-30 02:41:04 - INFO - Intervening on features to create augmented feature set
2025-07-30 02:41:04 - INFO - Generating counterfactuals for augmented target set
2025-07-30 02:41:04 - INFO - Original X train shape: (32000, 3)
2025-07-30 02:41:04 - INFO - Augmented X train shape: (24000, 3)
2025-07-30 02:41:04 - INFO - Combined X train shape: (56000, 3)
2025-07-30 02:41:04 - INFO - Training new xgboost model on augmented data

2025-07-30 02:41:05 - INFO - Selected features to perturb: ['F0', 'F2', 'F1']

2025-07-30 02:41:05 - INFO - Intervening on features to create augmented feature set
2025-07-30 02:41:05 - INFO - Generating counterfactuals for augmented target set
2025-07-30 02:41:05 - INFO - Original X train shape: (32000, 3)
2025-07-30 02:41:05 - INFO - Augmented X train shape: (32000, 3)
2025-07-30 02:41:05 - INFO - Combined X train shape: (64000, 3)
2025-07-30 02:41:05 - INFO - Training new xgboost model on augmented data

2025-07-30 02:41:06 - INFO - Selected features to perturb: ['F0', 'F2']

2025-07-30 02:41:06 - INFO - Intervening on features to create augmented feature set
2025-07-30 02:41:06 - INFO - Generating counterfactuals for augmented target set
2025-07-30 02:41:06 - INFO - Original X train shape: (32000, 3)
2025-07-30 02:41:06 - INFO - Augmented X train shape: (32000, 3)
2025-07-30 02:41:06 - INFO - Combined X train shape: (64000, 3)
2025-07-30 02:41:06 - INFO - Training new xgboost model on augmented data

2025-07-30 02:41:08 - INFO - Selected features to perturb: ['F0', 'F2', 'F1']

2025-07-30 02:41:08 - INFO - Intervening on features to create augmented feature set
2025-07-30 02:41:08 - INFO - Generating counterfactuals for augmented target set
2025-07-30 02:41:08 - INFO - Original X train shape: (32000, 3)
2025-07-30 02:41:08 - INFO - Augmented X train shape: (16000, 3)
2025-07-30 02:41:08 - INFO - Combined X train shape: (48000, 3)
2025-07-30 02:41:08 - INFO - Training new xgboost model on augmented data

2025-07-30 02:41:08 - INFO - Selected features to perturb: ['F0', 'F2', 'F1']

2025-07-30 02:41:08 - INFO - Intervening on features to create augmented feature set
2025-07-30 02:41:08 - INFO - Generating counterfactuals for augmented target set
2025-07-30 02:41:08 - INFO - Original X train shape: (32000, 3)
2025-07-30 02:41:08 - INFO - Augmented X train shape: (24000, 3)
2025-07-30 02:41:08 - INFO - Combined X train shape: (56000, 3)
2025-07-30 02:41:08 - INFO - Training new xgboost model on augmented data

2025-07-30 02:41:09 - INFO - Selected features to perturb: ['F0', 'F2', 'F1']

2025-07-30 02:41:09 - INFO - Intervening on features to create augmented feature set
2025-07-30 02:41:09 - INFO - Generating counterfactuals for augmented target set
2025-07-30 02:41:09 - INFO - Original X train shape: (32000, 3)
2025-07-30 02:41:09 - INFO - Augmented X train shape: (32000, 3)
2025-07-30 02:41:09 - INFO - Combined X train shape: (64000, 3)
2025-07-30 02:41:09 - INFO - Training new xgboost model on augmented data

2025-07-30 02:41:10 - INFO - Selected features to perturb: ['F0', 'F2', 'F1']

2025-07-30 02:41:10 - INFO - Intervening on features to create augmented feature set
2025-07-30 02:41:10 - INFO - Generating counterfactuals for augmented target set
2025-07-30 02:41:10 - INFO - Original X train shape: (32000, 3)
2025-07-30 02:41:10 - INFO - Augmented X train shape: (40000, 3)
2025-07-30 02:41:10 - INFO - Combined X train shape: (72000, 3)
2025-07-30 02:41:10 - INFO - Training new xgboost model on augmented data

2025-07-30 02:41:11 - INFO - Selected features to perturb: ['F0', 'F2', 'F1']

2025-07-30 02:41:11 - INFO - Intervening on features to create augmented feature set
2025-07-30 02:41:11 - INFO - Generating counterfactuals for augmented target set
2025-07-30 02:41:11 - INFO - Original X train shape: (32000, 3)
2025-07-30 02:41:11 - INFO - Augmented X train shape: (32000, 3)
2025-07-30 02:41:11 - INFO - Combined X train shape: (64000, 3)
2025-07-30 02:41:11 - INFO - Training new xgboost model on augmented data

2025-07-30 02:41:12 - INFO - Selected features to perturb: ['F0', 'F2']

2025-07-30 02:41:12 - INFO - Intervening on features to create augmented feature set
2025-07-30 02:41:12 - INFO - Generating counterfactuals for augmented target set
2025-07-30 02:41:12 - INFO - Original X train shape: (32000, 3)
2025-07-30 02:41:12 - INFO - Augmented X train shape: (48000, 3)
2025-07-30 02:41:12 - INFO - Combined X train shape: (80000, 3)
2025-07-30 02:41:12 - INFO - Training new xgboost model on augmented data

2025-07-30 02:41:13 - INFO - Selected features to perturb: ['F0', 'F2']

2025-07-30 02:41:13 - INFO - Intervening on features to create augmented feature set
2025-07-30 02:41:13 - INFO - Generating counterfactuals for augmented target set
2025-07-30 02:41:13 - INFO - Original X train shape: (32000, 3)
2025-07-30 02:41:13 - INFO - Augmented X train shape: (48000, 3)
2025-07-30 02:41:13 - INFO - Combined X train shape: (80000, 3)
2025-07-30 02:41:13 - INFO - Training new xgboost model on augmented data

2025-07-30 02:41:14 - INFO - Selected features to perturb: ['F0']

2025-07-30 02:41:14 - INFO - Intervening on features to create augmented feature set
2025-07-30 02:41:14 - INFO - Generating counterfactuals for augmented target set
2025-07-30 02:41:15 - INFO - Original X train shape: (32000, 3)
2025-07-30 02:41:15 - INFO - Augmented X train shape: (48000, 3)
2025-07-30 02:41:15 - INFO - Combined X train shape: (80000, 3)
2025-07-30 02:41:15 - INFO - Training new xgboost model on augmented data

2025-07-30 02:41:16 - INFO - Selected features to perturb: ['F0', 'F2']

2025-07-30 02:41:16 - INFO - Intervening on features to create augmented feature set
2025-07-30 02:41:16 - INFO - Generating counterfactuals for augmented target set
2025-07-30 02:41:16 - INFO - Original X train shape: (32000, 3)
2025-07-30 02:41:16 - INFO - Augmented X train shape: (48000, 3)
2025-07-30 02:41:16 - INFO - Combined X train shape: (80000, 3)
2025-07-30 02:41:16 - INFO - Training new xgboost model on augmented data

2025-07-30 02:41:17 - INFO - Selected features to perturb: ['F0', 'F2', 'F1']

2025-07-30 02:41:17 - INFO - Intervening on features to create augmented feature set
2025-07-30 02:41:17 - INFO - Generating counterfactuals for augmented target set
2025-07-30 02:41:17 - INFO - Original X train shape: (32000, 3)
2025-07-30 02:41:17 - INFO - Augmented X train shape: (40000, 3)
2025-07-30 02:41:17 - INFO - Combined X train shape: (72000, 3)
2025-07-30 02:41:17 - INFO - Training new xgboost model on augmented data

2025-07-30 02:41:18 - INFO - Selected features to perturb: ['F0', 'F2']

2025-07-30 02:41:18 - INFO - Intervening on features to create augmented feature set
2025-07-30 02:41:18 - INFO - Generating counterfactuals for augmented target set
2025-07-30 02:41:18 - INFO - Original X train shape: (32000, 3)
2025-07-30 02:41:18 - INFO - Augmented X train shape: (40000, 3)
2025-07-30 02:41:18 - INFO - Combined X train shape: (72000, 3)
2025-07-30 02:41:18 - INFO - Training new xgboost model on augmented data

2025-07-30 02:41:19 - INFO - Best augmentation parameters:
{'max_n_features_to_perturb': 3, 'aug_data_size_factor': 1.25, 'aug_data_weight': 0.75, 'max_perturb_percent': 0.6, 'min_perturb_percent': -0.6}

2025-07-30 02:41:19 - INFO - Selected features to perturb: ['F0', 'F2', 'F1']

2025-07-30 02:41:19 - INFO - Intervening on features to create augmented feature set
2025-07-30 02:41:19 - INFO - Generating counterfactuals for augmented target set
2025-07-30 02:41:19 - INFO - Original X train shape: (40000, 3)
2025-07-30 02:41:19 - INFO - Augmented X train shape: (50000, 3)
2025-07-30 02:41:19 - INFO - Combined X train shape: (90000, 3)
2025-07-30 02:41:29 - INFO - Done cross-validation evaluation
2025-07-30 02:41:29 - INFO - The p-value from the Wilcoxon signed-rank test is: 0.0009765625

2025-07-30 02:41:30 - INFO - Evaluation metrics for the experiment:
2025-07-30 02:41:30 - INFO - Original MSE: 0.0013731263053785394, Augmented MSE: 0.0013474951871021586


2025-07-30 02:41:30 - INFO - ####################################################################################################
2025-07-30 02:41:30 - INFO - Interim results for seeds saved to ../experiments_synthetic/anm/xgboost_20250730-023647/interim_results/anm_data_sample_50000_interim_results.csv. Aggregating results for anm_data_sample_50000...
2025-07-30 02:41:30 - INFO - ****************************************************************************************************
2025-07-30 02:41:30 - INFO - Total time taken: 282.80 seconds
2025-07-30 02:41:30 - INFO - All results saved to ../experiments_synthetic/anm/xgboost_20250730-023647/results.csv
2025-07-30 02:41:30 - INFO - Results plot saved to ../experiments_synthetic/anm/xgboost_20250730-023647/results_mse_percent_delta.png
2025-07-30 02:44:44 - INFO - Experiment initialized with config:
Experiment Config (Name: mlp_20250730-024443)
  timestamp: 20250730-024443
  dataset_path: ../data/anm_data.csv
  dataset_dir_path: None
  baseline: mlp
  aug_data_size_factor: 1.0
  max_n_features_to_perturb: 5
  max_perturb_percent: 0.1
  min_perturb_percent: -0.1
  aug_data_weight: 0.9
  alpha: 0.05
  r_corr_threshold: 0.1
  p_corr_threshold: 0.05
  test_size: 0.2
  random_seed: 0
  num_seeds: 0
  p_wilcoxon_threshold: 0.05
  hyperparam_tune: False
  method_param_tune: True
  sample_sizes: [5000, 10000, 15000, 20000, 30000, 40000, 50000]
  ignore_filter: True
  results_dir: ../experiments_synthetic/anm
  save_plots: False
  save_models: False
  save_params: False
  experiment_dir: ../experiments_synthetic/anm/mlp_20250730-024443
2025-07-30 02:44:44 - INFO - Loaded 7 datasets


2025-07-30 02:44:44 - INFO - 






****************************************************************************************************
2025-07-30 02:44:44 - INFO - Running experiment on dataset: anm_data_sample_5000
2025-07-30 02:44:44 - INFO - 



####################################################################################################
2025-07-30 02:44:44 - INFO - Running experiment on dataset: anm_data_sample_5000 with seed: 0
2025-07-30 02:44:44 - INFO - Training mlp baseline model
2025-07-30 02:44:45 - INFO - Done training baseline model
2025-07-30 02:44:45 - INFO - Done calculating residuals

2025-07-30 02:44:45 - INFO - Filtering for features to perturb
2025-07-30 02:44:45 - INFO - Creating causal graph for anm_data_sample_5000
2025-07-30 02:44:45 - INFO - Features that are not connected to Z (conditional independence): ['F2', 'F0']
2025-07-30 02:44:45 - INFO - [Z vs F0]  r: 0.0106, p: 0.4528
2025-07-30 02:44:45 - INFO - [Z vs F1]  r: -0.1255, p: 0.0000
2025-07-30 02:44:45 - INFO - [Z vs F2]  r: 0.0021, p: 0.8823
2025-07-30 02:44:45 - INFO - Candidates (uncorrelated + not connected to Z): ['F2', 'F0']
2025-07-30 02:44:45 - INFO - Ranked candidate features:
  feature     score  r_with_T  r_with_Z
0      F2  0.013002 -0.015095  0.002093
1      F0 -0.010392 -0.000228  0.010620
2025-07-30 02:44:45 - INFO - Done filtering.

2025-07-30 02:44:45 - INFO - Selected features to perturb: ['F2', 'F0']

2025-07-30 02:44:45 - INFO - Intervening on features to create augmented feature set
2025-07-30 02:44:45 - INFO - Generating counterfactuals for augmented target set
2025-07-30 02:44:45 - INFO - Original X train shape: (3200, 3)
2025-07-30 02:44:45 - INFO - Augmented X train shape: (4000, 3)
2025-07-30 02:44:45 - INFO - Combined X train shape: (7200, 3)
2025-07-30 02:44:45 - INFO - Training new mlp model on augmented data

2025-07-30 02:44:46 - INFO - Selected features to perturb: ['F2', 'F0']

2025-07-30 02:44:46 - INFO - Intervening on features to create augmented feature set
2025-07-30 02:44:46 - INFO - Generating counterfactuals for augmented target set
2025-07-30 02:44:46 - INFO - Original X train shape: (3200, 3)
2025-07-30 02:44:46 - INFO - Augmented X train shape: (4000, 3)
2025-07-30 02:44:46 - INFO - Combined X train shape: (7200, 3)
2025-07-30 02:44:46 - INFO - Training new mlp model on augmented data

2025-07-30 02:44:47 - INFO - Selected features to perturb: ['F2', 'F0']

2025-07-30 02:44:47 - INFO - Intervening on features to create augmented feature set
2025-07-30 02:44:47 - INFO - Generating counterfactuals for augmented target set
2025-07-30 02:44:47 - INFO - Original X train shape: (3200, 3)
2025-07-30 02:44:47 - INFO - Augmented X train shape: (2400, 3)
2025-07-30 02:44:47 - INFO - Combined X train shape: (5600, 3)
2025-07-30 02:44:47 - INFO - Training new mlp model on augmented data

2025-07-30 02:44:48 - INFO - Selected features to perturb: ['F2', 'F0']

2025-07-30 02:44:48 - INFO - Intervening on features to create augmented feature set
2025-07-30 02:44:48 - INFO - Generating counterfactuals for augmented target set
2025-07-30 02:44:48 - INFO - Original X train shape: (3200, 3)
2025-07-30 02:44:48 - INFO - Augmented X train shape: (4800, 3)
2025-07-30 02:44:48 - INFO - Combined X train shape: (8000, 3)
2025-07-30 02:44:48 - INFO - Training new mlp model on augmented data

2025-07-30 02:44:52 - INFO - Selected features to perturb: ['F2']

2025-07-30 02:44:52 - INFO - Intervening on features to create augmented feature set
2025-07-30 02:44:52 - INFO - Generating counterfactuals for augmented target set
2025-07-30 02:44:52 - INFO - Original X train shape: (3200, 3)
2025-07-30 02:44:52 - INFO - Augmented X train shape: (4800, 3)
2025-07-30 02:44:52 - INFO - Combined X train shape: (8000, 3)
2025-07-30 02:44:52 - INFO - Training new mlp model on augmented data

2025-07-30 02:44:53 - INFO - Selected features to perturb: ['F2', 'F0']

2025-07-30 02:44:53 - INFO - Intervening on features to create augmented feature set
2025-07-30 02:44:53 - INFO - Generating counterfactuals for augmented target set
2025-07-30 02:44:53 - INFO - Original X train shape: (3200, 3)
2025-07-30 02:44:53 - INFO - Augmented X train shape: (4000, 3)
2025-07-30 02:44:53 - INFO - Combined X train shape: (7200, 3)
2025-07-30 02:44:53 - INFO - Training new mlp model on augmented data

2025-07-30 02:44:55 - INFO - Selected features to perturb: ['F2']

2025-07-30 02:44:55 - INFO - Intervening on features to create augmented feature set
2025-07-30 02:44:55 - INFO - Generating counterfactuals for augmented target set
2025-07-30 02:44:55 - INFO - Original X train shape: (3200, 3)
2025-07-30 02:44:55 - INFO - Augmented X train shape: (4000, 3)
2025-07-30 02:44:55 - INFO - Combined X train shape: (7200, 3)
2025-07-30 02:44:55 - INFO - Training new mlp model on augmented data

2025-07-30 02:44:55 - INFO - Selected features to perturb: ['F2', 'F0']

2025-07-30 02:44:55 - INFO - Intervening on features to create augmented feature set
2025-07-30 02:44:55 - INFO - Generating counterfactuals for augmented target set
2025-07-30 02:44:55 - INFO - Original X train shape: (3200, 3)
2025-07-30 02:44:55 - INFO - Augmented X train shape: (3200, 3)
2025-07-30 02:44:55 - INFO - Combined X train shape: (6400, 3)
2025-07-30 02:44:55 - INFO - Training new mlp model on augmented data

2025-07-30 02:44:56 - INFO - Selected features to perturb: ['F2', 'F0']

2025-07-30 02:44:56 - INFO - Intervening on features to create augmented feature set
2025-07-30 02:44:56 - INFO - Generating counterfactuals for augmented target set
2025-07-30 02:44:56 - INFO - Original X train shape: (3200, 3)
2025-07-30 02:44:56 - INFO - Augmented X train shape: (3200, 3)
2025-07-30 02:44:56 - INFO - Combined X train shape: (6400, 3)
2025-07-30 02:44:56 - INFO - Training new mlp model on augmented data

2025-07-30 02:44:58 - INFO - Selected features to perturb: ['F2', 'F0']

2025-07-30 02:44:58 - INFO - Intervening on features to create augmented feature set
2025-07-30 02:44:58 - INFO - Generating counterfactuals for augmented target set
2025-07-30 02:44:58 - INFO - Original X train shape: (3200, 3)
2025-07-30 02:44:58 - INFO - Augmented X train shape: (4000, 3)
2025-07-30 02:44:58 - INFO - Combined X train shape: (7200, 3)
2025-07-30 02:44:58 - INFO - Training new mlp model on augmented data

2025-07-30 02:44:58 - INFO - Selected features to perturb: ['F2', 'F0']

2025-07-30 02:44:58 - INFO - Intervening on features to create augmented feature set
2025-07-30 02:44:58 - INFO - Generating counterfactuals for augmented target set
2025-07-30 02:44:58 - INFO - Original X train shape: (3200, 3)
2025-07-30 02:44:58 - INFO - Augmented X train shape: (1600, 3)
2025-07-30 02:44:58 - INFO - Combined X train shape: (4800, 3)
2025-07-30 02:44:58 - INFO - Training new mlp model on augmented data

2025-07-30 02:44:59 - INFO - Selected features to perturb: ['F2', 'F0']

2025-07-30 02:44:59 - INFO - Intervening on features to create augmented feature set
2025-07-30 02:44:59 - INFO - Generating counterfactuals for augmented target set
2025-07-30 02:44:59 - INFO - Original X train shape: (3200, 3)
2025-07-30 02:44:59 - INFO - Augmented X train shape: (3200, 3)
2025-07-30 02:44:59 - INFO - Combined X train shape: (6400, 3)
2025-07-30 02:44:59 - INFO - Training new mlp model on augmented data

2025-07-30 02:45:02 - INFO - Selected features to perturb: ['F2', 'F0']

2025-07-30 02:45:02 - INFO - Intervening on features to create augmented feature set
2025-07-30 02:45:02 - INFO - Generating counterfactuals for augmented target set
2025-07-30 02:45:02 - INFO - Original X train shape: (3200, 3)
2025-07-30 02:45:02 - INFO - Augmented X train shape: (2400, 3)
2025-07-30 02:45:02 - INFO - Combined X train shape: (5600, 3)
2025-07-30 02:45:02 - INFO - Training new mlp model on augmented data

2025-07-30 02:45:03 - INFO - Selected features to perturb: ['F2', 'F0']

2025-07-30 02:45:03 - INFO - Intervening on features to create augmented feature set
2025-07-30 02:45:03 - INFO - Generating counterfactuals for augmented target set
2025-07-30 02:45:03 - INFO - Original X train shape: (3200, 3)
2025-07-30 02:45:03 - INFO - Augmented X train shape: (3200, 3)
2025-07-30 02:45:03 - INFO - Combined X train shape: (6400, 3)
2025-07-30 02:45:03 - INFO - Training new mlp model on augmented data

2025-07-30 02:45:05 - INFO - Selected features to perturb: ['F2', 'F0']

2025-07-30 02:45:05 - INFO - Intervening on features to create augmented feature set
2025-07-30 02:45:05 - INFO - Generating counterfactuals for augmented target set
2025-07-30 02:45:05 - INFO - Original X train shape: (3200, 3)
2025-07-30 02:45:05 - INFO - Augmented X train shape: (2400, 3)
2025-07-30 02:45:05 - INFO - Combined X train shape: (5600, 3)
2025-07-30 02:45:05 - INFO - Training new mlp model on augmented data

2025-07-30 02:45:07 - INFO - Selected features to perturb: ['F2', 'F0']

2025-07-30 02:45:07 - INFO - Intervening on features to create augmented feature set
2025-07-30 02:45:07 - INFO - Generating counterfactuals for augmented target set
2025-07-30 02:45:07 - INFO - Original X train shape: (3200, 3)
2025-07-30 02:45:07 - INFO - Augmented X train shape: (3200, 3)
2025-07-30 02:45:07 - INFO - Combined X train shape: (6400, 3)
2025-07-30 02:45:07 - INFO - Training new mlp model on augmented data

2025-07-30 02:45:08 - INFO - Selected features to perturb: ['F2', 'F0']

2025-07-30 02:45:08 - INFO - Intervening on features to create augmented feature set
2025-07-30 02:45:08 - INFO - Generating counterfactuals for augmented target set
2025-07-30 02:45:08 - INFO - Original X train shape: (3200, 3)
2025-07-30 02:45:08 - INFO - Augmented X train shape: (1600, 3)
2025-07-30 02:45:08 - INFO - Combined X train shape: (4800, 3)
2025-07-30 02:45:08 - INFO - Training new mlp model on augmented data

2025-07-30 02:45:09 - INFO - Selected features to perturb: ['F2', 'F0']

2025-07-30 02:45:09 - INFO - Intervening on features to create augmented feature set
2025-07-30 02:45:09 - INFO - Generating counterfactuals for augmented target set
2025-07-30 02:45:09 - INFO - Original X train shape: (3200, 3)
2025-07-30 02:45:09 - INFO - Augmented X train shape: (2400, 3)
2025-07-30 02:45:09 - INFO - Combined X train shape: (5600, 3)
2025-07-30 02:45:09 - INFO - Training new mlp model on augmented data

2025-07-30 02:45:11 - INFO - Selected features to perturb: ['F2', 'F0']

2025-07-30 02:45:11 - INFO - Intervening on features to create augmented feature set
2025-07-30 02:45:11 - INFO - Generating counterfactuals for augmented target set
2025-07-30 02:45:11 - INFO - Original X train shape: (3200, 3)
2025-07-30 02:45:11 - INFO - Augmented X train shape: (3200, 3)
2025-07-30 02:45:11 - INFO - Combined X train shape: (6400, 3)
2025-07-30 02:45:11 - INFO - Training new mlp model on augmented data

2025-07-30 02:45:13 - INFO - Selected features to perturb: ['F2', 'F0']

2025-07-30 02:45:13 - INFO - Intervening on features to create augmented feature set
2025-07-30 02:45:13 - INFO - Generating counterfactuals for augmented target set
2025-07-30 02:45:13 - INFO - Original X train shape: (3200, 3)
2025-07-30 02:45:13 - INFO - Augmented X train shape: (3200, 3)
2025-07-30 02:45:13 - INFO - Combined X train shape: (6400, 3)
2025-07-30 02:45:13 - INFO - Training new mlp model on augmented data

2025-07-30 02:45:14 - INFO - Selected features to perturb: ['F2', 'F0']

2025-07-30 02:45:14 - INFO - Intervening on features to create augmented feature set
2025-07-30 02:45:14 - INFO - Generating counterfactuals for augmented target set
2025-07-30 02:45:14 - INFO - Original X train shape: (3200, 3)
2025-07-30 02:45:14 - INFO - Augmented X train shape: (2400, 3)
2025-07-30 02:45:14 - INFO - Combined X train shape: (5600, 3)
2025-07-30 02:45:14 - INFO - Training new mlp model on augmented data

2025-07-30 02:45:15 - INFO - Selected features to perturb: ['F2', 'F0']

2025-07-30 02:45:15 - INFO - Intervening on features to create augmented feature set
2025-07-30 02:45:15 - INFO - Generating counterfactuals for augmented target set
2025-07-30 02:45:15 - INFO - Original X train shape: (3200, 3)
2025-07-30 02:45:15 - INFO - Augmented X train shape: (3200, 3)
2025-07-30 02:45:15 - INFO - Combined X train shape: (6400, 3)
2025-07-30 02:45:15 - INFO - Training new mlp model on augmented data

2025-07-30 02:45:16 - INFO - Selected features to perturb: ['F2', 'F0']

2025-07-30 02:45:16 - INFO - Intervening on features to create augmented feature set
2025-07-30 02:45:16 - INFO - Generating counterfactuals for augmented target set
2025-07-30 02:45:16 - INFO - Original X train shape: (3200, 3)
2025-07-30 02:45:16 - INFO - Augmented X train shape: (3200, 3)
2025-07-30 02:45:16 - INFO - Combined X train shape: (6400, 3)
2025-07-30 02:45:16 - INFO - Training new mlp model on augmented data

2025-07-30 02:45:18 - INFO - Selected features to perturb: ['F2', 'F0']

2025-07-30 02:45:18 - INFO - Intervening on features to create augmented feature set
2025-07-30 02:45:18 - INFO - Generating counterfactuals for augmented target set
2025-07-30 02:45:18 - INFO - Original X train shape: (3200, 3)
2025-07-30 02:45:18 - INFO - Augmented X train shape: (3200, 3)
2025-07-30 02:45:18 - INFO - Combined X train shape: (6400, 3)
2025-07-30 02:45:18 - INFO - Training new mlp model on augmented data

2025-07-30 02:45:19 - INFO - Selected features to perturb: ['F2', 'F0']

2025-07-30 02:45:19 - INFO - Intervening on features to create augmented feature set
2025-07-30 02:45:19 - INFO - Generating counterfactuals for augmented target set
2025-07-30 02:45:19 - INFO - Original X train shape: (3200, 3)
2025-07-30 02:45:19 - INFO - Augmented X train shape: (3200, 3)
2025-07-30 02:45:19 - INFO - Combined X train shape: (6400, 3)
2025-07-30 02:45:19 - INFO - Training new mlp model on augmented data

2025-07-30 02:45:20 - INFO - Selected features to perturb: ['F2', 'F0']

2025-07-30 02:45:20 - INFO - Intervening on features to create augmented feature set
2025-07-30 02:45:20 - INFO - Generating counterfactuals for augmented target set
2025-07-30 02:45:20 - INFO - Original X train shape: (3200, 3)
2025-07-30 02:45:20 - INFO - Augmented X train shape: (2400, 3)
2025-07-30 02:45:20 - INFO - Combined X train shape: (5600, 3)
2025-07-30 02:45:20 - INFO - Training new mlp model on augmented data

2025-07-30 02:45:21 - INFO - Selected features to perturb: ['F2', 'F0']

2025-07-30 02:45:21 - INFO - Intervening on features to create augmented feature set
2025-07-30 02:45:21 - INFO - Generating counterfactuals for augmented target set
2025-07-30 02:45:21 - INFO - Original X train shape: (3200, 3)
2025-07-30 02:45:21 - INFO - Augmented X train shape: (4000, 3)
2025-07-30 02:45:21 - INFO - Combined X train shape: (7200, 3)
2025-07-30 02:45:21 - INFO - Training new mlp model on augmented data

2025-07-30 02:45:23 - INFO - Selected features to perturb: ['F2', 'F0']

2025-07-30 02:45:23 - INFO - Intervening on features to create augmented feature set
2025-07-30 02:45:23 - INFO - Generating counterfactuals for augmented target set
2025-07-30 02:45:23 - INFO - Original X train shape: (3200, 3)
2025-07-30 02:45:23 - INFO - Augmented X train shape: (4800, 3)
2025-07-30 02:45:23 - INFO - Combined X train shape: (8000, 3)
2025-07-30 02:45:23 - INFO - Training new mlp model on augmented data

2025-07-30 02:45:24 - INFO - Selected features to perturb: ['F2', 'F0']

2025-07-30 02:45:24 - INFO - Intervening on features to create augmented feature set
2025-07-30 02:45:24 - INFO - Generating counterfactuals for augmented target set
2025-07-30 02:45:24 - INFO - Original X train shape: (3200, 3)
2025-07-30 02:45:24 - INFO - Augmented X train shape: (4000, 3)
2025-07-30 02:45:24 - INFO - Combined X train shape: (7200, 3)
2025-07-30 02:45:24 - INFO - Training new mlp model on augmented data

2025-07-30 02:45:26 - INFO - Selected features to perturb: ['F2', 'F0']

2025-07-30 02:45:26 - INFO - Intervening on features to create augmented feature set
2025-07-30 02:45:26 - INFO - Generating counterfactuals for augmented target set
2025-07-30 02:45:26 - INFO - Original X train shape: (3200, 3)
2025-07-30 02:45:26 - INFO - Augmented X train shape: (4000, 3)
2025-07-30 02:45:26 - INFO - Combined X train shape: (7200, 3)
2025-07-30 02:45:26 - INFO - Training new mlp model on augmented data

2025-07-30 02:45:29 - INFO - Best augmentation parameters:
{'max_n_features_to_perturb': 4, 'aug_data_size_factor': 1.25, 'aug_data_weight': 0.5, 'max_perturb_percent': 0.1, 'min_perturb_percent': -0.1}

2025-07-30 02:45:29 - INFO - Selected features to perturb: ['F2', 'F0']

2025-07-30 02:45:29 - INFO - Intervening on features to create augmented feature set
2025-07-30 02:45:29 - INFO - Generating counterfactuals for augmented target set
2025-07-30 02:45:29 - INFO - Original X train shape: (4000, 3)
2025-07-30 02:45:29 - INFO - Augmented X train shape: (5000, 3)
2025-07-30 02:45:29 - INFO - Combined X train shape: (9000, 3)
2025-07-30 02:45:40 - INFO - Done cross-validation evaluation
2025-07-30 02:45:40 - INFO - The p-value from the Wilcoxon signed-rank test is: 0.0048828125

2025-07-30 02:45:40 - INFO - Evaluation metrics for the experiment:
2025-07-30 02:45:40 - INFO - Original MSE: 0.0017683029866731514, Augmented MSE: 0.001671612463447482


2025-07-30 02:45:40 - INFO - ####################################################################################################
2025-07-30 02:45:40 - INFO - Interim results for seeds saved to ../experiments_synthetic/anm/mlp_20250730-024443/interim_results/anm_data_sample_5000_interim_results.csv. Aggregating results for anm_data_sample_5000...
2025-07-30 02:45:40 - INFO - ****************************************************************************************************
2025-07-30 02:45:40 - INFO - 






****************************************************************************************************
2025-07-30 02:45:40 - INFO - Running experiment on dataset: anm_data_sample_10000
2025-07-30 02:45:40 - INFO - 



####################################################################################################
2025-07-30 02:45:40 - INFO - Running experiment on dataset: anm_data_sample_10000 with seed: 0
2025-07-30 02:45:40 - INFO - Training mlp baseline model
2025-07-30 02:45:42 - INFO - Done training baseline model
2025-07-30 02:45:42 - INFO - Done calculating residuals

2025-07-30 02:45:42 - INFO - Filtering for features to perturb
2025-07-30 02:45:42 - INFO - Creating causal graph for anm_data_sample_10000
2025-07-30 02:45:42 - INFO - Features that are not connected to Z (conditional independence): ['F0']
2025-07-30 02:45:42 - INFO - [Z vs F0]  r: -0.0159, p: 0.1127
2025-07-30 02:45:42 - INFO - [Z vs F1]  r: -0.0459, p: 0.0000
2025-07-30 02:45:42 - INFO - [Z vs F2]  r: 0.0399, p: 0.0001
2025-07-30 02:45:42 - INFO - Candidates (uncorrelated + not connected to Z): ['F0']
2025-07-30 02:45:42 - INFO - Ranked candidate features:
  feature     score  r_with_T  r_with_Z
0      F0 -0.009731  0.006131 -0.015861
2025-07-30 02:45:42 - INFO - Done filtering.

2025-07-30 02:45:42 - INFO - Selected features to perturb: ['F0']

2025-07-30 02:45:42 - INFO - Intervening on features to create augmented feature set
2025-07-30 02:45:42 - INFO - Generating counterfactuals for augmented target set
2025-07-30 02:45:42 - INFO - Original X train shape: (6400, 3)
2025-07-30 02:45:42 - INFO - Augmented X train shape: (8000, 3)
2025-07-30 02:45:42 - INFO - Combined X train shape: (14400, 3)
2025-07-30 02:45:42 - INFO - Training new mlp model on augmented data

2025-07-30 02:45:44 - INFO - Selected features to perturb: ['F0']

2025-07-30 02:45:44 - INFO - Intervening on features to create augmented feature set
2025-07-30 02:45:44 - INFO - Generating counterfactuals for augmented target set
2025-07-30 02:45:44 - INFO - Original X train shape: (6400, 3)
2025-07-30 02:45:44 - INFO - Augmented X train shape: (8000, 3)
2025-07-30 02:45:44 - INFO - Combined X train shape: (14400, 3)
2025-07-30 02:45:44 - INFO - Training new mlp model on augmented data

2025-07-30 02:45:46 - INFO - Selected features to perturb: ['F0']

2025-07-30 02:45:46 - INFO - Intervening on features to create augmented feature set
2025-07-30 02:45:46 - INFO - Generating counterfactuals for augmented target set
2025-07-30 02:45:46 - INFO - Original X train shape: (6400, 3)
2025-07-30 02:45:46 - INFO - Augmented X train shape: (4800, 3)
2025-07-30 02:45:46 - INFO - Combined X train shape: (11200, 3)
2025-07-30 02:45:46 - INFO - Training new mlp model on augmented data

2025-07-30 02:45:49 - INFO - Selected features to perturb: ['F0']

2025-07-30 02:45:49 - INFO - Intervening on features to create augmented feature set
2025-07-30 02:45:49 - INFO - Generating counterfactuals for augmented target set
2025-07-30 02:45:49 - INFO - Original X train shape: (6400, 3)
2025-07-30 02:45:49 - INFO - Augmented X train shape: (9600, 3)
2025-07-30 02:45:49 - INFO - Combined X train shape: (16000, 3)
2025-07-30 02:45:49 - INFO - Training new mlp model on augmented data

2025-07-30 02:45:52 - INFO - Selected features to perturb: ['F0']

2025-07-30 02:45:52 - INFO - Intervening on features to create augmented feature set
2025-07-30 02:45:52 - INFO - Generating counterfactuals for augmented target set
2025-07-30 02:45:52 - INFO - Original X train shape: (6400, 3)
2025-07-30 02:45:52 - INFO - Augmented X train shape: (9600, 3)
2025-07-30 02:45:52 - INFO - Combined X train shape: (16000, 3)
2025-07-30 02:45:52 - INFO - Training new mlp model on augmented data

2025-07-30 02:45:56 - INFO - Selected features to perturb: ['F0']

2025-07-30 02:45:56 - INFO - Intervening on features to create augmented feature set
2025-07-30 02:45:56 - INFO - Generating counterfactuals for augmented target set
2025-07-30 02:45:56 - INFO - Original X train shape: (6400, 3)
2025-07-30 02:45:56 - INFO - Augmented X train shape: (8000, 3)
2025-07-30 02:45:56 - INFO - Combined X train shape: (14400, 3)
2025-07-30 02:45:56 - INFO - Training new mlp model on augmented data

2025-07-30 02:45:59 - INFO - Selected features to perturb: ['F0']

2025-07-30 02:45:59 - INFO - Intervening on features to create augmented feature set
2025-07-30 02:45:59 - INFO - Generating counterfactuals for augmented target set
2025-07-30 02:45:59 - INFO - Original X train shape: (6400, 3)
2025-07-30 02:45:59 - INFO - Augmented X train shape: (8000, 3)
2025-07-30 02:45:59 - INFO - Combined X train shape: (14400, 3)
2025-07-30 02:45:59 - INFO - Training new mlp model on augmented data

2025-07-30 02:46:03 - INFO - Selected features to perturb: ['F0']

2025-07-30 02:46:03 - INFO - Intervening on features to create augmented feature set
2025-07-30 02:46:03 - INFO - Generating counterfactuals for augmented target set
2025-07-30 02:46:03 - INFO - Original X train shape: (6400, 3)
2025-07-30 02:46:03 - INFO - Augmented X train shape: (6400, 3)
2025-07-30 02:46:03 - INFO - Combined X train shape: (12800, 3)
2025-07-30 02:46:03 - INFO - Training new mlp model on augmented data

2025-07-30 02:46:07 - INFO - Selected features to perturb: ['F0']

2025-07-30 02:46:07 - INFO - Intervening on features to create augmented feature set
2025-07-30 02:46:07 - INFO - Generating counterfactuals for augmented target set
2025-07-30 02:46:07 - INFO - Original X train shape: (6400, 3)
2025-07-30 02:46:07 - INFO - Augmented X train shape: (6400, 3)
2025-07-30 02:46:07 - INFO - Combined X train shape: (12800, 3)
2025-07-30 02:46:07 - INFO - Training new mlp model on augmented data

2025-07-30 02:46:09 - INFO - Selected features to perturb: ['F0']

2025-07-30 02:46:09 - INFO - Intervening on features to create augmented feature set
2025-07-30 02:46:09 - INFO - Generating counterfactuals for augmented target set
2025-07-30 02:46:09 - INFO - Original X train shape: (6400, 3)
2025-07-30 02:46:09 - INFO - Augmented X train shape: (8000, 3)
2025-07-30 02:46:09 - INFO - Combined X train shape: (14400, 3)
2025-07-30 02:46:09 - INFO - Training new mlp model on augmented data

2025-07-30 02:46:11 - INFO - Selected features to perturb: ['F0']

2025-07-30 02:46:11 - INFO - Intervening on features to create augmented feature set
2025-07-30 02:46:11 - INFO - Generating counterfactuals for augmented target set
2025-07-30 02:46:11 - INFO - Original X train shape: (6400, 3)
2025-07-30 02:46:11 - INFO - Augmented X train shape: (3200, 3)
2025-07-30 02:46:11 - INFO - Combined X train shape: (9600, 3)
2025-07-30 02:46:11 - INFO - Training new mlp model on augmented data

2025-07-30 02:46:12 - INFO - Selected features to perturb: ['F0']

2025-07-30 02:46:12 - INFO - Intervening on features to create augmented feature set
2025-07-30 02:46:12 - INFO - Generating counterfactuals for augmented target set
2025-07-30 02:46:12 - INFO - Original X train shape: (6400, 3)
2025-07-30 02:46:12 - INFO - Augmented X train shape: (3200, 3)
2025-07-30 02:46:12 - INFO - Combined X train shape: (9600, 3)
2025-07-30 02:46:12 - INFO - Training new mlp model on augmented data

2025-07-30 02:46:14 - INFO - Selected features to perturb: ['F0']

2025-07-30 02:46:14 - INFO - Intervening on features to create augmented feature set
2025-07-30 02:46:14 - INFO - Generating counterfactuals for augmented target set
2025-07-30 02:46:14 - INFO - Original X train shape: (6400, 3)
2025-07-30 02:46:14 - INFO - Augmented X train shape: (3200, 3)
2025-07-30 02:46:14 - INFO - Combined X train shape: (9600, 3)
2025-07-30 02:46:14 - INFO - Training new mlp model on augmented data

2025-07-30 02:46:16 - INFO - Selected features to perturb: ['F0']

2025-07-30 02:46:16 - INFO - Intervening on features to create augmented feature set
2025-07-30 02:46:16 - INFO - Generating counterfactuals for augmented target set
2025-07-30 02:46:16 - INFO - Original X train shape: (6400, 3)
2025-07-30 02:46:16 - INFO - Augmented X train shape: (4800, 3)
2025-07-30 02:46:16 - INFO - Combined X train shape: (11200, 3)
2025-07-30 02:46:16 - INFO - Training new mlp model on augmented data

2025-07-30 02:46:17 - INFO - Selected features to perturb: ['F0']

2025-07-30 02:46:17 - INFO - Intervening on features to create augmented feature set
2025-07-30 02:46:17 - INFO - Generating counterfactuals for augmented target set
2025-07-30 02:46:17 - INFO - Original X train shape: (6400, 3)
2025-07-30 02:46:17 - INFO - Augmented X train shape: (4800, 3)
2025-07-30 02:46:17 - INFO - Combined X train shape: (11200, 3)
2025-07-30 02:46:17 - INFO - Training new mlp model on augmented data

2025-07-30 02:46:20 - INFO - Selected features to perturb: ['F0']

2025-07-30 02:46:20 - INFO - Intervening on features to create augmented feature set
2025-07-30 02:46:20 - INFO - Generating counterfactuals for augmented target set
2025-07-30 02:46:20 - INFO - Original X train shape: (6400, 3)
2025-07-30 02:46:20 - INFO - Augmented X train shape: (6400, 3)
2025-07-30 02:46:20 - INFO - Combined X train shape: (12800, 3)
2025-07-30 02:46:20 - INFO - Training new mlp model on augmented data

2025-07-30 02:46:22 - INFO - Selected features to perturb: ['F0']

2025-07-30 02:46:22 - INFO - Intervening on features to create augmented feature set
2025-07-30 02:46:22 - INFO - Generating counterfactuals for augmented target set
2025-07-30 02:46:22 - INFO - Original X train shape: (6400, 3)
2025-07-30 02:46:22 - INFO - Augmented X train shape: (3200, 3)
2025-07-30 02:46:22 - INFO - Combined X train shape: (9600, 3)
2025-07-30 02:46:22 - INFO - Training new mlp model on augmented data

2025-07-30 02:46:25 - INFO - Selected features to perturb: ['F0']

2025-07-30 02:46:25 - INFO - Intervening on features to create augmented feature set
2025-07-30 02:46:25 - INFO - Generating counterfactuals for augmented target set
2025-07-30 02:46:25 - INFO - Original X train shape: (6400, 3)
2025-07-30 02:46:25 - INFO - Augmented X train shape: (4800, 3)
2025-07-30 02:46:25 - INFO - Combined X train shape: (11200, 3)
2025-07-30 02:46:25 - INFO - Training new mlp model on augmented data

2025-07-30 02:46:27 - INFO - Selected features to perturb: ['F0']

2025-07-30 02:46:27 - INFO - Intervening on features to create augmented feature set
2025-07-30 02:46:27 - INFO - Generating counterfactuals for augmented target set
2025-07-30 02:46:27 - INFO - Original X train shape: (6400, 3)
2025-07-30 02:46:27 - INFO - Augmented X train shape: (6400, 3)
2025-07-30 02:46:27 - INFO - Combined X train shape: (12800, 3)
2025-07-30 02:46:27 - INFO - Training new mlp model on augmented data

2025-07-30 02:46:32 - INFO - Selected features to perturb: ['F0']

2025-07-30 02:46:32 - INFO - Intervening on features to create augmented feature set
2025-07-30 02:46:32 - INFO - Generating counterfactuals for augmented target set
2025-07-30 02:46:32 - INFO - Original X train shape: (6400, 3)
2025-07-30 02:46:32 - INFO - Augmented X train shape: (3200, 3)
2025-07-30 02:46:32 - INFO - Combined X train shape: (9600, 3)
2025-07-30 02:46:32 - INFO - Training new mlp model on augmented data

2025-07-30 02:46:35 - INFO - Selected features to perturb: ['F0']

2025-07-30 02:46:35 - INFO - Intervening on features to create augmented feature set
2025-07-30 02:46:35 - INFO - Generating counterfactuals for augmented target set
2025-07-30 02:46:35 - INFO - Original X train shape: (6400, 3)
2025-07-30 02:46:35 - INFO - Augmented X train shape: (6400, 3)
2025-07-30 02:46:35 - INFO - Combined X train shape: (12800, 3)
2025-07-30 02:46:35 - INFO - Training new mlp model on augmented data

2025-07-30 02:46:40 - INFO - Selected features to perturb: ['F0']

2025-07-30 02:46:40 - INFO - Intervening on features to create augmented feature set
2025-07-30 02:46:40 - INFO - Generating counterfactuals for augmented target set
2025-07-30 02:46:40 - INFO - Original X train shape: (6400, 3)
2025-07-30 02:46:40 - INFO - Augmented X train shape: (4800, 3)
2025-07-30 02:46:40 - INFO - Combined X train shape: (11200, 3)
2025-07-30 02:46:40 - INFO - Training new mlp model on augmented data

2025-07-30 02:46:43 - INFO - Selected features to perturb: ['F0']

2025-07-30 02:46:43 - INFO - Intervening on features to create augmented feature set
2025-07-30 02:46:43 - INFO - Generating counterfactuals for augmented target set
2025-07-30 02:46:43 - INFO - Original X train shape: (6400, 3)
2025-07-30 02:46:43 - INFO - Augmented X train shape: (4800, 3)
2025-07-30 02:46:43 - INFO - Combined X train shape: (11200, 3)
2025-07-30 02:46:43 - INFO - Training new mlp model on augmented data

2025-07-30 02:46:44 - INFO - Selected features to perturb: ['F0']

2025-07-30 02:46:44 - INFO - Intervening on features to create augmented feature set
2025-07-30 02:46:44 - INFO - Generating counterfactuals for augmented target set
2025-07-30 02:46:44 - INFO - Original X train shape: (6400, 3)
2025-07-30 02:46:44 - INFO - Augmented X train shape: (3200, 3)
2025-07-30 02:46:44 - INFO - Combined X train shape: (9600, 3)
2025-07-30 02:46:44 - INFO - Training new mlp model on augmented data

2025-07-30 02:46:45 - INFO - Selected features to perturb: ['F0']

2025-07-30 02:46:45 - INFO - Intervening on features to create augmented feature set
2025-07-30 02:46:45 - INFO - Generating counterfactuals for augmented target set
2025-07-30 02:46:45 - INFO - Original X train shape: (6400, 3)
2025-07-30 02:46:45 - INFO - Augmented X train shape: (4800, 3)
2025-07-30 02:46:45 - INFO - Combined X train shape: (11200, 3)
2025-07-30 02:46:45 - INFO - Training new mlp model on augmented data

2025-07-30 02:46:47 - INFO - Selected features to perturb: ['F0']

2025-07-30 02:46:47 - INFO - Intervening on features to create augmented feature set
2025-07-30 02:46:47 - INFO - Generating counterfactuals for augmented target set
2025-07-30 02:46:47 - INFO - Original X train shape: (6400, 3)
2025-07-30 02:46:47 - INFO - Augmented X train shape: (6400, 3)
2025-07-30 02:46:47 - INFO - Combined X train shape: (12800, 3)
2025-07-30 02:46:47 - INFO - Training new mlp model on augmented data

2025-07-30 02:46:50 - INFO - Selected features to perturb: ['F0']

2025-07-30 02:46:50 - INFO - Intervening on features to create augmented feature set
2025-07-30 02:46:50 - INFO - Generating counterfactuals for augmented target set
2025-07-30 02:46:50 - INFO - Original X train shape: (6400, 3)
2025-07-30 02:46:50 - INFO - Augmented X train shape: (4800, 3)
2025-07-30 02:46:50 - INFO - Combined X train shape: (11200, 3)
2025-07-30 02:46:50 - INFO - Training new mlp model on augmented data

2025-07-30 02:46:52 - INFO - Selected features to perturb: ['F0']

2025-07-30 02:46:52 - INFO - Intervening on features to create augmented feature set
2025-07-30 02:46:52 - INFO - Generating counterfactuals for augmented target set
2025-07-30 02:46:52 - INFO - Original X train shape: (6400, 3)
2025-07-30 02:46:52 - INFO - Augmented X train shape: (3200, 3)
2025-07-30 02:46:52 - INFO - Combined X train shape: (9600, 3)
2025-07-30 02:46:52 - INFO - Training new mlp model on augmented data

2025-07-30 02:46:54 - INFO - Selected features to perturb: ['F0']

2025-07-30 02:46:54 - INFO - Intervening on features to create augmented feature set
2025-07-30 02:46:54 - INFO - Generating counterfactuals for augmented target set
2025-07-30 02:46:54 - INFO - Original X train shape: (6400, 3)
2025-07-30 02:46:54 - INFO - Augmented X train shape: (6400, 3)
2025-07-30 02:46:54 - INFO - Combined X train shape: (12800, 3)
2025-07-30 02:46:54 - INFO - Training new mlp model on augmented data

2025-07-30 02:46:58 - INFO - Selected features to perturb: ['F0']

2025-07-30 02:46:58 - INFO - Intervening on features to create augmented feature set
2025-07-30 02:46:58 - INFO - Generating counterfactuals for augmented target set
2025-07-30 02:46:58 - INFO - Original X train shape: (6400, 3)
2025-07-30 02:46:58 - INFO - Augmented X train shape: (4800, 3)
2025-07-30 02:46:58 - INFO - Combined X train shape: (11200, 3)
2025-07-30 02:46:58 - INFO - Training new mlp model on augmented data

2025-07-30 02:47:00 - INFO - Best augmentation parameters:
{'max_n_features_to_perturb': 3, 'aug_data_size_factor': 1.0, 'aug_data_weight': 0.5, 'max_perturb_percent': 0.8, 'min_perturb_percent': -0.8}

2025-07-30 02:47:00 - INFO - Selected features to perturb: ['F0']

2025-07-30 02:47:00 - INFO - Intervening on features to create augmented feature set
2025-07-30 02:47:00 - INFO - Generating counterfactuals for augmented target set
2025-07-30 02:47:00 - INFO - Original X train shape: (8000, 3)
2025-07-30 02:47:00 - INFO - Augmented X train shape: (8000, 3)
2025-07-30 02:47:00 - INFO - Combined X train shape: (16000, 3)
2025-07-30 02:47:16 - INFO - Done cross-validation evaluation
2025-07-30 02:47:16 - INFO - The p-value from the Wilcoxon signed-rank test is: 0.0419921875

2025-07-30 02:47:16 - INFO - Evaluation metrics for the experiment:
2025-07-30 02:47:16 - INFO - Original MSE: 0.0015645312161028083, Augmented MSE: 0.0015116323391168392


2025-07-30 02:47:16 - INFO - ####################################################################################################
2025-07-30 02:47:16 - INFO - Interim results for seeds saved to ../experiments_synthetic/anm/mlp_20250730-024443/interim_results/anm_data_sample_10000_interim_results.csv. Aggregating results for anm_data_sample_10000...
2025-07-30 02:47:16 - INFO - ****************************************************************************************************
2025-07-30 02:47:16 - INFO - 






****************************************************************************************************
2025-07-30 02:47:16 - INFO - Running experiment on dataset: anm_data_sample_15000
2025-07-30 02:47:16 - INFO - 



####################################################################################################
2025-07-30 02:47:16 - INFO - Running experiment on dataset: anm_data_sample_15000 with seed: 0
2025-07-30 02:47:16 - INFO - Training mlp baseline model
2025-07-30 02:47:19 - INFO - Done training baseline model
2025-07-30 02:47:19 - INFO - Done calculating residuals

2025-07-30 02:47:19 - INFO - Filtering for features to perturb
2025-07-30 02:47:19 - INFO - Creating causal graph for anm_data_sample_15000
2025-07-30 02:47:19 - INFO - Features that are not connected to Z (conditional independence): ['F2', 'F1']
2025-07-30 02:47:19 - INFO - [Z vs F0]  r: -0.0598, p: 0.0000
2025-07-30 02:47:19 - INFO - [Z vs F1]  r: -0.0008, p: 0.9253
2025-07-30 02:47:19 - INFO - [Z vs F2]  r: 0.0022, p: 0.7915
2025-07-30 02:47:19 - INFO - Candidates (uncorrelated + not connected to Z): ['F2', 'F1']
2025-07-30 02:47:19 - INFO - Ranked candidate features:
  feature     score  r_with_T  r_with_Z
0      F2  0.004546 -0.006705  0.002159
1      F1  0.001257 -0.002023 -0.000766
2025-07-30 02:47:19 - INFO - Done filtering.

2025-07-30 02:47:19 - INFO - Selected features to perturb: ['F2', 'F1']

2025-07-30 02:47:19 - INFO - Intervening on features to create augmented feature set
2025-07-30 02:47:19 - INFO - Generating counterfactuals for augmented target set
2025-07-30 02:47:19 - INFO - Original X train shape: (9600, 3)
2025-07-30 02:47:19 - INFO - Augmented X train shape: (12000, 3)
2025-07-30 02:47:19 - INFO - Combined X train shape: (21600, 3)
2025-07-30 02:47:19 - INFO - Training new mlp model on augmented data

2025-07-30 02:47:24 - INFO - Selected features to perturb: ['F2', 'F1']

2025-07-30 02:47:24 - INFO - Intervening on features to create augmented feature set
2025-07-30 02:47:24 - INFO - Generating counterfactuals for augmented target set
2025-07-30 02:47:24 - INFO - Original X train shape: (9600, 3)
2025-07-30 02:47:24 - INFO - Augmented X train shape: (12000, 3)
2025-07-30 02:47:24 - INFO - Combined X train shape: (21600, 3)
2025-07-30 02:47:24 - INFO - Training new mlp model on augmented data

2025-07-30 02:47:29 - INFO - Selected features to perturb: ['F2', 'F1']

2025-07-30 02:47:29 - INFO - Intervening on features to create augmented feature set
2025-07-30 02:47:29 - INFO - Generating counterfactuals for augmented target set
2025-07-30 02:47:29 - INFO - Original X train shape: (9600, 3)
2025-07-30 02:47:29 - INFO - Augmented X train shape: (7200, 3)
2025-07-30 02:47:29 - INFO - Combined X train shape: (16800, 3)
2025-07-30 02:47:29 - INFO - Training new mlp model on augmented data

2025-07-30 02:47:32 - INFO - Selected features to perturb: ['F2', 'F1']

2025-07-30 02:47:32 - INFO - Intervening on features to create augmented feature set
2025-07-30 02:47:32 - INFO - Generating counterfactuals for augmented target set
2025-07-30 02:47:32 - INFO - Original X train shape: (9600, 3)
2025-07-30 02:47:32 - INFO - Augmented X train shape: (14400, 3)
2025-07-30 02:47:32 - INFO - Combined X train shape: (24000, 3)
2025-07-30 02:47:32 - INFO - Training new mlp model on augmented data

2025-07-30 02:47:37 - INFO - Selected features to perturb: ['F2']

2025-07-30 02:47:37 - INFO - Intervening on features to create augmented feature set
2025-07-30 02:47:37 - INFO - Generating counterfactuals for augmented target set
2025-07-30 02:47:37 - INFO - Original X train shape: (9600, 3)
2025-07-30 02:47:37 - INFO - Augmented X train shape: (14400, 3)
2025-07-30 02:47:37 - INFO - Combined X train shape: (24000, 3)
2025-07-30 02:47:37 - INFO - Training new mlp model on augmented data

2025-07-30 02:47:42 - INFO - Selected features to perturb: ['F2', 'F1']

2025-07-30 02:47:42 - INFO - Intervening on features to create augmented feature set
2025-07-30 02:47:42 - INFO - Generating counterfactuals for augmented target set
2025-07-30 02:47:42 - INFO - Original X train shape: (9600, 3)
2025-07-30 02:47:42 - INFO - Augmented X train shape: (12000, 3)
2025-07-30 02:47:42 - INFO - Combined X train shape: (21600, 3)
2025-07-30 02:47:42 - INFO - Training new mlp model on augmented data

2025-07-30 02:47:47 - INFO - Selected features to perturb: ['F2']

2025-07-30 02:47:47 - INFO - Intervening on features to create augmented feature set
2025-07-30 02:47:47 - INFO - Generating counterfactuals for augmented target set
2025-07-30 02:47:47 - INFO - Original X train shape: (9600, 3)
2025-07-30 02:47:47 - INFO - Augmented X train shape: (12000, 3)
2025-07-30 02:47:47 - INFO - Combined X train shape: (21600, 3)
2025-07-30 02:47:47 - INFO - Training new mlp model on augmented data

2025-07-30 02:47:52 - INFO - Selected features to perturb: ['F2', 'F1']

2025-07-30 02:47:52 - INFO - Intervening on features to create augmented feature set
2025-07-30 02:47:52 - INFO - Generating counterfactuals for augmented target set
2025-07-30 02:47:52 - INFO - Original X train shape: (9600, 3)
2025-07-30 02:47:52 - INFO - Augmented X train shape: (9600, 3)
2025-07-30 02:47:52 - INFO - Combined X train shape: (19200, 3)
2025-07-30 02:47:52 - INFO - Training new mlp model on augmented data

2025-07-30 02:47:56 - INFO - Selected features to perturb: ['F2', 'F1']

2025-07-30 02:47:56 - INFO - Intervening on features to create augmented feature set
2025-07-30 02:47:56 - INFO - Generating counterfactuals for augmented target set
2025-07-30 02:47:56 - INFO - Original X train shape: (9600, 3)
2025-07-30 02:47:56 - INFO - Augmented X train shape: (9600, 3)
2025-07-30 02:47:56 - INFO - Combined X train shape: (19200, 3)
2025-07-30 02:47:56 - INFO - Training new mlp model on augmented data

2025-07-30 02:48:00 - INFO - Selected features to perturb: ['F2', 'F1']

2025-07-30 02:48:00 - INFO - Intervening on features to create augmented feature set
2025-07-30 02:48:00 - INFO - Generating counterfactuals for augmented target set
2025-07-30 02:48:00 - INFO - Original X train shape: (9600, 3)
2025-07-30 02:48:00 - INFO - Augmented X train shape: (12000, 3)
2025-07-30 02:48:00 - INFO - Combined X train shape: (21600, 3)
2025-07-30 02:48:00 - INFO - Training new mlp model on augmented data

2025-07-30 02:48:04 - INFO - Selected features to perturb: ['F2', 'F1']

2025-07-30 02:48:04 - INFO - Intervening on features to create augmented feature set
2025-07-30 02:48:04 - INFO - Generating counterfactuals for augmented target set
2025-07-30 02:48:04 - INFO - Original X train shape: (9600, 3)
2025-07-30 02:48:04 - INFO - Augmented X train shape: (4800, 3)
2025-07-30 02:48:04 - INFO - Combined X train shape: (14400, 3)
2025-07-30 02:48:04 - INFO - Training new mlp model on augmented data

2025-07-30 02:48:06 - INFO - Selected features to perturb: ['F2', 'F1']

2025-07-30 02:48:06 - INFO - Intervening on features to create augmented feature set
2025-07-30 02:48:06 - INFO - Generating counterfactuals for augmented target set
2025-07-30 02:48:06 - INFO - Original X train shape: (9600, 3)
2025-07-30 02:48:06 - INFO - Augmented X train shape: (12000, 3)
2025-07-30 02:48:06 - INFO - Combined X train shape: (21600, 3)
2025-07-30 02:48:06 - INFO - Training new mlp model on augmented data

2025-07-30 02:48:08 - INFO - Selected features to perturb: ['F2', 'F1']

2025-07-30 02:48:08 - INFO - Intervening on features to create augmented feature set
2025-07-30 02:48:08 - INFO - Generating counterfactuals for augmented target set
2025-07-30 02:48:08 - INFO - Original X train shape: (9600, 3)
2025-07-30 02:48:08 - INFO - Augmented X train shape: (14400, 3)
2025-07-30 02:48:08 - INFO - Combined X train shape: (24000, 3)
2025-07-30 02:48:08 - INFO - Training new mlp model on augmented data

2025-07-30 02:48:14 - INFO - Selected features to perturb: ['F2', 'F1']

2025-07-30 02:48:14 - INFO - Intervening on features to create augmented feature set
2025-07-30 02:48:14 - INFO - Generating counterfactuals for augmented target set
2025-07-30 02:48:14 - INFO - Original X train shape: (9600, 3)
2025-07-30 02:48:14 - INFO - Augmented X train shape: (14400, 3)
2025-07-30 02:48:14 - INFO - Combined X train shape: (24000, 3)
2025-07-30 02:48:14 - INFO - Training new mlp model on augmented data

2025-07-30 02:48:19 - INFO - Selected features to perturb: ['F2', 'F1']

2025-07-30 02:48:19 - INFO - Intervening on features to create augmented feature set
2025-07-30 02:48:19 - INFO - Generating counterfactuals for augmented target set
2025-07-30 02:48:19 - INFO - Original X train shape: (9600, 3)
2025-07-30 02:48:19 - INFO - Augmented X train shape: (14400, 3)
2025-07-30 02:48:19 - INFO - Combined X train shape: (24000, 3)
2025-07-30 02:48:19 - INFO - Training new mlp model on augmented data

2025-07-30 02:48:23 - INFO - Selected features to perturb: ['F2', 'F1']

2025-07-30 02:48:23 - INFO - Intervening on features to create augmented feature set
2025-07-30 02:48:23 - INFO - Generating counterfactuals for augmented target set
2025-07-30 02:48:23 - INFO - Original X train shape: (9600, 3)
2025-07-30 02:48:23 - INFO - Augmented X train shape: (7200, 3)
2025-07-30 02:48:23 - INFO - Combined X train shape: (16800, 3)
2025-07-30 02:48:23 - INFO - Training new mlp model on augmented data

2025-07-30 02:48:25 - INFO - Selected features to perturb: ['F2', 'F1']

2025-07-30 02:48:25 - INFO - Intervening on features to create augmented feature set
2025-07-30 02:48:25 - INFO - Generating counterfactuals for augmented target set
2025-07-30 02:48:25 - INFO - Original X train shape: (9600, 3)
2025-07-30 02:48:25 - INFO - Augmented X train shape: (14400, 3)
2025-07-30 02:48:25 - INFO - Combined X train shape: (24000, 3)
2025-07-30 02:48:25 - INFO - Training new mlp model on augmented data

2025-07-30 02:48:31 - INFO - Selected features to perturb: ['F2', 'F1']

2025-07-30 02:48:31 - INFO - Intervening on features to create augmented feature set
2025-07-30 02:48:31 - INFO - Generating counterfactuals for augmented target set
2025-07-30 02:48:31 - INFO - Original X train shape: (9600, 3)
2025-07-30 02:48:31 - INFO - Augmented X train shape: (9600, 3)
2025-07-30 02:48:31 - INFO - Combined X train shape: (19200, 3)
2025-07-30 02:48:31 - INFO - Training new mlp model on augmented data

2025-07-30 02:48:35 - INFO - Selected features to perturb: ['F2', 'F1']

2025-07-30 02:48:35 - INFO - Intervening on features to create augmented feature set
2025-07-30 02:48:35 - INFO - Generating counterfactuals for augmented target set
2025-07-30 02:48:35 - INFO - Original X train shape: (9600, 3)
2025-07-30 02:48:35 - INFO - Augmented X train shape: (12000, 3)
2025-07-30 02:48:35 - INFO - Combined X train shape: (21600, 3)
2025-07-30 02:48:35 - INFO - Training new mlp model on augmented data

2025-07-30 02:48:40 - INFO - Selected features to perturb: ['F2', 'F1']

2025-07-30 02:48:40 - INFO - Intervening on features to create augmented feature set
2025-07-30 02:48:40 - INFO - Generating counterfactuals for augmented target set
2025-07-30 02:48:40 - INFO - Original X train shape: (9600, 3)
2025-07-30 02:48:40 - INFO - Augmented X train shape: (7200, 3)
2025-07-30 02:48:40 - INFO - Combined X train shape: (16800, 3)
2025-07-30 02:48:40 - INFO - Training new mlp model on augmented data

2025-07-30 02:48:44 - INFO - Selected features to perturb: ['F2', 'F1']

2025-07-30 02:48:44 - INFO - Intervening on features to create augmented feature set
2025-07-30 02:48:44 - INFO - Generating counterfactuals for augmented target set
2025-07-30 02:48:44 - INFO - Original X train shape: (9600, 3)
2025-07-30 02:48:44 - INFO - Augmented X train shape: (14400, 3)
2025-07-30 02:48:44 - INFO - Combined X train shape: (24000, 3)
2025-07-30 02:48:44 - INFO - Training new mlp model on augmented data

2025-07-30 02:48:48 - INFO - Selected features to perturb: ['F2', 'F1']

2025-07-30 02:48:48 - INFO - Intervening on features to create augmented feature set
2025-07-30 02:48:48 - INFO - Generating counterfactuals for augmented target set
2025-07-30 02:48:48 - INFO - Original X train shape: (9600, 3)
2025-07-30 02:48:48 - INFO - Augmented X train shape: (12000, 3)
2025-07-30 02:48:48 - INFO - Combined X train shape: (21600, 3)
2025-07-30 02:48:48 - INFO - Training new mlp model on augmented data

2025-07-30 02:48:53 - INFO - Selected features to perturb: ['F2', 'F1']

2025-07-30 02:48:53 - INFO - Intervening on features to create augmented feature set
2025-07-30 02:48:53 - INFO - Generating counterfactuals for augmented target set
2025-07-30 02:48:53 - INFO - Original X train shape: (9600, 3)
2025-07-30 02:48:53 - INFO - Augmented X train shape: (12000, 3)
2025-07-30 02:48:53 - INFO - Combined X train shape: (21600, 3)
2025-07-30 02:48:53 - INFO - Training new mlp model on augmented data

2025-07-30 02:48:59 - INFO - Selected features to perturb: ['F2', 'F1']

2025-07-30 02:48:59 - INFO - Intervening on features to create augmented feature set
2025-07-30 02:48:59 - INFO - Generating counterfactuals for augmented target set
2025-07-30 02:48:59 - INFO - Original X train shape: (9600, 3)
2025-07-30 02:48:59 - INFO - Augmented X train shape: (9600, 3)
2025-07-30 02:48:59 - INFO - Combined X train shape: (19200, 3)
2025-07-30 02:48:59 - INFO - Training new mlp model on augmented data

2025-07-30 02:49:03 - INFO - Selected features to perturb: ['F2', 'F1']

2025-07-30 02:49:03 - INFO - Intervening on features to create augmented feature set
2025-07-30 02:49:03 - INFO - Generating counterfactuals for augmented target set
2025-07-30 02:49:03 - INFO - Original X train shape: (9600, 3)
2025-07-30 02:49:03 - INFO - Augmented X train shape: (14400, 3)
2025-07-30 02:49:03 - INFO - Combined X train shape: (24000, 3)
2025-07-30 02:49:03 - INFO - Training new mlp model on augmented data

2025-07-30 02:49:12 - INFO - Selected features to perturb: ['F2', 'F1']

2025-07-30 02:49:12 - INFO - Intervening on features to create augmented feature set
2025-07-30 02:49:12 - INFO - Generating counterfactuals for augmented target set
2025-07-30 02:49:12 - INFO - Original X train shape: (9600, 3)
2025-07-30 02:49:12 - INFO - Augmented X train shape: (12000, 3)
2025-07-30 02:49:12 - INFO - Combined X train shape: (21600, 3)
2025-07-30 02:49:12 - INFO - Training new mlp model on augmented data

2025-07-30 02:49:15 - INFO - Selected features to perturb: ['F2', 'F1']

2025-07-30 02:49:15 - INFO - Intervening on features to create augmented feature set
2025-07-30 02:49:15 - INFO - Generating counterfactuals for augmented target set
2025-07-30 02:49:15 - INFO - Original X train shape: (9600, 3)
2025-07-30 02:49:15 - INFO - Augmented X train shape: (12000, 3)
2025-07-30 02:49:15 - INFO - Combined X train shape: (21600, 3)
2025-07-30 02:49:15 - INFO - Training new mlp model on augmented data

2025-07-30 02:49:20 - INFO - Selected features to perturb: ['F2', 'F1']

2025-07-30 02:49:20 - INFO - Intervening on features to create augmented feature set
2025-07-30 02:49:20 - INFO - Generating counterfactuals for augmented target set
2025-07-30 02:49:20 - INFO - Original X train shape: (9600, 3)
2025-07-30 02:49:20 - INFO - Augmented X train shape: (14400, 3)
2025-07-30 02:49:20 - INFO - Combined X train shape: (24000, 3)
2025-07-30 02:49:20 - INFO - Training new mlp model on augmented data

2025-07-30 02:49:24 - INFO - Selected features to perturb: ['F2', 'F1']

2025-07-30 02:49:24 - INFO - Intervening on features to create augmented feature set
2025-07-30 02:49:24 - INFO - Generating counterfactuals for augmented target set
2025-07-30 02:49:24 - INFO - Original X train shape: (9600, 3)
2025-07-30 02:49:24 - INFO - Augmented X train shape: (9600, 3)
2025-07-30 02:49:24 - INFO - Combined X train shape: (19200, 3)
2025-07-30 02:49:24 - INFO - Training new mlp model on augmented data

2025-07-30 02:49:28 - INFO - Selected features to perturb: ['F2', 'F1']

2025-07-30 02:49:28 - INFO - Intervening on features to create augmented feature set
2025-07-30 02:49:28 - INFO - Generating counterfactuals for augmented target set
2025-07-30 02:49:28 - INFO - Original X train shape: (9600, 3)
2025-07-30 02:49:28 - INFO - Augmented X train shape: (12000, 3)
2025-07-30 02:49:28 - INFO - Combined X train shape: (21600, 3)
2025-07-30 02:49:28 - INFO - Training new mlp model on augmented data

2025-07-30 02:49:31 - INFO - Best augmentation parameters:
{'max_n_features_to_perturb': 5, 'aug_data_size_factor': 1.25, 'aug_data_weight': 0.5, 'max_perturb_percent': 0.8, 'min_perturb_percent': -0.8}

2025-07-30 02:49:31 - INFO - Selected features to perturb: ['F2', 'F1']

2025-07-30 02:49:31 - INFO - Intervening on features to create augmented feature set
2025-07-30 02:49:31 - INFO - Generating counterfactuals for augmented target set
2025-07-30 02:49:31 - INFO - Original X train shape: (12000, 3)
2025-07-30 02:49:31 - INFO - Augmented X train shape: (15000, 3)
2025-07-30 02:49:31 - INFO - Combined X train shape: (27000, 3)
2025-07-30 02:49:57 - INFO - Done cross-validation evaluation
2025-07-30 02:49:57 - INFO - The p-value from the Wilcoxon signed-rank test is: 0.0654296875

2025-07-30 02:49:57 - WARNING - No significant improvement in MSE after augmentation for anm_data_sample_15000. Ignoring filter and proceeding with the experiment anyways.
2025-07-30 02:49:57 - INFO - Evaluation metrics for the experiment:
2025-07-30 02:49:57 - INFO - Original MSE: 0.0014292188332736694, Augmented MSE: 0.0014142215596147317


2025-07-30 02:49:57 - INFO - ####################################################################################################
2025-07-30 02:49:57 - INFO - Interim results for seeds saved to ../experiments_synthetic/anm/mlp_20250730-024443/interim_results/anm_data_sample_15000_interim_results.csv. Aggregating results for anm_data_sample_15000...
2025-07-30 02:49:57 - INFO - ****************************************************************************************************
2025-07-30 02:49:57 - INFO - 






****************************************************************************************************
2025-07-30 02:49:57 - INFO - Running experiment on dataset: anm_data_sample_20000
2025-07-30 02:49:57 - INFO - 



####################################################################################################
2025-07-30 02:49:57 - INFO - Running experiment on dataset: anm_data_sample_20000 with seed: 0
2025-07-30 02:49:57 - INFO - Training mlp baseline model
2025-07-30 02:50:02 - INFO - Done training baseline model
2025-07-30 02:50:02 - INFO - Done calculating residuals

2025-07-30 02:50:02 - INFO - Filtering for features to perturb
2025-07-30 02:50:02 - INFO - Creating causal graph for anm_data_sample_20000
2025-07-30 02:50:02 - INFO - Features that are not connected to Z (conditional independence): ['F1']
2025-07-30 02:50:02 - INFO - [Z vs F0]  r: 0.0721, p: 0.0000
2025-07-30 02:50:02 - INFO - [Z vs F1]  r: -0.0067, p: 0.3407
2025-07-30 02:50:02 - INFO - [Z vs F2]  r: 0.0457, p: 0.0000
2025-07-30 02:50:02 - INFO - Candidates (uncorrelated + not connected to Z): ['F1']
2025-07-30 02:50:02 - INFO - Ranked candidate features:
  feature     score  r_with_T  r_with_Z
0      F1 -0.003361 -0.003377 -0.006738
2025-07-30 02:50:02 - INFO - Done filtering.

2025-07-30 02:50:02 - INFO - Selected features to perturb: ['F1']

2025-07-30 02:50:02 - INFO - Intervening on features to create augmented feature set
2025-07-30 02:50:02 - INFO - Generating counterfactuals for augmented target set
2025-07-30 02:50:02 - INFO - Original X train shape: (12800, 3)
2025-07-30 02:50:02 - INFO - Augmented X train shape: (16000, 3)
2025-07-30 02:50:02 - INFO - Combined X train shape: (28800, 3)
2025-07-30 02:50:02 - INFO - Training new mlp model on augmented data

2025-07-30 02:50:08 - INFO - Selected features to perturb: ['F1']

2025-07-30 02:50:08 - INFO - Intervening on features to create augmented feature set
2025-07-30 02:50:08 - INFO - Generating counterfactuals for augmented target set
2025-07-30 02:50:08 - INFO - Original X train shape: (12800, 3)
2025-07-30 02:50:08 - INFO - Augmented X train shape: (16000, 3)
2025-07-30 02:50:08 - INFO - Combined X train shape: (28800, 3)
2025-07-30 02:50:08 - INFO - Training new mlp model on augmented data

2025-07-30 02:50:16 - INFO - Selected features to perturb: ['F1']

2025-07-30 02:50:16 - INFO - Intervening on features to create augmented feature set
2025-07-30 02:50:16 - INFO - Generating counterfactuals for augmented target set
2025-07-30 02:50:16 - INFO - Original X train shape: (12800, 3)
2025-07-30 02:50:16 - INFO - Augmented X train shape: (9600, 3)
2025-07-30 02:50:16 - INFO - Combined X train shape: (22400, 3)
2025-07-30 02:50:16 - INFO - Training new mlp model on augmented data

2025-07-30 02:50:19 - INFO - Selected features to perturb: ['F1']

2025-07-30 02:50:19 - INFO - Intervening on features to create augmented feature set
2025-07-30 02:50:19 - INFO - Generating counterfactuals for augmented target set
2025-07-30 02:50:19 - INFO - Original X train shape: (12800, 3)
2025-07-30 02:50:19 - INFO - Augmented X train shape: (19200, 3)
2025-07-30 02:50:19 - INFO - Combined X train shape: (32000, 3)
2025-07-30 02:50:19 - INFO - Training new mlp model on augmented data

2025-07-30 02:50:29 - INFO - Selected features to perturb: ['F1']

2025-07-30 02:50:29 - INFO - Intervening on features to create augmented feature set
2025-07-30 02:50:29 - INFO - Generating counterfactuals for augmented target set
2025-07-30 02:50:29 - INFO - Original X train shape: (12800, 3)
2025-07-30 02:50:29 - INFO - Augmented X train shape: (19200, 3)
2025-07-30 02:50:29 - INFO - Combined X train shape: (32000, 3)
2025-07-30 02:50:29 - INFO - Training new mlp model on augmented data

2025-07-30 02:50:39 - INFO - Selected features to perturb: ['F1']

2025-07-30 02:50:39 - INFO - Intervening on features to create augmented feature set
2025-07-30 02:50:39 - INFO - Generating counterfactuals for augmented target set
2025-07-30 02:50:39 - INFO - Original X train shape: (12800, 3)
2025-07-30 02:50:39 - INFO - Augmented X train shape: (16000, 3)
2025-07-30 02:50:39 - INFO - Combined X train shape: (28800, 3)
2025-07-30 02:50:39 - INFO - Training new mlp model on augmented data

2025-07-30 02:50:47 - INFO - Selected features to perturb: ['F1']

2025-07-30 02:50:47 - INFO - Intervening on features to create augmented feature set
2025-07-30 02:50:47 - INFO - Generating counterfactuals for augmented target set
2025-07-30 02:50:47 - INFO - Original X train shape: (12800, 3)
2025-07-30 02:50:47 - INFO - Augmented X train shape: (16000, 3)
2025-07-30 02:50:47 - INFO - Combined X train shape: (28800, 3)
2025-07-30 02:50:47 - INFO - Training new mlp model on augmented data

2025-07-30 02:50:51 - INFO - Selected features to perturb: ['F1']

2025-07-30 02:50:51 - INFO - Intervening on features to create augmented feature set
2025-07-30 02:50:51 - INFO - Generating counterfactuals for augmented target set
2025-07-30 02:50:51 - INFO - Original X train shape: (12800, 3)
2025-07-30 02:50:51 - INFO - Augmented X train shape: (12800, 3)
2025-07-30 02:50:51 - INFO - Combined X train shape: (25600, 3)
2025-07-30 02:50:51 - INFO - Training new mlp model on augmented data

2025-07-30 02:50:56 - INFO - Selected features to perturb: ['F1']

2025-07-30 02:50:56 - INFO - Intervening on features to create augmented feature set
2025-07-30 02:50:56 - INFO - Generating counterfactuals for augmented target set
2025-07-30 02:50:56 - INFO - Original X train shape: (12800, 3)
2025-07-30 02:50:56 - INFO - Augmented X train shape: (12800, 3)
2025-07-30 02:50:56 - INFO - Combined X train shape: (25600, 3)
2025-07-30 02:50:56 - INFO - Training new mlp model on augmented data

2025-07-30 02:51:03 - INFO - Selected features to perturb: ['F1']

2025-07-30 02:51:03 - INFO - Intervening on features to create augmented feature set
2025-07-30 02:51:03 - INFO - Generating counterfactuals for augmented target set
2025-07-30 02:51:03 - INFO - Original X train shape: (12800, 3)
2025-07-30 02:51:03 - INFO - Augmented X train shape: (16000, 3)
2025-07-30 02:51:03 - INFO - Combined X train shape: (28800, 3)
2025-07-30 02:51:03 - INFO - Training new mlp model on augmented data

2025-07-30 02:51:10 - INFO - Selected features to perturb: ['F1']

2025-07-30 02:51:10 - INFO - Intervening on features to create augmented feature set
2025-07-30 02:51:10 - INFO - Generating counterfactuals for augmented target set
2025-07-30 02:51:10 - INFO - Original X train shape: (12800, 3)
2025-07-30 02:51:10 - INFO - Augmented X train shape: (6400, 3)
2025-07-30 02:51:10 - INFO - Combined X train shape: (19200, 3)
2025-07-30 02:51:10 - INFO - Training new mlp model on augmented data

2025-07-30 02:51:14 - INFO - Selected features to perturb: ['F1']

2025-07-30 02:51:14 - INFO - Intervening on features to create augmented feature set
2025-07-30 02:51:14 - INFO - Generating counterfactuals for augmented target set
2025-07-30 02:51:14 - INFO - Original X train shape: (12800, 3)
2025-07-30 02:51:14 - INFO - Augmented X train shape: (12800, 3)
2025-07-30 02:51:14 - INFO - Combined X train shape: (25600, 3)
2025-07-30 02:51:14 - INFO - Training new mlp model on augmented data

2025-07-30 02:51:19 - INFO - Selected features to perturb: ['F1']

2025-07-30 02:51:19 - INFO - Intervening on features to create augmented feature set
2025-07-30 02:51:19 - INFO - Generating counterfactuals for augmented target set
2025-07-30 02:51:19 - INFO - Original X train shape: (12800, 3)
2025-07-30 02:51:19 - INFO - Augmented X train shape: (9600, 3)
2025-07-30 02:51:19 - INFO - Combined X train shape: (22400, 3)
2025-07-30 02:51:19 - INFO - Training new mlp model on augmented data

2025-07-30 02:51:25 - INFO - Selected features to perturb: ['F1']

2025-07-30 02:51:25 - INFO - Intervening on features to create augmented feature set
2025-07-30 02:51:25 - INFO - Generating counterfactuals for augmented target set
2025-07-30 02:51:25 - INFO - Original X train shape: (12800, 3)
2025-07-30 02:51:25 - INFO - Augmented X train shape: (9600, 3)
2025-07-30 02:51:25 - INFO - Combined X train shape: (22400, 3)
2025-07-30 02:51:25 - INFO - Training new mlp model on augmented data

2025-07-30 02:51:29 - INFO - Selected features to perturb: ['F1']

2025-07-30 02:51:29 - INFO - Intervening on features to create augmented feature set
2025-07-30 02:51:29 - INFO - Generating counterfactuals for augmented target set
2025-07-30 02:51:29 - INFO - Original X train shape: (12800, 3)
2025-07-30 02:51:29 - INFO - Augmented X train shape: (12800, 3)
2025-07-30 02:51:29 - INFO - Combined X train shape: (25600, 3)
2025-07-30 02:51:29 - INFO - Training new mlp model on augmented data

2025-07-30 02:51:33 - INFO - Selected features to perturb: ['F1']

2025-07-30 02:51:33 - INFO - Intervening on features to create augmented feature set
2025-07-30 02:51:33 - INFO - Generating counterfactuals for augmented target set
2025-07-30 02:51:33 - INFO - Original X train shape: (12800, 3)
2025-07-30 02:51:33 - INFO - Augmented X train shape: (19200, 3)
2025-07-30 02:51:33 - INFO - Combined X train shape: (32000, 3)
2025-07-30 02:51:33 - INFO - Training new mlp model on augmented data

2025-07-30 02:51:37 - INFO - Selected features to perturb: ['F1']

2025-07-30 02:51:37 - INFO - Intervening on features to create augmented feature set
2025-07-30 02:51:37 - INFO - Generating counterfactuals for augmented target set
2025-07-30 02:51:37 - INFO - Original X train shape: (12800, 3)
2025-07-30 02:51:37 - INFO - Augmented X train shape: (6400, 3)
2025-07-30 02:51:37 - INFO - Combined X train shape: (19200, 3)
2025-07-30 02:51:37 - INFO - Training new mlp model on augmented data

2025-07-30 02:51:41 - INFO - Selected features to perturb: ['F1']

2025-07-30 02:51:41 - INFO - Intervening on features to create augmented feature set
2025-07-30 02:51:41 - INFO - Generating counterfactuals for augmented target set
2025-07-30 02:51:41 - INFO - Original X train shape: (12800, 3)
2025-07-30 02:51:41 - INFO - Augmented X train shape: (16000, 3)
2025-07-30 02:51:41 - INFO - Combined X train shape: (28800, 3)
2025-07-30 02:51:41 - INFO - Training new mlp model on augmented data

2025-07-30 02:51:47 - INFO - Selected features to perturb: ['F1']

2025-07-30 02:51:47 - INFO - Intervening on features to create augmented feature set
2025-07-30 02:51:47 - INFO - Generating counterfactuals for augmented target set
2025-07-30 02:51:47 - INFO - Original X train shape: (12800, 3)
2025-07-30 02:51:47 - INFO - Augmented X train shape: (12800, 3)
2025-07-30 02:51:47 - INFO - Combined X train shape: (25600, 3)
2025-07-30 02:51:47 - INFO - Training new mlp model on augmented data

2025-07-30 02:51:51 - INFO - Selected features to perturb: ['F1']

2025-07-30 02:51:51 - INFO - Intervening on features to create augmented feature set
2025-07-30 02:51:51 - INFO - Generating counterfactuals for augmented target set
2025-07-30 02:51:51 - INFO - Original X train shape: (12800, 3)
2025-07-30 02:51:51 - INFO - Augmented X train shape: (12800, 3)
2025-07-30 02:51:51 - INFO - Combined X train shape: (25600, 3)
2025-07-30 02:51:51 - INFO - Training new mlp model on augmented data

2025-07-30 02:51:57 - INFO - Selected features to perturb: ['F1']

2025-07-30 02:51:57 - INFO - Intervening on features to create augmented feature set
2025-07-30 02:51:57 - INFO - Generating counterfactuals for augmented target set
2025-07-30 02:51:57 - INFO - Original X train shape: (12800, 3)
2025-07-30 02:51:57 - INFO - Augmented X train shape: (9600, 3)
2025-07-30 02:51:57 - INFO - Combined X train shape: (22400, 3)
2025-07-30 02:51:57 - INFO - Training new mlp model on augmented data

2025-07-30 02:51:59 - INFO - Selected features to perturb: ['F1']

2025-07-30 02:51:59 - INFO - Intervening on features to create augmented feature set
2025-07-30 02:51:59 - INFO - Generating counterfactuals for augmented target set
2025-07-30 02:51:59 - INFO - Original X train shape: (12800, 3)
2025-07-30 02:51:59 - INFO - Augmented X train shape: (12800, 3)
2025-07-30 02:51:59 - INFO - Combined X train shape: (25600, 3)
2025-07-30 02:51:59 - INFO - Training new mlp model on augmented data

2025-07-30 02:52:08 - INFO - Selected features to perturb: ['F1']

2025-07-30 02:52:08 - INFO - Intervening on features to create augmented feature set
2025-07-30 02:52:08 - INFO - Generating counterfactuals for augmented target set
2025-07-30 02:52:08 - INFO - Original X train shape: (12800, 3)
2025-07-30 02:52:08 - INFO - Augmented X train shape: (12800, 3)
2025-07-30 02:52:08 - INFO - Combined X train shape: (25600, 3)
2025-07-30 02:52:08 - INFO - Training new mlp model on augmented data

2025-07-30 02:52:14 - INFO - Selected features to perturb: ['F1']

2025-07-30 02:52:14 - INFO - Intervening on features to create augmented feature set
2025-07-30 02:52:14 - INFO - Generating counterfactuals for augmented target set
2025-07-30 02:52:14 - INFO - Original X train shape: (12800, 3)
2025-07-30 02:52:14 - INFO - Augmented X train shape: (16000, 3)
2025-07-30 02:52:14 - INFO - Combined X train shape: (28800, 3)
2025-07-30 02:52:14 - INFO - Training new mlp model on augmented data

2025-07-30 02:52:17 - INFO - Selected features to perturb: ['F1']

2025-07-30 02:52:17 - INFO - Intervening on features to create augmented feature set
2025-07-30 02:52:17 - INFO - Generating counterfactuals for augmented target set
2025-07-30 02:52:17 - INFO - Original X train shape: (12800, 3)
2025-07-30 02:52:17 - INFO - Augmented X train shape: (12800, 3)
2025-07-30 02:52:17 - INFO - Combined X train shape: (25600, 3)
2025-07-30 02:52:17 - INFO - Training new mlp model on augmented data

2025-07-30 02:52:24 - INFO - Selected features to perturb: ['F1']

2025-07-30 02:52:24 - INFO - Intervening on features to create augmented feature set
2025-07-30 02:52:24 - INFO - Generating counterfactuals for augmented target set
2025-07-30 02:52:24 - INFO - Original X train shape: (12800, 3)
2025-07-30 02:52:24 - INFO - Augmented X train shape: (9600, 3)
2025-07-30 02:52:24 - INFO - Combined X train shape: (22400, 3)
2025-07-30 02:52:24 - INFO - Training new mlp model on augmented data

2025-07-30 02:52:27 - INFO - Selected features to perturb: ['F1']

2025-07-30 02:52:27 - INFO - Intervening on features to create augmented feature set
2025-07-30 02:52:27 - INFO - Generating counterfactuals for augmented target set
2025-07-30 02:52:27 - INFO - Original X train shape: (12800, 3)
2025-07-30 02:52:27 - INFO - Augmented X train shape: (16000, 3)
2025-07-30 02:52:27 - INFO - Combined X train shape: (28800, 3)
2025-07-30 02:52:27 - INFO - Training new mlp model on augmented data

2025-07-30 02:52:34 - INFO - Selected features to perturb: ['F1']

2025-07-30 02:52:34 - INFO - Intervening on features to create augmented feature set
2025-07-30 02:52:34 - INFO - Generating counterfactuals for augmented target set
2025-07-30 02:52:34 - INFO - Original X train shape: (12800, 3)
2025-07-30 02:52:34 - INFO - Augmented X train shape: (12800, 3)
2025-07-30 02:52:34 - INFO - Combined X train shape: (25600, 3)
2025-07-30 02:52:34 - INFO - Training new mlp model on augmented data

2025-07-30 02:52:43 - INFO - Selected features to perturb: ['F1']

2025-07-30 02:52:43 - INFO - Intervening on features to create augmented feature set
2025-07-30 02:52:43 - INFO - Generating counterfactuals for augmented target set
2025-07-30 02:52:43 - INFO - Original X train shape: (12800, 3)
2025-07-30 02:52:43 - INFO - Augmented X train shape: (19200, 3)
2025-07-30 02:52:43 - INFO - Combined X train shape: (32000, 3)
2025-07-30 02:52:43 - INFO - Training new mlp model on augmented data

2025-07-30 02:52:49 - INFO - Selected features to perturb: ['F1']

2025-07-30 02:52:49 - INFO - Intervening on features to create augmented feature set
2025-07-30 02:52:49 - INFO - Generating counterfactuals for augmented target set
2025-07-30 02:52:49 - INFO - Original X train shape: (12800, 3)
2025-07-30 02:52:49 - INFO - Augmented X train shape: (19200, 3)
2025-07-30 02:52:49 - INFO - Combined X train shape: (32000, 3)
2025-07-30 02:52:49 - INFO - Training new mlp model on augmented data

2025-07-30 02:52:57 - INFO - Best augmentation parameters:
{'max_n_features_to_perturb': 4, 'aug_data_size_factor': 1.25, 'aug_data_weight': 1.0, 'max_perturb_percent': 0.7000000000000001, 'min_perturb_percent': -0.7000000000000001}

2025-07-30 02:52:57 - INFO - Selected features to perturb: ['F1']

2025-07-30 02:52:57 - INFO - Intervening on features to create augmented feature set
2025-07-30 02:52:57 - INFO - Generating counterfactuals for augmented target set
2025-07-30 02:52:57 - INFO - Original X train shape: (16000, 3)
2025-07-30 02:52:57 - INFO - Augmented X train shape: (20000, 3)
2025-07-30 02:52:57 - INFO - Combined X train shape: (36000, 3)
2025-07-30 02:53:40 - INFO - Done cross-validation evaluation
2025-07-30 02:53:40 - INFO - The p-value from the Wilcoxon signed-rank test is: 0.3125

2025-07-30 02:53:40 - WARNING - No significant improvement in MSE after augmentation for anm_data_sample_20000. Ignoring filter and proceeding with the experiment anyways.
2025-07-30 02:53:40 - INFO - Evaluation metrics for the experiment:
2025-07-30 02:53:40 - INFO - Original MSE: 0.0013656367821390945, Augmented MSE: 0.0013498476155252188


2025-07-30 02:53:40 - INFO - ####################################################################################################
2025-07-30 02:53:40 - INFO - Interim results for seeds saved to ../experiments_synthetic/anm/mlp_20250730-024443/interim_results/anm_data_sample_20000_interim_results.csv. Aggregating results for anm_data_sample_20000...
2025-07-30 02:53:40 - INFO - ****************************************************************************************************
2025-07-30 02:53:40 - INFO - 






****************************************************************************************************
2025-07-30 02:53:40 - INFO - Running experiment on dataset: anm_data_sample_30000
2025-07-30 02:53:40 - INFO - 



####################################################################################################
2025-07-30 02:53:40 - INFO - Running experiment on dataset: anm_data_sample_30000 with seed: 0
2025-07-30 02:53:40 - INFO - Training mlp baseline model
2025-07-30 02:53:47 - INFO - Done training baseline model
2025-07-30 02:53:47 - INFO - Done calculating residuals

2025-07-30 02:53:47 - INFO - Filtering for features to perturb
2025-07-30 02:53:47 - INFO - Creating causal graph for anm_data_sample_30000
2025-07-30 02:53:47 - WARNING - No features are conditionally independent of Z
2025-07-30 02:53:47 - WARNING - No candidate features found for anm_data_sample_30000. Ignoring filter and proceeding with the experiment anyways.
2025-07-30 02:53:47 - INFO - Done filtering.

2025-07-30 02:53:47 - INFO - Selected features to perturb: ['F0']

2025-07-30 02:53:47 - INFO - Intervening on features to create augmented feature set
2025-07-30 02:53:47 - INFO - Generating counterfactuals for augmented target set
2025-07-30 02:53:47 - INFO - Original X train shape: (19200, 3)
2025-07-30 02:53:47 - INFO - Augmented X train shape: (24000, 3)
2025-07-30 02:53:47 - INFO - Combined X train shape: (43200, 3)
2025-07-30 02:53:47 - INFO - Training new mlp model on augmented data

2025-07-30 02:54:08 - INFO - Selected features to perturb: ['F0']

2025-07-30 02:54:08 - INFO - Intervening on features to create augmented feature set
2025-07-30 02:54:08 - INFO - Generating counterfactuals for augmented target set
2025-07-30 02:54:08 - INFO - Original X train shape: (19200, 3)
2025-07-30 02:54:08 - INFO - Augmented X train shape: (24000, 3)
2025-07-30 02:54:08 - INFO - Combined X train shape: (43200, 3)
2025-07-30 02:54:08 - INFO - Training new mlp model on augmented data

2025-07-30 02:54:22 - INFO - Selected features to perturb: ['F0']

2025-07-30 02:54:22 - INFO - Intervening on features to create augmented feature set
2025-07-30 02:54:22 - INFO - Generating counterfactuals for augmented target set
2025-07-30 02:54:22 - INFO - Original X train shape: (19200, 3)
2025-07-30 02:54:22 - INFO - Augmented X train shape: (14400, 3)
2025-07-30 02:54:22 - INFO - Combined X train shape: (33600, 3)
2025-07-30 02:54:22 - INFO - Training new mlp model on augmented data

2025-07-30 02:54:29 - INFO - Selected features to perturb: ['F0']

2025-07-30 02:54:29 - INFO - Intervening on features to create augmented feature set
2025-07-30 02:54:29 - INFO - Generating counterfactuals for augmented target set
2025-07-30 02:54:29 - INFO - Original X train shape: (19200, 3)
2025-07-30 02:54:29 - INFO - Augmented X train shape: (28800, 3)
2025-07-30 02:54:29 - INFO - Combined X train shape: (48000, 3)
2025-07-30 02:54:29 - INFO - Training new mlp model on augmented data

2025-07-30 02:54:44 - INFO - Selected features to perturb: ['F0']

2025-07-30 02:54:44 - INFO - Intervening on features to create augmented feature set
2025-07-30 02:54:44 - INFO - Generating counterfactuals for augmented target set
2025-07-30 02:54:44 - INFO - Original X train shape: (19200, 3)
2025-07-30 02:54:44 - INFO - Augmented X train shape: (28800, 3)
2025-07-30 02:54:44 - INFO - Combined X train shape: (48000, 3)
2025-07-30 02:54:44 - INFO - Training new mlp model on augmented data

2025-07-30 02:54:58 - INFO - Selected features to perturb: ['F0']

2025-07-30 02:54:58 - INFO - Intervening on features to create augmented feature set
2025-07-30 02:54:58 - INFO - Generating counterfactuals for augmented target set
2025-07-30 02:54:58 - INFO - Original X train shape: (19200, 3)
2025-07-30 02:54:58 - INFO - Augmented X train shape: (24000, 3)
2025-07-30 02:54:58 - INFO - Combined X train shape: (43200, 3)
2025-07-30 02:54:58 - INFO - Training new mlp model on augmented data

2025-07-30 02:55:07 - INFO - Selected features to perturb: ['F0']

2025-07-30 02:55:07 - INFO - Intervening on features to create augmented feature set
2025-07-30 02:55:07 - INFO - Generating counterfactuals for augmented target set
2025-07-30 02:55:07 - INFO - Original X train shape: (19200, 3)
2025-07-30 02:55:07 - INFO - Augmented X train shape: (24000, 3)
2025-07-30 02:55:07 - INFO - Combined X train shape: (43200, 3)
2025-07-30 02:55:07 - INFO - Training new mlp model on augmented data

2025-07-30 02:55:22 - INFO - Selected features to perturb: ['F0']

2025-07-30 02:55:22 - INFO - Intervening on features to create augmented feature set
2025-07-30 02:55:22 - INFO - Generating counterfactuals for augmented target set
2025-07-30 02:55:22 - INFO - Original X train shape: (19200, 3)
2025-07-30 02:55:22 - INFO - Augmented X train shape: (19200, 3)
2025-07-30 02:55:22 - INFO - Combined X train shape: (38400, 3)
2025-07-30 02:55:22 - INFO - Training new mlp model on augmented data

2025-07-30 02:55:33 - INFO - Selected features to perturb: ['F0']

2025-07-30 02:55:33 - INFO - Intervening on features to create augmented feature set
2025-07-30 02:55:33 - INFO - Generating counterfactuals for augmented target set
2025-07-30 02:55:33 - INFO - Original X train shape: (19200, 3)
2025-07-30 02:55:33 - INFO - Augmented X train shape: (19200, 3)
2025-07-30 02:55:33 - INFO - Combined X train shape: (38400, 3)
2025-07-30 02:55:33 - INFO - Training new mlp model on augmented data

2025-07-30 02:55:48 - INFO - Selected features to perturb: ['F0']

2025-07-30 02:55:48 - INFO - Intervening on features to create augmented feature set
2025-07-30 02:55:48 - INFO - Generating counterfactuals for augmented target set
2025-07-30 02:55:48 - INFO - Original X train shape: (19200, 3)
2025-07-30 02:55:48 - INFO - Augmented X train shape: (24000, 3)
2025-07-30 02:55:48 - INFO - Combined X train shape: (43200, 3)
2025-07-30 02:55:48 - INFO - Training new mlp model on augmented data

2025-07-30 02:55:59 - INFO - Selected features to perturb: ['F0']

2025-07-30 02:55:59 - INFO - Intervening on features to create augmented feature set
2025-07-30 02:55:59 - INFO - Generating counterfactuals for augmented target set
2025-07-30 02:55:59 - INFO - Original X train shape: (19200, 3)
2025-07-30 02:55:59 - INFO - Augmented X train shape: (9600, 3)
2025-07-30 02:55:59 - INFO - Combined X train shape: (28800, 3)
2025-07-30 02:55:59 - INFO - Training new mlp model on augmented data

2025-07-30 02:56:14 - INFO - Selected features to perturb: ['F0']

2025-07-30 02:56:14 - INFO - Intervening on features to create augmented feature set
2025-07-30 02:56:14 - INFO - Generating counterfactuals for augmented target set
2025-07-30 02:56:14 - INFO - Original X train shape: (19200, 3)
2025-07-30 02:56:14 - INFO - Augmented X train shape: (9600, 3)
2025-07-30 02:56:14 - INFO - Combined X train shape: (28800, 3)
2025-07-30 02:56:14 - INFO - Training new mlp model on augmented data

2025-07-30 02:56:19 - INFO - Selected features to perturb: ['F0']

2025-07-30 02:56:19 - INFO - Intervening on features to create augmented feature set
2025-07-30 02:56:19 - INFO - Generating counterfactuals for augmented target set
2025-07-30 02:56:19 - INFO - Original X train shape: (19200, 3)
2025-07-30 02:56:19 - INFO - Augmented X train shape: (14400, 3)
2025-07-30 02:56:19 - INFO - Combined X train shape: (33600, 3)
2025-07-30 02:56:19 - INFO - Training new mlp model on augmented data

2025-07-30 02:56:33 - INFO - Selected features to perturb: ['F0']

2025-07-30 02:56:33 - INFO - Intervening on features to create augmented feature set
2025-07-30 02:56:33 - INFO - Generating counterfactuals for augmented target set
2025-07-30 02:56:33 - INFO - Original X train shape: (19200, 3)
2025-07-30 02:56:33 - INFO - Augmented X train shape: (14400, 3)
2025-07-30 02:56:33 - INFO - Combined X train shape: (33600, 3)
2025-07-30 02:56:33 - INFO - Training new mlp model on augmented data

2025-07-30 02:56:50 - INFO - Selected features to perturb: ['F0']

2025-07-30 02:56:50 - INFO - Intervening on features to create augmented feature set
2025-07-30 02:56:50 - INFO - Generating counterfactuals for augmented target set
2025-07-30 02:56:50 - INFO - Original X train shape: (19200, 3)
2025-07-30 02:56:50 - INFO - Augmented X train shape: (28800, 3)
2025-07-30 02:56:50 - INFO - Combined X train shape: (48000, 3)
2025-07-30 02:56:50 - INFO - Training new mlp model on augmented data

2025-07-30 02:57:08 - INFO - Selected features to perturb: ['F0']

2025-07-30 02:57:08 - INFO - Intervening on features to create augmented feature set
2025-07-30 02:57:08 - INFO - Generating counterfactuals for augmented target set
2025-07-30 02:57:08 - INFO - Original X train shape: (19200, 3)
2025-07-30 02:57:08 - INFO - Augmented X train shape: (14400, 3)
2025-07-30 02:57:08 - INFO - Combined X train shape: (33600, 3)
2025-07-30 02:57:08 - INFO - Training new mlp model on augmented data

2025-07-30 02:57:14 - INFO - Selected features to perturb: ['F0']

2025-07-30 02:57:14 - INFO - Intervening on features to create augmented feature set
2025-07-30 02:57:14 - INFO - Generating counterfactuals for augmented target set
2025-07-30 02:57:14 - INFO - Original X train shape: (19200, 3)
2025-07-30 02:57:14 - INFO - Augmented X train shape: (14400, 3)
2025-07-30 02:57:14 - INFO - Combined X train shape: (33600, 3)
2025-07-30 02:57:14 - INFO - Training new mlp model on augmented data

2025-07-30 02:57:25 - INFO - Selected features to perturb: ['F0']

2025-07-30 02:57:25 - INFO - Intervening on features to create augmented feature set
2025-07-30 02:57:25 - INFO - Generating counterfactuals for augmented target set
2025-07-30 02:57:25 - INFO - Original X train shape: (19200, 3)
2025-07-30 02:57:25 - INFO - Augmented X train shape: (19200, 3)
2025-07-30 02:57:25 - INFO - Combined X train shape: (38400, 3)
2025-07-30 02:57:25 - INFO - Training new mlp model on augmented data

2025-07-30 02:57:37 - INFO - Selected features to perturb: ['F0']

2025-07-30 02:57:37 - INFO - Intervening on features to create augmented feature set
2025-07-30 02:57:37 - INFO - Generating counterfactuals for augmented target set
2025-07-30 02:57:37 - INFO - Original X train shape: (19200, 3)
2025-07-30 02:57:37 - INFO - Augmented X train shape: (28800, 3)
2025-07-30 02:57:37 - INFO - Combined X train shape: (48000, 3)
2025-07-30 02:57:37 - INFO - Training new mlp model on augmented data

2025-07-30 02:57:48 - INFO - Selected features to perturb: ['F0']

2025-07-30 02:57:48 - INFO - Intervening on features to create augmented feature set
2025-07-30 02:57:48 - INFO - Generating counterfactuals for augmented target set
2025-07-30 02:57:48 - INFO - Original X train shape: (19200, 3)
2025-07-30 02:57:48 - INFO - Augmented X train shape: (9600, 3)
2025-07-30 02:57:48 - INFO - Combined X train shape: (28800, 3)
2025-07-30 02:57:48 - INFO - Training new mlp model on augmented data

2025-07-30 02:57:55 - INFO - Selected features to perturb: ['F0']

2025-07-30 02:57:55 - INFO - Intervening on features to create augmented feature set
2025-07-30 02:57:55 - INFO - Generating counterfactuals for augmented target set
2025-07-30 02:57:55 - INFO - Original X train shape: (19200, 3)
2025-07-30 02:57:55 - INFO - Augmented X train shape: (19200, 3)
2025-07-30 02:57:55 - INFO - Combined X train shape: (38400, 3)
2025-07-30 02:57:55 - INFO - Training new mlp model on augmented data

2025-07-30 02:58:11 - INFO - Selected features to perturb: ['F0']

2025-07-30 02:58:11 - INFO - Intervening on features to create augmented feature set
2025-07-30 02:58:11 - INFO - Generating counterfactuals for augmented target set
2025-07-30 02:58:11 - INFO - Original X train shape: (19200, 3)
2025-07-30 02:58:11 - INFO - Augmented X train shape: (28800, 3)
2025-07-30 02:58:11 - INFO - Combined X train shape: (48000, 3)
2025-07-30 02:58:11 - INFO - Training new mlp model on augmented data

2025-07-30 02:58:23 - INFO - Selected features to perturb: ['F0']

2025-07-30 02:58:23 - INFO - Intervening on features to create augmented feature set
2025-07-30 02:58:23 - INFO - Generating counterfactuals for augmented target set
2025-07-30 02:58:23 - INFO - Original X train shape: (19200, 3)
2025-07-30 02:58:23 - INFO - Augmented X train shape: (28800, 3)
2025-07-30 02:58:23 - INFO - Combined X train shape: (48000, 3)
2025-07-30 02:58:23 - INFO - Training new mlp model on augmented data

2025-07-30 02:58:38 - INFO - Selected features to perturb: ['F0']

2025-07-30 02:58:38 - INFO - Intervening on features to create augmented feature set
2025-07-30 02:58:38 - INFO - Generating counterfactuals for augmented target set
2025-07-30 02:58:38 - INFO - Original X train shape: (19200, 3)
2025-07-30 02:58:38 - INFO - Augmented X train shape: (28800, 3)
2025-07-30 02:58:38 - INFO - Combined X train shape: (48000, 3)
2025-07-30 02:58:38 - INFO - Training new mlp model on augmented data

2025-07-30 02:58:48 - INFO - Selected features to perturb: ['F0']

2025-07-30 02:58:48 - INFO - Intervening on features to create augmented feature set
2025-07-30 02:58:48 - INFO - Generating counterfactuals for augmented target set
2025-07-30 02:58:48 - INFO - Original X train shape: (19200, 3)
2025-07-30 02:58:48 - INFO - Augmented X train shape: (28800, 3)
2025-07-30 02:58:48 - INFO - Combined X train shape: (48000, 3)
2025-07-30 02:58:48 - INFO - Training new mlp model on augmented data

2025-07-30 02:59:00 - INFO - Selected features to perturb: ['F0']

2025-07-30 02:59:00 - INFO - Intervening on features to create augmented feature set
2025-07-30 02:59:00 - INFO - Generating counterfactuals for augmented target set
2025-07-30 02:59:00 - INFO - Original X train shape: (19200, 3)
2025-07-30 02:59:00 - INFO - Augmented X train shape: (14400, 3)
2025-07-30 02:59:00 - INFO - Combined X train shape: (33600, 3)
2025-07-30 02:59:00 - INFO - Training new mlp model on augmented data

2025-07-30 02:59:14 - INFO - Selected features to perturb: ['F0']

2025-07-30 02:59:14 - INFO - Intervening on features to create augmented feature set
2025-07-30 02:59:14 - INFO - Generating counterfactuals for augmented target set
2025-07-30 02:59:14 - INFO - Original X train shape: (19200, 3)
2025-07-30 02:59:14 - INFO - Augmented X train shape: (24000, 3)
2025-07-30 02:59:14 - INFO - Combined X train shape: (43200, 3)
2025-07-30 02:59:14 - INFO - Training new mlp model on augmented data

2025-07-30 02:59:28 - INFO - Selected features to perturb: ['F0']

2025-07-30 02:59:28 - INFO - Intervening on features to create augmented feature set
2025-07-30 02:59:28 - INFO - Generating counterfactuals for augmented target set
2025-07-30 02:59:28 - INFO - Original X train shape: (19200, 3)
2025-07-30 02:59:28 - INFO - Augmented X train shape: (28800, 3)
2025-07-30 02:59:28 - INFO - Combined X train shape: (48000, 3)
2025-07-30 02:59:28 - INFO - Training new mlp model on augmented data

2025-07-30 02:59:46 - INFO - Selected features to perturb: ['F0']

2025-07-30 02:59:46 - INFO - Intervening on features to create augmented feature set
2025-07-30 02:59:46 - INFO - Generating counterfactuals for augmented target set
2025-07-30 02:59:46 - INFO - Original X train shape: (19200, 3)
2025-07-30 02:59:46 - INFO - Augmented X train shape: (19200, 3)
2025-07-30 02:59:46 - INFO - Combined X train shape: (38400, 3)
2025-07-30 02:59:46 - INFO - Training new mlp model on augmented data

2025-07-30 03:00:04 - INFO - Selected features to perturb: ['F0']

2025-07-30 03:00:04 - INFO - Intervening on features to create augmented feature set
2025-07-30 03:00:04 - INFO - Generating counterfactuals for augmented target set
2025-07-30 03:00:04 - INFO - Original X train shape: (19200, 3)
2025-07-30 03:00:04 - INFO - Augmented X train shape: (24000, 3)
2025-07-30 03:00:04 - INFO - Combined X train shape: (43200, 3)
2025-07-30 03:00:04 - INFO - Training new mlp model on augmented data

2025-07-30 03:00:16 - INFO - Best augmentation parameters:
{'max_n_features_to_perturb': 1, 'aug_data_size_factor': 1.5, 'aug_data_weight': 0.75, 'max_perturb_percent': 0.4, 'min_perturb_percent': -0.4}

2025-07-30 03:00:16 - INFO - Selected features to perturb: ['F0']

2025-07-30 03:00:16 - INFO - Intervening on features to create augmented feature set
2025-07-30 03:00:16 - INFO - Generating counterfactuals for augmented target set
2025-07-30 03:00:16 - INFO - Original X train shape: (24000, 3)
2025-07-30 03:00:16 - INFO - Augmented X train shape: (36000, 3)
2025-07-30 03:00:16 - INFO - Combined X train shape: (60000, 3)
2025-07-30 03:01:09 - INFO - Done cross-validation evaluation
2025-07-30 03:01:09 - INFO - The p-value from the Wilcoxon signed-rank test is: 0.0068359375

2025-07-30 03:01:09 - INFO - Evaluation metrics for the experiment:
2025-07-30 03:01:09 - INFO - Original MSE: 0.001363860064594436, Augmented MSE: 0.0013413041117189533


2025-07-30 03:01:09 - INFO - ####################################################################################################
2025-07-30 03:01:09 - INFO - Interim results for seeds saved to ../experiments_synthetic/anm/mlp_20250730-024443/interim_results/anm_data_sample_30000_interim_results.csv. Aggregating results for anm_data_sample_30000...
2025-07-30 03:01:09 - INFO - ****************************************************************************************************
2025-07-30 03:01:09 - INFO - 






****************************************************************************************************
2025-07-30 03:01:09 - INFO - Running experiment on dataset: anm_data_sample_40000
2025-07-30 03:01:10 - INFO - 



####################################################################################################
2025-07-30 03:01:10 - INFO - Running experiment on dataset: anm_data_sample_40000 with seed: 0
2025-07-30 03:01:10 - INFO - Training mlp baseline model
2025-07-30 03:01:19 - INFO - Done training baseline model
2025-07-30 03:01:19 - INFO - Done calculating residuals

2025-07-30 03:01:19 - INFO - Filtering for features to perturb
2025-07-30 03:01:19 - INFO - Creating causal graph for anm_data_sample_40000
2025-07-30 03:01:19 - INFO - Features that are not connected to Z (conditional independence): ['F2', 'F1']
2025-07-30 03:01:19 - INFO - [Z vs F0]  r: 0.0124, p: 0.0132
2025-07-30 03:01:19 - INFO - [Z vs F1]  r: 0.0091, p: 0.0680
2025-07-30 03:01:19 - INFO - [Z vs F2]  r: -0.0090, p: 0.0708
2025-07-30 03:01:19 - INFO - Candidates (uncorrelated + not connected to Z): ['F2', 'F1']
2025-07-30 03:01:19 - INFO - Ranked candidate features:
  feature     score  r_with_T  r_with_Z
1      F1 -0.006880 -0.002247  0.009126
0      F2 -0.007701 -0.001332 -0.009033
2025-07-30 03:01:19 - INFO - Done filtering.

2025-07-30 03:01:19 - INFO - Selected features to perturb: ['F1', 'F2']

2025-07-30 03:01:19 - INFO - Intervening on features to create augmented feature set
2025-07-30 03:01:19 - INFO - Generating counterfactuals for augmented target set
2025-07-30 03:01:19 - INFO - Original X train shape: (25600, 3)
2025-07-30 03:01:19 - INFO - Augmented X train shape: (32000, 3)
2025-07-30 03:01:19 - INFO - Combined X train shape: (57600, 3)
2025-07-30 03:01:19 - INFO - Training new mlp model on augmented data

2025-07-30 03:01:30 - INFO - Selected features to perturb: ['F1', 'F2']

2025-07-30 03:01:30 - INFO - Intervening on features to create augmented feature set
2025-07-30 03:01:30 - INFO - Generating counterfactuals for augmented target set
2025-07-30 03:01:30 - INFO - Original X train shape: (25600, 3)
2025-07-30 03:01:30 - INFO - Augmented X train shape: (32000, 3)
2025-07-30 03:01:30 - INFO - Combined X train shape: (57600, 3)
2025-07-30 03:01:30 - INFO - Training new mlp model on augmented data

2025-07-30 03:01:45 - INFO - Selected features to perturb: ['F1', 'F2']

2025-07-30 03:01:45 - INFO - Intervening on features to create augmented feature set
2025-07-30 03:01:45 - INFO - Generating counterfactuals for augmented target set
2025-07-30 03:01:45 - INFO - Original X train shape: (25600, 3)
2025-07-30 03:01:45 - INFO - Augmented X train shape: (19200, 3)
2025-07-30 03:01:45 - INFO - Combined X train shape: (44800, 3)
2025-07-30 03:01:45 - INFO - Training new mlp model on augmented data

2025-07-30 03:01:53 - INFO - Selected features to perturb: ['F1', 'F2']

2025-07-30 03:01:53 - INFO - Intervening on features to create augmented feature set
2025-07-30 03:01:53 - INFO - Generating counterfactuals for augmented target set
2025-07-30 03:01:53 - INFO - Original X train shape: (25600, 3)
2025-07-30 03:01:53 - INFO - Augmented X train shape: (38400, 3)
2025-07-30 03:01:53 - INFO - Combined X train shape: (64000, 3)
2025-07-30 03:01:53 - INFO - Training new mlp model on augmented data

2025-07-30 03:02:13 - INFO - Selected features to perturb: ['F1']

2025-07-30 03:02:13 - INFO - Intervening on features to create augmented feature set
2025-07-30 03:02:13 - INFO - Generating counterfactuals for augmented target set
2025-07-30 03:02:13 - INFO - Original X train shape: (25600, 3)
2025-07-30 03:02:13 - INFO - Augmented X train shape: (38400, 3)
2025-07-30 03:02:13 - INFO - Combined X train shape: (64000, 3)
2025-07-30 03:02:13 - INFO - Training new mlp model on augmented data

2025-07-30 03:02:28 - INFO - Selected features to perturb: ['F1', 'F2']

2025-07-30 03:02:28 - INFO - Intervening on features to create augmented feature set
2025-07-30 03:02:28 - INFO - Generating counterfactuals for augmented target set
2025-07-30 03:02:28 - INFO - Original X train shape: (25600, 3)
2025-07-30 03:02:28 - INFO - Augmented X train shape: (32000, 3)
2025-07-30 03:02:28 - INFO - Combined X train shape: (57600, 3)
2025-07-30 03:02:28 - INFO - Training new mlp model on augmented data

2025-07-30 03:02:46 - INFO - Selected features to perturb: ['F1']

2025-07-30 03:02:46 - INFO - Intervening on features to create augmented feature set
2025-07-30 03:02:46 - INFO - Generating counterfactuals for augmented target set
2025-07-30 03:02:46 - INFO - Original X train shape: (25600, 3)
2025-07-30 03:02:46 - INFO - Augmented X train shape: (32000, 3)
2025-07-30 03:02:46 - INFO - Combined X train shape: (57600, 3)
2025-07-30 03:02:46 - INFO - Training new mlp model on augmented data

2025-07-30 03:02:59 - INFO - Selected features to perturb: ['F1', 'F2']

2025-07-30 03:02:59 - INFO - Intervening on features to create augmented feature set
2025-07-30 03:02:59 - INFO - Generating counterfactuals for augmented target set
2025-07-30 03:02:59 - INFO - Original X train shape: (25600, 3)
2025-07-30 03:02:59 - INFO - Augmented X train shape: (25600, 3)
2025-07-30 03:02:59 - INFO - Combined X train shape: (51200, 3)
2025-07-30 03:02:59 - INFO - Training new mlp model on augmented data

2025-07-30 03:03:13 - INFO - Selected features to perturb: ['F1', 'F2']

2025-07-30 03:03:13 - INFO - Intervening on features to create augmented feature set
2025-07-30 03:03:13 - INFO - Generating counterfactuals for augmented target set
2025-07-30 03:03:13 - INFO - Original X train shape: (25600, 3)
2025-07-30 03:03:13 - INFO - Augmented X train shape: (25600, 3)
2025-07-30 03:03:13 - INFO - Combined X train shape: (51200, 3)
2025-07-30 03:03:13 - INFO - Training new mlp model on augmented data

2025-07-30 03:03:22 - INFO - Selected features to perturb: ['F1', 'F2']

2025-07-30 03:03:22 - INFO - Intervening on features to create augmented feature set
2025-07-30 03:03:22 - INFO - Generating counterfactuals for augmented target set
2025-07-30 03:03:22 - INFO - Original X train shape: (25600, 3)
2025-07-30 03:03:22 - INFO - Augmented X train shape: (32000, 3)
2025-07-30 03:03:22 - INFO - Combined X train shape: (57600, 3)
2025-07-30 03:03:22 - INFO - Training new mlp model on augmented data

2025-07-30 03:03:35 - INFO - Selected features to perturb: ['F1', 'F2']

2025-07-30 03:03:35 - INFO - Intervening on features to create augmented feature set
2025-07-30 03:03:35 - INFO - Generating counterfactuals for augmented target set
2025-07-30 03:03:35 - INFO - Original X train shape: (25600, 3)
2025-07-30 03:03:35 - INFO - Augmented X train shape: (12800, 3)
2025-07-30 03:03:35 - INFO - Combined X train shape: (38400, 3)
2025-07-30 03:03:35 - INFO - Training new mlp model on augmented data

2025-07-30 03:03:44 - INFO - Selected features to perturb: ['F1', 'F2']

2025-07-30 03:03:44 - INFO - Intervening on features to create augmented feature set
2025-07-30 03:03:44 - INFO - Generating counterfactuals for augmented target set
2025-07-30 03:03:44 - INFO - Original X train shape: (25600, 3)
2025-07-30 03:03:44 - INFO - Augmented X train shape: (25600, 3)
2025-07-30 03:03:44 - INFO - Combined X train shape: (51200, 3)
2025-07-30 03:03:44 - INFO - Training new mlp model on augmented data

2025-07-30 03:03:57 - INFO - Selected features to perturb: ['F1', 'F2']

2025-07-30 03:03:57 - INFO - Intervening on features to create augmented feature set
2025-07-30 03:03:57 - INFO - Generating counterfactuals for augmented target set
2025-07-30 03:03:57 - INFO - Original X train shape: (25600, 3)
2025-07-30 03:03:57 - INFO - Augmented X train shape: (19200, 3)
2025-07-30 03:03:57 - INFO - Combined X train shape: (44800, 3)
2025-07-30 03:03:57 - INFO - Training new mlp model on augmented data

2025-07-30 03:04:17 - INFO - Selected features to perturb: ['F1', 'F2']

2025-07-30 03:04:17 - INFO - Intervening on features to create augmented feature set
2025-07-30 03:04:17 - INFO - Generating counterfactuals for augmented target set
2025-07-30 03:04:17 - INFO - Original X train shape: (25600, 3)
2025-07-30 03:04:17 - INFO - Augmented X train shape: (19200, 3)
2025-07-30 03:04:17 - INFO - Combined X train shape: (44800, 3)
2025-07-30 03:04:17 - INFO - Training new mlp model on augmented data

2025-07-30 03:04:38 - INFO - Selected features to perturb: ['F1', 'F2']

2025-07-30 03:04:38 - INFO - Intervening on features to create augmented feature set
2025-07-30 03:04:38 - INFO - Generating counterfactuals for augmented target set
2025-07-30 03:04:38 - INFO - Original X train shape: (25600, 3)
2025-07-30 03:04:38 - INFO - Augmented X train shape: (25600, 3)
2025-07-30 03:04:38 - INFO - Combined X train shape: (51200, 3)
2025-07-30 03:04:38 - INFO - Training new mlp model on augmented data

2025-07-30 03:04:54 - INFO - Selected features to perturb: ['F1', 'F2']

2025-07-30 03:04:54 - INFO - Intervening on features to create augmented feature set
2025-07-30 03:04:54 - INFO - Generating counterfactuals for augmented target set
2025-07-30 03:04:54 - INFO - Original X train shape: (25600, 3)
2025-07-30 03:04:54 - INFO - Augmented X train shape: (38400, 3)
2025-07-30 03:04:54 - INFO - Combined X train shape: (64000, 3)
2025-07-30 03:04:54 - INFO - Training new mlp model on augmented data

2025-07-30 03:05:25 - INFO - Selected features to perturb: ['F1', 'F2']

2025-07-30 03:05:25 - INFO - Intervening on features to create augmented feature set
2025-07-30 03:05:25 - INFO - Generating counterfactuals for augmented target set
2025-07-30 03:05:25 - INFO - Original X train shape: (25600, 3)
2025-07-30 03:05:25 - INFO - Augmented X train shape: (12800, 3)
2025-07-30 03:05:25 - INFO - Combined X train shape: (38400, 3)
2025-07-30 03:05:25 - INFO - Training new mlp model on augmented data

2025-07-30 03:05:34 - INFO - Selected features to perturb: ['F1', 'F2']

2025-07-30 03:05:34 - INFO - Intervening on features to create augmented feature set
2025-07-30 03:05:34 - INFO - Generating counterfactuals for augmented target set
2025-07-30 03:05:34 - INFO - Original X train shape: (25600, 3)
2025-07-30 03:05:34 - INFO - Augmented X train shape: (32000, 3)
2025-07-30 03:05:34 - INFO - Combined X train shape: (57600, 3)
2025-07-30 03:05:34 - INFO - Training new mlp model on augmented data

2025-07-30 03:05:51 - INFO - Selected features to perturb: ['F1', 'F2']

2025-07-30 03:05:51 - INFO - Intervening on features to create augmented feature set
2025-07-30 03:05:51 - INFO - Generating counterfactuals for augmented target set
2025-07-30 03:05:51 - INFO - Original X train shape: (25600, 3)
2025-07-30 03:05:51 - INFO - Augmented X train shape: (25600, 3)
2025-07-30 03:05:51 - INFO - Combined X train shape: (51200, 3)
2025-07-30 03:05:51 - INFO - Training new mlp model on augmented data

2025-07-30 03:06:08 - INFO - Selected features to perturb: ['F1', 'F2']

2025-07-30 03:06:08 - INFO - Intervening on features to create augmented feature set
2025-07-30 03:06:08 - INFO - Generating counterfactuals for augmented target set
2025-07-30 03:06:08 - INFO - Original X train shape: (25600, 3)
2025-07-30 03:06:08 - INFO - Augmented X train shape: (25600, 3)
2025-07-30 03:06:08 - INFO - Combined X train shape: (51200, 3)
2025-07-30 03:06:08 - INFO - Training new mlp model on augmented data

2025-07-30 03:06:28 - INFO - Selected features to perturb: ['F1', 'F2']

2025-07-30 03:06:28 - INFO - Intervening on features to create augmented feature set
2025-07-30 03:06:28 - INFO - Generating counterfactuals for augmented target set
2025-07-30 03:06:28 - INFO - Original X train shape: (25600, 3)
2025-07-30 03:06:28 - INFO - Augmented X train shape: (19200, 3)
2025-07-30 03:06:28 - INFO - Combined X train shape: (44800, 3)
2025-07-30 03:06:28 - INFO - Training new mlp model on augmented data

2025-07-30 03:06:40 - INFO - Selected features to perturb: ['F1']

2025-07-30 03:06:40 - INFO - Intervening on features to create augmented feature set
2025-07-30 03:06:40 - INFO - Generating counterfactuals for augmented target set
2025-07-30 03:06:40 - INFO - Original X train shape: (25600, 3)
2025-07-30 03:06:40 - INFO - Augmented X train shape: (38400, 3)
2025-07-30 03:06:40 - INFO - Combined X train shape: (64000, 3)
2025-07-30 03:06:40 - INFO - Training new mlp model on augmented data

2025-07-30 03:07:12 - INFO - Selected features to perturb: ['F1']

2025-07-30 03:07:12 - INFO - Intervening on features to create augmented feature set
2025-07-30 03:07:12 - INFO - Generating counterfactuals for augmented target set
2025-07-30 03:07:12 - INFO - Original X train shape: (25600, 3)
2025-07-30 03:07:12 - INFO - Augmented X train shape: (38400, 3)
2025-07-30 03:07:12 - INFO - Combined X train shape: (64000, 3)
2025-07-30 03:07:12 - INFO - Training new mlp model on augmented data

2025-07-30 03:07:37 - INFO - Selected features to perturb: ['F1']

2025-07-30 03:07:37 - INFO - Intervening on features to create augmented feature set
2025-07-30 03:07:37 - INFO - Generating counterfactuals for augmented target set
2025-07-30 03:07:37 - INFO - Original X train shape: (25600, 3)
2025-07-30 03:07:37 - INFO - Augmented X train shape: (38400, 3)
2025-07-30 03:07:37 - INFO - Combined X train shape: (64000, 3)
2025-07-30 03:07:37 - INFO - Training new mlp model on augmented data

2025-07-30 03:07:51 - INFO - Selected features to perturb: ['F1', 'F2']

2025-07-30 03:07:51 - INFO - Intervening on features to create augmented feature set
2025-07-30 03:07:51 - INFO - Generating counterfactuals for augmented target set
2025-07-30 03:07:51 - INFO - Original X train shape: (25600, 3)
2025-07-30 03:07:51 - INFO - Augmented X train shape: (32000, 3)
2025-07-30 03:07:51 - INFO - Combined X train shape: (57600, 3)
2025-07-30 03:07:51 - INFO - Training new mlp model on augmented data

2025-07-30 03:08:07 - INFO - Selected features to perturb: ['F1', 'F2']

2025-07-30 03:08:07 - INFO - Intervening on features to create augmented feature set
2025-07-30 03:08:07 - INFO - Generating counterfactuals for augmented target set
2025-07-30 03:08:07 - INFO - Original X train shape: (25600, 3)
2025-07-30 03:08:07 - INFO - Augmented X train shape: (32000, 3)
2025-07-30 03:08:07 - INFO - Combined X train shape: (57600, 3)
2025-07-30 03:08:07 - INFO - Training new mlp model on augmented data

2025-07-30 03:08:18 - INFO - Selected features to perturb: ['F1', 'F2']

2025-07-30 03:08:18 - INFO - Intervening on features to create augmented feature set
2025-07-30 03:08:18 - INFO - Generating counterfactuals for augmented target set
2025-07-30 03:08:18 - INFO - Original X train shape: (25600, 3)
2025-07-30 03:08:18 - INFO - Augmented X train shape: (38400, 3)
2025-07-30 03:08:18 - INFO - Combined X train shape: (64000, 3)
2025-07-30 03:08:18 - INFO - Training new mlp model on augmented data

2025-07-30 03:08:29 - INFO - Selected features to perturb: ['F1']

2025-07-30 03:08:29 - INFO - Intervening on features to create augmented feature set
2025-07-30 03:08:29 - INFO - Generating counterfactuals for augmented target set
2025-07-30 03:08:29 - INFO - Original X train shape: (25600, 3)
2025-07-30 03:08:29 - INFO - Augmented X train shape: (32000, 3)
2025-07-30 03:08:29 - INFO - Combined X train shape: (57600, 3)
2025-07-30 03:08:29 - INFO - Training new mlp model on augmented data

2025-07-30 03:08:46 - INFO - Selected features to perturb: ['F1', 'F2']

2025-07-30 03:08:46 - INFO - Intervening on features to create augmented feature set
2025-07-30 03:08:46 - INFO - Generating counterfactuals for augmented target set
2025-07-30 03:08:46 - INFO - Original X train shape: (25600, 3)
2025-07-30 03:08:46 - INFO - Augmented X train shape: (38400, 3)
2025-07-30 03:08:46 - INFO - Combined X train shape: (64000, 3)
2025-07-30 03:08:46 - INFO - Training new mlp model on augmented data

2025-07-30 03:09:11 - INFO - Selected features to perturb: ['F1', 'F2']

2025-07-30 03:09:11 - INFO - Intervening on features to create augmented feature set
2025-07-30 03:09:11 - INFO - Generating counterfactuals for augmented target set
2025-07-30 03:09:11 - INFO - Original X train shape: (25600, 3)
2025-07-30 03:09:11 - INFO - Augmented X train shape: (32000, 3)
2025-07-30 03:09:11 - INFO - Combined X train shape: (57600, 3)
2025-07-30 03:09:11 - INFO - Training new mlp model on augmented data

2025-07-30 03:09:32 - INFO - Best augmentation parameters:
{'max_n_features_to_perturb': 3, 'aug_data_size_factor': 1.25, 'aug_data_weight': 0.5, 'max_perturb_percent': 1.0, 'min_perturb_percent': -1.0}

2025-07-30 03:09:32 - INFO - Selected features to perturb: ['F1', 'F2']

2025-07-30 03:09:32 - INFO - Intervening on features to create augmented feature set
2025-07-30 03:09:32 - INFO - Generating counterfactuals for augmented target set
2025-07-30 03:09:32 - INFO - Original X train shape: (32000, 3)
2025-07-30 03:09:32 - INFO - Augmented X train shape: (40000, 3)
2025-07-30 03:09:32 - INFO - Combined X train shape: (72000, 3)
2025-07-30 03:10:33 - INFO - Done cross-validation evaluation
2025-07-30 03:10:33 - INFO - The p-value from the Wilcoxon signed-rank test is: 0.2783203125

2025-07-30 03:10:33 - WARNING - No significant improvement in MSE after augmentation for anm_data_sample_40000. Ignoring filter and proceeding with the experiment anyways.
2025-07-30 03:10:33 - INFO - Evaluation metrics for the experiment:
2025-07-30 03:10:33 - INFO - Original MSE: 0.0013792000878525847, Augmented MSE: 0.0013570306248751178


2025-07-30 03:10:33 - INFO - ####################################################################################################
2025-07-30 03:10:33 - INFO - Interim results for seeds saved to ../experiments_synthetic/anm/mlp_20250730-024443/interim_results/anm_data_sample_40000_interim_results.csv. Aggregating results for anm_data_sample_40000...
2025-07-30 03:10:33 - INFO - ****************************************************************************************************
2025-07-30 03:10:33 - INFO - 






****************************************************************************************************
2025-07-30 03:10:33 - INFO - Running experiment on dataset: anm_data_sample_50000
2025-07-30 03:10:33 - INFO - 



####################################################################################################
2025-07-30 03:10:33 - INFO - Running experiment on dataset: anm_data_sample_50000 with seed: 0
2025-07-30 03:10:33 - INFO - Training mlp baseline model
2025-07-30 03:10:41 - INFO - Done training baseline model
2025-07-30 03:10:41 - INFO - Done calculating residuals

2025-07-30 03:10:41 - INFO - Filtering for features to perturb
2025-07-30 03:10:41 - INFO - Creating causal graph for anm_data_sample_50000
2025-07-30 03:10:41 - WARNING - No features are conditionally independent of Z
2025-07-30 03:10:41 - WARNING - No candidate features found for anm_data_sample_50000. Ignoring filter and proceeding with the experiment anyways.
2025-07-30 03:10:41 - INFO - Done filtering.

2025-07-30 03:10:41 - INFO - Selected features to perturb: ['F0']

2025-07-30 03:10:41 - INFO - Intervening on features to create augmented feature set
2025-07-30 03:10:41 - INFO - Generating counterfactuals for augmented target set
2025-07-30 03:10:41 - INFO - Original X train shape: (32000, 3)
2025-07-30 03:10:41 - INFO - Augmented X train shape: (40000, 3)
2025-07-30 03:10:41 - INFO - Combined X train shape: (72000, 3)
2025-07-30 03:10:41 - INFO - Training new mlp model on augmented data

2025-07-30 03:10:53 - INFO - Selected features to perturb: ['F0']

2025-07-30 03:10:53 - INFO - Intervening on features to create augmented feature set
2025-07-30 03:10:53 - INFO - Generating counterfactuals for augmented target set
2025-07-30 03:10:53 - INFO - Original X train shape: (32000, 3)
2025-07-30 03:10:53 - INFO - Augmented X train shape: (40000, 3)
2025-07-30 03:10:53 - INFO - Combined X train shape: (72000, 3)
2025-07-30 03:10:53 - INFO - Training new mlp model on augmented data

2025-07-30 03:11:18 - INFO - Selected features to perturb: ['F0']

2025-07-30 03:11:18 - INFO - Intervening on features to create augmented feature set
2025-07-30 03:11:18 - INFO - Generating counterfactuals for augmented target set
2025-07-30 03:11:18 - INFO - Original X train shape: (32000, 3)
2025-07-30 03:11:18 - INFO - Augmented X train shape: (24000, 3)
2025-07-30 03:11:18 - INFO - Combined X train shape: (56000, 3)
2025-07-30 03:11:18 - INFO - Training new mlp model on augmented data

2025-07-30 03:11:41 - INFO - Selected features to perturb: ['F0']

2025-07-30 03:11:41 - INFO - Intervening on features to create augmented feature set
2025-07-30 03:11:41 - INFO - Generating counterfactuals for augmented target set
2025-07-30 03:11:41 - INFO - Original X train shape: (32000, 3)
2025-07-30 03:11:41 - INFO - Augmented X train shape: (48000, 3)
2025-07-30 03:11:41 - INFO - Combined X train shape: (80000, 3)
2025-07-30 03:11:41 - INFO - Training new mlp model on augmented data

2025-07-30 03:12:06 - INFO - Selected features to perturb: ['F0']

2025-07-30 03:12:06 - INFO - Intervening on features to create augmented feature set
2025-07-30 03:12:06 - INFO - Generating counterfactuals for augmented target set
2025-07-30 03:12:06 - INFO - Original X train shape: (32000, 3)
2025-07-30 03:12:06 - INFO - Augmented X train shape: (48000, 3)
2025-07-30 03:12:06 - INFO - Combined X train shape: (80000, 3)
2025-07-30 03:12:06 - INFO - Training new mlp model on augmented data

2025-07-30 03:12:26 - INFO - Selected features to perturb: ['F0']

2025-07-30 03:12:26 - INFO - Intervening on features to create augmented feature set
2025-07-30 03:12:26 - INFO - Generating counterfactuals for augmented target set
2025-07-30 03:12:26 - INFO - Original X train shape: (32000, 3)
2025-07-30 03:12:26 - INFO - Augmented X train shape: (40000, 3)
2025-07-30 03:12:26 - INFO - Combined X train shape: (72000, 3)
2025-07-30 03:12:26 - INFO - Training new mlp model on augmented data

2025-07-30 03:12:43 - INFO - Selected features to perturb: ['F0']

2025-07-30 03:12:44 - INFO - Intervening on features to create augmented feature set
2025-07-30 03:12:44 - INFO - Generating counterfactuals for augmented target set
2025-07-30 03:12:44 - INFO - Original X train shape: (32000, 3)
2025-07-30 03:12:44 - INFO - Augmented X train shape: (40000, 3)
2025-07-30 03:12:44 - INFO - Combined X train shape: (72000, 3)
2025-07-30 03:12:44 - INFO - Training new mlp model on augmented data

2025-07-30 03:12:56 - INFO - Selected features to perturb: ['F0']

2025-07-30 03:12:56 - INFO - Intervening on features to create augmented feature set
2025-07-30 03:12:56 - INFO - Generating counterfactuals for augmented target set
2025-07-30 03:12:57 - INFO - Original X train shape: (32000, 3)
2025-07-30 03:12:57 - INFO - Augmented X train shape: (32000, 3)
2025-07-30 03:12:57 - INFO - Combined X train shape: (64000, 3)
2025-07-30 03:12:57 - INFO - Training new mlp model on augmented data

2025-07-30 03:13:16 - INFO - Selected features to perturb: ['F0']

2025-07-30 03:13:16 - INFO - Intervening on features to create augmented feature set
2025-07-30 03:13:16 - INFO - Generating counterfactuals for augmented target set
2025-07-30 03:13:16 - INFO - Original X train shape: (32000, 3)
2025-07-30 03:13:16 - INFO - Augmented X train shape: (32000, 3)
2025-07-30 03:13:16 - INFO - Combined X train shape: (64000, 3)
2025-07-30 03:13:16 - INFO - Training new mlp model on augmented data

2025-07-30 03:13:33 - INFO - Selected features to perturb: ['F0']

2025-07-30 03:13:33 - INFO - Intervening on features to create augmented feature set
2025-07-30 03:13:33 - INFO - Generating counterfactuals for augmented target set
2025-07-30 03:13:33 - INFO - Original X train shape: (32000, 3)
2025-07-30 03:13:33 - INFO - Augmented X train shape: (40000, 3)
2025-07-30 03:13:33 - INFO - Combined X train shape: (72000, 3)
2025-07-30 03:13:33 - INFO - Training new mlp model on augmented data

2025-07-30 03:13:55 - INFO - Selected features to perturb: ['F0']

2025-07-30 03:13:55 - INFO - Intervening on features to create augmented feature set
2025-07-30 03:13:55 - INFO - Generating counterfactuals for augmented target set
2025-07-30 03:13:55 - INFO - Original X train shape: (32000, 3)
2025-07-30 03:13:55 - INFO - Augmented X train shape: (16000, 3)
2025-07-30 03:13:55 - INFO - Combined X train shape: (48000, 3)
2025-07-30 03:13:55 - INFO - Training new mlp model on augmented data

2025-07-30 03:14:14 - INFO - Selected features to perturb: ['F0']

2025-07-30 03:14:14 - INFO - Intervening on features to create augmented feature set
2025-07-30 03:14:14 - INFO - Generating counterfactuals for augmented target set
2025-07-30 03:14:14 - INFO - Original X train shape: (32000, 3)
2025-07-30 03:14:14 - INFO - Augmented X train shape: (24000, 3)
2025-07-30 03:14:14 - INFO - Combined X train shape: (56000, 3)
2025-07-30 03:14:14 - INFO - Training new mlp model on augmented data

2025-07-30 03:14:34 - INFO - Selected features to perturb: ['F0']

2025-07-30 03:14:34 - INFO - Intervening on features to create augmented feature set
2025-07-30 03:14:34 - INFO - Generating counterfactuals for augmented target set
2025-07-30 03:14:34 - INFO - Original X train shape: (32000, 3)
2025-07-30 03:14:34 - INFO - Augmented X train shape: (24000, 3)
2025-07-30 03:14:34 - INFO - Combined X train shape: (56000, 3)
2025-07-30 03:14:34 - INFO - Training new mlp model on augmented data

2025-07-30 03:14:46 - INFO - Selected features to perturb: ['F0']

2025-07-30 03:14:46 - INFO - Intervening on features to create augmented feature set
2025-07-30 03:14:46 - INFO - Generating counterfactuals for augmented target set
2025-07-30 03:14:46 - INFO - Original X train shape: (32000, 3)
2025-07-30 03:14:46 - INFO - Augmented X train shape: (24000, 3)
2025-07-30 03:14:46 - INFO - Combined X train shape: (56000, 3)
2025-07-30 03:14:46 - INFO - Training new mlp model on augmented data

2025-07-30 03:15:12 - INFO - Selected features to perturb: ['F0']

2025-07-30 03:15:12 - INFO - Intervening on features to create augmented feature set
2025-07-30 03:15:12 - INFO - Generating counterfactuals for augmented target set
2025-07-30 03:15:12 - INFO - Original X train shape: (32000, 3)
2025-07-30 03:15:12 - INFO - Augmented X train shape: (16000, 3)
2025-07-30 03:15:12 - INFO - Combined X train shape: (48000, 3)
2025-07-30 03:15:12 - INFO - Training new mlp model on augmented data

2025-07-30 03:15:29 - INFO - Selected features to perturb: ['F0']

2025-07-30 03:15:29 - INFO - Intervening on features to create augmented feature set
2025-07-30 03:15:29 - INFO - Generating counterfactuals for augmented target set
2025-07-30 03:15:29 - INFO - Original X train shape: (32000, 3)
2025-07-30 03:15:29 - INFO - Augmented X train shape: (32000, 3)
2025-07-30 03:15:29 - INFO - Combined X train shape: (64000, 3)
2025-07-30 03:15:29 - INFO - Training new mlp model on augmented data

2025-07-30 03:15:48 - INFO - Selected features to perturb: ['F0']

2025-07-30 03:15:48 - INFO - Intervening on features to create augmented feature set
2025-07-30 03:15:48 - INFO - Generating counterfactuals for augmented target set
2025-07-30 03:15:48 - INFO - Original X train shape: (32000, 3)
2025-07-30 03:15:48 - INFO - Augmented X train shape: (24000, 3)
2025-07-30 03:15:48 - INFO - Combined X train shape: (56000, 3)
2025-07-30 03:15:48 - INFO - Training new mlp model on augmented data

2025-07-30 03:16:03 - INFO - Selected features to perturb: ['F0']

2025-07-30 03:16:03 - INFO - Intervening on features to create augmented feature set
2025-07-30 03:16:03 - INFO - Generating counterfactuals for augmented target set
2025-07-30 03:16:03 - INFO - Original X train shape: (32000, 3)
2025-07-30 03:16:03 - INFO - Augmented X train shape: (32000, 3)
2025-07-30 03:16:03 - INFO - Combined X train shape: (64000, 3)
2025-07-30 03:16:03 - INFO - Training new mlp model on augmented data

2025-07-30 03:16:17 - INFO - Selected features to perturb: ['F0']

2025-07-30 03:16:17 - INFO - Intervening on features to create augmented feature set
2025-07-30 03:16:17 - INFO - Generating counterfactuals for augmented target set
2025-07-30 03:16:17 - INFO - Original X train shape: (32000, 3)
2025-07-30 03:16:17 - INFO - Augmented X train shape: (32000, 3)
2025-07-30 03:16:17 - INFO - Combined X train shape: (64000, 3)
2025-07-30 03:16:17 - INFO - Training new mlp model on augmented data

2025-07-30 03:16:28 - INFO - Selected features to perturb: ['F0']

2025-07-30 03:16:28 - INFO - Intervening on features to create augmented feature set
2025-07-30 03:16:28 - INFO - Generating counterfactuals for augmented target set
2025-07-30 03:16:28 - INFO - Original X train shape: (32000, 3)
2025-07-30 03:16:28 - INFO - Augmented X train shape: (16000, 3)
2025-07-30 03:16:28 - INFO - Combined X train shape: (48000, 3)
2025-07-30 03:16:28 - INFO - Training new mlp model on augmented data

2025-07-30 03:16:39 - INFO - Selected features to perturb: ['F0']

2025-07-30 03:16:39 - INFO - Intervening on features to create augmented feature set
2025-07-30 03:16:39 - INFO - Generating counterfactuals for augmented target set
2025-07-30 03:16:39 - INFO - Original X train shape: (32000, 3)
2025-07-30 03:16:39 - INFO - Augmented X train shape: (24000, 3)
2025-07-30 03:16:39 - INFO - Combined X train shape: (56000, 3)
2025-07-30 03:16:39 - INFO - Training new mlp model on augmented data

2025-07-30 03:16:56 - INFO - Selected features to perturb: ['F0']

2025-07-30 03:16:56 - INFO - Intervening on features to create augmented feature set
2025-07-30 03:16:56 - INFO - Generating counterfactuals for augmented target set
2025-07-30 03:16:56 - INFO - Original X train shape: (32000, 3)
2025-07-30 03:16:56 - INFO - Augmented X train shape: (16000, 3)
2025-07-30 03:16:56 - INFO - Combined X train shape: (48000, 3)
2025-07-30 03:16:56 - INFO - Training new mlp model on augmented data

2025-07-30 03:17:12 - INFO - Selected features to perturb: ['F0']

2025-07-30 03:17:12 - INFO - Intervening on features to create augmented feature set
2025-07-30 03:17:12 - INFO - Generating counterfactuals for augmented target set
2025-07-30 03:17:12 - INFO - Original X train shape: (32000, 3)
2025-07-30 03:17:12 - INFO - Augmented X train shape: (16000, 3)
2025-07-30 03:17:12 - INFO - Combined X train shape: (48000, 3)
2025-07-30 03:17:12 - INFO - Training new mlp model on augmented data

2025-07-30 03:17:24 - INFO - Selected features to perturb: ['F0']

2025-07-30 03:17:24 - INFO - Intervening on features to create augmented feature set
2025-07-30 03:17:24 - INFO - Generating counterfactuals for augmented target set
2025-07-30 03:17:24 - INFO - Original X train shape: (32000, 3)
2025-07-30 03:17:24 - INFO - Augmented X train shape: (16000, 3)
2025-07-30 03:17:24 - INFO - Combined X train shape: (48000, 3)
2025-07-30 03:17:24 - INFO - Training new mlp model on augmented data

2025-07-30 03:17:33 - INFO - Selected features to perturb: ['F0']

2025-07-30 03:17:33 - INFO - Intervening on features to create augmented feature set
2025-07-30 03:17:33 - INFO - Generating counterfactuals for augmented target set
2025-07-30 03:17:33 - INFO - Original X train shape: (32000, 3)
2025-07-30 03:17:33 - INFO - Augmented X train shape: (24000, 3)
2025-07-30 03:17:33 - INFO - Combined X train shape: (56000, 3)
2025-07-30 03:17:33 - INFO - Training new mlp model on augmented data

2025-07-30 03:17:48 - INFO - Selected features to perturb: ['F0']

2025-07-30 03:17:48 - INFO - Intervening on features to create augmented feature set
2025-07-30 03:17:48 - INFO - Generating counterfactuals for augmented target set
2025-07-30 03:17:48 - INFO - Original X train shape: (32000, 3)
2025-07-30 03:17:48 - INFO - Augmented X train shape: (32000, 3)
2025-07-30 03:17:48 - INFO - Combined X train shape: (64000, 3)
2025-07-30 03:17:48 - INFO - Training new mlp model on augmented data

2025-07-30 03:17:59 - INFO - Selected features to perturb: ['F0']

2025-07-30 03:17:59 - INFO - Intervening on features to create augmented feature set
2025-07-30 03:17:59 - INFO - Generating counterfactuals for augmented target set
2025-07-30 03:17:59 - INFO - Original X train shape: (32000, 3)
2025-07-30 03:17:59 - INFO - Augmented X train shape: (24000, 3)
2025-07-30 03:17:59 - INFO - Combined X train shape: (56000, 3)
2025-07-30 03:17:59 - INFO - Training new mlp model on augmented data

2025-07-30 03:18:14 - INFO - Selected features to perturb: ['F0']

2025-07-30 03:18:14 - INFO - Intervening on features to create augmented feature set
2025-07-30 03:18:14 - INFO - Generating counterfactuals for augmented target set
2025-07-30 03:18:14 - INFO - Original X train shape: (32000, 3)
2025-07-30 03:18:14 - INFO - Augmented X train shape: (16000, 3)
2025-07-30 03:18:14 - INFO - Combined X train shape: (48000, 3)
2025-07-30 03:18:14 - INFO - Training new mlp model on augmented data

2025-07-30 03:18:28 - INFO - Selected features to perturb: ['F0']

2025-07-30 03:18:28 - INFO - Intervening on features to create augmented feature set
2025-07-30 03:18:28 - INFO - Generating counterfactuals for augmented target set
2025-07-30 03:18:28 - INFO - Original X train shape: (32000, 3)
2025-07-30 03:18:28 - INFO - Augmented X train shape: (32000, 3)
2025-07-30 03:18:28 - INFO - Combined X train shape: (64000, 3)
2025-07-30 03:18:28 - INFO - Training new mlp model on augmented data

2025-07-30 03:18:49 - INFO - Selected features to perturb: ['F0']

2025-07-30 03:18:49 - INFO - Intervening on features to create augmented feature set
2025-07-30 03:18:49 - INFO - Generating counterfactuals for augmented target set
2025-07-30 03:18:49 - INFO - Original X train shape: (32000, 3)
2025-07-30 03:18:49 - INFO - Augmented X train shape: (24000, 3)
2025-07-30 03:18:49 - INFO - Combined X train shape: (56000, 3)
2025-07-30 03:18:49 - INFO - Training new mlp model on augmented data

2025-07-30 03:19:07 - INFO - Best augmentation parameters:
{'max_n_features_to_perturb': 3, 'aug_data_size_factor': 1.0, 'aug_data_weight': 0.5, 'max_perturb_percent': 0.8, 'min_perturb_percent': -0.8}

2025-07-30 03:19:07 - INFO - Selected features to perturb: ['F0']

2025-07-30 03:19:07 - INFO - Intervening on features to create augmented feature set
2025-07-30 03:19:07 - INFO - Generating counterfactuals for augmented target set
2025-07-30 03:19:07 - INFO - Original X train shape: (40000, 3)
2025-07-30 03:19:07 - INFO - Augmented X train shape: (40000, 3)
2025-07-30 03:19:07 - INFO - Combined X train shape: (80000, 3)
2025-07-30 03:19:56 - INFO - Done cross-validation evaluation
2025-07-30 03:19:56 - INFO - The p-value from the Wilcoxon signed-rank test is: 0.384765625

2025-07-30 03:19:56 - WARNING - No significant improvement in MSE after augmentation for anm_data_sample_50000. Ignoring filter and proceeding with the experiment anyways.
2025-07-30 03:19:56 - INFO - Evaluation metrics for the experiment:
2025-07-30 03:19:56 - INFO - Original MSE: 0.0013453904980178161, Augmented MSE: 0.0013152629351821743


2025-07-30 03:19:56 - INFO - ####################################################################################################
2025-07-30 03:19:56 - INFO - Interim results for seeds saved to ../experiments_synthetic/anm/mlp_20250730-024443/interim_results/anm_data_sample_50000_interim_results.csv. Aggregating results for anm_data_sample_50000...
2025-07-30 03:19:56 - INFO - ****************************************************************************************************
2025-07-30 03:19:56 - INFO - Total time taken: 2112.27 seconds
2025-07-30 03:19:56 - INFO - All results saved to ../experiments_synthetic/anm/mlp_20250730-024443/results.csv
2025-07-30 03:19:56 - INFO - Results plot saved to ../experiments_synthetic/anm/mlp_20250730-024443/results_mse_percent_delta.png
2025-07-30 03:24:40 - INFO - Experiment initialized with config:
Experiment Config (Name: xgboost_20250730-032438)
  timestamp: 20250730-032438
  dataset_path: ../data/anm_data.csv
  dataset_dir_path: None
  baseline: xgboost
  aug_data_size_factor: 1.0
  max_n_features_to_perturb: 5
  max_perturb_percent: 0.1
  min_perturb_percent: -0.1
  aug_data_weight: 0.9
  alpha: 0.05
  r_corr_threshold: 0.1
  p_corr_threshold: 0.05
  test_size: 0.2
  random_seed: 0
  num_seeds: 0
  p_wilcoxon_threshold: 0.05
  hyperparam_tune: False
  method_param_tune: True
  sample_sizes: [5000, 10000, 15000, 20000, 30000, 40000, 50000]
  ignore_filter: True
  results_dir: ../experiments_synthetic/anm
  save_plots: False
  save_models: False
  save_params: False
  experiment_dir: ../experiments_synthetic/anm/xgboost_20250730-032438
2025-07-30 03:24:41 - INFO - Loaded 7 datasets


2025-07-30 03:24:41 - INFO - 






****************************************************************************************************
2025-07-30 03:24:41 - INFO - Running experiment on dataset: anm_data_sample_5000
2025-07-30 03:24:41 - INFO - 



####################################################################################################
2025-07-30 03:24:41 - INFO - Running experiment on dataset: anm_data_sample_5000 with seed: 0
2025-07-30 03:24:41 - INFO - Training xgboost baseline model
2025-07-30 03:24:43 - INFO - Done training baseline model
2025-07-30 03:24:43 - INFO - Done calculating residuals

2025-07-30 03:24:43 - INFO - Filtering for features to perturb
2025-07-30 03:24:43 - INFO - Creating causal graph for anm_data_sample_5000
2025-07-30 03:24:43 - INFO - Features that are not connected to Z (conditional independence): ['F2', 'F0', 'F1']
2025-07-30 03:24:43 - INFO - [Z vs F0]  r: 0.0042, p: 0.7689
2025-07-30 03:24:43 - INFO - [Z vs F1]  r: -0.0072, p: 0.6118
2025-07-30 03:24:43 - INFO - [Z vs F2]  r: -0.0008, p: 0.9577
2025-07-30 03:24:43 - INFO - Candidates (uncorrelated + not connected to Z): ['F2', 'F0', 'F1']
2025-07-30 03:24:43 - INFO - Ranked candidate features:
  feature     score  r_with_T  r_with_Z
0      F2  0.014344 -0.015095 -0.000751
1      F0 -0.003928 -0.000228  0.004156
2      F1 -0.004341  0.002839 -0.007180
2025-07-30 03:24:43 - INFO - Done filtering.

2025-07-30 03:24:43 - INFO - Selected features to perturb: ['F2', 'F0', 'F1']

2025-07-30 03:24:43 - INFO - Intervening on features to create augmented feature set
2025-07-30 03:24:43 - INFO - Generating counterfactuals for augmented target set
2025-07-30 03:24:43 - INFO - Original X train shape: (3200, 3)
2025-07-30 03:24:43 - INFO - Augmented X train shape: (4000, 3)
2025-07-30 03:24:43 - INFO - Combined X train shape: (7200, 3)
2025-07-30 03:24:43 - INFO - Training new xgboost model on augmented data

2025-07-30 03:24:44 - INFO - Selected features to perturb: ['F2', 'F0', 'F1']

2025-07-30 03:24:44 - INFO - Intervening on features to create augmented feature set
2025-07-30 03:24:44 - INFO - Generating counterfactuals for augmented target set
2025-07-30 03:24:44 - INFO - Original X train shape: (3200, 3)
2025-07-30 03:24:44 - INFO - Augmented X train shape: (4000, 3)
2025-07-30 03:24:44 - INFO - Combined X train shape: (7200, 3)
2025-07-30 03:24:44 - INFO - Training new xgboost model on augmented data

2025-07-30 03:24:45 - INFO - Selected features to perturb: ['F2', 'F0', 'F1']

2025-07-30 03:24:45 - INFO - Intervening on features to create augmented feature set
2025-07-30 03:24:45 - INFO - Generating counterfactuals for augmented target set
2025-07-30 03:24:45 - INFO - Original X train shape: (3200, 3)
2025-07-30 03:24:45 - INFO - Augmented X train shape: (2400, 3)
2025-07-30 03:24:45 - INFO - Combined X train shape: (5600, 3)
2025-07-30 03:24:45 - INFO - Training new xgboost model on augmented data

2025-07-30 03:24:46 - INFO - Selected features to perturb: ['F2', 'F0', 'F1']

2025-07-30 03:24:46 - INFO - Intervening on features to create augmented feature set
2025-07-30 03:24:46 - INFO - Generating counterfactuals for augmented target set
2025-07-30 03:24:46 - INFO - Original X train shape: (3200, 3)
2025-07-30 03:24:46 - INFO - Augmented X train shape: (4800, 3)
2025-07-30 03:24:46 - INFO - Combined X train shape: (8000, 3)
2025-07-30 03:24:46 - INFO - Training new xgboost model on augmented data

2025-07-30 03:24:47 - INFO - Selected features to perturb: ['F2']

2025-07-30 03:24:47 - INFO - Intervening on features to create augmented feature set
2025-07-30 03:24:47 - INFO - Generating counterfactuals for augmented target set
2025-07-30 03:24:47 - INFO - Original X train shape: (3200, 3)
2025-07-30 03:24:47 - INFO - Augmented X train shape: (4800, 3)
2025-07-30 03:24:47 - INFO - Combined X train shape: (8000, 3)
2025-07-30 03:24:47 - INFO - Training new xgboost model on augmented data

2025-07-30 03:24:48 - INFO - Selected features to perturb: ['F2', 'F0', 'F1']

2025-07-30 03:24:48 - INFO - Intervening on features to create augmented feature set
2025-07-30 03:24:48 - INFO - Generating counterfactuals for augmented target set
2025-07-30 03:24:48 - INFO - Original X train shape: (3200, 3)
2025-07-30 03:24:48 - INFO - Augmented X train shape: (4000, 3)
2025-07-30 03:24:48 - INFO - Combined X train shape: (7200, 3)
2025-07-30 03:24:48 - INFO - Training new xgboost model on augmented data

2025-07-30 03:24:49 - INFO - Selected features to perturb: ['F2']

2025-07-30 03:24:49 - INFO - Intervening on features to create augmented feature set
2025-07-30 03:24:49 - INFO - Generating counterfactuals for augmented target set
2025-07-30 03:24:49 - INFO - Original X train shape: (3200, 3)
2025-07-30 03:24:49 - INFO - Augmented X train shape: (4000, 3)
2025-07-30 03:24:49 - INFO - Combined X train shape: (7200, 3)
2025-07-30 03:24:49 - INFO - Training new xgboost model on augmented data

2025-07-30 03:24:51 - INFO - Selected features to perturb: ['F2', 'F0', 'F1']

2025-07-30 03:24:51 - INFO - Intervening on features to create augmented feature set
2025-07-30 03:24:51 - INFO - Generating counterfactuals for augmented target set
2025-07-30 03:24:51 - INFO - Original X train shape: (3200, 3)
2025-07-30 03:24:51 - INFO - Augmented X train shape: (3200, 3)
2025-07-30 03:24:51 - INFO - Combined X train shape: (6400, 3)
2025-07-30 03:24:51 - INFO - Training new xgboost model on augmented data

2025-07-30 03:24:52 - INFO - Selected features to perturb: ['F2', 'F0', 'F1']

2025-07-30 03:24:52 - INFO - Intervening on features to create augmented feature set
2025-07-30 03:24:52 - INFO - Generating counterfactuals for augmented target set
2025-07-30 03:24:52 - INFO - Original X train shape: (3200, 3)
2025-07-30 03:24:52 - INFO - Augmented X train shape: (3200, 3)
2025-07-30 03:24:52 - INFO - Combined X train shape: (6400, 3)
2025-07-30 03:24:52 - INFO - Training new xgboost model on augmented data

2025-07-30 03:24:53 - INFO - Selected features to perturb: ['F2', 'F0', 'F1']

2025-07-30 03:24:53 - INFO - Intervening on features to create augmented feature set
2025-07-30 03:24:53 - INFO - Generating counterfactuals for augmented target set
2025-07-30 03:24:54 - INFO - Original X train shape: (3200, 3)
2025-07-30 03:24:54 - INFO - Augmented X train shape: (4000, 3)
2025-07-30 03:24:54 - INFO - Combined X train shape: (7200, 3)
2025-07-30 03:24:54 - INFO - Training new xgboost model on augmented data

2025-07-30 03:24:54 - INFO - Selected features to perturb: ['F2', 'F0', 'F1']

2025-07-30 03:24:54 - INFO - Intervening on features to create augmented feature set
2025-07-30 03:24:54 - INFO - Generating counterfactuals for augmented target set
2025-07-30 03:24:54 - INFO - Original X train shape: (3200, 3)
2025-07-30 03:24:54 - INFO - Augmented X train shape: (1600, 3)
2025-07-30 03:24:54 - INFO - Combined X train shape: (4800, 3)
2025-07-30 03:24:54 - INFO - Training new xgboost model on augmented data

2025-07-30 03:24:55 - INFO - Selected features to perturb: ['F2', 'F0', 'F1']

2025-07-30 03:24:55 - INFO - Intervening on features to create augmented feature set
2025-07-30 03:24:55 - INFO - Generating counterfactuals for augmented target set
2025-07-30 03:24:55 - INFO - Original X train shape: (3200, 3)
2025-07-30 03:24:55 - INFO - Augmented X train shape: (4000, 3)
2025-07-30 03:24:55 - INFO - Combined X train shape: (7200, 3)
2025-07-30 03:24:55 - INFO - Training new xgboost model on augmented data

2025-07-30 03:24:56 - INFO - Selected features to perturb: ['F2', 'F0', 'F1']

2025-07-30 03:24:56 - INFO - Intervening on features to create augmented feature set
2025-07-30 03:24:56 - INFO - Generating counterfactuals for augmented target set
2025-07-30 03:24:56 - INFO - Original X train shape: (3200, 3)
2025-07-30 03:24:56 - INFO - Augmented X train shape: (4800, 3)
2025-07-30 03:24:56 - INFO - Combined X train shape: (8000, 3)
2025-07-30 03:24:56 - INFO - Training new xgboost model on augmented data

2025-07-30 03:24:57 - INFO - Selected features to perturb: ['F2', 'F0', 'F1']

2025-07-30 03:24:57 - INFO - Intervening on features to create augmented feature set
2025-07-30 03:24:57 - INFO - Generating counterfactuals for augmented target set
2025-07-30 03:24:57 - INFO - Original X train shape: (3200, 3)
2025-07-30 03:24:57 - INFO - Augmented X train shape: (4800, 3)
2025-07-30 03:24:57 - INFO - Combined X train shape: (8000, 3)
2025-07-30 03:24:57 - INFO - Training new xgboost model on augmented data

2025-07-30 03:24:58 - INFO - Selected features to perturb: ['F2', 'F0']

2025-07-30 03:24:58 - INFO - Intervening on features to create augmented feature set
2025-07-30 03:24:58 - INFO - Generating counterfactuals for augmented target set
2025-07-30 03:24:58 - INFO - Original X train shape: (3200, 3)
2025-07-30 03:24:58 - INFO - Augmented X train shape: (4800, 3)
2025-07-30 03:24:58 - INFO - Combined X train shape: (8000, 3)
2025-07-30 03:24:58 - INFO - Training new xgboost model on augmented data

2025-07-30 03:24:59 - INFO - Selected features to perturb: ['F2', 'F0', 'F1']

2025-07-30 03:24:59 - INFO - Intervening on features to create augmented feature set
2025-07-30 03:24:59 - INFO - Generating counterfactuals for augmented target set
2025-07-30 03:24:59 - INFO - Original X train shape: (3200, 3)
2025-07-30 03:24:59 - INFO - Augmented X train shape: (2400, 3)
2025-07-30 03:24:59 - INFO - Combined X train shape: (5600, 3)
2025-07-30 03:24:59 - INFO - Training new xgboost model on augmented data

2025-07-30 03:25:03 - INFO - Selected features to perturb: ['F2', 'F0', 'F1']

2025-07-30 03:25:03 - INFO - Intervening on features to create augmented feature set
2025-07-30 03:25:03 - INFO - Generating counterfactuals for augmented target set
2025-07-30 03:25:03 - INFO - Original X train shape: (3200, 3)
2025-07-30 03:25:03 - INFO - Augmented X train shape: (4800, 3)
2025-07-30 03:25:03 - INFO - Combined X train shape: (8000, 3)
2025-07-30 03:25:03 - INFO - Training new xgboost model on augmented data

2025-07-30 03:25:07 - INFO - Selected features to perturb: ['F2', 'F0']

2025-07-30 03:25:07 - INFO - Intervening on features to create augmented feature set
2025-07-30 03:25:07 - INFO - Generating counterfactuals for augmented target set
2025-07-30 03:25:07 - INFO - Original X train shape: (3200, 3)
2025-07-30 03:25:07 - INFO - Augmented X train shape: (3200, 3)
2025-07-30 03:25:07 - INFO - Combined X train shape: (6400, 3)
2025-07-30 03:25:07 - INFO - Training new xgboost model on augmented data

2025-07-30 03:25:08 - INFO - Selected features to perturb: ['F2', 'F0', 'F1']

2025-07-30 03:25:08 - INFO - Intervening on features to create augmented feature set
2025-07-30 03:25:08 - INFO - Generating counterfactuals for augmented target set
2025-07-30 03:25:08 - INFO - Original X train shape: (3200, 3)
2025-07-30 03:25:08 - INFO - Augmented X train shape: (4000, 3)
2025-07-30 03:25:08 - INFO - Combined X train shape: (7200, 3)
2025-07-30 03:25:08 - INFO - Training new xgboost model on augmented data

2025-07-30 03:25:09 - INFO - Selected features to perturb: ['F2', 'F0']

2025-07-30 03:25:09 - INFO - Intervening on features to create augmented feature set
2025-07-30 03:25:09 - INFO - Generating counterfactuals for augmented target set
2025-07-30 03:25:09 - INFO - Original X train shape: (3200, 3)
2025-07-30 03:25:09 - INFO - Augmented X train shape: (2400, 3)
2025-07-30 03:25:09 - INFO - Combined X train shape: (5600, 3)
2025-07-30 03:25:09 - INFO - Training new xgboost model on augmented data

2025-07-30 03:25:10 - INFO - Selected features to perturb: ['F2', 'F0', 'F1']

2025-07-30 03:25:10 - INFO - Intervening on features to create augmented feature set
2025-07-30 03:25:10 - INFO - Generating counterfactuals for augmented target set
2025-07-30 03:25:10 - INFO - Original X train shape: (3200, 3)
2025-07-30 03:25:10 - INFO - Augmented X train shape: (3200, 3)
2025-07-30 03:25:10 - INFO - Combined X train shape: (6400, 3)
2025-07-30 03:25:10 - INFO - Training new xgboost model on augmented data

2025-07-30 03:25:11 - INFO - Selected features to perturb: ['F2', 'F0', 'F1']

2025-07-30 03:25:11 - INFO - Intervening on features to create augmented feature set
2025-07-30 03:25:11 - INFO - Generating counterfactuals for augmented target set
2025-07-30 03:25:11 - INFO - Original X train shape: (3200, 3)
2025-07-30 03:25:11 - INFO - Augmented X train shape: (4000, 3)
2025-07-30 03:25:11 - INFO - Combined X train shape: (7200, 3)
2025-07-30 03:25:11 - INFO - Training new xgboost model on augmented data

2025-07-30 03:25:12 - INFO - Selected features to perturb: ['F2', 'F0', 'F1']

2025-07-30 03:25:12 - INFO - Intervening on features to create augmented feature set
2025-07-30 03:25:12 - INFO - Generating counterfactuals for augmented target set
2025-07-30 03:25:12 - INFO - Original X train shape: (3200, 3)
2025-07-30 03:25:12 - INFO - Augmented X train shape: (4000, 3)
2025-07-30 03:25:12 - INFO - Combined X train shape: (7200, 3)
2025-07-30 03:25:12 - INFO - Training new xgboost model on augmented data

2025-07-30 03:25:13 - INFO - Selected features to perturb: ['F2', 'F0', 'F1']

2025-07-30 03:25:13 - INFO - Intervening on features to create augmented feature set
2025-07-30 03:25:13 - INFO - Generating counterfactuals for augmented target set
2025-07-30 03:25:13 - INFO - Original X train shape: (3200, 3)
2025-07-30 03:25:13 - INFO - Augmented X train shape: (4800, 3)
2025-07-30 03:25:13 - INFO - Combined X train shape: (8000, 3)
2025-07-30 03:25:13 - INFO - Training new xgboost model on augmented data

2025-07-30 03:25:14 - INFO - Selected features to perturb: ['F2', 'F0', 'F1']

2025-07-30 03:25:14 - INFO - Intervening on features to create augmented feature set
2025-07-30 03:25:14 - INFO - Generating counterfactuals for augmented target set
2025-07-30 03:25:14 - INFO - Original X train shape: (3200, 3)
2025-07-30 03:25:14 - INFO - Augmented X train shape: (4800, 3)
2025-07-30 03:25:14 - INFO - Combined X train shape: (8000, 3)
2025-07-30 03:25:14 - INFO - Training new xgboost model on augmented data

2025-07-30 03:25:15 - INFO - Selected features to perturb: ['F2', 'F0', 'F1']

2025-07-30 03:25:15 - INFO - Intervening on features to create augmented feature set
2025-07-30 03:25:15 - INFO - Generating counterfactuals for augmented target set
2025-07-30 03:25:15 - INFO - Original X train shape: (3200, 3)
2025-07-30 03:25:15 - INFO - Augmented X train shape: (4000, 3)
2025-07-30 03:25:15 - INFO - Combined X train shape: (7200, 3)
2025-07-30 03:25:15 - INFO - Training new xgboost model on augmented data

2025-07-30 03:25:16 - INFO - Selected features to perturb: ['F2', 'F0', 'F1']

2025-07-30 03:25:16 - INFO - Intervening on features to create augmented feature set
2025-07-30 03:25:16 - INFO - Generating counterfactuals for augmented target set
2025-07-30 03:25:16 - INFO - Original X train shape: (3200, 3)
2025-07-30 03:25:16 - INFO - Augmented X train shape: (4000, 3)
2025-07-30 03:25:16 - INFO - Combined X train shape: (7200, 3)
2025-07-30 03:25:16 - INFO - Training new xgboost model on augmented data

2025-07-30 03:25:17 - INFO - Selected features to perturb: ['F2', 'F0', 'F1']

2025-07-30 03:25:17 - INFO - Intervening on features to create augmented feature set
2025-07-30 03:25:17 - INFO - Generating counterfactuals for augmented target set
2025-07-30 03:25:17 - INFO - Original X train shape: (3200, 3)
2025-07-30 03:25:17 - INFO - Augmented X train shape: (4800, 3)
2025-07-30 03:25:17 - INFO - Combined X train shape: (8000, 3)
2025-07-30 03:25:17 - INFO - Training new xgboost model on augmented data

2025-07-30 03:25:18 - INFO - Selected features to perturb: ['F2', 'F0', 'F1']

2025-07-30 03:25:18 - INFO - Intervening on features to create augmented feature set
2025-07-30 03:25:18 - INFO - Generating counterfactuals for augmented target set
2025-07-30 03:25:18 - INFO - Original X train shape: (3200, 3)
2025-07-30 03:25:18 - INFO - Augmented X train shape: (3200, 3)
2025-07-30 03:25:18 - INFO - Combined X train shape: (6400, 3)
2025-07-30 03:25:18 - INFO - Training new xgboost model on augmented data

2025-07-30 03:25:19 - INFO - Selected features to perturb: ['F2', 'F0', 'F1']

2025-07-30 03:25:19 - INFO - Intervening on features to create augmented feature set
2025-07-30 03:25:19 - INFO - Generating counterfactuals for augmented target set
2025-07-30 03:25:19 - INFO - Original X train shape: (3200, 3)
2025-07-30 03:25:19 - INFO - Augmented X train shape: (4000, 3)
2025-07-30 03:25:19 - INFO - Combined X train shape: (7200, 3)
2025-07-30 03:25:19 - INFO - Training new xgboost model on augmented data

2025-07-30 03:25:19 - INFO - Best augmentation parameters:
{'max_n_features_to_perturb': 4, 'aug_data_size_factor': 1.5, 'aug_data_weight': 1.0, 'max_perturb_percent': 0.5, 'min_perturb_percent': -0.5}

2025-07-30 03:25:19 - INFO - Selected features to perturb: ['F2', 'F0', 'F1']

2025-07-30 03:25:19 - INFO - Intervening on features to create augmented feature set
2025-07-30 03:25:20 - INFO - Generating counterfactuals for augmented target set
2025-07-30 03:25:20 - INFO - Original X train shape: (4000, 3)
2025-07-30 03:25:20 - INFO - Augmented X train shape: (6000, 3)
2025-07-30 03:25:20 - INFO - Combined X train shape: (10000, 3)
2025-07-30 03:25:32 - INFO - Done cross-validation evaluation
2025-07-30 03:25:32 - INFO - The p-value from the Wilcoxon signed-rank test is: 0.0009765625

2025-07-30 03:25:32 - INFO - Evaluation metrics for the experiment:
2025-07-30 03:25:32 - INFO - Original MSE: 0.002149274594048082, Augmented MSE: 0.0019900058412327453


2025-07-30 03:25:32 - INFO - ####################################################################################################
2025-07-30 03:25:32 - INFO - Interim results for seeds saved to ../experiments_synthetic/anm/xgboost_20250730-032438/interim_results/anm_data_sample_5000_interim_results.csv. Aggregating results for anm_data_sample_5000...
2025-07-30 03:25:32 - INFO - ****************************************************************************************************
2025-07-30 03:25:32 - INFO - 






****************************************************************************************************
2025-07-30 03:25:32 - INFO - Running experiment on dataset: anm_data_sample_10000
2025-07-30 03:25:32 - INFO - 



####################################################################################################
2025-07-30 03:25:32 - INFO - Running experiment on dataset: anm_data_sample_10000 with seed: 0
2025-07-30 03:25:32 - INFO - Training xgboost baseline model
2025-07-30 03:25:32 - INFO - Done training baseline model
2025-07-30 03:25:33 - INFO - Done calculating residuals

2025-07-30 03:25:33 - INFO - Filtering for features to perturb
2025-07-30 03:25:33 - INFO - Creating causal graph for anm_data_sample_10000
2025-07-30 03:25:33 - INFO - Features that are not connected to Z (conditional independence): ['F2', 'F0', 'F1']
2025-07-30 03:25:33 - INFO - [Z vs F0]  r: 0.0090, p: 0.3659
2025-07-30 03:25:33 - INFO - [Z vs F1]  r: -0.0065, p: 0.5144
2025-07-30 03:25:33 - INFO - [Z vs F2]  r: 0.0096, p: 0.3354
2025-07-30 03:25:33 - INFO - Candidates (uncorrelated + not connected to Z): ['F2', 'F0', 'F1']
2025-07-30 03:25:33 - INFO - Ranked candidate features:
  feature     score  r_with_T  r_with_Z
0      F2  0.011039 -0.020673  0.009634
1      F0 -0.002913  0.006131  0.009044
2      F1 -0.003376  0.003146 -0.006521
2025-07-30 03:25:33 - INFO - Done filtering.

2025-07-30 03:25:33 - INFO - Selected features to perturb: ['F2', 'F0', 'F1']

2025-07-30 03:25:33 - INFO - Intervening on features to create augmented feature set
2025-07-30 03:25:33 - INFO - Generating counterfactuals for augmented target set
2025-07-30 03:25:33 - INFO - Original X train shape: (6400, 3)
2025-07-30 03:25:33 - INFO - Augmented X train shape: (8000, 3)
2025-07-30 03:25:33 - INFO - Combined X train shape: (14400, 3)
2025-07-30 03:25:33 - INFO - Training new xgboost model on augmented data

2025-07-30 03:25:34 - INFO - Selected features to perturb: ['F2', 'F0', 'F1']

2025-07-30 03:25:34 - INFO - Intervening on features to create augmented feature set
2025-07-30 03:25:34 - INFO - Generating counterfactuals for augmented target set
2025-07-30 03:25:34 - INFO - Original X train shape: (6400, 3)
2025-07-30 03:25:34 - INFO - Augmented X train shape: (8000, 3)
2025-07-30 03:25:34 - INFO - Combined X train shape: (14400, 3)
2025-07-30 03:25:34 - INFO - Training new xgboost model on augmented data

2025-07-30 03:25:34 - INFO - Selected features to perturb: ['F2', 'F0', 'F1']

2025-07-30 03:25:34 - INFO - Intervening on features to create augmented feature set
2025-07-30 03:25:34 - INFO - Generating counterfactuals for augmented target set
2025-07-30 03:25:34 - INFO - Original X train shape: (6400, 3)
2025-07-30 03:25:34 - INFO - Augmented X train shape: (4800, 3)
2025-07-30 03:25:34 - INFO - Combined X train shape: (11200, 3)
2025-07-30 03:25:34 - INFO - Training new xgboost model on augmented data

2025-07-30 03:25:37 - INFO - Selected features to perturb: ['F2', 'F0', 'F1']

2025-07-30 03:25:37 - INFO - Intervening on features to create augmented feature set
2025-07-30 03:25:37 - INFO - Generating counterfactuals for augmented target set
2025-07-30 03:25:37 - INFO - Original X train shape: (6400, 3)
2025-07-30 03:25:37 - INFO - Augmented X train shape: (9600, 3)
2025-07-30 03:25:37 - INFO - Combined X train shape: (16000, 3)
2025-07-30 03:25:37 - INFO - Training new xgboost model on augmented data

2025-07-30 03:25:40 - INFO - Selected features to perturb: ['F2']

2025-07-30 03:25:40 - INFO - Intervening on features to create augmented feature set
2025-07-30 03:25:40 - INFO - Generating counterfactuals for augmented target set
2025-07-30 03:25:40 - INFO - Original X train shape: (6400, 3)
2025-07-30 03:25:40 - INFO - Augmented X train shape: (9600, 3)
2025-07-30 03:25:40 - INFO - Combined X train shape: (16000, 3)
2025-07-30 03:25:40 - INFO - Training new xgboost model on augmented data

2025-07-30 03:25:42 - INFO - Selected features to perturb: ['F2', 'F0', 'F1']

2025-07-30 03:25:42 - INFO - Intervening on features to create augmented feature set
2025-07-30 03:25:42 - INFO - Generating counterfactuals for augmented target set
2025-07-30 03:25:42 - INFO - Original X train shape: (6400, 3)
2025-07-30 03:25:42 - INFO - Augmented X train shape: (8000, 3)
2025-07-30 03:25:42 - INFO - Combined X train shape: (14400, 3)
2025-07-30 03:25:42 - INFO - Training new xgboost model on augmented data

2025-07-30 03:25:43 - INFO - Selected features to perturb: ['F2']

2025-07-30 03:25:43 - INFO - Intervening on features to create augmented feature set
2025-07-30 03:25:43 - INFO - Generating counterfactuals for augmented target set
2025-07-30 03:25:43 - INFO - Original X train shape: (6400, 3)
2025-07-30 03:25:43 - INFO - Augmented X train shape: (8000, 3)
2025-07-30 03:25:43 - INFO - Combined X train shape: (14400, 3)
2025-07-30 03:25:43 - INFO - Training new xgboost model on augmented data

2025-07-30 03:25:44 - INFO - Selected features to perturb: ['F2', 'F0', 'F1']

2025-07-30 03:25:44 - INFO - Intervening on features to create augmented feature set
2025-07-30 03:25:44 - INFO - Generating counterfactuals for augmented target set
2025-07-30 03:25:44 - INFO - Original X train shape: (6400, 3)
2025-07-30 03:25:44 - INFO - Augmented X train shape: (6400, 3)
2025-07-30 03:25:44 - INFO - Combined X train shape: (12800, 3)
2025-07-30 03:25:44 - INFO - Training new xgboost model on augmented data

2025-07-30 03:25:45 - INFO - Selected features to perturb: ['F2', 'F0', 'F1']

2025-07-30 03:25:45 - INFO - Intervening on features to create augmented feature set
2025-07-30 03:25:45 - INFO - Generating counterfactuals for augmented target set
2025-07-30 03:25:45 - INFO - Original X train shape: (6400, 3)
2025-07-30 03:25:45 - INFO - Augmented X train shape: (6400, 3)
2025-07-30 03:25:45 - INFO - Combined X train shape: (12800, 3)
2025-07-30 03:25:45 - INFO - Training new xgboost model on augmented data

2025-07-30 03:25:46 - INFO - Selected features to perturb: ['F2', 'F0', 'F1']

2025-07-30 03:25:46 - INFO - Intervening on features to create augmented feature set
2025-07-30 03:25:46 - INFO - Generating counterfactuals for augmented target set
2025-07-30 03:25:46 - INFO - Original X train shape: (6400, 3)
2025-07-30 03:25:46 - INFO - Augmented X train shape: (8000, 3)
2025-07-30 03:25:46 - INFO - Combined X train shape: (14400, 3)
2025-07-30 03:25:46 - INFO - Training new xgboost model on augmented data

2025-07-30 03:25:47 - INFO - Selected features to perturb: ['F2', 'F0', 'F1']

2025-07-30 03:25:47 - INFO - Intervening on features to create augmented feature set
2025-07-30 03:25:47 - INFO - Generating counterfactuals for augmented target set
2025-07-30 03:25:47 - INFO - Original X train shape: (6400, 3)
2025-07-30 03:25:47 - INFO - Augmented X train shape: (3200, 3)
2025-07-30 03:25:47 - INFO - Combined X train shape: (9600, 3)
2025-07-30 03:25:47 - INFO - Training new xgboost model on augmented data

2025-07-30 03:25:47 - INFO - Selected features to perturb: ['F2', 'F0', 'F1']

2025-07-30 03:25:47 - INFO - Intervening on features to create augmented feature set
2025-07-30 03:25:47 - INFO - Generating counterfactuals for augmented target set
2025-07-30 03:25:48 - INFO - Original X train shape: (6400, 3)
2025-07-30 03:25:48 - INFO - Augmented X train shape: (8000, 3)
2025-07-30 03:25:48 - INFO - Combined X train shape: (14400, 3)
2025-07-30 03:25:48 - INFO - Training new xgboost model on augmented data

2025-07-30 03:25:48 - INFO - Selected features to perturb: ['F2', 'F0']

2025-07-30 03:25:48 - INFO - Intervening on features to create augmented feature set
2025-07-30 03:25:48 - INFO - Generating counterfactuals for augmented target set
2025-07-30 03:25:48 - INFO - Original X train shape: (6400, 3)
2025-07-30 03:25:48 - INFO - Augmented X train shape: (9600, 3)
2025-07-30 03:25:48 - INFO - Combined X train shape: (16000, 3)
2025-07-30 03:25:48 - INFO - Training new xgboost model on augmented data

2025-07-30 03:25:50 - INFO - Selected features to perturb: ['F2', 'F0']

2025-07-30 03:25:50 - INFO - Intervening on features to create augmented feature set
2025-07-30 03:25:50 - INFO - Generating counterfactuals for augmented target set
2025-07-30 03:25:50 - INFO - Original X train shape: (6400, 3)
2025-07-30 03:25:50 - INFO - Augmented X train shape: (9600, 3)
2025-07-30 03:25:50 - INFO - Combined X train shape: (16000, 3)
2025-07-30 03:25:50 - INFO - Training new xgboost model on augmented data

2025-07-30 03:25:53 - INFO - Selected features to perturb: ['F2', 'F0']

2025-07-30 03:25:53 - INFO - Intervening on features to create augmented feature set
2025-07-30 03:25:53 - INFO - Generating counterfactuals for augmented target set
2025-07-30 03:25:53 - INFO - Original X train shape: (6400, 3)
2025-07-30 03:25:53 - INFO - Augmented X train shape: (9600, 3)
2025-07-30 03:25:53 - INFO - Combined X train shape: (16000, 3)
2025-07-30 03:25:53 - INFO - Training new xgboost model on augmented data

2025-07-30 03:25:54 - INFO - Selected features to perturb: ['F2', 'F0']

2025-07-30 03:25:54 - INFO - Intervening on features to create augmented feature set
2025-07-30 03:25:54 - INFO - Generating counterfactuals for augmented target set
2025-07-30 03:25:54 - INFO - Original X train shape: (6400, 3)
2025-07-30 03:25:54 - INFO - Augmented X train shape: (4800, 3)
2025-07-30 03:25:54 - INFO - Combined X train shape: (11200, 3)
2025-07-30 03:25:54 - INFO - Training new xgboost model on augmented data

2025-07-30 03:25:55 - INFO - Selected features to perturb: ['F2', 'F0', 'F1']

2025-07-30 03:25:55 - INFO - Intervening on features to create augmented feature set
2025-07-30 03:25:55 - INFO - Generating counterfactuals for augmented target set
2025-07-30 03:25:55 - INFO - Original X train shape: (6400, 3)
2025-07-30 03:25:55 - INFO - Augmented X train shape: (9600, 3)
2025-07-30 03:25:55 - INFO - Combined X train shape: (16000, 3)
2025-07-30 03:25:55 - INFO - Training new xgboost model on augmented data

2025-07-30 03:25:56 - INFO - Selected features to perturb: ['F2', 'F0', 'F1']

2025-07-30 03:25:56 - INFO - Intervening on features to create augmented feature set
2025-07-30 03:25:56 - INFO - Generating counterfactuals for augmented target set
2025-07-30 03:25:56 - INFO - Original X train shape: (6400, 3)
2025-07-30 03:25:56 - INFO - Augmented X train shape: (9600, 3)
2025-07-30 03:25:56 - INFO - Combined X train shape: (16000, 3)
2025-07-30 03:25:56 - INFO - Training new xgboost model on augmented data

2025-07-30 03:25:57 - INFO - Selected features to perturb: ['F2', 'F0']

2025-07-30 03:25:57 - INFO - Intervening on features to create augmented feature set
2025-07-30 03:25:57 - INFO - Generating counterfactuals for augmented target set
2025-07-30 03:25:57 - INFO - Original X train shape: (6400, 3)
2025-07-30 03:25:57 - INFO - Augmented X train shape: (4800, 3)
2025-07-30 03:25:57 - INFO - Combined X train shape: (11200, 3)
2025-07-30 03:25:57 - INFO - Training new xgboost model on augmented data

2025-07-30 03:25:58 - INFO - Selected features to perturb: ['F2']

2025-07-30 03:25:58 - INFO - Intervening on features to create augmented feature set
2025-07-30 03:25:58 - INFO - Generating counterfactuals for augmented target set
2025-07-30 03:25:58 - INFO - Original X train shape: (6400, 3)
2025-07-30 03:25:58 - INFO - Augmented X train shape: (6400, 3)
2025-07-30 03:25:58 - INFO - Combined X train shape: (12800, 3)
2025-07-30 03:25:58 - INFO - Training new xgboost model on augmented data

2025-07-30 03:25:59 - INFO - Selected features to perturb: ['F2', 'F0', 'F1']

2025-07-30 03:25:59 - INFO - Intervening on features to create augmented feature set
2025-07-30 03:25:59 - INFO - Generating counterfactuals for augmented target set
2025-07-30 03:25:59 - INFO - Original X train shape: (6400, 3)
2025-07-30 03:25:59 - INFO - Augmented X train shape: (9600, 3)
2025-07-30 03:25:59 - INFO - Combined X train shape: (16000, 3)
2025-07-30 03:25:59 - INFO - Training new xgboost model on augmented data

2025-07-30 03:26:00 - INFO - Selected features to perturb: ['F2', 'F0', 'F1']

2025-07-30 03:26:00 - INFO - Intervening on features to create augmented feature set
2025-07-30 03:26:00 - INFO - Generating counterfactuals for augmented target set
2025-07-30 03:26:00 - INFO - Original X train shape: (6400, 3)
2025-07-30 03:26:00 - INFO - Augmented X train shape: (9600, 3)
2025-07-30 03:26:00 - INFO - Combined X train shape: (16000, 3)
2025-07-30 03:26:00 - INFO - Training new xgboost model on augmented data

2025-07-30 03:26:03 - INFO - Selected features to perturb: ['F2', 'F0', 'F1']

2025-07-30 03:26:03 - INFO - Intervening on features to create augmented feature set
2025-07-30 03:26:03 - INFO - Generating counterfactuals for augmented target set
2025-07-30 03:26:03 - INFO - Original X train shape: (6400, 3)
2025-07-30 03:26:03 - INFO - Augmented X train shape: (9600, 3)
2025-07-30 03:26:03 - INFO - Combined X train shape: (16000, 3)
2025-07-30 03:26:03 - INFO - Training new xgboost model on augmented data

2025-07-30 03:26:04 - INFO - Selected features to perturb: ['F2', 'F0', 'F1']

2025-07-30 03:26:04 - INFO - Intervening on features to create augmented feature set
2025-07-30 03:26:04 - INFO - Generating counterfactuals for augmented target set
2025-07-30 03:26:04 - INFO - Original X train shape: (6400, 3)
2025-07-30 03:26:04 - INFO - Augmented X train shape: (9600, 3)
2025-07-30 03:26:04 - INFO - Combined X train shape: (16000, 3)
2025-07-30 03:26:04 - INFO - Training new xgboost model on augmented data

2025-07-30 03:26:06 - INFO - Selected features to perturb: ['F2', 'F0', 'F1']

2025-07-30 03:26:06 - INFO - Intervening on features to create augmented feature set
2025-07-30 03:26:06 - INFO - Generating counterfactuals for augmented target set
2025-07-30 03:26:06 - INFO - Original X train shape: (6400, 3)
2025-07-30 03:26:06 - INFO - Augmented X train shape: (8000, 3)
2025-07-30 03:26:06 - INFO - Combined X train shape: (14400, 3)
2025-07-30 03:26:06 - INFO - Training new xgboost model on augmented data

2025-07-30 03:26:07 - INFO - Selected features to perturb: ['F2', 'F0', 'F1']

2025-07-30 03:26:07 - INFO - Intervening on features to create augmented feature set
2025-07-30 03:26:07 - INFO - Generating counterfactuals for augmented target set
2025-07-30 03:26:07 - INFO - Original X train shape: (6400, 3)
2025-07-30 03:26:07 - INFO - Augmented X train shape: (9600, 3)
2025-07-30 03:26:07 - INFO - Combined X train shape: (16000, 3)
2025-07-30 03:26:07 - INFO - Training new xgboost model on augmented data

2025-07-30 03:26:08 - INFO - Selected features to perturb: ['F2', 'F0']

2025-07-30 03:26:08 - INFO - Intervening on features to create augmented feature set
2025-07-30 03:26:08 - INFO - Generating counterfactuals for augmented target set
2025-07-30 03:26:08 - INFO - Original X train shape: (6400, 3)
2025-07-30 03:26:08 - INFO - Augmented X train shape: (3200, 3)
2025-07-30 03:26:08 - INFO - Combined X train shape: (9600, 3)
2025-07-30 03:26:08 - INFO - Training new xgboost model on augmented data

2025-07-30 03:26:09 - INFO - Selected features to perturb: ['F2', 'F0', 'F1']

2025-07-30 03:26:09 - INFO - Intervening on features to create augmented feature set
2025-07-30 03:26:09 - INFO - Generating counterfactuals for augmented target set
2025-07-30 03:26:09 - INFO - Original X train shape: (6400, 3)
2025-07-30 03:26:09 - INFO - Augmented X train shape: (8000, 3)
2025-07-30 03:26:09 - INFO - Combined X train shape: (14400, 3)
2025-07-30 03:26:09 - INFO - Training new xgboost model on augmented data

2025-07-30 03:26:10 - INFO - Selected features to perturb: ['F2', 'F0', 'F1']

2025-07-30 03:26:10 - INFO - Intervening on features to create augmented feature set
2025-07-30 03:26:10 - INFO - Generating counterfactuals for augmented target set
2025-07-30 03:26:10 - INFO - Original X train shape: (6400, 3)
2025-07-30 03:26:10 - INFO - Augmented X train shape: (9600, 3)
2025-07-30 03:26:10 - INFO - Combined X train shape: (16000, 3)
2025-07-30 03:26:10 - INFO - Training new xgboost model on augmented data

2025-07-30 03:26:11 - INFO - Selected features to perturb: ['F2', 'F0', 'F1']

2025-07-30 03:26:11 - INFO - Intervening on features to create augmented feature set
2025-07-30 03:26:11 - INFO - Generating counterfactuals for augmented target set
2025-07-30 03:26:11 - INFO - Original X train shape: (6400, 3)
2025-07-30 03:26:11 - INFO - Augmented X train shape: (8000, 3)
2025-07-30 03:26:11 - INFO - Combined X train shape: (14400, 3)
2025-07-30 03:26:11 - INFO - Training new xgboost model on augmented data

2025-07-30 03:26:12 - INFO - Best augmentation parameters:
{'max_n_features_to_perturb': 4, 'aug_data_size_factor': 1.5, 'aug_data_weight': 1.0, 'max_perturb_percent': 0.4, 'min_perturb_percent': -0.4}

2025-07-30 03:26:12 - INFO - Selected features to perturb: ['F2', 'F0', 'F1']

2025-07-30 03:26:12 - INFO - Intervening on features to create augmented feature set
2025-07-30 03:26:12 - INFO - Generating counterfactuals for augmented target set
2025-07-30 03:26:12 - INFO - Original X train shape: (8000, 3)
2025-07-30 03:26:12 - INFO - Augmented X train shape: (12000, 3)
2025-07-30 03:26:12 - INFO - Combined X train shape: (20000, 3)
2025-07-30 03:26:23 - INFO - Done cross-validation evaluation
2025-07-30 03:26:23 - INFO - The p-value from the Wilcoxon signed-rank test is: 0.0009765625

2025-07-30 03:26:23 - INFO - Evaluation metrics for the experiment:
2025-07-30 03:26:23 - INFO - Original MSE: 0.0017323051250158117, Augmented MSE: 0.001621638777990499


2025-07-30 03:26:23 - INFO - ####################################################################################################
2025-07-30 03:26:23 - INFO - Interim results for seeds saved to ../experiments_synthetic/anm/xgboost_20250730-032438/interim_results/anm_data_sample_10000_interim_results.csv. Aggregating results for anm_data_sample_10000...
2025-07-30 03:26:23 - INFO - ****************************************************************************************************
2025-07-30 03:26:23 - INFO - 






****************************************************************************************************
2025-07-30 03:26:23 - INFO - Running experiment on dataset: anm_data_sample_15000
2025-07-30 03:26:23 - INFO - 



####################################################################################################
2025-07-30 03:26:23 - INFO - Running experiment on dataset: anm_data_sample_15000 with seed: 0
2025-07-30 03:26:23 - INFO - Training xgboost baseline model
2025-07-30 03:26:24 - INFO - Done training baseline model
2025-07-30 03:26:24 - INFO - Done calculating residuals

2025-07-30 03:26:24 - INFO - Filtering for features to perturb
2025-07-30 03:26:24 - INFO - Creating causal graph for anm_data_sample_15000
2025-07-30 03:26:24 - INFO - Features that are not connected to Z (conditional independence): ['F2', 'F0', 'F1']
2025-07-30 03:26:24 - INFO - [Z vs F0]  r: 0.0048, p: 0.5582
2025-07-30 03:26:24 - INFO - [Z vs F1]  r: 0.0057, p: 0.4875
2025-07-30 03:26:24 - INFO - [Z vs F2]  r: 0.0000, p: 0.9984
2025-07-30 03:26:24 - INFO - Candidates (uncorrelated + not connected to Z): ['F2', 'F0', 'F1']
2025-07-30 03:26:24 - INFO - Ranked candidate features:
  feature     score  r_with_T  r_with_Z
0      F2  0.006688 -0.006705  0.000016
1      F0  0.003781 -0.008562  0.004781
2      F1 -0.003646 -0.002023  0.005669
2025-07-30 03:26:24 - INFO - Done filtering.

2025-07-30 03:26:24 - INFO - Selected features to perturb: ['F2', 'F0', 'F1']

2025-07-30 03:26:24 - INFO - Intervening on features to create augmented feature set
2025-07-30 03:26:24 - INFO - Generating counterfactuals for augmented target set
2025-07-30 03:26:24 - INFO - Original X train shape: (9600, 3)
2025-07-30 03:26:24 - INFO - Augmented X train shape: (12000, 3)
2025-07-30 03:26:24 - INFO - Combined X train shape: (21600, 3)
2025-07-30 03:26:24 - INFO - Training new xgboost model on augmented data

2025-07-30 03:26:25 - INFO - Selected features to perturb: ['F2', 'F0', 'F1']

2025-07-30 03:26:25 - INFO - Intervening on features to create augmented feature set
2025-07-30 03:26:25 - INFO - Generating counterfactuals for augmented target set
2025-07-30 03:26:25 - INFO - Original X train shape: (9600, 3)
2025-07-30 03:26:25 - INFO - Augmented X train shape: (12000, 3)
2025-07-30 03:26:25 - INFO - Combined X train shape: (21600, 3)
2025-07-30 03:26:25 - INFO - Training new xgboost model on augmented data

2025-07-30 03:26:26 - INFO - Selected features to perturb: ['F2', 'F0', 'F1']

2025-07-30 03:26:26 - INFO - Intervening on features to create augmented feature set
2025-07-30 03:26:26 - INFO - Generating counterfactuals for augmented target set
2025-07-30 03:26:26 - INFO - Original X train shape: (9600, 3)
2025-07-30 03:26:26 - INFO - Augmented X train shape: (7200, 3)
2025-07-30 03:26:26 - INFO - Combined X train shape: (16800, 3)
2025-07-30 03:26:26 - INFO - Training new xgboost model on augmented data

2025-07-30 03:26:27 - INFO - Selected features to perturb: ['F2', 'F0', 'F1']

2025-07-30 03:26:27 - INFO - Intervening on features to create augmented feature set
2025-07-30 03:26:27 - INFO - Generating counterfactuals for augmented target set
2025-07-30 03:26:27 - INFO - Original X train shape: (9600, 3)
2025-07-30 03:26:27 - INFO - Augmented X train shape: (14400, 3)
2025-07-30 03:26:27 - INFO - Combined X train shape: (24000, 3)
2025-07-30 03:26:27 - INFO - Training new xgboost model on augmented data

2025-07-30 03:26:28 - INFO - Selected features to perturb: ['F2']

2025-07-30 03:26:28 - INFO - Intervening on features to create augmented feature set
2025-07-30 03:26:28 - INFO - Generating counterfactuals for augmented target set
2025-07-30 03:26:28 - INFO - Original X train shape: (9600, 3)
2025-07-30 03:26:28 - INFO - Augmented X train shape: (14400, 3)
2025-07-30 03:26:28 - INFO - Combined X train shape: (24000, 3)
2025-07-30 03:26:28 - INFO - Training new xgboost model on augmented data

2025-07-30 03:26:29 - INFO - Selected features to perturb: ['F2', 'F0', 'F1']

2025-07-30 03:26:29 - INFO - Intervening on features to create augmented feature set
2025-07-30 03:26:29 - INFO - Generating counterfactuals for augmented target set
2025-07-30 03:26:29 - INFO - Original X train shape: (9600, 3)
2025-07-30 03:26:29 - INFO - Augmented X train shape: (12000, 3)
2025-07-30 03:26:29 - INFO - Combined X train shape: (21600, 3)
2025-07-30 03:26:29 - INFO - Training new xgboost model on augmented data

2025-07-30 03:26:30 - INFO - Selected features to perturb: ['F2']

2025-07-30 03:26:30 - INFO - Intervening on features to create augmented feature set
2025-07-30 03:26:30 - INFO - Generating counterfactuals for augmented target set
2025-07-30 03:26:30 - INFO - Original X train shape: (9600, 3)
2025-07-30 03:26:30 - INFO - Augmented X train shape: (12000, 3)
2025-07-30 03:26:30 - INFO - Combined X train shape: (21600, 3)
2025-07-30 03:26:30 - INFO - Training new xgboost model on augmented data

2025-07-30 03:26:31 - INFO - Selected features to perturb: ['F2', 'F0', 'F1']

2025-07-30 03:26:31 - INFO - Intervening on features to create augmented feature set
2025-07-30 03:26:31 - INFO - Generating counterfactuals for augmented target set
2025-07-30 03:26:31 - INFO - Original X train shape: (9600, 3)
2025-07-30 03:26:31 - INFO - Augmented X train shape: (9600, 3)
2025-07-30 03:26:31 - INFO - Combined X train shape: (19200, 3)
2025-07-30 03:26:31 - INFO - Training new xgboost model on augmented data

2025-07-30 03:26:32 - INFO - Selected features to perturb: ['F2', 'F0', 'F1']

2025-07-30 03:26:32 - INFO - Intervening on features to create augmented feature set
2025-07-30 03:26:32 - INFO - Generating counterfactuals for augmented target set
2025-07-30 03:26:32 - INFO - Original X train shape: (9600, 3)
2025-07-30 03:26:32 - INFO - Augmented X train shape: (9600, 3)
2025-07-30 03:26:32 - INFO - Combined X train shape: (19200, 3)
2025-07-30 03:26:32 - INFO - Training new xgboost model on augmented data

2025-07-30 03:26:33 - INFO - Selected features to perturb: ['F2', 'F0', 'F1']

2025-07-30 03:26:33 - INFO - Intervening on features to create augmented feature set
2025-07-30 03:26:33 - INFO - Generating counterfactuals for augmented target set
2025-07-30 03:26:33 - INFO - Original X train shape: (9600, 3)
2025-07-30 03:26:33 - INFO - Augmented X train shape: (12000, 3)
2025-07-30 03:26:33 - INFO - Combined X train shape: (21600, 3)
2025-07-30 03:26:33 - INFO - Training new xgboost model on augmented data

2025-07-30 03:26:34 - INFO - Selected features to perturb: ['F2', 'F0']

2025-07-30 03:26:34 - INFO - Intervening on features to create augmented feature set
2025-07-30 03:26:34 - INFO - Generating counterfactuals for augmented target set
2025-07-30 03:26:34 - INFO - Original X train shape: (9600, 3)
2025-07-30 03:26:34 - INFO - Augmented X train shape: (4800, 3)
2025-07-30 03:26:34 - INFO - Combined X train shape: (14400, 3)
2025-07-30 03:26:34 - INFO - Training new xgboost model on augmented data

2025-07-30 03:26:37 - INFO - Selected features to perturb: ['F2', 'F0', 'F1']

2025-07-30 03:26:37 - INFO - Intervening on features to create augmented feature set
2025-07-30 03:26:37 - INFO - Generating counterfactuals for augmented target set
2025-07-30 03:26:37 - INFO - Original X train shape: (9600, 3)
2025-07-30 03:26:37 - INFO - Augmented X train shape: (14400, 3)
2025-07-30 03:26:37 - INFO - Combined X train shape: (24000, 3)
2025-07-30 03:26:37 - INFO - Training new xgboost model on augmented data

2025-07-30 03:26:38 - INFO - Selected features to perturb: ['F2', 'F0', 'F1']

2025-07-30 03:26:38 - INFO - Intervening on features to create augmented feature set
2025-07-30 03:26:38 - INFO - Generating counterfactuals for augmented target set
2025-07-30 03:26:38 - INFO - Original X train shape: (9600, 3)
2025-07-30 03:26:38 - INFO - Augmented X train shape: (14400, 3)
2025-07-30 03:26:38 - INFO - Combined X train shape: (24000, 3)
2025-07-30 03:26:38 - INFO - Training new xgboost model on augmented data

2025-07-30 03:26:39 - INFO - Selected features to perturb: ['F2', 'F0', 'F1']

2025-07-30 03:26:39 - INFO - Intervening on features to create augmented feature set
2025-07-30 03:26:39 - INFO - Generating counterfactuals for augmented target set
2025-07-30 03:26:39 - INFO - Original X train shape: (9600, 3)
2025-07-30 03:26:39 - INFO - Augmented X train shape: (14400, 3)
2025-07-30 03:26:39 - INFO - Combined X train shape: (24000, 3)
2025-07-30 03:26:39 - INFO - Training new xgboost model on augmented data

2025-07-30 03:26:40 - INFO - Selected features to perturb: ['F2', 'F0']

2025-07-30 03:26:40 - INFO - Intervening on features to create augmented feature set
2025-07-30 03:26:40 - INFO - Generating counterfactuals for augmented target set
2025-07-30 03:26:40 - INFO - Original X train shape: (9600, 3)
2025-07-30 03:26:40 - INFO - Augmented X train shape: (14400, 3)
2025-07-30 03:26:40 - INFO - Combined X train shape: (24000, 3)
2025-07-30 03:26:40 - INFO - Training new xgboost model on augmented data

2025-07-30 03:26:41 - INFO - Selected features to perturb: ['F2', 'F0', 'F1']

2025-07-30 03:26:41 - INFO - Intervening on features to create augmented feature set
2025-07-30 03:26:41 - INFO - Generating counterfactuals for augmented target set
2025-07-30 03:26:41 - INFO - Original X train shape: (9600, 3)
2025-07-30 03:26:41 - INFO - Augmented X train shape: (7200, 3)
2025-07-30 03:26:41 - INFO - Combined X train shape: (16800, 3)
2025-07-30 03:26:41 - INFO - Training new xgboost model on augmented data

2025-07-30 03:26:42 - INFO - Selected features to perturb: ['F2', 'F0']

2025-07-30 03:26:42 - INFO - Intervening on features to create augmented feature set
2025-07-30 03:26:42 - INFO - Generating counterfactuals for augmented target set
2025-07-30 03:26:42 - INFO - Original X train shape: (9600, 3)
2025-07-30 03:26:42 - INFO - Augmented X train shape: (14400, 3)
2025-07-30 03:26:42 - INFO - Combined X train shape: (24000, 3)
2025-07-30 03:26:42 - INFO - Training new xgboost model on augmented data

2025-07-30 03:26:43 - INFO - Selected features to perturb: ['F2', 'F0', 'F1']

2025-07-30 03:26:43 - INFO - Intervening on features to create augmented feature set
2025-07-30 03:26:43 - INFO - Generating counterfactuals for augmented target set
2025-07-30 03:26:43 - INFO - Original X train shape: (9600, 3)
2025-07-30 03:26:43 - INFO - Augmented X train shape: (9600, 3)
2025-07-30 03:26:43 - INFO - Combined X train shape: (19200, 3)
2025-07-30 03:26:43 - INFO - Training new xgboost model on augmented data

2025-07-30 03:26:44 - INFO - Selected features to perturb: ['F2', 'F0', 'F1']

2025-07-30 03:26:44 - INFO - Intervening on features to create augmented feature set
2025-07-30 03:26:44 - INFO - Generating counterfactuals for augmented target set
2025-07-30 03:26:44 - INFO - Original X train shape: (9600, 3)
2025-07-30 03:26:44 - INFO - Augmented X train shape: (7200, 3)
2025-07-30 03:26:44 - INFO - Combined X train shape: (16800, 3)
2025-07-30 03:26:44 - INFO - Training new xgboost model on augmented data

2025-07-30 03:26:45 - INFO - Selected features to perturb: ['F2', 'F0', 'F1']

2025-07-30 03:26:45 - INFO - Intervening on features to create augmented feature set
2025-07-30 03:26:45 - INFO - Generating counterfactuals for augmented target set
2025-07-30 03:26:45 - INFO - Original X train shape: (9600, 3)
2025-07-30 03:26:45 - INFO - Augmented X train shape: (14400, 3)
2025-07-30 03:26:45 - INFO - Combined X train shape: (24000, 3)
2025-07-30 03:26:45 - INFO - Training new xgboost model on augmented data

2025-07-30 03:26:46 - INFO - Selected features to perturb: ['F2', 'F0']

2025-07-30 03:26:46 - INFO - Intervening on features to create augmented feature set
2025-07-30 03:26:46 - INFO - Generating counterfactuals for augmented target set
2025-07-30 03:26:46 - INFO - Original X train shape: (9600, 3)
2025-07-30 03:26:46 - INFO - Augmented X train shape: (4800, 3)
2025-07-30 03:26:46 - INFO - Combined X train shape: (14400, 3)
2025-07-30 03:26:46 - INFO - Training new xgboost model on augmented data

2025-07-30 03:26:47 - INFO - Selected features to perturb: ['F2', 'F0', 'F1']

2025-07-30 03:26:47 - INFO - Intervening on features to create augmented feature set
2025-07-30 03:26:47 - INFO - Generating counterfactuals for augmented target set
2025-07-30 03:26:47 - INFO - Original X train shape: (9600, 3)
2025-07-30 03:26:47 - INFO - Augmented X train shape: (14400, 3)
2025-07-30 03:26:47 - INFO - Combined X train shape: (24000, 3)
2025-07-30 03:26:47 - INFO - Training new xgboost model on augmented data

2025-07-30 03:26:48 - INFO - Selected features to perturb: ['F2', 'F0', 'F1']

2025-07-30 03:26:48 - INFO - Intervening on features to create augmented feature set
2025-07-30 03:26:48 - INFO - Generating counterfactuals for augmented target set
2025-07-30 03:26:48 - INFO - Original X train shape: (9600, 3)
2025-07-30 03:26:48 - INFO - Augmented X train shape: (14400, 3)
2025-07-30 03:26:48 - INFO - Combined X train shape: (24000, 3)
2025-07-30 03:26:48 - INFO - Training new xgboost model on augmented data

2025-07-30 03:26:49 - INFO - Selected features to perturb: ['F2', 'F0', 'F1']

2025-07-30 03:26:49 - INFO - Intervening on features to create augmented feature set
2025-07-30 03:26:49 - INFO - Generating counterfactuals for augmented target set
2025-07-30 03:26:49 - INFO - Original X train shape: (9600, 3)
2025-07-30 03:26:49 - INFO - Augmented X train shape: (12000, 3)
2025-07-30 03:26:49 - INFO - Combined X train shape: (21600, 3)
2025-07-30 03:26:49 - INFO - Training new xgboost model on augmented data

2025-07-30 03:26:53 - INFO - Selected features to perturb: ['F2', 'F0']

2025-07-30 03:26:53 - INFO - Intervening on features to create augmented feature set
2025-07-30 03:26:53 - INFO - Generating counterfactuals for augmented target set
2025-07-30 03:26:53 - INFO - Original X train shape: (9600, 3)
2025-07-30 03:26:53 - INFO - Augmented X train shape: (14400, 3)
2025-07-30 03:26:53 - INFO - Combined X train shape: (24000, 3)
2025-07-30 03:26:53 - INFO - Training new xgboost model on augmented data

2025-07-30 03:26:54 - INFO - Selected features to perturb: ['F2', 'F0', 'F1']

2025-07-30 03:26:54 - INFO - Intervening on features to create augmented feature set
2025-07-30 03:26:54 - INFO - Generating counterfactuals for augmented target set
2025-07-30 03:26:54 - INFO - Original X train shape: (9600, 3)
2025-07-30 03:26:54 - INFO - Augmented X train shape: (12000, 3)
2025-07-30 03:26:54 - INFO - Combined X train shape: (21600, 3)
2025-07-30 03:26:54 - INFO - Training new xgboost model on augmented data

2025-07-30 03:26:55 - INFO - Selected features to perturb: ['F2', 'F0', 'F1']

2025-07-30 03:26:55 - INFO - Intervening on features to create augmented feature set
2025-07-30 03:26:55 - INFO - Generating counterfactuals for augmented target set
2025-07-30 03:26:56 - INFO - Original X train shape: (9600, 3)
2025-07-30 03:26:56 - INFO - Augmented X train shape: (14400, 3)
2025-07-30 03:26:56 - INFO - Combined X train shape: (24000, 3)
2025-07-30 03:26:56 - INFO - Training new xgboost model on augmented data

2025-07-30 03:26:57 - INFO - Selected features to perturb: ['F2', 'F0', 'F1']

2025-07-30 03:26:57 - INFO - Intervening on features to create augmented feature set
2025-07-30 03:26:57 - INFO - Generating counterfactuals for augmented target set
2025-07-30 03:26:57 - INFO - Original X train shape: (9600, 3)
2025-07-30 03:26:57 - INFO - Augmented X train shape: (12000, 3)
2025-07-30 03:26:57 - INFO - Combined X train shape: (21600, 3)
2025-07-30 03:26:57 - INFO - Training new xgboost model on augmented data

2025-07-30 03:26:58 - INFO - Selected features to perturb: ['F2', 'F0', 'F1']

2025-07-30 03:26:58 - INFO - Intervening on features to create augmented feature set
2025-07-30 03:26:58 - INFO - Generating counterfactuals for augmented target set
2025-07-30 03:26:58 - INFO - Original X train shape: (9600, 3)
2025-07-30 03:26:58 - INFO - Augmented X train shape: (14400, 3)
2025-07-30 03:26:58 - INFO - Combined X train shape: (24000, 3)
2025-07-30 03:26:58 - INFO - Training new xgboost model on augmented data

2025-07-30 03:26:59 - INFO - Selected features to perturb: ['F2', 'F0', 'F1']

2025-07-30 03:26:59 - INFO - Intervening on features to create augmented feature set
2025-07-30 03:26:59 - INFO - Generating counterfactuals for augmented target set
2025-07-30 03:26:59 - INFO - Original X train shape: (9600, 3)
2025-07-30 03:26:59 - INFO - Augmented X train shape: (12000, 3)
2025-07-30 03:26:59 - INFO - Combined X train shape: (21600, 3)
2025-07-30 03:26:59 - INFO - Training new xgboost model on augmented data

2025-07-30 03:27:01 - INFO - Best augmentation parameters:
{'max_n_features_to_perturb': 3, 'aug_data_size_factor': 1.5, 'aug_data_weight': 1.0, 'max_perturb_percent': 0.5, 'min_perturb_percent': -0.5}

2025-07-30 03:27:01 - INFO - Selected features to perturb: ['F2', 'F0', 'F1']

2025-07-30 03:27:01 - INFO - Intervening on features to create augmented feature set
2025-07-30 03:27:01 - INFO - Generating counterfactuals for augmented target set
2025-07-30 03:27:01 - INFO - Original X train shape: (12000, 3)
2025-07-30 03:27:01 - INFO - Augmented X train shape: (18000, 3)
2025-07-30 03:27:01 - INFO - Combined X train shape: (30000, 3)
2025-07-30 03:27:28 - INFO - Done cross-validation evaluation
2025-07-30 03:27:28 - INFO - The p-value from the Wilcoxon signed-rank test is: 0.0009765625

2025-07-30 03:27:28 - INFO - Evaluation metrics for the experiment:
2025-07-30 03:27:28 - INFO - Original MSE: 0.0015919758944562131, Augmented MSE: 0.0015270993150759932


2025-07-30 03:27:28 - INFO - ####################################################################################################
2025-07-30 03:27:29 - INFO - Interim results for seeds saved to ../experiments_synthetic/anm/xgboost_20250730-032438/interim_results/anm_data_sample_15000_interim_results.csv. Aggregating results for anm_data_sample_15000...
2025-07-30 03:27:29 - INFO - ****************************************************************************************************
2025-07-30 03:27:29 - INFO - 






****************************************************************************************************
2025-07-30 03:27:29 - INFO - Running experiment on dataset: anm_data_sample_20000
2025-07-30 03:27:29 - INFO - 



####################################################################################################
2025-07-30 03:27:29 - INFO - Running experiment on dataset: anm_data_sample_20000 with seed: 0
2025-07-30 03:27:29 - INFO - Training xgboost baseline model
2025-07-30 03:27:30 - INFO - Done training baseline model
2025-07-30 03:27:30 - INFO - Done calculating residuals

2025-07-30 03:27:30 - INFO - Filtering for features to perturb
2025-07-30 03:27:30 - INFO - Creating causal graph for anm_data_sample_20000
2025-07-30 03:27:30 - INFO - Features that are not connected to Z (conditional independence): ['F2', 'F0', 'F1']
2025-07-30 03:27:30 - INFO - [Z vs F0]  r: 0.0045, p: 0.5221
2025-07-30 03:27:30 - INFO - [Z vs F1]  r: 0.0030, p: 0.6701
2025-07-30 03:27:30 - INFO - [Z vs F2]  r: -0.0004, p: 0.9582
2025-07-30 03:27:30 - INFO - Candidates (uncorrelated + not connected to Z): ['F2', 'F0', 'F1']
2025-07-30 03:27:30 - INFO - Ranked candidate features:
  feature     score  r_with_T  r_with_Z
0      F2  0.005656 -0.006026 -0.000370
1      F0  0.001878 -0.006405  0.004527
2      F1  0.000365 -0.003377  0.003012
2025-07-30 03:27:30 - INFO - Done filtering.

2025-07-30 03:27:30 - INFO - Selected features to perturb: ['F2', 'F0', 'F1']

2025-07-30 03:27:30 - INFO - Intervening on features to create augmented feature set
2025-07-30 03:27:30 - INFO - Generating counterfactuals for augmented target set
2025-07-30 03:27:30 - INFO - Original X train shape: (12800, 3)
2025-07-30 03:27:30 - INFO - Augmented X train shape: (16000, 3)
2025-07-30 03:27:30 - INFO - Combined X train shape: (28800, 3)
2025-07-30 03:27:30 - INFO - Training new xgboost model on augmented data

2025-07-30 03:27:31 - INFO - Selected features to perturb: ['F2', 'F0', 'F1']

2025-07-30 03:27:31 - INFO - Intervening on features to create augmented feature set
2025-07-30 03:27:31 - INFO - Generating counterfactuals for augmented target set
2025-07-30 03:27:31 - INFO - Original X train shape: (12800, 3)
2025-07-30 03:27:31 - INFO - Augmented X train shape: (16000, 3)
2025-07-30 03:27:31 - INFO - Combined X train shape: (28800, 3)
2025-07-30 03:27:31 - INFO - Training new xgboost model on augmented data

2025-07-30 03:27:33 - INFO - Selected features to perturb: ['F2', 'F0', 'F1']

2025-07-30 03:27:33 - INFO - Intervening on features to create augmented feature set
2025-07-30 03:27:33 - INFO - Generating counterfactuals for augmented target set
2025-07-30 03:27:33 - INFO - Original X train shape: (12800, 3)
2025-07-30 03:27:33 - INFO - Augmented X train shape: (9600, 3)
2025-07-30 03:27:33 - INFO - Combined X train shape: (22400, 3)
2025-07-30 03:27:33 - INFO - Training new xgboost model on augmented data

2025-07-30 03:27:34 - INFO - Selected features to perturb: ['F2', 'F0', 'F1']

2025-07-30 03:27:34 - INFO - Intervening on features to create augmented feature set
2025-07-30 03:27:34 - INFO - Generating counterfactuals for augmented target set
2025-07-30 03:27:34 - INFO - Original X train shape: (12800, 3)
2025-07-30 03:27:34 - INFO - Augmented X train shape: (19200, 3)
2025-07-30 03:27:34 - INFO - Combined X train shape: (32000, 3)
2025-07-30 03:27:34 - INFO - Training new xgboost model on augmented data

2025-07-30 03:27:39 - INFO - Selected features to perturb: ['F2']

2025-07-30 03:27:39 - INFO - Intervening on features to create augmented feature set
2025-07-30 03:27:39 - INFO - Generating counterfactuals for augmented target set
2025-07-30 03:27:39 - INFO - Original X train shape: (12800, 3)
2025-07-30 03:27:39 - INFO - Augmented X train shape: (19200, 3)
2025-07-30 03:27:39 - INFO - Combined X train shape: (32000, 3)
2025-07-30 03:27:39 - INFO - Training new xgboost model on augmented data

2025-07-30 03:27:40 - INFO - Selected features to perturb: ['F2', 'F0', 'F1']

2025-07-30 03:27:40 - INFO - Intervening on features to create augmented feature set
2025-07-30 03:27:40 - INFO - Generating counterfactuals for augmented target set
2025-07-30 03:27:40 - INFO - Original X train shape: (12800, 3)
2025-07-30 03:27:40 - INFO - Augmented X train shape: (16000, 3)
2025-07-30 03:27:40 - INFO - Combined X train shape: (28800, 3)
2025-07-30 03:27:40 - INFO - Training new xgboost model on augmented data

2025-07-30 03:27:41 - INFO - Selected features to perturb: ['F2']

2025-07-30 03:27:41 - INFO - Intervening on features to create augmented feature set
2025-07-30 03:27:41 - INFO - Generating counterfactuals for augmented target set
2025-07-30 03:27:41 - INFO - Original X train shape: (12800, 3)
2025-07-30 03:27:41 - INFO - Augmented X train shape: (16000, 3)
2025-07-30 03:27:41 - INFO - Combined X train shape: (28800, 3)
2025-07-30 03:27:41 - INFO - Training new xgboost model on augmented data

2025-07-30 03:27:42 - INFO - Selected features to perturb: ['F2', 'F0', 'F1']

2025-07-30 03:27:42 - INFO - Intervening on features to create augmented feature set
2025-07-30 03:27:42 - INFO - Generating counterfactuals for augmented target set
2025-07-30 03:27:42 - INFO - Original X train shape: (12800, 3)
2025-07-30 03:27:42 - INFO - Augmented X train shape: (12800, 3)
2025-07-30 03:27:42 - INFO - Combined X train shape: (25600, 3)
2025-07-30 03:27:42 - INFO - Training new xgboost model on augmented data

2025-07-30 03:27:43 - INFO - Selected features to perturb: ['F2', 'F0', 'F1']

2025-07-30 03:27:43 - INFO - Intervening on features to create augmented feature set
2025-07-30 03:27:43 - INFO - Generating counterfactuals for augmented target set
2025-07-30 03:27:43 - INFO - Original X train shape: (12800, 3)
2025-07-30 03:27:43 - INFO - Augmented X train shape: (12800, 3)
2025-07-30 03:27:43 - INFO - Combined X train shape: (25600, 3)
2025-07-30 03:27:43 - INFO - Training new xgboost model on augmented data

2025-07-30 03:27:44 - INFO - Selected features to perturb: ['F2', 'F0', 'F1']

2025-07-30 03:27:44 - INFO - Intervening on features to create augmented feature set
2025-07-30 03:27:44 - INFO - Generating counterfactuals for augmented target set
2025-07-30 03:27:45 - INFO - Original X train shape: (12800, 3)
2025-07-30 03:27:45 - INFO - Augmented X train shape: (16000, 3)
2025-07-30 03:27:45 - INFO - Combined X train shape: (28800, 3)
2025-07-30 03:27:45 - INFO - Training new xgboost model on augmented data

2025-07-30 03:27:46 - INFO - Selected features to perturb: ['F2', 'F0', 'F1']

2025-07-30 03:27:46 - INFO - Intervening on features to create augmented feature set
2025-07-30 03:27:46 - INFO - Generating counterfactuals for augmented target set
2025-07-30 03:27:46 - INFO - Original X train shape: (12800, 3)
2025-07-30 03:27:46 - INFO - Augmented X train shape: (6400, 3)
2025-07-30 03:27:46 - INFO - Combined X train shape: (19200, 3)
2025-07-30 03:27:46 - INFO - Training new xgboost model on augmented data

2025-07-30 03:27:47 - INFO - Selected features to perturb: ['F2', 'F0', 'F1']

2025-07-30 03:27:47 - INFO - Intervening on features to create augmented feature set
2025-07-30 03:27:47 - INFO - Generating counterfactuals for augmented target set
2025-07-30 03:27:47 - INFO - Original X train shape: (12800, 3)
2025-07-30 03:27:47 - INFO - Augmented X train shape: (16000, 3)
2025-07-30 03:27:47 - INFO - Combined X train shape: (28800, 3)
2025-07-30 03:27:47 - INFO - Training new xgboost model on augmented data

2025-07-30 03:27:48 - INFO - Selected features to perturb: ['F2', 'F0']

2025-07-30 03:27:48 - INFO - Intervening on features to create augmented feature set
2025-07-30 03:27:48 - INFO - Generating counterfactuals for augmented target set
2025-07-30 03:27:48 - INFO - Original X train shape: (12800, 3)
2025-07-30 03:27:48 - INFO - Augmented X train shape: (19200, 3)
2025-07-30 03:27:48 - INFO - Combined X train shape: (32000, 3)
2025-07-30 03:27:48 - INFO - Training new xgboost model on augmented data

2025-07-30 03:27:49 - INFO - Selected features to perturb: ['F2', 'F0', 'F1']

2025-07-30 03:27:49 - INFO - Intervening on features to create augmented feature set
2025-07-30 03:27:49 - INFO - Generating counterfactuals for augmented target set
2025-07-30 03:27:49 - INFO - Original X train shape: (12800, 3)
2025-07-30 03:27:49 - INFO - Augmented X train shape: (9600, 3)
2025-07-30 03:27:49 - INFO - Combined X train shape: (22400, 3)
2025-07-30 03:27:49 - INFO - Training new xgboost model on augmented data

2025-07-30 03:27:50 - INFO - Selected features to perturb: ['F2', 'F0']

2025-07-30 03:27:50 - INFO - Intervening on features to create augmented feature set
2025-07-30 03:27:50 - INFO - Generating counterfactuals for augmented target set
2025-07-30 03:27:50 - INFO - Original X train shape: (12800, 3)
2025-07-30 03:27:50 - INFO - Augmented X train shape: (12800, 3)
2025-07-30 03:27:50 - INFO - Combined X train shape: (25600, 3)
2025-07-30 03:27:50 - INFO - Training new xgboost model on augmented data

2025-07-30 03:27:52 - INFO - Selected features to perturb: ['F2', 'F0', 'F1']

2025-07-30 03:27:52 - INFO - Intervening on features to create augmented feature set
2025-07-30 03:27:52 - INFO - Generating counterfactuals for augmented target set
2025-07-30 03:27:52 - INFO - Original X train shape: (12800, 3)
2025-07-30 03:27:52 - INFO - Augmented X train shape: (16000, 3)
2025-07-30 03:27:52 - INFO - Combined X train shape: (28800, 3)
2025-07-30 03:27:52 - INFO - Training new xgboost model on augmented data

2025-07-30 03:27:53 - INFO - Selected features to perturb: ['F2', 'F0']

2025-07-30 03:27:53 - INFO - Intervening on features to create augmented feature set
2025-07-30 03:27:53 - INFO - Generating counterfactuals for augmented target set
2025-07-30 03:27:53 - INFO - Original X train shape: (12800, 3)
2025-07-30 03:27:53 - INFO - Augmented X train shape: (9600, 3)
2025-07-30 03:27:53 - INFO - Combined X train shape: (22400, 3)
2025-07-30 03:27:53 - INFO - Training new xgboost model on augmented data

2025-07-30 03:27:54 - INFO - Selected features to perturb: ['F2', 'F0', 'F1']

2025-07-30 03:27:54 - INFO - Intervening on features to create augmented feature set
2025-07-30 03:27:54 - INFO - Generating counterfactuals for augmented target set
2025-07-30 03:27:55 - INFO - Original X train shape: (12800, 3)
2025-07-30 03:27:55 - INFO - Augmented X train shape: (19200, 3)
2025-07-30 03:27:55 - INFO - Combined X train shape: (32000, 3)
2025-07-30 03:27:55 - INFO - Training new xgboost model on augmented data

2025-07-30 03:27:56 - INFO - Selected features to perturb: ['F2', 'F0', 'F1']

2025-07-30 03:27:56 - INFO - Intervening on features to create augmented feature set
2025-07-30 03:27:56 - INFO - Generating counterfactuals for augmented target set
2025-07-30 03:27:56 - INFO - Original X train shape: (12800, 3)
2025-07-30 03:27:56 - INFO - Augmented X train shape: (19200, 3)
2025-07-30 03:27:56 - INFO - Combined X train shape: (32000, 3)
2025-07-30 03:27:56 - INFO - Training new xgboost model on augmented data

2025-07-30 03:27:57 - INFO - Selected features to perturb: ['F2', 'F0', 'F1']

2025-07-30 03:27:57 - INFO - Intervening on features to create augmented feature set
2025-07-30 03:27:57 - INFO - Generating counterfactuals for augmented target set
2025-07-30 03:27:57 - INFO - Original X train shape: (12800, 3)
2025-07-30 03:27:57 - INFO - Augmented X train shape: (19200, 3)
2025-07-30 03:27:57 - INFO - Combined X train shape: (32000, 3)
2025-07-30 03:27:57 - INFO - Training new xgboost model on augmented data

2025-07-30 03:27:58 - INFO - Selected features to perturb: ['F2', 'F0', 'F1']

2025-07-30 03:27:58 - INFO - Intervening on features to create augmented feature set
2025-07-30 03:27:58 - INFO - Generating counterfactuals for augmented target set
2025-07-30 03:27:58 - INFO - Original X train shape: (12800, 3)
2025-07-30 03:27:58 - INFO - Augmented X train shape: (19200, 3)
2025-07-30 03:27:58 - INFO - Combined X train shape: (32000, 3)
2025-07-30 03:27:58 - INFO - Training new xgboost model on augmented data

2025-07-30 03:28:00 - INFO - Selected features to perturb: ['F2', 'F0', 'F1']

2025-07-30 03:28:00 - INFO - Intervening on features to create augmented feature set
2025-07-30 03:28:00 - INFO - Generating counterfactuals for augmented target set
2025-07-30 03:28:00 - INFO - Original X train shape: (12800, 3)
2025-07-30 03:28:00 - INFO - Augmented X train shape: (19200, 3)
2025-07-30 03:28:00 - INFO - Combined X train shape: (32000, 3)
2025-07-30 03:28:00 - INFO - Training new xgboost model on augmented data

2025-07-30 03:28:06 - INFO - Selected features to perturb: ['F2', 'F0', 'F1']

2025-07-30 03:28:06 - INFO - Intervening on features to create augmented feature set
2025-07-30 03:28:06 - INFO - Generating counterfactuals for augmented target set
2025-07-30 03:28:06 - INFO - Original X train shape: (12800, 3)
2025-07-30 03:28:06 - INFO - Augmented X train shape: (19200, 3)
2025-07-30 03:28:06 - INFO - Combined X train shape: (32000, 3)
2025-07-30 03:28:06 - INFO - Training new xgboost model on augmented data

2025-07-30 03:28:08 - INFO - Selected features to perturb: ['F2', 'F0', 'F1']

2025-07-30 03:28:08 - INFO - Intervening on features to create augmented feature set
2025-07-30 03:28:08 - INFO - Generating counterfactuals for augmented target set
2025-07-30 03:28:08 - INFO - Original X train shape: (12800, 3)
2025-07-30 03:28:08 - INFO - Augmented X train shape: (16000, 3)
2025-07-30 03:28:08 - INFO - Combined X train shape: (28800, 3)
2025-07-30 03:28:08 - INFO - Training new xgboost model on augmented data

2025-07-30 03:28:10 - INFO - Selected features to perturb: ['F2', 'F0', 'F1']

2025-07-30 03:28:10 - INFO - Intervening on features to create augmented feature set
2025-07-30 03:28:10 - INFO - Generating counterfactuals for augmented target set
2025-07-30 03:28:10 - INFO - Original X train shape: (12800, 3)
2025-07-30 03:28:10 - INFO - Augmented X train shape: (19200, 3)
2025-07-30 03:28:10 - INFO - Combined X train shape: (32000, 3)
2025-07-30 03:28:10 - INFO - Training new xgboost model on augmented data

2025-07-30 03:28:11 - INFO - Selected features to perturb: ['F2', 'F0', 'F1']

2025-07-30 03:28:11 - INFO - Intervening on features to create augmented feature set
2025-07-30 03:28:11 - INFO - Generating counterfactuals for augmented target set
2025-07-30 03:28:11 - INFO - Original X train shape: (12800, 3)
2025-07-30 03:28:11 - INFO - Augmented X train shape: (16000, 3)
2025-07-30 03:28:11 - INFO - Combined X train shape: (28800, 3)
2025-07-30 03:28:11 - INFO - Training new xgboost model on augmented data

2025-07-30 03:28:12 - INFO - Selected features to perturb: ['F2', 'F0', 'F1']

2025-07-30 03:28:12 - INFO - Intervening on features to create augmented feature set
2025-07-30 03:28:12 - INFO - Generating counterfactuals for augmented target set
2025-07-30 03:28:12 - INFO - Original X train shape: (12800, 3)
2025-07-30 03:28:12 - INFO - Augmented X train shape: (19200, 3)
2025-07-30 03:28:12 - INFO - Combined X train shape: (32000, 3)
2025-07-30 03:28:12 - INFO - Training new xgboost model on augmented data

2025-07-30 03:28:13 - INFO - Selected features to perturb: ['F2', 'F0', 'F1']

2025-07-30 03:28:13 - INFO - Intervening on features to create augmented feature set
2025-07-30 03:28:13 - INFO - Generating counterfactuals for augmented target set
2025-07-30 03:28:13 - INFO - Original X train shape: (12800, 3)
2025-07-30 03:28:13 - INFO - Augmented X train shape: (16000, 3)
2025-07-30 03:28:13 - INFO - Combined X train shape: (28800, 3)
2025-07-30 03:28:13 - INFO - Training new xgboost model on augmented data

2025-07-30 03:28:14 - INFO - Selected features to perturb: ['F2', 'F0', 'F1']

2025-07-30 03:28:14 - INFO - Intervening on features to create augmented feature set
2025-07-30 03:28:14 - INFO - Generating counterfactuals for augmented target set
2025-07-30 03:28:14 - INFO - Original X train shape: (12800, 3)
2025-07-30 03:28:14 - INFO - Augmented X train shape: (12800, 3)
2025-07-30 03:28:14 - INFO - Combined X train shape: (25600, 3)
2025-07-30 03:28:14 - INFO - Training new xgboost model on augmented data

2025-07-30 03:28:15 - INFO - Selected features to perturb: ['F2', 'F0', 'F1']

2025-07-30 03:28:15 - INFO - Intervening on features to create augmented feature set
2025-07-30 03:28:15 - INFO - Generating counterfactuals for augmented target set
2025-07-30 03:28:15 - INFO - Original X train shape: (12800, 3)
2025-07-30 03:28:15 - INFO - Augmented X train shape: (19200, 3)
2025-07-30 03:28:15 - INFO - Combined X train shape: (32000, 3)
2025-07-30 03:28:15 - INFO - Training new xgboost model on augmented data

2025-07-30 03:28:16 - INFO - Best augmentation parameters:
{'max_n_features_to_perturb': 4, 'aug_data_size_factor': 1.5, 'aug_data_weight': 1.0, 'max_perturb_percent': 0.30000000000000004, 'min_perturb_percent': -0.30000000000000004}

2025-07-30 03:28:16 - INFO - Selected features to perturb: ['F2', 'F0', 'F1']

2025-07-30 03:28:16 - INFO - Intervening on features to create augmented feature set
2025-07-30 03:28:16 - INFO - Generating counterfactuals for augmented target set
2025-07-30 03:28:16 - INFO - Original X train shape: (16000, 3)
2025-07-30 03:28:16 - INFO - Augmented X train shape: (24000, 3)
2025-07-30 03:28:16 - INFO - Combined X train shape: (40000, 3)
2025-07-30 03:28:30 - INFO - Done cross-validation evaluation
2025-07-30 03:28:30 - INFO - The p-value from the Wilcoxon signed-rank test is: 0.0009765625

2025-07-30 03:28:30 - INFO - Evaluation metrics for the experiment:
2025-07-30 03:28:30 - INFO - Original MSE: 0.0014615305673419936, Augmented MSE: 0.001415935239306401


2025-07-30 03:28:30 - INFO - ####################################################################################################
2025-07-30 03:28:30 - INFO - Interim results for seeds saved to ../experiments_synthetic/anm/xgboost_20250730-032438/interim_results/anm_data_sample_20000_interim_results.csv. Aggregating results for anm_data_sample_20000...
2025-07-30 03:28:30 - INFO - ****************************************************************************************************
2025-07-30 03:28:30 - INFO - 






****************************************************************************************************
2025-07-30 03:28:30 - INFO - Running experiment on dataset: anm_data_sample_30000
2025-07-30 03:28:30 - INFO - 



####################################################################################################
2025-07-30 03:28:30 - INFO - Running experiment on dataset: anm_data_sample_30000 with seed: 0
2025-07-30 03:28:30 - INFO - Training xgboost baseline model
2025-07-30 03:28:31 - INFO - Done training baseline model
2025-07-30 03:28:32 - INFO - Done calculating residuals

2025-07-30 03:28:32 - INFO - Filtering for features to perturb
2025-07-30 03:28:32 - INFO - Creating causal graph for anm_data_sample_30000
2025-07-30 03:28:32 - INFO - Features that are not connected to Z (conditional independence): ['F2', 'F0', 'F1']
2025-07-30 03:28:32 - INFO - [Z vs F0]  r: 0.0058, p: 0.3188
2025-07-30 03:28:32 - INFO - [Z vs F1]  r: 0.0046, p: 0.4277
2025-07-30 03:28:32 - INFO - [Z vs F2]  r: 0.0027, p: 0.6356
2025-07-30 03:28:32 - INFO - Candidates (uncorrelated + not connected to Z): ['F2', 'F0', 'F1']
2025-07-30 03:28:32 - INFO - Ranked candidate features:
  feature     score  r_with_T  r_with_Z
2      F1  0.000366 -0.004946  0.004580
1      F0  0.000020 -0.005776  0.005756
0      F2 -0.001877 -0.000859  0.002736
2025-07-30 03:28:32 - INFO - Done filtering.

2025-07-30 03:28:32 - INFO - Selected features to perturb: ['F1', 'F0', 'F2']

2025-07-30 03:28:32 - INFO - Intervening on features to create augmented feature set
2025-07-30 03:28:32 - INFO - Generating counterfactuals for augmented target set
2025-07-30 03:28:32 - INFO - Original X train shape: (19200, 3)
2025-07-30 03:28:32 - INFO - Augmented X train shape: (24000, 3)
2025-07-30 03:28:32 - INFO - Combined X train shape: (43200, 3)
2025-07-30 03:28:32 - INFO - Training new xgboost model on augmented data

2025-07-30 03:28:33 - INFO - Selected features to perturb: ['F1', 'F0', 'F2']

2025-07-30 03:28:33 - INFO - Intervening on features to create augmented feature set
2025-07-30 03:28:33 - INFO - Generating counterfactuals for augmented target set
2025-07-30 03:28:33 - INFO - Original X train shape: (19200, 3)
2025-07-30 03:28:33 - INFO - Augmented X train shape: (24000, 3)
2025-07-30 03:28:33 - INFO - Combined X train shape: (43200, 3)
2025-07-30 03:28:33 - INFO - Training new xgboost model on augmented data

2025-07-30 03:28:34 - INFO - Selected features to perturb: ['F1', 'F0', 'F2']

2025-07-30 03:28:34 - INFO - Intervening on features to create augmented feature set
2025-07-30 03:28:34 - INFO - Generating counterfactuals for augmented target set
2025-07-30 03:28:34 - INFO - Original X train shape: (19200, 3)
2025-07-30 03:28:34 - INFO - Augmented X train shape: (14400, 3)
2025-07-30 03:28:34 - INFO - Combined X train shape: (33600, 3)
2025-07-30 03:28:34 - INFO - Training new xgboost model on augmented data

2025-07-30 03:28:35 - INFO - Selected features to perturb: ['F1', 'F0', 'F2']

2025-07-30 03:28:35 - INFO - Intervening on features to create augmented feature set
2025-07-30 03:28:35 - INFO - Generating counterfactuals for augmented target set
2025-07-30 03:28:35 - INFO - Original X train shape: (19200, 3)
2025-07-30 03:28:35 - INFO - Augmented X train shape: (28800, 3)
2025-07-30 03:28:35 - INFO - Combined X train shape: (48000, 3)
2025-07-30 03:28:35 - INFO - Training new xgboost model on augmented data

2025-07-30 03:28:38 - INFO - Selected features to perturb: ['F1']

2025-07-30 03:28:38 - INFO - Intervening on features to create augmented feature set
2025-07-30 03:28:38 - INFO - Generating counterfactuals for augmented target set
2025-07-30 03:28:38 - INFO - Original X train shape: (19200, 3)
2025-07-30 03:28:38 - INFO - Augmented X train shape: (28800, 3)
2025-07-30 03:28:38 - INFO - Combined X train shape: (48000, 3)
2025-07-30 03:28:38 - INFO - Training new xgboost model on augmented data

2025-07-30 03:28:41 - INFO - Selected features to perturb: ['F1', 'F0', 'F2']

2025-07-30 03:28:41 - INFO - Intervening on features to create augmented feature set
2025-07-30 03:28:41 - INFO - Generating counterfactuals for augmented target set
2025-07-30 03:28:41 - INFO - Original X train shape: (19200, 3)
2025-07-30 03:28:41 - INFO - Augmented X train shape: (24000, 3)
2025-07-30 03:28:41 - INFO - Combined X train shape: (43200, 3)
2025-07-30 03:28:41 - INFO - Training new xgboost model on augmented data

2025-07-30 03:28:42 - INFO - Selected features to perturb: ['F1']

2025-07-30 03:28:42 - INFO - Intervening on features to create augmented feature set
2025-07-30 03:28:42 - INFO - Generating counterfactuals for augmented target set
2025-07-30 03:28:42 - INFO - Original X train shape: (19200, 3)
2025-07-30 03:28:42 - INFO - Augmented X train shape: (24000, 3)
2025-07-30 03:28:42 - INFO - Combined X train shape: (43200, 3)
2025-07-30 03:28:42 - INFO - Training new xgboost model on augmented data

2025-07-30 03:28:43 - INFO - Selected features to perturb: ['F1', 'F0', 'F2']

2025-07-30 03:28:43 - INFO - Intervening on features to create augmented feature set
2025-07-30 03:28:43 - INFO - Generating counterfactuals for augmented target set
2025-07-30 03:28:43 - INFO - Original X train shape: (19200, 3)
2025-07-30 03:28:43 - INFO - Augmented X train shape: (19200, 3)
2025-07-30 03:28:43 - INFO - Combined X train shape: (38400, 3)
2025-07-30 03:28:43 - INFO - Training new xgboost model on augmented data

2025-07-30 03:28:44 - INFO - Selected features to perturb: ['F1', 'F0', 'F2']

2025-07-30 03:28:44 - INFO - Intervening on features to create augmented feature set
2025-07-30 03:28:44 - INFO - Generating counterfactuals for augmented target set
2025-07-30 03:28:44 - INFO - Original X train shape: (19200, 3)
2025-07-30 03:28:44 - INFO - Augmented X train shape: (19200, 3)
2025-07-30 03:28:44 - INFO - Combined X train shape: (38400, 3)
2025-07-30 03:28:44 - INFO - Training new xgboost model on augmented data

2025-07-30 03:28:45 - INFO - Selected features to perturb: ['F1', 'F0', 'F2']

2025-07-30 03:28:45 - INFO - Intervening on features to create augmented feature set
2025-07-30 03:28:45 - INFO - Generating counterfactuals for augmented target set
2025-07-30 03:28:45 - INFO - Original X train shape: (19200, 3)
2025-07-30 03:28:45 - INFO - Augmented X train shape: (24000, 3)
2025-07-30 03:28:45 - INFO - Combined X train shape: (43200, 3)
2025-07-30 03:28:45 - INFO - Training new xgboost model on augmented data

2025-07-30 03:28:46 - INFO - Selected features to perturb: ['F1', 'F0', 'F2']

2025-07-30 03:28:46 - INFO - Intervening on features to create augmented feature set
2025-07-30 03:28:46 - INFO - Generating counterfactuals for augmented target set
2025-07-30 03:28:46 - INFO - Original X train shape: (19200, 3)
2025-07-30 03:28:46 - INFO - Augmented X train shape: (9600, 3)
2025-07-30 03:28:46 - INFO - Combined X train shape: (28800, 3)
2025-07-30 03:28:46 - INFO - Training new xgboost model on augmented data

2025-07-30 03:28:48 - INFO - Selected features to perturb: ['F1', 'F0', 'F2']

2025-07-30 03:28:48 - INFO - Intervening on features to create augmented feature set
2025-07-30 03:28:48 - INFO - Generating counterfactuals for augmented target set
2025-07-30 03:28:48 - INFO - Original X train shape: (19200, 3)
2025-07-30 03:28:48 - INFO - Augmented X train shape: (9600, 3)
2025-07-30 03:28:48 - INFO - Combined X train shape: (28800, 3)
2025-07-30 03:28:48 - INFO - Training new xgboost model on augmented data

2025-07-30 03:28:49 - INFO - Selected features to perturb: ['F1', 'F0', 'F2']

2025-07-30 03:28:49 - INFO - Intervening on features to create augmented feature set
2025-07-30 03:28:49 - INFO - Generating counterfactuals for augmented target set
2025-07-30 03:28:49 - INFO - Original X train shape: (19200, 3)
2025-07-30 03:28:49 - INFO - Augmented X train shape: (14400, 3)
2025-07-30 03:28:49 - INFO - Combined X train shape: (33600, 3)
2025-07-30 03:28:49 - INFO - Training new xgboost model on augmented data

2025-07-30 03:28:51 - INFO - Selected features to perturb: ['F1', 'F0', 'F2']

2025-07-30 03:28:51 - INFO - Intervening on features to create augmented feature set
2025-07-30 03:28:51 - INFO - Generating counterfactuals for augmented target set
2025-07-30 03:28:51 - INFO - Original X train shape: (19200, 3)
2025-07-30 03:28:51 - INFO - Augmented X train shape: (14400, 3)
2025-07-30 03:28:51 - INFO - Combined X train shape: (33600, 3)
2025-07-30 03:28:51 - INFO - Training new xgboost model on augmented data

2025-07-30 03:28:53 - INFO - Selected features to perturb: ['F1', 'F0', 'F2']

2025-07-30 03:28:53 - INFO - Intervening on features to create augmented feature set
2025-07-30 03:28:53 - INFO - Generating counterfactuals for augmented target set
2025-07-30 03:28:53 - INFO - Original X train shape: (19200, 3)
2025-07-30 03:28:53 - INFO - Augmented X train shape: (14400, 3)
2025-07-30 03:28:53 - INFO - Combined X train shape: (33600, 3)
2025-07-30 03:28:53 - INFO - Training new xgboost model on augmented data

2025-07-30 03:28:54 - INFO - Selected features to perturb: ['F1', 'F0', 'F2']

2025-07-30 03:28:54 - INFO - Intervening on features to create augmented feature set
2025-07-30 03:28:54 - INFO - Generating counterfactuals for augmented target set
2025-07-30 03:28:54 - INFO - Original X train shape: (19200, 3)
2025-07-30 03:28:54 - INFO - Augmented X train shape: (19200, 3)
2025-07-30 03:28:54 - INFO - Combined X train shape: (38400, 3)
2025-07-30 03:28:54 - INFO - Training new xgboost model on augmented data

2025-07-30 03:28:55 - INFO - Selected features to perturb: ['F1', 'F0']

2025-07-30 03:28:55 - INFO - Intervening on features to create augmented feature set
2025-07-30 03:28:55 - INFO - Generating counterfactuals for augmented target set
2025-07-30 03:28:55 - INFO - Original X train shape: (19200, 3)
2025-07-30 03:28:55 - INFO - Augmented X train shape: (14400, 3)
2025-07-30 03:28:55 - INFO - Combined X train shape: (33600, 3)
2025-07-30 03:28:55 - INFO - Training new xgboost model on augmented data

2025-07-30 03:28:56 - INFO - Selected features to perturb: ['F1', 'F0', 'F2']

2025-07-30 03:28:56 - INFO - Intervening on features to create augmented feature set
2025-07-30 03:28:56 - INFO - Generating counterfactuals for augmented target set
2025-07-30 03:28:56 - INFO - Original X train shape: (19200, 3)
2025-07-30 03:28:56 - INFO - Augmented X train shape: (9600, 3)
2025-07-30 03:28:56 - INFO - Combined X train shape: (28800, 3)
2025-07-30 03:28:56 - INFO - Training new xgboost model on augmented data

2025-07-30 03:28:58 - INFO - Selected features to perturb: ['F1', 'F0', 'F2']

2025-07-30 03:28:58 - INFO - Intervening on features to create augmented feature set
2025-07-30 03:28:58 - INFO - Generating counterfactuals for augmented target set
2025-07-30 03:28:58 - INFO - Original X train shape: (19200, 3)
2025-07-30 03:28:58 - INFO - Augmented X train shape: (19200, 3)
2025-07-30 03:28:58 - INFO - Combined X train shape: (38400, 3)
2025-07-30 03:28:58 - INFO - Training new xgboost model on augmented data

2025-07-30 03:28:59 - INFO - Selected features to perturb: ['F1', 'F0', 'F2']

2025-07-30 03:28:59 - INFO - Intervening on features to create augmented feature set
2025-07-30 03:28:59 - INFO - Generating counterfactuals for augmented target set
2025-07-30 03:28:59 - INFO - Original X train shape: (19200, 3)
2025-07-30 03:28:59 - INFO - Augmented X train shape: (28800, 3)
2025-07-30 03:28:59 - INFO - Combined X train shape: (48000, 3)
2025-07-30 03:28:59 - INFO - Training new xgboost model on augmented data

2025-07-30 03:29:02 - INFO - Selected features to perturb: ['F1', 'F0']

2025-07-30 03:29:02 - INFO - Intervening on features to create augmented feature set
2025-07-30 03:29:02 - INFO - Generating counterfactuals for augmented target set
2025-07-30 03:29:02 - INFO - Original X train shape: (19200, 3)
2025-07-30 03:29:02 - INFO - Augmented X train shape: (19200, 3)
2025-07-30 03:29:02 - INFO - Combined X train shape: (38400, 3)
2025-07-30 03:29:02 - INFO - Training new xgboost model on augmented data

2025-07-30 03:29:04 - INFO - Selected features to perturb: ['F1', 'F0', 'F2']

2025-07-30 03:29:04 - INFO - Intervening on features to create augmented feature set
2025-07-30 03:29:04 - INFO - Generating counterfactuals for augmented target set
2025-07-30 03:29:04 - INFO - Original X train shape: (19200, 3)
2025-07-30 03:29:04 - INFO - Augmented X train shape: (19200, 3)
2025-07-30 03:29:04 - INFO - Combined X train shape: (38400, 3)
2025-07-30 03:29:04 - INFO - Training new xgboost model on augmented data

2025-07-30 03:29:06 - INFO - Selected features to perturb: ['F1', 'F0', 'F2']

2025-07-30 03:29:06 - INFO - Intervening on features to create augmented feature set
2025-07-30 03:29:06 - INFO - Generating counterfactuals for augmented target set
2025-07-30 03:29:06 - INFO - Original X train shape: (19200, 3)
2025-07-30 03:29:06 - INFO - Augmented X train shape: (24000, 3)
2025-07-30 03:29:06 - INFO - Combined X train shape: (43200, 3)
2025-07-30 03:29:06 - INFO - Training new xgboost model on augmented data

2025-07-30 03:29:08 - INFO - Selected features to perturb: ['F1', 'F0', 'F2']

2025-07-30 03:29:08 - INFO - Intervening on features to create augmented feature set
2025-07-30 03:29:08 - INFO - Generating counterfactuals for augmented target set
2025-07-30 03:29:08 - INFO - Original X train shape: (19200, 3)
2025-07-30 03:29:08 - INFO - Augmented X train shape: (14400, 3)
2025-07-30 03:29:08 - INFO - Combined X train shape: (33600, 3)
2025-07-30 03:29:08 - INFO - Training new xgboost model on augmented data

2025-07-30 03:29:09 - INFO - Selected features to perturb: ['F1', 'F0', 'F2']

2025-07-30 03:29:09 - INFO - Intervening on features to create augmented feature set
2025-07-30 03:29:09 - INFO - Generating counterfactuals for augmented target set
2025-07-30 03:29:09 - INFO - Original X train shape: (19200, 3)
2025-07-30 03:29:09 - INFO - Augmented X train shape: (19200, 3)
2025-07-30 03:29:09 - INFO - Combined X train shape: (38400, 3)
2025-07-30 03:29:09 - INFO - Training new xgboost model on augmented data

2025-07-30 03:29:10 - INFO - Selected features to perturb: ['F1', 'F0', 'F2']

2025-07-30 03:29:10 - INFO - Intervening on features to create augmented feature set
2025-07-30 03:29:10 - INFO - Generating counterfactuals for augmented target set
2025-07-30 03:29:10 - INFO - Original X train shape: (19200, 3)
2025-07-30 03:29:10 - INFO - Augmented X train shape: (14400, 3)
2025-07-30 03:29:10 - INFO - Combined X train shape: (33600, 3)
2025-07-30 03:29:10 - INFO - Training new xgboost model on augmented data

2025-07-30 03:29:12 - INFO - Selected features to perturb: ['F1', 'F0', 'F2']

2025-07-30 03:29:12 - INFO - Intervening on features to create augmented feature set
2025-07-30 03:29:12 - INFO - Generating counterfactuals for augmented target set
2025-07-30 03:29:12 - INFO - Original X train shape: (19200, 3)
2025-07-30 03:29:12 - INFO - Augmented X train shape: (24000, 3)
2025-07-30 03:29:12 - INFO - Combined X train shape: (43200, 3)
2025-07-30 03:29:12 - INFO - Training new xgboost model on augmented data

2025-07-30 03:29:13 - INFO - Selected features to perturb: ['F1', 'F0', 'F2']

2025-07-30 03:29:13 - INFO - Intervening on features to create augmented feature set
2025-07-30 03:29:13 - INFO - Generating counterfactuals for augmented target set
2025-07-30 03:29:13 - INFO - Original X train shape: (19200, 3)
2025-07-30 03:29:13 - INFO - Augmented X train shape: (19200, 3)
2025-07-30 03:29:13 - INFO - Combined X train shape: (38400, 3)
2025-07-30 03:29:13 - INFO - Training new xgboost model on augmented data

2025-07-30 03:29:14 - INFO - Selected features to perturb: ['F1', 'F0', 'F2']

2025-07-30 03:29:14 - INFO - Intervening on features to create augmented feature set
2025-07-30 03:29:14 - INFO - Generating counterfactuals for augmented target set
2025-07-30 03:29:14 - INFO - Original X train shape: (19200, 3)
2025-07-30 03:29:14 - INFO - Augmented X train shape: (19200, 3)
2025-07-30 03:29:14 - INFO - Combined X train shape: (38400, 3)
2025-07-30 03:29:14 - INFO - Training new xgboost model on augmented data

2025-07-30 03:29:15 - INFO - Selected features to perturb: ['F1', 'F0']

2025-07-30 03:29:15 - INFO - Intervening on features to create augmented feature set
2025-07-30 03:29:15 - INFO - Generating counterfactuals for augmented target set
2025-07-30 03:29:15 - INFO - Original X train shape: (19200, 3)
2025-07-30 03:29:15 - INFO - Augmented X train shape: (24000, 3)
2025-07-30 03:29:15 - INFO - Combined X train shape: (43200, 3)
2025-07-30 03:29:15 - INFO - Training new xgboost model on augmented data

2025-07-30 03:29:16 - INFO - Best augmentation parameters:
{'max_n_features_to_perturb': 4, 'aug_data_size_factor': 1.25, 'aug_data_weight': 1.0, 'max_perturb_percent': 0.7000000000000001, 'min_perturb_percent': -0.7000000000000001}

2025-07-30 03:29:16 - INFO - Selected features to perturb: ['F1', 'F0', 'F2']

2025-07-30 03:29:16 - INFO - Intervening on features to create augmented feature set
2025-07-30 03:29:16 - INFO - Generating counterfactuals for augmented target set
2025-07-30 03:29:16 - INFO - Original X train shape: (24000, 3)
2025-07-30 03:29:16 - INFO - Augmented X train shape: (30000, 3)
2025-07-30 03:29:16 - INFO - Combined X train shape: (54000, 3)
2025-07-30 03:29:33 - INFO - Done cross-validation evaluation
2025-07-30 03:29:33 - INFO - The p-value from the Wilcoxon signed-rank test is: 0.0009765625

2025-07-30 03:29:33 - INFO - Evaluation metrics for the experiment:
2025-07-30 03:29:33 - INFO - Original MSE: 0.0014289652033009806, Augmented MSE: 0.0013875415627768936


2025-07-30 03:29:33 - INFO - ####################################################################################################
2025-07-30 03:29:34 - INFO - Interim results for seeds saved to ../experiments_synthetic/anm/xgboost_20250730-032438/interim_results/anm_data_sample_30000_interim_results.csv. Aggregating results for anm_data_sample_30000...
2025-07-30 03:29:34 - INFO - ****************************************************************************************************
2025-07-30 03:29:34 - INFO - 






****************************************************************************************************
2025-07-30 03:29:34 - INFO - Running experiment on dataset: anm_data_sample_40000
2025-07-30 03:29:34 - INFO - 



####################################################################################################
2025-07-30 03:29:34 - INFO - Running experiment on dataset: anm_data_sample_40000 with seed: 0
2025-07-30 03:29:34 - INFO - Training xgboost baseline model
2025-07-30 03:29:35 - INFO - Done training baseline model
2025-07-30 03:29:36 - INFO - Done calculating residuals

2025-07-30 03:29:36 - INFO - Filtering for features to perturb
2025-07-30 03:29:36 - INFO - Creating causal graph for anm_data_sample_40000
2025-07-30 03:29:36 - INFO - Features that are not connected to Z (conditional independence): ['F2', 'F0', 'F1']
2025-07-30 03:29:36 - INFO - [Z vs F0]  r: 0.0016, p: 0.7483
2025-07-30 03:29:36 - INFO - [Z vs F1]  r: 0.0004, p: 0.9367
2025-07-30 03:29:36 - INFO - [Z vs F2]  r: -0.0020, p: 0.6897
2025-07-30 03:29:36 - INFO - Candidates (uncorrelated + not connected to Z): ['F2', 'F0', 'F1']
2025-07-30 03:29:36 - INFO - Ranked candidate features:
  feature     score  r_with_T  r_with_Z
1      F0  0.003564 -0.005168  0.001604
2      F1  0.001850 -0.002247  0.000397
0      F2 -0.000664 -0.001332 -0.001997
2025-07-30 03:29:36 - INFO - Done filtering.

2025-07-30 03:29:37 - INFO - Selected features to perturb: ['F0', 'F1', 'F2']

2025-07-30 03:29:37 - INFO - Intervening on features to create augmented feature set
2025-07-30 03:29:37 - INFO - Generating counterfactuals for augmented target set
2025-07-30 03:29:37 - INFO - Original X train shape: (25600, 3)
2025-07-30 03:29:37 - INFO - Augmented X train shape: (32000, 3)
2025-07-30 03:29:37 - INFO - Combined X train shape: (57600, 3)
2025-07-30 03:29:37 - INFO - Training new xgboost model on augmented data

2025-07-30 03:29:39 - INFO - Selected features to perturb: ['F0', 'F1', 'F2']

2025-07-30 03:29:39 - INFO - Intervening on features to create augmented feature set
2025-07-30 03:29:39 - INFO - Generating counterfactuals for augmented target set
2025-07-30 03:29:39 - INFO - Original X train shape: (25600, 3)
2025-07-30 03:29:39 - INFO - Augmented X train shape: (32000, 3)
2025-07-30 03:29:39 - INFO - Combined X train shape: (57600, 3)
2025-07-30 03:29:39 - INFO - Training new xgboost model on augmented data

2025-07-30 03:29:40 - INFO - Selected features to perturb: ['F0', 'F1', 'F2']

2025-07-30 03:29:40 - INFO - Intervening on features to create augmented feature set
2025-07-30 03:29:40 - INFO - Generating counterfactuals for augmented target set
2025-07-30 03:29:40 - INFO - Original X train shape: (25600, 3)
2025-07-30 03:29:40 - INFO - Augmented X train shape: (19200, 3)
2025-07-30 03:29:40 - INFO - Combined X train shape: (44800, 3)
2025-07-30 03:29:40 - INFO - Training new xgboost model on augmented data

2025-07-30 03:29:41 - INFO - Selected features to perturb: ['F0', 'F1', 'F2']

2025-07-30 03:29:41 - INFO - Intervening on features to create augmented feature set
2025-07-30 03:29:41 - INFO - Generating counterfactuals for augmented target set
2025-07-30 03:29:41 - INFO - Original X train shape: (25600, 3)
2025-07-30 03:29:41 - INFO - Augmented X train shape: (38400, 3)
2025-07-30 03:29:41 - INFO - Combined X train shape: (64000, 3)
2025-07-30 03:29:41 - INFO - Training new xgboost model on augmented data

2025-07-30 03:29:42 - INFO - Selected features to perturb: ['F0']

2025-07-30 03:29:42 - INFO - Intervening on features to create augmented feature set
2025-07-30 03:29:42 - INFO - Generating counterfactuals for augmented target set
2025-07-30 03:29:43 - INFO - Original X train shape: (25600, 3)
2025-07-30 03:29:43 - INFO - Augmented X train shape: (38400, 3)
2025-07-30 03:29:43 - INFO - Combined X train shape: (64000, 3)
2025-07-30 03:29:43 - INFO - Training new xgboost model on augmented data

2025-07-30 03:29:44 - INFO - Selected features to perturb: ['F0', 'F1', 'F2']

2025-07-30 03:29:44 - INFO - Intervening on features to create augmented feature set
2025-07-30 03:29:44 - INFO - Generating counterfactuals for augmented target set
2025-07-30 03:29:44 - INFO - Original X train shape: (25600, 3)
2025-07-30 03:29:44 - INFO - Augmented X train shape: (32000, 3)
2025-07-30 03:29:44 - INFO - Combined X train shape: (57600, 3)
2025-07-30 03:29:44 - INFO - Training new xgboost model on augmented data

2025-07-30 03:29:45 - INFO - Selected features to perturb: ['F0']

2025-07-30 03:29:45 - INFO - Intervening on features to create augmented feature set
2025-07-30 03:29:45 - INFO - Generating counterfactuals for augmented target set
2025-07-30 03:29:45 - INFO - Original X train shape: (25600, 3)
2025-07-30 03:29:45 - INFO - Augmented X train shape: (32000, 3)
2025-07-30 03:29:45 - INFO - Combined X train shape: (57600, 3)
2025-07-30 03:29:45 - INFO - Training new xgboost model on augmented data

2025-07-30 03:29:46 - INFO - Selected features to perturb: ['F0', 'F1', 'F2']

2025-07-30 03:29:46 - INFO - Intervening on features to create augmented feature set
2025-07-30 03:29:46 - INFO - Generating counterfactuals for augmented target set
2025-07-30 03:29:46 - INFO - Original X train shape: (25600, 3)
2025-07-30 03:29:46 - INFO - Augmented X train shape: (25600, 3)
2025-07-30 03:29:46 - INFO - Combined X train shape: (51200, 3)
2025-07-30 03:29:46 - INFO - Training new xgboost model on augmented data

2025-07-30 03:29:47 - INFO - Selected features to perturb: ['F0', 'F1', 'F2']

2025-07-30 03:29:47 - INFO - Intervening on features to create augmented feature set
2025-07-30 03:29:47 - INFO - Generating counterfactuals for augmented target set
2025-07-30 03:29:48 - INFO - Original X train shape: (25600, 3)
2025-07-30 03:29:48 - INFO - Augmented X train shape: (25600, 3)
2025-07-30 03:29:48 - INFO - Combined X train shape: (51200, 3)
2025-07-30 03:29:48 - INFO - Training new xgboost model on augmented data

2025-07-30 03:29:49 - INFO - Selected features to perturb: ['F0', 'F1', 'F2']

2025-07-30 03:29:49 - INFO - Intervening on features to create augmented feature set
2025-07-30 03:29:49 - INFO - Generating counterfactuals for augmented target set
2025-07-30 03:29:49 - INFO - Original X train shape: (25600, 3)
2025-07-30 03:29:49 - INFO - Augmented X train shape: (32000, 3)
2025-07-30 03:29:49 - INFO - Combined X train shape: (57600, 3)
2025-07-30 03:29:49 - INFO - Training new xgboost model on augmented data

2025-07-30 03:29:52 - INFO - Selected features to perturb: ['F0', 'F1']

2025-07-30 03:29:52 - INFO - Intervening on features to create augmented feature set
2025-07-30 03:29:52 - INFO - Generating counterfactuals for augmented target set
2025-07-30 03:29:52 - INFO - Original X train shape: (25600, 3)
2025-07-30 03:29:52 - INFO - Augmented X train shape: (12800, 3)
2025-07-30 03:29:52 - INFO - Combined X train shape: (38400, 3)
2025-07-30 03:29:52 - INFO - Training new xgboost model on augmented data

2025-07-30 03:29:54 - INFO - Selected features to perturb: ['F0', 'F1']

2025-07-30 03:29:54 - INFO - Intervening on features to create augmented feature set
2025-07-30 03:29:54 - INFO - Generating counterfactuals for augmented target set
2025-07-30 03:29:54 - INFO - Original X train shape: (25600, 3)
2025-07-30 03:29:54 - INFO - Augmented X train shape: (25600, 3)
2025-07-30 03:29:54 - INFO - Combined X train shape: (51200, 3)
2025-07-30 03:29:54 - INFO - Training new xgboost model on augmented data

2025-07-30 03:29:55 - INFO - Selected features to perturb: ['F0', 'F1', 'F2']

2025-07-30 03:29:55 - INFO - Intervening on features to create augmented feature set
2025-07-30 03:29:55 - INFO - Generating counterfactuals for augmented target set
2025-07-30 03:29:55 - INFO - Original X train shape: (25600, 3)
2025-07-30 03:29:55 - INFO - Augmented X train shape: (19200, 3)
2025-07-30 03:29:55 - INFO - Combined X train shape: (44800, 3)
2025-07-30 03:29:55 - INFO - Training new xgboost model on augmented data

2025-07-30 03:29:56 - INFO - Selected features to perturb: ['F0', 'F1']

2025-07-30 03:29:56 - INFO - Intervening on features to create augmented feature set
2025-07-30 03:29:56 - INFO - Generating counterfactuals for augmented target set
2025-07-30 03:29:56 - INFO - Original X train shape: (25600, 3)
2025-07-30 03:29:56 - INFO - Augmented X train shape: (19200, 3)
2025-07-30 03:29:56 - INFO - Combined X train shape: (44800, 3)
2025-07-30 03:29:56 - INFO - Training new xgboost model on augmented data

2025-07-30 03:29:57 - INFO - Selected features to perturb: ['F0', 'F1', 'F2']

2025-07-30 03:29:57 - INFO - Intervening on features to create augmented feature set
2025-07-30 03:29:57 - INFO - Generating counterfactuals for augmented target set
2025-07-30 03:29:57 - INFO - Original X train shape: (25600, 3)
2025-07-30 03:29:57 - INFO - Augmented X train shape: (25600, 3)
2025-07-30 03:29:57 - INFO - Combined X train shape: (51200, 3)
2025-07-30 03:29:57 - INFO - Training new xgboost model on augmented data

2025-07-30 03:29:59 - INFO - Selected features to perturb: ['F0', 'F1', 'F2']

2025-07-30 03:29:59 - INFO - Intervening on features to create augmented feature set
2025-07-30 03:29:59 - INFO - Generating counterfactuals for augmented target set
2025-07-30 03:29:59 - INFO - Original X train shape: (25600, 3)
2025-07-30 03:29:59 - INFO - Augmented X train shape: (38400, 3)
2025-07-30 03:29:59 - INFO - Combined X train shape: (64000, 3)
2025-07-30 03:29:59 - INFO - Training new xgboost model on augmented data

2025-07-30 03:30:02 - INFO - Selected features to perturb: ['F0', 'F1']

2025-07-30 03:30:02 - INFO - Intervening on features to create augmented feature set
2025-07-30 03:30:02 - INFO - Generating counterfactuals for augmented target set
2025-07-30 03:30:02 - INFO - Original X train shape: (25600, 3)
2025-07-30 03:30:02 - INFO - Augmented X train shape: (12800, 3)
2025-07-30 03:30:02 - INFO - Combined X train shape: (38400, 3)
2025-07-30 03:30:02 - INFO - Training new xgboost model on augmented data

2025-07-30 03:30:06 - INFO - Selected features to perturb: ['F0', 'F1', 'F2']

2025-07-30 03:30:06 - INFO - Intervening on features to create augmented feature set
2025-07-30 03:30:06 - INFO - Generating counterfactuals for augmented target set
2025-07-30 03:30:06 - INFO - Original X train shape: (25600, 3)
2025-07-30 03:30:06 - INFO - Augmented X train shape: (32000, 3)
2025-07-30 03:30:06 - INFO - Combined X train shape: (57600, 3)
2025-07-30 03:30:06 - INFO - Training new xgboost model on augmented data

2025-07-30 03:30:08 - INFO - Selected features to perturb: ['F0', 'F1', 'F2']

2025-07-30 03:30:08 - INFO - Intervening on features to create augmented feature set
2025-07-30 03:30:08 - INFO - Generating counterfactuals for augmented target set
2025-07-30 03:30:08 - INFO - Original X train shape: (25600, 3)
2025-07-30 03:30:08 - INFO - Augmented X train shape: (25600, 3)
2025-07-30 03:30:08 - INFO - Combined X train shape: (51200, 3)
2025-07-30 03:30:08 - INFO - Training new xgboost model on augmented data

2025-07-30 03:30:09 - INFO - Selected features to perturb: ['F0', 'F1']

2025-07-30 03:30:09 - INFO - Intervening on features to create augmented feature set
2025-07-30 03:30:09 - INFO - Generating counterfactuals for augmented target set
2025-07-30 03:30:09 - INFO - Original X train shape: (25600, 3)
2025-07-30 03:30:09 - INFO - Augmented X train shape: (25600, 3)
2025-07-30 03:30:09 - INFO - Combined X train shape: (51200, 3)
2025-07-30 03:30:09 - INFO - Training new xgboost model on augmented data

2025-07-30 03:30:11 - INFO - Selected features to perturb: ['F0', 'F1', 'F2']

2025-07-30 03:30:11 - INFO - Intervening on features to create augmented feature set
2025-07-30 03:30:11 - INFO - Generating counterfactuals for augmented target set
2025-07-30 03:30:11 - INFO - Original X train shape: (25600, 3)
2025-07-30 03:30:11 - INFO - Augmented X train shape: (19200, 3)
2025-07-30 03:30:11 - INFO - Combined X train shape: (44800, 3)
2025-07-30 03:30:11 - INFO - Training new xgboost model on augmented data

2025-07-30 03:30:12 - INFO - Selected features to perturb: ['F0', 'F1', 'F2']

2025-07-30 03:30:12 - INFO - Intervening on features to create augmented feature set
2025-07-30 03:30:12 - INFO - Generating counterfactuals for augmented target set
2025-07-30 03:30:12 - INFO - Original X train shape: (25600, 3)
2025-07-30 03:30:12 - INFO - Augmented X train shape: (19200, 3)
2025-07-30 03:30:12 - INFO - Combined X train shape: (44800, 3)
2025-07-30 03:30:12 - INFO - Training new xgboost model on augmented data

2025-07-30 03:30:13 - INFO - Selected features to perturb: ['F0', 'F1', 'F2']

2025-07-30 03:30:13 - INFO - Intervening on features to create augmented feature set
2025-07-30 03:30:13 - INFO - Generating counterfactuals for augmented target set
2025-07-30 03:30:13 - INFO - Original X train shape: (25600, 3)
2025-07-30 03:30:13 - INFO - Augmented X train shape: (19200, 3)
2025-07-30 03:30:13 - INFO - Combined X train shape: (44800, 3)
2025-07-30 03:30:13 - INFO - Training new xgboost model on augmented data

2025-07-30 03:30:15 - INFO - Selected features to perturb: ['F0', 'F1', 'F2']

2025-07-30 03:30:15 - INFO - Intervening on features to create augmented feature set
2025-07-30 03:30:15 - INFO - Generating counterfactuals for augmented target set
2025-07-30 03:30:15 - INFO - Original X train shape: (25600, 3)
2025-07-30 03:30:15 - INFO - Augmented X train shape: (25600, 3)
2025-07-30 03:30:15 - INFO - Combined X train shape: (51200, 3)
2025-07-30 03:30:15 - INFO - Training new xgboost model on augmented data

2025-07-30 03:30:16 - INFO - Selected features to perturb: ['F0', 'F1', 'F2']

2025-07-30 03:30:16 - INFO - Intervening on features to create augmented feature set
2025-07-30 03:30:16 - INFO - Generating counterfactuals for augmented target set
2025-07-30 03:30:16 - INFO - Original X train shape: (25600, 3)
2025-07-30 03:30:16 - INFO - Augmented X train shape: (12800, 3)
2025-07-30 03:30:16 - INFO - Combined X train shape: (38400, 3)
2025-07-30 03:30:16 - INFO - Training new xgboost model on augmented data

2025-07-30 03:30:17 - INFO - Selected features to perturb: ['F0', 'F1', 'F2']

2025-07-30 03:30:17 - INFO - Intervening on features to create augmented feature set
2025-07-30 03:30:17 - INFO - Generating counterfactuals for augmented target set
2025-07-30 03:30:17 - INFO - Original X train shape: (25600, 3)
2025-07-30 03:30:17 - INFO - Augmented X train shape: (19200, 3)
2025-07-30 03:30:17 - INFO - Combined X train shape: (44800, 3)
2025-07-30 03:30:17 - INFO - Training new xgboost model on augmented data

2025-07-30 03:30:18 - INFO - Selected features to perturb: ['F0', 'F1', 'F2']

2025-07-30 03:30:18 - INFO - Intervening on features to create augmented feature set
2025-07-30 03:30:18 - INFO - Generating counterfactuals for augmented target set
2025-07-30 03:30:19 - INFO - Original X train shape: (25600, 3)
2025-07-30 03:30:19 - INFO - Augmented X train shape: (32000, 3)
2025-07-30 03:30:19 - INFO - Combined X train shape: (57600, 3)
2025-07-30 03:30:19 - INFO - Training new xgboost model on augmented data

2025-07-30 03:30:20 - INFO - Selected features to perturb: ['F0', 'F1', 'F2']

2025-07-30 03:30:20 - INFO - Intervening on features to create augmented feature set
2025-07-30 03:30:20 - INFO - Generating counterfactuals for augmented target set
2025-07-30 03:30:20 - INFO - Original X train shape: (25600, 3)
2025-07-30 03:30:20 - INFO - Augmented X train shape: (32000, 3)
2025-07-30 03:30:20 - INFO - Combined X train shape: (57600, 3)
2025-07-30 03:30:20 - INFO - Training new xgboost model on augmented data

2025-07-30 03:30:22 - INFO - Selected features to perturb: ['F0', 'F1', 'F2']

2025-07-30 03:30:22 - INFO - Intervening on features to create augmented feature set
2025-07-30 03:30:22 - INFO - Generating counterfactuals for augmented target set
2025-07-30 03:30:22 - INFO - Original X train shape: (25600, 3)
2025-07-30 03:30:22 - INFO - Augmented X train shape: (38400, 3)
2025-07-30 03:30:22 - INFO - Combined X train shape: (64000, 3)
2025-07-30 03:30:22 - INFO - Training new xgboost model on augmented data

2025-07-30 03:30:24 - INFO - Selected features to perturb: ['F0', 'F1']

2025-07-30 03:30:24 - INFO - Intervening on features to create augmented feature set
2025-07-30 03:30:24 - INFO - Generating counterfactuals for augmented target set
2025-07-30 03:30:24 - INFO - Original X train shape: (25600, 3)
2025-07-30 03:30:24 - INFO - Augmented X train shape: (32000, 3)
2025-07-30 03:30:24 - INFO - Combined X train shape: (57600, 3)
2025-07-30 03:30:24 - INFO - Training new xgboost model on augmented data

2025-07-30 03:30:26 - INFO - Best augmentation parameters:
{'max_n_features_to_perturb': 3, 'aug_data_size_factor': 1.0, 'aug_data_weight': 0.5, 'max_perturb_percent': 0.8, 'min_perturb_percent': -0.8}

2025-07-30 03:30:26 - INFO - Selected features to perturb: ['F0', 'F1', 'F2']

2025-07-30 03:30:26 - INFO - Intervening on features to create augmented feature set
2025-07-30 03:30:26 - INFO - Generating counterfactuals for augmented target set
2025-07-30 03:30:26 - INFO - Original X train shape: (32000, 3)
2025-07-30 03:30:26 - INFO - Augmented X train shape: (32000, 3)
2025-07-30 03:30:26 - INFO - Combined X train shape: (64000, 3)
2025-07-30 03:30:43 - INFO - Done cross-validation evaluation
2025-07-30 03:30:43 - INFO - The p-value from the Wilcoxon signed-rank test is: 0.0009765625

2025-07-30 03:30:43 - INFO - Evaluation metrics for the experiment:
2025-07-30 03:30:43 - INFO - Original MSE: 0.0014345033298153, Augmented MSE: 0.00139180925299988


2025-07-30 03:30:43 - INFO - ####################################################################################################
2025-07-30 03:30:43 - INFO - Interim results for seeds saved to ../experiments_synthetic/anm/xgboost_20250730-032438/interim_results/anm_data_sample_40000_interim_results.csv. Aggregating results for anm_data_sample_40000...
2025-07-30 03:30:43 - INFO - ****************************************************************************************************
2025-07-30 03:30:43 - INFO - 






****************************************************************************************************
2025-07-30 03:30:43 - INFO - Running experiment on dataset: anm_data_sample_50000
2025-07-30 03:30:43 - INFO - 



####################################################################################################
2025-07-30 03:30:43 - INFO - Running experiment on dataset: anm_data_sample_50000 with seed: 0
2025-07-30 03:30:43 - INFO - Training xgboost baseline model
2025-07-30 03:30:44 - INFO - Done training baseline model
2025-07-30 03:30:45 - INFO - Done calculating residuals

2025-07-30 03:30:45 - INFO - Filtering for features to perturb
2025-07-30 03:30:45 - INFO - Creating causal graph for anm_data_sample_50000
2025-07-30 03:30:45 - INFO - Features that are not connected to Z (conditional independence): ['F2', 'F0', 'F1']
2025-07-30 03:30:45 - INFO - [Z vs F0]  r: -0.0016, p: 0.7218
2025-07-30 03:30:45 - INFO - [Z vs F1]  r: -0.0007, p: 0.8844
2025-07-30 03:30:45 - INFO - [Z vs F2]  r: -0.0003, p: 0.9524
2025-07-30 03:30:45 - INFO - Candidates (uncorrelated + not connected to Z): ['F2', 'F0', 'F1']
2025-07-30 03:30:45 - INFO - Ranked candidate features:
  feature     score  r_with_T  r_with_Z
1      F0  0.002380 -0.003972 -0.001592
0      F2 -0.000193 -0.000074 -0.000267
2      F1 -0.000635 -0.000015 -0.000650
2025-07-30 03:30:45 - INFO - Done filtering.

2025-07-30 03:30:45 - INFO - Selected features to perturb: ['F0', 'F2', 'F1']

2025-07-30 03:30:45 - INFO - Intervening on features to create augmented feature set
2025-07-30 03:30:45 - INFO - Generating counterfactuals for augmented target set
2025-07-30 03:30:45 - INFO - Original X train shape: (32000, 3)
2025-07-30 03:30:45 - INFO - Augmented X train shape: (40000, 3)
2025-07-30 03:30:45 - INFO - Combined X train shape: (72000, 3)
2025-07-30 03:30:45 - INFO - Training new xgboost model on augmented data

2025-07-30 03:30:46 - INFO - Selected features to perturb: ['F0', 'F2', 'F1']

2025-07-30 03:30:46 - INFO - Intervening on features to create augmented feature set
2025-07-30 03:30:46 - INFO - Generating counterfactuals for augmented target set
2025-07-30 03:30:46 - INFO - Original X train shape: (32000, 3)
2025-07-30 03:30:46 - INFO - Augmented X train shape: (40000, 3)
2025-07-30 03:30:46 - INFO - Combined X train shape: (72000, 3)
2025-07-30 03:30:46 - INFO - Training new xgboost model on augmented data

2025-07-30 03:30:48 - INFO - Selected features to perturb: ['F0', 'F2', 'F1']

2025-07-30 03:30:48 - INFO - Intervening on features to create augmented feature set
2025-07-30 03:30:48 - INFO - Generating counterfactuals for augmented target set
2025-07-30 03:30:48 - INFO - Original X train shape: (32000, 3)
2025-07-30 03:30:48 - INFO - Augmented X train shape: (24000, 3)
2025-07-30 03:30:48 - INFO - Combined X train shape: (56000, 3)
2025-07-30 03:30:48 - INFO - Training new xgboost model on augmented data

2025-07-30 03:30:49 - INFO - Selected features to perturb: ['F0', 'F2', 'F1']

2025-07-30 03:30:49 - INFO - Intervening on features to create augmented feature set
2025-07-30 03:30:49 - INFO - Generating counterfactuals for augmented target set
2025-07-30 03:30:49 - INFO - Original X train shape: (32000, 3)
2025-07-30 03:30:49 - INFO - Augmented X train shape: (48000, 3)
2025-07-30 03:30:49 - INFO - Combined X train shape: (80000, 3)
2025-07-30 03:30:49 - INFO - Training new xgboost model on augmented data

2025-07-30 03:30:51 - INFO - Selected features to perturb: ['F0']

2025-07-30 03:30:51 - INFO - Intervening on features to create augmented feature set
2025-07-30 03:30:51 - INFO - Generating counterfactuals for augmented target set
2025-07-30 03:30:51 - INFO - Original X train shape: (32000, 3)
2025-07-30 03:30:51 - INFO - Augmented X train shape: (48000, 3)
2025-07-30 03:30:51 - INFO - Combined X train shape: (80000, 3)
2025-07-30 03:30:51 - INFO - Training new xgboost model on augmented data

2025-07-30 03:30:53 - INFO - Selected features to perturb: ['F0', 'F2', 'F1']

2025-07-30 03:30:53 - INFO - Intervening on features to create augmented feature set
2025-07-30 03:30:53 - INFO - Generating counterfactuals for augmented target set
2025-07-30 03:30:53 - INFO - Original X train shape: (32000, 3)
2025-07-30 03:30:53 - INFO - Augmented X train shape: (40000, 3)
2025-07-30 03:30:53 - INFO - Combined X train shape: (72000, 3)
2025-07-30 03:30:53 - INFO - Training new xgboost model on augmented data

2025-07-30 03:30:54 - INFO - Selected features to perturb: ['F0']

2025-07-30 03:30:54 - INFO - Intervening on features to create augmented feature set
2025-07-30 03:30:54 - INFO - Generating counterfactuals for augmented target set
2025-07-30 03:30:54 - INFO - Original X train shape: (32000, 3)
2025-07-30 03:30:54 - INFO - Augmented X train shape: (40000, 3)
2025-07-30 03:30:54 - INFO - Combined X train shape: (72000, 3)
2025-07-30 03:30:54 - INFO - Training new xgboost model on augmented data

2025-07-30 03:30:55 - INFO - Selected features to perturb: ['F0', 'F2', 'F1']

2025-07-30 03:30:55 - INFO - Intervening on features to create augmented feature set
2025-07-30 03:30:55 - INFO - Generating counterfactuals for augmented target set
2025-07-30 03:30:55 - INFO - Original X train shape: (32000, 3)
2025-07-30 03:30:55 - INFO - Augmented X train shape: (32000, 3)
2025-07-30 03:30:55 - INFO - Combined X train shape: (64000, 3)
2025-07-30 03:30:55 - INFO - Training new xgboost model on augmented data

2025-07-30 03:30:57 - INFO - Selected features to perturb: ['F0', 'F2', 'F1']

2025-07-30 03:30:57 - INFO - Intervening on features to create augmented feature set
2025-07-30 03:30:57 - INFO - Generating counterfactuals for augmented target set
2025-07-30 03:30:57 - INFO - Original X train shape: (32000, 3)
2025-07-30 03:30:57 - INFO - Augmented X train shape: (32000, 3)
2025-07-30 03:30:57 - INFO - Combined X train shape: (64000, 3)
2025-07-30 03:30:57 - INFO - Training new xgboost model on augmented data

2025-07-30 03:30:58 - INFO - Selected features to perturb: ['F0', 'F2', 'F1']

2025-07-30 03:30:58 - INFO - Intervening on features to create augmented feature set
2025-07-30 03:30:58 - INFO - Generating counterfactuals for augmented target set
2025-07-30 03:30:58 - INFO - Original X train shape: (32000, 3)
2025-07-30 03:30:58 - INFO - Augmented X train shape: (40000, 3)
2025-07-30 03:30:58 - INFO - Combined X train shape: (72000, 3)
2025-07-30 03:30:58 - INFO - Training new xgboost model on augmented data

2025-07-30 03:30:59 - INFO - Selected features to perturb: ['F0', 'F2']

2025-07-30 03:30:59 - INFO - Intervening on features to create augmented feature set
2025-07-30 03:30:59 - INFO - Generating counterfactuals for augmented target set
2025-07-30 03:30:59 - INFO - Original X train shape: (32000, 3)
2025-07-30 03:30:59 - INFO - Augmented X train shape: (16000, 3)
2025-07-30 03:30:59 - INFO - Combined X train shape: (48000, 3)
2025-07-30 03:30:59 - INFO - Training new xgboost model on augmented data

2025-07-30 03:31:01 - INFO - Selected features to perturb: ['F0', 'F2', 'F1']

2025-07-30 03:31:01 - INFO - Intervening on features to create augmented feature set
2025-07-30 03:31:01 - INFO - Generating counterfactuals for augmented target set
2025-07-30 03:31:01 - INFO - Original X train shape: (32000, 3)
2025-07-30 03:31:01 - INFO - Augmented X train shape: (24000, 3)
2025-07-30 03:31:01 - INFO - Combined X train shape: (56000, 3)
2025-07-30 03:31:01 - INFO - Training new xgboost model on augmented data

2025-07-30 03:31:03 - INFO - Selected features to perturb: ['F0', 'F2', 'F1']

2025-07-30 03:31:03 - INFO - Intervening on features to create augmented feature set
2025-07-30 03:31:03 - INFO - Generating counterfactuals for augmented target set
2025-07-30 03:31:03 - INFO - Original X train shape: (32000, 3)
2025-07-30 03:31:03 - INFO - Augmented X train shape: (24000, 3)
2025-07-30 03:31:03 - INFO - Combined X train shape: (56000, 3)
2025-07-30 03:31:03 - INFO - Training new xgboost model on augmented data

2025-07-30 03:31:04 - INFO - Selected features to perturb: ['F0', 'F2', 'F1']

2025-07-30 03:31:04 - INFO - Intervening on features to create augmented feature set
2025-07-30 03:31:04 - INFO - Generating counterfactuals for augmented target set
2025-07-30 03:31:04 - INFO - Original X train shape: (32000, 3)
2025-07-30 03:31:04 - INFO - Augmented X train shape: (24000, 3)
2025-07-30 03:31:04 - INFO - Combined X train shape: (56000, 3)
2025-07-30 03:31:04 - INFO - Training new xgboost model on augmented data

2025-07-30 03:31:06 - INFO - Selected features to perturb: ['F0', 'F2']

2025-07-30 03:31:06 - INFO - Intervening on features to create augmented feature set
2025-07-30 03:31:06 - INFO - Generating counterfactuals for augmented target set
2025-07-30 03:31:06 - INFO - Original X train shape: (32000, 3)
2025-07-30 03:31:06 - INFO - Augmented X train shape: (16000, 3)
2025-07-30 03:31:06 - INFO - Combined X train shape: (48000, 3)
2025-07-30 03:31:06 - INFO - Training new xgboost model on augmented data

2025-07-30 03:31:07 - INFO - Selected features to perturb: ['F0', 'F2']

2025-07-30 03:31:07 - INFO - Intervening on features to create augmented feature set
2025-07-30 03:31:07 - INFO - Generating counterfactuals for augmented target set
2025-07-30 03:31:07 - INFO - Original X train shape: (32000, 3)
2025-07-30 03:31:07 - INFO - Augmented X train shape: (32000, 3)
2025-07-30 03:31:07 - INFO - Combined X train shape: (64000, 3)
2025-07-30 03:31:07 - INFO - Training new xgboost model on augmented data

2025-07-30 03:31:08 - INFO - Selected features to perturb: ['F0', 'F2', 'F1']

2025-07-30 03:31:08 - INFO - Intervening on features to create augmented feature set
2025-07-30 03:31:08 - INFO - Generating counterfactuals for augmented target set
2025-07-30 03:31:08 - INFO - Original X train shape: (32000, 3)
2025-07-30 03:31:08 - INFO - Augmented X train shape: (24000, 3)
2025-07-30 03:31:08 - INFO - Combined X train shape: (56000, 3)
2025-07-30 03:31:08 - INFO - Training new xgboost model on augmented data

2025-07-30 03:31:10 - INFO - Selected features to perturb: ['F0', 'F2', 'F1']

2025-07-30 03:31:10 - INFO - Intervening on features to create augmented feature set
2025-07-30 03:31:10 - INFO - Generating counterfactuals for augmented target set
2025-07-30 03:31:10 - INFO - Original X train shape: (32000, 3)
2025-07-30 03:31:10 - INFO - Augmented X train shape: (32000, 3)
2025-07-30 03:31:10 - INFO - Combined X train shape: (64000, 3)
2025-07-30 03:31:10 - INFO - Training new xgboost model on augmented data

2025-07-30 03:31:11 - INFO - Selected features to perturb: ['F0', 'F2', 'F1']

2025-07-30 03:31:11 - INFO - Intervening on features to create augmented feature set
2025-07-30 03:31:11 - INFO - Generating counterfactuals for augmented target set
2025-07-30 03:31:11 - INFO - Original X train shape: (32000, 3)
2025-07-30 03:31:11 - INFO - Augmented X train shape: (32000, 3)
2025-07-30 03:31:11 - INFO - Combined X train shape: (64000, 3)
2025-07-30 03:31:11 - INFO - Training new xgboost model on augmented data

2025-07-30 03:31:12 - INFO - Selected features to perturb: ['F0', 'F2', 'F1']

2025-07-30 03:31:12 - INFO - Intervening on features to create augmented feature set
2025-07-30 03:31:12 - INFO - Generating counterfactuals for augmented target set
2025-07-30 03:31:12 - INFO - Original X train shape: (32000, 3)
2025-07-30 03:31:12 - INFO - Augmented X train shape: (32000, 3)
2025-07-30 03:31:12 - INFO - Combined X train shape: (64000, 3)
2025-07-30 03:31:12 - INFO - Training new xgboost model on augmented data

2025-07-30 03:31:14 - INFO - Selected features to perturb: ['F0', 'F2']

2025-07-30 03:31:14 - INFO - Intervening on features to create augmented feature set
2025-07-30 03:31:14 - INFO - Generating counterfactuals for augmented target set
2025-07-30 03:31:14 - INFO - Original X train shape: (32000, 3)
2025-07-30 03:31:14 - INFO - Augmented X train shape: (32000, 3)
2025-07-30 03:31:14 - INFO - Combined X train shape: (64000, 3)
2025-07-30 03:31:14 - INFO - Training new xgboost model on augmented data

2025-07-30 03:31:15 - INFO - Selected features to perturb: ['F0', 'F2', 'F1']

2025-07-30 03:31:15 - INFO - Intervening on features to create augmented feature set
2025-07-30 03:31:15 - INFO - Generating counterfactuals for augmented target set
2025-07-30 03:31:15 - INFO - Original X train shape: (32000, 3)
2025-07-30 03:31:15 - INFO - Augmented X train shape: (24000, 3)
2025-07-30 03:31:15 - INFO - Combined X train shape: (56000, 3)
2025-07-30 03:31:15 - INFO - Training new xgboost model on augmented data

2025-07-30 03:31:16 - INFO - Selected features to perturb: ['F0', 'F2', 'F1']

2025-07-30 03:31:16 - INFO - Intervening on features to create augmented feature set
2025-07-30 03:31:16 - INFO - Generating counterfactuals for augmented target set
2025-07-30 03:31:16 - INFO - Original X train shape: (32000, 3)
2025-07-30 03:31:16 - INFO - Augmented X train shape: (32000, 3)
2025-07-30 03:31:16 - INFO - Combined X train shape: (64000, 3)
2025-07-30 03:31:16 - INFO - Training new xgboost model on augmented data

2025-07-30 03:31:17 - INFO - Selected features to perturb: ['F0', 'F2', 'F1']

2025-07-30 03:31:17 - INFO - Intervening on features to create augmented feature set
2025-07-30 03:31:17 - INFO - Generating counterfactuals for augmented target set
2025-07-30 03:31:18 - INFO - Original X train shape: (32000, 3)
2025-07-30 03:31:18 - INFO - Augmented X train shape: (32000, 3)
2025-07-30 03:31:18 - INFO - Combined X train shape: (64000, 3)
2025-07-30 03:31:18 - INFO - Training new xgboost model on augmented data

2025-07-30 03:31:19 - INFO - Selected features to perturb: ['F0', 'F2', 'F1']

2025-07-30 03:31:19 - INFO - Intervening on features to create augmented feature set
2025-07-30 03:31:19 - INFO - Generating counterfactuals for augmented target set
2025-07-30 03:31:19 - INFO - Original X train shape: (32000, 3)
2025-07-30 03:31:19 - INFO - Augmented X train shape: (32000, 3)
2025-07-30 03:31:19 - INFO - Combined X train shape: (64000, 3)
2025-07-30 03:31:19 - INFO - Training new xgboost model on augmented data

2025-07-30 03:31:20 - INFO - Selected features to perturb: ['F0', 'F2', 'F1']

2025-07-30 03:31:20 - INFO - Intervening on features to create augmented feature set
2025-07-30 03:31:20 - INFO - Generating counterfactuals for augmented target set
2025-07-30 03:31:20 - INFO - Original X train shape: (32000, 3)
2025-07-30 03:31:20 - INFO - Augmented X train shape: (32000, 3)
2025-07-30 03:31:20 - INFO - Combined X train shape: (64000, 3)
2025-07-30 03:31:20 - INFO - Training new xgboost model on augmented data

2025-07-30 03:31:22 - INFO - Selected features to perturb: ['F0', 'F2', 'F1']

2025-07-30 03:31:22 - INFO - Intervening on features to create augmented feature set
2025-07-30 03:31:22 - INFO - Generating counterfactuals for augmented target set
2025-07-30 03:31:22 - INFO - Original X train shape: (32000, 3)
2025-07-30 03:31:22 - INFO - Augmented X train shape: (40000, 3)
2025-07-30 03:31:22 - INFO - Combined X train shape: (72000, 3)
2025-07-30 03:31:22 - INFO - Training new xgboost model on augmented data

2025-07-30 03:31:23 - INFO - Selected features to perturb: ['F0', 'F2', 'F1']

2025-07-30 03:31:23 - INFO - Intervening on features to create augmented feature set
2025-07-30 03:31:23 - INFO - Generating counterfactuals for augmented target set
2025-07-30 03:31:23 - INFO - Original X train shape: (32000, 3)
2025-07-30 03:31:23 - INFO - Augmented X train shape: (48000, 3)
2025-07-30 03:31:23 - INFO - Combined X train shape: (80000, 3)
2025-07-30 03:31:23 - INFO - Training new xgboost model on augmented data

2025-07-30 03:31:25 - INFO - Selected features to perturb: ['F0', 'F2', 'F1']

2025-07-30 03:31:25 - INFO - Intervening on features to create augmented feature set
2025-07-30 03:31:25 - INFO - Generating counterfactuals for augmented target set
2025-07-30 03:31:25 - INFO - Original X train shape: (32000, 3)
2025-07-30 03:31:25 - INFO - Augmented X train shape: (40000, 3)
2025-07-30 03:31:25 - INFO - Combined X train shape: (72000, 3)
2025-07-30 03:31:25 - INFO - Training new xgboost model on augmented data

2025-07-30 03:31:26 - INFO - Selected features to perturb: ['F0', 'F2', 'F1']

2025-07-30 03:31:26 - INFO - Intervening on features to create augmented feature set
2025-07-30 03:31:26 - INFO - Generating counterfactuals for augmented target set
2025-07-30 03:31:26 - INFO - Original X train shape: (32000, 3)
2025-07-30 03:31:26 - INFO - Augmented X train shape: (40000, 3)
2025-07-30 03:31:26 - INFO - Combined X train shape: (72000, 3)
2025-07-30 03:31:26 - INFO - Training new xgboost model on augmented data

2025-07-30 03:31:27 - INFO - Best augmentation parameters:
{'max_n_features_to_perturb': 4, 'aug_data_size_factor': 1.25, 'aug_data_weight': 0.5, 'max_perturb_percent': 0.7000000000000001, 'min_perturb_percent': -0.7000000000000001}

2025-07-30 03:31:27 - INFO - Selected features to perturb: ['F0', 'F2', 'F1']

2025-07-30 03:31:27 - INFO - Intervening on features to create augmented feature set
2025-07-30 03:31:27 - INFO - Generating counterfactuals for augmented target set
2025-07-30 03:31:28 - INFO - Original X train shape: (40000, 3)
2025-07-30 03:31:28 - INFO - Augmented X train shape: (50000, 3)
2025-07-30 03:31:28 - INFO - Combined X train shape: (90000, 3)
2025-07-30 03:31:47 - INFO - Done cross-validation evaluation
2025-07-30 03:31:47 - INFO - The p-value from the Wilcoxon signed-rank test is: 0.0009765625

2025-07-30 03:31:48 - INFO - Evaluation metrics for the experiment:
2025-07-30 03:31:48 - INFO - Original MSE: 0.0013731263053785394, Augmented MSE: 0.0013488747207804567


2025-07-30 03:31:48 - INFO - ####################################################################################################
2025-07-30 03:31:48 - INFO - Interim results for seeds saved to ../experiments_synthetic/anm/xgboost_20250730-032438/interim_results/anm_data_sample_50000_interim_results.csv. Aggregating results for anm_data_sample_50000...
2025-07-30 03:31:48 - INFO - ****************************************************************************************************
2025-07-30 03:31:48 - INFO - Total time taken: 427.10 seconds
2025-07-30 03:31:48 - INFO - All results saved to ../experiments_synthetic/anm/xgboost_20250730-032438/results.csv
2025-07-30 03:31:48 - INFO - Results plot saved to ../experiments_synthetic/anm/xgboost_20250730-032438/results_mse_percent_delta.png
2025-07-30 04:06:22 - INFO - Experiment initialized with config:
Experiment Config (Name: xgboost_20250730-040622)
  timestamp: 20250730-040622
  dataset_path: ../data/complex_data.csv
  dataset_dir_path: None
  baseline: xgboost
  aug_data_size_factor: 1.0
  max_n_features_to_perturb: 5
  max_perturb_percent: 0.1
  min_perturb_percent: -0.1
  aug_data_weight: 0.9
  alpha: 0.05
  r_corr_threshold: 0.1
  p_corr_threshold: 0.05
  test_size: 0.2
  random_seed: 0
  num_seeds: 0
  p_wilcoxon_threshold: 0.05
  hyperparam_tune: False
  method_param_tune: True
  sample_sizes: [1000]
  ignore_filter: True
  results_dir: ../experiments_synthetic/complex
  save_plots: False
  save_models: False
  save_params: False
  experiment_dir: ../experiments_synthetic/complex/xgboost_20250730-040622
2025-07-30 04:06:22 - INFO - Loaded 1 datasets


2025-07-30 04:06:22 - INFO - 






****************************************************************************************************
2025-07-30 04:06:22 - INFO - Running experiment on dataset: complex_data_sample_1000
2025-07-30 04:06:22 - INFO - 



####################################################################################################
2025-07-30 04:06:22 - INFO - Running experiment on dataset: complex_data_sample_1000 with seed: 0
2025-07-30 04:06:22 - INFO - Training xgboost baseline model
2025-07-30 04:06:24 - INFO - Done training baseline model
2025-07-30 04:06:24 - INFO - Done calculating residuals

2025-07-30 04:06:24 - INFO - Filtering for features to perturb
2025-07-30 04:06:24 - INFO - Creating causal graph for complex_data_sample_1000
2025-07-30 04:06:24 - INFO - Features that are not connected to Z (conditional independence): ['F2', 'F1']
2025-07-30 04:06:24 - INFO - [Z vs F0]  r: 0.0821, p: 0.0094
2025-07-30 04:06:24 - INFO - [Z vs F1]  r: 0.0467, p: 0.1399
2025-07-30 04:06:24 - INFO - [Z vs F2]  r: 0.0410, p: 0.1947
2025-07-30 04:06:24 - INFO - Candidates (uncorrelated + not connected to Z): ['F2', 'F1']
2025-07-30 04:06:24 - INFO - Ranked candidate features:
  feature     score  r_with_T  r_with_Z
0      F2 -0.017059  0.023979  0.041038
1      F1 -0.021899  0.024817  0.046717
2025-07-30 04:06:24 - INFO - Done filtering.

2025-07-30 04:06:24 - INFO - Selected features to perturb: ['F2', 'F1']

2025-07-30 04:06:24 - INFO - Intervening on features to create augmented feature set
2025-07-30 04:06:24 - INFO - Generating counterfactuals for augmented target set
2025-07-30 04:06:24 - INFO - Original X train shape: (640, 3)
2025-07-30 04:06:24 - INFO - Augmented X train shape: (800, 3)
2025-07-30 04:06:24 - INFO - Combined X train shape: (1440, 3)
2025-07-30 04:06:24 - INFO - Training new xgboost model on augmented data

2025-07-30 04:06:24 - INFO - Selected features to perturb: ['F2', 'F1']

2025-07-30 04:06:24 - INFO - Intervening on features to create augmented feature set
2025-07-30 04:06:24 - INFO - Generating counterfactuals for augmented target set
2025-07-30 04:06:24 - INFO - Original X train shape: (640, 3)
2025-07-30 04:06:24 - INFO - Augmented X train shape: (800, 3)
2025-07-30 04:06:24 - INFO - Combined X train shape: (1440, 3)
2025-07-30 04:06:24 - INFO - Training new xgboost model on augmented data

2025-07-30 04:06:25 - INFO - Selected features to perturb: ['F2', 'F1']

2025-07-30 04:06:25 - INFO - Intervening on features to create augmented feature set
2025-07-30 04:06:25 - INFO - Generating counterfactuals for augmented target set
2025-07-30 04:06:25 - INFO - Original X train shape: (640, 3)
2025-07-30 04:06:25 - INFO - Augmented X train shape: (480, 3)
2025-07-30 04:06:25 - INFO - Combined X train shape: (1120, 3)
2025-07-30 04:06:25 - INFO - Training new xgboost model on augmented data

2025-07-30 04:06:26 - INFO - Selected features to perturb: ['F2', 'F1']

2025-07-30 04:06:26 - INFO - Intervening on features to create augmented feature set
2025-07-30 04:06:26 - INFO - Generating counterfactuals for augmented target set
2025-07-30 04:06:26 - INFO - Original X train shape: (640, 3)
2025-07-30 04:06:26 - INFO - Augmented X train shape: (960, 3)
2025-07-30 04:06:26 - INFO - Combined X train shape: (1600, 3)
2025-07-30 04:06:26 - INFO - Training new xgboost model on augmented data

2025-07-30 04:06:27 - INFO - Selected features to perturb: ['F2']

2025-07-30 04:06:27 - INFO - Intervening on features to create augmented feature set
2025-07-30 04:06:27 - INFO - Generating counterfactuals for augmented target set
2025-07-30 04:06:27 - INFO - Original X train shape: (640, 3)
2025-07-30 04:06:27 - INFO - Augmented X train shape: (960, 3)
2025-07-30 04:06:27 - INFO - Combined X train shape: (1600, 3)
2025-07-30 04:06:27 - INFO - Training new xgboost model on augmented data

2025-07-30 04:06:27 - INFO - Selected features to perturb: ['F2', 'F1']

2025-07-30 04:06:27 - INFO - Intervening on features to create augmented feature set
2025-07-30 04:06:27 - INFO - Generating counterfactuals for augmented target set
2025-07-30 04:06:27 - INFO - Original X train shape: (640, 3)
2025-07-30 04:06:27 - INFO - Augmented X train shape: (800, 3)
2025-07-30 04:06:27 - INFO - Combined X train shape: (1440, 3)
2025-07-30 04:06:27 - INFO - Training new xgboost model on augmented data

2025-07-30 04:06:28 - INFO - Selected features to perturb: ['F2']

2025-07-30 04:06:28 - INFO - Intervening on features to create augmented feature set
2025-07-30 04:06:28 - INFO - Generating counterfactuals for augmented target set
2025-07-30 04:06:28 - INFO - Original X train shape: (640, 3)
2025-07-30 04:06:28 - INFO - Augmented X train shape: (800, 3)
2025-07-30 04:06:28 - INFO - Combined X train shape: (1440, 3)
2025-07-30 04:06:28 - INFO - Training new xgboost model on augmented data

2025-07-30 04:06:29 - INFO - Selected features to perturb: ['F2', 'F1']

2025-07-30 04:06:29 - INFO - Intervening on features to create augmented feature set
2025-07-30 04:06:29 - INFO - Generating counterfactuals for augmented target set
2025-07-30 04:06:29 - INFO - Original X train shape: (640, 3)
2025-07-30 04:06:29 - INFO - Augmented X train shape: (640, 3)
2025-07-30 04:06:29 - INFO - Combined X train shape: (1280, 3)
2025-07-30 04:06:29 - INFO - Training new xgboost model on augmented data

2025-07-30 04:06:30 - INFO - Selected features to perturb: ['F2', 'F1']

2025-07-30 04:06:30 - INFO - Intervening on features to create augmented feature set
2025-07-30 04:06:30 - INFO - Generating counterfactuals for augmented target set
2025-07-30 04:06:30 - INFO - Original X train shape: (640, 3)
2025-07-30 04:06:30 - INFO - Augmented X train shape: (640, 3)
2025-07-30 04:06:30 - INFO - Combined X train shape: (1280, 3)
2025-07-30 04:06:30 - INFO - Training new xgboost model on augmented data

2025-07-30 04:06:31 - INFO - Selected features to perturb: ['F2', 'F1']

2025-07-30 04:06:31 - INFO - Intervening on features to create augmented feature set
2025-07-30 04:06:31 - INFO - Generating counterfactuals for augmented target set
2025-07-30 04:06:31 - INFO - Original X train shape: (640, 3)
2025-07-30 04:06:31 - INFO - Augmented X train shape: (800, 3)
2025-07-30 04:06:31 - INFO - Combined X train shape: (1440, 3)
2025-07-30 04:06:31 - INFO - Training new xgboost model on augmented data

2025-07-30 04:06:32 - INFO - Selected features to perturb: ['F2', 'F1']

2025-07-30 04:06:32 - INFO - Intervening on features to create augmented feature set
2025-07-30 04:06:32 - INFO - Generating counterfactuals for augmented target set
2025-07-30 04:06:32 - INFO - Original X train shape: (640, 3)
2025-07-30 04:06:32 - INFO - Augmented X train shape: (320, 3)
2025-07-30 04:06:32 - INFO - Combined X train shape: (960, 3)
2025-07-30 04:06:32 - INFO - Training new xgboost model on augmented data

2025-07-30 04:06:33 - INFO - Selected features to perturb: ['F2', 'F1']

2025-07-30 04:06:33 - INFO - Intervening on features to create augmented feature set
2025-07-30 04:06:33 - INFO - Generating counterfactuals for augmented target set
2025-07-30 04:06:33 - INFO - Original X train shape: (640, 3)
2025-07-30 04:06:33 - INFO - Augmented X train shape: (640, 3)
2025-07-30 04:06:33 - INFO - Combined X train shape: (1280, 3)
2025-07-30 04:06:33 - INFO - Training new xgboost model on augmented data

2025-07-30 04:06:33 - INFO - Selected features to perturb: ['F2', 'F1']

2025-07-30 04:06:33 - INFO - Intervening on features to create augmented feature set
2025-07-30 04:06:33 - INFO - Generating counterfactuals for augmented target set
2025-07-30 04:06:33 - INFO - Original X train shape: (640, 3)
2025-07-30 04:06:33 - INFO - Augmented X train shape: (480, 3)
2025-07-30 04:06:33 - INFO - Combined X train shape: (1120, 3)
2025-07-30 04:06:33 - INFO - Training new xgboost model on augmented data

2025-07-30 04:06:34 - INFO - Selected features to perturb: ['F2', 'F1']

2025-07-30 04:06:34 - INFO - Intervening on features to create augmented feature set
2025-07-30 04:06:34 - INFO - Generating counterfactuals for augmented target set
2025-07-30 04:06:34 - INFO - Original X train shape: (640, 3)
2025-07-30 04:06:34 - INFO - Augmented X train shape: (480, 3)
2025-07-30 04:06:34 - INFO - Combined X train shape: (1120, 3)
2025-07-30 04:06:34 - INFO - Training new xgboost model on augmented data

2025-07-30 04:06:36 - INFO - Selected features to perturb: ['F2', 'F1']

2025-07-30 04:06:36 - INFO - Intervening on features to create augmented feature set
2025-07-30 04:06:36 - INFO - Generating counterfactuals for augmented target set
2025-07-30 04:06:36 - INFO - Original X train shape: (640, 3)
2025-07-30 04:06:36 - INFO - Augmented X train shape: (640, 3)
2025-07-30 04:06:36 - INFO - Combined X train shape: (1280, 3)
2025-07-30 04:06:36 - INFO - Training new xgboost model on augmented data

2025-07-30 04:06:38 - INFO - Selected features to perturb: ['F2', 'F1']

2025-07-30 04:06:38 - INFO - Intervening on features to create augmented feature set
2025-07-30 04:06:38 - INFO - Generating counterfactuals for augmented target set
2025-07-30 04:06:38 - INFO - Original X train shape: (640, 3)
2025-07-30 04:06:38 - INFO - Augmented X train shape: (960, 3)
2025-07-30 04:06:38 - INFO - Combined X train shape: (1600, 3)
2025-07-30 04:06:38 - INFO - Training new xgboost model on augmented data

2025-07-30 04:06:38 - INFO - Selected features to perturb: ['F2', 'F1']

2025-07-30 04:06:38 - INFO - Intervening on features to create augmented feature set
2025-07-30 04:06:38 - INFO - Generating counterfactuals for augmented target set
2025-07-30 04:06:38 - INFO - Original X train shape: (640, 3)
2025-07-30 04:06:38 - INFO - Augmented X train shape: (960, 3)
2025-07-30 04:06:38 - INFO - Combined X train shape: (1600, 3)
2025-07-30 04:06:38 - INFO - Training new xgboost model on augmented data

2025-07-30 04:06:39 - INFO - Selected features to perturb: ['F2']

2025-07-30 04:06:39 - INFO - Intervening on features to create augmented feature set
2025-07-30 04:06:39 - INFO - Generating counterfactuals for augmented target set
2025-07-30 04:06:39 - INFO - Original X train shape: (640, 3)
2025-07-30 04:06:39 - INFO - Augmented X train shape: (320, 3)
2025-07-30 04:06:39 - INFO - Combined X train shape: (960, 3)
2025-07-30 04:06:39 - INFO - Training new xgboost model on augmented data

2025-07-30 04:06:40 - INFO - Selected features to perturb: ['F2', 'F1']

2025-07-30 04:06:40 - INFO - Intervening on features to create augmented feature set
2025-07-30 04:06:40 - INFO - Generating counterfactuals for augmented target set
2025-07-30 04:06:40 - INFO - Original X train shape: (640, 3)
2025-07-30 04:06:40 - INFO - Augmented X train shape: (640, 3)
2025-07-30 04:06:40 - INFO - Combined X train shape: (1280, 3)
2025-07-30 04:06:40 - INFO - Training new xgboost model on augmented data

2025-07-30 04:06:41 - INFO - Selected features to perturb: ['F2', 'F1']

2025-07-30 04:06:41 - INFO - Intervening on features to create augmented feature set
2025-07-30 04:06:41 - INFO - Generating counterfactuals for augmented target set
2025-07-30 04:06:41 - INFO - Original X train shape: (640, 3)
2025-07-30 04:06:41 - INFO - Augmented X train shape: (480, 3)
2025-07-30 04:06:41 - INFO - Combined X train shape: (1120, 3)
2025-07-30 04:06:41 - INFO - Training new xgboost model on augmented data

2025-07-30 04:06:42 - INFO - Selected features to perturb: ['F2']

2025-07-30 04:06:42 - INFO - Intervening on features to create augmented feature set
2025-07-30 04:06:42 - INFO - Generating counterfactuals for augmented target set
2025-07-30 04:06:42 - INFO - Original X train shape: (640, 3)
2025-07-30 04:06:42 - INFO - Augmented X train shape: (960, 3)
2025-07-30 04:06:42 - INFO - Combined X train shape: (1600, 3)
2025-07-30 04:06:42 - INFO - Training new xgboost model on augmented data

2025-07-30 04:06:42 - INFO - Selected features to perturb: ['F2', 'F1']

2025-07-30 04:06:42 - INFO - Intervening on features to create augmented feature set
2025-07-30 04:06:42 - INFO - Generating counterfactuals for augmented target set
2025-07-30 04:06:42 - INFO - Original X train shape: (640, 3)
2025-07-30 04:06:42 - INFO - Augmented X train shape: (800, 3)
2025-07-30 04:06:42 - INFO - Combined X train shape: (1440, 3)
2025-07-30 04:06:42 - INFO - Training new xgboost model on augmented data

2025-07-30 04:06:43 - INFO - Selected features to perturb: ['F2', 'F1']

2025-07-30 04:06:43 - INFO - Intervening on features to create augmented feature set
2025-07-30 04:06:43 - INFO - Generating counterfactuals for augmented target set
2025-07-30 04:06:43 - INFO - Original X train shape: (640, 3)
2025-07-30 04:06:43 - INFO - Augmented X train shape: (800, 3)
2025-07-30 04:06:43 - INFO - Combined X train shape: (1440, 3)
2025-07-30 04:06:43 - INFO - Training new xgboost model on augmented data

2025-07-30 04:06:44 - INFO - Selected features to perturb: ['F2', 'F1']

2025-07-30 04:06:44 - INFO - Intervening on features to create augmented feature set
2025-07-30 04:06:44 - INFO - Generating counterfactuals for augmented target set
2025-07-30 04:06:44 - INFO - Original X train shape: (640, 3)
2025-07-30 04:06:44 - INFO - Augmented X train shape: (960, 3)
2025-07-30 04:06:44 - INFO - Combined X train shape: (1600, 3)
2025-07-30 04:06:44 - INFO - Training new xgboost model on augmented data

2025-07-30 04:06:45 - INFO - Selected features to perturb: ['F2', 'F1']

2025-07-30 04:06:45 - INFO - Intervening on features to create augmented feature set
2025-07-30 04:06:45 - INFO - Generating counterfactuals for augmented target set
2025-07-30 04:06:45 - INFO - Original X train shape: (640, 3)
2025-07-30 04:06:45 - INFO - Augmented X train shape: (640, 3)
2025-07-30 04:06:45 - INFO - Combined X train shape: (1280, 3)
2025-07-30 04:06:45 - INFO - Training new xgboost model on augmented data

2025-07-30 04:06:46 - INFO - Selected features to perturb: ['F2', 'F1']

2025-07-30 04:06:46 - INFO - Intervening on features to create augmented feature set
2025-07-30 04:06:46 - INFO - Generating counterfactuals for augmented target set
2025-07-30 04:06:46 - INFO - Original X train shape: (640, 3)
2025-07-30 04:06:46 - INFO - Augmented X train shape: (800, 3)
2025-07-30 04:06:46 - INFO - Combined X train shape: (1440, 3)
2025-07-30 04:06:46 - INFO - Training new xgboost model on augmented data

2025-07-30 04:06:46 - INFO - Selected features to perturb: ['F2', 'F1']

2025-07-30 04:06:46 - INFO - Intervening on features to create augmented feature set
2025-07-30 04:06:46 - INFO - Generating counterfactuals for augmented target set
2025-07-30 04:06:46 - INFO - Original X train shape: (640, 3)
2025-07-30 04:06:46 - INFO - Augmented X train shape: (960, 3)
2025-07-30 04:06:46 - INFO - Combined X train shape: (1600, 3)
2025-07-30 04:06:46 - INFO - Training new xgboost model on augmented data

2025-07-30 04:06:47 - INFO - Selected features to perturb: ['F2']

2025-07-30 04:06:47 - INFO - Intervening on features to create augmented feature set
2025-07-30 04:06:47 - INFO - Generating counterfactuals for augmented target set
2025-07-30 04:06:47 - INFO - Original X train shape: (640, 3)
2025-07-30 04:06:47 - INFO - Augmented X train shape: (960, 3)
2025-07-30 04:06:47 - INFO - Combined X train shape: (1600, 3)
2025-07-30 04:06:47 - INFO - Training new xgboost model on augmented data

2025-07-30 04:06:48 - INFO - Selected features to perturb: ['F2', 'F1']

2025-07-30 04:06:48 - INFO - Intervening on features to create augmented feature set
2025-07-30 04:06:48 - INFO - Generating counterfactuals for augmented target set
2025-07-30 04:06:48 - INFO - Original X train shape: (640, 3)
2025-07-30 04:06:48 - INFO - Augmented X train shape: (960, 3)
2025-07-30 04:06:48 - INFO - Combined X train shape: (1600, 3)
2025-07-30 04:06:48 - INFO - Training new xgboost model on augmented data

2025-07-30 04:06:49 - INFO - Selected features to perturb: ['F2', 'F1']

2025-07-30 04:06:49 - INFO - Intervening on features to create augmented feature set
2025-07-30 04:06:49 - INFO - Generating counterfactuals for augmented target set
2025-07-30 04:06:49 - INFO - Original X train shape: (640, 3)
2025-07-30 04:06:49 - INFO - Augmented X train shape: (640, 3)
2025-07-30 04:06:49 - INFO - Combined X train shape: (1280, 3)
2025-07-30 04:06:49 - INFO - Training new xgboost model on augmented data

2025-07-30 04:06:49 - INFO - Best augmentation parameters:
{'max_n_features_to_perturb': 2, 'aug_data_size_factor': 1.0, 'aug_data_weight': 0.75, 'max_perturb_percent': 0.4, 'min_perturb_percent': -0.4}

2025-07-30 04:06:49 - INFO - Selected features to perturb: ['F2', 'F1']

2025-07-30 04:06:49 - INFO - Intervening on features to create augmented feature set
2025-07-30 04:06:49 - INFO - Generating counterfactuals for augmented target set
2025-07-30 04:06:49 - INFO - Original X train shape: (800, 3)
2025-07-30 04:06:49 - INFO - Augmented X train shape: (800, 3)
2025-07-30 04:06:49 - INFO - Combined X train shape: (1600, 3)
2025-07-30 04:06:59 - INFO - Done cross-validation evaluation
2025-07-30 04:06:59 - INFO - The p-value from the Wilcoxon signed-rank test is: 0.0009765625

2025-07-30 04:06:59 - INFO - Evaluation metrics for the experiment:
2025-07-30 04:06:59 - INFO - Original MSE: 0.008026977379950076, Augmented MSE: 0.007978872132873804


2025-07-30 04:06:59 - INFO - ####################################################################################################
2025-07-30 04:06:59 - INFO - Interim results for seeds saved to ../experiments_synthetic/complex/xgboost_20250730-040622/interim_results/complex_data_sample_1000_interim_results.csv. Aggregating results for complex_data_sample_1000...
2025-07-30 04:06:59 - INFO - ****************************************************************************************************
2025-07-30 04:06:59 - INFO - Total time taken: 36.71 seconds
2025-07-30 04:06:59 - INFO - All results saved to ../experiments_synthetic/complex/xgboost_20250730-040622/results.csv
2025-07-30 04:06:59 - INFO - Results plot saved to ../experiments_synthetic/complex/xgboost_20250730-040622/results_mse_percent_delta.png
2025-07-30 04:08:37 - INFO - Experiment initialized with config:
Experiment Config (Name: xgboost_20250730-040837)
  timestamp: 20250730-040837
  dataset_path: ../data/complex_data.csv
  dataset_dir_path: None
  baseline: xgboost
  aug_data_size_factor: 1.0
  max_n_features_to_perturb: 5
  max_perturb_percent: 0.1
  min_perturb_percent: -0.1
  aug_data_weight: 0.9
  alpha: 0.05
  r_corr_threshold: 0.1
  p_corr_threshold: 0.05
  test_size: 0.2
  random_seed: 0
  num_seeds: 0
  p_wilcoxon_threshold: 0.05
  hyperparam_tune: False
  method_param_tune: True
  sample_sizes: [10000]
  ignore_filter: True
  results_dir: ../experiments_synthetic/complex
  save_plots: False
  save_models: False
  save_params: False
  experiment_dir: ../experiments_synthetic/complex/xgboost_20250730-040837
2025-07-30 04:08:37 - INFO - Loaded 1 datasets


2025-07-30 04:08:37 - INFO - 






****************************************************************************************************
2025-07-30 04:08:37 - INFO - Running experiment on dataset: complex_data_sample_10000
2025-07-30 04:08:37 - INFO - 



####################################################################################################
2025-07-30 04:08:37 - INFO - Running experiment on dataset: complex_data_sample_10000 with seed: 0
2025-07-30 04:08:37 - INFO - Training xgboost baseline model
2025-07-30 04:08:39 - INFO - Done training baseline model
2025-07-30 04:08:39 - INFO - Done calculating residuals

2025-07-30 04:08:39 - INFO - Filtering for features to perturb
2025-07-30 04:08:39 - INFO - Creating causal graph for complex_data_sample_10000
2025-07-30 04:08:39 - INFO - Features that are not connected to Z (conditional independence): ['F2', 'F0', 'F1']
2025-07-30 04:08:39 - INFO - [Z vs F0]  r: 0.0184, p: 0.0659
2025-07-30 04:08:39 - INFO - [Z vs F1]  r: -0.0037, p: 0.7095
2025-07-30 04:08:39 - INFO - [Z vs F2]  r: 0.0093, p: 0.3532
2025-07-30 04:08:39 - INFO - Candidates (uncorrelated + not connected to Z): ['F2', 'F0', 'F1']
2025-07-30 04:08:39 - INFO - Ranked candidate features:
  feature     score  r_with_T  r_with_Z
0      F2  0.008425 -0.017709  0.009284
2      F1 -0.001742  0.001984 -0.003725
1      F0 -0.010122  0.008270  0.018392
2025-07-30 04:08:39 - INFO - Done filtering.

2025-07-30 04:08:39 - INFO - Selected features to perturb: ['F2', 'F1', 'F0']

2025-07-30 04:08:39 - INFO - Intervening on features to create augmented feature set
2025-07-30 04:08:39 - INFO - Generating counterfactuals for augmented target set
2025-07-30 04:08:39 - INFO - Original X train shape: (6400, 3)
2025-07-30 04:08:39 - INFO - Augmented X train shape: (8000, 3)
2025-07-30 04:08:39 - INFO - Combined X train shape: (14400, 3)
2025-07-30 04:08:39 - INFO - Training new xgboost model on augmented data

2025-07-30 04:08:40 - INFO - Selected features to perturb: ['F2', 'F1', 'F0']

2025-07-30 04:08:40 - INFO - Intervening on features to create augmented feature set
2025-07-30 04:08:40 - INFO - Generating counterfactuals for augmented target set
2025-07-30 04:08:40 - INFO - Original X train shape: (6400, 3)
2025-07-30 04:08:40 - INFO - Augmented X train shape: (8000, 3)
2025-07-30 04:08:40 - INFO - Combined X train shape: (14400, 3)
2025-07-30 04:08:40 - INFO - Training new xgboost model on augmented data

2025-07-30 04:08:41 - INFO - Selected features to perturb: ['F2', 'F1', 'F0']

2025-07-30 04:08:41 - INFO - Intervening on features to create augmented feature set
2025-07-30 04:08:41 - INFO - Generating counterfactuals for augmented target set
2025-07-30 04:08:41 - INFO - Original X train shape: (6400, 3)
2025-07-30 04:08:41 - INFO - Augmented X train shape: (4800, 3)
2025-07-30 04:08:41 - INFO - Combined X train shape: (11200, 3)
2025-07-30 04:08:41 - INFO - Training new xgboost model on augmented data

2025-07-30 04:08:42 - INFO - Selected features to perturb: ['F2', 'F1', 'F0']

2025-07-30 04:08:42 - INFO - Intervening on features to create augmented feature set
2025-07-30 04:08:42 - INFO - Generating counterfactuals for augmented target set
2025-07-30 04:08:42 - INFO - Original X train shape: (6400, 3)
2025-07-30 04:08:42 - INFO - Augmented X train shape: (9600, 3)
2025-07-30 04:08:42 - INFO - Combined X train shape: (16000, 3)
2025-07-30 04:08:42 - INFO - Training new xgboost model on augmented data

2025-07-30 04:08:43 - INFO - Selected features to perturb: ['F2']

2025-07-30 04:08:43 - INFO - Intervening on features to create augmented feature set
2025-07-30 04:08:43 - INFO - Generating counterfactuals for augmented target set
2025-07-30 04:08:43 - INFO - Original X train shape: (6400, 3)
2025-07-30 04:08:43 - INFO - Augmented X train shape: (9600, 3)
2025-07-30 04:08:43 - INFO - Combined X train shape: (16000, 3)
2025-07-30 04:08:43 - INFO - Training new xgboost model on augmented data

2025-07-30 04:08:44 - INFO - Selected features to perturb: ['F2', 'F1', 'F0']

2025-07-30 04:08:44 - INFO - Intervening on features to create augmented feature set
2025-07-30 04:08:44 - INFO - Generating counterfactuals for augmented target set
2025-07-30 04:08:44 - INFO - Original X train shape: (6400, 3)
2025-07-30 04:08:44 - INFO - Augmented X train shape: (8000, 3)
2025-07-30 04:08:44 - INFO - Combined X train shape: (14400, 3)
2025-07-30 04:08:44 - INFO - Training new xgboost model on augmented data

2025-07-30 04:08:45 - INFO - Selected features to perturb: ['F2']

2025-07-30 04:08:45 - INFO - Intervening on features to create augmented feature set
2025-07-30 04:08:45 - INFO - Generating counterfactuals for augmented target set
2025-07-30 04:08:45 - INFO - Original X train shape: (6400, 3)
2025-07-30 04:08:45 - INFO - Augmented X train shape: (8000, 3)
2025-07-30 04:08:45 - INFO - Combined X train shape: (14400, 3)
2025-07-30 04:08:45 - INFO - Training new xgboost model on augmented data

2025-07-30 04:08:46 - INFO - Selected features to perturb: ['F2', 'F1', 'F0']

2025-07-30 04:08:46 - INFO - Intervening on features to create augmented feature set
2025-07-30 04:08:46 - INFO - Generating counterfactuals for augmented target set
2025-07-30 04:08:46 - INFO - Original X train shape: (6400, 3)
2025-07-30 04:08:46 - INFO - Augmented X train shape: (6400, 3)
2025-07-30 04:08:46 - INFO - Combined X train shape: (12800, 3)
2025-07-30 04:08:46 - INFO - Training new xgboost model on augmented data

2025-07-30 04:08:47 - INFO - Selected features to perturb: ['F2', 'F1', 'F0']

2025-07-30 04:08:47 - INFO - Intervening on features to create augmented feature set
2025-07-30 04:08:47 - INFO - Generating counterfactuals for augmented target set
2025-07-30 04:08:47 - INFO - Original X train shape: (6400, 3)
2025-07-30 04:08:47 - INFO - Augmented X train shape: (6400, 3)
2025-07-30 04:08:47 - INFO - Combined X train shape: (12800, 3)
2025-07-30 04:08:47 - INFO - Training new xgboost model on augmented data

2025-07-30 04:08:48 - INFO - Selected features to perturb: ['F2', 'F1', 'F0']

2025-07-30 04:08:48 - INFO - Intervening on features to create augmented feature set
2025-07-30 04:08:48 - INFO - Generating counterfactuals for augmented target set
2025-07-30 04:08:48 - INFO - Original X train shape: (6400, 3)
2025-07-30 04:08:48 - INFO - Augmented X train shape: (8000, 3)
2025-07-30 04:08:48 - INFO - Combined X train shape: (14400, 3)
2025-07-30 04:08:48 - INFO - Training new xgboost model on augmented data

2025-07-30 04:08:49 - INFO - Selected features to perturb: ['F2', 'F1', 'F0']

2025-07-30 04:08:49 - INFO - Intervening on features to create augmented feature set
2025-07-30 04:08:49 - INFO - Generating counterfactuals for augmented target set
2025-07-30 04:08:49 - INFO - Original X train shape: (6400, 3)
2025-07-30 04:08:49 - INFO - Augmented X train shape: (3200, 3)
2025-07-30 04:08:49 - INFO - Combined X train shape: (9600, 3)
2025-07-30 04:08:49 - INFO - Training new xgboost model on augmented data

2025-07-30 04:08:50 - INFO - Selected features to perturb: ['F2', 'F1', 'F0']

2025-07-30 04:08:50 - INFO - Intervening on features to create augmented feature set
2025-07-30 04:08:50 - INFO - Generating counterfactuals for augmented target set
2025-07-30 04:08:50 - INFO - Original X train shape: (6400, 3)
2025-07-30 04:08:50 - INFO - Augmented X train shape: (8000, 3)
2025-07-30 04:08:50 - INFO - Combined X train shape: (14400, 3)
2025-07-30 04:08:50 - INFO - Training new xgboost model on augmented data

2025-07-30 04:08:51 - INFO - Selected features to perturb: ['F2', 'F1']

2025-07-30 04:08:51 - INFO - Intervening on features to create augmented feature set
2025-07-30 04:08:51 - INFO - Generating counterfactuals for augmented target set
2025-07-30 04:08:51 - INFO - Original X train shape: (6400, 3)
2025-07-30 04:08:51 - INFO - Augmented X train shape: (9600, 3)
2025-07-30 04:08:51 - INFO - Combined X train shape: (16000, 3)
2025-07-30 04:08:51 - INFO - Training new xgboost model on augmented data

2025-07-30 04:08:52 - INFO - Selected features to perturb: ['F2', 'F1']

2025-07-30 04:08:52 - INFO - Intervening on features to create augmented feature set
2025-07-30 04:08:52 - INFO - Generating counterfactuals for augmented target set
2025-07-30 04:08:52 - INFO - Original X train shape: (6400, 3)
2025-07-30 04:08:52 - INFO - Augmented X train shape: (9600, 3)
2025-07-30 04:08:52 - INFO - Combined X train shape: (16000, 3)
2025-07-30 04:08:52 - INFO - Training new xgboost model on augmented data

2025-07-30 04:08:53 - INFO - Selected features to perturb: ['F2', 'F1']

2025-07-30 04:08:53 - INFO - Intervening on features to create augmented feature set
2025-07-30 04:08:53 - INFO - Generating counterfactuals for augmented target set
2025-07-30 04:08:53 - INFO - Original X train shape: (6400, 3)
2025-07-30 04:08:53 - INFO - Augmented X train shape: (9600, 3)
2025-07-30 04:08:53 - INFO - Combined X train shape: (16000, 3)
2025-07-30 04:08:53 - INFO - Training new xgboost model on augmented data

2025-07-30 04:08:54 - INFO - Selected features to perturb: ['F2', 'F1']

2025-07-30 04:08:54 - INFO - Intervening on features to create augmented feature set
2025-07-30 04:08:54 - INFO - Generating counterfactuals for augmented target set
2025-07-30 04:08:54 - INFO - Original X train shape: (6400, 3)
2025-07-30 04:08:54 - INFO - Augmented X train shape: (4800, 3)
2025-07-30 04:08:54 - INFO - Combined X train shape: (11200, 3)
2025-07-30 04:08:54 - INFO - Training new xgboost model on augmented data

2025-07-30 04:08:55 - INFO - Selected features to perturb: ['F2', 'F1', 'F0']

2025-07-30 04:08:55 - INFO - Intervening on features to create augmented feature set
2025-07-30 04:08:55 - INFO - Generating counterfactuals for augmented target set
2025-07-30 04:08:55 - INFO - Original X train shape: (6400, 3)
2025-07-30 04:08:55 - INFO - Augmented X train shape: (9600, 3)
2025-07-30 04:08:55 - INFO - Combined X train shape: (16000, 3)
2025-07-30 04:08:55 - INFO - Training new xgboost model on augmented data

2025-07-30 04:08:56 - INFO - Selected features to perturb: ['F2', 'F1', 'F0']

2025-07-30 04:08:56 - INFO - Intervening on features to create augmented feature set
2025-07-30 04:08:56 - INFO - Generating counterfactuals for augmented target set
2025-07-30 04:08:56 - INFO - Original X train shape: (6400, 3)
2025-07-30 04:08:56 - INFO - Augmented X train shape: (6400, 3)
2025-07-30 04:08:56 - INFO - Combined X train shape: (12800, 3)
2025-07-30 04:08:56 - INFO - Training new xgboost model on augmented data

2025-07-30 04:08:57 - INFO - Selected features to perturb: ['F2', 'F1']

2025-07-30 04:08:57 - INFO - Intervening on features to create augmented feature set
2025-07-30 04:08:57 - INFO - Generating counterfactuals for augmented target set
2025-07-30 04:08:57 - INFO - Original X train shape: (6400, 3)
2025-07-30 04:08:57 - INFO - Augmented X train shape: (8000, 3)
2025-07-30 04:08:57 - INFO - Combined X train shape: (14400, 3)
2025-07-30 04:08:57 - INFO - Training new xgboost model on augmented data

2025-07-30 04:08:58 - INFO - Selected features to perturb: ['F2', 'F1', 'F0']

2025-07-30 04:08:58 - INFO - Intervening on features to create augmented feature set
2025-07-30 04:08:58 - INFO - Generating counterfactuals for augmented target set
2025-07-30 04:08:58 - INFO - Original X train shape: (6400, 3)
2025-07-30 04:08:58 - INFO - Augmented X train shape: (4800, 3)
2025-07-30 04:08:58 - INFO - Combined X train shape: (11200, 3)
2025-07-30 04:08:58 - INFO - Training new xgboost model on augmented data

2025-07-30 04:08:59 - INFO - Selected features to perturb: ['F2']

2025-07-30 04:08:59 - INFO - Intervening on features to create augmented feature set
2025-07-30 04:08:59 - INFO - Generating counterfactuals for augmented target set
2025-07-30 04:08:59 - INFO - Original X train shape: (6400, 3)
2025-07-30 04:08:59 - INFO - Augmented X train shape: (9600, 3)
2025-07-30 04:08:59 - INFO - Combined X train shape: (16000, 3)
2025-07-30 04:08:59 - INFO - Training new xgboost model on augmented data

2025-07-30 04:09:01 - INFO - Selected features to perturb: ['F2', 'F1', 'F0']

2025-07-30 04:09:01 - INFO - Intervening on features to create augmented feature set
2025-07-30 04:09:01 - INFO - Generating counterfactuals for augmented target set
2025-07-30 04:09:01 - INFO - Original X train shape: (6400, 3)
2025-07-30 04:09:01 - INFO - Augmented X train shape: (8000, 3)
2025-07-30 04:09:01 - INFO - Combined X train shape: (14400, 3)
2025-07-30 04:09:01 - INFO - Training new xgboost model on augmented data

2025-07-30 04:09:03 - INFO - Selected features to perturb: ['F2', 'F1', 'F0']

2025-07-30 04:09:03 - INFO - Intervening on features to create augmented feature set
2025-07-30 04:09:03 - INFO - Generating counterfactuals for augmented target set
2025-07-30 04:09:03 - INFO - Original X train shape: (6400, 3)
2025-07-30 04:09:03 - INFO - Augmented X train shape: (8000, 3)
2025-07-30 04:09:03 - INFO - Combined X train shape: (14400, 3)
2025-07-30 04:09:03 - INFO - Training new xgboost model on augmented data

2025-07-30 04:09:04 - INFO - Selected features to perturb: ['F2', 'F1']

2025-07-30 04:09:04 - INFO - Intervening on features to create augmented feature set
2025-07-30 04:09:04 - INFO - Generating counterfactuals for augmented target set
2025-07-30 04:09:04 - INFO - Original X train shape: (6400, 3)
2025-07-30 04:09:04 - INFO - Augmented X train shape: (6400, 3)
2025-07-30 04:09:04 - INFO - Combined X train shape: (12800, 3)
2025-07-30 04:09:04 - INFO - Training new xgboost model on augmented data

2025-07-30 04:09:06 - INFO - Selected features to perturb: ['F2', 'F1', 'F0']

2025-07-30 04:09:06 - INFO - Intervening on features to create augmented feature set
2025-07-30 04:09:06 - INFO - Generating counterfactuals for augmented target set
2025-07-30 04:09:06 - INFO - Original X train shape: (6400, 3)
2025-07-30 04:09:06 - INFO - Augmented X train shape: (8000, 3)
2025-07-30 04:09:06 - INFO - Combined X train shape: (14400, 3)
2025-07-30 04:09:06 - INFO - Training new xgboost model on augmented data

2025-07-30 04:09:08 - INFO - Selected features to perturb: ['F2', 'F1']

2025-07-30 04:09:08 - INFO - Intervening on features to create augmented feature set
2025-07-30 04:09:08 - INFO - Generating counterfactuals for augmented target set
2025-07-30 04:09:08 - INFO - Original X train shape: (6400, 3)
2025-07-30 04:09:08 - INFO - Augmented X train shape: (9600, 3)
2025-07-30 04:09:08 - INFO - Combined X train shape: (16000, 3)
2025-07-30 04:09:08 - INFO - Training new xgboost model on augmented data

2025-07-30 04:09:09 - INFO - Selected features to perturb: ['F2', 'F1', 'F0']

2025-07-30 04:09:09 - INFO - Intervening on features to create augmented feature set
2025-07-30 04:09:09 - INFO - Generating counterfactuals for augmented target set
2025-07-30 04:09:09 - INFO - Original X train shape: (6400, 3)
2025-07-30 04:09:09 - INFO - Augmented X train shape: (8000, 3)
2025-07-30 04:09:09 - INFO - Combined X train shape: (14400, 3)
2025-07-30 04:09:09 - INFO - Training new xgboost model on augmented data

2025-07-30 04:09:10 - INFO - Selected features to perturb: ['F2', 'F1', 'F0']

2025-07-30 04:09:10 - INFO - Intervening on features to create augmented feature set
2025-07-30 04:09:10 - INFO - Generating counterfactuals for augmented target set
2025-07-30 04:09:10 - INFO - Original X train shape: (6400, 3)
2025-07-30 04:09:10 - INFO - Augmented X train shape: (9600, 3)
2025-07-30 04:09:10 - INFO - Combined X train shape: (16000, 3)
2025-07-30 04:09:10 - INFO - Training new xgboost model on augmented data

2025-07-30 04:09:11 - INFO - Selected features to perturb: ['F2', 'F1', 'F0']

2025-07-30 04:09:11 - INFO - Intervening on features to create augmented feature set
2025-07-30 04:09:11 - INFO - Generating counterfactuals for augmented target set
2025-07-30 04:09:11 - INFO - Original X train shape: (6400, 3)
2025-07-30 04:09:11 - INFO - Augmented X train shape: (6400, 3)
2025-07-30 04:09:11 - INFO - Combined X train shape: (12800, 3)
2025-07-30 04:09:11 - INFO - Training new xgboost model on augmented data

2025-07-30 04:09:12 - INFO - Selected features to perturb: ['F2', 'F1', 'F0']

2025-07-30 04:09:12 - INFO - Intervening on features to create augmented feature set
2025-07-30 04:09:12 - INFO - Generating counterfactuals for augmented target set
2025-07-30 04:09:12 - INFO - Original X train shape: (6400, 3)
2025-07-30 04:09:12 - INFO - Augmented X train shape: (8000, 3)
2025-07-30 04:09:12 - INFO - Combined X train shape: (14400, 3)
2025-07-30 04:09:12 - INFO - Training new xgboost model on augmented data

2025-07-30 04:09:13 - INFO - Best augmentation parameters:
{'max_n_features_to_perturb': 3, 'aug_data_size_factor': 1.25, 'aug_data_weight': 0.75, 'max_perturb_percent': 0.6, 'min_perturb_percent': -0.6}

2025-07-30 04:09:13 - INFO - Selected features to perturb: ['F2', 'F1', 'F0']

2025-07-30 04:09:13 - INFO - Intervening on features to create augmented feature set
2025-07-30 04:09:13 - INFO - Generating counterfactuals for augmented target set
2025-07-30 04:09:13 - INFO - Original X train shape: (8000, 3)
2025-07-30 04:09:13 - INFO - Augmented X train shape: (10000, 3)
2025-07-30 04:09:13 - INFO - Combined X train shape: (18000, 3)
2025-07-30 04:09:23 - INFO - Done cross-validation evaluation
2025-07-30 04:09:23 - INFO - The p-value from the Wilcoxon signed-rank test is: 0.0009765625

2025-07-30 04:09:23 - INFO - Evaluation metrics for the experiment:
2025-07-30 04:09:23 - INFO - Original MSE: 0.0028734236107392894, Augmented MSE: 0.002765468947305451


2025-07-30 04:09:23 - INFO - ####################################################################################################
2025-07-30 04:09:23 - INFO - Interim results for seeds saved to ../experiments_synthetic/complex/xgboost_20250730-040837/interim_results/complex_data_sample_10000_interim_results.csv. Aggregating results for complex_data_sample_10000...
2025-07-30 04:09:23 - INFO - ****************************************************************************************************
2025-07-30 04:09:23 - INFO - Total time taken: 46.13 seconds
2025-07-30 04:09:23 - INFO - All results saved to ../experiments_synthetic/complex/xgboost_20250730-040837/results.csv
2025-07-30 04:09:24 - INFO - Results plot saved to ../experiments_synthetic/complex/xgboost_20250730-040837/results_mse_percent_delta.png
2025-07-30 04:11:53 - INFO - Experiment initialized with config:
Experiment Config (Name: xgboost_20250730-041153)
  timestamp: 20250730-041153
  dataset_path: ../data/complex_data.csv
  dataset_dir_path: None
  baseline: xgboost
  aug_data_size_factor: 1.0
  max_n_features_to_perturb: 5
  max_perturb_percent: 0.1
  min_perturb_percent: -0.1
  aug_data_weight: 0.9
  alpha: 0.05
  r_corr_threshold: 0.1
  p_corr_threshold: 0.05
  test_size: 0.2
  random_seed: 0
  num_seeds: 0
  p_wilcoxon_threshold: 0.05
  hyperparam_tune: False
  method_param_tune: True
  sample_sizes: [10000]
  ignore_filter: True
  results_dir: ../experiments_synthetic/complex
  save_plots: False
  save_models: False
  save_params: False
  experiment_dir: ../experiments_synthetic/complex/xgboost_20250730-041153
2025-07-30 04:11:53 - INFO - Loaded 1 datasets


2025-07-30 04:11:53 - INFO - 






****************************************************************************************************
2025-07-30 04:11:53 - INFO - Running experiment on dataset: complex_data_sample_10000
2025-07-30 04:11:53 - INFO - 



####################################################################################################
2025-07-30 04:11:53 - INFO - Running experiment on dataset: complex_data_sample_10000 with seed: 0
2025-07-30 04:11:53 - INFO - Training xgboost baseline model
2025-07-30 04:11:54 - INFO - Done training baseline model
2025-07-30 04:11:54 - INFO - Done calculating residuals

2025-07-30 04:11:54 - INFO - Filtering for features to perturb
2025-07-30 04:11:54 - INFO - Creating causal graph for complex_data_sample_10000
2025-07-30 04:11:54 - INFO - Features that are not connected to Z (conditional independence): ['F2', 'F0', 'F1']
2025-07-30 04:11:54 - INFO - [Z vs F0]  r: 0.0006, p: 0.9519
2025-07-30 04:11:54 - INFO - [Z vs F1]  r: 0.0099, p: 0.3235
2025-07-30 04:11:54 - INFO - [Z vs F2]  r: 0.0083, p: 0.4042
2025-07-30 04:11:54 - INFO - Candidates (uncorrelated + not connected to Z): ['F2', 'F0', 'F1']
2025-07-30 04:11:54 - INFO - Ranked candidate features:
  feature     score  r_with_T  r_with_Z
1      F0  0.006747 -0.007349  0.000603
2      F1 -0.001287  0.008587  0.009874
0      F2 -0.007110 -0.001233  0.008343
2025-07-30 04:11:54 - INFO - Done filtering.

2025-07-30 04:11:54 - INFO - Selected features to perturb: ['F0', 'F1', 'F2']

2025-07-30 04:11:54 - INFO - Intervening on features to create augmented feature set
2025-07-30 04:11:54 - INFO - Generating counterfactuals for augmented target set
2025-07-30 04:11:54 - INFO - Original X train shape: (6400, 3)
2025-07-30 04:11:54 - INFO - Augmented X train shape: (8000, 3)
2025-07-30 04:11:54 - INFO - Combined X train shape: (14400, 3)
2025-07-30 04:11:54 - INFO - Training new xgboost model on augmented data

2025-07-30 04:11:55 - INFO - Selected features to perturb: ['F0', 'F1', 'F2']

2025-07-30 04:11:55 - INFO - Intervening on features to create augmented feature set
2025-07-30 04:11:55 - INFO - Generating counterfactuals for augmented target set
2025-07-30 04:11:55 - INFO - Original X train shape: (6400, 3)
2025-07-30 04:11:55 - INFO - Augmented X train shape: (8000, 3)
2025-07-30 04:11:55 - INFO - Combined X train shape: (14400, 3)
2025-07-30 04:11:55 - INFO - Training new xgboost model on augmented data

2025-07-30 04:11:56 - INFO - Selected features to perturb: ['F0', 'F1', 'F2']

2025-07-30 04:11:56 - INFO - Intervening on features to create augmented feature set
2025-07-30 04:11:56 - INFO - Generating counterfactuals for augmented target set
2025-07-30 04:11:56 - INFO - Original X train shape: (6400, 3)
2025-07-30 04:11:56 - INFO - Augmented X train shape: (4800, 3)
2025-07-30 04:11:56 - INFO - Combined X train shape: (11200, 3)
2025-07-30 04:11:56 - INFO - Training new xgboost model on augmented data

2025-07-30 04:11:57 - INFO - Selected features to perturb: ['F0', 'F1', 'F2']

2025-07-30 04:11:57 - INFO - Intervening on features to create augmented feature set
2025-07-30 04:11:57 - INFO - Generating counterfactuals for augmented target set
2025-07-30 04:11:57 - INFO - Original X train shape: (6400, 3)
2025-07-30 04:11:57 - INFO - Augmented X train shape: (9600, 3)
2025-07-30 04:11:57 - INFO - Combined X train shape: (16000, 3)
2025-07-30 04:11:57 - INFO - Training new xgboost model on augmented data

2025-07-30 04:11:58 - INFO - Selected features to perturb: ['F0']

2025-07-30 04:11:58 - INFO - Intervening on features to create augmented feature set
2025-07-30 04:11:58 - INFO - Generating counterfactuals for augmented target set
2025-07-30 04:11:58 - INFO - Original X train shape: (6400, 3)
2025-07-30 04:11:58 - INFO - Augmented X train shape: (9600, 3)
2025-07-30 04:11:58 - INFO - Combined X train shape: (16000, 3)
2025-07-30 04:11:58 - INFO - Training new xgboost model on augmented data

2025-07-30 04:11:59 - INFO - Selected features to perturb: ['F0', 'F1', 'F2']

2025-07-30 04:11:59 - INFO - Intervening on features to create augmented feature set
2025-07-30 04:11:59 - INFO - Generating counterfactuals for augmented target set
2025-07-30 04:11:59 - INFO - Original X train shape: (6400, 3)
2025-07-30 04:11:59 - INFO - Augmented X train shape: (8000, 3)
2025-07-30 04:11:59 - INFO - Combined X train shape: (14400, 3)
2025-07-30 04:11:59 - INFO - Training new xgboost model on augmented data

2025-07-30 04:12:01 - INFO - Selected features to perturb: ['F0']

2025-07-30 04:12:01 - INFO - Intervening on features to create augmented feature set
2025-07-30 04:12:01 - INFO - Generating counterfactuals for augmented target set
2025-07-30 04:12:01 - INFO - Original X train shape: (6400, 3)
2025-07-30 04:12:01 - INFO - Augmented X train shape: (8000, 3)
2025-07-30 04:12:01 - INFO - Combined X train shape: (14400, 3)
2025-07-30 04:12:01 - INFO - Training new xgboost model on augmented data

2025-07-30 04:12:02 - INFO - Selected features to perturb: ['F0', 'F1', 'F2']

2025-07-30 04:12:02 - INFO - Intervening on features to create augmented feature set
2025-07-30 04:12:02 - INFO - Generating counterfactuals for augmented target set
2025-07-30 04:12:02 - INFO - Original X train shape: (6400, 3)
2025-07-30 04:12:02 - INFO - Augmented X train shape: (6400, 3)
2025-07-30 04:12:02 - INFO - Combined X train shape: (12800, 3)
2025-07-30 04:12:02 - INFO - Training new xgboost model on augmented data

2025-07-30 04:12:03 - INFO - Selected features to perturb: ['F0', 'F1', 'F2']

2025-07-30 04:12:03 - INFO - Intervening on features to create augmented feature set
2025-07-30 04:12:03 - INFO - Generating counterfactuals for augmented target set
2025-07-30 04:12:03 - INFO - Original X train shape: (6400, 3)
2025-07-30 04:12:03 - INFO - Augmented X train shape: (6400, 3)
2025-07-30 04:12:03 - INFO - Combined X train shape: (12800, 3)
2025-07-30 04:12:03 - INFO - Training new xgboost model on augmented data

2025-07-30 04:12:04 - INFO - Selected features to perturb: ['F0', 'F1', 'F2']

2025-07-30 04:12:04 - INFO - Intervening on features to create augmented feature set
2025-07-30 04:12:04 - INFO - Generating counterfactuals for augmented target set
2025-07-30 04:12:04 - INFO - Original X train shape: (6400, 3)
2025-07-30 04:12:04 - INFO - Augmented X train shape: (8000, 3)
2025-07-30 04:12:04 - INFO - Combined X train shape: (14400, 3)
2025-07-30 04:12:04 - INFO - Training new xgboost model on augmented data

2025-07-30 04:12:06 - INFO - Selected features to perturb: ['F0', 'F1', 'F2']

2025-07-30 04:12:06 - INFO - Intervening on features to create augmented feature set
2025-07-30 04:12:06 - INFO - Generating counterfactuals for augmented target set
2025-07-30 04:12:06 - INFO - Original X train shape: (6400, 3)
2025-07-30 04:12:06 - INFO - Augmented X train shape: (3200, 3)
2025-07-30 04:12:06 - INFO - Combined X train shape: (9600, 3)
2025-07-30 04:12:06 - INFO - Training new xgboost model on augmented data

2025-07-30 04:12:07 - INFO - Selected features to perturb: ['F0', 'F1', 'F2']

2025-07-30 04:12:07 - INFO - Intervening on features to create augmented feature set
2025-07-30 04:12:07 - INFO - Generating counterfactuals for augmented target set
2025-07-30 04:12:07 - INFO - Original X train shape: (6400, 3)
2025-07-30 04:12:07 - INFO - Augmented X train shape: (8000, 3)
2025-07-30 04:12:07 - INFO - Combined X train shape: (14400, 3)
2025-07-30 04:12:07 - INFO - Training new xgboost model on augmented data

2025-07-30 04:12:09 - INFO - Selected features to perturb: ['F0', 'F1']

2025-07-30 04:12:09 - INFO - Intervening on features to create augmented feature set
2025-07-30 04:12:09 - INFO - Generating counterfactuals for augmented target set
2025-07-30 04:12:09 - INFO - Original X train shape: (6400, 3)
2025-07-30 04:12:09 - INFO - Augmented X train shape: (9600, 3)
2025-07-30 04:12:09 - INFO - Combined X train shape: (16000, 3)
2025-07-30 04:12:09 - INFO - Training new xgboost model on augmented data

2025-07-30 04:12:10 - INFO - Selected features to perturb: ['F0', 'F1', 'F2']

2025-07-30 04:12:10 - INFO - Intervening on features to create augmented feature set
2025-07-30 04:12:10 - INFO - Generating counterfactuals for augmented target set
2025-07-30 04:12:10 - INFO - Original X train shape: (6400, 3)
2025-07-30 04:12:10 - INFO - Augmented X train shape: (4800, 3)
2025-07-30 04:12:10 - INFO - Combined X train shape: (11200, 3)
2025-07-30 04:12:10 - INFO - Training new xgboost model on augmented data

2025-07-30 04:12:10 - INFO - Selected features to perturb: ['F0', 'F1']

2025-07-30 04:12:10 - INFO - Intervening on features to create augmented feature set
2025-07-30 04:12:10 - INFO - Generating counterfactuals for augmented target set
2025-07-30 04:12:10 - INFO - Original X train shape: (6400, 3)
2025-07-30 04:12:10 - INFO - Augmented X train shape: (6400, 3)
2025-07-30 04:12:10 - INFO - Combined X train shape: (12800, 3)
2025-07-30 04:12:10 - INFO - Training new xgboost model on augmented data

2025-07-30 04:12:11 - INFO - Selected features to perturb: ['F0', 'F1']

2025-07-30 04:12:11 - INFO - Intervening on features to create augmented feature set
2025-07-30 04:12:11 - INFO - Generating counterfactuals for augmented target set
2025-07-30 04:12:11 - INFO - Original X train shape: (6400, 3)
2025-07-30 04:12:11 - INFO - Augmented X train shape: (4800, 3)
2025-07-30 04:12:11 - INFO - Combined X train shape: (11200, 3)
2025-07-30 04:12:11 - INFO - Training new xgboost model on augmented data

2025-07-30 04:12:12 - INFO - Selected features to perturb: ['F0', 'F1']

2025-07-30 04:12:12 - INFO - Intervening on features to create augmented feature set
2025-07-30 04:12:12 - INFO - Generating counterfactuals for augmented target set
2025-07-30 04:12:12 - INFO - Original X train shape: (6400, 3)
2025-07-30 04:12:12 - INFO - Augmented X train shape: (6400, 3)
2025-07-30 04:12:12 - INFO - Combined X train shape: (12800, 3)
2025-07-30 04:12:12 - INFO - Training new xgboost model on augmented data

2025-07-30 04:12:13 - INFO - Selected features to perturb: ['F0', 'F1', 'F2']

2025-07-30 04:12:13 - INFO - Intervening on features to create augmented feature set
2025-07-30 04:12:13 - INFO - Generating counterfactuals for augmented target set
2025-07-30 04:12:13 - INFO - Original X train shape: (6400, 3)
2025-07-30 04:12:13 - INFO - Augmented X train shape: (3200, 3)
2025-07-30 04:12:13 - INFO - Combined X train shape: (9600, 3)
2025-07-30 04:12:13 - INFO - Training new xgboost model on augmented data

2025-07-30 04:12:14 - INFO - Selected features to perturb: ['F0', 'F1']

2025-07-30 04:12:14 - INFO - Intervening on features to create augmented feature set
2025-07-30 04:12:14 - INFO - Generating counterfactuals for augmented target set
2025-07-30 04:12:14 - INFO - Original X train shape: (6400, 3)
2025-07-30 04:12:14 - INFO - Augmented X train shape: (6400, 3)
2025-07-30 04:12:14 - INFO - Combined X train shape: (12800, 3)
2025-07-30 04:12:14 - INFO - Training new xgboost model on augmented data

2025-07-30 04:12:15 - INFO - Selected features to perturb: ['F0', 'F1', 'F2']

2025-07-30 04:12:15 - INFO - Intervening on features to create augmented feature set
2025-07-30 04:12:15 - INFO - Generating counterfactuals for augmented target set
2025-07-30 04:12:15 - INFO - Original X train shape: (6400, 3)
2025-07-30 04:12:15 - INFO - Augmented X train shape: (6400, 3)
2025-07-30 04:12:15 - INFO - Combined X train shape: (12800, 3)
2025-07-30 04:12:15 - INFO - Training new xgboost model on augmented data

2025-07-30 04:12:16 - INFO - Selected features to perturb: ['F0', 'F1', 'F2']

2025-07-30 04:12:16 - INFO - Intervening on features to create augmented feature set
2025-07-30 04:12:16 - INFO - Generating counterfactuals for augmented target set
2025-07-30 04:12:16 - INFO - Original X train shape: (6400, 3)
2025-07-30 04:12:16 - INFO - Augmented X train shape: (4800, 3)
2025-07-30 04:12:16 - INFO - Combined X train shape: (11200, 3)
2025-07-30 04:12:16 - INFO - Training new xgboost model on augmented data

2025-07-30 04:12:17 - INFO - Selected features to perturb: ['F0', 'F1', 'F2']

2025-07-30 04:12:17 - INFO - Intervening on features to create augmented feature set
2025-07-30 04:12:17 - INFO - Generating counterfactuals for augmented target set
2025-07-30 04:12:17 - INFO - Original X train shape: (6400, 3)
2025-07-30 04:12:17 - INFO - Augmented X train shape: (6400, 3)
2025-07-30 04:12:17 - INFO - Combined X train shape: (12800, 3)
2025-07-30 04:12:17 - INFO - Training new xgboost model on augmented data

2025-07-30 04:12:18 - INFO - Selected features to perturb: ['F0', 'F1', 'F2']

2025-07-30 04:12:18 - INFO - Intervening on features to create augmented feature set
2025-07-30 04:12:18 - INFO - Generating counterfactuals for augmented target set
2025-07-30 04:12:18 - INFO - Original X train shape: (6400, 3)
2025-07-30 04:12:18 - INFO - Augmented X train shape: (6400, 3)
2025-07-30 04:12:18 - INFO - Combined X train shape: (12800, 3)
2025-07-30 04:12:18 - INFO - Training new xgboost model on augmented data

2025-07-30 04:12:19 - INFO - Selected features to perturb: ['F0', 'F1', 'F2']

2025-07-30 04:12:19 - INFO - Intervening on features to create augmented feature set
2025-07-30 04:12:19 - INFO - Generating counterfactuals for augmented target set
2025-07-30 04:12:19 - INFO - Original X train shape: (6400, 3)
2025-07-30 04:12:19 - INFO - Augmented X train shape: (8000, 3)
2025-07-30 04:12:19 - INFO - Combined X train shape: (14400, 3)
2025-07-30 04:12:19 - INFO - Training new xgboost model on augmented data

2025-07-30 04:12:20 - INFO - Selected features to perturb: ['F0', 'F1', 'F2']

2025-07-30 04:12:20 - INFO - Intervening on features to create augmented feature set
2025-07-30 04:12:20 - INFO - Generating counterfactuals for augmented target set
2025-07-30 04:12:20 - INFO - Original X train shape: (6400, 3)
2025-07-30 04:12:20 - INFO - Augmented X train shape: (4800, 3)
2025-07-30 04:12:20 - INFO - Combined X train shape: (11200, 3)
2025-07-30 04:12:20 - INFO - Training new xgboost model on augmented data

2025-07-30 04:12:21 - INFO - Selected features to perturb: ['F0', 'F1', 'F2']

2025-07-30 04:12:21 - INFO - Intervening on features to create augmented feature set
2025-07-30 04:12:21 - INFO - Generating counterfactuals for augmented target set
2025-07-30 04:12:21 - INFO - Original X train shape: (6400, 3)
2025-07-30 04:12:21 - INFO - Augmented X train shape: (8000, 3)
2025-07-30 04:12:21 - INFO - Combined X train shape: (14400, 3)
2025-07-30 04:12:21 - INFO - Training new xgboost model on augmented data

2025-07-30 04:12:22 - INFO - Selected features to perturb: ['F0', 'F1', 'F2']

2025-07-30 04:12:22 - INFO - Intervening on features to create augmented feature set
2025-07-30 04:12:22 - INFO - Generating counterfactuals for augmented target set
2025-07-30 04:12:22 - INFO - Original X train shape: (6400, 3)
2025-07-30 04:12:22 - INFO - Augmented X train shape: (6400, 3)
2025-07-30 04:12:22 - INFO - Combined X train shape: (12800, 3)
2025-07-30 04:12:22 - INFO - Training new xgboost model on augmented data

2025-07-30 04:12:23 - INFO - Selected features to perturb: ['F0', 'F1', 'F2']

2025-07-30 04:12:23 - INFO - Intervening on features to create augmented feature set
2025-07-30 04:12:23 - INFO - Generating counterfactuals for augmented target set
2025-07-30 04:12:23 - INFO - Original X train shape: (6400, 3)
2025-07-30 04:12:23 - INFO - Augmented X train shape: (6400, 3)
2025-07-30 04:12:23 - INFO - Combined X train shape: (12800, 3)
2025-07-30 04:12:23 - INFO - Training new xgboost model on augmented data

2025-07-30 04:12:24 - INFO - Selected features to perturb: ['F0', 'F1', 'F2']

2025-07-30 04:12:24 - INFO - Intervening on features to create augmented feature set
2025-07-30 04:12:24 - INFO - Generating counterfactuals for augmented target set
2025-07-30 04:12:24 - INFO - Original X train shape: (6400, 3)
2025-07-30 04:12:24 - INFO - Augmented X train shape: (8000, 3)
2025-07-30 04:12:24 - INFO - Combined X train shape: (14400, 3)
2025-07-30 04:12:24 - INFO - Training new xgboost model on augmented data

2025-07-30 04:12:25 - INFO - Selected features to perturb: ['F0', 'F1', 'F2']

2025-07-30 04:12:25 - INFO - Intervening on features to create augmented feature set
2025-07-30 04:12:25 - INFO - Generating counterfactuals for augmented target set
2025-07-30 04:12:25 - INFO - Original X train shape: (6400, 3)
2025-07-30 04:12:25 - INFO - Augmented X train shape: (6400, 3)
2025-07-30 04:12:25 - INFO - Combined X train shape: (12800, 3)
2025-07-30 04:12:25 - INFO - Training new xgboost model on augmented data

2025-07-30 04:12:26 - INFO - Best augmentation parameters:
{'max_n_features_to_perturb': 5, 'aug_data_size_factor': 1.0, 'aug_data_weight': 1.0, 'max_perturb_percent': 0.5, 'min_perturb_percent': -0.5}

2025-07-30 04:12:26 - INFO - Selected features to perturb: ['F0', 'F1', 'F2']

2025-07-30 04:12:26 - INFO - Intervening on features to create augmented feature set
2025-07-30 04:12:26 - INFO - Generating counterfactuals for augmented target set
2025-07-30 04:12:26 - INFO - Original X train shape: (8000, 3)
2025-07-30 04:12:26 - INFO - Augmented X train shape: (8000, 3)
2025-07-30 04:12:26 - INFO - Combined X train shape: (16000, 3)
2025-07-30 04:12:38 - INFO - Done cross-validation evaluation
2025-07-30 04:12:38 - INFO - The p-value from the Wilcoxon signed-rank test is: 0.0009765625

2025-07-30 04:12:38 - INFO - Evaluation metrics for the experiment:
2025-07-30 04:12:38 - INFO - Original MSE: 0.006320127882753581, Augmented MSE: 0.0059895912398894675


2025-07-30 04:12:38 - INFO - ####################################################################################################
2025-07-30 04:12:38 - INFO - Interim results for seeds saved to ../experiments_synthetic/complex/xgboost_20250730-041153/interim_results/complex_data_sample_10000_interim_results.csv. Aggregating results for complex_data_sample_10000...
2025-07-30 04:12:38 - INFO - ****************************************************************************************************
2025-07-30 04:12:38 - INFO - Total time taken: 44.66 seconds
2025-07-30 04:12:38 - INFO - All results saved to ../experiments_synthetic/complex/xgboost_20250730-041153/results.csv
2025-07-30 04:12:38 - INFO - Results plot saved to ../experiments_synthetic/complex/xgboost_20250730-041153/results_mse_percent_delta.png
2025-07-30 04:15:28 - ERROR - Config has already been run in a previous experiment. Exiting.
2025-07-30 04:15:28 - ERROR - Previous experiment results are in: ../experiments_synthetic/complex/xgboost_20250730-041153
2025-07-30 04:15:28 - ERROR - If you want to run this experiment again, please use a different config or delete the previous results.
2025-07-30 04:15:55 - INFO - Experiment initialized with config:
Experiment Config (Name: xgboost_20250730-041555)
  timestamp: 20250730-041555
  dataset_path: ../data/complex_data.csv
  dataset_dir_path: None
  baseline: xgboost
  aug_data_size_factor: 1.0
  max_n_features_to_perturb: 5
  max_perturb_percent: 0.1
  min_perturb_percent: -0.1
  aug_data_weight: 0.9
  alpha: 0.05
  r_corr_threshold: 0.1
  p_corr_threshold: 0.05
  test_size: 0.2
  random_seed: 0
  num_seeds: 0
  p_wilcoxon_threshold: 0.05
  hyperparam_tune: False
  method_param_tune: True
  sample_sizes: [10000]
  ignore_filter: True
  results_dir: ../experiments_synthetic/complex
  save_plots: False
  save_models: False
  save_params: False
  experiment_dir: ../experiments_synthetic/complex/xgboost_20250730-041555
2025-07-30 04:15:55 - INFO - Loaded 1 datasets


2025-07-30 04:15:55 - INFO - 






****************************************************************************************************
2025-07-30 04:15:55 - INFO - Running experiment on dataset: complex_data_sample_10000
2025-07-30 04:15:55 - INFO - 



####################################################################################################
2025-07-30 04:15:55 - INFO - Running experiment on dataset: complex_data_sample_10000 with seed: 0
2025-07-30 04:15:55 - INFO - Training xgboost baseline model
2025-07-30 04:15:56 - INFO - Done training baseline model
2025-07-30 04:15:56 - INFO - Done calculating residuals

2025-07-30 04:15:56 - INFO - Filtering for features to perturb
2025-07-30 04:15:56 - INFO - Creating causal graph for complex_data_sample_10000
2025-07-30 04:15:56 - INFO - Features that are not connected to Z (conditional independence): ['F2', 'F0', 'F1']
2025-07-30 04:15:56 - INFO - [Z vs F0]  r: 0.0077, p: 0.4433
2025-07-30 04:15:56 - INFO - [Z vs F1]  r: 0.0079, p: 0.4320
2025-07-30 04:15:56 - INFO - [Z vs F2]  r: 0.0118, p: 0.2399
2025-07-30 04:15:56 - INFO - Candidates (uncorrelated + not connected to Z): ['F2', 'F0', 'F1']
2025-07-30 04:15:56 - INFO - Ranked candidate features:
  feature     score  r_with_T  r_with_Z
2      F1 -0.000855  0.007004  0.007859
1      F0 -0.001004 -0.006662  0.007667
0      F2 -0.010500 -0.001252  0.011753
2025-07-30 04:15:56 - INFO - Done filtering.

2025-07-30 04:15:56 - INFO - Selected features to perturb: ['F1', 'F0', 'F2']

2025-07-30 04:15:56 - INFO - Intervening on features to create augmented feature set
2025-07-30 04:15:56 - INFO - Generating counterfactuals for augmented target set
2025-07-30 04:15:56 - INFO - Original X train shape: (6400, 3)
2025-07-30 04:15:56 - INFO - Augmented X train shape: (8000, 3)
2025-07-30 04:15:56 - INFO - Combined X train shape: (14400, 3)
2025-07-30 04:15:56 - INFO - Training new xgboost model on augmented data

2025-07-30 04:15:57 - INFO - Selected features to perturb: ['F1', 'F0', 'F2']

2025-07-30 04:15:57 - INFO - Intervening on features to create augmented feature set
2025-07-30 04:15:57 - INFO - Generating counterfactuals for augmented target set
2025-07-30 04:15:57 - INFO - Original X train shape: (6400, 3)
2025-07-30 04:15:57 - INFO - Augmented X train shape: (8000, 3)
2025-07-30 04:15:57 - INFO - Combined X train shape: (14400, 3)
2025-07-30 04:15:57 - INFO - Training new xgboost model on augmented data

2025-07-30 04:15:58 - INFO - Selected features to perturb: ['F1', 'F0', 'F2']

2025-07-30 04:15:58 - INFO - Intervening on features to create augmented feature set
2025-07-30 04:15:58 - INFO - Generating counterfactuals for augmented target set
2025-07-30 04:15:58 - INFO - Original X train shape: (6400, 3)
2025-07-30 04:15:58 - INFO - Augmented X train shape: (4800, 3)
2025-07-30 04:15:58 - INFO - Combined X train shape: (11200, 3)
2025-07-30 04:15:58 - INFO - Training new xgboost model on augmented data

2025-07-30 04:15:58 - INFO - Selected features to perturb: ['F1', 'F0', 'F2']

2025-07-30 04:15:58 - INFO - Intervening on features to create augmented feature set
2025-07-30 04:15:58 - INFO - Generating counterfactuals for augmented target set
2025-07-30 04:15:58 - INFO - Original X train shape: (6400, 3)
2025-07-30 04:15:58 - INFO - Augmented X train shape: (9600, 3)
2025-07-30 04:15:58 - INFO - Combined X train shape: (16000, 3)
2025-07-30 04:15:58 - INFO - Training new xgboost model on augmented data

2025-07-30 04:15:59 - INFO - Selected features to perturb: ['F1']

2025-07-30 04:15:59 - INFO - Intervening on features to create augmented feature set
2025-07-30 04:15:59 - INFO - Generating counterfactuals for augmented target set
2025-07-30 04:15:59 - INFO - Original X train shape: (6400, 3)
2025-07-30 04:15:59 - INFO - Augmented X train shape: (9600, 3)
2025-07-30 04:15:59 - INFO - Combined X train shape: (16000, 3)
2025-07-30 04:15:59 - INFO - Training new xgboost model on augmented data

2025-07-30 04:16:03 - INFO - Selected features to perturb: ['F1', 'F0', 'F2']

2025-07-30 04:16:03 - INFO - Intervening on features to create augmented feature set
2025-07-30 04:16:03 - INFO - Generating counterfactuals for augmented target set
2025-07-30 04:16:03 - INFO - Original X train shape: (6400, 3)
2025-07-30 04:16:03 - INFO - Augmented X train shape: (8000, 3)
2025-07-30 04:16:03 - INFO - Combined X train shape: (14400, 3)
2025-07-30 04:16:03 - INFO - Training new xgboost model on augmented data

2025-07-30 04:16:04 - INFO - Selected features to perturb: ['F1']

2025-07-30 04:16:04 - INFO - Intervening on features to create augmented feature set
2025-07-30 04:16:04 - INFO - Generating counterfactuals for augmented target set
2025-07-30 04:16:04 - INFO - Original X train shape: (6400, 3)
2025-07-30 04:16:04 - INFO - Augmented X train shape: (8000, 3)
2025-07-30 04:16:04 - INFO - Combined X train shape: (14400, 3)
2025-07-30 04:16:04 - INFO - Training new xgboost model on augmented data

2025-07-30 04:16:06 - INFO - Selected features to perturb: ['F1', 'F0', 'F2']

2025-07-30 04:16:06 - INFO - Intervening on features to create augmented feature set
2025-07-30 04:16:06 - INFO - Generating counterfactuals for augmented target set
2025-07-30 04:16:06 - INFO - Original X train shape: (6400, 3)
2025-07-30 04:16:06 - INFO - Augmented X train shape: (6400, 3)
2025-07-30 04:16:06 - INFO - Combined X train shape: (12800, 3)
2025-07-30 04:16:06 - INFO - Training new xgboost model on augmented data

2025-07-30 04:16:07 - INFO - Selected features to perturb: ['F1', 'F0', 'F2']

2025-07-30 04:16:07 - INFO - Intervening on features to create augmented feature set
2025-07-30 04:16:07 - INFO - Generating counterfactuals for augmented target set
2025-07-30 04:16:07 - INFO - Original X train shape: (6400, 3)
2025-07-30 04:16:07 - INFO - Augmented X train shape: (6400, 3)
2025-07-30 04:16:07 - INFO - Combined X train shape: (12800, 3)
2025-07-30 04:16:07 - INFO - Training new xgboost model on augmented data

2025-07-30 04:16:08 - INFO - Selected features to perturb: ['F1', 'F0', 'F2']

2025-07-30 04:16:08 - INFO - Intervening on features to create augmented feature set
2025-07-30 04:16:08 - INFO - Generating counterfactuals for augmented target set
2025-07-30 04:16:08 - INFO - Original X train shape: (6400, 3)
2025-07-30 04:16:08 - INFO - Augmented X train shape: (8000, 3)
2025-07-30 04:16:08 - INFO - Combined X train shape: (14400, 3)
2025-07-30 04:16:08 - INFO - Training new xgboost model on augmented data

2025-07-30 04:16:09 - INFO - Selected features to perturb: ['F1', 'F0', 'F2']

2025-07-30 04:16:09 - INFO - Intervening on features to create augmented feature set
2025-07-30 04:16:09 - INFO - Generating counterfactuals for augmented target set
2025-07-30 04:16:09 - INFO - Original X train shape: (6400, 3)
2025-07-30 04:16:09 - INFO - Augmented X train shape: (3200, 3)
2025-07-30 04:16:09 - INFO - Combined X train shape: (9600, 3)
2025-07-30 04:16:09 - INFO - Training new xgboost model on augmented data

2025-07-30 04:16:10 - INFO - Selected features to perturb: ['F1', 'F0', 'F2']

2025-07-30 04:16:10 - INFO - Intervening on features to create augmented feature set
2025-07-30 04:16:10 - INFO - Generating counterfactuals for augmented target set
2025-07-30 04:16:10 - INFO - Original X train shape: (6400, 3)
2025-07-30 04:16:10 - INFO - Augmented X train shape: (8000, 3)
2025-07-30 04:16:10 - INFO - Combined X train shape: (14400, 3)
2025-07-30 04:16:10 - INFO - Training new xgboost model on augmented data

2025-07-30 04:16:11 - INFO - Selected features to perturb: ['F1', 'F0']

2025-07-30 04:16:11 - INFO - Intervening on features to create augmented feature set
2025-07-30 04:16:11 - INFO - Generating counterfactuals for augmented target set
2025-07-30 04:16:11 - INFO - Original X train shape: (6400, 3)
2025-07-30 04:16:11 - INFO - Augmented X train shape: (9600, 3)
2025-07-30 04:16:11 - INFO - Combined X train shape: (16000, 3)
2025-07-30 04:16:11 - INFO - Training new xgboost model on augmented data

2025-07-30 04:16:12 - INFO - Selected features to perturb: ['F1', 'F0', 'F2']

2025-07-30 04:16:12 - INFO - Intervening on features to create augmented feature set
2025-07-30 04:16:12 - INFO - Generating counterfactuals for augmented target set
2025-07-30 04:16:12 - INFO - Original X train shape: (6400, 3)
2025-07-30 04:16:12 - INFO - Augmented X train shape: (4800, 3)
2025-07-30 04:16:12 - INFO - Combined X train shape: (11200, 3)
2025-07-30 04:16:12 - INFO - Training new xgboost model on augmented data

2025-07-30 04:16:13 - INFO - Selected features to perturb: ['F1', 'F0']

2025-07-30 04:16:13 - INFO - Intervening on features to create augmented feature set
2025-07-30 04:16:13 - INFO - Generating counterfactuals for augmented target set
2025-07-30 04:16:13 - INFO - Original X train shape: (6400, 3)
2025-07-30 04:16:13 - INFO - Augmented X train shape: (6400, 3)
2025-07-30 04:16:13 - INFO - Combined X train shape: (12800, 3)
2025-07-30 04:16:13 - INFO - Training new xgboost model on augmented data

2025-07-30 04:16:14 - INFO - Selected features to perturb: ['F1', 'F0']

2025-07-30 04:16:14 - INFO - Intervening on features to create augmented feature set
2025-07-30 04:16:14 - INFO - Generating counterfactuals for augmented target set
2025-07-30 04:16:14 - INFO - Original X train shape: (6400, 3)
2025-07-30 04:16:14 - INFO - Augmented X train shape: (4800, 3)
2025-07-30 04:16:14 - INFO - Combined X train shape: (11200, 3)
2025-07-30 04:16:14 - INFO - Training new xgboost model on augmented data

2025-07-30 04:16:15 - INFO - Selected features to perturb: ['F1', 'F0']

2025-07-30 04:16:15 - INFO - Intervening on features to create augmented feature set
2025-07-30 04:16:15 - INFO - Generating counterfactuals for augmented target set
2025-07-30 04:16:15 - INFO - Original X train shape: (6400, 3)
2025-07-30 04:16:15 - INFO - Augmented X train shape: (3200, 3)
2025-07-30 04:16:15 - INFO - Combined X train shape: (9600, 3)
2025-07-30 04:16:15 - INFO - Training new xgboost model on augmented data

2025-07-30 04:16:16 - INFO - Selected features to perturb: ['F1', 'F0', 'F2']

2025-07-30 04:16:16 - INFO - Intervening on features to create augmented feature set
2025-07-30 04:16:16 - INFO - Generating counterfactuals for augmented target set
2025-07-30 04:16:16 - INFO - Original X train shape: (6400, 3)
2025-07-30 04:16:16 - INFO - Augmented X train shape: (4800, 3)
2025-07-30 04:16:16 - INFO - Combined X train shape: (11200, 3)
2025-07-30 04:16:16 - INFO - Training new xgboost model on augmented data

2025-07-30 04:16:16 - INFO - Selected features to perturb: ['F1', 'F0']

2025-07-30 04:16:16 - INFO - Intervening on features to create augmented feature set
2025-07-30 04:16:16 - INFO - Generating counterfactuals for augmented target set
2025-07-30 04:16:16 - INFO - Original X train shape: (6400, 3)
2025-07-30 04:16:16 - INFO - Augmented X train shape: (6400, 3)
2025-07-30 04:16:16 - INFO - Combined X train shape: (12800, 3)
2025-07-30 04:16:16 - INFO - Training new xgboost model on augmented data

2025-07-30 04:16:17 - INFO - Selected features to perturb: ['F1', 'F0', 'F2']

2025-07-30 04:16:17 - INFO - Intervening on features to create augmented feature set
2025-07-30 04:16:17 - INFO - Generating counterfactuals for augmented target set
2025-07-30 04:16:17 - INFO - Original X train shape: (6400, 3)
2025-07-30 04:16:17 - INFO - Augmented X train shape: (4800, 3)
2025-07-30 04:16:17 - INFO - Combined X train shape: (11200, 3)
2025-07-30 04:16:17 - INFO - Training new xgboost model on augmented data

2025-07-30 04:16:18 - INFO - Selected features to perturb: ['F1', 'F0', 'F2']

2025-07-30 04:16:18 - INFO - Intervening on features to create augmented feature set
2025-07-30 04:16:18 - INFO - Generating counterfactuals for augmented target set
2025-07-30 04:16:18 - INFO - Original X train shape: (6400, 3)
2025-07-30 04:16:18 - INFO - Augmented X train shape: (3200, 3)
2025-07-30 04:16:18 - INFO - Combined X train shape: (9600, 3)
2025-07-30 04:16:18 - INFO - Training new xgboost model on augmented data

2025-07-30 04:16:19 - INFO - Selected features to perturb: ['F1', 'F0', 'F2']

2025-07-30 04:16:19 - INFO - Intervening on features to create augmented feature set
2025-07-30 04:16:19 - INFO - Generating counterfactuals for augmented target set
2025-07-30 04:16:19 - INFO - Original X train shape: (6400, 3)
2025-07-30 04:16:19 - INFO - Augmented X train shape: (4800, 3)
2025-07-30 04:16:19 - INFO - Combined X train shape: (11200, 3)
2025-07-30 04:16:19 - INFO - Training new xgboost model on augmented data

2025-07-30 04:16:21 - INFO - Selected features to perturb: ['F1', 'F0', 'F2']

2025-07-30 04:16:21 - INFO - Intervening on features to create augmented feature set
2025-07-30 04:16:21 - INFO - Generating counterfactuals for augmented target set
2025-07-30 04:16:21 - INFO - Original X train shape: (6400, 3)
2025-07-30 04:16:21 - INFO - Augmented X train shape: (4800, 3)
2025-07-30 04:16:21 - INFO - Combined X train shape: (11200, 3)
2025-07-30 04:16:21 - INFO - Training new xgboost model on augmented data

2025-07-30 04:16:22 - INFO - Selected features to perturb: ['F1', 'F0', 'F2']

2025-07-30 04:16:22 - INFO - Intervening on features to create augmented feature set
2025-07-30 04:16:22 - INFO - Generating counterfactuals for augmented target set
2025-07-30 04:16:22 - INFO - Original X train shape: (6400, 3)
2025-07-30 04:16:22 - INFO - Augmented X train shape: (4800, 3)
2025-07-30 04:16:22 - INFO - Combined X train shape: (11200, 3)
2025-07-30 04:16:22 - INFO - Training new xgboost model on augmented data

2025-07-30 04:16:23 - INFO - Selected features to perturb: ['F1', 'F0', 'F2']

2025-07-30 04:16:23 - INFO - Intervening on features to create augmented feature set
2025-07-30 04:16:23 - INFO - Generating counterfactuals for augmented target set
2025-07-30 04:16:23 - INFO - Original X train shape: (6400, 3)
2025-07-30 04:16:23 - INFO - Augmented X train shape: (3200, 3)
2025-07-30 04:16:23 - INFO - Combined X train shape: (9600, 3)
2025-07-30 04:16:23 - INFO - Training new xgboost model on augmented data

2025-07-30 04:16:24 - INFO - Selected features to perturb: ['F1', 'F0', 'F2']

2025-07-30 04:16:24 - INFO - Intervening on features to create augmented feature set
2025-07-30 04:16:24 - INFO - Generating counterfactuals for augmented target set
2025-07-30 04:16:24 - INFO - Original X train shape: (6400, 3)
2025-07-30 04:16:24 - INFO - Augmented X train shape: (6400, 3)
2025-07-30 04:16:24 - INFO - Combined X train shape: (12800, 3)
2025-07-30 04:16:24 - INFO - Training new xgboost model on augmented data

2025-07-30 04:16:25 - INFO - Selected features to perturb: ['F1', 'F0', 'F2']

2025-07-30 04:16:25 - INFO - Intervening on features to create augmented feature set
2025-07-30 04:16:25 - INFO - Generating counterfactuals for augmented target set
2025-07-30 04:16:25 - INFO - Original X train shape: (6400, 3)
2025-07-30 04:16:25 - INFO - Augmented X train shape: (4800, 3)
2025-07-30 04:16:25 - INFO - Combined X train shape: (11200, 3)
2025-07-30 04:16:25 - INFO - Training new xgboost model on augmented data

2025-07-30 04:16:26 - INFO - Selected features to perturb: ['F1', 'F0', 'F2']

2025-07-30 04:16:26 - INFO - Intervening on features to create augmented feature set
2025-07-30 04:16:26 - INFO - Generating counterfactuals for augmented target set
2025-07-30 04:16:26 - INFO - Original X train shape: (6400, 3)
2025-07-30 04:16:26 - INFO - Augmented X train shape: (6400, 3)
2025-07-30 04:16:26 - INFO - Combined X train shape: (12800, 3)
2025-07-30 04:16:26 - INFO - Training new xgboost model on augmented data

2025-07-30 04:16:27 - INFO - Selected features to perturb: ['F1', 'F0', 'F2']

2025-07-30 04:16:27 - INFO - Intervening on features to create augmented feature set
2025-07-30 04:16:27 - INFO - Generating counterfactuals for augmented target set
2025-07-30 04:16:27 - INFO - Original X train shape: (6400, 3)
2025-07-30 04:16:27 - INFO - Augmented X train shape: (3200, 3)
2025-07-30 04:16:27 - INFO - Combined X train shape: (9600, 3)
2025-07-30 04:16:27 - INFO - Training new xgboost model on augmented data

2025-07-30 04:16:27 - INFO - Selected features to perturb: ['F1', 'F0', 'F2']

2025-07-30 04:16:27 - INFO - Intervening on features to create augmented feature set
2025-07-30 04:16:27 - INFO - Generating counterfactuals for augmented target set
2025-07-30 04:16:27 - INFO - Original X train shape: (6400, 3)
2025-07-30 04:16:27 - INFO - Augmented X train shape: (6400, 3)
2025-07-30 04:16:27 - INFO - Combined X train shape: (12800, 3)
2025-07-30 04:16:27 - INFO - Training new xgboost model on augmented data

2025-07-30 04:16:28 - INFO - Best augmentation parameters:
{'max_n_features_to_perturb': 4, 'aug_data_size_factor': 1.25, 'aug_data_weight': 1.0, 'max_perturb_percent': 0.7000000000000001, 'min_perturb_percent': -0.7000000000000001}

2025-07-30 04:16:28 - INFO - Selected features to perturb: ['F1', 'F0', 'F2']

2025-07-30 04:16:28 - INFO - Intervening on features to create augmented feature set
2025-07-30 04:16:28 - INFO - Generating counterfactuals for augmented target set
2025-07-30 04:16:28 - INFO - Original X train shape: (8000, 3)
2025-07-30 04:16:28 - INFO - Augmented X train shape: (10000, 3)
2025-07-30 04:16:28 - INFO - Combined X train shape: (18000, 3)
2025-07-30 04:16:40 - INFO - Done cross-validation evaluation
2025-07-30 04:16:40 - INFO - The p-value from the Wilcoxon signed-rank test is: 0.0009765625

2025-07-30 04:16:40 - INFO - Evaluation metrics for the experiment:
2025-07-30 04:16:40 - INFO - Original MSE: 0.005273739729469838, Augmented MSE: 0.005052941861933794


2025-07-30 04:16:40 - INFO - ####################################################################################################
2025-07-30 04:16:40 - INFO - Interim results for seeds saved to ../experiments_synthetic/complex/xgboost_20250730-041555/interim_results/complex_data_sample_10000_interim_results.csv. Aggregating results for complex_data_sample_10000...
2025-07-30 04:16:40 - INFO - ****************************************************************************************************
2025-07-30 04:16:40 - INFO - Total time taken: 45.30 seconds
2025-07-30 04:16:40 - INFO - All results saved to ../experiments_synthetic/complex/xgboost_20250730-041555/results.csv
2025-07-30 04:16:40 - INFO - Results plot saved to ../experiments_synthetic/complex/xgboost_20250730-041555/results_mse_percent_delta.png
2025-07-30 04:17:40 - INFO - Experiment initialized with config:
Experiment Config (Name: xgboost_20250730-041740)
  timestamp: 20250730-041740
  dataset_path: ../data/complex_data.csv
  dataset_dir_path: None
  baseline: xgboost
  aug_data_size_factor: 1.0
  max_n_features_to_perturb: 5
  max_perturb_percent: 0.1
  min_perturb_percent: -0.1
  aug_data_weight: 0.9
  alpha: 0.05
  r_corr_threshold: 0.1
  p_corr_threshold: 0.05
  test_size: 0.2
  random_seed: 0
  num_seeds: 0
  p_wilcoxon_threshold: 0.05
  hyperparam_tune: False
  method_param_tune: True
  sample_sizes: [5000, 10000, 15000, 20000, 30000, 40000, 50000]
  ignore_filter: True
  results_dir: ../experiments_synthetic/complex
  save_plots: False
  save_models: False
  save_params: False
  experiment_dir: ../experiments_synthetic/complex/xgboost_20250730-041740
2025-07-30 04:17:40 - INFO - Loaded 7 datasets


2025-07-30 04:17:40 - INFO - 






****************************************************************************************************
2025-07-30 04:17:40 - INFO - Running experiment on dataset: complex_data_sample_5000
2025-07-30 04:17:40 - INFO - 



####################################################################################################
2025-07-30 04:17:40 - INFO - Running experiment on dataset: complex_data_sample_5000 with seed: 0
2025-07-30 04:17:40 - INFO - Training xgboost baseline model
2025-07-30 04:17:41 - INFO - Done training baseline model
2025-07-30 04:17:41 - INFO - Done calculating residuals

2025-07-30 04:17:41 - INFO - Filtering for features to perturb
2025-07-30 04:17:41 - INFO - Creating causal graph for complex_data_sample_5000
2025-07-30 04:17:41 - INFO - Features that are not connected to Z (conditional independence): ['F2', 'F0', 'F1']
2025-07-30 04:17:41 - INFO - [Z vs F0]  r: -0.0082, p: 0.5618
2025-07-30 04:17:41 - INFO - [Z vs F1]  r: -0.0063, p: 0.6539
2025-07-30 04:17:41 - INFO - [Z vs F2]  r: -0.0066, p: 0.6398
2025-07-30 04:17:41 - INFO - Candidates (uncorrelated + not connected to Z): ['F2', 'F0', 'F1']
2025-07-30 04:17:41 - INFO - Ranked candidate features:
  feature     score  r_with_T  r_with_Z
2      F1 -0.000519 -0.005823 -0.006342
1      F0 -0.004330  0.003876 -0.008206
0      F2 -0.006412 -0.000208 -0.006620
2025-07-30 04:17:41 - INFO - Done filtering.

2025-07-30 04:17:41 - INFO - Selected features to perturb: ['F1', 'F0', 'F2']

2025-07-30 04:17:41 - INFO - Intervening on features to create augmented feature set
2025-07-30 04:17:41 - INFO - Generating counterfactuals for augmented target set
2025-07-30 04:17:41 - INFO - Original X train shape: (3200, 3)
2025-07-30 04:17:41 - INFO - Augmented X train shape: (4000, 3)
2025-07-30 04:17:41 - INFO - Combined X train shape: (7200, 3)
2025-07-30 04:17:41 - INFO - Training new xgboost model on augmented data

2025-07-30 04:17:42 - INFO - Selected features to perturb: ['F1', 'F0', 'F2']

2025-07-30 04:17:42 - INFO - Intervening on features to create augmented feature set
2025-07-30 04:17:42 - INFO - Generating counterfactuals for augmented target set
2025-07-30 04:17:42 - INFO - Original X train shape: (3200, 3)
2025-07-30 04:17:42 - INFO - Augmented X train shape: (4000, 3)
2025-07-30 04:17:42 - INFO - Combined X train shape: (7200, 3)
2025-07-30 04:17:42 - INFO - Training new xgboost model on augmented data

2025-07-30 04:17:43 - INFO - Selected features to perturb: ['F1', 'F0', 'F2']

2025-07-30 04:17:43 - INFO - Intervening on features to create augmented feature set
2025-07-30 04:17:43 - INFO - Generating counterfactuals for augmented target set
2025-07-30 04:17:43 - INFO - Original X train shape: (3200, 3)
2025-07-30 04:17:43 - INFO - Augmented X train shape: (2400, 3)
2025-07-30 04:17:43 - INFO - Combined X train shape: (5600, 3)
2025-07-30 04:17:43 - INFO - Training new xgboost model on augmented data

2025-07-30 04:17:44 - INFO - Selected features to perturb: ['F1', 'F0', 'F2']

2025-07-30 04:17:44 - INFO - Intervening on features to create augmented feature set
2025-07-30 04:17:44 - INFO - Generating counterfactuals for augmented target set
2025-07-30 04:17:44 - INFO - Original X train shape: (3200, 3)
2025-07-30 04:17:44 - INFO - Augmented X train shape: (4800, 3)
2025-07-30 04:17:44 - INFO - Combined X train shape: (8000, 3)
2025-07-30 04:17:44 - INFO - Training new xgboost model on augmented data

2025-07-30 04:17:45 - INFO - Selected features to perturb: ['F1']

2025-07-30 04:17:45 - INFO - Intervening on features to create augmented feature set
2025-07-30 04:17:45 - INFO - Generating counterfactuals for augmented target set
2025-07-30 04:17:45 - INFO - Original X train shape: (3200, 3)
2025-07-30 04:17:45 - INFO - Augmented X train shape: (4800, 3)
2025-07-30 04:17:45 - INFO - Combined X train shape: (8000, 3)
2025-07-30 04:17:45 - INFO - Training new xgboost model on augmented data

2025-07-30 04:17:45 - INFO - Selected features to perturb: ['F1', 'F0', 'F2']

2025-07-30 04:17:45 - INFO - Intervening on features to create augmented feature set
2025-07-30 04:17:45 - INFO - Generating counterfactuals for augmented target set
2025-07-30 04:17:45 - INFO - Original X train shape: (3200, 3)
2025-07-30 04:17:45 - INFO - Augmented X train shape: (4000, 3)
2025-07-30 04:17:45 - INFO - Combined X train shape: (7200, 3)
2025-07-30 04:17:45 - INFO - Training new xgboost model on augmented data

2025-07-30 04:17:47 - INFO - Selected features to perturb: ['F1']

2025-07-30 04:17:47 - INFO - Intervening on features to create augmented feature set
2025-07-30 04:17:47 - INFO - Generating counterfactuals for augmented target set
2025-07-30 04:17:47 - INFO - Original X train shape: (3200, 3)
2025-07-30 04:17:47 - INFO - Augmented X train shape: (4000, 3)
2025-07-30 04:17:47 - INFO - Combined X train shape: (7200, 3)
2025-07-30 04:17:47 - INFO - Training new xgboost model on augmented data

2025-07-30 04:17:48 - INFO - Selected features to perturb: ['F1', 'F0', 'F2']

2025-07-30 04:17:48 - INFO - Intervening on features to create augmented feature set
2025-07-30 04:17:48 - INFO - Generating counterfactuals for augmented target set
2025-07-30 04:17:48 - INFO - Original X train shape: (3200, 3)
2025-07-30 04:17:48 - INFO - Augmented X train shape: (3200, 3)
2025-07-30 04:17:48 - INFO - Combined X train shape: (6400, 3)
2025-07-30 04:17:48 - INFO - Training new xgboost model on augmented data

2025-07-30 04:17:48 - INFO - Selected features to perturb: ['F1', 'F0', 'F2']

2025-07-30 04:17:48 - INFO - Intervening on features to create augmented feature set
2025-07-30 04:17:48 - INFO - Generating counterfactuals for augmented target set
2025-07-30 04:17:48 - INFO - Original X train shape: (3200, 3)
2025-07-30 04:17:48 - INFO - Augmented X train shape: (3200, 3)
2025-07-30 04:17:48 - INFO - Combined X train shape: (6400, 3)
2025-07-30 04:17:48 - INFO - Training new xgboost model on augmented data

2025-07-30 04:17:49 - INFO - Selected features to perturb: ['F1', 'F0', 'F2']

2025-07-30 04:17:49 - INFO - Intervening on features to create augmented feature set
2025-07-30 04:17:49 - INFO - Generating counterfactuals for augmented target set
2025-07-30 04:17:49 - INFO - Original X train shape: (3200, 3)
2025-07-30 04:17:49 - INFO - Augmented X train shape: (4000, 3)
2025-07-30 04:17:49 - INFO - Combined X train shape: (7200, 3)
2025-07-30 04:17:49 - INFO - Training new xgboost model on augmented data

2025-07-30 04:17:51 - INFO - Selected features to perturb: ['F1', 'F0', 'F2']

2025-07-30 04:17:51 - INFO - Intervening on features to create augmented feature set
2025-07-30 04:17:51 - INFO - Generating counterfactuals for augmented target set
2025-07-30 04:17:51 - INFO - Original X train shape: (3200, 3)
2025-07-30 04:17:51 - INFO - Augmented X train shape: (1600, 3)
2025-07-30 04:17:51 - INFO - Combined X train shape: (4800, 3)
2025-07-30 04:17:51 - INFO - Training new xgboost model on augmented data

2025-07-30 04:17:52 - INFO - Selected features to perturb: ['F1', 'F0', 'F2']

2025-07-30 04:17:52 - INFO - Intervening on features to create augmented feature set
2025-07-30 04:17:52 - INFO - Generating counterfactuals for augmented target set
2025-07-30 04:17:52 - INFO - Original X train shape: (3200, 3)
2025-07-30 04:17:52 - INFO - Augmented X train shape: (4000, 3)
2025-07-30 04:17:52 - INFO - Combined X train shape: (7200, 3)
2025-07-30 04:17:52 - INFO - Training new xgboost model on augmented data

2025-07-30 04:17:53 - INFO - Selected features to perturb: ['F1', 'F0']

2025-07-30 04:17:53 - INFO - Intervening on features to create augmented feature set
2025-07-30 04:17:53 - INFO - Generating counterfactuals for augmented target set
2025-07-30 04:17:53 - INFO - Original X train shape: (3200, 3)
2025-07-30 04:17:53 - INFO - Augmented X train shape: (4800, 3)
2025-07-30 04:17:53 - INFO - Combined X train shape: (8000, 3)
2025-07-30 04:17:53 - INFO - Training new xgboost model on augmented data

2025-07-30 04:17:54 - INFO - Selected features to perturb: ['F1', 'F0', 'F2']

2025-07-30 04:17:54 - INFO - Intervening on features to create augmented feature set
2025-07-30 04:17:54 - INFO - Generating counterfactuals for augmented target set
2025-07-30 04:17:54 - INFO - Original X train shape: (3200, 3)
2025-07-30 04:17:54 - INFO - Augmented X train shape: (2400, 3)
2025-07-30 04:17:54 - INFO - Combined X train shape: (5600, 3)
2025-07-30 04:17:54 - INFO - Training new xgboost model on augmented data

2025-07-30 04:17:55 - INFO - Selected features to perturb: ['F1', 'F0', 'F2']

2025-07-30 04:17:55 - INFO - Intervening on features to create augmented feature set
2025-07-30 04:17:55 - INFO - Generating counterfactuals for augmented target set
2025-07-30 04:17:55 - INFO - Original X train shape: (3200, 3)
2025-07-30 04:17:55 - INFO - Augmented X train shape: (2400, 3)
2025-07-30 04:17:55 - INFO - Combined X train shape: (5600, 3)
2025-07-30 04:17:55 - INFO - Training new xgboost model on augmented data

2025-07-30 04:17:56 - INFO - Selected features to perturb: ['F1', 'F0', 'F2']

2025-07-30 04:17:56 - INFO - Intervening on features to create augmented feature set
2025-07-30 04:17:56 - INFO - Generating counterfactuals for augmented target set
2025-07-30 04:17:56 - INFO - Original X train shape: (3200, 3)
2025-07-30 04:17:56 - INFO - Augmented X train shape: (2400, 3)
2025-07-30 04:17:56 - INFO - Combined X train shape: (5600, 3)
2025-07-30 04:17:56 - INFO - Training new xgboost model on augmented data

2025-07-30 04:17:57 - INFO - Selected features to perturb: ['F1', 'F0', 'F2']

2025-07-30 04:17:57 - INFO - Intervening on features to create augmented feature set
2025-07-30 04:17:57 - INFO - Generating counterfactuals for augmented target set
2025-07-30 04:17:57 - INFO - Original X train shape: (3200, 3)
2025-07-30 04:17:57 - INFO - Augmented X train shape: (1600, 3)
2025-07-30 04:17:57 - INFO - Combined X train shape: (4800, 3)
2025-07-30 04:17:57 - INFO - Training new xgboost model on augmented data

2025-07-30 04:17:57 - INFO - Selected features to perturb: ['F1', 'F0', 'F2']

2025-07-30 04:17:57 - INFO - Intervening on features to create augmented feature set
2025-07-30 04:17:57 - INFO - Generating counterfactuals for augmented target set
2025-07-30 04:17:57 - INFO - Original X train shape: (3200, 3)
2025-07-30 04:17:57 - INFO - Augmented X train shape: (1600, 3)
2025-07-30 04:17:57 - INFO - Combined X train shape: (4800, 3)
2025-07-30 04:17:57 - INFO - Training new xgboost model on augmented data

2025-07-30 04:17:58 - INFO - Selected features to perturb: ['F1', 'F0', 'F2']

2025-07-30 04:17:58 - INFO - Intervening on features to create augmented feature set
2025-07-30 04:17:58 - INFO - Generating counterfactuals for augmented target set
2025-07-30 04:17:58 - INFO - Original X train shape: (3200, 3)
2025-07-30 04:17:58 - INFO - Augmented X train shape: (3200, 3)
2025-07-30 04:17:58 - INFO - Combined X train shape: (6400, 3)
2025-07-30 04:17:58 - INFO - Training new xgboost model on augmented data

2025-07-30 04:17:59 - INFO - Selected features to perturb: ['F1', 'F0', 'F2']

2025-07-30 04:17:59 - INFO - Intervening on features to create augmented feature set
2025-07-30 04:17:59 - INFO - Generating counterfactuals for augmented target set
2025-07-30 04:17:59 - INFO - Original X train shape: (3200, 3)
2025-07-30 04:17:59 - INFO - Augmented X train shape: (3200, 3)
2025-07-30 04:17:59 - INFO - Combined X train shape: (6400, 3)
2025-07-30 04:17:59 - INFO - Training new xgboost model on augmented data

2025-07-30 04:18:00 - INFO - Selected features to perturb: ['F1', 'F0']

2025-07-30 04:18:00 - INFO - Intervening on features to create augmented feature set
2025-07-30 04:18:00 - INFO - Generating counterfactuals for augmented target set
2025-07-30 04:18:00 - INFO - Original X train shape: (3200, 3)
2025-07-30 04:18:00 - INFO - Augmented X train shape: (3200, 3)
2025-07-30 04:18:00 - INFO - Combined X train shape: (6400, 3)
2025-07-30 04:18:00 - INFO - Training new xgboost model on augmented data

2025-07-30 04:18:01 - INFO - Selected features to perturb: ['F1', 'F0', 'F2']

2025-07-30 04:18:01 - INFO - Intervening on features to create augmented feature set
2025-07-30 04:18:01 - INFO - Generating counterfactuals for augmented target set
2025-07-30 04:18:01 - INFO - Original X train shape: (3200, 3)
2025-07-30 04:18:01 - INFO - Augmented X train shape: (3200, 3)
2025-07-30 04:18:01 - INFO - Combined X train shape: (6400, 3)
2025-07-30 04:18:01 - INFO - Training new xgboost model on augmented data

2025-07-30 04:18:02 - INFO - Selected features to perturb: ['F1', 'F0', 'F2']

2025-07-30 04:18:02 - INFO - Intervening on features to create augmented feature set
2025-07-30 04:18:02 - INFO - Generating counterfactuals for augmented target set
2025-07-30 04:18:02 - INFO - Original X train shape: (3200, 3)
2025-07-30 04:18:02 - INFO - Augmented X train shape: (3200, 3)
2025-07-30 04:18:02 - INFO - Combined X train shape: (6400, 3)
2025-07-30 04:18:02 - INFO - Training new xgboost model on augmented data

2025-07-30 04:18:03 - INFO - Selected features to perturb: ['F1', 'F0', 'F2']

2025-07-30 04:18:03 - INFO - Intervening on features to create augmented feature set
2025-07-30 04:18:03 - INFO - Generating counterfactuals for augmented target set
2025-07-30 04:18:03 - INFO - Original X train shape: (3200, 3)
2025-07-30 04:18:03 - INFO - Augmented X train shape: (4000, 3)
2025-07-30 04:18:03 - INFO - Combined X train shape: (7200, 3)
2025-07-30 04:18:03 - INFO - Training new xgboost model on augmented data

2025-07-30 04:18:04 - INFO - Selected features to perturb: ['F1', 'F0', 'F2']

2025-07-30 04:18:04 - INFO - Intervening on features to create augmented feature set
2025-07-30 04:18:04 - INFO - Generating counterfactuals for augmented target set
2025-07-30 04:18:04 - INFO - Original X train shape: (3200, 3)
2025-07-30 04:18:04 - INFO - Augmented X train shape: (3200, 3)
2025-07-30 04:18:04 - INFO - Combined X train shape: (6400, 3)
2025-07-30 04:18:04 - INFO - Training new xgboost model on augmented data

2025-07-30 04:18:05 - INFO - Selected features to perturb: ['F1', 'F0', 'F2']

2025-07-30 04:18:05 - INFO - Intervening on features to create augmented feature set
2025-07-30 04:18:05 - INFO - Generating counterfactuals for augmented target set
2025-07-30 04:18:05 - INFO - Original X train shape: (3200, 3)
2025-07-30 04:18:05 - INFO - Augmented X train shape: (2400, 3)
2025-07-30 04:18:05 - INFO - Combined X train shape: (5600, 3)
2025-07-30 04:18:05 - INFO - Training new xgboost model on augmented data

2025-07-30 04:18:06 - INFO - Selected features to perturb: ['F1', 'F0', 'F2']

2025-07-30 04:18:06 - INFO - Intervening on features to create augmented feature set
2025-07-30 04:18:06 - INFO - Generating counterfactuals for augmented target set
2025-07-30 04:18:06 - INFO - Original X train shape: (3200, 3)
2025-07-30 04:18:06 - INFO - Augmented X train shape: (4000, 3)
2025-07-30 04:18:06 - INFO - Combined X train shape: (7200, 3)
2025-07-30 04:18:06 - INFO - Training new xgboost model on augmented data

2025-07-30 04:18:07 - INFO - Selected features to perturb: ['F1', 'F0', 'F2']

2025-07-30 04:18:07 - INFO - Intervening on features to create augmented feature set
2025-07-30 04:18:07 - INFO - Generating counterfactuals for augmented target set
2025-07-30 04:18:07 - INFO - Original X train shape: (3200, 3)
2025-07-30 04:18:07 - INFO - Augmented X train shape: (3200, 3)
2025-07-30 04:18:07 - INFO - Combined X train shape: (6400, 3)
2025-07-30 04:18:07 - INFO - Training new xgboost model on augmented data

2025-07-30 04:18:08 - INFO - Selected features to perturb: ['F1', 'F0', 'F2']

2025-07-30 04:18:08 - INFO - Intervening on features to create augmented feature set
2025-07-30 04:18:08 - INFO - Generating counterfactuals for augmented target set
2025-07-30 04:18:08 - INFO - Original X train shape: (3200, 3)
2025-07-30 04:18:08 - INFO - Augmented X train shape: (3200, 3)
2025-07-30 04:18:08 - INFO - Combined X train shape: (6400, 3)
2025-07-30 04:18:08 - INFO - Training new xgboost model on augmented data

2025-07-30 04:18:09 - INFO - Selected features to perturb: ['F1', 'F0', 'F2']

2025-07-30 04:18:09 - INFO - Intervening on features to create augmented feature set
2025-07-30 04:18:09 - INFO - Generating counterfactuals for augmented target set
2025-07-30 04:18:09 - INFO - Original X train shape: (3200, 3)
2025-07-30 04:18:09 - INFO - Augmented X train shape: (4000, 3)
2025-07-30 04:18:09 - INFO - Combined X train shape: (7200, 3)
2025-07-30 04:18:09 - INFO - Training new xgboost model on augmented data

2025-07-30 04:18:09 - INFO - Best augmentation parameters:
{'max_n_features_to_perturb': 5, 'aug_data_size_factor': 1.0, 'aug_data_weight': 1.0, 'max_perturb_percent': 0.2, 'min_perturb_percent': -0.2}

2025-07-30 04:18:09 - INFO - Selected features to perturb: ['F1', 'F0', 'F2']

2025-07-30 04:18:09 - INFO - Intervening on features to create augmented feature set
2025-07-30 04:18:09 - INFO - Generating counterfactuals for augmented target set
2025-07-30 04:18:09 - INFO - Original X train shape: (4000, 3)
2025-07-30 04:18:09 - INFO - Augmented X train shape: (4000, 3)
2025-07-30 04:18:09 - INFO - Combined X train shape: (8000, 3)
2025-07-30 04:18:23 - INFO - Done cross-validation evaluation
2025-07-30 04:18:23 - INFO - The p-value from the Wilcoxon signed-rank test is: 0.0009765625

2025-07-30 04:18:23 - INFO - Evaluation metrics for the experiment:
2025-07-30 04:18:23 - INFO - Original MSE: 0.005456356625188097, Augmented MSE: 0.005222482787002718


2025-07-30 04:18:23 - INFO - ####################################################################################################
2025-07-30 04:18:23 - INFO - Interim results for seeds saved to ../experiments_synthetic/complex/xgboost_20250730-041740/interim_results/complex_data_sample_5000_interim_results.csv. Aggregating results for complex_data_sample_5000...
2025-07-30 04:18:23 - INFO - ****************************************************************************************************
2025-07-30 04:18:23 - INFO - 






****************************************************************************************************
2025-07-30 04:18:23 - INFO - Running experiment on dataset: complex_data_sample_10000
2025-07-30 04:18:23 - INFO - 



####################################################################################################
2025-07-30 04:18:23 - INFO - Running experiment on dataset: complex_data_sample_10000 with seed: 0
2025-07-30 04:18:23 - INFO - Training xgboost baseline model
2025-07-30 04:18:24 - INFO - Done training baseline model
2025-07-30 04:18:24 - INFO - Done calculating residuals

2025-07-30 04:18:24 - INFO - Filtering for features to perturb
2025-07-30 04:18:24 - INFO - Creating causal graph for complex_data_sample_10000
2025-07-30 04:18:24 - INFO - Features that are not connected to Z (conditional independence): ['F2', 'F1']
2025-07-30 04:18:24 - INFO - [Z vs F0]  r: 0.0233, p: 0.0199
2025-07-30 04:18:24 - INFO - [Z vs F1]  r: -0.0049, p: 0.6208
2025-07-30 04:18:24 - INFO - [Z vs F2]  r: 0.0134, p: 0.1800
2025-07-30 04:18:24 - INFO - Candidates (uncorrelated + not connected to Z): ['F2', 'F1']
2025-07-30 04:18:24 - INFO - Ranked candidate features:
  feature     score  r_with_T  r_with_Z
1      F1  0.003675 -0.008623 -0.004947
0      F2 -0.007862 -0.005545  0.013407
2025-07-30 04:18:24 - INFO - Done filtering.

2025-07-30 04:18:24 - INFO - Selected features to perturb: ['F1', 'F2']

2025-07-30 04:18:24 - INFO - Intervening on features to create augmented feature set
2025-07-30 04:18:24 - INFO - Generating counterfactuals for augmented target set
2025-07-30 04:18:24 - INFO - Original X train shape: (6400, 3)
2025-07-30 04:18:24 - INFO - Augmented X train shape: (8000, 3)
2025-07-30 04:18:24 - INFO - Combined X train shape: (14400, 3)
2025-07-30 04:18:24 - INFO - Training new xgboost model on augmented data

2025-07-30 04:18:25 - INFO - Selected features to perturb: ['F1', 'F2']

2025-07-30 04:18:25 - INFO - Intervening on features to create augmented feature set
2025-07-30 04:18:25 - INFO - Generating counterfactuals for augmented target set
2025-07-30 04:18:25 - INFO - Original X train shape: (6400, 3)
2025-07-30 04:18:25 - INFO - Augmented X train shape: (8000, 3)
2025-07-30 04:18:25 - INFO - Combined X train shape: (14400, 3)
2025-07-30 04:18:25 - INFO - Training new xgboost model on augmented data

2025-07-30 04:18:26 - INFO - Selected features to perturb: ['F1', 'F2']

2025-07-30 04:18:26 - INFO - Intervening on features to create augmented feature set
2025-07-30 04:18:26 - INFO - Generating counterfactuals for augmented target set
2025-07-30 04:18:26 - INFO - Original X train shape: (6400, 3)
2025-07-30 04:18:26 - INFO - Augmented X train shape: (4800, 3)
2025-07-30 04:18:26 - INFO - Combined X train shape: (11200, 3)
2025-07-30 04:18:26 - INFO - Training new xgboost model on augmented data

2025-07-30 04:18:27 - INFO - Selected features to perturb: ['F1', 'F2']

2025-07-30 04:18:27 - INFO - Intervening on features to create augmented feature set
2025-07-30 04:18:27 - INFO - Generating counterfactuals for augmented target set
2025-07-30 04:18:27 - INFO - Original X train shape: (6400, 3)
2025-07-30 04:18:27 - INFO - Augmented X train shape: (9600, 3)
2025-07-30 04:18:27 - INFO - Combined X train shape: (16000, 3)
2025-07-30 04:18:27 - INFO - Training new xgboost model on augmented data

2025-07-30 04:18:28 - INFO - Selected features to perturb: ['F1']

2025-07-30 04:18:28 - INFO - Intervening on features to create augmented feature set
2025-07-30 04:18:28 - INFO - Generating counterfactuals for augmented target set
2025-07-30 04:18:28 - INFO - Original X train shape: (6400, 3)
2025-07-30 04:18:28 - INFO - Augmented X train shape: (9600, 3)
2025-07-30 04:18:28 - INFO - Combined X train shape: (16000, 3)
2025-07-30 04:18:28 - INFO - Training new xgboost model on augmented data

2025-07-30 04:18:28 - INFO - Selected features to perturb: ['F1', 'F2']

2025-07-30 04:18:28 - INFO - Intervening on features to create augmented feature set
2025-07-30 04:18:28 - INFO - Generating counterfactuals for augmented target set
2025-07-30 04:18:28 - INFO - Original X train shape: (6400, 3)
2025-07-30 04:18:28 - INFO - Augmented X train shape: (8000, 3)
2025-07-30 04:18:28 - INFO - Combined X train shape: (14400, 3)
2025-07-30 04:18:28 - INFO - Training new xgboost model on augmented data

2025-07-30 04:18:29 - INFO - Selected features to perturb: ['F1']

2025-07-30 04:18:29 - INFO - Intervening on features to create augmented feature set
2025-07-30 04:18:29 - INFO - Generating counterfactuals for augmented target set
2025-07-30 04:18:29 - INFO - Original X train shape: (6400, 3)
2025-07-30 04:18:29 - INFO - Augmented X train shape: (8000, 3)
2025-07-30 04:18:29 - INFO - Combined X train shape: (14400, 3)
2025-07-30 04:18:29 - INFO - Training new xgboost model on augmented data

2025-07-30 04:18:30 - INFO - Selected features to perturb: ['F1', 'F2']

2025-07-30 04:18:30 - INFO - Intervening on features to create augmented feature set
2025-07-30 04:18:30 - INFO - Generating counterfactuals for augmented target set
2025-07-30 04:18:30 - INFO - Original X train shape: (6400, 3)
2025-07-30 04:18:30 - INFO - Augmented X train shape: (6400, 3)
2025-07-30 04:18:30 - INFO - Combined X train shape: (12800, 3)
2025-07-30 04:18:30 - INFO - Training new xgboost model on augmented data

2025-07-30 04:18:31 - INFO - Selected features to perturb: ['F1', 'F2']

2025-07-30 04:18:31 - INFO - Intervening on features to create augmented feature set
2025-07-30 04:18:31 - INFO - Generating counterfactuals for augmented target set
2025-07-30 04:18:31 - INFO - Original X train shape: (6400, 3)
2025-07-30 04:18:31 - INFO - Augmented X train shape: (6400, 3)
2025-07-30 04:18:31 - INFO - Combined X train shape: (12800, 3)
2025-07-30 04:18:31 - INFO - Training new xgboost model on augmented data

2025-07-30 04:18:32 - INFO - Selected features to perturb: ['F1', 'F2']

2025-07-30 04:18:32 - INFO - Intervening on features to create augmented feature set
2025-07-30 04:18:32 - INFO - Generating counterfactuals for augmented target set
2025-07-30 04:18:32 - INFO - Original X train shape: (6400, 3)
2025-07-30 04:18:32 - INFO - Augmented X train shape: (8000, 3)
2025-07-30 04:18:32 - INFO - Combined X train shape: (14400, 3)
2025-07-30 04:18:32 - INFO - Training new xgboost model on augmented data

2025-07-30 04:18:33 - INFO - Selected features to perturb: ['F1', 'F2']

2025-07-30 04:18:33 - INFO - Intervening on features to create augmented feature set
2025-07-30 04:18:33 - INFO - Generating counterfactuals for augmented target set
2025-07-30 04:18:33 - INFO - Original X train shape: (6400, 3)
2025-07-30 04:18:33 - INFO - Augmented X train shape: (3200, 3)
2025-07-30 04:18:33 - INFO - Combined X train shape: (9600, 3)
2025-07-30 04:18:33 - INFO - Training new xgboost model on augmented data

2025-07-30 04:18:34 - INFO - Selected features to perturb: ['F1', 'F2']

2025-07-30 04:18:34 - INFO - Intervening on features to create augmented feature set
2025-07-30 04:18:34 - INFO - Generating counterfactuals for augmented target set
2025-07-30 04:18:34 - INFO - Original X train shape: (6400, 3)
2025-07-30 04:18:34 - INFO - Augmented X train shape: (8000, 3)
2025-07-30 04:18:34 - INFO - Combined X train shape: (14400, 3)
2025-07-30 04:18:34 - INFO - Training new xgboost model on augmented data

2025-07-30 04:18:35 - INFO - Selected features to perturb: ['F1', 'F2']

2025-07-30 04:18:35 - INFO - Intervening on features to create augmented feature set
2025-07-30 04:18:35 - INFO - Generating counterfactuals for augmented target set
2025-07-30 04:18:35 - INFO - Original X train shape: (6400, 3)
2025-07-30 04:18:35 - INFO - Augmented X train shape: (9600, 3)
2025-07-30 04:18:35 - INFO - Combined X train shape: (16000, 3)
2025-07-30 04:18:35 - INFO - Training new xgboost model on augmented data

2025-07-30 04:18:36 - INFO - Selected features to perturb: ['F1', 'F2']

2025-07-30 04:18:36 - INFO - Intervening on features to create augmented feature set
2025-07-30 04:18:36 - INFO - Generating counterfactuals for augmented target set
2025-07-30 04:18:36 - INFO - Original X train shape: (6400, 3)
2025-07-30 04:18:36 - INFO - Augmented X train shape: (4800, 3)
2025-07-30 04:18:36 - INFO - Combined X train shape: (11200, 3)
2025-07-30 04:18:36 - INFO - Training new xgboost model on augmented data

2025-07-30 04:18:37 - INFO - Selected features to perturb: ['F1', 'F2']

2025-07-30 04:18:37 - INFO - Intervening on features to create augmented feature set
2025-07-30 04:18:37 - INFO - Generating counterfactuals for augmented target set
2025-07-30 04:18:37 - INFO - Original X train shape: (6400, 3)
2025-07-30 04:18:37 - INFO - Augmented X train shape: (6400, 3)
2025-07-30 04:18:37 - INFO - Combined X train shape: (12800, 3)
2025-07-30 04:18:37 - INFO - Training new xgboost model on augmented data

2025-07-30 04:18:38 - INFO - Selected features to perturb: ['F1', 'F2']

2025-07-30 04:18:38 - INFO - Intervening on features to create augmented feature set
2025-07-30 04:18:38 - INFO - Generating counterfactuals for augmented target set
2025-07-30 04:18:38 - INFO - Original X train shape: (6400, 3)
2025-07-30 04:18:38 - INFO - Augmented X train shape: (8000, 3)
2025-07-30 04:18:38 - INFO - Combined X train shape: (14400, 3)
2025-07-30 04:18:38 - INFO - Training new xgboost model on augmented data

2025-07-30 04:18:39 - INFO - Selected features to perturb: ['F1', 'F2']

2025-07-30 04:18:39 - INFO - Intervening on features to create augmented feature set
2025-07-30 04:18:39 - INFO - Generating counterfactuals for augmented target set
2025-07-30 04:18:39 - INFO - Original X train shape: (6400, 3)
2025-07-30 04:18:39 - INFO - Augmented X train shape: (4800, 3)
2025-07-30 04:18:39 - INFO - Combined X train shape: (11200, 3)
2025-07-30 04:18:39 - INFO - Training new xgboost model on augmented data

2025-07-30 04:18:40 - INFO - Selected features to perturb: ['F1', 'F2']

2025-07-30 04:18:40 - INFO - Intervening on features to create augmented feature set
2025-07-30 04:18:40 - INFO - Generating counterfactuals for augmented target set
2025-07-30 04:18:40 - INFO - Original X train shape: (6400, 3)
2025-07-30 04:18:40 - INFO - Augmented X train shape: (9600, 3)
2025-07-30 04:18:40 - INFO - Combined X train shape: (16000, 3)
2025-07-30 04:18:40 - INFO - Training new xgboost model on augmented data

2025-07-30 04:18:41 - INFO - Selected features to perturb: ['F1', 'F2']

2025-07-30 04:18:41 - INFO - Intervening on features to create augmented feature set
2025-07-30 04:18:41 - INFO - Generating counterfactuals for augmented target set
2025-07-30 04:18:41 - INFO - Original X train shape: (6400, 3)
2025-07-30 04:18:41 - INFO - Augmented X train shape: (6400, 3)
2025-07-30 04:18:41 - INFO - Combined X train shape: (12800, 3)
2025-07-30 04:18:41 - INFO - Training new xgboost model on augmented data

2025-07-30 04:18:42 - INFO - Selected features to perturb: ['F1', 'F2']

2025-07-30 04:18:42 - INFO - Intervening on features to create augmented feature set
2025-07-30 04:18:42 - INFO - Generating counterfactuals for augmented target set
2025-07-30 04:18:42 - INFO - Original X train shape: (6400, 3)
2025-07-30 04:18:42 - INFO - Augmented X train shape: (8000, 3)
2025-07-30 04:18:42 - INFO - Combined X train shape: (14400, 3)
2025-07-30 04:18:42 - INFO - Training new xgboost model on augmented data

2025-07-30 04:18:43 - INFO - Selected features to perturb: ['F1', 'F2']

2025-07-30 04:18:43 - INFO - Intervening on features to create augmented feature set
2025-07-30 04:18:43 - INFO - Generating counterfactuals for augmented target set
2025-07-30 04:18:43 - INFO - Original X train shape: (6400, 3)
2025-07-30 04:18:43 - INFO - Augmented X train shape: (3200, 3)
2025-07-30 04:18:43 - INFO - Combined X train shape: (9600, 3)
2025-07-30 04:18:43 - INFO - Training new xgboost model on augmented data

2025-07-30 04:18:44 - INFO - Selected features to perturb: ['F1', 'F2']

2025-07-30 04:18:44 - INFO - Intervening on features to create augmented feature set
2025-07-30 04:18:44 - INFO - Generating counterfactuals for augmented target set
2025-07-30 04:18:44 - INFO - Original X train shape: (6400, 3)
2025-07-30 04:18:44 - INFO - Augmented X train shape: (9600, 3)
2025-07-30 04:18:44 - INFO - Combined X train shape: (16000, 3)
2025-07-30 04:18:44 - INFO - Training new xgboost model on augmented data

2025-07-30 04:18:44 - INFO - Selected features to perturb: ['F1', 'F2']

2025-07-30 04:18:44 - INFO - Intervening on features to create augmented feature set
2025-07-30 04:18:44 - INFO - Generating counterfactuals for augmented target set
2025-07-30 04:18:45 - INFO - Original X train shape: (6400, 3)
2025-07-30 04:18:45 - INFO - Augmented X train shape: (9600, 3)
2025-07-30 04:18:45 - INFO - Combined X train shape: (16000, 3)
2025-07-30 04:18:45 - INFO - Training new xgboost model on augmented data

2025-07-30 04:18:45 - INFO - Selected features to perturb: ['F1']

2025-07-30 04:18:45 - INFO - Intervening on features to create augmented feature set
2025-07-30 04:18:45 - INFO - Generating counterfactuals for augmented target set
2025-07-30 04:18:45 - INFO - Original X train shape: (6400, 3)
2025-07-30 04:18:45 - INFO - Augmented X train shape: (9600, 3)
2025-07-30 04:18:45 - INFO - Combined X train shape: (16000, 3)
2025-07-30 04:18:45 - INFO - Training new xgboost model on augmented data

2025-07-30 04:18:46 - INFO - Selected features to perturb: ['F1', 'F2']

2025-07-30 04:18:46 - INFO - Intervening on features to create augmented feature set
2025-07-30 04:18:46 - INFO - Generating counterfactuals for augmented target set
2025-07-30 04:18:46 - INFO - Original X train shape: (6400, 3)
2025-07-30 04:18:46 - INFO - Augmented X train shape: (9600, 3)
2025-07-30 04:18:46 - INFO - Combined X train shape: (16000, 3)
2025-07-30 04:18:46 - INFO - Training new xgboost model on augmented data

2025-07-30 04:18:47 - INFO - Selected features to perturb: ['F1', 'F2']

2025-07-30 04:18:47 - INFO - Intervening on features to create augmented feature set
2025-07-30 04:18:47 - INFO - Generating counterfactuals for augmented target set
2025-07-30 04:18:47 - INFO - Original X train shape: (6400, 3)
2025-07-30 04:18:47 - INFO - Augmented X train shape: (9600, 3)
2025-07-30 04:18:47 - INFO - Combined X train shape: (16000, 3)
2025-07-30 04:18:47 - INFO - Training new xgboost model on augmented data

2025-07-30 04:18:48 - INFO - Selected features to perturb: ['F1']

2025-07-30 04:18:48 - INFO - Intervening on features to create augmented feature set
2025-07-30 04:18:48 - INFO - Generating counterfactuals for augmented target set
2025-07-30 04:18:48 - INFO - Original X train shape: (6400, 3)
2025-07-30 04:18:48 - INFO - Augmented X train shape: (9600, 3)
2025-07-30 04:18:48 - INFO - Combined X train shape: (16000, 3)
2025-07-30 04:18:48 - INFO - Training new xgboost model on augmented data

2025-07-30 04:18:48 - INFO - Selected features to perturb: ['F1']

2025-07-30 04:18:48 - INFO - Intervening on features to create augmented feature set
2025-07-30 04:18:48 - INFO - Generating counterfactuals for augmented target set
2025-07-30 04:18:49 - INFO - Original X train shape: (6400, 3)
2025-07-30 04:18:49 - INFO - Augmented X train shape: (8000, 3)
2025-07-30 04:18:49 - INFO - Combined X train shape: (14400, 3)
2025-07-30 04:18:49 - INFO - Training new xgboost model on augmented data

2025-07-30 04:18:49 - INFO - Selected features to perturb: ['F1']

2025-07-30 04:18:49 - INFO - Intervening on features to create augmented feature set
2025-07-30 04:18:49 - INFO - Generating counterfactuals for augmented target set
2025-07-30 04:18:49 - INFO - Original X train shape: (6400, 3)
2025-07-30 04:18:49 - INFO - Augmented X train shape: (9600, 3)
2025-07-30 04:18:49 - INFO - Combined X train shape: (16000, 3)
2025-07-30 04:18:49 - INFO - Training new xgboost model on augmented data

2025-07-30 04:18:51 - INFO - Selected features to perturb: ['F1']

2025-07-30 04:18:51 - INFO - Intervening on features to create augmented feature set
2025-07-30 04:18:51 - INFO - Generating counterfactuals for augmented target set
2025-07-30 04:18:51 - INFO - Original X train shape: (6400, 3)
2025-07-30 04:18:51 - INFO - Augmented X train shape: (8000, 3)
2025-07-30 04:18:51 - INFO - Combined X train shape: (14400, 3)
2025-07-30 04:18:51 - INFO - Training new xgboost model on augmented data

2025-07-30 04:18:52 - INFO - Best augmentation parameters:
{'max_n_features_to_perturb': 4, 'aug_data_size_factor': 1.25, 'aug_data_weight': 1.0, 'max_perturb_percent': 0.7000000000000001, 'min_perturb_percent': -0.7000000000000001}

2025-07-30 04:18:52 - INFO - Selected features to perturb: ['F1', 'F2']

2025-07-30 04:18:52 - INFO - Intervening on features to create augmented feature set
2025-07-30 04:18:52 - INFO - Generating counterfactuals for augmented target set
2025-07-30 04:18:52 - INFO - Original X train shape: (8000, 3)
2025-07-30 04:18:52 - INFO - Augmented X train shape: (10000, 3)
2025-07-30 04:18:52 - INFO - Combined X train shape: (18000, 3)
2025-07-30 04:19:06 - INFO - Done cross-validation evaluation
2025-07-30 04:19:06 - INFO - The p-value from the Wilcoxon signed-rank test is: 0.0009765625

2025-07-30 04:19:06 - INFO - Evaluation metrics for the experiment:
2025-07-30 04:19:06 - INFO - Original MSE: 0.002675675666688929, Augmented MSE: 0.0025502387999053705


2025-07-30 04:19:06 - INFO - ####################################################################################################
2025-07-30 04:19:06 - INFO - Interim results for seeds saved to ../experiments_synthetic/complex/xgboost_20250730-041740/interim_results/complex_data_sample_10000_interim_results.csv. Aggregating results for complex_data_sample_10000...
2025-07-30 04:19:06 - INFO - ****************************************************************************************************
2025-07-30 04:19:06 - INFO - 






****************************************************************************************************
2025-07-30 04:19:06 - INFO - Running experiment on dataset: complex_data_sample_15000
2025-07-30 04:19:06 - INFO - 



####################################################################################################
2025-07-30 04:19:06 - INFO - Running experiment on dataset: complex_data_sample_15000 with seed: 0
2025-07-30 04:19:06 - INFO - Training xgboost baseline model
2025-07-30 04:19:07 - INFO - Done training baseline model
2025-07-30 04:19:07 - INFO - Done calculating residuals

2025-07-30 04:19:07 - INFO - Filtering for features to perturb
2025-07-30 04:19:07 - INFO - Creating causal graph for complex_data_sample_15000
2025-07-30 04:19:07 - INFO - Features that are not connected to Z (conditional independence): ['F2', 'F0', 'F1']
2025-07-30 04:19:07 - INFO - [Z vs F0]  r: 0.0098, p: 0.2284
2025-07-30 04:19:07 - INFO - [Z vs F1]  r: 0.0102, p: 0.2110
2025-07-30 04:19:07 - INFO - [Z vs F2]  r: 0.0023, p: 0.7783
2025-07-30 04:19:07 - INFO - Candidates (uncorrelated + not connected to Z): ['F2', 'F0', 'F1']
2025-07-30 04:19:07 - INFO - Ranked candidate features:
  feature     score  r_with_T  r_with_Z
1      F0  0.003600 -0.013436  0.009836
0      F2  0.001285 -0.003584  0.002299
2      F1 -0.002762 -0.007453  0.010215
2025-07-30 04:19:07 - INFO - Done filtering.

2025-07-30 04:19:07 - INFO - Selected features to perturb: ['F0', 'F2', 'F1']

2025-07-30 04:19:07 - INFO - Intervening on features to create augmented feature set
2025-07-30 04:19:07 - INFO - Generating counterfactuals for augmented target set
2025-07-30 04:19:07 - INFO - Original X train shape: (9600, 3)
2025-07-30 04:19:07 - INFO - Augmented X train shape: (12000, 3)
2025-07-30 04:19:07 - INFO - Combined X train shape: (21600, 3)
2025-07-30 04:19:07 - INFO - Training new xgboost model on augmented data

2025-07-30 04:19:08 - INFO - Selected features to perturb: ['F0', 'F2', 'F1']

2025-07-30 04:19:08 - INFO - Intervening on features to create augmented feature set
2025-07-30 04:19:08 - INFO - Generating counterfactuals for augmented target set
2025-07-30 04:19:08 - INFO - Original X train shape: (9600, 3)
2025-07-30 04:19:08 - INFO - Augmented X train shape: (12000, 3)
2025-07-30 04:19:08 - INFO - Combined X train shape: (21600, 3)
2025-07-30 04:19:08 - INFO - Training new xgboost model on augmented data

2025-07-30 04:19:09 - INFO - Selected features to perturb: ['F0', 'F2', 'F1']

2025-07-30 04:19:09 - INFO - Intervening on features to create augmented feature set
2025-07-30 04:19:09 - INFO - Generating counterfactuals for augmented target set
2025-07-30 04:19:09 - INFO - Original X train shape: (9600, 3)
2025-07-30 04:19:09 - INFO - Augmented X train shape: (7200, 3)
2025-07-30 04:19:09 - INFO - Combined X train shape: (16800, 3)
2025-07-30 04:19:09 - INFO - Training new xgboost model on augmented data

2025-07-30 04:19:10 - INFO - Selected features to perturb: ['F0', 'F2', 'F1']

2025-07-30 04:19:10 - INFO - Intervening on features to create augmented feature set
2025-07-30 04:19:10 - INFO - Generating counterfactuals for augmented target set
2025-07-30 04:19:10 - INFO - Original X train shape: (9600, 3)
2025-07-30 04:19:10 - INFO - Augmented X train shape: (14400, 3)
2025-07-30 04:19:10 - INFO - Combined X train shape: (24000, 3)
2025-07-30 04:19:10 - INFO - Training new xgboost model on augmented data

2025-07-30 04:19:11 - INFO - Selected features to perturb: ['F0']

2025-07-30 04:19:11 - INFO - Intervening on features to create augmented feature set
2025-07-30 04:19:11 - INFO - Generating counterfactuals for augmented target set
2025-07-30 04:19:11 - INFO - Original X train shape: (9600, 3)
2025-07-30 04:19:11 - INFO - Augmented X train shape: (14400, 3)
2025-07-30 04:19:11 - INFO - Combined X train shape: (24000, 3)
2025-07-30 04:19:11 - INFO - Training new xgboost model on augmented data

2025-07-30 04:19:12 - INFO - Selected features to perturb: ['F0', 'F2', 'F1']

2025-07-30 04:19:12 - INFO - Intervening on features to create augmented feature set
2025-07-30 04:19:12 - INFO - Generating counterfactuals for augmented target set
2025-07-30 04:19:12 - INFO - Original X train shape: (9600, 3)
2025-07-30 04:19:12 - INFO - Augmented X train shape: (12000, 3)
2025-07-30 04:19:12 - INFO - Combined X train shape: (21600, 3)
2025-07-30 04:19:12 - INFO - Training new xgboost model on augmented data

2025-07-30 04:19:13 - INFO - Selected features to perturb: ['F0']

2025-07-30 04:19:13 - INFO - Intervening on features to create augmented feature set
2025-07-30 04:19:13 - INFO - Generating counterfactuals for augmented target set
2025-07-30 04:19:13 - INFO - Original X train shape: (9600, 3)
2025-07-30 04:19:13 - INFO - Augmented X train shape: (12000, 3)
2025-07-30 04:19:13 - INFO - Combined X train shape: (21600, 3)
2025-07-30 04:19:13 - INFO - Training new xgboost model on augmented data

2025-07-30 04:19:13 - INFO - Selected features to perturb: ['F0', 'F2', 'F1']

2025-07-30 04:19:13 - INFO - Intervening on features to create augmented feature set
2025-07-30 04:19:13 - INFO - Generating counterfactuals for augmented target set
2025-07-30 04:19:13 - INFO - Original X train shape: (9600, 3)
2025-07-30 04:19:13 - INFO - Augmented X train shape: (9600, 3)
2025-07-30 04:19:13 - INFO - Combined X train shape: (19200, 3)
2025-07-30 04:19:13 - INFO - Training new xgboost model on augmented data

2025-07-30 04:19:14 - INFO - Selected features to perturb: ['F0', 'F2', 'F1']

2025-07-30 04:19:14 - INFO - Intervening on features to create augmented feature set
2025-07-30 04:19:14 - INFO - Generating counterfactuals for augmented target set
2025-07-30 04:19:14 - INFO - Original X train shape: (9600, 3)
2025-07-30 04:19:14 - INFO - Augmented X train shape: (9600, 3)
2025-07-30 04:19:14 - INFO - Combined X train shape: (19200, 3)
2025-07-30 04:19:14 - INFO - Training new xgboost model on augmented data

2025-07-30 04:19:15 - INFO - Selected features to perturb: ['F0', 'F2', 'F1']

2025-07-30 04:19:15 - INFO - Intervening on features to create augmented feature set
2025-07-30 04:19:15 - INFO - Generating counterfactuals for augmented target set
2025-07-30 04:19:15 - INFO - Original X train shape: (9600, 3)
2025-07-30 04:19:15 - INFO - Augmented X train shape: (12000, 3)
2025-07-30 04:19:15 - INFO - Combined X train shape: (21600, 3)
2025-07-30 04:19:15 - INFO - Training new xgboost model on augmented data

2025-07-30 04:19:16 - INFO - Selected features to perturb: ['F0', 'F2', 'F1']

2025-07-30 04:19:16 - INFO - Intervening on features to create augmented feature set
2025-07-30 04:19:16 - INFO - Generating counterfactuals for augmented target set
2025-07-30 04:19:16 - INFO - Original X train shape: (9600, 3)
2025-07-30 04:19:16 - INFO - Augmented X train shape: (4800, 3)
2025-07-30 04:19:16 - INFO - Combined X train shape: (14400, 3)
2025-07-30 04:19:16 - INFO - Training new xgboost model on augmented data

2025-07-30 04:19:17 - INFO - Selected features to perturb: ['F0', 'F2', 'F1']

2025-07-30 04:19:17 - INFO - Intervening on features to create augmented feature set
2025-07-30 04:19:17 - INFO - Generating counterfactuals for augmented target set
2025-07-30 04:19:17 - INFO - Original X train shape: (9600, 3)
2025-07-30 04:19:17 - INFO - Augmented X train shape: (9600, 3)
2025-07-30 04:19:17 - INFO - Combined X train shape: (19200, 3)
2025-07-30 04:19:17 - INFO - Training new xgboost model on augmented data

2025-07-30 04:19:18 - INFO - Selected features to perturb: ['F0', 'F2']

2025-07-30 04:19:18 - INFO - Intervening on features to create augmented feature set
2025-07-30 04:19:18 - INFO - Generating counterfactuals for augmented target set
2025-07-30 04:19:18 - INFO - Original X train shape: (9600, 3)
2025-07-30 04:19:18 - INFO - Augmented X train shape: (7200, 3)
2025-07-30 04:19:18 - INFO - Combined X train shape: (16800, 3)
2025-07-30 04:19:18 - INFO - Training new xgboost model on augmented data

2025-07-30 04:19:19 - INFO - Selected features to perturb: ['F0', 'F2', 'F1']

2025-07-30 04:19:19 - INFO - Intervening on features to create augmented feature set
2025-07-30 04:19:19 - INFO - Generating counterfactuals for augmented target set
2025-07-30 04:19:19 - INFO - Original X train shape: (9600, 3)
2025-07-30 04:19:19 - INFO - Augmented X train shape: (7200, 3)
2025-07-30 04:19:19 - INFO - Combined X train shape: (16800, 3)
2025-07-30 04:19:19 - INFO - Training new xgboost model on augmented data

2025-07-30 04:19:20 - INFO - Selected features to perturb: ['F0', 'F2', 'F1']

2025-07-30 04:19:20 - INFO - Intervening on features to create augmented feature set
2025-07-30 04:19:20 - INFO - Generating counterfactuals for augmented target set
2025-07-30 04:19:20 - INFO - Original X train shape: (9600, 3)
2025-07-30 04:19:20 - INFO - Augmented X train shape: (4800, 3)
2025-07-30 04:19:20 - INFO - Combined X train shape: (14400, 3)
2025-07-30 04:19:20 - INFO - Training new xgboost model on augmented data

2025-07-30 04:19:22 - INFO - Selected features to perturb: ['F0', 'F2', 'F1']

2025-07-30 04:19:22 - INFO - Intervening on features to create augmented feature set
2025-07-30 04:19:22 - INFO - Generating counterfactuals for augmented target set
2025-07-30 04:19:22 - INFO - Original X train shape: (9600, 3)
2025-07-30 04:19:22 - INFO - Augmented X train shape: (7200, 3)
2025-07-30 04:19:22 - INFO - Combined X train shape: (16800, 3)
2025-07-30 04:19:22 - INFO - Training new xgboost model on augmented data

2025-07-30 04:19:23 - INFO - Selected features to perturb: ['F0', 'F2', 'F1']

2025-07-30 04:19:23 - INFO - Intervening on features to create augmented feature set
2025-07-30 04:19:23 - INFO - Generating counterfactuals for augmented target set
2025-07-30 04:19:23 - INFO - Original X train shape: (9600, 3)
2025-07-30 04:19:23 - INFO - Augmented X train shape: (7200, 3)
2025-07-30 04:19:23 - INFO - Combined X train shape: (16800, 3)
2025-07-30 04:19:23 - INFO - Training new xgboost model on augmented data

2025-07-30 04:19:23 - INFO - Selected features to perturb: ['F0', 'F2']

2025-07-30 04:19:23 - INFO - Intervening on features to create augmented feature set
2025-07-30 04:19:23 - INFO - Generating counterfactuals for augmented target set
2025-07-30 04:19:23 - INFO - Original X train shape: (9600, 3)
2025-07-30 04:19:23 - INFO - Augmented X train shape: (14400, 3)
2025-07-30 04:19:23 - INFO - Combined X train shape: (24000, 3)
2025-07-30 04:19:23 - INFO - Training new xgboost model on augmented data

2025-07-30 04:19:24 - INFO - Selected features to perturb: ['F0', 'F2', 'F1']

2025-07-30 04:19:24 - INFO - Intervening on features to create augmented feature set
2025-07-30 04:19:24 - INFO - Generating counterfactuals for augmented target set
2025-07-30 04:19:24 - INFO - Original X train shape: (9600, 3)
2025-07-30 04:19:24 - INFO - Augmented X train shape: (9600, 3)
2025-07-30 04:19:24 - INFO - Combined X train shape: (19200, 3)
2025-07-30 04:19:24 - INFO - Training new xgboost model on augmented data

2025-07-30 04:19:25 - INFO - Selected features to perturb: ['F0', 'F2']

2025-07-30 04:19:25 - INFO - Intervening on features to create augmented feature set
2025-07-30 04:19:25 - INFO - Generating counterfactuals for augmented target set
2025-07-30 04:19:25 - INFO - Original X train shape: (9600, 3)
2025-07-30 04:19:25 - INFO - Augmented X train shape: (9600, 3)
2025-07-30 04:19:25 - INFO - Combined X train shape: (19200, 3)
2025-07-30 04:19:25 - INFO - Training new xgboost model on augmented data

2025-07-30 04:19:26 - INFO - Selected features to perturb: ['F0', 'F2', 'F1']

2025-07-30 04:19:26 - INFO - Intervening on features to create augmented feature set
2025-07-30 04:19:26 - INFO - Generating counterfactuals for augmented target set
2025-07-30 04:19:26 - INFO - Original X train shape: (9600, 3)
2025-07-30 04:19:26 - INFO - Augmented X train shape: (12000, 3)
2025-07-30 04:19:26 - INFO - Combined X train shape: (21600, 3)
2025-07-30 04:19:26 - INFO - Training new xgboost model on augmented data

2025-07-30 04:19:27 - INFO - Selected features to perturb: ['F0', 'F2', 'F1']

2025-07-30 04:19:27 - INFO - Intervening on features to create augmented feature set
2025-07-30 04:19:27 - INFO - Generating counterfactuals for augmented target set
2025-07-30 04:19:27 - INFO - Original X train shape: (9600, 3)
2025-07-30 04:19:27 - INFO - Augmented X train shape: (9600, 3)
2025-07-30 04:19:27 - INFO - Combined X train shape: (19200, 3)
2025-07-30 04:19:27 - INFO - Training new xgboost model on augmented data

2025-07-30 04:19:28 - INFO - Selected features to perturb: ['F0', 'F2', 'F1']

2025-07-30 04:19:28 - INFO - Intervening on features to create augmented feature set
2025-07-30 04:19:28 - INFO - Generating counterfactuals for augmented target set
2025-07-30 04:19:28 - INFO - Original X train shape: (9600, 3)
2025-07-30 04:19:28 - INFO - Augmented X train shape: (7200, 3)
2025-07-30 04:19:28 - INFO - Combined X train shape: (16800, 3)
2025-07-30 04:19:28 - INFO - Training new xgboost model on augmented data

2025-07-30 04:19:29 - INFO - Selected features to perturb: ['F0', 'F2', 'F1']

2025-07-30 04:19:29 - INFO - Intervening on features to create augmented feature set
2025-07-30 04:19:29 - INFO - Generating counterfactuals for augmented target set
2025-07-30 04:19:29 - INFO - Original X train shape: (9600, 3)
2025-07-30 04:19:29 - INFO - Augmented X train shape: (9600, 3)
2025-07-30 04:19:29 - INFO - Combined X train shape: (19200, 3)
2025-07-30 04:19:29 - INFO - Training new xgboost model on augmented data

2025-07-30 04:19:30 - INFO - Selected features to perturb: ['F0', 'F2', 'F1']

2025-07-30 04:19:30 - INFO - Intervening on features to create augmented feature set
2025-07-30 04:19:30 - INFO - Generating counterfactuals for augmented target set
2025-07-30 04:19:30 - INFO - Original X train shape: (9600, 3)
2025-07-30 04:19:30 - INFO - Augmented X train shape: (4800, 3)
2025-07-30 04:19:30 - INFO - Combined X train shape: (14400, 3)
2025-07-30 04:19:30 - INFO - Training new xgboost model on augmented data

2025-07-30 04:19:31 - INFO - Selected features to perturb: ['F0', 'F2', 'F1']

2025-07-30 04:19:31 - INFO - Intervening on features to create augmented feature set
2025-07-30 04:19:31 - INFO - Generating counterfactuals for augmented target set
2025-07-30 04:19:31 - INFO - Original X train shape: (9600, 3)
2025-07-30 04:19:31 - INFO - Augmented X train shape: (7200, 3)
2025-07-30 04:19:31 - INFO - Combined X train shape: (16800, 3)
2025-07-30 04:19:31 - INFO - Training new xgboost model on augmented data

2025-07-30 04:19:32 - INFO - Selected features to perturb: ['F0', 'F2', 'F1']

2025-07-30 04:19:32 - INFO - Intervening on features to create augmented feature set
2025-07-30 04:19:32 - INFO - Generating counterfactuals for augmented target set
2025-07-30 04:19:32 - INFO - Original X train shape: (9600, 3)
2025-07-30 04:19:32 - INFO - Augmented X train shape: (12000, 3)
2025-07-30 04:19:32 - INFO - Combined X train shape: (21600, 3)
2025-07-30 04:19:32 - INFO - Training new xgboost model on augmented data

2025-07-30 04:19:33 - INFO - Selected features to perturb: ['F0', 'F2', 'F1']

2025-07-30 04:19:33 - INFO - Intervening on features to create augmented feature set
2025-07-30 04:19:33 - INFO - Generating counterfactuals for augmented target set
2025-07-30 04:19:33 - INFO - Original X train shape: (9600, 3)
2025-07-30 04:19:33 - INFO - Augmented X train shape: (9600, 3)
2025-07-30 04:19:33 - INFO - Combined X train shape: (19200, 3)
2025-07-30 04:19:33 - INFO - Training new xgboost model on augmented data

2025-07-30 04:19:34 - INFO - Selected features to perturb: ['F0', 'F2', 'F1']

2025-07-30 04:19:34 - INFO - Intervening on features to create augmented feature set
2025-07-30 04:19:34 - INFO - Generating counterfactuals for augmented target set
2025-07-30 04:19:34 - INFO - Original X train shape: (9600, 3)
2025-07-30 04:19:34 - INFO - Augmented X train shape: (9600, 3)
2025-07-30 04:19:34 - INFO - Combined X train shape: (19200, 3)
2025-07-30 04:19:34 - INFO - Training new xgboost model on augmented data

2025-07-30 04:19:35 - INFO - Selected features to perturb: ['F0', 'F2', 'F1']

2025-07-30 04:19:35 - INFO - Intervening on features to create augmented feature set
2025-07-30 04:19:35 - INFO - Generating counterfactuals for augmented target set
2025-07-30 04:19:35 - INFO - Original X train shape: (9600, 3)
2025-07-30 04:19:35 - INFO - Augmented X train shape: (12000, 3)
2025-07-30 04:19:35 - INFO - Combined X train shape: (21600, 3)
2025-07-30 04:19:35 - INFO - Training new xgboost model on augmented data

2025-07-30 04:19:38 - INFO - Best augmentation parameters:
{'max_n_features_to_perturb': 4, 'aug_data_size_factor': 1.0, 'aug_data_weight': 1.0, 'max_perturb_percent': 0.30000000000000004, 'min_perturb_percent': -0.30000000000000004}

2025-07-30 04:19:38 - INFO - Selected features to perturb: ['F0', 'F2', 'F1']

2025-07-30 04:19:38 - INFO - Intervening on features to create augmented feature set
2025-07-30 04:19:38 - INFO - Generating counterfactuals for augmented target set
2025-07-30 04:19:38 - INFO - Original X train shape: (12000, 3)
2025-07-30 04:19:38 - INFO - Augmented X train shape: (12000, 3)
2025-07-30 04:19:38 - INFO - Combined X train shape: (24000, 3)
2025-07-30 04:19:47 - INFO - Done cross-validation evaluation
2025-07-30 04:19:47 - INFO - The p-value from the Wilcoxon signed-rank test is: 0.0009765625

2025-07-30 04:19:47 - INFO - Evaluation metrics for the experiment:
2025-07-30 04:19:47 - INFO - Original MSE: 0.0028591194839599405, Augmented MSE: 0.0027260501143836287


2025-07-30 04:19:47 - INFO - ####################################################################################################
2025-07-30 04:19:47 - INFO - Interim results for seeds saved to ../experiments_synthetic/complex/xgboost_20250730-041740/interim_results/complex_data_sample_15000_interim_results.csv. Aggregating results for complex_data_sample_15000...
2025-07-30 04:19:47 - INFO - ****************************************************************************************************
2025-07-30 04:19:47 - INFO - 






****************************************************************************************************
2025-07-30 04:19:47 - INFO - Running experiment on dataset: complex_data_sample_20000
2025-07-30 04:19:47 - INFO - 



####################################################################################################
2025-07-30 04:19:47 - INFO - Running experiment on dataset: complex_data_sample_20000 with seed: 0
2025-07-30 04:19:47 - INFO - Training xgboost baseline model
2025-07-30 04:19:48 - INFO - Done training baseline model
2025-07-30 04:19:48 - INFO - Done calculating residuals

2025-07-30 04:19:48 - INFO - Filtering for features to perturb
2025-07-30 04:19:48 - INFO - Creating causal graph for complex_data_sample_20000
2025-07-30 04:19:48 - INFO - Features that are not connected to Z (conditional independence): ['F2', 'F0', 'F1']
2025-07-30 04:19:48 - INFO - [Z vs F0]  r: 0.0022, p: 0.7588
2025-07-30 04:19:48 - INFO - [Z vs F1]  r: 0.0068, p: 0.3377
2025-07-30 04:19:48 - INFO - [Z vs F2]  r: -0.0004, p: 0.9552
2025-07-30 04:19:48 - INFO - Candidates (uncorrelated + not connected to Z): ['F2', 'F0', 'F1']
2025-07-30 04:19:48 - INFO - Ranked candidate features:
  feature     score  r_with_T  r_with_Z
1      F0  0.008495 -0.010666  0.002172
0      F2  0.007329 -0.007726 -0.000397
2      F1 -0.000594 -0.006186  0.006780
2025-07-30 04:19:48 - INFO - Done filtering.

2025-07-30 04:19:48 - INFO - Selected features to perturb: ['F0', 'F2', 'F1']

2025-07-30 04:19:48 - INFO - Intervening on features to create augmented feature set
2025-07-30 04:19:48 - INFO - Generating counterfactuals for augmented target set
2025-07-30 04:19:48 - INFO - Original X train shape: (12800, 3)
2025-07-30 04:19:48 - INFO - Augmented X train shape: (16000, 3)
2025-07-30 04:19:48 - INFO - Combined X train shape: (28800, 3)
2025-07-30 04:19:48 - INFO - Training new xgboost model on augmented data

2025-07-30 04:19:49 - INFO - Selected features to perturb: ['F0', 'F2', 'F1']

2025-07-30 04:19:49 - INFO - Intervening on features to create augmented feature set
2025-07-30 04:19:49 - INFO - Generating counterfactuals for augmented target set
2025-07-30 04:19:50 - INFO - Original X train shape: (12800, 3)
2025-07-30 04:19:50 - INFO - Augmented X train shape: (16000, 3)
2025-07-30 04:19:50 - INFO - Combined X train shape: (28800, 3)
2025-07-30 04:19:50 - INFO - Training new xgboost model on augmented data

2025-07-30 04:19:52 - INFO - Selected features to perturb: ['F0', 'F2', 'F1']

2025-07-30 04:19:52 - INFO - Intervening on features to create augmented feature set
2025-07-30 04:19:52 - INFO - Generating counterfactuals for augmented target set
2025-07-30 04:19:52 - INFO - Original X train shape: (12800, 3)
2025-07-30 04:19:52 - INFO - Augmented X train shape: (9600, 3)
2025-07-30 04:19:52 - INFO - Combined X train shape: (22400, 3)
2025-07-30 04:19:52 - INFO - Training new xgboost model on augmented data

2025-07-30 04:19:53 - INFO - Selected features to perturb: ['F0', 'F2', 'F1']

2025-07-30 04:19:53 - INFO - Intervening on features to create augmented feature set
2025-07-30 04:19:53 - INFO - Generating counterfactuals for augmented target set
2025-07-30 04:19:53 - INFO - Original X train shape: (12800, 3)
2025-07-30 04:19:53 - INFO - Augmented X train shape: (19200, 3)
2025-07-30 04:19:53 - INFO - Combined X train shape: (32000, 3)
2025-07-30 04:19:53 - INFO - Training new xgboost model on augmented data

2025-07-30 04:19:54 - INFO - Selected features to perturb: ['F0']

2025-07-30 04:19:54 - INFO - Intervening on features to create augmented feature set
2025-07-30 04:19:54 - INFO - Generating counterfactuals for augmented target set
2025-07-30 04:19:54 - INFO - Original X train shape: (12800, 3)
2025-07-30 04:19:54 - INFO - Augmented X train shape: (19200, 3)
2025-07-30 04:19:54 - INFO - Combined X train shape: (32000, 3)
2025-07-30 04:19:54 - INFO - Training new xgboost model on augmented data

2025-07-30 04:19:55 - INFO - Selected features to perturb: ['F0', 'F2', 'F1']

2025-07-30 04:19:55 - INFO - Intervening on features to create augmented feature set
2025-07-30 04:19:55 - INFO - Generating counterfactuals for augmented target set
2025-07-30 04:19:55 - INFO - Original X train shape: (12800, 3)
2025-07-30 04:19:55 - INFO - Augmented X train shape: (16000, 3)
2025-07-30 04:19:55 - INFO - Combined X train shape: (28800, 3)
2025-07-30 04:19:55 - INFO - Training new xgboost model on augmented data

2025-07-30 04:19:56 - INFO - Selected features to perturb: ['F0']

2025-07-30 04:19:56 - INFO - Intervening on features to create augmented feature set
2025-07-30 04:19:56 - INFO - Generating counterfactuals for augmented target set
2025-07-30 04:19:56 - INFO - Original X train shape: (12800, 3)
2025-07-30 04:19:56 - INFO - Augmented X train shape: (16000, 3)
2025-07-30 04:19:56 - INFO - Combined X train shape: (28800, 3)
2025-07-30 04:19:56 - INFO - Training new xgboost model on augmented data

2025-07-30 04:19:57 - INFO - Selected features to perturb: ['F0', 'F2', 'F1']

2025-07-30 04:19:57 - INFO - Intervening on features to create augmented feature set
2025-07-30 04:19:57 - INFO - Generating counterfactuals for augmented target set
2025-07-30 04:19:57 - INFO - Original X train shape: (12800, 3)
2025-07-30 04:19:57 - INFO - Augmented X train shape: (12800, 3)
2025-07-30 04:19:57 - INFO - Combined X train shape: (25600, 3)
2025-07-30 04:19:57 - INFO - Training new xgboost model on augmented data

2025-07-30 04:19:58 - INFO - Selected features to perturb: ['F0', 'F2', 'F1']

2025-07-30 04:19:58 - INFO - Intervening on features to create augmented feature set
2025-07-30 04:19:58 - INFO - Generating counterfactuals for augmented target set
2025-07-30 04:19:58 - INFO - Original X train shape: (12800, 3)
2025-07-30 04:19:58 - INFO - Augmented X train shape: (12800, 3)
2025-07-30 04:19:58 - INFO - Combined X train shape: (25600, 3)
2025-07-30 04:19:58 - INFO - Training new xgboost model on augmented data

2025-07-30 04:19:59 - INFO - Selected features to perturb: ['F0', 'F2', 'F1']

2025-07-30 04:19:59 - INFO - Intervening on features to create augmented feature set
2025-07-30 04:19:59 - INFO - Generating counterfactuals for augmented target set
2025-07-30 04:19:59 - INFO - Original X train shape: (12800, 3)
2025-07-30 04:19:59 - INFO - Augmented X train shape: (16000, 3)
2025-07-30 04:19:59 - INFO - Combined X train shape: (28800, 3)
2025-07-30 04:19:59 - INFO - Training new xgboost model on augmented data

2025-07-30 04:20:00 - INFO - Selected features to perturb: ['F0', 'F2']

2025-07-30 04:20:00 - INFO - Intervening on features to create augmented feature set
2025-07-30 04:20:00 - INFO - Generating counterfactuals for augmented target set
2025-07-30 04:20:00 - INFO - Original X train shape: (12800, 3)
2025-07-30 04:20:00 - INFO - Augmented X train shape: (6400, 3)
2025-07-30 04:20:00 - INFO - Combined X train shape: (19200, 3)
2025-07-30 04:20:00 - INFO - Training new xgboost model on augmented data

2025-07-30 04:20:02 - INFO - Selected features to perturb: ['F0', 'F2', 'F1']

2025-07-30 04:20:02 - INFO - Intervening on features to create augmented feature set
2025-07-30 04:20:02 - INFO - Generating counterfactuals for augmented target set
2025-07-30 04:20:02 - INFO - Original X train shape: (12800, 3)
2025-07-30 04:20:02 - INFO - Augmented X train shape: (16000, 3)
2025-07-30 04:20:02 - INFO - Combined X train shape: (28800, 3)
2025-07-30 04:20:02 - INFO - Training new xgboost model on augmented data

2025-07-30 04:20:03 - INFO - Selected features to perturb: ['F0', 'F2', 'F1']

2025-07-30 04:20:03 - INFO - Intervening on features to create augmented feature set
2025-07-30 04:20:03 - INFO - Generating counterfactuals for augmented target set
2025-07-30 04:20:03 - INFO - Original X train shape: (12800, 3)
2025-07-30 04:20:03 - INFO - Augmented X train shape: (19200, 3)
2025-07-30 04:20:03 - INFO - Combined X train shape: (32000, 3)
2025-07-30 04:20:03 - INFO - Training new xgboost model on augmented data

2025-07-30 04:20:06 - INFO - Selected features to perturb: ['F0', 'F2', 'F1']

2025-07-30 04:20:06 - INFO - Intervening on features to create augmented feature set
2025-07-30 04:20:06 - INFO - Generating counterfactuals for augmented target set
2025-07-30 04:20:06 - INFO - Original X train shape: (12800, 3)
2025-07-30 04:20:06 - INFO - Augmented X train shape: (9600, 3)
2025-07-30 04:20:06 - INFO - Combined X train shape: (22400, 3)
2025-07-30 04:20:06 - INFO - Training new xgboost model on augmented data

2025-07-30 04:20:07 - INFO - Selected features to perturb: ['F0', 'F2']

2025-07-30 04:20:07 - INFO - Intervening on features to create augmented feature set
2025-07-30 04:20:07 - INFO - Generating counterfactuals for augmented target set
2025-07-30 04:20:07 - INFO - Original X train shape: (12800, 3)
2025-07-30 04:20:07 - INFO - Augmented X train shape: (12800, 3)
2025-07-30 04:20:07 - INFO - Combined X train shape: (25600, 3)
2025-07-30 04:20:07 - INFO - Training new xgboost model on augmented data

2025-07-30 04:20:08 - INFO - Selected features to perturb: ['F0', 'F2', 'F1']

2025-07-30 04:20:08 - INFO - Intervening on features to create augmented feature set
2025-07-30 04:20:08 - INFO - Generating counterfactuals for augmented target set
2025-07-30 04:20:08 - INFO - Original X train shape: (12800, 3)
2025-07-30 04:20:08 - INFO - Augmented X train shape: (16000, 3)
2025-07-30 04:20:08 - INFO - Combined X train shape: (28800, 3)
2025-07-30 04:20:08 - INFO - Training new xgboost model on augmented data

2025-07-30 04:20:09 - INFO - Selected features to perturb: ['F0', 'F2']

2025-07-30 04:20:09 - INFO - Intervening on features to create augmented feature set
2025-07-30 04:20:09 - INFO - Generating counterfactuals for augmented target set
2025-07-30 04:20:09 - INFO - Original X train shape: (12800, 3)
2025-07-30 04:20:09 - INFO - Augmented X train shape: (9600, 3)
2025-07-30 04:20:09 - INFO - Combined X train shape: (22400, 3)
2025-07-30 04:20:09 - INFO - Training new xgboost model on augmented data

2025-07-30 04:20:10 - INFO - Selected features to perturb: ['F0', 'F2', 'F1']

2025-07-30 04:20:10 - INFO - Intervening on features to create augmented feature set
2025-07-30 04:20:10 - INFO - Generating counterfactuals for augmented target set
2025-07-30 04:20:10 - INFO - Original X train shape: (12800, 3)
2025-07-30 04:20:10 - INFO - Augmented X train shape: (19200, 3)
2025-07-30 04:20:10 - INFO - Combined X train shape: (32000, 3)
2025-07-30 04:20:10 - INFO - Training new xgboost model on augmented data

2025-07-30 04:20:13 - INFO - Selected features to perturb: ['F0', 'F2', 'F1']

2025-07-30 04:20:13 - INFO - Intervening on features to create augmented feature set
2025-07-30 04:20:13 - INFO - Generating counterfactuals for augmented target set
2025-07-30 04:20:13 - INFO - Original X train shape: (12800, 3)
2025-07-30 04:20:13 - INFO - Augmented X train shape: (16000, 3)
2025-07-30 04:20:13 - INFO - Combined X train shape: (28800, 3)
2025-07-30 04:20:13 - INFO - Training new xgboost model on augmented data

2025-07-30 04:20:14 - INFO - Selected features to perturb: ['F0', 'F2', 'F1']

2025-07-30 04:20:14 - INFO - Intervening on features to create augmented feature set
2025-07-30 04:20:14 - INFO - Generating counterfactuals for augmented target set
2025-07-30 04:20:14 - INFO - Original X train shape: (12800, 3)
2025-07-30 04:20:14 - INFO - Augmented X train shape: (12800, 3)
2025-07-30 04:20:14 - INFO - Combined X train shape: (25600, 3)
2025-07-30 04:20:14 - INFO - Training new xgboost model on augmented data

2025-07-30 04:20:15 - INFO - Selected features to perturb: ['F0', 'F2']

2025-07-30 04:20:15 - INFO - Intervening on features to create augmented feature set
2025-07-30 04:20:15 - INFO - Generating counterfactuals for augmented target set
2025-07-30 04:20:15 - INFO - Original X train shape: (12800, 3)
2025-07-30 04:20:15 - INFO - Augmented X train shape: (12800, 3)
2025-07-30 04:20:15 - INFO - Combined X train shape: (25600, 3)
2025-07-30 04:20:15 - INFO - Training new xgboost model on augmented data

2025-07-30 04:20:16 - INFO - Selected features to perturb: ['F0', 'F2', 'F1']

2025-07-30 04:20:16 - INFO - Intervening on features to create augmented feature set
2025-07-30 04:20:16 - INFO - Generating counterfactuals for augmented target set
2025-07-30 04:20:16 - INFO - Original X train shape: (12800, 3)
2025-07-30 04:20:16 - INFO - Augmented X train shape: (16000, 3)
2025-07-30 04:20:16 - INFO - Combined X train shape: (28800, 3)
2025-07-30 04:20:16 - INFO - Training new xgboost model on augmented data

2025-07-30 04:20:17 - INFO - Selected features to perturb: ['F0', 'F2', 'F1']

2025-07-30 04:20:17 - INFO - Intervening on features to create augmented feature set
2025-07-30 04:20:17 - INFO - Generating counterfactuals for augmented target set
2025-07-30 04:20:17 - INFO - Original X train shape: (12800, 3)
2025-07-30 04:20:17 - INFO - Augmented X train shape: (16000, 3)
2025-07-30 04:20:17 - INFO - Combined X train shape: (28800, 3)
2025-07-30 04:20:17 - INFO - Training new xgboost model on augmented data

2025-07-30 04:20:18 - INFO - Selected features to perturb: ['F0', 'F2', 'F1']

2025-07-30 04:20:18 - INFO - Intervening on features to create augmented feature set
2025-07-30 04:20:18 - INFO - Generating counterfactuals for augmented target set
2025-07-30 04:20:18 - INFO - Original X train shape: (12800, 3)
2025-07-30 04:20:18 - INFO - Augmented X train shape: (19200, 3)
2025-07-30 04:20:18 - INFO - Combined X train shape: (32000, 3)
2025-07-30 04:20:18 - INFO - Training new xgboost model on augmented data

2025-07-30 04:20:19 - INFO - Selected features to perturb: ['F0', 'F2', 'F1']

2025-07-30 04:20:19 - INFO - Intervening on features to create augmented feature set
2025-07-30 04:20:19 - INFO - Generating counterfactuals for augmented target set
2025-07-30 04:20:19 - INFO - Original X train shape: (12800, 3)
2025-07-30 04:20:19 - INFO - Augmented X train shape: (16000, 3)
2025-07-30 04:20:19 - INFO - Combined X train shape: (28800, 3)
2025-07-30 04:20:19 - INFO - Training new xgboost model on augmented data

2025-07-30 04:20:21 - INFO - Selected features to perturb: ['F0', 'F2', 'F1']

2025-07-30 04:20:21 - INFO - Intervening on features to create augmented feature set
2025-07-30 04:20:21 - INFO - Generating counterfactuals for augmented target set
2025-07-30 04:20:21 - INFO - Original X train shape: (12800, 3)
2025-07-30 04:20:21 - INFO - Augmented X train shape: (12800, 3)
2025-07-30 04:20:21 - INFO - Combined X train shape: (25600, 3)
2025-07-30 04:20:21 - INFO - Training new xgboost model on augmented data

2025-07-30 04:20:23 - INFO - Selected features to perturb: ['F0', 'F2', 'F1']

2025-07-30 04:20:23 - INFO - Intervening on features to create augmented feature set
2025-07-30 04:20:23 - INFO - Generating counterfactuals for augmented target set
2025-07-30 04:20:23 - INFO - Original X train shape: (12800, 3)
2025-07-30 04:20:23 - INFO - Augmented X train shape: (16000, 3)
2025-07-30 04:20:23 - INFO - Combined X train shape: (28800, 3)
2025-07-30 04:20:23 - INFO - Training new xgboost model on augmented data

2025-07-30 04:20:25 - INFO - Selected features to perturb: ['F0', 'F2']

2025-07-30 04:20:25 - INFO - Intervening on features to create augmented feature set
2025-07-30 04:20:25 - INFO - Generating counterfactuals for augmented target set
2025-07-30 04:20:25 - INFO - Original X train shape: (12800, 3)
2025-07-30 04:20:25 - INFO - Augmented X train shape: (19200, 3)
2025-07-30 04:20:25 - INFO - Combined X train shape: (32000, 3)
2025-07-30 04:20:25 - INFO - Training new xgboost model on augmented data

2025-07-30 04:20:26 - INFO - Selected features to perturb: ['F0', 'F2', 'F1']

2025-07-30 04:20:26 - INFO - Intervening on features to create augmented feature set
2025-07-30 04:20:26 - INFO - Generating counterfactuals for augmented target set
2025-07-30 04:20:26 - INFO - Original X train shape: (12800, 3)
2025-07-30 04:20:26 - INFO - Augmented X train shape: (16000, 3)
2025-07-30 04:20:26 - INFO - Combined X train shape: (28800, 3)
2025-07-30 04:20:26 - INFO - Training new xgboost model on augmented data

2025-07-30 04:20:28 - INFO - Selected features to perturb: ['F0', 'F2', 'F1']

2025-07-30 04:20:28 - INFO - Intervening on features to create augmented feature set
2025-07-30 04:20:28 - INFO - Generating counterfactuals for augmented target set
2025-07-30 04:20:28 - INFO - Original X train shape: (12800, 3)
2025-07-30 04:20:28 - INFO - Augmented X train shape: (12800, 3)
2025-07-30 04:20:28 - INFO - Combined X train shape: (25600, 3)
2025-07-30 04:20:28 - INFO - Training new xgboost model on augmented data

2025-07-30 04:20:29 - INFO - Best augmentation parameters:
{'max_n_features_to_perturb': 3, 'aug_data_size_factor': 1.25, 'aug_data_weight': 0.75, 'max_perturb_percent': 0.6, 'min_perturb_percent': -0.6}

2025-07-30 04:20:29 - INFO - Selected features to perturb: ['F0', 'F2', 'F1']

2025-07-30 04:20:29 - INFO - Intervening on features to create augmented feature set
2025-07-30 04:20:29 - INFO - Generating counterfactuals for augmented target set
2025-07-30 04:20:29 - INFO - Original X train shape: (16000, 3)
2025-07-30 04:20:29 - INFO - Augmented X train shape: (20000, 3)
2025-07-30 04:20:29 - INFO - Combined X train shape: (36000, 3)
2025-07-30 04:20:48 - INFO - Done cross-validation evaluation
2025-07-30 04:20:48 - INFO - The p-value from the Wilcoxon signed-rank test is: 0.0009765625

2025-07-30 04:20:49 - INFO - Evaluation metrics for the experiment:
2025-07-30 04:20:49 - INFO - Original MSE: 0.0029105390557494113, Augmented MSE: 0.0026888488227548076


2025-07-30 04:20:49 - INFO - ####################################################################################################
2025-07-30 04:20:49 - INFO - Interim results for seeds saved to ../experiments_synthetic/complex/xgboost_20250730-041740/interim_results/complex_data_sample_20000_interim_results.csv. Aggregating results for complex_data_sample_20000...
2025-07-30 04:20:49 - INFO - ****************************************************************************************************
2025-07-30 04:20:49 - INFO - 






****************************************************************************************************
2025-07-30 04:20:49 - INFO - Running experiment on dataset: complex_data_sample_30000
2025-07-30 04:20:49 - INFO - 



####################################################################################################
2025-07-30 04:20:49 - INFO - Running experiment on dataset: complex_data_sample_30000 with seed: 0
2025-07-30 04:20:49 - INFO - Training xgboost baseline model
2025-07-30 04:20:50 - INFO - Done training baseline model
2025-07-30 04:20:50 - INFO - Done calculating residuals

2025-07-30 04:20:50 - INFO - Filtering for features to perturb
2025-07-30 04:20:50 - INFO - Creating causal graph for complex_data_sample_30000
2025-07-30 04:20:50 - INFO - Features that are not connected to Z (conditional independence): ['F2', 'F0', 'F1']
2025-07-30 04:20:50 - INFO - [Z vs F0]  r: 0.0104, p: 0.0715
2025-07-30 04:20:50 - INFO - [Z vs F1]  r: 0.0032, p: 0.5823
2025-07-30 04:20:50 - INFO - [Z vs F2]  r: 0.0014, p: 0.8102
2025-07-30 04:20:50 - INFO - Candidates (uncorrelated + not connected to Z): ['F2', 'F0', 'F1']
2025-07-30 04:20:50 - INFO - Ranked candidate features:
  feature     score  r_with_T  r_with_Z
0      F2  0.003681 -0.005068  0.001387
2      F1  0.000845 -0.004021  0.003175
1      F0  0.000781 -0.011188  0.010407
2025-07-30 04:20:50 - INFO - Done filtering.

2025-07-30 04:20:50 - INFO - Selected features to perturb: ['F2', 'F1', 'F0']

2025-07-30 04:20:50 - INFO - Intervening on features to create augmented feature set
2025-07-30 04:20:50 - INFO - Generating counterfactuals for augmented target set
2025-07-30 04:20:50 - INFO - Original X train shape: (19200, 3)
2025-07-30 04:20:50 - INFO - Augmented X train shape: (24000, 3)
2025-07-30 04:20:50 - INFO - Combined X train shape: (43200, 3)
2025-07-30 04:20:50 - INFO - Training new xgboost model on augmented data

2025-07-30 04:20:52 - INFO - Selected features to perturb: ['F2', 'F1', 'F0']

2025-07-30 04:20:52 - INFO - Intervening on features to create augmented feature set
2025-07-30 04:20:52 - INFO - Generating counterfactuals for augmented target set
2025-07-30 04:20:52 - INFO - Original X train shape: (19200, 3)
2025-07-30 04:20:52 - INFO - Augmented X train shape: (24000, 3)
2025-07-30 04:20:52 - INFO - Combined X train shape: (43200, 3)
2025-07-30 04:20:52 - INFO - Training new xgboost model on augmented data

2025-07-30 04:20:53 - INFO - Selected features to perturb: ['F2', 'F1', 'F0']

2025-07-30 04:20:53 - INFO - Intervening on features to create augmented feature set
2025-07-30 04:20:53 - INFO - Generating counterfactuals for augmented target set
2025-07-30 04:20:53 - INFO - Original X train shape: (19200, 3)
2025-07-30 04:20:53 - INFO - Augmented X train shape: (14400, 3)
2025-07-30 04:20:53 - INFO - Combined X train shape: (33600, 3)
2025-07-30 04:20:53 - INFO - Training new xgboost model on augmented data

2025-07-30 04:20:54 - INFO - Selected features to perturb: ['F2', 'F1', 'F0']

2025-07-30 04:20:54 - INFO - Intervening on features to create augmented feature set
2025-07-30 04:20:54 - INFO - Generating counterfactuals for augmented target set
2025-07-30 04:20:54 - INFO - Original X train shape: (19200, 3)
2025-07-30 04:20:54 - INFO - Augmented X train shape: (28800, 3)
2025-07-30 04:20:54 - INFO - Combined X train shape: (48000, 3)
2025-07-30 04:20:54 - INFO - Training new xgboost model on augmented data

2025-07-30 04:20:55 - INFO - Selected features to perturb: ['F2']

2025-07-30 04:20:55 - INFO - Intervening on features to create augmented feature set
2025-07-30 04:20:55 - INFO - Generating counterfactuals for augmented target set
2025-07-30 04:20:55 - INFO - Original X train shape: (19200, 3)
2025-07-30 04:20:55 - INFO - Augmented X train shape: (28800, 3)
2025-07-30 04:20:55 - INFO - Combined X train shape: (48000, 3)
2025-07-30 04:20:55 - INFO - Training new xgboost model on augmented data

2025-07-30 04:20:56 - INFO - Selected features to perturb: ['F2', 'F1', 'F0']

2025-07-30 04:20:56 - INFO - Intervening on features to create augmented feature set
2025-07-30 04:20:56 - INFO - Generating counterfactuals for augmented target set
2025-07-30 04:20:56 - INFO - Original X train shape: (19200, 3)
2025-07-30 04:20:56 - INFO - Augmented X train shape: (24000, 3)
2025-07-30 04:20:56 - INFO - Combined X train shape: (43200, 3)
2025-07-30 04:20:56 - INFO - Training new xgboost model on augmented data

2025-07-30 04:20:57 - INFO - Selected features to perturb: ['F2']

2025-07-30 04:20:57 - INFO - Intervening on features to create augmented feature set
2025-07-30 04:20:57 - INFO - Generating counterfactuals for augmented target set
2025-07-30 04:20:57 - INFO - Original X train shape: (19200, 3)
2025-07-30 04:20:57 - INFO - Augmented X train shape: (24000, 3)
2025-07-30 04:20:57 - INFO - Combined X train shape: (43200, 3)
2025-07-30 04:20:57 - INFO - Training new xgboost model on augmented data

2025-07-30 04:20:58 - INFO - Selected features to perturb: ['F2', 'F1', 'F0']

2025-07-30 04:20:58 - INFO - Intervening on features to create augmented feature set
2025-07-30 04:20:58 - INFO - Generating counterfactuals for augmented target set
2025-07-30 04:20:58 - INFO - Original X train shape: (19200, 3)
2025-07-30 04:20:58 - INFO - Augmented X train shape: (19200, 3)
2025-07-30 04:20:58 - INFO - Combined X train shape: (38400, 3)
2025-07-30 04:20:58 - INFO - Training new xgboost model on augmented data

2025-07-30 04:20:59 - INFO - Selected features to perturb: ['F2', 'F1', 'F0']

2025-07-30 04:20:59 - INFO - Intervening on features to create augmented feature set
2025-07-30 04:20:59 - INFO - Generating counterfactuals for augmented target set
2025-07-30 04:20:59 - INFO - Original X train shape: (19200, 3)
2025-07-30 04:20:59 - INFO - Augmented X train shape: (19200, 3)
2025-07-30 04:20:59 - INFO - Combined X train shape: (38400, 3)
2025-07-30 04:20:59 - INFO - Training new xgboost model on augmented data

2025-07-30 04:21:01 - INFO - Selected features to perturb: ['F2', 'F1', 'F0']

2025-07-30 04:21:01 - INFO - Intervening on features to create augmented feature set
2025-07-30 04:21:01 - INFO - Generating counterfactuals for augmented target set
2025-07-30 04:21:01 - INFO - Original X train shape: (19200, 3)
2025-07-30 04:21:01 - INFO - Augmented X train shape: (24000, 3)
2025-07-30 04:21:01 - INFO - Combined X train shape: (43200, 3)
2025-07-30 04:21:01 - INFO - Training new xgboost model on augmented data

2025-07-30 04:21:02 - INFO - Selected features to perturb: ['F2', 'F1']

2025-07-30 04:21:02 - INFO - Intervening on features to create augmented feature set
2025-07-30 04:21:02 - INFO - Generating counterfactuals for augmented target set
2025-07-30 04:21:02 - INFO - Original X train shape: (19200, 3)
2025-07-30 04:21:02 - INFO - Augmented X train shape: (9600, 3)
2025-07-30 04:21:02 - INFO - Combined X train shape: (28800, 3)
2025-07-30 04:21:02 - INFO - Training new xgboost model on augmented data

2025-07-30 04:21:03 - INFO - Selected features to perturb: ['F2', 'F1']

2025-07-30 04:21:03 - INFO - Intervening on features to create augmented feature set
2025-07-30 04:21:03 - INFO - Generating counterfactuals for augmented target set
2025-07-30 04:21:03 - INFO - Original X train shape: (19200, 3)
2025-07-30 04:21:03 - INFO - Augmented X train shape: (24000, 3)
2025-07-30 04:21:03 - INFO - Combined X train shape: (43200, 3)
2025-07-30 04:21:03 - INFO - Training new xgboost model on augmented data

2025-07-30 04:21:04 - INFO - Selected features to perturb: ['F2', 'F1', 'F0']

2025-07-30 04:21:04 - INFO - Intervening on features to create augmented feature set
2025-07-30 04:21:04 - INFO - Generating counterfactuals for augmented target set
2025-07-30 04:21:05 - INFO - Original X train shape: (19200, 3)
2025-07-30 04:21:05 - INFO - Augmented X train shape: (28800, 3)
2025-07-30 04:21:05 - INFO - Combined X train shape: (48000, 3)
2025-07-30 04:21:05 - INFO - Training new xgboost model on augmented data

2025-07-30 04:21:06 - INFO - Selected features to perturb: ['F2', 'F1', 'F0']

2025-07-30 04:21:06 - INFO - Intervening on features to create augmented feature set
2025-07-30 04:21:06 - INFO - Generating counterfactuals for augmented target set
2025-07-30 04:21:06 - INFO - Original X train shape: (19200, 3)
2025-07-30 04:21:06 - INFO - Augmented X train shape: (28800, 3)
2025-07-30 04:21:06 - INFO - Combined X train shape: (48000, 3)
2025-07-30 04:21:06 - INFO - Training new xgboost model on augmented data

2025-07-30 04:21:07 - INFO - Selected features to perturb: ['F2', 'F1', 'F0']

2025-07-30 04:21:07 - INFO - Intervening on features to create augmented feature set
2025-07-30 04:21:07 - INFO - Generating counterfactuals for augmented target set
2025-07-30 04:21:07 - INFO - Original X train shape: (19200, 3)
2025-07-30 04:21:07 - INFO - Augmented X train shape: (28800, 3)
2025-07-30 04:21:07 - INFO - Combined X train shape: (48000, 3)
2025-07-30 04:21:07 - INFO - Training new xgboost model on augmented data

2025-07-30 04:21:08 - INFO - Selected features to perturb: ['F2', 'F1', 'F0']

2025-07-30 04:21:08 - INFO - Intervening on features to create augmented feature set
2025-07-30 04:21:08 - INFO - Generating counterfactuals for augmented target set
2025-07-30 04:21:08 - INFO - Original X train shape: (19200, 3)
2025-07-30 04:21:08 - INFO - Augmented X train shape: (14400, 3)
2025-07-30 04:21:08 - INFO - Combined X train shape: (33600, 3)
2025-07-30 04:21:08 - INFO - Training new xgboost model on augmented data

2025-07-30 04:21:09 - INFO - Selected features to perturb: ['F2', 'F1']

2025-07-30 04:21:09 - INFO - Intervening on features to create augmented feature set
2025-07-30 04:21:09 - INFO - Generating counterfactuals for augmented target set
2025-07-30 04:21:09 - INFO - Original X train shape: (19200, 3)
2025-07-30 04:21:09 - INFO - Augmented X train shape: (28800, 3)
2025-07-30 04:21:09 - INFO - Combined X train shape: (48000, 3)
2025-07-30 04:21:09 - INFO - Training new xgboost model on augmented data

2025-07-30 04:21:10 - INFO - Selected features to perturb: ['F2', 'F1']

2025-07-30 04:21:10 - INFO - Intervening on features to create augmented feature set
2025-07-30 04:21:10 - INFO - Generating counterfactuals for augmented target set
2025-07-30 04:21:11 - INFO - Original X train shape: (19200, 3)
2025-07-30 04:21:11 - INFO - Augmented X train shape: (28800, 3)
2025-07-30 04:21:11 - INFO - Combined X train shape: (48000, 3)
2025-07-30 04:21:11 - INFO - Training new xgboost model on augmented data

2025-07-30 04:21:12 - INFO - Selected features to perturb: ['F2', 'F1']

2025-07-30 04:21:12 - INFO - Intervening on features to create augmented feature set
2025-07-30 04:21:12 - INFO - Generating counterfactuals for augmented target set
2025-07-30 04:21:12 - INFO - Original X train shape: (19200, 3)
2025-07-30 04:21:12 - INFO - Augmented X train shape: (14400, 3)
2025-07-30 04:21:12 - INFO - Combined X train shape: (33600, 3)
2025-07-30 04:21:12 - INFO - Training new xgboost model on augmented data

2025-07-30 04:21:13 - INFO - Selected features to perturb: ['F2', 'F1', 'F0']

2025-07-30 04:21:13 - INFO - Intervening on features to create augmented feature set
2025-07-30 04:21:13 - INFO - Generating counterfactuals for augmented target set
2025-07-30 04:21:13 - INFO - Original X train shape: (19200, 3)
2025-07-30 04:21:13 - INFO - Augmented X train shape: (19200, 3)
2025-07-30 04:21:13 - INFO - Combined X train shape: (38400, 3)
2025-07-30 04:21:13 - INFO - Training new xgboost model on augmented data

2025-07-30 04:21:14 - INFO - Selected features to perturb: ['F2']

2025-07-30 04:21:14 - INFO - Intervening on features to create augmented feature set
2025-07-30 04:21:14 - INFO - Generating counterfactuals for augmented target set
2025-07-30 04:21:14 - INFO - Original X train shape: (19200, 3)
2025-07-30 04:21:14 - INFO - Augmented X train shape: (28800, 3)
2025-07-30 04:21:14 - INFO - Combined X train shape: (48000, 3)
2025-07-30 04:21:14 - INFO - Training new xgboost model on augmented data

2025-07-30 04:21:15 - INFO - Selected features to perturb: ['F2', 'F1', 'F0']

2025-07-30 04:21:15 - INFO - Intervening on features to create augmented feature set
2025-07-30 04:21:15 - INFO - Generating counterfactuals for augmented target set
2025-07-30 04:21:15 - INFO - Original X train shape: (19200, 3)
2025-07-30 04:21:15 - INFO - Augmented X train shape: (24000, 3)
2025-07-30 04:21:15 - INFO - Combined X train shape: (43200, 3)
2025-07-30 04:21:15 - INFO - Training new xgboost model on augmented data

2025-07-30 04:21:16 - INFO - Selected features to perturb: ['F2', 'F1']

2025-07-30 04:21:16 - INFO - Intervening on features to create augmented feature set
2025-07-30 04:21:16 - INFO - Generating counterfactuals for augmented target set
2025-07-30 04:21:16 - INFO - Original X train shape: (19200, 3)
2025-07-30 04:21:16 - INFO - Augmented X train shape: (28800, 3)
2025-07-30 04:21:16 - INFO - Combined X train shape: (48000, 3)
2025-07-30 04:21:16 - INFO - Training new xgboost model on augmented data

2025-07-30 04:21:17 - INFO - Selected features to perturb: ['F2', 'F1']

2025-07-30 04:21:17 - INFO - Intervening on features to create augmented feature set
2025-07-30 04:21:17 - INFO - Generating counterfactuals for augmented target set
2025-07-30 04:21:17 - INFO - Original X train shape: (19200, 3)
2025-07-30 04:21:17 - INFO - Augmented X train shape: (28800, 3)
2025-07-30 04:21:17 - INFO - Combined X train shape: (48000, 3)
2025-07-30 04:21:17 - INFO - Training new xgboost model on augmented data

2025-07-30 04:21:18 - INFO - Selected features to perturb: ['F2', 'F1']

2025-07-30 04:21:18 - INFO - Intervening on features to create augmented feature set
2025-07-30 04:21:18 - INFO - Generating counterfactuals for augmented target set
2025-07-30 04:21:18 - INFO - Original X train shape: (19200, 3)
2025-07-30 04:21:18 - INFO - Augmented X train shape: (28800, 3)
2025-07-30 04:21:18 - INFO - Combined X train shape: (48000, 3)
2025-07-30 04:21:18 - INFO - Training new xgboost model on augmented data

2025-07-30 04:21:19 - INFO - Selected features to perturb: ['F2']

2025-07-30 04:21:19 - INFO - Intervening on features to create augmented feature set
2025-07-30 04:21:19 - INFO - Generating counterfactuals for augmented target set
2025-07-30 04:21:19 - INFO - Original X train shape: (19200, 3)
2025-07-30 04:21:19 - INFO - Augmented X train shape: (28800, 3)
2025-07-30 04:21:19 - INFO - Combined X train shape: (48000, 3)
2025-07-30 04:21:19 - INFO - Training new xgboost model on augmented data

2025-07-30 04:21:21 - INFO - Selected features to perturb: ['F2', 'F1']

2025-07-30 04:21:21 - INFO - Intervening on features to create augmented feature set
2025-07-30 04:21:21 - INFO - Generating counterfactuals for augmented target set
2025-07-30 04:21:21 - INFO - Original X train shape: (19200, 3)
2025-07-30 04:21:21 - INFO - Augmented X train shape: (9600, 3)
2025-07-30 04:21:21 - INFO - Combined X train shape: (28800, 3)
2025-07-30 04:21:21 - INFO - Training new xgboost model on augmented data

2025-07-30 04:21:22 - INFO - Selected features to perturb: ['F2', 'F1', 'F0']

2025-07-30 04:21:22 - INFO - Intervening on features to create augmented feature set
2025-07-30 04:21:22 - INFO - Generating counterfactuals for augmented target set
2025-07-30 04:21:22 - INFO - Original X train shape: (19200, 3)
2025-07-30 04:21:22 - INFO - Augmented X train shape: (24000, 3)
2025-07-30 04:21:22 - INFO - Combined X train shape: (43200, 3)
2025-07-30 04:21:22 - INFO - Training new xgboost model on augmented data

2025-07-30 04:21:23 - INFO - Selected features to perturb: ['F2']

2025-07-30 04:21:23 - INFO - Intervening on features to create augmented feature set
2025-07-30 04:21:23 - INFO - Generating counterfactuals for augmented target set
2025-07-30 04:21:23 - INFO - Original X train shape: (19200, 3)
2025-07-30 04:21:23 - INFO - Augmented X train shape: (28800, 3)
2025-07-30 04:21:23 - INFO - Combined X train shape: (48000, 3)
2025-07-30 04:21:23 - INFO - Training new xgboost model on augmented data

2025-07-30 04:21:24 - INFO - Selected features to perturb: ['F2', 'F1', 'F0']

2025-07-30 04:21:24 - INFO - Intervening on features to create augmented feature set
2025-07-30 04:21:24 - INFO - Generating counterfactuals for augmented target set
2025-07-30 04:21:25 - INFO - Original X train shape: (19200, 3)
2025-07-30 04:21:25 - INFO - Augmented X train shape: (24000, 3)
2025-07-30 04:21:25 - INFO - Combined X train shape: (43200, 3)
2025-07-30 04:21:25 - INFO - Training new xgboost model on augmented data

2025-07-30 04:21:26 - INFO - Best augmentation parameters:
{'max_n_features_to_perturb': 2, 'aug_data_size_factor': 1.5, 'aug_data_weight': 0.5, 'max_perturb_percent': 0.4, 'min_perturb_percent': -0.4}

2025-07-30 04:21:26 - INFO - Selected features to perturb: ['F2', 'F1']

2025-07-30 04:21:26 - INFO - Intervening on features to create augmented feature set
2025-07-30 04:21:26 - INFO - Generating counterfactuals for augmented target set
2025-07-30 04:21:26 - INFO - Original X train shape: (24000, 3)
2025-07-30 04:21:26 - INFO - Augmented X train shape: (36000, 3)
2025-07-30 04:21:26 - INFO - Combined X train shape: (60000, 3)
2025-07-30 04:21:40 - INFO - Done cross-validation evaluation
2025-07-30 04:21:40 - INFO - The p-value from the Wilcoxon signed-rank test is: 0.0009765625

2025-07-30 04:21:41 - INFO - Evaluation metrics for the experiment:
2025-07-30 04:21:41 - INFO - Original MSE: 0.0026102972289358617, Augmented MSE: 0.002511467041402588


2025-07-30 04:21:41 - INFO - ####################################################################################################
2025-07-30 04:21:41 - INFO - Interim results for seeds saved to ../experiments_synthetic/complex/xgboost_20250730-041740/interim_results/complex_data_sample_30000_interim_results.csv. Aggregating results for complex_data_sample_30000...
2025-07-30 04:21:41 - INFO - ****************************************************************************************************
2025-07-30 04:21:41 - INFO - 






****************************************************************************************************
2025-07-30 04:21:41 - INFO - Running experiment on dataset: complex_data_sample_40000
2025-07-30 04:21:41 - INFO - 



####################################################################################################
2025-07-30 04:21:41 - INFO - Running experiment on dataset: complex_data_sample_40000 with seed: 0
2025-07-30 04:21:41 - INFO - Training xgboost baseline model
2025-07-30 04:21:42 - INFO - Done training baseline model
2025-07-30 04:21:42 - INFO - Done calculating residuals

2025-07-30 04:21:42 - INFO - Filtering for features to perturb
2025-07-30 04:21:42 - INFO - Creating causal graph for complex_data_sample_40000
2025-07-30 04:21:42 - INFO - Features that are not connected to Z (conditional independence): ['F2', 'F0', 'F1']
2025-07-30 04:21:42 - INFO - [Z vs F0]  r: -0.0011, p: 0.8306
2025-07-30 04:21:42 - INFO - [Z vs F1]  r: 0.0045, p: 0.3682
2025-07-30 04:21:42 - INFO - [Z vs F2]  r: -0.0021, p: 0.6711
2025-07-30 04:21:42 - INFO - Candidates (uncorrelated + not connected to Z): ['F2', 'F0', 'F1']
2025-07-30 04:21:42 - INFO - Ranked candidate features:
  feature     score  r_with_T  r_with_Z
1      F0  0.008796 -0.009866 -0.001070
0      F2 -0.000787 -0.001337 -0.002124
2      F1 -0.000791 -0.003709  0.004499
2025-07-30 04:21:42 - INFO - Done filtering.

2025-07-30 04:21:42 - INFO - Selected features to perturb: ['F0', 'F2', 'F1']

2025-07-30 04:21:42 - INFO - Intervening on features to create augmented feature set
2025-07-30 04:21:42 - INFO - Generating counterfactuals for augmented target set
2025-07-30 04:21:42 - INFO - Original X train shape: (25600, 3)
2025-07-30 04:21:42 - INFO - Augmented X train shape: (32000, 3)
2025-07-30 04:21:42 - INFO - Combined X train shape: (57600, 3)
2025-07-30 04:21:42 - INFO - Training new xgboost model on augmented data

2025-07-30 04:21:43 - INFO - Selected features to perturb: ['F0', 'F2', 'F1']

2025-07-30 04:21:43 - INFO - Intervening on features to create augmented feature set
2025-07-30 04:21:43 - INFO - Generating counterfactuals for augmented target set
2025-07-30 04:21:43 - INFO - Original X train shape: (25600, 3)
2025-07-30 04:21:43 - INFO - Augmented X train shape: (32000, 3)
2025-07-30 04:21:43 - INFO - Combined X train shape: (57600, 3)
2025-07-30 04:21:43 - INFO - Training new xgboost model on augmented data

2025-07-30 04:21:44 - INFO - Selected features to perturb: ['F0', 'F2', 'F1']

2025-07-30 04:21:44 - INFO - Intervening on features to create augmented feature set
2025-07-30 04:21:44 - INFO - Generating counterfactuals for augmented target set
2025-07-30 04:21:45 - INFO - Original X train shape: (25600, 3)
2025-07-30 04:21:45 - INFO - Augmented X train shape: (19200, 3)
2025-07-30 04:21:45 - INFO - Combined X train shape: (44800, 3)
2025-07-30 04:21:45 - INFO - Training new xgboost model on augmented data

2025-07-30 04:21:46 - INFO - Selected features to perturb: ['F0', 'F2', 'F1']

2025-07-30 04:21:46 - INFO - Intervening on features to create augmented feature set
2025-07-30 04:21:46 - INFO - Generating counterfactuals for augmented target set
2025-07-30 04:21:46 - INFO - Original X train shape: (25600, 3)
2025-07-30 04:21:46 - INFO - Augmented X train shape: (38400, 3)
2025-07-30 04:21:46 - INFO - Combined X train shape: (64000, 3)
2025-07-30 04:21:46 - INFO - Training new xgboost model on augmented data

2025-07-30 04:21:47 - INFO - Selected features to perturb: ['F0']

2025-07-30 04:21:47 - INFO - Intervening on features to create augmented feature set
2025-07-30 04:21:47 - INFO - Generating counterfactuals for augmented target set
2025-07-30 04:21:47 - INFO - Original X train shape: (25600, 3)
2025-07-30 04:21:47 - INFO - Augmented X train shape: (38400, 3)
2025-07-30 04:21:47 - INFO - Combined X train shape: (64000, 3)
2025-07-30 04:21:47 - INFO - Training new xgboost model on augmented data

2025-07-30 04:21:48 - INFO - Selected features to perturb: ['F0', 'F2', 'F1']

2025-07-30 04:21:48 - INFO - Intervening on features to create augmented feature set
2025-07-30 04:21:48 - INFO - Generating counterfactuals for augmented target set
2025-07-30 04:21:49 - INFO - Original X train shape: (25600, 3)
2025-07-30 04:21:49 - INFO - Augmented X train shape: (32000, 3)
2025-07-30 04:21:49 - INFO - Combined X train shape: (57600, 3)
2025-07-30 04:21:49 - INFO - Training new xgboost model on augmented data

2025-07-30 04:21:50 - INFO - Selected features to perturb: ['F0']

2025-07-30 04:21:50 - INFO - Intervening on features to create augmented feature set
2025-07-30 04:21:50 - INFO - Generating counterfactuals for augmented target set
2025-07-30 04:21:50 - INFO - Original X train shape: (25600, 3)
2025-07-30 04:21:50 - INFO - Augmented X train shape: (32000, 3)
2025-07-30 04:21:50 - INFO - Combined X train shape: (57600, 3)
2025-07-30 04:21:50 - INFO - Training new xgboost model on augmented data

2025-07-30 04:21:52 - INFO - Selected features to perturb: ['F0', 'F2', 'F1']

2025-07-30 04:21:52 - INFO - Intervening on features to create augmented feature set
2025-07-30 04:21:52 - INFO - Generating counterfactuals for augmented target set
2025-07-30 04:21:52 - INFO - Original X train shape: (25600, 3)
2025-07-30 04:21:52 - INFO - Augmented X train shape: (25600, 3)
2025-07-30 04:21:52 - INFO - Combined X train shape: (51200, 3)
2025-07-30 04:21:52 - INFO - Training new xgboost model on augmented data

2025-07-30 04:21:53 - INFO - Selected features to perturb: ['F0', 'F2', 'F1']

2025-07-30 04:21:53 - INFO - Intervening on features to create augmented feature set
2025-07-30 04:21:53 - INFO - Generating counterfactuals for augmented target set
2025-07-30 04:21:53 - INFO - Original X train shape: (25600, 3)
2025-07-30 04:21:53 - INFO - Augmented X train shape: (25600, 3)
2025-07-30 04:21:53 - INFO - Combined X train shape: (51200, 3)
2025-07-30 04:21:53 - INFO - Training new xgboost model on augmented data

2025-07-30 04:21:54 - INFO - Selected features to perturb: ['F0', 'F2', 'F1']

2025-07-30 04:21:54 - INFO - Intervening on features to create augmented feature set
2025-07-30 04:21:54 - INFO - Generating counterfactuals for augmented target set
2025-07-30 04:21:54 - INFO - Original X train shape: (25600, 3)
2025-07-30 04:21:54 - INFO - Augmented X train shape: (32000, 3)
2025-07-30 04:21:54 - INFO - Combined X train shape: (57600, 3)
2025-07-30 04:21:54 - INFO - Training new xgboost model on augmented data

2025-07-30 04:21:56 - INFO - Selected features to perturb: ['F0', 'F2', 'F1']

2025-07-30 04:21:56 - INFO - Intervening on features to create augmented feature set
2025-07-30 04:21:56 - INFO - Generating counterfactuals for augmented target set
2025-07-30 04:21:56 - INFO - Original X train shape: (25600, 3)
2025-07-30 04:21:56 - INFO - Augmented X train shape: (12800, 3)
2025-07-30 04:21:56 - INFO - Combined X train shape: (38400, 3)
2025-07-30 04:21:56 - INFO - Training new xgboost model on augmented data

2025-07-30 04:21:57 - INFO - Selected features to perturb: ['F0', 'F2']

2025-07-30 04:21:57 - INFO - Intervening on features to create augmented feature set
2025-07-30 04:21:57 - INFO - Generating counterfactuals for augmented target set
2025-07-30 04:21:57 - INFO - Original X train shape: (25600, 3)
2025-07-30 04:21:57 - INFO - Augmented X train shape: (12800, 3)
2025-07-30 04:21:57 - INFO - Combined X train shape: (38400, 3)
2025-07-30 04:21:57 - INFO - Training new xgboost model on augmented data

2025-07-30 04:21:59 - INFO - Selected features to perturb: ['F0', 'F2', 'F1']

2025-07-30 04:21:59 - INFO - Intervening on features to create augmented feature set
2025-07-30 04:21:59 - INFO - Generating counterfactuals for augmented target set
2025-07-30 04:21:59 - INFO - Original X train shape: (25600, 3)
2025-07-30 04:21:59 - INFO - Augmented X train shape: (19200, 3)
2025-07-30 04:21:59 - INFO - Combined X train shape: (44800, 3)
2025-07-30 04:21:59 - INFO - Training new xgboost model on augmented data

2025-07-30 04:22:02 - INFO - Selected features to perturb: ['F0', 'F2', 'F1']

2025-07-30 04:22:02 - INFO - Intervening on features to create augmented feature set
2025-07-30 04:22:02 - INFO - Generating counterfactuals for augmented target set
2025-07-30 04:22:02 - INFO - Original X train shape: (25600, 3)
2025-07-30 04:22:02 - INFO - Augmented X train shape: (19200, 3)
2025-07-30 04:22:02 - INFO - Combined X train shape: (44800, 3)
2025-07-30 04:22:02 - INFO - Training new xgboost model on augmented data

2025-07-30 04:22:04 - INFO - Selected features to perturb: ['F0', 'F2']

2025-07-30 04:22:04 - INFO - Intervening on features to create augmented feature set
2025-07-30 04:22:04 - INFO - Generating counterfactuals for augmented target set
2025-07-30 04:22:04 - INFO - Original X train shape: (25600, 3)
2025-07-30 04:22:04 - INFO - Augmented X train shape: (19200, 3)
2025-07-30 04:22:04 - INFO - Combined X train shape: (44800, 3)
2025-07-30 04:22:04 - INFO - Training new xgboost model on augmented data

2025-07-30 04:22:06 - INFO - Selected features to perturb: ['F0', 'F2']

2025-07-30 04:22:06 - INFO - Intervening on features to create augmented feature set
2025-07-30 04:22:06 - INFO - Generating counterfactuals for augmented target set
2025-07-30 04:22:06 - INFO - Original X train shape: (25600, 3)
2025-07-30 04:22:06 - INFO - Augmented X train shape: (25600, 3)
2025-07-30 04:22:06 - INFO - Combined X train shape: (51200, 3)
2025-07-30 04:22:06 - INFO - Training new xgboost model on augmented data

2025-07-30 04:22:08 - INFO - Selected features to perturb: ['F0', 'F2', 'F1']

2025-07-30 04:22:08 - INFO - Intervening on features to create augmented feature set
2025-07-30 04:22:08 - INFO - Generating counterfactuals for augmented target set
2025-07-30 04:22:08 - INFO - Original X train shape: (25600, 3)
2025-07-30 04:22:08 - INFO - Augmented X train shape: (19200, 3)
2025-07-30 04:22:08 - INFO - Combined X train shape: (44800, 3)
2025-07-30 04:22:08 - INFO - Training new xgboost model on augmented data

2025-07-30 04:22:09 - INFO - Selected features to perturb: ['F0', 'F2', 'F1']

2025-07-30 04:22:09 - INFO - Intervening on features to create augmented feature set
2025-07-30 04:22:09 - INFO - Generating counterfactuals for augmented target set
2025-07-30 04:22:09 - INFO - Original X train shape: (25600, 3)
2025-07-30 04:22:09 - INFO - Augmented X train shape: (12800, 3)
2025-07-30 04:22:09 - INFO - Combined X train shape: (38400, 3)
2025-07-30 04:22:09 - INFO - Training new xgboost model on augmented data

2025-07-30 04:22:10 - INFO - Selected features to perturb: ['F0', 'F2', 'F1']

2025-07-30 04:22:10 - INFO - Intervening on features to create augmented feature set
2025-07-30 04:22:10 - INFO - Generating counterfactuals for augmented target set
2025-07-30 04:22:10 - INFO - Original X train shape: (25600, 3)
2025-07-30 04:22:10 - INFO - Augmented X train shape: (25600, 3)
2025-07-30 04:22:10 - INFO - Combined X train shape: (51200, 3)
2025-07-30 04:22:10 - INFO - Training new xgboost model on augmented data

2025-07-30 04:22:11 - INFO - Selected features to perturb: ['F0', 'F2']

2025-07-30 04:22:11 - INFO - Intervening on features to create augmented feature set
2025-07-30 04:22:11 - INFO - Generating counterfactuals for augmented target set
2025-07-30 04:22:11 - INFO - Original X train shape: (25600, 3)
2025-07-30 04:22:11 - INFO - Augmented X train shape: (38400, 3)
2025-07-30 04:22:11 - INFO - Combined X train shape: (64000, 3)
2025-07-30 04:22:11 - INFO - Training new xgboost model on augmented data

2025-07-30 04:22:12 - INFO - Selected features to perturb: ['F0', 'F2', 'F1']

2025-07-30 04:22:12 - INFO - Intervening on features to create augmented feature set
2025-07-30 04:22:12 - INFO - Generating counterfactuals for augmented target set
2025-07-30 04:22:13 - INFO - Original X train shape: (25600, 3)
2025-07-30 04:22:13 - INFO - Augmented X train shape: (25600, 3)
2025-07-30 04:22:13 - INFO - Combined X train shape: (51200, 3)
2025-07-30 04:22:13 - INFO - Training new xgboost model on augmented data

2025-07-30 04:22:14 - INFO - Selected features to perturb: ['F0', 'F2', 'F1']

2025-07-30 04:22:14 - INFO - Intervening on features to create augmented feature set
2025-07-30 04:22:14 - INFO - Generating counterfactuals for augmented target set
2025-07-30 04:22:14 - INFO - Original X train shape: (25600, 3)
2025-07-30 04:22:14 - INFO - Augmented X train shape: (25600, 3)
2025-07-30 04:22:14 - INFO - Combined X train shape: (51200, 3)
2025-07-30 04:22:14 - INFO - Training new xgboost model on augmented data

2025-07-30 04:22:15 - INFO - Selected features to perturb: ['F0', 'F2', 'F1']

2025-07-30 04:22:15 - INFO - Intervening on features to create augmented feature set
2025-07-30 04:22:15 - INFO - Generating counterfactuals for augmented target set
2025-07-30 04:22:15 - INFO - Original X train shape: (25600, 3)
2025-07-30 04:22:15 - INFO - Augmented X train shape: (32000, 3)
2025-07-30 04:22:15 - INFO - Combined X train shape: (57600, 3)
2025-07-30 04:22:15 - INFO - Training new xgboost model on augmented data

2025-07-30 04:22:16 - INFO - Selected features to perturb: ['F0', 'F2', 'F1']

2025-07-30 04:22:16 - INFO - Intervening on features to create augmented feature set
2025-07-30 04:22:16 - INFO - Generating counterfactuals for augmented target set
2025-07-30 04:22:16 - INFO - Original X train shape: (25600, 3)
2025-07-30 04:22:16 - INFO - Augmented X train shape: (19200, 3)
2025-07-30 04:22:16 - INFO - Combined X train shape: (44800, 3)
2025-07-30 04:22:16 - INFO - Training new xgboost model on augmented data

2025-07-30 04:22:17 - INFO - Selected features to perturb: ['F0', 'F2', 'F1']

2025-07-30 04:22:17 - INFO - Intervening on features to create augmented feature set
2025-07-30 04:22:17 - INFO - Generating counterfactuals for augmented target set
2025-07-30 04:22:17 - INFO - Original X train shape: (25600, 3)
2025-07-30 04:22:17 - INFO - Augmented X train shape: (25600, 3)
2025-07-30 04:22:17 - INFO - Combined X train shape: (51200, 3)
2025-07-30 04:22:17 - INFO - Training new xgboost model on augmented data

2025-07-30 04:22:18 - INFO - Selected features to perturb: ['F0', 'F2', 'F1']

2025-07-30 04:22:18 - INFO - Intervening on features to create augmented feature set
2025-07-30 04:22:18 - INFO - Generating counterfactuals for augmented target set
2025-07-30 04:22:18 - INFO - Original X train shape: (25600, 3)
2025-07-30 04:22:18 - INFO - Augmented X train shape: (19200, 3)
2025-07-30 04:22:18 - INFO - Combined X train shape: (44800, 3)
2025-07-30 04:22:18 - INFO - Training new xgboost model on augmented data

2025-07-30 04:22:19 - INFO - Selected features to perturb: ['F0', 'F2', 'F1']

2025-07-30 04:22:19 - INFO - Intervening on features to create augmented feature set
2025-07-30 04:22:19 - INFO - Generating counterfactuals for augmented target set
2025-07-30 04:22:19 - INFO - Original X train shape: (25600, 3)
2025-07-30 04:22:19 - INFO - Augmented X train shape: (32000, 3)
2025-07-30 04:22:19 - INFO - Combined X train shape: (57600, 3)
2025-07-30 04:22:19 - INFO - Training new xgboost model on augmented data

2025-07-30 04:22:21 - INFO - Selected features to perturb: ['F0', 'F2', 'F1']

2025-07-30 04:22:21 - INFO - Intervening on features to create augmented feature set
2025-07-30 04:22:21 - INFO - Generating counterfactuals for augmented target set
2025-07-30 04:22:22 - INFO - Original X train shape: (25600, 3)
2025-07-30 04:22:22 - INFO - Augmented X train shape: (25600, 3)
2025-07-30 04:22:22 - INFO - Combined X train shape: (51200, 3)
2025-07-30 04:22:22 - INFO - Training new xgboost model on augmented data

2025-07-30 04:22:23 - INFO - Selected features to perturb: ['F0', 'F2', 'F1']

2025-07-30 04:22:23 - INFO - Intervening on features to create augmented feature set
2025-07-30 04:22:23 - INFO - Generating counterfactuals for augmented target set
2025-07-30 04:22:23 - INFO - Original X train shape: (25600, 3)
2025-07-30 04:22:23 - INFO - Augmented X train shape: (25600, 3)
2025-07-30 04:22:23 - INFO - Combined X train shape: (51200, 3)
2025-07-30 04:22:23 - INFO - Training new xgboost model on augmented data

2025-07-30 04:22:24 - INFO - Selected features to perturb: ['F0', 'F2', 'F1']

2025-07-30 04:22:24 - INFO - Intervening on features to create augmented feature set
2025-07-30 04:22:24 - INFO - Generating counterfactuals for augmented target set
2025-07-30 04:22:24 - INFO - Original X train shape: (25600, 3)
2025-07-30 04:22:24 - INFO - Augmented X train shape: (32000, 3)
2025-07-30 04:22:24 - INFO - Combined X train shape: (57600, 3)
2025-07-30 04:22:24 - INFO - Training new xgboost model on augmented data

2025-07-30 04:22:25 - INFO - Best augmentation parameters:
{'max_n_features_to_perturb': 5, 'aug_data_size_factor': 1.25, 'aug_data_weight': 0.75, 'max_perturb_percent': 0.6, 'min_perturb_percent': -0.6}

2025-07-30 04:22:25 - INFO - Selected features to perturb: ['F0', 'F2', 'F1']

2025-07-30 04:22:25 - INFO - Intervening on features to create augmented feature set
2025-07-30 04:22:25 - INFO - Generating counterfactuals for augmented target set
2025-07-30 04:22:25 - INFO - Original X train shape: (32000, 3)
2025-07-30 04:22:25 - INFO - Augmented X train shape: (40000, 3)
2025-07-30 04:22:25 - INFO - Combined X train shape: (72000, 3)
2025-07-30 04:22:39 - INFO - Done cross-validation evaluation
2025-07-30 04:22:39 - INFO - The p-value from the Wilcoxon signed-rank test is: 0.0009765625

2025-07-30 04:22:40 - INFO - Evaluation metrics for the experiment:
2025-07-30 04:22:40 - INFO - Original MSE: 0.002854544675704425, Augmented MSE: 0.0026827688041484673


2025-07-30 04:22:40 - INFO - ####################################################################################################
2025-07-30 04:22:40 - INFO - Interim results for seeds saved to ../experiments_synthetic/complex/xgboost_20250730-041740/interim_results/complex_data_sample_40000_interim_results.csv. Aggregating results for complex_data_sample_40000...
2025-07-30 04:22:40 - INFO - ****************************************************************************************************
2025-07-30 04:22:40 - INFO - 






****************************************************************************************************
2025-07-30 04:22:40 - INFO - Running experiment on dataset: complex_data_sample_50000
2025-07-30 04:22:40 - INFO - 



####################################################################################################
2025-07-30 04:22:40 - INFO - Running experiment on dataset: complex_data_sample_50000 with seed: 0
2025-07-30 04:22:40 - INFO - Training xgboost baseline model
2025-07-30 04:22:41 - INFO - Done training baseline model
2025-07-30 04:22:41 - INFO - Done calculating residuals

2025-07-30 04:22:41 - INFO - Filtering for features to perturb
2025-07-30 04:22:41 - INFO - Creating causal graph for complex_data_sample_50000
2025-07-30 04:22:41 - INFO - Features that are not connected to Z (conditional independence): ['F2', 'F0', 'F1']
2025-07-30 04:22:41 - INFO - [Z vs F0]  r: 0.0020, p: 0.6621
2025-07-30 04:22:41 - INFO - [Z vs F1]  r: 0.0046, p: 0.3065
2025-07-30 04:22:41 - INFO - [Z vs F2]  r: 0.0028, p: 0.5355
2025-07-30 04:22:41 - INFO - Candidates (uncorrelated + not connected to Z): ['F2', 'F0', 'F1']
2025-07-30 04:22:41 - INFO - Ranked candidate features:
  feature     score  r_with_T  r_with_Z
1      F0  0.006833 -0.008787  0.001955
2      F1 -0.001514 -0.003059  0.004574
0      F2 -0.001808  0.000963  0.002771
2025-07-30 04:22:41 - INFO - Done filtering.

2025-07-30 04:22:41 - INFO - Selected features to perturb: ['F0', 'F1', 'F2']

2025-07-30 04:22:41 - INFO - Intervening on features to create augmented feature set
2025-07-30 04:22:41 - INFO - Generating counterfactuals for augmented target set
2025-07-30 04:22:41 - INFO - Original X train shape: (32000, 3)
2025-07-30 04:22:41 - INFO - Augmented X train shape: (40000, 3)
2025-07-30 04:22:41 - INFO - Combined X train shape: (72000, 3)
2025-07-30 04:22:41 - INFO - Training new xgboost model on augmented data

2025-07-30 04:22:42 - INFO - Selected features to perturb: ['F0', 'F1', 'F2']

2025-07-30 04:22:42 - INFO - Intervening on features to create augmented feature set
2025-07-30 04:22:42 - INFO - Generating counterfactuals for augmented target set
2025-07-30 04:22:43 - INFO - Original X train shape: (32000, 3)
2025-07-30 04:22:43 - INFO - Augmented X train shape: (40000, 3)
2025-07-30 04:22:43 - INFO - Combined X train shape: (72000, 3)
2025-07-30 04:22:43 - INFO - Training new xgboost model on augmented data

2025-07-30 04:22:44 - INFO - Selected features to perturb: ['F0', 'F1', 'F2']

2025-07-30 04:22:44 - INFO - Intervening on features to create augmented feature set
2025-07-30 04:22:44 - INFO - Generating counterfactuals for augmented target set
2025-07-30 04:22:44 - INFO - Original X train shape: (32000, 3)
2025-07-30 04:22:44 - INFO - Augmented X train shape: (24000, 3)
2025-07-30 04:22:44 - INFO - Combined X train shape: (56000, 3)
2025-07-30 04:22:44 - INFO - Training new xgboost model on augmented data

2025-07-30 04:22:45 - INFO - Selected features to perturb: ['F0', 'F1', 'F2']

2025-07-30 04:22:45 - INFO - Intervening on features to create augmented feature set
2025-07-30 04:22:45 - INFO - Generating counterfactuals for augmented target set
2025-07-30 04:22:45 - INFO - Original X train shape: (32000, 3)
2025-07-30 04:22:45 - INFO - Augmented X train shape: (48000, 3)
2025-07-30 04:22:45 - INFO - Combined X train shape: (80000, 3)
2025-07-30 04:22:45 - INFO - Training new xgboost model on augmented data

2025-07-30 04:22:46 - INFO - Selected features to perturb: ['F0']

2025-07-30 04:22:46 - INFO - Intervening on features to create augmented feature set
2025-07-30 04:22:46 - INFO - Generating counterfactuals for augmented target set
2025-07-30 04:22:46 - INFO - Original X train shape: (32000, 3)
2025-07-30 04:22:46 - INFO - Augmented X train shape: (48000, 3)
2025-07-30 04:22:46 - INFO - Combined X train shape: (80000, 3)
2025-07-30 04:22:46 - INFO - Training new xgboost model on augmented data

2025-07-30 04:22:47 - INFO - Selected features to perturb: ['F0', 'F1', 'F2']

2025-07-30 04:22:47 - INFO - Intervening on features to create augmented feature set
2025-07-30 04:22:47 - INFO - Generating counterfactuals for augmented target set
2025-07-30 04:22:48 - INFO - Original X train shape: (32000, 3)
2025-07-30 04:22:48 - INFO - Augmented X train shape: (40000, 3)
2025-07-30 04:22:48 - INFO - Combined X train shape: (72000, 3)
2025-07-30 04:22:48 - INFO - Training new xgboost model on augmented data

2025-07-30 04:22:49 - INFO - Selected features to perturb: ['F0']

2025-07-30 04:22:49 - INFO - Intervening on features to create augmented feature set
2025-07-30 04:22:49 - INFO - Generating counterfactuals for augmented target set
2025-07-30 04:22:49 - INFO - Original X train shape: (32000, 3)
2025-07-30 04:22:49 - INFO - Augmented X train shape: (40000, 3)
2025-07-30 04:22:49 - INFO - Combined X train shape: (72000, 3)
2025-07-30 04:22:49 - INFO - Training new xgboost model on augmented data

2025-07-30 04:22:51 - INFO - Selected features to perturb: ['F0', 'F1', 'F2']

2025-07-30 04:22:51 - INFO - Intervening on features to create augmented feature set
2025-07-30 04:22:51 - INFO - Generating counterfactuals for augmented target set
2025-07-30 04:22:51 - INFO - Original X train shape: (32000, 3)
2025-07-30 04:22:51 - INFO - Augmented X train shape: (32000, 3)
2025-07-30 04:22:51 - INFO - Combined X train shape: (64000, 3)
2025-07-30 04:22:51 - INFO - Training new xgboost model on augmented data

2025-07-30 04:22:52 - INFO - Selected features to perturb: ['F0', 'F1', 'F2']

2025-07-30 04:22:52 - INFO - Intervening on features to create augmented feature set
2025-07-30 04:22:52 - INFO - Generating counterfactuals for augmented target set
2025-07-30 04:22:53 - INFO - Original X train shape: (32000, 3)
2025-07-30 04:22:53 - INFO - Augmented X train shape: (32000, 3)
2025-07-30 04:22:53 - INFO - Combined X train shape: (64000, 3)
2025-07-30 04:22:53 - INFO - Training new xgboost model on augmented data

2025-07-30 04:22:54 - INFO - Selected features to perturb: ['F0', 'F1', 'F2']

2025-07-30 04:22:55 - INFO - Intervening on features to create augmented feature set
2025-07-30 04:22:55 - INFO - Generating counterfactuals for augmented target set
2025-07-30 04:22:55 - INFO - Original X train shape: (32000, 3)
2025-07-30 04:22:55 - INFO - Augmented X train shape: (40000, 3)
2025-07-30 04:22:55 - INFO - Combined X train shape: (72000, 3)
2025-07-30 04:22:55 - INFO - Training new xgboost model on augmented data

2025-07-30 04:22:56 - INFO - Selected features to perturb: ['F0', 'F1', 'F2']

2025-07-30 04:22:57 - INFO - Intervening on features to create augmented feature set
2025-07-30 04:22:57 - INFO - Generating counterfactuals for augmented target set
2025-07-30 04:22:57 - INFO - Original X train shape: (32000, 3)
2025-07-30 04:22:57 - INFO - Augmented X train shape: (16000, 3)
2025-07-30 04:22:57 - INFO - Combined X train shape: (48000, 3)
2025-07-30 04:22:57 - INFO - Training new xgboost model on augmented data

2025-07-30 04:22:58 - INFO - Selected features to perturb: ['F0', 'F1']

2025-07-30 04:22:58 - INFO - Intervening on features to create augmented feature set
2025-07-30 04:22:58 - INFO - Generating counterfactuals for augmented target set
2025-07-30 04:22:58 - INFO - Original X train shape: (32000, 3)
2025-07-30 04:22:58 - INFO - Augmented X train shape: (40000, 3)
2025-07-30 04:22:58 - INFO - Combined X train shape: (72000, 3)
2025-07-30 04:22:58 - INFO - Training new xgboost model on augmented data

2025-07-30 04:22:59 - INFO - Selected features to perturb: ['F0', 'F1', 'F2']

2025-07-30 04:22:59 - INFO - Intervening on features to create augmented feature set
2025-07-30 04:22:59 - INFO - Generating counterfactuals for augmented target set
2025-07-30 04:22:59 - INFO - Original X train shape: (32000, 3)
2025-07-30 04:22:59 - INFO - Augmented X train shape: (48000, 3)
2025-07-30 04:22:59 - INFO - Combined X train shape: (80000, 3)
2025-07-30 04:22:59 - INFO - Training new xgboost model on augmented data

2025-07-30 04:23:04 - INFO - Selected features to perturb: ['F0', 'F1', 'F2']

2025-07-30 04:23:04 - INFO - Intervening on features to create augmented feature set
2025-07-30 04:23:04 - INFO - Generating counterfactuals for augmented target set
2025-07-30 04:23:04 - INFO - Original X train shape: (32000, 3)
2025-07-30 04:23:04 - INFO - Augmented X train shape: (24000, 3)
2025-07-30 04:23:04 - INFO - Combined X train shape: (56000, 3)
2025-07-30 04:23:04 - INFO - Training new xgboost model on augmented data

2025-07-30 04:23:07 - INFO - Selected features to perturb: ['F0', 'F1']

2025-07-30 04:23:07 - INFO - Intervening on features to create augmented feature set
2025-07-30 04:23:07 - INFO - Generating counterfactuals for augmented target set
2025-07-30 04:23:07 - INFO - Original X train shape: (32000, 3)
2025-07-30 04:23:07 - INFO - Augmented X train shape: (32000, 3)
2025-07-30 04:23:07 - INFO - Combined X train shape: (64000, 3)
2025-07-30 04:23:07 - INFO - Training new xgboost model on augmented data

2025-07-30 04:23:09 - INFO - Selected features to perturb: ['F0', 'F1']

2025-07-30 04:23:09 - INFO - Intervening on features to create augmented feature set
2025-07-30 04:23:09 - INFO - Generating counterfactuals for augmented target set
2025-07-30 04:23:09 - INFO - Original X train shape: (32000, 3)
2025-07-30 04:23:09 - INFO - Augmented X train shape: (40000, 3)
2025-07-30 04:23:09 - INFO - Combined X train shape: (72000, 3)
2025-07-30 04:23:09 - INFO - Training new xgboost model on augmented data

2025-07-30 04:23:10 - INFO - Selected features to perturb: ['F0', 'F1', 'F2']

2025-07-30 04:23:10 - INFO - Intervening on features to create augmented feature set
2025-07-30 04:23:10 - INFO - Generating counterfactuals for augmented target set
2025-07-30 04:23:10 - INFO - Original X train shape: (32000, 3)
2025-07-30 04:23:10 - INFO - Augmented X train shape: (24000, 3)
2025-07-30 04:23:10 - INFO - Combined X train shape: (56000, 3)
2025-07-30 04:23:10 - INFO - Training new xgboost model on augmented data

2025-07-30 04:23:12 - INFO - Selected features to perturb: ['F0', 'F1', 'F2']

2025-07-30 04:23:12 - INFO - Intervening on features to create augmented feature set
2025-07-30 04:23:12 - INFO - Generating counterfactuals for augmented target set
2025-07-30 04:23:12 - INFO - Original X train shape: (32000, 3)
2025-07-30 04:23:12 - INFO - Augmented X train shape: (48000, 3)
2025-07-30 04:23:12 - INFO - Combined X train shape: (80000, 3)
2025-07-30 04:23:12 - INFO - Training new xgboost model on augmented data

2025-07-30 04:23:13 - INFO - Selected features to perturb: ['F0', 'F1', 'F2']

2025-07-30 04:23:13 - INFO - Intervening on features to create augmented feature set
2025-07-30 04:23:13 - INFO - Generating counterfactuals for augmented target set
2025-07-30 04:23:13 - INFO - Original X train shape: (32000, 3)
2025-07-30 04:23:13 - INFO - Augmented X train shape: (32000, 3)
2025-07-30 04:23:13 - INFO - Combined X train shape: (64000, 3)
2025-07-30 04:23:13 - INFO - Training new xgboost model on augmented data

2025-07-30 04:23:15 - INFO - Selected features to perturb: ['F0', 'F1']

2025-07-30 04:23:15 - INFO - Intervening on features to create augmented feature set
2025-07-30 04:23:15 - INFO - Generating counterfactuals for augmented target set
2025-07-30 04:23:15 - INFO - Original X train shape: (32000, 3)
2025-07-30 04:23:15 - INFO - Augmented X train shape: (40000, 3)
2025-07-30 04:23:15 - INFO - Combined X train shape: (72000, 3)
2025-07-30 04:23:15 - INFO - Training new xgboost model on augmented data

2025-07-30 04:23:16 - INFO - Selected features to perturb: ['F0', 'F1', 'F2']

2025-07-30 04:23:16 - INFO - Intervening on features to create augmented feature set
2025-07-30 04:23:16 - INFO - Generating counterfactuals for augmented target set
2025-07-30 04:23:16 - INFO - Original X train shape: (32000, 3)
2025-07-30 04:23:16 - INFO - Augmented X train shape: (16000, 3)
2025-07-30 04:23:16 - INFO - Combined X train shape: (48000, 3)
2025-07-30 04:23:16 - INFO - Training new xgboost model on augmented data

2025-07-30 04:23:18 - INFO - Selected features to perturb: ['F0', 'F1']

2025-07-30 04:23:18 - INFO - Intervening on features to create augmented feature set
2025-07-30 04:23:18 - INFO - Generating counterfactuals for augmented target set
2025-07-30 04:23:18 - INFO - Original X train shape: (32000, 3)
2025-07-30 04:23:18 - INFO - Augmented X train shape: (40000, 3)
2025-07-30 04:23:18 - INFO - Combined X train shape: (72000, 3)
2025-07-30 04:23:18 - INFO - Training new xgboost model on augmented data

2025-07-30 04:23:19 - INFO - Selected features to perturb: ['F0', 'F1']

2025-07-30 04:23:19 - INFO - Intervening on features to create augmented feature set
2025-07-30 04:23:19 - INFO - Generating counterfactuals for augmented target set
2025-07-30 04:23:19 - INFO - Original X train shape: (32000, 3)
2025-07-30 04:23:19 - INFO - Augmented X train shape: (40000, 3)
2025-07-30 04:23:19 - INFO - Combined X train shape: (72000, 3)
2025-07-30 04:23:19 - INFO - Training new xgboost model on augmented data

2025-07-30 04:23:22 - INFO - Selected features to perturb: ['F0', 'F1', 'F2']

2025-07-30 04:23:22 - INFO - Intervening on features to create augmented feature set
2025-07-30 04:23:22 - INFO - Generating counterfactuals for augmented target set
2025-07-30 04:23:22 - INFO - Original X train shape: (32000, 3)
2025-07-30 04:23:22 - INFO - Augmented X train shape: (48000, 3)
2025-07-30 04:23:22 - INFO - Combined X train shape: (80000, 3)
2025-07-30 04:23:22 - INFO - Training new xgboost model on augmented data

2025-07-30 04:23:24 - INFO - Selected features to perturb: ['F0', 'F1', 'F2']

2025-07-30 04:23:24 - INFO - Intervening on features to create augmented feature set
2025-07-30 04:23:24 - INFO - Generating counterfactuals for augmented target set
2025-07-30 04:23:24 - INFO - Original X train shape: (32000, 3)
2025-07-30 04:23:24 - INFO - Augmented X train shape: (48000, 3)
2025-07-30 04:23:24 - INFO - Combined X train shape: (80000, 3)
2025-07-30 04:23:24 - INFO - Training new xgboost model on augmented data

2025-07-30 04:23:25 - INFO - Selected features to perturb: ['F0', 'F1', 'F2']

2025-07-30 04:23:25 - INFO - Intervening on features to create augmented feature set
2025-07-30 04:23:25 - INFO - Generating counterfactuals for augmented target set
2025-07-30 04:23:25 - INFO - Original X train shape: (32000, 3)
2025-07-30 04:23:25 - INFO - Augmented X train shape: (48000, 3)
2025-07-30 04:23:25 - INFO - Combined X train shape: (80000, 3)
2025-07-30 04:23:25 - INFO - Training new xgboost model on augmented data

2025-07-30 04:23:27 - INFO - Selected features to perturb: ['F0', 'F1', 'F2']

2025-07-30 04:23:27 - INFO - Intervening on features to create augmented feature set
2025-07-30 04:23:27 - INFO - Generating counterfactuals for augmented target set
2025-07-30 04:23:27 - INFO - Original X train shape: (32000, 3)
2025-07-30 04:23:27 - INFO - Augmented X train shape: (48000, 3)
2025-07-30 04:23:27 - INFO - Combined X train shape: (80000, 3)
2025-07-30 04:23:27 - INFO - Training new xgboost model on augmented data

2025-07-30 04:23:28 - INFO - Selected features to perturb: ['F0', 'F1', 'F2']

2025-07-30 04:23:28 - INFO - Intervening on features to create augmented feature set
2025-07-30 04:23:28 - INFO - Generating counterfactuals for augmented target set
2025-07-30 04:23:28 - INFO - Original X train shape: (32000, 3)
2025-07-30 04:23:28 - INFO - Augmented X train shape: (32000, 3)
2025-07-30 04:23:28 - INFO - Combined X train shape: (64000, 3)
2025-07-30 04:23:28 - INFO - Training new xgboost model on augmented data

2025-07-30 04:23:29 - INFO - Selected features to perturb: ['F0', 'F1', 'F2']

2025-07-30 04:23:29 - INFO - Intervening on features to create augmented feature set
2025-07-30 04:23:29 - INFO - Generating counterfactuals for augmented target set
2025-07-30 04:23:30 - INFO - Original X train shape: (32000, 3)
2025-07-30 04:23:30 - INFO - Augmented X train shape: (40000, 3)
2025-07-30 04:23:30 - INFO - Combined X train shape: (72000, 3)
2025-07-30 04:23:30 - INFO - Training new xgboost model on augmented data

2025-07-30 04:23:31 - INFO - Selected features to perturb: ['F0', 'F1', 'F2']

2025-07-30 04:23:31 - INFO - Intervening on features to create augmented feature set
2025-07-30 04:23:31 - INFO - Generating counterfactuals for augmented target set
2025-07-30 04:23:31 - INFO - Original X train shape: (32000, 3)
2025-07-30 04:23:31 - INFO - Augmented X train shape: (40000, 3)
2025-07-30 04:23:31 - INFO - Combined X train shape: (72000, 3)
2025-07-30 04:23:31 - INFO - Training new xgboost model on augmented data

2025-07-30 04:23:33 - INFO - Best augmentation parameters:
{'max_n_features_to_perturb': 3, 'aug_data_size_factor': 1.5, 'aug_data_weight': 1.0, 'max_perturb_percent': 0.7000000000000001, 'min_perturb_percent': -0.7000000000000001}

2025-07-30 04:23:33 - INFO - Selected features to perturb: ['F0', 'F1', 'F2']

2025-07-30 04:23:33 - INFO - Intervening on features to create augmented feature set
2025-07-30 04:23:33 - INFO - Generating counterfactuals for augmented target set
2025-07-30 04:23:33 - INFO - Original X train shape: (40000, 3)
2025-07-30 04:23:33 - INFO - Augmented X train shape: (60000, 3)
2025-07-30 04:23:33 - INFO - Combined X train shape: (100000, 3)
2025-07-30 04:24:08 - INFO - Done cross-validation evaluation
2025-07-30 04:24:08 - INFO - The p-value from the Wilcoxon signed-rank test is: 0.0009765625

2025-07-30 04:24:08 - INFO - Evaluation metrics for the experiment:
2025-07-30 04:24:08 - INFO - Original MSE: 0.0025928477330305322, Augmented MSE: 0.002463497782970776


2025-07-30 04:24:08 - INFO - ####################################################################################################
2025-07-30 04:24:08 - INFO - Interim results for seeds saved to ../experiments_synthetic/complex/xgboost_20250730-041740/interim_results/complex_data_sample_50000_interim_results.csv. Aggregating results for complex_data_sample_50000...
2025-07-30 04:24:08 - INFO - ****************************************************************************************************
2025-07-30 04:24:08 - INFO - Total time taken: 388.22 seconds
2025-07-30 04:24:08 - INFO - All results saved to ../experiments_synthetic/complex/xgboost_20250730-041740/results.csv
2025-07-30 04:24:09 - INFO - Results plot saved to ../experiments_synthetic/complex/xgboost_20250730-041740/results_mse_percent_delta.png
2025-09-22 06:39:29 - INFO - Experiment initialized with config:
Experiment Config (Name: xgboost_20250922-063929)
  timestamp: 20250922-063929
  dataset_path: ../data/anm_data.csv
  dataset_dir_path: None
  baseline: xgboost
  aug_data_size_factor: 1.0
  max_n_features_to_perturb: 5
  max_perturb_percent: 0.1
  min_perturb_percent: -0.1
  aug_data_weight: 0.9
  alpha: 0.05
  r_corr_threshold: 0.1
  p_corr_threshold: 0.05
  test_size: 0.2
  random_seed: 0
  num_seeds: 0
  p_wilcoxon_threshold: 0.05
  hyperparam_tune: False
  method_param_tune: True
  sample_sizes: [100, 250, 500, 1000, 2500]
  ignore_filter: True
  results_dir: ../experiments_synthetic/anm
  save_plots: False
  save_models: False
  save_params: False
  experiment_dir: ../experiments_synthetic/anm/xgboost_20250922-063929
2025-09-22 06:39:29 - INFO - Loaded 5 datasets


2025-09-22 06:39:29 - INFO - 






****************************************************************************************************
2025-09-22 06:39:29 - INFO - Running experiment on dataset: anm_data_sample_100
2025-09-22 06:39:29 - INFO - 



####################################################################################################
2025-09-22 06:39:29 - INFO - Running experiment on dataset: anm_data_sample_100 with seed: 0
2025-09-22 06:39:29 - INFO - Training xgboost baseline model
2025-09-22 06:39:30 - INFO - Done training baseline model
2025-09-22 06:39:30 - INFO - Done calculating residuals

2025-09-22 06:39:30 - INFO - Filtering for features to perturb
2025-09-22 06:39:30 - INFO - Creating causal graph for anm_data_sample_100
2025-09-22 06:39:30 - INFO - Features that are not connected to Z (conditional independence): ['F0', 'F2', 'F1']
2025-09-22 06:39:30 - INFO - [Z vs F0]  r: 0.0514, p: 0.6114
2025-09-22 06:39:30 - INFO - [Z vs F1]  r: 0.0384, p: 0.7045
2025-09-22 06:39:30 - INFO - [Z vs F2]  r: 0.0227, p: 0.8225
2025-09-22 06:39:30 - INFO - Candidates (uncorrelated + not connected to Z): ['F0', 'F2', 'F1']
2025-09-22 06:39:30 - INFO - Ranked candidate features:
  feature     score  r_with_T  r_with_Z
1      F2  0.085322  0.108033  0.022711
0      F0  0.071796 -0.123217  0.051421
2      F1  0.005782 -0.044181  0.038400
2025-09-22 06:39:30 - INFO - Done filtering.

2025-09-22 06:39:30 - INFO - Selected features to perturb: ['F2', 'F0', 'F1']

2025-09-22 06:39:30 - INFO - Intervening on features to create augmented feature set
2025-09-22 06:39:30 - INFO - Generating counterfactuals for augmented target set
2025-09-22 06:39:30 - INFO - Original X train shape: (64, 3)
2025-09-22 06:39:30 - INFO - Augmented X train shape: (80, 3)
2025-09-22 06:39:30 - INFO - Combined X train shape: (144, 3)
2025-09-22 06:39:30 - INFO - Training new xgboost model on augmented data

2025-09-22 06:39:30 - INFO - Selected features to perturb: ['F2', 'F0', 'F1']

2025-09-22 06:39:30 - INFO - Intervening on features to create augmented feature set
2025-09-22 06:39:30 - INFO - Generating counterfactuals for augmented target set
2025-09-22 06:39:30 - INFO - Original X train shape: (64, 3)
2025-09-22 06:39:30 - INFO - Augmented X train shape: (80, 3)
2025-09-22 06:39:30 - INFO - Combined X train shape: (144, 3)
2025-09-22 06:39:30 - INFO - Training new xgboost model on augmented data

2025-09-22 06:39:30 - INFO - Selected features to perturb: ['F2', 'F0', 'F1']

2025-09-22 06:39:30 - INFO - Intervening on features to create augmented feature set
2025-09-22 06:39:30 - INFO - Generating counterfactuals for augmented target set
2025-09-22 06:39:30 - INFO - Original X train shape: (64, 3)
2025-09-22 06:39:30 - INFO - Augmented X train shape: (48, 3)
2025-09-22 06:39:30 - INFO - Combined X train shape: (112, 3)
2025-09-22 06:39:30 - INFO - Training new xgboost model on augmented data

2025-09-22 06:39:31 - INFO - Selected features to perturb: ['F2', 'F0', 'F1']

2025-09-22 06:39:31 - INFO - Intervening on features to create augmented feature set
2025-09-22 06:39:31 - INFO - Generating counterfactuals for augmented target set
2025-09-22 06:39:31 - INFO - Original X train shape: (64, 3)
2025-09-22 06:39:31 - INFO - Augmented X train shape: (96, 3)
2025-09-22 06:39:31 - INFO - Combined X train shape: (160, 3)
2025-09-22 06:39:31 - INFO - Training new xgboost model on augmented data

2025-09-22 06:39:31 - INFO - Selected features to perturb: ['F2']

2025-09-22 06:39:31 - INFO - Intervening on features to create augmented feature set
2025-09-22 06:39:31 - INFO - Generating counterfactuals for augmented target set
2025-09-22 06:39:31 - INFO - Original X train shape: (64, 3)
2025-09-22 06:39:31 - INFO - Augmented X train shape: (96, 3)
2025-09-22 06:39:31 - INFO - Combined X train shape: (160, 3)
2025-09-22 06:39:31 - INFO - Training new xgboost model on augmented data

2025-09-22 06:39:32 - INFO - Selected features to perturb: ['F2', 'F0', 'F1']

2025-09-22 06:39:32 - INFO - Intervening on features to create augmented feature set
2025-09-22 06:39:32 - INFO - Generating counterfactuals for augmented target set
2025-09-22 06:39:32 - INFO - Original X train shape: (64, 3)
2025-09-22 06:39:32 - INFO - Augmented X train shape: (80, 3)
2025-09-22 06:39:32 - INFO - Combined X train shape: (144, 3)
2025-09-22 06:39:32 - INFO - Training new xgboost model on augmented data

2025-09-22 06:39:32 - INFO - Selected features to perturb: ['F2']

2025-09-22 06:39:32 - INFO - Intervening on features to create augmented feature set
2025-09-22 06:39:32 - INFO - Generating counterfactuals for augmented target set
2025-09-22 06:39:32 - INFO - Original X train shape: (64, 3)
2025-09-22 06:39:32 - INFO - Augmented X train shape: (80, 3)
2025-09-22 06:39:32 - INFO - Combined X train shape: (144, 3)
2025-09-22 06:39:32 - INFO - Training new xgboost model on augmented data

2025-09-22 06:39:32 - INFO - Selected features to perturb: ['F2', 'F0', 'F1']

2025-09-22 06:39:32 - INFO - Intervening on features to create augmented feature set
2025-09-22 06:39:32 - INFO - Generating counterfactuals for augmented target set
2025-09-22 06:39:32 - INFO - Original X train shape: (64, 3)
2025-09-22 06:39:32 - INFO - Augmented X train shape: (64, 3)
2025-09-22 06:39:32 - INFO - Combined X train shape: (128, 3)
2025-09-22 06:39:32 - INFO - Training new xgboost model on augmented data

2025-09-22 06:39:33 - INFO - Selected features to perturb: ['F2', 'F0', 'F1']

2025-09-22 06:39:33 - INFO - Intervening on features to create augmented feature set
2025-09-22 06:39:33 - INFO - Generating counterfactuals for augmented target set
2025-09-22 06:39:33 - INFO - Original X train shape: (64, 3)
2025-09-22 06:39:33 - INFO - Augmented X train shape: (64, 3)
2025-09-22 06:39:33 - INFO - Combined X train shape: (128, 3)
2025-09-22 06:39:33 - INFO - Training new xgboost model on augmented data

2025-09-22 06:39:33 - INFO - Selected features to perturb: ['F2', 'F0', 'F1']

2025-09-22 06:39:33 - INFO - Intervening on features to create augmented feature set
2025-09-22 06:39:33 - INFO - Generating counterfactuals for augmented target set
2025-09-22 06:39:33 - INFO - Original X train shape: (64, 3)
2025-09-22 06:39:33 - INFO - Augmented X train shape: (80, 3)
2025-09-22 06:39:33 - INFO - Combined X train shape: (144, 3)
2025-09-22 06:39:33 - INFO - Training new xgboost model on augmented data

2025-09-22 06:39:33 - INFO - Selected features to perturb: ['F2']

2025-09-22 06:39:33 - INFO - Intervening on features to create augmented feature set
2025-09-22 06:39:33 - INFO - Generating counterfactuals for augmented target set
2025-09-22 06:39:33 - INFO - Original X train shape: (64, 3)
2025-09-22 06:39:33 - INFO - Augmented X train shape: (32, 3)
2025-09-22 06:39:33 - INFO - Combined X train shape: (96, 3)
2025-09-22 06:39:33 - INFO - Training new xgboost model on augmented data

2025-09-22 06:39:34 - INFO - Selected features to perturb: ['F2', 'F0']

2025-09-22 06:39:34 - INFO - Intervening on features to create augmented feature set
2025-09-22 06:39:34 - INFO - Generating counterfactuals for augmented target set
2025-09-22 06:39:34 - INFO - Original X train shape: (64, 3)
2025-09-22 06:39:34 - INFO - Augmented X train shape: (80, 3)
2025-09-22 06:39:34 - INFO - Combined X train shape: (144, 3)
2025-09-22 06:39:34 - INFO - Training new xgboost model on augmented data

2025-09-22 06:39:34 - INFO - Selected features to perturb: ['F2', 'F0']

2025-09-22 06:39:34 - INFO - Intervening on features to create augmented feature set
2025-09-22 06:39:34 - INFO - Generating counterfactuals for augmented target set
2025-09-22 06:39:34 - INFO - Original X train shape: (64, 3)
2025-09-22 06:39:34 - INFO - Augmented X train shape: (96, 3)
2025-09-22 06:39:34 - INFO - Combined X train shape: (160, 3)
2025-09-22 06:39:34 - INFO - Training new xgboost model on augmented data

2025-09-22 06:39:34 - INFO - Selected features to perturb: ['F2', 'F0']

2025-09-22 06:39:34 - INFO - Intervening on features to create augmented feature set
2025-09-22 06:39:34 - INFO - Generating counterfactuals for augmented target set
2025-09-22 06:39:34 - INFO - Original X train shape: (64, 3)
2025-09-22 06:39:34 - INFO - Augmented X train shape: (48, 3)
2025-09-22 06:39:34 - INFO - Combined X train shape: (112, 3)
2025-09-22 06:39:34 - INFO - Training new xgboost model on augmented data

2025-09-22 06:39:35 - INFO - Selected features to perturb: ['F2', 'F0', 'F1']

2025-09-22 06:39:35 - INFO - Intervening on features to create augmented feature set
2025-09-22 06:39:35 - INFO - Generating counterfactuals for augmented target set
2025-09-22 06:39:35 - INFO - Original X train shape: (64, 3)
2025-09-22 06:39:35 - INFO - Augmented X train shape: (64, 3)
2025-09-22 06:39:35 - INFO - Combined X train shape: (128, 3)
2025-09-22 06:39:35 - INFO - Training new xgboost model on augmented data

2025-09-22 06:39:35 - INFO - Selected features to perturb: ['F2', 'F0', 'F1']

2025-09-22 06:39:35 - INFO - Intervening on features to create augmented feature set
2025-09-22 06:39:35 - INFO - Generating counterfactuals for augmented target set
2025-09-22 06:39:35 - INFO - Original X train shape: (64, 3)
2025-09-22 06:39:35 - INFO - Augmented X train shape: (48, 3)
2025-09-22 06:39:35 - INFO - Combined X train shape: (112, 3)
2025-09-22 06:39:35 - INFO - Training new xgboost model on augmented data

2025-09-22 06:39:35 - INFO - Selected features to perturb: ['F2', 'F0', 'F1']

2025-09-22 06:39:35 - INFO - Intervening on features to create augmented feature set
2025-09-22 06:39:35 - INFO - Generating counterfactuals for augmented target set
2025-09-22 06:39:35 - INFO - Original X train shape: (64, 3)
2025-09-22 06:39:35 - INFO - Augmented X train shape: (48, 3)
2025-09-22 06:39:35 - INFO - Combined X train shape: (112, 3)
2025-09-22 06:39:35 - INFO - Training new xgboost model on augmented data

2025-09-22 06:39:36 - INFO - Selected features to perturb: ['F2', 'F0', 'F1']

2025-09-22 06:39:36 - INFO - Intervening on features to create augmented feature set
2025-09-22 06:39:36 - INFO - Generating counterfactuals for augmented target set
2025-09-22 06:39:36 - INFO - Original X train shape: (64, 3)
2025-09-22 06:39:36 - INFO - Augmented X train shape: (32, 3)
2025-09-22 06:39:36 - INFO - Combined X train shape: (96, 3)
2025-09-22 06:39:36 - INFO - Training new xgboost model on augmented data

2025-09-22 06:39:36 - INFO - Selected features to perturb: ['F2', 'F0', 'F1']

2025-09-22 06:39:36 - INFO - Intervening on features to create augmented feature set
2025-09-22 06:39:36 - INFO - Generating counterfactuals for augmented target set
2025-09-22 06:39:36 - INFO - Original X train shape: (64, 3)
2025-09-22 06:39:36 - INFO - Augmented X train shape: (48, 3)
2025-09-22 06:39:36 - INFO - Combined X train shape: (112, 3)
2025-09-22 06:39:36 - INFO - Training new xgboost model on augmented data

2025-09-22 06:39:36 - INFO - Selected features to perturb: ['F2', 'F0', 'F1']

2025-09-22 06:39:36 - INFO - Intervening on features to create augmented feature set
2025-09-22 06:39:36 - INFO - Generating counterfactuals for augmented target set
2025-09-22 06:39:36 - INFO - Original X train shape: (64, 3)
2025-09-22 06:39:36 - INFO - Augmented X train shape: (64, 3)
2025-09-22 06:39:36 - INFO - Combined X train shape: (128, 3)
2025-09-22 06:39:36 - INFO - Training new xgboost model on augmented data

2025-09-22 06:39:37 - INFO - Selected features to perturb: ['F2', 'F0', 'F1']

2025-09-22 06:39:37 - INFO - Intervening on features to create augmented feature set
2025-09-22 06:39:37 - INFO - Generating counterfactuals for augmented target set
2025-09-22 06:39:37 - INFO - Original X train shape: (64, 3)
2025-09-22 06:39:37 - INFO - Augmented X train shape: (32, 3)
2025-09-22 06:39:37 - INFO - Combined X train shape: (96, 3)
2025-09-22 06:39:37 - INFO - Training new xgboost model on augmented data

2025-09-22 06:39:37 - INFO - Selected features to perturb: ['F2', 'F0', 'F1']

2025-09-22 06:39:37 - INFO - Intervening on features to create augmented feature set
2025-09-22 06:39:37 - INFO - Generating counterfactuals for augmented target set
2025-09-22 06:39:37 - INFO - Original X train shape: (64, 3)
2025-09-22 06:39:37 - INFO - Augmented X train shape: (64, 3)
2025-09-22 06:39:37 - INFO - Combined X train shape: (128, 3)
2025-09-22 06:39:37 - INFO - Training new xgboost model on augmented data

2025-09-22 06:39:37 - INFO - Selected features to perturb: ['F2']

2025-09-22 06:39:37 - INFO - Intervening on features to create augmented feature set
2025-09-22 06:39:37 - INFO - Generating counterfactuals for augmented target set
2025-09-22 06:39:37 - INFO - Original X train shape: (64, 3)
2025-09-22 06:39:37 - INFO - Augmented X train shape: (64, 3)
2025-09-22 06:39:37 - INFO - Combined X train shape: (128, 3)
2025-09-22 06:39:37 - INFO - Training new xgboost model on augmented data

2025-09-22 06:39:39 - INFO - Selected features to perturb: ['F2', 'F0', 'F1']

2025-09-22 06:39:39 - INFO - Intervening on features to create augmented feature set
2025-09-22 06:39:39 - INFO - Generating counterfactuals for augmented target set
2025-09-22 06:39:39 - INFO - Original X train shape: (64, 3)
2025-09-22 06:39:39 - INFO - Augmented X train shape: (48, 3)
2025-09-22 06:39:39 - INFO - Combined X train shape: (112, 3)
2025-09-22 06:39:39 - INFO - Training new xgboost model on augmented data

2025-09-22 06:39:39 - INFO - Selected features to perturb: ['F2', 'F0']

2025-09-22 06:39:39 - INFO - Intervening on features to create augmented feature set
2025-09-22 06:39:39 - INFO - Generating counterfactuals for augmented target set
2025-09-22 06:39:39 - INFO - Original X train shape: (64, 3)
2025-09-22 06:39:39 - INFO - Augmented X train shape: (48, 3)
2025-09-22 06:39:39 - INFO - Combined X train shape: (112, 3)
2025-09-22 06:39:39 - INFO - Training new xgboost model on augmented data

2025-09-22 06:39:39 - INFO - Selected features to perturb: ['F2', 'F0', 'F1']

2025-09-22 06:39:39 - INFO - Intervening on features to create augmented feature set
2025-09-22 06:39:39 - INFO - Generating counterfactuals for augmented target set
2025-09-22 06:39:39 - INFO - Original X train shape: (64, 3)
2025-09-22 06:39:39 - INFO - Augmented X train shape: (80, 3)
2025-09-22 06:39:39 - INFO - Combined X train shape: (144, 3)
2025-09-22 06:39:39 - INFO - Training new xgboost model on augmented data

2025-09-22 06:39:40 - INFO - Selected features to perturb: ['F2', 'F0', 'F1']

2025-09-22 06:39:40 - INFO - Intervening on features to create augmented feature set
2025-09-22 06:39:40 - INFO - Generating counterfactuals for augmented target set
2025-09-22 06:39:40 - INFO - Original X train shape: (64, 3)
2025-09-22 06:39:40 - INFO - Augmented X train shape: (64, 3)
2025-09-22 06:39:40 - INFO - Combined X train shape: (128, 3)
2025-09-22 06:39:40 - INFO - Training new xgboost model on augmented data

2025-09-22 06:39:40 - INFO - Selected features to perturb: ['F2', 'F0', 'F1']

2025-09-22 06:39:40 - INFO - Intervening on features to create augmented feature set
2025-09-22 06:39:40 - INFO - Generating counterfactuals for augmented target set
2025-09-22 06:39:40 - INFO - Original X train shape: (64, 3)
2025-09-22 06:39:40 - INFO - Augmented X train shape: (64, 3)
2025-09-22 06:39:40 - INFO - Combined X train shape: (128, 3)
2025-09-22 06:39:40 - INFO - Training new xgboost model on augmented data

2025-09-22 06:39:40 - INFO - Selected features to perturb: ['F2', 'F0', 'F1']

2025-09-22 06:39:40 - INFO - Intervening on features to create augmented feature set
2025-09-22 06:39:40 - INFO - Generating counterfactuals for augmented target set
2025-09-22 06:39:40 - INFO - Original X train shape: (64, 3)
2025-09-22 06:39:40 - INFO - Augmented X train shape: (64, 3)
2025-09-22 06:39:40 - INFO - Combined X train shape: (128, 3)
2025-09-22 06:39:40 - INFO - Training new xgboost model on augmented data

2025-09-22 06:39:41 - INFO - Selected features to perturb: ['F2', 'F0']

2025-09-22 06:39:41 - INFO - Intervening on features to create augmented feature set
2025-09-22 06:39:41 - INFO - Generating counterfactuals for augmented target set
2025-09-22 06:39:41 - INFO - Original X train shape: (64, 3)
2025-09-22 06:39:41 - INFO - Augmented X train shape: (80, 3)
2025-09-22 06:39:41 - INFO - Combined X train shape: (144, 3)
2025-09-22 06:39:41 - INFO - Training new xgboost model on augmented data

2025-09-22 06:39:41 - INFO - Best augmentation parameters:
{'max_n_features_to_perturb': 4, 'aug_data_size_factor': 1.0, 'aug_data_weight': 0.5, 'max_perturb_percent': 1.0, 'min_perturb_percent': -1.0}

2025-09-22 06:39:41 - INFO - Selected features to perturb: ['F2', 'F0', 'F1']

2025-09-22 06:39:41 - INFO - Intervening on features to create augmented feature set
2025-09-22 06:39:41 - INFO - Generating counterfactuals for augmented target set
2025-09-22 06:39:41 - INFO - Original X train shape: (80, 3)
2025-09-22 06:39:41 - INFO - Augmented X train shape: (80, 3)
2025-09-22 06:39:41 - INFO - Combined X train shape: (160, 3)
2025-09-22 06:39:46 - INFO - Done cross-validation evaluation
2025-09-22 06:39:46 - INFO - The p-value from the Wilcoxon signed-rank test is: 0.001953125

2025-09-22 06:39:46 - INFO - Evaluation metrics for the experiment:
2025-09-22 06:39:46 - INFO - Original MSE: 0.013686424101693438, Augmented MSE: 0.016348568270550062


2025-09-22 06:39:46 - INFO - ####################################################################################################
2025-09-22 06:39:46 - INFO - Interim results for seeds saved to ../experiments_synthetic/anm/xgboost_20250922-063929/interim_results/anm_data_sample_100_interim_results.csv. Aggregating results for anm_data_sample_100...
2025-09-22 06:39:46 - INFO - ****************************************************************************************************
2025-09-22 06:39:46 - INFO - 






****************************************************************************************************
2025-09-22 06:39:46 - INFO - Running experiment on dataset: anm_data_sample_250
2025-09-22 06:39:46 - INFO - 



####################################################################################################
2025-09-22 06:39:46 - INFO - Running experiment on dataset: anm_data_sample_250 with seed: 0
2025-09-22 06:39:46 - INFO - Training xgboost baseline model
2025-09-22 06:39:47 - INFO - Done training baseline model
2025-09-22 06:39:47 - INFO - Done calculating residuals

2025-09-22 06:39:47 - INFO - Filtering for features to perturb
2025-09-22 06:39:47 - INFO - Creating causal graph for anm_data_sample_250
2025-09-22 06:39:47 - INFO - Features that are not connected to Z (conditional independence): ['F0', 'F1']
2025-09-22 06:39:47 - INFO - [Z vs F0]  r: 0.0808, p: 0.2030
2025-09-22 06:39:47 - INFO - [Z vs F1]  r: 0.0931, p: 0.1422
2025-09-22 06:39:47 - INFO - [Z vs F2]  r: 0.1682, p: 0.0077
2025-09-22 06:39:47 - INFO - Candidates (uncorrelated + not connected to Z): ['F0', 'F1']
2025-09-22 06:39:47 - INFO - Ranked candidate features:
  feature     score  r_with_T  r_with_Z
0      F0  0.045554 -0.126350  0.080795
1      F1 -0.064988 -0.028107  0.093095
2025-09-22 06:39:47 - INFO - Done filtering.

2025-09-22 06:39:47 - INFO - Selected features to perturb: ['F0', 'F1']

2025-09-22 06:39:47 - INFO - Intervening on features to create augmented feature set
2025-09-22 06:39:47 - INFO - Generating counterfactuals for augmented target set
2025-09-22 06:39:47 - INFO - Original X train shape: (160, 3)
2025-09-22 06:39:47 - INFO - Augmented X train shape: (200, 3)
2025-09-22 06:39:47 - INFO - Combined X train shape: (360, 3)
2025-09-22 06:39:47 - INFO - Training new xgboost model on augmented data

2025-09-22 06:39:47 - INFO - Selected features to perturb: ['F0', 'F1']

2025-09-22 06:39:47 - INFO - Intervening on features to create augmented feature set
2025-09-22 06:39:47 - INFO - Generating counterfactuals for augmented target set
2025-09-22 06:39:47 - INFO - Original X train shape: (160, 3)
2025-09-22 06:39:47 - INFO - Augmented X train shape: (200, 3)
2025-09-22 06:39:47 - INFO - Combined X train shape: (360, 3)
2025-09-22 06:39:47 - INFO - Training new xgboost model on augmented data

2025-09-22 06:39:47 - INFO - Selected features to perturb: ['F0', 'F1']

2025-09-22 06:39:47 - INFO - Intervening on features to create augmented feature set
2025-09-22 06:39:47 - INFO - Generating counterfactuals for augmented target set
2025-09-22 06:39:47 - INFO - Original X train shape: (160, 3)
2025-09-22 06:39:47 - INFO - Augmented X train shape: (120, 3)
2025-09-22 06:39:47 - INFO - Combined X train shape: (280, 3)
2025-09-22 06:39:47 - INFO - Training new xgboost model on augmented data

2025-09-22 06:39:48 - INFO - Selected features to perturb: ['F0', 'F1']

2025-09-22 06:39:48 - INFO - Intervening on features to create augmented feature set
2025-09-22 06:39:48 - INFO - Generating counterfactuals for augmented target set
2025-09-22 06:39:48 - INFO - Original X train shape: (160, 3)
2025-09-22 06:39:48 - INFO - Augmented X train shape: (240, 3)
2025-09-22 06:39:48 - INFO - Combined X train shape: (400, 3)
2025-09-22 06:39:48 - INFO - Training new xgboost model on augmented data

2025-09-22 06:39:48 - INFO - Selected features to perturb: ['F0']

2025-09-22 06:39:48 - INFO - Intervening on features to create augmented feature set
2025-09-22 06:39:48 - INFO - Generating counterfactuals for augmented target set
2025-09-22 06:39:48 - INFO - Original X train shape: (160, 3)
2025-09-22 06:39:48 - INFO - Augmented X train shape: (240, 3)
2025-09-22 06:39:48 - INFO - Combined X train shape: (400, 3)
2025-09-22 06:39:48 - INFO - Training new xgboost model on augmented data

2025-09-22 06:39:49 - INFO - Selected features to perturb: ['F0', 'F1']

2025-09-22 06:39:49 - INFO - Intervening on features to create augmented feature set
2025-09-22 06:39:49 - INFO - Generating counterfactuals for augmented target set
2025-09-22 06:39:49 - INFO - Original X train shape: (160, 3)
2025-09-22 06:39:49 - INFO - Augmented X train shape: (200, 3)
2025-09-22 06:39:49 - INFO - Combined X train shape: (360, 3)
2025-09-22 06:39:49 - INFO - Training new xgboost model on augmented data

2025-09-22 06:39:49 - INFO - Selected features to perturb: ['F0']

2025-09-22 06:39:49 - INFO - Intervening on features to create augmented feature set
2025-09-22 06:39:49 - INFO - Generating counterfactuals for augmented target set
2025-09-22 06:39:49 - INFO - Original X train shape: (160, 3)
2025-09-22 06:39:49 - INFO - Augmented X train shape: (200, 3)
2025-09-22 06:39:49 - INFO - Combined X train shape: (360, 3)
2025-09-22 06:39:49 - INFO - Training new xgboost model on augmented data

2025-09-22 06:39:50 - INFO - Selected features to perturb: ['F0', 'F1']

2025-09-22 06:39:50 - INFO - Intervening on features to create augmented feature set
2025-09-22 06:39:50 - INFO - Generating counterfactuals for augmented target set
2025-09-22 06:39:50 - INFO - Original X train shape: (160, 3)
2025-09-22 06:39:50 - INFO - Augmented X train shape: (160, 3)
2025-09-22 06:39:50 - INFO - Combined X train shape: (320, 3)
2025-09-22 06:39:50 - INFO - Training new xgboost model on augmented data

2025-09-22 06:39:50 - INFO - Selected features to perturb: ['F0', 'F1']

2025-09-22 06:39:50 - INFO - Intervening on features to create augmented feature set
2025-09-22 06:39:50 - INFO - Generating counterfactuals for augmented target set
2025-09-22 06:39:50 - INFO - Original X train shape: (160, 3)
2025-09-22 06:39:50 - INFO - Augmented X train shape: (160, 3)
2025-09-22 06:39:50 - INFO - Combined X train shape: (320, 3)
2025-09-22 06:39:50 - INFO - Training new xgboost model on augmented data

2025-09-22 06:39:51 - INFO - Selected features to perturb: ['F0', 'F1']

2025-09-22 06:39:51 - INFO - Intervening on features to create augmented feature set
2025-09-22 06:39:51 - INFO - Generating counterfactuals for augmented target set
2025-09-22 06:39:51 - INFO - Original X train shape: (160, 3)
2025-09-22 06:39:51 - INFO - Augmented X train shape: (200, 3)
2025-09-22 06:39:51 - INFO - Combined X train shape: (360, 3)
2025-09-22 06:39:51 - INFO - Training new xgboost model on augmented data

2025-09-22 06:39:51 - INFO - Selected features to perturb: ['F0', 'F1']

2025-09-22 06:39:51 - INFO - Intervening on features to create augmented feature set
2025-09-22 06:39:51 - INFO - Generating counterfactuals for augmented target set
2025-09-22 06:39:51 - INFO - Original X train shape: (160, 3)
2025-09-22 06:39:51 - INFO - Augmented X train shape: (80, 3)
2025-09-22 06:39:51 - INFO - Combined X train shape: (240, 3)
2025-09-22 06:39:51 - INFO - Training new xgboost model on augmented data

2025-09-22 06:39:52 - INFO - Selected features to perturb: ['F0', 'F1']

2025-09-22 06:39:52 - INFO - Intervening on features to create augmented feature set
2025-09-22 06:39:52 - INFO - Generating counterfactuals for augmented target set
2025-09-22 06:39:52 - INFO - Original X train shape: (160, 3)
2025-09-22 06:39:52 - INFO - Augmented X train shape: (200, 3)
2025-09-22 06:39:52 - INFO - Combined X train shape: (360, 3)
2025-09-22 06:39:52 - INFO - Training new xgboost model on augmented data

2025-09-22 06:39:52 - INFO - Selected features to perturb: ['F0', 'F1']

2025-09-22 06:39:52 - INFO - Intervening on features to create augmented feature set
2025-09-22 06:39:52 - INFO - Generating counterfactuals for augmented target set
2025-09-22 06:39:52 - INFO - Original X train shape: (160, 3)
2025-09-22 06:39:52 - INFO - Augmented X train shape: (240, 3)
2025-09-22 06:39:52 - INFO - Combined X train shape: (400, 3)
2025-09-22 06:39:52 - INFO - Training new xgboost model on augmented data

2025-09-22 06:39:53 - INFO - Selected features to perturb: ['F0', 'F1']

2025-09-22 06:39:53 - INFO - Intervening on features to create augmented feature set
2025-09-22 06:39:53 - INFO - Generating counterfactuals for augmented target set
2025-09-22 06:39:53 - INFO - Original X train shape: (160, 3)
2025-09-22 06:39:53 - INFO - Augmented X train shape: (120, 3)
2025-09-22 06:39:53 - INFO - Combined X train shape: (280, 3)
2025-09-22 06:39:53 - INFO - Training new xgboost model on augmented data

2025-09-22 06:39:53 - INFO - Selected features to perturb: ['F0', 'F1']

2025-09-22 06:39:53 - INFO - Intervening on features to create augmented feature set
2025-09-22 06:39:53 - INFO - Generating counterfactuals for augmented target set
2025-09-22 06:39:53 - INFO - Original X train shape: (160, 3)
2025-09-22 06:39:53 - INFO - Augmented X train shape: (160, 3)
2025-09-22 06:39:53 - INFO - Combined X train shape: (320, 3)
2025-09-22 06:39:53 - INFO - Training new xgboost model on augmented data

2025-09-22 06:39:54 - INFO - Selected features to perturb: ['F0', 'F1']

2025-09-22 06:39:54 - INFO - Intervening on features to create augmented feature set
2025-09-22 06:39:54 - INFO - Generating counterfactuals for augmented target set
2025-09-22 06:39:54 - INFO - Original X train shape: (160, 3)
2025-09-22 06:39:54 - INFO - Augmented X train shape: (120, 3)
2025-09-22 06:39:54 - INFO - Combined X train shape: (280, 3)
2025-09-22 06:39:54 - INFO - Training new xgboost model on augmented data

2025-09-22 06:39:54 - INFO - Selected features to perturb: ['F0', 'F1']

2025-09-22 06:39:54 - INFO - Intervening on features to create augmented feature set
2025-09-22 06:39:54 - INFO - Generating counterfactuals for augmented target set
2025-09-22 06:39:54 - INFO - Original X train shape: (160, 3)
2025-09-22 06:39:54 - INFO - Augmented X train shape: (160, 3)
2025-09-22 06:39:54 - INFO - Combined X train shape: (320, 3)
2025-09-22 06:39:54 - INFO - Training new xgboost model on augmented data

2025-09-22 06:39:54 - INFO - Selected features to perturb: ['F0', 'F1']

2025-09-22 06:39:54 - INFO - Intervening on features to create augmented feature set
2025-09-22 06:39:54 - INFO - Generating counterfactuals for augmented target set
2025-09-22 06:39:54 - INFO - Original X train shape: (160, 3)
2025-09-22 06:39:54 - INFO - Augmented X train shape: (80, 3)
2025-09-22 06:39:54 - INFO - Combined X train shape: (240, 3)
2025-09-22 06:39:54 - INFO - Training new xgboost model on augmented data

2025-09-22 06:39:55 - INFO - Selected features to perturb: ['F0', 'F1']

2025-09-22 06:39:55 - INFO - Intervening on features to create augmented feature set
2025-09-22 06:39:55 - INFO - Generating counterfactuals for augmented target set
2025-09-22 06:39:55 - INFO - Original X train shape: (160, 3)
2025-09-22 06:39:55 - INFO - Augmented X train shape: (160, 3)
2025-09-22 06:39:55 - INFO - Combined X train shape: (320, 3)
2025-09-22 06:39:55 - INFO - Training new xgboost model on augmented data

2025-09-22 06:39:55 - INFO - Selected features to perturb: ['F0', 'F1']

2025-09-22 06:39:55 - INFO - Intervening on features to create augmented feature set
2025-09-22 06:39:55 - INFO - Generating counterfactuals for augmented target set
2025-09-22 06:39:55 - INFO - Original X train shape: (160, 3)
2025-09-22 06:39:55 - INFO - Augmented X train shape: (120, 3)
2025-09-22 06:39:55 - INFO - Combined X train shape: (280, 3)
2025-09-22 06:39:55 - INFO - Training new xgboost model on augmented data

2025-09-22 06:39:56 - INFO - Selected features to perturb: ['F0', 'F1']

2025-09-22 06:39:56 - INFO - Intervening on features to create augmented feature set
2025-09-22 06:39:56 - INFO - Generating counterfactuals for augmented target set
2025-09-22 06:39:56 - INFO - Original X train shape: (160, 3)
2025-09-22 06:39:56 - INFO - Augmented X train shape: (160, 3)
2025-09-22 06:39:56 - INFO - Combined X train shape: (320, 3)
2025-09-22 06:39:56 - INFO - Training new xgboost model on augmented data

2025-09-22 06:39:56 - INFO - Selected features to perturb: ['F0', 'F1']

2025-09-22 06:39:56 - INFO - Intervening on features to create augmented feature set
2025-09-22 06:39:56 - INFO - Generating counterfactuals for augmented target set
2025-09-22 06:39:56 - INFO - Original X train shape: (160, 3)
2025-09-22 06:39:56 - INFO - Augmented X train shape: (200, 3)
2025-09-22 06:39:56 - INFO - Combined X train shape: (360, 3)
2025-09-22 06:39:56 - INFO - Training new xgboost model on augmented data

2025-09-22 06:39:57 - INFO - Selected features to perturb: ['F0', 'F1']

2025-09-22 06:39:57 - INFO - Intervening on features to create augmented feature set
2025-09-22 06:39:57 - INFO - Generating counterfactuals for augmented target set
2025-09-22 06:39:57 - INFO - Original X train shape: (160, 3)
2025-09-22 06:39:57 - INFO - Augmented X train shape: (200, 3)
2025-09-22 06:39:57 - INFO - Combined X train shape: (360, 3)
2025-09-22 06:39:57 - INFO - Training new xgboost model on augmented data

2025-09-22 06:39:57 - INFO - Selected features to perturb: ['F0', 'F1']

2025-09-22 06:39:57 - INFO - Intervening on features to create augmented feature set
2025-09-22 06:39:57 - INFO - Generating counterfactuals for augmented target set
2025-09-22 06:39:57 - INFO - Original X train shape: (160, 3)
2025-09-22 06:39:57 - INFO - Augmented X train shape: (240, 3)
2025-09-22 06:39:57 - INFO - Combined X train shape: (400, 3)
2025-09-22 06:39:57 - INFO - Training new xgboost model on augmented data

2025-09-22 06:39:58 - INFO - Selected features to perturb: ['F0', 'F1']

2025-09-22 06:39:58 - INFO - Intervening on features to create augmented feature set
2025-09-22 06:39:58 - INFO - Generating counterfactuals for augmented target set
2025-09-22 06:39:58 - INFO - Original X train shape: (160, 3)
2025-09-22 06:39:58 - INFO - Augmented X train shape: (200, 3)
2025-09-22 06:39:58 - INFO - Combined X train shape: (360, 3)
2025-09-22 06:39:58 - INFO - Training new xgboost model on augmented data

2025-09-22 06:39:58 - INFO - Selected features to perturb: ['F0', 'F1']

2025-09-22 06:39:58 - INFO - Intervening on features to create augmented feature set
2025-09-22 06:39:58 - INFO - Generating counterfactuals for augmented target set
2025-09-22 06:39:58 - INFO - Original X train shape: (160, 3)
2025-09-22 06:39:58 - INFO - Augmented X train shape: (160, 3)
2025-09-22 06:39:58 - INFO - Combined X train shape: (320, 3)
2025-09-22 06:39:58 - INFO - Training new xgboost model on augmented data

2025-09-22 06:39:59 - INFO - Selected features to perturb: ['F0', 'F1']

2025-09-22 06:39:59 - INFO - Intervening on features to create augmented feature set
2025-09-22 06:39:59 - INFO - Generating counterfactuals for augmented target set
2025-09-22 06:39:59 - INFO - Original X train shape: (160, 3)
2025-09-22 06:39:59 - INFO - Augmented X train shape: (200, 3)
2025-09-22 06:39:59 - INFO - Combined X train shape: (360, 3)
2025-09-22 06:39:59 - INFO - Training new xgboost model on augmented data

2025-09-22 06:39:59 - INFO - Selected features to perturb: ['F0', 'F1']

2025-09-22 06:39:59 - INFO - Intervening on features to create augmented feature set
2025-09-22 06:39:59 - INFO - Generating counterfactuals for augmented target set
2025-09-22 06:39:59 - INFO - Original X train shape: (160, 3)
2025-09-22 06:39:59 - INFO - Augmented X train shape: (160, 3)
2025-09-22 06:39:59 - INFO - Combined X train shape: (320, 3)
2025-09-22 06:39:59 - INFO - Training new xgboost model on augmented data

2025-09-22 06:40:00 - INFO - Selected features to perturb: ['F0', 'F1']

2025-09-22 06:40:00 - INFO - Intervening on features to create augmented feature set
2025-09-22 06:40:00 - INFO - Generating counterfactuals for augmented target set
2025-09-22 06:40:00 - INFO - Original X train shape: (160, 3)
2025-09-22 06:40:00 - INFO - Augmented X train shape: (240, 3)
2025-09-22 06:40:00 - INFO - Combined X train shape: (400, 3)
2025-09-22 06:40:00 - INFO - Training new xgboost model on augmented data

2025-09-22 06:40:00 - INFO - Selected features to perturb: ['F0', 'F1']

2025-09-22 06:40:00 - INFO - Intervening on features to create augmented feature set
2025-09-22 06:40:00 - INFO - Generating counterfactuals for augmented target set
2025-09-22 06:40:00 - INFO - Original X train shape: (160, 3)
2025-09-22 06:40:00 - INFO - Augmented X train shape: (200, 3)
2025-09-22 06:40:00 - INFO - Combined X train shape: (360, 3)
2025-09-22 06:40:00 - INFO - Training new xgboost model on augmented data

2025-09-22 06:40:01 - INFO - Best augmentation parameters:
{'max_n_features_to_perturb': 5, 'aug_data_size_factor': 1.0, 'aug_data_weight': 0.75, 'max_perturb_percent': 0.7000000000000001, 'min_perturb_percent': -0.7000000000000001}

2025-09-22 06:40:01 - INFO - Selected features to perturb: ['F0', 'F1']

2025-09-22 06:40:01 - INFO - Intervening on features to create augmented feature set
2025-09-22 06:40:01 - INFO - Generating counterfactuals for augmented target set
2025-09-22 06:40:01 - INFO - Original X train shape: (200, 3)
2025-09-22 06:40:01 - INFO - Augmented X train shape: (200, 3)
2025-09-22 06:40:01 - INFO - Combined X train shape: (400, 3)
2025-09-22 06:40:06 - INFO - Done cross-validation evaluation
2025-09-22 06:40:06 - INFO - The p-value from the Wilcoxon signed-rank test is: 0.0009765625

2025-09-22 06:40:06 - INFO - Evaluation metrics for the experiment:
2025-09-22 06:40:06 - INFO - Original MSE: 0.009675747617367596, Augmented MSE: 0.008809704277438848


2025-09-22 06:40:06 - INFO - ####################################################################################################
2025-09-22 06:40:06 - INFO - Interim results for seeds saved to ../experiments_synthetic/anm/xgboost_20250922-063929/interim_results/anm_data_sample_250_interim_results.csv. Aggregating results for anm_data_sample_250...
2025-09-22 06:40:06 - INFO - ****************************************************************************************************
2025-09-22 06:40:06 - INFO - 






****************************************************************************************************
2025-09-22 06:40:06 - INFO - Running experiment on dataset: anm_data_sample_500
2025-09-22 06:40:06 - INFO - 



####################################################################################################
2025-09-22 06:40:06 - INFO - Running experiment on dataset: anm_data_sample_500 with seed: 0
2025-09-22 06:40:06 - INFO - Training xgboost baseline model
2025-09-22 06:40:07 - INFO - Done training baseline model
2025-09-22 06:40:07 - INFO - Done calculating residuals

2025-09-22 06:40:07 - INFO - Filtering for features to perturb
2025-09-22 06:40:07 - INFO - Creating causal graph for anm_data_sample_500
2025-09-22 06:40:07 - INFO - Features that are not connected to Z (conditional independence): ['F0', 'F2', 'F1']
2025-09-22 06:40:07 - INFO - [Z vs F0]  r: -0.0264, p: 0.5561
2025-09-22 06:40:07 - INFO - [Z vs F1]  r: -0.0571, p: 0.2022
2025-09-22 06:40:07 - INFO - [Z vs F2]  r: -0.0179, p: 0.6896
2025-09-22 06:40:07 - INFO - Candidates (uncorrelated + not connected to Z): ['F0', 'F2', 'F1']
2025-09-22 06:40:07 - INFO - Ranked candidate features:
  feature     score  r_with_T  r_with_Z
0      F0  0.045543 -0.071928 -0.026386
1      F2  0.008314 -0.026221 -0.017906
2      F1 -0.047850  0.009283 -0.057133
2025-09-22 06:40:07 - INFO - Done filtering.

2025-09-22 06:40:07 - INFO - Selected features to perturb: ['F0', 'F2', 'F1']

2025-09-22 06:40:07 - INFO - Intervening on features to create augmented feature set
2025-09-22 06:40:07 - INFO - Generating counterfactuals for augmented target set
2025-09-22 06:40:07 - INFO - Original X train shape: (320, 3)
2025-09-22 06:40:07 - INFO - Augmented X train shape: (400, 3)
2025-09-22 06:40:07 - INFO - Combined X train shape: (720, 3)
2025-09-22 06:40:07 - INFO - Training new xgboost model on augmented data

2025-09-22 06:40:07 - INFO - Selected features to perturb: ['F0', 'F2', 'F1']

2025-09-22 06:40:07 - INFO - Intervening on features to create augmented feature set
2025-09-22 06:40:07 - INFO - Generating counterfactuals for augmented target set
2025-09-22 06:40:07 - INFO - Original X train shape: (320, 3)
2025-09-22 06:40:07 - INFO - Augmented X train shape: (400, 3)
2025-09-22 06:40:07 - INFO - Combined X train shape: (720, 3)
2025-09-22 06:40:07 - INFO - Training new xgboost model on augmented data

2025-09-22 06:40:08 - INFO - Selected features to perturb: ['F0', 'F2', 'F1']

2025-09-22 06:40:08 - INFO - Intervening on features to create augmented feature set
2025-09-22 06:40:08 - INFO - Generating counterfactuals for augmented target set
2025-09-22 06:40:08 - INFO - Original X train shape: (320, 3)
2025-09-22 06:40:08 - INFO - Augmented X train shape: (240, 3)
2025-09-22 06:40:08 - INFO - Combined X train shape: (560, 3)
2025-09-22 06:40:08 - INFO - Training new xgboost model on augmented data

2025-09-22 06:40:08 - INFO - Selected features to perturb: ['F0', 'F2', 'F1']

2025-09-22 06:40:08 - INFO - Intervening on features to create augmented feature set
2025-09-22 06:40:08 - INFO - Generating counterfactuals for augmented target set
2025-09-22 06:40:08 - INFO - Original X train shape: (320, 3)
2025-09-22 06:40:08 - INFO - Augmented X train shape: (480, 3)
2025-09-22 06:40:08 - INFO - Combined X train shape: (800, 3)
2025-09-22 06:40:08 - INFO - Training new xgboost model on augmented data

2025-09-22 06:40:09 - INFO - Selected features to perturb: ['F0']

2025-09-22 06:40:09 - INFO - Intervening on features to create augmented feature set
2025-09-22 06:40:09 - INFO - Generating counterfactuals for augmented target set
2025-09-22 06:40:09 - INFO - Original X train shape: (320, 3)
2025-09-22 06:40:09 - INFO - Augmented X train shape: (480, 3)
2025-09-22 06:40:09 - INFO - Combined X train shape: (800, 3)
2025-09-22 06:40:09 - INFO - Training new xgboost model on augmented data

2025-09-22 06:40:09 - INFO - Selected features to perturb: ['F0', 'F2', 'F1']

2025-09-22 06:40:09 - INFO - Intervening on features to create augmented feature set
2025-09-22 06:40:09 - INFO - Generating counterfactuals for augmented target set
2025-09-22 06:40:09 - INFO - Original X train shape: (320, 3)
2025-09-22 06:40:09 - INFO - Augmented X train shape: (400, 3)
2025-09-22 06:40:09 - INFO - Combined X train shape: (720, 3)
2025-09-22 06:40:09 - INFO - Training new xgboost model on augmented data

2025-09-22 06:40:10 - INFO - Selected features to perturb: ['F0']

2025-09-22 06:40:10 - INFO - Intervening on features to create augmented feature set
2025-09-22 06:40:10 - INFO - Generating counterfactuals for augmented target set
2025-09-22 06:40:10 - INFO - Original X train shape: (320, 3)
2025-09-22 06:40:10 - INFO - Augmented X train shape: (400, 3)
2025-09-22 06:40:10 - INFO - Combined X train shape: (720, 3)
2025-09-22 06:40:10 - INFO - Training new xgboost model on augmented data

2025-09-22 06:40:10 - INFO - Selected features to perturb: ['F0', 'F2', 'F1']

2025-09-22 06:40:10 - INFO - Intervening on features to create augmented feature set
2025-09-22 06:40:10 - INFO - Generating counterfactuals for augmented target set
2025-09-22 06:40:10 - INFO - Original X train shape: (320, 3)
2025-09-22 06:40:10 - INFO - Augmented X train shape: (320, 3)
2025-09-22 06:40:10 - INFO - Combined X train shape: (640, 3)
2025-09-22 06:40:10 - INFO - Training new xgboost model on augmented data

2025-09-22 06:40:11 - INFO - Selected features to perturb: ['F0', 'F2', 'F1']

2025-09-22 06:40:11 - INFO - Intervening on features to create augmented feature set
2025-09-22 06:40:11 - INFO - Generating counterfactuals for augmented target set
2025-09-22 06:40:11 - INFO - Original X train shape: (320, 3)
2025-09-22 06:40:11 - INFO - Augmented X train shape: (320, 3)
2025-09-22 06:40:11 - INFO - Combined X train shape: (640, 3)
2025-09-22 06:40:11 - INFO - Training new xgboost model on augmented data

2025-09-22 06:40:11 - INFO - Selected features to perturb: ['F0', 'F2', 'F1']

2025-09-22 06:40:11 - INFO - Intervening on features to create augmented feature set
2025-09-22 06:40:11 - INFO - Generating counterfactuals for augmented target set
2025-09-22 06:40:11 - INFO - Original X train shape: (320, 3)
2025-09-22 06:40:11 - INFO - Augmented X train shape: (400, 3)
2025-09-22 06:40:11 - INFO - Combined X train shape: (720, 3)
2025-09-22 06:40:11 - INFO - Training new xgboost model on augmented data

2025-09-22 06:40:12 - INFO - Selected features to perturb: ['F0', 'F2', 'F1']

2025-09-22 06:40:12 - INFO - Intervening on features to create augmented feature set
2025-09-22 06:40:12 - INFO - Generating counterfactuals for augmented target set
2025-09-22 06:40:12 - INFO - Original X train shape: (320, 3)
2025-09-22 06:40:12 - INFO - Augmented X train shape: (160, 3)
2025-09-22 06:40:12 - INFO - Combined X train shape: (480, 3)
2025-09-22 06:40:12 - INFO - Training new xgboost model on augmented data

2025-09-22 06:40:13 - INFO - Selected features to perturb: ['F0', 'F2', 'F1']

2025-09-22 06:40:13 - INFO - Intervening on features to create augmented feature set
2025-09-22 06:40:13 - INFO - Generating counterfactuals for augmented target set
2025-09-22 06:40:13 - INFO - Original X train shape: (320, 3)
2025-09-22 06:40:13 - INFO - Augmented X train shape: (480, 3)
2025-09-22 06:40:13 - INFO - Combined X train shape: (800, 3)
2025-09-22 06:40:13 - INFO - Training new xgboost model on augmented data

2025-09-22 06:40:13 - INFO - Selected features to perturb: ['F0', 'F2']

2025-09-22 06:40:13 - INFO - Intervening on features to create augmented feature set
2025-09-22 06:40:13 - INFO - Generating counterfactuals for augmented target set
2025-09-22 06:40:13 - INFO - Original X train shape: (320, 3)
2025-09-22 06:40:13 - INFO - Augmented X train shape: (480, 3)
2025-09-22 06:40:13 - INFO - Combined X train shape: (800, 3)
2025-09-22 06:40:13 - INFO - Training new xgboost model on augmented data

2025-09-22 06:40:14 - INFO - Selected features to perturb: ['F0', 'F2', 'F1']

2025-09-22 06:40:14 - INFO - Intervening on features to create augmented feature set
2025-09-22 06:40:14 - INFO - Generating counterfactuals for augmented target set
2025-09-22 06:40:14 - INFO - Original X train shape: (320, 3)
2025-09-22 06:40:14 - INFO - Augmented X train shape: (480, 3)
2025-09-22 06:40:14 - INFO - Combined X train shape: (800, 3)
2025-09-22 06:40:14 - INFO - Training new xgboost model on augmented data

2025-09-22 06:40:14 - INFO - Selected features to perturb: ['F0', 'F2']

2025-09-22 06:40:14 - INFO - Intervening on features to create augmented feature set
2025-09-22 06:40:14 - INFO - Generating counterfactuals for augmented target set
2025-09-22 06:40:14 - INFO - Original X train shape: (320, 3)
2025-09-22 06:40:14 - INFO - Augmented X train shape: (400, 3)
2025-09-22 06:40:14 - INFO - Combined X train shape: (720, 3)
2025-09-22 06:40:14 - INFO - Training new xgboost model on augmented data

2025-09-22 06:40:15 - INFO - Selected features to perturb: ['F0', 'F2', 'F1']

2025-09-22 06:40:15 - INFO - Intervening on features to create augmented feature set
2025-09-22 06:40:15 - INFO - Generating counterfactuals for augmented target set
2025-09-22 06:40:15 - INFO - Original X train shape: (320, 3)
2025-09-22 06:40:15 - INFO - Augmented X train shape: (240, 3)
2025-09-22 06:40:15 - INFO - Combined X train shape: (560, 3)
2025-09-22 06:40:15 - INFO - Training new xgboost model on augmented data

2025-09-22 06:40:15 - INFO - Selected features to perturb: ['F0', 'F2']

2025-09-22 06:40:15 - INFO - Intervening on features to create augmented feature set
2025-09-22 06:40:15 - INFO - Generating counterfactuals for augmented target set
2025-09-22 06:40:15 - INFO - Original X train shape: (320, 3)
2025-09-22 06:40:15 - INFO - Augmented X train shape: (480, 3)
2025-09-22 06:40:15 - INFO - Combined X train shape: (800, 3)
2025-09-22 06:40:15 - INFO - Training new xgboost model on augmented data

2025-09-22 06:40:16 - INFO - Selected features to perturb: ['F0', 'F2', 'F1']

2025-09-22 06:40:16 - INFO - Intervening on features to create augmented feature set
2025-09-22 06:40:16 - INFO - Generating counterfactuals for augmented target set
2025-09-22 06:40:16 - INFO - Original X train shape: (320, 3)
2025-09-22 06:40:16 - INFO - Augmented X train shape: (320, 3)
2025-09-22 06:40:16 - INFO - Combined X train shape: (640, 3)
2025-09-22 06:40:16 - INFO - Training new xgboost model on augmented data

2025-09-22 06:40:17 - INFO - Selected features to perturb: ['F0', 'F2', 'F1']

2025-09-22 06:40:17 - INFO - Intervening on features to create augmented feature set
2025-09-22 06:40:17 - INFO - Generating counterfactuals for augmented target set
2025-09-22 06:40:17 - INFO - Original X train shape: (320, 3)
2025-09-22 06:40:17 - INFO - Augmented X train shape: (400, 3)
2025-09-22 06:40:17 - INFO - Combined X train shape: (720, 3)
2025-09-22 06:40:17 - INFO - Training new xgboost model on augmented data

2025-09-22 06:40:17 - INFO - Selected features to perturb: ['F0', 'F2', 'F1']

2025-09-22 06:40:17 - INFO - Intervening on features to create augmented feature set
2025-09-22 06:40:17 - INFO - Generating counterfactuals for augmented target set
2025-09-22 06:40:17 - INFO - Original X train shape: (320, 3)
2025-09-22 06:40:17 - INFO - Augmented X train shape: (240, 3)
2025-09-22 06:40:17 - INFO - Combined X train shape: (560, 3)
2025-09-22 06:40:17 - INFO - Training new xgboost model on augmented data

2025-09-22 06:40:18 - INFO - Selected features to perturb: ['F0', 'F2']

2025-09-22 06:40:18 - INFO - Intervening on features to create augmented feature set
2025-09-22 06:40:18 - INFO - Generating counterfactuals for augmented target set
2025-09-22 06:40:18 - INFO - Original X train shape: (320, 3)
2025-09-22 06:40:18 - INFO - Augmented X train shape: (480, 3)
2025-09-22 06:40:18 - INFO - Combined X train shape: (800, 3)
2025-09-22 06:40:18 - INFO - Training new xgboost model on augmented data

2025-09-22 06:40:18 - INFO - Selected features to perturb: ['F0', 'F2', 'F1']

2025-09-22 06:40:18 - INFO - Intervening on features to create augmented feature set
2025-09-22 06:40:18 - INFO - Generating counterfactuals for augmented target set
2025-09-22 06:40:18 - INFO - Original X train shape: (320, 3)
2025-09-22 06:40:18 - INFO - Augmented X train shape: (480, 3)
2025-09-22 06:40:18 - INFO - Combined X train shape: (800, 3)
2025-09-22 06:40:18 - INFO - Training new xgboost model on augmented data

2025-09-22 06:40:19 - INFO - Selected features to perturb: ['F0', 'F2', 'F1']

2025-09-22 06:40:19 - INFO - Intervening on features to create augmented feature set
2025-09-22 06:40:19 - INFO - Generating counterfactuals for augmented target set
2025-09-22 06:40:19 - INFO - Original X train shape: (320, 3)
2025-09-22 06:40:19 - INFO - Augmented X train shape: (480, 3)
2025-09-22 06:40:19 - INFO - Combined X train shape: (800, 3)
2025-09-22 06:40:19 - INFO - Training new xgboost model on augmented data

2025-09-22 06:40:19 - INFO - Selected features to perturb: ['F0', 'F2', 'F1']

2025-09-22 06:40:19 - INFO - Intervening on features to create augmented feature set
2025-09-22 06:40:19 - INFO - Generating counterfactuals for augmented target set
2025-09-22 06:40:19 - INFO - Original X train shape: (320, 3)
2025-09-22 06:40:19 - INFO - Augmented X train shape: (400, 3)
2025-09-22 06:40:19 - INFO - Combined X train shape: (720, 3)
2025-09-22 06:40:19 - INFO - Training new xgboost model on augmented data

2025-09-22 06:40:20 - INFO - Selected features to perturb: ['F0', 'F2', 'F1']

2025-09-22 06:40:20 - INFO - Intervening on features to create augmented feature set
2025-09-22 06:40:20 - INFO - Generating counterfactuals for augmented target set
2025-09-22 06:40:20 - INFO - Original X train shape: (320, 3)
2025-09-22 06:40:20 - INFO - Augmented X train shape: (480, 3)
2025-09-22 06:40:20 - INFO - Combined X train shape: (800, 3)
2025-09-22 06:40:20 - INFO - Training new xgboost model on augmented data

2025-09-22 06:40:20 - INFO - Selected features to perturb: ['F0', 'F2', 'F1']

2025-09-22 06:40:20 - INFO - Intervening on features to create augmented feature set
2025-09-22 06:40:20 - INFO - Generating counterfactuals for augmented target set
2025-09-22 06:40:20 - INFO - Original X train shape: (320, 3)
2025-09-22 06:40:20 - INFO - Augmented X train shape: (400, 3)
2025-09-22 06:40:20 - INFO - Combined X train shape: (720, 3)
2025-09-22 06:40:20 - INFO - Training new xgboost model on augmented data

2025-09-22 06:40:21 - INFO - Selected features to perturb: ['F0', 'F2', 'F1']

2025-09-22 06:40:21 - INFO - Intervening on features to create augmented feature set
2025-09-22 06:40:21 - INFO - Generating counterfactuals for augmented target set
2025-09-22 06:40:21 - INFO - Original X train shape: (320, 3)
2025-09-22 06:40:21 - INFO - Augmented X train shape: (480, 3)
2025-09-22 06:40:21 - INFO - Combined X train shape: (800, 3)
2025-09-22 06:40:21 - INFO - Training new xgboost model on augmented data

2025-09-22 06:40:22 - INFO - Selected features to perturb: ['F0', 'F2', 'F1']

2025-09-22 06:40:22 - INFO - Intervening on features to create augmented feature set
2025-09-22 06:40:22 - INFO - Generating counterfactuals for augmented target set
2025-09-22 06:40:22 - INFO - Original X train shape: (320, 3)
2025-09-22 06:40:22 - INFO - Augmented X train shape: (320, 3)
2025-09-22 06:40:22 - INFO - Combined X train shape: (640, 3)
2025-09-22 06:40:22 - INFO - Training new xgboost model on augmented data

2025-09-22 06:40:22 - INFO - Selected features to perturb: ['F0', 'F2', 'F1']

2025-09-22 06:40:22 - INFO - Intervening on features to create augmented feature set
2025-09-22 06:40:22 - INFO - Generating counterfactuals for augmented target set
2025-09-22 06:40:22 - INFO - Original X train shape: (320, 3)
2025-09-22 06:40:22 - INFO - Augmented X train shape: (480, 3)
2025-09-22 06:40:22 - INFO - Combined X train shape: (800, 3)
2025-09-22 06:40:22 - INFO - Training new xgboost model on augmented data

2025-09-22 06:40:23 - INFO - Selected features to perturb: ['F0', 'F2', 'F1']

2025-09-22 06:40:23 - INFO - Intervening on features to create augmented feature set
2025-09-22 06:40:23 - INFO - Generating counterfactuals for augmented target set
2025-09-22 06:40:23 - INFO - Original X train shape: (320, 3)
2025-09-22 06:40:23 - INFO - Augmented X train shape: (400, 3)
2025-09-22 06:40:23 - INFO - Combined X train shape: (720, 3)
2025-09-22 06:40:23 - INFO - Training new xgboost model on augmented data

2025-09-22 06:40:23 - INFO - Best augmentation parameters:
{'max_n_features_to_perturb': 3, 'aug_data_size_factor': 1.25, 'aug_data_weight': 0.75, 'max_perturb_percent': 0.6, 'min_perturb_percent': -0.6}

2025-09-22 06:40:23 - INFO - Selected features to perturb: ['F0', 'F2', 'F1']

2025-09-22 06:40:23 - INFO - Intervening on features to create augmented feature set
2025-09-22 06:40:23 - INFO - Generating counterfactuals for augmented target set
2025-09-22 06:40:23 - INFO - Original X train shape: (400, 3)
2025-09-22 06:40:23 - INFO - Augmented X train shape: (500, 3)
2025-09-22 06:40:23 - INFO - Combined X train shape: (900, 3)
2025-09-22 06:40:28 - INFO - Done cross-validation evaluation
2025-09-22 06:40:28 - INFO - The p-value from the Wilcoxon signed-rank test is: 0.0009765625

2025-09-22 06:40:28 - INFO - Evaluation metrics for the experiment:
2025-09-22 06:40:28 - INFO - Original MSE: 0.00479629165847445, Augmented MSE: 0.0046024717454611055


2025-09-22 06:40:28 - INFO - ####################################################################################################
2025-09-22 06:40:28 - INFO - Interim results for seeds saved to ../experiments_synthetic/anm/xgboost_20250922-063929/interim_results/anm_data_sample_500_interim_results.csv. Aggregating results for anm_data_sample_500...
2025-09-22 06:40:28 - INFO - ****************************************************************************************************
2025-09-22 06:40:28 - INFO - 






****************************************************************************************************
2025-09-22 06:40:28 - INFO - Running experiment on dataset: anm_data_sample_1000
2025-09-22 06:40:28 - INFO - 



####################################################################################################
2025-09-22 06:40:28 - INFO - Running experiment on dataset: anm_data_sample_1000 with seed: 0
2025-09-22 06:40:28 - INFO - Training xgboost baseline model
2025-09-22 06:40:29 - INFO - Done training baseline model
2025-09-22 06:40:29 - INFO - Done calculating residuals

2025-09-22 06:40:29 - INFO - Filtering for features to perturb
2025-09-22 06:40:29 - INFO - Creating causal graph for anm_data_sample_1000
2025-09-22 06:40:29 - INFO - Features that are not connected to Z (conditional independence): ['F2', 'F1']
2025-09-22 06:40:29 - INFO - [Z vs F0]  r: 0.0812, p: 0.0102
2025-09-22 06:40:29 - INFO - [Z vs F1]  r: -0.0299, p: 0.3445
2025-09-22 06:40:29 - INFO - [Z vs F2]  r: 0.0336, p: 0.2890
2025-09-22 06:40:29 - INFO - Candidates (uncorrelated + not connected to Z): ['F2', 'F1']
2025-09-22 06:40:29 - INFO - Ranked candidate features:
  feature     score  r_with_T  r_with_Z
1      F1 -0.020292  0.009629 -0.029921
0      F2 -0.027141  0.006424  0.033565
2025-09-22 06:40:29 - INFO - Done filtering.

2025-09-22 06:40:29 - INFO - Selected features to perturb: ['F1', 'F2']

2025-09-22 06:40:29 - INFO - Intervening on features to create augmented feature set
2025-09-22 06:40:29 - INFO - Generating counterfactuals for augmented target set
2025-09-22 06:40:29 - INFO - Original X train shape: (640, 3)
2025-09-22 06:40:29 - INFO - Augmented X train shape: (800, 3)
2025-09-22 06:40:29 - INFO - Combined X train shape: (1440, 3)
2025-09-22 06:40:29 - INFO - Training new xgboost model on augmented data

2025-09-22 06:40:30 - INFO - Selected features to perturb: ['F1', 'F2']

2025-09-22 06:40:30 - INFO - Intervening on features to create augmented feature set
2025-09-22 06:40:30 - INFO - Generating counterfactuals for augmented target set
2025-09-22 06:40:30 - INFO - Original X train shape: (640, 3)
2025-09-22 06:40:30 - INFO - Augmented X train shape: (800, 3)
2025-09-22 06:40:30 - INFO - Combined X train shape: (1440, 3)
2025-09-22 06:40:30 - INFO - Training new xgboost model on augmented data

2025-09-22 06:40:30 - INFO - Selected features to perturb: ['F1', 'F2']

2025-09-22 06:40:30 - INFO - Intervening on features to create augmented feature set
2025-09-22 06:40:30 - INFO - Generating counterfactuals for augmented target set
2025-09-22 06:40:30 - INFO - Original X train shape: (640, 3)
2025-09-22 06:40:30 - INFO - Augmented X train shape: (480, 3)
2025-09-22 06:40:30 - INFO - Combined X train shape: (1120, 3)
2025-09-22 06:40:30 - INFO - Training new xgboost model on augmented data

2025-09-22 06:40:31 - INFO - Selected features to perturb: ['F1', 'F2']

2025-09-22 06:40:31 - INFO - Intervening on features to create augmented feature set
2025-09-22 06:40:31 - INFO - Generating counterfactuals for augmented target set
2025-09-22 06:40:31 - INFO - Original X train shape: (640, 3)
2025-09-22 06:40:31 - INFO - Augmented X train shape: (960, 3)
2025-09-22 06:40:31 - INFO - Combined X train shape: (1600, 3)
2025-09-22 06:40:31 - INFO - Training new xgboost model on augmented data

2025-09-22 06:40:31 - INFO - Selected features to perturb: ['F1']

2025-09-22 06:40:31 - INFO - Intervening on features to create augmented feature set
2025-09-22 06:40:31 - INFO - Generating counterfactuals for augmented target set
2025-09-22 06:40:31 - INFO - Original X train shape: (640, 3)
2025-09-22 06:40:31 - INFO - Augmented X train shape: (960, 3)
2025-09-22 06:40:31 - INFO - Combined X train shape: (1600, 3)
2025-09-22 06:40:31 - INFO - Training new xgboost model on augmented data

2025-09-22 06:40:32 - INFO - Selected features to perturb: ['F1', 'F2']

2025-09-22 06:40:32 - INFO - Intervening on features to create augmented feature set
2025-09-22 06:40:32 - INFO - Generating counterfactuals for augmented target set
2025-09-22 06:40:32 - INFO - Original X train shape: (640, 3)
2025-09-22 06:40:32 - INFO - Augmented X train shape: (800, 3)
2025-09-22 06:40:32 - INFO - Combined X train shape: (1440, 3)
2025-09-22 06:40:32 - INFO - Training new xgboost model on augmented data

2025-09-22 06:40:32 - INFO - Selected features to perturb: ['F1']

2025-09-22 06:40:32 - INFO - Intervening on features to create augmented feature set
2025-09-22 06:40:32 - INFO - Generating counterfactuals for augmented target set
2025-09-22 06:40:32 - INFO - Original X train shape: (640, 3)
2025-09-22 06:40:32 - INFO - Augmented X train shape: (800, 3)
2025-09-22 06:40:32 - INFO - Combined X train shape: (1440, 3)
2025-09-22 06:40:32 - INFO - Training new xgboost model on augmented data

2025-09-22 06:40:33 - INFO - Selected features to perturb: ['F1', 'F2']

2025-09-22 06:40:33 - INFO - Intervening on features to create augmented feature set
2025-09-22 06:40:33 - INFO - Generating counterfactuals for augmented target set
2025-09-22 06:40:33 - INFO - Original X train shape: (640, 3)
2025-09-22 06:40:33 - INFO - Augmented X train shape: (640, 3)
2025-09-22 06:40:33 - INFO - Combined X train shape: (1280, 3)
2025-09-22 06:40:33 - INFO - Training new xgboost model on augmented data

2025-09-22 06:40:34 - INFO - Selected features to perturb: ['F1', 'F2']

2025-09-22 06:40:34 - INFO - Intervening on features to create augmented feature set
2025-09-22 06:40:34 - INFO - Generating counterfactuals for augmented target set
2025-09-22 06:40:34 - INFO - Original X train shape: (640, 3)
2025-09-22 06:40:34 - INFO - Augmented X train shape: (640, 3)
2025-09-22 06:40:34 - INFO - Combined X train shape: (1280, 3)
2025-09-22 06:40:34 - INFO - Training new xgboost model on augmented data

2025-09-22 06:40:34 - INFO - Selected features to perturb: ['F1', 'F2']

2025-09-22 06:40:34 - INFO - Intervening on features to create augmented feature set
2025-09-22 06:40:34 - INFO - Generating counterfactuals for augmented target set
2025-09-22 06:40:34 - INFO - Original X train shape: (640, 3)
2025-09-22 06:40:34 - INFO - Augmented X train shape: (800, 3)
2025-09-22 06:40:34 - INFO - Combined X train shape: (1440, 3)
2025-09-22 06:40:34 - INFO - Training new xgboost model on augmented data

2025-09-22 06:40:35 - INFO - Selected features to perturb: ['F1', 'F2']

2025-09-22 06:40:35 - INFO - Intervening on features to create augmented feature set
2025-09-22 06:40:35 - INFO - Generating counterfactuals for augmented target set
2025-09-22 06:40:35 - INFO - Original X train shape: (640, 3)
2025-09-22 06:40:35 - INFO - Augmented X train shape: (320, 3)
2025-09-22 06:40:35 - INFO - Combined X train shape: (960, 3)
2025-09-22 06:40:35 - INFO - Training new xgboost model on augmented data

2025-09-22 06:40:35 - INFO - Selected features to perturb: ['F1', 'F2']

2025-09-22 06:40:35 - INFO - Intervening on features to create augmented feature set
2025-09-22 06:40:35 - INFO - Generating counterfactuals for augmented target set
2025-09-22 06:40:35 - INFO - Original X train shape: (640, 3)
2025-09-22 06:40:35 - INFO - Augmented X train shape: (640, 3)
2025-09-22 06:40:35 - INFO - Combined X train shape: (1280, 3)
2025-09-22 06:40:35 - INFO - Training new xgboost model on augmented data

2025-09-22 06:40:36 - INFO - Selected features to perturb: ['F1', 'F2']

2025-09-22 06:40:36 - INFO - Intervening on features to create augmented feature set
2025-09-22 06:40:36 - INFO - Generating counterfactuals for augmented target set
2025-09-22 06:40:36 - INFO - Original X train shape: (640, 3)
2025-09-22 06:40:36 - INFO - Augmented X train shape: (480, 3)
2025-09-22 06:40:36 - INFO - Combined X train shape: (1120, 3)
2025-09-22 06:40:36 - INFO - Training new xgboost model on augmented data

2025-09-22 06:40:36 - INFO - Selected features to perturb: ['F1', 'F2']

2025-09-22 06:40:36 - INFO - Intervening on features to create augmented feature set
2025-09-22 06:40:36 - INFO - Generating counterfactuals for augmented target set
2025-09-22 06:40:36 - INFO - Original X train shape: (640, 3)
2025-09-22 06:40:36 - INFO - Augmented X train shape: (480, 3)
2025-09-22 06:40:36 - INFO - Combined X train shape: (1120, 3)
2025-09-22 06:40:36 - INFO - Training new xgboost model on augmented data

2025-09-22 06:40:37 - INFO - Selected features to perturb: ['F1', 'F2']

2025-09-22 06:40:37 - INFO - Intervening on features to create augmented feature set
2025-09-22 06:40:37 - INFO - Generating counterfactuals for augmented target set
2025-09-22 06:40:37 - INFO - Original X train shape: (640, 3)
2025-09-22 06:40:37 - INFO - Augmented X train shape: (640, 3)
2025-09-22 06:40:37 - INFO - Combined X train shape: (1280, 3)
2025-09-22 06:40:37 - INFO - Training new xgboost model on augmented data

2025-09-22 06:40:38 - INFO - Selected features to perturb: ['F1', 'F2']

2025-09-22 06:40:38 - INFO - Intervening on features to create augmented feature set
2025-09-22 06:40:38 - INFO - Generating counterfactuals for augmented target set
2025-09-22 06:40:38 - INFO - Original X train shape: (640, 3)
2025-09-22 06:40:38 - INFO - Augmented X train shape: (960, 3)
2025-09-22 06:40:38 - INFO - Combined X train shape: (1600, 3)
2025-09-22 06:40:38 - INFO - Training new xgboost model on augmented data

2025-09-22 06:40:38 - INFO - Selected features to perturb: ['F1', 'F2']

2025-09-22 06:40:38 - INFO - Intervening on features to create augmented feature set
2025-09-22 06:40:38 - INFO - Generating counterfactuals for augmented target set
2025-09-22 06:40:38 - INFO - Original X train shape: (640, 3)
2025-09-22 06:40:38 - INFO - Augmented X train shape: (960, 3)
2025-09-22 06:40:38 - INFO - Combined X train shape: (1600, 3)
2025-09-22 06:40:38 - INFO - Training new xgboost model on augmented data

2025-09-22 06:40:39 - INFO - Selected features to perturb: ['F1', 'F2']

2025-09-22 06:40:39 - INFO - Intervening on features to create augmented feature set
2025-09-22 06:40:39 - INFO - Generating counterfactuals for augmented target set
2025-09-22 06:40:39 - INFO - Original X train shape: (640, 3)
2025-09-22 06:40:39 - INFO - Augmented X train shape: (960, 3)
2025-09-22 06:40:39 - INFO - Combined X train shape: (1600, 3)
2025-09-22 06:40:39 - INFO - Training new xgboost model on augmented data

2025-09-22 06:40:40 - INFO - Selected features to perturb: ['F1', 'F2']

2025-09-22 06:40:40 - INFO - Intervening on features to create augmented feature set
2025-09-22 06:40:40 - INFO - Generating counterfactuals for augmented target set
2025-09-22 06:40:40 - INFO - Original X train shape: (640, 3)
2025-09-22 06:40:40 - INFO - Augmented X train shape: (800, 3)
2025-09-22 06:40:40 - INFO - Combined X train shape: (1440, 3)
2025-09-22 06:40:40 - INFO - Training new xgboost model on augmented data

2025-09-22 06:40:40 - INFO - Selected features to perturb: ['F1', 'F2']

2025-09-22 06:40:40 - INFO - Intervening on features to create augmented feature set
2025-09-22 06:40:40 - INFO - Generating counterfactuals for augmented target set
2025-09-22 06:40:40 - INFO - Original X train shape: (640, 3)
2025-09-22 06:40:40 - INFO - Augmented X train shape: (960, 3)
2025-09-22 06:40:40 - INFO - Combined X train shape: (1600, 3)
2025-09-22 06:40:40 - INFO - Training new xgboost model on augmented data

2025-09-22 06:40:41 - INFO - Selected features to perturb: ['F1']

2025-09-22 06:40:41 - INFO - Intervening on features to create augmented feature set
2025-09-22 06:40:41 - INFO - Generating counterfactuals for augmented target set
2025-09-22 06:40:41 - INFO - Original X train shape: (640, 3)
2025-09-22 06:40:41 - INFO - Augmented X train shape: (800, 3)
2025-09-22 06:40:41 - INFO - Combined X train shape: (1440, 3)
2025-09-22 06:40:41 - INFO - Training new xgboost model on augmented data

2025-09-22 06:40:41 - INFO - Selected features to perturb: ['F1', 'F2']

2025-09-22 06:40:41 - INFO - Intervening on features to create augmented feature set
2025-09-22 06:40:41 - INFO - Generating counterfactuals for augmented target set
2025-09-22 06:40:41 - INFO - Original X train shape: (640, 3)
2025-09-22 06:40:41 - INFO - Augmented X train shape: (640, 3)
2025-09-22 06:40:41 - INFO - Combined X train shape: (1280, 3)
2025-09-22 06:40:41 - INFO - Training new xgboost model on augmented data

2025-09-22 06:40:42 - INFO - Selected features to perturb: ['F1', 'F2']

2025-09-22 06:40:42 - INFO - Intervening on features to create augmented feature set
2025-09-22 06:40:42 - INFO - Generating counterfactuals for augmented target set
2025-09-22 06:40:42 - INFO - Original X train shape: (640, 3)
2025-09-22 06:40:42 - INFO - Augmented X train shape: (640, 3)
2025-09-22 06:40:42 - INFO - Combined X train shape: (1280, 3)
2025-09-22 06:40:42 - INFO - Training new xgboost model on augmented data

2025-09-22 06:40:42 - INFO - Selected features to perturb: ['F1', 'F2']

2025-09-22 06:40:42 - INFO - Intervening on features to create augmented feature set
2025-09-22 06:40:42 - INFO - Generating counterfactuals for augmented target set
2025-09-22 06:40:42 - INFO - Original X train shape: (640, 3)
2025-09-22 06:40:42 - INFO - Augmented X train shape: (800, 3)
2025-09-22 06:40:42 - INFO - Combined X train shape: (1440, 3)
2025-09-22 06:40:42 - INFO - Training new xgboost model on augmented data

2025-09-22 06:40:43 - INFO - Selected features to perturb: ['F1']

2025-09-22 06:40:43 - INFO - Intervening on features to create augmented feature set
2025-09-22 06:40:43 - INFO - Generating counterfactuals for augmented target set
2025-09-22 06:40:43 - INFO - Original X train shape: (640, 3)
2025-09-22 06:40:43 - INFO - Augmented X train shape: (960, 3)
2025-09-22 06:40:43 - INFO - Combined X train shape: (1600, 3)
2025-09-22 06:40:43 - INFO - Training new xgboost model on augmented data

2025-09-22 06:40:43 - INFO - Selected features to perturb: ['F1', 'F2']

2025-09-22 06:40:43 - INFO - Intervening on features to create augmented feature set
2025-09-22 06:40:43 - INFO - Generating counterfactuals for augmented target set
2025-09-22 06:40:43 - INFO - Original X train shape: (640, 3)
2025-09-22 06:40:43 - INFO - Augmented X train shape: (320, 3)
2025-09-22 06:40:43 - INFO - Combined X train shape: (960, 3)
2025-09-22 06:40:43 - INFO - Training new xgboost model on augmented data

2025-09-22 06:40:44 - INFO - Selected features to perturb: ['F1', 'F2']

2025-09-22 06:40:44 - INFO - Intervening on features to create augmented feature set
2025-09-22 06:40:44 - INFO - Generating counterfactuals for augmented target set
2025-09-22 06:40:44 - INFO - Original X train shape: (640, 3)
2025-09-22 06:40:44 - INFO - Augmented X train shape: (640, 3)
2025-09-22 06:40:44 - INFO - Combined X train shape: (1280, 3)
2025-09-22 06:40:44 - INFO - Training new xgboost model on augmented data

2025-09-22 06:40:45 - INFO - Selected features to perturb: ['F1', 'F2']

2025-09-22 06:40:45 - INFO - Intervening on features to create augmented feature set
2025-09-22 06:40:45 - INFO - Generating counterfactuals for augmented target set
2025-09-22 06:40:45 - INFO - Original X train shape: (640, 3)
2025-09-22 06:40:45 - INFO - Augmented X train shape: (480, 3)
2025-09-22 06:40:45 - INFO - Combined X train shape: (1120, 3)
2025-09-22 06:40:45 - INFO - Training new xgboost model on augmented data

2025-09-22 06:40:45 - INFO - Selected features to perturb: ['F1']

2025-09-22 06:40:45 - INFO - Intervening on features to create augmented feature set
2025-09-22 06:40:45 - INFO - Generating counterfactuals for augmented target set
2025-09-22 06:40:45 - INFO - Original X train shape: (640, 3)
2025-09-22 06:40:45 - INFO - Augmented X train shape: (800, 3)
2025-09-22 06:40:45 - INFO - Combined X train shape: (1440, 3)
2025-09-22 06:40:45 - INFO - Training new xgboost model on augmented data

2025-09-22 06:40:46 - INFO - Selected features to perturb: ['F1', 'F2']

2025-09-22 06:40:46 - INFO - Intervening on features to create augmented feature set
2025-09-22 06:40:46 - INFO - Generating counterfactuals for augmented target set
2025-09-22 06:40:46 - INFO - Original X train shape: (640, 3)
2025-09-22 06:40:46 - INFO - Augmented X train shape: (800, 3)
2025-09-22 06:40:46 - INFO - Combined X train shape: (1440, 3)
2025-09-22 06:40:46 - INFO - Training new xgboost model on augmented data

2025-09-22 06:40:46 - INFO - Best augmentation parameters:
{'max_n_features_to_perturb': 3, 'aug_data_size_factor': 1.25, 'aug_data_weight': 0.75, 'max_perturb_percent': 1.0, 'min_perturb_percent': -1.0}

2025-09-22 06:40:46 - INFO - Selected features to perturb: ['F1', 'F2']

2025-09-22 06:40:46 - INFO - Intervening on features to create augmented feature set
2025-09-22 06:40:46 - INFO - Generating counterfactuals for augmented target set
2025-09-22 06:40:46 - INFO - Original X train shape: (800, 3)
2025-09-22 06:40:46 - INFO - Augmented X train shape: (1000, 3)
2025-09-22 06:40:46 - INFO - Combined X train shape: (1800, 3)
2025-09-22 06:40:52 - INFO - Done cross-validation evaluation
2025-09-22 06:40:52 - INFO - The p-value from the Wilcoxon signed-rank test is: 0.0009765625

2025-09-22 06:40:52 - INFO - Evaluation metrics for the experiment:
2025-09-22 06:40:52 - INFO - Original MSE: 0.002544523623608891, Augmented MSE: 0.0024783572422200665


2025-09-22 06:40:52 - INFO - ####################################################################################################
2025-09-22 06:40:52 - INFO - Interim results for seeds saved to ../experiments_synthetic/anm/xgboost_20250922-063929/interim_results/anm_data_sample_1000_interim_results.csv. Aggregating results for anm_data_sample_1000...
2025-09-22 06:40:52 - INFO - ****************************************************************************************************
2025-09-22 06:40:52 - INFO - 






****************************************************************************************************
2025-09-22 06:40:52 - INFO - Running experiment on dataset: anm_data_sample_2500
2025-09-22 06:40:52 - INFO - 



####################################################################################################
2025-09-22 06:40:52 - INFO - Running experiment on dataset: anm_data_sample_2500 with seed: 0
2025-09-22 06:40:52 - INFO - Training xgboost baseline model
2025-09-22 06:40:52 - INFO - Done training baseline model
2025-09-22 06:40:52 - INFO - Done calculating residuals

2025-09-22 06:40:52 - INFO - Filtering for features to perturb
2025-09-22 06:40:52 - INFO - Creating causal graph for anm_data_sample_2500
2025-09-22 06:40:52 - INFO - Features that are not connected to Z (conditional independence): ['F0', 'F2', 'F1']
2025-09-22 06:40:52 - INFO - [Z vs F0]  r: -0.0186, p: 0.3514
2025-09-22 06:40:52 - INFO - [Z vs F1]  r: 0.0055, p: 0.7820
2025-09-22 06:40:52 - INFO - [Z vs F2]  r: 0.0212, p: 0.2896
2025-09-22 06:40:52 - INFO - Candidates (uncorrelated + not connected to Z): ['F0', 'F2', 'F1']
2025-09-22 06:40:52 - INFO - Ranked candidate features:
  feature     score  r_with_T  r_with_Z
2      F1  0.022823  0.028360  0.005537
0      F0 -0.003945  0.014699 -0.018644
1      F2 -0.009921  0.011265  0.021186
2025-09-22 06:40:52 - INFO - Done filtering.

2025-09-22 06:40:52 - INFO - Selected features to perturb: ['F1', 'F0', 'F2']

2025-09-22 06:40:52 - INFO - Intervening on features to create augmented feature set
2025-09-22 06:40:52 - INFO - Generating counterfactuals for augmented target set
2025-09-22 06:40:52 - INFO - Original X train shape: (1600, 3)
2025-09-22 06:40:52 - INFO - Augmented X train shape: (2000, 3)
2025-09-22 06:40:52 - INFO - Combined X train shape: (3600, 3)
2025-09-22 06:40:52 - INFO - Training new xgboost model on augmented data

2025-09-22 06:40:53 - INFO - Selected features to perturb: ['F1', 'F0', 'F2']

2025-09-22 06:40:53 - INFO - Intervening on features to create augmented feature set
2025-09-22 06:40:53 - INFO - Generating counterfactuals for augmented target set
2025-09-22 06:40:53 - INFO - Original X train shape: (1600, 3)
2025-09-22 06:40:53 - INFO - Augmented X train shape: (2000, 3)
2025-09-22 06:40:53 - INFO - Combined X train shape: (3600, 3)
2025-09-22 06:40:53 - INFO - Training new xgboost model on augmented data

2025-09-22 06:40:53 - INFO - Selected features to perturb: ['F1', 'F0', 'F2']

2025-09-22 06:40:53 - INFO - Intervening on features to create augmented feature set
2025-09-22 06:40:53 - INFO - Generating counterfactuals for augmented target set
2025-09-22 06:40:53 - INFO - Original X train shape: (1600, 3)
2025-09-22 06:40:53 - INFO - Augmented X train shape: (1200, 3)
2025-09-22 06:40:53 - INFO - Combined X train shape: (2800, 3)
2025-09-22 06:40:53 - INFO - Training new xgboost model on augmented data

2025-09-22 06:40:54 - INFO - Selected features to perturb: ['F1', 'F0', 'F2']

2025-09-22 06:40:54 - INFO - Intervening on features to create augmented feature set
2025-09-22 06:40:54 - INFO - Generating counterfactuals for augmented target set
2025-09-22 06:40:54 - INFO - Original X train shape: (1600, 3)
2025-09-22 06:40:54 - INFO - Augmented X train shape: (2400, 3)
2025-09-22 06:40:54 - INFO - Combined X train shape: (4000, 3)
2025-09-22 06:40:54 - INFO - Training new xgboost model on augmented data

2025-09-22 06:40:54 - INFO - Selected features to perturb: ['F1']

2025-09-22 06:40:54 - INFO - Intervening on features to create augmented feature set
2025-09-22 06:40:54 - INFO - Generating counterfactuals for augmented target set
2025-09-22 06:40:54 - INFO - Original X train shape: (1600, 3)
2025-09-22 06:40:54 - INFO - Augmented X train shape: (2400, 3)
2025-09-22 06:40:54 - INFO - Combined X train shape: (4000, 3)
2025-09-22 06:40:54 - INFO - Training new xgboost model on augmented data

2025-09-22 06:40:55 - INFO - Selected features to perturb: ['F1', 'F0', 'F2']

2025-09-22 06:40:55 - INFO - Intervening on features to create augmented feature set
2025-09-22 06:40:55 - INFO - Generating counterfactuals for augmented target set
2025-09-22 06:40:55 - INFO - Original X train shape: (1600, 3)
2025-09-22 06:40:55 - INFO - Augmented X train shape: (2000, 3)
2025-09-22 06:40:55 - INFO - Combined X train shape: (3600, 3)
2025-09-22 06:40:55 - INFO - Training new xgboost model on augmented data

2025-09-22 06:40:56 - INFO - Selected features to perturb: ['F1']

2025-09-22 06:40:56 - INFO - Intervening on features to create augmented feature set
2025-09-22 06:40:56 - INFO - Generating counterfactuals for augmented target set
2025-09-22 06:40:56 - INFO - Original X train shape: (1600, 3)
2025-09-22 06:40:56 - INFO - Augmented X train shape: (2000, 3)
2025-09-22 06:40:56 - INFO - Combined X train shape: (3600, 3)
2025-09-22 06:40:56 - INFO - Training new xgboost model on augmented data

2025-09-22 06:40:56 - INFO - Selected features to perturb: ['F1', 'F0', 'F2']

2025-09-22 06:40:56 - INFO - Intervening on features to create augmented feature set
2025-09-22 06:40:56 - INFO - Generating counterfactuals for augmented target set
2025-09-22 06:40:56 - INFO - Original X train shape: (1600, 3)
2025-09-22 06:40:56 - INFO - Augmented X train shape: (1600, 3)
2025-09-22 06:40:56 - INFO - Combined X train shape: (3200, 3)
2025-09-22 06:40:56 - INFO - Training new xgboost model on augmented data

2025-09-22 06:40:57 - INFO - Selected features to perturb: ['F1', 'F0', 'F2']

2025-09-22 06:40:57 - INFO - Intervening on features to create augmented feature set
2025-09-22 06:40:57 - INFO - Generating counterfactuals for augmented target set
2025-09-22 06:40:57 - INFO - Original X train shape: (1600, 3)
2025-09-22 06:40:57 - INFO - Augmented X train shape: (1600, 3)
2025-09-22 06:40:57 - INFO - Combined X train shape: (3200, 3)
2025-09-22 06:40:57 - INFO - Training new xgboost model on augmented data

2025-09-22 06:40:57 - INFO - Selected features to perturb: ['F1', 'F0', 'F2']

2025-09-22 06:40:57 - INFO - Intervening on features to create augmented feature set
2025-09-22 06:40:57 - INFO - Generating counterfactuals for augmented target set
2025-09-22 06:40:57 - INFO - Original X train shape: (1600, 3)
2025-09-22 06:40:57 - INFO - Augmented X train shape: (2000, 3)
2025-09-22 06:40:57 - INFO - Combined X train shape: (3600, 3)
2025-09-22 06:40:57 - INFO - Training new xgboost model on augmented data

2025-09-22 06:40:58 - INFO - Selected features to perturb: ['F1', 'F0', 'F2']

2025-09-22 06:40:58 - INFO - Intervening on features to create augmented feature set
2025-09-22 06:40:58 - INFO - Generating counterfactuals for augmented target set
2025-09-22 06:40:58 - INFO - Original X train shape: (1600, 3)
2025-09-22 06:40:58 - INFO - Augmented X train shape: (800, 3)
2025-09-22 06:40:58 - INFO - Combined X train shape: (2400, 3)
2025-09-22 06:40:58 - INFO - Training new xgboost model on augmented data

2025-09-22 06:40:59 - INFO - Selected features to perturb: ['F1', 'F0', 'F2']

2025-09-22 06:40:59 - INFO - Intervening on features to create augmented feature set
2025-09-22 06:40:59 - INFO - Generating counterfactuals for augmented target set
2025-09-22 06:40:59 - INFO - Original X train shape: (1600, 3)
2025-09-22 06:40:59 - INFO - Augmented X train shape: (2000, 3)
2025-09-22 06:40:59 - INFO - Combined X train shape: (3600, 3)
2025-09-22 06:40:59 - INFO - Training new xgboost model on augmented data

2025-09-22 06:40:59 - INFO - Selected features to perturb: ['F1', 'F0']

2025-09-22 06:40:59 - INFO - Intervening on features to create augmented feature set
2025-09-22 06:40:59 - INFO - Generating counterfactuals for augmented target set
2025-09-22 06:40:59 - INFO - Original X train shape: (1600, 3)
2025-09-22 06:40:59 - INFO - Augmented X train shape: (2400, 3)
2025-09-22 06:40:59 - INFO - Combined X train shape: (4000, 3)
2025-09-22 06:40:59 - INFO - Training new xgboost model on augmented data

2025-09-22 06:41:00 - INFO - Selected features to perturb: ['F1', 'F0', 'F2']

2025-09-22 06:41:00 - INFO - Intervening on features to create augmented feature set
2025-09-22 06:41:00 - INFO - Generating counterfactuals for augmented target set
2025-09-22 06:41:00 - INFO - Original X train shape: (1600, 3)
2025-09-22 06:41:00 - INFO - Augmented X train shape: (1200, 3)
2025-09-22 06:41:00 - INFO - Combined X train shape: (2800, 3)
2025-09-22 06:41:00 - INFO - Training new xgboost model on augmented data

2025-09-22 06:41:01 - INFO - Selected features to perturb: ['F1', 'F0', 'F2']

2025-09-22 06:41:01 - INFO - Intervening on features to create augmented feature set
2025-09-22 06:41:01 - INFO - Generating counterfactuals for augmented target set
2025-09-22 06:41:01 - INFO - Original X train shape: (1600, 3)
2025-09-22 06:41:01 - INFO - Augmented X train shape: (1200, 3)
2025-09-22 06:41:01 - INFO - Combined X train shape: (2800, 3)
2025-09-22 06:41:01 - INFO - Training new xgboost model on augmented data

2025-09-22 06:41:01 - INFO - Selected features to perturb: ['F1', 'F0', 'F2']

2025-09-22 06:41:01 - INFO - Intervening on features to create augmented feature set
2025-09-22 06:41:01 - INFO - Generating counterfactuals for augmented target set
2025-09-22 06:41:01 - INFO - Original X train shape: (1600, 3)
2025-09-22 06:41:01 - INFO - Augmented X train shape: (1200, 3)
2025-09-22 06:41:01 - INFO - Combined X train shape: (2800, 3)
2025-09-22 06:41:01 - INFO - Training new xgboost model on augmented data

2025-09-22 06:41:02 - INFO - Selected features to perturb: ['F1', 'F0', 'F2']

2025-09-22 06:41:02 - INFO - Intervening on features to create augmented feature set
2025-09-22 06:41:02 - INFO - Generating counterfactuals for augmented target set
2025-09-22 06:41:02 - INFO - Original X train shape: (1600, 3)
2025-09-22 06:41:02 - INFO - Augmented X train shape: (800, 3)
2025-09-22 06:41:02 - INFO - Combined X train shape: (2400, 3)
2025-09-22 06:41:02 - INFO - Training new xgboost model on augmented data

2025-09-22 06:41:02 - INFO - Selected features to perturb: ['F1', 'F0']

2025-09-22 06:41:02 - INFO - Intervening on features to create augmented feature set
2025-09-22 06:41:02 - INFO - Generating counterfactuals for augmented target set
2025-09-22 06:41:02 - INFO - Original X train shape: (1600, 3)
2025-09-22 06:41:02 - INFO - Augmented X train shape: (1600, 3)
2025-09-22 06:41:02 - INFO - Combined X train shape: (3200, 3)
2025-09-22 06:41:02 - INFO - Training new xgboost model on augmented data

2025-09-22 06:41:03 - INFO - Selected features to perturb: ['F1', 'F0', 'F2']

2025-09-22 06:41:03 - INFO - Intervening on features to create augmented feature set
2025-09-22 06:41:03 - INFO - Generating counterfactuals for augmented target set
2025-09-22 06:41:03 - INFO - Original X train shape: (1600, 3)
2025-09-22 06:41:03 - INFO - Augmented X train shape: (1600, 3)
2025-09-22 06:41:03 - INFO - Combined X train shape: (3200, 3)
2025-09-22 06:41:03 - INFO - Training new xgboost model on augmented data

2025-09-22 06:41:03 - INFO - Selected features to perturb: ['F1', 'F0']

2025-09-22 06:41:03 - INFO - Intervening on features to create augmented feature set
2025-09-22 06:41:03 - INFO - Generating counterfactuals for augmented target set
2025-09-22 06:41:03 - INFO - Original X train shape: (1600, 3)
2025-09-22 06:41:03 - INFO - Augmented X train shape: (1200, 3)
2025-09-22 06:41:03 - INFO - Combined X train shape: (2800, 3)
2025-09-22 06:41:03 - INFO - Training new xgboost model on augmented data

2025-09-22 06:41:04 - INFO - Selected features to perturb: ['F1', 'F0', 'F2']

2025-09-22 06:41:04 - INFO - Intervening on features to create augmented feature set
2025-09-22 06:41:04 - INFO - Generating counterfactuals for augmented target set
2025-09-22 06:41:04 - INFO - Original X train shape: (1600, 3)
2025-09-22 06:41:04 - INFO - Augmented X train shape: (800, 3)
2025-09-22 06:41:04 - INFO - Combined X train shape: (2400, 3)
2025-09-22 06:41:04 - INFO - Training new xgboost model on augmented data

2025-09-22 06:41:05 - INFO - Selected features to perturb: ['F1', 'F0', 'F2']

2025-09-22 06:41:05 - INFO - Intervening on features to create augmented feature set
2025-09-22 06:41:05 - INFO - Generating counterfactuals for augmented target set
2025-09-22 06:41:05 - INFO - Original X train shape: (1600, 3)
2025-09-22 06:41:05 - INFO - Augmented X train shape: (2000, 3)
2025-09-22 06:41:05 - INFO - Combined X train shape: (3600, 3)
2025-09-22 06:41:05 - INFO - Training new xgboost model on augmented data

2025-09-22 06:41:05 - INFO - Selected features to perturb: ['F1', 'F0', 'F2']

2025-09-22 06:41:05 - INFO - Intervening on features to create augmented feature set
2025-09-22 06:41:05 - INFO - Generating counterfactuals for augmented target set
2025-09-22 06:41:05 - INFO - Original X train shape: (1600, 3)
2025-09-22 06:41:05 - INFO - Augmented X train shape: (2000, 3)
2025-09-22 06:41:05 - INFO - Combined X train shape: (3600, 3)
2025-09-22 06:41:05 - INFO - Training new xgboost model on augmented data

2025-09-22 06:41:06 - INFO - Selected features to perturb: ['F1', 'F0', 'F2']

2025-09-22 06:41:06 - INFO - Intervening on features to create augmented feature set
2025-09-22 06:41:06 - INFO - Generating counterfactuals for augmented target set
2025-09-22 06:41:06 - INFO - Original X train shape: (1600, 3)
2025-09-22 06:41:06 - INFO - Augmented X train shape: (2400, 3)
2025-09-22 06:41:06 - INFO - Combined X train shape: (4000, 3)
2025-09-22 06:41:06 - INFO - Training new xgboost model on augmented data

2025-09-22 06:41:06 - INFO - Selected features to perturb: ['F1', 'F0']

2025-09-22 06:41:06 - INFO - Intervening on features to create augmented feature set
2025-09-22 06:41:06 - INFO - Generating counterfactuals for augmented target set
2025-09-22 06:41:06 - INFO - Original X train shape: (1600, 3)
2025-09-22 06:41:06 - INFO - Augmented X train shape: (1600, 3)
2025-09-22 06:41:06 - INFO - Combined X train shape: (3200, 3)
2025-09-22 06:41:06 - INFO - Training new xgboost model on augmented data

2025-09-22 06:41:07 - INFO - Selected features to perturb: ['F1', 'F0', 'F2']

2025-09-22 06:41:07 - INFO - Intervening on features to create augmented feature set
2025-09-22 06:41:07 - INFO - Generating counterfactuals for augmented target set
2025-09-22 06:41:07 - INFO - Original X train shape: (1600, 3)
2025-09-22 06:41:07 - INFO - Augmented X train shape: (1600, 3)
2025-09-22 06:41:07 - INFO - Combined X train shape: (3200, 3)
2025-09-22 06:41:07 - INFO - Training new xgboost model on augmented data

2025-09-22 06:41:08 - INFO - Selected features to perturb: ['F1', 'F0', 'F2']

2025-09-22 06:41:08 - INFO - Intervening on features to create augmented feature set
2025-09-22 06:41:08 - INFO - Generating counterfactuals for augmented target set
2025-09-22 06:41:08 - INFO - Original X train shape: (1600, 3)
2025-09-22 06:41:08 - INFO - Augmented X train shape: (1200, 3)
2025-09-22 06:41:08 - INFO - Combined X train shape: (2800, 3)
2025-09-22 06:41:08 - INFO - Training new xgboost model on augmented data

2025-09-22 06:41:08 - INFO - Selected features to perturb: ['F1', 'F0', 'F2']

2025-09-22 06:41:08 - INFO - Intervening on features to create augmented feature set
2025-09-22 06:41:08 - INFO - Generating counterfactuals for augmented target set
2025-09-22 06:41:08 - INFO - Original X train shape: (1600, 3)
2025-09-22 06:41:08 - INFO - Augmented X train shape: (2000, 3)
2025-09-22 06:41:08 - INFO - Combined X train shape: (3600, 3)
2025-09-22 06:41:08 - INFO - Training new xgboost model on augmented data

2025-09-22 06:41:09 - INFO - Selected features to perturb: ['F1', 'F0', 'F2']

2025-09-22 06:41:09 - INFO - Intervening on features to create augmented feature set
2025-09-22 06:41:09 - INFO - Generating counterfactuals for augmented target set
2025-09-22 06:41:09 - INFO - Original X train shape: (1600, 3)
2025-09-22 06:41:09 - INFO - Augmented X train shape: (2400, 3)
2025-09-22 06:41:09 - INFO - Combined X train shape: (4000, 3)
2025-09-22 06:41:09 - INFO - Training new xgboost model on augmented data

2025-09-22 06:41:10 - INFO - Selected features to perturb: ['F1', 'F0', 'F2']

2025-09-22 06:41:10 - INFO - Intervening on features to create augmented feature set
2025-09-22 06:41:10 - INFO - Generating counterfactuals for augmented target set
2025-09-22 06:41:10 - INFO - Original X train shape: (1600, 3)
2025-09-22 06:41:10 - INFO - Augmented X train shape: (2400, 3)
2025-09-22 06:41:10 - INFO - Combined X train shape: (4000, 3)
2025-09-22 06:41:10 - INFO - Training new xgboost model on augmented data

2025-09-22 06:41:10 - INFO - Best augmentation parameters:
{'max_n_features_to_perturb': 4, 'aug_data_size_factor': 1.25, 'aug_data_weight': 1.0, 'max_perturb_percent': 0.7000000000000001, 'min_perturb_percent': -0.7000000000000001}

2025-09-22 06:41:10 - INFO - Selected features to perturb: ['F1', 'F0', 'F2']

2025-09-22 06:41:10 - INFO - Intervening on features to create augmented feature set
2025-09-22 06:41:10 - INFO - Generating counterfactuals for augmented target set
2025-09-22 06:41:10 - INFO - Original X train shape: (2000, 3)
2025-09-22 06:41:10 - INFO - Augmented X train shape: (2500, 3)
2025-09-22 06:41:10 - INFO - Combined X train shape: (4500, 3)
2025-09-22 06:41:15 - INFO - Done cross-validation evaluation
2025-09-22 06:41:15 - INFO - The p-value from the Wilcoxon signed-rank test is: 0.0009765625

2025-09-22 06:41:15 - INFO - Evaluation metrics for the experiment:
2025-09-22 06:41:15 - INFO - Original MSE: 0.0023602825611745487, Augmented MSE: 0.0021625162266032632


2025-09-22 06:41:15 - INFO - ####################################################################################################
2025-09-22 06:41:15 - INFO - Interim results for seeds saved to ../experiments_synthetic/anm/xgboost_20250922-063929/interim_results/anm_data_sample_2500_interim_results.csv. Aggregating results for anm_data_sample_2500...
2025-09-22 06:41:15 - INFO - ****************************************************************************************************
2025-09-22 06:41:15 - INFO - Total time taken: 105.35 seconds
2025-09-22 06:41:15 - INFO - All results saved to ../experiments_synthetic/anm/xgboost_20250922-063929/results.csv
2025-09-22 06:41:15 - INFO - Results plot saved to ../experiments_synthetic/anm/xgboost_20250922-063929/results_mse_percent_delta.png
2025-09-22 06:47:55 - INFO - Experiment initialized with config:
Experiment Config (Name: mlp_20250922-064755)
  timestamp: 20250922-064755
  dataset_path: ../data/anm_data.csv
  dataset_dir_path: None
  baseline: mlp
  aug_data_size_factor: 1.0
  max_n_features_to_perturb: 5
  max_perturb_percent: 0.1
  min_perturb_percent: -0.1
  aug_data_weight: 0.9
  alpha: 0.05
  r_corr_threshold: 0.1
  p_corr_threshold: 0.05
  test_size: 0.2
  random_seed: 0
  num_seeds: 0
  p_wilcoxon_threshold: 0.05
  hyperparam_tune: False
  method_param_tune: True
  sample_sizes: [100, 250, 500, 1000, 2500]
  ignore_filter: True
  results_dir: ../experiments_synthetic/anm
  save_plots: False
  save_models: False
  save_params: False
  experiment_dir: ../experiments_synthetic/anm/mlp_20250922-064755
2025-09-22 06:47:55 - INFO - Loaded 5 datasets


2025-09-22 06:47:55 - INFO - 






****************************************************************************************************
2025-09-22 06:47:55 - INFO - Running experiment on dataset: anm_data_sample_100
2025-09-22 06:47:55 - INFO - 



####################################################################################################
2025-09-22 06:47:55 - INFO - Running experiment on dataset: anm_data_sample_100 with seed: 0
2025-09-22 06:47:55 - INFO - Training mlp baseline model
2025-09-22 06:47:55 - INFO - Done training baseline model
2025-09-22 06:47:55 - INFO - Done calculating residuals

2025-09-22 06:47:55 - INFO - Filtering for features to perturb
2025-09-22 06:47:55 - INFO - Creating causal graph for anm_data_sample_100
2025-09-22 06:47:55 - INFO - Features that are not connected to Z (conditional independence): ['F0', 'F2', 'F1']
2025-09-22 06:47:55 - INFO - [Z vs F0]  r: 0.0799, p: 0.4294
2025-09-22 06:47:55 - INFO - [Z vs F1]  r: 0.1267, p: 0.2090
2025-09-22 06:47:55 - INFO - [Z vs F2]  r: -0.1842, p: 0.0666
2025-09-22 06:47:55 - INFO - Candidates (uncorrelated + not connected to Z): ['F0']
2025-09-22 06:47:55 - INFO - Ranked candidate features:
  feature     score  r_with_T  r_with_Z
0      F0  0.043325 -0.123217  0.079893
2025-09-22 06:47:55 - INFO - Done filtering.

2025-09-22 06:47:55 - INFO - Selected features to perturb: ['F0']

2025-09-22 06:47:55 - INFO - Intervening on features to create augmented feature set
2025-09-22 06:47:55 - INFO - Generating counterfactuals for augmented target set
2025-09-22 06:47:55 - INFO - Original X train shape: (64, 3)
2025-09-22 06:47:55 - INFO - Augmented X train shape: (80, 3)
2025-09-22 06:47:55 - INFO - Combined X train shape: (144, 3)
2025-09-22 06:47:55 - INFO - Training new mlp model on augmented data

2025-09-22 06:47:56 - INFO - Selected features to perturb: ['F0']

2025-09-22 06:47:56 - INFO - Intervening on features to create augmented feature set
2025-09-22 06:47:56 - INFO - Generating counterfactuals for augmented target set
2025-09-22 06:47:56 - INFO - Original X train shape: (64, 3)
2025-09-22 06:47:56 - INFO - Augmented X train shape: (80, 3)
2025-09-22 06:47:56 - INFO - Combined X train shape: (144, 3)
2025-09-22 06:47:56 - INFO - Training new mlp model on augmented data

2025-09-22 06:47:56 - INFO - Selected features to perturb: ['F0']

2025-09-22 06:47:56 - INFO - Intervening on features to create augmented feature set
2025-09-22 06:47:56 - INFO - Generating counterfactuals for augmented target set
2025-09-22 06:47:56 - INFO - Original X train shape: (64, 3)
2025-09-22 06:47:56 - INFO - Augmented X train shape: (48, 3)
2025-09-22 06:47:56 - INFO - Combined X train shape: (112, 3)
2025-09-22 06:47:56 - INFO - Training new mlp model on augmented data

2025-09-22 06:47:56 - INFO - Selected features to perturb: ['F0']

2025-09-22 06:47:56 - INFO - Intervening on features to create augmented feature set
2025-09-22 06:47:56 - INFO - Generating counterfactuals for augmented target set
2025-09-22 06:47:56 - INFO - Original X train shape: (64, 3)
2025-09-22 06:47:56 - INFO - Augmented X train shape: (96, 3)
2025-09-22 06:47:56 - INFO - Combined X train shape: (160, 3)
2025-09-22 06:47:56 - INFO - Training new mlp model on augmented data

2025-09-22 06:47:56 - INFO - Selected features to perturb: ['F0']

2025-09-22 06:47:56 - INFO - Intervening on features to create augmented feature set
2025-09-22 06:47:56 - INFO - Generating counterfactuals for augmented target set
2025-09-22 06:47:56 - INFO - Original X train shape: (64, 3)
2025-09-22 06:47:56 - INFO - Augmented X train shape: (96, 3)
2025-09-22 06:47:56 - INFO - Combined X train shape: (160, 3)
2025-09-22 06:47:56 - INFO - Training new mlp model on augmented data

2025-09-22 06:47:56 - INFO - Selected features to perturb: ['F0']

2025-09-22 06:47:56 - INFO - Intervening on features to create augmented feature set
2025-09-22 06:47:56 - INFO - Generating counterfactuals for augmented target set
2025-09-22 06:47:56 - INFO - Original X train shape: (64, 3)
2025-09-22 06:47:56 - INFO - Augmented X train shape: (80, 3)
2025-09-22 06:47:56 - INFO - Combined X train shape: (144, 3)
2025-09-22 06:47:56 - INFO - Training new mlp model on augmented data

2025-09-22 06:47:56 - INFO - Selected features to perturb: ['F0']

2025-09-22 06:47:56 - INFO - Intervening on features to create augmented feature set
2025-09-22 06:47:56 - INFO - Generating counterfactuals for augmented target set
2025-09-22 06:47:56 - INFO - Original X train shape: (64, 3)
2025-09-22 06:47:56 - INFO - Augmented X train shape: (80, 3)
2025-09-22 06:47:56 - INFO - Combined X train shape: (144, 3)
2025-09-22 06:47:56 - INFO - Training new mlp model on augmented data

2025-09-22 06:47:56 - INFO - Selected features to perturb: ['F0']

2025-09-22 06:47:56 - INFO - Intervening on features to create augmented feature set
2025-09-22 06:47:56 - INFO - Generating counterfactuals for augmented target set
2025-09-22 06:47:56 - INFO - Original X train shape: (64, 3)
2025-09-22 06:47:56 - INFO - Augmented X train shape: (64, 3)
2025-09-22 06:47:56 - INFO - Combined X train shape: (128, 3)
2025-09-22 06:47:56 - INFO - Training new mlp model on augmented data

2025-09-22 06:47:56 - INFO - Selected features to perturb: ['F0']

2025-09-22 06:47:56 - INFO - Intervening on features to create augmented feature set
2025-09-22 06:47:56 - INFO - Generating counterfactuals for augmented target set
2025-09-22 06:47:56 - INFO - Original X train shape: (64, 3)
2025-09-22 06:47:56 - INFO - Augmented X train shape: (64, 3)
2025-09-22 06:47:56 - INFO - Combined X train shape: (128, 3)
2025-09-22 06:47:56 - INFO - Training new mlp model on augmented data

2025-09-22 06:47:56 - INFO - Selected features to perturb: ['F0']

2025-09-22 06:47:56 - INFO - Intervening on features to create augmented feature set
2025-09-22 06:47:56 - INFO - Generating counterfactuals for augmented target set
2025-09-22 06:47:56 - INFO - Original X train shape: (64, 3)
2025-09-22 06:47:56 - INFO - Augmented X train shape: (80, 3)
2025-09-22 06:47:56 - INFO - Combined X train shape: (144, 3)
2025-09-22 06:47:56 - INFO - Training new mlp model on augmented data

2025-09-22 06:47:57 - INFO - Selected features to perturb: ['F0']

2025-09-22 06:47:57 - INFO - Intervening on features to create augmented feature set
2025-09-22 06:47:57 - INFO - Generating counterfactuals for augmented target set
2025-09-22 06:47:57 - INFO - Original X train shape: (64, 3)
2025-09-22 06:47:57 - INFO - Augmented X train shape: (32, 3)
2025-09-22 06:47:57 - INFO - Combined X train shape: (96, 3)
2025-09-22 06:47:57 - INFO - Training new mlp model on augmented data

2025-09-22 06:47:57 - INFO - Selected features to perturb: ['F0']

2025-09-22 06:47:57 - INFO - Intervening on features to create augmented feature set
2025-09-22 06:47:57 - INFO - Generating counterfactuals for augmented target set
2025-09-22 06:47:57 - INFO - Original X train shape: (64, 3)
2025-09-22 06:47:57 - INFO - Augmented X train shape: (96, 3)
2025-09-22 06:47:57 - INFO - Combined X train shape: (160, 3)
2025-09-22 06:47:57 - INFO - Training new mlp model on augmented data

2025-09-22 06:47:57 - INFO - Selected features to perturb: ['F0']

2025-09-22 06:47:57 - INFO - Intervening on features to create augmented feature set
2025-09-22 06:47:57 - INFO - Generating counterfactuals for augmented target set
2025-09-22 06:47:57 - INFO - Original X train shape: (64, 3)
2025-09-22 06:47:57 - INFO - Augmented X train shape: (96, 3)
2025-09-22 06:47:57 - INFO - Combined X train shape: (160, 3)
2025-09-22 06:47:57 - INFO - Training new mlp model on augmented data

2025-09-22 06:47:57 - INFO - Selected features to perturb: ['F0']

2025-09-22 06:47:57 - INFO - Intervening on features to create augmented feature set
2025-09-22 06:47:57 - INFO - Generating counterfactuals for augmented target set
2025-09-22 06:47:57 - INFO - Original X train shape: (64, 3)
2025-09-22 06:47:57 - INFO - Augmented X train shape: (96, 3)
2025-09-22 06:47:57 - INFO - Combined X train shape: (160, 3)
2025-09-22 06:47:57 - INFO - Training new mlp model on augmented data

2025-09-22 06:47:57 - INFO - Selected features to perturb: ['F0']

2025-09-22 06:47:57 - INFO - Intervening on features to create augmented feature set
2025-09-22 06:47:57 - INFO - Generating counterfactuals for augmented target set
2025-09-22 06:47:57 - INFO - Original X train shape: (64, 3)
2025-09-22 06:47:57 - INFO - Augmented X train shape: (80, 3)
2025-09-22 06:47:57 - INFO - Combined X train shape: (144, 3)
2025-09-22 06:47:57 - INFO - Training new mlp model on augmented data

2025-09-22 06:47:57 - INFO - Selected features to perturb: ['F0']

2025-09-22 06:47:57 - INFO - Intervening on features to create augmented feature set
2025-09-22 06:47:57 - INFO - Generating counterfactuals for augmented target set
2025-09-22 06:47:57 - INFO - Original X train shape: (64, 3)
2025-09-22 06:47:57 - INFO - Augmented X train shape: (48, 3)
2025-09-22 06:47:57 - INFO - Combined X train shape: (112, 3)
2025-09-22 06:47:57 - INFO - Training new mlp model on augmented data

2025-09-22 06:47:57 - INFO - Selected features to perturb: ['F0']

2025-09-22 06:47:57 - INFO - Intervening on features to create augmented feature set
2025-09-22 06:47:57 - INFO - Generating counterfactuals for augmented target set
2025-09-22 06:47:57 - INFO - Original X train shape: (64, 3)
2025-09-22 06:47:57 - INFO - Augmented X train shape: (96, 3)
2025-09-22 06:47:57 - INFO - Combined X train shape: (160, 3)
2025-09-22 06:47:57 - INFO - Training new mlp model on augmented data

2025-09-22 06:47:57 - INFO - Selected features to perturb: ['F0']

2025-09-22 06:47:57 - INFO - Intervening on features to create augmented feature set
2025-09-22 06:47:57 - INFO - Generating counterfactuals for augmented target set
2025-09-22 06:47:57 - INFO - Original X train shape: (64, 3)
2025-09-22 06:47:57 - INFO - Augmented X train shape: (64, 3)
2025-09-22 06:47:57 - INFO - Combined X train shape: (128, 3)
2025-09-22 06:47:57 - INFO - Training new mlp model on augmented data

2025-09-22 06:47:57 - INFO - Selected features to perturb: ['F0']

2025-09-22 06:47:57 - INFO - Intervening on features to create augmented feature set
2025-09-22 06:47:57 - INFO - Generating counterfactuals for augmented target set
2025-09-22 06:47:57 - INFO - Original X train shape: (64, 3)
2025-09-22 06:47:57 - INFO - Augmented X train shape: (64, 3)
2025-09-22 06:47:57 - INFO - Combined X train shape: (128, 3)
2025-09-22 06:47:57 - INFO - Training new mlp model on augmented data

2025-09-22 06:47:57 - INFO - Selected features to perturb: ['F0']

2025-09-22 06:47:57 - INFO - Intervening on features to create augmented feature set
2025-09-22 06:47:57 - INFO - Generating counterfactuals for augmented target set
2025-09-22 06:47:57 - INFO - Original X train shape: (64, 3)
2025-09-22 06:47:57 - INFO - Augmented X train shape: (80, 3)
2025-09-22 06:47:57 - INFO - Combined X train shape: (144, 3)
2025-09-22 06:47:57 - INFO - Training new mlp model on augmented data

2025-09-22 06:47:57 - INFO - Selected features to perturb: ['F0']

2025-09-22 06:47:57 - INFO - Intervening on features to create augmented feature set
2025-09-22 06:47:57 - INFO - Generating counterfactuals for augmented target set
2025-09-22 06:47:57 - INFO - Original X train shape: (64, 3)
2025-09-22 06:47:57 - INFO - Augmented X train shape: (96, 3)
2025-09-22 06:47:57 - INFO - Combined X train shape: (160, 3)
2025-09-22 06:47:57 - INFO - Training new mlp model on augmented data

2025-09-22 06:47:58 - INFO - Selected features to perturb: ['F0']

2025-09-22 06:47:58 - INFO - Intervening on features to create augmented feature set
2025-09-22 06:47:58 - INFO - Generating counterfactuals for augmented target set
2025-09-22 06:47:58 - INFO - Original X train shape: (64, 3)
2025-09-22 06:47:58 - INFO - Augmented X train shape: (80, 3)
2025-09-22 06:47:58 - INFO - Combined X train shape: (144, 3)
2025-09-22 06:47:58 - INFO - Training new mlp model on augmented data

2025-09-22 06:47:58 - INFO - Selected features to perturb: ['F0']

2025-09-22 06:47:58 - INFO - Intervening on features to create augmented feature set
2025-09-22 06:47:58 - INFO - Generating counterfactuals for augmented target set
2025-09-22 06:47:58 - INFO - Original X train shape: (64, 3)
2025-09-22 06:47:58 - INFO - Augmented X train shape: (80, 3)
2025-09-22 06:47:58 - INFO - Combined X train shape: (144, 3)
2025-09-22 06:47:58 - INFO - Training new mlp model on augmented data

2025-09-22 06:47:58 - INFO - Selected features to perturb: ['F0']

2025-09-22 06:47:58 - INFO - Intervening on features to create augmented feature set
2025-09-22 06:47:58 - INFO - Generating counterfactuals for augmented target set
2025-09-22 06:47:58 - INFO - Original X train shape: (64, 3)
2025-09-22 06:47:58 - INFO - Augmented X train shape: (80, 3)
2025-09-22 06:47:58 - INFO - Combined X train shape: (144, 3)
2025-09-22 06:47:58 - INFO - Training new mlp model on augmented data

2025-09-22 06:47:58 - INFO - Selected features to perturb: ['F0']

2025-09-22 06:47:58 - INFO - Intervening on features to create augmented feature set
2025-09-22 06:47:58 - INFO - Generating counterfactuals for augmented target set
2025-09-22 06:47:58 - INFO - Original X train shape: (64, 3)
2025-09-22 06:47:58 - INFO - Augmented X train shape: (96, 3)
2025-09-22 06:47:58 - INFO - Combined X train shape: (160, 3)
2025-09-22 06:47:58 - INFO - Training new mlp model on augmented data

2025-09-22 06:47:58 - INFO - Selected features to perturb: ['F0']

2025-09-22 06:47:58 - INFO - Intervening on features to create augmented feature set
2025-09-22 06:47:58 - INFO - Generating counterfactuals for augmented target set
2025-09-22 06:47:58 - INFO - Original X train shape: (64, 3)
2025-09-22 06:47:58 - INFO - Augmented X train shape: (48, 3)
2025-09-22 06:47:58 - INFO - Combined X train shape: (112, 3)
2025-09-22 06:47:58 - INFO - Training new mlp model on augmented data

2025-09-22 06:47:58 - INFO - Selected features to perturb: ['F0']

2025-09-22 06:47:58 - INFO - Intervening on features to create augmented feature set
2025-09-22 06:47:58 - INFO - Generating counterfactuals for augmented target set
2025-09-22 06:47:58 - INFO - Original X train shape: (64, 3)
2025-09-22 06:47:58 - INFO - Augmented X train shape: (80, 3)
2025-09-22 06:47:58 - INFO - Combined X train shape: (144, 3)
2025-09-22 06:47:58 - INFO - Training new mlp model on augmented data

2025-09-22 06:47:58 - INFO - Selected features to perturb: ['F0']

2025-09-22 06:47:58 - INFO - Intervening on features to create augmented feature set
2025-09-22 06:47:58 - INFO - Generating counterfactuals for augmented target set
2025-09-22 06:47:58 - INFO - Original X train shape: (64, 3)
2025-09-22 06:47:58 - INFO - Augmented X train shape: (96, 3)
2025-09-22 06:47:58 - INFO - Combined X train shape: (160, 3)
2025-09-22 06:47:58 - INFO - Training new mlp model on augmented data

2025-09-22 06:47:58 - INFO - Selected features to perturb: ['F0']

2025-09-22 06:47:58 - INFO - Intervening on features to create augmented feature set
2025-09-22 06:47:58 - INFO - Generating counterfactuals for augmented target set
2025-09-22 06:47:58 - INFO - Original X train shape: (64, 3)
2025-09-22 06:47:58 - INFO - Augmented X train shape: (64, 3)
2025-09-22 06:47:58 - INFO - Combined X train shape: (128, 3)
2025-09-22 06:47:58 - INFO - Training new mlp model on augmented data

2025-09-22 06:47:58 - INFO - Selected features to perturb: ['F0']

2025-09-22 06:47:58 - INFO - Intervening on features to create augmented feature set
2025-09-22 06:47:58 - INFO - Generating counterfactuals for augmented target set
2025-09-22 06:47:58 - INFO - Original X train shape: (64, 3)
2025-09-22 06:47:58 - INFO - Augmented X train shape: (80, 3)
2025-09-22 06:47:58 - INFO - Combined X train shape: (144, 3)
2025-09-22 06:47:58 - INFO - Training new mlp model on augmented data

2025-09-22 06:47:58 - INFO - Best augmentation parameters:
{'max_n_features_to_perturb': 1, 'aug_data_size_factor': 1.5, 'aug_data_weight': 1.0, 'max_perturb_percent': 0.9, 'min_perturb_percent': -0.9}

2025-09-22 06:47:58 - INFO - Selected features to perturb: ['F0']

2025-09-22 06:47:58 - INFO - Intervening on features to create augmented feature set
2025-09-22 06:47:58 - INFO - Generating counterfactuals for augmented target set
2025-09-22 06:47:58 - INFO - Original X train shape: (80, 3)
2025-09-22 06:47:58 - INFO - Augmented X train shape: (120, 3)
2025-09-22 06:47:58 - INFO - Combined X train shape: (200, 3)
2025-09-22 06:48:04 - INFO - Done cross-validation evaluation
2025-09-22 06:48:04 - INFO - The p-value from the Wilcoxon signed-rank test is: 0.0185546875

2025-09-22 06:48:04 - INFO - Evaluation metrics for the experiment:
2025-09-22 06:48:04 - INFO - Original MSE: 0.005508763689688013, Augmented MSE: 0.004426927200215579


2025-09-22 06:48:04 - INFO - ####################################################################################################
2025-09-22 06:48:04 - INFO - Interim results for seeds saved to ../experiments_synthetic/anm/mlp_20250922-064755/interim_results/anm_data_sample_100_interim_results.csv. Aggregating results for anm_data_sample_100...
2025-09-22 06:48:04 - INFO - ****************************************************************************************************
2025-09-22 06:48:04 - INFO - 






****************************************************************************************************
2025-09-22 06:48:04 - INFO - Running experiment on dataset: anm_data_sample_250
2025-09-22 06:48:04 - INFO - 



####################################################################################################
2025-09-22 06:48:04 - INFO - Running experiment on dataset: anm_data_sample_250 with seed: 0
2025-09-22 06:48:04 - INFO - Training mlp baseline model
2025-09-22 06:48:04 - INFO - Done training baseline model
2025-09-22 06:48:04 - INFO - Done calculating residuals

2025-09-22 06:48:04 - INFO - Filtering for features to perturb
2025-09-22 06:48:04 - INFO - Creating causal graph for anm_data_sample_250
2025-09-22 06:48:04 - INFO - Features that are not connected to Z (conditional independence): ['F0', 'F1']
2025-09-22 06:48:04 - INFO - [Z vs F0]  r: 0.0025, p: 0.9685
2025-09-22 06:48:04 - INFO - [Z vs F1]  r: 0.0718, p: 0.2580
2025-09-22 06:48:04 - INFO - [Z vs F2]  r: 0.1291, p: 0.0414
2025-09-22 06:48:04 - INFO - Candidates (uncorrelated + not connected to Z): ['F0', 'F1']
2025-09-22 06:48:04 - INFO - Ranked candidate features:
  feature     score  r_with_T  r_with_Z
0      F0  0.123842 -0.126350  0.002507
1      F1 -0.043705 -0.028107  0.071812
2025-09-22 06:48:04 - INFO - Done filtering.

2025-09-22 06:48:04 - INFO - Selected features to perturb: ['F0', 'F1']

2025-09-22 06:48:04 - INFO - Intervening on features to create augmented feature set
2025-09-22 06:48:04 - INFO - Generating counterfactuals for augmented target set
2025-09-22 06:48:04 - INFO - Original X train shape: (160, 3)
2025-09-22 06:48:04 - INFO - Augmented X train shape: (200, 3)
2025-09-22 06:48:04 - INFO - Combined X train shape: (360, 3)
2025-09-22 06:48:04 - INFO - Training new mlp model on augmented data

2025-09-22 06:48:04 - INFO - Selected features to perturb: ['F0', 'F1']

2025-09-22 06:48:04 - INFO - Intervening on features to create augmented feature set
2025-09-22 06:48:04 - INFO - Generating counterfactuals for augmented target set
2025-09-22 06:48:04 - INFO - Original X train shape: (160, 3)
2025-09-22 06:48:04 - INFO - Augmented X train shape: (200, 3)
2025-09-22 06:48:04 - INFO - Combined X train shape: (360, 3)
2025-09-22 06:48:04 - INFO - Training new mlp model on augmented data

2025-09-22 06:48:04 - INFO - Selected features to perturb: ['F0', 'F1']

2025-09-22 06:48:04 - INFO - Intervening on features to create augmented feature set
2025-09-22 06:48:04 - INFO - Generating counterfactuals for augmented target set
2025-09-22 06:48:04 - INFO - Original X train shape: (160, 3)
2025-09-22 06:48:04 - INFO - Augmented X train shape: (120, 3)
2025-09-22 06:48:04 - INFO - Combined X train shape: (280, 3)
2025-09-22 06:48:04 - INFO - Training new mlp model on augmented data

2025-09-22 06:48:04 - INFO - Selected features to perturb: ['F0', 'F1']

2025-09-22 06:48:04 - INFO - Intervening on features to create augmented feature set
2025-09-22 06:48:04 - INFO - Generating counterfactuals for augmented target set
2025-09-22 06:48:04 - INFO - Original X train shape: (160, 3)
2025-09-22 06:48:04 - INFO - Augmented X train shape: (240, 3)
2025-09-22 06:48:04 - INFO - Combined X train shape: (400, 3)
2025-09-22 06:48:04 - INFO - Training new mlp model on augmented data

2025-09-22 06:48:04 - INFO - Selected features to perturb: ['F0']

2025-09-22 06:48:04 - INFO - Intervening on features to create augmented feature set
2025-09-22 06:48:04 - INFO - Generating counterfactuals for augmented target set
2025-09-22 06:48:04 - INFO - Original X train shape: (160, 3)
2025-09-22 06:48:04 - INFO - Augmented X train shape: (240, 3)
2025-09-22 06:48:04 - INFO - Combined X train shape: (400, 3)
2025-09-22 06:48:04 - INFO - Training new mlp model on augmented data

2025-09-22 06:48:05 - INFO - Selected features to perturb: ['F0', 'F1']

2025-09-22 06:48:05 - INFO - Intervening on features to create augmented feature set
2025-09-22 06:48:05 - INFO - Generating counterfactuals for augmented target set
2025-09-22 06:48:05 - INFO - Original X train shape: (160, 3)
2025-09-22 06:48:05 - INFO - Augmented X train shape: (200, 3)
2025-09-22 06:48:05 - INFO - Combined X train shape: (360, 3)
2025-09-22 06:48:05 - INFO - Training new mlp model on augmented data

2025-09-22 06:48:05 - INFO - Selected features to perturb: ['F0']

2025-09-22 06:48:05 - INFO - Intervening on features to create augmented feature set
2025-09-22 06:48:05 - INFO - Generating counterfactuals for augmented target set
2025-09-22 06:48:05 - INFO - Original X train shape: (160, 3)
2025-09-22 06:48:05 - INFO - Augmented X train shape: (200, 3)
2025-09-22 06:48:05 - INFO - Combined X train shape: (360, 3)
2025-09-22 06:48:05 - INFO - Training new mlp model on augmented data

2025-09-22 06:48:05 - INFO - Selected features to perturb: ['F0', 'F1']

2025-09-22 06:48:05 - INFO - Intervening on features to create augmented feature set
2025-09-22 06:48:05 - INFO - Generating counterfactuals for augmented target set
2025-09-22 06:48:05 - INFO - Original X train shape: (160, 3)
2025-09-22 06:48:05 - INFO - Augmented X train shape: (160, 3)
2025-09-22 06:48:05 - INFO - Combined X train shape: (320, 3)
2025-09-22 06:48:05 - INFO - Training new mlp model on augmented data

2025-09-22 06:48:05 - INFO - Selected features to perturb: ['F0', 'F1']

2025-09-22 06:48:05 - INFO - Intervening on features to create augmented feature set
2025-09-22 06:48:05 - INFO - Generating counterfactuals for augmented target set
2025-09-22 06:48:05 - INFO - Original X train shape: (160, 3)
2025-09-22 06:48:05 - INFO - Augmented X train shape: (160, 3)
2025-09-22 06:48:05 - INFO - Combined X train shape: (320, 3)
2025-09-22 06:48:05 - INFO - Training new mlp model on augmented data

2025-09-22 06:48:05 - INFO - Selected features to perturb: ['F0', 'F1']

2025-09-22 06:48:05 - INFO - Intervening on features to create augmented feature set
2025-09-22 06:48:05 - INFO - Generating counterfactuals for augmented target set
2025-09-22 06:48:05 - INFO - Original X train shape: (160, 3)
2025-09-22 06:48:05 - INFO - Augmented X train shape: (200, 3)
2025-09-22 06:48:05 - INFO - Combined X train shape: (360, 3)
2025-09-22 06:48:05 - INFO - Training new mlp model on augmented data

2025-09-22 06:48:05 - INFO - Selected features to perturb: ['F0', 'F1']

2025-09-22 06:48:05 - INFO - Intervening on features to create augmented feature set
2025-09-22 06:48:05 - INFO - Generating counterfactuals for augmented target set
2025-09-22 06:48:05 - INFO - Original X train shape: (160, 3)
2025-09-22 06:48:05 - INFO - Augmented X train shape: (80, 3)
2025-09-22 06:48:05 - INFO - Combined X train shape: (240, 3)
2025-09-22 06:48:05 - INFO - Training new mlp model on augmented data

2025-09-22 06:48:06 - INFO - Selected features to perturb: ['F0', 'F1']

2025-09-22 06:48:06 - INFO - Intervening on features to create augmented feature set
2025-09-22 06:48:06 - INFO - Generating counterfactuals for augmented target set
2025-09-22 06:48:06 - INFO - Original X train shape: (160, 3)
2025-09-22 06:48:06 - INFO - Augmented X train shape: (160, 3)
2025-09-22 06:48:06 - INFO - Combined X train shape: (320, 3)
2025-09-22 06:48:06 - INFO - Training new mlp model on augmented data

2025-09-22 06:48:06 - INFO - Selected features to perturb: ['F0', 'F1']

2025-09-22 06:48:06 - INFO - Intervening on features to create augmented feature set
2025-09-22 06:48:06 - INFO - Generating counterfactuals for augmented target set
2025-09-22 06:48:06 - INFO - Original X train shape: (160, 3)
2025-09-22 06:48:06 - INFO - Augmented X train shape: (120, 3)
2025-09-22 06:48:06 - INFO - Combined X train shape: (280, 3)
2025-09-22 06:48:06 - INFO - Training new mlp model on augmented data

2025-09-22 06:48:06 - INFO - Selected features to perturb: ['F0', 'F1']

2025-09-22 06:48:06 - INFO - Intervening on features to create augmented feature set
2025-09-22 06:48:06 - INFO - Generating counterfactuals for augmented target set
2025-09-22 06:48:06 - INFO - Original X train shape: (160, 3)
2025-09-22 06:48:06 - INFO - Augmented X train shape: (120, 3)
2025-09-22 06:48:06 - INFO - Combined X train shape: (280, 3)
2025-09-22 06:48:06 - INFO - Training new mlp model on augmented data

2025-09-22 06:48:06 - INFO - Selected features to perturb: ['F0', 'F1']

2025-09-22 06:48:06 - INFO - Intervening on features to create augmented feature set
2025-09-22 06:48:06 - INFO - Generating counterfactuals for augmented target set
2025-09-22 06:48:06 - INFO - Original X train shape: (160, 3)
2025-09-22 06:48:06 - INFO - Augmented X train shape: (160, 3)
2025-09-22 06:48:06 - INFO - Combined X train shape: (320, 3)
2025-09-22 06:48:06 - INFO - Training new mlp model on augmented data

2025-09-22 06:48:06 - INFO - Selected features to perturb: ['F0', 'F1']

2025-09-22 06:48:06 - INFO - Intervening on features to create augmented feature set
2025-09-22 06:48:06 - INFO - Generating counterfactuals for augmented target set
2025-09-22 06:48:06 - INFO - Original X train shape: (160, 3)
2025-09-22 06:48:06 - INFO - Augmented X train shape: (240, 3)
2025-09-22 06:48:06 - INFO - Combined X train shape: (400, 3)
2025-09-22 06:48:06 - INFO - Training new mlp model on augmented data

2025-09-22 06:48:06 - INFO - Selected features to perturb: ['F0', 'F1']

2025-09-22 06:48:06 - INFO - Intervening on features to create augmented feature set
2025-09-22 06:48:06 - INFO - Generating counterfactuals for augmented target set
2025-09-22 06:48:06 - INFO - Original X train shape: (160, 3)
2025-09-22 06:48:06 - INFO - Augmented X train shape: (80, 3)
2025-09-22 06:48:06 - INFO - Combined X train shape: (240, 3)
2025-09-22 06:48:06 - INFO - Training new mlp model on augmented data

2025-09-22 06:48:06 - INFO - Selected features to perturb: ['F0', 'F1']

2025-09-22 06:48:06 - INFO - Intervening on features to create augmented feature set
2025-09-22 06:48:06 - INFO - Generating counterfactuals for augmented target set
2025-09-22 06:48:06 - INFO - Original X train shape: (160, 3)
2025-09-22 06:48:06 - INFO - Augmented X train shape: (200, 3)
2025-09-22 06:48:06 - INFO - Combined X train shape: (360, 3)
2025-09-22 06:48:06 - INFO - Training new mlp model on augmented data

2025-09-22 06:48:06 - INFO - Selected features to perturb: ['F0', 'F1']

2025-09-22 06:48:06 - INFO - Intervening on features to create augmented feature set
2025-09-22 06:48:06 - INFO - Generating counterfactuals for augmented target set
2025-09-22 06:48:06 - INFO - Original X train shape: (160, 3)
2025-09-22 06:48:06 - INFO - Augmented X train shape: (160, 3)
2025-09-22 06:48:06 - INFO - Combined X train shape: (320, 3)
2025-09-22 06:48:06 - INFO - Training new mlp model on augmented data

2025-09-22 06:48:07 - INFO - Selected features to perturb: ['F0', 'F1']

2025-09-22 06:48:07 - INFO - Intervening on features to create augmented feature set
2025-09-22 06:48:07 - INFO - Generating counterfactuals for augmented target set
2025-09-22 06:48:07 - INFO - Original X train shape: (160, 3)
2025-09-22 06:48:07 - INFO - Augmented X train shape: (120, 3)
2025-09-22 06:48:07 - INFO - Combined X train shape: (280, 3)
2025-09-22 06:48:07 - INFO - Training new mlp model on augmented data

2025-09-22 06:48:07 - INFO - Selected features to perturb: ['F0', 'F1']

2025-09-22 06:48:07 - INFO - Intervening on features to create augmented feature set
2025-09-22 06:48:07 - INFO - Generating counterfactuals for augmented target set
2025-09-22 06:48:07 - INFO - Original X train shape: (160, 3)
2025-09-22 06:48:07 - INFO - Augmented X train shape: (160, 3)
2025-09-22 06:48:07 - INFO - Combined X train shape: (320, 3)
2025-09-22 06:48:07 - INFO - Training new mlp model on augmented data

2025-09-22 06:48:07 - INFO - Selected features to perturb: ['F0', 'F1']

2025-09-22 06:48:07 - INFO - Intervening on features to create augmented feature set
2025-09-22 06:48:07 - INFO - Generating counterfactuals for augmented target set
2025-09-22 06:48:07 - INFO - Original X train shape: (160, 3)
2025-09-22 06:48:07 - INFO - Augmented X train shape: (160, 3)
2025-09-22 06:48:07 - INFO - Combined X train shape: (320, 3)
2025-09-22 06:48:07 - INFO - Training new mlp model on augmented data

2025-09-22 06:48:07 - INFO - Selected features to perturb: ['F0', 'F1']

2025-09-22 06:48:07 - INFO - Intervening on features to create augmented feature set
2025-09-22 06:48:07 - INFO - Generating counterfactuals for augmented target set
2025-09-22 06:48:07 - INFO - Original X train shape: (160, 3)
2025-09-22 06:48:07 - INFO - Augmented X train shape: (160, 3)
2025-09-22 06:48:07 - INFO - Combined X train shape: (320, 3)
2025-09-22 06:48:07 - INFO - Training new mlp model on augmented data

2025-09-22 06:48:07 - INFO - Selected features to perturb: ['F0', 'F1']

2025-09-22 06:48:07 - INFO - Intervening on features to create augmented feature set
2025-09-22 06:48:07 - INFO - Generating counterfactuals for augmented target set
2025-09-22 06:48:07 - INFO - Original X train shape: (160, 3)
2025-09-22 06:48:07 - INFO - Augmented X train shape: (200, 3)
2025-09-22 06:48:07 - INFO - Combined X train shape: (360, 3)
2025-09-22 06:48:07 - INFO - Training new mlp model on augmented data

2025-09-22 06:48:07 - INFO - Selected features to perturb: ['F0', 'F1']

2025-09-22 06:48:07 - INFO - Intervening on features to create augmented feature set
2025-09-22 06:48:07 - INFO - Generating counterfactuals for augmented target set
2025-09-22 06:48:07 - INFO - Original X train shape: (160, 3)
2025-09-22 06:48:07 - INFO - Augmented X train shape: (160, 3)
2025-09-22 06:48:07 - INFO - Combined X train shape: (320, 3)
2025-09-22 06:48:07 - INFO - Training new mlp model on augmented data

2025-09-22 06:48:08 - INFO - Selected features to perturb: ['F0', 'F1']

2025-09-22 06:48:08 - INFO - Intervening on features to create augmented feature set
2025-09-22 06:48:08 - INFO - Generating counterfactuals for augmented target set
2025-09-22 06:48:08 - INFO - Original X train shape: (160, 3)
2025-09-22 06:48:08 - INFO - Augmented X train shape: (120, 3)
2025-09-22 06:48:08 - INFO - Combined X train shape: (280, 3)
2025-09-22 06:48:08 - INFO - Training new mlp model on augmented data

2025-09-22 06:48:08 - INFO - Selected features to perturb: ['F0', 'F1']

2025-09-22 06:48:08 - INFO - Intervening on features to create augmented feature set
2025-09-22 06:48:08 - INFO - Generating counterfactuals for augmented target set
2025-09-22 06:48:08 - INFO - Original X train shape: (160, 3)
2025-09-22 06:48:08 - INFO - Augmented X train shape: (200, 3)
2025-09-22 06:48:08 - INFO - Combined X train shape: (360, 3)
2025-09-22 06:48:08 - INFO - Training new mlp model on augmented data

2025-09-22 06:48:08 - INFO - Selected features to perturb: ['F0', 'F1']

2025-09-22 06:48:08 - INFO - Intervening on features to create augmented feature set
2025-09-22 06:48:08 - INFO - Generating counterfactuals for augmented target set
2025-09-22 06:48:08 - INFO - Original X train shape: (160, 3)
2025-09-22 06:48:08 - INFO - Augmented X train shape: (160, 3)
2025-09-22 06:48:08 - INFO - Combined X train shape: (320, 3)
2025-09-22 06:48:08 - INFO - Training new mlp model on augmented data

2025-09-22 06:48:08 - INFO - Selected features to perturb: ['F0', 'F1']

2025-09-22 06:48:08 - INFO - Intervening on features to create augmented feature set
2025-09-22 06:48:08 - INFO - Generating counterfactuals for augmented target set
2025-09-22 06:48:08 - INFO - Original X train shape: (160, 3)
2025-09-22 06:48:08 - INFO - Augmented X train shape: (240, 3)
2025-09-22 06:48:08 - INFO - Combined X train shape: (400, 3)
2025-09-22 06:48:08 - INFO - Training new mlp model on augmented data

2025-09-22 06:48:08 - INFO - Selected features to perturb: ['F0', 'F1']

2025-09-22 06:48:08 - INFO - Intervening on features to create augmented feature set
2025-09-22 06:48:08 - INFO - Generating counterfactuals for augmented target set
2025-09-22 06:48:08 - INFO - Original X train shape: (160, 3)
2025-09-22 06:48:08 - INFO - Augmented X train shape: (200, 3)
2025-09-22 06:48:08 - INFO - Combined X train shape: (360, 3)
2025-09-22 06:48:08 - INFO - Training new mlp model on augmented data

2025-09-22 06:48:08 - INFO - Best augmentation parameters:
{'max_n_features_to_perturb': 4, 'aug_data_size_factor': 1.0, 'aug_data_weight': 0.5, 'max_perturb_percent': 0.2, 'min_perturb_percent': -0.2}

2025-09-22 06:48:08 - INFO - Selected features to perturb: ['F0', 'F1']

2025-09-22 06:48:08 - INFO - Intervening on features to create augmented feature set
2025-09-22 06:48:08 - INFO - Generating counterfactuals for augmented target set
2025-09-22 06:48:08 - INFO - Original X train shape: (200, 3)
2025-09-22 06:48:08 - INFO - Augmented X train shape: (200, 3)
2025-09-22 06:48:08 - INFO - Combined X train shape: (400, 3)
2025-09-22 06:48:13 - INFO - Done cross-validation evaluation
2025-09-22 06:48:13 - INFO - The p-value from the Wilcoxon signed-rank test is: 0.0009765625

2025-09-22 06:48:13 - INFO - Evaluation metrics for the experiment:
2025-09-22 06:48:13 - INFO - Original MSE: 0.00638908848011971, Augmented MSE: 0.006068869025862182


2025-09-22 06:48:13 - INFO - ####################################################################################################
2025-09-22 06:48:13 - INFO - Interim results for seeds saved to ../experiments_synthetic/anm/mlp_20250922-064755/interim_results/anm_data_sample_250_interim_results.csv. Aggregating results for anm_data_sample_250...
2025-09-22 06:48:13 - INFO - ****************************************************************************************************
2025-09-22 06:48:13 - INFO - 






****************************************************************************************************
2025-09-22 06:48:13 - INFO - Running experiment on dataset: anm_data_sample_500
2025-09-22 06:48:13 - INFO - 



####################################################################################################
2025-09-22 06:48:13 - INFO - Running experiment on dataset: anm_data_sample_500 with seed: 0
2025-09-22 06:48:13 - INFO - Training mlp baseline model
2025-09-22 06:48:13 - INFO - Done training baseline model
2025-09-22 06:48:13 - INFO - Done calculating residuals

2025-09-22 06:48:13 - INFO - Filtering for features to perturb
2025-09-22 06:48:13 - INFO - Creating causal graph for anm_data_sample_500
2025-09-22 06:48:13 - INFO - Features that are not connected to Z (conditional independence): ['F2']
2025-09-22 06:48:13 - INFO - [Z vs F0]  r: 0.1053, p: 0.0185
2025-09-22 06:48:13 - INFO - [Z vs F1]  r: -0.1192, p: 0.0076
2025-09-22 06:48:13 - INFO - [Z vs F2]  r: -0.0470, p: 0.2947
2025-09-22 06:48:13 - INFO - Candidates (uncorrelated + not connected to Z): ['F2']
2025-09-22 06:48:13 - INFO - Ranked candidate features:
  feature    score  r_with_T  r_with_Z
0      F2 -0.02073 -0.026221 -0.046951
2025-09-22 06:48:13 - INFO - Done filtering.

2025-09-22 06:48:13 - INFO - Selected features to perturb: ['F2']

2025-09-22 06:48:13 - INFO - Intervening on features to create augmented feature set
2025-09-22 06:48:13 - INFO - Generating counterfactuals for augmented target set
2025-09-22 06:48:13 - INFO - Original X train shape: (320, 3)
2025-09-22 06:48:13 - INFO - Augmented X train shape: (400, 3)
2025-09-22 06:48:13 - INFO - Combined X train shape: (720, 3)
2025-09-22 06:48:13 - INFO - Training new mlp model on augmented data

2025-09-22 06:48:13 - INFO - Selected features to perturb: ['F2']

2025-09-22 06:48:13 - INFO - Intervening on features to create augmented feature set
2025-09-22 06:48:13 - INFO - Generating counterfactuals for augmented target set
2025-09-22 06:48:13 - INFO - Original X train shape: (320, 3)
2025-09-22 06:48:13 - INFO - Augmented X train shape: (400, 3)
2025-09-22 06:48:13 - INFO - Combined X train shape: (720, 3)
2025-09-22 06:48:13 - INFO - Training new mlp model on augmented data

2025-09-22 06:48:13 - INFO - Selected features to perturb: ['F2']

2025-09-22 06:48:13 - INFO - Intervening on features to create augmented feature set
2025-09-22 06:48:13 - INFO - Generating counterfactuals for augmented target set
2025-09-22 06:48:13 - INFO - Original X train shape: (320, 3)
2025-09-22 06:48:13 - INFO - Augmented X train shape: (240, 3)
2025-09-22 06:48:13 - INFO - Combined X train shape: (560, 3)
2025-09-22 06:48:13 - INFO - Training new mlp model on augmented data

2025-09-22 06:48:14 - INFO - Selected features to perturb: ['F2']

2025-09-22 06:48:14 - INFO - Intervening on features to create augmented feature set
2025-09-22 06:48:14 - INFO - Generating counterfactuals for augmented target set
2025-09-22 06:48:14 - INFO - Original X train shape: (320, 3)
2025-09-22 06:48:14 - INFO - Augmented X train shape: (480, 3)
2025-09-22 06:48:14 - INFO - Combined X train shape: (800, 3)
2025-09-22 06:48:14 - INFO - Training new mlp model on augmented data

2025-09-22 06:48:14 - INFO - Selected features to perturb: ['F2']

2025-09-22 06:48:14 - INFO - Intervening on features to create augmented feature set
2025-09-22 06:48:14 - INFO - Generating counterfactuals for augmented target set
2025-09-22 06:48:14 - INFO - Original X train shape: (320, 3)
2025-09-22 06:48:14 - INFO - Augmented X train shape: (480, 3)
2025-09-22 06:48:14 - INFO - Combined X train shape: (800, 3)
2025-09-22 06:48:14 - INFO - Training new mlp model on augmented data

2025-09-22 06:48:14 - INFO - Selected features to perturb: ['F2']

2025-09-22 06:48:14 - INFO - Intervening on features to create augmented feature set
2025-09-22 06:48:14 - INFO - Generating counterfactuals for augmented target set
2025-09-22 06:48:14 - INFO - Original X train shape: (320, 3)
2025-09-22 06:48:14 - INFO - Augmented X train shape: (400, 3)
2025-09-22 06:48:14 - INFO - Combined X train shape: (720, 3)
2025-09-22 06:48:14 - INFO - Training new mlp model on augmented data

2025-09-22 06:48:14 - INFO - Selected features to perturb: ['F2']

2025-09-22 06:48:14 - INFO - Intervening on features to create augmented feature set
2025-09-22 06:48:14 - INFO - Generating counterfactuals for augmented target set
2025-09-22 06:48:14 - INFO - Original X train shape: (320, 3)
2025-09-22 06:48:14 - INFO - Augmented X train shape: (400, 3)
2025-09-22 06:48:14 - INFO - Combined X train shape: (720, 3)
2025-09-22 06:48:14 - INFO - Training new mlp model on augmented data

2025-09-22 06:48:14 - INFO - Selected features to perturb: ['F2']

2025-09-22 06:48:14 - INFO - Intervening on features to create augmented feature set
2025-09-22 06:48:14 - INFO - Generating counterfactuals for augmented target set
2025-09-22 06:48:14 - INFO - Original X train shape: (320, 3)
2025-09-22 06:48:14 - INFO - Augmented X train shape: (320, 3)
2025-09-22 06:48:14 - INFO - Combined X train shape: (640, 3)
2025-09-22 06:48:14 - INFO - Training new mlp model on augmented data

2025-09-22 06:48:15 - INFO - Selected features to perturb: ['F2']

2025-09-22 06:48:15 - INFO - Intervening on features to create augmented feature set
2025-09-22 06:48:15 - INFO - Generating counterfactuals for augmented target set
2025-09-22 06:48:15 - INFO - Original X train shape: (320, 3)
2025-09-22 06:48:15 - INFO - Augmented X train shape: (320, 3)
2025-09-22 06:48:15 - INFO - Combined X train shape: (640, 3)
2025-09-22 06:48:15 - INFO - Training new mlp model on augmented data

2025-09-22 06:48:15 - INFO - Selected features to perturb: ['F2']

2025-09-22 06:48:15 - INFO - Intervening on features to create augmented feature set
2025-09-22 06:48:15 - INFO - Generating counterfactuals for augmented target set
2025-09-22 06:48:15 - INFO - Original X train shape: (320, 3)
2025-09-22 06:48:15 - INFO - Augmented X train shape: (400, 3)
2025-09-22 06:48:15 - INFO - Combined X train shape: (720, 3)
2025-09-22 06:48:15 - INFO - Training new mlp model on augmented data

2025-09-22 06:48:15 - INFO - Selected features to perturb: ['F2']

2025-09-22 06:48:15 - INFO - Intervening on features to create augmented feature set
2025-09-22 06:48:15 - INFO - Generating counterfactuals for augmented target set
2025-09-22 06:48:15 - INFO - Original X train shape: (320, 3)
2025-09-22 06:48:15 - INFO - Augmented X train shape: (160, 3)
2025-09-22 06:48:15 - INFO - Combined X train shape: (480, 3)
2025-09-22 06:48:15 - INFO - Training new mlp model on augmented data

2025-09-22 06:48:15 - INFO - Selected features to perturb: ['F2']

2025-09-22 06:48:15 - INFO - Intervening on features to create augmented feature set
2025-09-22 06:48:15 - INFO - Generating counterfactuals for augmented target set
2025-09-22 06:48:15 - INFO - Original X train shape: (320, 3)
2025-09-22 06:48:15 - INFO - Augmented X train shape: (160, 3)
2025-09-22 06:48:15 - INFO - Combined X train shape: (480, 3)
2025-09-22 06:48:15 - INFO - Training new mlp model on augmented data

2025-09-22 06:48:16 - INFO - Selected features to perturb: ['F2']

2025-09-22 06:48:16 - INFO - Intervening on features to create augmented feature set
2025-09-22 06:48:16 - INFO - Generating counterfactuals for augmented target set
2025-09-22 06:48:16 - INFO - Original X train shape: (320, 3)
2025-09-22 06:48:16 - INFO - Augmented X train shape: (240, 3)
2025-09-22 06:48:16 - INFO - Combined X train shape: (560, 3)
2025-09-22 06:48:16 - INFO - Training new mlp model on augmented data

2025-09-22 06:48:16 - INFO - Selected features to perturb: ['F2']

2025-09-22 06:48:16 - INFO - Intervening on features to create augmented feature set
2025-09-22 06:48:16 - INFO - Generating counterfactuals for augmented target set
2025-09-22 06:48:16 - INFO - Original X train shape: (320, 3)
2025-09-22 06:48:16 - INFO - Augmented X train shape: (240, 3)
2025-09-22 06:48:16 - INFO - Combined X train shape: (560, 3)
2025-09-22 06:48:16 - INFO - Training new mlp model on augmented data

2025-09-22 06:48:16 - INFO - Selected features to perturb: ['F2']

2025-09-22 06:48:16 - INFO - Intervening on features to create augmented feature set
2025-09-22 06:48:16 - INFO - Generating counterfactuals for augmented target set
2025-09-22 06:48:16 - INFO - Original X train shape: (320, 3)
2025-09-22 06:48:16 - INFO - Augmented X train shape: (480, 3)
2025-09-22 06:48:16 - INFO - Combined X train shape: (800, 3)
2025-09-22 06:48:16 - INFO - Training new mlp model on augmented data

2025-09-22 06:48:16 - INFO - Selected features to perturb: ['F2']

2025-09-22 06:48:16 - INFO - Intervening on features to create augmented feature set
2025-09-22 06:48:16 - INFO - Generating counterfactuals for augmented target set
2025-09-22 06:48:16 - INFO - Original X train shape: (320, 3)
2025-09-22 06:48:16 - INFO - Augmented X train shape: (480, 3)
2025-09-22 06:48:16 - INFO - Combined X train shape: (800, 3)
2025-09-22 06:48:16 - INFO - Training new mlp model on augmented data

2025-09-22 06:48:17 - INFO - Selected features to perturb: ['F2']

2025-09-22 06:48:17 - INFO - Intervening on features to create augmented feature set
2025-09-22 06:48:17 - INFO - Generating counterfactuals for augmented target set
2025-09-22 06:48:17 - INFO - Original X train shape: (320, 3)
2025-09-22 06:48:17 - INFO - Augmented X train shape: (480, 3)
2025-09-22 06:48:17 - INFO - Combined X train shape: (800, 3)
2025-09-22 06:48:17 - INFO - Training new mlp model on augmented data

2025-09-22 06:48:17 - INFO - Selected features to perturb: ['F2']

2025-09-22 06:48:17 - INFO - Intervening on features to create augmented feature set
2025-09-22 06:48:17 - INFO - Generating counterfactuals for augmented target set
2025-09-22 06:48:17 - INFO - Original X train shape: (320, 3)
2025-09-22 06:48:17 - INFO - Augmented X train shape: (480, 3)
2025-09-22 06:48:17 - INFO - Combined X train shape: (800, 3)
2025-09-22 06:48:17 - INFO - Training new mlp model on augmented data

2025-09-22 06:48:17 - INFO - Selected features to perturb: ['F2']

2025-09-22 06:48:17 - INFO - Intervening on features to create augmented feature set
2025-09-22 06:48:17 - INFO - Generating counterfactuals for augmented target set
2025-09-22 06:48:17 - INFO - Original X train shape: (320, 3)
2025-09-22 06:48:17 - INFO - Augmented X train shape: (480, 3)
2025-09-22 06:48:17 - INFO - Combined X train shape: (800, 3)
2025-09-22 06:48:17 - INFO - Training new mlp model on augmented data

2025-09-22 06:48:18 - INFO - Selected features to perturb: ['F2']

2025-09-22 06:48:18 - INFO - Intervening on features to create augmented feature set
2025-09-22 06:48:18 - INFO - Generating counterfactuals for augmented target set
2025-09-22 06:48:18 - INFO - Original X train shape: (320, 3)
2025-09-22 06:48:18 - INFO - Augmented X train shape: (320, 3)
2025-09-22 06:48:18 - INFO - Combined X train shape: (640, 3)
2025-09-22 06:48:18 - INFO - Training new mlp model on augmented data

2025-09-22 06:48:18 - INFO - Selected features to perturb: ['F2']

2025-09-22 06:48:18 - INFO - Intervening on features to create augmented feature set
2025-09-22 06:48:18 - INFO - Generating counterfactuals for augmented target set
2025-09-22 06:48:18 - INFO - Original X train shape: (320, 3)
2025-09-22 06:48:18 - INFO - Augmented X train shape: (480, 3)
2025-09-22 06:48:18 - INFO - Combined X train shape: (800, 3)
2025-09-22 06:48:18 - INFO - Training new mlp model on augmented data

2025-09-22 06:48:18 - INFO - Selected features to perturb: ['F2']

2025-09-22 06:48:18 - INFO - Intervening on features to create augmented feature set
2025-09-22 06:48:18 - INFO - Generating counterfactuals for augmented target set
2025-09-22 06:48:18 - INFO - Original X train shape: (320, 3)
2025-09-22 06:48:18 - INFO - Augmented X train shape: (480, 3)
2025-09-22 06:48:18 - INFO - Combined X train shape: (800, 3)
2025-09-22 06:48:18 - INFO - Training new mlp model on augmented data

2025-09-22 06:48:18 - INFO - Selected features to perturb: ['F2']

2025-09-22 06:48:18 - INFO - Intervening on features to create augmented feature set
2025-09-22 06:48:18 - INFO - Generating counterfactuals for augmented target set
2025-09-22 06:48:18 - INFO - Original X train shape: (320, 3)
2025-09-22 06:48:18 - INFO - Augmented X train shape: (480, 3)
2025-09-22 06:48:18 - INFO - Combined X train shape: (800, 3)
2025-09-22 06:48:18 - INFO - Training new mlp model on augmented data

2025-09-22 06:48:19 - INFO - Selected features to perturb: ['F2']

2025-09-22 06:48:19 - INFO - Intervening on features to create augmented feature set
2025-09-22 06:48:19 - INFO - Generating counterfactuals for augmented target set
2025-09-22 06:48:19 - INFO - Original X train shape: (320, 3)
2025-09-22 06:48:19 - INFO - Augmented X train shape: (400, 3)
2025-09-22 06:48:19 - INFO - Combined X train shape: (720, 3)
2025-09-22 06:48:19 - INFO - Training new mlp model on augmented data

2025-09-22 06:48:19 - INFO - Selected features to perturb: ['F2']

2025-09-22 06:48:19 - INFO - Intervening on features to create augmented feature set
2025-09-22 06:48:19 - INFO - Generating counterfactuals for augmented target set
2025-09-22 06:48:19 - INFO - Original X train shape: (320, 3)
2025-09-22 06:48:19 - INFO - Augmented X train shape: (480, 3)
2025-09-22 06:48:19 - INFO - Combined X train shape: (800, 3)
2025-09-22 06:48:19 - INFO - Training new mlp model on augmented data

2025-09-22 06:48:19 - INFO - Selected features to perturb: ['F2']

2025-09-22 06:48:19 - INFO - Intervening on features to create augmented feature set
2025-09-22 06:48:19 - INFO - Generating counterfactuals for augmented target set
2025-09-22 06:48:19 - INFO - Original X train shape: (320, 3)
2025-09-22 06:48:19 - INFO - Augmented X train shape: (400, 3)
2025-09-22 06:48:19 - INFO - Combined X train shape: (720, 3)
2025-09-22 06:48:19 - INFO - Training new mlp model on augmented data

2025-09-22 06:48:20 - INFO - Selected features to perturb: ['F2']

2025-09-22 06:48:20 - INFO - Intervening on features to create augmented feature set
2025-09-22 06:48:20 - INFO - Generating counterfactuals for augmented target set
2025-09-22 06:48:20 - INFO - Original X train shape: (320, 3)
2025-09-22 06:48:20 - INFO - Augmented X train shape: (480, 3)
2025-09-22 06:48:20 - INFO - Combined X train shape: (800, 3)
2025-09-22 06:48:20 - INFO - Training new mlp model on augmented data

2025-09-22 06:48:20 - INFO - Selected features to perturb: ['F2']

2025-09-22 06:48:20 - INFO - Intervening on features to create augmented feature set
2025-09-22 06:48:20 - INFO - Generating counterfactuals for augmented target set
2025-09-22 06:48:20 - INFO - Original X train shape: (320, 3)
2025-09-22 06:48:20 - INFO - Augmented X train shape: (320, 3)
2025-09-22 06:48:20 - INFO - Combined X train shape: (640, 3)
2025-09-22 06:48:20 - INFO - Training new mlp model on augmented data

2025-09-22 06:48:20 - INFO - Selected features to perturb: ['F2']

2025-09-22 06:48:20 - INFO - Intervening on features to create augmented feature set
2025-09-22 06:48:20 - INFO - Generating counterfactuals for augmented target set
2025-09-22 06:48:20 - INFO - Original X train shape: (320, 3)
2025-09-22 06:48:20 - INFO - Augmented X train shape: (320, 3)
2025-09-22 06:48:20 - INFO - Combined X train shape: (640, 3)
2025-09-22 06:48:20 - INFO - Training new mlp model on augmented data

2025-09-22 06:48:20 - INFO - Selected features to perturb: ['F2']

2025-09-22 06:48:20 - INFO - Intervening on features to create augmented feature set
2025-09-22 06:48:20 - INFO - Generating counterfactuals for augmented target set
2025-09-22 06:48:20 - INFO - Original X train shape: (320, 3)
2025-09-22 06:48:20 - INFO - Augmented X train shape: (240, 3)
2025-09-22 06:48:20 - INFO - Combined X train shape: (560, 3)
2025-09-22 06:48:20 - INFO - Training new mlp model on augmented data

2025-09-22 06:48:20 - INFO - Best augmentation parameters:
{'max_n_features_to_perturb': 3, 'aug_data_size_factor': 1.0, 'aug_data_weight': 0.25, 'max_perturb_percent': 0.30000000000000004, 'min_perturb_percent': -0.30000000000000004}

2025-09-22 06:48:20 - INFO - Selected features to perturb: ['F2']

2025-09-22 06:48:20 - INFO - Intervening on features to create augmented feature set
2025-09-22 06:48:20 - INFO - Generating counterfactuals for augmented target set
2025-09-22 06:48:20 - INFO - Original X train shape: (400, 3)
2025-09-22 06:48:20 - INFO - Augmented X train shape: (400, 3)
2025-09-22 06:48:20 - INFO - Combined X train shape: (800, 3)
2025-09-22 06:48:25 - INFO - Done cross-validation evaluation
2025-09-22 06:48:25 - INFO - The p-value from the Wilcoxon signed-rank test is: 0.001953125

2025-09-22 06:48:25 - INFO - Evaluation metrics for the experiment:
2025-09-22 06:48:25 - INFO - Original MSE: 0.0036077279718843263, Augmented MSE: 0.0037148602011564157


2025-09-22 06:48:25 - INFO - ####################################################################################################
2025-09-22 06:48:25 - INFO - Interim results for seeds saved to ../experiments_synthetic/anm/mlp_20250922-064755/interim_results/anm_data_sample_500_interim_results.csv. Aggregating results for anm_data_sample_500...
2025-09-22 06:48:25 - INFO - ****************************************************************************************************
2025-09-22 06:48:25 - INFO - 






****************************************************************************************************
2025-09-22 06:48:25 - INFO - Running experiment on dataset: anm_data_sample_1000
2025-09-22 06:48:25 - INFO - 



####################################################################################################
2025-09-22 06:48:25 - INFO - Running experiment on dataset: anm_data_sample_1000 with seed: 0
2025-09-22 06:48:25 - INFO - Training mlp baseline model
2025-09-22 06:48:26 - INFO - Done training baseline model
2025-09-22 06:48:26 - INFO - Done calculating residuals

2025-09-22 06:48:26 - INFO - Filtering for features to perturb
2025-09-22 06:48:26 - INFO - Creating causal graph for anm_data_sample_1000
2025-09-22 06:48:26 - INFO - Features that are not connected to Z (conditional independence): ['F1']
2025-09-22 06:48:26 - INFO - [Z vs F0]  r: -0.0908, p: 0.0041
2025-09-22 06:48:26 - INFO - [Z vs F1]  r: -0.0205, p: 0.5178
2025-09-22 06:48:26 - INFO - [Z vs F2]  r: 0.1334, p: 0.0000
2025-09-22 06:48:26 - INFO - Candidates (uncorrelated + not connected to Z): ['F1']
2025-09-22 06:48:26 - INFO - Ranked candidate features:
  feature     score  r_with_T  r_with_Z
0      F1 -0.010844  0.009629 -0.020473
2025-09-22 06:48:26 - INFO - Done filtering.

2025-09-22 06:48:26 - INFO - Selected features to perturb: ['F1']

2025-09-22 06:48:26 - INFO - Intervening on features to create augmented feature set
2025-09-22 06:48:26 - INFO - Generating counterfactuals for augmented target set
2025-09-22 06:48:26 - INFO - Original X train shape: (640, 3)
2025-09-22 06:48:26 - INFO - Augmented X train shape: (800, 3)
2025-09-22 06:48:26 - INFO - Combined X train shape: (1440, 3)
2025-09-22 06:48:26 - INFO - Training new mlp model on augmented data

2025-09-22 06:48:26 - INFO - Selected features to perturb: ['F1']

2025-09-22 06:48:26 - INFO - Intervening on features to create augmented feature set
2025-09-22 06:48:26 - INFO - Generating counterfactuals for augmented target set
2025-09-22 06:48:26 - INFO - Original X train shape: (640, 3)
2025-09-22 06:48:26 - INFO - Augmented X train shape: (800, 3)
2025-09-22 06:48:26 - INFO - Combined X train shape: (1440, 3)
2025-09-22 06:48:26 - INFO - Training new mlp model on augmented data

2025-09-22 06:48:26 - INFO - Selected features to perturb: ['F1']

2025-09-22 06:48:26 - INFO - Intervening on features to create augmented feature set
2025-09-22 06:48:26 - INFO - Generating counterfactuals for augmented target set
2025-09-22 06:48:26 - INFO - Original X train shape: (640, 3)
2025-09-22 06:48:26 - INFO - Augmented X train shape: (480, 3)
2025-09-22 06:48:26 - INFO - Combined X train shape: (1120, 3)
2025-09-22 06:48:26 - INFO - Training new mlp model on augmented data

2025-09-22 06:48:27 - INFO - Selected features to perturb: ['F1']

2025-09-22 06:48:27 - INFO - Intervening on features to create augmented feature set
2025-09-22 06:48:27 - INFO - Generating counterfactuals for augmented target set
2025-09-22 06:48:27 - INFO - Original X train shape: (640, 3)
2025-09-22 06:48:27 - INFO - Augmented X train shape: (960, 3)
2025-09-22 06:48:27 - INFO - Combined X train shape: (1600, 3)
2025-09-22 06:48:27 - INFO - Training new mlp model on augmented data

2025-09-22 06:48:27 - INFO - Selected features to perturb: ['F1']

2025-09-22 06:48:27 - INFO - Intervening on features to create augmented feature set
2025-09-22 06:48:27 - INFO - Generating counterfactuals for augmented target set
2025-09-22 06:48:27 - INFO - Original X train shape: (640, 3)
2025-09-22 06:48:27 - INFO - Augmented X train shape: (960, 3)
2025-09-22 06:48:27 - INFO - Combined X train shape: (1600, 3)
2025-09-22 06:48:27 - INFO - Training new mlp model on augmented data

2025-09-22 06:48:28 - INFO - Selected features to perturb: ['F1']

2025-09-22 06:48:28 - INFO - Intervening on features to create augmented feature set
2025-09-22 06:48:28 - INFO - Generating counterfactuals for augmented target set
2025-09-22 06:48:28 - INFO - Original X train shape: (640, 3)
2025-09-22 06:48:28 - INFO - Augmented X train shape: (800, 3)
2025-09-22 06:48:28 - INFO - Combined X train shape: (1440, 3)
2025-09-22 06:48:28 - INFO - Training new mlp model on augmented data

2025-09-22 06:48:28 - INFO - Selected features to perturb: ['F1']

2025-09-22 06:48:28 - INFO - Intervening on features to create augmented feature set
2025-09-22 06:48:28 - INFO - Generating counterfactuals for augmented target set
2025-09-22 06:48:28 - INFO - Original X train shape: (640, 3)
2025-09-22 06:48:28 - INFO - Augmented X train shape: (800, 3)
2025-09-22 06:48:28 - INFO - Combined X train shape: (1440, 3)
2025-09-22 06:48:28 - INFO - Training new mlp model on augmented data

2025-09-22 06:48:28 - INFO - Selected features to perturb: ['F1']

2025-09-22 06:48:28 - INFO - Intervening on features to create augmented feature set
2025-09-22 06:48:28 - INFO - Generating counterfactuals for augmented target set
2025-09-22 06:48:28 - INFO - Original X train shape: (640, 3)
2025-09-22 06:48:28 - INFO - Augmented X train shape: (640, 3)
2025-09-22 06:48:28 - INFO - Combined X train shape: (1280, 3)
2025-09-22 06:48:28 - INFO - Training new mlp model on augmented data

2025-09-22 06:48:28 - INFO - Selected features to perturb: ['F1']

2025-09-22 06:48:28 - INFO - Intervening on features to create augmented feature set
2025-09-22 06:48:28 - INFO - Generating counterfactuals for augmented target set
2025-09-22 06:48:28 - INFO - Original X train shape: (640, 3)
2025-09-22 06:48:28 - INFO - Augmented X train shape: (640, 3)
2025-09-22 06:48:28 - INFO - Combined X train shape: (1280, 3)
2025-09-22 06:48:28 - INFO - Training new mlp model on augmented data

2025-09-22 06:48:29 - INFO - Selected features to perturb: ['F1']

2025-09-22 06:48:29 - INFO - Intervening on features to create augmented feature set
2025-09-22 06:48:29 - INFO - Generating counterfactuals for augmented target set
2025-09-22 06:48:29 - INFO - Original X train shape: (640, 3)
2025-09-22 06:48:29 - INFO - Augmented X train shape: (800, 3)
2025-09-22 06:48:29 - INFO - Combined X train shape: (1440, 3)
2025-09-22 06:48:29 - INFO - Training new mlp model on augmented data

2025-09-22 06:48:29 - INFO - Selected features to perturb: ['F1']

2025-09-22 06:48:29 - INFO - Intervening on features to create augmented feature set
2025-09-22 06:48:29 - INFO - Generating counterfactuals for augmented target set
2025-09-22 06:48:29 - INFO - Original X train shape: (640, 3)
2025-09-22 06:48:29 - INFO - Augmented X train shape: (320, 3)
2025-09-22 06:48:29 - INFO - Combined X train shape: (960, 3)
2025-09-22 06:48:29 - INFO - Training new mlp model on augmented data

2025-09-22 06:48:29 - INFO - Selected features to perturb: ['F1']

2025-09-22 06:48:29 - INFO - Intervening on features to create augmented feature set
2025-09-22 06:48:29 - INFO - Generating counterfactuals for augmented target set
2025-09-22 06:48:29 - INFO - Original X train shape: (640, 3)
2025-09-22 06:48:29 - INFO - Augmented X train shape: (480, 3)
2025-09-22 06:48:29 - INFO - Combined X train shape: (1120, 3)
2025-09-22 06:48:29 - INFO - Training new mlp model on augmented data

2025-09-22 06:48:29 - INFO - Selected features to perturb: ['F1']

2025-09-22 06:48:29 - INFO - Intervening on features to create augmented feature set
2025-09-22 06:48:29 - INFO - Generating counterfactuals for augmented target set
2025-09-22 06:48:29 - INFO - Original X train shape: (640, 3)
2025-09-22 06:48:29 - INFO - Augmented X train shape: (480, 3)
2025-09-22 06:48:29 - INFO - Combined X train shape: (1120, 3)
2025-09-22 06:48:29 - INFO - Training new mlp model on augmented data

2025-09-22 06:48:30 - INFO - Selected features to perturb: ['F1']

2025-09-22 06:48:30 - INFO - Intervening on features to create augmented feature set
2025-09-22 06:48:30 - INFO - Generating counterfactuals for augmented target set
2025-09-22 06:48:30 - INFO - Original X train shape: (640, 3)
2025-09-22 06:48:30 - INFO - Augmented X train shape: (480, 3)
2025-09-22 06:48:30 - INFO - Combined X train shape: (1120, 3)
2025-09-22 06:48:30 - INFO - Training new mlp model on augmented data

2025-09-22 06:48:30 - INFO - Selected features to perturb: ['F1']

2025-09-22 06:48:30 - INFO - Intervening on features to create augmented feature set
2025-09-22 06:48:30 - INFO - Generating counterfactuals for augmented target set
2025-09-22 06:48:30 - INFO - Original X train shape: (640, 3)
2025-09-22 06:48:30 - INFO - Augmented X train shape: (320, 3)
2025-09-22 06:48:30 - INFO - Combined X train shape: (960, 3)
2025-09-22 06:48:30 - INFO - Training new mlp model on augmented data

2025-09-22 06:48:30 - INFO - Selected features to perturb: ['F1']

2025-09-22 06:48:30 - INFO - Intervening on features to create augmented feature set
2025-09-22 06:48:30 - INFO - Generating counterfactuals for augmented target set
2025-09-22 06:48:30 - INFO - Original X train shape: (640, 3)
2025-09-22 06:48:30 - INFO - Augmented X train shape: (320, 3)
2025-09-22 06:48:30 - INFO - Combined X train shape: (960, 3)
2025-09-22 06:48:30 - INFO - Training new mlp model on augmented data

2025-09-22 06:48:30 - INFO - Selected features to perturb: ['F1']

2025-09-22 06:48:30 - INFO - Intervening on features to create augmented feature set
2025-09-22 06:48:30 - INFO - Generating counterfactuals for augmented target set
2025-09-22 06:48:30 - INFO - Original X train shape: (640, 3)
2025-09-22 06:48:30 - INFO - Augmented X train shape: (320, 3)
2025-09-22 06:48:30 - INFO - Combined X train shape: (960, 3)
2025-09-22 06:48:30 - INFO - Training new mlp model on augmented data

2025-09-22 06:48:31 - INFO - Selected features to perturb: ['F1']

2025-09-22 06:48:31 - INFO - Intervening on features to create augmented feature set
2025-09-22 06:48:31 - INFO - Generating counterfactuals for augmented target set
2025-09-22 06:48:31 - INFO - Original X train shape: (640, 3)
2025-09-22 06:48:31 - INFO - Augmented X train shape: (320, 3)
2025-09-22 06:48:31 - INFO - Combined X train shape: (960, 3)
2025-09-22 06:48:31 - INFO - Training new mlp model on augmented data

2025-09-22 06:48:31 - INFO - Selected features to perturb: ['F1']

2025-09-22 06:48:31 - INFO - Intervening on features to create augmented feature set
2025-09-22 06:48:31 - INFO - Generating counterfactuals for augmented target set
2025-09-22 06:48:31 - INFO - Original X train shape: (640, 3)
2025-09-22 06:48:31 - INFO - Augmented X train shape: (320, 3)
2025-09-22 06:48:31 - INFO - Combined X train shape: (960, 3)
2025-09-22 06:48:31 - INFO - Training new mlp model on augmented data

2025-09-22 06:48:31 - INFO - Selected features to perturb: ['F1']

2025-09-22 06:48:31 - INFO - Intervening on features to create augmented feature set
2025-09-22 06:48:31 - INFO - Generating counterfactuals for augmented target set
2025-09-22 06:48:31 - INFO - Original X train shape: (640, 3)
2025-09-22 06:48:31 - INFO - Augmented X train shape: (640, 3)
2025-09-22 06:48:31 - INFO - Combined X train shape: (1280, 3)
2025-09-22 06:48:31 - INFO - Training new mlp model on augmented data

2025-09-22 06:48:32 - INFO - Selected features to perturb: ['F1']

2025-09-22 06:48:32 - INFO - Intervening on features to create augmented feature set
2025-09-22 06:48:32 - INFO - Generating counterfactuals for augmented target set
2025-09-22 06:48:32 - INFO - Original X train shape: (640, 3)
2025-09-22 06:48:32 - INFO - Augmented X train shape: (320, 3)
2025-09-22 06:48:32 - INFO - Combined X train shape: (960, 3)
2025-09-22 06:48:32 - INFO - Training new mlp model on augmented data

2025-09-22 06:48:32 - INFO - Selected features to perturb: ['F1']

2025-09-22 06:48:32 - INFO - Intervening on features to create augmented feature set
2025-09-22 06:48:32 - INFO - Generating counterfactuals for augmented target set
2025-09-22 06:48:32 - INFO - Original X train shape: (640, 3)
2025-09-22 06:48:32 - INFO - Augmented X train shape: (480, 3)
2025-09-22 06:48:32 - INFO - Combined X train shape: (1120, 3)
2025-09-22 06:48:32 - INFO - Training new mlp model on augmented data

2025-09-22 06:48:32 - INFO - Selected features to perturb: ['F1']

2025-09-22 06:48:32 - INFO - Intervening on features to create augmented feature set
2025-09-22 06:48:32 - INFO - Generating counterfactuals for augmented target set
2025-09-22 06:48:32 - INFO - Original X train shape: (640, 3)
2025-09-22 06:48:32 - INFO - Augmented X train shape: (480, 3)
2025-09-22 06:48:32 - INFO - Combined X train shape: (1120, 3)
2025-09-22 06:48:32 - INFO - Training new mlp model on augmented data

2025-09-22 06:48:33 - INFO - Selected features to perturb: ['F1']

2025-09-22 06:48:33 - INFO - Intervening on features to create augmented feature set
2025-09-22 06:48:33 - INFO - Generating counterfactuals for augmented target set
2025-09-22 06:48:33 - INFO - Original X train shape: (640, 3)
2025-09-22 06:48:33 - INFO - Augmented X train shape: (320, 3)
2025-09-22 06:48:33 - INFO - Combined X train shape: (960, 3)
2025-09-22 06:48:33 - INFO - Training new mlp model on augmented data

2025-09-22 06:48:33 - INFO - Selected features to perturb: ['F1']

2025-09-22 06:48:33 - INFO - Intervening on features to create augmented feature set
2025-09-22 06:48:33 - INFO - Generating counterfactuals for augmented target set
2025-09-22 06:48:33 - INFO - Original X train shape: (640, 3)
2025-09-22 06:48:33 - INFO - Augmented X train shape: (480, 3)
2025-09-22 06:48:33 - INFO - Combined X train shape: (1120, 3)
2025-09-22 06:48:33 - INFO - Training new mlp model on augmented data

2025-09-22 06:48:33 - INFO - Selected features to perturb: ['F1']

2025-09-22 06:48:33 - INFO - Intervening on features to create augmented feature set
2025-09-22 06:48:33 - INFO - Generating counterfactuals for augmented target set
2025-09-22 06:48:33 - INFO - Original X train shape: (640, 3)
2025-09-22 06:48:33 - INFO - Augmented X train shape: (320, 3)
2025-09-22 06:48:33 - INFO - Combined X train shape: (960, 3)
2025-09-22 06:48:33 - INFO - Training new mlp model on augmented data

2025-09-22 06:48:33 - INFO - Selected features to perturb: ['F1']

2025-09-22 06:48:33 - INFO - Intervening on features to create augmented feature set
2025-09-22 06:48:33 - INFO - Generating counterfactuals for augmented target set
2025-09-22 06:48:33 - INFO - Original X train shape: (640, 3)
2025-09-22 06:48:33 - INFO - Augmented X train shape: (480, 3)
2025-09-22 06:48:33 - INFO - Combined X train shape: (1120, 3)
2025-09-22 06:48:33 - INFO - Training new mlp model on augmented data

2025-09-22 06:48:34 - INFO - Selected features to perturb: ['F1']

2025-09-22 06:48:34 - INFO - Intervening on features to create augmented feature set
2025-09-22 06:48:34 - INFO - Generating counterfactuals for augmented target set
2025-09-22 06:48:34 - INFO - Original X train shape: (640, 3)
2025-09-22 06:48:34 - INFO - Augmented X train shape: (320, 3)
2025-09-22 06:48:34 - INFO - Combined X train shape: (960, 3)
2025-09-22 06:48:34 - INFO - Training new mlp model on augmented data

2025-09-22 06:48:34 - INFO - Selected features to perturb: ['F1']

2025-09-22 06:48:34 - INFO - Intervening on features to create augmented feature set
2025-09-22 06:48:34 - INFO - Generating counterfactuals for augmented target set
2025-09-22 06:48:34 - INFO - Original X train shape: (640, 3)
2025-09-22 06:48:34 - INFO - Augmented X train shape: (640, 3)
2025-09-22 06:48:34 - INFO - Combined X train shape: (1280, 3)
2025-09-22 06:48:34 - INFO - Training new mlp model on augmented data

2025-09-22 06:48:34 - INFO - Selected features to perturb: ['F1']

2025-09-22 06:48:34 - INFO - Intervening on features to create augmented feature set
2025-09-22 06:48:34 - INFO - Generating counterfactuals for augmented target set
2025-09-22 06:48:34 - INFO - Original X train shape: (640, 3)
2025-09-22 06:48:34 - INFO - Augmented X train shape: (480, 3)
2025-09-22 06:48:34 - INFO - Combined X train shape: (1120, 3)
2025-09-22 06:48:34 - INFO - Training new mlp model on augmented data

2025-09-22 06:48:35 - INFO - Best augmentation parameters:
{'max_n_features_to_perturb': 4, 'aug_data_size_factor': 0.5, 'aug_data_weight': 0.75, 'max_perturb_percent': 0.30000000000000004, 'min_perturb_percent': -0.30000000000000004}

2025-09-22 06:48:35 - INFO - Selected features to perturb: ['F1']

2025-09-22 06:48:35 - INFO - Intervening on features to create augmented feature set
2025-09-22 06:48:35 - INFO - Generating counterfactuals for augmented target set
2025-09-22 06:48:35 - INFO - Original X train shape: (800, 3)
2025-09-22 06:48:35 - INFO - Augmented X train shape: (400, 3)
2025-09-22 06:48:35 - INFO - Combined X train shape: (1200, 3)
2025-09-22 06:48:43 - INFO - Done cross-validation evaluation
2025-09-22 06:48:43 - INFO - The p-value from the Wilcoxon signed-rank test is: 0.0068359375

2025-09-22 06:48:43 - INFO - Evaluation metrics for the experiment:
2025-09-22 06:48:43 - INFO - Original MSE: 0.0020913219307674693, Augmented MSE: 0.002052213829810507


2025-09-22 06:48:43 - INFO - ####################################################################################################
2025-09-22 06:48:43 - INFO - Interim results for seeds saved to ../experiments_synthetic/anm/mlp_20250922-064755/interim_results/anm_data_sample_1000_interim_results.csv. Aggregating results for anm_data_sample_1000...
2025-09-22 06:48:43 - INFO - ****************************************************************************************************
2025-09-22 06:48:43 - INFO - 






****************************************************************************************************
2025-09-22 06:48:43 - INFO - Running experiment on dataset: anm_data_sample_2500
2025-09-22 06:48:43 - INFO - 



####################################################################################################
2025-09-22 06:48:43 - INFO - Running experiment on dataset: anm_data_sample_2500 with seed: 0
2025-09-22 06:48:43 - INFO - Training mlp baseline model
2025-09-22 06:48:43 - INFO - Done training baseline model
2025-09-22 06:48:43 - INFO - Done calculating residuals

2025-09-22 06:48:43 - INFO - Filtering for features to perturb
2025-09-22 06:48:43 - INFO - Creating causal graph for anm_data_sample_2500
2025-09-22 06:48:43 - INFO - Features that are not connected to Z (conditional independence): ['F1']
2025-09-22 06:48:43 - INFO - [Z vs F0]  r: 0.0516, p: 0.0098
2025-09-22 06:48:43 - INFO - [Z vs F1]  r: 0.0414, p: 0.0385
2025-09-22 06:48:43 - INFO - [Z vs F2]  r: -0.0774, p: 0.0001
2025-09-22 06:48:43 - WARNING - No features are uncorrelated with Z.
2025-09-22 06:48:43 - WARNING - No candidate features found for anm_data_sample_2500. Ignoring filter and proceeding with the experiment anyways.
2025-09-22 06:48:43 - INFO - Done filtering.

2025-09-22 06:48:43 - INFO - Selected features to perturb: ['F0']

2025-09-22 06:48:43 - INFO - Intervening on features to create augmented feature set
2025-09-22 06:48:43 - INFO - Generating counterfactuals for augmented target set
2025-09-22 06:48:43 - INFO - Original X train shape: (1600, 3)
2025-09-22 06:48:43 - INFO - Augmented X train shape: (2000, 3)
2025-09-22 06:48:43 - INFO - Combined X train shape: (3600, 3)
2025-09-22 06:48:43 - INFO - Training new mlp model on augmented data

2025-09-22 06:48:44 - INFO - Selected features to perturb: ['F0']

2025-09-22 06:48:44 - INFO - Intervening on features to create augmented feature set
2025-09-22 06:48:44 - INFO - Generating counterfactuals for augmented target set
2025-09-22 06:48:44 - INFO - Original X train shape: (1600, 3)
2025-09-22 06:48:44 - INFO - Augmented X train shape: (2000, 3)
2025-09-22 06:48:44 - INFO - Combined X train shape: (3600, 3)
2025-09-22 06:48:44 - INFO - Training new mlp model on augmented data

2025-09-22 06:48:45 - INFO - Selected features to perturb: ['F0']

2025-09-22 06:48:45 - INFO - Intervening on features to create augmented feature set
2025-09-22 06:48:45 - INFO - Generating counterfactuals for augmented target set
2025-09-22 06:48:45 - INFO - Original X train shape: (1600, 3)
2025-09-22 06:48:45 - INFO - Augmented X train shape: (1200, 3)
2025-09-22 06:48:45 - INFO - Combined X train shape: (2800, 3)
2025-09-22 06:48:45 - INFO - Training new mlp model on augmented data

2025-09-22 06:48:46 - INFO - Selected features to perturb: ['F0']

2025-09-22 06:48:46 - INFO - Intervening on features to create augmented feature set
2025-09-22 06:48:46 - INFO - Generating counterfactuals for augmented target set
2025-09-22 06:48:46 - INFO - Original X train shape: (1600, 3)
2025-09-22 06:48:46 - INFO - Augmented X train shape: (2400, 3)
2025-09-22 06:48:46 - INFO - Combined X train shape: (4000, 3)
2025-09-22 06:48:46 - INFO - Training new mlp model on augmented data

2025-09-22 06:48:48 - INFO - Selected features to perturb: ['F0']

2025-09-22 06:48:48 - INFO - Intervening on features to create augmented feature set
2025-09-22 06:48:48 - INFO - Generating counterfactuals for augmented target set
2025-09-22 06:48:48 - INFO - Original X train shape: (1600, 3)
2025-09-22 06:48:48 - INFO - Augmented X train shape: (2400, 3)
2025-09-22 06:48:48 - INFO - Combined X train shape: (4000, 3)
2025-09-22 06:48:48 - INFO - Training new mlp model on augmented data

2025-09-22 06:48:48 - INFO - Selected features to perturb: ['F0']

2025-09-22 06:48:48 - INFO - Intervening on features to create augmented feature set
2025-09-22 06:48:48 - INFO - Generating counterfactuals for augmented target set
2025-09-22 06:48:48 - INFO - Original X train shape: (1600, 3)
2025-09-22 06:48:48 - INFO - Augmented X train shape: (2000, 3)
2025-09-22 06:48:48 - INFO - Combined X train shape: (3600, 3)
2025-09-22 06:48:48 - INFO - Training new mlp model on augmented data

2025-09-22 06:48:51 - INFO - Selected features to perturb: ['F0']

2025-09-22 06:48:51 - INFO - Intervening on features to create augmented feature set
2025-09-22 06:48:51 - INFO - Generating counterfactuals for augmented target set
2025-09-22 06:48:51 - INFO - Original X train shape: (1600, 3)
2025-09-22 06:48:51 - INFO - Augmented X train shape: (2000, 3)
2025-09-22 06:48:51 - INFO - Combined X train shape: (3600, 3)
2025-09-22 06:48:51 - INFO - Training new mlp model on augmented data

2025-09-22 06:48:51 - INFO - Selected features to perturb: ['F0']

2025-09-22 06:48:51 - INFO - Intervening on features to create augmented feature set
2025-09-22 06:48:51 - INFO - Generating counterfactuals for augmented target set
2025-09-22 06:48:51 - INFO - Original X train shape: (1600, 3)
2025-09-22 06:48:51 - INFO - Augmented X train shape: (1600, 3)
2025-09-22 06:48:51 - INFO - Combined X train shape: (3200, 3)
2025-09-22 06:48:51 - INFO - Training new mlp model on augmented data

2025-09-22 06:48:52 - INFO - Selected features to perturb: ['F0']

2025-09-22 06:48:52 - INFO - Intervening on features to create augmented feature set
2025-09-22 06:48:52 - INFO - Generating counterfactuals for augmented target set
2025-09-22 06:48:52 - INFO - Original X train shape: (1600, 3)
2025-09-22 06:48:52 - INFO - Augmented X train shape: (1600, 3)
2025-09-22 06:48:52 - INFO - Combined X train shape: (3200, 3)
2025-09-22 06:48:52 - INFO - Training new mlp model on augmented data

2025-09-22 06:48:53 - INFO - Selected features to perturb: ['F0']

2025-09-22 06:48:53 - INFO - Intervening on features to create augmented feature set
2025-09-22 06:48:53 - INFO - Generating counterfactuals for augmented target set
2025-09-22 06:48:53 - INFO - Original X train shape: (1600, 3)
2025-09-22 06:48:53 - INFO - Augmented X train shape: (2000, 3)
2025-09-22 06:48:53 - INFO - Combined X train shape: (3600, 3)
2025-09-22 06:48:53 - INFO - Training new mlp model on augmented data

2025-09-22 06:48:54 - INFO - Selected features to perturb: ['F0']

2025-09-22 06:48:54 - INFO - Intervening on features to create augmented feature set
2025-09-22 06:48:54 - INFO - Generating counterfactuals for augmented target set
2025-09-22 06:48:54 - INFO - Original X train shape: (1600, 3)
2025-09-22 06:48:54 - INFO - Augmented X train shape: (800, 3)
2025-09-22 06:48:54 - INFO - Combined X train shape: (2400, 3)
2025-09-22 06:48:54 - INFO - Training new mlp model on augmented data

2025-09-22 06:48:54 - INFO - Selected features to perturb: ['F0']

2025-09-22 06:48:54 - INFO - Intervening on features to create augmented feature set
2025-09-22 06:48:54 - INFO - Generating counterfactuals for augmented target set
2025-09-22 06:48:54 - INFO - Original X train shape: (1600, 3)
2025-09-22 06:48:54 - INFO - Augmented X train shape: (800, 3)
2025-09-22 06:48:54 - INFO - Combined X train shape: (2400, 3)
2025-09-22 06:48:54 - INFO - Training new mlp model on augmented data

2025-09-22 06:48:55 - INFO - Selected features to perturb: ['F0']

2025-09-22 06:48:55 - INFO - Intervening on features to create augmented feature set
2025-09-22 06:48:55 - INFO - Generating counterfactuals for augmented target set
2025-09-22 06:48:55 - INFO - Original X train shape: (1600, 3)
2025-09-22 06:48:55 - INFO - Augmented X train shape: (1200, 3)
2025-09-22 06:48:55 - INFO - Combined X train shape: (2800, 3)
2025-09-22 06:48:55 - INFO - Training new mlp model on augmented data

2025-09-22 06:48:55 - INFO - Selected features to perturb: ['F0']

2025-09-22 06:48:55 - INFO - Intervening on features to create augmented feature set
2025-09-22 06:48:55 - INFO - Generating counterfactuals for augmented target set
2025-09-22 06:48:55 - INFO - Original X train shape: (1600, 3)
2025-09-22 06:48:55 - INFO - Augmented X train shape: (1200, 3)
2025-09-22 06:48:55 - INFO - Combined X train shape: (2800, 3)
2025-09-22 06:48:55 - INFO - Training new mlp model on augmented data

2025-09-22 06:48:56 - INFO - Selected features to perturb: ['F0']

2025-09-22 06:48:56 - INFO - Intervening on features to create augmented feature set
2025-09-22 06:48:56 - INFO - Generating counterfactuals for augmented target set
2025-09-22 06:48:56 - INFO - Original X train shape: (1600, 3)
2025-09-22 06:48:56 - INFO - Augmented X train shape: (1200, 3)
2025-09-22 06:48:56 - INFO - Combined X train shape: (2800, 3)
2025-09-22 06:48:56 - INFO - Training new mlp model on augmented data

2025-09-22 06:48:56 - INFO - Selected features to perturb: ['F0']

2025-09-22 06:48:56 - INFO - Intervening on features to create augmented feature set
2025-09-22 06:48:56 - INFO - Generating counterfactuals for augmented target set
2025-09-22 06:48:56 - INFO - Original X train shape: (1600, 3)
2025-09-22 06:48:56 - INFO - Augmented X train shape: (1600, 3)
2025-09-22 06:48:56 - INFO - Combined X train shape: (3200, 3)
2025-09-22 06:48:56 - INFO - Training new mlp model on augmented data

2025-09-22 06:48:57 - INFO - Selected features to perturb: ['F0']

2025-09-22 06:48:57 - INFO - Intervening on features to create augmented feature set
2025-09-22 06:48:57 - INFO - Generating counterfactuals for augmented target set
2025-09-22 06:48:57 - INFO - Original X train shape: (1600, 3)
2025-09-22 06:48:57 - INFO - Augmented X train shape: (1200, 3)
2025-09-22 06:48:57 - INFO - Combined X train shape: (2800, 3)
2025-09-22 06:48:57 - INFO - Training new mlp model on augmented data

2025-09-22 06:48:57 - INFO - Selected features to perturb: ['F0']

2025-09-22 06:48:57 - INFO - Intervening on features to create augmented feature set
2025-09-22 06:48:57 - INFO - Generating counterfactuals for augmented target set
2025-09-22 06:48:57 - INFO - Original X train shape: (1600, 3)
2025-09-22 06:48:57 - INFO - Augmented X train shape: (800, 3)
2025-09-22 06:48:57 - INFO - Combined X train shape: (2400, 3)
2025-09-22 06:48:57 - INFO - Training new mlp model on augmented data

2025-09-22 06:48:58 - INFO - Selected features to perturb: ['F0']

2025-09-22 06:48:58 - INFO - Intervening on features to create augmented feature set
2025-09-22 06:48:58 - INFO - Generating counterfactuals for augmented target set
2025-09-22 06:48:58 - INFO - Original X train shape: (1600, 3)
2025-09-22 06:48:58 - INFO - Augmented X train shape: (1600, 3)
2025-09-22 06:48:58 - INFO - Combined X train shape: (3200, 3)
2025-09-22 06:48:58 - INFO - Training new mlp model on augmented data

2025-09-22 06:48:58 - INFO - Selected features to perturb: ['F0']

2025-09-22 06:48:58 - INFO - Intervening on features to create augmented feature set
2025-09-22 06:48:58 - INFO - Generating counterfactuals for augmented target set
2025-09-22 06:48:58 - INFO - Original X train shape: (1600, 3)
2025-09-22 06:48:58 - INFO - Augmented X train shape: (2400, 3)
2025-09-22 06:48:58 - INFO - Combined X train shape: (4000, 3)
2025-09-22 06:48:58 - INFO - Training new mlp model on augmented data

2025-09-22 06:48:59 - INFO - Selected features to perturb: ['F0']

2025-09-22 06:48:59 - INFO - Intervening on features to create augmented feature set
2025-09-22 06:48:59 - INFO - Generating counterfactuals for augmented target set
2025-09-22 06:48:59 - INFO - Original X train shape: (1600, 3)
2025-09-22 06:48:59 - INFO - Augmented X train shape: (1600, 3)
2025-09-22 06:48:59 - INFO - Combined X train shape: (3200, 3)
2025-09-22 06:48:59 - INFO - Training new mlp model on augmented data

2025-09-22 06:48:59 - INFO - Selected features to perturb: ['F0']

2025-09-22 06:48:59 - INFO - Intervening on features to create augmented feature set
2025-09-22 06:48:59 - INFO - Generating counterfactuals for augmented target set
2025-09-22 06:48:59 - INFO - Original X train shape: (1600, 3)
2025-09-22 06:48:59 - INFO - Augmented X train shape: (1600, 3)
2025-09-22 06:48:59 - INFO - Combined X train shape: (3200, 3)
2025-09-22 06:48:59 - INFO - Training new mlp model on augmented data

2025-09-22 06:49:01 - INFO - Selected features to perturb: ['F0']

2025-09-22 06:49:01 - INFO - Intervening on features to create augmented feature set
2025-09-22 06:49:01 - INFO - Generating counterfactuals for augmented target set
2025-09-22 06:49:01 - INFO - Original X train shape: (1600, 3)
2025-09-22 06:49:01 - INFO - Augmented X train shape: (2000, 3)
2025-09-22 06:49:01 - INFO - Combined X train shape: (3600, 3)
2025-09-22 06:49:01 - INFO - Training new mlp model on augmented data

2025-09-22 06:49:01 - INFO - Selected features to perturb: ['F0']

2025-09-22 06:49:01 - INFO - Intervening on features to create augmented feature set
2025-09-22 06:49:01 - INFO - Generating counterfactuals for augmented target set
2025-09-22 06:49:01 - INFO - Original X train shape: (1600, 3)
2025-09-22 06:49:01 - INFO - Augmented X train shape: (1200, 3)
2025-09-22 06:49:01 - INFO - Combined X train shape: (2800, 3)
2025-09-22 06:49:01 - INFO - Training new mlp model on augmented data

2025-09-22 06:49:02 - INFO - Selected features to perturb: ['F0']

2025-09-22 06:49:02 - INFO - Intervening on features to create augmented feature set
2025-09-22 06:49:02 - INFO - Generating counterfactuals for augmented target set
2025-09-22 06:49:02 - INFO - Original X train shape: (1600, 3)
2025-09-22 06:49:02 - INFO - Augmented X train shape: (1600, 3)
2025-09-22 06:49:02 - INFO - Combined X train shape: (3200, 3)
2025-09-22 06:49:02 - INFO - Training new mlp model on augmented data

2025-09-22 06:49:03 - INFO - Selected features to perturb: ['F0']

2025-09-22 06:49:03 - INFO - Intervening on features to create augmented feature set
2025-09-22 06:49:03 - INFO - Generating counterfactuals for augmented target set
2025-09-22 06:49:03 - INFO - Original X train shape: (1600, 3)
2025-09-22 06:49:03 - INFO - Augmented X train shape: (1200, 3)
2025-09-22 06:49:03 - INFO - Combined X train shape: (2800, 3)
2025-09-22 06:49:03 - INFO - Training new mlp model on augmented data

2025-09-22 06:49:04 - INFO - Selected features to perturb: ['F0']

2025-09-22 06:49:04 - INFO - Intervening on features to create augmented feature set
2025-09-22 06:49:04 - INFO - Generating counterfactuals for augmented target set
2025-09-22 06:49:04 - INFO - Original X train shape: (1600, 3)
2025-09-22 06:49:04 - INFO - Augmented X train shape: (2000, 3)
2025-09-22 06:49:04 - INFO - Combined X train shape: (3600, 3)
2025-09-22 06:49:04 - INFO - Training new mlp model on augmented data

2025-09-22 06:49:05 - INFO - Selected features to perturb: ['F0']

2025-09-22 06:49:05 - INFO - Intervening on features to create augmented feature set
2025-09-22 06:49:05 - INFO - Generating counterfactuals for augmented target set
2025-09-22 06:49:05 - INFO - Original X train shape: (1600, 3)
2025-09-22 06:49:05 - INFO - Augmented X train shape: (1600, 3)
2025-09-22 06:49:05 - INFO - Combined X train shape: (3200, 3)
2025-09-22 06:49:05 - INFO - Training new mlp model on augmented data

2025-09-22 06:49:06 - INFO - Selected features to perturb: ['F0']

2025-09-22 06:49:06 - INFO - Intervening on features to create augmented feature set
2025-09-22 06:49:06 - INFO - Generating counterfactuals for augmented target set
2025-09-22 06:49:06 - INFO - Original X train shape: (1600, 3)
2025-09-22 06:49:06 - INFO - Augmented X train shape: (1600, 3)
2025-09-22 06:49:06 - INFO - Combined X train shape: (3200, 3)
2025-09-22 06:49:06 - INFO - Training new mlp model on augmented data

2025-09-22 06:49:06 - INFO - Selected features to perturb: ['F0']

2025-09-22 06:49:06 - INFO - Intervening on features to create augmented feature set
2025-09-22 06:49:06 - INFO - Generating counterfactuals for augmented target set
2025-09-22 06:49:06 - INFO - Original X train shape: (1600, 3)
2025-09-22 06:49:06 - INFO - Augmented X train shape: (1200, 3)
2025-09-22 06:49:06 - INFO - Combined X train shape: (2800, 3)
2025-09-22 06:49:06 - INFO - Training new mlp model on augmented data

2025-09-22 06:49:07 - INFO - Best augmentation parameters:
{'max_n_features_to_perturb': 5, 'aug_data_size_factor': 0.75, 'aug_data_weight': 1.0, 'max_perturb_percent': 0.6, 'min_perturb_percent': -0.6}

2025-09-22 06:49:07 - INFO - Selected features to perturb: ['F0']

2025-09-22 06:49:07 - INFO - Intervening on features to create augmented feature set
2025-09-22 06:49:07 - INFO - Generating counterfactuals for augmented target set
2025-09-22 06:49:07 - INFO - Original X train shape: (2000, 3)
2025-09-22 06:49:07 - INFO - Augmented X train shape: (1500, 3)
2025-09-22 06:49:07 - INFO - Combined X train shape: (3500, 3)
2025-09-22 06:49:14 - INFO - Done cross-validation evaluation
2025-09-22 06:49:14 - INFO - The p-value from the Wilcoxon signed-rank test is: 0.0068359375

2025-09-22 06:49:14 - INFO - Evaluation metrics for the experiment:
2025-09-22 06:49:14 - INFO - Original MSE: 0.00177646827079912, Augmented MSE: 0.0017546823450479184


2025-09-22 06:49:14 - INFO - ####################################################################################################
2025-09-22 06:49:14 - INFO - Interim results for seeds saved to ../experiments_synthetic/anm/mlp_20250922-064755/interim_results/anm_data_sample_2500_interim_results.csv. Aggregating results for anm_data_sample_2500...
2025-09-22 06:49:14 - INFO - ****************************************************************************************************
2025-09-22 06:49:14 - INFO - Total time taken: 78.13 seconds
2025-09-22 06:49:14 - INFO - All results saved to ../experiments_synthetic/anm/mlp_20250922-064755/results.csv
2025-09-22 06:49:14 - INFO - Results plot saved to ../experiments_synthetic/anm/mlp_20250922-064755/results_mse_percent_delta.png
