fixed_acidity,volatile_acidity,citric_acid,residual_sugar,chlorides,free_sulfur_dioxide,total_sulfur_dioxide,density,pH,sulphates,alcohol,target
0.5186799168586731,0.3945668175143646,-0.941284716129303,-0.6554354429244995,-0.10861577532761674,-0.8442803621292114,-0.9334893603451283,0.8341169883571564,0.8439587354660034,-0.02271728403866291,-1.0534383058547974,0.5
-1.060605496964783,-0.7000993004591143,-0.05790869891643524,-0.7220988273620605,-0.7243484258651733,0.33531656861305237,-0.268977458413558,-1.7437728792998344,-0.34066691994667053,1.5252783841225843,1.8944558677269212,0.6666666865348816
-0.6937604546546936,-0.3219686448574066,-1.5428356875560627,-0.7443199157714844,-0.18177451193332672,1.7421128087736732,0.8209659136029951,-0.45513619655257787,-0.34066691994667053,-1.0244628190994263,-0.8004556894302368,0.5
-0.5422053933143616,0.5916425130778928,0.8934193253517151,-0.7887621521949768,0.1637485503213608,0.33531656861305237,1.5000915525509255,-0.023825133876475706,0.0957741066813469,-0.5569815635681152,-1.0858115849997225,0.5
-0.01176275685429573,-1.094635248184204,1.1652272939682007,-0.7887621521949768,-0.7920025968176267,0.8855510854999413,-0.03341128389562768,-1.5677694444184125,-1.1316041206365262,0.598645287875667,1.535577364625716,0.5
-0.08754027634859085,0.15351851284503937,0.14594730734825134,-0.6776565313339233,1.4527441145073883,-0.8635950833856135,-1.1427127200544507,-0.02094837459403524,-0.2159694880247116,0.9790282845497131,0.21147480607032776,0.5
0.8879050344998306,0.815348982243593,0.4857073128223419,-0.6554354429244995,0.9701468508784209,0.02893777730732691,-0.14519983394917818,1.097843636787883,0.2204715460538864,1.3060197428069724,-0.4842140948373259,0.3333333432674408
0.28861234302965333,-0.5597122311592102,-0.2617647051811218,-0.8109833002090454,-0.6029322640683645,-1.186678977972657,-1.3205367480907282,-1.396105313940508,-2.8203674129322343,-0.8241137266159058,0.11863628995183795,0.3333333432674408
0.1397922784090042,-0.4408404231071472,-0.2617647051811218,-0.5057110663981814,-0.6158336400985718,-0.5072526931762695,0.1741420666848956,-1.0259374951757612,-0.13183227166841552,-1.930576355048378,1.223405361175537,0.5
1.8775868690640618,0.31873228112768454,1.4498183965933757,-0.592877253861455,1.318037703719851,-0.6229984639811539,-1.496893148537084,0.8983207941055298,-0.15362077951431274,3.3521918501866814,1.223405361175537,0.8333333134651184
-0.39065036177635193,-0.31081256423943826,0.1180128936052828,0.18586715776653814,-0.6873880909118254,0.16680273413658142,0.187882109969889,-1.121118070299267,0.18310986392204326,0.41132375011726097,1.496559676024741,0.6666666865348816
0.29134732484817505,0.595974129761902,0.5734140616235047,1.6429905810902834,0.16569582278773284,0.30582772381238416,0.36817161230724504,0.900758974801104,-0.6524105072021484,-0.22306638956069946,-1.137765884399414,0.3333333432674408
0.06401476263999939,-0.024789171293377876,-0.18265643106715046,-0.45872047021462764,8.410433953312328,0.16680273413658142,-0.14461451601557043,0.3374254857127495,-1.5677680082990162,0.04406575486063957,-0.46314552426338196,0.3333333432674408
-0.3148728311061859,-0.2625327408313751,-0.6015247106552124,-0.544329822063446,-0.050615902399573406,-0.4741522768186087,0.18814982250356907,-0.8227209196589467,0.46986642479896545,-0.26269262665335663,0.4644574522972107,0.5
-1.6185967036586073,-0.5002763271331787,-2.045801995306701,-0.833204448223114,-0.39880406856536865,0.2317881578585331,-0.41010075052554784,-1.3745128405124298,4.264564117472883,-0.49019855260849,2.0292804925716905,0.3333333432674408
0.19803568748686223,0.02311594036272654,0.21389929950237274,-0.7443199157714844,0.5778290033340454,0.5038304328918457,0.3133418219918487,-0.6103665577100177,-1.8443562518312662,0.1108487918972969,-0.37881800532341003,0.3333333432674408
-0.6937604546546936,-0.6191481351852417,-0.397668719291687,1.1623375595878371,-0.01900232955813408,1.1154066858971101,0.5692336379603857,0.572873319042502,-0.055198056301033305,0.15108374520628787,-0.9691107869148254,0.3333333432674408
3.5604508827774346,-0.6327501308629193,1.1652272939682007,-0.6332142949104309,0.8264545416455565,-0.6620162630736315,-1.4728032983175257,1.2966284475231415,-0.6018128017377138,1.667720593810755,0.29580235481262207,0.5
-0.16331779956817627,-0.7007000171640257,0.6936480226466691,-0.2925118877568931,0.6251072810870392,0.5606238659872179,0.7061146044856612,0.426235452383989,-0.4030156433582306,-1.1652723657334836,-1.306420922279358,0.3333333432674408
-1.1001846906836614,-0.4408404231071472,-0.6694766879081726,0.42249024918317335,0.0044793613646219345,0.9843710134909329,0.16314661836043495,0.610334148580361,0.9063074588775635,-0.15628336369991302,-1.137765884399414,0.5
2.911785732046267,0.24035520483404219,1.200171038524793,-0.7616411285766501,1.7042827135061187,-1.349821925163269,-1.730042651225351,0.02223779476488074,-0.46536436676979065,1.2474087029475134,1.0547502040863037,0.5
-0.16331779956817627,-0.5002763271331787,0.34980329871177673,1.7132055531323387,-0.27310504216598885,0.33698481654444434,1.0391732822530724,1.1990629485854725,-0.7771079540252686,-0.6905476450920105,-1.489621690748913,0.3333333432674408
-1.5178612406604945,-0.08422506600618362,-0.37455173202510333,-0.5665509104728699,-0.7491687953030663,-0.0017111222259700298,0.6492193585749098,-1.4639848461813698,2.3940201065329125,1.4490224852653104,2.1921634431220998,0.8333333134651184
1.540440207407686,0.7491728884743198,-0.8053807020187378,-0.5224657066868411,0.9084824260913422,-0.22639626264572144,-0.4376879255845698,1.3186817368320307,-0.5277130603790283,0.6524285553736869,-0.46314552426338196,0.3333333432674408
-1.4816024827635332,-0.7829894320105221,0.28185129165649414,-0.8554255366325378,-0.5116017018048449,0.9532006978988647,0.2554582968779573,-1.5841651765198963,-0.028923334553837776,-0.4557748971182417,1.223405361175537,0.5
0.7016864257716134,-1.0882149379345518,0.12259843324999214,0.8002260363621934,-0.45306146144866943,-0.8442803621292114,-0.03359957362742875,0.561933990254774,-0.3356787174599965,-0.6237646341323853,-0.6660642650072612,0.5
2.1803411374762622,1.0343415458306975,-0.19381269812583923,-0.6332142949104309,0.7217800142814073,1.288087235363673,0.18234887287877496,1.2306261652029638,0.0957741066813469,2.7210400494758904,-0.46314552426338196,0.5
0.64669096663536,-0.3814045190811157,-0.2617647051811218,2.419674522532017,-0.2086393684048731,0.6161730289459229,1.207227180971466,1.8983525193957957,-0.028923334553837776,-1.0244628190994263,-0.8847832679748535,0.5
-0.9424745359604197,-0.2625327408313751,0.3084447968889734,0.5195189445628781,-0.8328632116317749,0.6253120291388018,0.673435545216645,-0.2296787849446051,0.5322151184082031,1.4606395199076025,0.6331125497817993,0.3333333432674408
0.9394021710406528,0.06148494854229257,-0.2617647051811218,-0.37887742581998024,-0.2360319048166275,-0.6195952296257019,-0.6546745238006112,-0.24251182824034573,-0.028923334553837776,0.4616310980045272,0.7789130963981006,0.5
-1.224203109741211,0.17765187751949563,-0.843501050364861,-0.529068206230249,-0.5388163705981861,0.11063144356012344,-0.028549930202938254,-1.6461843069139446,-0.1476046197687459,0.5115470290184021,2.092071105776945,0.6666666865348816
1.9856512845789958,1.218705162180451,1.1652272939682007,-0.37428307114729115,2.430201217069921,0.16680273413658142,-0.7794981591320544,1.6697916718174428,0.8749062938949783,1.9602721194109964,0.04281972348690033,0.3333333432674408
-0.39065036177635193,0.09408261626958847,-0.19381269812583923,0.4706008018699363,-0.31668028359721867,-0.731937825679779,-0.3584274870556458,-0.9849067857887653,0.7816100120544434,0.9751411163886536,2.173417942167195,0.5
-0.39065036177635193,-0.3814045190811157,-0.12586070597171783,2.4738102667472828,-0.2631605863571167,-1.1040114667906835,-0.3893414872462302,0.8897096784043202,-0.6524105072021484,-0.7261995689233056,-0.1258353590965271,0.5
-0.17437941782048672,-1.0351994037628174,-0.12586070597171783,-0.5180586408278395,-0.5276311466524523,0.6161730289459229,0.23341817488394606,-0.6572439946672343,-0.028923334553837776,-0.02271728403866291,0.29580235481262207,0.5
-0.39065036177635193,-0.4408404231071472,0.010043300688266754,-0.4998875558376312,-0.3174179792404175,0.11063144356012344,0.46789726241696944,-0.6577020656721658,-0.46536436676979065,0.3111979067325592,-0.37881800532341003,0.3333333432674408
0.14179382837215584,-0.6800848182029621,0.15292160514018743,1.0103402238724921,-0.34454667568206787,0.8866834011468786,1.1142964996649676,0.5614816748053799,-0.2159694880247116,-0.42341551184654236,-0.789161991143788,0.5
0.9112436658757206,-0.6885984796643716,1.1652272939682007,-0.7220988273620605,-0.34454667568206787,-0.6775778445522902,-0.06469094829702447,0.1718800087953883,-0.2159694880247116,-0.14284404156993943,-0.5474730730056763,0.5
-0.01176275685429573,-0.2679137890630913,0.34980329871177673,-0.025489187894762177,-0.561576247215271,0.5600017309188843,0.05617068996216782,-1.0624929334418693,-0.2783181965351105,-1.4101015733615732,1.392060399055481,0.5
-0.3466835903274488,1.2574263254369409,-0.8053807020187378,-0.5196709591728368,-0.42593276500701904,0.6054363223248485,0.23082098309525723,-1.229997100546807,1.0075863556394768,1.7434900667020274,2.431612282175131,0.6666666865348816
0.5186799168586731,0.5348246662486068,-0.397668719291687,-0.8109833002090454,-0.12751711905002594,0.42253530125184335,-0.3301544062846333,-0.18352168662133125,-0.46536436676979065,0.7241453639673653,0.5525812061972335,0.5
0.1397922784090042,0.5101338624954224,-0.31249078987104945,0.5412647562197529,-0.34454667568206787,0.6635739755559352,0.3315257091127349,-0.7216670580977304,0.0957741066813469,-1.0244628190994263,1.5343830945774075,0.5
0.21556980907917023,1.0913711845711067,0.07799530029296875,-0.6424273292860504,0.4003730126654593,-1.1251368522644043,-1.6659131431563412,-0.5996192866471339,0.9063074588775635,-0.42341551184654236,1.9417346293332352,0.3333333432674408
-0.6937604546546936,-1.213507056236267,1.1652272939682007,-0.8776466846466064,-0.7243484258651733,-0.8442803621292114,-0.4366053413828888,-1.613293041548331,-0.4496985461359734,0.1108487918972969,1.0547502040863037,0.6666666865348816
-0.5422053933143616,-0.3814045190811157,-0.27501602425795785,0.27337759635812064,-0.6748767668247442,0.8561845662579652,0.6275009303624683,-0.7719270995754289,-0.46536436676979065,-0.6905476450920105,0.7142766724217345,0.6666666865348816
-0.46642789244651794,-0.7380198836326599,-0.12586070597171783,-0.8776466846466064,0.006072477449313687,-0.3632479615322272,0.8657698759928975,-0.52067236224261,0.0957741066813469,0.24441486597061157,-0.631800651550293,0.5
-0.3148728311061859,0.09408261626958847,0.3074768563098985,-0.6109932065010071,-0.7991212735670725,-0.0578824058175087,-0.06311793788166228,-1.489395060488581,0.09310054206986496,-0.18898224090000354,1.9940226662776497,0.6666666865348816
1.560937917858341,0.03464672341942787,0.07799530029296875,-0.7220988273620605,0.3620090408766029,-1.434615885337165,-1.816070963490317,0.6049541450963658,-0.020378898512023264,0.7786791324615479,-0.2101629078388214,0.5
-0.4383547581008265,-0.12099911035732372,1.5272825400446843,-0.7220988273620605,-0.498695964492052,1.065543293952942,0.5148823005655967,-0.1996305457815599,0.46986642479896545,-0.7573306560516357,-0.8825770164820763,0.5
-0.9210929870605469,-0.68753056403219,-0.05790869891643524,2.858050255804092,-0.290957913559037,1.5765859940556544,0.8925342454826305,1.6647328278951328,0.34516897797584534,-0.42341551184654236,-1.306420922279358,0.3333333432674408
0.5186799168586731,-1.2801733435411684,0.21389929950237274,-0.8776466846466064,-0.3174179792404175,-0.381579836801922,-1.0363430383281795,-1.2589023266490973,-0.2159694880247116,-0.7573306560516357,1.263538572530108,0.5
-0.9210929870605469,-1.1543273342017495,0.28185129165649414,-0.8583000952602908,-0.38702889866298656,0.5038304328918457,-0.16487160322116,-0.7178472797488082,-0.028923334553837776,-0.0895003229379654,-0.5474730730056763,0.5
-0.46642789244651794,-0.5002763271331787,-1.3894922947393253,1.2024815172341663,-0.32304784301644907,-0.5601292875144537,0.10609121018078595,0.5932441474476204,-1.6591733601537955,0.1108487918972969,-1.306420922279358,0.3333333432674408
0.9867331378756559,0.5101338624954224,-0.19381269812583923,-0.26546139448124184,-0.029192775035405467,0.16680273413658142,-0.09548167637832322,0.6930602497786009,0.34516897797584534,1.3901595046496258,0.17222294012948403,0.5
0.6242686766102841,-1.3348477978951487,0.21389929950237274,-0.7443199157714844,-0.18177451193332672,0.97760886951704,0.4704085945793891,-0.5383272396324508,-0.04780518363260715,0.1108487918972969,0.12714727222919464,0.6666666865348816
-0.3148728311061859,-0.8568916916847229,-0.19381269812583923,-0.7992967185889405,0.062383756041526794,0.2791453003883362,0.548781451874626,-0.4901704197632235,0.8439587354660034,-0.6298482953637092,-0.37881800532341003,0.6666666865348816
-0.01176275685429573,0.760288442603299,-0.2294566635020372,-0.6529957810310955,0.37753538660482433,-1.0689655542373657,-1.3308307882780055,0.8349352701715027,1.1557023525238037,1.5941728289231076,-0.8847832679748535,0.5
-1.3738172052291415,-0.9163275957107544,-0.5335727334022522,-0.6697218647735335,-0.39880406856536865,-0.45108139514923096,-0.4107632697459578,-1.1680192352299947,1.0795344748461821,-0.5164703169403079,0.6331125497817993,0.5
-0.01176275685429573,0.3856938772621319,-0.12586070597171783,-0.44316293111836624,-0.7243484258651733,0.6723442673683167,0.01389100716918698,-1.5156797327943567,-1.7403629467425898,-1.412790579715772,2.496954745042247,0.6666666865348816
0.06401476263999939,-0.9677663957281963,0.6216112971305847,-0.766541063785553,-0.10038841515779495,1.5834265887780998,0.7787157231617842,-0.6489286608551434,0.9063074588775635,-0.890896737575531,-0.09508165865922724,0.5
1.0784069478698621,0.27239030599594116,1.5898300775040324,-0.1501534426108476,8.403577482920305,-1.4402033303466473,-1.8253542108255814,0.6231343759837078,0.4075177013874054,0.6451131105422974,1.7024108540170921,0.5
0.29134732484817505,1.2385954422461158,-1.487499778277818,-0.7443199157714844,0.2656421373566874,-1.5755996874138691,-1.867219641360309,0.9545619587700906,1.2182455614090182,0.7118961215019226,-0.631800651550293,0.3333333432674408
-0.4370467268699842,0.14783614558322788,-0.5335727334022522,-0.8076377410212086,-0.2360319048166275,-0.3387388288974762,0.561562830085824,-0.32823205782556897,0.30467649650300943,0.8075341421983395,-0.3872624609320689,0.3333333432674408
-0.39065036177635193,-0.6191481351852417,0.14594730734825134,-0.5665509104728699,-0.38377369810498657,1.0094960086966658,1.315009410758525,-0.5920966412857592,1.0933536291122437,-0.02271728403866291,0.6391558787213741,0.5
-0.9210929870605469,-0.3814045190811157,-0.397668719291687,1.3580784017515073,-0.5866140693297998,0.11063144356012344,0.30039950159031253,-0.18825834135338093,0.7858544823801938,-0.6237646341323853,-0.041507821530103683,0.5
-0.16331779956817627,-0.562326905911028,1.1652272939682007,0.7939758879880411,-0.3174179792404175,0.4030437654101018,0.775427821148596,0.9468134052209299,0.9686561822891235,-0.890896737575531,-1.137765884399414,0.3333333432674408
0.5944573879241943,1.8206150588076515,-0.9730636317798873,-0.6554354429244995,1.5011160418510132,-0.3949100971221924,-1.1917083114955163,1.0699469833710018,0.9686561822891235,1.0064963046907167,-0.46314552426338196,0.5
1.2694425132032663,0.09408261626958847,-0.5335727334022522,-0.766541063785553,-0.04613102599978447,-1.5037627084548875,-1.8326454163963226,0.8333340454216251,0.34516897797584534,0.04406575486063957,-0.8847832679748535,0.5
1.3986466961841193,-0.3219686448574066,0.41808926593482487,-0.6776565313339233,1.0555570442462672,-0.9566229581832886,-1.275403684236851,1.033216118812561,-0.28010423264300527,2.335234312788175,-1.2220934629440308,0.5
-0.6937604546546936,-0.6191481351852417,-0.05790869891643524,0.6341028094452597,-0.39880406856536865,1.3233731943332447,1.0546534614200336,0.00029745338427086127,0.9739928872300462,-0.6237646341323853,0.04281972348690033,0.6666666865348816
0.8781002090460075,-0.8584551543443758,1.1652272939682007,-0.6332142949104309,0.14158302277848198,0.119926758272696,-0.34375485120043797,0.7336744760291655,-0.028923334553837776,0.5138182716383607,-0.8847832679748535,0.6666666865348816
0.21556980907917023,-1.0351994037628174,1.1652272939682007,-0.5922724414021003,-0.5887049436569214,1.0448926804463183,-0.2508136956197044,-0.7282138591463768,0.0714064767125767,-1.4750604930743578,0.17895783093396445,0.5
2.717631378552565,0.5101338624954224,1.6546952696535022,-0.07655370777447708,0.6951531004481416,-1.4869223356175874,-1.7758803945685655,1.0860554484386777,-0.2783181965351105,0.5783300399780273,1.2554029858046487,0.6666666865348816
0.1397922784090042,2.00850971422717,-1.8732424184817924,-0.6332142949104309,0.4622606838490903,-0.731937825679779,-1.1895690612453798,0.29289509718587603,1.1138351792227803,0.849971451816339,0.9197375329800442,0.6666666865348816
0.03274168244299021,0.27098316202644257,-0.05790869891643524,1.8600648297035656,0.12321385059531983,1.6623717154008262,3.1513411793954775,1.4147153555734988,-0.9018054008483887,0.17763182520866394,-1.31487837643199,0.3333333432674408
-0.6179829239845276,0.21295440196990967,-0.8039737846376488,0.9658918958001296,-0.5374532410948772,1.154696016479566,1.56151209113531,0.7823072960871428,0.7551131199559783,-0.8140830127638086,-0.9691107869148254,0.3333333432674408
0.21534981214226281,-1.213507056236267,0.28185129165649414,-0.7220988273620605,-0.34454667568206787,0.17737145738121943,0.05139155051632649,-0.7080772557729323,-0.2159694880247116,0.6451131105422974,-0.09181032400236008,0.6666666865348816
0.6702349185943604,-0.20309685170650482,1.2447731792001877,-0.6882314315771912,-0.4801901578903198,0.2791453003883362,1.0165078669656467,-1.5512601095199694,-0.5277130603790283,-0.7652631474714469,2.394918776014162,0.5
0.5944573879241943,-1.0351994037628174,0.6895633339881897,0.27849331991354903,-0.45306146144866943,0.6161730289459229,0.07733008779367707,-0.5051382042576398,-0.028923334553837776,-0.02271728403866291,1.223405361175537,0.6666666865348816
0.21556980907917023,-0.6191481351852417,-0.12586070597171783,1.0646216890042608,-0.6002492058670749,-0.22639626264572144,-0.11674457485308591,-0.3806062948641705,-1.4612111792598301,-0.6237646341323853,0.857980064422836,0.8333333134651184
0.834967834058948,1.2039889196186209,0.32335692752696477,-0.7138088910076315,1.5789071482571748,0.2791453003883362,-1.066612177688962,0.8593043850609899,-0.4089826919454535,0.5115470290184021,-1.137765884399414,0.3333333432674408
-0.7695379853248596,1.1608902964400714,-0.8053807020187378,1.148853785214594,-0.401882955230158,0.8319199583573004,0.7808546866049648,0.6288481070100743,0.5322151184082031,0.3111979067325592,-0.8847832679748535,0.4553696514484834
0.4429023563861847,-0.9163275957107544,1.1652272939682007,-0.7443199157714844,-0.15970487793967064,-0.45108139514923096,-0.4489776533397528,-0.7596152985572657,-0.7771079540252686,1.935774265885941,0.7174400687217712,0.5
-0.16331779956817627,-0.14366096258163452,-0.8070480948919895,0.8309426873711817,-0.6441435378515156,-0.45656948524238034,-0.2625091583510797,-0.3000726810721085,-0.46536436676979065,-0.890896737575531,0.3801299035549164,0.3333333432674408
-0.1535302718321271,-0.28524027437733646,0.34980329871177673,-0.5999883788349178,-0.39880406856536865,1.5436370265562136,0.10510045718190934,-1.5003349450603916,-0.46536436676979065,-0.22306638956069946,1.827051538669431,0.6666666865348816
-0.7695379853248596,0.4765118896984461,1.1652272939682007,-0.7887621521949768,-0.5887049436569214,-0.9865228030195007,-0.335943751618034,-1.534696291850293,0.5945638418197632,0.04406575486063957,1.223405361175537,0.5
-0.6937604546546936,-0.3814045190811157,-0.7230271145909403,0.8287248668533972,-0.5073188543319702,-0.5197972663647382,-0.12381951961745331,-0.4776792694127189,0.1321223106416333,-0.2898494303226471,0.3801299035549164,0.3333333432674408
-0.6937604546546936,0.22728388996611662,0.6418095866459886,1.216431692535077,-0.3723592149525266,0.29412372105412055,1.7853493887937164,0.4969328730237442,-0.4030156433582306,-0.42341551184654236,-1.0594138981619934,0.5
-1.3646917489175205,-0.4408404231071472,0.21389929950237274,-0.7887621521949768,-0.4660440978879957,-0.0578824058175087,-0.2923498947640214,-1.7030920966322234,0.9686561822891235,0.3111979067325592,1.813698172569275,0.6666666865348816
1.7896660554062038,0.3712352272576337,0.28185129165649414,-0.7484231442133762,-0.31224193858771443,-0.45108139514923096,-1.0500164530204996,0.6928367780501716,-0.15362077951431274,-0.02271728403866291,0.29580235481262207,0.5
-0.2122111758757166,-0.7782536969893327,-0.4656206965446472,-0.6554354429244995,-0.697219729423523,0.5888759015780671,0.6159139718514244,-1.2043974015371914,1.564427665063695,0.03179699004157789,1.6222773899078868,0.6666666865348816
-0.6281484517380115,-0.5002763271331787,1.2526180496202324,-0.6776565313339233,-0.7188192371863062,0.9526512749824455,0.22428909257410914,-1.1757038207703183,0.9063074588775635,0.4559098331093661,0.6331125497817993,0.6666666865348816
1.036504445476504,-0.024789171293377876,0.5536593198776245,-0.6228817903532337,0.8571880837049325,-1.3546917112446117,-1.2230682527236185,0.5244777553854514,-1.204612729437905,-0.1139300209447339,-1.0534383058547974,0.3333333432674408
-1.5934491300847704,-0.9757634997367859,-0.397668719291687,0.4427094936844478,-0.32127044019926915,0.11063144356012344,-0.3302475495692857,-1.4595583370064207,-0.028923334553837776,-1.1580289602279663,1.5607155561447144,0.5
-0.9210929870605469,-0.20309685170650482,0.28185129165649414,1.0179303503090664,-0.15364338829029656,0.8718887613832217,1.1100986935385662,1.17340453330343,2.2179116319378394,1.7714303924377142,-1.0534383058547974,0.5
0.06401476263999939,0.7956574086348132,-0.12586070597171783,-0.48531313983708674,-0.2089032083749771,0.08068774667070262,1.000378351511226,-0.15710142852950307,-0.15362077951431274,-1.0620058541088144,-0.8847832679748535,0.3333333432674408
0.29134732484817505,-0.8568916916847229,0.010043300688266754,1.7240907402941705,0.3980471910565208,1.065543293952942,0.2835289163352036,1.033216118812561,-0.7147592306137085,-1.0244628190994263,-0.7196926821847092,0.5
-0.5911985802158342,-0.4408404231071472,0.14594730734825134,-0.24534689814770094,-0.8680502726180076,0.11063144356012344,-0.3323443334422378,-1.2244662051841753,1.1593893972545657,0.7786791324615479,1.9642352823599343,0.6666666865348816
0.21556980907917023,-0.6785839796066284,-0.19381269812583923,-0.5613333209829033,-0.2360319048166275,0.11063144356012344,-0.2832947373329487,0.7363988788407655,1.3237832031698933,2.5306353027984287,-0.2944904565811157,0.6666666865348816
-0.3148728311061859,0.33182618021965027,-0.2617647051811218,0.42031458933680166,-0.5887049436569214,-0.9946606681418415,-0.4634521454604133,-1.089394780679848,-1.1569016400289474,-0.957679808139801,1.813698172569275,0.3333333432674408
0.06401476263999939,2.270107934575551,-1.7663921983481519,-0.6776565313339233,1.001258039319427,-0.8442803621292114,-0.4416767473574168,0.7955529227539521,0.8439587354660034,-0.2898494303226471,-0.777046780828019,0.3333333432674408
-1.072648048400879,-0.9757634997367859,-0.397668719291687,1.1559263570617404,-0.01900232955813408,1.8675847845066547,0.340495218677648,0.194144273819203,0.8982496270896125,-1.0478531197511098,0.41118477045607155,0.5
0.4429023563861847,-0.024789171293377876,-0.12586070597171783,-0.24146984061993976,-0.5583010697892815,0.2229740172624588,-0.2929086859241829,-1.2814676632885755,-1.4984954460051787,-0.8927410534143685,1.48890458816359,0.6666666865348816
-0.39065036177635193,-0.2625327408313751,0.010043300688266754,0.3587178249681873,-0.3174179792404175,0.9265751397762096,1.0517018898004113,-0.8432127136389006,-1.7108524616083085,-0.02271728403866291,0.5262916559478164,0.6666666865348816
-0.9659393920601504,-0.08422506600618362,0.6216112971305847,-0.6554354429244995,-0.6700910329818726,-0.22639626264572144,-0.019509974867105484,-1.0772240309127605,0.24124073398606338,0.4447639584541321,0.04281972348690033,0.5
-0.5422053933143616,-0.2823309675023498,-0.3297167122364044,0.6691649010911997,-0.6047882218736144,0.2229740172624588,0.19670664328379267,-0.571225088141087,-0.3001025756020879,0.4930227877620326,0.8361660504406541,0.5
-0.01176275685429573,-0.3814045190811157,0.07799530029296875,-0.028056841479073016,-0.6700910329818726,0.3626812779083298,-0.01006096804582652,-1.0742114845944695,-1.6932880715456782,0.7118961215019226,1.1390777826309204,0.5
0.5186799168586731,-0.6182355669400887,-0.2617647051811218,1.5589976139333963,0.062383756041526794,0.33531656861305237,0.589079876431338,1.1398066120166,-0.15362077951431274,-0.9729313976767447,-1.2220934629440308,0.3333333432674408
0.29134732484817505,-0.5002763271331787,1.2740058918396393,2.2741102731879885,-0.42593276500701904,0.7846868634223938,1.4785156643782487,1.441338483855252,-2.0466353697254456,0.04406575486063957,-1.4750760793685913,0.5
-1.3194134341870238,-1.2187872664915356,0.21389929950237274,-0.8776466846466064,-0.43023779559656056,-0.8111657623931046,-0.41073713059241634,-0.7748242283447163,2.1370947870272956,0.7259871232985353,-0.37881800532341003,0.5
-2.295088094320125,0.33182618021965027,0.010043300688266754,-0.8109833002090454,-1.009790880755855,-0.0017111222259700298,-0.06491697071379249,-2.4856716669065144,2.15547021159131,-1.0244628190994263,3.0007443248735672,0.8333333134651184
-0.4551843651711268,-1.0635638724620244,1.0800109057942548,-0.7220988273620605,-0.15464581549167633,-0.5634239912033081,0.054552441341687914,-0.6237104673685273,-0.6524105072021484,-0.02271728403866291,-0.2101629078388214,0.5
4.013939663750336,1.1627205267552516,1.786121158857494,-0.523971230421954,0.9105311599934921,-1.1251368522644043,-0.8525230022908162,1.669690198726481,-0.6524105072021484,0.04406575486063957,-0.8847832679748535,0.5
1.3784887207360472,-1.1395136179293728,0.14594730734825134,-0.4360918408647614,-0.8328632116317749,-0.04917101893220426,-0.5650776443345812,-0.634508120437267,-1.9496781387549809,-1.2915949821472168,0.15076925021140206,0.5
-0.46642789244651794,-1.0346030001051236,0.010043300688266754,2.653510227061605,0.2910716544550645,2.109801097629751,0.5231757256797563,1.1854330393987078,-1.0684748929709453,-0.397902917056732,-0.8004556894302368,0.3333333432674408
-0.46642789244651794,-0.03663365689612362,0.004843643205106309,-0.6998776793479919,0.002595391672779876,-0.0017111222259700298,-1.3686296788378358,-0.034463803049936056,1.4417095865497234,2.141308657328039,0.3801299035549164,0.5
2.272919751630238,-0.9163275957107544,1.1652272939682007,-0.6998776793479919,-0.37167537212371826,-0.3623863537270875,-0.13160193144938,0.4750834975605205,-1.0888515710830688,-0.3566324710845947,-0.9691107869148254,0.5
-0.5422053933143616,-0.537449819297796,-0.2264262030699868,0.6677041830883537,-0.2631605863571167,-0.16556749218662944,0.29670046985601983,0.29588653487140776,-0.09127205610275269,-0.8311569864647167,-0.9691107869148254,0.3333333432674408
-0.7780318928977821,0.43049447911630956,0.4065318318994837,-0.9114646455575209,-0.34454667568206787,-1.0689655542373657,0.5322206386128793,-0.5594372544134456,-0.5322375441471312,-0.8564838483800034,-1.4083715824815857,0.3333333432674408
1.4129103642538416,-0.795201820411043,1.6467875702877117,0.25593218695984454,-0.45306146144866943,1.1370886381764098,1.3225798078831181,-0.8553181886672974,-1.629334713132469,-0.6237646341323853,1.1114891957405477,0.5
-0.3148728311061859,-0.3814045190811157,-0.7295163444086233,-0.8776466846466064,-0.37167537212371826,-0.3949100971221924,0.498707279007442,-0.6607698679145352,-0.7147592306137085,-0.6550661457492333,-0.9691107869148254,0.3810606686577846
-0.5422053933143616,-0.2625327408313751,-1.3644514999735478,0.28538348712605893,-0.9497187833061288,1.8699935829714915,0.8068218474431259,-0.7141210741252062,-0.15362077951431274,0.6451131105422974,0.8017675876617432,0.5
-1.6623350378251676,0.9404991810387623,-0.2617647051811218,-0.7220988273620605,-0.697219729423523,-0.45108139514923096,-0.019509974867105484,-1.2090132426224485,2.695981862396025,0.9488520890468323,2.1997355289840343,0.8333333134651184
-0.46642789244651794,-0.6191481351852417,0.6895633339881897,-0.8109833002090454,-0.6807001620324331,-1.0127942562103271,0.26628201289155007,-0.9560308422150239,0.47613108803547005,0.3111979067325592,0.7174400687217712,0.3333333432674408
-0.01176275685429573,-0.7380198836326599,-0.3297167122364044,0.5175194506202841,-0.6158336400985718,-0.5911025669483644,-0.10544778606205643,-0.24833002229822307,-0.46536436676979065,-0.7573306560516357,-0.041507821530103683,0.5
1.7235374551422906,-0.8568916916847229,-0.12586070597171783,-0.2738904269431952,-0.3174179792404175,0.6723442673683167,1.2098278306690422,0.46828337203129666,-0.9236553612929111,-0.3904766631493091,-0.8004556894302368,0.5
-0.3148728311061859,-0.3814045190811157,-0.05790869891643524,0.6118685071885,-0.561576247215271,1.1813201187972333,0.5367943534183806,-0.6368685782754164,0.8518539722154578,-1.4232585992270175,1.4245179836290505,0.6666666865348816
-1.148425579071045,-0.3814045190811157,0.542353933918906,-0.08196744921264397,-0.5073188543319702,0.8424526937260257,0.506330968307333,-0.396681018904977,0.839447760333916,-0.7884392745963735,-0.23070581370973556,0.3333333432674408
1.413873101295671,-0.7979042187243294,0.5549036393302494,-0.8109833002090454,-0.18177451193332672,-1.4350612020827564,-1.5059224160906932,0.35900280576546073,-0.8394566774368286,0.6914100480732894,-0.2101629078388214,0.3333333432674408
-0.39065036177635193,0.9135013621034402,-0.7864794524302343,-0.538457937193602,0.75586749854816,-1.1251368522644043,-1.6249187435901407,0.3265700109842696,1.998331147349838,0.7803134499436097,0.8485510991652234,0.5
0.07012958221167834,-0.3219686448574066,-0.6697227603704128,0.6591299915675225,-0.07325971871614456,-0.45108139514923096,0.8014847940711833,0.09925877429864366,-1.6344973795861788,0.37798094749450684,-0.041507821530103683,0.5
-0.3148728311061859,-0.4408404231071472,0.33770268586112895,-0.8554255366325378,-0.42593276500701904,-0.3544509839926644,-0.15790127878886906,-1.4417366386662027,-0.2159694880247116,-1.1604093221387823,1.5607155561447144,0.3333333432674408
-0.8453154563903809,0.15351851284503937,-1.4989231269811245,0.3418211865174101,-0.6158336400985718,0.2229740172624588,1.2368608681944486,0.018684376086166465,-0.4030156433582306,-0.7042765167960885,-1.0534383058547974,0.3333333432674408
0.6682494948917701,1.6591289337279675,2.2417508422042705,-0.7220988273620605,14.652083817226556,-1.261956580745381,-0.5510641440576408,1.0266618532419014,-1.6804781261973147,9.614940434750917,-1.2220934629440308,0.5
-0.9210929870605469,0.5101338624954224,-1.5675863611882446,-0.8998677730560303,-0.6158336400985718,-0.5634239912033081,-0.7514076131535883,-0.9186449538057675,-0.15362077951431274,-0.3566324710845947,-0.46314552426338196,0.3333333432674408
-0.46642789244651794,0.7272458592056356,0.8201471808880733,0.8641835785531502,-0.2631605863571167,0.7846868634223938,1.817729249654291,0.6952888662874676,-0.7147592306137085,-0.2898494303226471,-1.306420922279358,0.3333333432674408
-0.46642789244651794,-0.3814045190811157,0.6895633339881897,-0.8554255366325378,0.10827985955955899,-0.45108139514923096,1.0545674002465024,-0.1883643871156948,1.5245918107694538,0.7298877788952691,-0.2820152664163227,0.5
-0.5422053933143616,-0.5002763271331787,-0.4142728491283889,0.57061951278054,-0.18177451193332672,0.33531656861305237,-0.36748405851024635,-0.941485836284566,-0.9641541242599487,0.4447639584541321,0.6331125497817993,0.5
1.7917080716331981,-1.2825963963241707,1.1652272939682007,-0.3309633924141079,-0.7071902750974802,-0.5564889530483302,-0.07310949300078323,0.5001975125961905,-0.6495454318941358,0.17763182520866394,-0.37881800532341003,0.6666666865348816
-1.3041526663290626,-0.7751910934154879,0.5536593198776245,0.7256658832838349,0.43667565240026907,1.5118205719253979,0.5868901262107982,0.17269105926016717,-1.213549017906189,-0.11350999366158337,-0.631800651550293,0.3333333432674408
-0.16331779956817627,-1.0351994037628174,-0.19381269812583923,-0.3875555057984368,-0.2360319048166275,1.942447771672847,1.1578680056977537,0.04932392343317171,-0.09127205610275269,0.9122452139854431,-0.46314552426338196,0.5
-0.16331779956817627,-0.3814045190811157,0.8934193253517151,-0.833204448223114,-0.2902892827987671,-1.4059932231903076,0.23572346139400474,-1.1870708302073003,-1.151200294494629,-0.02271728403866291,0.6331125497817993,0.3333333432674408
0.5186799168586731,-0.3814045190811157,-0.05790869891643524,-0.8776466846466064,-0.45306146144866943,1.001071381150997,0.3735598597063246,-1.0886344109854325,-0.5277130603790283,-0.42341551184654236,0.4027219738237782,0.5
-0.3148728311061859,-0.6191481351852417,1.1652272939682007,2.2985625201090296,-0.32107627212441137,2.099239949354325,1.663051609998661,1.5432482815227209,-0.34066691994667053,-0.42341551184654236,-1.0712215808017413,0.3333333432674408
-0.6937604546546936,-0.5002763271331787,0.07799530029296875,0.4446014891613507,-0.561576247215271,-1.0689655542373657,-0.05942125439656826,-0.7057360713565687,-0.2159694880247116,-0.890896737575531,0.6331125497817993,0.5
0.1397922784090042,5.8760352581061,-2.161512576667495,-0.6332142949104309,0.7366219946376522,-1.2243780385477194,-1.135429030135171,0.6279134043214244,1.8546644453296988,-0.5569815635681152,-0.9691107869148254,0.3333333432674408
-0.7695379853248596,0.21295440196990967,-0.2617647051811218,0.7199057149046115,0.8475179697665671,1.9195970114428569,0.8503454921423313,0.10806394200188127,0.0957741066813469,-0.42341551184654236,-0.8004556894302368,0.5
-1.3451488609490754,0.5101338624954224,-1.757133770174973,-0.766541063785553,-0.07325971871614456,-1.5226274856783346,-1.819031127018877,-0.23374117004100495,1.8244680704827194,0.31922810552411235,1.1390777826309204,0.5
0.4429023563861847,0.9858859061245843,-0.1101759063195522,0.4811631701910778,-0.6179358768078478,-0.6216888655161207,-0.524298554961471,-0.9637189910521284,-1.349550170236678,-1.6558795928983434,1.1556470314938156,0.5
-0.39065036177635193,-0.8568916916847229,-0.3297167122364044,-0.8445192553988432,-0.5887049436569214,0.45122429281629595,0.18279589909469982,-1.3261423318617704,-0.4030156433582306,-1.37298873555916,0.7777227459154196,0.5
0.23859177759944378,-0.3814045190811157,1.1652272939682007,1.46491586519038,-0.3174179792404175,1.065543293952942,1.4539164876182677,1.2257146652783166,-0.4030156433582306,-0.4886674065264457,-1.4679577901712049,0.5
-0.46642789244651794,-0.5272586076625702,0.4857073128223419,0.4647681344357564,-0.39880406856536865,0.16680273413658142,-0.017146338286033177,-1.1154887862147227,-0.34066691994667053,-1.2915949821472168,1.4600012083745975,0.6666666865348816
0.29134732484817505,-0.8568916916847229,-0.12586070597171783,-0.7887621521949768,-0.561576247215271,-0.8442803621292114,0.708065135674931,-0.6940876352377745,-0.2172612241916185,0.9790282845497131,0.5487849712371826,0.6666666865348816
3.9481162276628683,-0.08422506600618362,1.2806643975422207,-0.8109833002090454,-0.09360064705588149,-1.4475967247679888,-1.8836936615330093,0.561748468952386,-0.6852662375215433,2.1894719834771132,0.04281972348690033,0.6666666865348816
-1.072648048400879,-0.40442616073820636,-0.19381269812583923,0.17457083821812636,-0.15464581549167633,0.6161730289459229,0.9290738046663511,0.12528079196646227,0.34516897797584534,-0.49019855260849,-1.1520258920706312,0.3333333432674408
-0.5507555969757862,0.08120450585996593,-0.19381269812583923,-0.4191491505827892,0.849978039388106,-0.3220620467319598,0.5286034121528714,-0.8646466853535375,-0.46536436676979065,0.37351477019878276,0.18634258791844668,0.3333333432674408
-0.6937604546546936,-0.7974557876586914,-0.46127175023174216,-0.39490425192937595,-0.3174179792404175,1.5788504359040794,1.8865006865668261,0.39318070120554005,1.9724366741888182,1.5855162134189154,-0.5823644887890499,0.5
0.4429023563861847,2.370943577991599,-1.6738132595021828,-0.6776565313339233,0.7291930838850761,-0.8442803621292114,-1.152593324327385,0.8983207941055298,0.3609373083046344,0.4447639584541321,-1.137765884399414,0.3333333432674408
1.55090159147464,1.2492402168087844,-0.3097703603995225,-0.6253072471859844,1.1888787697799619,-0.7184543200893773,-0.9251503331911176,1.29954763245892,-0.6524105072021484,0.24441486597061157,-0.7161281704902649,0.5
-0.39065036177635193,-1.1134545940134708,-0.05790869891643524,-0.8554255366325378,-0.5073188543319702,-0.616308490139718,0.0733565929896215,-0.664168214683339,1.6851348756823132,-0.3566324710845947,0.29580235481262207,0.6666666865348816
-0.9968705177307129,-0.9449649411631552,-0.12586070597171783,-0.7458870761876738,-0.5344475507736206,0.2791453003883362,-0.060454186119110236,-1.1458834097362849,-0.028923334553837776,-0.1515671690421403,0.3801299035549164,0.5
-0.5465216373107229,0.05359259142083758,0.07799530029296875,0.6542892041847712,0.2331172549976554,0.5600017309188843,0.333209588085296,-0.38622829048998336,0.0957741066813469,-0.8241137266159058,-0.041507821530103683,0.5
0.5186799168586731,2.4794768088711567,-2.1644208431243896,-0.6776565313339233,1.3253235221410506,1.3672523455913084,-0.26284546388974644,0.6903064958110058,0.10015163426961342,0.3111979067325592,-1.0391529988178942,0.3333333432674408
-0.7695379853248596,-0.6247560997122593,0.7801624009417205,-0.833204448223114,-0.16238811609043427,-1.237479329109192,0.015611058231870457,-0.30534693457927176,0.9686561822891235,-0.6905476450920105,-0.7144374808904177,0.3333333432674408
-0.6179829239845276,-0.9757634997367859,0.49460662041638553,-0.6554354429244995,-0.23732077343643637,1.1217145919799805,0.6717653247118441,-0.8640218122034757,0.2204715460538864,-0.15628336369991302,-0.2101629078388214,0.8333333134651184
-0.3148728311061859,-0.4408404231071472,0.3315381935806241,-0.5887720584869385,-0.27577452719524764,-0.6195952296257019,-0.007435724260700931,-1.0633996025595724,0.23315926082814636,1.4671055229572325,2.0686202420090067,0.632799973775038
0.5825525523070715,-0.9163275957107544,0.9620923420074972,-0.6776565313339233,-0.317686089836668,-0.22639626264572144,-0.20731365916945702,-0.3188008715022638,-0.15362077951431274,-1.0912458896636963,0.4644574522972107,0.6666666865348816
2.6178266237448566,0.3066828115725182,0.010043300688266754,0.03543739901512964,0.575451943766312,-1.1813081502914429,-1.5792505431256538,1.8831035007173733,0.5945638418197632,0.8895868038455125,-0.2944904565811157,0.5
-0.3148728311061859,-0.5597122311592102,0.010043300688266754,-0.32726776122323203,-0.7775160566692338,0.21936559778991582,0.8420989263332778,-1.26045551780881,-0.8394566774368286,-1.5445439831582055,1.3551076897055767,0.5
-0.8453154563903809,-0.8568916916847229,0.35105730198682206,-0.08988923915599904,1.2002299367016582,0.33531656861305237,0.20003955066239668,-0.18833660588049708,-0.5277130603790283,-1.0111299707854087,-0.8847832679748535,0.3333333432674408
0.9368086330009798,0.5101338624954224,0.4857073128223419,0.14994580777866257,0.12080085376874834,-1.349821925163269,-1.2897948723114787,1.546066226680299,0.40947568372730925,0.7786791324615479,-0.2482473134768739,0.5
-1.2120256900635424,1.1131142024471876,-0.5335727334022522,-0.6976407574609025,0.20053327113367364,-1.1251368522644043,-1.4633789557134664,0.3223204814335625,2.3084292945918565,1.5285415166768634,-0.46314552426338196,0.3333333432674408
-1.478444963061676,-0.6785839796066284,-0.05790869891643524,-0.838547151543211,-0.7087586933379524,0.7776413575407903,0.3394336312720211,-1.9480968482900038,1.4922842118016735,-0.49019855260849,1.8395211133841103,0.6666666865348816
-0.2390953153371811,-0.2625327408313751,-0.12586070597171783,1.8274411414750247,-0.5887049436569214,-0.46491519116419433,-0.4933880311254203,0.06444075928249578,-1.213549017906189,-0.890896737575531,0.7174400687217712,0.5
-1.13093774246618,-0.5002763271331787,-0.05790869891643524,-0.8998677730560303,-0.2360319048166275,-0.45108139514923096,0.10190903913402068,-0.8553181886672974,1.1881096144933656,-0.6237646341323853,0.21147480607032776,0.5
-0.01176275685429573,-0.8568916916847229,1.2939350843283461,-0.025907717074884398,-0.44793509999561987,-0.7298998110983363,-0.6034242426981797,-0.7414715738054802,-0.7771079540252686,0.17763182520866394,0.6331125497817993,0.3333333432674408
0.965335909627124,-0.6191481351852417,0.6895633339881897,-0.7887621521949768,-0.07325971871614456,0.05446016043424606,-1.2735219276079406,0.36007106912760395,0.14445451355490835,2.8150583164459713,0.5487849712371826,0.6666666865348816
-0.01176275685429573,-0.2625327408313751,0.07799530029296875,-0.766541063785553,-0.38107273140525744,0.05446016043424606,0.7102533299485626,-0.6896116134695786,0.5322151184082031,0.7118961215019226,0.8006447023505108,0.5
-0.2390953153371811,-1.3839690582624269,1.17156495606228,-0.8776466846466064,-0.5073188543319702,1.7406542417408803,0.7672088857920853,-0.3192605559282518,0.4075177013874054,0.9809811543691053,-0.7161281704902649,0.6666666865348816
1.2892384104290413,-0.14366096258163452,1.1652272939682007,0.3170930490917078,1.3098872645723039,-0.0578824058175087,-0.11795149646272965,1.1176191918881948,-0.9018054008483887,0.04406575486063957,-0.46314552426338196,0.3333333432674408
0.06401476263999939,1.2742732836949617,-1.9839334122186356,-0.5887720584869385,0.7497818921962464,-0.17022497951984406,-1.299384398897372,0.2915267237968361,0.2782104917906997,-0.02271728403866291,0.21147480607032776,0.5
-0.6179829239845276,0.15351851284503937,-0.5335727334022522,-0.6998776793479919,-0.5073188543319702,0.15167911886499783,0.7296231791805584,-1.2488879717805395,-1.151200294494629,-1.2181709013350466,0.8017675876617432,0.5
-1.072648048400879,-0.4898213501486826,-0.6694766879081726,-0.01816113160842325,-0.45306146144866943,1.0884243043436204,0.7879247414478753,-0.4860065755228183,1.9785306553150492,2.3181066703178383,0.6360788862859371,0.5
0.06401476263999939,-0.35874424210902195,-0.397668719291687,2.2536311727791776,-0.2902892827987671,0.8109069647867106,1.41211389235782,1.3979642677425101,-0.5116912741291587,-0.18474599651954204,-1.2927737120822438,0.5
0.7460124492645264,0.517065153371752,-0.05790869891643524,-0.07941882222082688,-0.34454667568206787,-0.3730271959960499,-0.6288899744413473,-0.8233303884854438,-0.46536436676979065,-0.02271728403866291,1.4184133724252503,0.6666666865348816
-0.9968705177307129,-1.1605161181356034,0.8658433037915658,-0.872685096488339,-0.6700910329818726,-0.0578824058175087,-0.3592069061835798,-1.1922887388306123,1.2394448862706444,0.3111979067325592,0.21147480607032776,0.5
-0.3148728311061859,-0.7380198836326599,0.14594730734825134,0.5451215105787455,-0.3828907166627414,0.2229740172624588,0.1635244535902807,0.29255935699050506,1.3427485227584839,-0.15628336369991302,-0.041507821530103683,0.5
-1.072648048400879,-0.9163275957107544,0.030569090448182658,-0.9497553148225246,-0.4801901578903198,-0.17022497951984406,-0.4205329835313677,-0.9504934836578169,0.47295990916303904,-0.15628336369991302,-0.7161281704902649,0.5
0.40505478959895,1.1117106102303926,-0.5335727334022522,0.6989577013840416,1.0190416501314234,0.7846868634223938,0.48158866592605226,1.2430818586136734,0.4750809558681266,-0.49731949048737545,-1.137765884399414,0.3333333432674408
0.21556980907917023,-1.0875233111716684,1.1652272939682007,0.010186888223173176,-0.5344475507736206,0.7846868634223938,0.7943885742035562,-0.15755539054184753,-0.6717242737931663,1.2012588974756924,0.21147480607032776,0.5
-0.3148728311061859,1.2063451699071985,-1.5992841783439133,-0.6554354429244995,0.6039476164353079,-0.8442803621292114,-1.561070525350577,0.3128449427138256,1.8368634348720554,0.6451131105422974,0.5487849712371826,0.5
0.4429023563861847,-0.5597122311592102,0.5599414182532163,1.4522982848819324,-0.2360319048166275,-0.3387388288974762,-0.43741276718882716,1.3962682113092664,-1.0021561570857132,-0.2898494303226471,-1.2536206066369509,0.6666666865348816
0.8453672132619948,0.06742853401081281,1.1557798480649837,-0.6332142949104309,0.5473076047737796,-1.4059932231903076,-1.8330079065560725,0.2937608996936035,0.7802902311793521,1.3492592837735202,0.5490405774957797,0.6666666865348816
-0.3148728311061859,-0.7974557876586914,0.07799530029296875,0.8854304333387738,-0.555641964287777,1.149603537668537,1.1429133369006235,0.6914565077341489,0.7192612886428833,-1.456894699077363,-0.8004556894302368,0.3333333432674408
0.29134732484817505,1.7077222646952714,-1.839403294855591,-0.6362375328609267,0.8270346770135921,-0.17022497951984406,-0.8429284938779665,0.6949643192021959,0.7192612886428833,0.8358571294422809,-0.5474730730056763,0.5
2.4470636317561847,0.5718359290114824,0.8202407376957341,-0.6290386813478421,0.2027822454078047,-0.7881091237068176,-0.2595448559782248,1.0193000204123495,-0.2783181965351105,0.2499405584814818,-0.8847832679748535,0.5
-0.46642789244651794,-0.7380198836326599,0.18224664373574484,-0.6332142949104309,-0.5821087794267406,0.10809054554472541,0.5540984382917016,-1.5170196371382823,-0.4030156433582306,-1.0244628190994263,1.5607155561447144,0.6666666865348816
-0.39065036177635193,-0.14484751849270017,-0.3297167122364044,-0.46751877726051033,0.8455322157975532,-1.349821925163269,-1.1862349969123183,0.014824504240760442,1.1557023525238037,1.8877430985418204,2.11567186449508,0.6666666865348816
0.5369707718040924,2.8969124797406103,-2.145786608304503,-0.3118623429015059,0.7864563138814294,-0.9566229581832886,-1.5769518748880225,0.842604983013135,0.9686561822891235,0.6994466954894347,-0.631800651550293,0.5
0.5944573879241943,0.33677136379459716,0.010043300688266754,-0.7887621521949768,1.7070183302028559,-1.4059932231903076,-1.7921155051056417,0.44599677905197765,0.2828202545642853,0.07027971345593616,-0.1258353590965271,0.6666666865348816
-0.16331779956817627,0.7387758334329029,0.8254672884941101,0.710869450786349,-0.7243484258651733,-0.3387388288974762,0.040505502969093304,-0.8553181886672974,0.15812282264232635,-0.957679808139801,1.6450430154800415,0.8333333134651184
3.1552279404069705,0.3415568042257827,0.6895633339881897,-0.6554354429244995,0.6329357944616689,-0.8580910461980428,-0.8289971204935503,0.963929313468558,-0.34066691994667053,1.0469142760074104,-0.2944904565811157,0.5
-0.46642789244651794,-0.4742382399778167,0.07799530029296875,-0.7443199157714844,-0.34454667568206787,1.262136971326647,1.4634671760480422,-0.7319540630616965,0.7192612886428833,2.5447105642418744,-0.43640826590435206,0.5
0.6702349185943604,-1.0351994037628174,-0.001742549211885193,-0.8554255366325378,-0.42593276500701904,1.4505479606097411,0.48133520265899243,-0.43151225994870096,-0.33388167122710277,-0.01573645052085313,-0.37881800532341003,0.5
-0.46642789244651794,-0.5597122311592102,-0.05790869891643524,0.8453904998635133,-0.5073188543319702,2.8116869529594157,1.82998917684154,0.05533948702953735,-0.7277978706115263,-0.6237646341323853,-0.8004556894302368,0.48988663782246744
-0.3148728311061859,-0.010544111482737414,0.10862646320701423,-0.833204448223114,-0.6640088813278305,-0.0578824058175087,-0.45429536906311535,-1.4479576258772027,-0.34066691994667053,-0.49019855260849,1.0547502040863037,0.6666666865348816
-0.8453154563903809,0.03464672341942787,-1.9539835904797267,-0.8776466846466064,-0.6429623365402222,0.05446016043424606,-0.638098577730145,-0.7924888730489238,0.6569125652313232,-1.0244628190994263,0.04281972348690033,0.5
-0.46642789244651794,0.9001802367147221,-0.19381269812583923,-0.41638607469973055,-0.6429623365402222,-0.5072526931762695,-0.04733366017961663,-1.682072639981676,0.4075177013874054,0.4882225405120757,2.5188062421178357,0.5
-0.08754027634859085,-0.2625327408313751,-0.6694766879081726,-0.3021392898221239,0.7417507080606317,-0.11405368894338608,0.5843715896747496,-0.2522078178797163,-0.5900617837905884,-1.121447371957825,-0.46314552426338196,0.3333333432674408
-0.8453154563903809,-0.5597122311592102,-0.4656206965446472,0.638633416375804,-0.2360319048166275,0.30080926344719805,0.08629367241418688,0.003906942853933004,-0.15362077951431274,0.04406575486063957,-0.631800651550293,0.3333333432674408
0.21556980907917023,0.7184717605270786,-0.0459387870473065,-0.7443199157714844,0.6591893144884179,-1.349821925163269,-1.5134561318642987,0.8242503312144213,0.15812282264232635,1.9381273410541517,-1.1853109041251702,0.5
-0.5487414668540782,0.08520866097310856,0.9567710702632285,1.9407364444292947,-0.18177451193332672,2.0431528601024107,1.542445182505639,1.240259924001847,-0.2159694880247116,-0.02271728403866291,-1.137765884399414,0.3333333432674408
-0.46642789244651794,1.5029764845253164,-1.8977270921855363,-0.6776565313339233,0.5025354558175413,-0.45108139514923096,-1.3518586344087378,0.5502586329599891,0.7192612886428833,3.335490773331509,-0.35618385400125124,0.5
0.06401476263999939,-1.0007754711756627,-0.397668719291687,-0.23497008552996873,0.1700735662877871,0.16680273413658142,0.6896194217275157,0.29262296014831135,0.6569125652313232,-0.5002632639066967,-0.8847832679748535,0.5
-0.46642789244651794,0.5858068238235383,-0.19381269812583923,-0.766541063785553,-0.18349411508964864,-1.4059932231903076,-1.1952631878110416,0.5191610445166154,1.5078829103428646,-0.02271728403866291,-0.14635471075645828,0.1666666716337204
0.32288008503127785,-0.40790486247793745,1.4701430621295342,-0.7887621521949768,-0.4937281606079725,-0.21775539566329358,0.7225506341157988,-0.7555327634017492,0.5322151184082031,-0.890896737575531,0.9704226851463318,0.5
3.32643808900624,1.5626063874350151,1.1652272939682007,-0.43015807348742735,0.739198797325768,-0.731937825679779,-1.0713502911480728,1.569613709093504,-0.46536436676979065,0.5631841389912826,-0.22651504827062247,0.3333333432674408
0.6641754220975185,-0.08187881157168042,-0.24843270729471367,-0.5897051139456504,0.3149952332769996,0.11063144356012344,-0.729230577859324,-0.47379928921482617,1.1294768845323715,0.7244691789584483,1.392060399055481,0.7345621573594466
1.2158068409302447,-0.20309685170650482,-0.3297167122364044,-0.7220988273620605,-0.08209057944952926,-0.6195952296257019,-0.6346764708760666,0.2602921252132192,-0.12471528804813127,1.3946983266372561,0.21147480607032776,0.5
-0.08754027634859085,-0.7974557876586914,0.010043300688266754,-0.2741504004360107,-0.5918179163585687,0.38387146907656855,0.26882065259331994,-0.4920215368663987,0.033425383269786835,-0.22306638956069946,0.5487849712371826,0.6666666865348816
0.4429023563861847,1.4318210434717649,-1.6491637385970197,-0.5887720584869385,-0.10376063730723697,-0.731937825679779,-1.503194703997852,0.13579500792767266,0.48046599239217197,0.7786791324615479,0.31137820150977474,0.5
2.4210739662505008,0.12805780822344126,1.5012847637537008,-0.6301586298614427,2.6077768160227786,-1.3519278761091187,-1.7654642467587667,0.6231161529853178,-0.5277130603790283,1.5447257842295983,1.528861778693308,0.5
-0.8453154563903809,-1.0351994037628174,0.28185129165649414,-0.5428695585689195,-0.45306146144866943,-0.0017111222259700298,-0.32766600987118083,-1.27023756911338,-0.5900617837905884,0.37798094749450684,0.5487849712371826,0.5
0.06401476263999939,-0.34116395312008546,-0.19381269812583923,0.5919770631627156,-0.2089032083749771,1.5720920661400952,1.809953070771051,0.8983207941055298,-0.5087707710862686,-0.890896737575531,-1.306420922279358,0.3333333432674408
0.8509083755656166,-0.5002763271331787,0.235777478069799,-0.8776466846466064,-0.3174179792404175,-1.349821925163269,-0.21073688528552734,-0.38664190877274274,-0.15362077951431274,-0.5569815635681152,-0.274994817209612,0.3333333432674408
-0.2390953153371811,-0.7974557876586914,0.010043300688266754,-0.7082804414615351,-0.4473758460384222,-0.45108139514923096,-0.32181753384795564,-0.39988741764601216,0.0957741066813469,0.37798094749450684,-0.10508449969847979,0.5
-0.9210929870605469,-0.14366096258163452,0.19904168045667078,-0.5982778043412889,-0.4801901578903198,-0.45108139514923096,0.5201038293265359,-1.8458690735757366,-0.34066691994667053,-0.7573306560516357,2.2522927436509135,0.5
-1.1994167316832924,-0.2625327408313751,-0.6830349947860505,-0.9330411082445554,-0.04613102599978447,-0.17022497951984406,-0.09110596155591483,-1.128412346520017,0.47259576783373997,-0.0895003229379654,-0.37676994243528455,0.5
-0.6937604546546936,1.591990181517631,-0.941284716129303,-0.7887621521949768,0.961649873628417,-0.25918742042823134,-1.063746673006078,0.17849052102882038,0.033425383269786835,0.9122452139854431,-1.2255272171376956,0.3333333432674408
-0.46642789244651794,0.15351851284503937,-0.5335727334022522,-0.32108627585679694,-0.5887049436569214,1.0873689285655954,1.4418429600055034,-0.014917617877156066,-0.7147592306137085,-1.4417474822805174,-1.137765884399414,0.644833347887242
2.027672556458589,0.33182618021965027,1.1652272939682007,-0.6554354429244995,1.1343075062806345,-0.5634239912033081,-1.1410310083132373,0.6503128835359445,-0.5277130603790283,0.5115470290184021,0.21147480607032776,0.5
-0.46642789244651794,0.3379282574279082,-0.5355422423451548,-0.019805078470332662,-0.37167537212371826,0.6161730289459229,0.1996368589658013,-1.4443015437580815,-0.5900617837905884,-0.957679808139801,1.8928611919980283,0.6666666865348816
-0.9210929870605469,-0.5597122311592102,-0.941284716129303,0.5190892819626778,-0.4527367801146282,0.05446016043424606,-0.10462240265890917,-0.947354912466442,0.8439587354660034,-1.3629749767578458,1.7221856810901808,0.8333333134651184
-0.3148728311061859,-0.5597122311592102,1.1652272939682007,1.4806527807292449,-0.5073188543319702,1.0601903104765729,1.039735532932553,0.6794076295497355,-0.5277130603790283,-0.6237646341323853,-0.7598897529680895,0.5
0.46303559938105954,0.4178136569254548,-0.3297167122364044,1.8207285455980833,0.062383756041526794,-0.08267706684213989,0.41245861955834,1.4248214757606208,-0.5277130603790283,0.02861355085313118,-1.082149404402634,0.5
-0.2390953153371811,-0.7974557876586914,0.9421636365814986,0.7491168198368133,-0.34454667568206787,1.349767303515378,1.4467904850629456,0.47264696895190705,-0.7771079540252686,-0.6237646341323853,-1.2204953038285133,0.5
-0.3148728311061859,1.7391670461399231,-1.3860853607292756,-0.19860557075947383,0.8280960669735655,-0.35052113960691816,-1.361462660440021,0.5619543226053432,1.5348649706515245,0.4447639584541321,-0.041507821530103683,0.5
0.9491573720092255,2.7326303670025878,-1.9940579614257645,-0.6554354429244995,0.9249477760373765,-1.2936506271362305,-1.6509633796116028,1.0876906432969062,0.8439587354660034,0.17763182520866394,-0.8847832679748535,0.5
-0.46642789244651794,0.5101338624954224,-1.4246854087679273,-0.8109833002090454,-0.34454667568206787,-0.21779486417689514,-1.414060536768494,-1.0919329770281239,-0.09127205610275269,-0.025275558646195143,1.813698172569275,0.5
1.4927045685384113,-0.8568916916847229,-0.2617647051811218,-0.8998677730560303,-0.2673035717408617,0.39148786664009094,0.2575450228578152,-0.7208596701444838,-0.7147592306137085,-1.0244628190994263,-0.37881800532341003,0.5
0.500921277809098,0.2949764811087618,-0.2617647051811218,-0.21376832382685793,1.0888321806293026,0.5284449304226513,-0.4753622800774479,1.1547744166467853,1.0933536291122437,1.3158928592760128,0.12714727222919464,0.3333333432674408
-0.39065036177635193,-0.3219686448574066,0.010043300688266754,-0.7443199157714844,-0.5073188543319702,-0.6757665276527405,-0.32543868856075314,-1.8167561529823069,-0.6117981123353218,-1.0244628190994263,1.3848855807754503,0.8333333134651184
-0.39065036177635193,-0.6191481351852417,-0.2617647051811218,1.2799319757439487,-0.34454667568206787,0.2791453003883362,0.43539121058275937,0.6255773375342093,0.1966373075638223,-1.0244628190994263,-0.8847832679748535,0.3333333432674408
2.6178893393019362,-0.6191481351852417,0.7130221875065069,-0.6776565313339233,0.04895066462397385,-1.349821925163269,-1.7803720820650903,0.42708801293523824,-1.4005951881408691,1.501775039571331,0.04281972348690033,0.5
0.24780784506450343,-0.5002763271331787,0.6216112971305847,-0.31287547063237964,-0.4801901578903198,1.3866090576662438,1.1229848990458886,-0.506147032445002,-0.5900617837905884,0.4447639584541321,0.21147480607032776,0.5
-0.2390953153371811,1.0471394914550016,-0.008609950403479533,-0.6332142949104309,-0.3417372651860943,-0.5273057172649391,0.206078144190073,-0.10525949932115244,0.15812282264232635,1.9170326928385661,0.29580235481262207,0.6666666865348816
-0.46642789244651794,-0.5597122311592102,-0.2617647051811218,-0.7887621521949768,-0.3717113132653357,-0.0578824058175087,0.45664611680998035,-1.2050794652804444,-1.4005951881408691,-1.1580289602279663,0.3801299035549164,0.5
-0.9155037510831859,1.7557604166990382,-2.1644208431243896,-0.5268613610008125,0.706173967830246,-0.7113806610591313,-1.567048631222163,-0.3948896688658122,1.1186936274378418,-0.3566324710845947,1.3736704850123593,0.3333333432674408
-0.2390953153371811,0.0667331808716934,-0.2617647051811218,2.221066308990709,-0.15464581549167633,1.879553156574228,1.8810948188320902,1.460790070765867,-0.5117844518966885,-0.22306638956069946,-1.6007751334145408,0.3333333432674408
-0.6937604546546936,-0.7380198836326599,0.04733868385020642,-0.1839513985032929,-0.561576247215271,1.1412209720000623,0.45850548964995336,-0.6951375134156345,0.9063074588775635,0.6451131105422974,0.6331125497817993,0.5
0.9958662822270424,0.33182618021965027,-0.12586070597171783,-0.8747813792583027,0.1197699191716576,-1.4059932231903076,-1.686921306702119,0.0054223286377169146,-0.46536436676979065,-1.1273062957112985,-0.7161281704902649,0.1666666716337204
0.1397922784090042,-0.3219686448574066,0.6895633339881897,-0.48967723982716077,-0.42593276500701904,-0.3387388288974762,0.1741407911281342,-0.8478398486944891,-0.7771079540252686,1.303250454868485,1.146714365645489,0.5
0.06401476263999939,-1.5653890823806353,1.1652272939682007,-0.7220988273620605,-0.45306146144866943,-0.5765904686172648,-0.17276248858712892,-0.9323302199967802,-0.09127205610275269,-0.2898494303226471,0.7610709531584419,0.6666666865348816
-0.01176275685429573,-0.3814045190811157,1.1652272939682007,-0.766541063785553,0.07128388169162772,-0.3387388288974762,0.9899897777191319,-0.6128520045754852,0.2204715460538864,0.24441486597061157,0.6501754531654362,0.3333333432674408
-0.6937604546546936,0.03464672341942787,-0.12586070597171783,2.7747762772014095,-0.18177451193332672,1.685318614611033,1.077508365675851,1.448132899103035,0.26012482240808077,-0.4776689568368232,-0.8847832679748535,0.5
-0.6179829239845276,-0.3814045190811157,1.5711577387630173,2.5198599379985946,-0.01989298241820751,1.646563769106211,1.7623907067388467,1.2900714993458744,-1.384393278230285,-0.1680329160249656,-1.1172352472794178,0.5
-0.5422053933143616,-0.08422506600618362,-0.05790869891643524,0.5502014292466596,-0.5073188543319702,2.2299168007707766,1.6814516840932723,0.30032878415097297,-0.9641541242599487,0.04406575486063957,-1.0534383058547974,0.5
-0.11994998287255143,3.1569457621153356,-1.3519946815152561,-0.3439448906989645,12.905243625858418,-0.731937825679779,-1.2455137645711836,0.43124673574889116,0.0957741066813469,0.05985448237211384,-0.631800651550293,0.4040177439942165
-0.08754027634859085,-0.5597122311592102,1.2931460232619996,-0.8554255366325378,-0.5073188543319702,-0.3387388288974762,-0.6377993528111696,-1.4578428309400446,-0.546327712759732,-0.49019855260849,1.3977990895905232,0.5
-1.1564537397756063,1.289710072252665,-0.8267203419087554,0.5332329366582836,-0.27003132353405196,0.4938930371098994,-0.03367764089121772,0.016815274936361285,2.1383772291795573,0.6201409752737618,0.7103691212263732,0.5
-0.9632530546407402,-0.20303368149763898,-0.4656206965446472,-0.27626333777001844,-0.963407017384133,-0.5775957172361359,-0.12721603889750366,-1.3533564081404936,1.305272296137696,-0.42341551184654236,1.5607155561447144,0.6666666865348816
-0.08754027634859085,-0.6191481351852417,1.1652272939682007,1.8162815861662591,-0.2089032083749771,0.5600017309188843,1.5420019876286042,1.371932992262018,-0.49047549625476233,0.4098407556894764,-1.137765884399414,0.5
-0.3148728311061859,-0.5002763271331787,-1.1133659044707649,-0.6554354429244995,-0.34454667568206787,0.0015344990327435986,0.9331811931405787,-0.8296660866187308,0.34618324523534494,-0.8241137266159058,0.292482767945475,0.5
-0.01176275685429573,1.5200461359481459,-2.0493398072710125,-0.5665509104728699,0.27188148789037353,-0.39788428814151566,-1.2514444516700736,0.4229166695716764,1.3427485227584839,0.8492584325280205,0.5487849712371826,0.5
1.0155557802582336,-0.42362610908804654,0.14594730734825134,-0.4780994013697164,-0.561576247215271,-0.3387388288974762,0.30145675226080965,-0.24834210318262817,-0.5900617837905884,0.1108487918972969,0.43328359099773,0.5
-0.9098499325114623,-1.0351994037628174,0.21389929950237274,-0.8554255366325378,-1.151514315373167,-0.5634239912033081,-0.5283302250663244,-1.1148329967545605,2.265133291108394,0.37798094749450684,0.5538132113259386,0.5
0.7954005276741786,0.15351851284503937,2.2878449777176666,-0.6554354429244995,1.5289539458144703,-0.3659282235855687,-1.3846189379816929,0.8983207941055298,0.46986642479896545,1.2224848096986272,-0.29441725861428847,0.3333333432674408
0.299761730034665,-0.9757634997367859,0.6895633339881897,-0.875796878009785,-0.12751711905002594,-0.45108139514923096,0.42398897858386286,-0.3267822510336532,-1.151200294494629,-0.957679808139801,-0.7161281704902649,0.3333333432674408
0.13017019742403374,-0.3219686448574066,0.19974900203656432,1.9374206650770736,-0.2902892827987671,0.4476591646671295,1.135374137259671,1.290537186328566,0.033425383269786835,-0.5569815635681152,-0.7161281704902649,0.3333333432674408
0.1397922784090042,-0.9757634997367859,0.8861826901834065,-0.5887720584869385,-0.9066884591229525,-0.45108139514923096,-0.037037404068955615,-1.3547105419071614,-0.6524105072021484,-0.8540215768681909,1.381457868092173,0.6666666865348816
-0.5254032129969393,-0.4489368545310252,-0.2617647051811218,1.8089231216563428,0.3579885617629504,1.5908327066645704,1.552191005164223,1.1077582483520905,-0.1329739010680695,-0.7383704136710911,-1.1666379995087388,0.3333333432674408
0.36712485551834106,-0.3219686448574066,0.34980329871177673,2.1369543034915055,-0.2360319048166275,0.8002964453161061,1.7997496397449824,1.5210187282288017,0.49192302809793137,0.17763182520866394,-0.8847832679748535,0.3333333432674408
0.6507972948898778,-1.094635248184204,0.14594730734825134,0.2780098718984481,-0.39880406856536865,0.3119142610855885,1.110057184058901,0.036799535566453746,-0.7771079540252686,-0.3566324710845947,-0.1258353590965271,0.3333333432674408
-1.2147479417242262,-0.2625327408313751,-0.2703564381992881,-0.8664114810913481,-0.9382949981823071,-0.8727719141424714,-1.1575423346631502,-2.459185650270694,0.033425383269786835,-1.277761743716942,2.661238006429255,0.3333333432674408
-0.39065036177635193,-0.3814045190811157,-0.6769981549917381,0.44275617121125077,-0.3174179792404175,0.3058175963213282,0.38012239243006407,0.07400621004377858,-0.34066691994667053,-1.278675420664773,-0.8847832679748535,0.3333333432674408
-1.3478606715737391,-0.5597122311592102,-0.3297167122364044,-0.6554354429244995,-0.6158336400985718,-0.4653957634627684,-0.3639181741328565,-1.4831781887742135,0.6569125652313232,-0.5569815635681152,1.0549155575497537,0.5
-0.7490931060871003,-0.7380198836326599,0.8254672884941101,-0.8109833002090454,-0.2631605863571167,0.01950300288515153,0.47036722065868447,-0.9115119111198486,-0.09127205610275269,1.0200169420168241,0.04281972348690033,0.5
0.06401476263999939,-0.4408404231071472,-0.26870134655059635,-0.6998776793479919,-0.7243484258651733,-0.06422654027077176,-0.3329318667131402,-1.6624923006095793,-0.5900617837905884,-0.4216932018080909,1.813698172569275,0.5
-1.072648048400879,-0.09392337214376414,-0.941284716129303,-0.7887621521949768,-0.2902892827987671,-0.37927640942253205,0.8788220482105215,-0.6660940078890454,-0.028923334553837776,-0.49019855260849,-0.631800651550293,0.3333333432674408
-0.16331779956817627,-1.094635248184204,-0.3297167122364044,0.8113966731171934,-0.2631605863571167,-0.3949100971221924,-0.2855864422233915,0.5508122787927547,0.07128684705907834,-1.1580289602279663,-0.46314552426338196,0.3333333432674408
-0.46642789244651794,-0.20309685170650482,0.5310047278303855,-0.41591113205359986,-0.5965277336174153,0.2791453003883362,-0.019509974867105484,-1.611537945994484,-0.2783181965351105,-0.5569815635681152,2.374130889782238,0.6666666865348816
-0.6179829239845276,-0.3814045190811157,0.14594730734825134,-0.6776565313339233,-0.9614652886757891,0.5600017309188843,-0.2501863621450579,-1.7088207537381566,1.3338063375712148,-1.0186231731548465,1.4561688153641308,0.8333333134651184
-0.6937604546546936,0.3052462970156928,-1.9229133531551166,-0.8109833002090454,0.05965948823641523,1.3527418714486827,0.7060607799509468,-0.2453266132407821,0.1121412642634263,-0.24829885326585588,-0.9691107869148254,0.3333333432674408
-0.822231288486781,-1.5680699712653292,0.9989865656380925,0.7361416587605853,-0.4801901578903198,-0.39706920638285065,-0.5172182316872534,0.358877802490486,0.7192612886428833,-0.15628336369991302,-0.6997601157565534,0.5
-0.3148728311061859,-0.9757634997367859,-0.3297167122364044,-0.8554255366325378,-0.39880406856536865,-0.4935645381354717,-0.3631896082173153,-1.5133924770858882,-1.4005951881408691,-0.5569815635681152,0.8696161406465626,0.5
-0.5422053933143616,-0.7380198836326599,1.1807005401879065,-0.8315709892747776,-0.10038841515779495,0.890197636961301,0.550068397206287,-0.5491977466003823,0.7343852932360392,0.5725183624499686,-0.2944904565811157,0.5
0.1392833587720085,-1.094635248184204,0.5536593198776245,0.26271056107273094,-0.4551171393350576,-0.5634239912033081,0.01864842169098338,-0.2049881271593648,-1.9004407028149575,-0.6905476450920105,-0.46314552426338196,0.6666666865348816
-0.08754027634859085,-0.6756494442606762,-1.4261034803411183,-0.30633873465926914,-0.11593477982989027,-0.8442803621292114,0.1396549884159903,-0.635215941754232,-0.2159694880247116,-0.8241137266159058,0.29580235481262207,0.3333333432674408
-0.5422053933143616,-0.2625327408313751,-1.4613994476138061,-0.7220988273620605,0.1431813442733794,0.7846868634223938,1.7103740232905498,-0.4386786767815706,-0.5277130603790283,0.1108487918972969,-0.9691107869148254,0.3333333432674408
-1.148425579071045,0.09408261626958847,-1.425639732962096,-0.8384982344806315,-0.45305990822960585,-0.3387388288974762,-0.0013103661273883903,-0.7637504055579484,1.2114890925755852,-0.22306638956069946,-0.041507821530103683,0.3333333432674408
-1.2518136791051038,-0.6191481351852417,-0.397668719291687,0.33116290107364593,-0.6158336400985718,0.947269077381537,0.8552000216697068,-0.5486537625512269,0.9686561822891235,-1.0378518944289659,0.21147480607032776,0.6666666865348816
-0.2390953153371811,0.5915503076008705,0.14594730734825134,2.3536266937264276,0.44454164541409974,1.5270173280347286,1.3698306768467565,1.458798755330313,-0.5277130603790283,-0.021588160441511427,-1.306420922279358,0.3333333432674408
0.7460124492645264,0.03464672341942787,0.28185129165649414,-0.8776466846466064,-0.23820219945825394,-1.0405620522054708,-0.3008567707468278,-0.31610627655022244,-1.0186699982686995,-0.6201124847460778,-0.46314552426338196,0.3333333432674408
-0.2390953153371811,-0.2625327408313751,0.4985814588127385,1.0531042394487773,-0.19795599853595172,1.2887429694510826,1.8829178859054365,0.7804833616142095,-0.7147592306137085,-0.42341551184654236,-0.8004556894302368,0.3333333432674408
1.1459913378325566,2.5746448754829316,-0.5807435969066955,-0.5368002154518644,0.26049819421869813,-0.5215435035065978,-0.8276616179229171,1.2407241854274673,1.0977845254473033,0.4447639584541321,-0.6731494464966408,0.3333333432674408
-0.08754027634859085,-1.262234848405724,1.1652272939682007,-0.8554255366325378,-0.11953361120117337,-0.7881091237068176,-0.6579841582521023,-0.4623453762669935,0.0957741066813469,-0.710257091519909,-0.619553115005699,0.5
0.21556980907917023,-0.14366096258163452,0.010043300688266754,2.340474682816629,-0.2360319048166275,1.289746456983493,2.135750601065684,1.5766904537658004,-1.151200294494629,-0.42341551184654236,-1.4750760793685913,0.5
-0.6179829239845276,-0.6191481351852417,-0.5335727334022522,0.5555338386026311,-0.5569305851784289,-1.287133594277746,0.8205372830212189,-0.5487754709250399,0.0957741066813469,2.201702734274303,1.223405361175537,0.3333333432674408
0.6695333639439803,-0.6785839796066284,0.6670953276732474,-0.8109833002090454,-0.2902892827987671,-0.9961738000864468,-0.015050029448306473,-0.6958714692762635,-1.151200294494629,-0.5384893631968143,0.47726384580602405,0.5
-0.46642789244651794,-0.9163275957107544,-0.49813897331233575,-0.6554354429244995,-0.15464581549167633,-0.8953903814891586,-0.4301514499118996,-1.1276234615254368,0.4075177013874054,-0.5569815635681152,0.9344113452788604,0.5
-0.01176275685429573,-0.1533194677930748,-0.19381269812583923,-0.16770765585979738,-0.39880406856536865,1.065543293952942,1.0181916127555248,-0.4957630339540322,-0.16659501368211563,-0.42341551184654236,0.21147480607032776,0.3333333432674408
-0.7695379853248596,-0.6191481351852417,2.4440157076030293,0.49523215434046663,-0.22364772595311566,1.2887408698701066,1.4905931723004482,0.2020270387691496,-0.2783181965351105,0.04406575486063957,-1.0803848561536915,0.3333333432674408
2.6394803725404907,1.3210831199746496,0.8254672884941101,-0.6351064196535422,0.8286376258423518,-1.3821216292135992,-1.7691378299574103,0.5772635458717071,-0.2159694880247116,0.7786791324615479,1.1837765171656747,0.5
-0.08754027634859085,-0.024789171293377876,0.8254672884941101,0.9135247206233394,-0.720349205769859,-0.0017111222259700298,-0.17186483167358282,-0.976259089937787,-0.34066691994667053,-0.12327751352370758,2.168358953893322,0.8333333134651184
-0.9210929870605469,-0.5597122311592102,-0.08995072464930069,-0.544329822063446,-0.2089032083749771,0.8801999177129429,1.3216881020387299,-0.3404572801852021,-0.2783181965351105,-0.15628336369991302,-0.9691107869148254,0.5
-0.9558732044935883,-0.8307847395290568,0.14594730734825134,-0.5665509104728699,-0.4524609915968866,0.4989335383501895,-0.1295372506875963,-1.3995928511300826,-0.6725893639780539,0.04406575486063957,0.7833898154364307,0.6666666865348816
0.7460124492645264,0.6884827331023855,-0.2617647051811218,-0.3859834598942229,0.30185439029332156,-0.8225855427806287,-1.6266681945914927,0.5908155695561322,0.7460188393913603,1.445385373128556,0.6331125497817993,0.6666666865348816
-0.6583391405450715,-1.2247848007903792,0.07799530029296875,1.732377920595588,-0.2360319048166275,0.9477960446054763,0.01876155010946648,1.0168782505104856,0.9063074588775635,-0.42330743028125223,-1.137765884399414,0.5
-0.08754027634859085,-0.20309685170650482,-0.05790869891643524,-0.18949319421908029,-0.34981554151744826,-1.3095687202146056,-0.9952492480393466,-0.3654643407503976,-0.884327158263932,-0.2898494303226471,-0.041507821530103683,0.3333333432674408
0.06401476263999939,-0.3814045190811157,-0.8024674466753311,0.23053978983735246,-0.3174179792404175,1.1217145919799805,0.8407527288096855,0.2335342002453748,0.033425383269786835,-0.2898494303226471,-0.6381739743087016,0.3333333432674408
-0.14800302394588905,-0.3814045190811157,-0.12586070597171783,1.7245731385517014,-0.45215410367334286,1.0553074520835233,1.2744780455133058,1.3950987481389627,0.9063074588775635,0.7670203286430058,-0.631800651550293,0.1666666716337204
-0.8453154563903809,-0.5002763271331787,0.07799530029296875,0.25083785119920166,-0.4801901578903198,1.112577972933974,1.4408945362185737,-0.03377332059918029,-0.007735823795743297,-0.15628336369991302,-0.5474730730056763,0.5
-0.2390953153371811,0.9741735094952617,-0.9363530043600738,-0.6109932065010071,-0.25715967822153557,1.3913743736394473,0.7115533496564745,-0.45657492346873174,0.6224191479345396,-0.5020249417835426,-0.1208916109312791,0.5
0.06401476263999939,-0.7974557876586914,-0.2667809022477545,-0.7046030070923837,-0.34454667568206787,-0.15189774335147646,-0.36929174433453654,-0.7117646642702622,-0.5277130603790283,1.638786454052373,-0.2101629078388214,0.5
6.353549003601074,-1.5701223611831665,9.11561107635498,-0.9887523055076599,-1.2940510511398315,14.546651840209961,5.739711284637451,5.3161420822143555,4.896625518798828,9.794388771057129,3.078611373901367,0.0
-0.01176275685429573,-0.5597122311592102,0.21389929950237274,0.23456987064407664,-0.39880406856536865,0.6161730289459229,-0.1293075463774595,-1.008473022524645,-1.3945333305470584,-1.0912458896636963,1.3114457485064428,0.5
-0.3148728311061859,-0.5597122311592102,-0.397668719291687,0.32624420520426645,-0.7786058187484741,0.9689371142274141,0.5176892530143198,-0.6799426322055914,-0.9459093875496021,-0.890896737575531,0.4644574522972107,0.5
-0.6179829239845276,-0.9401604544566573,0.9760315278625588,-0.48344609792197535,-0.34454667568206787,0.2229740172624588,0.186659461514741,-0.3381507520826658,-0.5900617837905884,1.4939849565852565,-0.5474730730056763,0.5
0.1397922784090042,-0.9757634997367859,-0.19381269812583923,-0.8554255366325378,-0.42943721354831077,1.6944346417105003,1.1984465964963293,-0.9208630223230407,0.46986642479896545,-0.8241137266159058,0.5865470297646729,0.5
-1.224203109741211,0.27239030599594116,-0.674840906148881,-0.4416043738008149,-0.39880406856536865,0.6161730289459229,-0.03281904599062877,-1.6200572746022766,1.4580825872783183,-0.6905476450920105,2.067242587457413,0.6666666865348816
-1.224203109741211,-0.5597122311592102,-0.06058956153909048,-0.833204448223114,-0.6158336400985718,-0.3981306128459496,-0.33557049630827973,-1.337986592777501,1.3177120897627943,-0.6237646341323853,0.3801299035549164,0.5
-0.3148728311061859,-0.14366096258163452,1.1652272939682007,-0.8776466846466064,-0.6158336400985718,-1.2921782119730805,0.5756780137588428,-0.9549560977419378,-0.4030156433582306,-0.6237646341323853,0.3801299035549164,0.3333333432674408
-0.46642789244651794,-0.4408404231071472,1.3496412887517917,-0.17090604050963568,-0.7282881779750492,-0.0578824058175087,-0.9068051995664199,-1.2814963546362068,-0.7771079540252686,-0.3566324710845947,1.4215607277467113,0.5
0.29134732484817505,-1.213507056236267,0.6895633339881897,-0.8190383512952683,-0.15280323392195014,-0.3949100971221924,0.02987950688162655,-0.24839624265179916,1.0933536291122437,-0.33209472050442523,-0.041507821530103683,0.5
0.21556980907917023,1.9222059143894374,-1.5150861147007035,-0.2667784020553857,0.062383756041526794,-1.6198971785772784,-1.826133272831377,0.5631908890758051,1.3427485227584839,-0.0895003229379654,-0.041507821530103683,0.06521672670300953
-0.7695379853248596,-0.5335867118267996,-0.19381269812583923,0.3653396941251164,-0.4801901578903198,0.6723442673683167,-0.713875336391228,-1.674546192543481,-1.1991662068634497,0.04406575486063957,2.0527867549672387,0.6666666865348816
-0.08754027634859085,-0.5002763271331787,0.5536593198776245,0.9704497084116771,-0.5073188543319702,1.8791357883967317,4.673391279303632,0.824581802988037,-1.2116042982312292,-0.8241137266159058,-1.461194975377789,0.5
-0.7695379853248596,0.6542087757478617,-1.4311080034575046,-0.6776565313339233,-0.34842770087535274,0.33531656861305237,0.45116921812845967,-0.9117722599412272,0.46986642479896545,-0.4207046200382783,0.3801299035549164,0.5
-0.9210929870605469,-0.5597122311592102,-0.7932831978261291,1.4087399367443256,0.1711676948831176,-0.6195952296257019,-0.12547838948200768,0.31721224024862077,0.2470660838281207,-0.6237646341323853,-0.46314552426338196,0.5
-0.01176275685429573,-0.49987784560241777,0.28185129165649414,0.20407845620580936,-0.697219729423523,-0.4963689421717866,0.8382972642667388,-0.1716817113678827,-0.5900617837905884,-1.1390089316418,-0.400539962637689,0.3333333432674408
6.353549003601074,-1.5701223611831665,9.11561107635498,-0.9887523055076599,-1.2940510511398315,14.546651840209961,5.739711284637451,5.3161420822143555,4.896625518798828,9.794388771057129,3.078611373901367,0.0
-0.46642789244651794,-0.3814045190811157,-0.5020561710220056,-0.6776565313339233,0.38513629605175653,-0.8442803621292114,-1.3774224230408225,0.6364721835844537,1.1064004791246203,1.4095735429554297,-0.8004556894302368,0.408172915006626
0.8064491020062018,1.742007163879361,-1.6942431370450504,-0.6554354429244995,0.8526799559428464,-1.4059932231903076,-1.5936809062250417,0.6205433699584332,0.6452114851582386,0.6451131105422974,1.0319492167151725,0.5
-0.5461748824125875,-0.9757634997367859,0.21389929950237274,-0.766541063785553,-0.7786058187484741,-0.0578824058175087,-0.5061383637348794,-2.077382992115246,-1.7894979286593515,-0.890896737575531,1.223405361175537,0.3333333432674408
-1.072648048400879,-0.3814045190811157,0.16333893821582937,0.031426693921448715,-0.561576247215271,-0.6465229544285317,0.4084828408440284,-0.6254930081897665,-0.37310412064175297,0.24441486597061157,-0.041507821530103683,0.5
-1.224203109741211,1.2119509004576725,-1.6537898181052402,-0.34150878316841127,-0.1554882707335721,-0.17022497951984406,-0.22539114518357134,-1.652624425936608,0.6179825499042877,1.2755996018044278,2.4850306598686562,0.5
0.29134732484817505,-0.3814045190811157,1.266340431740239,-0.6776565313339233,-0.34454667568206787,-0.45108139514923096,1.5476996834292631,-0.883354085318204,0.7192612886428833,0.9790282845497131,2.1339850522755226,0.6666666865348816
-0.01176275685429573,-0.024789171293377876,0.12768652726458604,-0.6776565313339233,-0.10038841515779495,-0.5072526931762695,-0.050674061763112115,-0.6564091959859893,-0.028923334553837776,-0.15628336369991302,0.3801299035549164,0.6666666865348816
-0.2390953153371811,-0.5597122311592102,0.21389929950237274,0.772098284036741,-0.5073188543319702,-0.22639626264572144,0.7338387454048928,-0.21693716896011825,0.2828202545642853,-0.3566324710845947,1.223405361175537,0.5
-0.3148728311061859,-0.3219686448574066,0.34980329871177673,-0.8109833002090454,-0.5073188543319702,-1.1119704415544185,-1.2170632542674396,-1.616881172845504,-0.256138960942311,-1.2795807239304477,1.6450430154800415,0.3333333432674408
-0.16331779956817627,-0.7974557876586914,0.010043300688266754,-0.06955073557041808,-0.6510331037884902,-0.9566229581832886,-1.3304398325906734,-0.9172552250605355,-1.4147187655200617,0.5115470290184021,0.3801299035549164,0.3333333432674408
-1.481646225344884,-0.024789171293377876,-0.8693812896806352,-0.7887621521949768,0.682678937385503,0.057715348748279965,-1.4036574604136562,0.23445965169250121,4.005480682019215,0.1108487918972969,0.4644574522972107,0.5
0.32507638694485214,-0.26373645944183516,-0.05790869891643524,-0.6109932065010071,-0.11284243161837687,-1.4059932231903076,-1.7943360744059524,-0.39142424981609253,-1.0957916836538215,0.3866947647779173,0.34735320706098455,0.5
-0.3148728311061859,-0.7974557876586914,0.28185129165649414,1.8983037304184829,-0.26560745996836416,0.607512394456019,0.13117796448339886,0.8983207941055298,-0.9018054008483887,-1.0533046445292165,-0.6546056578749129,0.3333333432674408
-0.16331779956817627,-1.1931332826299137,0.34980329871177673,-0.0626973334931861,0.3742425466896694,-0.7291347071622066,-0.4187236383655173,0.10484317150178668,1.1587580684652459,0.6451131105422974,0.2369231957433211,0.5
-0.08754027634859085,-0.4772280225671409,0.8254672884941101,1.777047939441162,-0.15821035383877152,-0.5634239912033081,-0.16339836680446512,1.053189013078691,1.1557023525238037,-0.49019855260849,-0.5946488578150103,0.3333333432674408
0.29134732484817505,1.2949449436007832,-2.1644208431243896,-0.659412088982619,0.5879693161271536,-1.0127942562103271,-1.7757910766814733,0.6937662723792853,0.5177810135645783,0.4447639584541321,-0.2944904565811157,0.3333333432674408
-0.9935748918810363,1.0704673322189353,0.8934193253517151,0.307361891450616,-0.09096665386901216,0.8424763871586484,0.050236081914643294,0.035822442109189494,-0.9751803316225687,-0.3566324710845947,-0.9691107869148254,0.3333333432674408
0.5186799168586731,-0.8568916916847229,0.28185129165649414,-0.833204448223114,-0.20676221118018176,-0.4420978401545435,0.574301717024719,-0.20666801573303095,0.8504845445451317,-0.3566324710845947,-0.041507821530103683,0.3333333432674408
-0.08754027634859085,-0.5002763271331787,1.3428296905589745,0.8616140671890785,-0.39965151800702686,-0.22639626264572144,0.32507602775018835,0.0384509456578122,-1.381834618951046,-1.0244628190994263,-0.2101629078388214,0.5
-0.5422053933143616,0.8254942916449624,0.07799530029296875,0.7753325276591857,-0.45306146144866943,-0.45108139514923096,-0.18836751008890754,-1.0590757154524095,0.8439587354660034,0.37798094749450684,2.2939222182546066,0.8333333134651184
-0.16331779956817627,-0.5002763271331787,-1.1023143892793499,1.2146230939954845,0.30914543008800793,0.6228496960901979,1.6880692924887613,1.033216118812561,0.7305267465164317,-0.02271728403866291,-0.9691107869148254,0.3333333432674408
-1.122134753311073,0.2776128326924876,-1.5153410942009269,-0.7220988273620605,-0.6943486851123596,0.5600017309188843,-0.23982806455916966,-1.894793081461251,1.3427485227584839,-1.2162351141708148,1.8772350629707655,0.6212597049601318
-0.46642789244651794,-0.5002763271331787,0.07799530029296875,-0.8776466846466064,-0.5050356715985891,0.1748616816439673,0.296585636630468,-0.5231642859521777,0.5686644267665576,-0.890896737575531,-0.5410516161273791,0.6666666865348816
-0.46642789244651794,-0.6191481351852417,0.34980329871177673,0.9997864813725654,-0.34454667568206787,1.7839101912179722,1.0371002621247862,0.39740984546299085,-0.3931178825320066,0.20112446204873538,-0.8004556894302368,0.5
-0.08489354412261158,1.1682458861539122,-1.6456839559902812,-0.766541063785553,0.6587073625170021,-1.349821925163269,-1.4430028264948427,0.7773669689616095,0.6731573838294388,1.5804018139023814,-0.9223715865896288,0.3333333432674408
0.06401476263999939,-0.2625327408313751,0.010043300688266754,0.4327931496541012,-0.3193375039595965,0.11063144356012344,0.5130916732612901,0.30991411307803357,1.1162353485313383,0.1968438614381609,0.29580235481262207,0.5
-0.6179829239845276,-0.024789171293377876,-0.4460150719367245,0.1744813259837762,-0.6431897638161997,0.6723442673683167,0.24874241496901447,-1.3363325027198765,0.033425383269786835,-1.3368640638378178,1.5607155561447144,0.8333333134651184
0.1397922784090042,-0.6191481351852417,-0.12586070597171783,-0.6554354429244995,-0.041804099975169935,0.16680273413658142,-0.5114050175210643,-0.0734023993698673,0.8627992850188458,1.0101496111454096,0.6336537537775698,0.6666666865348816
-0.2390953153371811,-0.6191481351852417,0.4984054883268956,0.9285392430293615,-0.5344475507736206,0.6723442673683167,0.1746429900414231,-0.5120599301167934,-0.8331318836458952,-0.6905476450920105,0.9624814408866309,0.6666666865348816
0.4429023563861847,-0.7380198836326599,2.353825882692179,-0.9065957733947417,-0.004380872569572392,-1.2936506271362305,0.9998479613849609,-0.6130640776514513,-0.8529734580359712,-0.890896737575531,-0.5474730730056763,0.3333333432674408
-1.148425579071045,-0.9342976816818411,-0.4453552916457904,-0.766541063785553,-0.42593276500701904,0.025951024001141212,-0.28990123027233566,-1.712898386918977,-1.1449599428271895,-0.621100016779183,0.6331125497817993,0.5
-0.39065036177635193,-0.5002763271331787,2.267414871635243,-0.8776466846466064,2.0332907305254255,1.6920723447304813,0.46975882868458996,-0.7185580592407328,-0.9018054008483887,-0.5894784821380524,-0.5474730730056763,0.3333333432674408
-0.8453154563903809,-0.9695293654705845,-0.941284716129303,0.044143168706363686,-0.4057872197228321,0.5173612228568296,0.44650034674235467,0.2805455185211306,-0.4030156433582306,-1.0912458896636963,-1.559403657913208,0.3333333432674408
0.4429023563861847,0.4005708115224736,-0.05790869891643524,0.9992586219429996,-0.2360319048166275,-0.17022497951984406,1.5209172352897065,0.6455498318391485,-0.9018054008483887,-0.8281768935961422,-0.8004556894302368,0.3333333432674408
-1.5574252107021962,-0.4408404231071472,-0.6694766879081726,-0.7910463738086742,-0.561576247215271,-0.0017111222259700298,-0.09720659913874141,-1.3473918192929586,1.4466780380032789,-0.8241137266159058,0.5487849712371826,0.5
-0.01176275685429573,-0.14494526024728382,2.3072851285492564,1.7716963151267977,-0.34454667568206787,0.11063144356012344,0.3993605855796173,0.8983207941055298,-1.0265028476715088,0.37798094749450684,0.21147480607032776,0.5
-1.6258217896386078,-0.956182908897209,0.5536593198776245,-0.9237784139958001,-0.5887049436569214,-0.3387388288974762,-0.23500677427003797,-1.8232571902646155,0.7224168882945776,-1.4235671982276863,1.729280900218213,0.6666666865348816
2.9839716188082934,-0.0023595097099375524,1.965133926311871,-0.653484382350129,0.3517809816261753,-1.2936506271362305,-1.7174759010449927,1.2161307934003458,-0.6739500810695401,2.2128641454530626,-0.8847832679748535,0.3333333432674408
0.29134732484817505,1.0160049573490784,-1.3993060410493892,-0.7220988273620605,0.36407322825077576,-1.0689655542373657,-1.3179316107348544,0.5052385562521886,0.484778048758459,0.529234599908326,-0.2944904565811157,0.5
-0.39065036177635193,0.6353924893130858,-0.8353368629488906,0.358092278585593,-0.6585598683129738,0.11063144356012344,0.2376634634737067,-0.9525892734002214,-1.4056566952255563,-1.1580289602279663,0.5487849712371826,0.5
-0.2390953153371811,2.112718403136922,-0.6778664893084251,-0.5887720584869385,1.3687869023663755,-0.5072526931762695,-0.6023415342068683,0.7668032807453294,0.5322151184082031,1.4901646616898592,-0.8847832679748535,0.5
0.5499689677310736,3.344803640842229,-1.117151877406927,-0.6109932065010071,0.6175695966430331,-1.3126938366105123,-1.2335929618308739,0.7405344446946309,0.8654781742789466,0.24441486597061157,-0.46314552426338196,0.5
3.4437694820853078,0.40479348840025425,0.8767102613557543,-0.6131774048592601,0.6936389585983649,-0.11405368894338608,-0.7600648350275225,1.9817964564883752,0.31677387204647833,0.7950202863482396,-1.11042705469512,0.5
-0.4409435181485256,1.5692552011021736,-2.075765525591922,-0.6998776793479919,0.6879487353215467,-1.2936506271362305,-1.7659111497250513,0.29364751583386184,0.46986642479896545,-0.15628336369991302,-0.7161281704902649,0.3333333432674408
0.1397922784090042,-0.3814045190811157,-0.12586070597171783,2.9552369463847006,-0.34454667568206787,1.7540911928217355,1.0322304576682721,1.6994564506114218,-1.213549017906189,-0.22306638956069946,-1.306420922279358,0.3333333432674408
0.368663798192772,-0.6117513427344327,0.8934193253517151,0.3253883840775027,-0.34454667568206787,1.5036608318201672,1.455557814987397,-0.10390568845290164,0.026269463393125796,-0.15628336369991302,0.4644574522972107,0.6666666865348816
-0.46642789244651794,-0.4408404231071472,0.010043300688266754,0.3215296373195324,-0.2621681624727575,1.1217145919799805,0.5054109882695796,-0.9222442802470971,0.0957741066813469,-1.0912458896636963,1.169697681672481,0.6666666865348816
-0.8453154563903809,-0.8568916916847229,-1.6790745984101796,-0.766541063785553,-0.21101954655513414,0.2229740172624588,-0.2757187809681117,-1.3165468181005253,-1.5756195314393697,1.622207202223357,0.5487849712371826,0.5
2.372529749631875,0.5976454553661235,1.0175362759163655,-0.5887720584869385,0.48030942382669656,-0.9566229581832886,-1.1138849143114549,1.3095545757750269,0.2828491512039028,0.26341112398857314,-0.4525691605985298,0.3333333432674408
0.30303665046960937,-0.6231417889743618,1.0891493876017724,-0.7018934880992591,-0.2360319048166275,-0.22639626264572144,0.7749237162520711,-0.25819792985489287,1.5274603664086785,-0.890896737575531,0.738162658192864,0.5
1.1889481614944148,-0.8568916916847229,1.8266602832020244,2.5294000751705856,-0.34454667568206787,0.7823270194550062,1.5452836293479157,1.9473687688082655,-0.9641541242599487,-1.0244628190994263,-0.8847832679748535,0.5
-0.6058190320634154,-0.7974557876586914,-0.5335727334022522,2.5477556843572384,-0.2631605863571167,1.0237535489078418,0.7067719298227635,1.7852859486427863,0.8439587354660034,-0.957679808139801,-2.133718020389109,0.3333333432674408
2.3183548377889616,-0.3219686448574066,2.4424542197071353,-0.6332142949104309,0.7443333978932748,-1.1666566786467116,-1.5047392136240383,1.3032710561383762,0.5038277915152671,0.6451131105422974,0.04281972348690033,0.3333333432674408
-0.01176275685429573,0.11490109474267336,-1.3676513090815727,-0.7887621521949768,0.0975670114548052,-0.8442803621292114,-1.652927255655936,1.032604884055283,1.5767808345093126,0.3111979067325592,-1.2220934629440308,0.3333333432674408
0.06401476263999939,1.2383147469934972,-2.0808008334973307,-0.7563003218679518,0.7939585460821217,-0.2825675308704376,-1.2089106538661794,0.8982822463911059,0.9063074588775635,0.6451131105422974,-1.1877932636203086,0.5
-0.01176275685429573,1.939151530360343,-1.833475434834839,-0.6998776793479919,0.17985956575810993,-1.1813081502914429,-1.624636010968693,0.5264875652857399,1.129597385673228,-0.2898494303226471,-0.8847832679748535,0.5
-2.5854701004664906,-0.14366096258163452,-0.2634766219108131,-0.6109932065010071,-0.981534974506031,-0.5634239912033081,-0.11058887211233695,-2.2968964223947936,2.5972876954661204,-1.2083283459733245,2.2177131261486616,0.5
-0.7695379853248596,0.5221153142181733,-1.8622442533439953,-0.766541063785553,-0.3299518477683519,-0.07902820888347128,-0.7935228472156108,-0.4562275576638698,2.461656269275146,2.535184533981001,0.29580235481262207,0.5
0.5944573879241943,2.4785203287437114,-0.8123034534051639,-0.6332142949104309,1.0477846614002406,-0.90045166015625,-1.455388690260272,1.1523588539239111,0.9465524017418836,0.5660148110390459,-1.0534383058547974,0.005284962868106456
-0.2390953153371811,-0.6191481351852417,0.14594730734825134,2.025014296231824,-0.5073188543319702,1.4409093141558642,0.5242125916806241,0.7731493365063682,-0.9641541242599487,-0.15628336369991302,-0.041507821530103683,0.5
-0.9968705177307129,0.8598484982764938,-1.8998113379515174,-0.31597105960943694,-0.39880406856536865,1.7640082117786502,1.1203257866197773,0.15527845845456612,0.5063818898654354,-0.26660217820409704,-1.0534383058547974,0.3333333432674408
-0.01176275685429573,0.259512221076489,-0.05790869891643524,1.0615708433433468,-0.34454667568206787,0.2229740172624588,0.6414874743902502,0.3898415080077719,0.8439587354660034,0.39266901499878426,-0.5474730730056763,0.6666666865348816
-1.289349348177604,-0.14366096258163452,-0.12586070597171783,-0.766541063785553,-1.0275695017474673,0.9462428743422581,-0.052899761992394115,-2.2448700480297665,1.284230071949715,-0.9970918530684921,2.421412868464858,0.6666666865348816
1.7044049008176063,-0.8568916916847229,0.987314901142484,2.4202547831722234,-0.39880406856536865,0.05446016043424606,0.6736671501841154,2.097487577508928,-1.0888515710830688,-0.6237646341323853,-1.4751930443177876,0.3333333432674408
-0.8843022938716691,-0.9472495180216585,-0.19381269812583923,0.3445737385502669,-0.2206766090848114,0.8960372497617425,0.2721367467347286,-0.8553181886672974,-0.43544066067868004,-0.7573306560516357,0.6704269430812335,0.6666666865348816
0.29134732484817505,-0.5597122311592102,1.54818360706896,2.081121366848418,0.09409770681233606,1.720109568180952,1.6830648112189432,1.8753507110184855,-0.13110083709175566,0.7118961215019226,-2.032230672921595,0.5
-1.072648048400879,0.6289037847023684,-0.19381269812583923,-0.008580186598623496,-0.6700910329818726,0.5600017309188843,0.5362407062622407,-0.8242860133150623,-0.046077746743301264,0.4447639584541321,0.7174400687217712,0.5
0.21556980907917023,0.15351851284503937,0.07799530029296875,-0.4880227796432272,-0.45306146144866943,0.21196463836130736,0.33376654114282744,-1.1364126056265622,-0.7771079540252686,-0.0895003229379654,1.458573432170526,0.5
-1.5052399289667358,0.36525321848282855,0.12180245778661764,-0.3075005541602285,-0.6988447089316687,0.05446016043424606,-0.23758154170740822,-1.9203230390325852,-0.2783181965351105,0.8852092752978716,2.4614691409481706,0.8333333134651184
-0.2390953153371811,1.1158872671164901,-1.3263491432858132,-0.6998776793479919,0.5848262485044768,-0.2825675308704376,-1.0321860681288249,0.536004769375623,1.3265273484054114,1.3287290686408546,-0.46314552426338196,0.5
-0.16331779956817627,-1.0351994037628174,1.1652272939682007,-0.6776565313339233,0.5135428741340753,-0.2470669723913383,-0.41077026719311655,-0.8565218330845614,-2.1041046491963034,-0.5569815635681152,-0.2944904565811157,0.5
1.8559869476160866,0.819724204693652,0.010043300688266754,-0.5665509104728699,0.7771406204423378,-0.9566229581832886,-1.189492140524079,1.2782957073862387,0.48892293762313604,0.4447639584541321,-0.8847832679748535,0.5
1.291034155462676,-0.6191481351852417,1.1652272939682007,-0.8998677730560303,-0.42593276500701904,-0.09592217664936697,-0.13592571785597474,-0.20155459992248945,-0.7771079540252686,-1.2111300868297596,-0.631800651550293,0.3333333432674408
-0.5422053933143616,0.01881967820710254,-0.2617647051811218,-0.04076890056525838,-0.18177451193332672,0.5600017309188843,1.0566445012737984,-0.20847503136477957,0.8292218524963451,-0.42341551184654236,-0.1258353590965271,0.6666666865348816
0.21556980907917023,0.44438328304069435,-0.07037417521120086,0.2281849821392696,-0.7403620059894311,0.7153290605678291,-0.10220983654113683,-1.3646709929961651,-1.2667588921460395,-0.957679808139801,1.9061494432209976,0.6666666865348816
0.8790711486544167,2.059803803395562,-0.6789361282409282,-0.6332142949104309,0.9844767828747355,-1.1251368522644043,-0.583341461308545,0.8364782234175452,0.5945638418197632,0.4447639584541321,-0.9691107869148254,0.3333333432674408
-0.08754027634859085,-0.13034648904992718,0.34980329871177673,1.725206199823352,-0.33477493696344884,1.0493417922554078,0.8181959906242382,1.0977822929291783,-0.46536436676979065,-0.8241137266159058,-1.559403657913208,0.3333333432674408
-0.39065036177635193,-0.6785839796066284,1.1652272939682007,-0.6332142949104309,-0.04613102599978447,0.6161730289459229,1.387152358331975,-0.6132034150593202,-0.09127205610275269,-0.22306638956069946,-0.041507821530103683,0.5
1.2516383976487553,1.4746268631757125,-1.029019890407932,-0.6109932065010071,0.8243358690590913,-1.3601185085994816,-1.7791522853968305,0.562364470276576,0.08563087314058869,0.522872426178858,0.12714727222919464,0.5
-0.9210929870605469,-0.3219686448574066,0.5536593198776245,-0.8109833002090454,-0.6429623365402222,1.065543293952942,-0.4160365124929002,-1.775641649087972,-0.2159694880247116,0.5115470290184021,1.8340492368014731,0.6666666865348816
0.012375538949022005,-0.20309685170650482,0.4857073128223419,-0.7443199157714844,-0.6178515875708644,0.05446016043424606,0.10923598180673606,-1.96705301716009,-0.4030156433582306,-1.3569025723423287,2.0139026093450405,0.6666666865348816
0.21556980907917023,1.878921791167127,-1.4118260156508358,-0.35714342806214217,1.0121985247876004,-1.2936506271362305,-1.6715488615693126,0.40870683846763867,0.9686561822891235,0.4447639584541321,0.7174400687217712,0.5588554455310306
-0.6179829239845276,-1.1499793964125242,-0.8053807020187378,-0.7017516290573456,-0.4801901578903198,0.3647345743543478,0.6022185316480668,-0.496951345208756,-0.543455962342827,-0.12445404261783555,-0.8847832679748535,0.5
-0.5422053933143616,-0.6785839796066284,-0.12586070597171783,-0.5480584733218343,-0.45253928126102205,0.20853480666007418,0.8772809270669334,-1.5350736947046635,0.4770155858041467,-1.2915949821472168,1.6378944800962245,0.6666666865348816
-0.8453154563903809,0.03464672341942787,-0.1776287923554789,0.33183620254297885,-0.34454667568206787,1.4916205329556824,1.371098589110613,-0.17055555063072875,0.0957741066813469,-0.6905476450920105,-0.2169344898096291,0.5
-0.6179829239845276,-0.07885355434130518,-0.19381269812583923,0.3331117903199704,-0.4801901578903198,-0.5072526931762695,0.29598026123293947,-1.3899364876900153,0.16358810867999588,-1.4802490448119883,1.813698172569275,0.6666666865348816
-0.39065036177635193,0.1263174204478341,1.8895114665032346,-0.1148370506446634,-0.45306146144866943,-0.358396567058374,-0.019509974867105484,-0.6521148772839799,0.0957741066813469,-0.3566324710845947,0.12714727222919464,0.3333333432674408
-1.4951371910698816,0.3024067686764637,-1.588435955059891,-0.8554255366325378,-0.6158336400985718,-0.17022497951984406,0.2790455001763366,-1.6072989377246485,-0.028923334553837776,-1.1955482086354883,0.3801299035549164,0.5
0.06401476263999939,-0.5597122311592102,-0.3297167122364044,0.2926352974175337,-0.2631605863571167,0.6723442673683167,0.9882401258175193,0.16742811400674162,-0.15362077951431274,-0.6905476450920105,-0.37881800532341003,0.5
-0.3148728311061859,-0.2625327408313751,1.1652272939682007,-0.08741950262188272,-0.8256375024671347,0.6723442673683167,0.482060023729776,-1.0857876866433702,0.028617925132004174,-0.7573306560516357,1.0547502040863037,0.5
0.4429023563861847,-0.6785839796066284,1.2168622915083358,-0.20643723588232465,-0.2631605863571167,-0.16199544103221036,0.639553924584194,0.4414890832219244,-0.46536436676979065,-0.22306638956069946,-1.4636484961559593,0.5
4.364863582538338,2.1112639170625607,1.1652272939682007,-0.6332142949104309,0.5778290033340454,-0.8442803621292114,-0.6957958169115508,3.863107154699366,-0.6524105072021484,1.3677260114575012,-0.46314552426338196,0.3333333432674408
-1.6309834895122624,1.0088029387212611,-1.743714095143781,-0.7443199157714844,-0.34454667568206787,-1.198828954048065,-1.8050632460628806,-0.9516563536047747,1.9870318719589497,-0.15628336369991302,1.422866810005077,0.5
2.2467050575476137,-0.024789171293377876,1.1652272939682007,0.8491136669888459,0.20578881915589353,-0.9566229581832886,-1.5142429134035935,1.8981228713351972,-0.9018054008483887,-0.42341551184654236,-0.9691107869148254,0.5
0.029914568466944513,1.4413631604463013,-1.5108308980406708,-0.6109932065010071,0.014518566096413213,-1.3787820679936234,-1.8111599485604108,0.5164585547263962,0.5720075422472563,0.966337036690171,-0.1258353590965271,0.3333333432674408
-0.5434541059204044,-0.2625327408313751,-0.0495185011490824,1.7879434554304645,-0.2360319048166275,1.517371891664085,1.6244836914834053,1.0285313014594992,-0.7771079540252686,-0.22306638956069946,-1.137765884399414,0.3333333432674408
-0.3148728311061859,-1.3108123349785006,0.07799530029296875,-0.8776466846466064,-0.5203422714488647,1.3618573648658463,0.11065111986728213,-0.9706681659336867,1.1179587624763827,-0.8241137266159058,0.35096431777362447,0.5
0.21556980907917023,2.4259840077631796,-1.640173398188509,-0.7887621521949768,0.5778290033340454,-0.8243467007381122,-0.8959897089902986,0.29675201042167887,0.27051863871843795,-0.7573306560516357,-0.8847832679748535,0.3333333432674408
-0.5422053933143616,-1.094635248184204,-0.04163627863858181,-0.6998776793479919,-0.18177451193332672,-0.3949100971221924,0.5778367150174084,-0.8553181886672974,1.304485197248818,-0.18763577855216662,0.6331125497817993,0.6666666865348816
0.21556980907917023,-0.20309685170650482,0.8670431229051369,-0.2735192705880271,-0.45306146144866943,0.6161730289459229,0.7821383582379708,-1.0931336702730612,0.2335646004072986,0.17763182520866394,1.6991420603545022,0.5
-0.8798776863381258,-0.7132706062458585,-0.05790869891643524,-0.20604419568012308,-0.5073188543319702,-0.6514920360965814,-1.2060799304215393,-1.4606063886338236,0.26762476042606675,-1.2915949821472168,1.733738006781527,0.5
0.34439377679864924,-0.9757634997367859,0.14594730734825134,-0.8911037020353708,-0.5073188543319702,0.6400455880367144,-0.3334474958488204,-1.1118792880431114,-0.9018054008483887,-0.02271728403866291,0.4644574522972107,0.5
0.5944573879241943,-0.4408404231071472,1.56724090839574,0.6840583829258036,-0.34454667568206787,0.8967130118353516,0.9429944092092366,-0.5674706425440914,-1.7713982420196122,-0.87757951184276,1.3672799461147906,0.3333333432674408
-0.5490568241279443,1.9901388316525026,-2.1644208431243896,-0.8109833002090454,0.9371915828479861,-1.4059932231903076,-1.856666675487167,-0.2540325115448565,1.7796152852032536,0.3111979067325592,0.36238831022629353,0.5
-0.16331779956817627,0.4926064006704136,-0.05790869891643524,0.48589833426555035,-0.2089032083749771,1.4322962213949266,0.8890307935819639,-0.6574925741079262,-0.4030156433582306,-0.890896737575531,1.2270597265047793,0.6666666865348816
-1.3829707296843796,-0.7380198836326599,0.07799530029296875,-0.7913079488785225,-0.9268014351362411,0.6485350235117888,0.02692470804973069,-1.6312705802524075,1.1557023525238037,-0.7312132821710174,1.5607155561447144,0.5
0.06401476263999939,-0.14366096258163452,1.2276299042406633,1.636622001715962,0.17775028244638338,1.1217145919799805,1.6365585037215196,1.1095366224748087,-1.2981094136507998,-0.6237646341323853,-1.4177135206468345,0.3333333432674408
-0.48824170109210363,-0.6785839796066284,0.010043300688266754,-0.8554255366325378,-0.4801901578903198,0.9532006978988647,-0.350180160752694,-0.9156005726578031,0.5945638418197632,-0.22306638956069946,0.3801299035549164,0.5
0.7437216019582349,0.42599235981970773,-0.4063211538191623,-0.6554354429244995,0.714796443696582,-0.4587263456952761,-1.1794911989284234,1.0302501904732813,0.976933559023913,2.7525398037988826,-0.2944904565811157,0.5
2.3456508020284863,0.27072727327510515,1.3084990049449912,-0.16339523295864936,-0.012873061210307495,-1.4857800820048457,-1.651177110401717,1.22738166302874,-0.5506013280861143,-0.4212026605796918,-0.2944904565811157,0.3333333432674408
0.1397922784090042,0.6375208291309208,1.9200623135738977,-0.6109932065010071,6.638499789226646,-0.8083698351147012,-1.2829886106414585,0.7500866967667452,1.256324143581579,1.1271237643993162,-0.041507821530103683,0.5
-1.3053701029244225,-0.5295411363373252,-0.19381269812583923,-0.8776466846466064,-0.37958619356226636,0.6161730289459229,0.24748683979274155,-1.9053913975263694,-0.00024629575703595877,-1.1580289602279663,1.6141272900040375,0.5
-1.0278603643444466,-1.213507056236267,-0.19381269812583923,-0.8776466846466064,-0.39880406856536865,-0.08130289434167084,-0.9460446539715761,-2.140329132373255,-0.4030156433582306,-1.6944362057560851,2.2896076964785808,0.6666666865348816
-0.6937604546546936,-0.1520671149147668,0.07799530029296875,0.42006999263537803,-0.5599579864206198,0.8958285740701056,-0.050191796029011915,-1.2342947059978617,-0.2159694880247116,-0.6237646341323853,1.6335880800289915,0.8333333134651184
-0.9968705177307129,-0.8568916916847229,0.15537765245643187,-0.19281010426228437,-0.6903536834208435,-0.9566229581832886,-0.9146074177306842,-1.5690944008080618,-1.6212031333618404,-0.22306638956069946,1.0292855733758686,0.6666666865348816
2.1396909624046976,1.5163916011259586,0.6626103770552652,-0.06165379484894072,0.48170693115040775,-1.0673747082942986,-0.9483163951533351,1.668310264261564,-0.028923334553837776,1.1990037946319951,-0.571052726654798,0.5
-0.9968705177307129,0.15351851284503937,-0.5335727334022522,-0.14026942868504874,-0.12751711905002594,3.936943084601939,4.14301216348765,0.29868076902335344,-0.15362077951431274,-0.2898494303226471,-1.559403657913208,0.1666666716337204
0.4429023563861847,-0.2625327408313751,-0.12586070597171783,-0.9842701266210214,-0.697219729423523,-0.4029864665294729,-0.1778587319504093,-1.0586700143185854,-1.5638287220735714,-1.4619652075267129,-0.2101629078388214,0.5
-0.2390953153371811,0.21295440196990967,-0.397668719291687,0.8647633548363399,-0.8328632116317749,-0.7520910664369281,-1.090751939741249,-1.3310345586282608,-1.6309173202394283,-1.0244628190994263,1.835939624380704,0.5
-0.01176275685429573,-0.9163275957107544,1.1652272939682007,-0.8514910624788554,0.7397492247837203,-0.5072526931762695,0.7454677109211252,-0.7392934577556974,-1.1367584101617152,0.3111979067325592,-0.5474730730056763,0.5
0.21556980907917023,-0.6905256418142869,-0.4227453632942015,-0.8109833002090454,-0.10038841515779495,0.962405960096462,0.5421380054709074,-0.7661552378989295,-0.6524105072021484,0.1108487918972969,-0.41110723330891785,0.5
-0.7695379853248596,0.27239030599594116,-1.294400134345073,-0.5311638965607902,0.34746804929583164,0.18224724071381915,1.6923633280500283,-0.04369067677964191,0.7530279198786796,-0.024723055710391698,-0.9691107869148254,0.3333333432674408
0.2695693560164964,-0.3814045190811157,0.06774485418594842,-0.46837590474123497,0.5778290033340454,0.2791453003883362,1.5563653836366265,0.49722079163915756,-0.7771079540252686,0.3111979067325592,-0.8004556894302368,0.5
-0.8453154563903809,0.48085301284096976,-0.2617647051811218,0.18378130587085098,-0.561576247215271,-0.33832260512057016,0.07025546299236127,-1.3962316593333346,-0.2159694880247116,-0.8241137266159058,2.016783081557632,0.8463965959313567
-0.8453154563903809,-0.7974557876586914,0.6493631396641104,-0.851435062678982,-0.43830892519365544,0.5391132002701913,0.785266896108774,-1.1067906524481548,0.9686561822891235,-0.6237646341323853,0.602471957951278,0.5
-0.6937604546546936,-0.6785839796066284,-0.22814865277428678,-0.8192874155285929,-0.18177451193332672,0.33531656861305237,0.37463316163707155,-0.39890849801768263,1.3499850004273952,1.3621779663993003,-0.379428818095004,0.5
0.24558884499562053,2.723729674167048,-1.8618604641485654,1.1155557454821594,-0.45277761120571447,-1.3244299101543067,-1.5949336250509576,0.734714434107284,0.2204715460538864,-0.22306638956069946,0.21147480607032776,0.3333333432674408
0.385231473432444,1.1994513467648082,1.7952314961340756,-0.12725966242717734,0.4930207584996407,-0.45108139514923096,-0.2029488678653496,0.426771626078179,0.5945638418197632,0.746341499405831,0.8017675876617432,0.5
0.5944573879241943,0.21295440196990967,1.080591732590148,-0.7220988273620605,4.03653861504029,-0.006862376476700932,-0.33786487151923783,0.39176413504111973,-0.09329751316578613,0.5783300399780273,-0.7161281704902649,0.3333333432674408
0.1614779645485873,0.36184711128373065,-0.4656206965446472,0.15850504978430963,-0.7962620471103936,-0.732421105030371,0.2957970616429275,-0.9421738549481421,-1.0265028476715088,-1.1590656859810604,1.5607155561447144,0.5
0.23526062340972037,1.5949851347339352,-0.19381269812583923,-0.6776565313339233,3.1439185325349976,-0.32413882305487685,-0.573659219109797,0.6985526987772273,0.15812282264232635,0.2866298292089345,-0.7161281704902649,0.3333333432674408
-0.291886811228163,0.03594463082330005,-0.397668719291687,1.1942472662256354,-0.6724386919878762,-0.0578824058175087,-0.2347816986898442,-0.8553181886672974,-1.1588700444977031,0.4447639584541321,1.59096361099641,0.5
-0.3148728311061859,-0.3540730556615795,-0.4228800238124465,-0.39150350175578597,-0.5344475507736206,1.945252165598173,2.06149656053365,-0.5531401856863912,-0.028923334553837776,0.6451131105422974,-0.2101629078388214,0.3333333432674408
-0.2390953153371811,-0.024789171293377876,-0.19381269812583923,-0.7443199157714844,0.48074888149125417,0.9532006978988647,-0.024037161838968434,-0.022780715826430615,1.3427485227584839,0.9790282845497131,1.5607155561447144,0.6666666865348816
0.2655316172601763,-0.08422506600618362,2.375416163171656,2.470271181748645,0.31853429437577524,1.5806767039837997,1.9480009230149098,2.0519922917627182,-0.2783181965351105,1.720527254191837,-1.306420922279358,0.3333333432674408
-1.1698245927756363,-0.7380198836326599,0.28185129165649414,-0.5018762259075386,-0.6429623365402222,-0.5072526931762695,-0.6497724249418095,-1.4523427366397894,-0.5900617837905884,-0.5569815635681152,0.7174400687217712,0.5
0.4429023563861847,0.27239030599594116,-0.19381269812583923,0.5395222878807198,-0.18177451193332672,-0.13051625062866284,0.4553293063829603,0.11120553215862568,-0.5900617837905884,-0.8241137266159058,-0.631800651550293,0.3333333432674408
-0.3148728311061859,-0.7304958562755094,0.4177553057670593,1.4661441885478341,-0.26815906415183,2.031142772855238,1.440167482880556,0.8983207941055298,-0.3194919866237859,-0.42341551184654236,-0.9691107869148254,0.5
0.0036730789269698323,-0.5597122311592102,0.9341951107358214,-0.7242883664902243,-0.0431705120815512,-0.17022497951984406,0.8361474516971195,-0.0964315434404862,0.8439587354660034,0.24441486597061157,-0.5474730730056763,0.3333333432674408
2.1696656044859557,-0.08422506600618362,1.207285868286996,-0.45807300215061303,0.3491369057501969,0.30138221097563134,0.5978114558942784,0.42115130923958016,-0.2159694880247116,-0.7015024993794524,0.7174400687217712,0.6666666865348816
-0.573894650158812,-1.3160721702266207,-0.2617647051811218,1.5611579672006086,-0.34454667568206787,0.39148786664009094,-0.2858806121008766,0.5124516116371919,-0.7771079540252686,0.28878686341038257,-0.631800651550293,0.5
0.656902544022856,-0.6785839796066284,0.31084987638611095,0.4212478854714698,-0.7427393658049093,-0.3949100971221924,-0.40716831974194045,-0.053904598703492124,-0.6524105072021484,-0.3566324710845947,-0.10893660828944857,0.5
0.48610146843302054,-0.7380198836326599,0.11615457184383343,-0.6799307492647418,0.4523971234616858,0.6723442673683167,-0.6313108910711396,0.49352287507796644,2.4080072845669513,1.229989235548411,-0.37881800532341003,0.5
0.7460124492645264,1.8320061254325402,-2.1644208431243896,-0.743979943658464,0.7836772197289806,-1.349821925163269,-1.7494326419581163,0.22191493965136613,0.5945638418197632,0.04406575486063957,0.04281972348690033,0.5
-0.5422053933143616,-0.34511362569124926,1.1652272939682007,2.325980438257697,-0.39880406856536865,1.313475149100566,1.24662796134105,0.7636046914133011,-1.0566807466521915,-0.2898494303226471,-0.46314552426338196,0.5
0.21556980907917023,1.1490726471778854,-0.5292895068235653,-0.6332142949104309,0.7826565999024255,-1.1251368522644043,-0.33344224778305476,0.6886076280789842,1.5435715363025562,-0.22306638956069946,-0.2944904565811157,0.3333333432674408
-0.08754027634859085,1.4301650480442185,-2.1644208431243896,-0.766541063785553,0.5330055875520332,-0.3949100971221924,-1.5767148730344347,0.11281934896232575,1.1557023525238037,0.7118961215019226,-0.2101629078388214,0.3333333432674408
1.406910202263952,-0.2625327408313751,1.1652272939682007,0.8040025397170899,-0.6303472981309598,0.6723442673683167,1.0490529088227274,0.7521135318060997,-0.7771079540252686,0.5115470290184021,-0.8847832679748535,0.6666666865348816
3.273104297075885,0.4542371486525866,0.6895633339881897,-0.8109833002090454,-0.10038841515779495,-1.237479329109192,-1.3990815468636555,1.2977273286397297,-0.7771079540252686,2.127219654513749,-0.2944904565811157,0.6666666865348816
-0.08754027634859085,2.8335799967938544,-0.8218113445569724,-0.6109932065010071,0.5861777125895944,-1.1153753118558962,-1.4038688508391697,0.6064559067418781,2.429832913700875,0.6638296968239609,1.0568482539865822,0.3333333432674408
-0.46642789244651794,0.09408261626958847,-0.28741889302542284,1.0321767076589508,-0.3174179792404175,0.39148786664009094,1.6625656875178305,0.8764073481198834,0.5538943480079332,-0.15628336369991302,-0.9691107869148254,0.3333333432674408
-0.16331779956817627,-0.08422506600618362,1.1652272939682007,1.1764199191203593,-0.7243484258651733,0.8213351815437796,0.7825480807774007,-0.5065162566733122,-0.7493194044577542,-1.7588144378035786,1.223405361175537,0.6472916395366359
0.5186799168586731,2.0445979511238135,-1.8254556924017495,-0.7443199157714844,0.4290173213840666,-1.1813081502914429,-1.7330750065218572,0.2503120992560987,0.6230719075153814,0.950495619587056,-0.041507821530103683,0.3333333432674408
-0.9968705177307129,-0.5002763271331787,-1.5864104121976443,0.44623876029017234,-0.45256338386888034,2.1293791694563255,1.282074028938083,-0.0874610389826027,0.34516897797584534,-0.5569815635681152,-0.46314552426338196,0.5
3.156122572684163,1.8358021408665104,1.3953996522104577,-0.5665509104728699,1.0473907214652698,-0.0578824058175087,0.07505408856656612,1.989742470991544,-0.15362077951431274,0.9790282845497131,-0.2944904565811157,0.3333333432674408
-0.6179829239845276,-0.7380198836326599,-0.6015247106552124,-0.7999331846813164,-0.10038841515779495,0.5038304328918457,0.6038004431366812,-0.8758494946366738,1.0933536291122437,-0.6237646341323853,-0.041507821530103683,0.5
-0.6937604546546936,1.9956679002337374,-2.0832413303257056,-0.5665509104728699,-0.15464581549167633,-1.349821925163269,-1.7879569646476658,0.09078128183702458,2.0970766845932776,0.37798094749450684,0.7174400687217712,0.5
-0.16331779956817627,-0.14366096258163452,0.3109060717090731,-0.5334781134645534,-0.6429623365402222,0.2791453003883362,0.8389406338071274,-1.3730431265689569,0.34516897797584534,-1.1354540695391815,1.5607155561447144,0.6666666865348816
-1.3347561929646328,-1.0351994037628174,0.14594730734825134,-0.8998677730560303,-0.5887049436569214,-0.8442803621292114,-0.542410913935673,-1.127771898548659,0.08281251121583152,-0.6905476450920105,-0.1258353590965271,0.3333333432674408
-0.16331779956817627,2.6111964532521075,-1.0380551001801566,-0.09139206178499248,1.1986461017612455,0.8963258403202232,0.05610159447115834,-0.12445106636622842,-1.151200294494629,0.4240934234725917,-0.2944904565811157,0.3333333432674408
-0.46642789244651794,0.7291362004920187,-1.7315037282818395,-0.7220988273620605,0.3021882413414671,-0.5072526931762695,-1.5650518626651126,0.4749061167911551,1.9576650616782705,1.281714396724458,-0.2101629078388214,0.6666666865348816
0.5346940939250556,-0.8568916916847229,0.14594730734825134,-0.8289889245942268,0.4803690825937412,0.35939750956101885,0.1450113097660706,-1.0843441227862847,-0.583564775702473,-0.37724347412566084,0.6797481676714355,0.5
-1.224203109741211,-0.8568916916847229,0.010043300688266754,-0.946664704767686,-0.7243484258651733,-0.3387388288974762,-0.11507525197406036,-1.715927088705093,0.2774661722901087,-1.1951950217983642,0.5487849712371826,0.5
-0.2390953153371811,0.21295440196990967,-1.8918005162397076,-0.8998677730560303,0.4713643705712723,-0.7881091237068176,-0.32011933918778374,-0.7711124266361027,-0.8243073111661866,-0.890896737575531,-0.701819364804313,0.5
-1.224203109741211,-1.094635248184204,-0.2617647051811218,-0.18332030197999588,-0.45306146144866943,0.12220349530021386,0.14236898211205132,-0.8212094019778877,2.3669543448002184,-0.22306638956069946,0.9667163374710259,0.5
-0.8453154563903809,-0.5597122311592102,-0.16894056761984794,0.019059784598158512,-0.561576247215271,-0.22639626264572144,-0.21578460035541447,-1.096784595185363,-0.46536436676979065,-0.22306638956069946,0.7174400687217712,0.5
-1.072648048400879,-1.2729843023569802,-0.4656206965446472,-0.8554255366325378,-0.5344475507736206,0.26878947195915087,-0.5201954759896631,-1.3325543478785442,1.7948529987961475,-0.22306638956069946,1.223405361175537,0.5
0.7460124492645264,-0.7974557876586914,0.9272781707227311,-0.6301784579988907,-0.15464581549167633,-1.349821925163269,-0.4003081540894431,-0.02395489609357249,-0.5277130603790283,-0.49019855260849,-0.2944904565811157,0.5
0.7460124492645264,0.22136780311788012,-0.2617647051811218,-0.7220988273620605,0.5317163439376751,0.02068600979278729,-1.3975840010834255,0.011084382619941019,0.5677483953433792,2.055522000029969,1.8866577038756949,0.5
-0.01176275685429573,-0.6191481351852417,0.6895633339881897,0.24930883458759678,-0.2902892827987671,-1.2138543007224312,-0.8404131373286038,-0.012890109292893723,-0.34066691994667053,1.9223966863057134,0.5487849712371826,0.5
-0.46642789244651794,-0.024789171293377876,-0.05790869891643524,1.8767026921666667,-0.15091224191616218,0.11063144356012344,1.3534291559794187,1.0699581602114008,-1.0298431604824245,-0.6237646341323853,-1.137765884399414,0.3333333432674408
0.29134732484817505,1.9423903848972293,0.4857073128223419,-0.6954034283314976,4.078373274742354,-0.6498535807792967,-0.39788469956210876,0.4308313185110264,-0.15362077951431274,0.3111979067325592,-0.9691107869148254,0.3333333432674408
-0.46642789244651794,0.40723004308429134,-0.12586070597171783,0.12777120665225905,-0.59721337386752,0.6723442673683167,0.71187838125819,-1.2680551366747914,-0.46536436676979065,-0.3566324710845947,1.813698172569275,0.6666666865348816
0.29134732484817505,-0.3219686448574066,1.7008474139240337,-0.766541063785553,14.967563115329238,-0.3949100971221924,-0.7838639884476224,0.3151937180147517,-1.1343375962786846,1.4602547698696282,-0.6410916017518298,0.5
-0.5422053933143616,-1.094635248184204,-0.397668719291687,-0.833204448223114,-0.18177451193332672,1.8087951215867404,0.6913107620878005,-0.8734086812106021,0.9890120918941295,0.4447639584541321,-0.041507821530103683,0.6666666865348816
2.375987241940776,1.2089611697166358,1.7900983356184708,-0.7443199157714844,-0.058491577744423484,-0.8753074814868498,-1.1075654026963324,0.8339822371233062,-0.2783181965351105,3.2335649173198524,0.1272086176573717,0.5
-1.6332934769413678,-0.08422506600618362,-0.4656206965446472,-0.7374488154064037,-0.8036610712828339,-0.22639626264572144,0.04738412284114282,-1.864045646617732,0.9063074588775635,-1.1041157754180984,2.108834075909553,0.6666666865348816
-0.6179829239845276,-0.8568916916847229,0.07799530029296875,-0.833204448223114,-0.028279097024703003,-0.6195952296257019,-0.28870841756998905,-0.7243838902758324,-0.028923334553837776,-0.2898494303226471,-0.43677644473420935,0.5
0.017007126074176353,-0.5597122311592102,0.07799530029296875,-0.46559326823939245,-0.34454667568206787,0.16680273413658142,0.468837548319666,-0.6190654760837293,0.27348411008224643,-0.6237646341323853,0.3801299035549164,0.753409705901214
0.5186799168586731,0.4048940829928218,0.14594730734825134,-0.5974569226765023,0.3866771007813262,-1.349821925163269,-1.8224360231276904,-0.1095974394877999,0.0957741066813469,-0.024252952715808837,1.223405361175537,0.5
0.1397922784090042,-0.1163247676692537,0.14594730734825134,-0.09256375016575347,-0.04613102599978447,-0.140725182250144,0.7366041467993896,0.20987342966144495,0.21367845102277083,-0.6237646341323853,-0.37881800532341003,0.5
-0.6179829239845276,-0.024789171293377876,-0.3297167122364044,0.43594200787952764,-0.15464581549167633,-0.046907669657926684,1.2553295728942406,0.4763640934039062,0.036216342984509625,-0.7573306560516357,-0.8004556894302368,0.3333333432674408
0.7391768348280514,-0.5597122311592102,-0.0420216650246955,-0.8109833002090454,0.4974287292534211,-0.17022497951984406,0.7125258981072237,-0.6150931872253452,-0.4053250734127275,0.5855647539266455,1.0879825347619365,0.3333333432674408
0.21556980907917023,-0.5597122311592102,-0.19381269812583923,-0.6725402000387235,-1.0790128399633412,-0.22639626264572144,-0.3380029860917691,-1.483089833665288,-0.22178096010577358,-0.5779286855356782,1.0547502040863037,0.5184457068010097
-0.6937604546546936,-0.5597122311592102,-1.0189694968872849,0.2871622176207797,-0.37167537212371826,0.5613967901352616,0.6631715163847456,-0.24843281639583206,0.033425383269786835,-0.2898494303226471,-0.2944904565811157,0.5
-0.9210929870605469,-0.5002763271331787,-0.3297167122364044,-0.7443199157714844,-0.2902892827987671,0.2791453003883362,0.31946279070214156,-1.3342044849836712,0.5195683063406021,0.04406575486063957,0.4644574522972107,0.3333333432674408
1.2747067400958816,-0.40314311086023324,-0.12586070597171783,-0.6776565313339233,-0.7243484258651733,-0.2825675308704376,-0.2581712774733014,-0.8831669389133453,-1.213549017906189,-1.3583780527114868,0.7297003398261033,0.5
0.7914725425733669,0.26283961670386435,-0.2617647051811218,-0.6776565313339233,-0.45306146144866943,-1.4889838075252062,-0.5313153219191111,-0.8946275379595677,-3.127657987787076,-0.3566324710845947,-0.041507821530103683,0.3333333432674408
0.5186799168586731,-0.08422506600618362,0.9724133918066156,-0.04058301368959259,3.655315797288867,-1.5096645774633457,-1.8594766726157843,0.9784746675086079,-0.028923334553837776,2.0519960564210216,0.4205542036646719,0.5
-0.6937604546546936,-0.08051996909310452,-1.0759532814257504,-0.7443199157714844,-0.6064382368827617,-0.9122092992866477,-0.2666437720212725,-0.9608247605018506,-0.4030156433582306,-1.2915949821472168,0.4644574522972107,0.1666666716337204
0.866079180993311,0.265979370534007,0.9747851127784221,-0.19633045954153225,0.7175242350786512,0.7676819297776611,-0.13868032661574142,1.664417770904644,1.0710506824523132,0.7118961215019226,-0.8847832679748535,0.3333333432674408
3.4685560446933765,0.21295440196990967,1.0953664932107248,-0.5131485638279762,0.2808215450435113,-1.5415896022884878,-1.8781208942022694,1.019026397701818,-0.7147592306137085,0.24441486597061157,0.4836434671224701,0.3333333432674408
0.4429023563861847,0.6854990945808003,0.34980329871177673,0.2747740996442716,-0.4801901578903198,-0.6901429938052813,-0.2620811320224714,0.007896686579639624,0.39889527199353136,0.04406575486063957,0.3801299035549164,0.5
-0.05375226140423221,-1.094635248184204,-0.19381269812583923,-0.8685137398103555,-0.4801901578903198,-0.45108139514923096,-0.29197825425111756,-0.4328821730516676,0.9519399046183743,0.7118961215019226,-0.46314552426338196,0.3333333432674408
0.5944573879241943,-0.14366096258163452,0.07799530029296875,-0.12402034029939263,-0.598215453699005,0.08339234582680972,0.9677243180501521,-0.39160466837727437,-0.8394566774368286,0.24441486597061157,0.6331125497817993,0.5
0.32315856377236224,-0.5002763271331787,0.8115650042847948,0.35387525070598946,-0.5887049436569214,-0.731937825679779,-0.12998157277545103,-0.45333141966226115,-0.9018054008483887,-1.1907998955296744,0.3801299035549164,0.1666666716337204
0.06401476263999939,-0.7380198836326599,0.6216112971305847,1.1696917819234036,0.09351987593389274,-0.23892691992523973,0.8685989847045711,1.064001048230928,0.8439587354660034,-1.0912458896636963,-0.46314552426338196,0.3333333432674408
-0.9210929870605469,-0.6785839796066284,-0.12586070597171783,-0.7220988273620605,-0.6158336400985718,0.2791453003883362,-0.2972673284496239,-1.4694213293481,-0.028923334553837776,0.37798094749450684,0.8017675876617432,0.5
-0.6937604546546936,-1.543202540782991,-0.05790869891643524,0.11554842818649276,-0.34454667568206787,-0.8442803621292114,0.23218820737358623,-0.24834457428926018,2.7243821679332316,0.8905610999618053,0.7889420132236715,0.5
-0.8453154563903809,-0.3219686448574066,-1.200290906897976,0.6080614381351603,-0.37167537212371826,1.7689874224902074,0.2794980826719336,0.032387668190019134,-0.34066691994667053,0.47112290571481086,-0.041507821530103683,0.3333333432674408
-1.224203109741211,-0.007654050613426926,-0.3297167122364044,-0.833204448223114,-0.8748840547136654,-0.731937825679779,-0.7659140913900189,-2.3926197492879666,-0.34066691994667053,0.31324372505950016,2.840842450965614,0.8333333134651184
-0.46642789244651794,-0.5002763271331787,2.8208692559404223,1.1333313404383567,-0.6226471657096128,2.2427417966732417,1.7752283569807505,0.682735005401259,-1.0867823591532422,0.04406575486063957,-1.306420922279358,0.3333333432674408
-0.39065036177635193,-0.7380198836326599,2.8503172905339507,-0.1370486449334889,-0.2360319048166275,0.4140893026517593,1.122427977712484,0.22285130341042836,0.0957741066813469,-0.3566324710845947,-1.0534383058547974,0.5
-0.8453154563903809,0.7926798488779705,0.14594730734825134,-0.7220988273620605,-0.7226704498236064,-0.8442803621292114,-0.23161664360701034,-1.629745876018572,0.2204715460538864,0.5783300399780273,1.9771354989260346,0.6666666865348816
1.4624635242048685,-0.6191481351852417,0.010043300688266754,-0.6332142949104309,0.6897874596556558,0.06781937957832163,-1.0975854314317284,1.033216118812561,0.46986642479896545,2.05756677332945,-0.8847832679748535,0.5
-1.3627015001949796,-0.7974557876586914,-1.409013168152543,-0.8554255366325378,-0.5499288772756322,0.4476591646671295,-0.1983010606927522,-0.933826718762645,1.3427485227584839,0.07110671306431013,-0.46314552426338196,0.5
1.390339787731313,2.500596573464382,-0.12586070597171783,-0.5665509104728699,0.9882757688634104,-1.1491207134890618,-1.0360073475782416,1.3954197931473036,0.2204715460538864,-0.0895003229379654,-1.0759832862929626,0.3333333432674408
1.2681872305338087,0.5101338624954224,0.5444886736824309,0.19914687952517357,1.0917585296746055,-0.5072526931762695,-1.0599319662913038,1.463351553927917,0.9374856048656927,4.211519291342825,0.4644574522972107,0.5
-0.46642789244651794,-0.5002763271331787,-0.6694766879081726,0.3797106553981313,-0.34454667568206787,0.6161730289459229,0.4178497956008691,-0.9282467302907529,-0.7771079540252686,-1.3944816753607305,0.6331125497817993,0.8333333134651184
0.061503272626110994,-0.5597122311592102,0.14594730734825134,-0.833204448223114,0.062383756041526794,-0.3387388288974762,-0.28927301867660377,-1.4056442213792166,-0.755553381355527,-1.1129218648251809,1.5607155561447144,0.5
-1.072648048400879,-0.5597122311592102,-0.19381269812583923,-0.8554255366325378,-0.4801901578903198,0.26465790568224806,0.5738390420596571,-1.0081808070634457,0.8264350121973081,-0.02271728403866291,0.21147480607032776,0.3333333432674408
-0.9210929870605469,-0.3219686448574066,0.7191062561139876,-0.5065195493420034,-1.1165466677177418,0.8456888037472244,0.31324462412480536,-1.7037130800311424,0.8439587354660034,-0.957679808139801,2.0425263571599976,0.6666666865348816
0.7460124492645264,-0.8568916916847229,0.5125652054360973,-0.8776466846466064,-0.07325971871614456,-0.0578824058175087,0.15673571169242376,-0.704539548143803,0.7935668362123678,-1.1529207406210409,0.29580235481262207,0.5
-0.5422224860255108,-0.9757634997367859,-0.8022744056615996,-0.8554255366325378,-0.21885909154030192,-0.01396694570371431,-0.6544661118379009,-0.36806406721435914,1.3494988345864711,-0.3566324710845947,-0.8847832679748535,0.3333333432674408
-0.3148728311061859,-0.053968743395134126,0.4857073128223419,1.767021973230172,0.047172131678882415,0.4476591646671295,1.5646407455784233,0.9351934070994377,-0.13036399672240978,-0.04166438706446138,-0.20052095889075572,0.3333333432674408
0.21556980907917023,-0.08422506600618362,-0.8046735883179793,-0.6776565313339233,0.22626273877985154,-1.1251368522644043,-1.7197270032245735,0.288448032609079,0.6569125652313232,1.7281427134863148,0.04281972348690033,0.6666666865348816
0.976594172530276,-0.2625327408313751,0.6895633339881897,-0.766541063785553,0.1660257913325475,-0.5072526931762695,-0.6072734180596093,-0.9136030093173937,-0.46536436676979065,1.4363910547042416,2.283028976786515,0.5
0.4960931275923339,0.28814739906685183,-0.15515789171467126,-0.6776565313339233,0.4399870654673409,-1.237479329109192,-1.3713717572219903,0.95351583623824,-0.028923334553837776,0.1846005327395807,-1.0534383058547974,0.3333333432674408
0.29134732484817505,1.0727550934208911,-0.12586070597171783,-0.6332142949104309,-0.42741600992895523,0.1107785509469008,1.2101281307543823,-0.011011540596213355,0.2204715460538864,0.1469357376724638,-0.2944904565811157,0.3333333432674408
0.06401476263999939,-0.6191481351852417,-0.397668719291687,-0.6776565313339233,-0.9754084302256032,-0.18814426281398697,0.6656027023819611,-0.6389027951964055,-0.34066691994667053,-0.15628336369991302,-0.33957333189273303,0.5
-0.46642789244651794,-0.3219686448574066,-0.34001146625753104,1.035493254285287,-0.5073188543319702,1.3657811430217133,1.4113520581117904,0.22063045541144874,-0.5277130603790283,-0.2898494303226471,-0.1258353590965271,0.5
-1.072648048400879,0.09408261626958847,-0.3297167122364044,-0.7038745999067998,-0.2631605863571167,0.11063144356012344,-0.019509974867105484,-2.3882538088009677,-1.1181721872663068,0.7118961215019226,2.800900957740188,0.6666666865348816
-0.01176275685429573,-0.6191481351852417,0.4177553057670593,-0.7604880257378965,-0.39880406856536865,0.3176473737807308,0.16292032628275577,-1.9027026509512879,-0.6524105072021484,-1.1580289602279663,2.3164674000338374,0.6638808425701768
0.21556980907917023,-0.024789171293377876,-0.5335727334022522,2.1801868348648763,-0.36509772411608227,-0.2072748079350688,0.7591282473578529,1.1664357188568557,0.0957741066813469,-0.5569815635681152,-0.9691107869148254,0.5
-0.6937604546546936,-0.08422506600618362,0.34980329871177673,0.43831670748531637,1.0335425577385522,1.537697718740723,1.6762865738675943,0.41632063290385335,-0.5277130603790283,-0.890896737575531,-1.137765884399414,0.5
-1.224203109741211,3.497431825897494,-1.8309230512527694,-0.5448541703336689,-0.2253763643366825,-1.1756714833309798,-1.3471660962765526,0.2210739543979054,1.6851721776799136,-0.7573306560516357,-1.2245842001810416,0.3333333432674408
-0.08754027634859085,-0.4408404231071472,1.618807023197899,1.081586871538976,-0.36895806271733955,0.957589289372229,0.7341940404716376,0.2944469990501674,-0.8331651850078474,-1.0244628190994263,0.21147480607032776,0.3333333432674408
-0.5422053933143616,0.21295440196990967,-0.8003586482505118,1.2001086807420582,-0.39880406856536865,-0.553945953612545,1.2887394868681286,0.4769020630713928,-0.5277130603790283,0.24441486597061157,-0.9691107869148254,0.3333333432674408
-0.54619567415334,1.0747836060821676,-1.6286379143189067,-0.6948043496539882,0.7116280803707153,-1.2899441029223448,-1.4626483015182254,0.8636015174918795,2.5480642510216858,0.4447639584541321,-0.5772904588913672,0.5
-0.16331779956817627,-0.932165873598593,0.26466623982050724,-0.9819391897017136,0.006313913467237007,-0.359732263673633,-0.31945965040474616,-0.7421744290687445,0.2828202545642853,-0.7573306560516357,0.04281972348690033,0.4470539717849041
-0.2390953153371811,2.30177165762036,-1.1910935600989727,-0.5082397986841996,1.048539338854986,-1.349821925163269,-1.7139604834068853,1.0959543752599876,1.157399874317258,0.7786791324615479,-1.2160053449871178,0.3333333432674408
-0.7695379853248596,-1.1738653759967057,-0.4668144159710154,-0.8847332544607817,-0.8385252179972265,-0.17022497951984406,-0.044897165783819096,-1.0990369285033696,1.9792535171521792,0.17763182520866394,0.3801299035549164,0.6666666865348816
-0.6937604546546936,0.22173878401921823,-0.12586070597171783,1.7117087253212955,-0.12751711905002594,1.6042800725756605,1.6049778578517393,0.883206821737305,0.5945638418197632,-0.8241137266159058,-1.137765884399414,0.3333333432674408
-0.3148728311061859,-0.7974557876586914,0.6216112971305847,0.4797380999995527,-0.42593276500701904,0.9460931933494688,0.16607972157804676,-0.8401742890832546,-0.09127205610275269,-1.1599343710477887,1.0047520982208857,0.5
2.156356952248539,2.2303864794901997,0.07799530029296875,-0.6181981206868018,-0.04322589549958557,-1.1367446340129785,-1.0319784188271677,0.9440810258261458,-0.7771079540252686,0.17763182520866394,-0.37881800532341003,0.2175583187057157
-0.7695379853248596,-0.5002763271331787,-0.397668719291687,0.8766912929948947,-0.23678038222727435,0.3836443321035468,0.881059087620801,0.6425578739246018,1.0301308611554878,0.3029538599398901,-0.2944904565811157,0.5
-0.46642789244651794,-0.8568916916847229,-0.12586070597171783,2.57515290566697,-0.5344475507736206,2.0793924677544444,1.7329850392601702,1.7179168952003403,1.582024480813892,-0.42196816283467975,-0.8256519291405272,0.6666666865348816
-0.01176275685429573,2.387694716776384,-0.6459809993634668,-0.266933801355004,-0.2631605863571167,-0.22639626264572144,-0.32009918793801545,-0.7880654027880262,-0.028923334553837776,1.122155047508404,2.068491718350497,0.5
0.43009128551046644,-0.4084288591702587,-0.12586070597171783,-0.4581346045272308,-0.9115238128665807,-0.7729053667132738,-0.14609677130618673,-0.9266794057162487,-0.5277130603790283,-1.1580289602279663,1.1390777826309204,0.8825102523078736
0.8217899799346924,1.229704467490896,-0.3207392642856296,2.89629222564842,-0.15464581549167633,0.6693073749375719,1.8671714270193451,1.938288359244409,-0.8394566774368286,-0.15628336369991302,-1.0534383058547974,0.5
-0.8453154563903809,-0.14366096258163452,-2.1644208431243896,-0.6998776793479919,0.5658901262454881,-0.9566229581832886,-1.5057464162785115,0.2790307229549549,1.6447588622388212,1.0109816294516694,0.7174400687217712,0.5
-0.6868264380724743,-0.9757634997367859,-0.0814669373554984,1.2839864848837892,-0.45306146144866943,1.5311230785884231,0.468979506934816,-0.12180629140913618,-1.661889931066354,0.5783300399780273,0.3801299035549164,0.5
2.991252832146788,-0.2625327408313751,0.13881734418093153,-0.31731005938852574,-0.2631605863571167,-0.0578824058175087,1.5141200763686928,0.4561688964288382,-1.5981894775657988,-0.0895003229379654,-0.43590889497059626,0.3333333432674408
0.6702349185943604,1.981286650170861,-0.19381269812583923,-0.7233270218700326,3.4366194703812525,-1.6125941015832184,-1.8034477835831835,0.5696659464480509,-1.151200294494629,3.0325316904261737,-1.0914801621913162,0.3333333432674408
-0.6179829239845276,-0.5597122311592102,0.6216112971305847,0.15623198460178853,-0.2902892827987671,1.5044124173334261,1.2713581613241212,0.07012313361515407,0.2149189605150058,-0.5569815635681152,-0.9691107869148254,0.6666666865348816
0.06401476263999939,-0.5002763271331787,0.4177553057670593,-0.8776466846466064,-0.6158336400985718,-0.9566229581832886,-0.3633520556225648,-0.6652142107896518,-0.2159694880247116,-1.326255538784997,-0.8004556894302368,0.3333333432674408
-0.8812019020074168,-0.7867465138110595,-0.022511668615148035,0.6651649851858568,-0.6700910329818726,-0.22925255730577282,0.02531023523533806,-0.6294895845620645,0.5945638418197632,-0.890896737575531,1.0220380839541992,0.5
-0.4989718589490835,1.0330171921852516,-0.941284716129303,0.006479387827286808,-0.561576247215271,0.22540692377710358,0.052684865314332974,-1.0781557700052784,-0.8483479183756164,-2.09036409234107,1.6450430154800415,0.1666666716337204
-1.3635135586969607,-0.024789171293377876,-0.5335727334022522,0.1616052643466057,-0.6424425874475288,-0.7310770239724131,-0.18486055832155074,-1.6247141320970022,0.033425383269786835,0.3111979067325592,2.1468027023658323,0.6666666865348816
0.7142012934014221,-0.45450857978694237,0.8254672884941101,-0.8864442409314658,-0.2360319048166275,0.3822755520067178,-0.10752000631602812,-0.29465940517152833,-1.6449475444832098,-0.957679808139801,-0.8004556894302368,0.3333333432674408
-0.6937604546546936,-0.2625327408313751,-0.6273653009868986,1.9453782000837883,-0.34454667568206787,1.357921892469204,0.6981498200595668,0.5016517245126222,0.5322151184082031,-0.5569815635681152,-0.041507821530103683,0.3333333432674408
0.1397922784090042,-0.6191481351852417,0.9180790285387952,2.3958194365801035,-0.34454667568206787,2.4108240730526465,1.1496450017100677,1.308738692426766,0.5945638418197632,-1.0912458896636963,-0.46314552426338196,0.5
0.6022056003427335,1.4385341404355951,-0.40405536822179067,-0.544329822063446,0.8568821829654052,-0.3949100971221924,-1.0774271517680798,0.9504784340855693,-0.2159694880247116,0.24441486597061157,-0.8847832679748535,0.3333333432674408
-0.08754027634859085,-0.3596884133969319,0.34980329871177673,0.8866538451794489,-0.2360319048166275,1.5257622485650213,1.8615977552141008,0.6490386118693215,-0.15362077951431274,-0.0895003229379654,-0.5474730730056763,0.5
0.8824509249173573,0.07547756995893537,0.14594730734825134,-0.6554354429244995,1.5124860035195993,-0.5072526931762695,-1.0581064731614065,0.3407447509206508,-0.7771079540252686,2.8434069501759422,0.6791546934369455,0.3333333432674408
-0.6340140486160885,-0.6984531259422995,0.8934193253517151,-0.8554255366325378,-0.7430486034290616,-0.17022497951984406,-0.019509974867105484,-1.5845928360034516,0.605470535946106,-0.5069909185925185,1.5607155561447144,0.6666666865348816
0.9660605949230752,-0.8568916916847229,-0.6694766879081726,0.10678992869605858,-1.0423710897463936,-0.5634239912033081,-0.9146138852048775,-0.5225766576852836,-2.1365856953460227,-1.986539846918787,0.7648838156390009,0.5
6.353549003601074,-1.5701223611831665,9.11561107635498,-0.9887523055076599,-1.2940510511398315,14.546651840209961,5.739711284637451,5.3161420822143555,4.896625518798828,9.794388771057129,3.078611373901367,0.0
0.4653820179393996,-0.9970350601134407,0.4857073128223419,-0.19546554901091484,-0.4532400589951734,-1.1496360451437928,0.7765211765920187,-0.15018365144708576,-0.7771079540252686,0.4447639584541321,0.5487849712371826,0.5
-0.2390953153371811,-0.6785839796066284,-0.2617647051811218,-0.6776565313339233,-0.2089032083749771,0.20150400997907222,1.580845916417697,-0.20313442631367404,-0.15362077951431274,-0.5569815635681152,-0.1338310883788016,0.3333333432674408
-1.139625799533977,-0.6504903535315228,0.6895633339881897,0.3622778499887259,-0.4801901578903198,1.1217145919799805,0.8163195122578922,-0.20171063778189327,0.033425383269786835,-1.0642803413614503,-0.2944904565811157,0.6666666865348816
-1.599054127625134,-0.20309685170650482,-0.4656206965446472,-0.833204448223114,-0.34454667568206787,1.2090616457776564,1.3091715935437038,-0.6211034267272917,1.5912298487796652,0.7786791324615479,-0.6080023275892779,0.6666666865348816
-1.072648048400879,-0.8568916916847229,-0.2617647051811218,0.7054456553607162,-0.6158336400985718,-0.2825675308704376,-0.1956461084476261,-0.8518455024816488,0.9686561822891235,0.1108487918972969,1.0465760177126409,0.8333333134651184
0.16212965744060148,-0.2625327408313751,-1.0933814467731309,-0.78424740649214,0.34171895371073585,-0.9566229581832886,-1.5677162187030278,0.2235187174715789,-1.3934348542885255,0.04406575486063957,-1.102840569289645,0.5
-0.6179829239845276,1.4062146875258354,-2.1013507915397716,-0.8942838697876976,-0.44317621014859365,-0.5072526931762695,0.4714283186495531,-0.9880182089348234,-1.0888515710830688,-1.245179940596126,-0.5474730730056763,0.1666666716337204
-1.0973204902026674,-0.4408404231071472,-1.3502041303600327,-0.6998776793479919,-0.2631605863571167,1.065543293952942,0.7057856671851641,-0.3051429384364606,-0.04389372476207624,-0.7573306560516357,-1.6041688853610245,0.3333333432674408
1.5145275294488656,-0.20309685170650482,1.1652272939682007,-0.5665509104728699,0.5697332127058975,-1.4059932231903076,-1.9009155821245343,0.6974698801133025,0.2204715460538864,0.17763182520866394,0.6331125497817993,0.5
-0.46642789244651794,-0.6095279315480774,-0.51591228727714,-0.10211921564262763,-0.4583025831634365,2.3344678369851035,1.430569920498273,-0.5163353996683763,0.0957741066813469,0.3111979067325592,-0.1258353590965271,0.5
1.2685723063855259,1.033415238643903,-0.8212530722733831,-0.45068982515112793,1.0003287595014536,-0.17022497951984406,-0.39493944393939723,1.4586663232964137,1.3339241332814902,1.2877536993362015,-1.137765884399414,0.3333333432674408
0.21556980907917023,-0.4056462263101119,0.010043300688266754,1.0625515823193687,-0.8200613761229038,1.412332555968958,0.8556763917326626,-0.009594910311176567,0.0957741066813469,-0.0895003229379654,1.0320497906161499,0.6666666865348816
-0.2390953153371811,-0.2625327408313751,0.45326357114433824,2.779906487083629,-0.4521991184339025,0.5600017309188843,0.26417809803782727,0.5679974193974628,-0.2159694880247116,-1.9876422198479358,1.6450430154800415,0.5
1.50772074830172,2.166106735643331,-1.023351022206908,0.6406441988573458,0.765557039246571,0.2791453003883362,-0.34350047991423677,1.7042296411382043,0.2204715460538864,0.38237348357213263,-0.8004556894302368,0.3333333432674408
-0.4467996505236314,-0.9757634997367859,-0.5335727334022522,-0.8109833002090454,-0.4525794068604684,1.524619616372576,0.3236466571460664,-1.847554538053852,0.37093567544042305,-1.0244628190994263,1.8554209826231112,0.5
0.4429023563861847,-0.5789866033599881,-0.2902415665398925,0.4542780210509651,-0.2631605863571167,1.595762595348342,0.9623685576032899,0.008033600138570388,-0.7771079540252686,-0.29781552426367863,-0.1258353590965271,0.5
3.829880533527606,0.45899026142406013,1.941364170615031,-0.0017904903757536023,1.6951221702897428,-1.237479329109192,-1.3701552264692316,1.7184800652234127,-0.8443810958415703,5.755252816792151,0.29580235481262207,0.6666666865348816
-0.7695379853248596,-0.2625327408313751,1.0293233394622803,-0.6712396683922466,0.6192250305945909,0.6961668527969695,0.5521002742518512,-0.19294512236844613,0.0957741066813469,-0.49019855260849,-1.2220934629440308,0.5
0.36712485551834106,-0.7010616276536215,-0.43091641787525986,-0.8109833002090454,-0.42593276500701904,-0.6623899402883497,-0.3081630331535058,-0.48874421683707975,-0.9018054008483887,-1.0244628190994263,-0.4874168459110865,0.5
2.5830864162154663,2.359169435566299,0.3289678821215868,-0.5887720584869385,11.357199455208665,0.05446016043424606,0.01478432245780708,0.9967965983471764,-1.5519227124483739,1.0385919604587985,-0.8847832679748535,0.3333333432674408
-0.3148728311061859,-0.6785839796066284,-0.05790869891643524,1.7968480727966938,-0.37167537212371826,1.2935582321738008,0.5197826655890095,0.8618928934371148,-0.06660972773170247,-1.612402543415055,-0.2101629078388214,0.3333333432674408
-0.5422053933143616,-0.2625327408313751,0.8166574873407293,0.9536721263604082,-0.31351577594344876,1.5108816899790356,4.904635603353055,0.6761017596700237,-0.46536436676979065,0.17763182520866394,-0.631800651550293,0.3333333432674408
0.1397922784090042,-0.6191481351852417,-0.2617647051811218,0.7739387263915495,-0.31424306497201787,-1.349821925163269,-1.5330126032923845,-0.8553181886672974,-0.35134425867630314,-0.7413875520193791,1.0547502040863037,0.5
-0.01176275685429573,1.9256785266124812,0.010043300688266754,-0.3010818085262894,1.4722499772985633,-0.45108139514923096,0.11725264287638196,1.4640967743532114,1.3427485227584839,0.3111979067325592,-0.8847832679748535,0.3333333432674408
-0.8453154563903809,-0.20309685170650482,-0.5335727334022522,-0.8801921393525343,-0.2631605863571167,0.2791453003883362,0.24182338119903796,-1.244831417322985,0.34516897797584534,-0.15628336369991302,0.3801299035549164,0.5
-1.072648048400879,-0.6785839796066284,-0.6015247106552124,-0.0032215619329106493,0.062383756041526794,0.2755679333677397,0.15468549265256545,0.2246122181385927,0.31028805120085506,-1.1580289602279663,-1.4750760793685913,0.3333333432674408
0.06401476263999939,-0.024789171293377876,-0.397668719291687,2.279030501274193,-0.2631605863571167,0.05446016043424606,1.0001212403209085,1.401208860449073,-0.34066691994667053,-0.6905476450920105,-1.2220934629440308,0.5
-0.8453154563903809,2.1238487863707904,-2.1644208431243896,-0.4998875558376312,0.07327678920992681,-0.90045166015625,-1.608602806999134,0.46070614913773056,2.345804540685087,1.1011644926479582,0.3801299035549164,0.1666666716337204
-0.8453154563903809,-0.08422506600618362,0.010043300688266754,-0.08294347497550306,-0.2360319048166275,0.2188668706266833,1.1146715982990474,0.12868204307794895,0.9181664508135833,-0.5569815635681152,-0.631800651550293,0.3333333432674408
0.6960492992835738,1.158996479678556,0.21389929950237274,-0.404214202086201,1.365730802525909,-0.7881091237068176,-0.5064141180544932,1.7445080000059705,1.3820025209060551,0.24441486597061157,-0.8847832679748535,0.3333333432674408
0.7733769579850153,0.8907878053307313,-2.1644208431243896,-0.12719765457077903,1.0377113249679566,-0.09986477598573601,-0.9512112696532135,1.3381437458501821,0.6310106935507697,0.5783300399780273,-0.8004556894302368,0.5
-1.3985852851617957,0.5101338624954224,-1.5447102292986683,-0.7443199157714844,-0.8784648318538669,-0.3387388288974762,-0.8408981100503014,-1.2493330720032327,1.9883541425638027,0.3111979067325592,1.925522188416104,0.5
-0.590675636678572,-0.08859258970999453,-1.9318753973415153,1.7290629280085394,-0.3174179792404175,1.5475907251518664,1.8321237257819811,0.9543707467177075,-1.0328603257286477,-0.6905476450920105,-1.4750760793685913,0.3333333432674408
-0.3148728311061859,-0.4408404231071472,-1.2053409570875129,1.35127478464511,-0.8378390611015782,-0.3387388288974762,1.6082515050947583,0.6762719416069017,-0.028923334553837776,-0.42341551184654236,-0.37881800532341003,0.5
-0.46642789244651794,-0.6191481351852417,0.28185129165649414,-0.6998776793479919,-0.5344475507736206,-0.13714733798049583,0.5225653557472444,-0.7748813409954666,0.15812282264232635,-0.0895003229379654,0.3801299035549164,0.3333333432674408
-0.2390953153371811,-1.0351994037628174,-0.12586070597171783,-0.8109833002090454,-0.9555132816748922,-0.2825675308704376,-0.4496414477800572,-0.9570005914104465,0.02515380609690173,0.1108487918972969,0.47457556362827463,0.5
-1.269494050241604,0.39189872634856154,-2.0829196657531863,-0.8109833002090454,-0.675076805218403,-0.11405368894338608,-0.07481335801861501,-1.3763924123027307,0.9954622140056576,-1.0912458896636963,1.358078483408902,0.3333333432674408
3.5296773587911243,0.33182618021965027,0.8329207651306374,-0.44149344689960923,1.034577605537756,-1.4059932231903076,-1.5451802164281583,1.079321313540813,-0.7771079540252686,2.392663864344449,0.29580235481262207,0.5
0.1397922784090042,-0.4408404231071472,0.8934193253517151,-0.7887621521949768,-0.6360253075158836,0.11063144356012344,-0.2337444031785998,-1.331656474448817,0.005601228431762244,-1.121546493064162,1.3840835231689361,0.6666666865348816
-1.072648048400879,-0.7380198836326599,-0.8866135707096348,-0.8554255366325378,0.0817987945217923,-1.2178003570320368,-0.1864442276348066,-0.7134352594786284,-1.0888515710830688,-0.6237646341323853,-1.239933870034838,0.3333333432674408
-0.7467756543064208,-0.5597122311592102,1.7312949641439765,0.7855540585591972,-0.04613102599978447,-1.2913152121642681,-0.5006313055728995,-0.3296993659988042,0.5945638418197632,-0.7573306560516357,1.912520832464931,0.5
2.7510276503831874,1.0038492059569337,0.9794636435169132,-0.6776565313339233,0.458376850378452,-0.9075779277575026,-1.6802119411230647,1.2954695641844651,-1.281490472730787,0.37798094749450684,-0.37881800532341003,0.5
-0.9968705177307129,-0.7380198836326599,-0.8022998731398555,0.8179557882388662,-0.6429623365402222,0.33531656861305237,1.1078464597362643,-0.2722669919821297,0.5945638418197632,-0.3566324710845947,0.9704226851463318,0.5
-0.6937604546546936,-0.6339021327892868,-0.06764618772573983,0.29463197330998947,-0.5887049436569214,-0.04651925174021568,0.03918562780428632,-0.7011564716515398,0.5945638418197632,1.0154776530427159,0.4644574522972107,0.6666666865348816
-0.5422053933143616,0.12983731044356772,0.09195273473929093,-0.5187199189110833,-0.01900232955813408,-1.3105736554571763,-0.2574349650557571,-0.41228077948212527,-0.5277130603790283,-1.0244628190994263,-0.9691107869148254,0.3333333432674408
-0.29441151235747426,-0.5832256842906886,-0.397668719291687,3.009404381550797,1.2860845646031822,0.16680273413658142,-0.2342638383530996,1.7739510912208567,-0.5900617837905884,-1.4208735112884228,-1.4750760793685913,0.3333333432674408
-1.165259742812249,-0.5002763271331787,-0.397668719291687,0.6293230488502843,-0.7220266693066073,2.248603759098866,0.5025446099656998,-1.020471384717198,0.0957741066813469,-1.0244628190994263,1.223405361175537,0.5
-0.16331779956817627,-0.5002763271331787,-0.4656206965446472,1.9520672854248358,-0.34454667568206787,0.5737695655224466,1.1157729034443715,1.2259371020072318,0.46986642479896545,0.1446660351356941,-1.4037457137497806,0.5
0.5186799168586731,2.239411411199261,-0.2812699721937557,0.415696845810953,0.6598693310835739,0.36969179619265374,0.5266868233439742,1.4863914053566156,0.39516811836763993,-0.0895003229379654,-0.9691107869148254,0.3333333432674408
0.3282027522606459,1.4984909240662254,-0.397668719291687,-0.6332142949104309,0.36617945498202653,-0.9566229581832886,-0.7029366108879515,0.9060890464374749,0.6492647207049388,0.24441486597061157,-0.9691107869148254,0.5
0.5944573879241943,-0.5597122311592102,0.4177553057670593,-0.8554255366325378,-0.5116379327485306,-0.9121607455788352,-0.32693748261657113,-0.8623969018911158,-0.22699230050408947,-1.0204930925777627,0.6508365085142418,0.6666666865348816
0.5883910556104219,0.27239030599594116,-0.23742087864305159,-0.6407845049672127,0.21358578493775132,-0.22639626264572144,0.11140509313285232,0.5166152799781234,0.15812282264232635,0.4022451164645674,-0.7161281704902649,0.3333333432674408
-0.6179829239845276,-0.5597122311592102,0.3582602906851839,0.16906643180641123,-0.65560502255839,-0.15961170976536596,-0.4800386951731619,-0.5655642260396502,-0.10595652338901373,-1.0912458896636963,0.00848030116158488,0.5
-0.16331779956817627,0.9373901585077541,-2.0553152836103123,0.9917734890511053,-0.12751711905002594,0.9622771029949062,1.6156082636901177,0.9615666120728136,-0.7147592306137085,0.16333257020923525,-1.559403657913208,0.3333333432674408
-0.7695379853248596,-0.4408404231071472,0.14594730734825134,0.8251379238255245,-0.5073188543319702,-0.38365272251403626,-0.731025940212124,0.254705228432814,1.2772720408687048,-0.15628336369991302,0.29580235481262207,0.5
-1.3091546589280034,-0.8568916916847229,-0.2617647051811218,-0.7887621521949768,-0.2089032083749771,-0.5634239912033081,-0.5802266065231426,-0.9684112499193027,1.1331600028056847,0.4447639584541321,0.04281972348690033,0.5
0.29134732484817505,-0.8568916916847229,-0.12586070597171783,-0.6998776793479919,-0.7930595107022802,-1.0022320134445866,-0.8719749231390695,-1.0679614499052117,-0.9641541242599487,-1.0912458896636963,0.6331125497817993,0.6666666865348816
-0.2390953153371811,-0.9757634997367859,1.0562921658781828,-0.7887621521949768,-0.42593276500701904,-0.6757665276527405,-0.0614743076538143,-1.514774858544513,-0.34066691994667053,0.5115470290184021,1.5607155561447144,0.5
-0.9343931056826391,-0.024789171293377876,0.21620878971566446,-0.3436033481705552,-0.6700910329818726,-0.8349392333658869,-0.8528874449641834,-1.5037087517850787,-0.34066691994667053,-0.47643548641300676,1.5607155561447144,0.6666666865348816
-0.2390953153371811,1.5307091019123675,-0.397668719291687,0.6444661389713979,-0.017874219082749554,0.05446016043424606,0.5900893618639986,0.46156172024534586,0.46986642479896545,-0.979351028663417,-0.9691107869148254,0.3333333432674408
-0.46642789244651794,-0.5002763271331787,-0.05790869891643524,-0.8109833002090454,-0.2360319048166275,-0.90045166015625,-0.27667046670849377,0.26803502978248395,0.9686561822891235,0.8163381616904469,-1.0265294478764093,0.3333333432674408
-0.9968705177307129,-0.6785839796066284,-0.8048204381090678,-0.33520800010538976,-0.3174179792404175,-0.3949100971221924,-0.07726041155047766,-1.0147095003340574,-0.33869015401875907,0.6451131105422974,0.5113104889388687,0.5
-0.7695379853248596,-0.024789171293377876,-0.12586070597171783,0.7126288832219552,-0.45239769406176206,0.5175061106934316,0.10757158411467,-0.8434987654107784,-0.028923334553837776,-0.42341551184654236,0.9486180898544522,0.6666666865348816
0.1397922784090042,0.9625423395493192,-0.6015247106552124,-0.5922020083517927,0.6375705457460925,1.0314919325908254,-0.49773970859753575,-0.24304689254213646,0.5322151184082031,1.000990001236421,1.4405227729498946,0.5
-0.5422053933143616,-0.20309685170650482,-0.11220144085946665,1.0831453432315157,-0.5344475507736206,0.16680273413658142,0.45290395663761607,-0.31379146387970325,0.8141396474293798,-1.489774563110634,0.7718685994789759,0.8333333134651184
-0.08754027634859085,1.9623361451968475,-1.356700271047708,-0.8554255366325378,0.20363103970756485,-0.45108139514923096,0.24427393478650766,0.1133846496792694,1.1557023525238037,-0.6905476450920105,-1.137765884399414,0.5
-1.3007022394867334,-0.6785839796066284,-0.2617647051811218,-0.379032122197301,-0.2902892827987671,0.6295197546002237,0.46277602007981733,-0.9574195958057905,0.0957741066813469,-0.014668758700040073,-0.041507821530103683,0.5
-1.0173726095941342,0.3938181542340314,-1.7550997261643069,-0.766541063785553,-0.18177451193332672,-1.3436521134648824,-1.570454576107086,-0.049412401058957944,1.0313135990188338,0.5115470290184021,0.3801299035549164,0.5
-1.3183828045156063,0.39225359826205325,-1.468580441052939,-0.548685213593143,-0.6429623365402222,0.16680273413658142,0.6522656967375622,-1.3712372834668718,-0.9097626465153572,0.37798094749450684,1.3364480114061636,0.6666666865348816
-0.5422053933143616,-0.024789171293377876,1.1842776727381787,1.0629946741996306,0.054165049656600656,0.8927930046848104,1.87079749505035,0.7798098671546477,0.2204715460538864,2.7294572686688925,-0.46314552426338196,0.3333333432674408
-0.8453154563903809,-0.6191481351852417,-0.05790869891643524,2.1655344564584964,1.0767808021574163,0.9532006978988647,0.5898785216251095,0.9350202711238731,0.46986642479896545,-0.0895003229379654,-0.2944904565811157,0.3333333432674408
0.5944573879241943,1.4500524239782855,-0.4656206965446472,-0.3946506938118458,0.19571059680129427,-0.2825675308704376,-0.9120768822719354,-0.007776468185996461,-0.5600266090973923,-0.004256663564686521,-0.1258353590965271,0.5
-1.14468981728186,-1.3455159472314389,0.5759581924137626,-0.8554255366325378,-0.7243484258651733,0.16680273413658142,-0.2990081704374836,-1.4365336050725872,3.6609901345103655,-0.42341551184654236,0.8017675876617432,0.5
-0.2390953153371811,-0.024789171293377876,-0.12586070597171783,0.4521524287324783,-1.0188955664782835,0.9880076965639167,0.48253621869399627,-0.9722323400849726,0.7578596357492877,-0.02271728403866291,1.8722404489885804,0.5
0.5186799168586731,-1.0983013305925748,0.010043300688266754,2.505511914326262,0.3102546677831105,1.7332874168513117,1.1286135524698253,2.389202343800832,0.7604026659696652,-1.0244628190994263,-1.306420922279358,0.5
-0.46642789244651794,-0.7974557876586914,0.07799530029296875,1.774393568078582,-0.4801901578903198,-0.02746935061652999,0.6865487020816917,0.7725246845012382,0.0038423784538492364,-0.1886162957947884,-0.1258353590965271,0.5
-0.6179829239845276,0.8925445898817045,-0.6736457539897909,-0.7180231968856018,0.216261056928946,-1.349821925163269,-1.3153475479289396,0.5988408047190725,1.1972692205578146,1.093908429581266,-0.8004556894302368,0.5
-0.5035227445682291,-0.5002763271331787,0.34980329871177673,-0.7443199157714844,-0.4801901578903198,-0.8442803621292114,-0.7565285214844063,-1.51720336464476,-0.34066691994667053,0.4447639584541321,0.8017675876617432,0.5
1.107109069421406,0.03464672341942787,0.6216112971305847,-0.7887621521949768,-0.15464581549167633,0.48548514264698217,-0.3453433564032193,0.9368462440676482,-0.46536436676979065,-0.41969917123075445,-0.46314552426338196,0.5
0.29134732484817505,0.9841307352953073,-0.19796699335974224,0.44189473489718906,-0.5887049436569214,-0.45108139514923096,-0.3023580653621327,-1.3925698282121581,-0.9018054008483887,-0.957679808139801,2.2745273994552413,0.5
-1.200721240249486,-1.25268843121273,-0.10990395059419147,-0.833204448223114,-0.45306146144866943,1.3284724491279656,0.4458264238481348,-1.30359098633298,1.0933536291122437,0.37798094749450684,1.4012786572466513,0.6666666865348816
-0.7761879668915176,-1.213507056236267,0.010043300688266754,-0.833204448223114,-0.4801901578903198,2.0090153507522044,0.9933904138363291,-0.962795157573594,-0.028923334553837776,0.45564228719661876,0.7174400687217712,0.5
-0.14431934907441457,-0.5597122311592102,0.4857073128223419,1.3092885036720188,-0.561576247215271,1.1217145919799805,1.6372051440035928,0.9207713429750707,-0.6524105072021484,-0.02271728403866291,-1.306420922279358,0.5
-0.2390953153371811,-0.613694730246328,-0.12586070597171783,-0.7050804655205094,-0.6158336400985718,0.05446016043424606,-0.3208865930413997,-0.8500385740786568,-0.34066691994667053,0.7786791324615479,-0.250292719346509,0.5
6.353549003601074,-1.5701223611831665,9.11561107635498,-0.9887523055076599,-1.2940510511398315,14.546651840209961,5.739711284637451,5.3161420822143555,4.896625518798828,9.794388771057129,3.078611373901367,0.0
-0.6179829239845276,-0.3814045190811157,-0.2617647051811218,1.4452303189811322,-0.2360319048166275,0.6723442673683167,1.33865036368108,0.821571466857101,-0.11669619762090183,-0.0895003229379654,-0.9691107869148254,0.5
-0.16331779956817627,-0.7974557876586914,0.010043300688266754,2.0421520009214316,0.04890940225533104,1.065543293952942,0.8563891247847174,0.7813458571039218,-1.0813211122123916,-1.0244628190994263,-0.5474730730056763,0.5
-0.9310689633050189,-0.7380198836326599,-0.62674133456593,-0.6899213882928127,0.47358604780884833,-0.9238630234910641,-1.1516185564156822,-0.8536409574496191,2.1592591962769156,1.6200670252248406,2.7188247129537406,0.6666666865348816
-0.8453154563903809,-0.8568916916847229,0.0851403497504176,0.4386150891970072,-0.4801901578903198,0.33531656861305237,0.8321792515210278,-0.20600643260628065,1.712999293973437,-1.0514913781799886,0.4644574522972107,0.5
-0.24459151317193312,-0.7974557876586914,-0.0038720426886672057,-0.8242438517786267,-0.5073188543319702,1.0026169723789062,0.3067786558167163,-0.7201820275459734,0.9063074588775635,-0.5569815635681152,-0.6049407373093725,0.3333333432674408
0.06401476263999939,-0.2625327408313751,0.07799530029296875,-0.6998776793479919,-0.7098568545883169,1.1370533059303234,-0.019509974867105484,-1.446884688215126,-0.2159694880247116,-0.5569815635681152,1.289502062324943,0.5
0.4666770543583045,1.7411964328631142,-1.0925296567344565,-0.6447681761549369,0.6451563198431004,-0.7269760898573957,-1.1340787388794515,0.8939551035856648,-0.028923334553837776,-0.6905476450920105,-0.8004556894302368,0.3333333432674408
-0.9210929870605469,-0.6191481351852417,-1.0699825282548994,-0.1607337352848098,-0.5887049436569214,13.674455407566258,4.564284404891067,-0.03618779998527399,-0.09127205610275269,0.04406575486063957,-0.7161281704902649,0.3333333432674408
-0.9210929870605469,-0.20309685170650482,0.28185129165649414,-0.6554354429244995,-0.8141120486337259,1.065543293952942,0.3248660042745456,-2.2907071833168327,-1.1027123698291417,-2.0755857230808967,2.4402138741313,0.6666666865348816
0.21556980907917023,-0.6191481351852417,-0.05790869891643524,-0.36200965155696707,-0.5913842960382364,-1.0689655542373657,-0.043006364808864536,-0.2823460278815588,-0.34066691994667053,-0.6237646341323853,0.12714727222919464,0.5
-0.9210929870605469,-0.7974557876586914,-0.5335727334022522,0.05211105963631122,-0.5608951724549474,0.8430539994238003,0.7969948128974594,-0.45884424460438245,1.0933536291122437,-0.49019855260849,0.12714727222919464,0.5
-0.42134198513123255,0.5681221538033966,-0.4656206965446472,0.8175915019511809,-0.6700910329818726,0.2732763711704559,0.111252829445009,-1.2705677227388505,-0.46536436676979065,-0.6364011062497104,2.0796718970254617,0.6666666865348816
-0.8453154563903809,-0.2625327408313751,0.28185129165649414,-0.8109833002090454,0.6124202902926077,-0.05470007607842032,-0.09762509758686326,-0.8338901101657489,0.7192612886428833,-1.0244628190994263,-0.1258353590965271,0.3333333432674408
1.3788682883244716,-0.8383560380178489,0.5536593198776245,-0.6776565313339233,-0.2902892827987671,-1.4059932231903076,-1.8200301507722096,0.1920813253464707,-0.0943851151367335,1.620259952437069,0.29337279439462505,0.6666666865348816
-0.46642789244651794,-0.4408404231071472,1.68341179378483,-0.8109833002090454,-0.6158336400985718,-0.8303203377907291,0.3746953737647146,-0.9525884435868728,0.033425383269786835,-0.2898494303226471,0.6331125497817993,0.5
-0.3148728311061859,0.5909551249621636,0.1034470243466879,-0.8109833002090454,0.5045477871414046,-0.2790224302638809,0.08989294727038862,-0.24833403603448687,-0.9018054008483887,-0.0895003229379654,-1.0133465752478226,0.3333333432674408
-0.6937604546546936,-1.0351994037628174,-0.15020161018391714,-0.29214067789625026,-0.6158336400985718,0.6161730289459229,-0.32134724073111703,-1.3493833735824152,-0.045463970073353024,0.24441486597061157,1.746866892080499,0.6666666865348816
-0.01176275685429573,-0.024789171293377876,-0.397668719291687,0.20347135805638153,-0.7243484258651733,0.5600017309188843,0.48247444345334567,-0.2238633887378954,0.8439587354660034,-0.07212095345498391,0.6502929371234097,0.5
-0.7695379853248596,-0.7380198836326599,0.010043300688266754,2.7291126740359055,-0.2360319048166275,0.3440642717510772,0.14532394813209662,1.167776255468548,-0.6919791126440087,-0.890896737575531,-0.9691107869148254,0.3333333432674408
-1.5932195780509197,-0.024789171293377876,0.4857073128223419,-0.6998776793479919,-0.5915011950307868,-0.6725076136777766,-0.32146937062413716,-1.6217032982408501,0.8430235584011844,-1.0244628190994263,1.376967135681577,0.5
-0.01176275685429573,-0.5597122311592102,-0.12586070597171783,1.977086013867568,-0.23010677739245824,0.1936002133826155,0.7599467472548447,0.7836168938378977,-1.126255446187356,-1.1580289602279663,-0.1258353590965271,0.5
-0.6937604546546936,-0.14366096258163452,-1.4591329884960862,5.713651097731464,-0.3923464432650803,0.2617148038699473,1.1111317047616163,4.629826997423921,0.46986642479896545,0.24441486597061157,-1.306420922279358,0.3333333432674408
-0.16331779956817627,0.6046074608293269,-0.12586070597171783,-0.39868904511859427,-0.597373955543864,-0.0017111222259700298,0.6396495262930435,-1.34952587989255,-1.0888515710830688,0.3111979067325592,1.813698172569275,0.3333333432674408
1.4077373839743492,-0.9757634997367859,1.3001579019288692,-0.7220988273620605,-0.6140131163703432,-0.9566229581832886,0.6140668915938565,-0.9095934019744981,-1.4005951881408691,-1.0912458896636963,1.0547502040863037,0.5
2.1936333697761676,1.1053141696370032,0.21389929950237274,-0.6776565313339233,1.0266579661432351,0.011949531286653915,-0.23633789401008976,1.343941196513362,-0.5131904416283464,0.6451131105422974,-1.3751688353434774,0.3333333432674408
0.06401476263999939,0.7737646702388471,0.599191718758965,1.7739460657255182,-0.34454667568206787,2.1054101658726028,2.105750027366706,1.2535838057890414,-1.345112541327737,0.37798094749450684,-0.9691107869148254,0.3333333432674408
0.4321626883274859,-0.7974557876586914,0.34980329871177673,-0.7294986193337367,-0.7956556549646466,0.28412331424834875,0.1481776802585643,-0.9173589724565809,-0.7147592306137085,-0.3493497919286879,0.29580235481262207,0.6114047124061507
-0.6937604546546936,0.01921386984959892,-0.941284716129303,-0.7887621521949768,-0.19995114382610438,-0.731937825679779,-0.4756876315837099,-0.9972647633593554,0.033425383269786835,0.6452712100513384,0.5114386774389128,0.5
3.4591492891524025,0.07421059713025821,1.4171363036816809,-0.6332142949104309,1.330474239936654,-1.349821925163269,-1.8199190459255352,1.1673900695419948,-0.9018054008483887,2.2138478270717985,-0.1258353590965271,0.5
-0.46642789244651794,-0.08422506600618362,0.28185129165649414,-0.5665509104728699,-0.727018159816389,1.2312053327121704,0.2770242831448984,-1.1462299780543317,-0.028923334553837776,-0.2898494303226471,0.5487849712371826,0.3333333432674408
-1.072648048400879,0.6271866145506351,-0.6971157253024962,-0.6943808943689862,0.8252738803890283,-0.90045166015625,-1.5727728063220108,-0.11860947604764172,2.156401750196345,0.6451131105422974,0.21147480607032776,0.5
1.003927541572726,-0.9757634997367859,0.4857073128223419,1.5433120311965176,-0.2902892827987671,2.802461505405199,1.4831130051905204,0.9589753232626806,-1.309394612952671,-0.5569815635681152,-0.631800651550293,0.5
2.062339830043138,-0.3814045190811157,-0.05790869891643524,-0.8776466846466064,-0.805402455216237,-0.6195952296257019,-0.10623690114068415,-0.6964308836360854,-1.9282944616679012,-1.4934890963372183,-0.12600774250132096,0.3333333432674408
-0.2390953153371811,0.09408261626958847,0.07799530029296875,-0.6332142949104309,-0.5887049436569214,0.8427051277561398,0.6633046244679796,-1.9588522037708185,-0.4030156433582306,-1.3121514584633005,2.5160934779397004,0.6666666865348816
-0.46642789244651794,-0.4408404231071472,-0.05790869891643524,0.016725017350855704,-0.05734550449395344,-0.0578824058175087,-0.17285117751167425,-0.5383637456136178,-1.0908785403999302,0.711484335735204,-0.1258353590965271,0.5
1.105931210316541,0.09408261626958847,0.8254672884941101,-0.544329822063446,1.5110796987562813,-0.22639626264572144,-1.234730313521303,1.1157951251277385,-0.03858156278567774,1.3287052983820777,0.3801299035549164,0.5
1.0987967206515357,1.4101828524165407,-1.1854026621356846,-0.7220988273620605,0.7225766486912262,-1.349821925163269,-1.4635150174786757,0.6879404327417672,-0.15362077951431274,-0.08189093350964481,-0.8847832679748535,0.5
1.23710245552043,1.2225353258088927,-1.5378092791506637,-0.7220988273620605,1.0231935328756099,0.05446016043424606,0.46309281681181913,0.6913546449561009,-2.0649143746610594,0.7802099662150662,-1.0534383058547974,0.3333333432674408
0.26563910770566823,-0.14366096258163452,0.14594730734825134,0.8330998020008924,-0.6693361656450407,0.4476591646671295,0.9017850762270603,-0.4413604725007464,-0.5900617837905884,-1.5538642600159607,1.5607155561447144,0.5
-0.6937604546546936,-0.8516488985882275,-0.8699957461679031,-0.8554255366325378,-0.45306146144866943,0.2791453003883362,0.05355336640938027,-0.8639119520561679,0.4016984163354903,-1.0244628190994263,-0.37881800532341003,0.5
4.4720047609350395,-0.14366096258163452,1.6547656414314267,-0.4998875558376312,0.7427175012459901,-0.3949100971221924,-0.8030842654129852,1.6502186521125126,-0.46536436676979065,1.5437440023489508,-0.2788906500853567,0.5
-0.38451525681720616,-0.4408404231071472,-0.04731130226444043,0.09168519893981905,-0.23726205450146828,0.9892406343857522,1.1743102502668195,0.6108410846623454,-0.028923334553837776,-0.42341551184654236,-1.791086224319025,0.3333333432674408
-0.01176275685429573,-0.6785839796066284,-0.2617647051811218,-0.4998875558376312,-0.9511176148911009,-0.22639626264572144,0.5046907775361457,-0.9212267526313614,-0.9871884507424171,1.2716872980524603,0.7174400687217712,0.5
-0.9210929870605469,-0.5002763271331787,-0.12586070597171783,-0.7887621521949768,-0.7804601239772506,1.6142626140327567,0.2659108826985564,-1.834639004155525,0.3409422006607317,-0.42030880483549693,1.8884175290597627,0.5
0.4010465751255822,-0.6228627177416504,0.27969493434304427,-0.6554354429244995,-0.6229154483863791,-0.40695644302786466,0.44281404398282287,-0.5823667382008307,-1.282485929517709,-0.6788652907435972,-0.041507821530103683,0.5
-0.5422053933143616,-0.5002763271331787,-0.46495343133675504,-0.5426458538894414,-0.39880406856536865,-0.045083924863130787,-0.49951210009572145,-1.3778862754934693,-1.5117551138697591,0.04406575486063957,0.3801299035549164,0.6666666865348816
-1.036140342220245,0.491245731405733,-0.4656206965446472,-0.23721913710739603,-0.15464581549167633,-0.33026240759508796,-0.48678036966734195,-1.1206937698036157,-0.34066691994667053,0.3111979067325592,0.7746704072231299,0.3333333432674408
-0.8453154563903809,0.09196347545533083,-0.5335727334022522,-0.5034619589308027,-0.5073188543319702,-1.2604382931327933,0.1569924624675404,0.09115353900719232,1.1704222145171364,-0.4196379984113321,-0.631800651550293,0.3333333432674408
-0.3148728311061859,-0.9757634997367859,1.5915549530147222,0.38973243252048695,-0.34454667568206787,-0.2825675308704376,0.21829784528646817,-0.10674734271568033,-0.7771079540252686,-0.5569815635681152,0.004416308188496719,0.5
0.06401476263999939,1.492211517995505,-0.941284716129303,-0.6109932065010071,0.6867099894231906,-0.8442803621292114,-1.516416690586612,0.29098778601837266,0.0957741066813469,-0.15628336369991302,-0.1258353590965271,0.5
2.329531959497783,-0.14366096258163452,0.6445515370166686,-0.7220988273620605,-0.048125835117711874,-1.1926571938440125,-1.6616848304753675,0.6119680996845381,-0.4030156433582306,2.130195550677091,0.3801299035549164,0.6666666865348816
-0.43668988675058845,-0.3814045190811157,-0.2617647051811218,0.6353391546619974,-0.8328632116317749,0.8040443760205485,0.6199727416658084,-0.7734673069520671,0.5322151184082031,0.5115470290184021,1.392060399055481,0.5
0.9433278367107851,-0.5002763271331787,0.6895633339881897,-0.5379303772543217,0.1804084668437465,-0.17022497951984406,-0.5890081397232829,1.1552260265058891,1.3887544435724875,1.0975418622849604,-0.041507821530103683,0.5
0.4540180017762869,-0.024789171293377876,0.14594730734825134,-0.6554354429244995,3.3179834400374437,-1.1604896944835568,-0.8901034215504847,1.414365298011741,-0.46536436676979065,6.59253968614755,-1.4750760793685913,0.3333333432674408
-0.3148728311061859,1.5995971606324901,-1.755029719519096,-0.6627530779823004,-0.15464581549167633,-1.0775769379897664,-1.7202507889205638,0.028245901257250787,1.3427485227584839,-0.15628336369991302,0.29580235481262207,0.3333333432674408
0.8217899799346924,-0.5478653377681539,0.4598809108662996,-0.8554255366325378,-0.5073188543319702,-0.8442803621292114,0.390029973056947,0.06249216736935893,-1.2666794355906494,-0.5569815635681152,-0.5893037615981416,0.3333333432674408
0.5355182370491044,-0.08663331570557861,-0.10198560208432156,0.4550615406504287,-0.4801901578903198,-0.0578824058175087,0.12880366892632278,0.00846032181030171,-1.2167859093584024,-0.02271728403866291,0.21147480607032776,0.5
-1.5664992524805212,-0.8568916916847229,-0.2931698680841849,0.46802296472529653,-0.3174179792404175,0.05446016043424606,-0.2405230771214464,-0.2910413230958073,-0.2783181965351105,-0.8241137266159058,-0.8412256266832773,0.3333333432674408
0.13906264309927552,-0.9163275957107544,0.14594730734825134,-0.8058272731205544,-0.1267256037302234,0.05446016043424606,0.006846785202306697,0.4272829813430102,0.3417797093964071,0.22580859510071316,-1.2220934629440308,0.3333333432674408
-0.5900769005492257,-0.024789171293377876,-1.390976520749741,-0.6776565313339233,0.2967586470159116,1.4804596012919182,1.4357723338885429,-0.295382076161845,-1.0888515710830688,-0.48103225529665494,-1.337121180638627,0.3333333432674408
-0.39065036177635193,-0.2625327408313751,-0.08051540020026313,-0.07206734694141038,0.7720963034985101,1.8999776784941254,1.7570957012426653,-0.10097282343889824,-0.028923334553837776,-0.8387272719383101,-0.37881800532341003,0.5
-0.6937604546546936,-1.0620485975763958,-0.5335727334022522,0.4807918459144653,-0.2631605863571167,-0.45108139514923096,0.9935661134659409,-0.29656733058631907,1.3427485227584839,0.1108487918972969,1.0008592879179257,0.6666666865348816
-0.25658770648943313,-0.8568916916847229,-0.2617647051811218,1.2558703779816873,-0.2089032083749771,-0.7814091904510437,-0.06929629058216118,0.4055075278115951,-0.028923334553837776,-0.3566324710845947,-0.2944904565811157,0.5508030892285808
-2.494254286169853,-0.5597122311592102,-0.941284716129303,-0.7887621521949768,-0.5887049436569214,-0.03735079543306791,-0.4784373574341304,-1.2816180405364834,1.6092451893015385,-0.6905476450920105,0.22193137200779472,0.5
0.15195036811818027,-0.6356737812576574,-0.5335727334022522,1.2453251887537167,-0.34454667568206787,0.9532006978988647,1.751641954397882,0.9015963985984048,-0.5277130603790283,-0.22306638956069946,-0.9691107869148254,0.3333333432674408
-1.2873359232980626,-1.256800851986678,-0.05790869891643524,-0.04331932118439098,-0.18177451193332672,-0.25751610882374737,0.03930156350478333,-0.6725079130404827,1.3189038611824027,-0.3566324710845947,0.1619887555805534,0.5
-1.581601554949736,0.11274065055015309,-1.7505876721116413,-0.6776565313339233,-0.5133717554593503,0.33531656861305237,0.041722533925108225,-1.7306348108929044,0.5322151184082031,-1.4942089752300038,1.3627232302775805,0.5
0.5186799168586731,-0.020666834779527053,-0.2617647051811218,0.8750287947163014,-0.4801901578903198,-1.2061144335005134,0.006038898919042987,0.46290410282606753,-1.026819886807966,-0.890896737575531,-0.631800651550293,0.3333333432674408
2.709401362484301,1.0630719838994145,0.4177553057670593,-0.5665509104728699,0.965212868815715,-0.4931654230972019,-0.52168619602398,1.9191609700370016,0.9007723004992293,-0.22306638956069946,-0.9691107869148254,0.3333333432674408
0.3026151455999043,-0.2625327408313751,0.07799530029296875,-0.7887621521949768,-0.2360319048166275,-1.0127942562103271,0.13226457815867776,-0.9017099021003003,-1.6053488544825283,0.17763182520866394,-0.1258353590965271,0.3333333432674408
-0.01176275685429573,2.515967419325024,-1.9795418251765544,-0.6460590078239359,0.9571873415101324,-1.349821925163269,-1.5617280875186355,0.4103265263391281,0.8439587354660034,0.17763182520866394,-0.8804291871946374,0.5
-0.5422053933143616,-0.6191481351852417,-0.8252227945458006,1.3951365723898084,-0.4801901578903198,-1.2936506271362305,0.5511404131997208,0.7643415059565658,-0.2783181965351105,1.2031932956940978,-1.0088036929278446,0.5
-0.08754027634859085,0.5523163604311512,0.8934193253517151,-0.8554255366325378,-0.38558473163939583,-1.6105856389867774,-0.3520892119907164,-1.2312092377641501,-1.3443564173306248,-1.2132183587972665,-0.1258353590965271,0.032321747245311304
0.29134732484817505,0.779405914420137,-1.9676857969860877,-0.7220988273620605,0.3793791764076642,-1.3020245352781976,-1.7240672197525475,0.09013170456337957,-0.4030156433582306,0.1108487918972969,0.41311540521012413,0.5
-0.46642789244651794,0.5101338624954224,0.010043300688266754,-0.6998776793479919,1.302944387513173,-1.1813081502914429,-1.2675527377108289,0.5570064517750971,0.19591131453112043,2.1639368087366138,-0.8847832679748535,0.5
-0.8453154563903809,1.6058636943230296,-1.9077088355005447,-0.7443199157714844,2.366519218981803,-1.2997213089883004,-1.6617883341703796,0.3987910986998231,1.8657508458203251,-0.02271728403866291,-0.2944904565811157,0.1666666716337204
0.01749923747336787,0.1916200348113375,-0.14532096799404448,0.7765862712987371,-0.7243484258651733,0.3970719729876788,-0.25505658672033954,-1.1084559970192598,-0.8208240985404356,-1.4517291874422353,1.966168123653288,0.6666666865348816
-0.3148728311061859,-0.3814045190811157,0.21389929950237274,3.0175338415061552,-0.2902892827987671,0.33531656861305237,1.2027874977907773,1.9688022162786454,-1.0265028476715088,0.04406575486063957,-1.5356715587074348,0.3333333432674408
-0.16331779956817627,-0.7974557876586914,0.14594730734825134,-0.7443199157714844,-0.5887049436569214,-0.65678039964342,-0.6239122562970072,-1.3234645037178798,-1.151200294494629,-1.0244628190994263,0.490606102637574,0.5
0.4429023563861847,-0.08422506600618362,0.6895633339881897,-0.4998875558376312,1.0732755986362286,-0.9566229581832886,-1.5092776561224697,0.698701431507441,-0.2159694880247116,0.7118961215019226,1.30809830470175,0.6666666865348816
0.37812392254792615,1.3416275497967924,-0.5335727334022522,-0.6381605627384752,0.786353148635992,-1.2570067551056563,-1.5874457441484233,0.6968225084350056,1.3427485227584839,0.7118961215019226,-0.2298665109000045,0.5
0.6314051344056245,-0.024789171293377876,1.3169440253251514,-0.8109833002090454,-0.2089032083749771,-0.45108139514923096,-0.7503967803985663,0.5624869266139866,0.033425383269786835,0.7008205575980986,0.4644574522972107,0.3333333432674408
-2.1668584031873523,-0.3814045190811157,-0.6694766879081726,0.882064380141485,-0.18177451193332672,0.2229740172624588,0.7197875014621699,0.031328793847880086,2.2852978415160234,-0.22306638956069946,0.4376042182926777,0.5
0.06401476263999939,-0.2625327408313751,1.1502331547458642,0.17336558502348112,-0.6700910329818726,0.39148786664009094,0.3014926280173477,-0.5273857346021916,0.11177241185912015,-0.3566324710845947,0.8910386197269418,0.6666666865348816
-0.46746925160005154,-1.094635248184204,-0.04490158149635566,-0.7814850802770789,-0.45275057707254224,-0.7660731340495309,-0.42953040810674603,-0.5219913147138644,-0.3482102967981937,-0.14902337048156558,-0.8847832679748535,0.5
-0.39065036177635193,-0.08422506600618362,-0.19381269812583923,-0.6554354429244995,0.5562957478081487,-1.237479329109192,-0.7012322564607311,0.8899945037300903,2.166026818297468,0.6598050465285332,-1.202359406684347,0.5
-0.01176275685429573,0.7879102458918423,-0.5335727334022522,-0.7220988273620605,0.5399255037692723,-0.3387388288974762,-0.4222186379492484,0.7152646083754526,0.5945638418197632,0.7786791324615479,-1.306420922279358,0.3333333432674408
-0.6179829239845276,2.752774888150595,-2.148908874269896,-0.4998875558376312,0.5999966051739706,-0.8442803621292114,-1.2366340540246339,-0.32311354528871417,1.9644927462698225,0.24441486597061157,1.9011010326050841,0.1666666716337204
2.0852642874250504,1.3448055057937562,-0.05790869891643524,-0.7573928381410368,0.3935059437423491,-1.3883298884143482,-1.6865582253331064,1.1180004597579638,-0.15362077951431274,-0.44232369680182915,-0.9691107869148254,0.3333333432674408
-0.9210929870605469,-0.5597122311592102,-0.12586070597171783,-0.35207180360559354,-0.37167537212371826,0.7647184710023072,0.5658889074879694,-0.19104184723818438,0.5326949710870232,-0.7573306560516357,-0.631800651550293,0.5
-0.6179829239845276,-0.8568916916847229,0.010043300688266754,-0.7887621521949768,-0.6429623365402222,1.4344727930183707,0.277622336505403,-1.4533075290888648,1.6506225646033321,-0.6905476450920105,1.5607155561447144,0.5
-0.01176275685429573,0.09408261626958847,-0.6715260631012172,-0.8109833002090454,0.3377215997708025,-0.5833966589632733,-1.667465225807887,0.22329688591113772,0.15812282264232635,0.7118961215019226,-0.8847832679748535,0.3333333432674408
-0.2390953153371811,-1.094635248184204,0.21389929950237274,-0.5152975563634019,-0.5887049436569214,-0.6195952296257019,0.5073842559125274,-1.0088055963800064,-0.028923334553837776,-0.2898494303226471,0.7182869708059514,0.5
-0.8453154563903809,-0.3814045190811157,-0.4656206965446472,1.3282041713558685,-0.23353681467503548,0.3997309046398838,0.2965880587418871,1.165489262490168,1.8767248278258046,1.9020275688567916,-0.1900626519877109,0.5
-1.224203109741211,-0.8568916916847229,-0.8053807020187378,-0.5322162667834276,0.03720494800468409,-1.2936506271362305,-0.7459340558913979,-0.2483331601745297,1.028242373768833,-0.49019855260849,-0.1258353590965271,0.3333333432674408
-1.0877306608491548,1.4839378413951714,-0.8053807020187378,-0.6998776793479919,-0.015546093108959439,-0.39379181643123323,-1.307062385008812,-0.12219254175287445,1.3475236726721773,1.494130733003412,0.3801299035549164,0.5
0.22195711158719902,0.27239030599594116,-0.3297167122364044,1.1355954068466783,0.501320588530048,0.5600017309188843,1.3485043199494866,0.5991501826158061,-1.4005951881408691,0.7118961215019226,0.29580235481262207,0.5
-0.3148728311061859,2.1168390717056647,-2.104539810377093,-0.7443199157714844,-0.2631605863571167,-1.0127942562103271,-1.7103145686018146,-0.24832397472910492,1.3427485227584839,-0.22306638956069946,0.3801299035549164,0.5
-0.39065036177635193,0.21295440196990967,-0.03957728862479235,0.26425852413959605,-0.697219729423523,1.7514299291922313,0.4578270756353272,-1.3224390421397298,-0.7771079540252686,-1.0912458896636963,1.6450430154800415,0.6666666865348816
-0.16331779956817627,-0.6191481351852417,0.8254672884941101,-0.10698738324005559,-0.12751711905002594,0.4476591646671295,0.9320265140525095,0.012796660200846431,-0.9018054008483887,0.37798094749450684,-0.2101629078388214,0.5
0.5944573879241943,-0.024789171293377876,0.9188888661943273,-0.5538644294847046,0.3224055053422866,-0.8442803621292114,-1.151571408804945,0.666037252064453,0.9686561822891235,1.409660873254077,1.1390777826309204,0.5
-0.7695379853248596,1.7250491116873792,-1.5662060068502415,-0.8083725308451413,-0.31218181943038076,-0.9566229581832886,-0.0292442964458225,-0.6615842672813611,-0.34066691994667053,-1.0244628190994263,-0.40593598544149095,0.1666666716337204
-0.3148728311061859,-0.5597122311592102,-0.397668719291687,0.5247613184780591,-0.2360319048166275,0.07158078517141334,1.2997591376666222,-0.18566373636317166,-0.19345315606586994,-0.7573306560516357,0.04281972348690033,0.5
0.612377781922351,2.0479422973009886,-0.397668719291687,-0.6998776793479919,0.9882649291782625,-1.2936506271362305,-0.33940374396812967,0.43103666103675137,-1.5917947893526743,0.9839961808975767,-0.7161281704902649,0.3333333432674408
-0.6937604546546936,-0.5691796226265738,0.34980329871177673,-0.833204448223114,-0.20321161869506896,-0.22639626264572144,-0.46059211588365706,-1.6668281911494995,-0.27660541760156165,-1.0244628190994263,1.6450430154800415,0.6666666865348816
-0.5422053933143616,-0.08422506600618362,-0.4656206965446472,1.895157035623444,-0.18177451193332672,-0.5634239912033081,0.6814871494775494,1.4266254718511762,1.6334442467379606,0.146910508193974,-0.8847832679748535,0.3333333432674408
-0.9210929870605469,-0.7974557876586914,0.6064729133046811,-0.8776466846466064,-0.45306146144866943,1.1297978026354383,0.9865903906961865,-0.48428546861116073,0.7192612886428833,0.24441486597061157,-0.8004556894302368,0.5
-0.8453154563903809,-0.6191481351852417,-0.4656206965446472,-0.27614860640168437,-0.4801901578903198,1.7183128187015337,0.30624350526218547,-1.3088582009961884,0.9202290830445496,-0.22306638956069946,1.2458857311579337,0.5
1.5635748564970464,-0.3814045190811157,1.5430009275327172,-0.41811235940563607,-0.3670751041731143,1.1217145919799805,0.9433216104416345,-0.47048430047541173,-1.7164841396004578,-0.3905758505185298,1.5607155561447144,0.5
-0.8453154563903809,0.5263708256487375,-1.8335989594034814,-0.8776466846466064,0.4831909301201892,-0.3387388288974762,-1.4457059488784554,0.175659526027602,2.4349275177881995,0.9122452139854431,-0.631800651550293,0.5
-0.3148728311061859,-0.6959383855090908,-0.397668719291687,-0.21619880259596075,-0.5887049436569214,1.065543293952942,0.5820191874773846,-0.4099310174845866,-0.2159694880247116,-0.975391469127462,-0.041507821530103683,0.5
0.5944573879241943,-0.6785839796066284,0.010043300688266754,0.30037880203406997,-0.6158336400985718,-0.2825675308704376,0.6251702890618686,-0.1784316819855874,-0.9982079911133447,-0.5569815635681152,-0.0010045997947627575,0.5
-0.08754027634859085,-0.6445286431830813,-0.12586070597171783,0.5877209243188063,-0.5073188543319702,0.6723442673683167,0.18031958063873096,0.8891609354315492,0.9686561822891235,1.0395903819135575,-0.8004556894302368,0.6666666865348816
-0.3148728311061859,-0.5597122311592102,0.07799530029296875,0.39556139159408976,-0.6700910329818726,1.6526599944028182,0.7074689152882455,0.1890278163157828,1.8366599918535709,-0.7573306560516357,0.19593828893852183,0.5
0.21556980907917023,-0.6191481351852417,0.010043300688266754,0.4160312525837626,-0.3199029201969993,-0.3949100971221924,-0.5245340962626592,-0.7466288287868011,-1.0265028476715088,-0.6905476450920105,0.9704226851463318,0.6666666865348816
-0.39065036177635193,-0.5002763271331787,0.07799530029296875,-0.8776466846466064,-0.34454667568206787,0.16680273413658142,0.9305872827049498,-0.4772176261369458,-0.5032813639218366,-0.49019855260849,-0.9691107869148254,0.6666666865348816
-0.16331779956817627,-1.1366150653528284,0.28185129165649414,-0.8776466846466064,-0.5073188543319702,1.2053028372261174,0.10447004794726271,-1.4817866073705066,-0.2159694880247116,-0.42341551184654236,0.9704226851463318,0.6666666865348816
0.29134732484817505,-0.7411757510082244,0.14594730734825134,-0.8109833002090454,-0.18177451193332672,-0.3387388288974762,0.6643977895742912,-0.8241220007626955,0.46986642479896545,-0.49019855260849,0.21147480607032776,0.5
0.21556980907917023,-1.143531253176359,2.1855962007236243,0.25851601935822927,-0.561576247215271,1.7550361069387392,1.375182730125367,0.22207782569985893,0.18522721011616192,-0.3566324710845947,-0.13633425661656678,0.8333333134651184
2.232676557158234,-0.024789171293377876,4.124181048914984,-0.42991674104178706,0.6034413462858714,-1.4059932231903076,-1.7316464886711878,1.3370167691286754,-0.028923334553837776,1.6106861948272648,1.0547502040863037,0.5
-1.8914464758725442,1.2363380822481436,-1.3013481350304033,-0.8109833002090454,-0.42593276500701904,-0.17022497951984406,-1.0213321020282269,-0.32237871158418624,2.609434693638453,0.04406575486063957,1.1390777826309204,0.3333333432674408
0.5186799168586731,0.028845414913465532,0.010043300688266754,-0.6998776793479919,0.7169832962297166,-0.9566229581832886,-1.272770990830171,0.7377990571618428,0.2367766545599225,0.9644987066141022,-0.8847832679748535,0.5
2.1745404483508635,1.1832854904149823,0.258153435961194,-0.6776565313339233,0.7363933637097723,-0.731937825679779,-0.9052512688224279,1.261266834738053,-0.34066691994667053,0.7118961215019226,-0.1258353590965271,0.6666666865348816
0.06401476263999939,2.3729179798820006,-1.4009109621261482,-0.6554354429244995,0.4976975679076071,-0.8442803621292114,-1.0255442734833207,1.0992911708623478,1.6467407362129831,-0.08338243315126823,-0.9691107869148254,0.3333333432674408
-0.6179829239845276,-0.20309685170650482,0.9846044846016095,0.5352416163976987,-0.666240380233934,0.5684241231580491,1.2642831840730513,-1.0642865706977556,-0.9641541242599487,-1.4329045930453743,1.367840663229393,0.5
-0.08754027634859085,1.9822456663219798,-0.8031854105135577,-0.6332142949104309,1.0772129033531113,-0.8442803621292114,-0.8049521487277582,0.7988061195665527,0.5945638418197632,0.004868503867413974,-0.631800651550293,0.3333333432674408
0.6702349185943604,2.9404675784508765,-1.568825242793995,-0.6998776793479919,0.5427518190529157,-0.731937825679779,-1.2747862406698243,0.6265050482948327,0.2577308944285379,-0.15628336369991302,-0.1258353590965271,0.3333333432674408
2.5259211254021476,0.21295440196990967,0.5536593198776245,-0.18106751501216212,1.2007350026197974,-1.1251368522644043,-1.3328088323985523,1.033216118812561,-0.6524105072021484,0.5783300399780273,0.2446417714442393,0.5
-0.16331779956817627,-0.5597122311592102,1.5118651091094994,-0.1235271378804107,-0.12155695679445742,0.7846868634223938,1.1318538908442581,0.037294662763567146,-0.34066691994667053,-0.02271728403866291,-0.7161281704902649,0.3333333432674408
0.5937463943078781,-0.4408404231071472,1.1595532417800039,-0.5155269139671269,0.5268523290345202,-1.1813081502914429,-1.6112574153843982,0.8649304646965663,-0.028923334553837776,0.1303500892394827,-0.37881800532341003,0.3333333432674408
2.5075318011545225,-0.14366096258163452,0.7792012134320885,1.1296285963350159,-0.7243484258651733,-0.22639626264572144,0.28722292214647976,0.6026289235469281,-0.6202907253545218,-0.890896737575531,1.223405361175537,0.3333333432674408
0.1476416885920015,-0.9163275957107544,-0.12586070597171783,-0.16995396477406874,-0.2342614508924095,-0.7821236196866891,-0.19346435601851916,-0.06127477504195498,-0.16613699796837886,-0.5108710013657214,-0.15767446147593078,0.5
0.21556980907917023,-0.3422971445219228,0.6216112971305847,1.4255688592193394,-0.6429623365402222,1.3245374910192826,1.7415424811140496,0.6498535928153524,-0.7147592306137085,0.7311921569181957,-0.056760961301664414,0.5
-0.6179829239845276,2.6424123231996752,-2.1302623842805093,-0.6332142949104309,-0.04613102599978447,-0.23794602089167452,-0.4794314367872653,-0.7569409841464617,1.1557023525238037,2.7086863268315486,2.099106690468475,0.6666666865348816
-0.5422053933143616,-0.4523042170802307,-1.624313975978865,1.8355526429225282,0.062383756041526794,0.8892225128077454,1.1413743911222665,0.9192432893385629,-0.2783181965351105,-0.5569815635681152,-0.8847832679748535,0.3333333432674408
-0.08754027634859085,-0.6191481351852417,0.14594730734825134,1.3352450937345597,-0.39880406856536865,2.0339295780179434,0.3094358092784197,0.5955076541515328,-1.151200294494629,0.5115470290184021,-0.46314552426338196,0.5
0.1397922784090042,-0.2625327408313751,-0.397668719291687,-0.766541063785553,-0.2089032083749771,-0.03780597007179235,1.0289950781673163,0.11091249739551262,-0.7771079540252686,-0.890896737575531,-1.0534383058547974,0.5
-0.5422053933143616,1.1126327726946477,-0.8530572605544714,-0.6736465635025013,0.08470390269819143,-0.0578824058175087,-0.5845768531347076,-0.3382572472042906,0.9686561822891235,-0.02271728403866291,0.12714727222919464,0.6666666865348816
-0.9968705177307129,-0.7137105578322269,-0.05901565041793386,1.0594184098863517,-0.5344475507736206,0.22853086826752864,0.623197052583842,0.4807278905712549,-0.46536436676979065,-0.22306638956069946,-1.137765884399414,0.5
0.7518970645797937,0.09408261626958847,1.1652272939682007,-0.7220988273620605,0.5778290033340454,-0.7159103826114153,-0.7228467793303758,0.8094313960478974,0.7605273338171911,0.7118961215019226,-0.46314552426338196,0.3333333432674408
0.7778853447974122,-0.7380198836326599,0.6895633339881897,1.469947753495403,0.017593343953108593,1.4940702495152984,1.0407516333848594,1.7646260934568323,-0.2783181965351105,0.04406575486063957,-1.137765884399414,0.5
-0.39065036177635193,-0.47485486536354204,-0.19381269812583923,1.1712391681688228,-0.2902892827987671,1.4755459868311769,2.19831956220345,0.7946924634667303,-0.028923334553837776,-0.6237646341323853,-1.137765884399414,0.5
0.1397922784090042,1.7474271002455344,0.14594730734825134,1.0073048654876884,-0.22276674488784792,-0.3387388288974762,0.7264869917559839,0.6935096891186505,-0.5277130603790283,-0.15628336369991302,-0.9358337976107513,0.3333333432674408
-1.448950106526228,-0.6191481351852417,-0.8053807020187378,-0.42525571695845354,0.22684827785774306,-0.03355343450957182,0.32106250486333426,-0.7264059119065405,0.46986642479896545,-0.43715575944140506,-0.5474730730056763,0.5
1.4806862160098861,-0.621974085359936,1.4904487398026693,-0.03416661874296571,-0.9318186288469966,0.6161730289459229,0.5174618891237462,-0.8588706393629884,-1.0265028476715088,-1.3429184192541657,0.8803373919586563,0.6666666865348816
1.9302807386107996,-0.25953260563874414,2.3856417824503273,-0.6998776793479919,0.7700344784936605,-0.5634239912033081,-1.3283733589586462,0.8071949858827978,-0.4030156433582306,1.3214084375607082,0.7174400687217712,0.6666666865348816
3.4470763228274888,-0.518906552586321,1.2694894121574098,-0.8109833002090454,-0.05423429662219657,-0.3694754020678528,-1.081631042598521,1.2485134272022527,-0.7147592306137085,2.3991654432388647,-0.7161281704902649,0.5
0.8945952332253075,-0.2625327408313751,0.3935139427051958,2.021081829276199,-0.8783381501008461,-1.4806250584323004,-1.1645480489819693,0.23896554111828502,-1.6891955417899691,-0.9740900393863619,0.7555436655110959,0.3333333432674408
-0.5441382642411667,-0.7139089510903984,-0.12586070597171783,-0.7899689965779735,-0.5407671636604293,0.6874115706849365,0.014558572291901738,-1.7610387048417067,-0.2159694880247116,0.5783300399780273,1.9106695925297499,0.8333333134651184
-0.01598487765634546,-0.8568916916847229,1.1652272939682007,-0.8554255366325378,-0.34454667568206787,1.5933320800930242,0.8373620520274503,-0.9856085649983867,-0.028923334553837776,1.7034703084492633,0.29580235481262207,0.5
-0.2390953153371811,2.6830988287272475,-2.1644208431243896,-0.544329822063446,0.3081185379900656,-1.4059932231903076,-1.7204212404087087,0.3760586355261613,1.2265120360922719,0.2980296010173882,-0.1258353590965271,0.1666666716337204
1.5052564905057555,1.0789596422296888,1.4433410070235242,-0.6332142949104309,0.5824596964936118,-0.7881091237068176,-0.6864116683044772,0.7396099013965496,-0.15362077951431274,0.04406575486063957,-0.8847832679748535,0.3333333432674408
-0.9210929870605469,-0.5953466669187754,-0.12586070597171783,0.6126433957989175,-0.37167537212371826,1.6104158958185502,0.2907070642500638,-0.5074210822104108,-0.6253799004933727,0.6451131105422974,0.9704226851463318,0.5
-1.224203109741211,-0.9163275957107544,0.21389929950237274,-0.6298980476925139,-0.7049892257202378,-0.2729274074938327,-0.24675823648861236,-1.7326344889345153,-0.34066691994667053,-0.7573306560516357,1.5080272833628792,0.6666666865348816
-0.01176275685429573,-0.9757634997367859,0.4857073128223419,-0.7443199157714844,-0.6700910329818726,0.2104163640597172,-0.946582100307559,-0.6590369797064156,-0.34066691994667053,-0.42341551184654236,-0.2640151711267841,0.5
-0.7695379853248596,-1.1732024189727883,-0.19381269812583923,-0.17250262348436146,-0.45306146144866943,0.22371367577445433,-0.08372218358105976,-0.8645395179074296,0.9777985426412601,-0.5569815635681152,1.016751378322409,0.5
-0.6937604546546936,-0.9547723509340166,-0.05790869891643524,-0.8554255366325378,-0.7178860599601216,-0.3949100971221924,-0.019509974867105484,-1.0478685243697163,0.0957741066813469,-0.957679808139801,-0.37534189858647765,0.5
-0.07980747254792826,-0.9163275957107544,-0.09802478585196146,-0.6776565313339233,-0.44349880947611775,0.0015122159141976411,0.48897152209363776,-0.9654564923378719,0.5732670296605112,-0.22306638956069946,0.6477754963167031,0.5
-0.5936815849813885,-0.4408404231071472,-0.397668719291687,0.5364406514065009,-0.5756568249884025,1.4991920188804475,1.18497525627247,-0.21364742565565129,0.7816100120544434,-0.890896737575531,0.29580235481262207,0.5
0.21556980907917023,-0.7380198836326599,0.21389929950237274,0.4972027843728869,0.3167095762543401,0.48522953602046853,0.36811002807975746,0.6166914170952726,1.3367965820658156,-0.3566324710845947,-0.7161281704902649,0.5
0.06401476263999939,-0.8568916916847229,0.4857073128223419,2.3602589606512128,-0.2089032083749771,2.171916612785781,1.0477432762043626,1.6554750650336725,0.46986642479896545,0.04406575486063957,-1.1147096657287403,0.5
-0.6937604546546936,-0.20309685170650482,-0.2617647051811218,-0.6998776793479919,-0.45306146144866943,-0.45108139514923096,0.27128517286637527,-0.6394797862346002,0.4075177013874054,0.3111979067325592,-0.631800651550293,0.5
0.4429023563861847,0.09408261626958847,1.3827458902251974,0.14403421793304488,-0.37167537212371826,0.6723442673683167,1.2936063193655087,-0.3263500397097339,-0.4030156433582306,-1.1580289602279663,0.12714727222919464,0.5
0.36712485551834106,-0.6803779448501732,0.010043300688266754,0.1944922983891904,-0.45306146144866943,1.3109907955779099,0.7283730384212348,0.0009942204253311979,0.0957741066813469,0.8062918618257934,0.21147480607032776,0.5
0.1397922784090042,0.6314983470561824,-0.04973167415192268,-0.8109833002090454,0.09225639813103485,-1.119823818217514,1.4574327148399102,-0.19887651858550293,-0.7771079540252686,1.1253895788710089,-0.8847832679748535,0.3333333432674408
-0.06117847509275229,2.6978564459076595,-1.1847450355009472,-0.7887621521949768,1.5795577283061046,-1.356567748091979,-1.5434748482310057,0.4521570227756056,1.418473922475895,-0.8241137266159058,-0.5474730730056763,0.007665651174325785
-0.9210929870605469,-0.3219686448574066,0.34980329871177673,0.09661187652616965,-0.8328632116317749,0.39148786664009094,0.014302302860017917,-0.9439591169159965,1.3427485227584839,-0.8241137266159058,0.9481362966480753,0.9638357570676375
0.4429023563861847,-0.9163275957107544,0.14594730734825134,-0.31658865546100157,0.4797205203738224,-0.5594014538608962,0.01062299197760143,1.047078018348728,1.7251976329007255,0.4447639584541321,-0.9691107869148254,0.3333333432674408
-0.29709757821869387,-0.3852659215398732,0.010043300688266754,-0.7220988273620605,-0.6700910329818726,0.7846868634223938,1.0450597937477066,-1.4092485379583783,-0.3106539252496821,-0.9480403875658115,1.3541872527487402,0.5
-0.8453154563903809,-0.14366096258163452,-0.3297167122364044,-0.24044749691788214,-0.8328632116317749,-0.17022497951984406,-0.01657016216781028,-1.690017294013752,0.2204715460538864,-0.22306638956069946,2.0575833330541533,0.6666666865348816
-0.39065036177635193,-0.89361927783357,-0.3297167122364044,-0.21611696064719849,-0.6700910329818726,0.4706018455213336,0.6492174110879421,-0.03294229074867197,0.8317664456330104,-0.5569815635681152,-0.8004556894302368,0.5
-0.3148728311061859,-0.846686673044556,0.32429237941380723,-0.8776466846466064,-0.4801901578903198,-0.0578824058175087,-0.19598417512977193,-0.5010364169291226,0.46986642479896545,0.1108487918972969,-0.041507821530103683,0.5
-0.8453154563903809,-1.1191813921433194,0.6109852285607819,-0.6998776793479919,-0.2089032083749771,-0.17809435676373542,0.46607988084875807,0.1273603464664423,4.1199332751714435,1.0152090443047244,-0.631800651550293,0.5
3.203873523107126,-0.6191481351852417,0.4343433689461391,-0.6332142949104309,0.5977251363364348,0.16680273413658142,-0.5154998258119955,1.1663295895228412,0.9063074588775635,0.9790282845497131,-0.7645155241473313,0.3333333432674408
-1.1268570318400182,-0.3814045190811157,-0.19381269812583923,-0.766541063785553,-0.2089032083749771,-0.7820729539186673,-0.21779822896427395,-0.7132892247676944,0.5975874921864797,1.6461279369731787,0.8017675876617432,0.5
-0.5422053933143616,-0.5002763271331787,0.6066785994014309,0.5741311192143629,-0.4801901578903198,1.2642331730296836,0.7273329511744101,0.39783234143513085,-0.7771079540252686,-1.0244628190994263,-0.9691107869148254,0.5
-0.3148728311061859,-1.2051056252016024,-0.2617647051811218,0.7775040046077936,-0.6607900052668614,0.6723442673683167,-0.009782140566303712,-0.11298089604359689,0.2204715460538864,-0.15628336369991302,0.04281972348690033,0.5
1.2965708554172686,-0.8568916916847229,1.1652272939682007,-0.7346071863157144,-0.8021258841760441,0.5262185953215668,0.36879784750893996,-0.39099909294363583,-1.5262271939376968,-0.6237646341323853,0.6331125497817993,0.6666666865348816
0.7023032650666071,-1.0351994037628174,1.1652272939682007,-0.8554255366325378,-0.18177451193332672,0.5038304328918457,0.17899031512932492,-0.9239509302028214,-0.34066691994667053,-0.890896737575531,0.5487849712371826,0.3333333432674408
0.6440170523630144,-0.3814045190811157,-0.397668719291687,-0.41057334464914375,-0.7034881815635439,1.2491431818209207,1.2951273253775484,0.011079902591989316,-0.028923334553837776,-0.8503903617299622,-0.631800651550293,0.6666666865348816
-0.9210929870605469,-0.7673505924696872,0.010043300688266754,0.42237241756596294,-0.2850964164228819,-0.6195952296257019,0.013147007639398833,0.06310419618779364,1.1722542826744706,0.04406575486063957,-0.6705258220988228,0.3333333432674408
0.06401476263999939,-0.8414240708675487,-0.05790869891643524,-0.8998677730560303,0.2082683695186983,-0.4038811126900089,0.005750908582414927,-0.6651143556258751,-0.2159694880247116,-0.5569815635681152,-0.041507821530103683,0.5
-0.01176275685429573,-0.2625327408313751,-0.1600967922020687,1.2519663850072789,0.3225538228421187,0.9532006978988647,1.3007709434945636,0.7779775108271781,-0.12839941181205422,-0.4207615230190993,-0.32519100766914644,0.5
-0.01176275685429573,-0.024789171293377876,-0.12586070597171783,1.1768891557135714,-0.42593276500701904,1.3231230371303744,0.6673298871356714,0.03345684830822013,-0.2474890843046216,-0.15628336369991302,0.7174400687217712,0.5
-0.16331779956817627,-0.6846227839035662,0.7011443419204119,-0.8776466846466064,-0.2041423020083439,0.6723442673683167,-0.0034545365659888125,-1.0643363017482192,-0.780351635095686,0.04406575486063957,-0.46314552426338196,0.5
-0.2390953153371811,-0.9757634997367859,-0.044167357556481046,-0.5665509104728699,-0.561576247215271,0.8014385379262079,0.38106930882092216,-0.7373247397033252,0.9686561822891235,1.2388053454473908,0.6331125497817993,0.5
0.6760356486620536,0.3921767603950716,0.010043300688266754,-0.6554354429244995,0.6940740237792642,-1.4160281015578164,-1.583727059628893,1.1462208700874315,0.7656197975493916,0.7252073934651607,-1.137765884399414,0.5
-1.6710670197897117,-0.7380198836326599,-0.19381269812583923,-0.8554255366325378,-0.37167537212371826,-1.0689655542373657,-0.7574388926498169,-1.0607917152529232,-0.34066691994667053,0.3111979067325592,-0.46314552426338196,0.5
0.29134732484817505,-0.5002763271331787,5.707379523008871,0.7283487262784514,-0.37167537212371826,1.630892736931965,1.2006038497226743,1.0887336642855547,-1.0888515710830688,-0.544199242035292,-1.306420922279358,0.3333333432674408
-0.2390953153371811,1.1589245088638234,-0.6720746169765572,-0.6725537174743577,0.583723111239758,-1.247124119323351,-1.6251425839277955,0.3951574567907156,0.5945638418197632,0.7588315577894493,-0.2944904565811157,0.5
0.21556980907917023,1.9603208723801395,-1.5710435870638142,-0.6109932065010071,0.4643598626500849,-0.7117920775738054,-1.3287735453794465,0.24691635490452576,0.9452100942686366,0.17763182520866394,0.5487849712371826,0.5
2.3023704555202524,0.8919225935788629,3.5549270092511436,-0.5887720584869385,9.844015626540134,-0.45108139514923096,-1.4205316754146575,1.1676596851122107,-1.3953837401642024,0.9122452139854431,-0.041507821530103683,0.3333333432674408
-0.6937604546546936,0.03464672341942787,-2.131668622743223,-0.833204448223114,-0.4528953143289702,-1.0689655542373657,-0.1513798862686848,-0.7370813438125163,-0.7771079540252686,-0.6237646341323853,-0.8847832679748535,0.3333333432674408
6.353549003601074,2.0235090971742355,9.11561107635498,-0.9887523055076599,-1.2940510511398315,14.546651840209961,5.739711284637451,-1.2787515765783486,4.896625518798828,9.789050335590478,3.078611373901367,0.0
-1.148425579071045,1.019289123233367,-0.4671235942741284,0.352737001134643,-0.7924074494213471,0.6161730289459229,0.570764652118148,-1.5054830609989782,0.2885659714948846,-1.1909726647870453,1.9715141544880315,0.6666666865348816
-0.39065036177635193,-1.325675052878622,0.010043300688266754,0.20824191201843978,-0.6158336400985718,-0.4889183933563962,-0.4966238382156796,-0.6633995239621174,-1.6589854282411405,-0.39626403095645224,0.14137926592743005,0.5
-0.5422053933143616,-0.6785839796066284,1.1652272939682007,1.9271011503050646,-0.39880406856536865,1.2896101715407762,1.0814734016933263,1.095021763859874,-0.028923334553837776,-0.0895003229379654,-0.9984608821375293,0.5
-1.224203109741211,0.4265148673038684,-0.2617647051811218,-0.4716755175478744,-0.5887049436569214,1.64178357353203,4.657575208360008,-0.28435109927458024,0.46986642479896545,-0.22306638956069946,-1.0534383058547974,0.3333333432674408
0.1397922784090042,-1.094635248184204,0.28185129165649414,-0.6493587435230049,-0.12568087363780905,1.1217145919799805,0.2066846502634923,-0.6685395654702349,0.34516897797584534,-0.49019855260849,-0.1258353590965271,0.6666666865348816
0.21556980907917023,-0.7721889061057486,0.4857073128223419,0.875473344274382,-0.793247189716912,0.39148786664009094,-0.2690830734936608,-0.031369994586253495,-1.5303713992231915,-1.167845674173311,0.3801299035549164,0.5
-1.2818494301055408,0.6965863157022222,-1.3258195193488653,-0.766541063785553,-0.2089032083749771,-0.90045166015625,-1.5742218890156163,-0.3899788721032645,2.6822547979381124,1.0075123687798815,0.4644574522972107,0.3333333432674408
0.7460124492645264,0.15351851284503937,0.10795218315305621,1.5913710281051106,0.3249035327248798,-0.3949100971221924,0.5218228674613418,0.5088531894539222,-1.151200294494629,-0.890896737575531,0.4644574522972107,0.3333333432674408
-0.7695379853248596,1.702555742264397,-2.0050450884568054,0.33539666053378675,-0.6429623365402222,-0.45108139514923096,0.06440361151518648,-1.2589468628760205,0.39729063281166177,0.21792812373573267,2.4831174504518536,0.3333333432674408
0.7460124492645264,-0.8568916916847229,-0.19381269812583923,-0.7443199157714844,-0.4421154977855469,-0.11405368894338608,-0.07139393567604523,-0.39171470973343553,-1.3058997878553231,-1.2915949821472168,-0.37881800532341003,0.5
1.5643286523531075,1.206390558688638,0.8254672884941101,-0.2452402299125253,-0.0001915101252483488,-1.1813081502914429,-1.2651479431538883,0.6879794868905408,-0.09127205610275269,0.3111979067325592,0.7174400687217712,0.8333333134651184
-2.244643081701698,-0.3219686448574066,-1.6259223379712926,0.2086985448675529,-0.7794042284162567,-0.7881091237068176,-0.35462650169987026,-0.9540851180593856,-0.6524105072021484,-0.2898494303226471,-0.041507821530103683,0.3333333432674408
0.4429023563861847,-0.6785839796066284,0.21389929950237274,0.7586592492117441,-0.34454667568206787,-0.22639626264572144,1.2211444700579266,0.6293913274735138,-0.6524105072021484,-0.49019855260849,-0.8847832679748535,0.3333333432674408
-0.5422053933143616,-0.024789171293377876,-0.4656206965446472,-0.12187946525763388,-0.2089032083749771,1.7067449666811807,1.4410701738966947,-0.7294555541981347,-0.6505513242136596,-0.6237646341323853,0.12714727222919464,0.3333333432674408
-0.9968705177307129,-0.8660724060493052,-0.5335727334022522,-0.6109932065010071,-0.34454667568206787,-0.22639626264572144,0.08837906901138966,-0.780619521687325,2.3590881362159326,1.8677153635333539,1.7437197360279533,0.5
-0.5422053933143616,-0.14366096258163452,0.8254672884941101,1.167366698583733,-0.18177451193332672,2.584571620119182,2.05548447775337,0.29777934460326216,-0.30019880865397525,0.24441486597061157,-0.041507821530103683,0.5
1.1776678474610416,-1.0351994037628174,0.9255139600894918,-0.833204448223114,-0.697219729423523,-0.7881091237068176,0.6165918389047585,-0.17754338909267212,-1.4005951881408691,0.24441486597061157,-0.2944904565811157,0.3333333432674408
1.3126870449638919,2.0656829258747087,-1.5148792557800717,-0.6554354429244995,0.47376935002334397,-1.4126193890438115,-1.716389894357504,0.930382839781056,0.34516897797584534,0.30071151475092134,-0.631800651550293,0.5
-0.01176275685429573,-0.5597122311592102,1.1652272939682007,-0.8109833002090454,0.34437359113796306,0.05446016043424606,0.5189098430954039,-0.5855947330138394,0.2620288532244157,-0.49019855260849,0.37273110519750585,0.3333333432674408
-0.6937604546546936,-0.9163275957107544,0.6227047781009019,3.231353949383624,-0.3174179792404175,1.7519292836237803,0.8250648313624995,1.5706451349119583,-0.9641541242599487,-0.04450895215810944,-1.137765884399414,0.5
-0.6179829239845276,-0.20309685170650482,-0.3297167122364044,-0.3344148010220473,-0.4530612013771543,-0.22639626264572144,-0.040252546638709454,-0.7184475726018262,-0.2159694880247116,-0.07684906882629733,0.04281972348690033,0.5
0.06401476263999939,-0.6024928814943084,1.0293233394622803,-0.4127482504042743,-0.6158336400985718,-0.11405368894338608,0.5814222698442164,-0.9298879910939629,-1.6087608082438452,0.17763182520866394,0.6767240671298373,0.5
1.6839181527567362,1.0081025042141512,1.1652272939682007,-0.6998776793479919,0.8472719283664815,-0.8442803621292114,-0.48172642269597316,1.185444263830354,0.0957741066813469,1.494019105103515,-1.0534383058547974,0.3333333432674408
0.29134732484817505,-0.6829929071747363,-0.82591454710477,-0.9172930209572552,-0.3699875707241643,-0.90045166015625,0.22739577938520772,-0.4580195961274602,-0.9641541242599487,-0.5569815635681152,-0.5919149845807143,0.5
-0.6937604546546936,-0.7380198836326599,0.21966149661013748,-0.833204448223114,0.06498172843381117,-0.6195952296257019,0.5213943150611212,-0.872695469922391,0.7192612886428833,-0.42341551184654236,0.21147480607032776,0.3333333432674408
0.1397922784090042,-0.016221976365282397,2.252029837433677,2.280818611107896,-0.29149146430416467,0.8661593387580969,1.918867387252362,1.5660489516464058,-1.7327970527342178,-0.42341551184654236,-1.559403657913208,0.3333333432674408
-0.39065036177635193,-0.5002763271331787,0.010043300688266754,-0.10943106857907241,0.7795520473434513,0.04078802751862179,0.22323390606674456,-0.18755194734043087,-1.162083190644062,-0.6905476450920105,-0.8847832679748535,0.6666666865348816
-1.6618061608938637,0.8145471412975387,-0.5827511104130557,-0.7887621521949768,-0.39880406856536865,1.6553861462025956,1.2002010167316746,-1.4038875431427509,1.2106418066591524,-0.3566324710845947,0.6331125497817993,0.5
5.470578754491624,-0.14366096258163452,4.362700245040489,-0.6446148546153598,0.7237766979283347,-1.237479329109192,-1.628153785057966,2.753660044931011,-1.7817808948481544,0.7627906780114082,-0.8031136926665711,0.3333333432674408
0.1867507533326647,-0.20309685170650482,-0.8065747626997569,-0.7220988273620605,-0.18177451193332672,-0.45108139514923096,1.1860826312537518,-0.2483219593966363,-1.5073598310384682,0.6451131105422974,-0.631800651550293,0.5
-0.6179829239845276,-1.0351994037628174,-0.05790869891643524,-0.8776466846466064,-0.42593276500701904,1.3297265227481652,1.2255872293671222,-0.980044541803972,0.18723570675543977,-0.22306638956069946,0.21147480607032776,0.5605452465869684
-1.123626906978541,-0.6191481351852417,-0.4240615722116735,-0.6998776793479919,-0.697219729423523,-0.15382477011180343,0.134981052568581,-1.2451164025787942,1.2257595220285986,1.2754915537084914,1.067413600649596,0.5
-0.6179829239845276,-0.9757634997367859,-0.12586070597171783,1.6456684304027476,-0.2360319048166275,0.11063144356012344,0.3320698991944826,0.9755729656601378,0.5945638418197632,-1.0244628190994263,-1.306420922279358,0.3333333432674408
-0.46642789244651794,0.03464672341942787,0.28185129165649414,-0.6776565313339233,1.0603728069919314,-1.349821925163269,-0.8973515090756303,0.42950813765158286,0.0957741066813469,0.42761213499839884,-0.9691107869148254,0.5
-0.9210929870605469,-0.08422506600618362,-0.5335727334022522,-0.6269890579241909,-0.2089032083749771,0.09754432144900843,0.9721341874612675,-0.5190181415310748,-0.6524105072021484,0.04406575486063957,-1.0534383058547974,0.3333333432674408
0.9612837879284092,1.6483087224757886,-0.397668719291687,0.08950851308042054,0.8256155455842787,-0.739828492046663,-0.6592651239784036,1.4948003674033161,1.0376196285810264,0.6451131105422974,0.11151251913586918,0.3333333432674408
0.36712485551834106,-0.3814045190811157,-0.19381269812583923,-0.8554255366325378,-0.39880406856536865,0.3828953740164707,1.279901102078348,-0.18709490602547676,0.34516897797584534,0.1108487918972969,-0.3146343507835034,0.5
0.15468666562829267,-0.2625327408313751,-1.4798874264364783,-0.766541063785553,-0.14960329142068451,1.082532564661572,-0.2021672308277047,-0.3606869358242097,0.8439587354660034,1.3028119267073228,0.5477345574422431,0.5
-0.16331779956817627,-0.6785839796066284,0.5866184159014294,-0.03921030591293718,-0.45306146144866943,1.383760893753073,1.0521188314326744,-0.67707912436706,-0.2783181965351105,1.623206007623641,0.8017675876617432,0.5
-0.2390953153371811,1.159188763861268,0.07799530029296875,0.20592432748824102,-0.6158336400985718,1.117988042542987,0.12851373011802322,-1.4442941784478613,0.2828202545642853,-1.2998521063980595,2.564284550991212,0.8496615110581159
-0.08754027634859085,0.49870477982687966,1.018368750432059,0.8243135100812701,0.5778290033340454,0.6723442673683167,0.8262788915654354,1.5733572524909152,-0.9243042866990352,1.7692328409233804,-1.2220934629440308,0.3333333432674408
-0.9210929870605469,-0.3814045190811157,0.30552659663202913,-0.5229306824865371,-0.6158336400985718,0.33531656861305237,0.6139711027357575,-1.5558227573479728,0.3928801381218505,-1.0244628190994263,1.3762313197726435,0.6666666865348816
0.8217899799346924,-0.9757634997367859,1.151870797040317,1.8779274938342243,-0.34454667568206787,-0.0578824058175087,0.890105974266292,1.251281620321876,0.17755886575469898,-0.6905476450920105,-0.1342684004344501,0.3333333432674408
-0.46642789244651794,-1.1398494261448882,0.6895633339881897,-0.6332142949104309,-0.5818157040122233,0.8352418756326783,0.8943572959467542,-0.5202375273397863,0.34516897797584534,0.4447639584541321,0.21147480607032776,0.5
-2.58819842338562,7.345261573791504,-2.1644208431243896,-0.9887523055076599,-1.2940510511398315,-1.630678415298462,5.739711284637451,-2.504413366317749,4.896625518798828,9.794388771057129,3.078611373901367,1.0
-0.6937604546546936,-0.6785839796066284,0.010043300688266754,1.9896052897811718,-0.2631605863571167,1.2230172965349888,0.615209971415822,0.29893285596374414,0.15812282264232635,0.04406575486063957,0.3801299035549164,0.3333333432674408
0.1397922784090042,-0.41020749352253116,0.623134488905703,-0.766541063785553,0.6472986820273078,0.6723442673683167,0.18078604482929092,0.6242901314715016,3.544323793978424,3.1419226528983937,0.010671469056825415,0.5
0.7073011397031064,-0.2625327408313751,0.4908469234491581,-0.6776565313339233,0.30379398405987185,-0.45108139514923096,-0.08274781319962775,0.3726406778371285,-0.5277130603790283,-0.49019855260849,-1.7414054943147723,0.5
1.0149075236397973,-0.0012524514268223638,0.5536593198776245,-0.7220988273620605,0.34031134724365525,-1.2047684084649954,-1.7823835487211719,-0.7405730252195339,0.2204715460538864,0.5115470290184021,2.1140589969356607,0.5
-0.01176275685429573,0.4758063451965228,1.6723209872738753,0.6468990123056252,-0.36968638731107034,0.07639237434892428,1.158040361066102,0.6589724358893763,0.15812282264232635,-0.15628336369991302,-0.8847832679748535,0.5
-0.2390953153371811,-0.5728570752800083,-0.05790869891643524,2.0331226957285637,-0.18177451193332672,1.5897228720966596,1.6577323153350343,1.4120438162962676,0.8439587354660034,-0.22306638956069946,-0.46314552426338196,0.4325480133592447
1.4088336620043074,0.6019697006661877,-0.5221317889995585,-0.7443199157714844,1.0342345631831742,-1.093808897998212,-1.619627506716284,1.3016147340787878,0.46986642479896545,0.946777831850175,-0.631800651550293,0.5
-1.8158911521269103,-0.08422506600618362,-0.9857587303068456,-0.9051747300700238,-0.561576247215271,-0.45108139514923096,-0.6622532098499093,-1.461366229761192,0.7816100120544434,-0.8222531534550744,-0.041507821530103683,0.3333333432674408
-0.2390953153371811,-0.4408404231071472,0.21389929950237274,-0.4637425294923742,-0.5887049436569214,0.6161730289459229,0.917333754608117,-0.9920050028233708,-0.09127205610275269,1.5229804121244535,1.5200296860118505,0.6666666865348816
0.4429023563861847,-1.0854581815465452,0.9091148248876374,1.170771923296167,-0.18177451193332672,0.5600017309188843,1.0117924969527623,0.9282529972836294,0.5945638418197632,-0.22306638956069946,-0.041507821530103683,0.5
-0.9210929870605469,-0.7974557876586914,-0.2617647051811218,0.9426289992141638,0.019776538526663938,1.2889514239130082,0.6288446169224373,0.587913210335205,-0.15362077951431274,-0.957679808139801,-1.306420922279358,0.5
-0.040526950201080665,-0.2625327408313751,0.5673721489712262,-0.6109932065010071,-0.37491015684015594,-0.3387388288974762,-0.2562995744799865,-0.6839490748836441,-1.213549017906189,-0.19778064684176233,-0.046975114655407865,0.3333333432674408
1.4944149469954948,1.3372854235220921,-1.2092407205106879,-0.7220988273620605,0.3966991426509149,-1.4059932231903076,-1.767347693130639,0.7975907172214922,0.2828202545642853,-0.22306638956069946,-0.8004556894302368,0.5
-0.3275213757931894,-0.024789171293377876,-0.7113288524791703,0.44077636902226275,0.0873022594703114,0.8569079662844474,1.0840959612743761,0.4810387905000704,-0.2159694880247116,0.33538602053351935,-0.9691107869148254,0.5
0.8217899799346924,0.4800193189279972,-0.397668719291687,-0.6332142949104309,1.4278900775250354,-0.6195952296257019,-0.9266819792732567,1.033216118812561,0.5322151184082031,1.0779829598114166,-0.37918606169581526,0.5
-0.5422053933143616,-0.5002763271331787,1.2372893294498013,-0.8776466846466064,0.8883847635404355,-0.8962882862433957,-0.744332464692612,-0.6645373995307204,-0.34066691994667053,-0.890896737575531,-0.8847832679748535,0.3333333432674408
0.06401476263999939,-0.32752608807541894,-0.5335727334022522,0.5137072376577633,-0.2902892827987671,1.0017750107390664,0.7112286258371004,-0.3766453609610415,-0.34066691994667053,-1.4610297740812153,0.6331125497817993,0.5
-0.604277742704923,-0.5002763271331787,0.5349326953077181,0.9120004921328104,-0.10038841515779495,1.8523480114022826,1.6962149659457715,0.6308294092684399,-1.231551760419237,0.24441486597061157,-1.137765884399414,0.5
0.06401476263999939,0.5009301965333617,1.6604393795823256,2.6390865113993858,-0.3451478126470442,0.6723442673683167,1.8414273791721252,1.5824376520531607,-1.7077519225533968,-0.5569815635681152,-0.8847832679748535,0.3333333432674408
-0.16331779956817627,0.13347838879832527,1.0293233394622803,-0.6737702155976145,-0.34454667568206787,-0.31620631365038426,1.488874067620147,-0.6472788799621286,0.5118347380955113,0.018712485619803973,0.37275088844841325,0.5
-0.16331779956817627,-1.094635248184204,-0.3297167122364044,-0.6554354429244995,-0.3676123638326367,2.314610110452673,1.7762729671140518,-0.07894785784825503,0.5002990507023326,-1.219923894040478,-1.2465197085621016,0.3333333432674408
-0.46642789244651794,-0.5597122311592102,-0.5335727334022522,-0.020574346822206796,0.062383756041526794,-0.6195952296257019,0.24702921393124253,0.22595205796822243,1.0738472099650012,-0.8241137266159058,-0.7161281704902649,0.5
-0.39065036177635193,-0.7974557876586914,0.14594730734825134,-0.17086457982572179,-0.18764475056475316,0.30959885299539763,1.0115897546357424,-0.5991588918713422,-0.7030185105810095,0.1108487918972969,0.12714727222919464,0.5
-0.7695379853248596,0.4844272346872456,-2.0365323351011186,-0.8776466846466064,-0.34454667568206787,-0.6757665276527405,0.0007337036246117495,-1.1659080983272865,0.6146968015864771,-1.0244628190994263,0.21571112492509215,0.3333333432674408
-0.46642789244651794,-0.3963509247609839,1.1192603741296192,0.7925739904675653,-0.39880406856536865,-0.3387388288974762,1.4955105101960164,0.33566796936498344,0.10047892012100988,-0.1010022194027892,-0.27707238872561196,0.3333333432674408
-0.39065036177635193,-0.8568916916847229,-0.4656206965446472,-0.36433532519051504,-0.3174179792404175,-1.2764096599029722,0.061854075471305725,-0.38689875505911037,-1.7064159752140682,0.5783300399780273,-0.9338268826811298,0.5
-0.01176275685429573,-0.3814045190811157,-0.12586070597171783,2.8094012365213326,-0.2631605863571167,1.1731341913580617,1.499284733925364,4.2170639468769195,1.5539901793969932,-0.22306638956069946,-1.306420922279358,0.5
-0.6937604546546936,-0.8362790082585133,-0.3297167122364044,-0.28070126568038106,-0.39880406856536865,-0.45108139514923096,0.733886005183659,-0.031485446514463986,0.9063074588775635,0.16875941041370376,-0.3961809811756851,0.3333333432674408
-0.4278411867107401,1.9063912032705428,-2.1332058135103593,-0.6109932065010071,0.062383756041526794,-1.1251368522644043,-1.383179589553054,1.3103997829011196,2.311671184983383,0.3111979067325592,-1.1976528159620263,0.3333333432674408
4.043709754614181,0.47741308735149934,1.2304018284486842,-0.6998776793479919,0.6539152631871012,-1.3751963108816123,-1.8081685547668342,0.8502736424954966,-0.9018054008483887,0.04406575486063957,-0.5843651924067084,0.3333333432674408
-0.3148728311061859,-0.4408404231071472,-0.2617647051811218,1.1747448061145125,-0.35258267858657677,0.8638741632854247,1.3089045101178547,0.478537644437163,0.8439587354660034,0.5171124667362361,0.3801299035549164,0.5
-0.7695379853248596,-0.9668514909654213,0.24159548604217274,-0.7220988273620605,-0.37480156580661983,-0.8740008579402169,-0.2939389316792956,-0.9543359861810076,-0.15362077951431274,1.476902702633562,0.4644574522972107,0.5
-0.6179829239845276,-0.2625327408313751,1.1652272939682007,1.2460763040120986,0.7210049238778724,0.9532006978988647,1.3189872695379585,0.9566829843758602,-1.2345532104761012,0.1108487918972969,-1.559403657913208,0.5
-0.16331779956817627,-1.0465596947235045,0.34980329871177673,-0.8554255366325378,-0.6096211947830126,-0.8442803621292114,-1.2368640470192749,-1.1987983240610236,-0.7815928750651808,0.8265242739495099,0.7174400687217712,0.3333333432674408
-0.46642789244651794,-0.9757634997367859,-0.4656206965446472,-0.7818112914411381,-0.3174179792404175,0.5528170881175362,0.08050618428336101,-1.5668872797121762,-1.440688262413741,-0.6237646341323853,1.223405361175537,0.6666666865348816
-0.2390953153371811,0.7522109182730828,-0.4934361990560532,-0.7443199157714844,4.204569328713361,-0.731937825679779,-0.565236413832565,0.5742617270573531,-0.2159694880247116,0.5783573658458416,-1.306420922279358,0.3333333432674408
-0.2390953153371811,0.8473097006763314,-1.3438325727828382,-0.544329822063446,-0.5344475507736206,-0.8442803621292114,0.11834728578532683,-1.0231162476675457,-0.2159694880247116,-0.8241137266159058,0.4644574522972107,0.3333333432674408
0.4429023563861847,0.03464672341942787,-0.19381269812583923,-0.6776565313339233,0.5284042535191166,-0.3949100971221924,-0.7828482525254578,0.7710041271521381,1.1827262276467687,1.5868119732320272,-0.46314552426338196,0.5
0.1397922784090042,-0.06574183057305139,1.0293233394622803,1.9415160963590106,0.34473609642194125,0.4090902089199265,1.8689040137585278,1.65191563697767,-0.8394566774368286,1.5562188706701425,-1.559403657913208,0.5
3.468778012992349,0.17229429281746172,2.7539342177990163,-0.7220988273620605,2.7844385539978305,-1.349821925163269,-1.5206351715741024,1.6796287189181052,-0.7147592306137085,4.5369316484317395,-1.2220934629440308,0.5
1.8304407400998228,-0.36171897669428676,0.4857073128223419,4.304259848341119,-0.18292148243550477,0.3516411522590696,1.2056347967067333,2.4663254707051765,-1.4005951881408691,-0.897223253036337,-0.9691107869148254,0.3333333432674408
1.0289727927270227,1.1174402903159553,-0.12586070597171783,-0.7435889829614739,0.5579565096662784,-0.5634239912033081,-0.9674513535610316,1.1845125153523905,0.6728360108494584,2.36259504513566,-0.8847832679748535,0.5
-1.581429553998819,-0.6191481351852417,-0.4656206965446472,-0.6776565313339233,-0.944744736633987,-0.2410103004008071,-0.25695368346768455,-1.6201937056527589,1.1557023525238037,1.3761098326982188,1.5607155561447144,0.6666666865348816
0.21556980907917023,0.10456897584627559,0.21389929950237274,1.8588211119422942,-0.34454667568206787,0.9532006978988647,1.4586491409459033,1.7478449200968362,1.0933536291122437,-0.27320464764291286,-0.9691107869148254,0.6666666865348816
-0.9210929870605469,-0.052644161471292514,0.6895633339881897,1.1454910348277,-0.697219729423523,0.16680273413658142,0.3630730345544432,0.703296067325128,-0.4030156433582306,0.17763182520866394,-1.5147918257400834,0.3333333432674408
0.36712485551834106,-0.5002763271331787,-0.2617647051811218,-0.7220988273620605,-1.2076887583037397,-0.9566229581832886,-0.3046246854491153,-1.6779925012595136,-2.006260235168991,-0.15628336369991302,1.6450430154800415,0.6666666865348816
0.28181753370452617,-0.4408404231071472,0.21389929950237274,-0.766541063785553,-0.1454553108295693,-1.0000698599535298,-1.5360486406291893,-0.8638870246047257,-0.368486594663413,-0.0895003229379654,1.1318495498418333,0.6666666865348816
1.1721201296711263,0.25605589669966067,0.010043300688266754,0.21494435131408865,-0.561576247215271,0.33531656861305237,0.4839351984260802,-0.6267141370150816,-0.9018054008483887,0.42211559796633713,1.5607155561447144,0.5
-0.2390953153371811,0.33182618021965027,-0.12586070597171783,0.8334532023743609,-0.37167537212371826,2.2699652304027813,2.2182536864515607,0.7853103805191148,0.5945638418197632,0.3111979067325592,-0.8847832679748535,0.5
-0.39065036177635193,-0.6191481351852417,-0.2617647051811218,-0.7086562247704498,-0.6550298796329163,-1.0689655542373657,0.0913115708459647,-1.259237864932618,-0.6524105072021484,1.0057105686681582,1.2304726599085132,0.5
-0.9968705177307129,0.2515505070237254,-0.9728939805962664,1.52963363184759,-0.2631605863571167,1.0699370032272175,0.44139275060222694,0.16658341729643186,-0.46536436676979065,-0.8241137266159058,-0.2944904565811157,0.3333333432674408
-0.5448792495001908,-0.6785839796066284,-0.397668719291687,0.003472611085561416,-0.37167537212371826,0.05446016043424606,1.5316424971477425,0.25009555799904304,1.6521699725732881,0.4447639584541321,-0.631800651550293,0.5
1.5204530398943628,-0.6785839796066284,1.0293233394622803,-0.6776565313339233,-0.2902892827987671,0.5772266063581748,0.6200526842373835,0.2915739697595237,-0.3570658228852189,-0.0895003229379654,-0.4674470017366415,0.3333333432674408
1.6425467894322017,-0.6785839796066284,0.4857073128223419,-0.6998776793479919,-0.09229765998716213,-0.9566229581832886,-1.477403772948533,0.9113109590309637,0.7192612886428833,1.781114004969345,-0.041507821530103683,0.5
0.9583581252538558,-0.4408404231071472,1.1037625880898974,-0.5243385567083024,0.8584470349658373,-0.8442803621292114,-1.4987668000970245,1.0685537551238613,1.0822993653953403,0.8954873449496247,0.7174400687217712,0.5
0.06145130903707925,-0.43703166945916977,0.14594730734825134,-0.04233802964234626,-0.2631605863571167,-0.22639626264572144,-0.11370917146966351,-0.6190404816155546,-1.3851925960787634,-0.5304304273731197,0.21147480607032776,0.6666666865348816
0.5944573879241943,1.6351910848119704,-0.7901718751999114,-0.6554354429244995,1.5099654617201068,-0.6757665276527405,-1.037692309029336,0.7793904119659029,-0.46536436676979065,1.3864915956201682,-0.8847832679748535,0.3333333432674408
-0.46642789244651794,-0.2625327408313751,-0.19381269812583923,0.31542885375253465,-0.7595785136465807,1.1905091912729233,0.3547017397541208,-0.46119605916932854,1.0933536291122437,0.3560884352163039,1.060655997544098,0.6666666865348816
-0.03234636175048226,-0.5002763271331787,-0.19381269812583923,-0.6109932065010071,-0.15464581549167633,-0.22639626264572144,0.3054225419003746,-1.1997524363518,-0.34066691994667053,-1.1580289602279663,1.0187584300696269,0.3333333432674408
-0.7695379853248596,-0.4408404231071472,0.5255476533292598,1.7127847481178464,-0.10038841515779495,1.8959419350813533,0.8616856415313623,-0.0982258685768549,0.5945638418197632,-0.5962393773043851,1.1390777826309204,0.5
1.1458827845891066,0.39570118564662743,0.7445126130642543,-0.6128304325640394,0.03968515851437503,-1.1100439134399105,-1.609059728466395,-0.6236660138284633,0.06736480001688408,2.205265436791035,2.4666643881786476,0.6666666865348816
-0.2390953153371811,1.916001715774687,0.5536593198776245,1.1373220125361538,1.1164300884289067,1.3901675901426587,1.8317180006403764,0.8983207941055298,0.11156679388837538,0.17763182520866394,-0.9163474413139427,0.3333333432674408
1.9346613574709564,-0.04758847509434555,0.4857073128223419,-0.3223640821184434,1.4298938984678389,-0.7881091237068176,-0.9746974868880809,1.8079699689251985,-0.15362077951431274,1.8093089530829694,-0.8847832679748535,0.3333333432674408
-0.4652603842876208,-0.44423158453337713,-0.19381269812583923,1.2241814805570856,-0.281707491486469,1.7709227256345121,2.079163681151105,0.8166643070760391,-0.2783181965351105,-0.15628336369991302,-1.0534383058547974,0.3333333432674408
2.5322863634495834,-0.3814045190811157,2.229173746544896,2.8909941659329115,-0.2089032083749771,0.8817319822551921,1.7070198882767973,4.35556499333819,-1.0265028476715088,-0.2898494303226471,-0.9691107869148254,0.3333333432674408
-0.08754027634859085,-0.9050765741177889,0.07799530029296875,-0.7076212473078459,-0.39880406856536865,0.16680273413658142,0.19064709539589073,-0.9708522752859821,-0.7771079540252686,-0.15628336369991302,0.21147480607032776,0.5
0.6563345774801239,-1.094635248184204,1.1244196520450052,-0.7443199157714844,-0.5073188543319702,-0.014803702382828101,0.033514910966127236,0.3638697606773288,1.3427485227584839,-0.5569815635681152,-0.9691107869148254,0.5
-1.103392692889547,-0.2625327408313751,0.28185129165649414,-0.6554354429244995,-0.6950053160930008,1.601073482251338,0.42951816013150884,-2.1795141115121153,-0.15362077951431274,-1.1580289602279663,2.1725458673814066,0.6666666865348816
-0.46642789244651794,-0.4408404231071472,-0.05790869891643524,2.446244722172648,-0.15464581549167633,0.7846868634223938,1.3431328344616478,1.668529567944451,0.0957741066813469,-0.7573306560516357,-1.5470095008726281,0.3333333432674408
-1.224203109741211,-0.5002763271331787,-0.8053807020187378,-0.2640865161315317,0.19196011017153364,0.05446016043424606,0.47830099485591976,-0.3221234698650473,0.36646995840039615,-0.6905476450920105,-0.8246096410850958,0.3333333432674408
1.4525682781425902,0.15351851284503937,0.34980329871177673,2.3725968868553604,-0.15464581549167633,0.7805290043196947,4.056342655366704,1.8812364595762323,-1.9686362656884553,0.1108487918972969,-1.306420922279358,0.3333333432674408
-0.539757627424313,-0.4408404231071472,0.6846622631874026,-0.8554255366325378,-0.2631605863571167,1.1217145919799805,0.8775030947816039,-0.584826375103651,-0.4030156433582306,-0.49019855260849,-0.46314552426338196,0.6666666865348816
0.7908537408318542,-0.3219686448574066,0.5536593198776245,-0.7887621521949768,-0.37167537212371826,-0.40336354198040325,-0.4094592260396401,-0.5647489474888272,-0.4497223145340741,0.4658144849114888,0.7066051601056154,0.3333333432674408
-0.18102556395131786,-0.6191481351852417,-0.2617647051811218,-0.6776565313339233,-0.5380929167084254,-0.5634239912033081,-0.5019356089349244,-1.446184099794702,0.0957741066813469,-1.2915949821472168,1.3025694570550086,0.3333333432674408
0.5944573879241943,-0.5002763271331787,0.5668413130621595,2.1065872101076435,0.03184536363702406,-0.0017111222259700298,1.5452062891146956,1.834414639049253,-0.5900617837905884,0.4447639584541321,-1.4557620866515968,0.6666666865348816
-0.6937604546546936,-0.6191481351852417,-0.4656206965446472,1.8091916985686631,-0.34454667568206787,-0.033147845835942054,0.12301782148349338,0.767694039387735,0.9686561822891235,0.1108487918972969,0.21147480607032776,0.5
-0.08754027634859085,-0.3219686448574066,0.4857073128223419,2.254026485992125,0.41835185480131454,2.086788962453305,1.2725407805614468,1.1366654321520595,-0.936833609046594,-0.6420674647756968,-0.9952616370225794,0.3333333432674408
1.118603105093461,2.80118778341558,-2.0878527853368953,-0.6998776793479919,0.613172914254861,-1.065990176144842,-1.4076685336875032,0.8983207941055298,0.46986642479896545,0.37798094749450684,-0.5474730730056763,0.3333333432674408
-0.3148728311061859,2.1653601612985396,-0.2617647051811218,-0.7443199157714844,1.3167202094590658,-1.393300433355147,-1.8905559009467927,0.8355828503781428,1.7880764518662822,0.598979447499279,0.12714727222919464,0.3333333432674408
-0.5422053933143616,-0.6191481351852417,1.1652272939682007,1.5174826684761595,-0.34454667568206787,0.4476591646671295,0.6282055891216431,0.7869767118619924,-0.9018054008483887,-0.02271728403866291,-1.2688503170233727,0.5
-0.46642789244651794,-0.4408404231071472,1.0993187268473223,-0.3786183929860955,-0.7962775232373164,0.2229740172624588,-0.49958227591001025,-0.9557380026015336,0.15474391857744235,-0.6147822557833611,0.6214456219067579,0.5
-0.16331779956817627,-1.0351994037628174,0.6216112971305847,3.7236500609782675,-0.11675463206266941,0.16680273413658142,1.2081631611833008,2.732835281681963,-0.8810113840350255,-0.6905476450920105,-1.7683743611084901,0.5
0.06401476263999939,1.5549005625548282,-0.397668719291687,-0.5555875658526452,10.519697587382954,0.4476591646671295,0.07987355495705367,1.136147023730347,-0.2159694880247116,0.6451131105422974,-1.137765884399414,0.3333333432674408
-1.072648048400879,-0.3219686448574066,0.07799530029296875,-0.7887621521949768,-0.7243484258651733,-0.731937825679779,0.5218275236264113,-1.6421035764541856,1.6754555931370785,-0.42341551184654236,1.6021519573727998,0.6666666865348816
-0.6937604546546936,-0.5002763271331787,-0.2617647051811218,0.7973351746859232,-0.6158336400985718,1.0710940943270166,-0.019509974867105484,0.005152941278469946,1.4040213432977402,1.5456403303237807,0.722192557053128,0.8333333134651184
1.6523332483690523,2.199830053442509,-1.4895474534816466,-0.5887720584869385,0.47418523642306193,-0.606242303997097,-1.1563588650621248,1.418950721300296,0.46986642479896545,1.5825564717514304,-0.1258353590965271,0.3333333432674408
1.4666141339901393,-0.8568916916847229,0.8986584301454551,-0.6998776793479919,-0.37167537212371826,0.2229740172624588,0.2617491880437083,0.5620680694290457,-1.8397002738349129,-1.0244628190994263,-0.9691107869148254,0.6666666865348816
-0.3148728311061859,-1.0351994037628174,0.4177553057670593,1.8669447702869721,-0.08870040983443289,2.149164529985274,0.3338423656542954,0.9121063410539836,-1.5044078411220476,-0.7472532092477279,-1.0534383058547974,0.5
0.5186799168586731,0.5101338624954224,0.21389929950237274,2.1668883598027695,-0.33683000991900097,0.823565095541838,0.8947871743480199,1.3991069028281553,-0.7771079540252686,0.17763182520866394,-1.2211794786398904,0.5
-0.0795391246347899,-0.17707760780646487,2.264704467250626,-0.8776466846466064,2.5353194318286967,-0.5108647101181714,0.45382420085687586,-0.5080521658599432,-1.2713854706161398,-0.02271728403866291,-0.7161281704902649,0.3333333432674408
0.7827281952970528,1.0934348032749042,1.0731170591850911,-0.6776565313339233,0.24253721805322417,-1.1251368522644043,-1.6164969894723433,0.3177504249444132,0.10659272960816026,1.0773110154552312,-0.10298352962515309,0.5
-0.3148728311061859,-0.33350441419369664,0.0333683107798572,2.865219837388283,-0.11265077136980356,1.7532125107753564,1.789226641559402,1.9367991514710892,0.5322151184082031,0.007260693108391454,-1.4628301108912851,0.5
0.0682434017876701,-0.9757634997367859,-0.4656206965446472,1.3988764011486883,-0.4801901578903198,0.7846868634223938,0.4694806072986129,0.791794147364258,-0.15362077951431274,-0.3566324710845947,-0.8847832679748535,0.3333333432674408
1.4863353035406166,0.8787865272575396,-0.19381269812583923,-0.6998776793479919,1.059178891548417,-1.418138369707333,-1.7121638600722924,0.7946361628630377,0.2828202545642853,0.8785046426972842,-0.14945192477471053,0.6666666865348816
-0.7415438191289422,-0.5002763271331787,0.5536593198776245,-0.5665509104728699,-0.10215866437531185,0.5501971126658307,0.5926103584481589,-0.3161541979000047,-0.7771079540252686,-0.5569815635681152,-1.4419394175408278,0.5
-0.6179829239845276,-0.7974557876586914,-0.2617647051811218,-0.6783344198419088,-0.6931894764254716,-0.5634239912033081,0.019144545723255996,-1.142444860342917,1.3614025678051866,0.8398503511777551,1.2831096058978804,0.6666666865348816
-0.16331779956817627,2.1879176016314705,-2.0636356165131433,-0.8048899933940791,0.836349128610308,-1.1251368522644043,-1.7329063103268743,0.3638064267933878,0.8704723904634413,0.3111979067325592,-0.9773300427433831,0.5
-0.6055370731043143,-1.0351994037628174,0.4177553057670593,-0.7887621521949768,-0.4801901578903198,-0.009201259863928942,-0.31473994810088707,-1.6956719401901885,-1.213549017906189,-1.069859392355104,1.223405361175537,0.6666666865348816
-1.072648048400879,0.09170490733249712,-0.2617647051811218,1.2015580610914887,-0.3398071157251365,-0.90045166015625,0.6399553091435416,0.676471878118081,-0.34066691994667053,-0.49019855260849,-2.1426279535579678,0.5
-0.3148728311061859,-0.12267343809918213,-0.05790869891643524,1.086697872132946,-0.5073188543319702,-0.9566229581832886,-0.3417413408760803,0.7702351144023699,0.4075177013874054,-0.890896737575531,-0.8004556894302368,0.3333333432674408
1.0590142024455105,-0.3671152402600202,0.8101559061158465,-0.8109833002090454,-0.3293945620428254,-0.17022497951984406,0.1184791306899245,-1.0447478078304153,-0.8940207450491506,-0.02271728403866291,0.3801299035549164,0.6666666865348816
-0.6454271444695182,-0.5597122311592102,-0.4997965773405765,0.6139794694893288,0.83399373766712,-0.90045166015625,0.3454552458262969,0.36239214693030664,0.4075177013874054,-0.5569815635681152,-0.9691107869148254,0.3333333432674408
-0.6179829239845276,-0.024789171293377876,-0.4656206965446472,1.119310325680842,-0.3174179792404175,1.7922116732293538,1.884037912299657,0.6864437806141264,-0.5727986405806976,0.04727325780577989,-0.8847832679748535,0.3333333432674408
-0.7875990187801013,0.09874589534305372,0.3468174192615469,0.3041555461977355,0.5778290033340454,1.268071344452397,1.2755739726992947,0.1919059392904345,-0.08778094102673603,0.10793151458026409,-0.9691107869148254,0.5
-1.270620585955353,-0.024789171293377876,-1.2598774653631197,0.7837028576165864,-0.14438635015678286,1.7739549180578755,2.145885444984569,0.9569429191903804,0.5322151184082031,-0.22306638956069946,-1.9157195322822758,0.3333333432674408
0.5944573879241943,1.7928293511761642,-2.0830618015510414,-0.7282752984494122,0.6847216832663665,-0.9566229581832886,-1.421360637249135,0.8337269613821763,0.15812282264232635,1.364217537341439,-0.20048341755706847,0.5
-0.6937604546546936,-0.5002763271331787,0.11861271504620272,-0.5682821051005759,-0.2959445258157362,0.221943082158241,0.2074494826558272,-0.8553181886672974,1.4481738545031713,0.7271494341874091,1.392060399055481,0.6666666865348816
2.4944661734903746,-0.4408404231071472,1.5299057372465688,-0.6554354429244995,0.3925091381970271,-1.2936506271362305,-1.5712607425021021,0.8754060010850245,-0.15362077951431274,0.23402099753908212,0.7174400687217712,0.5
-0.46642789244651794,-0.6191481351852417,0.056895946671635965,1.5194887432443027,-0.4801901578903198,1.2886537632013872,0.6830071023482424,0.5491276618244455,0.12796727706889738,-0.0928518464013313,-0.2944904565811157,0.5
-0.5422053933143616,-0.6191481351852417,0.010043300688266754,0.7506227436124582,-0.561576247215271,0.16680273413658142,0.7833832784861711,0.28785791658559784,0.2828202545642853,0.24441486597061157,-0.1258353590965271,0.3333333432674408
0.21556980907917023,-0.2625327408313751,0.5536593198776245,-0.7220988273620605,1.1398084513668068,-0.6757665276527405,-1.66738544985446,-0.2181234666642739,0.7824168060811632,0.3111979067325592,0.29580235481262207,0.3333333432674408
-1.0763395193843224,2.0917419550412832,-1.6264421468717125,-0.7887621521949768,-0.2089032083749771,-0.18600736219939518,-1.2069758313465897,-0.828229020817727,3.022152494198759,-0.42341551184654236,1.7834976469809019,0.3333333432674408
-0.5853364356090712,-0.23785020787241337,-0.8008335551807262,1.3651344438113193,-0.10038841515779495,-0.2533326908641525,-0.24628221415675583,-0.302357892616488,-0.028923334553837776,-0.22306638956069946,1.865159200152305,0.6666666865348816
1.5236813409087633,-0.20819778272650963,1.0655361991289443,-0.8998677730560303,-0.37167537212371826,-1.4059932231903076,-0.388189955002759,-0.8561775319983321,-0.7147592306137085,-1.3583780527114868,0.8017675876617432,0.3333333432674408
-0.9968705177307129,-0.3219686448574066,-0.19864892967193276,-0.733768118534912,-0.7786058187484741,-0.7027160356483628,-1.0821121091770847,-1.2499698005260569,0.7472585622055354,0.5344821772359664,0.29580235481262207,0.5
-1.4283737215223649,2.440570582907531,-0.48042941963421093,0.08506222280689238,-1.214481261497947,-0.032716423859301826,-0.41395232719387404,-1.5202282828766436,-0.16575296135458426,-1.8524904757174807,1.572152975061393,0.8333333134651184
0.3630820360698126,1.4290573947996421,-1.4100170621975923,-0.42327387445895753,1.2526734482969148,0.05446016043424606,-1.0482434649079548,1.1796958637834662,-0.15362077951431274,1.3738608878699248,-0.631800651550293,0.5
-0.39065036177635193,-0.7974557876586914,0.14594730734825134,-0.06902061993796663,-0.13731053345627267,-0.45108139514923096,0.11497411277596434,-0.22952621002495063,0.0957741066813469,-1.0912458896636963,-0.041507821530103683,0.3333333432674408
-0.2973960680546039,-0.3219686448574066,-0.6416345790208016,0.6822760302742992,-0.18177451193332672,0.9532006978988647,1.4849501608259463,0.7956098042015349,-0.5096553717741474,0.04406575486063957,-1.5721729383639458,0.5
-2.58819842338562,2.4737438257792967,9.11561107635498,-0.9887523055076599,15.037424087524414,14.546651840209961,-1.9040257930755615,-2.504413366317749,-3.1463592052459717,9.794388771057129,-2.1496963500976562,0.0
-0.5422053933143616,-0.4408404231071472,1.0293233394622803,0.5229870655504488,-0.2902892827987671,1.9614791564604135,2.1022920842580866,0.3821201779222397,-0.7147592306137085,-0.3566324710845947,-1.0971779007715363,0.3333333432674408
0.9504429859742828,0.15351851284503937,1.684057308954494,-0.4998875558376312,-0.2360319048166275,-0.17022497951984406,-0.6141410143727756,-0.2296153810379994,1.2291303877276867,1.9167392595651032,2.101217082143167,0.8333333134651184
-0.39065036177635193,-0.6785839796066284,-0.4656206965446472,-0.6785511006475522,0.13876359265874527,0.33531656861305237,0.7304279438641074,-0.55778818352998,0.34516897797584534,-0.5227688447618866,-0.041507821530103683,0.3333333432674408
-0.01176275685429573,2.2649067721633656,-2.115318022129619,-0.3557481196304613,0.8798348577134976,-0.16697696328527384,-1.2799434322998802,1.2064490118377231,1.1947981935253233,-0.2898494303226471,-1.137765884399414,0.3333333432674408
0.29134732484817505,-0.020404609606206003,0.010043300688266754,1.7503488162112764,-0.6158336400985718,11.98043613860799,1.8813481139654442,0.9429234960937127,-0.6524105072021484,-0.0895003229379654,-0.46314552426338196,0.5
0.06401476263999939,-0.20309685170650482,1.281766014329289,1.7822330674843332,-0.45270674898212526,1.4673819598723683,1.8227933367199995,1.0572168966806312,-0.9018054008483887,-0.22306638956069946,-1.0534383058547974,0.3333333432674408
0.8217899799346924,0.2658394869577541,-0.07390325077048175,-0.5665509104728699,0.16402754013684379,0.33531656861305237,0.5035022261331218,-1.0008907522309904,-0.7147592306137085,-0.08942862723551137,1.1390777826309204,0.5
0.06401476263999939,-0.7380198836326599,-0.12586070597171783,-0.8109833002090454,-0.561576247215271,1.7578127291651715,0.29688190952148646,-1.2307847868008224,0.033425383269786835,0.4447639584541321,0.9698701276533691,0.6666666865348816
-0.9210929870605469,-0.4408404231071472,0.21389929950237274,-0.6109932065010071,-0.19005400394667596,0.5038304328918457,1.0241258948540592,-0.24841648238424757,0.15812282264232635,-0.22306638956069946,-0.2944904565811157,0.5
-0.6146319122251351,-1.094635248184204,0.5536593198776245,-0.8109833002090454,-0.7986353433398796,-0.7519665945036749,-0.7061865356478577,-1.162111358290719,0.5945638418197632,-0.5569815635681152,0.3801299035549164,0.5
0.36428911122420155,0.4219815351184774,0.6895633339881897,-0.5724977414674968,0.2031680712227645,-1.0689655542373657,-1.6328755683876734,0.22061507252327017,0.9063074588775635,0.6621759207401907,1.1390777826309204,0.8333333134651184
0.21556980907917023,-0.9163275957107544,-0.12586070597171783,-0.833204448223114,-0.561576247215271,-0.3949100971221924,0.4909335174144667,-0.8452280937178712,-0.6524105072021484,-0.02271728403866291,-0.1258353590965271,0.1666666716337204
3.6201869057339335,0.6045214560489399,1.5872183071939245,-0.6109932065010071,1.2083758815537857,-0.8442803621292114,-1.4008011358373713,1.2543218819886832,-1.8466727391704345,1.3741338034060129,-0.631800651550293,0.5
6.353549003601074,7.345261573791504,9.11561107635498,-0.9887523055076599,-1.2940510511398315,14.546651840209961,5.739711284637451,-2.504413366317749,4.896625518798828,-2.092991352081299,3.078611373901367,0.0
-0.928055771601492,-0.46466278049081705,-0.12586070597171783,1.4345412580187766,-0.4109037604435951,0.9109381680263837,0.8419324762603675,0.5653063741107447,0.2204715460538864,-0.5193244383834229,-1.0534383058547974,0.5
-0.9210929870605469,-0.9344367550586573,-0.5335727334022522,1.52366331365919,0.25254232764364787,1.102143666879355,0.4402706321267972,0.6107824238562919,-1.3147989042724875,-0.6934490577015471,-1.2220934629440308,0.3333333432674408
-0.7695379853248596,0.3770467535978182,-0.4656206965446472,1.367302439863456,-0.10038841515779495,1.1217145919799805,1.3360166851663042,0.830942232872987,-0.1987663887159152,-0.22306638956069946,-1.3208103985533055,0.3333333432674408
-0.3148728311061859,-0.6191481351852417,1.6379846430731186,-0.5224128797190393,-0.6429623365402222,-1.237479329109192,0.1211286969826265,-1.4518324619451315,0.033425383269786835,0.37798094749450684,1.3883208203777715,0.6666666865348816
-0.6937604546546936,-0.6191481351852417,-0.49502934893435224,-0.6998776793479919,-0.4801901578903198,0.7698276214013592,0.5184060573114537,-0.7738118537125294,0.23102021795174427,-0.5569815635681152,0.21147480607032776,0.5
-1.072648048400879,-0.5002763271331787,-0.05790869891643524,-0.6332142949104309,-0.697219729423523,1.209178062488593,0.16934248081619283,-1.7144488464872616,1.1840639206856978,0.34380473675154877,1.8558229127007029,0.6666666865348816
-0.8453154563903809,-0.5597122311592102,-0.05790869891643524,1.818977485551208,-0.15464581549167633,-0.0578824058175087,0.7273390220947094,0.8379960081255297,0.4075177013874054,-0.3566324710845947,-0.8847832679748535,0.5
-1.353258265167216,2.108454153086404,-0.4656206965446472,-0.9660167398201743,-0.74706437237634,-0.977577667552112,-0.33517876993371926,-1.6488095303263006,0.6569125652313232,-1.0244628190994263,1.2730782139938035,0.0645369638935674
0.5186799168586731,0.8131432903716669,-0.5335727334022522,-0.7220988273620605,-0.5887049436569214,0.11063144356012344,0.6618664057769567,-0.3976161303385887,0.033425383269786835,-0.49019855260849,0.27848958273014174,0.3333333432674408
-0.01176275685429573,-1.0823718127963051,0.14594730734825134,-0.833204448223114,-0.6158336400985718,1.3044424197994553,0.29649578248842,-1.2518398939123025,0.46986642479896545,-0.49019855260849,1.0547502040863037,0.8333333134651184
-0.08754027634859085,-1.094635248184204,0.14594730734825134,-0.8776466846466064,-0.6158336400985718,-0.9566229581832886,-0.30798407868040295,-1.4749046509545019,-1.0265028476715088,-1.0912458896636963,0.7174400687217712,0.5
-0.39065036177635193,0.27239030599594116,-0.397668719291687,-0.874949730405078,-0.5154373623656447,-1.3228199042729991,-0.27153110494764837,-0.21754303104986397,-0.4030156433582306,0.1108487918972969,-1.181030638975285,0.3333333432674408
0.5944573879241943,0.7641929769489764,-0.397668719291687,-0.1046456471780039,0.515728906428752,-0.493170303220245,-0.796543798490382,1.1724690243799716,0.7884863672056378,-0.0895003229379654,-0.4999714000374705,0.3333333432674408
0.5186799168586731,-0.6785839796066284,0.48491022916618937,-0.8109833002090454,-0.697219729423523,-0.5072526931762695,0.043664287044755556,-0.5941873113243497,-1.7763476219983039,-0.17653330974464262,-0.1258353590965271,0.3333333432674408
-0.08754027634859085,1.7128480555642958,-1.6295001998584737,-0.5229140520509322,-0.697219729423523,-0.7276498700841963,0.22847305767767945,-1.4001059563236549,-0.15362077951431274,0.3111979067325592,2.2588964402148317,0.5
-0.01176275685429573,-0.08422506600618362,-0.88343670562879,-0.8554255366325378,-0.22087801080767389,-0.7009707696620223,0.967991736482052,-0.3832854273600866,0.19477179362254332,-0.22306638956069946,-0.45658782159866856,0.5
0.21556980907917023,-0.2625327408313751,-0.048756923810293104,0.41967267369070965,-0.6429623365402222,0.009834922491932335,0.5371870139606978,-0.2728685204380344,-0.7771079540252686,-0.34435972220524197,0.6331125497817993,0.49478484092834135
-1.2752593477667291,-0.2950490528536465,-0.5335727334022522,-0.7443199157714844,-0.9262421699474486,-0.22639626264572144,-0.035089079264524606,-2.0697694309667183,0.9394947546490128,-0.9341511316999092,2.5198324409536794,0.6666666865348816
-0.39065036177635193,-1.42550968086626,0.010043300688266754,0.6575941725274532,-0.2360319048166275,1.2511261993998566,0.5821529383827092,0.011882604623875066,-0.46536436676979065,1.4899111943620764,-0.7855033762604782,0.5
-0.3148728311061859,-0.6191481351852417,0.8254672884941101,-0.8998677730560303,-0.34454667568206787,-1.0127942562103271,0.30664777549083366,-1.0609961863825161,0.07445095818069634,-1.2408344750075857,0.6331125497817993,0.5
-0.6179829239845276,-0.3814045190811157,1.530918918447835,1.3470032120868862,-0.3174179792404175,1.5121267585635623,1.0419211582383712,0.6488434094860857,-0.9641541242599487,-0.6645558017699174,-0.8847832679748535,0.5
-0.2390953153371811,-1.094635248184204,0.4321891351534005,-0.7443199157714844,-0.6572079890772206,0.05446016043424606,-0.3879924280161012,-1.0463990793916704,-1.0888515710830688,0.24441486597061157,0.5487849712371826,0.5
-0.9210929870605469,-0.2625327408313751,-0.8048143187592223,0.2754058365770904,-0.34454667568206787,1.8691889686147434,0.3777722416411689,-0.5193104152557841,0.2204715460538864,-0.6450533461928858,-0.23755007764031882,0.5
0.26012737966889193,-0.4066957683544791,0.21389929950237274,-0.3614288581583821,-0.2631605863571167,0.05446016043424606,0.6384383411873954,0.6342060996502848,1.3497881083506635,0.2138884030661154,-0.631800651550293,0.5
0.21556980907917023,-0.8568916916847229,0.010043300688266754,0.9860820995911516,-0.561576247215271,0.031334914480270516,0.08527102294916925,0.2030643731805751,-0.4943674762655713,-0.49019855260849,0.29580235481262207,0.5
-0.5422053933143616,-0.2625327408313751,-0.2617647051811218,-0.9091763775184596,-0.5073188543319702,0.9079705501674077,0.9184906713833206,-0.7278558195983713,0.0957741066813469,-0.42341551184654236,-0.8847832679748535,0.5
-1.2557968686501817,0.5791203405043122,-0.27828499939942786,0.25950044801106653,-0.5073188543319702,0.7846868634223938,0.023125258543452328,-1.2017106704334017,0.9063074588775635,1.092163429053572,1.9927790452135419,0.6666666865348816
-0.7695379853248596,-0.7759711132644029,-0.3792609883987416,1.376771080554997,-0.5614409800009271,1.0821435424545651,0.5584184088747363,0.6243890619916177,0.0957741066813469,-0.5825766307405063,-0.8004556894302368,0.5
-0.3148728311061859,-0.3814045190811157,-0.05088966359250719,-0.9840863646599403,-0.23172278581375141,-1.5060841756277565,0.46173614680269137,-0.7292042869049683,0.0519915584841208,-0.8707155246137953,-0.041507821530103683,0.5
1.6863736240462939,-0.08422506600618362,0.7044900753381018,-0.766541063785553,0.8793025087009142,-1.0012766310128471,-1.1737389376551801,0.36355735190091704,-1.3987148198092416,2.1434629233925935,-0.6664833901126826,0.3333333432674408
-0.13918986390901947,-0.5638802945454073,0.14594730734825134,-0.8776466846466064,-0.2360319048166275,1.1873845819729398,1.5929295074836252,-0.46336094248879384,0.46986642479896545,-0.15628336369991302,-0.24748803649840317,0.5
0.5944573879241943,-0.024789171293377876,1.3418144125962288,0.24253671462057003,0.021399509740581434,0.648834497722317,0.1847177479243397,0.963691612525883,-0.7147592306137085,-0.49019855260849,-1.0534383058547974,0.3333333432674408
-0.3148728311061859,-1.0351994037628174,0.6696206513201722,2.0271801743945064,-0.39508216601321267,2.2694126964504733,0.784436526704648,1.3909114889509617,-0.15362077951431274,-0.49019855260849,-1.306420922279358,0.5
-0.08754027634859085,-0.8568916916847229,0.4177553057670593,1.0604751095674956,-0.7243484258651733,0.42118042773106257,-0.06878818110586774,-0.034453190911700855,-0.5900617837905884,-1.1580289602279663,0.6331125497817993,0.3333333432674408
-0.3148728311061859,1.928142006101792,-1.4217240668436706,4.23780115529507,-0.15464581549167633,-0.40946592904045925,-0.3736796629047011,1.494449598244275,-1.4321934491309476,-1.4753175783939811,-0.9691107869148254,0.3333333432674408
-2.353634468346687,0.9773162732980938,-1.8748823675151882,-0.8554255366325378,-0.10038841515779495,-0.0578824058175087,-0.7836268172820259,-0.7111968883586804,4.381984710722261,0.3111979067325592,0.5487849712371826,0.3333333432674408
0.29134732484817505,1.6445090894979777,-1.981364745036755,-0.5665509104728699,0.7612705570156456,-1.2695342507423988,-1.666510598658895,0.5749345528391955,0.6569125652313232,0.1108487918972969,-0.5474730730056763,0.5
-0.3148728311061859,-0.5282119288815204,-0.9003463670880387,-0.3957094551767902,0.8732229660866119,-0.11405368894338608,1.1532670510381637,-0.24839108835113566,0.6166590254268143,0.12349757082531666,-0.46314552426338196,0.5
-0.5422053933143616,2.0322464862961485,-1.1763999234524112,-0.4906718121285305,0.601371887517643,-1.5109645295673402,-1.832650932510662,0.4645468730783585,1.8120462255383964,0.9790282845497131,1.5607155561447144,0.3333333432674408
1.0369147495491298,0.0014406641386151865,0.21389929950237274,-0.766541063785553,-0.45306146144866943,-0.22639626264572144,-0.7383305810822004,-0.5529946849802863,0.15228020771182982,0.9514338214783795,1.1393201075528576,0.8249268727143859
-0.46642789244651794,-0.2625327408313751,0.010043300688266754,-0.8699524678692633,-0.8023460628042856,-1.1251368522644043,-1.0436494264226275,-1.6843337319824743,-1.0265028476715088,-1.3564348353760203,0.5487849712371826,0.5
-0.7695379853248596,-0.6820267257694689,0.19317771717226348,-0.5887720584869385,-0.2089032083749771,-1.349821925163269,-1.128626171427901,-1.0196204101874309,0.7816100120544434,-0.957679808139801,1.0547502040863037,0.5
-0.39065036177635193,-0.9163275957107544,-0.12586070597171783,-0.8554255366325378,-0.022400860608430814,-1.4059932231903076,-0.8606052013649682,-0.6391155966510199,0.0957741066813469,-0.19048965762206038,-0.1258353590965271,0.5
0.21556980907917023,-0.3219686448574066,0.28185129165649414,-0.9188366423724199,-0.45306146144866943,-1.1251368522644043,0.20747377825889518,-0.5681638656095542,-1.016901093288667,-1.1580289602279663,-0.46314552426338196,0.1666666716337204
-0.1511233171609754,0.8603329218733837,-2.1644208431243896,-0.6554354429244995,0.705873741136303,-1.349821925163269,-1.7403410899242526,0.6237981557014802,0.9686561822891235,0.5211295325323665,-0.7161281704902649,0.5
2.0879304103725853,-0.9163275957107544,1.1652272939682007,-0.6332142949104309,0.792507659438045,-1.384210631570206,-1.7738427079080503,0.013619955232133295,-0.5900617837905884,1.7458463453752797,1.392060399055481,0.6666666865348816
3.7068432029776046,-0.5597122311592102,1.2542203312710452,-0.6798298384490932,0.34441455648078134,-0.6832130487316661,-1.0799029139316587,1.5760454709914604,-1.890796297223704,0.24441486597061157,-0.7057432572347947,0.5
-0.5422053933143616,0.21295440196990967,-0.6587492670313367,2.9327097457492903,-0.18177451193332672,-0.5634239912033081,1.3369548278227439,1.9284688365946905,0.4075177013874054,0.4447639584541321,-1.137765884399414,0.5
0.6920275410233486,0.7601589086308843,0.5563949945970146,0.7951515834414867,0.5778290033340454,-0.22639626264572144,-0.6896065287371315,1.6629864312872527,0.19549066850131006,0.6451131105422974,-0.1258353590965271,0.5
-0.05785615681581141,-0.6191481351852417,0.08489338301253078,0.22013602808210092,-0.45306146144866943,-0.6757665276527405,-0.23901744474428605,0.020848277227498015,0.2828202545642853,-0.520274901275783,-0.4523586958312061,0.3333333432674408
0.6116236089628584,0.5672944357412033,0.14594730734825134,-0.6554354429244995,0.4243283896715355,-0.0017111222259700298,-1.2369658032636144,0.009632987434818892,-0.09127205610275269,2.6081208186630507,1.5607155561447144,0.5
0.6702349185943604,-0.5002763271331787,0.14594730734825134,0.24031191547261407,-0.4801901578903198,1.1217145919799805,1.7915909989380414,0.8098465090351571,0.049716069010723035,-0.02271728403866291,-0.688543827799362,0.5
0.21556980907917023,1.0060127515573158,-1.5404627230849162,-0.6998776793479919,0.4998979225381329,-0.6757665276527405,-1.342126123907899,0.6463769047475552,0.5322151184082031,0.22911561661887134,-0.8558914322676001,0.3333333432674408
0.29134732484817505,0.39232719865233023,-1.040342508292204,-0.6554354429244995,0.526071250182003,-0.33642828386711343,0.2130287152614295,0.3624634182866687,0.7816100120544434,-0.6237646341323853,-0.8448675758447206,0.3333333432674408
-1.4382510673652913,-0.5002763271331787,-0.397668719291687,0.029970694581404753,-0.5073188543319702,-0.16089118531646626,-0.019509974867105484,-0.7567004186065922,0.4075177013874054,-1.2915949821472168,0.4644574522972107,0.5
0.21556980907917023,2.8498345749908047,-1.9040888150299162,-0.562300741788285,0.8311178157162997,-0.17022497951984406,-1.5432594486941476,0.5095882971490087,0.4075177013874054,0.5783300399780273,-0.041507821530103683,0.5
-0.16331779956817627,-0.5002763271331787,-0.8016281808065969,1.13680096256607,-0.04500244471451685,1.3114953955981874,1.2480604297188747,0.5457294177455441,-1.122087491825263,-0.3566324710845947,-1.2220934629440308,0.3333333432674408
-0.3148728311061859,2.4432061761145505,-2.1644208431243896,-0.8816150833844568,0.13710256874100324,-1.4948284969868566,-1.826451264825894,-0.4352826849196208,0.5574075751543696,-1.4885641002502163,0.3801299035549164,0.0004530803539044274
-0.7695379853248596,-0.7763317249221635,-0.6629980906104243,1.0670072381708524,0.14423096703624358,0.5038304328918457,0.3248274261248254,0.19123152376006436,0.2828202545642853,-0.47085858755100535,-0.1258353590965271,0.5
0.6702349185943604,0.33182618021965027,-0.05790869891643524,-0.4998875558376312,0.4042600068784489,-0.05853080630174161,-0.23515387009741726,0.8469041029698103,0.5945638418197632,-0.18701974948957772,-1.0534383058547974,0.3333333432674408
-0.6179829239845276,1.8084871571349472,-0.5473488756743303,1.881203182175302,-0.2360319048166275,-0.2825675308704376,0.2736584592385408,0.9865797235241944,-0.414861798410264,-0.49019855260849,-1.089261385829006,0.3333333432674408
1.5237022735114747,0.9827516933694844,5.208825204903139,-0.8109833002090454,0.122929978050003,-1.237479329109192,-1.8159591418439456,1.0164957008854951,0.6562797203518087,1.906281622920665,-1.0534383058547974,0.3333333432674408
0.47398128211382434,-1.0547742152331234,1.6282719775066457,-0.8776466846466064,-0.15464581549167633,0.2229740172624588,-0.049628175353879596,-0.8894294803215456,-1.5832305882099753,0.3111979067325592,0.29580235481262207,0.5
0.5281586535057669,0.24959968705412872,-0.4564428274573275,-0.7220988273620605,0.8286078617145974,0.6723442673683167,-0.6576992449175648,0.42663716358226866,0.5251332165501652,0.9790282845497131,-0.2944904565811157,0.5
0.822187445153975,-0.5597122311592102,0.010043300688266754,0.5665353979351185,-0.6429315414523272,1.4112048726962974,0.575451407067345,-0.4871921121225682,-0.34507311872524293,-0.3566324710845947,1.3363859640773892,0.8333333134651184
1.2572420569927703,1.5049473384887575,-0.9948887935099524,-0.6666812408807246,0.5799642692475776,-0.17282901547942828,-0.7114554051233394,0.9497886222245678,0.033425383269786835,1.1705098749632086,-1.0534383058547974,0.3333333432674408
0.1397922784090042,2.4130060173887187,-2.1644208431243896,-0.5887720584869385,0.5910372828752432,-1.3109451834915957,-1.6834358711923831,1.4604867038739704,1.6198638468466342,1.5728371534346788,-0.9691107869148254,0.5
-0.6179829239845276,-0.5275300771994352,-0.05790869891643524,-0.6109932065010071,-0.4656333516901057,-0.2825675308704376,-0.22285339448081407,-1.6733456471850063,-1.3762476845776543,0.3111979067325592,1.813698172569275,0.5
-0.8453154563903809,0.33182618021965027,1.127722468610186,-0.6998776793479919,0.38971883357113574,-0.6757665276527405,0.6569990827231196,0.058922244610040336,0.18387283798092113,-0.18278398839419274,-0.5626915658678437,0.5
0.4429023563861847,-1.505348959356588,2.2211756683753334,-0.7887621521949768,-0.561576247215271,0.7846868634223938,0.7029934775840324,-0.522832199059736,-0.46536436676979065,0.6986131528941542,0.7174400687217712,0.5
-0.01176275685429573,-0.7348109245744205,0.38183023846590547,2.7858197742210655,-0.10765262212587036,2.0124848055472713,1.7370244533363588,1.8301739078464054,-1.0110388337313645,-0.0895003229379654,-1.2220934629440308,0.6666666865348816
-0.2390953153371811,-1.0734866119431166,0.07799530029296875,-0.6776565313339233,-0.5344475507736206,1.1251233244401104,-0.17750769093931784,-1.654920859915647,-0.46536436676979065,-1.6599911606981244,1.5607155561447144,0.6666666865348816
0.29134732484817505,0.42112934477391645,-0.397668719291687,0.5078195154405648,0.2800177204085407,-1.1498872101410385,0.45594478809426603,0.42947099359624563,-1.0265028476715088,-0.7573306560516357,-1.039643239502387,0.3333333432674408
0.92913357150552,-0.03533542829243624,0.9618256881549239,-0.6332142949104309,0.4399985218220875,-0.8442803621292114,-1.5103322877267842,0.3599776943061706,-0.4030156433582306,0.4447639584541321,0.7174400687217712,0.5
-0.6937604546546936,-0.6785839796066284,0.007566971636167125,-0.544329822063446,-0.7243484258651733,0.28531629542445536,-0.22072435526938636,-1.786846507549198,-0.34066691994667053,-0.8241137266159058,2.2092458887463997,0.6666666865348816
-0.6937604546546936,1.2519246634969408,-2.1644208431243896,-0.7887621521949768,0.7616992475982239,0.20665187380347044,-0.6496080973689354,0.3618853775224449,1.7996253693868765,0.40618645978162893,-0.47746962915113444,0.3333333432674408
-0.3148728311061859,0.09408261626958847,1.0293233394622803,0.7767103404875925,-0.5796200111546849,-0.11966630318668622,-0.03948425273299659,-0.8742188021260738,0.2204715460538864,-1.2915949821472168,2.2430612219637527,0.5
0.1397922784090042,-0.2625327408313751,-0.08251728001773909,1.2931291297190397,-0.6971669980447486,0.8868409941299096,0.14639226904305216,0.00033822330799830255,-0.4030156433582306,-1.362523000751392,0.9704226851463318,0.5
-1.1096344397321527,-0.3219686448574066,1.0913724137174505,0.6477746100927843,-0.725293600545915,-0.05271029279468539,0.8659492546698234,-0.9826556812207816,0.3759793964252919,0.2323810658140408,1.813698172569275,0.5
0.06401476263999939,-0.9163275957107544,0.47106773537890545,-0.5665509104728699,-0.561576247215271,0.16680273413658142,0.7445046247594229,-0.23640816901992404,0.6569125652313232,0.7786791324615479,-0.1258353590965271,0.6666666865348816
1.262046375260835,-0.5275111032440163,0.06566397991400419,2.4421138506093,-0.8837670416638308,-1.1813081502914429,-1.0642971750202859,1.126145837058919,-1.2928526021921727,-1.2915949821472168,0.10671055137721353,0.5
-0.39065036177635193,-0.9757634997367859,0.21389929950237274,-0.7860139107107983,-0.7243484258651733,-0.9483857703617016,-0.9490774302310077,-1.5218256424067529,-0.5900617837905884,-0.22306638956069946,1.205654865332427,0.5
-0.2390953153371811,-0.3219686448574066,-0.2617647051811218,0.643352022608842,-0.7786058187484741,-0.8834990482344487,-0.9149394429743947,-0.9281741896455064,-0.473352992733476,-1.0244628190994263,1.2425948186185112,0.6666666865348816
-0.16331779956817627,-0.4408404231071472,0.030093277833521722,-0.12773388931116803,-0.4801901578903198,1.1563501360812067,0.08214618362939255,-1.5010886157090766,-1.213549017906189,-1.0940436972032253,1.9252532758807175,0.6666666865348816
-1.3861383246835965,1.5154980216892195,-1.6819594731521996,-0.7887621521949768,-0.697219729423523,-0.17022497951984406,-0.14615557814310018,-2.074435858377657,0.8439587354660034,-0.49019855260849,2.159851181233826,0.5
-0.39065036177635193,-1.094635248184204,0.21389929950237274,-0.8109833002090454,-0.01900232955813408,0.607578457781602,0.16017125547610261,-0.574869188885721,1.6497147775619638,-0.30836784891785535,0.21394890428700827,0.6666666865348816
-0.5571430944614532,-0.6191481351852417,-0.05790869891643524,1.671857027098808,-0.18177451193332672,1.5433943178050098,0.6523094788152528,0.6226962021693976,-0.5900617837905884,0.1108487918972969,-0.658633622387751,0.5
-0.01176275685429573,3.1426517104144414,-2.1500560973183602,-0.544329822063446,0.8765146708336327,-0.8329977171216134,-1.1875109593279536,0.9007107142263693,1.3159658975514401,0.4447639584541321,-0.9691107869148254,0.3333333432674408
6.353549003601074,-1.5701223611831665,9.11561107635498,-0.9887523055076599,-1.2940510511398315,14.546651840209961,5.739711284637451,5.3161420822143555,4.896625518798828,9.794388771057129,3.078611373901367,0.0
-0.9968705177307129,-0.7297529339778335,0.0020775796459111193,-0.7220988273620605,-0.5156363047706827,1.7664280475813887,0.2850284971566859,-1.437816190186997,-0.3606204862322371,0.09007152277500313,0.5487849712371826,0.5
-0.6937604546546936,-0.20309685170650482,2.2747414176984604,0.665670176895985,0.3566786590639906,1.3820680513357153,1.926232598232005,0.5618501814030554,-1.0888515710830688,-0.4441405857094409,-1.306420922279358,0.5
-0.08754027634859085,-0.024789171293377876,-0.2617647051811218,1.685919308572367,0.2688636758124977,0.05446016043424606,-0.4173936144115291,1.4418212642894284,-0.8394566774368286,0.17763182520866394,-1.306420922279358,0.5
-0.39065036177635193,0.6856973823137029,0.010043300688266754,0.6929789743877525,-0.53597839649686,-0.3949100971221924,0.8246587084710296,0.3631939337334802,0.46986642479896545,-0.22306638956069946,-0.37881800532341003,0.5
0.4429023563861847,0.09408261626958847,-0.5453209212596257,-0.7464974661103486,-0.11598635472941142,0.5600017309188843,-0.5680276128101984,0.2594339333236022,0.46986642479896545,0.5783300399780273,0.21147480607032776,0.5
-0.01176275685429573,-0.9757634997367859,0.2158620463634316,1.4167695104072549,-0.3174179792404175,1.065543293952942,0.022670199107359706,0.4349158745161366,-0.2159694880247116,-0.8241137266159058,0.3334242146991823,0.3333333432674408
-0.9089423859934929,-0.1625279675874824,-1.2199645885297952,-0.7220988273620605,-0.5048293357439507,-0.2825675308704376,0.8030456886387662,-0.7486459947989504,0.8439587354660034,-0.22306638956069946,0.29580235481262207,0.3333333432674408
-0.01176275685429573,1.994589450558345,-1.5927065561184444,-0.6332142949104309,0.31707099469965977,-0.731937825679779,-1.275303039150935,0.47983186363681435,1.0933536291122437,0.37798094749450684,1.0008921447007852,0.5
0.9803546400922823,0.8181208448747372,-0.4656206965446472,-0.544329822063446,0.5742378778645285,0.2791453003883362,-0.4923605076026616,0.446247320259365,0.2204715460538864,0.5934741834651924,-0.041507821530103683,0.5
0.06401476263999939,-0.5597122311592102,1.0293233394622803,-0.7220988273620605,-0.5382085466886231,1.311230041955589,0.4054043702215077,-0.9642558478371578,-0.3878693736827192,1.969901162225834,0.7269362657823335,0.6666666865348816
1.4737780173399662,2.265224776278327,-1.5089102961782137,-0.8434971011140312,0.10834757684742649,-0.944665760425314,-0.7914612628071294,0.4275702207528378,-0.15362077951431274,-0.12287068092594149,-0.8847832679748535,0.3333333432674408
-1.10145878242815,-0.5597122311592102,-0.4656206965446472,-0.5665509104728699,-0.2360319048166275,0.04035665681119943,0.21376162000025783,-1.1059400382552824,-1.213549017906189,1.051198564589298,0.12714727222919464,0.5
1.0933560641465567,0.03464672341942787,0.28185129165649414,-0.6998776793479919,1.899852778993044,0.12577741762165423,-0.1233577616315254,1.089978089591006,0.05895236220593697,1.1589462940250088,-0.46314552426338196,0.5
-1.224203109741211,-0.7974557876586914,-0.19381269812583923,-0.5542257483716245,-0.8511464818639571,1.065543293952942,0.5145784157929308,-1.7819737459022365,1.3427485227584839,-1.2135472232786926,2.3618536191470763,0.6666666865348816
-0.46642789244651794,-0.3814045190811157,-0.941284716129303,2.9696349533860964,-0.45317907110610495,0.6723442673683167,0.7369880542359116,1.7960786765222008,-0.47156336620611544,-0.6905476450920105,-0.840539853509477,0.5
0.15054754773343476,-0.3219686448574066,-0.12586070597171783,-0.6332142949104309,-0.45306146144866943,-0.2825675308704376,-0.27665582360990726,-0.7745004678571497,0.7192612886428833,0.17763182520866394,0.5855433442485805,0.5
-0.8453154563903809,-0.42879703062755997,0.21389929950237274,0.8053675511187032,-0.3025888015554368,0.8394109746112818,0.9109500505703468,0.7207493682591529,1.3088722139600186,0.3657736084049126,-0.8847832679748535,0.5
-0.01176275685429573,0.02416605621239147,0.8254672884941101,-0.7707796391769084,0.40305291021561945,-0.731937825679779,-1.0534317497221588,0.1572438554148507,0.8234357048710756,1.1158215931942916,0.29580235481262207,0.3333333432674408
-0.9843677843842907,0.21295440196990967,-0.397668719291687,-0.1579073490321531,-0.8208960795970202,0.5600017309188843,-0.019509974867105484,-1.2332506338620044,0.4075177013874054,-0.5883867904606195,0.8207162632912188,0.6666666865348816
-0.01176275685429573,-1.2474604623231718,0.29005399780132174,-0.544329822063446,-0.6158336400985718,-0.0017111222259700298,-0.4752484112804842,-0.9196152277997043,-0.09127205610275269,-0.5569815635681152,0.47281902853938784,0.8333333134651184
-0.16331779956817627,-0.17837852318728042,0.07799530029296875,-0.6109932065010071,-0.7243484258651733,0.4476591646671295,0.9641382054709824,-2.007832778384574,-1.3988511322021802,-2.0816147519409727,2.22720291068,0.6666666865348816
-0.6937604546546936,-0.20309685170650482,-0.5335727334022522,0.6354116429144014,-0.23973912341713982,2.1243955979858034,1.5164026815756684,-0.12759267602328317,-0.46536436676979065,-0.3566324710845947,-0.37881800532341003,0.5
-0.16331779956817627,-0.4408404231071472,0.5392727966632574,-0.02381146570017093,-0.2200600147769991,-0.17022497951984406,1.2633037869510364,0.280025727029989,-0.7147592306137085,-0.0895003229379654,-0.9691107869148254,0.3333333432674408
-0.6179829239845276,-0.6191481351852417,0.14594730734825134,1.696401809766599,-0.3174179792404175,0.5871717613974418,1.303288414024401,1.0971170359098994,-0.6524105072021484,-0.6905476450920105,-1.4750760793685913,0.5
-0.2642198163764438,-0.9757634997367859,-0.2617647051811218,-0.5887720584869385,0.06718708093663245,-0.11405368894338608,0.199092066988505,-0.3287334720551232,1.531095112961575,-0.5569815635681152,-0.1258353590965271,0.5
-0.7575450468256523,-1.4224856183018353,-0.4376080550489318,0.04222200548961137,-0.697219729423523,0.6723442673683167,0.02490789204931628,-0.38413787481766914,-0.46536436676979065,-1.8696310160490044,-0.37881800532341003,0.5
0.21556980907917023,-0.024789171293377876,0.83599157291172,2.073035269217119,-0.6158336400985718,-0.45108139514923096,-0.1573338169866072,0.14509074338920974,-1.0302862671849138,-1.0244628190994263,1.223405361175537,0.8333333134651184
0.29134732484817505,-0.7735126313442491,-0.2300677299763603,0.6152444829799524,-0.45306146144866943,0.43368917598206463,0.2527600358841254,0.010745807990743782,-0.8064044741323976,-0.14194569275333996,0.12714727222919464,0.5
-1.1411759506171189,-0.6191481351852417,-0.19381269812583923,-0.8554255366325378,-0.8546568731313329,0.4418081113851048,0.16029298314926296,-1.6611782379512117,0.2204715460538864,-0.5569815635681152,1.3861356545981072,0.5
0.3649943348306445,0.09408261626958847,-0.397668719291687,0.03105729258612311,-0.034168978274645524,-0.0578824058175087,0.17606116536761002,0.10449175607132505,0.17570711440280684,-0.3681211969760823,0.3801299035549164,0.3333333432674408
-0.5422053933143616,-0.2625327408313751,0.4857073128223419,1.6674018484316528,0.4168891436497324,1.0126682911767249,1.433586163962019,1.198814847417973,-1.259353805135023,-0.3566324710845947,-1.6309819261901677,0.5
-0.3148728311061859,-0.27194446413746554,0.21389929950237274,1.0716405587539393,-0.4527687589341417,1.623637813930967,1.6574392724813816,0.8228049737107133,-0.7771079540252686,-0.33219115111336794,-1.4359499878553006,0.3333333432674408
-0.39065036177635193,-0.7974557876586914,0.01120187411762194,1.86153126760994,-0.10038841515779495,1.686966192379552,0.8121296853372656,0.9302802562576635,-0.46536436676979065,0.4420218590661732,-0.4752751558624536,0.3333333432674408
-0.6937604546546936,-1.1811699083713065,0.8934193253517151,-0.9216081214834033,-0.07325971871614456,0.6723442673683167,-0.15748220944876942,-1.5425076265971664,-0.5277130603790283,-0.7573306560516357,0.7174400687217712,0.5
-0.3148728311061859,-0.024789171293377876,0.047164960101416645,-0.4851050203219834,-0.7786058187484741,-1.0746528915813403,-0.11278483430484765,-1.397394310129868,-1.4793847241306965,1.0826494482941689,1.813698172569275,0.5
6.353549003601074,-0.9757634997367859,9.11561107635498,-0.9887523055076599,-1.2940510511398315,14.546651840209961,5.739711284637451,4.897159294263961,4.896625518798828,9.794388771057129,3.078611373901367,0.0
0.7612576841877556,-0.5167549151897841,0.4670501533778824,-0.6776565313339233,0.4945415209442827,-1.0127942562103271,-1.7650468085621738,-0.16135986236316208,0.15812282264232635,1.452225460206091,1.0547502040863037,0.5
0.596235227658018,1.5646402533188186,-1.1672711790317762,-0.3225457652759568,0.9945908574042597,-1.349821925163269,-1.6517251496951457,1.2748040582325582,0.46986642479896545,0.17763182520866394,-0.631800651550293,0.3333333432674408
-0.08754027634859085,-0.1495696162137256,0.28185129165649414,-0.6776565313339233,2.9512127293201207,-0.5634239912033081,0.28354538061898166,-0.9325991587599691,-1.0385989127704718,-0.49019855260849,0.21147480607032776,0.3333333432674408
-0.3148728311061859,-0.20309685170650482,0.010043300688266754,-0.7269930855484259,-0.6672533930610177,-0.5044395193322015,-0.7088251438252994,-1.7699356188046331,0.09462686385489802,-0.3566324710845947,1.8047044912031025,0.6666666865348816
1.6440820300734336,-0.2625327408313751,0.581438158443708,-0.6776565313339233,0.13327532531925607,-0.5634239912033081,-1.658952798731603,0.09137354306268117,0.4075177013874054,2.3157585096252706,1.125745712006827,0.6666666865348816
1.131617388770828,-0.5002763271331787,1.0293233394622803,-0.8776466846466064,-0.632403892070354,0.5183035603217173,0.0480598295021019,-1.2029075562677984,-0.46536436676979065,-1.0912458896636963,0.7174400687217712,0.5
-0.5422053933143616,-0.8568916916847229,0.34980329871177673,-0.8361117047778972,-0.4801901578903198,-0.8442803621292114,-0.3732707088303965,-0.4588903819845093,1.106278745744376,0.17763182520866394,-0.1258353590965271,0.3333333432674408
0.4429023563861847,-0.8807073539936386,-0.12586070597171783,-0.6998776793479919,0.09372557456120324,-0.22639626264572144,-0.20163062117384356,0.018055286862869155,0.9063074588775635,0.4853554663300385,-0.2944904565811157,0.3333333432674408
1.574008466743487,-0.7380198836326599,1.0418434059221826,-0.7220988273620605,-0.46348171640666774,0.1809331012603718,0.06442208494682714,-0.028238555226504893,-1.2918208467133372,-1.4841890986713748,-0.8004556894302368,0.5
-0.2390953153371811,-0.9444155418711437,0.4177553057670593,-0.8109833002090454,-0.39880406856536865,1.4330548247899038,0.8560853401472793,-1.143691480565365,-0.6782145248798419,0.5115470290184021,0.7174400687217712,0.6666666865348816
-0.2390953153371811,-0.4408404231071472,0.9963020822665587,-0.8606024468690948,1.3730636902795745,0.6723442673683167,0.38074688736871,-0.05926191689131152,-0.028923334553837776,-0.6905476450920105,-1.0534383058547974,0.5
-1.10963602208425,-0.6785839796066284,-0.12586070597171783,0.44343840368147214,-0.5834869234035963,-1.5145908439869933,-1.624959241464314,-1.5085697827955051,0.31544530644699026,-1.0244628190994263,1.813698172569275,0.3333333432674408
-0.6179829239845276,-0.6191481351852417,0.34980329871177673,-0.8554255366325378,-0.7044714350806764,-0.5634239912033081,-0.4147443660654084,-1.48208019668873,-0.16565596436442104,-0.2898494303226471,0.9253796621581878,0.5
-0.3776916161546603,0.33182618021965027,0.14594730734825134,-0.6776565313339233,-0.2631605863571167,0.11063144356012344,0.4793671349372175,-1.662088829718381,-0.6324424976863976,-0.890896737575531,1.888220483478007,0.6666666865348816
-0.7199091320315548,-0.5597122311592102,0.6216112971305847,-0.8776466846466064,-0.39761379515557116,-0.5072526931762695,-0.22661184721288144,-1.2095560532576715,-0.5700153851647016,-0.42341551184654236,0.06337927929048627,0.3333333432674408
-0.16331779956817627,-0.4515255657380697,-0.5335727334022522,0.2539787437854756,-0.7690386784935849,1.0645108007058974,0.15703058687426183,-1.0366237654002741,-0.7147592306137085,-1.2262456018061718,1.109389784038349,0.6666666865348816
-0.3148728311061859,-0.9757634997367859,-0.397668719291687,0.8547081296424108,0.12381680803472077,0.33531656861305237,1.319181442130309,0.42963438588889413,0.5322151184082031,0.24441486597061157,-0.28732330386653654,0.5
0.7015218720810655,1.0035286858437522,-1.172114587768008,-0.5887720584869385,0.8187896275882237,-0.7881091237068176,-0.7548856704904389,1.033216118812561,0.2828202545642853,2.098106434018865,-0.631800651550293,0.3333333432674408
-0.3148728311061859,-0.6191481351852417,0.4385924503361218,-0.10274872792349607,-0.3174179792404175,1.5852772197146106,0.9479651632647295,-0.06121253160482977,-0.7147592306137085,-0.957679808139801,-0.631800651550293,0.3333333432674408
-0.01176275685429573,-0.6191481351852417,0.3370856515818471,-0.833204448223114,-0.6158336400985718,0.657263724634462,0.3980906925053314,-1.3530759403011214,-0.8394566774368286,0.03355728266071758,0.9704226851463318,0.5
0.10065432914487056,-0.5002763271331787,1.3543916689277253,1.8609355647532524,-0.18177451193332672,0.2498859999136634,0.984662207998638,1.3788423029606383,0.4075177013874054,0.6864868235784014,-0.5474730730056763,0.3333333432674408
0.8217899799346924,2.0549519234077827,-0.34977526786892593,-0.544329822063446,1.0285143148586007,0.33531656861305237,-0.024596193841347563,1.4034603140662594,0.9686561822891235,0.04406575486063957,-0.9691107869148254,0.5
6.353549003601074,-1.5701223611831665,9.11561107635498,-0.9887523055076599,-1.2940510511398315,14.546651840209961,5.739711284637451,5.3161420822143555,4.896625518798828,9.794388771057129,3.078611373901367,0.0
-0.561533755200835,-0.033872014300965994,1.1652272939682007,-0.766541063785553,0.6350927024282225,1.02569935911028,1.3578976284388082,-0.24507783811036934,-0.028923334553837776,0.24441486597061157,-0.8847832679748535,0.3333333432674408
-0.3148728311061859,-0.024789171293377876,1.1652272939682007,-0.7119866428128818,1.7167307061452162,-1.2936506271362305,-1.7365248166236626,0.40870546854043693,0.5322151184082031,0.9730705111960258,-0.1258353590965271,0.5
-0.05337503081715916,-0.3219686448574066,-0.05790869891643524,-0.41810937771337475,0.5221595786376588,0.5038304328918457,1.6813946150422223,0.27096886035241585,0.9686561822891235,-0.19698292948074297,-0.9691107869148254,0.3333333432674408
0.8780989639376614,-1.094635248184204,0.010043300688266754,-0.8554255366325378,-0.4192182791550501,0.3538024506101629,0.016922241830130226,-0.5877394285380066,-0.8394566774368286,-0.6237646341323853,0.047341021628297335,0.5
2.5588017790036814,0.33182618021965027,1.6960128427513819,-0.1883860207819148,0.5916851689848174,-1.1251368522644043,-1.762562318220375,1.3116792516017186,0.0957741066813469,0.4447639584541321,0.3801299035549164,0.5
2.2089640085744917,-0.20309685170650482,2.738769799687375,-0.6998776793479919,1.046528140151595,-0.7035068329438283,-1.1125668940503928,1.197633624031304,0.7925961662218146,2.023193162442437,0.12714727222919464,0.3333333432674408
0.21556980907917023,1.0000740473414536,-1.414102472574602,-0.7443199157714844,0.5368712273731168,-1.349821925163269,-1.7324977264351127,0.6922992905312157,0.7192612886428833,0.8168626250837477,-0.9691107869148254,0.5
-0.39065036177635193,-1.436963865122355,0.34980329871177673,-0.6554354429244995,-0.39880406856536865,2.2624874060297753,0.47129363342910235,-0.8553181886672974,0.7192612886428833,-1.0244628190994263,0.7174400687217712,0.5
0.5944573879241943,-1.065695051368038,1.7972174078115695,-0.8554255366325378,0.5131779959114207,0.019142442377844453,0.08920268621057642,-0.08488959014448798,-0.5277130603790283,-0.890896737575531,-0.9691107869148254,0.1666666716337204
-0.2390953153371811,0.5211511211949941,-0.4656206965446472,0.35123435330679936,-0.510931035164077,-0.04025058742175746,0.11842576066422601,-0.2483547269377474,-0.5277130603790283,-0.957679808139801,0.29580235481262207,0.1666666716337204
0.21556980907917023,-0.6785839796066284,-0.5435113528146293,-0.19041220372325623,-0.04613102599978447,-0.6195952296257019,-0.3718719326526928,-0.3837897946622967,-1.526571752717524,-1.0244628190994263,-0.2101629078388214,0.5
-0.6179829239845276,-1.065112641524083,0.7867159453939695,-0.766541063785553,-0.2360319048166275,0.5706540574220673,0.6543301431533506,-0.037460424140535284,2.2445225333069634,0.6451131105422974,-0.46314552426338196,0.5
-0.16331779956817627,1.7001191967918219,-2.164114645413744,-0.61632015501433,0.41920378767986866,-1.1915930249606155,-1.7139138146067738,0.905615087309746,0.34516897797584534,1.5752359408572765,-0.7161281704902649,0.3333333432674408
-0.46642789244651794,-0.8516441352286767,-0.8804718339450565,-0.7220988273620605,-0.39880406856536865,0.130207345929008,0.13335581566952365,-1.2498717281702474,-0.8394566774368286,-0.0895003229379654,0.28744277359245857,0.5
-0.46642789244651794,-0.8568916916847229,-0.007329742811958619,0.6529592296033143,-0.6723783277325743,1.1217145919799805,0.2827518634106109,-0.18465496589906047,-0.46536436676979065,-1.0244628190994263,-0.46314552426338196,0.3333333432674408
-0.08754027634859085,-0.14366096258163452,1.6832472787055606,1.649351891608998,-0.02257894119605393,1.6548428369070245,1.9848409072984237,1.3970228879312347,-0.2814601242491931,0.737223381367053,-1.306420922279358,0.3333333432674408
-1.148425579071045,-0.7262481141948732,-0.19381269812583923,-0.7373384574406985,-0.5109667688803546,-0.17022497951984406,0.2939718971979603,-0.8553181886672974,0.6964021763453423,0.17763182520866394,0.04281972348690033,0.5
-1.636630355778801,1.4201034746354448,-1.9863461513405394,-0.6087729874144941,-0.5887049436569214,-0.3949100971221924,-0.34612213261226904,-0.4974978621980744,3.895042622015903,0.9148594718508688,-0.2944904565811157,0.3333333432674408
-0.01176275685429573,1.0035725215184876,-1.1426378905906145,-0.833204448223114,0.3698040011462809,-0.90045166015625,-1.0932789386930561,0.34182554499221934,0.44725929393948854,0.4447639584541321,-1.0534383058547974,0.5
1.9933006565267717,0.33182618021965027,5.678083980739029,-0.09550032996169075,2.791714361201384,-0.9566229581832886,-1.3615299031741765,1.5993770951307722,-0.8781842348852785,1.9572551343267794,-0.5474730730056763,0.5
-0.7974189504287987,-0.7873556674067604,0.04346334878584118,1.515950648360469,-0.15133677504529858,0.9267490316733211,0.9174938906006981,0.7491201218475884,-0.4030156433582306,-0.9507661768890882,-0.5046487182667605,0.3333333432674408
0.1397922784090042,-0.5597122311592102,-0.12586070597171783,-0.6554354429244995,0.41388860184283416,-1.3106166055817567,-1.3872320421525182,-0.5529460731806104,-0.7147592306137085,-0.5255411678964775,0.7174400687217712,0.5
-0.6501397965898544,-0.8568916916847229,0.010043300688266754,0.85050689331232,-0.2360319048166275,-0.9566229581832886,-0.3116218213013798,0.3946596079937616,0.2925385785365128,-0.02271728403866291,0.29580235481262207,0.3333333432674408
-0.3148728311061859,-0.3219686448574066,-0.05790869891643524,-0.29035511980751405,-0.6429623365402222,0.4476591646671295,-0.5245222890280294,-1.5893921073336674,-1.0817740617847276,-0.6237646341323853,1.6979896027070303,0.5
-0.5439372039368054,1.3091560407241698,-1.690684045669771,-0.7140983470250547,0.7035000939874383,-1.2466029275448764,-1.8301276639259947,-0.18629106835900391,0.38359761749328675,0.04406575486063957,0.23075522571574086,0.5
2.690469632246898,0.4751575930075065,3.015919288914399,0.047815647299999285,0.7153795764051003,-1.5604054605804778,-1.8319985760538349,1.1674006470815732,0.0957741066813469,0.3111979067325592,1.285252985308227,0.5
0.9939404115306913,-0.024789171293377876,1.515845103064521,-0.7464635405622536,-0.07325971871614456,-0.6195952296257019,0.8968103171315951,-0.17950447991219426,-1.3803426829687955,0.24441486597061157,-0.37881800532341003,0.09864611743130793
-1.5019971568071275,1.1312700346675275,-2.1644208431243896,-0.6998776793479919,0.45565196653656254,-1.382808494377084,-1.818446668810661,0.9141854141503929,4.518899239728471,0.9790282845497131,-0.8004556894302368,0.3333333432674408
-0.8453154563903809,1.2417093140487325,-1.7544604941020119,-0.8249163382918163,14.890221432377377,-0.17022497951984406,-0.3071946122003269,-0.10165420332615784,-0.2159694880247116,1.9104898403123032,-0.8583795048877553,0.3333333432674408
-0.6179829239845276,1.7040917633389898,-1.6624454795378802,-0.6554354429244995,0.40698720359075974,-1.0582168013598534,-0.9460346993816986,0.40160663064759355,1.5466179747678777,0.7786791324615479,-0.37881800532341003,0.5
-0.6937604546546936,-0.3814045190811157,-1.2492235344496125,0.42789704232149733,-0.34454667568206787,1.8106314516844866,1.3501365329398334,0.22129032020201392,-0.6598596890901502,-0.6905476450920105,-1.137765884399414,0.5
1.257799283813711,-0.08422506600618362,0.07799530029296875,-0.8367535409513912,-0.2902892827987671,1.2529558823167704,0.14955202773232779,-0.978089347951096,-1.0888515710830688,1.121563015185275,0.5200394283706831,0.6666666865348816
0.4416373018881485,0.15351851284503937,-0.12586070597171783,-0.6554354429244995,0.5778290033340454,-0.1819788173695862,-0.7059091647614281,0.8983207941055298,0.5791976925068172,0.4447639584541321,0.3801299035549164,0.3333333432674408
-1.5470495304506833,-0.2625327408313751,-0.7200441633867516,-0.7887621521949768,-0.807665387476426,-0.9566229581832886,-0.30254784766248216,-1.5756271094338603,1.9669912340039486,0.04406575486063957,1.5607155561447144,0.8333333134651184
-1.072648048400879,0.5834768610983136,0.010043300688266754,-0.5161208023123803,-0.5569620706296998,-0.0578824058175087,0.09776510422712827,-1.1122129298079924,0.9063074588775635,0.17763182520866394,0.8017675876617432,0.6966970238430762
-0.7695379853248596,-0.5002763271331787,-0.12586070597171783,-0.6776565313339233,-0.6429623365402222,0.05446016043424606,0.04104577045546613,-1.7162449540371196,-0.7147592306137085,1.6295711625643865,1.5607155561447144,0.6666666865348816
0.1030124019601738,1.2835229230476675,-0.820595486847909,-0.6109932065010071,0.4298541495940881,0.5440231530294974,-0.1704973689495114,0.8356170093205092,1.6334445894520822,0.7118961215019226,0.29580235481262207,0.5
0.8478555258634716,-0.7974557876586914,-0.05790869891643524,-0.04566198789455575,-0.9879576012808347,-0.22639626264572144,-0.33198756021255,-1.3839456791655493,-1.8067204930927354,-0.9577307033881687,1.5212005547036525,0.6666666865348816
0.32339391204877055,-0.3093956241385895,-0.6859678724103561,-0.5887720584869385,0.7130924090776923,-0.22639626264572144,-0.4951379390649844,0.4233805297780636,0.2828202545642853,0.04406575486063957,-0.041507821530103683,0.6666666865348816
-0.3148728311061859,1.897575306351652,-1.5739253055669045,-0.766541063785553,-0.10038841515779495,-0.731937825679779,-1.1944049762516618,-0.2484268176461432,1.3799768663377803,0.1802631916539983,0.7174400687217712,0.3333333432674408
0.4429023563861847,0.7736242310987078,-1.639681516558142,0.7207412979710699,-0.15464581549167633,-0.7715309757419291,0.2017458948878272,0.7725735054226838,-0.40145431353863803,-1.3371562237723293,-1.139213394459656,0.3333333432674408
-0.6937604546546936,-0.024789171293377876,0.2820989095816532,-0.6033651712815508,-0.4801901578903198,1.0335126658955767,0.9491453420340161,-1.1927374781554345,0.5512582533294936,-0.5569815635681152,0.9704226851463318,0.5
0.9565605057701864,-1.2538173581003753,0.4177553057670593,-0.8554255366325378,-0.4813351690938016,0.6065061773113883,0.029608085583455124,-0.352760503400617,-1.5580091820992445,0.4447639584541321,-0.8004556894302368,0.5
2.0635558550668436,0.09408261626958847,0.40485163700971283,-0.6164615965469307,0.188628279890301,0.5027886283377015,-0.8850689396049003,0.8269711829105634,0.0957741066813469,1.5019922455310664,0.3801299035549164,0.6666666865348816
-0.16331779956817627,-1.0351994037628174,-0.05790869891643524,-0.8554255366325378,-0.5033789571090944,-0.8442803621292114,-0.36464219037915924,-1.6953976713503196,-1.4221357664641097,-0.42331186002520765,1.4363853228283736,0.5
0.1397922784090042,-0.2625327408313751,0.34980329871177673,0.3344063663598802,-0.682611981735255,0.16680273413658142,0.9316148736868668,-0.4492321184045232,-0.09127205610275269,-0.5569815635681152,0.7174400687217712,0.5
-0.46642789244651794,-0.083987291617464,-1.1353083389529512,0.5575001709465994,-0.04613102599978447,1.2831874467066202,0.6248136364202037,0.7312563631719196,-0.5649689964920426,0.4447639584541321,-1.559403657913208,0.3333333432674408
-0.9066208780349465,-0.024789171293377876,0.07799530029296875,0.1596481321929238,-0.2902892827987671,1.1217145919799805,0.9940376930348556,0.013937457792360523,0.5125012100142924,-0.3243934563608694,-0.698465808562496,0.5
0.6702349185943604,-1.0594506275642182,-0.05790869891643524,2.763987595387993,0.36097613450998167,0.9532006978988647,0.8839340460867907,2.0631035688992423,-1.5026548995262006,0.4447639584541321,-1.559403657913208,0.6666666865348816
-1.219665681084751,-0.2625327408313751,-0.7357488805339992,0.6909554235757391,-0.3204182210499131,0.2791453003883362,0.4466051942893908,0.6260729597040845,-0.07652267435487989,-0.22306638956069946,-1.2220934629440308,0.3333333432674408
-0.3148728311061859,-0.3814045190811157,-0.12586070597171783,1.0676673153937386,-0.2902892827987671,2.209416043202253,1.9130189847729384,0.6114719972208915,-1.0265028476715088,0.10498609650983334,-1.306420922279358,0.3333333432674408
-0.9210929870605469,-1.1166684075823234,0.49555546306257314,-0.8776466846466064,-0.5887049436569214,-0.17022497951984406,0.29681538317535927,-1.0505947658194692,0.033425383269786835,-0.2898494303226471,-0.37881800532341003,0.3333333432674408
-0.4061100323408273,-1.345669328075401,0.24734152966409195,0.5660137316803004,-0.3174179792404175,0.2833018284488934,-0.20019833409915666,-0.3493148822219949,-0.7771079540252686,0.17763182520866394,-0.37881800532341003,0.6666666865348816
-0.01176275685429573,-0.8568916916847229,0.4857073128223419,1.9963653426465837,-0.10393362080281407,1.7577552818663134,1.1898813015439198,1.3424407174445108,-0.2159694880247116,-0.15628336369991302,-0.631800651550293,0.6666666865348816
-0.2390953153371811,-0.7315367215717721,0.28185129165649414,-0.23195508235762952,-0.2631605863571167,0.888885413268846,0.436641999217523,-0.5760821380626182,-0.34066691994667053,-0.0895003229379654,0.04281972348690033,0.5
2.260426665889745,-0.3814045190811157,1.1652272939682007,-0.833204448223114,0.4003945598112213,-0.9225305397711192,-0.7678811982453045,0.36868316754837765,-0.6524105072021484,-0.02271728403866291,-0.1258353590965271,0.3333333432674408
-0.6571724207380629,-0.3814045190811157,0.07799530029296875,0.13695075056076753,-0.24841947140366805,-0.1510684726082766,0.793441589293957,-0.1025788674424285,0.8439587354660034,0.5418320326581852,-0.24497934505689478,0.47262782669590897
-0.5422053933143616,-1.0351994037628174,0.010043300688266754,-0.8109833002090454,0.3294640784630164,-0.5196900847187449,0.09807140205535864,-0.6037346312801571,-0.4030156433582306,-0.23226495124472998,-0.5474730730056763,0.6666666865348816
0.40970742273985467,-0.9757634997367859,0.0863802056066921,1.566997926681787,-0.10038841515779495,1.808484391939444,1.0778816830256064,0.9901274102528302,-0.5067392476372433,0.9440093470695001,-0.800918033191685,0.5
-0.27999524483799754,-0.6884835097897594,0.3315130480149477,-0.6554354429244995,-0.48537114330696257,1.065543293952942,0.3204553537435117,-0.4322247111756206,-0.2159694880247116,1.5827564693914886,-0.4275384657238744,0.5
-0.5422053933143616,-0.5597122311592102,-0.2617647051811218,1.5129554787345179,0.324550015212215,1.909034002772416,1.711586383874903,0.6944939576372483,-0.35038660256721743,-0.6463711690100354,-0.9691107869148254,0.3333333432674408
3.0850156937180633,0.031389138348204906,1.1652272939682007,-0.636033332379053,0.43054644336826237,-0.9566229581832886,-1.2228174475698834,1.1986986191006683,-0.4030156433582306,-0.0895003229379654,-0.2944904565811157,0.2849138500961289
-0.7695379853248596,0.47706143895631736,-0.2617647051811218,0.395822450249365,-0.5537552528951813,-1.231343031391086,-1.1572568469089466,-1.6772308489047152,-1.0888515710830688,-1.5123818446577033,2.2840474019146324,0.5
6.353549003601074,2.1894271129030085,9.11518829869085,0.3465991089913609,10.436721637586778,-1.6253344898207749,-1.7659133227711354,5.3161420822143555,-3.127475851501777,7.455558117462212,1.2710617615841233,0.8333333134651184
0.21556980907917023,0.09408261626958847,-0.19381269812583923,-0.6676941956520521,0.20089200554541572,-0.731937825679779,0.7302954522179818,-1.2461081390198303,-0.5277130603790283,1.2425269009215218,1.8884067853239996,0.5
-0.2390953153371811,0.03464672341942787,0.14594730734825134,-0.6941594745870914,-0.8328632116317749,-1.349821925163269,-0.9801335696700922,-1.7519921335283724,-1.437564069352552,0.24441486597061157,1.6627442246527842,0.5
0.7460124492645264,-0.3387652849647052,0.9593709436052003,-0.5682793496138904,0.5270989843625232,-1.349821925163269,-1.689475043262214,0.8346732503929485,0.8439587354660034,1.2240667035365476,0.29580235481262207,0.5
-0.01176275685429573,0.3912666382593127,-0.941284716129303,-0.22711407946337112,0.17059610170405817,-0.45108139514923096,-0.029502789498824417,0.07808993463056838,-0.9018054008483887,-0.890896737575531,-1.0534383058547974,0.3333333432674408
-0.6179829239845276,1.3776748630547655,-1.583089967318954,-0.6776565313339233,0.2205371947334733,-0.7033293026261164,-1.5218316152300282,0.09979049186714704,0.6618697368377572,1.8281152555028963,0.21147480607032776,0.5
-0.16331779956817627,-0.5597122311592102,-0.4656206965446472,0.7477637094278476,-0.7243484258651733,-0.17022497951984406,0.20895327214857817,-0.028646691631104455,-0.46536436676979065,-0.32090353523881154,0.21147480607032776,0.3333333432674408
1.7568338316961907,0.03464672341942787,0.8934193253517151,-0.8109833002090454,-0.5449931391218958,-0.6147787705352925,-0.1391239298392091,0.07912921145936244,-1.213549017906189,0.17763182520866394,0.21147480607032776,0.3333333432674408
-0.8453154563903809,-0.8830576269313763,1.1652272939682007,0.5670551151271327,-0.741065709573443,-0.015513906610398118,-0.10157959649630657,-0.9380680447460715,-1.4005951881408691,-1.866866674864711,0.5487849712371826,0.6666666865348816
-0.6179829239845276,-1.213507056236267,0.10238734139741067,-0.18736427820043364,-0.34454667568206787,0.5600017309188843,0.1586592230546963,0.07024618820473441,0.34516897797584534,-0.7825015082204151,-1.1032230328350086,0.5
-0.409182625607564,0.35276733058959986,-0.397668719291687,0.44123394840813085,-0.9372190072114054,0.7705505156472755,1.1129557213089036,-0.8553181886672974,-0.4030156433582306,0.17763182520866394,1.223405361175537,0.6666666865348816
-0.39065036177635193,-0.8568916916847229,-0.19381269812583923,-0.850437464035815,-0.3174179792404175,0.2791453003883362,0.6320898654483641,-1.1620162937883,0.9686561822891235,-0.5551469991582499,0.4644574522972107,0.5
1.2143340793622297,-0.24998245888972467,0.14594730734825134,-0.544329822063446,0.5481141039659911,-1.4800014751655783,-1.8678555095449119,0.7289359032895875,-0.028923334553837776,1.5929097466891229,0.6331125497817993,0.8333333134651184
-0.46642789244651794,1.18011375903553,-1.642614096012681,-0.6998776793479919,-0.14283913110254795,-1.4493377239106302,-1.772305933870121,0.8108117233637644,1.5858738575348617,1.3078103480196386,-0.8004556894302368,0.5
-0.39065036177635193,-0.7974557876586914,0.28185129165649414,-0.5090533951858802,-0.5427869616389691,-0.0578824058175087,-0.01884504557892296,-1.1104857633417449,-0.7452977265103801,-1.5228462309022084,0.7786160192230934,0.3333333432674408
-0.7695379853248596,-0.8568916916847229,-0.397668719291687,1.8239807887869661,-0.5344475507736206,0.021399775788103675,0.3498386320323822,0.43050131322077134,-0.5277130603790283,-1.0244628190994263,-0.041507821530103683,0.8333333134651184
-0.16331779956817627,1.4058388413756797,-0.8963977721522538,-0.7443199157714844,-0.6429623365402222,-0.8442803621292114,-0.406523787319938,-1.112208071774526,-0.681662386409542,-1.5314539525343287,0.6477280251867241,0.3333333432674408
0.07538232176917423,-0.5597122311592102,0.010043300688266754,1.779063296098132,-0.08656416334591764,1.625680813061424,1.581318089470428,1.0949882296602311,-0.028923334553837776,-0.02271728403866291,-1.0534383058547974,0.3333333432674408
1.023001727322274,0.6138688098339995,1.9260087512833142,-0.6109932065010071,-0.42593276500701904,-0.0578824058175087,0.9080488550591215,-0.5937796916450053,-0.2734059994362561,-1.0767149555241955,0.9164957997077692,0.5
-0.08754027634859085,-0.16730715037222754,-0.44600103124820345,0.6620437174033127,0.659426046822931,-1.1054820578163111,-1.0261463972121108,0.6225277935937219,-0.4353722693643951,-0.7573306560516357,-0.7161281704902649,0.3333333432674408
-0.01176275685429573,-0.4408404231071472,0.4177553057670593,-0.4839256066891494,-0.41552402862925436,0.7826645452961134,1.0798094215296692,-0.8645283641871004,0.6569125652313232,-0.890896737575531,1.223405361175537,0.6666666865348816
-1.7891271437676965,-0.08100197624492533,0.07859705094513349,-0.5128744306794858,-0.7786058187484741,-0.3387388288974762,-0.22365182269303385,-1.6674157607426063,0.9063074588775635,-1.0244628190994263,1.6210867920034226,0.5
-0.8611616074776423,0.03464672341942787,-0.2617647051811218,0.6505210764883574,-0.6700910329818726,0.9447046061058719,0.616306152265739,-0.577218482269337,-0.8394566774368286,-0.890896737575531,0.5487849712371826,0.5
-0.2390953153371811,-0.2625327408313751,-0.8053807020187378,-0.4321536778455826,-0.8000270211780866,-0.90045166015625,-1.02902755959167,-1.3942492395499566,-3.1209433922953904,-0.18418155077251108,0.6331125497817993,0.5
-0.5422053933143616,-0.3814045190811157,0.4177553057670593,-0.6998776793479919,-0.56238543286776,-0.979488534290192,-0.6554004644877486,-1.4305634946018049,0.5945638418197632,-0.22306638956069946,1.5402793896933071,0.3333333432674408
2.4164770806063753,0.3741148971323568,0.010043300688266754,0.7782944405975798,1.5635809620636876,0.5836088643638113,-0.6202333188146147,2.1363103043603964,-0.028923334553837776,0.5783300399780273,-1.2220934629440308,0.3333333432674408
-0.6937604546546936,-1.2871650278381235,-0.7210397482413401,0.9460088787719614,0.37604158608067717,0.6161730289459229,0.25491904417933287,0.1070031470246435,-0.15362077951431274,-1.0912458896636963,0.12714727222919464,0.5
-0.07832525693763764,1.7336529723422567,-2.1644208431243896,-0.4998875558376312,0.4510382749068414,-0.3606901418500174,-1.4375169412785025,0.274304864081979,0.9427273969609391,0.24441486597061157,0.6331125497817993,0.3333333432674408
-0.655523432235052,-0.3814045190811157,0.28185129165649414,-0.2445600433744893,-0.6429623365402222,0.25101309831874413,0.3633766945939115,-1.4810124795762667,0.8439587354660034,-0.15628336369991302,1.7951804923940171,0.6666666865348816
-0.2390953153371811,-0.20309685170650482,-0.05790869891643524,1.8686232204553452,0.062383756041526794,0.787199561324962,1.0181119292406,1.537996279792276,0.34516897797584534,-0.15628336369991302,-1.4385001797557404,0.3333333432674408
-0.8453154563903809,-0.6820347299962842,0.7018700219776907,-0.43645476420514734,-0.7748301688032962,-0.006960280827324923,-0.6795277861362592,-1.2048521379377346,-0.13267985055913142,-0.10466118821730538,1.1095734046225294,0.5
-0.2390953153371811,-0.8568916916847229,-0.12586070597171783,-0.6554354429244995,-0.49275010936584906,-0.3949100971221924,-0.6615808544037329,-0.7805533361040201,0.0957741066813469,-1.3583780527114868,0.21147480607032776,0.5
-1.072648048400879,-0.14366096258163452,-1.2159583323078453,1.2124328592604223,-0.35945276552164884,0.29318281537088664,0.23212133493857195,-0.3915407344874704,-1.151200294494629,-1.268289277666326,0.5293727604232064,0.5
0.29134732484817505,-1.0351994037628174,0.21389929950237274,2.6016972026390732,-0.15464581549167633,-0.6074977800771122,0.4254880570552376,1.6458512932147544,-1.3267920606574441,-0.6905476450920105,-1.306420922279358,0.5
-0.8453154563903809,-0.3814045190811157,-1.6434290447091178,1.1253622107730625,1.3532686989795484,0.34464700317134406,0.6414413993854717,0.45904808359522886,-0.46536436676979065,-1.0045228794172738,-0.9691107869148254,0.3333333432674408
-0.08754027634859085,-0.6785839796066284,0.4177553057670593,1.3378376366382732,-0.23731423333177315,0.6161730289459229,0.8028303539914423,1.0999279377268036,-0.7771079540252686,-0.22306638956069946,-1.3655025058228234,0.5
0.6176982376565395,-0.3814045190811157,0.8253177961683196,1.8910764603886232,-0.15464581549167633,1.4847421790188617,1.5750838495353883,1.3155776620716881,-0.4360034636598302,-0.22306638956069946,-0.8847832679748535,0.5
0.29134732484817505,-0.5597122311592102,-0.2643177592732301,0.7814271027711206,-0.34454667568206787,0.8887184910799265,1.6729882544148575,0.4310473659666762,-0.34066691994667053,-0.890896737575531,-0.8004556894302368,0.5
0.5186799168586731,-0.5597122311592102,0.4177553057670593,1.5382798549702341,-0.7141547603793565,-0.0017111222259700298,-0.1293587891308995,0.31365640004065065,-1.5710592177784974,-1.2390972020630475,0.5487849712371826,0.6421931228341506
-0.01176275685429573,0.5696169821465953,-0.4656206965446472,-0.6332142949104309,1.0103734479528008,-0.6289578959034656,-0.24156168614229143,0.48933656291768785,0.4075177013874054,0.7118961215019226,-0.7623606034365684,0.3333333432674408
0.14228264864438772,-1.1659348026498955,0.14594730734825134,1.1942621522487875,-0.07550958099977453,0.6647446928545577,-0.18269610502451156,0.6939650587997731,0.48936886970991383,0.05190862989373378,0.21147480607032776,0.6666666865348816
-0.04982469685747866,-0.9163275957107544,-0.05790869891643524,-0.7000240171713454,-0.7243484258651733,-0.0017111222259700298,1.1207941662042924,-1.425375025959725,-0.5277130603790283,1.1877585607373509,1.6305040404189415,0.6666666865348816
-1.3097957320142308,-0.3219686448574066,0.28185129165649414,1.010633981023882,-0.561576247215271,0.6270521247822309,0.195113413946656,-0.08165115500375497,0.3389435626441411,-1.0244628190994263,-0.2101629078388214,0.5
-0.9968705177307129,1.1152804614285106,0.21389929950237274,0.07185995134416157,-0.5887049436569214,-0.731937825679779,-0.17225135772193792,-0.81176516097529,0.15812282264232635,-0.890896737575531,0.7907595078014644,0.3333333432674408
0.36712485551834106,-0.20309685170650482,-0.2617647051811218,1.5635377149774226,-0.23947628422054015,0.5817902771976801,1.1700944338048038,0.983496448230439,-0.6524105072021484,-0.7573306560516357,-1.2220934629440308,0.3333333432674408
0.21556980907917023,2.230355669810109,-2.1644208431243896,-0.6332142949104309,0.6064899791880358,-1.2936506271362305,-1.486954693013564,1.0480256654354847,0.9063074588775635,0.5338160566465086,-0.9691107869148254,0.5
-0.8453154563903809,-0.3684432483644886,2.0518245443975855,-0.8109833002090454,0.763506941121461,1.7714951775647814,1.6287240188289909,-0.2971788275394311,-0.2159694880247116,-0.22306638956069946,-1.2220934629440308,0.5
0.5186799168586731,-0.4462000060088975,-0.19381269812583923,-0.843875816935545,-0.5348138203417249,1.7869434121810441,0.6787998963821656,-0.8944576526615916,-0.028923334553837776,-0.0895003229379654,0.13284888427729366,0.3333333432674408
0.06401476263999939,-0.6191481351852417,0.41593734815581007,-0.7887621521949768,-0.5344475507736206,-0.0578824058175087,0.33102272754726275,-0.3063832311415707,1.512672253091317,-0.0895003229379654,-0.2944904565811157,0.5
0.6914574934890241,-0.3576105421858302,0.14594730734825134,-0.7887621521949768,-0.01900232955813408,0.2791453003883362,1.303047056445815,-0.0002506336099799972,-1.3296892604461283,-0.3566324710845947,-0.9691107869148254,0.6666666865348816
-0.11323181580033825,3.117500283850353,-2.0491737552760148,-0.4998875558376312,0.9833919151231935,-1.4059932231903076,-1.7488258560133705,0.8347633479863854,2.2611554815109574,0.1108487918972969,0.21147480607032776,0.3333333432674408
-0.6937604546546936,-0.9757634997367859,-0.11552468007216113,0.8084019671124287,-0.5710604489154396,-0.3387388288974762,0.24016740540616943,0.06598093664847514,1.3427485227584839,-0.22306638956069946,0.3801299035549164,0.5970964649696563
0.5944573879241943,-0.011644567389552336,0.8360719613116108,-0.6493754149955275,0.13764144293561825,-1.3671567658001202,-1.7621645072919199,0.09276868464681724,-0.028923334553837776,0.5783300399780273,0.7174400687217712,0.6666666865348816
-0.39065036177635193,-1.0351994037628174,1.7180421922059965,-0.766541063785553,-0.7465733429769476,-1.0689655542373657,-0.8537516178885868,-1.7955363496817904,-1.8852125831119948,0.7118961215019226,1.813698172569275,0.3333333432674408
-0.6711085625688342,-1.2400464208574902,0.6895633339881897,-0.8856870131391567,0.3535361192882318,-0.22639626264572144,-0.9632861935752246,-1.7877537870894027,-1.21329021371335,-0.22306638956069946,1.5607155561447144,0.5
-0.16331779956817627,-0.5597122311592102,-0.12586070597171783,2.4883850622074752,-0.2902892827987671,0.7130833182047124,0.9236046134550362,1.4081053898391256,1.5437396222542026,-0.12702525209764132,-0.37051384191092257,0.5
-0.01176275685429573,0.7510879965324965,0.07208208289067994,-0.7130991751402673,0.6027449168220986,0.45533238409207594,0.2603015858431895,0.5793580289971414,0.46986642479896545,0.3111979067325592,-0.9691107869148254,0.3333333432674408
-0.3148728311061859,-0.6191481351852417,0.34980329871177673,-0.006321167577677329,-0.2631605863571167,0.6235005094067632,0.5249631350297237,0.009120106630320887,0.5945638418197632,-0.2844838001392015,-0.2944904565811157,0.5
0.7666257829405891,-0.9757634997367859,1.1652272939682007,-0.7220988273620605,-0.2938212803339494,-1.477223421788804,-1.558011070696013,0.34531317595926087,-0.2159694880247116,-0.890896737575531,-0.46314552426338196,0.31378927775855175
0.29134732484817505,-0.7824701147736536,-0.05790869891643524,-0.766541063785553,-0.4183116265920111,-0.09354199686722395,0.5806356639257227,-0.7803283634374807,-0.028923334553837776,0.04406575486063957,0.4644574522972107,0.5
-0.5422053933143616,-0.48583258210630226,0.07799530029296875,-0.7443199157714844,-0.27887862196918184,0.2791453003883362,0.477266032513696,-1.663517649903489,-0.23423637250805218,-0.3566324710845947,1.490180684473233,0.5
-0.16331779956817627,-0.7380198836326599,0.07799530029296875,-0.766541063785553,-0.6323925553962726,0.611660364875658,0.2521953292576906,-0.9811205808774446,-0.2159694880247116,-0.2898494303226471,0.6331125497817993,0.5
0.5555962741990612,-0.7974557876586914,0.21861818344305703,-0.8109833002090454,1.515123904093619,-0.1829564741987525,0.9453937095560869,-0.38749151203642734,-0.9726120118167749,0.17763182520866394,-0.631800651550293,0.3333333432674408
0.07588318246856894,1.6344661470823394,-1.6757640167920143,-0.6855956111278791,1.1325454420943712,-0.7221179959438697,-0.5058197042695359,0.8958584595378494,0.5322151184082031,0.3111979067325592,-1.137765884399414,0.3333333432674408
0.21556980907917023,-0.8568916916847229,-0.05790869891643524,1.2157260947165658,0.12385084016377394,0.5472116051317887,0.6197301123270899,0.8290697271067544,0.5322151184082031,-1.0244628190994263,-0.46314552426338196,0.3333333432674408
0.7331829518001999,2.712741754456911,-2.0575390762146344,-0.6469477555755059,4.986009402366043,0.05156465119531244,-0.5566265218975829,1.3072749272578728,0.0957741066813469,0.37798094749450684,-1.0534383058547974,0.3333333432674408
0.43861107897281193,1.6168900779732576,-1.8660656316011053,-0.6776565313339233,0.14319105938089335,-1.349821925163269,-1.5582768551134278,0.7758692332539161,0.34516897797584534,0.9122452139854431,-0.9691107869148254,0.3333333432674408
0.06401476263999939,1.0041157821275721,-1.1893255674980336,-0.6554354429244995,0.5574885820491269,-1.349821925163269,-1.546341330320849,0.6210172773533605,0.8635227076955574,-0.42341551184654236,-1.2220934629440308,0.3333333432674408
0.14459760836045407,1.4306233222520783,-0.941284716129303,0.6561384614438255,0.7529237789312012,-0.9464460483091718,-1.3870173980354623,0.8289596442368626,0.46986642479896545,-0.3566324710845947,0.5487849712371826,0.5
-0.39065036177635193,-0.6191481351852417,-0.43675553326058886,1.9336817352577946,-0.2902892827987671,-0.2870970996673112,0.2814209632463804,1.0142540611155046,-0.09127205610275269,-0.8280879421727283,-1.4465230175856294,0.5
-0.9968705177307129,-0.2625327408313751,-0.4656206965446472,-0.48828853444263526,-0.9650017745852864,-0.22639626264572144,-0.47969948292340425,-0.9150969037590477,0.7816100120544434,-1.0912458896636963,0.3801299035549164,0.5
-0.39065036177635193,1.4979713736684923,-0.2388735547401551,1.5560331008327137,-0.6158336400985718,-1.0689655542373657,1.2987996509308048,0.42378724615305297,-0.34066691994667053,0.04406575486063957,-0.041507821530103683,0.5
-0.16331779956817627,-0.5597122311592102,-0.2617647051811218,1.4822280733668596,-0.3200844943630002,1.278677013099287,0.1803805036107194,0.3161929123129433,-0.7852434567052303,0.6451131105422974,-0.46314552426338196,0.5
0.1397922784090042,0.5012702220975437,0.8033763018505943,0.10258387509340908,0.31997993482000014,0.33531656861305237,0.8999309549955156,0.6270998459902104,0.9686561822891235,0.28009071824273885,0.3801299035549164,0.6365297844598823
0.36712485551834106,1.720961597339038,-1.8262554333227718,-0.5887720584869385,0.48185825320261494,-1.1251368522644043,-1.3762670907140897,0.16677246365608422,0.5211800916302535,0.17763182520866394,0.12714727222919464,0.6666666865348816
-0.6179829239845276,-0.5597122311592102,-0.5335727334022522,2.1305732842660223,-0.6413075564537403,-0.45108139514923096,-0.4217353929711155,0.432308853420855,-0.6524105072021484,-0.8241137266159058,-0.2944904565811157,0.5
0.29134732484817505,0.293509056860193,-1.339884506391259,1.3907135036116018,0.051939355910901264,-0.7208105331308492,0.009489313282368808,1.3477030452429886,-0.028923334553837776,-0.6839074538463545,-0.7161281704902649,0.3333333432674408
-2.4802342476368384,0.15351851284503937,-1.975526791399947,0.49272200538635946,-0.8328632116317749,-1.053129306843553,-1.0096789926374825,-1.4737194792571349,2.6758084596814404,-0.890896737575531,2.079576223897904,0.6666666865348816
0.1397922784090042,2.704060095498895,-2.1644208431243896,-0.5202434466403855,0.8434166293211911,-1.482270379542278,-1.8538239524479303,0.6925482977602171,0.9321133781000501,-0.1342192995284817,-0.3306786968942534,0.04503069059516093
-0.3148728311061859,0.5101338624954224,-1.124330883126939,-0.7220988273620605,-0.5344475507736206,0.2229740172624588,-0.16700000159675013,-1.5825321183922616,-0.4030156433582306,0.7786791324615479,1.6450430154800415,0.5
0.29134732484817505,2.0699835637173543,-1.3993452089975567,-0.6776565313339233,-0.6920226077300737,-0.5072526931762695,-0.40824819254799777,-0.45997794341696707,-0.642046687432443,-0.6237646341323853,0.29580235481262207,0.3333333432674408
-0.8453154563903809,2.6280593825390763,-0.9309166391209353,-0.8776466846466064,-0.6158336400985718,-0.3387388288974762,-0.3219097869273204,-1.3907236314445253,-0.46536436676979065,-1.1580289602279663,0.3801299035549164,0.1016549683689836
-1.4094850011523263,-0.6362595173732638,-0.5335727334022522,-0.908990268900779,-0.2089032083749771,-0.8442803621292114,-0.0158093781876607,-0.7791407268256123,0.4745478473491839,-0.49019855260849,-0.9691107869148254,0.1666666716337204
0.4429023563861847,-1.1522080772778183,0.8254672884941101,0.05981744295425519,-0.15464581549167633,-0.3387388288974762,0.03489514954531117,0.6140548146750804,0.9917222939272817,-0.22306638956069946,-0.37881800532341003,0.3333333432674408
-0.8453154563903809,-0.761780121529802,0.010043300688266754,0.898136520524875,-0.4801901578903198,0.182535422407763,0.42081174031003726,0.21942590815109939,0.5322151184082031,-0.6237646341323853,-0.37881800532341003,0.5
-1.5032715659312432,-0.4408404231071472,-1.2764415901674242,1.7090774705689944,0.40892265386727605,1.065543293952942,0.3509567731376944,0.36453061860585007,0.0957741066813469,-0.7433027784792209,-0.5474730730056763,0.3333333432674408
0.7624753237841494,0.8133688314175151,1.1652272939682007,-0.4497214682627194,0.3561528729639342,-0.90045166015625,-0.949053315658676,0.9646657256953853,0.9063074588775635,0.7118961215019226,0.04281972348690033,0.3333333432674408
1.3815410554646714,0.8721127711915561,0.9030628595005026,-0.766541063785553,1.5085697318899822,-0.04111335324550347,-0.07750024720435794,0.7121425660795403,-1.5247744070698903,0.4447639584541321,-0.5474730730056763,0.5
-0.6937604546546936,1.1762410178713454,-1.8914695300708382,-0.15237911611774743,-0.5344475507736206,0.16680273413658142,0.5598030399064686,-0.34682415378778464,-0.9018054008483887,-1.1693085549353734,-0.9691107869148254,0.3333333432674408
-1.224203109741211,-0.14366096258163452,-0.12586070597171783,-0.6554354429244995,-0.4929882343079791,-1.0689655542373657,-1.1999772895917449,-1.5772060670979426,0.5945638418197632,-1.2045440287422067,1.6450430154800415,0.5
2.2447348915968783,7.2219880142152615,-1.9140735141776215,-0.7220988273620605,0.7254519891611694,-1.6045055384384215,-1.8937831249523351,1.1836766463336306,0.0957741066813469,-1.0244628190994263,-0.041507821530103683,0.1666666716337204
-0.3148728311061859,0.38622299483391365,-0.2617647051811218,1.557636368031051,4.0721269585125395,1.6052607973896362,1.016812931495724,0.774688817432053,-1.9196958015692294,-0.8909914756946108,-1.306420922279358,0.5
-0.7171972674114239,-0.14366096258163452,-0.04764837820916272,0.6147979180126133,-0.16671541386801206,-0.7934738602577602,0.8385980541222325,0.3286669521400286,0.6002656253174091,-0.6237646341323853,-0.9691107869148254,0.6666666865348816
0.4429023563861847,-0.08422506600618362,2.7950496642048277,-0.7220988273620605,-0.2089032083749771,0.7186930145511515,0.7150149319330391,0.46662972362395955,0.2204715460538864,0.4447639584541321,-0.9691107869148254,0.3333333432674408
0.4544366348814492,1.8788225986729685,-2.1644208431243896,-0.6109932065010071,0.5402791005437205,0.05446016043424606,-0.8585672228750932,1.1679559618072712,2.2461500995237773,1.2499314695647914,-0.1258353590965271,0.3333333432674408
-0.5422053933143616,1.5105402439316846,-2.1644208431243896,-0.5805285778702486,0.6413213446808781,1.2999720025674255,-0.41314470997172403,0.278106390558442,2.465285153890504,0.6555934494747836,0.48000925779248055,0.3333333432674408
-1.493423033005611,-0.7380198836326599,-0.3297167122364044,-0.7986565247486598,0.2758591394543177,-0.7172999397648534,-0.49205508314715873,-1.0361970059249228,-0.2159694880247116,-0.7573306560516357,-0.7161281704902649,0.5
0.29134732484817505,1.9868571668783246,-1.1402232487915482,-0.766541063785553,0.45028367372855277,-0.7881091237068176,-0.5602287799651726,0.6904914941647137,0.34516897797584534,0.17763182520866394,-0.8847832679748535,0.5
-0.08754027634859085,-0.14350026574544472,-0.22803625294793095,0.8446130689605458,-0.21404517276487164,1.6796217996476939,3.934199862594033,0.6766318948887186,0.27167525414919896,0.3111979067325592,-0.2729070643724907,0.3333333432674408
-1.072648048400879,0.3122743841597142,0.28185129165649414,-0.8466185532745162,0.9599734003599525,-0.5634239912033081,0.13659803124354825,-0.35747912022369144,0.15812282264232635,-0.6905476450920105,-1.306420922279358,0.5
-0.3148728311061859,0.6788563734309827,-1.5908044067326432,0.2739516235442056,0.5931618298186796,0.39148786664009094,-0.8892488000516137,0.6850468696457832,0.9686561822891235,0.9122452139854431,-0.8004556894302368,0.5
0.21828199937278173,-0.6785839796066284,1.0527566749858508,2.8703745590205636,-0.07325971871614456,1.1494064769440386,2.2039192243839962,1.9049368066878984,-0.2783181965351105,0.8140203857800881,-0.988503767365016,0.3333333432674408
1.4745158307451454,-0.7331343408708274,-0.19381269812583923,-0.833204448223114,-0.8109162275319174,-0.6506223138918847,-0.17435454259852462,-1.0181466090869349,-0.9641541242599487,-1.1591391530564514,1.2088399736829003,0.8333333134651184
-0.8453154563903809,0.06985517066767863,-1.2536426646953491,-0.544718888021665,-0.04613102599978447,-1.0127942562103271,0.2192221665498456,-0.06258971670867941,-0.4030156433582306,0.6451131105422974,-0.9691107869148254,0.3333333432674408
0.0007184064666893256,-0.08422506600618362,-0.8053807020187378,1.70647214591674,0.399146474473435,0.5065917193092949,0.5416644387474424,0.9035667870329362,-1.4005951881408691,-0.863050554300471,-0.8847832679748535,0.3333333432674408
-1.224203109741211,-0.8568916916847229,-0.8053807020187378,-0.7220988273620605,-0.6513543998351055,-0.3949100971221924,-0.46100540666881107,-0.8039276190149413,-0.028923334553837776,-0.22306638956069946,-0.37881800532341003,0.5
1.5073095686697577,0.27239030599594116,-0.4656206965446472,-0.5887720584869385,0.8011732779986203,-1.604014035988398,-1.7379835357341524,1.2087214717971575,0.8439587354660034,1.992999644489064,0.22901840767304688,0.5
0.1397922784090042,-0.8028036647032892,0.14594730734825134,-0.5665509104728699,-0.5835355527279112,-0.3949100971221924,-0.07639403420978776,-1.2637008158062153,-0.2783181965351105,-1.2938249879833605,1.0556918191400595,0.3333333432674408
0.8217899799346924,1.9678093509390744,-0.6694766879081726,-0.6554354429244995,1.1023524946843202,-1.1274911391822655,-1.5069084760958218,1.3194078526064168,0.15812282264232635,0.17763182520866394,-0.9691107869148254,0.3333333432674408
-1.2842099248872079,0.06751699747881504,-0.025860029336983052,0.8135963717569742,-0.3174179792404175,0.9298463645103128,1.2959965369121496,0.6230828829419821,0.2828202545642853,-0.1609204136844018,-1.306420922279358,0.3333333432674408
0.6300217037357299,-1.213507056236267,1.380522740551622,-0.07254935102247775,-0.7786058187484741,-0.7010004315132781,-0.6741919329781566,-0.2798011743571602,0.2828202545642853,-1.0912458896636963,0.7174400687217712,0.6666666865348816
-0.08754027634859085,1.3688145955982003,-0.2617647051811218,-0.6776565313339233,0.7481783897790164,-1.1813081502914429,-1.4947996657028875,-0.03216731406642352,-0.2159694880247116,-0.22306638956069946,0.5487849712371826,0.5
0.1397922784090042,-0.024789171293377876,1.1298953659883093,-0.921855805697084,-0.5887049436569214,-1.371074160298514,-0.042477097626758206,-1.1614978043709867,-0.5781637314491974,-0.957679808139801,0.04281972348690033,0.41720788745464454
-0.3148728311061859,-0.23977139409986606,0.34980329871177673,0.4294914704520082,-0.5073188543319702,-1.0127942562103271,-0.8764866850045598,-0.9879298064108499,-0.7469809063319534,-0.8241137266159058,1.1003310174641205,0.5
-1.3805126908076242,-0.3814045190811157,-0.2617647051811218,-0.8776466846466064,-0.6158336400985718,-0.6927133859060339,-0.7575454307412879,-1.6290648619708439,-0.2159694880247116,-0.814871567649202,0.5487849712371826,0.3333333432674408
-0.01176275685429573,-0.3219686448574066,1.1652272939682007,-0.5953180775225255,-0.8244346179310762,0.8855488818582254,1.0779394464588976,-1.5660499914970514,-0.15362077951431274,-2.021887961045711,2.392930847668443,0.8333333134651184
0.021923703978920635,-0.3087111098940869,0.8753653009537578,0.3546657256972311,-0.12110268221114284,-0.6195952296257019,0.5480695837253651,-0.2815774459151138,-0.15362077951431274,0.04406575486063957,1.2041042264565807,0.5
1.1394336449683975,-0.7380198836326599,0.34980329871177673,-0.6332142949104309,0.3877034499864418,-0.731937825679779,0.12348939728963308,0.6240469683424863,-0.7147592306137085,1.1797778102169616,-0.631800651550293,0.5
-0.46642789244651794,0.2743217006052418,-0.2617647051811218,0.5698423783706739,-0.5846937529652659,0.6349863325330782,-0.24653302011845418,-0.6550935325574478,0.033425383269786835,0.6346433107748599,1.5594841412128098,0.8181274316847741
-0.8655470336768387,-0.5002763271331787,-0.6694766879081726,0.08655674223079607,-0.34454667568206787,0.2791453003883362,0.2823384291324103,0.11249355471150652,0.34516897797584534,-0.0895003229379654,-0.5474730730056763,0.3333333432674408
-0.46642789244651794,-1.124693673617613,-0.37853368682690863,-0.8776466846466064,-0.7937477312941629,-0.731937825679779,-1.1462225770295795,-0.7277915798061366,-0.07640085180542366,-0.890896737575531,-0.5474730730056763,0.5
1.2022991354892751,1.2266214296969893,-0.6694766879081726,-0.7443199157714844,0.13048687777073922,-1.349821925163269,-1.6586537598067488,0.898281132987434,0.2828202545642853,-0.22306638956069946,-0.7161281704902649,0.3333333432674408
0.2388199106407254,-0.4408404231071472,-0.2617647051811218,-0.4595424031603328,-0.42593276500701904,-1.0689655542373657,-0.30684755345563236,-0.723112792949327,-1.2793212603647872,0.3111979067325592,0.6109130651693798,0.3333333432674408
-0.30015507105755423,-0.9325055307048231,0.6895633339881897,0.1149383446853313,-0.4196097248704017,0.10412499706395639,0.245590539443104,-0.5314227056830714,0.20716842192263585,-0.734110112942569,0.12714727222919464,0.3333333432674408
-0.08754027634859085,-0.9163275957107544,0.5212559545226517,1.255332100730607,-0.7826501515020213,1.872220830116945,1.134712863454512,-0.1956833317599411,-0.9641541242599487,-1.4756107916021073,0.4441793123487676,0.6666666865348816
2.4402695218875583,-0.24901324763330912,1.822555696419518,0.3113276578769077,2.2682209697790103,-1.4409558727856755,-1.7778707441250559,1.4628090807691934,0.5471048993037604,1.0222422680882588,2.089781012881013,0.6666666865348816
0.6466562352598537,-0.4865853816317212,-0.12586070597171783,-0.8554255366325378,-0.4801901578903198,1.0642939675249454,1.225275322416711,-0.3687941504397296,-0.028923334553837776,-1.1580289602279663,-0.7161281704902649,0.5
-0.2390953153371811,-0.5597122311592102,0.6582653390318404,1.5133754111839601,-0.2902892827987671,-0.035532090106629693,-0.056378626451237604,0.6253487209193318,-0.2783181965351105,-0.5569815635681152,-0.8847832679748535,0.3333333432674408
-0.16331779956817627,-0.16463758092279362,-0.35276869365401453,2.4510161980457714,-0.37167537212371826,1.3438815967657942,1.9215992838155553,1.827814806810581,1.3427485227584839,0.04406575486063957,-1.306420922279358,0.5
-0.6937604546546936,-0.2625327408313751,-0.8053807020187378,0.2574804170274653,-0.2631605863571167,0.8911871969624854,0.3505159262822408,-0.7376111460127107,-0.7147592306137085,-1.2915949821472168,0.12714727222919464,0.5
-0.46642789244651794,1.8814092173541053,-2.1503091994264647,0.45103475385724895,0.8178479527633779,-0.39047125286630496,-0.7349682924199776,1.3941212141277806,1.1105991017135155,0.24441486597061157,-1.2220934629440308,0.3333333432674408
-0.2390953153371811,-0.5414066690619526,-0.2617647051811218,0.34852969348853563,-0.6429623365402222,-0.11405368894338608,-0.028146604713909645,-0.5917196743549172,0.033425383269786835,-1.2196247696831777,0.5416882428735255,0.6666666865348816
0.29134732484817505,-1.1189728213647454,0.28185129165649414,1.2301727315310773,-0.34454667568206787,0.43708718806326985,0.3252298951542861,1.1563516974350558,0.7192612886428833,1.3440896462623968,-0.46314552426338196,0.5
6.353549003601074,7.345261573791504,9.11561107635498,-0.9887523055076599,-1.2940510511398315,-1.630678415298462,-1.9040257930755615,-2.504413366317749,4.896625518798828,-2.092991352081299,3.078611373901367,0.0
0.1206772656610072,-0.9163275957107544,-0.022699964357524315,-0.7220988273620605,-0.4801901578903198,-0.2825675308704376,0.19686670303078033,0.05433526872196691,-0.2159694880247116,0.3111979067325592,-0.8004556894302368,0.3333333432674408
3.909106545686068,-0.14366096258163452,1.0293233394622803,-0.6554354429244995,0.6805743148316751,-1.230176925190417,-1.5831930862041872,1.654934528140902,-1.0903495755618084,0.7118961215019226,-0.5474730730056763,0.5
-0.46642789244651794,-0.6785839796066284,0.007688460105320934,2.0686542052230243,-0.32977956033198935,2.1198749017863863,1.5107941932976812,1.011970883484581,0.9686561822891235,-0.6905476450920105,-0.5474730730056763,0.5
-0.6179829239845276,0.2638100185109539,1.7848206042726042,-0.20275372042429474,1.584592801140021,1.9763222652832781,1.6151946074189043,0.1326440878151814,-1.0265028476715088,-0.8241137266159058,-1.3813573259385845,0.3333333432674408
0.29134732484817505,0.27239030599594116,0.6403618421215198,-0.03770963777353007,-0.6700910329818726,-0.8398234650679097,0.24090739607471295,-1.3239067898788661,-1.8496614805307645,-1.8058816904264046,1.807034625821199,0.6666666865348816
-0.02183554804403255,2.599816290894442,-2.1644208431243896,-0.8109833002090454,0.9104621966842934,-1.4367072048370588,-1.7683516321925188,0.14076152362040192,0.5322151184082031,0.6451131105422974,-0.4621387924297766,0.5
0.1397922784090042,-0.20309685170650482,0.07799530029296875,2.061680493119663,-0.14210283861827752,0.5255960275124103,0.5040058430069698,1.1395403400524569,-1.3050250738022644,-0.22306638956069946,-1.306420922279358,0.5
0.06401476263999939,-0.873733216007924,0.6895633339881897,-0.8109833002090454,-0.07902005048528046,-0.6195952296257019,-0.10312590736132198,-0.4318132517220027,-0.15362077951431274,-0.42341551184654236,-0.7638368119824885,0.5
0.4429023563861847,2.934198939993168,-2.1644208431243896,-0.6776565313339233,-0.10038841515779495,-0.004885062944314629,-1.5079465633477718,0.26961600407992736,-0.22399332658876261,-0.49019855260849,-0.46314552426338196,0.3333333432674408
1.3600199162289357,-0.9163275957107544,-0.12586070597171783,-0.6776565313339233,-0.18177451193332672,-0.6569007657917026,-0.29052760764650454,0.18208053961146575,-1.6836607548096942,-0.6237646341323853,-0.9691107869148254,0.3333333432674408
-0.9968705177307129,-0.9163275957107544,0.19797230320422607,-0.8109833002090454,-1.1153077840854086,-0.7881091237068176,-0.8596356971056477,-1.6157542605737567,1.4100229818125998,-1.2708314974570634,0.7731737371817413,0.6666666865348816
0.04597592107221761,2.037089218519408,-0.22231055652783785,-0.7443199157714844,0.4277019663503053,-1.0689655542373657,-1.3191100593831389,0.9585796791811637,1.5529080690238244,0.6523320486429798,-1.306420922279358,0.5
6.353549003601074,-1.5701223611831665,9.11561107635498,-0.9887523055076599,-1.2940510511398315,14.546651840209961,5.739711284637451,5.3161420822143555,4.896625518798828,9.794388771057129,3.078611373901367,0.0
0.29134732484817505,1.5803026793649844,-0.8194904248770999,-0.6554354429244995,0.8700714603142709,-0.6781292173678506,-1.0447168590785996,1.1671414896193548,1.657059100269395,-0.2898494303226471,-1.137765884399414,0.3333333432674408
0.29134732484817505,-0.5002763271331787,-0.12586070597171783,0.7326289224287256,-0.4529950398206978,1.1217145919799805,0.6567901835815739,-0.020573152122068582,-0.5900617837905884,-0.5569815635681152,-0.041507821530103683,0.6666666865348816
-0.5422053933143616,-0.5597122311592102,-0.12586070597171783,-0.7797016022111408,-0.18177451193332672,0.11063144356012344,0.26063120048035787,-1.5666414243998892,-0.5900617837905884,0.697402066833336,1.4133231411909615,0.5
0.5285125743035685,-1.094635248184204,0.4857073128223419,0.277577034287978,-0.37167537212371826,1.8559021537367846,1.4375662719726168,0.19140320418540838,-1.9699739824497506,-0.49019855260849,-0.8004556894302368,0.5
0.8160813820926321,5.192548845356202,-0.8038922795377451,-0.443877679357928,0.4532108539661328,-0.34734098235814864,-0.7074084110291176,1.2528058549342391,0.27119980978597985,-0.22306638956069946,-0.8933109702857508,0.3333333432674408
-0.28258073278757323,-0.5002763271331787,-0.397668719291687,-0.4998875558376312,-0.2360319048166275,-1.4059932231903076,-0.5530874502276171,-0.1845805876213526,0.7816100120544434,0.17763182520866394,0.3801299035549164,0.5
0.06401476263999939,-0.8568916916847229,0.010043300688266754,-0.7443199157714844,-0.45306146144866943,-0.0578824058175087,0.17249899429490673,-1.20360039755459,-1.926358010867358,-0.4644091235697834,0.694700682976744,0.6666666865348816
-0.6937604546546936,-1.213507056236267,1.0334830916143465,-0.7220988273620605,1.2691183639281773,2.7164103749313404,0.7951920190884513,-0.38431890218754217,-0.8394566774368286,-0.9772396846358634,-1.0534383058547974,0.5
0.4429023563861847,0.03464672341942787,-0.05790869891643524,-0.5665509104728699,0.6181048914796492,0.2791453003883362,-0.011602492679045647,0.115302274236148,0.7940758974721315,1.4571728667756492,0.6331125497817993,0.5
-0.4213386184668566,-0.5597122311592102,0.8254672884941101,-0.07637263151390411,-0.37167537212371826,1.5591767169888557,2.2757613326961548,0.09524644989388192,0.5048160972502617,-0.6274039375058174,-0.46314552426338196,0.5
-0.5479958969293103,-0.08422506600618362,0.6243122242356985,0.24511219232795464,-0.12751711905002594,0.4476591646671295,0.9152871940899974,0.2720125667540663,-0.46536436676979065,-0.6237646341323853,-1.0337744402046383,0.3333333432674408
0.9127677449677176,0.31600885024927416,-0.20927749187331263,0.8186114155337765,-0.4801901578903198,-1.1251368522644043,-0.8279103151229787,0.2211538872185934,-1.7897710320119884,-1.5180431429002783,0.0168069217842687,0.5
-0.5422053933143616,-0.5002763271331787,0.36656389196347505,0.644083174807498,-0.5887049436569214,1.5348049626357934,0.9753011709605905,-0.38709911854316675,-0.7771079540252686,-0.5891636986965316,0.45596211384324103,0.5
-0.16331779956817627,-0.4408404231071472,0.14594730734825134,0.5512377148553105,-0.4106076230234422,0.11063144356012344,0.17496013933387036,-0.6522839568385248,0.4075177013874054,-0.6851224303220852,1.392060399055481,0.5
0.21556980907917023,-1.0351994037628174,0.4177553057670593,-0.8109833002090454,-0.5887049436569214,-0.22639626264572144,-0.13748265446927566,-0.18833314498130677,2.1027751967563977,-0.1856629281278167,-0.2944904565811157,0.6666666865348816
1.131969842417348,0.9440747716983211,0.4857073128223419,-0.3526656380195323,-0.0947375695290912,-0.11405368894338608,0.45314863245793624,0.38218790863535906,-2.1415465144029047,0.04406575486063957,-1.0534383058547974,0.3333333432674408
0.3845186925792273,1.7612025420538697,-1.8452567313652848,-0.5816964675841744,1.05851797775221,0.4510459486256651,-0.2596885689738239,1.3648645908834964,0.46986642479896545,4.638901404628914,-1.2220934629440308,0.3333333432674408
0.8736599498748718,-0.4408404231071472,0.6159046569466513,0.27841456631833683,-0.2976044190683367,0.6656628132406788,0.7307299034452067,0.21004158359187516,0.033425383269786835,-0.2898494303226471,0.7174400687217712,0.9800779076519661
-0.6179829239845276,0.27239030599594116,-1.1587260922582532,-0.6109932065010071,0.3142552515678351,0.6918050155492013,0.39621896275307683,-0.39138865548436297,0.15812282264232635,-1.03634311037662,-0.7161281704902649,0.5
0.631050953006321,1.061273267562514,-0.30841039475421633,-0.4029326834873448,0.4066043435670241,-0.9566229581832886,-0.6287752209275824,1.1252734673274816,-0.2547973077715202,-0.6905476450920105,-0.8004556894302368,0.3333333432674408
-0.9210929870605469,-0.2625327408313751,-1.5941076015596791,0.6038186976932503,-0.12751711905002594,-0.3949100971221924,0.4284380650629166,0.3690926873043145,-0.01972859294939261,0.37798094749450684,-1.0534383058547974,0.3333333432674408
2.5013596235955116,0.8182677547050283,1.6248885792356915,-0.5224662030412982,0.7506519015330494,-0.3387388288974762,-0.5197942119299547,1.7889983238558125,0.0957741066813469,0.7118961215019226,0.21147480607032776,0.5
0.36712485551834106,-0.4408404231071472,0.6895633339881897,-0.8529617989569129,-0.45240209514145213,-0.3949100971221924,-0.002868923223747516,-0.4247387969155417,-0.4127072203910091,-0.42341551184654236,-0.1258353590965271,0.5
-0.798601793211011,-0.8568916916847229,1.1185650336075723,0.4302665187551503,-0.2631605863571167,0.8766210551774474,1.1467210144283866,0.20568963117039346,0.5617846097736976,-0.22306638956069946,-0.8847832679748535,0.3333333432674408
-0.16331779956817627,0.6328629617242321,-0.5072375795290708,0.641683052896678,-0.07325971871614456,-0.17022497951984406,1.101704788968123,0.292022655531055,-0.49776982043026646,-0.092790853384562,-0.3239532726491331,0.3333333432674408
-0.46642789244651794,-0.14366096258163452,-0.05790869891643524,-0.4380480418620136,-0.4522156841009967,-0.6757665276527405,-0.879847142692188,-0.698444089972365,0.7192612886428833,0.17763182520866394,0.5487849712371826,0.5517416226088914
0.1397922784090042,1.5053272105415556,-2.1644208431243896,-0.6998776793479919,1.0870817934383366,-1.2235721066953487,-1.619433513832594,0.32428961619541197,-0.2783181965351105,1.0315998791484646,-0.46314552426338196,0.5
-0.6937604546546936,-0.14366096258163452,0.6113679645192628,0.62833004801633,-0.37350391251543713,1.0685953305114635,1.494144733800819,0.44496158512550227,-0.34066691994667053,-0.8241137266159058,-1.5039452709475094,0.3333333432674408
-0.6179829239845276,0.39331462002059997,-1.8357960941129994,-0.5860805587156008,-0.07372965562393216,1.1002843352516105,-0.3188774537917017,0.5617275101460103,2.639503001106494,2.3772474014533613,-0.041507821530103683,0.5
1.4045562190112413,-0.9757847208521775,-0.05790869891643524,-0.766541063785553,-0.6720130915616551,-0.17022497951984406,-0.3078307819225543,-0.7608962829174912,-1.7362504415878006,-1.0244628190994263,0.04281972348690033,0.5
1.5509123443827861,-0.3219686448574066,1.5723106988906497,-0.9052758557036585,0.062383756041526794,1.2812674782511884,0.14004399770439768,0.2642206500503025,-2.0650253979343023,-1.3583780527114868,-0.9691107869148254,0.3333333432674408
0.9749514179752327,1.14168966852994,-0.17516812359230022,-0.6332142949104309,-0.2089032083749771,-0.17022497951984406,0.7741870775296048,0.40050717899673316,0.032099939523972366,0.3111979067325592,0.3801299035549164,0.0
-0.3148728311061859,-0.9163275957107544,0.4177553057670593,-0.8554255366325378,-0.37167537212371826,1.4981455115484223,0.24571635990491583,-1.9622279896845616,-0.7147592306137085,-1.0244628190994263,2.1366861674030706,0.6666666865348816
-0.7749206201944426,-0.5597122311592102,0.28185129165649414,-0.46585038032048426,-0.45306146144866943,0.5038304328918457,1.246166017201063,0.2218663392904816,0.6380318355621173,-0.3566324710845947,-1.2220934629440308,0.3333333432674408
-0.46642789244651794,0.15351851284503937,-0.941284716129303,-0.5007351602441229,-0.39880406856536865,-0.11317887773919239,0.2743387792163664,-0.2934510923563489,-0.15362077951431274,-0.890896737575531,-0.8847832679748535,0.3333333432674408
-0.16331779956817627,0.4134900096305051,-0.43044597671493423,-0.8776466846466064,-0.7218110980329865,-1.402079042110458,-1.350802636897526,-1.397638405054698,-1.0265028476715088,-0.957679808139801,0.3801299035549164,0.1666666716337204
0.07730835503256557,-0.058495231376678516,0.9308590699686043,0.4724726296503741,-0.34454667568206787,1.6377578679565674,1.6476899857846392,-0.5821305814558266,-0.4030156433582306,-0.2898494303226471,1.9243946632793436,0.5
0.3735234939424634,-0.20309685170650482,-0.397668719291687,-0.6332142949104309,-0.5085799120296784,-0.3387388288974762,-1.0628853705391748,-1.6040819940302424,-0.4030156433582306,-1.1502318660656075,1.9860250742127383,0.5
-0.3148728311061859,-0.3219686448574066,-0.5675724892417783,1.8160026356760746,-0.2631605863571167,0.02584055996928112,1.2763182148424213,1.324070803279621,-0.4030156433582306,0.17763182520866394,-1.306420922279358,0.3333333432674408
-1.224203109741211,-0.19285926389826852,-0.05790869891643524,0.0170241657273604,-0.5750375576606249,0.2791453003883362,-0.0015564647819943209,-0.4938347682046085,1.274379912127371,0.18724425309753476,-0.041507821530103683,0.6666666865348816
-0.3148728311061859,1.4945415012001804,-1.556956603840811,0.43019519506911996,0.38715230831476943,0.16680273413658142,1.1119514673348176,0.1256569384832531,0.15812282264232635,-0.3566324710845947,-0.8847832679748535,0.3333333432674408
-0.08754027634859085,-0.9772383613144517,-0.19381269812583923,-0.6789753254266923,0.001723837019932676,0.1286392534689387,0.27167364152729173,-0.9123893648580683,-0.33520496382303266,-0.17573588431786713,0.5487849712371826,0.5
-0.6179829239845276,-0.6785839796066284,0.010043300688266754,0.19478284055751385,-0.42593276500701904,1.2371495913276624,0.7155788942268018,-0.17483506155339068,0.10252883479547986,0.1108487918972969,-0.1258353590965271,0.5
-0.9210929870605469,1.4112433951666024,-1.7471942899856232,-0.4998875558376312,0.5778290033340454,0.6161730289459229,-1.3127390190010233,0.4741507812151328,2.406237446775064,1.45863499885667,0.7298273562082426,0.5
-1.6711212773829967,-0.5597122311592102,-0.5335727334022522,-0.7835415126370797,-0.7243484258651733,-0.9917912929225858,-0.5933065622918986,-1.744388295255981,1.9236957845491554,-0.890896737575531,1.6923652654375259,0.5
3.054218435420971,1.7042047821365984,2.147477339903776,-0.6458743270181269,0.4079109832882921,-0.7881091237068176,-1.2073096907718557,1.7326369278777045,0.15812282264232635,1.129311878434011,0.3801299035549164,0.5
-0.41757363337440234,1.1889146146481295,0.8934193253517151,0.782096892133056,-0.5730595815828662,-0.22639626264572144,0.2978339313801988,-0.24839704797160767,0.0957741066813469,-0.9580902860001864,0.4644574522972107,0.5
0.29134732484817505,1.6839168175972852,-2.150892859016768,-0.6109932065010071,1.011562157953808,0.11063144356012344,-0.20972459691757814,0.7845853939932289,-0.1344488178122563,1.3625366743545648,-0.5474730730056763,0.5
0.7587830394553001,-0.33439339554138414,-0.19381269812583923,-0.6332142949104309,-0.39880406856536865,0.39148786664009094,1.2179267064623198,0.11306138193657946,0.5945638418197632,0.4689479159066344,-0.2944904565811157,0.5
0.4429023563861847,-0.2774348084437036,0.6801257730748089,0.9888166757115652,-0.42593276500701904,2.294632911349224,2.6367404037806303,0.6462718747718769,-1.1480758266259057,-1.3583780527114868,-0.2944904565811157,0.3333333432674408
-1.0099647587061842,-0.09340512077986655,-0.2617647051811218,-0.6332142949104309,-0.6506146565475652,0.6161730289459229,-0.009708079161240165,-1.8736365639445887,-0.9641541242599487,-1.0709355507493308,1.8926193449364355,0.6666666865348816
-0.46642789244651794,-0.2625327408313751,0.4177553057670593,0.5329191867882874,-0.05335907741878588,0.5327637963359882,0.2715605649885732,-0.40960190371872196,-0.46536436676979065,0.4447639584541321,0.21147480607032776,0.5
-0.1732692129948791,-0.14366096258163452,-0.3297167122364044,-0.7887621521949768,-0.37167537212371826,-0.6195952296257019,0.8920904994263533,-1.3661553933959807,-0.15362077951431274,-0.15628336369991302,1.0578666078811734,0.3333333432674408
-0.46642789244651794,-0.5002763271331787,0.21389929950237274,0.6724905911631182,-0.5887049436569214,0.8611902430965158,-0.1789021354191596,-0.5899989578782512,-0.7147592306137085,-0.422833711672102,0.7989221398658428,0.5
0.1397922784090042,1.4750818944352866,-1.4353601728688326,-0.6332142949104309,1.3086219255936022,0.14389697871558915,-0.9300178713296343,1.203738111670808,1.3055530328229632,1.3758560160438758,-0.9691107869148254,0.3333333432674408
-0.6179829239845276,0.03464672341942787,0.6895633339881897,-0.458680743847246,-0.6700910329818726,-0.41240682462291783,-0.48959174971148367,-1.2592356029766245,0.7849228730172053,-0.0895003229379654,1.593863526215323,0.5
6.353549003601074,-0.2625327408313751,9.11561107635498,-0.9887523055076599,-1.2940510511398315,14.546651840209961,5.739711284637451,5.3161420822143555,4.896625518798828,9.794388771057129,3.078611373901367,0.0
-0.5441019350336068,0.33182618021965027,-0.4656206965446472,0.6771868127578009,0.4504065610377523,0.3571341587237608,1.3623637053548467,0.6402433957830724,-0.9018054008483887,-0.008939763400374896,-1.233442353177481,0.3333333432674408
-0.7695379853248596,-0.20309685170650482,1.0293233394622803,-0.5435010682977258,-0.5344475507736206,0.5654222201967304,1.7280004401097282,-0.5031396526871857,0.24934648189807299,-0.590738338034697,0.04281972348690033,0.3333333432674408
5.319796164315106,0.8070635339560422,1.9377102876114185,0.15254855465400596,0.11224329903497882,-1.349821925163269,-1.433183115564244,2.584497752357893,-0.15362077951431274,2.801368729757457,-0.631800651550293,0.7673486781512384
-0.01176275685429573,0.33182618021965027,-0.6008105300474184,-0.6675926268510727,0.39194063707510735,-0.240205721649073,0.2387852170674802,0.09638958734103621,-0.15362077951431274,-0.9855464009547685,-0.8847832679748535,0.4382388788886133
-0.6937604546546936,-0.9163275957107544,-0.35231032184201816,-0.6776565313339233,-0.07325971871614456,1.3675518700280334,0.7205732713882318,-0.7069870953335785,-0.09127205610275269,0.013901974774780723,-0.21294412144105296,0.5
-0.9336924851067602,-0.6191481351852417,1.0293233394622803,0.011975298373372287,-0.5344475507736206,0.33531656861305237,1.0034084320784675,-0.6644555057417658,-1.213549017906189,-0.12945699411166514,0.08203026582813819,0.3333333432674408
2.926837050486105,1.0377714480950462,1.6664213168941415,-0.5887720584869385,0.9829982591304601,-0.731937825679779,-1.247361735013656,1.7979009734313198,-0.4030156433582306,1.5550109161702912,-0.7161281704902649,0.5
0.06401476263999939,0.2897401446429695,1.037982789740477,0.5547724909020522,-0.34454667568206787,0.2791453003883362,1.1036622929699778,0.022495730299889306,-0.15362077951431274,-0.957679808139801,-0.041507821530103683,0.6666666865348816
-0.39065036177635193,-0.9757634997367859,-0.025077880273309906,-0.8998677730560303,-0.3506738237082637,-0.5072526931762695,-0.22982661912755617,-1.103685261739165,-0.5277130603790283,-1.2145045921931248,0.055239184290413926,0.5
-0.2390953153371811,0.03298433131636062,-1.1649162998138887,-0.766541063785553,0.6498960620202261,0.6309916073114841,0.6303093052925594,0.27261312606627436,-0.2159694880247116,0.3111979067325592,-1.4938198914365695,0.3333333432674408
-0.01176275685429573,0.5437855979464971,-1.1949653063974117,-0.9023557608417353,-0.01900232955813408,-0.6276671044165135,-0.2591408474172922,-0.18198636898281356,-0.8433778831926316,0.37798094749450684,-1.2220934629440308,0.3333333432674408
0.29134732484817505,0.5750132831850153,0.8934193253517151,-0.4998875558376312,0.9427940707374616,-1.1813081502914429,-1.5998167508589354,0.4500283124543014,0.6569125652313232,0.6030879054382566,0.6331125497817993,0.5
-0.46642789244651794,-0.6852727574514038,-0.4656206965446472,2.359638114081353,-0.5076793661262056,0.9267322373173362,0.9841395085505973,1.033216118812561,-1.1277271647638896,-0.0895003229379654,-1.131299159896281,0.5
-0.3148728311061859,-0.08422506600618362,1.1652272939682007,1.8442924947982389,-0.2360319048166275,1.378932148012305,4.183129619058482,1.2384493541387358,-1.0814253557572633,0.17763182520866394,-1.4750760793685913,0.3333333432674408
0.052560711386002865,-1.213507056236267,-0.2617647051811218,-0.7783713376888074,-0.561576247215271,0.08639234021950257,0.40763740275053445,-0.6352386101175723,-0.4030156433582306,-0.15628336369991302,0.12714727222919464,0.5
1.1640627520307998,0.710651579631309,-0.941284716129303,-0.7443199157714844,0.9412090841203764,-1.0689655542373657,-0.3274059076455657,0.8831053403228094,-0.25709640220287905,0.7786791324615479,-0.8847832679748535,0.3333333432674408
1.2307409451097395,-0.3733462293782936,0.28185129165649414,0.27895097352677223,-0.2902892827987671,-0.09381534359978651,1.2303352249412125,0.8983207941055298,1.0934561395503304,0.04406575486063957,-0.7443661464128635,0.5
-0.9968705177307129,0.6344780133482743,0.5514175078445831,-0.7220988273620605,-0.37167537212371826,-0.6828222262626243,-1.1936715638060786,-1.0593002804220633,1.3427485227584839,-0.0895003229379654,1.5607155561447144,0.6666666865348816
-0.16331779956817627,0.923472329927918,-0.460342004045399,1.1268334221601208,0.6093535650377158,-0.9566229581832886,-0.3673143413599137,1.000009489828395,-1.6809734077826277,0.8570580774621374,-1.2220934629440308,0.3333333432674408
-0.46610360496914,-0.024789171293377876,-1.2103697404257543,-0.4998875558376312,-0.38965770106143754,-0.22639626264572144,0.29343609129210857,-0.6651882077885782,-0.5277130603790283,-0.49019855260849,-0.1258353590965271,0.5
0.8217899799346924,2.08873115154996,-2.1644208431243896,-0.589243264858557,0.7042708943615402,-0.0578824058175087,-0.35599865622228505,1.100034022432445,0.7192612886428833,1.2391015574983764,-0.7791290856582651,0.3333333432674408
-1.2908355459804501,-0.20309685170650482,0.4177553057670593,-0.833204448223114,-0.8958214203750521,0.1276398006574168,-0.43845866792242777,-1.7374164372420935,0.8439587354660034,-1.2405820958570337,1.392060399055481,0.5
-0.5422053933143616,-0.7974557876586914,-0.8030131851150332,-0.6332142949104309,-0.5344475507736206,1.4375895744897131,0.7855285609151749,-0.6355684006974938,-0.18763228052314534,-0.4801589661670127,-0.5474730730056763,0.5
-1.3372428552460551,-0.6785839796066284,0.6895633339881897,-0.8522625972329425,-0.2813249584822347,-1.312932753475351,-0.7702042443249532,-1.2605046729735199,1.0933536291122437,0.17763182520866394,0.6331125497817993,0.5
-0.9210929870605469,-1.094635248184204,-0.12586070597171783,-0.6998776793479919,-0.4369387887907001,-0.9566229581832886,-0.024283458163435755,-0.8697755086032116,0.9686561822891235,-1.0244628190994263,-0.1258353590965271,0.3333333432674408
0.36712485551834106,-0.2625327408313751,0.28185129165649414,0.09232379133194232,-1.2449784835040087,0.6723442673683167,0.2509764367509215,-1.193199217539676,-1.3223429101081134,-1.0244628190994263,1.6450430154800415,0.6666666865348816
-0.16331779956817627,-0.4408404231071472,0.684498334354177,-0.8776466846466064,-0.2902892827987671,0.6723442673683167,0.7652389114628079,-0.6681876251089656,-0.9018054008483887,0.04406575486063957,-0.2944904565811157,0.5
-0.16331779956817627,2.6013960418978614,-2.1644208431243896,-0.7220988273620605,0.9942485060809394,-1.0127942562103271,-1.668078218601146,1.0138261978849528,2.198204886499712,0.7118961215019226,-0.631800651550293,0.3333333432674408
0.29134732484817505,0.21295440196990967,0.21389929950237274,-0.6782489488389144,0.8054460671666641,-0.22639626264572144,-0.8757961848278385,0.5255375295102918,2.0175473530897032,0.9790282845497131,-0.2944904565811157,0.3333333432674408
-0.9210929870605469,-0.6785839796066284,-0.19381269812583923,0.4911694558520634,-0.2360319048166275,-0.3387388288974762,0.22533838032078604,-0.4162755408291278,0.5651043264519081,-0.6237646341323853,0.43023128337060307,0.6666666865348816
-0.01176275685429573,-1.1314721210923941,0.07799530029296875,-0.5240931043873194,-0.2902892827987671,0.08205116173661106,0.10728955514658095,-1.1944785990403732,-0.028923334553837776,-1.1580289602279663,1.223405361175537,0.7894526449538399
0.21556980907917023,-1.094635248184204,-0.2617647051811218,1.0572502963319514,-0.45306146144866943,0.33531656861305237,0.7767284917014736,0.1498264359184823,-1.1490773023064906,-0.5569815635681152,0.21147480607032776,0.6666666865348816
-0.3148728311061859,0.4336620928267684,-0.2617647051811218,1.2931372890923596,-0.5344475507736206,0.6161730289459229,1.354404623345718,0.4319828586879968,-0.2159694880247116,-0.890896737575531,-0.5474730730056763,0.5
-1.0524782105578132,-0.6391463598675026,-0.12586070597171783,-0.7887621521949768,-0.5073188543319702,-0.2716254781556337,-0.8658454419491095,-1.6240913309332947,0.15812282264232635,-0.7157795590046722,1.373594576091519,0.6666666865348816
0.3361144168956654,-0.032783971535379375,-0.3297167122364044,0.5122544526963397,-0.05067134328728287,-0.16277878150354272,0.9980615485793243,0.7899402045190292,-0.43960562864554653,0.24441486597061157,-0.9691107869148254,0.3333333432674408
0.5135307085871919,0.8914908482306115,0.4177553057670593,-0.7375243475791855,8.339997162547839,-0.8571067359248137,-0.756979476371504,0.7910739712798092,-0.09127205610275269,0.9122452139854431,-1.137765884399414,0.3333333432674408
-0.9968705177307129,-0.5545522377263282,-0.2617647051811218,0.4139250918168089,-0.46151363657462113,-1.0689655542373657,0.7233093748798813,0.08494220675789292,-0.6139013057274091,0.0701402801317802,-1.2220934629440308,0.5
6.353549003601074,-1.5701223611831665,9.11561107635498,-0.9887523055076599,-1.2940510511398315,14.546651840209961,5.739711284637451,5.3161420822143555,4.896625518798828,9.794388771057129,3.078611373901367,0.0
0.371306838571352,-0.5002763271331787,0.14594730734825134,0.4039356392682046,-0.5226880803066546,0.16680273413658142,0.9210128273960723,-0.048860176688548244,-0.7771079540252686,0.3111979067325592,0.4644574522972107,0.6666666865348816
-0.34336002129970794,-1.094635248184204,0.30106891144670356,-0.4482959689829646,-0.7243484258651733,0.4108786552643166,0.23115374154574722,-0.38843942224404754,0.5407706453933563,-0.957679808139801,-0.46314552426338196,0.3333333432674408
-0.9365098903321151,2.082306031394468,-2.0686772784013288,-0.6776565313339233,0.1807932079409088,-0.90045166015625,-1.534670550946158,0.274862009631402,2.1624555056348242,0.5745575122146509,-0.0967384820107764,0.3333333432674408
0.1397922784090042,0.8673897702159453,-0.12586070597171783,-0.2932853641414534,0.2609397640669014,-1.1251368522644043,-1.6744754827646335,-0.07385789028793988,0.6569125652313232,0.9790282845497131,1.1606057599697883,0.5
-0.8453154563903809,-0.5597122311592102,-0.6471324326339402,-0.766541063785553,-0.34454667568206787,0.33531656861305237,-0.44194690691066396,-0.9883925901970088,0.5322151184082031,0.48982467718087297,0.29580235481262207,0.3333333432674408
0.8665047446013942,-1.213507056236267,1.4364532810254513,-0.6776565313339233,-0.7409611296163583,0.08610725387103516,-0.3248186723533416,-0.551272594635656,-0.4989156616733728,0.04406575486063957,0.5697526846414048,0.8333333134651184
1.814637431005726,-0.2625327408313751,4.507432545160682,2.777230523755734,-0.34454667568206787,1.0317628749688543,1.3502979065547007,1.8612164764166614,-1.6504776387688433,0.6451131105422974,-0.9691107869148254,0.5
1.0612228564100594,-1.213507056236267,-0.056489259983150526,-0.19915061845562548,-1.078427117181764,-0.30577633516363983,-0.6016027277306761,-0.9063178891040617,-3.125734761372917,-0.8241137266159058,0.4644574522972107,0.5
-0.39065036177635193,2.0339225734196362,-0.397668719291687,-0.766541063785553,-0.6167701438014439,-0.1025483762803556,0.6259590749551077,-0.11191560555819494,-0.028923334553837776,-0.02271728403866291,-0.7067268875503809,0.3333333432674408
0.4429023563861847,-0.6844756968092687,-0.12586070597171783,1.0683017550167284,0.0227198884798444,-0.6089251703396407,0.32716060041629375,0.9631012854193478,0.5322151184082031,0.3111979067325592,-0.631800651550293,0.5
-0.5422053933143616,-0.08422506600618362,0.6895633339881897,0.5267188445573938,-0.4801901578903198,-0.6195952296257019,-0.11986567673043141,-0.9563128390367528,-0.30660711621142794,-1.0244628190994263,1.392060399055481,0.6666666865348816
-0.46642789244651794,-0.3219686448574066,0.14594730734825134,1.752352917306203,-0.39880406856536865,0.876725384698802,1.8519189256501751,1.181779269013285,-0.3861696021783634,0.46493840457142066,-1.2503610790337638,0.6666666865348816
-0.01176275685429573,0.45248988655731837,0.9702087700111448,0.5453732512354098,-0.39880406856536865,0.6723442673683167,1.465250060175473,0.6952998988311772,0.15812282264232635,-0.6905476450920105,-0.631800651550293,0.1666666716337204
-1.072648048400879,0.03464672341942787,-0.8019344184609084,-0.544329822063446,-0.5344475507736206,-0.22639626264572144,0.4531793372321144,-1.1969793220620935,1.9515930846892837,2.749379547099261,2.119163039756655,0.6666666865348816
-0.7692049373609132,-0.7380198836326599,-0.397668719291687,-0.6554354429244995,-0.5746389438697865,1.5845445319019356,0.050777535113122156,-1.3310668457212715,-0.34066691994667053,-0.8070815898569039,0.4644574522972107,0.5
-0.08754027634859085,-0.2625327408313751,-0.19381269812583923,-0.6122453331543847,-0.09179790133765912,-0.7992964453568839,1.4840304021930628,0.14485379937178777,0.46986642479896545,1.3151753784692761,-0.46607383817880443,0.3333333432674408
-0.46642789244651794,-1.0805007961113637,-0.12586070597171783,0.192499993838519,-0.3564623781336945,0.5600017309188843,0.7261782063204185,0.002527694571160786,0.8669091963311035,-0.15628336369991302,0.16015220414425674,0.5
-1.072648048400879,-0.7974557876586914,-0.05297211517765233,-0.7297247860886885,-0.7422801442976722,-0.34567359745440845,-0.5190249207028652,-1.5371488474824004,1.2976905472660483,2.3164922438573132,1.3851737692391959,0.5
-0.01176275685429573,-0.8568916916847229,0.010043300688266754,0.2728552102717984,-0.2631605863571167,0.9532006978988647,0.9013411099490586,-0.03620811345579771,-0.46536436676979065,0.1108487918972969,-0.041769463825690745,0.5
0.6702349185943604,-0.7974557876586914,1.0662030226908537,0.6828691698554598,-0.34454667568206787,0.8630923271787306,1.5260386866670905,1.0147256029624154,-0.30941821430030836,-0.22306638956069946,-1.2125478556992602,0.5
-0.08754027634859085,0.33182618021965027,0.5536593198776245,-0.22172829239778585,-0.01900232955813408,0.9532006978988647,1.0394198204061407,-0.3966749706128351,-0.15362077951431274,-0.5569815635681152,0.04281972348690033,0.5
-0.30493520272195346,-1.0351994037628174,-0.19381269812583923,0.2976553280965555,0.28951966165783793,-0.3994861833670717,0.4123448825763489,1.033216118812561,2.3488403097907025,-0.2898494303226471,-1.0534383058547974,0.5
-0.01176275685429573,0.7761198568937543,2.263101535115386,2.911559041484774,-0.15464581549167633,1.7266219543706234,1.6383295458765017,1.8686579586599645,-0.34066691994667053,0.04406575486063957,-1.5139809983670767,0.3333333432674408
0.06401476263999939,-0.5002763271331787,-0.05790869891643524,-0.7736193029519206,-0.34454667568206787,0.39148786664009094,0.28974625736986825,0.21928945263501556,1.5830603315585763,1.059385609877254,-0.8847832679748535,0.5
-0.46642789244651794,-0.7478962643971311,0.4719923136692734,1.1323331238949896,-0.45306146144866943,0.8874758004008829,0.3028014162725926,0.3491773279808628,0.2204715460538864,-0.7573306560516357,0.762316862838773,0.5
2.6966526623638747,0.46450353268172084,0.9489253426969376,-0.22794926084491796,1.508883731324502,-0.731937825679779,-1.074020331732754,1.5355349857264644,-1.0334856815136286,1.9455521863324297,-0.8004556894302368,0.3333333432674408
0.5186799168586731,0.27239030599594116,0.7860116749017969,-0.19490717079076775,-0.7132237286062681,0.2229740172624588,-0.3471720816131767,-1.1485242110249405,-1.927137455997754,-1.3583780527114868,1.5607155561447144,0.6666666865348816
-0.46642789244651794,-0.5002763271331787,0.5536593198776245,0.8630195228659527,-0.18177451193332672,-0.5470324600091141,0.5887716318476248,1.14947141974453,1.7909128948428208,-0.5881373171703759,-1.306420922279358,0.3333333432674408
-0.46642789244651794,-0.6191481351852417,1.6015652165069876,0.9457068240644319,-0.01900232955813408,0.4476591646671295,1.2472315680624482,0.6639467396929797,-0.46536436676979065,-0.49019855260849,-0.8004556894302368,0.3333333432674408
-0.8453154563903809,-0.14366096258163452,1.1652272939682007,-0.544329822063446,-0.7440372323729058,-0.9566229581832886,1.113752411673816,-0.7797532902560605,0.9686561822891235,-0.22306638956069946,0.6277699433464654,0.5
4.877153504928508,-0.7974557876586914,1.2340767169242342,-0.7220988273620605,-0.2089032083749771,-1.0273345414509814,-1.4988491036101044,0.9337777172364735,-1.7809688079111714,-0.49019855260849,-0.8419233499596557,0.5
-0.46642789244651794,0.44800339064937605,-0.2617647051811218,1.5350532427823478,0.4550857678594479,1.9913358169181106,1.7959528544139518,0.7546370181409344,-0.5878675888748722,-0.49019855260849,-1.2220934629440308,0.5
0.13988407927636246,-0.6191481351852417,0.14594730734825134,-0.8093502141912479,-0.5065788475479724,-1.0457622818058299,-0.21733149705260293,-1.0600342415277666,-0.7147592306137085,-0.42341551184654236,0.6010899925332901,0.3333333432674408
0.11267214310226309,1.5113960907496815,-0.3297167122364044,-0.6063757738976266,0.5504203481631229,-1.237479329109192,-1.663741731878084,1.033216118812561,0.15812282264232635,-0.10793158439958134,-1.137765884399414,0.5
-0.4421215467311619,-0.40527353030629615,0.34980329871177673,0.3287128686590346,-0.697219729423523,0.2034577812249698,0.24806476210511225,-1.1166051049046513,-0.8486498340957536,1.5091503301235505,1.5818197801772713,0.5
0.8217899799346924,-0.3814045190811157,-0.397668719291687,-0.8080289933516038,-0.561576247215271,0.39148786664009094,-0.2728074225323086,-1.374448205695584,-2.6325001603430307,-1.5397324624842037,0.6331125497817993,0.3333333432674408
0.7938011368229904,-0.4408404231071472,0.010043300688266754,-0.1853123282226788,-0.4801901578903198,0.07729520889429212,0.17544249660587485,-0.7583915852707183,-1.5329401709705048,-1.0244628190994263,0.6331125497817993,0.5
-0.024975784073247756,-1.094635248184204,0.5536593198776245,-0.8554255366325378,-0.7422208484355394,-0.731937825679779,-0.8488954475582221,-1.6785625161675983,-1.213549017906189,-0.5354596082128367,1.187954282660694,0.6666666865348816
-0.2390953153371811,-0.5597122311592102,-0.2617647051811218,-0.4359343333728007,-0.5344475507736206,-0.08290777635607027,0.20949170931776706,-0.6097214244854854,0.6700171985508034,0.5115470290184021,0.3047253426378442,0.5
-0.08754027634859085,1.5142632718380906,2.2408049929765084,1.3614956471778588,-0.42593276500701904,1.78416376106218,1.5312770623816092,1.033216118812561,-0.9018054008483887,-0.3906830132756742,-1.0534383058547974,0.3333333432674408
0.06401476263999939,-0.024789171293377876,-0.6758078878870131,-0.7220988273620605,0.5456903122807265,-1.349821925163269,-1.1353254127525885,0.7785581601311674,0.04913397366249416,4.703845431691815,-0.7367450931940553,0.5
0.799248128660449,0.4232035816755795,-0.6015247106552124,-0.16354475474107263,0.775816638840666,-0.8871155480911779,-1.1116173324063308,1.2405152087445503,0.5322151184082031,0.5883500227574553,-0.631800651550293,0.3333333432674408
-0.01176275685429573,-0.8568916916847229,-0.12586070597171783,-0.16918435390725212,-0.30494670107847915,0.33531656861305237,0.043678535512550555,-1.0625660736136437,-0.3795015928508198,-1.0216581166340633,0.7174400687217712,0.5
0.8217899799346924,1.500110735453813,-1.8706965817386114,-0.7389643032067092,0.2082413686372054,-1.023044582374185,-1.4379572883302727,0.8278944756002782,0.7816100120544434,0.17763182520866394,0.12714727222919464,0.5
-0.9210929870605469,-0.9163275957107544,-0.12586070597171783,-0.6554354429244995,-0.01900232955813408,-0.6741818961615563,-0.2863769355380682,0.22186054112897274,1.282160129262401,-0.8289122895689138,-0.5474730730056763,0.5
-0.6937604546546936,-0.5900241580911231,0.5225330883123187,0.3089676295109876,-0.3085537446738765,1.683498828965361,0.9141494684740741,0.35959897747706054,-0.7771079540252686,-0.7573306560516357,-1.4419359592502987,0.3333333432674408
-0.16331779956817627,2.3048742757351257,-0.9983093842745376,-0.6109932065010071,0.20825816861762142,0.32126074675956073,0.47830185550851784,0.2415493236253291,0.5322151184082031,0.04406575486063957,-0.631800651550293,0.25790566729803477
-0.46642789244651794,0.8883412013076082,0.7816668817789423,-0.10182243682857056,-0.6186961179112299,-0.17022497951984406,-0.21109898087408846,-1.062144354695766,1.2010876949387808,0.6451131105422974,1.813698172569275,0.5
2.0479396990945697,-0.20309685170650482,0.967005037871247,-0.6570520524527287,1.2071462127346135,0.3422163545014462,-0.5177942223815151,1.3085241674248433,0.9993900607106462,1.800902384479071,-0.1258353590965271,0.5
-0.16331779956817627,-0.3219686448574066,0.4177553057670593,-0.766541063785553,-0.6429623365402222,0.49770680678178275,0.37910968289939806,-1.698564641656028,-0.9915899061555471,-0.3566324710845947,2.0288943487835143,0.6666666865348816
-0.16331779956817627,0.27239030599594116,0.8934193253517151,0.35627206012033946,-0.2631605863571167,1.1217145919799805,1.1773203927036422,0.7743123366652241,-0.05812143491561411,-0.42341551184654236,-1.5589223259507043,0.3333333432674408
0.4429023563861847,3.1587707173988493,-0.6694766879081726,-0.4998875558376312,1.109030180366369,0.33531656861305237,-0.06534838994643885,0.6728710207728366,-0.34066691994667053,0.6451131105422974,-0.9691107869148254,0.5
-2.58819842338562,-0.7380198836326599,0.4857073128223419,-0.9269491901592892,-1.294029263400951,2.618261295406068,0.9906478954321652,-2.504413366317749,-0.4544450204909892,-2.092991352081299,3.078611373901367,1.0
0.5186799168586731,0.014255945557990063,0.4857073128223419,-0.7220988273620605,0.29006957333428746,-0.3949100971221924,-1.4223604111086168,-0.5189717377314528,0.6569125652313232,1.0115194691903255,1.392060399055481,0.5
0.8165820786906923,-0.5597122311592102,0.14594730734825134,-0.6998776793479919,-0.14214265977087895,-1.0895256204970063,-1.6687474039174544,0.05185157446306849,0.15812282264232635,0.6085590574876626,0.3801299035549164,0.5
-0.854799496338762,-0.14366096258163452,-1.6170154738616092,2.3371244604901684,-0.45276535858019634,-0.7108703990752183,0.7204688734729986,0.8835362268797085,0.6569125652313232,-0.21052571024810895,-0.37881800532341003,0.3333333432674408
-0.01176275685429573,1.9979829018146391,-2.149973849893705,-0.6776565313339233,0.6142203870407076,-0.8324773169145714,-1.1474615999799511,0.7546410191555557,0.9686561822891235,0.24441486597061157,-0.631800651550293,0.3333333432674408
-0.16331779956817627,-0.6191481351852417,-0.2617647051811218,2.398417649323344,-0.12751711905002594,1.289860791231245,1.9672835840655167,1.5059196783675022,-1.4005951881408691,0.6893118349768131,-1.4750760793685913,0.5
0.6702349185943604,-1.213507056236267,0.6895633339881897,-0.8109833002090454,-0.45306146144866943,0.2229740172624588,0.24883607587553266,-0.8828109733919428,-1.103996705572776,1.5383412180627367,0.7139352361564251,0.5
3.2619339557781077,0.9090947284010762,1.2145437655418696,-0.5887720584869385,0.8857051085675705,-1.349821925163269,-1.2797226863515376,1.2702820319849106,-0.7771079540252686,3.1454933456748555,0.41156449182383575,0.5
-0.46642789244651794,-0.6785839796066284,-0.4656206965446472,0.6231540819769169,1.038181761911277,0.7846868634223938,0.7346186768077355,0.3982422028659869,-0.6524105072021484,-0.5569815635681152,-1.0534383058547974,0.3333333432674408
0.6737406692177054,0.21295440196990967,-0.2617647051811218,-0.5887720584869385,-0.2360319048166275,-0.6609805411801656,-0.5098899052177616,-1.0599785967323123,-1.3711807902679574,0.17763182520866394,0.8017675876617432,0.5
-0.5422053933143616,-0.6191481351852417,-0.2617647051811218,0.9370245578019024,-0.10038841515779495,0.05446016043424606,0.07919514724805586,0.42725219095105554,0.033425383269786835,-0.890896737575531,-0.37881800532341003,0.3333333432674408
-1.479032085700858,-0.7974557876586914,-0.2387472932184755,1.2170891456778437,-0.3174179792404175,0.9532006978988647,0.7352795751276057,0.32843108140256966,-0.7147592306137085,-0.2898494303226471,-1.1396769419422266,0.3333333432674408
-0.035348887689107905,1.9122447067251989,-2.1644208431243896,-0.8084124013273344,0.7673440841077553,-1.2650673514699395,-1.718640854432811,0.4492254662613515,0.9686561822891235,-0.3566324710845947,-0.9691107869148254,0.3333333432674408
-0.16331779956817627,0.7934662719441163,1.1652272939682007,1.6762874416304132,-0.2642361731174994,1.716070958372794,1.4247607426173778,1.1457318384047381,0.011209272422445647,0.4447639584541321,-1.1393433862199642,0.5
-0.46642789244651794,-0.5597122311592102,0.009983214970542768,-0.8109833002090454,-0.39880406856536865,0.2229740172624588,0.14432039650998538,-1.0126869069476627,0.5945638418197632,-0.0895003229379654,1.3787126097275562,0.6666666865348816
-0.6493821250561147,0.18783807225269747,1.1652272939682007,0.21140823535606149,-0.07325971871614456,0.7179590067905213,1.4785410187929346,0.4291961048900591,0.9212129794731524,0.5115470290184021,-0.6390842088403359,0.3333333432674408
-0.5422053933143616,-1.2839098661316763,-0.05790869891643524,-0.8519634415252954,-0.6520689961481367,0.04610846237128534,-0.34878627821997066,-1.8053719696229402,-0.34066691994667053,-0.6905476450920105,1.6450430154800415,0.6666666865348816
0.3278522462113936,-0.3814045190811157,1.1652272939682007,1.6301742395808285,0.7433777237424266,0.2791453003883362,0.8686497515584075,1.2078079567064668,-2.5635296170121302,0.16593520551733193,-1.306420922279358,0.3333333432674408
1.0549142223134746,1.7103997143913647,-0.7706529568684196,-0.6109932065010071,0.12161673744874256,0.009824101582408424,-0.6333120722482777,0.4096151157567234,0.0957741066813469,8.180410162025286,0.6428700749924928,0.5
-0.6626537793790619,-0.20309685170650482,-0.6758644711229526,0.692886829380412,0.17062189269674405,0.5954995347333627,0.6007592308888909,0.4491436234902829,0.34516897797584534,-0.7573306560516357,-0.7161281704902649,0.3333333432674408
-0.39065036177635193,-0.6785839796066284,0.952946867928136,2.362859333889743,1.1750768399534541,1.2534561324998879,1.7379192930944027,1.650317114751307,-1.6926120841006798,0.37798094749450684,-1.3743852776672267,0.3333333432674408
-0.5510756578522902,-0.4408404231071472,-0.4656206965446472,-0.016105322810400908,-0.7662752316647508,0.6978151027662538,0.5929495353104415,-0.7361259096251751,0.34516897797584534,-0.42341551184654236,0.21147480607032776,0.5
3.498140800699635,1.184263156167756,0.5536593198776245,-0.2865584376449558,1.0772721718691747,-0.6757665276527405,-1.0706619795455279,1.8344599379530173,0.15812282264232635,0.4447639584541321,-0.1258353590965271,0.5
-0.16331779956817627,2.280730915784117,-2.1644208431243896,-0.6469917073621991,0.7188105728447327,-0.17022497951984406,-1.3027491440327958,0.39996776070229845,1.0909640837811778,1.6097461793318988,-0.631800651550293,0.3333333432674408
2.296551251479319,-0.29247533931908803,1.5368295987592566,2.476676869276078,0.05968455829546527,0.774486995675071,1.6432130300407923,1.9254097410886741,-1.3920440375899525,0.6451131105422974,-0.9691107869148254,0.3333333432674408
-0.3806282044301286,-0.5858867389958632,-0.2617647051811218,-0.7887621521949768,-0.15778893060247534,-0.3949100971221924,0.1436729728634367,-1.406933949468421,-0.4030156433582306,-0.0895003229379654,1.0170108955503772,0.5
-1.148425579071045,-0.9757634997367859,-0.12586070597171783,-0.8533346278903453,-0.4526842279921985,0.8300471315864917,-0.04025912590554893,-0.7155285305225342,-0.7771079540252686,-0.49019855260849,-1.137765884399414,0.5
0.7530794654631144,5.075370880284457,-2.1644208431243896,-0.6554354429244995,1.6172665323492093,-1.0689655542373657,-1.0513443082458893,1.030278378971377,0.46986642479896545,0.36671233724157065,-0.7161281704902649,0.21662126118958683
1.708444445296862,2.550094506333112,1.1191925136169778,-0.5887720584869385,0.7055387446874805,-0.22639626264572144,-0.21593560555927316,1.4437287250761395,-0.46536436676979065,-0.2898494303226471,-1.137765884399414,0.3333333432674408
-2.027735286388062,-0.2625327408313751,-0.4656206965446472,-0.7220988273620605,-0.45306146144866943,-0.731744107731951,-0.43114309838523174,-1.5583387462047449,0.9063074588775635,-0.6237646341323853,1.5126836508632207,0.3333333432674408
0.9547282981294436,0.33182618021965027,-0.397668719291687,-0.3900608860639802,-0.5647535918929407,-1.0689655542373657,1.1803942864537682,-0.6073225477225391,-1.9161807858893658,1.1154993770206603,0.7174400687217712,0.5
-0.46642789244651794,-0.6191481351852417,0.8689448221612314,-0.8451985580826963,-0.37167537212371826,1.1546172153304932,0.49690307949915724,-1.0895626162776682,-1.4138023796904504,-0.8241137266159058,-0.2944904565811157,0.5
-1.148425579071045,-0.6191481351852417,0.4857073128223419,-0.833204448223114,-0.561576247215271,-1.444504474933149,-1.1023404793506333,-1.4846962656594391,-0.7765362610593647,-1.0244628190994263,1.223405361175537,0.13927798006721762
4.053935284632452,-0.024789171293377876,2.254072450407015,0.03816440472715779,0.42202265473823425,-1.4917550129741868,-1.7001475361056164,1.1654350365917308,-0.2783181965351105,0.7399751956592431,-0.631800651550293,0.0
-0.2390953153371811,0.6218012324351624,-1.294157649723494,0.8217970515278604,-0.0634830697761565,-0.4176937015518901,-0.0993260095221204,0.7525344410836152,-0.34066691994667053,-0.3566324710845947,-0.8004556894302368,0.3333333432674408
-0.2390953153371811,-0.9757634997367859,-0.05790869891643524,-0.542833270476326,-0.2360319048166275,0.6723442673683167,0.17535271658033952,-0.5219533031133342,0.0957741066813469,0.05851183849227139,-0.045066267665563625,0.5
0.5186799168586731,2.9486266161170693,-2.1644208431243896,-0.6554354429244995,0.5743390528415562,-0.9566229581832886,-1.5770678591645308,1.2253407403475622,1.032921512911703,0.9122452139854431,-0.8847832679748535,0.1666666716337204
0.21556980907917023,-0.6785839796066284,0.14594730734825134,-0.6998776793479919,0.01607011858707532,-0.2825675308704376,0.34206599577750424,0.1774243494513033,0.033425383269786835,0.3111979067325592,-0.8847832679748535,0.3333333432674408
-0.3633744416673793,-0.5002763271331787,0.06479593597322487,-0.6100646696462559,-0.2631605863571167,-0.45108139514923096,0.054351072047826826,-0.6405255768983026,-0.8394566774368286,0.1950274996954528,-0.46314552426338196,0.5
0.21556980907917023,0.27239030599594116,-0.7848699472780503,-0.6554354429244995,0.8540394075623879,-0.731937825679779,-0.9086858801937151,0.9077746878320261,1.0933536291122437,0.1108487918972969,-0.8847832679748535,0.3333333432674408
-0.01176275685429573,-0.5597122311592102,1.880902355670153,2.4498232894293968,-0.34454667568206787,0.9532006978988647,0.5733442943697293,1.5990168622849228,-1.2220772748112454,-0.42339526690244084,-1.559403657913208,0.5
-0.46642789244651794,-0.8370788168791419,-0.19381269812583923,-0.7547459319641695,-0.37167537212371826,-0.6195952296257019,-0.7570062905640591,-1.0884509865366672,-1.213549017906189,0.4187144272412656,0.4644574522972107,0.5
-0.01176275685429573,0.001689287612173445,-0.5335727334022522,0.5209027739071428,-0.2631605863571167,0.8454837940681285,0.14169169665736037,0.5868434501690292,-0.4647664325939756,-0.0895003229379654,-1.1327610656004876,0.5
-0.12140033953247012,-0.14366096258163452,-0.2617647051811218,-0.3699222660398816,-0.12751711905002594,0.9532006978988647,1.5993153677404224,-0.24147085442785943,-1.0888515710830688,-0.22306638956069946,-0.8847832679748535,0.5
-0.5492549427637786,0.46891628151543285,-1.0372447470530075,-0.6554354429244995,1.0500433425660711,-0.731937825679779,-1.3430559877721358,0.5568845534740163,1.3962813540531585,0.5783300399780273,-0.8847832679748535,0.3333333432674408
-1.1963327535714328,-0.024789171293377876,0.14594730734825134,-0.766541063785553,-0.1678939409213596,-1.2091112403049304,0.22948316853252745,-1.041271594892084,0.15590174926849656,-0.22306638956069946,0.9136656440090045,0.5
0.4429023563861847,0.4095584417660148,1.9450554981512103,-0.544329822063446,2.5209346666293104,-1.1813081502914429,-0.7870397151538822,0.7672428928082871,-0.9018054008483887,2.4085122496059577,-0.5474730730056763,0.5
-0.2390953153371811,-0.5288065632719117,-0.05790869891643524,0.5655419404938943,-0.755689629047858,0.33531656861305237,0.4639106323798875,-0.23136064674962836,-0.8394566774368286,-1.3277461987641417,0.04281972348690033,0.5
-0.3278532593383851,-0.8568916916847229,1.2113281680564594,0.4895434138316854,-0.10038841515779495,0.6723442673683167,0.8734949541503025,0.4265647420400811,-0.5900617837905884,-0.5504304028855064,-1.306420922279358,0.5
-0.34613864307805464,-1.222018833684644,-0.12586070597171783,-0.6998776793479919,-0.32388005518542473,-0.4994648123539674,-0.41305894608653887,-0.563970660938354,-0.028923334553837776,0.534330501874089,-0.46314552426338196,0.5
1.1651647064619737,0.09408261626958847,0.14594730734825134,-0.7220988273620605,0.8337076866607138,-1.1834615640621444,-1.260498310253154,1.249255931823361,0.8257965694581839,1.2920352268367774,-0.8490678429838495,0.5
-0.9558455563571899,-0.5002763271331787,0.4062364722530552,0.43722763773938667,-0.45306146144866943,1.191183364358875,0.5641543487456895,0.1752074433487509,-0.34066691994667053,0.6451131105422974,-0.8847832679748535,0.5
1.3173287374025207,-0.13346909197975632,0.21389929950237274,-0.8776466846466064,-0.5073188543319702,-0.731937825679779,0.3023914128978527,-0.7676085766189207,-1.495737693673843,-0.890896737575531,-0.5474730730056763,0.3333333432674408
-0.39065036177635193,-0.6191481351852417,0.16069893697449097,-0.6109932065010071,-0.12055720292624933,0.3549093161856993,0.3265047133401033,-1.0252137165354693,0.9686561822891235,-0.22306638956069946,0.615018078940145,0.6666666865348816
1.4956635923409916,-0.9163275957107544,0.5536593198776245,-0.7220988273620605,-0.2360319048166275,-0.17022497951984406,-0.6075676234017098,0.08984453702414871,-0.2159694880247116,1.3239746401209924,0.04243803647485582,0.5
-1.6454165872852355,-1.4266972620414373,-0.3297167122364044,-0.4998875558376312,-0.4801901578903198,-0.45108139514923096,-0.692861701493161,-0.9908882876834519,1.3427485227584839,-0.40570685250556976,-0.041507821530103683,0.5
-0.39065036177635193,0.33182618021965027,-1.04735221162544,1.6386304383479189,-0.4773643802094465,-0.0578824058175087,-0.06127127952837709,-0.5022839690216118,-1.4005951881408691,-2.0119952419680898,1.1390777826309204,0.5
1.2890742030547169,-0.20309685170650482,1.691676900373091,-0.6998776793479919,-0.2902892827987671,-0.8442803621292114,-0.2140507557689559,0.6917143471893606,0.46986642479896545,0.43056425513280633,-0.8847832679748535,0.3333333432674408
0.8281148104056799,1.2364986133982083,0.07799530029296875,0.005281818326913566,0.24394385929736168,-0.45108139514923096,-0.36971375542775553,1.6343260987656163,0.47553690798666176,0.6451131105422974,-0.9691107869148254,0.3333333432674408
0.1397922784090042,-0.9163275957107544,0.28185129165649414,1.0539156627381527,-0.42593276500701904,1.7626575820504504,1.1635663965555016,0.8194579300034734,-0.5900617837905884,-0.8241137266159058,-0.8847832679748535,0.3333333432674408
-0.2390953153371811,-0.2625327408313751,-0.12586070597171783,4.589669129086171,-0.2360319048166275,1.7072578555265439,1.9231608458302374,1.8905399446396152,-1.6913530657624232,-0.0895003229379654,-1.429563574561471,0.3333333432674408
1.9473853238679892,0.8545786876616487,-0.397668719291687,-0.8109833002090454,0.6023115353921928,-1.444274704761564,-1.608804339792622,0.9664445982167144,0.0957741066813469,1.1852232351933427,0.3801299035549164,0.5
-0.5422053933143616,-0.6191481351852417,0.28185129165649414,-0.8380151127962278,-0.15464581549167633,-0.22639626264572144,1.5609024353030472,-0.6688824934982264,0.2828202545642853,0.4447639584541321,-0.37881800532341003,0.3333333432674408
1.0031774893078498,1.4862826995250318,-1.1326528748952887,-0.7764037627064533,-0.2631605863571167,-1.0480325565199593,-1.5097335414178081,0.012966954444915314,-1.5767059238214334,1.062496969859105,-0.1258353590965271,0.3333333432674408
0.48090798945314883,-0.9757634997367859,1.1652272939682007,-0.766541063785553,-0.2631605863571167,-0.2825675308704376,0.5037945549463577,-0.5955777939786935,-0.15362077951431274,-0.42239820909081754,-0.172776631177367,0.5
-0.6937604546546936,1.2257469772858518,-1.1067079260641353,-0.8109833002090454,0.9174148253306132,-1.6041909354952706,-1.7221134232879935,0.2944337809621105,0.6663901124397896,1.4066294879731231,-0.7297020518049377,0.5
-0.3148728311061859,-0.47521941133794454,0.21389929950237274,-0.7443199157714844,-0.42593276500701904,1.1217145919799805,1.110878735137517,-0.6711441384206623,0.9063074588775635,0.3111979067325592,-0.1258353590965271,0.5
-0.16331779956817627,0.09408261626958847,1.0386025882020733,0.8231644651381408,0.7137689503130675,0.7023883898592765,1.2123568011610188,0.6166307992446836,-0.46536436676979065,-0.4217097651993567,-1.2220934629440308,0.3333333432674408
-0.5989128925971844,-0.5002763271331787,-1.4255241070164657,-0.47301097734690684,-0.12751711905002594,-0.2825675308704376,0.007752458357586501,0.0027554593302814706,-0.9580318447250903,-0.6905476450920105,-1.137765884399414,0.5
-0.3148728311061859,2.0646713255864886,-2.1644208431243896,-0.7220988273620605,0.26901151010884694,0.2244289867814902,-0.8129507457002931,0.4998852805441122,1.9907122887640796,0.9698120679985865,-0.056041943042928366,0.5
0.8803769607910293,-0.6889345042088534,1.605364572569667,0.6125821072749796,-0.23053224961736102,-1.3781212343175857,-0.5013163012017856,0.801876450482263,-0.5900617837905884,0.5742245780232009,-0.46314552426338196,0.5
6.353549003601074,-1.5701223611831665,9.11561107635498,-0.9887523055076599,-1.2940510511398315,14.546651840209961,5.739711284637451,5.3161420822143555,4.896625518798828,9.794388771057129,3.078611373901367,0.0
0.4429023563861847,-0.2625327408313751,0.7174094315209644,-0.6998776793479919,-0.20374483827690676,-0.22639626264572144,-0.10586614139249986,-1.351670654571636,-1.357500166469443,0.17763182520866394,1.6450430154800415,0.5
2.5860957690960586,-0.08422506600618362,1.1652272939682007,-0.4640878408892475,0.40494137687791737,-0.8442803621292114,-1.0249674269189621,1.3022125075762312,-0.4030156433582306,0.9578335642713182,0.5677835708853876,0.3333333432674408
5.587952828120489,-0.14366096258163452,4.175299963155765,-0.6090881759020785,-0.15464581549167633,-1.1803833214641397,0.27297638693691106,0.9875656808159314,-1.7906777332025603,0.4447639584541321,-0.2944904565811157,0.3333333432674408
6.353549003601074,-1.5075573128995519,9.11561107635498,-0.9887523055076599,-1.2940510511398315,14.546651840209961,5.739711284637451,-2.4924476062764835,4.896625518798828,9.794388771057129,3.078611373901367,0.0
-0.9210929870605469,-0.16788055022329357,0.010043300688266754,-0.6554354429244995,-0.6158336400985718,0.33531656861305237,0.48716799491860535,-1.5234208339088724,1.3427485227584839,-0.02271728403866291,1.392060399055481,0.6666666865348816
0.14652773766710753,0.13203643657397784,-0.397668719291687,-0.5665509104728699,-0.23335942085923475,-1.1251368522644043,0.9718077310651141,0.29480680735567616,0.5945638418197632,-0.421799108396042,-1.137765884399414,0.3333333432674408
-0.46642789244651794,-0.14366096258163452,-0.980673141217744,2.241034772708457,-0.4801901578903198,0.2791453003883362,0.8045349127247721,1.6624772190023214,-0.15362077951431274,0.3111979067325592,-1.2324290741684494,0.5
-0.01176275685429573,-1.2904433066011043,-0.19381269812583923,-0.1401604757704891,-0.4324754027895883,0.2229740172624588,-0.2772867657155403,-0.8553181886672974,-0.9018054008483887,-0.5569815635681152,0.626092677188601,0.5
0.0034212807465538956,0.8200906952726387,0.09151114599415305,-0.6332142949104309,0.5424515470239143,-0.8435581543410547,-0.4874692629284216,0.5876588269805398,0.9078853085209018,-0.8241137266159058,-1.0917939919507325,0.3333333432674408
-0.3148728311061859,1.9134757717731596,-2.1644208431243896,-0.5887720584869385,1.0171143233719233,-1.4059932231903076,-1.8104396501687028,0.6910650345027389,2.3715621725245253,-0.0895003229379654,-0.041507821530103683,0.3333333432674408
-0.39065036177635193,-0.20309685170650482,-0.7223522982109625,-0.5887720584869385,-0.2360319048166275,-0.9566229581832886,-0.5300279666866847,-0.5195553363493727,0.45570327685952633,-1.359724048051408,-0.37881800532341003,0.17459649960450993
-0.7695379853248596,0.33182618021965027,-1.3770121139268634,2.0345880367920666,-0.07970755704341405,-0.17022497951984406,0.09283113056379001,0.5615488605270808,-0.028923334553837776,-0.890896737575531,-0.1258353590965271,0.5
-0.3148728311061859,-0.3219686448574066,0.4177553057670593,0.7498831953589334,-0.07325971871614456,-0.11405368894338608,0.28529499371392836,0.35909187812891086,-0.46536436676979065,-0.2898494303226471,-0.5474730730056763,0.3333333432674408
0.29134732484817505,-0.5315309298696718,-0.5293039807820019,0.3331513622258035,-0.2631605863571167,0.2229740172624588,0.06769625404167032,0.07407744605966152,0.46986642479896545,-0.22306638956069946,-0.1258353590965271,0.5
-0.08754027634859085,0.6927213923762918,0.21389929950237274,0.15019985347361312,-0.8005223658322762,0.05446016043424606,0.003433337699665315,-0.9512342481662582,-0.39361243498993725,-0.0895003229379654,1.223405361175537,0.9843103442583745
0.06401476263999939,1.390705891120781,-0.2617647051811218,-0.5706153540168999,0.16850215713125463,-0.45108139514923096,0.29115355449147856,0.08937499431945209,0.0957741066813469,-0.0895003229379654,-0.7161281704902649,0.3333333432674408
-0.2390953153371811,-0.5002763271331787,-0.12586070597171783,0.7059832099777784,-0.8761613731463396,-1.1251368522644043,0.2521695952122993,-0.13072686662521255,-0.9541282601042442,0.37798094749450684,0.309540775548343,0.5
-0.6937604546546936,0.7284666315690553,-0.6780208457063583,-0.0512241890236306,-0.6313304997662113,-0.6416826654234584,0.09461276669004484,-1.244951125337713,-0.5277130603790283,-1.6427321543595537,1.392060399055481,0.5
0.29698594078601886,-0.3814045190811157,0.21389929950237274,-0.8302230738300063,-0.561576247215271,0.33531656861305237,0.22837188461291824,-1.2523817084358528,0.3486897652746678,-1.0244628190994263,0.7493957969088626,0.5
-1.1996010385789715,1.4229898119354463,-1.4299532338482583,0.6184851751580698,-0.39880406856536865,-0.3949100971221924,-0.19304887731062376,0.2858225210906346,-0.2783181965351105,-0.6905476450920105,-1.4750760793685913,0.3333333432674408
0.06401476263999939,-0.6191481351852417,-0.2617647051811218,-0.12708365149425074,-0.7004637513705072,0.01044783209553667,-0.019509974867105484,-1.1718322134855705,-1.213549017906189,-0.6237646341323853,1.424833621645347,0.6666666865348816
-0.3148728311061859,-0.1251737809900892,-0.5019641401704408,-0.10888038657435821,0.703651413576555,-0.03175483932495295,1.0959400591590798,-0.7187003803679892,-0.7771079540252686,-0.1975984605139282,-0.46314552426338196,0.5
-0.6166942805770209,2.026079287321672,-2.0646078447792817,-0.6404301517106866,0.6271762818296249,-0.9508080328330123,-1.3098748863030123,0.2074055081263725,1.5667963803200593,1.1121435620142526,1.0547502040863037,0.5
0.4429023563861847,1.373309066593341,-0.7966012028364519,-0.6615196054237974,1.0565831524205727,-0.8442803621292114,-0.9436620993849154,0.8762449441776685,-0.31974901225158936,0.24441486597061157,-1.137765884399414,0.5
0.36712485551834106,-1.0351994037628174,-0.04931414624905585,-0.8109833002090454,-0.697219729423523,-1.1813081502914429,-1.2641088053442409,-0.8553181886672974,-1.213549017906189,-0.6005603002377264,0.04281972348690033,0.5
-0.2781435940114371,-0.5002763271331787,-0.2617647051811218,-0.6332142949104309,-0.42593276500701904,-0.2825675308704376,-0.11443195119012821,-0.9152468145494891,-0.16280855405243208,-1.2907990737664634,0.47831399863551427,0.5
0.36712485551834106,-0.5093260257832157,0.07799530029296875,2.4957429863306446,0.7334117494537459,0.2791453003883362,1.4287610642012478,2.075999173806893,-0.4030156433582306,-0.5569815635681152,-1.559403657913208,0.3333333432674408
0.9038603755724439,0.4163876361834664,0.4055354384557265,-0.6776565313339233,0.32850725152558763,-0.45108139514923096,-0.6469108204508747,-0.7363387380113593,0.0957741066813469,0.607843819500311,1.3864250994014968,0.3333333432674408
-0.8453154563903809,0.3940246630572877,-1.4995530941531119,-0.7887621521949768,-0.34454667568206787,0.21682233426367384,0.2622265167589249,-1.1787145909740866,0.15812282264232635,-0.890896737575531,0.8017675876617432,0.5
0.21556980907917023,-0.3144657618207659,-0.4656206965446472,2.2995093213288698,-0.2360319048166275,1.5678873653254115,1.6207156008875885,1.1456315501284953,-0.46536436676979065,-0.5657139922875067,-0.8847832679748535,0.3333333432674408
0.21556980907917023,-0.39831057153107163,0.07799530029296875,-0.8109833002090454,-0.34454667568206787,0.2954362307340172,0.663908242108716,-1.3367732995504968,-1.0888515710830688,0.1108487918972969,1.5983739249545585,0.5
-0.16331779956817627,2.0913771807601558,-1.0776172167494222,-0.6554354429244995,1.1850140869929524,-0.7881091237068176,-0.9299941291720022,0.46644736992250335,-0.09127205610275269,0.9740397157465004,-0.3517656881458432,0.5
0.5944573879241943,1.8118992586859952,-0.18497843382072782,-0.766541063785553,1.468503838326661,-0.9566229581832886,-1.1250596215505122,0.8399793390518765,-0.34066691994667053,6.108143764305664,-0.8847832679748535,0.3333333432674408
0.5944573879241943,-0.2625327408313751,0.9090199350078567,0.08851440808682906,-0.6272475663713815,-0.8442803621292114,1.7542634631829386,0.3944339829002192,0.9318427636557732,0.24441486597061157,0.04281972348690033,0.3333333432674408
-1.072648048400879,1.209572535176365,-1.9856766424443777,-0.6554354429244995,0.3443561124197688,-0.8442803621292114,-1.564669504396258,0.4532723347504803,4.113329413227249,0.45462342218085433,1.6450430154800415,0.5
0.24907889244935372,-0.3814045190811157,1.1652272939682007,1.6719714309419795,-0.01900232955813408,1.112234040489274,1.1325712442181974,1.1453947973258698,0.0957741066813469,-0.49217770166405694,-0.46314552426338196,0.6666666865348816
0.1397922784090042,-0.9163275957107544,8.624905991859062,-0.6438139176475389,-0.6429623365402222,1.3916358670970541,0.5925270087407786,-0.8553181886672974,0.9063074588775635,-0.6905476450920105,0.5487849712371826,0.5
-0.8453154563903809,-0.20309685170650482,-0.07418741503728082,-0.8998677730560303,-0.6429623365402222,-1.0127942562103271,0.6953119170692954,-1.1816469740683553,0.8240717933021849,-0.22306638956069946,0.31324441964393657,0.5
-1.2252113760262313,-0.5597122311592102,0.21389929950237274,0.10110696615616231,-0.561576247215271,0.784080256220551,0.8764728724220899,0.06151692214234957,0.4075177013874054,-1.0244628190994263,-0.46314552426338196,0.3333333432674408
-0.9968705177307129,-0.4408404231071472,-0.05790869891643524,1.4988538594000609,-0.6158336400985718,0.2791453003883362,0.06613304084523515,-0.427462153498541,-0.34066691994667053,-0.15628336369991302,1.4425957031830487,0.5
3.7485238400448693,0.8049875386889485,2.526128148044056,-0.27946564980241567,1.1021230141298148,-1.349821925163269,-1.6665236104920873,1.913480013300607,-0.8394566774368286,0.37798094749450684,-0.1258353590965271,0.6666666865348816
-0.16331779956817627,-0.5597122311592102,-0.2617647051811218,0.43432429158504715,-0.561576247215271,0.6822476997233062,0.9318384597603702,-0.5884368668395009,0.0957741066813469,-1.4427130259852083,1.1390777826309204,0.5
0.2073503578262169,0.6535284619457709,6.707173545117122,1.9086827933812924,-0.5073188543319702,1.289440792124666,2.0169850637156777,1.102190905539645,-0.8394566774368286,-0.22598735032165634,-0.46314552426338196,0.3333333432674408
-0.5422053933143616,1.3065041488937792,-1.926480701655872,-0.766541063785553,-0.22666370454846485,-0.49093142765007797,-1.4786326163261885,-0.7750209389161512,0.5945638418197632,1.2031953618950404,2.287711394153193,0.5
1.915316306499615,0.4997041426266421,0.5536593198776245,-0.7220988273620605,0.53765852133686,-1.426829427384382,-1.763725469353938,0.6741525463136758,0.15812282264232635,1.3706623278471077,0.8017675876617432,0.6666666865348816
-0.08754027634859085,-0.2625327408313751,0.07799530029296875,-0.6332142949104309,-0.561576247215271,0.5038304328918457,0.3518242268362522,-1.3357969668100484,-0.028923334553837776,-0.6068249292121166,1.2929105746422278,0.6666666865348816
1.2444634496430245,2.9826463582156366,-0.6801716058370239,-0.47486732211183086,1.710975837701077,-0.5634239912033081,-0.6609845435484385,0.9550623711590641,0.43789129197943844,0.17763182520866394,-0.7161281704902649,0.1666666716337204
-0.3148728311061859,-0.5002763271331787,0.2958072047303454,-0.5985529094984123,13.989722271506288,0.4476591646671295,-0.7490093355369452,-0.7285615986812196,-2.0866211332448854,-1.1096209872497975,-0.9021532342728226,0.48578404166460093
-0.39065036177635193,-0.011042743845916548,-0.2617647051811218,0.4439478807392646,-0.561576247215271,-0.45108139514923096,0.2661336019286004,-0.5691757180343684,-0.15362077951431274,0.44335922364129315,0.9697897810955314,0.5
0.1397922784090042,-0.14007791798011426,0.34980329871177673,-0.062055663269051764,-0.2089032083749771,0.7447148634454627,0.7864227454090237,0.3618726745194892,-0.028923334553837776,-0.15628336369991302,-0.8847832679748535,0.3333333432674408
-0.01176275685429573,-0.6785839796066284,-0.12586070597171783,-0.7887621521949768,-0.44464170623724664,0.33531656861305237,0.26307252675838305,-1.4403233897130492,-0.7771079540252686,-0.8217980501159109,1.3569649117898983,0.5
-0.3148728311061859,-1.2360987783868165,0.010043300688266754,-0.0322338717732907,0.5529499603123175,0.049638930727668985,0.06691217290951171,-0.15092954441248582,-0.656596839189682,0.17763182520866394,-0.1258353590965271,0.5
0.44109349981287216,-0.7974557876586914,-0.05790869891643524,-0.603845850776641,-0.5073188543319702,0.9621437597001317,0.4706630015836072,-0.8256750886491886,-0.028923334553837776,-0.4515631750651372,1.0249806266599764,0.5
-0.2390953153371811,5.420814232462433,-2.1644208431243896,-0.6776565313339233,1.8662112289941033,-1.1813081502914429,-1.4946594922688339,0.537766524612542,0.46986642479896545,0.4320448258081959,-0.8847832679748535,0.1666666716337204
-0.16331779956817627,-0.03131141305894721,-1.5449097478283,-0.766541063785553,0.7621372534874572,-1.349821925163269,-1.6238654665343846,0.39188641663291957,0.6059168338880049,0.7118961215019226,-0.1258353590965271,0.5
-0.16331779956817627,-0.7974557876586914,0.4857073128223419,2.7926829574835987,0.16221583362578243,1.1915616582662694,1.6112690916284838,1.7502123361042365,-0.7680204347129392,-0.9860984092131031,-0.9691107869148254,0.5
6.353549003601074,-0.7974557876586914,9.11561107635498,-0.9887523055076599,-1.2940510511398315,14.546651840209961,5.739711284637451,-1.1446645902358787,4.896625518798828,9.794388771057129,3.078611373901367,0.0
0.14498557084492297,-0.8568916916847229,-0.397668719291687,1.373820928357782,-0.13949880718834745,1.0471581572546602,0.10274334209939036,0.7070180979626409,-0.9793108863418295,-0.890896737575531,-0.7161281704902649,0.5
-0.9968705177307129,-0.9163275957107544,-0.1038019752189059,-0.8109833002090454,-0.1514429379506103,-0.6082949331796549,0.05557685707995752,-1.680313476815469,-0.5900617837905884,0.3919104903249191,1.8456559535132147,0.5
-0.46642789244651794,-0.9757634997367859,-0.25541186161119045,-0.04371987690503153,-0.5344475507736206,-0.0017111222259700298,-0.22123251486011122,-1.245822697553797,0.34516897797584534,-0.957679808139801,1.7300376130211883,0.6666666865348816
-0.8453154563903809,0.3918067058418181,0.7958796214230842,0.2594577812606674,-0.5344475507736206,0.7846868634223938,1.1180567569784547,-0.8011689661215384,-0.028923334553837776,-0.8241137266159058,1.223405361175537,0.5623389468036412
-0.6179829239845276,-0.9163275957107544,-0.12586070597171783,-0.4489065095545479,-0.3174179792404175,0.028055793421279247,0.6288859128115454,-0.8592458905749925,0.2828202545642853,-0.7573306560516357,0.5406681426472318,0.5
-0.6937604546546936,-1.0351994037628174,0.24533620676556595,-0.6554354429244995,-0.49431302087973594,1.2899088627253419,0.46163207079298235,-0.41583810513521885,1.0185076179578636,1.0364747444652533,-0.41384642418301454,0.6666666865348816
-0.9857469690943726,-0.5002763271331787,-0.5483837067239441,-0.5145336254449929,-0.7458796357151986,-0.7308069031850446,-0.5047460104928405,-1.729078287373141,-0.6276811155472087,0.4447639584541321,1.8394899706006893,0.6666666865348816
0.5186799168586731,2.133529858139842,-2.0413438163476343,-0.6998776793479919,0.5631445731300542,-0.5072526931762695,-1.5334571870543139,0.5622697919292502,0.8439587354660034,0.17763182520866394,-0.631800651550293,0.3333333432674408
0.44306643045618765,-0.5597122311592102,0.04307631168472869,-0.5665509104728699,-0.6553481716050419,0.5600017309188843,-0.04635285793282369,-1.3539796587136388,-0.6601072241190242,-0.957679808139801,1.5547598720373448,0.8333333134651184
-0.3148728311061859,-0.7380198836326599,0.6216112971305847,-0.1477640942313986,4.152449875740306,2.125173170377745,1.2501106619313886,-0.100402931094412,-0.9641541242599487,-0.6237646341323853,-0.8847832679748535,0.3333333432674408
-0.3148728311061859,0.13961881859627048,-0.44299769130534805,-0.544329822063446,-0.7243484258651733,0.2229740172624588,0.09161361001769873,-1.6722773648441618,-0.32589092741967796,-1.3535080541046236,1.813698172569275,0.6666666865348816
-0.8453154563903809,-0.7626923123260528,-0.05790869891643524,-0.825483697246297,-0.4157878175150297,-1.04249855958911,-0.6175649063903539,-0.06503199585059927,4.275565019062467,0.1108487918972969,-0.8847832679748535,0.5
-1.072648048400879,-0.3814045190811157,-0.5335727334022522,-0.4617979948322705,-0.24034032421705082,0.05446016043424606,1.6865758098202972,0.20694640340034726,1.4974764751623364,0.17763182520866394,-0.9691107869148254,0.5
-1.0723821579457111,0.21295440196990967,-0.5461335071220084,0.7060293314629811,0.7059808483554304,-0.9566229581832886,-0.9593998706153458,0.4280849805720116,2.0017502565497294,0.1108487918972969,1.223405361175537,0.5
-0.9968705177307129,-0.6785839796066284,-0.941284716129303,-0.9176786449749432,-0.34454667568206787,1.622849803826513,0.618280362931367,-0.7813747184801455,-0.34066691994667053,-1.0018144153682478,-0.8847832679748535,0.3333333432674408
-0.911115284876109,-0.7257562487332301,0.14594730734825134,0.5893955492051348,-0.2902892827987671,2.1097243243337442,2.231461710138985,0.07619411157691404,-0.19673288349549403,-0.6237646341323853,-0.8004556894302368,0.3333333432674408
0.21556980907917023,0.15351851284503937,0.8934193253517151,2.8217905718527074,-0.18127723743481083,1.9085298227720537,2.1604106262966782,1.9401377592511482,-0.8904132610516918,-0.09998524564671585,-1.306420922279358,0.3333333432674408
-0.5422053933143616,-0.3611979985490875,0.010043300688266754,-0.8554255366325378,0.5595371843138711,0.16680273413658142,0.3148516053823091,-0.7122778681813514,0.2828202545642853,-1.1900061538248352,-0.631800651550293,0.3333333432674408
-0.9968705177307129,-0.6785839796066284,0.010043300688266754,-0.8813405375248659,-0.34454667568206787,0.021427527975212145,-0.9231795154981288,-1.3475443353579428,0.8439587354660034,-1.1580289602279663,0.5325398815764115,0.5
-0.16331779956817627,2.2772602774704853,-1.702472478317922,-0.6776565313339233,0.7395310793849711,0.2229740172624588,-0.7078651561932957,0.5989944050167245,0.9063074588775635,0.6424805436430375,-0.041507821530103683,0.3333333432674408
0.36712485551834106,0.33182618021965027,1.6414354141262015,0.7303448005635145,-0.18177451193332672,0.33531656861305237,0.9217032860205653,0.7413961774190377,-0.3920678445156267,-0.22306638956069946,-1.2220934629440308,0.3333333432674408
-0.6179829239845276,-0.2625327408313751,0.010043300688266754,-0.8109833002090454,-0.4086310684942087,-0.6195952296257019,0.3547365672316898,-1.1189464936947284,0.0957741066813469,0.2276221568732964,0.5487849712371826,0.3333333432674408
-0.9210929870605469,-0.08422506600618362,-0.67910655016859,1.5698412512910227,-0.1259440785898014,0.2555981254650874,1.195949008280354,0.6911236486728816,0.5140413382751884,0.4447639584541321,-0.631800651550293,0.5
2.6212371875260305,-0.20309685170650482,0.8451520285748041,1.413062715091786,-0.2089032083749771,-0.0578824058175087,-0.06319701556828103,1.8003836155959116,-0.5900617837905884,-0.4602308238063089,-0.5734614605488475,0.6666666865348816
-0.5422053933143616,-0.08422506600618362,0.34980329871177673,0.7739706499684507,-0.4801901578903198,1.4122708479764978,1.8269279492767714,0.402239289037085,-0.46536436676979065,-0.6237646341323853,-0.9691107869148254,0.5
0.21556980907917023,-0.5389357436352458,0.13428388664667631,-0.4247924416664633,-0.42593276500701904,-0.0572219957793322,-0.2964398763692273,-1.3328277982379009,-0.4030156433582306,-1.3583780527114868,1.6450430154800415,0.5
0.28838889384206523,-0.5002763271331787,1.1652272939682007,-0.6776565313339233,-0.34454667568206787,0.14175529181370866,0.02997467176643315,-0.20885303201449862,0.34516897797584534,1.1911501215538942,-0.0999409198088303,0.5
0.21556980907917023,-0.5002763271331787,0.4177553057670593,1.426126656088722,-0.3174179792404175,0.8876740655441164,1.3301528681091652,1.157121350315153,-0.32714340200473024,-0.3566324710845947,-1.2220934629440308,0.5
-1.3129766606042483,-0.6191481351852417,-0.12586070597171783,-0.6554354429244995,-0.5360276241928517,1.4870396869028917,0.8056523356167458,-1.502169534376722,1.6546094268547609,-0.42341551184654236,1.4571816024846607,0.6666666865348816
0.4429023563861847,-0.2737771030093045,0.21389929950237274,-0.8776466846466064,-0.42593276500701904,-0.09802671129083117,0.36763718599790934,-1.0567931567908633,-0.34066691994667053,-1.573975893789483,0.8017675876617432,0.5
-0.01176275685429573,-0.7974557876586914,0.051839156451791504,-0.766541063785553,-0.41576401809036306,1.1217145919799805,0.222901821426359,-0.5216993113785793,-0.4030156433582306,-1.002952237638345,-0.631800651550293,0.5
-0.2390953153371811,-0.2625327408313751,0.5536593198776245,-0.8109833002090454,-0.42417827755895837,-0.5072526931762695,-0.9079031187446617,-0.7983527873504632,0.39899777683472626,0.9122452139854431,0.4644574522972107,0.5
-0.5422053933143616,2.344111440408037,-1.1546448848529662,-0.5887720584869385,0.5713066696613092,-0.6195952296257019,-0.7966914523438104,0.532436732974217,1.3427485227584839,-0.5569815635681152,-0.8004556894302368,0.3333333432674408
0.7780551087265498,0.890445965096433,0.07799530029296875,-0.663149731592147,0.6283728350360104,-1.2004097978284765,-1.1627726629986095,0.8983207941055298,0.9003334932739698,1.523381030488249,-0.5474730730056763,0.5
-0.5422053933143616,-0.3219686448574066,-0.6015247106552124,0.5523791533020719,-0.561576247215271,0.33531656861305237,1.5669921722549853,-0.08750384590160074,0.9686561822891235,-0.4197114845988202,0.5487849712371826,0.5
-0.7695379853248596,0.09408261626958847,-1.369058550327843,-0.6554354429244995,-0.7786058187484741,0.23582310139906562,-0.15054709753534617,-1.7916837013463975,-0.5277130603790283,-0.5569815635681152,1.6281527421975994,0.5
0.8430128877922752,0.9940378643173419,0.21389929950237274,-0.6776565313339233,0.6633414855611538,-0.45108139514923096,-1.3338075895913928,1.0628324100583677,0.7453546511514493,0.7010203271168506,-0.5582577237229255,0.5
-0.08754027634859085,-0.5002763271331787,1.2979978235454182,-0.544329822063446,-0.34454667568206787,1.065543293952942,1.136552477964382,0.16644520749528585,-0.8182821934362946,-1.288585166211787,-1.137765884399414,0.3333333432674408
-0.055106720517955295,-1.213507056236267,1.9527651989663113,-0.7220988273620605,-0.3266830735442921,-0.2825675308704376,-0.5083356961708831,-0.2959566088337611,1.2584250462714064,-0.02271728403866291,-0.041507821530103683,0.5
4.619961771004533,0.41181239956888926,1.1652272939682007,-0.6332142949104309,1.3994685201839214,-0.8442803621292114,-1.4429514284075386,1.9591563147408513,-0.15362077951431274,3.194128465771988,0.21147480607032776,0.5
0.06401476263999939,1.0474107442717076,-1.94893097309022,-0.7220988273620605,0.506566505222303,-0.17022497951984406,-1.1304977704809618,0.5621370525578394,0.8522540942708366,0.17763182520866394,-0.46314552426338196,0.5
-1.2710314637267714,-0.14366096258163452,-0.12586070597171783,-0.08046062883348329,-0.4347226467414186,1.3806617553014089,1.0423784817092423,-0.733725595891349,-0.028923334553837776,-0.49019855260849,-0.041507821530103683,0.5
-0.3148728311061859,-0.4408404231071472,-0.19381269812583923,1.300339166182172,-0.623603118097196,1.320580917771788,0.9881897989438674,0.7543317845624525,1.0170253666115616,-0.6742541372226565,-0.400796882617445,0.5
-0.3148728311061859,-0.024789171293377876,-0.2617647051811218,-0.9613985195044334,-0.561576247215271,-1.1251368522644043,-0.04395767602003198,-0.8030444412036694,0.6197879842031622,-0.23495158595609833,-0.1258353590965271,0.3333333432674408
-0.3148728311061859,-0.4807523888220967,1.3511460410714966,2.3782523140613243,0.6526500022236872,1.6439619816505155,1.3610621412104076,1.4733994089313933,-1.151200294494629,0.21573368625657258,-1.3553096867836394,0.3333333432674408
-0.3148728311061859,0.03464672341942787,-0.2617647051811218,-0.4998875558376312,0.4022116381896063,0.2229740172624588,1.8529338841352005,0.28266902435202734,1.3427485227584839,0.36134218057637596,-0.631800651550293,0.5
0.5186799168586731,1.1538962780938262,-0.05790869891643524,-0.4497874729459739,1.1795627968419844,-1.021845420847491,-1.157976195098024,0.8983207941055298,0.02282035421263392,-0.42341551184654236,-1.137765884399414,0.3333333432674408
0.06401476263999939,-0.9319646827226333,-0.8425468380210938,-0.833204448223114,-0.2631605863571167,-0.22639626264572144,-0.2172516019819362,-0.31470943386953915,-0.4030156433582306,-1.2085290092825123,-1.137765884399414,0.5
-1.4812338421052724,-0.7312769516798492,-0.12586070597171783,-0.8776466846466064,-0.6651024562558283,-0.5634239912033081,-0.4725974584591633,-0.7199629457576342,1.0933536291122437,0.4447639584541321,-0.1258353590965271,0.5
-1.0249557688153255,-0.08422506600618362,-0.3297167122364044,0.5313343261380413,-0.046258134622759996,1.2671908027997176,1.511450906729908,0.4307846508850271,0.8439587354660034,-0.8015027945196948,-1.2220934629440308,0.5
0.7460124492645264,-0.6191481351852417,0.5498898375140086,-0.6998776793479919,-0.2360319048166275,0.9958739088586421,0.7119704010313208,-0.6640219562331039,-0.8553770464362654,0.17763182520866394,0.5424009769952799,0.6666666865348816
0.4666019774053117,-0.8172415853268475,0.874892619311789,-0.8109833002090454,-0.9242928817157348,-0.2661939053646199,-0.027945212452953363,-1.1289172563960785,-2.875809489606128,0.757635091532861,0.7780025527453032,0.5
-0.01176275685429573,-0.9413308155713992,0.14594730734825134,-0.833204448223114,-0.39649530359069957,0.0675719870232742,0.06039905492940017,-0.7468350701149836,1.056009259265614,-0.15628336369991302,0.6709344496674763,0.6666666865348816
-1.5536235017717188,-0.7107002172180084,-0.19381269812583923,-0.817460607264063,-0.42593276500701904,0.7510352507517402,-0.2647901950276661,-1.5553965143018702,0.7156059232310892,1.232752903142621,1.223405361175537,0.5
6.353549003601074,-1.5701223611831665,9.11561107635498,-0.9887523055076599,-1.2940510511398315,14.546651840209961,5.739711284637451,1.5584628364519704,4.896625518798828,9.794388771057129,3.078611373901367,0.0
-0.6937604546546936,-0.2707153198144574,-0.2617647051811218,-0.7443199157714844,-0.561576247215271,1.5914109381488684,1.0707226828177263,-0.3308621310484178,0.49364358476954934,-0.0895003229379654,-1.137765884399414,0.3333333432674408
-0.46642789244651794,-0.1471650129038563,0.1554194640708453,-0.6554354429244995,-0.7310594252540301,0.05446016043424606,-0.05239302126489722,-1.1327512486836493,-1.4005951881408691,-0.22306638956069946,0.4158050715489422,0.5
-0.2390953153371811,-0.5002763271331787,-0.12586070597171783,-0.8109833002090454,-0.5344475507736206,-0.46560352641199365,-0.5917085350552549,-1.4949593080712258,-0.9018054008483887,-0.42341551184654236,1.223405361175537,0.6666666865348816
0.1397922784090042,1.9885527213198952,-0.3297167122364044,-0.6199917909880837,8.996110073144443,-1.3282858916195401,-0.6513396747001662,0.7026970765941897,-1.2086878490541109,1.960542795099339,-1.2220934629440308,0.3333333432674408
-0.8453154563903809,-1.2094912349404157,0.21389929950237274,-0.8998677730560303,-0.4801901578903198,-1.237479329109192,-0.3650957487441222,-0.9540580914505726,0.0957741066813469,-1.3848059784823108,0.10357916726990433,0.5
-0.46642789244651794,-0.6191481351852417,0.9815572133189745,0.6750072051247771,-0.3882382564222171,1.3522525643232794,1.2730555130302683,0.30492684682589927,0.46986642479896545,-0.5569815635681152,-0.46314552426338196,0.5
0.8096968791773409,0.7409966949643504,-0.19381269812583923,-0.6554354429244995,0.5778290033340454,-1.2936506271362305,-1.5810029841530342,0.7440665346774075,0.2828202545642853,1.3703517910051637,-0.2101629078388214,0.5
-0.54447442184928,-0.6191481351852417,-0.2617647051811218,-0.8109833002090454,-0.04613102599978447,-0.8715849328754778,-1.5658411387014963,0.18322579075967263,0.9686561822891235,3.080519880491859,-0.8847832679748535,0.5
0.5944573879241943,-1.213507056236267,0.26667294356496307,-0.8554255366325378,-0.4526831604473389,-0.8398894242424091,0.05521621469033347,-0.7035852096833286,-1.7101599968637937,0.24441486597061157,0.05549963420167594,0.3333333432674408
-0.01176275685429573,-0.8568916916847229,-0.5692774807492789,-0.8554255366325378,-0.42593276500701904,-1.2936506271362305,-0.7342968918735596,-1.506705019683785,-0.9018054008483887,-0.5894718441885175,0.9704226851463318,0.5
0.21556980907917023,-1.213507056236267,0.14594730734825134,1.9400675903554339,-0.5506195499590354,-0.9565801951769453,0.46971002940061723,1.1631053257355233,-1.1025076760691497,-0.0895003229379654,-1.2992693166633595,0.5
0.49287560996439306,0.11210492918143547,0.010419791291673893,-0.7885916187236955,-0.10038841515779495,-1.2243838142017651,1.4210333957539891,-0.2564543828176758,-0.15362077951431274,0.04406575486063957,-0.46314552426338196,0.3333333432674408
-0.9210929870605469,-0.6191481351852417,-0.397668719291687,-0.8554255366325378,-0.3174179792404175,-0.7881091237068176,0.40399540399346007,-0.5925238526634528,0.42413275504670955,-0.1767942380169244,-0.9691107869148254,0.5
-0.39065036177635193,-0.6822743491930421,0.14594730734825134,2.10409383755323,-0.5073188543319702,1.525864836208164,0.4335005628904127,0.42626496190478785,-0.15362077951431274,-1.4912622833130806,0.6331125497817993,0.6666666865348816
0.06401476263999939,-0.3814045190811157,-0.5255124894547355,0.7919386902187945,-0.3174179792404175,1.7487000076577683,1.426626738975714,0.5622827799954698,-0.2783181965351105,-1.3533503167944574,-1.2220934629440308,0.3333333432674408
0.4429023563861847,1.6645832818315267,-1.2454584114154543,-0.4941786843731851,0.4680544241802451,-1.2814177549490244,-1.5739339197413367,0.7873739813304396,1.340823865663014,1.329053559997435,-0.16623975233073507,0.6666666865348816
0.6984305350802469,-0.4408404231071472,-0.12586070597171783,-0.7443199157714844,-0.5887049436569214,-0.021291814828275298,-0.25006568631484993,-0.7400182812790604,-1.4005951881408691,-0.8241137266159058,0.4947947339701295,0.3333333432674408
-0.5422053933143616,-0.6191481351852417,-0.12586070597171783,-0.8109833002090454,-0.7797924704487516,-0.18469845690476552,-0.4166407049000808,-1.7176883547635193,-0.7147592306137085,-0.22306638956069946,1.0750475200271943,0.5
4.668252517263,0.6055855667351164,2.599189058630753,-0.5887720584869385,0.801998256661306,-0.4422617788382106,-0.6552013862271935,2.037708288784601,0.033425383269786835,3.4024580077723092,-0.041507821530103683,0.3333333432674408
-0.2390953153371811,0.6856061923979598,-0.3697408140644065,0.004039094537561863,-0.8140520210688145,1.8246229566372456,0.11801870512720788,-1.5955258597773383,-0.6524105072021484,-0.6237646341323853,2.3403137560338285,0.8333333134651184
0.21556980907917023,-0.3814045190811157,0.1675873458777813,2.6678012637534065,-0.7136430197853961,0.8952024129748615,0.5933665762103845,0.5622645091050001,-0.8244943092433972,-1.0167127238799678,1.5607155561447144,0.6666666865348816
-0.46642789244651794,-1.2652445958481906,0.6038518571586872,2.8574178287057155,-0.42593276500701904,2.0158417078039204,1.915272743672294,1.4481473886248277,-0.7322088957542408,-0.7573306560516357,-1.306420922279358,0.5
-0.46642789244651794,2.005949200328281,-2.1644208431243896,0.09595805113203998,1.0156951963354026,-0.17022497951984406,-1.3202673576874406,0.6850661339752337,0.5945638418197632,-0.15628336369991302,-0.1258353590965271,0.5
-1.148425579071045,-0.5002763271331787,-0.941284716129303,-0.08017984317631363,0.31003386834784336,0.6765092178608918,0.47804652225907124,-0.17664465245552666,-0.7147592306137085,0.9117070812870334,-0.8004556894302368,0.3333333432674408
-0.6179829239845276,-0.5597122311592102,0.010043300688266754,-0.7887621521949768,-0.5073188543319702,0.6487051447842683,0.8615521835085925,-1.0944892088984028,0.17026713037050123,-0.4227687434416175,1.0319685228600342,0.5
1.6707596549039399,1.9581506533817468,-0.12586070597171783,-0.6776565313339233,6.846607281528637,-0.7881091237068176,-1.231250941721402,1.1651841403830197,-0.06689096412161308,1.979003368884705,-0.8004556894302368,0.3333333432674408
-0.6179829239845276,0.5883502547648495,-1.6091455777325376,-0.39326314486698843,-0.2902892827987671,-0.3949100971221924,-0.29353648443424246,-0.7372252488733764,0.9063074588775635,-0.49019855260849,1.3218021106597027,0.5
-0.2390953153371811,-1.213507056236267,-0.19381269812583923,0.6445455860115945,-0.27472009254015733,1.8867733171724699,0.5137883205681343,-0.38614096617812704,-0.7147592306137085,-1.0313775693413687,0.4644574522972107,0.5
-0.5422053933143616,0.756283672293972,0.19323648782616673,-0.6109932065010071,-0.9405827012256789,0.6723442673683167,-0.3063215266216015,-1.9585224190613761,0.0957741066813469,-0.7573306560516357,2.677795538423345,0.6666666865348816
0.4429023563861847,1.9286608517673172,-2.1644208431243896,-0.6571785092165142,1.1822929208588069,-1.4059932231903076,-1.7752191514054676,0.8312304677706499,0.5322151184082031,0.6451131105422974,-0.8847832679748535,0.5
0.5186799168586731,-0.3814045190811157,0.23908822072519115,-0.5665509104728699,-0.7826659836833593,0.2791453003883362,0.7076188911072988,-0.84265793049359,-0.5653234536003242,-1.0957824049485074,0.6120720583010576,0.6666666865348816
-0.6937604546546936,-0.5597122311592102,0.32632617417452237,0.8556772797086766,-0.6429623365402222,0.9532006978988647,0.8346354136993671,0.5117248469841759,-0.2159694880247116,-1.4344235298902932,-1.306420922279358,0.3333333432674408
0.21556980907917023,2.5751826510785043,-2.1644208431243896,-0.6776565313339233,0.7623330374592164,-1.0689655542373657,-1.5715644773297641,0.8926655943193637,0.7816100120544434,0.4447639584541321,-0.46314552426338196,0.3333333432674408
-0.39065036177635193,-0.6191481351852417,1.1652272939682007,0.4018857160368324,-0.005278662855947965,0.6558314415030372,1.5119019419783641,0.03520292906730581,0.17683425870872013,0.04406575486063957,-0.2101629078388214,0.5
-0.2390953153371811,-0.5002763271331787,-1.680845574133295,0.014118556800328693,-0.29776894474170135,0.2229740172624588,-0.0026200924967579066,-0.3104612574590923,-0.9641541242599487,-1.5009619001725287,-0.8847832679748535,0.3333333432674408
1.8024059977633013,0.5774110854321948,1.0293233394622803,-0.6258530346550685,0.7259780961009654,-0.6334423741128158,-0.31242945253716703,1.3180000052893837,-0.5900617837905884,0.9503029831669867,0.29580235481262207,0.3333333432674408
0.5576758295648214,0.24800213806447716,0.010043300688266754,-0.5961135958325254,0.820647069976318,-1.349821925163269,-1.7518653671146316,0.7681685967553664,0.2204715460538864,0.7118961215019226,-1.0534383058547974,0.5
1.4180880909528606,0.2749048841951813,0.5536593198776245,-0.5289376789006797,0.37658145507865015,-0.620208102587988,-1.3278529394533036,0.7660158898995778,0.5001362340472706,0.9506741194977296,0.7800946520146242,0.5
-0.09779627512211637,-0.08422506600618362,0.6895633339881897,1.1037925222310778,0.4732570040313802,1.829159471544698,1.4943917460495473,0.8243394476749833,-1.198844756969406,-0.0895003229379654,-1.0534383058547974,0.3333333432674408
-0.8453154563903809,-0.20309685170650482,0.1682232398189964,-0.32168990332678243,-0.8328632116317749,-0.45108139514923096,-0.07205844076114411,-1.0517751864013418,-0.7771079540252686,-0.02271728403866291,0.3801299035549164,0.5
-0.6500896432955044,-0.7974557876586914,0.1432153300947568,-0.6776565313339233,-0.45306146144866943,-0.7881091237068176,-0.3613218355136562,-0.6540965781716592,-0.2159694880247116,0.9796369506970852,-0.2101629078388214,0.5
0.8217899799346924,-0.7974557876586914,0.8444065107484797,1.2586639713285859,-0.2360319048166275,1.3498174299111299,0.7829284570451154,0.9108800967105066,-0.9482841770282596,0.17763182520866394,-0.2944904565811157,0.3333333432674408
-0.08754027634859085,0.8059788479436063,-1.6872912690913102,-0.7877137966426782,0.5801153850101152,-1.4535812939512207,-1.7971310485280974,0.6760602089329907,0.6569125652313232,-0.15628336369991302,-1.137765884399414,0.3333333432674408
-1.178267570886338,-0.6191481351852417,-0.7252233287338674,-0.8633024539183309,-0.5887049436569214,1.6469299475576364,0.23858602528781467,-0.78160194897519,1.770097474163186,-0.15628336369991302,-0.2101629078388214,0.3333333432674408
-0.08871787339510584,-0.14366096258163452,-0.3297167122364044,0.4326005831950305,-0.6158336400985718,-0.0909969282860774,0.9560661957613592,-0.5774288939301546,0.15812282264232635,0.036830192540776324,1.4508739137402196,0.6215730031924204
-0.3148728311061859,0.22803863081635017,1.158429566286082,1.3581502471718743,1.020308209272092,-0.9607258957183116,0.056874262081583825,0.7888355026993361,-0.9018054008483887,0.04874337112653886,-0.9691107869148254,0.3333333432674408
-0.01176275685429573,-0.8568916916847229,0.36001240562500697,0.699522047375046,-0.3019008834143025,8.071762506380637,1.4260437107674024,0.33446409332110194,-0.7771079540252686,-0.8456735496894217,-0.37881800532341003,0.6666666865348816
-0.08754027634859085,-0.20309685170650482,1.9673801676874696,0.4054720257737736,-0.4801901578903198,0.05446016043424606,1.0938542517905558,-0.09669744397921474,-1.0265028476715088,-1.2850992653858548,-0.37881800532341003,0.3333333432674408
-0.2390953153371811,-1.323192977489967,-0.12586070597171783,0.4444354661233586,-0.6429623365402222,1.3806535063987984,0.038374644863972816,-0.31027718454800873,-1.6008965064282632,0.1108487918972969,-0.041507821530103683,0.6666666865348816
0.6702349185943604,-0.4408404231071472,0.14594730734825134,1.0556526750415698,-0.3104227572816059,1.065543293952942,-0.4380202950413969,0.348478364116722,-1.9252818731587626,-1.4406259680747127,-0.37278617521099916,0.3333333432674408
-0.8453154563903809,-0.3814045190811157,0.5961643471581551,0.23316566930544708,0.18073629366552463,1.9273077451592586,1.756032597906772,0.158502130952538,0.6837761196656195,0.3111979067325592,-0.7161281704902649,0.5
-0.01176275685429573,-0.8908466376747697,-0.2617647051811218,-0.032292551325748715,0.42088753541101204,-0.7112926331821774,-0.4386416635661136,0.1496946299009943,-0.09127205610275269,1.2969564981239932,-0.041507821530103683,0.5
0.8217899799346924,-0.8955998073991315,-0.6722025243989352,-0.6782126074628739,-0.09424466635820584,1.0160016005665051,1.533710450823287,-0.25260788766869063,-1.151200294494629,0.34017744665513483,-0.7161281704902649,0.6666666865348816
0.21556980907917023,-0.14366096258163452,0.07799530029296875,1.1663938657148505,-0.2631605863571167,-0.7139834368919126,0.3637517926578519,0.2949352372822827,-1.1188085712584899,-0.15628336369991302,-0.37881800532341003,0.5
-0.9319555892704191,-1.1477022048129635,-0.6926348527287995,-0.544329822063446,-0.2089032083749771,-0.3949100971221924,-0.5349904269599607,-0.05372838232575407,1.56174452032588,0.1108487918972969,-0.048544975162322326,0.5
-0.6179829239845276,-1.5677009528147101,0.07799530029296875,-0.7887621521949768,-0.3174179792404175,0.2791453003883362,-0.3061795316850283,-0.6152053199447236,3.9744217200605103,0.24441486597061157,0.04281972348690033,0.6666666865348816
0.29134732484817505,-0.7974557876586914,0.34980329871177673,0.36454765312939874,-0.34454667568206787,-0.3923385643255239,-0.25209171044571044,0.1842134012264583,-0.4030156433582306,-0.890896737575531,-0.6141448954271101,0.6666666865348816
0.18732620494946,1.5100190924772774,-1.062926411646358,-0.8109833002090454,2.0315575051785726,0.4476591646671295,-0.43285693136325937,0.42909184639618814,-0.7771079540252686,8.656539271527715,-0.8474788068488616,0.3333333432674408
-0.8453154563903809,-0.3219686448574066,0.07799530029296875,0.710989132090733,-0.5373681019443141,2.6396473390683197,1.4649417948435675,0.20589925972283069,-0.5277130603790283,0.10789872464587721,-0.631800651550293,0.5
-0.6179829239845276,-0.7974557876586914,0.6895633339881897,-0.758825069014792,-0.2631605863571167,-0.5085101887247842,0.08888337911893086,-0.8553181886672974,-0.7771079540252686,0.37798094749450684,-0.46314552426338196,0.3333333432674408
2.275295875046757,0.39334042618836573,1.1772602529220213,-0.578119925488183,1.0002936254759711,-1.1251368522644043,-0.9140040854010812,1.6761152610679588,0.5945638418197632,0.37798094749450684,0.04281972348690033,0.3333333432674408
6.21088719893709,0.3411073155583274,7.075350785620069,-0.5261797164677083,0.8937910496636757,-1.349821925163269,-1.7263988929740766,5.205926879581382,-2.573672918370298,1.5782211729326632,-1.0694613468645142,0.5
0.21556980907917023,-0.20309685170650482,0.6895633339881897,-0.6776565313339233,0.5225935478988218,-0.7067188921181758,-1.0469016677698002,-0.6469462783004614,-0.2783181965351105,0.5783300399780273,0.6331125497817993,0.6666666865348816
0.21556980907917023,1.3205113208633192,-0.4656206965446472,-0.5748407945557577,0.8245398467115826,-0.8268932903375908,-1.313561162501806,1.0816913960257648,0.8298293725662536,1.4239778034305506,-0.8847832679748535,0.5
0.21556980907917023,-0.6254707659111225,0.21389929950237274,-0.6734280738796478,0.17747677914202695,0.11545127120074256,1.3542053795503521,0.26583319755526,1.1557023525238037,0.04406575486063957,-0.5474730730056763,0.5
0.21556980907917023,1.4981502590087306,0.010043300688266754,-0.6127786392885203,0.6074579097692936,-0.7106736509512374,-1.5768226013042659,-0.13527067282044208,0.19223637475628452,0.5783300399780273,1.5607155561447144,0.5370943548965855
-0.39065036177635193,2.3118899786102722,-2.055843421689316,-0.6332142949104309,0.5203863987827628,-0.731937825679779,-0.8275235963541903,1.1061532576456468,2.261235166310366,0.24772791397525143,-1.114121763391416,0.3333333432674408
0.5944573879241943,-0.7974557876586914,0.17005010354565195,-0.7443199157714844,-0.2089032083749771,-0.0578824058175087,0.3056910083659195,-0.7352875769338477,-0.8198200541819207,0.17895201979483905,-0.2101629078388214,0.5
0.6702349185943604,2.585538779019584,-1.7050053747524532,-0.7443199157714844,0.7099299629045371,-1.375666623081682,-1.575204511184439,0.4874384262108675,-0.8628367632792603,-0.2898494303226471,-0.5682301125255712,0.5
-0.5422053933143616,-1.4814133154704412,-0.397668719291687,1.439424666999503,-0.2631605863571167,1.520633426481669,0.4501168392690576,0.6506446239574161,0.0957741066813469,-1.2064354318225792,-0.37881800532341003,0.5
-0.3148728311061859,2.309395154778586,-2.161866840523832,-0.6998776793479919,0.35077080777244535,-0.6818055758486363,-1.5851043868265615,0.27918017720619104,1.0654136247103976,-0.2898494303226471,-0.2944904565811157,0.3333333432674408
0.18956246028528834,5.019140088573732,-2.1131185923448794,-0.8002598612997688,0.32556090009858063,-1.4213641403404542,-1.8537197058478794,0.13803502920739305,1.1675196382839155,0.04406575486063957,-0.37881800532341003,0.3333333432674408
2.3296454376759868,-0.20309685170650482,1.3120958873709931,-0.6554354429244995,0.9756874031905206,-1.4059932231903076,-1.8858640669533027,0.7777994801394295,-0.6149072420964181,0.04953348944789551,0.5332970641972781,0.5
-0.9210929870605469,-0.2625327408313751,-0.04788480457739784,0.6719283580501213,-0.7949204328243569,0.7971662913679636,0.7166395529794306,-0.32770488990312474,0.9858187958987034,-0.49019855260849,0.6331125497817993,0.5
-0.9210929870605469,-0.3814045190811157,0.6240042581551941,-0.766541063785553,-0.5981915000281512,0.5038304328918457,-0.019509974867105484,-1.3249117767461258,1.127181747217307,0.37798094749450684,0.6514305001444247,0.5
-0.3095163852726022,2.0266670632076105,-2.1249532460183667,-0.6998776793479919,-0.01900232955813408,-1.3398952612939128,-1.7812998823609003,0.3998513471730651,1.51287847213038,0.17763182520866394,0.29580235481262207,0.3333333432674408
2.4016851487336366,-0.14366096258163452,2.2691448411127704,-0.766541063785553,-0.561576247215271,-1.249753394934458,-0.48309674363546556,0.5493685329094788,-0.34066691994667053,-1.0244628190994263,-0.631800651550293,0.00020545249967848136
0.07657698271831231,-0.10943678342856178,-1.5428452348623283,-0.8109833002090454,0.3071908742228792,-0.01997609602550763,-0.6779610007661411,-0.2787316161442048,0.34516897797584534,0.05636323742234217,-1.0894821466035387,0.3333333432674408
1.0333537396921795,-0.6191481351852417,1.357570647004933,-0.579619695626989,-0.01900232955813408,0.16680273413658142,0.5862557712572936,0.13809006665437357,-1.044223028815079,-1.0244628190994263,-0.8004556894302368,0.3333333432674408
-0.2390953153371811,-1.211876678147457,0.2975622578168835,0.8804892588404317,-0.5073188543319702,-0.0578824058175087,-0.1699832421988297,-0.6858923961610247,-1.4005951881408691,-1.6786724185015172,1.0547502040863037,0.6666666865348816
-0.6179829239845276,-0.14366096258163452,-0.12586070597171783,-0.17711539917057895,-0.7893479873458704,1.3388486026238278,0.49751517068657597,-1.2519775562125366,-0.15362077951431274,-0.8241137266159058,1.0547502040863037,0.5
-0.3148728311061859,-0.3219686448574066,0.5536593198776245,-0.5442348721401251,-0.9903704538119813,0.8334174004991651,0.05768449910847413,-1.5855137794113066,-0.5975293756660086,-1.1580289602279663,1.8998283008532995,0.6666666865348816
-0.6232025680611103,-0.024789171293377876,0.44550415869980964,0.2672788132218597,-0.4801901578903198,1.1217145919799805,1.2023515606455282,-0.040235872589053534,-0.9135430600263524,-0.2898494303226471,-0.8847832679748535,0.3333333432674408
-0.21405348185100095,-0.024789171293377876,-0.9600815861976267,0.5238952317164924,0.10936498400128283,0.11063144356012344,0.5888205313382149,0.454184174387672,-0.46536436676979065,-1.1580289602279663,-1.313395091775889,0.3333333432674408
0.1397922784090042,-0.6792262349093499,2.56588615191548,-0.766541063785553,-0.01900232955813408,2.407540552357008,0.3061091590955742,-0.5590284222565501,-1.2704837110998,-1.0035029668172442,-1.137765884399414,0.3333333432674408
-0.2390953153371811,-0.024789171293377876,0.8254672884941101,1.2172450747172507,-0.2393348213705173,-0.8483133468754828,1.1300755835075136,0.8225840750655806,-0.46536436676979065,-1.233943134475973,-1.137765884399414,0.3333333432674408
-0.46642789244651794,-0.7974557876586914,-0.6010765902777606,-0.22811239958996993,0.07862546157160394,-0.4943601639017422,0.24349269530733098,-0.06850280096776644,-0.4030156433582306,-0.22306638956069946,-0.9691107869148254,0.3333333432674408
-0.2390953153371811,0.49685393029968117,-1.06561371267212,2.2022582351678133,0.06504299417178665,-0.0578824058175087,0.4349238953776079,1.2788268172272388,-1.0888515710830688,0.37798094749450684,-0.9691107869148254,0.3333333432674408
1.4698979638969463,-0.9757634997367859,-0.05790869891643524,-0.8776466846466064,-0.6429623365402222,1.1363492521878493,0.5655764796195286,-1.063620147693682,-0.6984484681073044,-0.6905476450920105,0.3801299035549164,0.5
0.21556980907917023,-1.0351994037628174,0.47749679876723133,-0.6998776793479919,-0.2360319048166275,0.33531656861305237,-0.3548768235767903,-0.12966763630086453,0.2204715460538864,-0.5569815635681152,-0.631800651550293,0.3333333432674408
0.21556980907917023,-0.9163275957107544,0.8471288858906665,-0.5900616511245826,0.4089429308337157,-0.3949100971221924,-0.6368188284553364,0.655425692960375,-0.6524105072021484,0.24441486597061157,-1.2936906690389445,0.3333333432674408
-1.4420867441482645,-0.8032273807087682,-0.12586070597171783,0.9045760674287201,-0.5344475507736206,-0.0578824058175087,0.05870917022069272,0.30007968205053376,0.0957741066813469,-0.49019855260849,-0.9691107869148254,0.3333333432674408
0.6517709022432451,-0.7974557876586914,-0.12586070597171783,0.5684996874334034,-0.39880406856536865,0.8908213079837766,1.5693483980674552,0.5628142426684838,-0.15362077951431274,-0.0895003229379654,-0.2944904565811157,0.3333333432674408
-0.9968705177307129,1.3309119487029144,-2.1473532183529316,-0.8776466846466064,-0.3174179792404175,1.065543293952942,0.34740126314398967,-0.7845312878058158,-0.15362077951431274,-1.4801835669136063,-0.9691107869148254,0.5
2.912373341427828,0.02216507687707738,1.1652272939682007,-0.2576086787620808,0.958700643406766,-1.0689655542373657,-1.3298900344741549,1.3428586622428342,-1.3233822932007737,0.07918414989462996,0.29580235481262207,0.5
0.29134732484817505,1.0317884165906783,-0.4656206965446472,-0.4977988795621118,0.8521399068632578,-0.5867698511800271,-0.40600594715190197,1.0882686921131994,1.3505116491698663,0.9790282845497131,-0.8004556894302368,0.5
-0.46642789244651794,-1.094635248184204,-0.12586070597171783,1.181127167084871,-0.4801901578903198,1.383312613694953,1.1874109903274903,0.638048089025147,0.9055697679412862,0.9790282845497131,0.01318629367331036,0.6666666865348816
-1.3304309529560423,-0.7346162514261252,-0.2617647051811218,-0.833204448223114,-0.6158336400985718,-0.10783624441715889,-0.4100671530574135,-1.471994520321518,0.8439587354660034,-0.49019855260849,0.7174400687217712,0.5
-0.16331779956817627,-0.4408404231071472,0.21389929950237274,0.8468135854029012,-0.2902892827987671,0.6049820517395695,1.2812423508770945,0.8349270852412043,0.9686561822891235,-0.1886890247941597,-0.37881800532341003,0.5
-0.01176275685429573,-0.3814045190811157,-0.053526911060072103,0.6453627697183364,-0.3051155616323021,0.5728255279763217,0.06574952678800894,0.0653962566391849,-0.30572087962553085,1.1627872839382776,1.1328065458522134,0.6666666865348816
-0.3148728311061859,-0.4408404231071472,-0.2617647051811218,-0.8109833002090454,-0.2902892827987671,-0.8269487306575882,0.47792614070666306,-0.10656412721870757,-0.09127205610275269,0.7118961215019226,-0.8847832679748535,0.3333333432674408
-0.08754027634859085,-1.1349351122525786,0.010043300688266754,-0.3911557413437712,-0.7145501572475504,-0.03728117086689341,-0.44709565625053155,-1.2056440082179118,-1.5102572264090586,-1.2915949821472168,0.7178230136175676,0.5
-0.46642789244651794,-0.7380198836326599,0.3275543484416446,-0.07681617588210227,-0.697219729423523,0.8345479801909231,0.15711388439374122,-0.5737399743642112,-0.8013848342220181,0.5320088922334257,0.12714727222919464,0.3333333432674408
0.7460124492645264,0.21295440196990967,1.2969236794634997,0.0013516662392362364,1.621783329949582,-0.6649134471024978,-1.4249910678746178,1.1655158865273194,0.7202360327482349,4.754378892753395,1.9980091121598917,0.6666666865348816
6.353549003601074,-1.5701223611831665,9.11561107635498,-0.9887523055076599,-1.2940510511398315,14.546651840209961,5.739711284637451,5.3161420822143555,4.896625518798828,9.794388771057129,3.078611373901367,0.0
-1.6116456867192364,0.33182618021965027,-1.8384997341625817,-0.6776565313339233,-0.7566209274816623,-1.349821925163269,-1.367980116892246,-1.4624886049681005,0.7192612886428833,-1.0384957188104742,1.223405361175537,0.3333333432674408
-0.2390953153371811,0.007691847502095866,-0.050570871931732306,-0.027503423758406698,-0.4529610494929946,-1.2870720101683597,0.593161434868958,-0.3878272030348012,-0.7771079540252686,0.733697609995419,-0.46314552426338196,0.3333333432674408
-0.08754027634859085,-0.9529284873368346,0.14594730734825134,-0.766541063785553,-0.5867105789849715,-0.45108139514923096,-0.44987229923427907,-1.3421423316549104,-1.0501213861105287,1.2665688282939307,0.4644574522972107,0.5
-0.04017413389344666,-0.6191481351852417,-0.3297167122364044,2.2998451853976944,-0.4691812857020665,0.8456979659635326,0.3274978193712711,0.9658464649862722,-0.46536436676979065,-1.0912458896636963,-0.37881800532341003,0.3333333432674408
-0.08754027634859085,-0.6291258464807667,0.626128919629324,2.11000677174019,-0.2688689428805748,1.0573907765730917,1.3507356454504125,1.2668875266032766,-0.7147592306137085,0.17763182520866394,-1.2220934629440308,0.5
-0.46642789244651794,-0.5002763271331787,1.1652272939682007,0.4367966792957988,-0.6158336400985718,-0.3949100971221924,-0.6678497952077724,-0.5957739822509568,-0.5277130603790283,-0.863133190341633,0.3475998688747126,0.5
-0.8453154563903809,-0.3219686448574066,-0.29759655710640265,0.4694193982817289,-0.8328632116317749,0.43646825079804374,0.008531960025189994,-0.15515786419373143,-0.6705080434529511,-0.6561338080771923,-0.47853956995780195,0.5
-0.9210929870605469,-1.25044913809024,-0.3297167122364044,0.7054789958949954,-0.272302619607438,-0.2825675308704376,-0.4154417481600958,0.4100195850545668,0.28139067196651485,-1.0912458896636963,-1.2405551269792778,0.5
-0.39065036177635193,0.33182618021965027,0.4177553057670593,-0.7220988273620605,-0.45306146144866943,-0.5240270075885198,0.5131505229556601,-0.7847779327632064,0.34516897797584534,0.17234724427362746,1.230594200244116,0.3333333432674408
-0.6179829239845276,-0.08422506600618362,-0.7179316805175928,-0.14814812305080013,-0.7603051514886345,0.3690961144553346,0.20081251154635296,-0.7131751379971196,1.1273002400945291,-0.6890451170975092,0.3801299035549164,0.6666666865348816
-1.1739026610875996,-0.3814045190811157,0.4857073128223419,-0.766541063785553,-0.6429623365402222,0.672856106772123,0.7512465495706135,-2.212662106313712,-0.4030156433582306,-1.4489429629827562,1.813698172569275,0.5
-0.8115668692919772,0.15351851284503937,-0.2617647051811218,-0.6109932065010071,-0.508373690771484,1.1363453017119198,0.29095136108396025,-2.2582233137685894,0.033425383269786835,-0.46212244581792117,2.248859209220715,0.6666666865348816
-0.39065036177635193,-0.9257349121222875,-0.19381269812583923,-0.7220988273620605,-0.6158336400985718,-0.41254498494340786,-1.0099177385784568,-1.700458075363486,-1.9511324843640425,0.6451131105422974,1.458088662320645,0.5
-0.7695379853248596,-0.5597122311592102,-0.941284716129303,2.968740333894187,-0.3518906542856933,0.16680273413658142,1.644398728918202,1.5792270198967866,-0.46536436676979065,0.3111979067325592,-0.8847832679748535,0.5
-0.5422053933143616,0.3805872113672028,-0.12586070597171783,-0.5665509104728699,-1.2355982214007493,-1.0127942562103271,-1.4718727465265908,-1.6950594470651186,-1.5623427131915075,-0.7835555646198362,1.7774209341339913,0.5
-0.2327920651291317,0.28220052744609714,-2.0494934596668126,-0.6332142949104309,-0.39880406856536865,-0.5072526931762695,-0.49418348862412514,0.23180130401154578,2.391293841537493,0.9790282845497131,0.3801299035549164,0.5
-0.46642789244651794,-1.094635248184204,-0.3297167122364044,-0.8109833002090454,-0.4801901578903198,-0.11709638200175404,-0.43908304242119006,-0.6512434628674038,0.9862259247910333,0.7786791324615479,0.29580235481262207,0.6666666865348816
2.7207071916519965,-0.015819046797225962,0.6895633339881897,-0.6554354429244995,0.4706180165211769,-0.9566229581832886,-1.3430878237264054,1.2030149379481054,0.34516897797584534,1.9511592969202864,-0.041507821530103683,0.5
-0.05276061874097317,0.827071782144473,0.13073349135943954,-0.766541063785553,-0.481488458499621,-0.90045166015625,-0.3573251398142755,-1.4611863140816987,-0.4030156433582306,-0.8241137266159058,1.3932581847626013,0.5
0.21556980907917023,-0.7380198836326599,1.4256858938753187,-0.7220988273620605,-0.6827609068634025,-0.9202751669914265,-1.1499037818311315,-0.9384868018474088,-0.7530995677692062,-0.02271728403866291,0.8017675876617432,0.3333333432674408
0.06401476263999939,-0.6785839796066284,-0.006807111790351157,-0.031726390305344083,-0.7819679779162172,-0.0578824058175087,-0.3008656506690826,-1.1430342879526625,-0.6524105072021484,-1.1354678926957322,0.8552464936305155,0.5
0.6178262133675134,-0.024789171293377876,0.07799530029296875,-0.6998776793479919,1.1042824870274193,-0.5634239912033081,-1.450243104188755,0.16925467912506353,0.2828202545642853,1.8318179972224151,1.5607155561447144,0.6666666865348816
-0.46642789244651794,-0.08422506600618362,-0.05790869891643524,1.7104423632320243,-0.2631605863571167,1.0658135476942538,2.18053748132147,1.4139380133809696,-0.570133171060393,1.3985018065969306,-1.3939772325211273,0.3333333432674408
-0.39065036177635193,0.977272276150362,-0.19381269812583923,-0.05333579300025549,-0.8328632116317749,-0.5072526931762695,0.3278407678002406,-1.202013020875932,-0.46536436676979065,-0.8241137266159058,1.6791528422912163,0.5
-0.3148728311061859,1.2102343981840034,-0.13100815424034806,1.3048044860290322,-0.48648393209282603,1.5669652568527945,1.3143167893147207,0.6414599964544868,-0.7771079540252686,0.1108487918972969,-1.0534383058547974,0.3333333432674408
-0.9210929870605469,-1.2074614970722697,-0.2693069798011907,-0.7847690675373359,-0.07325971871614456,0.33531656861305237,-0.16713450150772474,-0.9323710623159654,-0.46536436676979065,-1.4446123123826797,-0.46314552426338196,0.5
-0.6227415639376274,-0.20321091478606457,-0.12586070597171783,0.45252622897306793,-0.15464581549167633,1.1217145919799805,0.6673040179699491,-0.2612848303618204,-1.0265028476715088,-0.49019855260849,-0.2944904565811157,0.3333333432674408
1.3988276585726354,1.169348948494739,0.4857073128223419,-0.41510358425604527,1.1081093474779917,-0.5072526931762695,-0.8782400552130895,1.9898011326766045,-0.15362077951431274,0.8863510311519329,-0.631800651550293,0.5
-0.8266305244532123,0.7407865804247233,-1.2925709331180135,-0.8550924236171901,-0.18177451193332672,0.11063144356012344,-0.12806554853690694,-0.7635777866801912,-1.0719662199468298,0.1108487918972969,-0.8847832679748535,0.5
-0.3148728311061859,-0.1778533644903498,1.1610291264147208,0.08278904874195545,-0.9341920106274362,0.33531656861305237,-0.49691216419255685,-1.459138480187874,-0.9018054008483887,-0.2898494303226471,1.813698172569275,0.5
0.5186799168586731,0.611444625783626,-0.6694766879081726,-0.5665509104728699,0.5904829949850574,-0.20082520266494927,-0.904391993630982,0.8656071777469454,0.6569790853057236,0.9427965776697943,-0.4722090926635182,0.5
1.2013211519555067,0.7557050881377011,0.010043300688266754,-0.6554354429244995,0.4148734023398013,-0.4232436871314163,-0.8152773404572351,1.2245584711043724,0.8439587354660034,0.5808351751662328,-1.1426395050146523,0.3333333432674408
1.4064358073170458,1.1506928441613726,0.34980329871177673,-0.6011597604134123,1.5906500003723727,-1.349821925163269,-1.2359162062451954,1.1676907477688,0.3603665197822816,-0.3566324710845947,-0.9691107869148254,0.3333333432674408
0.9471520013071181,-0.20309685170650482,0.531636008952935,0.6924229551143315,-0.31790180155739617,-0.03258205181968847,0.4833272240926518,0.24346862210122044,-0.7147592306137085,-0.6905476450920105,-0.11455293311725341,0.3333333432674408
-0.46642789244651794,-0.8568916916847229,-0.5335727334022522,-0.8554255366325378,-0.13644655439399758,0.608673351963864,0.8154460629148137,-0.6234331394368535,0.34516897797584534,-0.6237646341323853,-0.2749094790599541,0.3333333432674408
-0.2390953153371811,-0.5002763271331787,-0.2617647051811218,-0.8776466846466064,-0.30519007287343763,-0.8442803621292114,-0.10318479187113418,-0.5226430245601493,0.9686561822891235,-0.15628336369991302,0.29580235481262207,0.3333333432674408
-0.08754027634859085,0.16707317250753198,-0.12586070597171783,-0.8776466846466064,-0.6429623365402222,-0.2825675308704376,-0.32221734433922533,-0.5854514281891241,-0.4030156433582306,-0.9013633026257252,-0.37881800532341003,0.3333333432674408
0.930571883531244,1.7396794404686644,-2.1644208431243896,-0.6554354429244995,1.0060513795310384,-0.6195952296257019,-0.9638421804467524,0.7464124554171875,0.033425383269786835,0.7957154987004379,-0.2944904565811157,0.3333333432674408
-0.8453154563903809,0.20862068472073048,1.3139787345644702,-0.5265988138671809,-0.39880406856536865,-0.2825675308704376,0.053147102934566225,-0.4711815686360353,0.0957741066813469,0.37798094749450684,-0.2944904565811157,0.5
-0.6179829239845276,-0.7380198836326599,0.010043300688266754,1.6076019163632387,-0.34454667568206787,0.4998776091550781,0.8315295705705193,0.9545066678135278,0.0957741066813469,-1.1342963127951622,-1.0534383058547974,0.3333333432674408
-0.861875439687373,-0.3814045190811157,0.7749364714137843,-0.7220988273620605,-0.8050278430757013,1.0505549775105623,0.3690240512269473,-1.4325543021854243,0.34516897797584534,-0.22306638956069946,1.3242556669439776,0.6666666865348816
-1.224203109741211,-0.2625327408313751,-0.19381269812583923,-0.5665509104728699,-0.9940403532047782,-0.11405368894338608,-0.6946660106642628,-1.9049658496031177,0.34516897797584534,0.4447639584541321,2.1430022831360227,0.5076102812534773
0.4429023563861847,-0.6191481351852417,-0.12586070597171783,0.6570392304770631,-0.7243484258651733,0.6723442673683167,0.9153914546669768,-0.31657445874216567,0.0957741066813469,-0.5569815635681152,1.1284126233868297,0.6666666865348816
0.29134732484817505,-0.5597122311592102,0.4177553057670593,1.0031991721066476,-0.2903015116316554,2.290207641343897,1.5181113912935702,0.7908940223351169,0.034679308247575855,-0.957679808139801,-1.137765884399414,0.5
-0.08754027634859085,-0.024789171293377876,-0.6756725916044377,-0.8346661432479959,-0.9353101846089494,-1.4115641927061033,-0.6879459678827904,-1.451872014423958,-1.895215529507596,-0.02271728403866291,0.04281972348690033,0.1666666716337204
-0.08754027634859085,-0.9946580888918369,1.1652272939682007,1.9384026675816999,-0.42874259777986595,0.05446016043424606,0.946323017221846,1.033216118812561,-1.2614470718390098,-0.02271728403866291,-1.1985806014494322,0.5
-0.5422053933143616,-0.3667331847444037,-0.09486194559699217,0.8686765093097975,-0.9747224776541152,-0.9219197536899716,-0.3025538749051412,-0.19014177576927863,-0.5067306110484198,-0.7625003869288967,0.3226903258253716,0.5
-0.755144918126249,-0.736588501338871,0.010043300688266754,-0.44636857560894405,-0.9265659662915726,-0.22639626264572144,0.21332698469735129,-1.1043608231075264,0.528964614052588,0.7625439979358986,1.1390777826309204,0.3333333432674408
0.29134732484817505,-0.10032851379604975,-0.6015247106552124,0.15950135425374695,0.062383756041526794,0.1946074171040818,1.2075138144184407,0.33114224213248794,0.2828202545642853,0.37798094749450684,-0.46314552426338196,0.3333333432674408
-1.6702829987263816,0.21295440196990967,-2.1644208431243896,-0.8109833002090454,0.641255031115637,-1.1813081502914429,-1.5359753680242054,-1.2085881166619201,2.7051127722090746,-0.02271728403866291,1.6831220548059027,0.5
0.7460124492645264,-0.7380198836326599,0.07799530029296875,-0.8341949307804346,0.12039242644052611,-0.22639626264572144,-0.41551080373566385,-0.5865638554981908,-1.4560601599381315,-0.0895003229379654,-0.37881800532341003,0.3333333432674408
-0.036391174505921456,0.5101338624954224,-0.4138200402013119,0.1884318462773134,0.3428339383427054,0.6723442673683167,0.6535640645737678,0.7592023409218636,-0.4030156433582306,0.6451131105422974,-1.4362682923931864,0.3333333432674408
-0.6179829239845276,1.4656639115042192,-2.1644208431243896,-0.6776565313339233,0.5826595353039745,-0.731937825679779,-0.9855492297889131,0.3551930855831877,1.7908580037854016,0.6451131105422974,0.21147480607032776,0.5
1.0147856993863666,-0.20309685170650482,-0.19381269812583923,-0.544329822063446,-0.4801901578903198,1.003359166526171,0.0724573425253307,-1.528749932207329,-1.7987143963701708,-1.4280062594062048,1.813698172569275,0.6666666865348816
-0.46642789244651794,-0.2412981153877077,-1.363199555124108,-0.39769780732929044,0.14315108813897975,-0.0578824058175087,0.015043496904403732,-0.4567500530935509,-1.6336774251240762,-1.2989720915581413,-0.631800651550293,0.3333333432674408
-0.7695379853248596,0.003725509133364755,0.14594730734825134,0.4917029712179266,-0.39880406856536865,1.1217145919799805,1.2639368388404866,0.3646575761618357,0.9721713681837137,-0.02271728403866291,-0.8847832679748535,0.5
0.29134732484817505,-1.2748500306828494,0.685138089806408,-0.766541063785553,0.5334299946493453,-0.731937825679779,-0.09620502994440525,-0.014292834741666736,0.0957741066813469,-0.8241137266159058,-0.631800651550293,0.5
0.36712485551834106,-1.213507056236267,0.010043300688266754,-0.6554354429244995,-0.5073188543319702,0.9234547138984232,-0.1217547249039578,-0.555890262611211,-1.541526869813259,0.3111979067325592,-0.37881800532341003,0.5
0.06401476263999939,-0.08422506600618362,0.07799530029296875,-0.5887720584869385,0.7455844607118709,-0.45108139514923096,-1.1368524842161463,1.1054562839985331,1.221267248372962,2.6560836629953624,-0.46314552426338196,0.3333333432674408
0.5944573879241943,1.5401162840251894,-0.4365461702161323,-0.49362456352357936,0.9255077094973984,-0.9994428216262181,-1.03314977114494,1.575146269515708,0.9063074588775635,0.5865218968549609,-1.3237192002846112,0.3333333432674408
-0.7695379853248596,-0.3219686448574066,0.4177553057670593,-0.8998677730560303,-0.5344475507736206,-1.349821925163269,-0.20404160970679328,-0.2430174390392242,0.5945638418197632,0.17763182520866394,-0.6536006684817357,0.5
0.06401476263999939,-0.9460785457178595,0.14594730734825134,-0.8776466846466064,-0.2072525136112748,-0.3585420305425417,0.010986794358529168,-0.8836361272698102,0.2828202545642853,-1.1778413650187594,0.29580235481262207,0.3333333432674408
4.777838891291403,0.03464672341942787,0.8036082368257003,-0.7220988273620605,-0.19713952974214935,-0.8484115058877469,-0.8688050418064708,1.033216118812561,-0.8430271477773817,0.17763182520866394,-0.1258353590965271,0.5
0.5028992918352231,-0.9757634997367859,-0.24983744368586452,-0.7279488934401838,-0.18177451193332672,0.7846868634223938,0.37728492057460045,-0.6313951705978325,-0.6524105072021484,-0.49019855260849,-0.041507821530103683,0.3333333432674408
0.6702349185943604,-0.6191481351852417,0.010043300688266754,-0.6928267477978224,-0.34454667568206787,-0.0017111222259700298,0.05132873012397987,-0.6722016454402783,-0.7771079540252686,-0.7573306560516357,0.4644574522972107,0.6666666865348816
-1.66545264854113,1.0055092752328267,-1.6706614764411842,-0.7220988273620605,0.6173108111662883,-1.0615903864455853,-1.2132642986613005,0.35968264268070566,2.408256059973658,-0.01230015331656235,-0.9691107869148254,0.3333333432674408
4.680362903893821,-0.32808252396682913,2.8310614829980647,-0.6109932065010071,0.8564133430676434,-0.6370918246623072,-1.3100936396325216,1.9768798081441683,-0.8394566774368286,2.567788842574333,-1.0534383058547974,0.5
0.5024022729681397,-0.3814045190811157,-0.12586070597171783,-0.6254540689531065,0.15836132958965163,-0.6195952296257019,-1.0928785130770617,0.13065727492867352,0.13721375393388024,3.4371273917728664,0.21669932986698257,0.6666666865348816
-0.9210929870605469,-0.6785839796066284,0.6895633339881897,-0.6554354429244995,-0.2724713717511518,-0.22639626264572144,0.6822428687617844,-0.49762286228228253,-1.2613625511049618,0.17763182520866394,-0.7720110808747442,0.3333333432674408
-0.6179829239845276,-0.3814045190811157,-0.4832382043023659,1.3807213308158677,0.03247337581261092,-1.1251368522644043,-0.6488287050982844,0.5231123494019871,-0.2159694880247116,0.3111979067325592,-0.2944904565811157,0.3333333432674408
0.8515942210591765,1.4253572061158029,-1.6417784089881569,-0.6109932065010071,0.8282212640210188,-0.817726154232018,-1.6507094601071979,1.1331584214816215,0.4390799099686618,-0.3566324710845947,-1.1239636188613293,0.5
0.5944573879241943,2.818894515581175,-2.1644208431243896,-0.6998776793479919,1.045637486334875,-1.4059932231903076,-1.7130917328754418,0.8352043085643595,1.8104022532228543,0.4088406157593642,-0.4370933498354221,0.3333333432674408
-0.6937604546546936,1.8023078469924732,-0.8053807020187378,-0.6332142949104309,0.34828251744868205,-1.2145882440298845,-1.8180937060286302,0.13983905889033926,1.1247675167933093,0.09348588158024176,-0.041507821530103683,0.3333333432674408
2.967152466838982,0.01032079690922395,1.1337997335976095,-0.6776565313339233,0.6203411781462059,-1.0127942562103271,-1.7852886103371277,1.2450313411672809,-0.7771079540252686,1.431592561362132,-0.9309128374436798,0.5
-0.6937604546546936,2.2336429592314837,-2.1644208431243896,-0.5665509104728699,-0.10038841515779495,-0.5072526931762695,-1.6796112168383663,-0.09216543690364778,1.6713872643999717,0.9226849832008609,1.0694020728922213,0.3333333432674408
-0.2390953153371811,1.6497537872106303,-2.0415725629544443,-0.544329822063446,0.6933022931566074,-0.9149404021877034,-1.4532863542030754,0.7448464083834725,1.4616507526578428,1.405306855713026,-0.10575562558813412,0.37324221327311274
0.6387383618850712,0.35383330538165975,1.2798104352938238,-0.6998776793479919,3.221180975987286,-1.0689655542373657,-1.031131732612084,0.5206061346329549,-1.213549017906189,0.4837868584798589,-1.050282528050882,0.5
1.74239702591268,0.03464672341942787,1.3403913282773439,-0.7220988273620605,0.5778290033340454,-1.349821925163269,-1.7800868833689267,0.8441032000019056,-0.08264618719499306,0.6451131105422974,0.04281972348690033,0.5
-0.46642789244651794,-0.6191481351852417,-0.397668719291687,0.3083364840924797,-0.8041842973012729,0.2791453003883362,1.2276754989431233,0.40322418633852225,1.6323985874600344,-0.49019855260849,-0.6801595724160444,0.5
-0.08754027634859085,-0.8274455517519728,1.116350156498056,0.7222031644055192,-0.38982017126533225,1.6216301758291085,1.463070900009903,0.4739323368603161,-1.4005951881408691,-1.3583780527114868,-0.5236954983153981,0.5
0.42653234446496413,1.9742208654993612,-1.685201015369798,-0.6554354429244995,0.7525346129636076,-1.186468435977606,-1.5131181430563305,0.683762672923152,0.5322151184082031,0.3666603247790789,-0.2101629078388214,0.5
-0.24383743008688946,-0.024789171293377876,1.0471004796407852,-0.021990473778290498,-0.2360319048166275,-1.0127942562103271,-0.35737707928617346,-0.5204862356542997,-0.028923334553837776,-0.4195045204128464,0.6331125497817993,0.5
0.5186799168586731,-0.6785839796066284,0.2846750592225483,-0.8282524943360716,-0.3828491746986971,1.3922258099623832,0.06722615885688335,-1.018685177608439,-1.9517569178297007,-1.2808389189858622,0.3801299035549164,0.6666666865348816
0.5993794583884073,-0.6558840930205435,1.5105006205604308,1.9809492806496474,0.02071112824616801,0.9700995839918585,0.7830114899363289,1.8834596908940915,-0.46536436676979065,2.1585961630107704,-1.306420922279358,0.5
-0.3148728311061859,1.1369480353148895,-0.4656206965446472,-0.5665509104728699,-0.6158336400985718,-1.0689655542373657,0.16586505917483518,-1.4488082123219925,-0.8394566774368286,-0.49019855260849,1.2994037619527805,0.6666666865348816
0.3388105858698549,-0.20309685170650482,1.1652272939682007,-0.6776565313339233,0.7070273857386373,-1.4059932231903076,-1.8287263433445897,0.6645635534894728,0.34516897797584534,2.006421690130352,0.4644574522972107,0.6666666865348816
0.7460124492645264,0.15469980010392073,-0.3297167122364044,-0.7220988273620605,-0.34454667568206787,-0.731937825679779,-1.0710772498759693,-0.31149838339190317,-0.028923334553837776,-0.6237646341323853,0.11625086719524201,0.5
0.1397922784090042,-0.5002763271331787,-0.23004268640643166,-0.7856114236201073,-0.5344475507736206,0.6161730289459229,0.15116628904467422,-1.609017547901147,-0.9641541242599487,-1.5384180704469255,1.392060399055481,0.5
-0.46642789244651794,-0.6087585735179059,-0.7036062993552308,-0.17148256952642316,-0.2902892827987671,0.15943208851802415,0.04820478133280752,0.1031689340543464,-0.5277130603790283,-1.0244628190994263,-1.3296861528245645,0.3333333432674408
-1.635318290046578,-0.20309685170650482,-1.580090099545209,-0.14471918862624528,-0.561576247215271,0.3267170748949268,-0.003102434809208233,-1.2383142729364014,0.9063074588775635,-0.0895003229379654,1.223405361175537,0.5
0.6702349185943604,-0.6191481351852417,0.5223584251226205,1.723633691801791,-0.561576247215271,-0.3387388288974762,0.5386246986325315,0.9080021834468182,-0.8394566774368286,-0.957679808139801,-0.30766701548214215,0.8333333134651184
-0.6937604546546936,-0.14366096258163452,-0.4656206965446472,0.18830891978854883,-0.5073188543319702,0.9766226338663484,0.2900314977537978,-0.5488542882794494,-1.307303476330726,-0.22306638956069946,-0.2944904565811157,0.5
-0.2390953153371811,-0.4408404231071472,-0.5335727334022522,0.8489053100667167,-0.08971180068713443,0.21228958596766206,1.116098836342424,0.2523874997714838,-1.151200294494629,0.10204746343329221,-0.7161281704902649,0.3333333432674408
0.34031807013132426,-0.5002763271331787,0.07799530029296875,-0.8776466846466064,-0.08800678255713361,-0.5541030050234934,-0.28924822669930395,-0.4587457318759091,-0.46536436676979065,0.5182331496375032,-0.631800651550293,0.5
0.45906549883859354,-0.3814045190811157,0.3763772672029311,-0.544329822063446,-0.7993952632177707,-0.0578824058175087,-0.41494943876566204,-1.2428881303791526,-1.71742791564586,-1.3583780527114868,1.1994357543937881,0.5
-0.5422053933143616,1.3201346172489141,0.010043300688266754,0.6318565822218847,-0.01900232955813408,1.422221479452158,1.707133946116568,0.3640210124897848,0.033425383269786835,-0.2898494303226471,-0.9691107869148254,0.5
-1.072648048400879,0.03464672341942787,-0.3297167122364044,0.6307592246582082,-0.45306146144866943,0.892711460452194,0.41230249512340406,-0.21621244868164513,0.0957741066813469,-0.49019855260849,-0.37881800532341003,0.5
1.2327630552206486,-0.14366096258163452,-0.397668719291687,-0.7220988273620605,-0.42593276500701904,-1.349821925163269,0.08573648937584136,-0.5193508838561464,-2.0200247301631973,-0.890896737575531,-0.2144951172890849,0.11186501113607258
2.6455837905540434,0.4599606788716816,-0.397668719291687,-0.6109932065010071,1.0393160092779539,-0.3949100971221924,-0.9189616124688432,1.264050497188199,0.34516897797584534,0.19820018171817627,-0.46314552426338196,0.3333333432674408
1.6271211913342587,1.4239654383027143,-0.9884366800733164,-0.6776565313339233,0.8852906733805563,0.05446016043424606,0.3119880742202298,1.224628919286753,0.2828202545642853,-0.2898494303226471,-0.9339914039439231,0.3333333432674408
0.8217899799346924,1.4179628773804474,0.8285492111784162,3.0158429498046604,-0.39880406856536865,1.691807912009237,1.7302758464918586,1.52455488989261,-0.9641541242599487,-0.8241137266159058,0.4644574522972107,0.5
0.13421513964842624,-0.6191481351852417,0.6895633339881897,0.6991113855197362,-0.2360319048166275,1.9158734757555176,1.1607469061003732,0.29088711106482723,-1.233427908299945,-0.957679808139801,-0.8847832679748535,0.3333333432674408
-0.7695379853248596,-0.5597122311592102,0.1635263755583665,0.5480604245444597,-0.34454667568206787,1.6210418538838969,1.8669620186812168,0.5913941171091112,-0.2783181965351105,-0.49019855260849,-1.4750760793685913,0.5
2.066051791853851,-0.8812389485434687,6.49045783307975,0.7353712359101096,-0.9338221324010665,0.7529785643712118,0.15330283774270073,0.5465816524095296,-1.6931876998570694,-1.3583780527114868,-0.46314552426338196,0.3333333432674408
-0.46642789244651794,-0.3814045190811157,-0.5335727334022522,-0.23708000019689163,-0.8060484063579316,0.885096833420744,-0.30216427146603375,-1.327710376410538,-0.8993528780337097,-0.957679808139801,1.3726358257112976,0.6666666865348816
0.06401476263999939,0.7064152318018114,-0.6015247106552124,-0.6554354429244995,0.06907674357776017,-0.898692337408635,-1.5825844034558294,0.2545456174944334,0.8906988788704,1.265576079539621,0.21147480607032776,0.5
-0.9206908042354516,-0.8568916916847229,0.14594730734825134,-0.6301139438957883,-0.5592909073950322,2.611170341225507,0.6482544985891188,-1.311360003839823,0.4407357465283927,-0.5569815635681152,1.1390777826309204,0.5
0.5186799168586731,-1.1582749082591717,1.6697729524890952,-0.6554354429244995,-0.561576247215271,0.7846868634223938,0.6198744549556541,-0.6327677267099597,-0.34066691994667053,0.038107621734434424,0.046797312146867866,0.3333333432674408
-0.2390953153371811,1.1245940556285559,-2.0506571993756,-0.9631495736738189,-0.561576247215271,0.9836247609156942,-0.1161290681494306,-0.4669576898959063,-1.315069241031008,-0.957679808139801,-0.9691107869148254,0.1666666716337204
-0.6237990144535587,-0.9163275957107544,-0.397668719291687,-0.5665509104728699,-0.3174179792404175,0.5131260208523087,0.9812138220860808,-0.3946434026286397,0.5446931732948902,-0.42341551184654236,-0.5714593320095541,0.5
-0.2984594065296372,1.4214741349720883,0.010043300688266754,1.1022160656837408,-0.02547638949813922,-0.7630097044942495,0.6805426942147927,0.7111193331795935,-0.4030156433582306,-1.1580289602279663,-1.559403657913208,0.3333333432674408
0.1397922784090042,-0.268784431930579,0.1408680286154067,0.6457675186836557,0.6131399958281168,-0.9566229581832886,0.5011035226254464,0.5017155509030446,-0.4030156433582306,-0.1555880637159925,-0.8439745500986228,0.3333333432674408
-1.5558986262791263,-0.7524254791631457,0.21389929950237274,-0.9546560279111705,-0.39880406856536865,0.05446016043424606,0.17140094329822037,-1.0107626604869868,2.3201512710249346,-0.035393085541234846,-0.37881800532341003,0.5
-0.5460444178949629,0.6822947755515791,-0.5335727334022522,0.038080529787833,-0.4677113664063511,-0.5634239912033081,-0.19058312041690476,-1.4505071485279495,-1.4005951881408691,-1.526029990003201,1.9291334576086416,0.6666666865348816
1.8933178569143436,0.7170925621134839,1.6801310772939726,-0.5668300090445437,0.6900393916260823,-1.349821925163269,-1.7823903974026727,0.7751505048988835,0.0957741066813469,0.5783300399780273,0.7353739525320099,0.5
-0.6937604546546936,-1.0351994037628174,-0.397668719291687,-0.8697650933591169,-0.32951315375801554,-0.45108139514923096,-0.7834723027627276,-0.8438170393611367,0.7192612886428833,0.04406575486063957,-0.37881800532341003,0.3333333432674408
-0.40049362080639145,-0.4408404231071472,-0.05790869891643524,0.5345460306107901,0.8397782384399198,1.1325250932584736,1.7451376028725107,0.2928819335416327,-0.39105893061554825,-0.8674828426946023,-0.9691107869148254,0.3333333432674408
-0.46642789244651794,2.357014123313474,-2.1644208431243896,-0.7945749453451741,-0.18177451193332672,-0.7820189930533747,-1.5852884254497641,0.16893167885244006,1.333694441240281,-0.7573306560516357,-1.137765884399414,0.5
-1.5147458863231584,0.4310249734877584,-2.139725193017182,-0.6131020221140271,0.5777958764810232,0.02804077836179254,-0.4816006247132308,0.0657169761068978,4.103512580223967,0.4447639584541321,1.8739167691915746,0.5
-1.3695658026894446,-0.41034101497588704,-0.19381269812583923,-0.2089991820979302,-0.4931387937477658,-0.17022497951984406,0.8400351391607834,-0.06260165378960254,0.7320572733487327,0.9122452139854431,-0.8004556894302368,0.3333333432674408
2.333616946949527,1.6294316179714985,0.6895633339881897,-0.2553700566653945,0.544182968195253,-0.731937825679779,-1.0658474838953744,1.033216118812561,-0.4030156433582306,1.0511249584360993,0.12714727222919464,0.3333333432674408
1.636172247846634,-0.3814045190811157,0.6495191090841771,-0.4631604306502144,-0.39880406856536865,0.00016383578313546054,1.0999202981956961,0.05347318733779343,-0.2159694880247116,-0.0895003229379654,0.5867245784029002,0.5
0.06401476263999939,-0.9163275957107544,0.5536593198776245,-0.6350411435516086,-0.29298276869134116,-0.7041026419343974,-0.07153752072933135,-0.857072149533449,-0.4030156433582306,0.6451131105422974,0.43318356006384723,0.5
0.39268419733512905,0.39214605180083856,0.4857073128223419,-0.43663919354018604,0.6833705244780249,-0.6757665276527405,-1.115974008786404,0.7646193605955398,1.0426851116108513,1.344850875792483,1.2532300926381528,0.934632847731224
-0.5422053933143616,-0.20309685170650482,-0.4656206965446472,0.39210157445145877,-0.45306146144866943,0.39148786664009094,0.6788446521328906,-0.32723320296697644,1.408485169258133,-0.5569815635681152,1.11667212815749,0.5
-0.9210929870605469,-0.11503329692236715,0.21389929950237274,0.48291544038115497,-0.38571681103703415,1.004393484355255,1.788795101855403,0.2670468957268134,0.33610943846911245,-0.4220223467370689,-1.306420922279358,0.5
1.3801600826290632,2.3259315417249677,-1.5594170330263841,-0.6332142949104309,1.111160355117147,-0.90045166015625,-1.5428889745247152,1.2199488811446075,0.4075177013874054,-0.15628336369991302,-0.8004556894302368,0.3333333432674408
-0.6179829239845276,-0.20309685170650482,2.2463511608163502,1.9938167205608373,-0.34454667568206787,0.90073263346061,1.976412963163433,1.0872778830328453,-0.4996060964903027,-0.02271728403866291,-1.2220934629440308,0.3333333432674408
0.21556980907917023,-1.0351994037628174,0.8934193253517151,0.5720862641939553,-0.2686556435509016,0.7846868634223938,0.09598097069777663,0.2258225963523356,-0.2783181965351105,-0.22306638956069946,0.04281972348690033,0.6666666865348816
0.8217899799346924,-0.795292408117836,0.28185129165649414,-0.32149735475405644,-0.20060781633468863,0.6161730289459229,0.4509678980186188,0.2058706333306207,1.2769733961594678,1.9363604789433784,0.7686240083710105,0.6666666865348816
-0.6937604546546936,-0.3444235337449855,0.2403726959029359,-0.5483828299973079,-0.7786058187484741,-0.2825675308704376,-0.24937459577355103,-1.4769189533663587,-0.2159694880247116,-0.957679808139801,1.0547502040863037,0.6666666865348816
-0.46642789244651794,-0.3814045190811157,-1.5455449848366185,1.2065927841944684,-0.2902892827987671,-0.3949100971221924,-0.1626848312253648,0.2682261307012107,0.0957741066813469,-1.0373652310611756,-0.5474730730056763,0.3333333432674408
-0.8453154563903809,-0.7380198836326599,1.6681607338436588,-0.544329822063446,-0.2089032083749771,0.6723442673683167,0.13846987096376662,-0.7215427140792148,0.0957741066813469,0.6860594719446789,0.3801299035549164,0.5
0.06401476263999939,-0.2625327408313751,0.6007541872263147,-0.8776466846466064,-0.5073188543319702,-1.4059932231903076,-1.555289094163478,-0.5192629250365232,0.5320901908945105,-0.22306638956069946,-0.2944904565811157,0.5
0.7460124492645264,2.41217770337185,-1.5763041236316495,-0.06434550762574506,0.9799496573021522,-0.9566229581832886,-0.5155531902342537,1.4136915854576773,-0.028923334553837776,0.1108487918972969,-1.2220934629440308,0.3333333432674408
-1.5355469939785613,-0.14366096258163452,-0.19381269812583923,0.23793277555362785,-0.11330617731077808,-0.45108139514923096,-0.03866461440396246,-0.38672540752920365,0.34516897797584534,-1.0244628190994263,0.29580235481262207,0.5
-0.9210929870605469,-0.6785839796066284,-0.397668719291687,-0.5438545355618852,0.680369315497533,1.5008435893961318,0.9637803212674819,-0.31705799621259567,-0.6837075401553158,-0.2989907342651079,-1.559403657913208,0.5
-0.16331779956817627,0.3754192717064883,-0.05790869891643524,0.4548414374917747,-0.6700910329818726,-0.0578824058175087,1.1976887489363601,-1.1994754254759161,0.7350486897024862,-0.890896737575531,2.88196425139466,0.5
-0.08754027634859085,-0.6785839796066284,0.6895633339881897,-0.009082049186718458,-0.3856091042067565,-1.349821925163269,-1.161919959541093,-0.9106494796943367,-1.243353153993813,-0.0895003229379654,0.4644574522972107,0.5
-0.2390953153371811,-0.9757634997367859,0.010043300688266754,1.3974662506181263,-0.07325971871614456,1.7174907023264154,0.9582339886687712,0.6949249916215873,1.7334077875523717,-0.28046553162183124,0.0021421398768940586,0.5
-0.3148728311061859,-0.3814045190811157,0.07799530029296875,0.5258905678612515,-0.3615625618270097,0.9340283429342128,0.3513388998452125,-0.10993579772785236,1.1624653465788832,-0.22306638956069946,0.29580235481262207,0.5
-1.517964084066286,2.0657546525769295,-1.925016472216902,-0.6332142949104309,0.01945059583154985,-1.1251368522644043,-1.1103233807866224,-0.11115553553093256,4.8064306374013075,2.121599909137555,1.6931784129315832,0.5
-1.058290685775311,2.177576478848098,-2.128783454635465,-0.3672432623282236,0.6194240446228384,-1.3248668873547385,-1.6682879148446579,0.28999934640751474,1.798779499330146,-0.6237646341323853,-0.041507821530103683,0.3333333432674408
1.4292970061582373,1.8183453357410928,0.09484403627798085,-0.6332142949104309,0.7129214733059218,-1.4059932231903076,-1.6330710451828019,0.6941447157001389,0.033425383269786835,0.41004660344803984,1.392060399055481,0.6666666865348816
-0.2390953153371811,1.9762680570852675,-0.8759586606935974,-0.6998776793479919,-0.01900232955813408,-1.0689655542373657,-0.4836654749682837,-0.027127984825233428,0.6569125652313232,-0.22306638956069946,-0.030131256182445297,0.3333333432674408
0.8521613273776715,-0.7380198836326599,1.1652272939682007,-0.8554255366325378,-0.45239708963073094,-0.17022497951984406,0.5932979607609884,-1.0396494162331353,-1.1875128774548205,-1.1580289602279663,0.5487849712371826,0.5
-0.39065036177635193,0.07120178036695808,1.0180900047444388,1.7150983134081808,-0.3174179792404175,1.8485992052021816,2.1642083176026112,1.0656033580629214,-0.15362077951431274,-0.24295125787163976,-1.137765884399414,0.3333333432674408
-1.6303377980775744,0.27239030599594116,-1.5760061338046196,0.10719047981627418,-0.561576247215271,-0.31443779325110854,-0.3012368736894797,-0.2781897585488012,1.3427485227584839,-0.7338980531929855,-0.5474730730056763,0.3333333432674408
-0.3148728311061859,-0.5597122311592102,0.07799530029296875,-0.6554354429244995,-0.6077287905127051,1.065543293952942,0.9630281057625023,-0.9572318001706206,0.46986642479896545,-0.8631257971697351,1.0745813070260468,0.5
-0.46642789244651794,-0.6785839796066284,0.5414540747699689,-0.6554354429244995,-0.41453695481769054,0.33531656861305237,0.29763179396511824,-1.2464876688480468,-0.5835233397921323,-0.49019855260849,0.8017675876617432,0.5
-0.01176275685429573,-0.4408404231071472,0.4857073128223419,-0.8776466846466064,0.7535521083794908,1.9930178667903482,0.728526042314095,-0.35657366718548406,-0.6524105072021484,-0.8241137266159058,-1.0618617502124574,0.5
0.06401476263999939,1.7363446518622494,-2.0977720023673663,-0.6776565313339233,1.042877156689929,-0.5634239912033081,-0.019509974867105484,-0.24829875635983428,-0.028923334553837776,0.33607190330922243,0.3280361826588034,0.5
-0.6843944058996052,0.33182618021965027,-0.8040681769164751,-0.766541063785553,-0.2943472915298631,-0.0578824058175087,-0.1939594919808034,-1.082673904440381,0.4496890922500969,1.140231427439642,0.9929176275600865,0.5
1.1437681121044982,-0.6785839796066284,1.3843009887708912,1.1851751744724188,-0.04613102599978447,0.39148786664009094,-0.07072402851426288,0.833741962598939,-0.9002370729073291,0.6643792941778076,-0.655816155057049,0.6666666865348816
-0.9968705177307129,0.09408261626958847,0.9105439015605176,1.8955910294306073,0.3490804686064219,-0.0017111222259700298,1.2189412679296139,0.7288978876520222,-1.1204887648386965,-1.0244628190994263,-1.3796062727079437,0.5
-0.46642789244651794,-1.0575455797163256,-0.3297167122364044,-0.8109833002090454,-0.6429623365402222,1.1217145919799805,0.34171691166222756,-0.3073589669066638,1.9924623023699113,0.17763182520866394,-0.2101629078388214,0.5
1.349568628867658,-0.7974557876586914,0.9370353980274424,-0.7220988273620605,-0.3174179792404175,-0.5634239912033081,-1.17687588459156,0.18404881502052836,-1.5507470076817356,0.3111979067325592,-0.5474730730056763,0.5
-0.8916480434044847,-0.9757634997367859,0.010043300688266754,-0.7689409986281681,-0.9491600078678919,-0.22546990761867142,-0.36561043507004093,-1.0628300660769001,1.1032072631119971,-0.890896737575531,0.12714727222919464,0.5
-0.5422053933143616,-1.094635248184204,1.2700013634355913,-0.8109833002090454,-0.4801901578903198,-0.45108139514923096,0.6770190595539345,-0.9147179864169372,0.9686561822891235,-0.15628336369991302,0.5487849712371826,0.3333333432674408
0.29134732484817505,0.09408261626958847,0.010043300688266754,0.2277844032501197,-0.825129644637597,-0.0578824058175087,1.237462723153388,-0.7637487075637,-0.47802115759579744,0.04460702529419998,1.5607155561447144,0.6666666865348816
-0.9210929870605469,-0.4408404231071472,0.4177553057670593,0.3672644980579967,-0.5674749303828579,0.9368476817575481,1.20389724805949,0.21473316495349914,-0.46536436676979065,-1.0244628190994263,-0.9691107869148254,0.3369670295621608
0.21556980907917023,-0.5002763271331787,-0.12586070597171783,1.6842637376463108,-0.2631605863571167,-0.7881091237068176,-0.05986774119138956,0.6928811953634177,0.2828202545642853,-0.3507027202220203,0.7174400687217712,0.5
-0.3148728311061859,-0.3219686448574066,-0.12586070597171783,0.4277849730309378,-0.8328632116317749,-0.17022497951984406,0.008541467159920527,-0.566658862764416,-0.028923334553837776,-0.27607390548298294,0.7084211556906722,0.6666666865348816
-0.16331779956817627,-0.004932163469676787,-0.12586070597171783,1.8005679020636465,-0.2631605863571167,0.6762100603316653,1.1046910769586882,1.2544421673511732,0.46986642479896545,-0.670891052585228,-1.0662894464765282,0.5
1.4565547340693337,0.8335934723777605,-0.5991106365300923,-0.6998776793479919,0.7149568628651995,-0.6195952296257019,-1.2105593676311688,0.8261059215065208,0.9503957075870167,1.0214942757169314,-0.3062018579553387,0.5
0.06401476263999939,-0.024789171293377876,-0.19381269812583923,-0.4631955061814614,-0.49905053640797814,-1.1745238731177954,-0.7716582507718631,-1.363589911539316,0.7394284038673901,0.7118961215019226,2.4455029201631535,0.5
-0.08754027634859085,-0.4408404231071472,-0.397668719291687,1.1511352716970007,-0.24946944464927573,1.2892307466673938,1.156566763007392,0.6677276091274729,-0.2783181965351105,0.5141483073404881,-0.2944904565811157,0.5
-0.5422053933143616,-1.2607041441756035,0.34980329871177673,-0.833204448223114,-0.561576247215271,0.31559312933234734,0.029586488810616873,-1.2651276825492102,0.34827123790816344,3.115616152599472,0.8434203390398125,0.5
0.06401476263999939,-0.9034760947698351,-0.24231770521903775,-0.8775654352250899,-0.5887049436569214,-0.2825675308704376,-0.49460018648135173,-0.363906072612769,-0.46536436676979065,-0.7573306560516357,-0.8085010732807831,0.3333333432674408
-0.6937604546546936,-0.4408404231071472,-0.2617647051811218,0.8952865672426448,-0.7243484258651733,1.5082810937161546,0.8339968132658564,0.04342536705097855,-0.8794547971263098,-0.10186704354370477,0.1752178079278283,0.3333333432674408
-0.46642789244651794,-0.5002763271331787,-0.941284716129303,1.6697170558883796,0.631918221841186,1.2394054295620047,1.2301270354889215,1.0715371732696495,-0.4030156433582306,-0.42341551184654236,-1.0534383058547974,0.3333333432674408
-0.16331779956817627,-0.3814045190811157,-0.12586070597171783,0.08787120423208773,-0.7512419524858859,-0.5634239912033081,-0.019509974867105484,-0.26596341339626994,0.23492440556327535,-0.890896737575531,-0.041507821530103683,0.5
1.0256697789081555,-0.9920434342845654,1.0293233394622803,0.006870978418440445,-0.34454667568206787,-0.9566229581832886,-0.3757215399797761,-0.24834082432030832,-0.8912186146445348,-1.0244628190994263,0.29580235481262207,0.3333333432674408
1.1895502036474515,2.0240044803745096,2.4674482323120546,-0.4826081316118367,2.9185338442985884,-1.2382732600383357,-1.7716757785693316,-0.05985007147531221,-0.5528818718410344,1.3659084410040796,1.783611157689192,0.6666666865348816
-0.6179829239845276,2.082276373189394,-1.522978492995547,-0.6731272362406934,0.684466030884097,-0.9566229581832886,-1.2202459073401095,-0.016095104918353538,1.3231047930182644,-0.28206305059224057,0.3801299035549164,0.1666666716337204
1.181246037564053,-0.7380198836326599,1.0500526447839045,-0.766541063785553,0.14213159993452282,-0.6757665276527405,0.012554012704227667,0.2959675408216142,-0.7950181499576489,0.9790282845497131,-0.631800651550293,0.3333333432674408
0.29134732484817505,-0.6514166716341112,-0.19381269812583923,2.1682044512664733,-0.4801901578903198,1.7677692479423006,1.409868243284447,1.6247303687648489,-0.5021653291814111,-0.22306638956069946,-1.43275826458594,0.3333333432674408
-0.542839839077746,-0.7380198836326599,0.5796045343796491,-0.11531894895738855,1.675191856865425,0.05446016043424606,0.144546951439957,-0.06426580485676245,0.033425383269786835,-1.0244628190994263,-0.041507821530103683,0.47014379038725757
0.42299121978811227,0.6014259102030155,-0.19381269812583923,-0.8109833002090454,-0.45306146144866943,-1.1770244016647358,0.5004741519619084,-0.22713135714746674,-0.46536436676979065,-1.1580289602279663,-0.9691107869148254,0.1666666716337204
-0.3148728311061859,-0.8568916916847229,0.8254672884941101,-0.766541063785553,0.7589174098416159,-1.349821925163269,-1.7248856379017858,0.11810843412907485,0.823997069015701,0.7957226868339856,0.12714727222919464,0.5
0.6649681808619002,-0.08422506600618362,5.858502867858926,2.543736094362932,-0.3174179792404175,1.6923648932542041,1.7344999224449122,1.8808140120088666,-0.7703046245262188,-0.6237646341323853,-1.498655057489119,0.3333333432674408
1.316273203133901,4.475706118811117,-0.19381269812583923,-0.50737575175688,-0.2631605863571167,-0.45108139514923096,-0.8742898929051096,0.7799252210997597,-0.8504502850897478,-1.0545937394056466,-1.0534383058547974,0.3333333432674408
-0.6179829239845276,0.33182618021965027,-0.6859741888634691,0.257314961387575,-0.5073188543319702,0.8966056275019575,0.6950972109091608,-0.7164521322831585,0.4075177013874054,-0.5569815635681152,0.282844575673033,0.6666666865348816
1.5203772806986202,-0.08422506600618362,0.6895633339881897,-0.7220988273620605,0.062383756041526794,-1.349821925163269,-1.758872306026479,0.8338593485539266,-0.15362077951431274,1.7167638971520796,0.6305375827300167,0.6666666865348816
-0.3148728311061859,-0.7974557876586914,-0.05024388965479913,0.6854749277514512,-0.4801901578903198,0.20535844204084613,0.08959942758807286,0.04357493367045301,-0.5687433190064032,2.341900920036631,-0.2944904565811157,0.5
-0.5422053933143616,1.229058342752837,-1.6669247320454175,0.22706832070012162,0.5778290033340454,-0.6892473133557809,-0.2061822804486645,0.09032206617892446,-0.5252715965668528,-0.564927030265032,-0.9691107869148254,0.3333333432674408
6.353549003601074,-1.5701147709172503,9.11561107635498,-0.9887523055076599,-1.2940510511398315,14.546651840209961,5.739711284637451,5.3161420822143555,4.896625518798828,9.794388771057129,3.078611373901367,0.0
2.5376704564569423,1.9393698604884027,-0.2617647051811218,-0.6489848120395855,-0.37167537212371826,-0.6757665276527405,-0.043901334182681856,0.46898573936758003,-1.5586693511238012,-1.0244628190994263,-0.8847832679748535,0.3333333432674408
-1.6445208514809275,0.7842982423388242,-2.066384486559341,-0.6201942505212302,-0.5344475507736206,-0.3387388288974762,-0.016041081052304722,-0.9681626424678965,2.1787816536972064,0.17763182520866394,1.1183391436289796,0.5
2.01646710940802,-0.8568916916847229,0.5536593198776245,-0.7220988273620605,0.37853627561789666,-1.1251368522644043,-1.4370736615611233,0.5956423023542777,-1.9593049112313963,2.779955801647069,-0.46314552426338196,0.6666666865348816
-0.5422053933143616,-0.4408404231071472,-0.397668719291687,0.7179832274938445,-0.8328632116317749,-0.7781644087483179,-0.47703360734253397,-0.4943029194042385,-1.213549017906189,-0.5569815635681152,1.0547502040863037,0.5
-0.3085298053362749,-0.08422506600618362,-0.3297167122364044,0.30020439358203327,-0.5887049436569214,-1.1957466341131258,-0.6534481789157941,-1.459190330560963,-1.2513138077011698,-0.957679808139801,1.7440687597752307,0.3333333432674408
3.8725496913469386,0.5934908375207756,1.2345699814323206,-0.4998875558376312,0.6359193326734313,-0.9566229581832886,-1.290767742888476,4.133973077612337,-0.09654818477180414,1.2402654802657354,-1.137765884399414,0.5
-0.9778071348564293,-0.6326126922307763,0.010043300688266754,0.15572068195316763,0.062383756041526794,1.909555781896262,1.63990385843217,0.296557345128248,0.5322151184082031,0.23940498532245713,-0.7973204197555789,0.5
-0.3148728311061859,-0.5745254538957211,-0.12586070597171783,0.6038700553899311,-0.8239000433711904,-1.030760112449466,-0.2808969195601038,-1.2105565547161086,-0.8394566774368286,-0.22306638956069946,1.7763079073114174,0.6666666865348816
6.353549003601074,-0.8568916916847229,9.11561107635498,-0.9887523055076599,-1.2940510511398315,14.546651840209961,5.739711284637451,5.3161420822143555,4.896625518798828,9.794388771057129,3.078611373901367,0.0
-0.3148728311061859,-0.14366096258163452,0.11833708038707884,0.0012919788258998026,-0.01900232955813408,0.2229740172624588,1.5569877019902305,0.2916677681927981,0.8439587354660034,-0.0895003229379654,-0.46314552426338196,0.3333333432674408
-1.224203109741211,-0.5002763271331787,-0.5335727334022522,-0.5304506637693314,-0.561576247215271,-1.0991139514788382,-0.2448202969885041,-1.5446031603094723,0.033425383269786835,-1.2915949821472168,1.481543893321928,0.5
-0.9210929870605469,-0.1991963381869729,-0.12586070597171783,-0.7887621521949768,-0.5887049436569214,-0.0026702333470287262,0.07758218374756184,-0.8553181886672974,0.8414907872516698,-0.22306638956069946,-0.19629278794644853,0.5
-0.46642789244651794,0.4667471857287111,-0.12586070597171783,-0.22989757142317901,0.311269169897175,-0.8442803621292114,-1.2954364765217723,0.003515209909732933,0.5322151184082031,0.012770708533847937,0.29580235481262207,0.3333333432674408
-0.01176275685429573,-0.023758169276522738,-0.738999375791591,0.039389705187569,-0.7243484258651733,-0.3387388288974762,-0.1620177873194,-0.6584748396750909,-0.6092955031847623,-0.6237646341323853,0.43652806801155936,0.42071432536356684
-1.3059164107833459,-1.5171645932541837,-0.5402141734405046,-0.7220988273620605,-0.3255235124026172,1.0100568056643524,0.3586102194877461,-1.0449042101515673,0.4075177013874054,-0.8241137266159058,-0.46314552426338196,0.3333333432674408
0.8217899799346924,-0.4408404231071472,1.1652272939682007,-0.6197717725923892,0.5912543343862727,-0.45108139514923096,-1.281541076698096,0.662170871734294,0.9927697689830449,0.7327895265894732,-0.041507821530103683,0.49812567137898334
-0.6179829239845276,0.03464672341942787,-0.49461748815059425,0.4498966095388442,-0.561576247215271,-0.0578824058175087,0.513967033616702,-0.9298976226750344,1.5408654630124077,-0.16551550752264516,1.3825534180285661,0.6666666865348816
0.29134732484817505,0.619653586979585,-0.19381269812583923,-0.6554354429244995,0.1441950896456208,0.11063144356012344,-0.14779180737713812,-0.15511900874003182,0.2828202545642853,0.5531264642009514,0.3801299035549164,0.5
-0.16331779956817627,-0.9757634997367859,0.010043300688266754,0.5298337897287386,-0.5184552360732777,0.6723442673683167,0.2185359871876536,-0.20220296198095974,-1.4948671862372778,-0.5569815635681152,-0.631800651550293,0.3333333432674408
-0.46642789244651794,-0.9757634997367859,0.8254672884941101,2.0217797756016034,-0.5344475507736206,1.416560053185972,0.5503245124487096,1.0818034777528622,-0.7365004906165074,0.04406575486063957,-0.9409953622347306,0.5
0.12153551399799946,2.927695313214448,-0.941284716129303,-0.6554354429244995,0.8324466457815722,-1.4305344392309234,-1.216024089124577,0.8921131910997843,1.4632703391500856,-0.12665817917110414,-0.7161281704902649,0.3333333432674408
1.4851729327586967,-0.9757634997367859,0.7070845423656972,2.210914292498415,-0.5073188543319702,0.941874731824644,1.1225600388510324,1.7367390778763867,-1.7324880213964882,-0.22306638956069946,-1.137765884399414,0.6666666865348816
-0.3148728311061859,0.15351851284503937,0.14594730734825134,0.9160647920510956,-0.10038841515779495,0.5038304328918457,3.922558661126632,0.2921006778081259,-0.028923334553837776,-0.0895003229379654,-0.7161281704902649,0.3333333432674408
-0.3723040924863,-0.6191481351852417,0.1383217365363019,0.7189756598313101,-0.6728526688507954,-1.1635232803989608,-0.6541933763449199,-0.9190419951539337,-0.15362077951431274,-1.0244628190994263,1.6084438868240556,0.6666666865348816
-0.46642789244651794,-1.3684561654675607,0.21389929950237274,-0.8554255366325378,-0.6158336400985718,0.22359034578302397,0.3141225074051004,-0.754787806168161,1.086322877330399,0.1108487918972969,-0.041507821530103683,0.5
-0.7695379853248596,-0.7380198836326599,0.07799530029296875,2.3898133907974346,-0.4326266169144697,1.2892634305045827,0.6269552429883314,1.5022698798639316,-0.2783181965351105,-1.2915949821472168,-0.8004556894302368,0.5
6.353549003601074,-0.4408404231071472,9.11561107635498,-0.9887523055076599,-1.2940510511398315,14.546651840209961,5.739711284637451,5.3161420822143555,4.896625518798828,9.794388771057129,3.078611373901367,0.0
-0.6937604546546936,-0.9757634997367859,-0.5335727334022522,-0.6554354429244995,-0.42593276500701904,0.16680273413658142,-0.052763294495248074,-1.0237604879230224,0.7511105221282518,-0.22306638956069946,0.6331125497817993,0.5
-0.3148728311061859,1.6119373592357251,-0.12586070597171783,-0.05055331885195093,2.5951136542716897,-0.5634239912033081,-0.29691859214230937,0.1385969831228315,-1.538988021767873,-0.02271728403866291,-1.0534383058547974,0.3333333432674408
-0.952561982975158,-1.0351994037628174,-1.4015494147184702,0.8427569955032356,-0.8507688466016675,-0.8442803621292114,-0.2838294678352601,-0.3141779551870943,1.1493638090877498,-0.3566324710845947,1.223405361175537,0.5
0.06401476263999939,1.6418927070854659,-1.9582327357492877,-0.6993158722152303,0.6985336364228272,-1.4059932231903076,-1.6878240481174276,0.7333310424174105,1.3427485227584839,-0.02271728403866291,-0.631800651550293,0.5
6.353549003601074,-1.5673462751594738,9.11561107635498,-0.9887523055076599,-1.2940510511398315,14.546651840209961,5.739711284637451,-0.38780625207863956,4.896625518798828,9.794388771057129,3.078611373901367,0.0
0.06401476263999939,0.5101338624954224,-0.397668719291687,-0.6332142949104309,0.8702737476732196,-0.5072526931762695,-0.8437178462220042,1.0820579697192525,1.2523077168425434,-0.0895003229379654,-1.4381873140493773,0.3333333432674408
-0.16331779956817627,-0.7380198836326599,0.14594730734825134,1.9296289671587277,-0.4801901578903198,1.4920050672420067,1.3365904121274619,0.8606640113884078,-0.34066691994667053,0.4273978149752698,-0.2850842474075549,0.5
-0.9210929870605469,-0.14366096258163452,-0.21545011014997104,0.38418986010859973,-0.561576247215271,0.16680273413658142,0.13353183729961357,-1.2287583428060052,-0.5900617837905884,0.05930623186198922,1.4991464994865036,0.6666666865348816
0.21556980907917023,1.0593445548007,-1.7612839553382524,-0.7443199157714844,0.49916691776594596,-1.0857523157859086,0.19435840110092995,0.3832968727129589,0.7794408315463663,0.6451131105422974,-0.9691107869148254,0.3333333432674408
1.817386443325813,-0.9757634997367859,0.010043300688266754,0.030587719336045458,-0.37167537212371826,-0.3387388288974762,0.6159208319107039,0.35848316972395916,-1.1621235658948925,-0.5569815635681152,-0.07023698788070842,0.01960265015718478
-1.6652592955041596,0.9377399853774355,-1.8975714223636766,-0.6574047155612285,-0.4801901578903198,-1.0575642385274386,-0.08137978971166684,-1.2121776662662627,0.9063074588775635,0.9790282845497131,0.9361651215681093,0.5
-0.6179829239845276,1.4270472900443802,-1.258660972780585,-0.401454890071046,0.0714965917867568,-0.7881091237068176,-0.42573937257632355,0.1327383058149183,1.1086699277340215,0.8608600300609621,0.4098197020467112,0.5
-0.7695379853248596,-0.5002763271331787,0.010043300688266754,-0.28921155206623506,-0.8209201127019816,0.38750438119534214,0.5692762816523275,-0.7620290021712063,1.0481618099634105,-1.5409649549086586,0.8017675876617432,0.5
-0.08754027634859085,-0.6785839796066284,0.08962746395828425,-0.35147848614767513,-0.36701369160127084,1.6550419263029013,1.7006816515517627,-0.48978912794018203,-0.15362077951431274,0.014803209378116751,-0.1258353590965271,0.3333333432674408
-0.01176275685429573,-0.5597122311592102,-0.5276510311750018,-0.8109833002090454,-0.4801901578903198,-0.22639626264572144,-0.0048997618355218105,-0.5982183470591483,0.49625867058567263,-0.42215096371538346,-0.1258353590965271,0.3333333432674408
-0.9389516856358938,-0.3219686448574066,0.010043300688266754,0.0071572405773638985,-0.34454667568206787,-1.217474656430679,-1.084720616089247,-0.7209580456845777,0.0957741066813469,-0.24174884535938995,0.29580235481262207,0.5
-0.6937604546546936,-0.9437362030517166,-0.4656206965446472,1.6923324608638144,-0.34454667568206787,0.16680273413658142,-0.019509974867105484,0.6920336449870644,0.8439587354660034,-1.0244628190994263,-0.9691107869148254,0.3333333432674408
-0.4309061332313168,-0.6191481351852417,2.6688878336418496,-0.8554255366325378,10.273829451218344,1.2927974965029922,0.7603630191117936,-0.7079900506300104,-0.7771079540252686,-1.0244628190994263,-0.631800651550293,0.5
1.5221855659327295,0.2769888452185982,0.8934193253517151,-0.6776565313339233,0.6451823533920931,-0.9566229581832886,-0.49877202840858015,0.9317883607312438,-1.4005951881408691,2.1564657438986505,-1.0770590926257932,0.5
0.1397922784090042,1.7121042486122062,1.7460493331901275,1.6268979171242686,-0.2631605863571167,0.13645946518872903,0.3198026599248848,0.8983207941055298,-1.4005951881408691,-0.42341551184654236,-1.306420922279358,0.5
-0.3148728311061859,-0.6785839796066284,0.35915726920474117,0.7798278827092248,1.4684948590735754,0.6275555167891007,0.34095063543805654,0.8323902131822891,-1.4535810150631585,-0.957679808139801,-1.4733620001636631,0.3333333432674408
-0.6937604546546936,-1.0351994037628174,0.4177553057670593,-0.8554255366325378,-0.2089032083749771,1.7005177382055978,0.9550313583695103,-0.5153144597511962,0.7816100120544434,1.950240070746743,-0.5645661758607622,0.5
-0.39065036177635193,-0.6785839796066284,0.5536593198776245,-0.8776466846466064,-0.6429623365402222,-0.17022497951984406,-0.48167564205306224,-1.5221430734121804,-0.15362077951431274,-0.5569815635681152,0.9262033817155468,0.06982493296297092
0.2612916884436607,2.7143873079620318,-1.789808081570124,-0.2535645166538976,1.3764176990339048,-0.8557863486681436,-0.8092036684424653,0.7905745129631089,0.4075177013874054,0.37798094749450684,-0.631800651550293,0.3333333432674408
0.36299848700037773,-0.9757634997367859,0.7225346139986305,0.7839310836697874,-0.07325971871614456,0.5023509651733328,1.2013592431077003,0.8983207941055298,1.8250482779085406,-0.2898494303226471,-0.46314552426338196,0.6666666865348816
-0.5422053933143616,0.9070992241610448,-0.397668719291687,0.4510890784913336,-0.6901701119663843,-0.731937825679779,-0.173464859628193,-1.3451724639062843,-0.028923334553837776,-0.642719705530576,2.145510824741228,0.8333333134651184
2.6722351856607354,-0.14366096258163452,1.7586961174450508,-0.6776565313339233,0.7988073271556142,-1.1251368522644043,-1.3977752643438404,1.1667253806400308,0.0957741066813469,7.324923301406189,0.6331125497817993,0.5338072752466599
1.228579357322522,-0.8568916916847229,0.8254672884941101,0.888884259550908,-0.5539376156049403,1.0403398182340022,0.7726459178424484,0.942713263913791,-0.9641541242599487,-0.0895003229379654,-0.4653159063414727,0.5
1.3383477046494996,-0.2625327408313751,0.8254672884941101,-0.07042037757151795,0.42427102835722424,-0.7632077024084969,-1.389367491971149,0.7931870292666312,0.6178776139009556,1.5708728111398118,1.381029655761997,0.5
1.3972889609747228,-0.024789171293377876,0.5536593198776245,-0.7443199157714844,0.7604638076152895,-0.45108139514923096,-1.4282042959504926,1.166523179512035,0.8439587354660034,0.37798094749450684,-0.46314552426338196,0.3333333432674408
0.5944573879241943,-0.3219686448574066,0.5124030898386228,0.29880708463492023,-0.7096657886355217,-1.0689655542373657,0.19441853305907114,-0.9267056086523477,-1.3649968142827846,-1.0244628190994263,1.6450430154800415,0.5
0.4429023563861847,-0.8568916916847229,-0.4656206965446472,-0.9629244649295696,-0.34454667568206787,-0.9566229581832886,-0.8208140777787162,-1.087395091645918,-0.5216357714617949,-1.0386381338810504,0.12714727222919464,0.3333333432674408
0.7460124492645264,1.8444680129048108,-2.0738504832293883,-0.7443199157714844,0.6990825205786264,-1.349821925163269,-1.7142823057488836,0.4188317825806147,0.15812282264232635,-0.3566324710845947,-0.46314552426338196,0.5
-0.16331779956817627,-0.7180497671680278,1.6667970003491692,-0.04368336767409077,-0.4801901578903198,0.33531656861305237,0.6817744446073057,-0.2630092134669793,-1.2555450560543724,0.20359065114891656,-0.8847832679748535,0.3333333432674408
-0.08754027634859085,-0.8568916916847229,1.0293233394622803,1.2528664936996488,-0.1116979193557214,1.589802625537044,1.9787874721315983,0.8329997265417197,-0.4030156433582306,-0.5569815635681152,-0.9691107869148254,0.4801051617378785
0.4429023563861847,-1.1042587203056218,5.126318364077308,1.930279259296197,-0.2360319048166275,-0.0017111222259700298,1.6471382739612888,1.1907367122402062,-1.0265028476715088,-0.697218127384761,-1.0534383058547974,0.6666666865348816
1.3421514820049145,-0.6785839796066284,1.1652272939682007,5.167823852733943,-0.2902892827987671,1.4287801682937513,4.559423423301319,5.282318879650935,-0.34066691994667053,1.581865458732637,-1.4750760793685913,0.5
0.736231114924063,1.0026219478944216,0.07799530029296875,-0.6776565313339233,0.9776290868576577,-0.887123990026677,-1.135906829092614,0.8585636517089125,0.4075177013874054,0.513320463733644,-1.137765884399414,0.5
-1.4647327042282985,-0.5597122311592102,-0.12586070597171783,-0.6998776793479919,-0.7009944483214301,1.1217145919799805,0.38632248949813824,-0.9558807623563336,0.34516897797584534,1.3159327638120244,0.051835747319867204,0.5
0.5944573879241943,0.7366716979269992,-0.04886705323447993,-0.7096191597611148,1.5126948103195819,-1.1310210932347964,-1.5085550559497571,0.7247154133112154,0.9686561822891235,0.17763182520866394,-0.8847832679748535,0.3333333432674408
1.4658016491404273,1.7813668825240487,-0.05790869891643524,-0.4694119631530792,1.0906439702297768,-1.1251368522644043,-1.0847887848029762,1.9162490510669021,-0.5277130603790283,0.287035685890297,-1.0534383058547974,0.3333333432674408
0.28544555124553395,0.39363557387218795,1.7516410314771158,1.6287034753697982,-0.34454667568206787,0.2697271009089325,0.5193413276387226,1.3418020592562907,-0.613114493841271,-0.2642407899028795,-1.137765884399414,0.3333333432674408
-0.6937604546546936,-0.08422506600618362,-0.12586070597171783,-0.6332142949104309,-0.45306146144866943,1.0372219985865747,1.05011007487486,-0.10905276233515929,1.1337805856750383,-0.3787317259036685,-0.2101629078388214,0.5
-0.08754027634859085,0.7683697839200876,-0.3297167122364044,-0.5887720584869385,0.571628419334365,-0.6195952296257019,-1.3425680045955515,0.2583000513181465,1.2404671016360667,1.5695159013698752,0.5487849712371826,0.6666666865348816
0.02756576912169622,-0.8568916916847229,0.4857073128223419,1.219859830198407,-0.6700910329818726,0.1710947187034219,-0.019509974867105484,0.16646581630175444,-0.7147592306137085,-1.5762465858403545,0.5142436433279258,0.5
-0.6937604546546936,0.33182618021965027,-1.4683232948665303,0.18951602182357558,-0.01900232955813408,-0.45108139514923096,0.7243906248965568,0.1582656303505344,-0.9641541242599487,-0.0895003229379654,-0.9691107869148254,0.5
-0.321345101387602,-0.3814045190811157,-0.008963469467297681,1.933939970920515,-0.34545864963868367,1.8907301798062224,1.331601918995941,1.3120061905195148,0.8439587354660034,-0.256128745879167,-1.0108922151075752,0.5
-0.6179829239845276,0.19863695767462322,0.4857073128223419,0.2575392937611408,-0.7072863358747589,-0.8442803621292114,-0.4939757265509349,-0.6134416049199001,1.2077712126034332,1.573210951225241,1.5465277766749352,0.8271015036092738
0.06401476263999939,-0.3814045190811157,0.6895633339881897,0.9441808318422099,-0.42745218757981635,-0.5187400405624898,0.2862425466329688,0.6961605718521113,1.0933536291122437,-0.42341551184654236,-0.37881800532341003,0.3333333432674408
-0.39065036177635193,-0.5093590292804477,0.34980329871177673,2.2800646604509303,-0.34454667568206787,1.0271484745583603,1.0732620980281686,1.4257844484971005,-1.5041087431965368,0.24441486597061157,-1.2220934629440308,0.5
0.1237757295703535,-0.3814045190811157,0.504082446531027,1.759896378229102,0.1064082592545939,1.1217145919799805,0.8839021600722322,1.205219544677916,0.7931331141750843,-0.7573306560516357,-0.44000377039719707,0.3333333432674408
-0.16331779956817627,-0.8568916916847229,0.5536593198776245,-0.8109833002090454,-0.5131667819965886,0.23268305522838506,-0.016649395925172693,0.1598873671827304,1.981665269082283,0.983780390202435,-0.7161281704902649,0.5
-0.9210929870605469,-0.2625327408313751,-1.4327931476457743,0.8603170453923024,-0.561576247215271,2.6030672836166633,1.4179817709768066,0.49377249643578963,-0.09127205610275269,-1.3583780527114868,-0.9577453135404277,0.5
-0.6937604546546936,0.09414495364298288,-1.5545684261750092,0.7069021132648423,0.062383756041526794,0.33531656861305237,0.5945596503340738,0.662561993094647,0.8439587354660034,0.020354479381656278,-0.8847832679748535,0.3333333432674408
-0.16331779956817627,-0.08422506600618362,0.16707147762776897,-0.3501425626919292,-0.697219729423523,0.11063144356012344,-0.27982620083567333,-1.453033211397165,0.0957741066813469,-0.4196542953185112,1.5607155561447144,0.5128473073956562
-0.3148728311061859,0.33182618021965027,0.14594730734825134,0.33524373827237564,-0.3174179792404175,0.2791453003883362,0.03338143761740598,-1.535641682987599,-0.2159694880247116,-0.2898494303226471,2.3044386048940546,0.8333333134651184
-1.433845986185314,-1.0903072521148849,-0.05790869891643524,-0.8895404598735589,-0.39880406856536865,0.7846868634223938,-0.20929729618983345,-1.4974975621061564,1.2022405113514072,0.1108487918972969,0.443684570829325,0.5
0.26548882687012754,1.2850291388700756,-0.8047504765022976,-0.5846632985646483,0.026952084808447154,-1.2936506271362305,-1.5438648930686627,0.06451701484391953,0.48360748769825634,1.0567238973238728,0.5487849712371826,0.5
0.8179696910775475,0.393097580101414,-1.3577617592331397,-0.8109833002090454,-0.6555638719147389,-0.45108139514923096,-0.1898858422782638,-0.7470677172396147,-0.9018054008483887,-0.5569815635681152,-0.041507821530103683,0.5
-0.6937604546546936,-1.1058158782164462,-0.05790869891643524,-0.8818768395375942,-0.5073188543319702,1.03954801621377,-0.31692740298281347,-1.3701610814546108,-0.4030156433582306,0.4447639584541321,0.5487849712371826,0.5
-0.2390953153371811,-0.5597122311592102,0.5777036841509409,-0.8998677730560303,-0.6429623365402222,-0.7660121070107453,-1.0153196733318677,-1.9578125020684012,-1.5851566731854299,-0.8241137266159058,1.5607155561447144,0.3333333432674408
-0.16331779956817627,-0.5002763271331787,0.14594730734825134,0.6303213713858667,-0.33878441288600286,0.5600017309188843,1.3660444580072022,0.6277178226560822,0.0957741066813469,-0.7573306560516357,-0.8847832679748535,0.5672662815778543
-0.16331779956817627,-0.6864527800837126,0.9730573660865134,2.2541928598181133,-0.03524380406984115,1.1981144775969164,1.0473083763862534,1.079883966191885,-0.7147592306137085,-0.7573306560516357,-0.9691107869148254,0.5
-0.46642789244651794,-0.5597122311592102,0.14594730734825134,2.5850791444617123,-0.42593276500701904,1.391129913906363,0.6204540402776536,1.033216118812561,-1.8559535312172728,0.6451131105422974,-0.631800651550293,0.6666666865348816
-1.0638694937082467,-0.3781507997939676,-0.3297167122364044,-0.6776565313339233,-0.6840050013576823,-0.6199411238867231,-0.9712264523221148,-1.2182918685642556,0.2828202545642853,-1.0912458896636963,0.5487849712371826,0.5
0.6702349185943604,1.512420821052965,-2.0056908487406573,-0.6721734868656531,0.8047675233141948,-1.237479329109192,-1.6409943073986646,1.0758086840701448,0.15812282264232635,0.4219422046759448,-0.9691107869148254,0.5
-0.3148728311061859,-0.14366096258163452,2.8175412398379214,0.3495935939493589,-0.18177451193332672,-0.45108139514923096,0.6045326894734911,-0.7537206011561378,0.033425383269786835,0.24441486597061157,1.468435249477545,0.5
0.8217899799346924,-0.1706844554075261,1.1652272939682007,2.263829986367319,-0.01900232955813408,0.9532006978988647,1.314358510570594,1.9072564342332472,1.3326917527339341,-0.28646308755913025,-0.46314552426338196,0.3333333432674408
-0.16331779956817627,-1.2042826002889604,0.21428774497108005,1.4004958169231008,-0.6429623365402222,-0.45108139514923096,-0.1904204250053955,0.4612951704096858,0.033425383269786835,-0.20006425312047948,0.0457000301034199,0.5
-1.0430058569186904,1.0001014242158734,-0.3495484922531506,-0.7443199157714844,0.27933544644758623,0.004791492686103631,1.7093540768816262,-0.222159081624212,0.34516897797584534,-0.5569815635681152,-1.0712283427104687,0.3333333432674408
0.8997367544554102,-1.2060272755699564,1.4646759797291828,-0.7220988273620605,-0.2631605863571167,-1.368407456017954,-1.1268720053431565,-0.23518770562290578,-0.2783181965351105,-0.3566324710845947,0.7174400687217712,0.5
-0.39065036177635193,-0.20309685170650482,-0.397668719291687,-0.5344283512477632,-0.42593276500701904,-0.17022497951984406,0.22299246642184933,-0.5212962999890242,0.46986642479896545,-0.0895003229379654,0.24181149320031228,0.6666666865348816
-0.5477632410749098,0.7747985438160871,-0.954885091116039,-0.19220455214088328,-0.32498144744274354,0.8625234884925437,0.5215707509444576,0.0008408833805992055,-0.6524105072021484,-1.2403513622784619,-1.3935325293667227,0.3333333432674408
0.6232842008696825,0.33182618021965027,0.6216112971305847,0.6941306409763532,-0.5073188543319702,0.4476591646671295,0.47152221766197694,-0.05855869666792689,0.2828202545642853,0.6864931410790066,0.8901197576975111,0.7958407163751313
-0.9968705177307129,-0.8322277852652367,-0.16731514126981847,0.35739610666822724,-0.4440370011283674,1.1490837183932936,0.7861203012251434,-0.2901411369968141,0.7816100120544434,-0.8241137266159058,-0.5474730730056763,0.3333333432674408
0.5186799168586731,2.200128361495306,0.07799530029296875,-0.18539180300596778,0.510901614309368,0.05446016043424606,0.116455439581939,0.8454470930147056,-0.34066691994667053,-0.21625968475331747,-0.46314552426338196,0.3333333432674408
-0.9210929870605469,-1.213507056236267,-0.05790869891643524,-0.9344618653523408,-0.8315475046467518,-0.5072526931762695,-0.8383135610194392,-1.6048382347648362,0.9063074588775635,-1.5386467334768026,0.8173466274618042,0.5
-0.7897297693072142,-0.2625327408313751,-0.5335727334022522,-0.5887720584869385,-0.7243484258651733,0.32674313366372565,0.08141281623920608,-1.3128263594834515,0.0957741066813469,-1.0244628190994263,0.6331125497817993,0.5
-1.148425579071045,-0.6191481351852417,1.1652272939682007,0.3764112186595806,0.4786690207348143,1.9154776847550725,0.7102725339520906,-0.12412192535517748,-0.7147592306137085,-0.49019855260849,-0.504288969457909,0.3333333432674408
-1.0432323754130717,0.6986538288174367,0.14594730734825134,-0.8109833002090454,-0.39880406856536865,0.7920284220114142,0.06522242650194247,-0.11429911389241187,1.3709389525863114,0.9656971052924007,-0.06887447225778179,0.5
-0.9096525852048231,-0.5002763271331787,-0.12586070597171783,-0.8554255366325378,-0.5344475507736206,-0.4417540974004235,0.4065374149522022,-1.0691083582466956,1.5919259930482097,-0.02271728403866291,0.3801299035549164,0.5
0.29134732484817505,-1.264065968639228,0.28185129165649414,-0.8998677730560303,-0.42593276500701904,-0.17022497951984406,-0.924091528632447,-0.6189170560939556,-0.1897686451429371,2.574098452346244,-0.2944904565811157,0.5
0.6702349185943604,-0.8568916916847229,2.469004839535737,-0.8776466846466064,-0.7441043883009459,-0.761192387618523,-1.4391346135388086,-1.3239434717698042,-1.67482956804699,-0.957679808139801,0.7174400687217712,0.5
-0.57942474962653,-0.8568916916847229,0.07799530029296875,-0.7817389087192946,-0.3566676334439174,0.2229740172624588,0.043213658659324305,-0.7476925547550336,1.906164186063251,1.0431165969448473,0.4644574522972107,0.85538535503386
-0.5422053933143616,-0.5002763271331787,0.6895633339881897,-0.6776565313339233,-0.5344475507736206,1.4032355713586186,0.1979656488860998,-1.4087256932924939,0.04978416381866816,0.17763182520866394,1.223405361175537,0.8333333134651184
0.1397922784090042,-0.32720562878352394,0.022136278156963285,2.0758432956468313,0.3748912999991731,0.35122790425252226,1.4030728045436367,1.7016540681644878,-1.192781952209462,0.04406575486063957,-1.4750760793685913,0.5
0.836885696522109,0.0174044411482636,0.4857073128223419,-0.6776565313339233,0.406852944954846,-0.731937825679779,-1.568652886837762,0.5468154364113215,1.00778610246373,1.3960491965105204,-0.1258353590965271,0.5
-0.4478156387713549,-0.4408404231071472,-0.2617647051811218,-0.6998776793479919,-0.5472033628557168,1.342754385385588,0.9456513338618867,-1.1630439303284692,-0.15362077951431274,0.3111979067325592,0.6331125497817993,0.6666666865348816
-0.3148728311061859,-0.2625327408313751,-1.2395848059553527,1.747355687992493,1.3659977724310157,0.6723442673683167,0.13245838234588386,1.1434035942735306,-1.0184375472247642,-0.957679808139801,-1.559403657913208,0.3333333432674408
1.03089701572731,1.5128306941500265,0.6895633339881897,-0.35762229575961574,0.8478259767643942,-0.7162391056450798,-0.9734150266502827,1.6876462843733906,1.536389969520445,0.5115470290184021,0.12714727222919464,0.5
-0.08754027634859085,0.5775720215397497,-0.2633543340050384,-0.7443199157714844,1.5648047929311748,-0.8831637353745548,-1.3425530907807035,0.3412209757734982,0.4977898488674517,-0.02271728403866291,-1.137765884399414,0.5
-0.16331779956817627,-0.4408404231071472,0.4177553057670593,-0.544329822063446,-0.561576247215271,-0.9362065870737986,-0.8033569000226441,-0.4554914781973679,0.8439587354660034,0.5346391054871662,1.3775474939902617,0.5
0.4429023563861847,1.420652123451628,-2.0596480790884426,-0.5887720584869385,0.32546131370945225,-1.4769637454360767,-1.8167926999107353,0.8983207941055298,0.5322151184082031,-0.2898494303226471,-0.8822094671210154,0.5
0.21556980907917023,-0.7974557876586914,0.010043300688266754,1.470422972786062,-0.2360319048166275,1.1262077665433115,0.5153068348113693,1.2117247778332771,1.0933536291122437,-0.3107723562707261,-0.8847832679748535,0.5
0.1397922784090042,-0.5002763271331787,1.1652272939682007,2.7348517104368413,0.11843683166419727,1.4132132738980727,1.3340319658134547,2.1095367604134987,-1.5944453925593844,-0.0895003229379654,-2.0802536964457974,0.6666666865348816
-1.0236120814506282,-0.7311229883104207,-0.44988936730398327,0.5628808392421072,-0.6429623365402222,-0.22639626264572144,0.055234345819107564,-0.7325994278207154,0.9785354447069902,0.37798094749450684,1.3656415322011142,0.5
-0.31213072190212143,-0.6191481351852417,1.0724123192852086,0.39186603217238275,-0.18177451193332672,1.2676489946725873,1.636968394826303,0.12934885395338383,-0.7147592306137085,-0.42341551184654236,-0.6787430908110546,0.5
-0.9968705177307129,0.34875257312132985,-0.4656206965446472,-0.020346413264379776,-0.697219729423523,-0.5634239912033081,-0.4337764858158075,-0.9261284210367953,-0.2159694880247116,-0.5569815635681152,-0.041507821530103683,0.5
1.116482592147796,-0.9757634997367859,-0.3297167122364044,0.31902223598809937,-0.21881149030871724,0.2791453003883362,1.7993759577574067,0.7563176751678543,0.033425383269786835,0.3111979067325592,-0.32468283277211213,0.6666666865348816
6.353549003601074,-1.5701223611831665,9.11561107635498,-0.9887523055076599,-1.2940510511398315,14.546651840209961,5.739711284637451,5.3161420822143555,4.896625518798828,9.794388771057129,3.078611373901367,0.0
1.6523592121218371,-0.5002763271331787,0.7030001489223384,-0.6662245154584726,0.5778290033340454,-1.1813081502914429,-1.6220212698374123,0.23681577122843686,0.37146094101230925,0.4447639584541321,1.5607155561447144,0.3333333432674408
-0.6179829239845276,-0.6678835909139771,-0.397668719291687,-0.6998776793479919,-0.39880406856536865,-0.0578824058175087,-0.004464236669314885,-0.965005603781059,0.9063074588775635,0.37798094749450684,1.2108992094494107,0.5
0.6179241658376836,-0.14366096258163452,0.010043300688266754,0.6827538966925931,-0.2479217750766171,-1.10868715869292,0.4227523333479597,0.4822545052125387,-1.1781397553479687,0.04406575486063957,-0.46314552426338196,0.3333333432674408
-1.148425579071045,-1.3595234888198933,-0.47852429311851497,-0.07262326089914348,-0.18177451193332672,0.31068103490386734,0.43327829391983785,-0.12011295988244822,2.140276248483749,-0.5766047639851072,-0.041507821530103683,0.5
-1.072648048400879,0.9081273121337576,0.4177553057670593,0.016338441176806783,-0.5344475507736206,0.10679865233360919,-0.2376144027312313,-1.5169323318728811,1.1183956782965692,-0.655410091732931,1.9657679444971485,0.5
-0.16331779956817627,-0.5597122311592102,-0.05790869891643524,-0.5089830725808042,-0.2089032083749771,-0.9566229581832886,-0.662776942511176,-0.6067659900505505,1.196939267097248,-0.0895003229379654,0.7174400687217712,0.8333333134651184
-0.2390953153371811,-0.20309685170650482,-0.6702017267798142,0.8744508494345654,-0.34454667568206787,1.1801302069949362,1.3255930345564972,0.6778755644732833,-0.15362077951431274,-0.42341551184654236,-1.137765884399414,0.3333333432674408
0.9610602076984898,0.5101338624954224,-0.922535488502785,-0.7443199157714844,-0.18177451193332672,0.11620978473176931,-0.44964481644084847,-0.49944637195464503,-1.4005951881408691,-0.890896737575531,-0.46314552426338196,0.3333333432674408
-0.3148728311061859,0.27239030599594116,0.21389929950237274,0.5613430214878034,-0.7640587315437859,-0.22639626264572144,0.2827920804850514,0.24556328099945154,0.7816100120544434,0.04406575486063957,0.04281972348690033,0.5
-0.6339720904493663,-0.9238539421612453,0.07799530029296875,-0.6998776793479919,-0.2334123464356121,-0.3387388288974762,0.7531131734739855,-1.2515959255366296,0.5322151184082031,0.6855601184066988,1.0435322464311356,0.5
0.36712485551834106,-1.2858585183356375,1.1652272939682007,0.678074004033284,-0.5073188543319702,-1.3125653310856777,-0.8818473251857671,-0.166627464587476,-1.4383850317033815,-0.6237646341323853,0.8006524090553638,0.3333333432674408
0.1606852766036517,-0.4408404231071472,0.010043300688266754,-0.833204448223114,-0.5073188543319702,-0.30712141192276743,-0.11244972901690473,-0.8553181886672974,-1.151200294494629,0.4447639584541321,0.18539123896519183,0.5
0.06401476263999939,1.4969302988285236,-0.12586070597171783,-0.7443199157714844,8.793697647804175,-1.2936506271362305,-0.8917339782242074,0.675120344822309,-0.26024871590756016,3.0153637570543386,-1.0534383058547974,0.3333333432674408
1.7324807235360744,0.09408261626958847,0.21389929950237274,-0.5797475587524662,0.9847248106080747,-1.1813081502914429,-1.5820488591333122,0.6952579862335968,0.2204715460538864,0.7692861255101506,0.6384479551161938,0.5
-0.46642789244651794,-0.6191481351852417,0.010043300688266754,-0.7443199157714844,-0.2360319048166275,1.083844859930052,0.8270646166911082,-1.0878103974915543,0.5717569102180957,0.5486303013869888,0.4644574522972107,0.3333333432674408
0.8217899799346924,2.9235820858126758,-0.12586070597171783,-0.4107918422384568,0.5778290033340454,-1.083907926644597,-1.6581021653822217,1.033216118812561,-0.028923334553837776,-0.42812720061592785,-0.9691107869148254,0.3333333432674408
-0.9210929870605469,-0.20309685170650482,-0.397668719291687,-0.9205483863934868,-0.8092129732244667,0.3485471598091373,-0.014451782482521849,-1.6562657076281588,0.5322151184082031,-1.464132101918348,1.488955453063624,0.5
0.1397922784090042,3.203309797039901,-1.826444196255605,-0.6332142949104309,0.3318641450872968,-1.5898499250219327,-1.799554252094306,0.4305725887984217,1.1258506628294174,-0.22306638956069946,-0.631800651550293,0.07450213233665336
-0.5422053933143616,-0.6089294339350342,-0.941284716129303,0.655276915316438,-0.34454667568206787,1.0696088953480682,1.5886336758010706,0.40628730414961334,-0.9806069552125316,-0.6237646341323853,-1.306420922279358,0.3333333432674408
-1.1769499894992828,-0.7974557876586914,0.046324805609372716,-0.8872098160027644,-0.39880406856536865,-0.2825675308704376,-0.2631667296238885,-0.581166898121855,-0.09127205610275269,-0.04764417497281708,-0.9691107869148254,0.5
-0.6179829239845276,-1.309319755507839,0.5163194278757681,-0.8776466846466064,-0.34454667568206787,0.33531656861305237,-0.41912768078965534,-1.4255663458426142,0.033425383269786835,-0.957679808139801,0.7174400687217712,0.6666666865348816
-0.6937604546546936,0.2156721191439566,0.28185129165649414,0.45913053892005523,-0.39880406856536865,1.1787285551681628,0.8860586260492218,-0.35647079125886566,-0.15362077951431274,-0.49019855260849,0.9946525034415886,0.5
-0.7924970977478826,-0.14366096258163452,0.07799530029296875,-0.766541063785553,-0.6287204470530767,0.8956774931919339,0.34682329758311187,-0.9556833665732176,1.269927835271161,0.7118961215019226,0.7249726355415258,0.6666666865348816
-0.9210929870605469,-0.7974557876586914,-0.19381269812583923,-0.766541063785553,-0.6158336400985718,0.8064224084314323,-0.0175724174758515,-1.4633547698238174,0.12856280283899602,-0.020804201948541937,0.8677381050909567,0.5
0.5085352052322402,-0.14366096258163452,-0.12586070597171783,1.8867165674781687,-0.12754848633172722,0.2229740172624588,1.4581499324860774,1.4865187901293708,-0.028923334553837776,-0.22306638956069946,-1.2941609268230385,0.5
2.5450934897546476,1.9144777868786103,1.1652272939682007,-0.544329822063446,0.7124387487253959,-1.2138991131573527,-1.4962806295629,1.3191645696646654,-0.4599887032290245,0.7786791324615479,-0.8004556894302368,0.3333333432674408
0.5186799168586731,1.2576282849715794,-1.6093257091302506,-0.6843465505535681,-0.19605207432242333,-1.5588359522507282,-1.8281776166517145,0.5443774012266366,0.6621455713292721,0.7406770153830459,0.3801299035549164,0.1666666716337204
0.605644773834657,-0.3219686448574066,0.006493878237893651,-0.41306789595274274,-0.5344475507736206,-1.4320359207047235,0.8316423742778039,0.28639662026520313,-0.5900617837905884,0.04406575486063957,-0.46314552426338196,0.1666666716337204
0.5944573879241943,1.750415861032651,-0.19381269812583923,-0.6792694330317758,0.6241286037036972,-1.0201514745503066,-0.11301628033923002,1.0040142855150207,-0.5277130603790283,-0.1131957127765147,-1.252660925735072,0.5
-0.722383966749818,-0.6191481351852417,0.20780178386669082,-0.8109833002090454,-0.5344475507736206,-0.7207334408003611,-0.655602898021302,-1.1731803771965073,-0.4030156433582306,-0.02271728403866291,0.3801299035549164,0.5
-1.072648048400879,0.6710537897208707,-1.8486508981527294,-0.766541063785553,-0.6318340469626375,-1.349821925163269,-1.4116975704571386,-1.2211141282744584,1.2472083892012504,-0.0895003229379654,1.6450430154800415,0.1666666716337204
0.1397922784090042,4.961905485987496,-0.9985158990799167,-0.6554354429244995,0.49959967422314716,0.584845254882917,-0.5771291171495421,0.7887780120551554,0.2828202545642853,0.37798094749450684,-0.5474730730056763,0.3333333432674408
-0.43643332380039446,-0.9757634997367859,-0.11775010254330874,0.41037140655883464,-0.4801901578903198,1.0790160496592163,0.21369390778085778,-0.05906719707102406,-0.9018054008483887,-0.2898494303226471,-0.37881800532341003,0.3333333432674408
-0.2541412994829725,-0.5597122311592102,2.323305237456641,-0.8758183356085893,-0.16914619358455663,-0.17022497951984406,0.1121660630366681,-0.7732984886016016,-1.151200294494629,0.4447639584541321,-0.5474730730056763,0.5294956376341334
-0.08754027634859085,1.7940550987104937,-0.8320637215309037,0.6157658588535919,0.6147653124384699,-1.17934173140497,-0.11434351295533424,0.8088284256294066,0.45115533978214595,0.4447639584541321,-0.2944904565811157,0.5
-0.01176275685429573,0.23374535511717506,-0.19381269812583923,0.8551723671265956,-0.10038841515779495,-0.5634239912033081,0.7141224052047739,0.23760356362487983,0.2204715460538864,-0.957679808139801,0.3801299035549164,0.0
0.5186799168586731,1.050325325927632,-1.4645579806951674,-0.6332142949104309,0.5095452834112605,-0.5072526931762695,-1.1747727302328468,0.807856216059375,1.4326272786727539,0.9517361327725875,-0.1258353590965271,0.5
-0.46642789244651794,-0.8568916916847229,-0.048075194766895604,0.055449562466969804,-0.7049696377453328,-0.5072526931762695,-0.3241896539382262,-0.7195289059367457,0.05016330616377784,-1.0912458896636963,0.6331125497817993,0.3333333432674408
-0.16331779956817627,-0.9510007843997025,1.415383193542496,-0.6554354429244995,-0.561576247215271,0.11367541210335137,0.4448556388128938,-0.2483063733604114,0.6177682911411628,-0.22306638956069946,0.3801299035549164,0.3333333432674408
0.29134732484817505,-0.20309685170650482,-0.351582802588248,-0.734113228612029,0.1538367064320081,0.9502711919874353,1.1997338666662545,-0.36444420535090083,-1.2554233455767647,-0.5368177293253128,-0.8847832679748535,0.5
-0.9210929870605469,0.09408261626958847,-0.9330001109949896,-0.8109833002090454,-0.2631605863571167,0.6743714092804204,0.5939708198799369,-0.773026093479474,1.5558861027046775,1.252213986939266,-0.041507821530103683,0.3333333432674408
-0.7695379853248596,-0.6191481351852417,-0.19381269812583923,0.6151580086962679,-0.5344475507736206,0.08962473647618249,-0.29204881868015115,-0.5831039657849276,0.4075177013874054,-0.6237646341323853,0.6331125497817993,0.5
0.4267156886604393,2.6540282846804377,-0.6694766879081726,-0.6554354429244995,-0.0693886995753485,-1.1813081502914429,-1.63928887554349,0.5619143490145506,0.9686561822891235,-0.7258729798102848,-0.46314552426338196,0.3333333432674408
0.5186799168586731,1.177182495344001,-0.2617647051811218,-0.45391880429442727,0.47044101008627115,0.07328504204298515,-0.6749532874636057,0.8370724308259277,1.2987252978804975,1.4610178329640338,0.6686902187565276,0.3333333432674408
0.7460124492645264,-0.3219686448574066,0.6216112971305847,-0.8776466846466064,-0.01900232955813408,-0.8442803621292114,-1.1432626245144009,-0.014757914332648238,0.34516897797584534,0.048870640542897484,0.19434656833437142,0.5
-0.6937604546546936,-0.2625327408313751,-0.19381269812583923,-0.8776466846466064,-0.5344475507736206,0.14644271370452405,-0.6503010286570119,-1.3125730144334902,1.8185396314617444,-0.49019855260849,1.0547502040863037,0.5
0.06401476263999939,0.018842320432933858,0.6216112971305847,-0.6332142949104309,-0.2902892827987671,0.39148786664009094,1.133767172658838,-0.12100172734554854,-0.6275046638523559,-0.0895003229379654,-0.631800651550293,0.3333333432674408
1.943539059849055,0.3734276953765711,2.28069078063391,0.10541216133198149,1.407742936184764,-1.237479329109192,-1.6030859069890828,1.0656764685998916,-0.34066691994667053,0.6451131105422974,1.1390777826309204,0.8333333134651184
0.21556980907917023,-0.8568916916847229,-0.3297167122364044,0.3804743537962424,-0.5344475507736206,-0.0578824058175087,0.3188526057292563,-0.18634558067587603,0.033425383269786835,-1.1580289602279663,0.14541144840458328,0.6666666865348816
2.654514898694542,1.1522662947328732,1.3937771280741265,-0.4998875558376312,0.9495756939984312,-0.0578824058175087,-0.4409301228031584,1.4349558794828727,-0.3568004641951701,0.37798094749450684,-0.1258353590965271,0.5
-0.16331779956817627,2.867724476320384,-0.3297167122364044,-0.6109932065010071,0.8010440574434469,-0.6195952296257019,-1.2425267236517068,-0.060007044794845664,0.7816100120544434,2.545798398138914,1.5607155561447144,0.5
0.8217899799346924,-0.6191481351852417,1.3242747672516002,-0.6332142949104309,1.0714996841248916,-0.5634239912033081,-1.5531033943343122,0.7063432618556975,1.2012965121520596,1.4708184614917177,1.2067433640260932,0.5
2.080784659174441,-0.08422506600618362,1.662554477572811,-0.12094047877244835,2.2153805541158746,-0.6195952296257019,-1.2420117814341285,1.6891657439381917,0.34516897797584534,1.1152768777182185,-0.9691107869148254,0.5
0.8217899799346924,-0.02340134705325643,0.3327437689247717,-0.620255691434441,-0.2902892827987671,-1.1251368522644043,-0.42176451460383935,-0.6728689505528201,-0.3133584608352803,-0.7573306560516357,0.383558365137609,0.5
-0.46642789244651794,1.5886686410800792,-1.9549049750911092,-0.5887720584869385,-0.15464581549167633,-0.4960416365812824,-0.8050581140558369,0.3990922037468085,1.8031329144146784,0.24441486597061157,-0.46314552426338196,0.5
-0.39065036177635193,-0.9757634997367859,0.34980329871177673,-0.8736178209315595,-0.7243484258651733,0.5600017309188843,-0.22135098124644467,-1.4745899007615442,0.033425383269786835,-0.5569815635681152,1.5234485663093351,0.6666666865348816
-0.6179829239845276,-0.3219686448574066,1.6692603095983016,2.5147071609619176,-0.45306146144866943,0.11063144356012344,0.6041278242227511,1.3185185643179516,-0.46536436676979065,-0.8241137266159058,-0.9691107869148254,0.3333333432674408
-0.6883249795120667,-1.094635248184204,1.0293233394622803,-0.5665509104728699,-0.45306146144866943,-0.0578824058175087,0.3297565980962117,-0.3622223891704609,-1.2337920739400008,-0.7573306560516357,-0.8847832679748535,0.5
-0.08754027634859085,-0.5002763271331787,-0.3297167122364044,1.1619404245729341,-0.3845102613412823,1.065543293952942,3.848535531442069,1.05648644588771,-0.4030156433582306,-0.22306638956069946,-1.559403657913208,0.3333333432674408
0.020307954880795932,-0.9757634997367859,-0.5335727334022522,-0.8554255366325378,-0.6158336400985718,0.006910749307835456,-0.4585420432578924,-0.9101203130779578,-0.7771079540252686,-0.5992976572126084,-0.2889704778057081,0.5
1.1792049069068555,-0.5597122311592102,1.0293233394622803,0.14298392457262754,-0.7928901081958345,-0.7881091237068176,-0.2462282887088607,0.5234231912188719,-1.941376510526045,-0.3566324710845947,-1.137765884399414,0.3333333432674408
1.236148687767428,2.883052467678704,-1.8935494093746537,-0.3179068539103541,0.6942994721869696,-0.9566229581832886,-1.7051916114731862,1.8054347152083075,1.2429893408285064,2.7079055428269974,-0.631800651550293,0.5
0.1397922784090042,-0.7380198836326599,0.21389929950237274,1.073709289926577,-0.39880406856536865,2.2866221350213234,1.426297225963899,0.8781615159324923,0.7192612886428833,-0.22306638956069946,-0.631800651550293,0.3333333432674408
-0.9210929870605469,-0.024789171293377876,0.005882791672179609,-0.8554255366325378,-0.561576247215271,0.5250751808335321,0.2637210131989906,-1.4424743780060827,0.15812282264232635,-0.02271728403866291,0.7174400687217712,0.8333333134651184
-0.46642789244651794,-1.1281677703453046,0.4177553057670593,-0.5453353212697779,-0.7786058187484741,-0.6905649205577642,-0.8046971075490321,-1.4404100884428486,-1.0943066209845687,-0.5635464716562646,1.135202891911823,0.6666666865348816
1.4148952976014102,-0.9757634997367859,0.010043300688266754,-0.9286795500038283,-0.6429623365402222,-0.45108139514923096,0.003858099240653951,-0.5118048222907132,-1.4005951881408691,-0.49019855260849,-0.631800651550293,0.3333333432674408
-0.46642789244651794,-0.623030265741739,0.010043300688266754,0.41998471258834297,-0.697219729423523,-1.1314628984280803,-0.14185810966043444,-1.154617967930701,-0.028923334553837776,-0.2983280328472027,2.00893302934283,0.6666666865348816
-0.01176275685429573,-0.6191481351852417,-0.8476865266673556,-0.8639827532068052,-0.6429623365402222,0.6723442673683167,0.5361169575202102,-1.059034647198028,-0.6524105072021484,-0.5919535518341531,0.12714727222919464,0.5
-0.46642789244651794,-0.3814045190811157,0.927691965154004,1.1974378367284346,-0.34454667568206787,2.406117697707835,1.3095842962196815,0.6922212932305966,-0.8394566774368286,-0.2898494303226471,-0.8847832679748535,0.5
-0.8453154563903809,-0.7314946335765102,-0.2617647051811218,1.473198698607552,-0.39880406856536865,2.0286436601051214,1.434587104837034,0.6810359862119679,0.9963756433207498,0.5115470290184021,-0.2101629078388214,0.5
0.6260235357284052,-0.2625327408313751,1.589620545789542,-0.7443199157714844,1.112538806461939,-1.118266555364354,-1.564410869972289,0.5963283070470802,0.0957741066813469,-0.24854430354358725,-0.06182667110613353,0.3333333432674408
0.21556980907917023,-0.8568916916847229,-0.3297167122364044,-0.15913550114927555,-0.6438618381946042,0.11063144356012344,-0.23011458813777427,-0.8553181886672974,-1.3289898400072195,0.17763182520866394,0.8001342542262696,0.5
-0.15500230540331592,2.112099921689065,-0.5335727334022522,-0.6554354429244995,1.1959555223139102,-0.9566229581832886,-0.4950166257740949,0.6349310365758406,1.2814610338601216,0.04406575486063957,-0.8847832679748535,0.3333333432674408
-0.6179829239845276,-0.8028289260012149,-0.19381269812583923,0.22606757184108198,-0.4801901578903198,1.8490309841638128,1.5077642142355072,0.23635931787597983,0.8439587354660034,-0.890896737575531,-0.631800651550293,0.3333333432674408
-0.16331779956817627,0.09182255025056277,-0.05546479458862976,-0.8776466846466064,-0.37167537212371826,-0.45108139514923096,0.7724319818408314,-0.7016248746469735,0.09807471254577049,-0.5281618731945034,0.23206529830292724,0.5
-0.5422053933143616,0.444302874252573,-0.12586070597171783,0.22602112904209623,-0.37167537212371826,-0.42542301171987607,0.5700696218879999,-0.06056007855043062,-0.028923334553837776,0.6840428273826687,0.5487849712371826,0.3333333432674408
-0.08754027634859085,0.25371192878331095,1.1652272939682007,1.172048839888311,0.025932960495278472,1.3788291784985005,1.5804172617236305,1.1273536793026566,-0.4030156433582306,-0.22306638956069946,-1.3582345034435603,0.5
-0.2390953153371811,-1.1888449278912123,0.6895633339881897,-0.833204448223114,-0.2902892827987671,0.2791453003883362,0.1438808628427506,-1.5456463439909884,-1.1559455627826403,-0.3566324710845947,1.5607155561447144,0.8333333134651184
-1.5203946640055368,-0.28208606405278147,-0.9517692515517312,1.495284328319797,-0.6429623365402222,-0.8502870379628523,-0.48886519239814363,0.46686194006984844,1.8447291970312323,-1.3583780527114868,-0.46757255482924354,0.3333333432674408
2.0127861913272156,1.0014554301959,0.6895633339881897,-0.7220988273620605,0.7529175944570828,-1.5357019919504036,-1.5708723739466706,0.9659871233708958,-0.028923334553837776,2.6721340392100443,-0.631800651550293,0.5
-0.9210929870605469,1.6150668846071647,-0.941284716129303,-0.4998875558376312,-0.6429623365402222,0.2791453003883362,0.3841015375191366,-1.085125133488114,-0.028923334553837776,-0.22306638956069946,0.5814844746396544,0.5
0.4429023563861847,1.289711412937145,-1.6196933400285076,-0.4003631836168252,0.5579901862562767,0.4476591646671295,-0.6973813784884584,0.5087175027068734,-0.028923334553837776,0.8719727831132569,0.24276035035930452,0.3333333432674408
0.4429023563861847,-0.2625327408313751,-0.19381269812583923,-0.766541063785553,-0.41410069878956157,-0.17022497951984406,-0.01655562286615639,-1.0627333770902854,-1.420642647262888,-0.6905476450920105,0.794094516537406,0.3333333432674408
-0.8120763276355253,-1.0677053678833774,0.14594730734825134,-0.8776466846466064,-0.39880406856536865,-0.14704036293330383,-0.4414282390213676,-1.1234288144432707,1.3427485227584839,-0.2898494303226471,0.4644574522972107,0.6666666865348816
-1.650473994998125,-0.08422506600618362,0.07799530029296875,-0.8776466846466064,-0.561576247215271,1.2899178094585486,0.22322505611794966,-0.7754828887819051,1.6753365218353582,0.24994325422173252,-0.2944904565811157,0.3333333432674408
-1.3474318437767514,-0.2625327408313751,0.010043300688266754,0.5222173670827157,-0.4801901578903198,0.16680273413658142,0.6339673066141945,-0.4516296910917388,1.0933536291122437,-0.0895003229379654,0.3801299035549164,0.6666666865348816
0.06401476263999939,2.017104423090916,-2.1394637788718636,-0.7359954171340246,0.3614640375340604,-1.4059932231903076,-1.8023094136726678,0.15681463865462394,1.1331773908971656,0.24441486597061157,0.906354953761089,0.5
-1.42458715906416,-0.7974557876586914,-0.397668719291687,-0.042317328882102115,-0.561576247215271,-0.0129417527060057,0.4219786770469179,0.09017669837146881,1.1061080660133527,0.24441486597061157,-0.8004556894302368,0.5
-0.6179829239845276,0.33182618021965027,-0.8053807020187378,-0.7079811142237361,0.418637050835789,0.9532006978988647,0.3845985583748149,-0.4309978280782932,1.3427485227584839,-0.22306638956069946,0.12714727222919464,0.3333333432674408
0.21556980907917023,0.33182618021965027,-0.12586070597171783,0.7089944498869144,-0.2360319048166275,1.5758313447713186,1.5425113300051665,-0.6645323375140327,-1.592685931185113,0.17763182520866394,0.6044826454889032,0.5
-0.7695379853248596,-0.8568916916847229,0.6895633339881897,-0.8286131270634647,-0.6651602724781887,0.2408873117190729,0.7399744586226209,-1.0843974893315858,0.3549576138956868,1.345681348403162,0.6627709079545513,0.5
-0.6994288174265019,1.8472125616358026,-1.6724587651174752,-0.5665509104728699,-0.04613102599978447,-1.237479329109192,-0.5061776479894591,0.2230632905965183,2.120274029169932,0.6451131105422974,1.6351871388004442,0.5
-0.16331779956817627,-0.9691743878272745,0.5885603209819371,2.03811686889383,-0.42642971116240114,1.1217145919799805,0.9799102716040254,0.8646792563847097,-1.0888515710830688,-0.41481422549904795,-0.6999108903570955,0.5
0.7460124492645264,1.9373037009638807,-0.5335727334022522,-0.6998776793479919,1.6172009621921544,-1.349821925163269,-1.566342021095034,0.6707528686028664,-0.2159694880247116,0.5899494753967724,-0.43687198809491806,0.5
-0.39065036177635193,-0.3814045190811157,-0.19381269812583923,0.7502699077606583,-0.5073188543319702,-0.6757665276527405,0.8693154489419734,-0.9096833793061923,-1.192106760351587,0.7118961215019226,1.392060399055481,0.6666666865348816
0.7864820890693094,-1.2194710785802647,0.34980329871177673,-0.833204448223114,-0.6486649275504561,0.7505909793380798,-0.661080320872218,-1.304423894804524,-2.9608182130832295,0.38874234903713367,0.5487849712371826,0.5
0.36712485551834106,-0.5597122311592102,0.010043300688266754,-0.11778855626985063,-0.5613371232936312,-0.17022497951984406,-0.21515194656515052,-0.7761718147680607,-0.4030156433582306,-0.22306638956069946,0.7174400687217712,0.6666666865348816
-0.6179829239845276,-0.7380198836326599,0.5536593198776245,0.5229285903610142,0.055393385739067096,0.44571536790611954,0.8886784249752785,0.2371682934768128,-0.6524105072021484,-0.41949932557758085,-0.8847832679748535,0.3333333432674408
0.29134732484817505,-0.6103993632923759,-0.12586070597171783,1.956132572571181,-0.4957030592300899,1.065543293952942,0.7772000194742892,1.1665171899092817,0.46986642479896545,-1.0912458896636963,-0.9691107869148254,0.5
-0.3148728311061859,1.5736208095329738,-2.1644208431243896,-0.6554354429244995,0.5780896169110615,-0.17022497951984406,-1.5812858920309263,0.5880129380815703,1.3710282226526758,0.9790282845497131,-0.21956758835498824,0.3333333432674408
0.05063318306045729,-0.3814045190811157,-0.2617647051811218,0.20414975804078137,-0.6429623365402222,0.9445105511086858,0.10604172106808837,-1.2914785650246967,-1.8445776018281506,-1.0912458896636963,1.100890148284844,0.5
0.06401476263999939,-0.7974557876586914,-0.19381269812583923,1.5055567722739458,-0.178675216122545,-0.2825675308704376,0.0037432254277570687,0.7102305811275587,0.230808532043196,-1.4738430991642246,-0.041507821530103683,0.5
-0.3148728311061859,-0.9757634997367859,0.28185129165649414,-0.6554354429244995,-0.6158336400985718,-0.9411478530145144,-0.012688422377157796,-1.2171038409086552,0.5322151184082031,0.7118961215019226,1.3572822866119547,0.5
0.4429023563861847,1.3356340834060338,-0.941284716129303,-0.6554354429244995,0.5763070741031096,0.11063144356012344,1.1991924476993812,0.27927458135130245,-1.1170590147180506,0.9122452139854431,-0.37881800532341003,0.5
1.7213211813514055,0.6429043608540923,1.2878532989027338,-0.5665509104728699,1.4698331903493234,-0.90045166015625,-1.098398264008952,1.3018719198682172,-0.2159694880247116,-0.42341551184654236,-0.8004556894302368,0.5
2.4053418171773226,-0.5002763271331787,2.1805498366745226,-0.7745698492681325,1.0509855725366781,-0.9566229581832886,-1.7897760186613914,1.1739463390944942,0.0957741066813469,1.2134824576677472,-0.46314552426338196,0.3333333432674408
-0.3148728311061859,-0.024789171293377876,-0.5335727334022522,0.5855698341182686,-0.4523019961238108,0.3069673359253465,0.409339772050479,-0.348876857622735,-0.028923334553837776,-0.49019855260849,0.21147480607032776,0.5
0.29134732484817505,-1.311165756103075,1.1652272939682007,-0.8109833002090454,-0.10038841515779495,0.7846868634223938,0.6258923782445149,-0.9627297410098287,-1.0265028476715088,-0.2898494303226471,0.4644574522972107,0.5
-1.3385678696530352,-0.5002763271331787,-0.12586070597171783,-0.8109833002090454,-0.7243484258651733,0.2791453003883362,0.14602281558764355,-1.7093108535321004,0.9420090713060467,-0.6237646341323853,1.4148030122950515,0.6666666865348816
-0.08754027634859085,0.05442617348088809,-0.3901255739423694,-0.4078396851459768,-0.37167537212371826,1.065543293952942,0.8881702898897538,-1.0999527185132492,-0.4030156433582306,0.37798094749450684,0.8563933897884192,0.6666666865348816
-0.7721312699599232,-0.024789171293377876,-0.2617647051811218,-0.23362758958023458,-0.5404189637996232,1.0404156420532387,0.016005211796564438,-1.7102344481425142,-0.46536436676979065,-0.7006421022923991,2.568555790376722,0.5
0.29134732484817505,-0.7974557876586914,-0.41003493445543104,1.1999545474969966,-0.3174179792404175,0.8847457199341873,1.0321045440736085,0.2710578309445011,-0.9018054008483887,-0.02271728403866291,0.17520915772579326,0.5
-0.46642789244651794,7.344737317130608,-2.1644208431243896,-0.7707138890354557,0.4701349469865143,-1.5353345306390818,-1.892306894136695,-0.4282386770777008,2.611901143541286,-1.6220250537282495,0.5937797742798313,0.0
0.5212926096001994,-0.7974557876586914,0.14594730734825134,-0.7384349222696633,-0.5344475507736206,0.03349481561180518,0.8681589295972988,-0.7374153717266891,0.5430284815039663,-0.957679808139801,0.29580235481262207,0.6666666865348816
-0.6179829239845276,1.9644667396575985,-0.12586070597171783,-0.742196935339765,0.38637035350014803,-0.22639626264572144,-0.3160606570253636,0.5122412430164557,0.9880838655217977,0.6451131105422974,-0.8004556894302368,0.5
-1.2644949830238172,-0.7380198836326599,0.464762444415915,-0.6554354429244995,-0.3174179792404175,0.6059359416324318,0.6278619156244793,-1.7694633466950234,-0.34066691994667053,-1.1264064078019875,1.9666326940375607,0.6666666865348816
-1.4085948344113062,0.9677308162092831,-2.0416997405564126,-0.5665509104728699,-0.5887049436569214,-0.42478488211195314,0.1750101330911509,-1.248053750899447,1.2306665272346107,0.17763182520866394,1.5038530341877083,0.5
-1.148425579071045,1.2082602634741824,-2.0091348528939337,-0.5887720584869385,0.5142959368184492,0.05446016043424606,-0.5941162771760172,-0.42600039450709626,2.2566848616097395,1.6866157293084985,1.813698172569275,0.6666666865348816
-0.39065036177635193,-0.6785839796066284,0.2736982934182133,-0.766541063785553,-0.34454667568206787,-0.7277566666500032,0.5985262090176738,-0.18482882527748895,0.2828202545642853,-0.02271728403866291,-1.2220934629440308,0.3333333432674408
-1.2270758617919535,-0.6191481351852417,-0.2617647051811218,-0.833204448223114,-0.39880406856536865,-0.2321091745413544,0.2306704304097731,-0.8855995681219634,3.6419073715932946,1.9629650804538943,0.6904050519032828,0.1666666716337204
-0.08754027634859085,-0.8568916916847229,0.3930003412527854,-0.8554255366325378,-0.42593276500701904,0.05446016043424606,0.059092446812630976,-0.41106366264516925,0.8439587354660034,-0.02271728403866291,-0.041507821530103683,0.6666666865348816
1.4050616994350067,-1.094635248184204,0.4857073128223419,-0.8109833002090454,-0.5887049436569214,-1.060139383099319,-1.060855130392289,-0.7481965901018626,-1.6814391039016074,-0.8241137266159058,0.20273827519546198,0.6666666865348816
-0.2390953153371811,-0.0724532160529873,-0.033924481207735196,0.3558887878922731,-0.9522090200005796,-0.8215705764377217,-0.2250545805085226,-0.6435535801784451,0.4022549946919612,-0.6905476450920105,0.926694154976848,0.6666666865348816
-0.9968705177307129,-1.4894668697813893,0.21389929950237274,-0.8554255366325378,-0.561576247215271,-0.42256318659182635,-0.47992342063517385,-1.8461460153162452,-1.4013741165137505,1.4705498441082843,1.6794892813379998,0.6666666865348816
0.9091232101669517,1.9309937009562448,1.1652272939682007,-0.766541063785553,0.6607656758639026,-1.349821925163269,-1.6365105699562477,0.9340329060031688,-0.2697452341869753,-0.49019855260849,-0.7161281704902649,0.3333333432674408
0.21556980907917023,0.15351851284503937,-0.7416030255665396,1.4456505936000577,-0.18177451193332672,-0.2740905499861256,1.6381438158780264,1.2566593274182742,0.46986642479896545,0.04406575486063957,-0.8847832679748535,0.3333333432674408
0.5944573879241943,-0.6191481351852417,-0.05790869891643524,-0.6636525663206845,-0.4981061565536203,0.14462672376502736,1.1138323579670546,-0.18517946418335116,-0.047580186237188085,0.04406575486063957,-0.1258353590965271,0.3333333432674408
0.1397922784090042,-0.7380198836326599,1.8409616066088716,1.5821062889427253,-0.19006830446237474,1.2043310967914973,0.2634339525963572,0.7677296881900685,-1.1404084381700583,-0.49019855260849,-0.7736918434491714,0.3333333432674408
-0.7762099090821046,-0.3219686448574066,-0.9359495263439981,0.7072138014810136,-0.39880406856536865,0.6723442673683167,0.6121421128437445,0.27669971628708856,0.34516897797584534,-0.6237646341323853,-0.8847832679748535,0.3333333432674408
0.1397922784090042,-0.6191481351852417,0.21389929950237274,1.6752608893825596,-0.42593276500701904,0.5600017309188843,1.0569049921784415,0.47977351929665923,-1.0272232786321933,-0.42443892140596134,-0.2944904565811157,0.5
0.8217899799346924,2.77107913203916,-1.0076812430004933,-0.5887720584869385,0.6873149047361236,-1.190329356031402,-1.3285481414368245,1.145895566118088,0.6562906204300618,0.9790282845497131,-0.8847832679748535,0.3333333432674408
0.29134732484817505,1.2628430684001295,0.28185129165649414,1.5414573023982336,-0.5907240334027115,-1.0689655542373657,0.249735089465602,1.1661323257641472,-0.34066691994667053,1.4953887642487558,-0.33020581561343515,0.5
0.7460124492645264,-0.8568916916847229,-0.5478760311485431,-0.8554255366325378,0.29097704495433924,-0.247725450541195,0.591471768887225,0.11198158842652448,-0.7512796013814427,-0.7835210866293818,-1.137765884399414,0.5
-0.6937604546546936,0.27239030599594116,-0.2617647051811218,0.835707537383894,-0.3279270667406129,0.9532006978988647,1.2019414147665886,0.29387037123128124,1.158112196610531,-0.22306638956069946,-0.37881800532341003,0.5
-1.0078503226029631,-0.028480282123170275,-1.7275756830268387,0.6152810487101915,-0.16745800903869373,-0.90045166015625,-0.25606018909871575,0.19371730807150087,0.21248065507064248,-1.22138585530964,-0.8004556894302368,0.3333333432674408
1.880571915184854,-0.20309685170650482,1.0096624052377143,-0.5732645635549776,0.7788147757404001,-1.0608842207264875,-1.3233824581280218,1.1659404409024914,0.32395224538225403,0.7786791324615479,-0.041507821530103683,0.5
-1.5943461211910523,-0.5002763271331787,-0.05790869891643524,-0.8554255366325378,-0.561576247215271,-0.0578824058175087,0.09576363884147003,-1.3165346948838856,0.25907194420873675,1.3044279410589747,0.3801299035549164,0.6666666865348816
0.21556980907917023,-0.6785839796066284,-0.229854690448223,-0.8266630292642161,-0.39034778033459827,0.3714199237623758,0.28155727592982505,-0.2491763489375829,-0.6379634395959508,-1.208581152210201,-0.9691107869148254,0.3333333432674408
-0.7234015287136454,-0.7380198836326599,-0.12586070597171783,1.6741832672707906,-0.4097801410822075,0.25140889374624137,0.5753424246500727,0.9085291854591638,0.9686561822891235,1.2233928401020997,-0.46314552426338196,0.5
0.06401476263999939,-0.8568916916847229,0.4177553057670593,0.6434256461303907,-0.39880406856536865,0.9739177469205113,1.545230602312921,0.681822529364759,0.46986642479896545,-0.890896737575531,-0.9560112308359048,0.3333333432674408
0.06401476263999939,-0.9757634997367859,-0.4351304747514495,0.07047395192436509,-0.13883097630118196,0.05592086471450652,-0.0264690578980959,-0.11784467542237517,-0.9989217699349277,-1.052006647218395,-0.8847832679748535,0.6666666865348816
-0.6507131146104521,-0.3219686448574066,-0.2617647051811218,-0.6998776793479919,1.184271999585193,1.7449985884732775,1.5924027429665242,-0.2483004460742396,-0.6664250274228377,-0.7037732695723157,-1.306420922279358,0.3333333432674408
-0.3148728311061859,1.2215135154197854,0.34980329871177673,0.3603152370408259,-0.18177451193332672,-1.349821925163269,-1.863269663238419,0.17851242108307963,0.9686561822891235,0.4447639584541321,0.9704226851463318,0.5
-0.6179829239845276,-0.8545457045995668,0.5536593198776245,-0.7443199157714844,-1.1507067943133253,0.10964845951321592,0.04614900302705124,-1.2789537347380358,1.1409256288260472,-0.0895003229379654,1.5313361572143942,0.6666666865348816
-0.39065036177635193,0.5101338624954224,-1.6475052432965982,-0.8109833002090454,1.4935800345912829,0.11145244521310671,0.20382242671359976,0.26638198733775337,0.9686561822891235,0.4447639584541321,-0.46314552426338196,0.3333333432674408
-0.2390953153371811,2.9821360873315346,-2.0601428955052588,-0.5936046458433148,0.11681186767445512,-1.0127942562103271,-1.3920083257196862,0.5581752345931036,2.080783571288921,-0.41920969102436334,0.04281972348690033,0.0017778161959204105
0.29134732484817505,-0.14366096258163452,0.8254672884941101,-0.7220988273620605,0.6678536987709415,-1.0127942562103271,-1.5860159075135858,-0.5214248166725239,0.5408021875582809,0.1108487918972969,1.392060399055481,0.6666666865348816
4.6867045294169785,0.2214510080580994,0.21389929950237274,-0.766541063785553,0.6062395287990936,-1.349821925163269,-1.742442658048425,1.257421408642724,-1.151200294494629,0.4447639584541321,-0.46314552426338196,0.5
3.099488910555352,-0.016446908969264217,0.6703105331198298,-0.6272734104159974,-0.15464581549167633,-1.4359629268809886,-1.8220893943000078,1.033216118812561,-0.40942269776199913,1.5204747601813688,-0.6427334322208256,0.5
-0.6701782406855363,-0.6191481351852417,0.3630367718507021,2.2577959301615484,-0.2360319048166275,-0.5331252472500825,0.26384258966468516,1.5408818165614233,1.1557023525238037,-0.8111555271534361,-1.137765884399414,0.3333333432674408
2.4382993905238104,-0.08422506600618362,0.07799530029296875,-0.6554354429244995,1.0555631363288205,-0.07840654969338769,-0.2543640885450442,1.3609959229209936,0.8302821193184391,0.7426137005454309,-0.1258353590965271,0.3333333432674408
0.4429023563861847,-0.9757634997367859,0.28185129165649414,-0.45810442723126527,-0.2360319048166275,0.30616149541162563,0.611980478055228,0.20928833172106132,-0.4030156433582306,-0.34494710888119506,-0.7743687597082549,0.3333333432674408
6.353549003601074,7.345261573791504,9.11561107635498,-0.9887523055076599,-1.2940510511398315,14.546651840209961,5.739711284637451,-2.456703632960921,4.896625518798828,-1.0244628190994263,3.078611373901367,0.0
-0.10739373073109701,-0.3814045190811157,-0.09360534002942265,0.39079714658444736,-0.34454667568206787,-0.3261868252621546,0.7071917739033415,0.5620702979797872,2.036193589872566,-0.22306638956069946,-0.19809076589788863,0.5
1.139483826199435,1.9866659155963409,-0.8015952940729774,-0.6078927279023546,0.7432836123274804,-1.1251368522644043,-1.5288785600907273,0.9453749266895903,0.5322151184082031,0.24441486597061157,-0.8847832679748535,0.3333333432674408
-0.3148728311061859,1.497440033268326,-0.12586070597171783,0.4117793560406911,-0.4801901578903198,-1.1251368522644043,-0.6073175939789648,-1.7409674990880406,-1.2523573220501083,-1.835484598997588,3.042732053587722,0.5
-0.08754027634859085,-0.8844091800833409,0.21389929950237274,-0.861359691094882,-0.4801901578903198,0.8538837602318012,-0.2583135142312258,-0.10682333469804818,2.289065123761331,2.9052216445304624,-0.37881800532341003,0.8333333134651184
0.7460124492645264,1.8983437163137389,-1.6843469223773435,-0.5887720584869385,2.283334034276403,-1.5153223323454876,-1.7786962281087149,0.8357689612968117,0.34516897797584534,-0.2898494303226471,-0.05647684360265019,0.3333333432674408
-0.6179829239845276,-0.8568916916847229,-0.397668719291687,-0.5362825532254015,-0.3174179792404175,-0.0578824058175087,-0.32050006445283236,-1.1640598729619063,0.2828202545642853,-0.5569815635681152,0.5577338156033439,0.5
-0.01176275685429573,-0.9163275957107544,-0.020602433070197244,-0.6554354429244995,0.13618334402538798,-0.8706986557734184,-1.0494360158319547,-1.4137727962282636,-0.7719597360188676,0.24441486597061157,1.5607155561447144,0.3333333432674408
0.21556980907917023,-0.9757634997367859,0.28185129165649414,-0.7220988273620605,-0.37167537212371826,-0.17022497951984406,0.4516106703167501,-0.5220112990989175,0.9686561822891235,0.9263632541575741,0.7034425049843058,0.5
0.5186799168586731,2.3888015644040044,0.15578485930571515,0.7412145503592273,3.631966602726166,0.8860434485657934,0.641809837902217,1.652941845925916,-0.15362077951431274,0.7548646152863281,-1.137765884399414,0.3333333432674408
-0.2390953153371811,-0.3814045190811157,1.1652272939682007,2.0264735608729127,-0.6429623365402222,1.1345436154538173,1.1302001801779293,0.7678884127443382,-0.47188376346609595,1.624402290546593,0.5487849712371826,0.6666666865348816
-0.46642789244651794,-0.5002763271331787,-1.5257063515697336,-0.5665509104728699,-0.12751711905002594,2.8289564256343365,2.224172479186667,0.0804146893678866,1.667463184885761,1.4154951494131696,-0.9691107869148254,0.0
-0.9968705177307129,-0.5002763271331787,0.14594730734825134,-0.8776466846466064,-0.8328632116317749,-0.299272748935854,0.03075117320443599,-1.8632991448712684,1.0704123010975588,-1.1580289602279663,2.0436385157305947,0.6666666865348816
-0.33544745794920355,0.09408261626958847,1.099069725191895,0.2669274622281855,-0.2631605863571167,1.3365330894930805,1.5441092913836414,-0.2161613497127593,-0.9641541242599487,-0.22306638956069946,-0.30572130035932,0.3333333432674408
0.36712485551834106,-0.08422506600618362,2.8154230052313243,0.7152964476605802,-0.6429623365402222,0.1374724156014989,0.7658317502174331,-0.6263214761967687,-0.19163125951486876,-0.5569815635681152,1.6348351393202307,0.6666666865348816
-0.01176275685429573,0.3621659613874657,-0.7410670393147651,-0.6554354429244995,-0.12751711905002594,-0.5634239912033081,-1.6527834876129242,-0.9483002684614152,-0.4030156433582306,-0.0895003229379654,1.5607155561447144,0.5
0.3908026180998181,-0.8568916916847229,0.8254672884941101,-0.9653525063936306,-0.33054622613900236,-0.8164083750483986,-0.80296088187907,-0.5743741414082788,-0.9018054008483887,-1.0244628190994263,-0.0642202406507625,0.3333333432674408
-0.8862869631927586,-0.8568916916847229,0.21389929950237274,2.8711580378219854,-0.6429623365402222,1.1217145919799805,0.40842242074737733,1.4173946477802133,0.41125792407104234,0.06385351916027006,-0.9691107869148254,0.5570728671508542
-0.8453154563903809,-0.3814045190811157,-0.8035971796742953,-0.3992066057751528,-0.4801901578903198,0.5720965907329674,0.8652304174266496,-0.9222683028964118,1.9683393524519257,0.29844189732208914,1.0547502040863037,0.5
1.9102851982121054,-0.6191481351852417,0.8254672884941101,-0.35694811420726574,0.8277211178286789,-1.620873307738854,-1.885156601027011,1.3086845439551122,0.6569125652313232,0.3111979067325592,-0.16216997934321717,0.5
0.13291695901827932,-1.143773172514782,0.07799530029296875,1.9734028407439443,-0.15464581549167633,0.14380939510736077,-0.03860746918907497,1.2891610296319231,0.8439587354660034,0.28624611982874554,-1.2220934629440308,0.6666666865348816
0.06325663991085012,0.6591134687212727,0.5536593198776245,2.2673957293274705,0.30912760501808395,0.39148786664009094,0.6535063718081123,1.0870876434121903,-1.4005951881408691,-0.49019855260849,-0.7161281704902649,0.3333333432674408
2.5184738058527274,-0.2457822031721918,1.1652272939682007,3.7910882390853873,0.05981934419256836,0.4476591646671295,1.474969496581068,5.288410951516754,-1.4005951881408691,0.4447639584541321,-1.306420922279358,0.3333333432674408
0.29134732484817505,-0.3707490237289971,0.14594730734825134,-0.8554255366325378,-0.6158336400985718,0.5051498811633679,1.2767923953071496,-0.8180675687213579,-0.1810154145430603,-0.3566324710845947,0.6397760236054483,0.3333333432674408
-0.39065036177635193,-0.35268024899655326,0.21389929950237274,0.13858449215560298,-0.18177451193332672,0.33531656861305237,0.7588257227387075,-0.11866241726721465,-0.34066691994667053,-0.0895003229379654,-1.0534383058547974,0.3333333432674408
-0.2390953153371811,0.14263550219238996,1.9714170823512265,-0.7443199157714844,-0.2902892827987671,0.6723442673683167,-0.05603403011893742,-0.31981085812417953,-0.6524105072021484,-1.0244628190994263,-0.8847832679748535,0.5
-0.21669623410470276,0.03464672341942787,-0.4656206965446472,1.355415702182816,-0.07325971871614456,1.0123593287843817,1.2182272606140316,0.8366540447616191,-1.5420863753241887,0.04406575486063957,-1.7290524750113567,0.3333333432674408
2.0030994296992275,0.6323468342164477,0.5536593198776245,-0.6166112196443453,0.8029791368540731,-1.349821925163269,-1.718361513525002,0.280086051808897,0.8005354917986864,2.242326497994021,1.5088582535571011,0.5
0.36712485551834106,0.6620028014856895,1.1652272939682007,0.5420219627478108,13.727010402908128,-1.0127942562103271,0.8748230607607441,1.0806642492670433,-1.6817002182732257,0.4447639584541321,-0.9691107869148254,0.3333333432674408
-0.6937604546546936,1.226233366598106,-0.19381269812583923,1.5166854561130658,1.3317567258941894,1.0792793800493583,0.16348207187304667,0.9256918792286486,-0.4881440356698716,-0.2898494303226471,-1.0476534150365928,0.5
0.29134732484817505,-1.104684133325593,0.6216112971305847,-0.8554255366325378,-0.83142805009791,-0.6253870060149296,-0.840415028665154,-1.4763681361708163,-1.2649393289703423,-0.6714425278841321,0.8437524109532768,0.5
-0.16331779956817627,-0.6191481351852417,-0.397668719291687,1.6293073480501654,-0.37167537212371826,0.6141018222141795,1.8512247710440703,0.5522469040037891,-0.4253345804060403,-1.3594073547847454,-0.44178745919016654,0.16037187537631828
-2.4746359342159923,0.33182618021965027,-0.6298653921484271,-0.5887720584869385,0.9256947470392477,0.7846868634223938,-0.22624445922420816,-0.47111697200454156,2.00473281341564,0.04406575486063957,0.5487849712371826,0.5
0.4597606977936244,-0.4408404231071472,1.7315040577119554,-0.7443199157714844,-0.4522656404314848,0.2391577466291963,0.054641277628950234,-0.8712770540315135,-0.028923334553837776,-0.890896737575531,0.3801299035549164,0.5
-0.05829950839174976,0.33182618021965027,-0.2617647051811218,-0.6332142949104309,-0.6158336400985718,-0.8442803621292114,0.14860071555495805,-0.658957940378214,-1.0265028476715088,-1.3432686250791372,0.21147480607032776,0.5
0.21260063295623727,-0.6169326114276739,0.14594730734825134,0.46766681655595344,0.025451553293932165,0.4606570845627068,2.2310500962994837,0.42437345492803447,0.033425383269786835,-0.15628336369991302,-0.46314552426338196,0.3333333432674408
-0.8453154563903809,-0.6191481351852417,0.010043300688266754,0.21500556253249553,-0.888513368490967,-0.7881091237068176,-0.264507597412887,-1.2025311491688822,-0.5900617837905884,-1.0244628190994263,0.7432959325340864,0.5
-0.48428525282976725,-1.3204231963187887,0.4857073128223419,-0.6908172398436412,-0.4801901578903198,0.2229740172624588,-0.05906992746422899,-1.1422055649884457,1.0535206690370158,0.6451131105422974,1.0547502040863037,0.6666666865348816
0.12495461689770077,-0.08422506600618362,-0.673925491109215,-0.766541063785553,-0.27203200347804823,0.6723442673683167,0.9171597762349015,-0.4614390268566481,-0.34066691994667053,-1.0244628190994263,-0.8847832679748535,0.3333333432674408
0.21556980907917023,1.8322722924432406,0.22596908672666202,0.7716468481787788,14.532842428618938,0.991243826743274,0.9460789073045028,1.2696432155325197,-1.0267558511418506,0.1616089767196167,-1.137765884399414,0.3333333432674408
-1.2585651837589786,0.03464672341942787,-0.19381269812583923,-0.7220988273620605,-0.6976319333998156,-0.0017111222259700298,-0.24979518404414722,-1.9968013868172387,0.46986642479896545,-0.8241137266159058,1.813698172569275,0.6666666865348816
0.1397922784090042,-0.2625327408313751,0.04883231773013411,-0.23559215851334733,-0.39880406856536865,-0.9178839828204564,-0.3425441691590731,-0.38912271540045146,-0.9641541242599487,-0.6237646341323853,0.7174400687217712,0.16146455518592465
-0.9968705177307129,-0.4408404231071472,1.7474429809032073,2.041202616879185,-0.3174179792404175,1.2790151615883334,1.2750628036658376,0.7928342893099545,-1.1214934129967085,0.38291935950970707,-0.8847832679748535,0.3333333432674408
-0.9968705177307129,-0.7380198836326599,-0.5335727334022522,0.27411072251967317,-0.4801901578903198,-0.01692506439798119,0.45051482229465273,-0.32054358720380766,0.8439587354660034,-0.8748875928005135,0.04281972348690033,0.5
-0.9210929870605469,-1.2155338880741835,-0.3297167122364044,1.1324553121341945,-0.3174179792404175,0.5038304328918457,-0.33737505526728984,0.047769805707328764,-0.028923334553837776,-1.1908350042508347,-0.5474730730056763,0.5
-0.39065036177635193,-1.0351994037628174,0.6895633339881897,1.5995735742395567,-0.18187108689437795,2.321899590778336,0.44266015135039566,0.8983207941055298,-0.7771079540252686,-0.0895003229379654,-0.8683049504134167,0.5
-0.5630770844079855,0.2336411558857541,-0.05790869891643524,-0.44605220831571163,-0.6429623365402222,1.935444230147565,0.468582557373516,-1.507309221064537,-0.028923334553837776,-0.02271728403866291,1.7759167786292496,0.6666666865348816
-0.6937604546546936,0.7536898004196578,-1.6213031818831072,-0.7213024807474265,-0.2519408906806911,-1.349821925163269,-1.6821275442307773,-0.21637446479848424,1.503539660924644,1.2455509628202106,0.8534494781170812,0.5
-0.01176275685429573,0.15351851284503937,-1.0578327841779842,-0.766541063785553,-0.5073188543319702,-0.11405368894338608,-0.5176153316143572,-0.5190016869318064,0.9902888571267323,1.508857838542789,1.3638216052379057,0.9368270826825364
-0.16331779956817627,-0.6855274646421106,0.010043300688266754,0.5926540800697798,-0.15464581549167633,1.1217145919799805,5.05665215102555,0.41148574822772355,-0.46536436676979065,0.24441486597061157,-0.8847832679748535,0.1666666716337204
-0.6179829239845276,-0.024789171293377876,1.6661825134160377,-0.24108728348771918,-0.85338516050355,-1.0689655542373657,-0.6725459415316736,-1.32371978501043,-0.2159694880247116,0.47607679968835137,1.813698172569275,0.5
2.0411105448362012,-0.2625327408313751,1.265593675256226,-0.7220988273620605,1.9559622429152712,-1.0501869710456688,-1.5589507529935895,1.1664942006063435,-0.5900617837905884,3.3828862811953213,-0.8847832679748535,0.5
-1.3400482449561866,-0.3814045190811157,-1.02690078432161,-0.8554255366325378,-0.42593276500701904,-0.7828914042678373,-0.250248054953851,-0.5005180848562167,0.0957741066813469,-0.22306638956069946,-0.8847832679748535,0.1666666716337204
0.5944573879241943,1.6387898568617987,-0.9407581238180287,-0.6239157799008931,0.48184586481646957,-0.7151132884897953,-1.49234911198402,0.6231756988597655,0.9063074588775635,3.4270706267008713,1.223405361175537,0.6666666865348816
-0.39065036177635193,0.9631011093081581,-0.4656206965446472,0.17974852328978652,-0.5768514876450069,-0.10154008512622735,0.16631246759699275,-0.8553181886672974,0.07554915330803787,-0.22306638956069946,1.2194532247162169,0.6666666865348816
0.29134732484817505,-1.1129280403724071,0.21389929950237274,-0.8554255366325378,-0.18177451193332672,-0.17022497951984406,-0.3002392529493291,-0.8983692683779406,-0.6423563936944994,-0.11770945657528589,0.3801299035549164,0.6551903820927205
-1.6607061057024277,-0.6191481351852417,0.2687617544865594,-0.7220988273620605,-0.8328632116317749,0.33531656861305237,-0.21795673110497224,-1.4363226053243507,0.17231239528247433,0.6090002146270304,0.22289437468223822,0.5
-0.2390953153371811,-0.39833207295215606,-0.4656206965446472,0.7704987923793484,-0.39629262468252985,0.6889461860067844,0.9423480517956593,-0.0558029199621747,-1.0049207381521654,-1.3778178475313687,0.6331125497817993,0.3333333432674408
-0.7622541402139703,-0.3814045190811157,0.23992973567055118,-0.010781345769428416,-0.18177451193332672,0.9390862565544933,0.827305523873395,-0.35583625182238093,0.46986642479896545,-0.2898494303226471,-0.1258353590965271,0.5
-0.056059125102051105,0.21295440196990967,-0.6694766879081726,-0.6367692074723804,0.23904401556161087,-0.6376372133173743,-0.8834968234617924,0.6118820594421741,0.7612091653313061,0.24441486597061157,-0.8847832679748535,0.3333333432674408
0.4429023563861847,-0.5002763271331787,0.4177553057670593,1.7352808383914664,-0.3130938590220161,1.065543293952942,1.928842629848716,1.3267730710665622,-0.15362077951431274,0.650947447005959,-0.9691107869148254,0.5
-0.5500855370627062,-0.6191481351852417,-0.041065614975174664,-0.7443199157714844,-0.2856408291111074,1.495237376054595,0.7677208667191638,-0.3623045854942782,-0.2159694880247116,-0.5569815635681152,-0.9528136695152436,0.3333333432674408
0.21556980907917023,-0.024789171293377876,0.010043300688266754,-0.7887621521949768,-0.5390600214729989,-0.0578824058175087,0.36612115399851775,-1.0522540533234943,-0.18751235908817154,-0.42341551184654236,1.1219943678982085,0.3333333432674408
0.21556980907917023,-0.025037791371273578,0.8934193253517151,-0.8776466846466064,-0.5073188543319702,0.33531656861305237,0.19922258238070686,-1.3680519832336349,-0.4030156433582306,-0.49019855260849,1.5607155561447144,0.5
0.22259203676888975,1.8460150128818866,-1.7214999536634379,-0.5665509104728699,0.7251173815552004,-1.1251368522644043,-1.1889102774857971,0.5122502051509613,0.7816100120544434,-0.0895003229379654,0.03267388142275969,0.3333333432674408
-2.3313757242118642,1.7021854880953382,-2.1644208431243896,-0.8109833002090454,-0.2089032083749771,-1.237479329109192,-1.789461728403736,-0.4274100701917058,2.3115417126420215,0.6886816165666971,1.9363418023079502,0.5
0.1397922784090042,-0.3814045190811157,1.1652272939682007,0.9106312199162764,-0.01900232955813408,0.6123737795185618,2.7101530505732683,1.0664385691660112,-0.8381306859433838,0.3111979067325592,-1.0534383058547974,0.3333333432674408
-2.2306571186641597,-1.5025994816758648,-0.05779454378669869,-0.8776466846466064,-0.8038360312086027,-0.0017111222259700298,-0.9731693097671926,-1.7990930866552421,1.1224901845183057,-1.0385343889177872,1.5454029753840068,0.6666666865348816
-1.51893249062111,-1.3089873244392711,-0.12586070597171783,-0.6332142949104309,-0.5274543371267152,0.5600017309188843,0.17489094783364464,-1.0262680873245542,0.34516897797584534,1.0620930908660915,0.3801299035549164,0.5
0.29134732484817505,2.027585453952847,-1.6499632371999755,-0.6812925754422493,0.9961201909427886,-1.222939085894311,-1.463669190354033,0.8085203288230814,0.7816100120544434,1.2373940837839772,-0.8004556894302368,0.3333333432674408
-1.072648048400879,-0.5597122311592102,0.14594730734825134,0.5096235312416335,-0.2089032083749771,1.8668316545445072,1.3331232616707662,-0.08845792941437108,0.7192612886428833,0.24441486597061157,-0.37881800532341003,0.5
0.1625974619545827,0.5101338624954224,-0.2617647051811218,1.7183874850662568,-0.1814917282079357,0.6723442673683167,0.9380255887990491,1.3889366743246487,-0.06331583093898158,-1.0244628190994263,-1.306420922279358,0.3333333432674408
-1.4541329510247436,-0.5002763271331787,0.4177553057670593,-0.6554354429244995,-0.9297713702231879,0.5212470366065632,0.3076117792636871,-2.098800744742572,-0.2159694880247116,-1.4256229691611368,1.723384440871323,0.5
-0.29953220194482255,-0.2625327408313751,-0.30775743884638856,0.2771879052556159,0.742433576195897,-1.349821925163269,0.7073218340407347,0.35382232345837045,-0.7142037693664937,0.4561410601464657,-0.9691107869148254,0.5
0.6702349185943604,-0.1217660012499305,0.07799530029296875,-0.8554255366325378,-0.04613102599978447,-0.674216102134551,-1.4534515232026624,-0.2108076882779306,-0.2159694880247116,0.3947673807877227,0.9704226851463318,0.5
-0.11295905211628145,-1.2942716499800564,-0.12586070597171783,-0.7887621521949768,-0.5298203743339733,-0.8421730128352765,-0.6220748080779441,-0.9899442828063413,1.3427485227584839,-0.6237646341323853,0.9728498723632667,0.6666666865348816
-0.9210929870605469,0.5393339512143976,-1.2275457481826564,-0.544329822063446,0.8131158783283711,-0.8932728201639707,-1.555934199526292,0.07187195665054638,2.5126225458705482,1.0455994384350917,1.6125723481557799,0.5
0.1397922784090042,2.112146868842319,-0.3297167122364044,-0.766541063785553,0.9653487897740382,-0.0578824058175087,0.6540320935777559,0.6943692483952081,-0.028923334553837776,1.3465045765795522,-1.0534383058547974,0.3333333432674408
-0.16331779956817627,0.3931282930719816,-1.1611758648741093,-0.6554354429244995,0.13681969552358952,-1.107943296350654,-1.400869695045959,0.5338299031630215,0.7816100120544434,-0.22306638956069946,-0.631800651550293,0.5
0.06401476263999939,-1.0739427092762013,1.6426510297335433,-0.7887621521949768,-0.3174179792404175,-0.3949100971221924,0.23366557508472918,-1.1036471715547145,-1.4382352500490465,1.0878185369521827,0.5842387039259027,0.5
1.9000070721459763,-0.7142494691108788,0.4177553057670593,-0.6332142949104309,-0.5887049436569214,0.2384118161626248,1.2418197235953257,-0.09839991372479476,-1.4965431141702534,-0.0421420112709444,0.04281972348690033,0.6666666865348816
-0.5330016914994525,-0.024789171293377876,0.5506985536532489,-0.3895181414498448,0.1878403318263379,-1.349821925163269,0.36708605950684475,-0.20981465425739262,0.46986642479896545,-0.02271728403866291,0.3801299035549164,0.3333333432674408
0.2664350930219986,-1.2304669647694584,-0.19381269812583923,-0.6998776793479919,-0.2831375947481202,-0.04337958477313999,0.1920964006879493,-0.07298113772805076,0.7745542690938676,-0.42098307162538534,-0.8004556894302368,0.5
-0.2390953153371811,-0.5002763271331787,-0.12586070597171783,1.0814862046888776,-0.561576247215271,-0.3949100971221924,0.6258483226051624,-0.18220765856799429,-0.15362077951431274,-0.5569815635681152,0.8017675876617432,0.6666666865348816
0.21556980907917023,-0.6905365295447882,-0.12586070597171783,2.031429350224751,-0.12751711905002594,0.890947390716292,1.2188780632400826,1.1340861976054455,-0.931033236049805,-0.22306638956069946,-1.137765884399414,0.6666666865348816
1.359778775994465,0.37980763345826807,0.07799530029296875,-0.639393831283697,0.9737604326430778,-1.0689655542373657,-1.4698191918919747,1.16687541774006,0.7816100120544434,2.0964906724824326,-0.2101629078388214,0.5
-0.6179829239845276,0.00903967177931826,-0.397668719291687,-0.8776466846466064,-0.8149597859337457,-1.1251368522644043,-0.9643377866943834,-0.8244192900668781,-0.7147592306137085,-0.9218865234558827,-0.631800651550293,0.1666666716337204
-0.01176275685429573,-0.4408404231071472,-0.12586070597171783,0.989282171103946,-0.6429623365402222,1.4542992351290964,0.6437931702873679,-0.7157188958506536,-1.213549017906189,-1.4533149214417969,0.9836479611438192,0.5
-0.6179829239845276,0.37603110212834234,2.389660849134216,0.5849071639500284,-0.39880406856536865,1.065543293952942,1.407432351902506,0.4300904129011934,-0.3308005248202636,-0.033510880562689103,-1.306420922279358,0.3333333432674408
-0.4893121841841119,-1.1337185786881925,-0.3297167122364044,0.18284329136988473,-0.17946551792889726,-0.5634239912033081,0.3249319800509567,0.07312805769073538,0.7050173012420922,-0.02271728403866291,-0.5603639764144965,0.5
-0.2390953153371811,-1.2533756685363466,-0.2617647051811218,-0.859714381028785,-0.8328632116317749,-1.1251368522644043,-0.9011919420328363,-0.8440847435980878,-1.0888515710830688,0.24441486597061157,-0.8669572416189354,0.3333333432674408
-0.16331779956817627,-0.74067448644514,0.5536593198776245,-0.8716461732226547,-0.2360319048166275,-0.45108139514923096,-0.6156153452026276,-1.4618358546788053,-0.19320949255149036,-1.1580289602279663,1.5428440530405472,0.6666666865348816
0.5944573879241943,0.15351851284503937,-0.2617647051811218,-0.7267013989384121,0.7397294804731106,-1.1568163595448215,-1.6701781236388984,0.8983207941055298,0.34516897797584534,0.716707027557008,-1.137765884399414,0.3333333432674408
0.9508794779616679,1.2045343287723258,0.5536593198776245,-0.33657492289898366,2.6723826051036887,-0.22639626264572144,-0.4224820225751036,1.033216118812561,0.7816100120544434,0.4447639584541321,-0.9691107869148254,0.3333333432674408
-0.2390953153371811,-0.5597122311592102,0.4177553057670593,0.2861118235121014,-0.18177451193332672,1.7146258906742227,1.5275834263124424,0.1190273450761816,-0.291578418896859,0.23064487756238575,-0.46314552426338196,0.5
-0.46642789244651794,-0.3814045190811157,-0.19381269812583923,1.281580318400316,-0.45537985086911437,0.39148786664009094,1.624856001550444,1.113764464604881,0.9686561822891235,0.8121320087201747,-0.8847832679748535,0.3333333432674408
-0.16331779956817627,0.2310816541623604,1.2955649532773652,2.8979963967891074,-0.2360319048166275,1.1057293296622366,1.109890354312912,1.8205187941548484,-1.4005951881408691,-0.42207378161583514,-1.4759174173495515,0.5
0.06401476263999939,-1.1107902583687665,0.6895633339881897,0.44864272994249815,-0.5177287727944123,1.0938215422997712,1.0184004194981937,-0.5811550313802006,0.5945638418197632,-0.49019855260849,1.5339474898474799,0.6666666865348816
-0.2390953153371811,-0.6191481351852417,2.2295122942709726,2.2159275799931253,-0.2631605863571167,0.6224893905197123,1.223784857390562,1.16693378466872,-0.7130138313548836,-0.890896737575531,-1.306420922279358,0.3333333432674408
-0.2390953153371811,0.5901360238856802,-2.089519977915926,-0.5887720584869385,0.5894757657460024,0.14884041431707215,-1.542941571409312,-0.1890980891463197,0.53838914835928,1.1380712806333808,1.54306736544987,0.5
-0.562963926069026,-0.20309685170650482,-0.3297167122364044,0.6604041227164641,-0.2631605863571167,-0.01922777860500607,0.5773857300510843,0.39460593086644646,0.6261356922651143,0.04406575486063957,-0.6328737396400381,0.3333333432674408
-0.16331779956817627,-0.6785839796066284,0.21389929950237274,1.4368689146457783,-0.5073188543319702,0.2791453003883362,0.4636497965745457,0.507658708750352,-0.46536436676979065,-1.3954078563293835,-0.041507821530103683,0.5
-0.6937604546546936,-0.2625327408313751,1.1652272939682007,0.011667288044440206,-0.5344475507736206,0.4878422925867022,0.9798212680456571,-0.940908391796292,0.0957741066813469,-0.5660535907497767,0.6331125497817993,0.6666666865348816
-0.8453154563903809,-0.3814045190811157,-0.997218428956843,0.3008813881616034,-0.34454667568206787,0.05446016043424606,-0.1612940444109173,-1.753848138639581,-0.5277130603790283,-1.1892874664504822,1.7354007002930023,0.3333333432674408
-0.3148728311061859,0.15351851284503937,0.5536593198776245,1.0555667977709637,-0.45278437165585683,2.234284380813053,2.0700903325390776,0.7732346899545196,-0.46536436676979065,-0.2898494303226471,-1.0534383058547974,0.1666666716337204
-0.7695379853248596,-0.6054506052655911,-0.4656206965446472,-0.833204448223114,-0.11147050227138208,-0.17022497951984406,0.5822185652284573,-0.7975344021600829,-0.5389387848797006,-0.5569815635681152,-0.9691107869148254,0.5
-0.16331779956817627,3.2074790451864885,-2.1644208431243896,-0.7887621521949768,0.6240223694411781,-0.6195952296257019,-1.2533720734835598,0.41870348416770303,0.8665781659647336,0.2193920790921357,-0.8847832679748535,0.1666666716337204
-0.16331779956817627,-0.08422506600618362,0.07799530029296875,1.2893925825573254,-0.5344475507736206,0.7835115059107544,0.2596912355853256,-0.8616799235030462,0.2204715460538864,1.294362069097034,2.1937824215296255,0.6666666865348816
0.5203826819271467,-0.3814045190811157,0.8644723527941672,-0.01668656914074999,-0.10038841515779495,0.16680273413658142,0.2853462885618167,0.6475731811602428,0.5322151184082031,0.6100680588820239,0.06581837356834769,0.5
0.6702349185943604,-1.3015145053624142,-0.471708474738179,2.049081178797238,-0.1179697501798485,0.6723442673683167,1.3668054329170671,1.7045932105510881,0.9063074588775635,-0.0895003229379654,-1.137765884399414,0.5
-0.39065036177635193,-0.7380198836326599,1.207938151711262,0.21523120554999936,-0.07025976259934184,0.9532006978988647,0.6447188754392047,-0.11260262172945407,-0.33958966385012024,0.06828731488160777,0.12714727222919464,0.5
1.2399154096251648,0.8992702558139599,-0.12586070597171783,-0.6752974209987073,1.264877522440741,-1.3557810368194196,-1.593349831610627,0.90245800646786,0.033425383269786835,0.4978922850444706,-0.9406614588885233,0.3333333432674408
-0.2390953153371811,-0.9757634997367859,0.21389929950237274,1.0630511323085947,-0.3656743458477497,1.065543293952942,0.11056176768239433,0.054322461371156094,-0.2513955604921817,-0.8241137266159058,0.7174400687217712,0.39505727324639195
-0.2390953153371811,-0.3814045190811157,-0.8141252332320583,0.8787089906377415,-0.5344475507736206,-0.018427562580421556,1.200218297468784,0.5180053196188502,-0.2783181965351105,-0.3566324710845947,-0.8847832679748535,0.5
-0.39065036177635193,-0.8568916916847229,0.14594730734825134,-0.8109475479818424,-0.6158336400985718,-0.6613464778333661,-0.6808460582889573,-1.4920966364052564,0.2828202545642853,-0.6905476450920105,1.223405361175537,0.6666666865348816
1.4152906232283955,1.036571281581703,1.0018583955216023,-0.7383341139307179,0.5061700029097107,-1.1251368522644043,-1.6910658242457663,0.934330834222024,0.2565853169956767,0.45236548511871316,-0.7161281704902649,0.5
-0.7846264052429109,-0.5351740538971604,-0.442326322253096,0.26427300264658454,-0.6578298847861755,-0.45108139514923096,-0.5239103942453612,-0.5014439710924732,-0.03796165554477491,0.37798094749450684,-0.041507821530103683,0.6666666865348816
-0.37058722829922347,-0.6869833340848297,1.3575022211074153,0.47911930411765385,-0.5073188543319702,0.6848403603445969,0.37121498824682264,-0.6102117042353109,-0.34066691994667053,0.37798094749450684,0.9704226851463318,0.5
-0.5924906027287903,-0.5002763271331787,0.4177553057670593,1.3852240051350526,-0.10038841515779495,2.18461101819078,2.106278615215601,0.6218404590707921,0.7192612886428833,-0.22306638956069946,-0.6150334704013544,0.0160486368936419
-1.3941604696941445,-0.6191481351852417,-0.25673664821815806,2.6057358636858057,-0.3174179792404175,0.05446016043424606,0.5594962594066852,1.3139359330289024,2.175313274989146,-0.7573306560516357,-0.7161281704902649,0.3333333432674408
0.9891666516517069,1.2717402308656196,-0.2617647051811218,-0.6998776793479919,0.7987069416598284,-1.349821925163269,-1.6532127937583014,0.8490290392160932,0.5945638418197632,1.3571138212714877,-0.5474730730056763,0.3333333432674408
-1.603000278905306,-0.9412952864084893,0.010043300688266754,-0.820821310988089,-0.42593276500701904,1.840694992160661,-0.18979184855499323,-1.7244759100934481,1.2265956403668483,0.5266015320313986,1.3409775134518211,0.6666666865348816
0.876060326032151,0.08223462528231441,0.6329884221272393,-0.6332142949104309,0.9610992252994669,-1.349821925163269,-1.726649400244287,0.7372779243452612,0.7376333624279519,-0.42341551184654236,-0.37881800532341003,0.3333333432674408
0.7460124492645264,-0.9069663933457143,0.7722190323750571,-0.8554255366325378,-0.6602828310394109,-0.12261075765570484,-0.2888511594952518,-0.7466083163684358,-0.6524105072021484,0.24441486597061157,0.21147480607032776,0.5
0.15360695799385218,-0.3814045190811157,0.14594730734825134,-0.8821601264100917,0.46005821503199495,-0.2939320165796332,0.20052036302645088,-0.7384915641214068,-1.151200294494629,-0.49019855260849,-0.42389660208065433,0.3333333432674408
-0.3148728311061859,-0.7380198836326599,-0.2617647051811218,2.2730342644859065,0.029061758739359185,0.33063848656944356,0.8160344273277756,1.098574126630414,0.27723771567567657,-0.0895003229379654,-0.887410584462105,0.3333333432674408
-1.0816922231785926,-0.20309685170650482,-0.12586070597171783,-0.8926281920054487,-0.5887049436569214,-0.0578824058175087,0.12752019003665624,-1.405307492002472,1.9065554405276297,-0.02271728403866291,0.8747935287851603,0.6666666865348816
-0.2446174694500155,-1.2128574852382712,0.7343545028962163,-0.8993096955781199,-0.670691098222221,1.0829461847650772,0.3361097974023616,-1.6178534083253437,-0.7591863334065483,-1.0244628190994263,1.2757075028656468,0.8333333134651184
-0.01176275685429573,-0.6785839796066284,0.968207499176771,2.1094357346669685,0.26793589739756,-0.17022497951984406,1.0431969254971394,1.3655889349712462,-1.4647220095568578,0.4908515779876331,-1.0534383058547974,0.5
-0.9210929870605469,-0.6785839796066284,-0.19381269812583923,-0.8109833002090454,-0.8045417242847874,-0.17022497951984406,-0.18875839346455353,-1.969074156207138,0.5322151184082031,-1.2269355586487303,2.0542201057909795,0.6666666865348816
-0.5882839146123184,-0.7380198836326599,0.1456137031305053,-0.7220988273620605,-0.35837552026488495,-1.0517571625504587,-0.05454564377086409,-1.1907526258289582,0.19769567458222828,0.6451131105422974,0.9787036489829918,0.5
-0.7695379853248596,-0.6785839796066284,-0.9327386366235667,5.8605088665542535,-0.01900232955813408,-0.3387388288974762,0.6377878064730205,4.997046331391747,0.5321699496902828,-0.890896737575531,-1.449849964567557,0.3333333432674408
-0.2390953153371811,0.9609630981457274,-2.0564500300844317,-0.6776565313339233,0.5333444453593005,-1.2936506271362305,-1.6426850233111139,0.9466706848401777,0.9282891606374893,0.22618519213930266,-1.306420922279358,0.5
0.06401476263999939,1.4942213933035675,-0.4656206965446472,0.7930050159297083,-0.6158336400985718,-0.1269324097321557,0.4502552872340445,-0.7406412438512321,-0.028923334553837776,0.7118961215019226,2.024271360198558,0.5
0.29134732484817505,0.06500281269462299,0.4177553057670593,-0.766541063785553,-0.3174179792404175,0.07304210996349461,0.7657827579819544,-0.8178026586088377,-0.9934923123843631,-0.890896737575531,0.12518592930772954,0.3333333432674408
-0.3148728311061859,-0.3814045190811157,1.1080966109908097,0.19345479790440623,-0.2631605863571167,0.5913734778221865,0.9933967235410621,-0.006399525645642499,-0.6524105072021484,1.3431117239660426,-0.5435635387341327,0.5
-1.5542364754723226,-0.5597122311592102,-0.05790869891643524,0.8216152141177041,-0.8703930050273521,0.2791453003883362,0.5971869526431394,-0.6625338227674431,0.34516897797584534,-0.8648167749076866,0.3801299035549164,0.6666666865348816
-1.0485331217366693,0.4159952556954968,-1.5695885271166468,-0.6776565313339233,0.27678982805227564,1.1997578595943565,-0.3152689885622969,-0.38844576959089505,1.5971997798648223,1.533365986081901,1.682626365884554,0.5
-0.6937604546546936,0.7840669054369435,-0.6694766879081726,-0.7938371518325781,0.019447498849368902,-1.3936553475418063,-1.6253313705964514,0.2949989045154536,0.9528764974175503,1.3564312248123342,-0.9691107869148254,0.5
-0.16331779956817627,-0.4408404231071472,1.1764561903751543,1.1294865277795034,0.5660566779763007,1.5413564084125544,1.6471161493802133,1.0770316588627973,-2.125620583080669,-0.4140856072401051,-1.559403657913208,0.5
0.21556980907917023,-1.2681071293887944,0.4421496875442054,-0.7464592192982962,-0.40072591174091515,-0.17022497951984406,-0.27987348791320243,-1.1863673293655945,-0.505808248364578,1.955720858291436,0.8850575576480972,0.6666666865348816
-0.6179829239845276,-0.08422506600618362,0.8934193253517151,-0.5665509104728699,-0.5887049436569214,0.05446016043424606,0.05414358842733963,-1.5992051132212173,-0.34066691994667053,-1.561034802223492,2.0594545171081338,0.5
0.2696203665469997,0.09436222180049028,2.6865441777815255,0.016210813869839052,-0.3174179792404175,0.2791453003883362,1.316125599006175,-0.9831756914675007,-1.4751167844168984,-0.5887959543536635,1.0277843859904852,0.5
1.1670038335177595,1.0441818822651743,-0.671302564220508,-0.6332142949104309,0.882895590263636,0.39148786664009094,-0.9375936940981123,1.3713093403227417,-0.7771079540252686,2.837410416839718,-1.0534383058547974,0.3333333432674408
0.27744026995428367,-0.5002763271331787,1.4485794587732592,1.8406193367982524,-0.2631605863571167,1.3426239136118336,2.012216413804717,1.1764138854823267,-1.4757113577605963,-0.6237646341323853,-1.3308077636550415,0.3333333432674408
-0.3148728311061859,0.3110440776093739,-0.072389317916358,-0.4954947088976167,-0.7969985149547999,0.33531656861305237,0.13850252764988846,-1.7117824180756707,-0.757483848784594,-1.517422514759869,2.3646025682828644,0.6666666865348816
0.8217899799346924,-0.3219686448574066,0.9930474313192207,-0.5406658572581262,10.38702748317132,-1.597395200159572,-1.8634814885764892,0.7684554324164304,-0.15362077951431274,2.166974156169573,-0.1258353590965271,0.5
-0.08754027634859085,0.33182618021965027,0.07799530029296875,0.27778106123604973,-0.08227435763649962,1.178394633559546,1.2059329219744765,0.36078677828110767,0.34516897797584534,0.4447639584541321,-0.41126673328011015,0.3333333432674408
-1.1531977238167659,1.1754764078896172,-0.2617647051811218,-0.3230959036676183,-0.34454667568206787,0.5038304328918457,-0.046861951014208786,-1.2512843421080584,0.2204715460538864,-1.0244628190994263,0.6331125497817993,0.6666666865348816
-0.3148728311061859,-0.5002763271331787,-0.397668719291687,2.091591687961533,-0.34454667568206787,-0.06479177606602804,0.5185357432882868,1.3520462606021775,0.5322151184082031,1.5623816805902755,-0.9691107869148254,0.5
0.5944573879241943,1.4135332508970706,0.08779672654934308,-0.1776544070371113,3.2621225470999313,-0.3949100971221924,-0.05953655646656416,0.9752239400885564,-0.6524105072021484,0.5204428629790209,-0.6721556474827648,0.3333333432674408
-0.6937604546546936,-0.20309685170650482,-0.4656206965446472,0.5245022948918338,-0.42593276500701904,0.5292829940155136,0.02558593477551415,-0.947939841680492,-1.0265028476715088,-0.8241137266159058,1.0284127806735774,0.6666666865348816
-0.2390953153371811,0.33182618021965027,-0.397668719291687,1.7113865865410607,-0.15464581549167633,0.6390108644541594,1.637923005499068,1.1058861078189464,0.033425383269786835,-0.25331492093652763,-0.5474730730056763,0.3333333432674408
0.23401956792085962,-0.024789171293377876,-0.2617647051811218,1.1968311443111894,-0.7786058187484741,-0.04455368066980078,-0.11905629506567218,-0.18717897056285054,-0.021508653852455373,-1.2593665549157333,1.0502127512194726,0.3333333432674408
0.5373193740415207,2.069958220607153,-1.60043109909957,-0.45415242429918296,0.6837205005869312,-0.17022497951984406,0.824430191465663,0.6903299049948208,-1.173870131894992,0.31953063460824666,-1.4497040790328988,0.3333333432674408
0.6702349185943604,0.18406785097997716,-0.4656206965446472,-0.620592219755084,-0.01900232955813408,-0.3387388288974762,-0.6604386701720957,0.3287865563617363,0.126620142950102,0.4110376711328928,-0.3891342460870673,0.3333333432674408
-0.6179829239845276,1.997961997157353,-2.086041840138196,-0.6736576866194264,-0.37167537212371826,-0.11348652863617363,-1.4574069576398738,-0.20607690487167635,1.7831605374958646,1.621178848800191,1.338563815442266,0.6666666865348816
-0.39065036177635193,-0.5002763271331787,0.4177553057670593,-0.766541063785553,-0.4521094471296303,0.11063144356012344,-0.07183773033241193,-1.7578639054343406,-1.3562822559722185,-1.0244628190994263,1.5804766325724404,0.6666666865348816
-0.2390953153371811,1.6531605450893103,-1.6740193877919765,-0.6332142949104309,1.009984123174078,-0.9566229581832886,-1.2127567742933492,1.083637978090079,0.5322151184082031,1.6771731238884824,-0.9691107869148254,0.3333333432674408
-0.8453154563903809,1.7184982688365378,-1.3651396897853865,-0.5280197085903439,1.080924543517431,-1.2955541127787418,-1.3718092994840765,-0.036321410608988,2.203222307408449,-0.22306638956069946,-0.37881800532341003,0.3333333432674408
0.508182517792848,1.6224036732000282,-0.9831339093671543,-0.6776565313339233,0.5396223689155659,-1.1813081502914429,-1.67960426683801,0.6827020281626299,0.7816100120544434,-0.15628336369991302,-0.8004556894302368,0.3333333432674408
1.1058427608073693,0.4498436414136393,0.9916752266564363,-0.6109932065010071,0.6312395595697814,-0.3949100971221924,-1.5807882009728487,0.32623236346566253,0.742273562400656,1.078123367351944,1.359282237720617,0.5
-0.16331779956817627,0.39980408288380226,-0.6694766879081726,-0.6998776793479919,-0.10038841515779495,-1.237479329109192,-1.6479401195852121,0.36565393594395956,0.2828202545642853,0.37798094749450684,-0.2944904565811157,0.3333333432674408
0.4429023563861847,-0.08422506600618362,-0.2735648445936606,0.017876425264264157,-0.7243484258651733,0.2791453003883362,0.0062185245855464425,-0.9476715626466987,-0.7771079540252686,-0.22306638956069946,1.5607155561447144,0.5
-0.08754027634859085,-1.094635248184204,-0.23989022543115993,-0.7344628048337418,-0.2902892827987671,0.10405405928150559,-0.04902812679332243,-0.45241308120539103,1.103673595213802,0.9790282845497131,0.04281972348690033,0.6666666865348816
0.6702349185943604,1.4217875469387364,-0.2617647051811218,-0.6998776793479919,0.9010117298285867,-0.9566229581832886,-1.3124111410712436,0.848249983123099,0.7256947551395465,0.1108487918972969,-0.631800651550293,0.5
-0.5422053933143616,-0.8568916916847229,-0.2276404489848755,-0.766541063785553,-0.6429623365402222,-0.0017111222259700298,-0.20184060362890527,-1.0026944182932571,-0.15362077951431274,1.1870819743106826,0.32867181147008756,0.5
-0.3148728311061859,2.1036404729792215,-1.6737422507121285,-0.6332142949104309,0.6844795535307371,-1.349821925163269,-1.8227515452134906,0.41959731641820147,1.5438677196348771,-0.22748023309155466,0.13320284739259441,0.3333333432674408
-1.0476235684194164,-0.20309685170650482,-0.5335727334022522,-0.6743398970370101,-0.098339321768887,0.3910030928983201,0.25679823566470583,-0.1704150822445806,0.9686561822891235,0.8259598622170576,0.04281972348690033,0.3333333432674408
-0.16331779956817627,1.3279169918408553,-1.9174060542950497,-0.6554354429244995,0.5493800472821688,-1.1813081502914429,-1.576320890467678,0.7807906017825249,1.3427485227584839,0.6451131105422974,-0.46314552426338196,0.6666666865348816
0.8217899799346924,-0.5002763271331787,0.4177553057670593,-0.8554255366325378,-0.6464099216927867,-0.8442803621292114,-0.262119735647965,-0.9580577099175462,-1.3804672176402493,-1.3528958046963206,0.12714727222919464,0.3333333432674408
-1.4952785097541152,0.15351851284503937,-0.397668719291687,-0.6776565313339233,-0.4801901578903198,-0.2825675308704376,0.10387595320953218,-1.9626426371069248,-0.028923334553837776,2.0358149143453392,2.930223521432989,0.6666666865348816
-0.6179829239845276,-0.7974557876586914,0.07799530029296875,5.784608960675195,-0.2902892827987671,-0.45108139514923096,0.0918285304040866,2.3009906913387645,-1.4005951881408691,-0.8818862398674956,-1.4229265689494202,0.5
-0.01176275685429573,1.7190308381895116,-2.1644208431243896,-0.7220988273620605,0.5778290033340454,-0.6195952296257019,-1.225078712367138,0.9425355810596373,2.2393668694146367,0.3111979067325592,-0.9691107869148254,0.3333333432674408
0.21556980907917023,-0.3219686448574066,-0.12586070597171783,1.3255493778079657,-0.3174179792404175,1.9470398910841686,1.1166153742095815,0.20245868626536215,0.47499579384240015,-1.9738327157499047,0.9074483625106066,0.5
0.36712485551834106,0.1150313141347864,0.2939853270344664,-0.048966592182890234,-0.04613102599978447,-0.90045166015625,-0.6766291378460252,0.8559989286301253,0.5945638418197632,0.8496050744696083,0.12714727222919464,0.5
0.06401476263999939,-0.9904161268168731,0.34980329871177673,0.6114545950636051,-0.42593276500701904,0.6723442673683167,0.9913619442215521,0.0687894434621474,-0.7771079540252686,-0.49019855260849,-0.2101629078388214,0.5
-0.08754027634859085,-0.6191481351852417,-1.0009379724245546,0.6402027475413361,0.722746018298897,0.6443128247686367,0.9401915608085815,0.5332229434226976,-0.23794224263848662,-0.6237646341323853,-1.224543140026268,0.3333333432674408
0.29134732484817505,-1.0710241839764014,1.1641935387350486,-0.8554255366325378,-0.2089032083749771,-0.4249169921504196,0.6209037892250845,-0.9700135939708432,-0.5567653281386525,-0.5569815635681152,0.5487849712371826,0.5
0.06401476263999939,1.2346616002923312,-0.397668719291687,-0.4775946540292037,0.353493188575535,0.33531656861305237,2.2188557249338143,0.380340909235425,-0.6524105072021484,-0.6237646341323853,-1.559403657913208,0.3333333432674408
-0.3148728311061859,0.1486650206666436,0.9576442349540025,-0.03390937052147887,0.2389942982968284,0.11063144356012344,1.609868408469894,0.021879722218111526,-0.9018054008483887,-0.5404810119943512,-0.9796922903050392,0.3333333432674408
0.4429023563861847,0.15351851284503937,0.17992173914197473,1.3967634245472602,0.6092153443934719,0.8958924191424554,1.2554605541231763,1.5276159800231297,-1.4005951881408691,-0.5569815635681152,-1.4750760793685913,0.5
0.1397922784090042,-0.5002763271331787,1.7147625455744866,-0.9461703531485596,-0.37167537212371826,-0.90045166015625,0.029243517877780584,-0.6264272130902026,-0.7771079540252686,0.7118961215019226,0.21147480607032776,0.3333333432674408
0.03236360428623943,-0.14366096258163452,1.7055029821427488,2.2296554382231766,-0.39880406856536865,0.8846802591867575,0.34858663476079343,1.3130135965685406,-0.4030156433582306,-0.5809321929456437,-1.3681796819534306,0.3333333432674408
0.21556980907917023,-1.0385678530286258,0.12847912021011554,2.2708820410085817,0.7041847122148218,0.6240967275163388,0.01547836648999169,1.5551062733470578,-0.1747869436933468,-0.890896737575531,-1.306420922279358,0.5
-1.148425579071045,-0.2625327408313751,-0.4077681836099101,-0.3450417944500976,-0.2631605863571167,2.1795321070978835,1.298027354324591,-0.9097808932220792,0.7028909370838816,-0.4644089233598256,0.3801299035549164,0.3333333432674408
-0.7087581082700369,-0.4408404231071472,0.23013931978105445,-0.8776466846466064,-0.9782326815983049,-0.731937825679779,-0.8870697724008387,-1.7490939308099633,0.2204715460538864,-1.1798847612821206,1.0770752400637562,0.5279073667363476
5.3011062760652194,-0.5597122311592102,1.5114889645870115,-0.7220988273620605,0.061205890856908876,-1.0689655542373657,-1.2286709411799623,1.6405704778013863,-0.9641541242599487,2.156577003501884,0.7174400687217712,0.6666666865348816
0.5944573879241943,-0.3814045190811157,0.07799530029296875,0.6483380220698741,-0.2631605863571167,0.09753241641266214,0.8787526099925098,0.8559485220039005,-1.2685450262318132,-0.7144363553253722,-0.9462138943094943,0.07164981305295313
-1.4992723482219261,-0.9894676000400878,-0.19381269812583923,-0.8998677730560303,-0.6158336400985718,0.33531656861305237,0.22185460252914088,-1.105314889798273,0.6561406885228602,-0.42341551184654236,0.07126675183552936,0.5
-1.347509778891241,0.09160473139968761,-0.5335727334022522,0.6774625360576574,-0.7243484258651733,-0.22639626264572144,-0.7268945158101998,-1.1936993183930409,0.9686561822891235,-0.49019855260849,1.8295829486617516,0.5
-1.4461398172032556,0.9288096249397736,-0.8542056051162492,-0.8019627410676667,-0.6855247024421018,-0.9992535209341665,-0.43521487642335405,-0.986574656601001,0.46986642479896545,-0.890896737575531,-0.2101629078388214,0.5
-0.6179829239845276,2.2866657838296347,-2.127281607150674,-0.766541063785553,-0.28063744104083427,-1.1251368522644043,-0.6568532587583243,0.01863428960503767,0.2204715460538864,-1.1460345950799362,-1.4080500688812232,0.021382472943532276
0.21556980907917023,-0.2625327408313751,-0.6694766879081726,-0.8949022054717939,-0.478801170586819,-1.1159861887612657,-0.39537298863027454,-0.7630874131266946,-1.3558904313316735,-1.2596290175324882,-0.1546567694775695,0.3333333432674408
-0.2775055437616869,-0.6191481351852417,0.5751330068221706,-0.8109833002090454,-0.39880406856536865,0.15338544413625455,-0.52677944543486,-1.2586234442108495,0.9414304217799145,-0.22306638956069946,0.9704226851463318,0.5
6.353549003601074,6.6950692954636555,9.113564686315302,1.4326623126794487,13.276987648544752,-1.4059932231903076,0.2007658654324344,5.3161420822143555,-3.1463592052459717,9.58764897364692,1.392060399055481,0.5
0.5186799168586731,-0.6785839796066284,1.5947947770167057,-0.8776466846466064,-0.7243484258651733,0.7846868634223938,1.1218250376850554,-1.1789440472210893,-1.151200294494629,-0.957679808139801,0.6331125497817993,0.5
-0.01176275685429573,0.3493575020926639,1.64072138936652,-0.7395722164760348,1.1423827715536985,-0.6195952296257019,-1.0606268285215248,0.4918005808383747,-0.7147592306137085,-0.42341551184654236,-0.40789467405324487,0.5
0.5944573879241943,0.39276980648152976,1.1652272939682007,-0.6998776793479919,3.616512593949788,-0.9566229581832886,-0.8016426619811307,0.699768380382967,-1.0888515710830688,1.4441863575373262,-1.0534383058547974,0.3333333432674408
0.21556980907917023,-0.024789171293377876,-0.7575494412191626,0.25976880545527725,-0.3984934346665467,1.065543293952942,1.339467552220501,0.3897196403678482,-0.24445161292082274,-0.7573306560516357,-0.8847832679748535,0.5
-0.9968705177307129,0.27239030599594116,-1.6666726251637056,-0.47057127507155216,-0.586308371380312,-0.5634239912033081,0.6945265850394807,-1.3483659833882626,0.9686561822891235,1.0191545732180674,1.6450706195414846,0.6666666865348816
-1.1597090922392668,-0.7974557876586914,-0.4656206965446472,-0.544329822063446,-0.6700910329818726,0.05446016043424606,0.6238740662248075,-0.9879864331963846,1.4335785524371607,0.046517815726138445,1.5603665519647723,0.3333333432674408
-0.08754027634859085,1.6681884786243044,-1.6130647382230026,-0.6332142949104309,0.6184257901344853,-1.4028857612919354,-1.6765191277535803,0.5621826868524257,0.9686561822891235,0.17763182520866394,-0.631800651550293,0.5
2.9206182576283553,0.21295440196990967,-0.12586070597171783,-0.6075374402931751,1.2214967146583982,-1.0689655542373657,-1.7204636833833955,1.2386589826739682,-0.41064520223549095,2.3925841664060816,0.21147480607032776,0.5
0.29134732484817505,2.0008782524895072,-2.070184038787768,-0.7220988273620605,0.5759042254836624,-1.2936506271362305,-1.7262612658376852,0.5143285856714075,1.0933536291122437,-0.02271728403866291,0.3801299035549164,0.5
0.21556980907917023,-0.1643721293240625,2.6519950934647607,0.5760433574668342,-0.4077233048802321,1.3761803256893375,0.7655205422704866,0.9327733226415308,-0.8178209065965318,-0.34186538829699803,-1.7482914832051677,0.3333333432674408
-0.5422053933143616,0.02082167818563986,1.6851587689883996,-0.7121929664844407,3.9902730099038943,-0.029564189517360305,-0.7654656661773089,-0.2726070569669881,0.2828202545642853,-0.02271728403866291,0.3801299035549164,0.5
2.3226265749931483,-0.8568916916847229,1.1652272939682007,-0.7443199157714844,-0.34454667568206787,-1.4059932231903076,-0.49029353312678725,0.5874980435058402,-2.5970940497058974,1.6210563793123642,-0.8004556894302368,0.5
-0.2959795647016522,-0.3814045190811157,-0.4656206965446472,-0.395227402455739,-1.2801506784806203,0.9532006978988647,0.47353836012695055,-1.596281708885969,-0.7771079540252686,-1.0244628190994263,1.813698172569275,0.1666666716337204
3.613409339913371,0.7788113469556658,1.5096951063935602,-0.6109932065010071,0.4538499262417941,-1.3192642763890234,-1.6004791958131575,1.2011811404713888,-0.46536436676979065,1.2579858158136867,0.759462030891602,0.5
-0.9210929870605469,-0.754378123708755,-0.6694766879081726,-0.8554255366325378,-0.42593276500701904,-0.9871583932033152,-0.06230681545490654,-0.5286850460376472,0.5945638418197632,0.3111979067325592,-0.7161281704902649,0.5
0.5944573879241943,-0.33416017069927567,0.6895633339881897,-0.8554255366325378,-0.9732208729871908,-1.4059932231903076,-1.0808599741193243,-1.197129880745483,-0.9613114777236106,-0.6472938047563257,0.4644574522972107,0.1666666716337204
0.7963337531230976,-0.08422506600618362,0.21389929950237274,-0.8109833002090454,-0.6429623365402222,0.07995175719768959,0.24984053509952453,-1.0633293149616023,-0.46536436676979065,-1.2446066819290191,1.392060399055481,0.6666666865348816
-0.2390953153371811,-1.0850086480785852,0.3961021630950941,1.3997459477223884,-0.4953498149304379,1.3499383166900223,0.48222456882129905,0.42912786247915835,0.4310786404960463,-1.2915949821472168,0.5487849712371826,0.5
0.5186799168586731,-0.48892812886799625,-0.397668719291687,-0.766541063785553,-0.6158336400985718,0.389805679186544,-0.2956290881371784,-1.0683725808332123,-1.9619503261048072,-1.0912458896636963,0.012558711959242942,0.5
-0.7695379853248596,-1.334623293261556,-0.05790869891643524,2.0743003666544215,-0.5887049436569214,-0.5634239912033081,0.14127195218726815,1.3038621960933543,1.280869367431248,-1.389008312881213,-1.2220934629440308,0.5
-2.58819842338562,7.345261573791504,-2.1644208431243896,-0.9887523055076599,-1.2940510511398315,-1.630678415298462,5.739711284637451,-2.504413366317749,4.896625518798828,9.794388771057129,3.078611373901367,1.0
0.18191045248589455,-0.23962767067937638,-0.2617647051811218,-0.8554255366325378,-0.2360319048166275,-0.17022497951984406,0.7189214228150295,-0.4090800329728161,1.5585759795165073,-0.8241137266159058,-0.17633664038996114,0.5
-0.7695379853248596,-0.6847886044117434,8.894146055620116,0.43110377009333817,-0.561576247215271,0.6161730289459229,0.8818338569464556,0.091832988713189,-0.2159694880247116,-0.2898494303226471,-0.9691107869148254,0.3333333432674408
-0.2390953153371811,-0.5597122311592102,-0.5335727334022522,1.0380642560495092,-0.3174179792404175,1.90831606391319,1.2347014965880054,0.1158295450388897,-0.9018054008483887,-1.0244628190994263,-0.2944904565811157,0.5
-0.8453154563903809,-0.5597122311592102,-0.397668719291687,-0.5169014503873083,-0.7590930922378382,1.038473119219824,0.22535294100332792,-1.5803463406914007,-1.213549017906189,-0.8241137266159058,1.223405361175537,0.5
-0.16331779956817627,-0.6191481351852417,-0.4656206965446472,1.666151185953381,-0.10038841515779495,0.8011386786343897,0.18058730665380837,-0.07745827046936196,-0.6524105072021484,0.4447639584541321,0.8931801692770607,0.5
0.5186799168586731,-0.8404264612737381,1.3647503170898738,-0.42394734587032545,-0.5344475507736206,0.9532006978988647,0.9443861115939467,-0.24840346454608334,-0.46536436676979065,-0.5128598633526912,-0.2570732992117214,0.5
-0.3148728311061859,-0.7974557876586914,-0.19381269812583923,-0.024492156364020023,0.062383756041526794,-0.17022497951984406,0.24251248018991678,-0.03256715852185925,-1.7480568016474543,0.5115470290184021,-0.9691107869148254,0.5
-0.7627164766694204,-0.9757634997367859,6.575227021572114,0.707076674889524,-0.5690572286930394,0.7076398197534293,1.3443163764746775,-0.5180964959865594,0.0957741066813469,-1.4910715773109269,0.8308372438677455,0.5
-0.6179829239845276,0.3060886520008913,-0.2617647051811218,-0.031567446946416514,-0.2089032083749771,0.4476591646671295,0.4506106376358137,-0.860420754204597,-0.46536436676979065,0.47927261405419963,0.8303040335057731,0.5
-0.08754027634859085,-0.7974557876586914,0.21389929950237274,1.2377706535896384,-0.10284451823145449,1.554995868101551,0.9469925980045139,0.8120371699126727,-0.1398473164042403,0.24578550167931457,-0.5474730730056763,0.3333333432674408
1.4949544978389298,0.395908005715779,0.288070180145615,-0.6998776793479919,1.39722976074396,-1.1251368522644043,-1.5609777178645696,0.6610902511383168,-0.15362077951431274,2.0710092798759416,-0.11640827930961621,0.5
-0.4082291294363268,0.41760772394412965,-0.9171561513250268,1.1851637632316183,-0.4941617766515948,-0.5072526931762695,0.04350059345490669,-0.7888114901186738,-1.0888515710830688,-0.22306638956069946,1.5607155561447144,0.6666666865348816
-0.46642789244651794,-0.5973598462924604,0.07799530029296875,-0.7220988273620605,-0.6158336400985718,0.21150954984093656,0.11783559380880529,-1.4307394115046437,-0.028923334553837776,-0.681998895406837,1.0547502040863037,0.8333333134651184
-1.278075295562415,1.1386427764409257,-0.397668719291687,-0.49692942825531544,0.4955278109794137,0.5916446587628699,0.4444883553392324,0.5116666379575712,4.826273875627701,0.9684775223410539,1.2239207205559595,0.5
-0.9968705177307129,0.535740715732715,1.660937994851251,1.1398290630812207,-0.04613102599978447,0.05446016043424606,1.2324216054995958,0.47387106554252195,-0.3273117471563798,-0.33985155639884024,-1.0534383058547974,0.5
0.4429023563861847,-0.2625327408313751,-0.3297167122364044,-0.8554255366325378,-0.8328632116317749,-1.2936506271362305,-0.9441433295473467,-1.1322231510061458,-1.067462947039849,-1.0396658580524603,0.5487849712371826,0.3333333432674408
-0.5556629289303041,-0.14366096258163452,-0.05790869891643524,0.34829972688961947,-0.34454667568206787,1.2179509713611998,1.2564570436316682,-0.6177140071507458,-0.25428947608456265,0.4447639584541321,0.5005602391176426,0.6666666865348816
-0.01176275685429573,1.7616558245045848,-2.1191972814436433,-0.6776565313339233,0.6688982235942742,-1.4059932231903076,-1.7785630957747536,0.32827091379979034,1.9979885026166548,-0.49019855260849,0.34583734309957626,0.5
1.5580097532554185,0.27239030599594116,-0.8053807020187378,-0.6332142949104309,0.5048922782517224,-0.7817974600883439,-1.2516180868315,0.816163083116965,-0.46536436676979065,-0.3307240786084119,-0.1258353590965271,0.3333333432674408
-0.16331779956817627,-1.1141633625469995,0.14594730734825134,-0.8554255366325378,-0.3057200754082785,-0.22639626264572144,-0.6126091397689707,-0.9124327984053046,0.7708008491567986,-0.0895003229379654,0.6331125497817993,0.5
-0.16331779956817627,0.2770923503047854,0.07799530029296875,1.5289328869583787,-0.12499517299420682,2.0413813924401603,3.088533841022887,0.8836541109570512,-0.2781740649950992,0.04406575486063957,-1.2220934629440308,0.3333333432674408
-0.6213812971085856,0.07704271348632588,-0.05790869891643524,-0.2030233365132046,-0.6158336400985718,-0.3387388288974762,-0.4850982153523268,-1.3198439324325117,-0.2159694880247116,-1.270456142726063,1.1690823534279797,0.6666666865348816
-0.7960370311084147,-0.5751269964433139,1.0293233394622803,1.5463696901447355,-0.6362693340028913,0.6723442673683167,0.4417094886467897,-0.18478362631834155,-0.7771079540252686,-1.4526808410389802,0.801495201268467,0.5
-0.9968705177307129,-0.3814045190811157,-0.68219359121612,2.096170032976566,-0.42593276500701904,0.9192256944510281,0.7694899449269579,0.8880879508041359,-0.5277130603790283,-0.8586068738185325,-0.8847832679748535,0.3333333432674408
-0.6937604546546936,0.19326057456522616,-0.12586070597171783,1.117307903970247,-0.39880406856536865,-0.8442803621292114,1.6515688094055518,1.0307448361949791,0.5322151184082031,0.9122452139854431,-1.0534383058547974,0.3333333432674408
-0.01176275685429573,0.3947542150568831,0.07799530029296875,0.2725569358978726,-0.561576247215271,1.1277252465407195,0.7022443780480535,-1.3983448012378974,-0.15362077951431274,-1.4226200753313019,2.321974936795817,0.6725189804389813
1.8220587686416392,-0.3142312338839063,1.2564965327817277,-0.355027537211909,0.26018569975783734,-0.17022497951984406,-1.3220575646074328,0.8324797382461918,0.0957741066813469,0.9790282845497131,1.392060399055481,0.8333333134651184
-1.3002460746561235,0.8789994378316346,-1.2623015626436804,-0.6109932065010071,0.4353348025398006,-1.237479329109192,-1.5731839790190445,-0.6568094485246271,2.0242833673137755,0.3111979067325592,1.5607155561447144,0.5
-0.9210929870605469,-0.6785839796066284,-0.3297167122364044,1.641337850681338,-0.22613715655047262,1.4064032883769486,0.9579001226127831,1.1977653227519398,-0.5748068117072461,-0.42341551184654236,-1.7580823572940492,0.5
-0.8075638985104449,-0.5359081790616514,0.28185129165649414,-0.5277074611107111,-0.561576247215271,0.19654555710948662,-0.3181047844828326,-1.496010103898744,-0.46536436676979065,1.342795041736169,1.5607155561447144,0.6666666865348816
1.2627989230808536,0.5441136149998208,0.8934193253517151,-0.8134722290806091,0.6512725868855362,-0.2825675308704376,-1.1145077744462828,1.075915342723633,0.46986642479896545,0.6779481097018024,-0.9691107869148254,0.008383977182582684
-0.46642789244651794,-0.8568916916847229,0.14594730734825134,0.4183864785606851,-0.39880406856536865,0.7199153998922844,1.1509925434272266,0.19688603430505855,0.13448889195752023,1.2222508245356036,-0.17597256925896565,0.5
-0.6937604546546936,-0.5002763271331787,-0.12586070597171783,-0.018758636371693282,-0.34454667568206787,1.2375526578409033,1.7255190912069418,-0.13572974833335522,-0.2159694880247116,0.1192613696810852,-0.46314552426338196,0.5
1.2678045370184352,-0.3219686448574066,-0.4632081084344822,-0.8554255366325378,1.7178410945170577,-0.3949100971221924,-0.21848417301045492,0.8042588137471542,-0.4030156433582306,2.4261686204003716,-1.137765884399414,0.3333333432674408
-0.16331779956817627,-0.6191481351852417,0.14594730734825134,-0.4402373865799602,-0.4801901578903198,0.5742147066275001,0.4554639590773274,-0.26994256483758283,0.4075177013874054,0.3118486203707659,-0.08698856551475287,0.5
-1.224203109741211,-0.6191481351852417,0.4857073128223419,1.00208755504566,-0.6158336400985718,2.2735818196853343,0.4396505649383643,-0.5208022549935262,-0.2738751109709747,1.2218339039108272,0.4644574522972107,0.5
-0.46642789244651794,0.09408261626958847,0.14594730734825134,-0.526678984802549,-0.39880406856536865,0.5268654628630699,0.4964852926750145,-0.010115639344606239,1.3427485227584839,0.3854122434910032,0.04281972348690033,0.6666666865348816
-0.47161577246610453,-0.2625327408313751,0.8254672884941101,1.721189301648431,0.39068012178779676,1.6208050901333135,1.230574979334192,1.0431202703097875,-1.242172664818659,0.11570639031374344,-1.4395184288916392,0.3333333432674408
6.353549003601074,-1.5701223611831665,9.11561107635498,-0.9887523055076599,-1.2940510511398315,14.546651840209961,5.739711284637451,5.3161420822143555,4.896625518798828,9.794388771057129,3.078611373901367,0.0
1.279964486429559,2.4739827401988115,-0.941284716129303,-0.07310264825018606,0.5778290033340454,-0.2825675308704376,-0.1839579875753475,0.9583902969891012,-0.6524105072021484,0.2870114304277558,-0.7161281704902649,0.3333333432674408
-0.9210929870605469,1.360424012527176,-1.5586578543236336,-0.6998776793479919,0.5102990168043192,-0.45108139514923096,-0.8719077684342242,-0.18861620428236864,0.9063074588775635,0.6000313188062184,-0.8847832679748535,0.3333333432674408
-0.46642789244651794,-0.20309685170650482,-0.3297167122364044,-0.6109932065010071,-0.2360319048166275,-0.17022497951984406,0.7284401745996218,-0.4561208301508356,0.46055787819168614,-0.5569815635681152,-0.1258353590965271,0.3333333432674408
-0.2390953153371811,0.2991780938957539,0.4857073128223419,-0.6554354429244995,-0.5381629240380066,-0.16415002635045056,0.5747999964819308,-0.10458792127810218,0.21502419771935405,-0.02271728403866291,-0.1258353590965271,0.8333333134651184
1.394222216202994,-0.7974557876586914,1.1652272939682007,-0.04040767135858874,-0.564328256283871,-0.3440772072010519,0.8323843577118573,0.15060964895372825,-1.860507089524032,-1.4341369781028768,-0.8847832679748535,0.3333333432674408
1.4821393904971547,0.6528458728748069,-0.05790869891643524,-0.5022927677157132,0.4356629024248786,-0.6310932140815845,-1.3015086434248857,1.033216118812561,0.08133981299496926,1.2109595954362125,0.04281972348690033,0.5
0.5944573879241943,-0.6191481351852417,-0.5423677010646629,-0.8677362135728471,-0.10038841515779495,-0.3387388288974762,0.6393233428039929,-0.6143700164389913,1.0166301828059947,-0.22306638956069946,0.4644574522972107,0.5
-0.2390953153371811,-0.3814045190811157,-0.19381269812583923,0.17963950215950147,0.4948493474050977,0.22726887299389345,0.07551095908528538,-0.23155472856970533,-1.1381819501288775,-0.6905476450920105,-0.8847832679748535,0.5
2.328254577010042,1.009568764081058,1.1218614425859172,0.1939082802397446,-0.2902892827987671,-0.7881091237068176,-0.0878067796586397,-0.46311864596675745,-0.2783181965351105,-0.43827629186172545,1.6935024741812401,0.3333333432674408
-0.07754544740676936,-0.7380198836326599,1.3413198008664324,1.548668356456745,-0.39880406856536865,0.8406674674766218,0.2376486747563596,0.08969542798052936,-1.3951662507486762,-0.0895003229379654,0.5487849712371826,0.6666666865348816
-0.5422053933143616,-0.01706034042038696,-0.8612499921010751,-0.8554255366325378,-0.21064779134341566,-0.8442803621292114,0.4867017706114173,-1.3529092340094118,-0.9641541242599487,-1.0244628190994263,0.6265611349111153,0.5
-0.01176275685429573,-0.5002763271331787,0.4177553057670593,0.7656316904795586,-0.2631605863571167,1.6806470430106017,1.0076003888938512,0.5923571154864022,0.033425383269786835,1.3490901047237207,-0.46314552426338196,0.5
3.0785052211409556,-0.4270330187072443,2.042526460421677,-0.6998776793479919,0.7406074745481065,-0.3997796835401621,-1.2832126639140644,0.9317103463885174,-0.4030156433582306,1.7046894344485832,0.21147480607032776,0.6666666865348816
5.948313913670431,7.345261573791504,1.5665978788591848,-0.9887374115563788,-0.5887049436569214,-1.6306602589083703,-1.9040257930755615,-2.1184349998735064,4.896625518798828,-2.092991352081299,3.078611373901367,0.0
-0.16331779956817627,-0.3219686448574066,-0.19381269812583923,-0.6776565313339233,-0.6700910329818726,0.5038304328918457,-0.44148034758963633,-1.241172029761813,-0.7229626766845082,0.4486244241443169,1.1390777826309204,0.5
0.6702349185943604,0.03464672341942787,-0.19381269812583923,0.44819096941189573,-0.8259390393108184,-0.7659267980018367,-0.841922034993627,-0.8570940132639254,-2.021326984198121,-0.9172365218120683,1.8010429011554026,0.5
-0.7695379853248596,-0.14366096258163452,0.43265621864041476,2.321708267769824,-0.8328632116317749,-0.5072526931762695,-0.4100950726832998,0.3601616592451683,-0.4030156433582306,-0.5569815635681152,0.7174400687217712,0.5
-0.08754027634859085,-0.2625327408313751,1.570927506486129,-0.8109833002090454,-0.18177451193332672,-0.45108139514923096,0.610986364735854,-0.22790466176225738,-0.34066691994667053,0.24441486597061157,-1.0534383058547974,0.3333333432674408
-0.01176275685429573,-0.3814045190811157,0.084425641908243,-0.5240620486096222,-0.5344475507736206,-0.6195952296257019,-0.4389546125308413,-1.3132339712721066,-0.5900617837905884,-1.532244942765163,1.1247138502285439,0.5
-0.46642789244651794,1.2899921907441352,1.1652272939682007,2.3099888728118776,-0.10038841515779495,1.7744752874876712,1.5259263328110997,1.644229510586825,0.02840984473206548,0.4241593197847744,-1.2220934629440308,0.3333333432674408
-0.46642789244651794,-0.08422506600618362,-0.3297167122364044,-0.5350197827859142,-0.6158336400985718,-0.11605084703060031,-0.019509974867105484,-1.7582365416244672,-1.4414827174078826,-1.0912458896636963,1.7724992371393624,0.7290838784237819
-0.16331779956817627,-0.6785839796066284,0.14594730734825134,0.3510212436138221,-0.19924879229674466,0.33531656861305237,1.0315675424827435,0.16984544389049352,0.9729373256724368,-0.02271728403866291,-0.1258353590965271,0.5
-0.01176275685429573,-0.5597122311592102,-0.2617647051811218,1.4024021668979856,-0.36170391779636496,0.9725432002387595,0.964660421586614,0.8314133616685889,-0.5277130603790283,-1.0244628190994263,-0.631800651550293,0.3333333432674408
0.5184547393772849,0.27239030599594116,0.5536593198776245,-0.6554354429244995,0.4031978752833745,-0.22639626264572144,-0.3500210100435393,-0.1412155043024728,-1.452412911212138,0.657081533753769,0.8218876245630624,0.6666666865348816
-0.2390953153371811,-0.5597122311592102,0.28185129165649414,2.0560006853232924,-0.37724246487943863,2.0170314257362425,1.8100404580719638,1.6544554835516805,-0.15362077951431274,0.6451131105422974,-1.2220934629440308,0.5
-1.0898204740005475,-0.14366096258163452,-0.12586070597171783,-0.5887720584869385,-0.6158336400985718,1.1217145919799805,1.0411671272178298,-1.3171434802377957,1.3346506535407954,0.24441486597061157,0.8519928747353781,0.5
0.21556980907917023,-0.7238786844262026,1.1652272939682007,1.6385150939734678,-0.12345449273773568,1.3053463617280618,0.8466740767294506,1.3624994861288409,0.5322151184082031,-0.8241137266159058,-1.137765884399414,0.3333333432674408
-0.01176275685429573,1.008515593278345,-0.4656206965446472,1.2491737548576933,-0.3174179792404175,-0.6633859749566154,1.9623081562442872,0.6268088089639975,-0.4305804729217163,0.3111979067325592,-0.5474730730056763,0.3333333432674408
-0.5422053933143616,-0.08422506600618362,-0.397668719291687,-0.393297308268778,-0.6429623365402222,0.18481724705170932,0.35866604307895195,-1.4916458738259184,-0.46536436676979065,-0.02271728403866291,1.9720235993415551,0.5
-0.7183792517021411,0.5101338624954224,-1.440686354643923,0.42951994182792,-0.13473712253918552,-1.349821925163269,-1.205844497045906,0.21744667589281305,1.192710249060168,-0.6237646341323853,-0.2101629078388214,0.3333333432674408
-0.6179829239845276,-0.4408404231071472,0.010043300688266754,-0.11452067852386345,-0.7243484258651733,0.2229740172624588,-0.012707944961000155,-1.127789127167967,0.46986642479896545,-0.49019855260849,1.3752982134577236,0.8333333134651184
-0.20238565825458155,1.0204270411209249,-0.6385307020731349,-0.8554255366325378,-0.6700910329818726,-1.6009594947809986,-0.6134273603099191,-1.2825266139915992,-0.7147592306137085,-0.6237646341323853,0.16746031237194597,0.5
-0.6647703797799906,-0.14366096258163452,-1.2394701986659131,-0.5887720584869385,-0.6700910329818726,3.6569505912787266,1.2062349463575397,-0.6549054686935191,0.24761335962155265,-0.7334390251964588,-0.46314552426338196,0.5
0.8600049664210053,1.626937567597149,0.8934193253517151,1.2342411045624084,-0.5036416014033983,-0.3714733925971029,1.6935510250768468,1.033216118812561,-0.7407721502831761,1.2861290635326204,-0.37881800532341003,0.3333333432674408
-0.08754027634859085,-0.7380198836326599,-0.13841401208630705,-0.6776565313339233,-0.2631605863571167,0.2791453003883362,-0.31552612500631494,-0.9232425281225548,-0.2783181965351105,-0.8241137266159058,0.3801299035549164,0.5
0.4429023563861847,-0.024789171293377876,1.3772488876426312,-0.6841102369275744,0.6627914314414056,-1.4418378506958107,-1.712240184789311,0.6898738510305802,0.7192612886428833,0.870821326921963,-0.9691107869148254,0.3333333432674408
-0.5422053933143616,-0.7380198836326599,-0.4790053968872614,-0.6332142949104309,-0.8889933404034704,-0.5634239912033081,0.11213660452849881,-1.5074225103477383,-0.9018054008483887,-1.5070963849509573,1.5341810821981816,0.6666666865348816
-1.6171432356286857,-0.8568916916847229,-1.5279120803080504,-0.833204448223114,-0.6429623365402222,-0.6757665276527405,-0.2938549118756485,-1.2476402900306292,0.9360262323477847,-1.1580289602279663,0.21147480607032776,0.6666666865348816
-1.224203109741211,1.5096498511331775,-1.3882287809386558,-0.6028692794322404,-0.2902892827987671,-1.1251368522644043,-1.577290414046433,0.025948504627641412,2.24840914452856,0.7786791324615479,0.4644574522972107,0.3333333432674408
-0.16331779956817627,1.7893930016760922,-2.1644208431243896,-0.7012760320323782,0.4507615437565481,-0.6432449350648253,-1.4174028686825244,0.19826310938755373,1.1557023525238037,0.8784303964889132,-0.1258353590965271,0.3333333432674408
-0.9968705177307129,-0.14366096258163452,0.6895633339881897,-0.766541063785553,-0.6700910329818726,-0.0578824058175087,-0.4324719503500922,-1.7420319130441384,0.033425383269786835,-0.6905476450920105,1.8542742958922411,0.3333333432674408
-0.3148728311061859,0.024684105544014907,-0.3297167122364044,-0.6998776793479919,0.8723519961770086,-1.4059932231903076,-1.7784846276554236,0.3693702407752678,0.5945638418197632,0.04406575486063957,-0.9691107869148254,0.5
-0.5470674199950909,-0.6191481351852417,-0.11129607514808333,-0.10343793704467397,-0.8270677995895634,0.2791453003883362,-0.26137020741474154,-1.4553913776221952,-0.9212096139293517,-0.6237646341323853,1.3191554564021861,0.5
-0.9210929870605469,0.032263458682168886,-0.7314867108447679,0.6748966638748278,-0.16816265290164642,0.33531656861305237,0.3783532915072808,-0.7163244299751363,0.1812407717148738,-1.1580289602279663,0.5963141805404282,0.8333333134651184
1.8679793101935362,-0.7974557876586914,0.8254672884941101,-0.1927814399656061,-0.1580372658609545,-1.036956985568475,-0.7415794180154973,0.7967723217191579,0.13171943199266353,2.33650707577093,-0.8004556894302368,0.6666666865348816
-0.2390953153371811,1.6668397190270692,-0.19381269812583923,1.255513440744599,0.3074866120223843,0.4266858362946274,0.0033568460746832987,1.0416175503685727,-0.028923334553837776,0.3111979067325592,-0.9691107869148254,0.3333333432674408
-1.0579824653917893,-0.9757634997367859,-1.1359859262647118,-0.3209911400659713,-0.49082512188513533,0.33531656861305237,0.6303155113953506,-0.5924093453978244,0.15812282264232635,-0.49970260052408444,-0.46314552426338196,0.3333333432674408
0.36712485551834106,-1.1330413872602048,-0.05790869891643524,-0.06861915946637584,-0.5073188543319702,-0.14855972684271745,-0.42211259922316646,-1.104072667425888,-1.213549017906189,-0.49019855260849,1.2901988006237985,0.3333333432674408
1.0582773374502645,-0.7241816724915736,0.5536593198776245,-0.6998776793479919,0.5875538892038965,0.19920788249715626,-0.9821850323751773,1.1024302310980183,1.4463356411398212,2.0434947746571845,-0.8847832679748535,0.5
-1.7323782646925943,0.5867121763694104,-0.2617647051811218,-0.5847189376779778,-0.8328632116317749,0.11063144356012344,-0.18762813447692253,-2.2092991447076,1.0831685703049316,0.37798094749450684,2.697706101152696,0.6666666865348816
-0.035597023862510166,0.5716478745720236,-1.202879771655422,-0.6554354429244995,-0.07325971871614456,-0.0017111222259700298,-0.6266540530809358,-0.5521116423971972,0.15812282264232635,0.3111979067325592,1.0185743747925415,0.5
0.4429023563861847,0.7139688873096154,-0.6769329299033819,0.31029249609223203,0.03315015644916558,0.2791453003883362,1.487356304936417,1.1289023166055838,-0.7147592306137085,-0.42341551184654236,-1.137765884399414,0.5
-0.8821366766361918,-0.7974557876586914,1.1652272939682007,2.6894021265183645,-0.18909605080869513,0.8787408728346202,1.240431416241471,1.5713192835692595,-0.7771079540252686,0.5282074535158102,-1.306420922279358,0.3333333432674408
-0.2390953153371811,-0.5597122311592102,0.6216112971305847,-0.8554255366325378,-0.6158336400985718,-0.3387388288974762,0.2566928440144456,-0.7691627276089339,1.1557023525238037,-0.42255755679873636,0.29580235481262207,0.5
-1.1367408703651891,1.2580323242429832,-2.0205042952664996,-0.7239717804622869,0.9847251385654221,-0.9741670145344143,-1.4034923280580833,0.29291954430404676,1.4526772409920032,0.6678755419227672,-0.5654988622244462,0.5
-0.08754027634859085,0.9244274563903382,-1.9401801966405499,-0.7887621521949768,0.9281446675761752,-1.237479329109192,-1.497418020172956,0.7987371094147809,0.7050335928814688,1.8265207853089431,-1.2220934629440308,0.42474586103098816
-0.08754027634859085,-1.213507056236267,0.4177553057670593,-0.833204448223114,-0.23451074108762596,0.16680273413658142,0.6185023142024265,-0.5121811027474462,0.9063074588775635,0.3111979067325592,-0.2101629078388214,0.5
0.4429023563861847,0.5937454363249784,1.1652272939682007,-0.4998875558376312,1.600221241751915,-1.5456788244080126,-1.7791535217707348,0.5618550744936373,0.2204715460538864,1.7451044167794272,1.2402091548819474,0.5
2.5052192285685586,0.015081908572479496,0.6970029162431749,-0.5665509104728699,0.29273097268312925,-0.6195952296257019,-1.1289485796291194,1.1243179656441242,-0.9641541242599487,0.5678147146874422,-1.137765884399414,0.5
1.3426618032797626,1.5748630439100713,-0.8053807020187378,-0.7220988273620605,0.5690766195264657,-1.2986040076446657,-1.5863803380380694,0.6224673012720909,0.4075177013874054,-0.4205895569490221,-0.7161281704902649,0.3333333432674408
-0.6179829239845276,-0.3821245708116359,0.49307787786858764,1.0929811306473736,-0.4801901578903198,0.2791453003883362,1.3284698069977376,0.10453372182852907,-1.2702806758387821,-0.5569815635681152,-0.6767172105295861,0.3333333432674408
2.3930514278996635,1.474192914971409,0.07799530029296875,-0.5887720584869385,0.8913951475829794,-0.6195952296257019,-1.1131664741655765,1.615779471266828,0.4075177013874054,0.4447639584541321,-0.8856764250507521,0.5
2.858344776454785,-0.5002763271331787,2.7541057395357833,-0.5228912626230666,0.22740865230536877,-0.22639626264572144,-0.41066389707355144,1.2355237929641618,-0.7147592306137085,0.3111979067325592,-0.7161281704902649,0.3333333432674408
0.5944573879241943,0.6354275412316994,1.0293233394622803,0.40020265888724643,0.6923641950299243,-0.45108139514923096,-0.00025332080160893073,0.8995344402519324,0.5945638418197632,0.3111979067325592,0.4644574522972107,0.6666666865348816
6.353549003601074,0.03464672341942787,9.11561107635498,-0.9887523055076599,-1.2940510511398315,14.546651840209961,5.739711284637451,5.3161420822143555,4.896625518798828,9.794388771057129,3.078611373901367,0.0
-0.6937604546546936,0.02333943266311756,-0.2617647051811218,-0.553763079428794,-0.8328632116317749,-0.5366321425809275,-0.8341816717500775,-1.561444634059644,0.4075177013874054,0.6451131105422974,2.0644900438287066,0.6666666865348816
-0.2390953153371811,-0.2625327408313751,-0.2617647051811218,1.1191348829427528,-0.24251732694647654,0.6723442673683167,0.6415493839545098,0.5185722326015717,-0.5900617837905884,-1.1580289602279663,-1.0951245599482684,0.3333333432674408
4.630822765637145,0.33182618021965027,1.0293233394622803,-0.5887720584869385,1.3878765296609432,0.41782711597586225,-0.6419577030315331,2.384895257181291,-0.9018054008483887,6.230139369505967,-0.1258353590965271,0.3333333432674408
0.9153798283317502,-0.3814045190811157,0.7800680869125658,-0.4998875558376312,1.242800742016,-1.3071434636713875,-1.7200387509161017,0.27479896760890493,0.033425383269786835,1.7383998262950244,1.392060399055481,0.5
-0.3148728311061859,2.146185220986932,-1.8050346564776976,-0.5887720584869385,0.540733101651981,-1.0689655542373657,-1.4579316155132542,1.1654918013761801,2.1709114093396407,0.6451131105422974,-0.8847832679748535,0.3333333432674408
-0.6099397787322657,-1.3915157849379785,-0.19381269812583923,0.39301786870954103,-0.5344475507736206,-0.9566229581832886,0.23535376162101207,-0.3164443526464513,0.23486579549567824,-0.11649331324777734,-0.1258353590965271,0.5
5.613520799584421,-0.3219686448574066,1.2312404005058208,-0.6998776793479919,0.6604461569464724,-1.349821925163269,-1.4962178870743337,1.1674989125040334,-0.34066691994667053,1.2869231195832644,0.3672706143794182,0.5
1.5664858366356014,-0.6785839796066284,0.820822572086053,-0.18311358373450515,0.12812859314545533,0.05446016043424606,-0.4137109440931343,0.8983207941055298,0.29126079304595,-0.957679808139801,-0.5474730730056763,0.3333333432674408
-0.6937604546546936,0.8014981853712341,-1.6828444997417384,-0.6998776793479919,-0.5073188543319702,0.7846868634223938,0.007921952084287861,-1.7077683883308787,-0.34066691994667053,-0.6905476450920105,1.889665016890528,0.5
2.0927125516196385,-0.14366096258163452,0.5536593198776245,-0.6656206373911217,-0.07325971871614456,-0.8442803621292114,-1.5419404831145564,0.3967263949284517,0.46986642479896545,1.5354897342088334,0.7174400687217712,0.5
-0.16331779956817627,-0.4408404231071472,0.07799530029296875,2.650050156647367,-0.3174179792404175,1.6227165566347717,0.6342585364215535,1.701360199255122,-1.4411397934247046,-0.22306638956069946,-1.6433893171811584,0.3333333432674408
-0.9210929870605469,-0.8462749582744935,-0.6015247106552124,1.0298112817458192,-0.8243877724837506,-0.2825675308704376,-0.28323759498349266,0.20006626353529172,-0.4662547840221175,-0.6905476450920105,-0.37881800532341003,0.5
0.4429023563861847,2.04257316036676,-2.0923349127595285,-0.55536889514552,0.7371430239582377,-0.90045166015625,-1.5441378005163442,0.39818351972804417,0.15812282264232635,0.3111979067325592,-0.041507821530103683,0.3333333432674408
-0.3148728311061859,-1.1809124446347126,0.07799530029296875,-0.8109833002090454,-0.34454667568206787,1.217434079307545,0.44541111028428876,-0.46022832793008683,1.1362549396717576,-0.9632463734478642,-0.631800651550293,0.5
2.999054749472032,-0.6632785810865703,1.4476221835748941,-0.6332142949104309,1.0947907612010666,-1.20550591595994,-1.771978389471194,0.9869392219678695,-1.151200294494629,0.7118961215019226,0.9704226851463318,0.6666666865348816
2.3780838001116744,0.03464672341942787,1.1652272939682007,-0.6332142949104309,1.4271209781251337,-0.90045166015625,-0.7730072915884343,1.2384601725043412,0.9686561822891235,0.6876174790191096,0.29580235481262207,0.5698473431220145
-0.39065036177635193,0.6196406529965943,-0.5335727334022522,-0.7443199157714844,0.3013320771222312,-0.17777446250449253,-1.2115700464780867,0.5891481111182966,0.9788916498854516,1.4100113673674652,-0.631800651550293,0.5
-1.3730119959917098,-0.9757634997367859,-0.12586070597171783,-0.766541063785553,-1.0800584594776856,1.0870289027261058,0.361783136574274,-0.6335498783981167,2.255086477564997,0.38804727631923924,-0.1258353590965271,0.5
-0.7185901880927614,-0.2625327408313751,-0.7132539567186071,0.28654810182536744,0.2971599567062894,1.2817314171105274,1.1229375480010975,0.2513450566375877,-0.9641541242599487,-0.02271728403866291,-0.9691107869148254,0.3333333432674408
-1.0742931164871377,0.9794780013283286,-0.6061665501217319,-0.5694143487484425,-0.7243484258651733,-0.3962704831894585,-0.2023786394440864,-1.551807474636193,1.114133315672447,1.1274537114890073,1.8156773655264946,0.6666666865348816
0.4429023563861847,2.5625083834187987,-0.8832848414465434,-0.6998776793479919,0.40650414893129755,-1.3814582715833166,-1.7731205409143744,0.7587300438676946,0.9686561822891235,-0.5569815635681152,-0.5474730730056763,0.3333333432674408
0.8800264059157425,-0.7974557876586914,0.6895633339881897,-0.18253026403490158,0.3298456339312235,-1.3415759974026735,-1.5634951263942531,0.654615695869658,0.2828202545642853,1.8129487909673498,0.3801299035549164,0.5
0.5944573879241943,1.4886159715684366,0.3786413926999226,-0.42118396518212436,0.7219859397084164,-1.0127942562103271,-1.3555216853410066,0.5718469123268795,1.0794045701847286,2.093202945422805,1.5607155561447144,0.5
-0.01176275685429573,0.5363739910127537,2.3131522843181043,1.8183009241179837,-0.19516759814327148,2.0115592640629063,2.060169387914724,1.4910077653384861,-1.4005951881408691,0.24441486597061157,-1.4750760793685913,0.5
-1.2318047963075311,-0.5528964373543157,-0.397668719291687,-0.0825657895679967,-0.7243484258651733,-1.1251368522644043,-0.4971912010513653,-1.1543011935813372,-1.1963303708452921,-0.7573306560516357,0.3801299035549164,0.5
-0.6838003256259211,-0.4408404231071472,0.14594730734825134,-0.39719311123082757,-0.21757648204565716,-0.024056781335008458,0.20643258903257236,0.07561413473378117,-0.5277130603790283,-0.42341551184654236,-2.014370458795949,0.5
0.4429023563861847,1.1330004747271016,-0.8003019706723664,-0.6998776793479919,0.5360368429714012,-1.237479329109192,-1.6624068301213824,0.668993797703041,0.7192612886428833,-0.02271728403866291,-0.631800651550293,0.5
-0.6937604546546936,-0.7601314269584385,-0.19381269812583923,1.0569877639854965,-0.42593276500701904,1.9478181204160478,2.2519487794178517,0.3600042513333502,-0.34066691994667053,-0.7573306560516357,-0.8847832679748535,0.3333333432674408
-0.6937604546546936,-1.213507056236267,0.14594730734825134,1.4950423619063036,-0.39880406856536865,10.730943626705937,0.7282106497183873,0.74787458952129,-1.0888515710830688,-0.882147845373017,-1.137765884399414,0.5
-0.39065036177635193,-0.5597122311592102,-0.12586070597171783,1.0911663124634514,-0.08130822031757488,1.9885209872310454,1.349026420899076,0.6910575688641991,-0.8394566774368286,0.7221369965920785,-0.8847832679748535,0.5
0.8353873444037779,-0.7380198836326599,1.1652272939682007,-0.7220988273620605,-0.37167537212371826,-1.237479329109192,-0.16852748311412208,-0.5760500848907155,-1.311865184463081,-0.15628336369991302,0.12714727222919464,0.3333333432674408
0.06401476263999939,2.0619057916796164,-2.1644208431243896,-0.6776565313339233,0.5317335726578529,-0.8537621787843785,-1.5121809345994546,0.32793876688123924,0.9686561822891235,0.7118961215019226,0.7174400687217712,0.5
-0.46642789244651794,-0.7974557876586914,-0.2617647051811218,0.9856063728445115,-0.2631605863571167,0.37796795406228667,0.9677794865033317,0.4769564739685645,0.46986642479896545,0.1108487918972969,-0.2944904565811157,0.3333333432674408
-1.4807052890467878,0.49686731160739,-1.949578290669337,-0.8664526396643563,-0.6158336400985718,-1.2237783660950483,-1.2584376737190848,-2.0822003326363085,0.47046553747534636,-0.957679808139801,2.5002444642702732,0.3333333432674408
1.3447945409139899,-1.1182570389925894,0.14594730734825134,-0.766541063785553,-0.561576247215271,1.4883252195017582,0.33010937449178057,-0.8553181886672974,-1.4005951881408691,-0.15628336369991302,0.2947849549316993,0.3333333432674408
0.035741063535813335,-0.8568916916847229,1.7066259333870843,-0.4196341255270618,-0.7786058187484741,0.4476591646671295,0.40682444840592225,-0.9355891149825796,0.2828202545642853,-0.2898494303226471,1.6031825433418474,0.5
-0.9397170429936115,-0.3814045190811157,-0.2617647051811218,-0.3904648680280097,-0.49829516371782456,0.03751167256607328,0.39330124942989525,-0.7104122477821935,1.5652645144353292,-0.0895003229379654,0.9723784468821782,0.5
-0.2390953153371811,-1.3281789151784573,-0.19381269812583923,-0.8656611194092024,-0.18177451193332672,-0.3949100971221924,-0.6105795663930915,-1.0631855706609918,-1.730913345623354,-0.6237646341323853,-0.06265912961486865,0.5
0.2718859803163092,-1.5395736555962058,-0.05790869891643524,0.37985067601690875,-0.2360319048166275,-0.0578824058175087,-0.019509974867105484,0.1747394280392487,-0.2783181965351105,-1.2820213540940029,-0.36846773645123143,0.6666666865348816
0.21556980907917023,-0.4408404231071472,0.28185129165649414,-0.5887720584869385,0.09069053980936823,-1.237479329109192,1.104750715265091,0.4287544558461569,0.7507214296048689,-0.2898494303226471,-0.5474730730056763,0.3333333432674408
-1.177345998668945,1.4473085083948738,-2.1644208431243896,-0.8554255366325378,-0.37144118069451676,-0.5937601976503821,-0.22669168644952153,-0.8553181886672974,0.3962481639377262,-1.2905733744424384,-0.9743283036990006,0.3333333432674408
0.1397922784090042,-0.3219686448574066,1.7303312651105784,2.626165894831062,-0.37167537212371826,2.1278018158837417,1.2977189113457617,1.7766581025715285,-0.1334901016205154,0.3111979067325592,-1.0534383058547974,0.3333333432674408
-1.0545071525923981,-0.8568916916847229,0.010043300688266754,-0.833204448223114,-0.561576247215271,0.2229740172624588,-0.09823237843388553,-2.4065283071906474,-0.09127205610275269,-0.5569815635681152,2.28829955452836,0.6666666865348816
-0.9968705177307129,-1.0079919133740083,-0.397668719291687,0.05140655360557895,-0.7786058187484741,1.1910362406866224,0.4381164220566397,-0.33143471434453226,-0.09127205610275269,-0.02271728403866291,-0.2944904565811157,0.5
0.4189207279545231,-1.0351994037628174,0.28185129165649414,0.6120543529081484,-0.12099732827525378,0.4395489732709869,0.17471291444763337,0.06930798268489799,-1.2799979768571108,-0.5644641601172512,-0.1258353590965271,0.5
-0.6179829239845276,0.17974267950959924,-0.09159520787618977,-0.4726098710224453,-0.34454667568206787,0.2229740172624588,1.2587251193526945,-0.22390182790715366,-0.5845623382772505,-0.3566324710845947,-0.8751671217111537,0.3333333432674408
2.287539763728699,-0.1810060462334516,2.443709299073802,-0.4824764589549001,0.42776559360886424,-1.5716180773715815,-1.6939457865546452,1.3372514530814104,-0.2159694880247116,0.04406575486063957,-0.6442106636095503,0.3333333432674408
-0.6423990048189591,-0.6785839796066284,-0.4656206965446472,0.25697982407824493,-0.45306146144866943,1.6677143621156263,1.0384211438410496,-0.24924736123963592,-0.4030156433582306,-0.957679808139801,-0.7046244230594296,0.3333333432674408
-0.8002004148948318,0.5703463155659801,1.1652272939682007,0.12603561483087475,0.7391926235340741,0.9532006978988647,1.5558391833153455,0.32600614778919457,-0.4030156433582306,-0.43915631273382005,-1.4750760793685913,0.5
-0.01176275685429573,-0.6682806859304792,0.5536593198776245,1.0530830503483877,-0.4801901578903198,1.2407239548365114,0.4601423851045757,0.18859184933456888,-1.0580602337402416,0.30397829340772475,0.08020122376640904,0.5
-0.16331779956817627,1.6630029123659007,-2.1644208431243896,-0.7342718785939863,0.6327338243012237,-0.6757665276527405,-1.7623128567317412,-0.2029515628860492,0.9686561822891235,0.20863957041751166,0.5487849712371826,0.3333333432674408
-0.8453154563903809,-1.094635248184204,0.28185129165649414,1.7440708415608785,-0.43558627374215136,0.7846868634223938,0.03128919750545108,0.2831356188776634,-1.0437133802850964,-0.890896737575531,-0.0777538882255697,0.5
-0.29901029096897325,-1.1772497391865389,0.07619613968011943,-0.8422295567745394,-0.561576247215271,-1.1251368522644043,-0.5855136031659183,-0.4945934738200141,0.8439587354660034,-0.5569815635681152,-0.49145233127219107,0.3333333432674408
-0.2390953153371811,-0.5597122311592102,1.1652272939682007,2.1702333542579564,-0.2810274937451611,1.7882792635323637,1.304427988976236,1.2450381676608062,-0.6524105072021484,-1.0244628190994263,-1.5097008861504235,0.5
-0.9968705177307129,-0.8568916916847229,-0.4656206965446472,1.3708581291954496,-0.561576247215271,-0.06227325621903145,-0.16625836985861717,0.7329010681077434,0.45329379025123406,0.4447639584541321,-0.37881800532341003,0.3333333432674408
0.29134732484817505,-0.6475925702512952,0.8254672884941101,-0.3474468188244948,0.5989099997521865,-0.0362087116410756,-0.39989264351178266,0.2956617187383181,0.2828202545642853,0.9029867825837541,0.29851412272719624,0.5
-0.8453154563903809,-1.094635248184204,-0.3297167122364044,0.5050298074655244,-0.4801901578903198,0.511953374464737,0.20127202728765986,0.2944216792152021,0.8439587354660034,-0.49019855260849,-0.8847832679748535,0.3333333432674408
-0.3148728311061859,0.27239030599594116,-0.8053807020187378,1.7313240298016639,-0.5073188543319702,1.1217145919799805,1.6682710848551312,1.033216118812561,-0.4030156433582306,0.04406575486063957,-1.4750760793685913,0.5
-0.1350521553262976,0.39422745303605405,-0.9323677333245723,0.11607230213859239,0.3646199820419658,-1.1150920673141371,-1.4846454062086414,0.07645675244352138,0.7192612886428833,0.5115470290184021,0.9593388897800527,0.6666666865348816
-0.08754027634859085,3.6467235632004797,-2.1644208431243896,-0.5276645466367271,0.40672494736658954,-1.349821925163269,-1.8225145084029444,0.7894062422588198,1.6375295530302143,0.09720640054076679,-0.8847832679748535,0.3333333432674408
-0.3148728311061859,-1.0089439681302854,0.4177553057670593,2.3151436709856124,-0.22226727307028718,9.350579984980598,1.6740881337811229,1.7106509200060087,0.5745264811732229,-1.0244628190994263,-0.9691107869148254,0.3333333432674408
-0.9210929870605469,0.27239030599594116,-1.161021526918252,-0.7443199157714844,-0.28147022022347123,-0.26539350608633433,-0.7711938232314557,-0.1864812630637674,1.0933536291122437,0.3111979067325592,-0.2944904565811157,0.5
2.200334618117662,-0.6191481351852417,0.14594730734825134,1.2799618714137582,-0.561576247215271,-1.0195905583220641,-0.1941461097141417,0.6275073008102985,-2.032091068691265,0.7118961215019226,-0.1258353590965271,0.3333333432674408
-0.7695379853248596,-0.14366096258163452,0.21389929950237274,-0.3819582529769361,-0.37167537212371826,1.5201948140233974,0.15730577066411947,-1.1521753555713043,0.13721117470144595,-0.019257155564281883,1.6233037120158602,0.6666666865348816
-0.8453154563903809,0.5101338624954224,-2.0382499077428475,-0.573010566722742,0.9320732795254176,-0.3387388288974762,-1.0594606606527597,0.4509102940163834,2.060590465090934,0.6499593693097518,0.8017675876617432,0.3333333432674408
-1.148425579071045,-0.6191481351852417,-0.05790869891643524,-0.4998875558376312,1.6665593777104548,-0.11405368894338608,1.3577525306031333,0.056272946312724115,-0.2159694880247116,-0.42341551184654236,-1.5177667477639858,0.5
-0.39065036177635193,-0.024789171293377876,-0.19381269812583923,0.5637342460021965,-0.561576247215271,-0.6195952296257019,0.5998161603187934,-0.9456246828302793,0.5322151184082031,-0.23817692855873895,1.5607155561447144,0.5
-0.16331779956817627,-0.9163275957107544,-0.12586070597171783,1.1067114907735742,-0.34454667568206787,0.3190736411841293,0.6258354987396745,1.31107146349816,2.3436363917019247,0.8288423509092553,-0.8004556894302368,0.5
-0.7695379853248596,-0.6785839796066284,0.14594730734825134,-0.8554255366325378,-0.5668384562317373,1.2246477705605294,1.077744131757777,-0.7725155571500639,0.0957741066813469,0.3111979067325592,-0.2101629078388214,0.3333333432674408
-1.224203109741211,-0.7249871167228816,2.4880509958776136,-0.7887621521949768,0.3288820600171948,-0.7002922112659997,-0.7996547649109326,-0.6866024493462926,0.0957741066813469,0.17763182520866394,-0.1258353590965271,0.5
-0.46642789244651794,-1.213507056236267,0.07799530029296875,0.6158044427324681,-0.39880406856536865,-1.1251368522644043,-0.6039357498939177,-0.40875050724603434,-0.9081058435443549,-0.7573306560516357,0.29580235481262207,0.3333333432674408
-0.5462531340528314,-0.551733036521822,-0.19722141354432468,-0.5831781153530083,-0.8449395520277623,-0.5072526931762695,-0.3909387969356474,-1.4835717624532996,0.40970443436829107,-0.7297465237689342,2.1044945197471283,0.5
0.5186799168586731,-0.5597122311592102,0.28185129165649414,5.60791127008712,-0.10038841515779495,0.8901027233468439,0.7888233662437013,3.7309884202810095,-0.7771079540252686,-0.7223937159328098,-0.46314552426338196,0.5
-0.6937604546546936,0.64471200383177,1.0937076362428522,1.6484125755036012,-0.4801901578903198,1.3947095791418662,0.792569361935265,1.2046865152575155,0.3058808816051516,0.04406575486063957,-1.5552408967106908,0.3333333432674408
-0.39065036177635193,-0.33335756619351153,-0.8053807020187378,-0.6776565313339233,-0.37167537212371826,-0.17022497951984406,0.09042911898468962,-1.1233737048302872,-0.7576202385702616,-0.49019855260849,0.29580235481262207,0.5
-0.01176275685429573,-0.5597122311592102,1.7558710178343573,-0.7887621521949768,1.741388568070875,-1.1251368522644043,0.20909555335861227,-0.3152949447985873,-0.8632167280545312,-0.3566324710845947,-1.1243282889204707,0.3333333432674408
-0.9210929870605469,-0.8294217562874,0.21389929950237274,-0.8776466846466064,-0.42593276500701904,-0.0578824058175087,0.12460777136221088,-1.6774447127089132,-0.34066691994667053,-1.6338205328293571,0.8899968752071713,0.3333333432674408
-1.072648048400879,-0.479940915181836,-0.3082637541402603,-0.1532409464828063,-0.6429623365402222,0.6161730289459229,0.001969898368111909,-1.3774527573962658,-0.2783181965351105,-0.8241137266159058,0.9040384719470681,0.6666666865348816
0.21556980907917023,-0.3814045190811157,-0.19381269812583923,1.5478961919444167,-0.7243484258651733,-0.11405368894338608,-0.12973690091774057,-0.5233857060167862,-1.5523553273365227,-1.6617136942102766,1.2716936945032622,0.5
0.6855344315995716,-0.013163328058859499,-0.941284716129303,0.39318267196975,-1.1169959972461387,0.4658339148181615,0.2756717867709253,-0.3499514634431795,-1.7455603268460302,-1.2915949821472168,0.6331125497817993,0.5
-0.8356897421014368,-0.3814045190811157,-0.4656206965446472,-0.0864244155354708,-0.561576247215271,-0.0578824058175087,0.28784987005849977,-0.7311028947635779,0.5322151184082031,0.5115470290184021,0.6331125497817993,0.5
-0.3148728311061859,-0.6117971854324038,1.1652272939682007,2.273850886870884,-0.4801901578903198,0.6161730289459229,0.29034211748542954,1.053485388819339,-0.7781892534909784,-1.3515082764842412,-0.8847832679748535,0.5
0.6702349185943604,1.7529296752229675,-0.9368183120992787,-0.7887621521949768,0.9388677077383558,-1.4059932231903076,-1.66014441498741,1.2684983055033956,0.7192612886428833,2.5624112222147732,-0.9691107869148254,0.3333333432674408
-0.5422053933143616,0.5323045028913808,0.21389929950237274,-0.5665509104728699,-0.5806691780253271,0.46656345004201194,1.1668806190580079,-1.599517675487133,0.0005484707307407757,-0.42341551184654236,2.260768550525581,0.5
6.1835533638348466,0.5101338624954224,2.7483055507620313,-0.5829562314648962,0.9024098059812045,-0.9009269512908835,-1.617891071544076,4.537622743842918,-1.3762665338064963,2.700445511132561,-1.2220934629440308,0.3333333432674408
-0.2745479712125327,-0.8568916916847229,-0.040503772345737696,-0.8776466846466064,-0.39880406856536865,0.5061361977088822,0.6294033476452575,-0.4789471527099174,1.981217731258309,0.9790282845497131,-0.1258353590965271,0.5
1.1159269886318437,-0.2625327408313751,-0.397668719291687,-0.7443199157714844,-0.697219729423523,0.2791453003883362,-0.019509974867105484,-0.49302234506545617,-1.2092605888781882,-1.3583780527114868,-0.2101629078388214,0.3333333432674408
-0.2390953153371811,6.6478896919451875,-2.0573374757397285,-0.766541063785553,0.2612442881021898,-1.4059932231903076,-1.8030825092877194,0.07871241457060145,1.981073017954626,-0.6237646341323853,1.2806383880744936,0.002300457812111448
-0.08754027634859085,-0.9757634997367859,0.21389929950237274,0.1182818386168724,-0.5073188543319702,-0.055212370718665124,0.6529716888480251,-0.32432282014944436,-0.5277130603790283,0.9122452139854431,-0.24615925042686665,0.5
-0.12085351534073684,-0.3305109210303138,0.6146444081309366,0.89248171274995,-1.1274153732077332,-0.3387388288974762,-0.2712692052800855,-0.5521209817377583,-1.0888515710830688,-0.2898494303226471,0.9489596297093758,0.5
-1.148425579071045,-0.3814045190811157,-0.3753391222994851,2.60677419902833,-0.12148216470546291,2.114282192435956,0.8589224945560597,1.2250366057488549,-0.5277130603790283,-0.49019855260849,-1.004123345412259,0.5
1.398744866326772,-0.7998404232008295,1.0293233394622803,-0.8554255366325378,-0.2902892827987671,0.3305280739709573,0.47294020675646575,-0.5501275995269225,-0.7771079540252686,1.1017526348616316,0.21147480607032776,0.5
-0.16331779956817627,-0.46974530871946857,0.07799530029296875,-0.6514906868128856,1.0071687005106422,-1.5178572445109395,-1.7961077008159596,0.16872893997961405,2.068241192030591,0.4447639584541321,1.6866222662716814,0.5
0.811824203224111,2.5504914213657917,-2.1644208431243896,-0.7220988273620605,0.5606896469540381,-1.0243856212070805,-1.6180352228220607,0.8274022324942375,0.8439587354660034,1.3413809465999202,-0.5474730730056763,0.5
-1.072648048400879,-0.6785839796066284,-0.8016329569071907,2.6907090532049294,-0.2089032083749771,1.0640223489038898,0.7698785029530967,1.1612312245675847,0.5945638418197632,-0.5643160965071797,-0.2944904565811157,0.5
-0.39065036177635193,-1.0754029139875647,0.34980329871177673,-0.6309484303042542,0.4931039074999336,-0.2825675308704376,-0.22475223987568937,-0.4357051330455913,-0.5277130603790283,-1.2915949821472168,-0.7161281704902649,0.3333333432674408
0.29134732484817505,-0.8568916916847229,0.12117413425637599,-0.6998776793479919,-0.18177451193332672,0.16680273413658142,0.38386288376724603,-0.10997364015109651,-0.34066691994667053,-0.49019855260849,-0.46314552426338196,0.3333333432674408
3.3046841809964205,0.2866061921804648,0.28185129165649414,-0.8513439980330366,0.0036369301462263297,-1.4059932231903076,-1.8166822479400104,0.9051368766696912,-0.6524105072021484,0.4447639584541321,-1.08690152472514,0.5
0.5578435455052999,0.9597959345894325,-1.6136331382560518,0.5193304128128575,0.4846360955677275,-0.577621873806728,0.12292077340210285,0.8011218244583244,-0.5277130603790283,-0.15628336369991302,-0.7161281704902649,0.3333333432674408
0.06401476263999939,2.054912463820254,-0.676885563235365,-0.8109833002090454,0.7251898465663136,-0.7881091237068176,0.30466631406703193,0.48003599522992163,0.46986642479896545,0.1108487918972969,-0.8847832679748535,0.3333333432674408
-0.7695379853248596,-0.7974557876586914,-0.3297167122364044,-0.40491424605250353,-0.7831539941666683,-0.15363368630633298,-0.8368283307510002,-1.6782178020083403,-0.15362077951431274,0.8029308334080252,1.8889573223426148,0.6666666865348816
-0.5422053933143616,-0.14366096258163452,-0.19381269812583923,-0.13566903836319716,-0.7243484258651733,-0.6865286807340129,-0.30865778223110496,-1.5517348532185917,-1.4005951881408691,-1.5600563869000823,1.7091740292722666,0.6666666865348816
2.0193057576625493,2.0152025044362154,-1.0549757328570777,0.41489321434336596,1.5970135845557722,-0.22639626264572144,-0.8238716630468406,2.175136405433683,0.0957741066813469,1.7220731635585653,-0.7161281704902649,0.5
0.36712485551834106,0.09408261626958847,4.371454729321124,2.5986506368526916,0.00678631870653728,1.5432124304430728,1.5205768500007375,1.972766836505905,-1.6136132693378475,-0.0895003229379654,-1.5004236620114133,0.3333333432674408
-0.6937604546546936,-0.3814045190811157,0.14594730734825134,0.4757514086561772,-0.7274653062033881,0.554722476639364,0.049172785036756095,-0.6306918261074661,-0.8394566774368286,-0.5569815635681152,0.21147480607032776,0.5
6.353549003601074,-0.2625327408313751,9.11561107635498,-0.9887523055076599,-1.2940510511398315,14.546651840209961,5.739711284637451,-0.0016162357342797973,4.896625518798828,9.78686557826293,3.078611373901367,0.0
0.42773232087336,-0.8568916916847229,2.0621607638232216,-0.8436656333003472,-0.2902892827987671,-0.731937825679779,-0.41207057212605785,-0.758370937801528,-0.2159694880247116,-0.03415425428584595,0.6331125497817993,0.5
-0.39065036177635193,0.764808767608033,0.4857073128223419,-0.09471361716567558,-0.3174179792404175,-1.4059932231903076,-0.10321000885944845,-0.18720610743031568,1.3427485227584839,0.17763182520866394,1.223405361175537,0.3333333432674408
2.003912488869939,-0.14366096258163452,1.887911827746405,-0.7071252799245196,0.34207427581873856,-1.3714639490352258,-1.796316909169664,1.1239755243689906,-0.7771079540252686,1.1763955999634095,-0.631800651550293,0.6666666865348816
-0.6937604546546936,-1.094635248184204,-0.19381269812583923,-0.878364992890108,-0.3174179792404175,0.2229740172624588,-0.5104827614327233,-0.9573461074803329,-0.15362077951431274,-0.49019855260849,-0.2944904565811157,0.5
-0.46642789244651794,-0.6061860095097815,-0.2366123533597879,-0.4805343574055754,-0.24052150094611918,0.6723442673683167,0.48561601967296086,0.21360182896992486,1.5000793211426706,-0.0895003229379654,-0.1258353590965271,0.5
0.06401476263999939,-0.4408404231071472,2.6591681210628924,1.4409331750151688,-0.3174179792404175,2.328588441710801,1.2318346142906993,1.085941742276803,-0.7147592306137085,0.04406575486063957,-1.306420922279358,0.3333333432674408
-0.6179829239845276,0.03464672341942787,0.2318470585887646,0.680726918340946,-0.45306146144866943,1.7378745678068845,1.0106841655669743,-0.1888099721410838,-0.9641541242599487,-0.5332470837766765,-0.0653119744834294,0.5
4.019582578386597,-0.44119623102403827,1.5596429218330279,-0.6025228871901531,0.7392491779862423,-1.0689655542373657,-1.475017700520135,1.2993103819991525,-0.8511715181235849,1.5105847136289794,0.4644574522972107,0.3333333432674408
-0.6937604546546936,0.7771693798086677,-0.19381269812583923,-0.603302330909124,-0.5887049436569214,-0.9931511425723833,-0.2708564330837229,-1.3598483850876009,1.1104986828457772,-0.22306638956069946,2.3575537556114092,0.5
0.36361259774888677,-0.4408404231071472,0.01624811581324171,-0.02575984979938301,-0.6716966942129334,0.11063144356012344,-0.12134246896279216,-1.1818146577214699,-0.283418375257053,-1.364300744851008,1.813698172569275,0.5
0.7384585207223644,0.8550989416889803,2.408687646340864,-0.6776565313339233,0.7803247053780116,-1.6033617268004525,-1.8802438838381057,0.8180879020781209,-0.2783181965351105,1.697796645579464,-0.8847832679748535,0.3333333432674408
-1.0866317363090914,-0.5002763271331787,0.22559003329575858,-0.8109833002090454,0.18555127358318685,0.7941942399989362,-0.03732609441229766,-0.8513485806328157,1.6320112803059281,0.8413082996984922,1.0547502040863037,0.5
0.21556980907917023,-0.3814045190811157,1.4959294252571596,-0.766541063785553,0.9578186573262076,-0.17022497951984406,0.4478809431535839,-0.028621724603962128,-0.5450179376012175,-0.49019855260849,-0.8847832679748535,0.5
-0.43911546151084446,-0.8568916916847229,0.010043300688266754,2.144545515402386,-0.6158336400985718,0.05446016043424606,0.4565226824468978,1.030687333478401,-1.4005951881408691,-0.49019855260849,-1.0534383058547974,0.5
-0.08754027634859085,-0.3814045190811157,-0.2617647051811218,1.6257294435678706,-0.7159431771094774,1.036410764863182,0.7615470025432829,0.8997430405771335,-0.2159694880247116,-0.8660193681526664,-0.8847832679748535,0.5
-0.6937604546546936,-0.20309685170650482,-0.09979586900099095,1.4502252819318135,-0.46706127092288946,0.6124216046805239,0.5718335333766811,0.30876934341110207,0.5322151184082031,-1.2784833726357967,-0.46314552426338196,0.5
-0.01176275685429573,1.0812617320823361,-2.1644208431243896,-0.7220988273620605,0.16991003135663266,-1.447125838860599,-1.8205331268429827,0.7422274297431353,1.4794627736024026,1.4180018289861969,-0.37881800532341003,0.5
0.20300552113728593,0.07490220186485747,-0.12586070597171783,-0.12253665534330221,-0.7564405071289231,0.11063144356012344,-0.8728459271427844,-1.2276476636430864,-1.0326827622809558,-1.104482720134159,1.353025908346589,0.6666666865348816
-0.5485034857320026,-1.2171829371550311,0.21389929950237274,-0.8109833002090454,-0.6429623365402222,-0.22639626264572144,-0.25304286431517037,-1.3279573991956497,0.2204715460538864,-0.24177453539613097,0.8003231256175061,0.9596065177370391
0.21556980907917023,-0.5322031297147614,0.6895633339881897,-0.7443199157714844,-0.5887049436569214,-1.0689655542373657,0.663862387827152,-0.24839077336903814,-0.028923334553837776,-0.49019855260849,-0.8004556894302368,0.3333333432674408
-0.6179829239845276,-1.2649475437700177,0.21389929950237274,-0.8554255366325378,-0.45288117913225845,0.9419502146246874,-0.06435372164148417,-1.4890686221236273,-0.7600091197899339,-0.02271728403866291,0.6331125497817993,0.5
0.1397922784090042,0.42608083311015127,-1.0205360358987998,-0.7443199157714844,0.28823712846295496,-0.9767426234271208,-0.43079237608067317,-0.34574361000542014,-1.213549017906189,0.9072173851346803,-0.9691107869148254,0.3333333432674408
-0.7957402016112702,0.33182618021965027,-0.6694766879081726,-0.833204448223114,-0.2631605863571167,0.15702548382518366,-0.18641498528627862,-0.6137569613766012,0.8439587354660034,-1.0244628190994263,-0.631800651550293,0.3333333432674408
-0.6937604546546936,-0.647253535261188,0.07799530029296875,0.45984553961216323,-0.08374189316437328,0.4476591646671295,0.7980556319394043,0.16449336579928264,0.033425383269786835,-0.6237646341323853,-0.46314552426338196,0.5
-0.08754027634859085,-0.05817375725675701,0.41208013354249523,0.756528133555774,-0.4801901578903198,-0.7572372197349079,-0.4926692501491427,-0.0043690153079812555,0.018583473032185806,-0.02271728403866291,-0.1258353590965271,0.6666666865348816
-0.3148728311061859,0.33182618021965027,1.969432079734201,0.5954458552918471,-0.42593276500701904,0.7846868634223938,1.8176050135191646,0.5048151560968873,0.0847689214299126,0.37798094749450684,-0.5474730730056763,0.3333333432674408
-0.16331779956817627,-0.5002763271331787,-0.4689259597580463,-0.8109833002090454,-0.34454667568206787,1.097930219690654,0.08563425375327428,-0.7481970834860757,0.7192612886428833,-1.2108177170546466,-0.2101629078388214,0.3333333432674408
2.209791824056155,0.7637140483400947,0.5536593198776245,-0.74358072072624,-0.2631605863571167,-1.4508695101979001,-1.8136456371919267,0.7612119904502226,0.033425383269786835,-0.22306638956069946,-0.11774389736506104,0.3333333432674408
-0.2390953153371811,1.7890334017544274,-0.12586070597171783,-0.5887720584869385,0.7561192922249309,-0.3949100971221924,-1.081094727088049,0.9700847717265977,1.1557023525238037,0.9122452139854431,-0.37881800532341003,0.5
0.29134732484817505,-0.2625327408313751,0.9203055159619246,-0.2904526547206513,0.6393671539047069,-0.22639626264572144,-1.0759938670714186,0.45690996840224807,0.2204715460538864,0.5934127243077552,0.8204204535532804,0.4945313724157372
-0.4136871565888676,-1.1954383027928965,-0.12586070597171783,0.3362911747809885,-0.21569772260741873,1.4586562348867311,0.6055155415801097,0.01654122292982993,0.4075177013874054,0.5001187360373253,0.29580235481262207,0.5
-0.9429573456460825,-0.024789171293377876,-0.12586070597171783,-0.7887621521949768,-0.37167537212371826,0.2229740172624588,0.037836836323136364,-1.7463174960806098,0.4075177013874054,0.6820958549589444,1.813698172569275,0.6666666865348816
0.7905543617420758,0.47487352402329036,-0.7497822506900315,-0.6554354429244995,0.748306238975467,-0.8193858185481968,0.021290521598813252,0.374999742746663,-0.9018054008483887,-0.2898494303226471,-0.7608731185667479,0.3333333432674408
0.7970520715662778,-0.4408404231071472,0.8934193253517151,-0.544329822063446,-0.5344475507736206,-0.2825675308704376,0.0894641977010783,-0.4022803583674411,-0.6524105072021484,0.3111979067325592,0.9917433133548595,0.5
-0.08754027634859085,-0.6785839796066284,-0.12586070597171783,-0.7887621521949768,-0.6700910329818726,-0.2825675308704376,-0.4881032570951108,-1.0365023426696576,-1.1203775129474254,-0.3566324710845947,0.21147480607032776,0.3333333432674408
-0.2390953153371811,-0.20309685170650482,-1.620116554161088,-0.8554255366325378,-0.4801901578903198,-0.22639626264572144,-0.33701386746374956,-0.4541776969920075,-0.09127205610275269,-0.957679808139801,-0.8847832679748535,0.3333333432674408
-0.16331779956817627,0.24299968045837103,-0.32531689844784323,-0.7443199157714844,-0.2902892827987671,-1.417286744868648,-0.42212332443272227,-1.2530601527329146,-1.4202120028530656,0.17763182520866394,0.46379394834905424,0.5
-1.224203109741211,-0.7974557876586914,0.8435626007980196,-0.905846387530646,-0.9696669304586848,0.353333238537331,0.19209923134462534,-1.5285793532798697,0.503766435907414,-0.02271728403866291,0.8980137821294302,0.3333333432674408
-0.7923316272542841,-1.094635248184204,-0.12586070597171783,1.762836962874105,-0.15464581549167633,-0.17721401896634936,0.11022388304219186,0.903301955596526,0.9715075550772008,-0.6442363261087628,-1.137765884399414,0.3333333432674408
0.06401476263999939,-0.6191481351852417,0.4857073128223419,-0.766541063785553,-0.12908587532056212,-0.6425099118663997,-0.3020489821590025,-0.535032852605156,0.15812282264232635,-1.0657249260496415,-0.041507821530103683,0.3333333432674408
-0.5340631703200335,-0.9757634997367859,0.1292819244447047,-0.9173384649913244,-0.5190418421491328,0.4476591646671295,-0.3171608946102255,-1.1984915537925869,0.0957741066813469,-0.4532926518482008,0.3801299035549164,0.6666666865348816
-0.2390953153371811,2.2522787624710903,-2.0643580757201523,-0.789381182588011,0.9943677300557628,-0.22639626264572144,-1.3725873939054372,0.38710029305269045,0.9063074588775635,0.5115470290184021,-0.041507821530103683,0.5
-0.2390953153371811,-0.8012362138458798,1.1652272939682007,-0.35232779413415233,-0.6261625153442028,0.34874959949431444,1.0403041910418462,-1.3666973304199204,0.0957741066813469,1.9103599507734665,1.6138317802001931,0.6666666865348816
-0.3148728311061859,-1.094635248184204,-0.3297167122364044,2.381646636424139,-0.2360319048166275,2.702882816103122,1.2239601248445469,1.2590062624711487,-0.7771079540252686,-0.15628336369991302,-0.9691107869148254,0.5
-0.6179829239845276,0.02348310796507652,1.1652272939682007,-0.6998776793479919,-0.6888056803066415,0.10747693639690628,-0.5263400348665233,-1.0600935041250754,1.5172905500841432,0.4447639584541321,0.8017675876617432,0.5
0.08204440081704555,-0.7974557876586914,0.8934193253517151,-0.7887621521949768,-0.8091812847501619,0.050085219965896245,0.21934516818839825,-1.2635139635504968,-0.7147592306137085,-0.7573306560516357,0.8187059666833247,0.5
-1.1139770547290553,-0.2625327408313751,0.010043300688266754,-0.05863206521572091,-0.6158336400985718,1.1217145919799805,1.5081986542104677,-0.47578550121339813,1.0300141413042279,0.3315988601966222,0.21147480607032776,0.3333333432674408
-0.46642789244651794,-0.9163275957107544,0.4525274977209939,-0.868995802314317,-0.34454667568206787,0.05446016043424606,0.8302491785710662,-0.9151359286655998,-0.028923334553837776,-0.890896737575531,-0.041507821530103683,0.5
-0.08754027634859085,0.20894245245986268,-0.6694766879081726,-0.6998776793479919,-0.5320664299484276,-0.6757665276527405,-0.25981733835194704,-1.356241985507506,-1.151200294494629,-0.957679808139801,1.1155506055036288,0.3333333432674408
-0.16331779956817627,-1.0770959170312462,0.010043300688266754,-0.6998776793479919,-0.4801901578903198,1.0553249895680212,0.4900132908640146,-1.4246202941422046,-0.69710801723889,-0.957679808139801,0.7859608825756065,0.5
1.1914006633520322,-0.9819063148609132,-0.15275490498004432,0.007254286820045502,-0.3201456645986988,0.7021928056776874,0.4622523460619673,0.2584215325333243,-0.4030156433582306,-0.8880188903902021,-0.1258353590965271,0.5
-0.16331779956817627,-0.1802000680625387,-0.12586070597171783,0.8712581574501472,-0.4854773228629816,1.6995520805279445,2.0365883388732167,0.5267711515409096,-0.16028371901615104,-0.27207591929343883,-0.8847832679748535,0.3333333432674408
-0.08754027634859085,-0.7189222383086561,0.5573198599305224,1.5431543075256757,-0.42593276500701904,0.4481248206345051,0.4315281213138515,0.8943283458143358,-1.6389156601052297,0.12298443257223221,-0.9691107869148254,0.5
0.36712485551834106,0.03464672341942787,-1.4858732101278902,-0.766541063785553,-0.7116474190045255,-0.4910567489622039,-0.00917053209529542,-1.5941841337682192,-1.6025938776363116,-1.0244628190994263,1.223405361175537,0.3333333432674408
0.4429023563861847,1.7436261521937557,-1.912139823230041,-0.7163382746664889,0.3336725908222829,-0.027556510380820923,-1.1155035433954048,0.9906543167282796,0.8439587354660034,0.293589944059517,-1.1950595747508261,0.3333333432674408
-0.08754027634859085,-0.3219686448574066,-0.397668719291687,1.2942564838560708,0.5379650934639677,-0.5762888628145915,1.8566143652934737,0.977754978384085,-0.5900617837905884,-0.04772332989213139,-0.9897531625259866,0.5
-0.08754027634859085,-0.2927609678711496,2.1642065655979184,0.8813828819013544,-0.37167537212371826,-0.45108139514923096,0.9439437811211316,0.5740783783439752,-1.151200294494629,0.04406575486063957,-1.0503578441331105,0.3333333432674408
0.5866086593074197,-0.5002763271331787,0.07799530029296875,-0.7887621521949768,-0.6158336400985718,-0.8874366837669918,-0.648857049782727,-1.0404632818882766,-1.0265028476715088,0.04406575486063957,0.6331125497817993,0.8333333134651184
-0.6179829239845276,-0.14366096258163452,-0.4656206965446472,-0.6998776793479919,-0.15464581549167633,-0.5563874528181663,1.003289420245733,-0.8519506042702909,-0.6730972937982181,-0.1809103245680453,-0.22181743218615713,0.5
-0.496635769697882,-0.3814045190811157,-0.4656206965446472,-0.7887621521949768,-0.2089032083749771,1.1708822206083307,0.3436161829675774,-1.3288181358672517,0.6569125652313232,0.04009077771794051,1.392060399055481,0.5
1.8591071429749775,0.21295440196990967,0.28185129165649414,-0.3009208284353932,0.8214453369467006,-0.22639626264572144,-0.9644435900524687,1.3024775758570712,-0.34066691994667053,0.04406575486063957,-0.46314552426338196,0.6384063653066243
2.021286203159986,1.2858588459178921,0.010043300688266754,-0.6776565313339233,0.6840509214192916,-0.3387388288974762,-1.0854638628257038,0.5070193633033989,-0.46536436676979065,1.7233826519989632,0.3923509103030471,0.5
-0.08754027634859085,-0.14366096258163452,-0.05790869891643524,4.224502428566709,0.1988616746595974,0.1812204694368891,0.6963112478069551,1.7726990421757658,-0.2159694880247116,-0.3566324710845947,-0.631800651550293,0.5
-0.9210929870605469,0.09408261626958847,0.4393474388765665,0.6168469129197918,0.16089072491284856,0.2791453003883362,1.101962559876322,0.32732379384816096,0.027129632425845998,0.04406575486063957,-0.9691107869148254,0.5
-0.3339747031701384,-0.7380198836326599,0.21389929950237274,1.9985254103495056,-0.2631605863571167,1.3438658367363068,1.1719595884383571,1.3095029799019473,0.34118952702340716,-0.8241137266159058,-1.4750760793685913,0.38452766110437603
-0.6937604546546936,-0.12499282790228544,0.5976989546414405,0.21601813624272806,-0.18003631760976901,0.05446016043424606,1.380971614006252,0.19135038480322902,-0.2783181965351105,-0.15628336369991302,-0.8847832679748535,0.5
0.4254568827161524,1.8362301160614125,-1.3227993620222207,-0.7970810107729208,2.3758996311135525,-1.476853141406458,-1.812807356418569,0.5042348689117913,0.5458285054578006,1.24976055923408,-0.5474730730056763,0.3333333432674408
0.06401476263999939,-0.8965231630170171,0.010043300688266754,0.9442837825041619,-0.36796209567712307,0.9823315434096299,0.27229310836683135,0.7836466669932204,-1.243508231450125,0.19739706013655767,-1.2220934629440308,0.5
0.40272212254850753,0.9628470136190826,0.6314366648248564,1.013138757047823,-0.7786058187484741,-0.9244573298756222,0.24649193634610658,-0.9670589470494543,-0.38822460349153515,0.173017686186969,2.2405740540378756,0.5
-0.2390953153371811,0.27239030599594116,-0.9715261726399133,-0.9036027587715108,-0.545550119700902,-1.349821925163269,-0.5748166502592602,-0.8354366506830613,-1.4422238763223385,-1.2666483185952275,-0.46314552426338196,0.3333333432674408
-0.5422053933143616,-0.5597122311592102,-0.19381269812583923,0.6473528102228041,-0.42593276500701904,1.371628666959559,0.8938225901065372,0.07624855409367534,-0.15362077951431274,-0.22306638956069946,-0.1258353590965271,0.5
-1.2731884545745902,-0.5597122311592102,-0.8053807020187378,-0.5593225925743208,-0.7004285873322492,-0.3451285991706475,-0.35216184344623,-1.162225784715698,1.600778973865359,1.3041234153808656,1.6501982163710798,0.5
-1.460625769513666,-1.1403217600452733,0.8254672884941101,-0.8554255366325378,-0.18177451193332672,-0.45108139514923096,-0.5919333851186763,-1.516218760957604,0.34516897797584534,-0.7365733864753514,0.7174400687217712,0.5
-0.2390953153371811,0.6105799878834577,0.34980329871177673,-0.544329822063446,1.4080211156600466,-1.349821925163269,-1.6916938857079682,0.43971887851772806,2.2428293232916334,0.5783300399780273,0.9704226851463318,0.5
-0.6026425704967305,-0.6264439600574402,0.07799530029296875,1.1879871248040061,-0.5887049436569214,1.762354817382424,0.8136493293269231,0.32847604414128306,-0.7147592306137085,-0.5569815635681152,-0.631800651550293,0.3333333432674408
-0.350554596107502,-0.7837592502338414,0.14594730734825134,0.27076944643802836,-0.5398473311693416,-0.9566229581832886,-0.3351347225597053,-0.23376228598734936,0.15812282264232635,-0.40187296099640896,0.29580235481262207,0.5
-0.01176275685429573,-0.7380198836326599,0.010043300688266754,0.5873564251955101,-0.5344475507736206,0.5199452201617691,1.0851931219468585,0.24732185095799347,-0.4030156433582306,0.32008233911065814,-0.2944904565811157,0.5
-0.9210929870605469,0.21295440196990967,0.010043300688266754,-0.5190856980162458,-1.2657510733884476,-0.5634239912033081,-1.0084676485691684,-1.4745656443236839,0.34516897797584534,0.5115470290184021,1.935127335966977,0.5
-0.3148728311061859,0.1710281106935691,-1.1988267763439646,0.07232295817065527,0.4666366324713518,-0.024354958371427423,-0.3960849603621581,0.07460194111475513,0.46986642479896545,-0.42341551184654236,-0.1258353590965271,0.3333333432674408
-0.2390953153371811,-0.5597122311592102,0.35648014749341866,-0.766541063785553,0.6470724947746455,-0.3387388288974762,-0.274328972775652,-0.6074458875397999,-0.5900617837905884,-0.42341551184654236,-0.11285683034202391,0.5
-0.08754027634859085,-0.4408404231071472,1.2209765020921997,2.374176501576802,0.0971791785624701,0.8812251409127986,1.1963613058609848,1.524125089962668,-0.9519269227134308,0.3111979067325592,-1.306420922279358,0.3333333432674408
-0.6179829239845276,-0.3814045190811157,0.4857073128223419,2.8705198180176774,-0.2089032083749771,1.1217145919799805,0.8575142116381222,1.820509368521129,-0.501375398552135,-0.2898494303226471,-1.559403657913208,0.5
-1.087974731950828,0.20306109098589847,-0.3297167122364044,-0.269948538280286,0.41535909716325153,-0.45108139514923096,1.6013013737574635,0.1662831287872543,1.515977013115981,0.04406575486063957,-0.8004556894302368,0.5
-1.072648048400879,0.5101338624954224,0.3423809540935336,-0.5665509104728699,-0.561576247215271,0.6161730289459229,0.17602769228495319,-1.3059791616858876,-0.7193084050302095,3.2240192237353056,1.3166580223098578,0.6666666865348816
-0.5886712368923338,-0.4408404231071472,0.14594730734825134,-0.766541063785553,0.6589570494652741,1.4231118261331868,1.1715441493597547,-0.4259452493910798,0.457550467904137,-0.6237646341323853,-0.693673701907023,0.5
-0.6179829239845276,-0.9163275957107544,0.28185129165649414,-0.8554255366325378,-0.2631605863571167,-0.0017111222259700298,0.5625533939005289,-1.5329965229393228,-0.028923334553837776,-0.2586074559114472,1.5607155561447144,0.5
2.0584006925807343,0.7768759829250593,1.1652272939682007,-0.6998776793479919,-0.11827075064889492,-1.475683571162475,-1.8979284586348262,0.32434514882815735,0.8439587354660034,-0.0895003229379654,1.2468495243409883,0.5
-1.0861561018427468,-0.9757634997367859,-0.05790869891643524,0.2108807882431912,-0.22352899651531496,-0.3387388288974762,-0.3787404843412721,-0.33877804523242605,1.0187776863886318,-0.3566324710845947,-0.2944904565811157,0.6666666865348816
-0.34383875996878743,1.4946556990606978,-1.9141374024499145,-0.6998776793479919,0.8357139715945243,-1.0268657629316256,-1.6296004245313693,0.7366846018094112,1.3427485227584839,1.9688871600580526,-0.2944904565811157,0.5
0.06401476263999939,-0.5002763271331787,-0.397668719291687,-0.833204448223114,-0.07325971871614456,-0.5072526931762695,0.7210491104119814,-0.6414809534688857,-0.34066691994667053,-0.02271728403866291,-0.46314552426338196,0.3333333432674408
-0.5764623355201864,-1.0351994037628174,0.8002043775676141,-0.7443199157714844,-0.4528196516081729,0.33531656861305237,0.4067476806477741,-0.6176865359188869,-0.06047238517530793,0.17763182520866394,-0.7749834721554687,0.6666666865348816
2.4227786168102403,1.4844429524648843,1.4124922737141334,-0.6332142949104309,0.469464530955658,-0.45108139514923096,0.31081980716248875,0.7798328348935754,-0.9018054008483887,1.5944918459578392,0.6878689524040225,0.3333333432674408
-1.148425579071045,0.09408261626958847,-1.1504898706417712,-0.8554255366325378,-0.692369376276528,-0.3387388288974762,-0.7530687364980525,-1.4443419730150167,0.9686561822891235,-0.93740860787309,0.21147480607032776,0.5
1.4527440536649452,0.8402688361126386,-0.6106433016811326,-0.13290119924724614,0.6334531612205658,-1.1813081502914429,-1.660009302564834,1.0638280491698304,-0.3452137034139578,-0.6345754218554512,-0.09663830969213327,0.3333333432674408
-0.3148728311061859,-0.614557979727113,-0.12586070597171783,-0.44463359732514635,-0.5887049436569214,1.6566608719618852,0.3641370774765182,-1.259607140108415,-0.4030156433582306,1.4198814714574308,1.392060399055481,0.6666666865348816
-0.6179829239845276,-0.3756302910132821,-0.9329448778633413,-0.8109833002090454,0.3816885534455537,-0.9566229581832886,0.23755059755588223,0.2809596006905579,1.595949469805269,0.04406575486063957,-1.306420922279358,0.1666666716337204
-1.3243220177681116,1.170621055867579,-0.05790869891643524,-0.6998776793479919,-0.34454667568206787,-0.5927618710876226,0.15914096429266208,-1.4467140592963712,0.7816100120544434,1.3666521245285959,0.4644574522972107,0.3333333432674408
1.204811035288004,2.5239841675858314,-1.189741488757151,-0.766541063785553,1.6043040392897856,-0.5634239912033081,0.2555884061564933,0.8027077087994899,-0.6727301152649228,1.328121802507868,-0.9691107869148254,0.1666666716337204
-0.16331779956817627,0.8042993440510802,0.11684156888734207,0.3126224495131915,-0.4801901578903198,-0.22639626264572144,-0.43829937211761266,-0.9779585823539617,-1.0888515710830688,-1.3583780527114868,1.1783187513832187,0.5
-0.39065036177635193,-0.5939120947457469,1.7313440081914906,1.0260381518238915,-0.013336053068218303,0.8355707027288569,0.8262494400585156,0.6253766394983414,-0.903834964582464,-1.2382841307778338,-0.8847832679748535,0.3333333432674408
-1.072648048400879,-1.4871021470943244,-0.19381269812583923,-0.8776466846466064,-0.6700910329818726,-0.3500272551918977,0.108159687019965,-0.8553181886672974,0.8380128372754027,-0.02271728403866291,-0.09282607954213093,0.5
1.5740270218717907,-1.0309684816238571,0.8254672884941101,-0.766541063785553,-0.2360319048166275,-1.237479329109192,-1.2159321472882656,-0.0794092456962347,-0.2004990665830149,1.5200541603667628,0.5487849712371826,0.5
3.3847348680997595,1.6808744690888813,0.28185129165649414,-0.5887720584869385,0.7850985575071984,-1.1251368522644043,-1.2208660537071971,1.4003074435355565,-0.2783181965351105,1.0365897259813364,-0.2101629078388214,0.5
-0.6179829239845276,-0.6494855526679437,-0.8044553067926027,-0.6554354429244995,0.6075680833527003,-0.22639626264572144,0.46146145295174235,-0.3118122009670829,-1.1257599072125535,-0.0895003229379654,-1.3056836526397564,0.3333333432674408
-0.15283887083207062,-0.2444566123700563,-0.2617647051811218,-0.5665509104728699,0.24250560531861218,-1.2936506271362305,-1.6648332026440942,0.5738393058059382,1.348962640352724,1.5864140838105791,0.6331125497817993,0.5
0.5944573879241943,-0.4408404231071472,2.695269459987266,2.5096003083352643,-0.7243484258651733,0.73217550074664,0.8827483864988075,1.5730011997978846,-1.665019750827486,0.1108487918972969,-1.0534383058547974,0.5
6.353549003601074,-1.5701223611831665,9.11561107635498,-0.9887523055076599,-1.2940510511398315,14.546651840209961,5.739711284637451,5.3161420822143555,4.896625518798828,9.794388771057129,3.078611373901367,0.0
-0.9968705177307129,-1.2666350236942046,-0.3297167122364044,-0.15165197695200977,-0.4211238108666865,-0.22639626264572144,-0.6307171203756948,-0.17201304236988527,0.7827666249306329,-0.890896737575531,-0.8847832679748535,0.5
1.4576968117003937,1.2855718059121044,2.168613533691729,0.8863692483793917,-0.00602051571635594,1.1213232485389235,1.9934812193674383,1.0699934884235471,-0.5277130603790283,0.04406575486063957,-0.631800651550293,0.5
-0.6937604546546936,2.5760425843698473,-1.5976358242109903,-0.7887621521949768,0.3393659775460876,-1.4040103561708435,-1.7796052895638308,0.07282639415571775,1.5133934083688043,0.24441486597061157,-0.631800651550293,0.3333333432674408
-0.2390953153371811,-0.2625327408313751,-0.397668719291687,-0.022438061138022755,-0.45237167495586944,0.4476591646671295,-0.07951356724592272,-1.2663502481100706,-0.9516776983304854,-0.6125768138102657,0.9704226851463318,0.6666666865348816
0.6558934861957704,-0.35511239434094827,-0.12586070597171783,-0.7220988273620605,0.10790179755291024,-0.5296646855777017,0.731854186263574,0.3179650638741803,0.033425383269786835,0.5783300399780273,0.12714727222919464,0.3333333432674408
-0.4646041107503777,-0.5002763271331787,1.9779360207262622,-0.017575216946483285,0.0501338403812084,1.7769185746720577,1.9482925832472457,0.2810739882440468,-1.280066646703042,-1.1366050875204825,-1.1959054014863788,0.5
0.1606366525046155,-0.6191481351852417,-0.05790869891643524,-0.8109833002090454,-0.2631605863571167,-0.5526384952968852,0.941688322702918,-0.5037017751796674,-0.09127205610275269,-0.0895003229379654,-0.46314552426338196,0.3333333432674408
-0.39065036177635193,-0.6191481351852417,-0.12586070597171783,-0.7220988273620605,-0.8906696238604211,-0.0578824058175087,-0.14084844600899452,-1.759953808799305,-1.4005951881408691,-1.4249922441431002,1.7473500597270288,0.5
-0.46642789244651794,-0.6927699876279019,-0.5335727334022522,0.5614022065884394,-0.34454667568206787,-0.7249861662549769,0.5820095988798877,0.4039666883497428,-0.17024778807992666,-0.3566324710845947,-0.8847832679748535,0.3333333432674408
-0.5535087287976672,-0.14366096258163452,1.0130001426377953,2.011234354837374,-0.3459424476400972,1.2896534516270428,0.9470062441396582,0.9616449668435749,-1.3139407537572914,-0.6905476450920105,-1.117973616450663,0.5
-0.46642789244651794,1.363593556264574,0.010043300688266754,-0.6332142949104309,-0.936963044863613,-0.90045166015625,-0.4441113194535429,-1.683271016106005,-0.4030156433582306,-1.5360567852237674,2.006243571076312,0.5
1.397832526303795,-0.6785839796066284,0.49488996039270056,-0.9316403593698988,-0.5344475507736206,0.6161730289459229,-0.09758699355671263,-0.8701029940866682,-2.1006432918996305,-0.6905476450920105,0.3801299035549164,0.6666666865348816
-0.46642789244651794,-0.6785839796066284,-0.19381269812583923,-0.8776466846466064,-0.1318556918256149,-0.731937825679779,0.09580551649435522,-0.4523823504863716,-0.15362077951431274,-0.8241137266159058,-1.0309261463148773,0.5
-1.224203109741211,-1.0351994037628174,-0.2617647051811218,1.077881365632678,-0.37167537212371826,0.16680273413658142,0.3434415195549267,0.4051847349096701,1.4189017455595863,-0.7573306560516357,-0.46314552426338196,0.5
-0.08754027634859085,-0.20309685170650482,0.07799530029296875,-0.8109833002090454,-0.7243484258651733,0.2749202783348488,0.7057732499505995,-0.8610808064101948,-0.15362077951431274,-0.9111131792554858,0.5487849712371826,0.3333333432674408
-1.1878086943590744,-0.6191481351852417,0.010043300688266754,-0.8776466846466064,-0.5449209294943311,0.11063144356012344,-0.49308674743709535,-1.5270537233335788,-0.09127205610275269,0.4447639584541321,0.7174400687217712,0.5
0.6702349185943604,1.545853824815761,0.6216112971305847,-0.8109833002090454,2.2937983556206243,-1.4059932231903076,-1.4235289493763748,0.5010738801323749,0.34516897797584534,0.3682930497290418,-0.46314552426338196,0.3333333432674408
5.565691807560475,1.8592545904490796,1.410403609451867,-0.3403501767533799,0.7125672078063803,-1.2567706201064976,-1.5151196375209386,2.0834404996730984,-1.8602876927618277,1.7240289565752747,-0.2513922973354058,0.3333333432674408
-0.46642789244651794,0.09408261626958847,-0.12586070597171783,0.9333446130016023,-0.4801901578903198,1.4386591771398918,0.2218598173906128,-0.8601652425128927,-0.5277130603790283,0.7118961215019226,1.6450430154800415,0.6666666865348816
0.6702349185943604,1.2626810284651888,0.4177553057670593,-0.08467353621728889,9.497478023303334,0.2229740172624588,0.781076986889274,0.37147461392926134,-1.4825897424490293,-0.005077010578622108,-0.6421245328393431,0.3333333432674408
-0.5422053933143616,-0.12648386966859687,0.28185129165649414,-0.8847240980310083,-0.7243484258651733,-0.5072526931762695,-1.2483987685492117,-1.3346328196762922,0.4010306682650962,-1.0660123832218882,0.7516446590019146,0.1666666716337204
-0.46642789244651794,-0.4408404231071472,0.6895633339881897,2.5575031263520898,-0.5073188543319702,-0.5270341656243598,1.2007775471146682,1.693498363521363,1.8455010960638516,0.1108487918972969,-0.9691107869148254,0.6666666865348816
-0.16331779956817627,-0.5597122311592102,-0.2617647051811218,-0.6055348909685357,-0.10038841515779495,0.5038304328918457,0.9955009281750565,-0.7414088020367705,1.1750030714285697,0.7644271224089982,0.7174400687217712,0.5
0.06401476263999939,-0.6191481351852417,0.07799530029296875,-0.8109833002090454,-0.34454667568206787,0.5339671595216465,0.1396265862680288,-1.0058878896170684,0.9063074588775635,0.04406575486063957,1.0543496891581041,0.8333333134651184
-0.06668466183468565,0.9847618043336741,-0.941284716129303,-0.6776565313339233,0.6817840644311043,-0.8386863687875724,-0.9643551125732519,0.49044513066360396,0.8898411283553953,0.24441486597061157,0.04281972348690033,0.5
-0.9210929870605469,-0.024789171293377876,0.7542222944021899,-0.8109833002090454,-0.6429623365402222,0.2791453003883362,-0.15194060185299071,-1.702829931284254,-0.028923334553837776,-0.6905476450920105,1.4861066486388375,0.6666666865348816
-0.5548096891002157,-0.5597122311592102,0.3880572640154142,-0.6109932065010071,-0.7228566472586179,1.2226933785796164,0.1557242691253476,-1.6739066635696171,-0.2783181965351105,-0.6237646341323853,1.6945681471234104,0.8333333134651184
-0.5909592402422975,-1.08168875364681,0.010043300688266754,0.5187203058337163,-0.5344475507736206,-0.7881091237068176,0.05912824522085229,0.5616346435907948,1.9809029821634836,0.04406575486063957,-0.9691107869148254,0.3333333432674408
-0.2390953153371811,-1.5073522031019344,-0.12586070597171783,-0.766541063785553,-0.6700910329818726,0.5600017309188843,0.25253684673634613,-0.9664016331699392,-0.028923334553837776,0.7786791324615479,0.3801299035549164,0.5
-0.5439182161554297,-0.7313231407194294,-0.2617647051811218,-0.8554255366325378,-0.6429623365402222,0.7727004442437769,-0.0702287792643681,-1.1845462087269854,0.8108939143967568,-0.15628336369991302,0.8017675876617432,0.6666666865348816
0.4454689329093255,3.4126568437787332,-1.5315482596356595,-0.6553373031505859,0.9050011914282852,-1.4059932231903076,-1.7678759261620447,0.3932055429625679,1.1557023525238037,-0.22306638956069946,0.7315011093105492,0.3333333432674408
-0.08754027634859085,-0.2625327408313751,0.28185129165649414,-0.6664422161847975,-0.5344475507736206,0.15258194092860738,0.24688603617193372,-0.913307501975656,-1.0491966849755483,0.8090498875726153,0.4644574522972107,0.5
0.29134732484817505,1.8236122115704547,-2.140789689517308,-0.6554354429244995,1.081899540903123,-1.0779100893725686,-1.6116019380022613,0.6616048396324941,0.5351279686994193,0.6525694805779931,-0.46314552426338196,0.5
0.29134732484817505,1.1595279194523755,0.8254672884941101,-0.10240752009084789,0.16855826836270477,-0.8442803621292114,-1.5617417263097386,0.6456388196027742,1.3529983779485966,1.6401087719688516,0.7174400687217712,0.5
-0.01176275685429573,0.4414695204849361,-0.05790869891643524,-0.5665509104728699,0.8990581163156219,-1.5810039520500796,-1.901938256644965,0.40917383990280665,1.1014905133928288,0.24441486597061157,1.399828573365811,0.5
-0.16331779956817627,1.8762949842613568,-1.0242245569217505,-0.7214690567177539,0.728950759132357,-0.6195952296257019,-0.9595182754584597,0.561201444820851,1.2739302230207987,0.3111979067325592,-0.9044631684225827,0.5
0.014107370954067916,-0.4979340630345115,-0.12586070597171783,-0.7887621521949768,-0.15464581549167633,0.33531656861305237,-0.6434978056992243,-0.1420559410418819,1.535219354440454,1.6228703548831465,0.4644574522972107,0.5
-0.08754027634859085,-0.7783911738917109,0.18597656785690292,-0.8554255366325378,-0.883949903404094,-0.5673632493530132,-0.49850544008838005,-1.592275166015509,-1.4449695291499698,0.2925302980643945,0.7554948144798543,0.5
-0.3148728311061859,2.6224751852230668,-2.1644208431243896,-0.5887720584869385,1.0005343946259175,-1.349821925163269,-1.692528773846662,1.092581276294626,2.1032431716336917,0.6379821590110425,-0.8004556894302368,0.3333333432674408
0.06401476263999939,-0.14366096258163452,-0.8037880808082516,1.6748473672197157,-0.23254153011824488,1.9294959494560713,0.6123810651509529,1.1657312670603601,-0.46536436676979065,-1.0244628190994263,-0.8847832679748535,0.3333333432674408
-0.16331779956817627,-0.9163275957107544,-0.5335727334022522,1.3551659435969134,0.21096604548670758,1.0284005982284334,0.4909084898601382,0.6183777224716114,-1.6395653442780205,-0.6338415964734939,-0.9691107869148254,0.5
-0.3148728311061859,-0.7974557876586914,1.4810318599572498,1.9990692748515433,-0.6126622958167833,0.8408406303169806,1.174369633201193,0.6250582969616902,-0.4649442640743351,-0.8040770087088382,0.14425158514168754,0.3333333432674408
-0.5660204982937641,-1.0595047545566239,-0.5335727334022522,0.9795984390615721,-0.7243484258651733,-1.0689655542373657,-0.1971653041281489,0.4798547385770729,0.7192612886428833,0.04406575486063957,-0.9691107869148254,0.5
-0.2390953153371811,0.0010135448461105305,-0.397668719291687,1.4018397289425002,-0.10038841515779495,0.5038304328918457,0.7846406399661933,0.958626072209329,-0.67961802216191,-1.1770882168933168,-1.4256472792098032,0.3333333432674408
-0.5422053933143616,-0.14366096258163452,0.28185129165649414,1.212936195661083,-0.2902892827987671,-1.3976273852031977,-0.18496362878734218,0.8309194213576147,-0.9018054008483887,0.7118961215019226,-1.452863212252101,0.3333333432674408
0.36712485551834106,2.0895814329210882,-1.264817196160935,-0.5377119553445725,1.1812049104473301,-1.2936506271362305,-1.4378867905710757,1.1605657666691984,0.6671597006261272,0.5212685052353561,-1.0534383058547974,0.3333333432674408
0.8217899799346924,1.8648492612244665,1.5052630610957236,-0.6554354429244995,2.4281425554044955,-0.22639626264572144,-0.08583269255227358,0.8145259584662082,-0.13222071622404974,0.4447639584541321,-0.9691107869148254,0.5
0.4429023563861847,-0.7371188523807616,0.6669914309251777,2.079004008846505,-0.034567431593688004,-0.8777167760820165,0.03531329215054385,1.5335151723467015,-0.6524105072021484,-0.15628336369991302,-0.7161281704902649,0.1666666716337204
-0.08754027634859085,0.37062999420709997,0.39647569347842626,1.712532951892958,-0.19343830704526782,-0.07061929520417584,1.1064401529729795,1.165551440865795,-0.34066691994667053,-0.42341551184654236,-0.9691107869148254,0.1666666716337204
-0.08754027634859085,-1.1514066895428972,0.28185129165649414,-0.8846360424373375,-0.6167313318517176,-0.29172341413611297,-0.3423039283930814,-1.757712644684588,-0.6478665247341547,-1.3583780527114868,1.7634051008782294,0.5
-0.6179829239845276,-0.6785839796066284,0.14594730734825134,0.8282940461600379,-0.23431348300256813,0.4476591646671295,0.5325750563647422,0.14867995348658966,-1.3835956007740207,-0.2898494303226471,-0.041507821530103683,0.5
0.5944573879241943,-0.5002763271331787,1.2846764712854692,-0.5887720584869385,0.349055259319731,0.2229740172624588,-0.1662774361992943,0.14105315447205682,-0.46536436676979065,-0.6237646341323853,-0.8847832679748535,0.3333333432674408
0.06401476263999939,-0.5413507316139995,-0.397668719291687,1.2380679074475764,-0.34454667568206787,0.6161730289459229,0.8412185097520442,0.3946108035631343,-1.2811880678595038,0.1108487918972969,-0.7161281704902649,0.5
1.4840645766579892,-0.6785839796066284,-0.12586070597171783,0.858992880562136,-0.34454667568206787,-0.6757665276527405,0.025928251125463667,0.7166550454024263,-1.4005951881408691,-1.0244628190994263,-0.631800651550293,0.5
0.1397922784090042,-1.2039089870352293,0.010043300688266754,-0.8998677730560303,-0.4183362137608813,1.065543293952942,-0.5070575624224242,-1.5534380121331022,-1.8637250774538496,0.04406575486063957,0.8017675876617432,0.5
-0.16331779956817627,-0.08422506600618362,-1.4930204553482123,-0.5665509104728699,-0.01900232955813408,0.6723442673683167,1.1233597524340386,-0.04124872953006062,-0.2783181965351105,-0.8265707799883927,-1.4679028412975648,0.3333333432674408
-0.3148728311061859,-0.9163275957107544,-0.19381269812583923,-0.7887621521949768,-0.4957528474703131,-0.9779250283714209,-1.2395844067124997,-0.6094297443658547,1.2137501613808428,0.3812601120253575,-0.05666314091341909,0.5
-1.072648048400879,-0.7380198836326599,0.21389929950237274,0.44022999122075357,-0.12751711905002594,0.5600017309188843,0.4911190443147142,-0.38198790348729594,-0.028923334553837776,0.7894529351039866,-0.46314552426338196,0.5
-0.39065036177635193,-0.5002763271331787,0.8243267219947757,2.0567953143177315,-0.2089032083749771,1.321496302231097,1.8840103859864041,1.2948460617996376,-0.6524105072021484,0.24962132406459092,-0.8847832679748535,0.5
0.2373838726026295,-0.5002763271331787,0.07799530029296875,0.627157969875768,-0.4801901578903198,1.3355704261746097,0.7280949453210561,0.3649353187078723,-1.8647723434279966,0.37798094749450684,-0.46314552426338196,0.5
6.353549003601074,7.0646888775372965,9.11561107635498,-0.9887523055076599,-1.2940336143592241,1.7285517946317257,-1.5693652668798197,-1.9622228708652614,4.896625518798828,-2.092991352081299,3.078611373901367,0.0
-0.39065036177635193,1.071354758536035,-1.3499558388400847,-0.5454172803067631,0.5887841021900642,-1.349821925163269,-1.7136129544837595,-0.3836468528032432,0.5945638418197632,0.938775750674508,1.3802097015159205,0.5
1.313637357022667,-0.4408404231071472,2.48580218054755,1.7634626541804168,-0.4801901578903198,0.5038304328918457,1.9022429084856556,1.306791608899172,-0.8394566774368286,0.7463956084564748,-0.9691107869148254,0.5
-0.9968705177307129,-0.7974557876586914,-0.7529407592104843,-0.4998875558376312,-0.5344475507736206,-0.731937825679779,0.1360207787351868,-0.7582238391329408,1.227682445422752,-0.04240439714162483,0.4644574522972107,0.5
-0.16331779956817627,1.0380617406005013,1.5062139809099468,-0.8109833002090454,0.13648381902304713,0.7749082092221617,0.5580409551638716,0.3522402571687017,0.7816100120544434,-0.9930993825364529,-1.4293279025892942,0.3333333432674408
-0.08754027634859085,-0.7974557876586914,2.2051094011456844,2.1920041775724486,-0.6628822997272444,-1.349821925163269,-0.36490571193423454,1.200032325717256,-3.095369911912855,-0.6905476450920105,-1.4750760793685913,0.3333333432674408
-0.6937604546546936,-0.6191481351852417,-0.2617647051811218,-0.8405680761326203,-0.8316408726770851,-0.5835229749647378,-0.36024407272122105,-2.051017933928515,0.46986642479896545,-1.0244628190994263,1.921297360251642,0.5
-0.9210929870605469,0.16308118365301866,-0.7484075908228305,1.4024816847789903,-0.01900232955813408,2.071825946634313,5.180614964522169,0.7552569102147082,-0.24691302247609215,-0.22306638956069946,-1.2220934629440308,0.3333333432674408
0.1397922784090042,-0.024789171293377876,-0.05790869891643524,1.1971803956282685,-0.7260628748358249,-0.6195952296257019,-0.36688768815632833,-0.3809036459027305,-0.6542887486382267,-1.0781583518157685,1.9809751495369028,0.3333333432674408
2.3796104265863973,1.5183872621748664,0.07799530029296875,-0.6998776793479919,0.43437188130495297,-1.4261508645729917,-1.8176864694983386,1.1864628917077038,-0.6524105072021484,0.17763182520866394,-0.8847832679748535,0.3333333432674408
0.1397922784090042,-0.6191481351852417,0.07799530029296875,1.0500208264004356,-0.45216637806975574,-0.45108139514923096,-0.23372107948374268,0.3550558532055591,0.19674067836965775,-1.3064972025464392,-0.1258353590965271,0.3333333432674408
1.3632380050982924,1.2428950402869978,-0.12586070597171783,-0.6109932065010071,0.7414394046826163,-0.7881091237068176,-0.7849143990875399,1.6609955890142705,0.033425383269786835,-0.5569815635681152,-1.2754309565654358,0.3333333432674408
-1.4597984394918004,1.7415716960078607,-1.45677031306788,0.1912864780042759,-0.6653610320694292,0.36035732204867377,-0.3412294045910592,-1.4020569416160622,1.7273429154872373,-0.6905476450920105,1.3928592949967333,0.6666666865348816
-1.5461953001458322,-0.08422506600618362,-1.5753763842564876,-0.6332142949104309,-0.2089032083749771,0.4397025448322063,1.104017185705306,-0.7901357111444285,1.6262821822215736,0.04406575486063957,-0.08719055252493133,0.5
-0.2390953153371811,-0.9163275957107544,0.3827731570301782,-0.7443199157714844,0.13841509360836576,0.33531656861305237,1.2502046131703017,-0.24834984599211568,2.504764276959034,-0.22306638956069946,-0.40785432354804735,0.5
-0.46642789244651794,-1.0446478181675638,-0.28583695264240566,2.123588433929485,-0.04904019318295376,0.8674529166462023,0.572117213254787,0.757347536597723,-0.6524105072021484,-1.1643331808473507,-0.631800651550293,0.37282075178503865
-0.8453154563903809,-0.20309685170650482,-0.6564474302728897,-0.544329822063446,-0.37167537212371826,-0.428372980269441,-0.09455262075064343,-0.5127340086951009,-0.2159694880247116,-0.15628336369991302,-0.8004556894302368,0.3333333432674408
-1.0816931099615352,-0.9163275957107544,-0.8001793522803232,-0.7896655153286699,-0.8507990212309456,-0.4668615992090359,0.108830062489606,-1.662487450599253,0.15812282264232635,-1.3453677735217688,1.0547502040863037,0.5
-0.2390953153371811,0.09408261626958847,0.010043300688266754,0.8195021767950618,-0.5887049436569214,1.251644403214282,0.26602712046405697,-0.4838724548810706,-0.46536436676979065,-1.2829324861479223,0.4644574522972107,0.8333333134651184
3.1651195739604012,0.14775971529325005,1.4197699711380911,-0.6776565313339233,-0.2360319048166275,-0.47193728534181695,0.33169621501840013,0.7280081467058686,-1.254122052395917,-0.42341551184654236,-0.631800651550293,0.3333333432674408
0.21556980907917023,-0.9122834925859932,-0.10372901414857494,2.5812129786117013,-0.34454667568206787,2.108367796269707,1.5180490137531617,1.3113263075349724,-0.4030156433582306,0.6468003762749299,-0.631800651550293,0.5
0.6702349185943604,-0.08422506600618362,-0.19381269812583923,-0.6776565313339233,0.32622543911922447,-0.7198980853251058,-1.286668104141389,0.1957355813042012,0.9686561822891235,0.9293287824537553,0.8525665275056197,0.5
-0.46642789244651794,0.21295440196990967,0.5141368321360867,-0.833204448223114,-0.5073188543319702,-0.3387388288974762,-0.3106235852211137,-1.2725581479011667,0.15812282264232635,-0.17892177137567059,2.094087098793294,0.5
-0.18252132719995312,-0.3219686448574066,0.6855168170387943,-0.5887720584869385,0.24768406678666316,-0.22639626264572144,-0.8972177886028478,0.26478538045155015,1.5341707295219633,1.0598992967626764,0.9704226851463318,0.6666666865348816
-0.39065036177635193,1.4425419103531643,-0.5335727334022522,0.757735446176056,-0.06274928051104935,0.2229740172624588,0.603878289040551,0.4282633443424077,0.29657209818651864,-0.2898494303226471,-0.37881800532341003,0.3333333432674408
0.19504657794502947,-0.14366096258163452,1.0690656624453292,0.7468882984152043,-0.7486210147286525,0.08433952590617042,0.3211746197020464,-0.7041267226073991,-0.5277130603790283,-0.49019855260849,1.813698172569275,0.6666666865348816
-1.7168520263177962,-0.6191481351852417,0.051568374121718184,-0.8776466846466064,-0.9157228169278441,-0.5634239912033081,-0.5302289210946537,-1.7683824801133994,1.846307184926889,-0.9508893482625772,1.5607155561447144,0.6666666865348816
-0.01176275685429573,-0.20309685170650482,0.5993147521361736,-0.7887621521949768,-0.2089032083749771,-0.15116891741958868,-0.5226157910035895,-0.5626849891198927,0.4075177013874054,0.8410874515119952,0.581743899777888,0.6666666865348816
-0.08754027634859085,0.09408261626958847,1.1652272939682007,2.043230704634957,-0.36494069534547824,0.7846868634223938,1.371934681157698,0.9751576828199514,-0.4030156433582306,-0.7531808629573334,-0.5474730730056763,0.3333333432674408
0.26670274576948255,0.025741159874910418,1.2836857224368292,3.2006999499745556,-0.10038841515779495,2.120878083927621,5.3116902007177345,2.0121062807816137,-0.609912440402585,0.3442106941662543,-1.0035942204332915,0.1666666716337204
0.5944573879241943,-0.6191481351852417,-0.801988583388949,-0.4842720692869514,-0.5344475507736206,0.6512754930778362,-0.005764951425499867,-0.7827978674425274,-1.4479217634165154,-1.3288892922736413,-0.37881800532341003,0.5
-0.08754027634859085,-1.094635248184204,-0.4656206965446472,-0.41368382452411523,-0.4865129237161982,0.6723442673683167,1.1156376367487804,0.3583999627613084,1.8059915950529135,-0.22306638956069946,-0.8847832679748535,0.3333333432674408
-0.5422053933143616,0.6974424182114594,0.7148242739406265,0.9653772346572127,-0.8233890360894822,-0.5281669236497387,0.5795058756093973,-0.36344198822687335,-1.1630163264794031,-1.3583780527114868,0.29580235481262207,0.6666666865348816
-0.5422053933143616,1.6766289632685496,-1.9865045628655322,-0.6998776793479919,0.43549914846201265,-0.6343293416907889,-1.392750610218233,0.22284394525219278,2.231336720388001,0.491883615114627,0.7260482692648873,0.6666666865348816
0.1397922784090042,-1.4185040144189713,0.34980329871177673,0.9024280833739777,-0.45306146144866943,0.7506268284405786,0.8200675787204088,-0.2589221495162808,-2.728675505939635,-1.260412130258821,-0.16266456413449207,0.5
0.4429023563861847,-0.4408404231071472,0.6216112971305847,0.828209975380705,-0.12751711905002594,0.9532006978988647,1.4781814162357347,0.8983207941055298,0.34516897797584534,0.9719541649973683,-0.6275159831743577,0.3333333432674408
-0.2390953153371811,-0.19861780962993353,-0.05054474500267213,0.8981679266099498,-0.04613102599978447,0.6953215378874105,1.323492038261321,0.8457468415650391,1.3320759825334842,0.37798094749450684,-0.5526806644075456,0.5
-0.01176275685429573,-0.13242392505020664,0.010043300688266754,-0.2215756418011173,-0.479988667195234,0.2253672725374588,-0.660282662673812,-1.4185927273915542,-1.0198632101197882,-1.418939634588928,1.5661998054470383,0.5
0.29134732484817505,0.09408261626958847,-0.4656206965446472,1.0886578657091233,-0.48969411546506975,0.9591105404989455,1.656793097840859,0.7687581857021585,-0.7147592306137085,-0.17858260954387487,-0.8847832679748535,0.3333333432674408
0.06401476263999939,0.15351851284503937,0.14594730734825134,0.22834831430526362,-0.4522615156286434,0.6723442673683167,1.275008959243921,0.14282836647778224,-1.0289853053021107,-0.8241137266159058,-0.5160204179805334,0.3333333432674408
1.520395304563211,-1.0351994037628174,0.9121344637031095,0.148187363146962,-0.4110566285624616,0.16648802486070044,-0.06189958280059623,0.22904316660575794,-2.0664544133338243,-0.3566324710845947,-0.041507821530103683,0.6666666865348816
-0.5470117278762536,-0.6191481351852417,-0.5425051428386631,1.9807177988987086,-0.16509926040855877,-0.7077873349329153,0.11313079809787861,1.1153861294184209,0.2828202545642853,-0.8447578218020131,-0.9691107869148254,0.5
0.24546343767323142,2.3275897029973733,-0.19381269812583923,-0.5391310749950102,0.388869579930013,-0.8442803621292114,-0.8871186450667008,0.8692938280302006,1.104521964557311,-0.22306638956069946,-0.46314552426338196,0.3333333432674408
-1.316177278360455,0.4421805565930646,-1.864214445343357,-0.766541063785553,-0.023454948075018085,0.5038304328918457,-0.3360401035593489,-0.6828571370784579,2.3725600314268447,-0.42341551184654236,-0.1258353590965271,0.5
0.5094250277008686,-1.0351994037628174,-0.05790869891643524,2.231605370432928,-0.10038841515779495,0.5600017309188843,0.10908676856933094,1.160768956268185,-0.7410266895834708,-1.4692377619405317,-1.0534383058547974,0.5
-0.16331779956817627,-0.2625327408313751,0.28185129165649414,0.18573205921101538,-0.39880406856536865,0.33531656861305237,0.687001717882669,0.20672846344310813,0.36666015748848957,-0.890896737575531,-0.3544707618086404,0.3333333432674408
-0.6937604546546936,-0.6191481351852417,0.6895633339881897,0.6021792745678802,-0.5322697429259589,1.7081081173195043,1.4502627908521912,-0.5203261388636019,0.033425383269786835,-0.2898494303226471,0.21147480607032776,0.3333333432674408
-0.5576996466301793,-0.7380198836326599,-0.19381269812583923,0.5681749587332842,-0.37167537212371826,0.36769246582821236,0.4702232497936695,0.05969120492890071,-0.7771079540252686,0.4447639584541321,-0.5474730730056763,0.6666666865348816
-0.5944554312112823,-0.9757634997367859,0.010043300688266754,0.2716519658090396,-0.5073188543319702,0.2229740172624588,0.8882740097405067,-0.7700581900514115,-1.2981140723039704,-0.8900563235946067,-0.0709353079985437,0.5
2.340685189261138,0.31777184970235034,0.010043300688266754,-0.6998776793479919,0.6563346830086633,-0.9566229581832886,-1.342250568247401,0.3131174662975277,-0.4030156433582306,0.3111979067325592,1.212091770804725,0.6666666865348816
-0.18348113522131168,-1.0351994037628174,0.5536593198776245,-0.91940761927853,-0.5073188543319702,-0.17022497951984406,-0.14584870200270691,-0.6707679683003896,-0.2783181965351105,0.5783300399780273,-0.37881800532341003,0.5
0.4429023563861847,-0.08422506600618362,0.18241333910750915,-0.6109932065010071,-0.34454667568206787,-0.0017111222259700298,0.40756376980364817,0.5762255444311698,1.5414481386537475,0.892139836383712,-0.7161281704902649,0.3333333432674408
0.29134732484817505,-0.8568916916847229,-0.3006187867391456,-0.15074264326073847,-0.03676267230703294,0.2791453003883362,0.8692427267413555,0.0003311819031317255,-1.0888515710830688,-0.49019855260849,-0.8847832679748535,0.3333333432674408
-0.39065036177635193,0.8028154015602772,-0.9865976285689785,1.770571657862292,0.5420713946956284,1.1217145919799805,1.309233603081431,1.2970326979575735,-0.9018054008483887,-0.5569815635681152,-1.0534383058547974,0.5
0.2454994356529832,-0.8568916916847229,-0.6015247106552124,-0.400939975934485,-0.27742478412456045,-0.36511313568207393,0.23461360474052076,0.22235439275195784,0.9902796697212707,0.7118961215019226,0.3801299035549164,0.6666666865348816
0.6702349185943604,2.321823734109063,-2.1644208431243896,-0.7268563879774574,0.6814340041760634,-0.6195952296257019,-1.2078268158234766,0.9516627085653553,1.3838100285552044,0.3111979067325592,-0.9691107869148254,0.3333333432674408
-0.39065036177635193,0.5827888871065355,-1.9534129082434393,-0.8776466846466064,0.08219951626208193,0.2791453003883362,-0.1483070633400613,-0.47660526588891033,-0.8154684325262606,-0.42341551184654236,-0.8847832679748535,0.3333333432674408
0.5944573879241943,-0.5245152471355834,0.28185129165649414,-0.833204448223114,-0.5073188543319702,-0.0578824058175087,-0.6012792372444938,-0.669496213756093,0.7192612886428833,-0.22306638956069946,0.12714727222919464,0.6666666865348816
-1.2622967003466958,-0.9757634997367859,-0.2617647051811218,-0.8776466846466064,-0.18177451193332672,0.05446016043424606,0.33950742344126544,-1.4918594823163578,0.3599053116758154,-0.0895003229379654,0.8017675876617432,0.5
-0.16331779956817627,-0.4408404231071472,2.6368990628682436,1.1592986395816007,-0.37167537212371826,-0.27559721312295216,1.9559819778583276,0.8701636706744554,-0.9641541242599487,0.24441486597061157,-0.8847832679748535,0.3333333432674408
-0.46642789244651794,-0.6191481351852417,0.07799530029296875,0.3194697410530129,-0.32068598458163233,0.6723442673683167,0.3119302929922925,0.29371673334490755,1.2394524926765225,-0.6237646341323853,-0.631800651550293,0.3333333432674408
-0.3148728311061859,0.04651626327715827,1.2146328192722446,0.7173141912146914,-0.18177451193332672,1.40698976881956,0.9478725141750955,0.5546191047638399,-0.34066691994667053,0.3111979067325592,-0.8847832679748535,0.5
-1.224203109741211,0.15351851284503937,-0.7012999717417365,0.8574003905615132,-0.31033894415180463,-0.22639626264572144,0.10805945027427558,-0.9679103115259189,0.8600608701725722,-1.381008701255697,1.7422261685645488,0.6666666865348816
-0.16331779956817627,-0.7550749997118464,-0.12586070597171783,1.358124957301415,-0.9769018996674006,1.4341404235356203,1.299400897132164,0.9541884774509973,0.31321099783499207,-0.3566324710845947,-1.0534383058547974,0.5
-0.16331779956817627,-0.024789171293377876,-0.9787075311300698,1.6069235778789155,-0.10038841515779495,-0.0578824058175087,1.1510580793730207,0.7388621857948833,-1.0888515710830688,0.04406575486063957,-0.5474730730056763,0.5
-0.8453154563903809,0.09408261626958847,-0.21926260458777716,-0.3576470673417445,-1.008227704588778,-0.17022497951984406,-0.648605928515792,-1.2549891826729076,0.15812282264232635,0.1108487918972969,1.1050004255550583,0.6666666865348816
-0.9968705177307129,-0.3814045190811157,0.08035102625918365,-0.427708319004384,-0.7681139407124206,-0.4447844073137702,-0.2558858319045547,-0.8300769763296989,1.1590471036772996,-0.957679808139801,1.223405361175537,0.3333333432674408
-1.3049776962410062,-1.094635248184204,-0.4656206965446472,-0.6998776793479919,-0.561576247215271,-0.8691503103902947,-0.6238228371220084,-0.9391695494485801,1.125626254236323,-0.9655336370694505,0.21147480607032776,0.3333333432674408
-1.047067908570234,-0.5597122311592102,-0.397668719291687,2.9631166175872874,0.1146146357022772,0.7817809189542604,-0.09405185547485768,1.185845720798009,0.7192612886428833,-0.890896737575531,-0.2944904565811157,0.5
-0.01176275685429573,-0.6191481351852417,0.44880652987338987,2.7889751340350357,-0.17806834087863327,1.0868926022529923,1.2068286715350263,1.7514886602402828,-1.4204128601651027,0.37798094749450684,-1.306420922279358,0.5
0.7460124492645264,1.0142364268884165,-1.8516560564725228,-0.2215288557791245,0.43775715818675054,-1.278138222983489,-1.7882482385982574,1.033216118812561,0.5322151184082031,0.5631124882811357,-0.5474730730056763,0.5
1.9681810103197115,0.6596793845327195,-0.4656206965446472,-0.017062500477647433,0.7914633200166268,-0.3949100971221924,-1.1047372603445993,1.8340326412356038,0.7098873137665145,1.9080589822891176,-0.8847832679748535,0.3333333432674408
0.06401476263999939,0.1906825854775067,-0.12586070597171783,-0.10429542772847399,-0.45306146144866943,1.772055869134468,1.5060622659733165,-0.451804458849127,-0.7771079540252686,1.422075189057232,0.4437539222779886,0.5
-0.13811618182715152,2.520448981042306,-1.9224919552182635,-0.6109932065010071,0.39814285512355874,-1.2936506271362305,-1.4844218189881617,0.8521872791299726,1.816516279888873,-0.2898494303226471,-0.8847832679748535,0.3333333432674408
-0.39065036177635193,-0.9758387724018673,-0.020057979707394636,-0.6776565313339233,-0.2902892827987671,0.5038304328918457,0.06193685007184749,-1.4084762560394986,-0.028923334553837776,-0.6575958560667514,1.484071147431542,0.5
1.4562657138363069,-0.7974557876586914,-0.2482943677514104,-0.26255066280841743,-0.4801901578903198,-0.3387388288974762,-0.6617980474300453,0.18398865484894242,-1.5674473039923118,-1.3704419180890368,-0.631800651550293,0.3333333432674408
1.3060846713393102,1.1537549817044268,-0.8024184039077628,-0.6109932065010071,0.7898348385846115,-1.2919931262392375,-1.6677120899509208,1.0448486568098967,0.0957741066813469,-1.0114762020883818,-1.1254438904629491,0.3333333432674408
-0.01176275685429573,1.392589149694573,0.14594730734825134,-0.766541063785553,0.4104179875917646,-1.2936506271362305,-1.6645918885254025,0.2225981642238447,0.033425383269786835,-0.957679808139801,-0.041507821530103683,0.3333333432674408
-0.6179829239845276,0.03224180922658218,-0.3297167122364044,0.38062733608276156,-0.41495530957677773,0.33531656861305237,-0.26580093423116263,-1.6051050293181715,-0.9641541242599487,-2.075907918918046,2.052532036763005,0.5
0.16610041685851645,0.8484141821972782,-1.471641506078615,-0.6776565313339233,0.4629537040653417,-0.22639626264572144,-0.8732925810423552,0.4305073134301509,0.7192612886428833,0.537602187255387,0.04936451664645979,0.5
0.29134732484817505,0.6386634906983011,0.07799530029296875,-0.17555490543577054,-0.4521558438602671,1.1217145919799805,1.4637329751541441,0.19087425883369863,0.6569125652313232,-0.49019855260849,-0.7161281704902649,0.5
-1.4113453351287435,0.1853820294805358,-0.5335727334022522,0.6843277864153097,-0.4597630272938932,0.7846868634223938,0.014624613527153697,-0.8536414772670328,0.5322151184082031,-0.5703407577798019,1.3462534529688088,0.6666666865348816
-0.6937604546546936,-0.4408404231071472,0.010043300688266754,-0.34921026338773276,-0.39880406856536865,0.11063144356012344,-0.22032249905498594,-1.080351937570778,0.2828202545642853,-0.42341551184654236,1.3673872879289761,0.5
-0.46642789244651794,-0.7380198836326599,0.7630291414578823,-0.5237592553016314,-0.37167537212371826,0.3725766682261233,0.7288080131938129,0.07875521448827918,0.46986642479896545,-0.26659479577361234,-0.9691107869148254,0.5
0.36712485551834106,-0.4408404231071472,1.1652272939682007,-0.6998776793479919,0.9327004585935718,-0.9566229581832886,-1.6310693469966686,0.26337561409536925,1.5433370512490523,0.10906430790014028,0.9773721598429242,0.6666666865348816
-0.3972104419041319,-0.6785839796066284,-0.5335727334022522,-0.31462063659500233,-0.18177451193332672,0.39222053278463354,0.9870076872541106,-0.44441955436597375,0.4721329750664956,-0.0895003229379654,-0.2944904565811157,0.5
0.1397922784090042,1.290385465855742,-1.215855450152949,-0.7722303920647461,0.062383756041526794,-1.4059932231903076,-1.730551873473411,0.7477117528983146,0.8439587354660034,-0.22306638956069946,-0.9691107869148254,0.3333333432674408
0.31403536243159685,-0.9757634997367859,7.452658005257852,-0.8076175493738432,-0.2360319048166275,0.7846868634223938,1.233446958894194,0.027896387759610966,0.20316180964978828,0.7118961215019226,-0.631800651550293,0.3333333432674408
-0.3148728311061859,-0.6191481351852417,-0.12586070597171783,-0.7792139801135565,-0.561576247215271,-1.07230200683116,-0.9223888119652579,-0.8812599226659807,-0.34066691994667053,-0.22306638956069946,-0.041507821530103683,0.3333333432674408
0.6867578576357234,0.9471869341812857,-0.6694766879081726,-0.4292588881322067,0.7583818263982369,-1.0127942562103271,-1.5721924033708503,0.7887568880668575,-0.46536436676979065,-0.42341551184654236,-0.8004556894302368,0.5
-0.8453154563903809,1.4645497021566998,-0.6081061851218644,-0.501535885361727,0.4394369954081098,-0.9815800283723454,-1.3976008357420815,0.8078162670274638,2.7789549670541813,1.0503372300568024,0.21147480607032776,0.5
-0.6937604546546936,-0.024789171293377876,-1.4684781847944604,-0.6776565313339233,-0.8151804957312299,-0.6529743039821232,-0.48338410501909646,-1.3157676732107593,-0.6524105072021484,-0.8286490573973775,1.016978004147524,0.3333333432674408
-0.8036522019152821,-0.8568916916847229,0.21389929950237274,-0.46694216869723426,-0.5344475507736206,0.5038304328918457,-0.10229302804267867,-1.3346217955815167,-0.7771079540252686,0.37798094749450684,1.2139799033563465,0.6535849976426544
0.06401476263999939,-0.3219686448574066,0.9995399003672647,-0.6332142949104309,-0.561576247215271,1.9752536690131663,0.48603940178107796,-1.1317671096975934,-1.151200294494629,-1.0244628190994263,0.6331125497817993,0.5
0.8145620354398536,-0.6982174465082746,0.4857073128223419,-0.5382274086425698,-0.3174179792404175,0.20795367172322043,0.291011727931769,-0.47618246445986,-0.028923334553837776,0.5115470290184021,0.7912454506299652,0.5
-0.6179829239845276,-0.2625327408313751,-0.9523026796761789,-0.833204448223114,-0.15464581549167633,6.944820067838718,1.7469435699363938,-0.577298720670785,-0.34066691994667053,-1.0912458896636963,-1.306420922279358,0.1666666716337204
-0.2390953153371811,-0.14366096258163452,1.300816588286503,0.5055113619841417,-0.6225867668542096,0.2037428753536536,0.23494723064767872,-0.6795385281461068,1.3409124957402723,-1.1443281487180292,1.223405361175537,0.5
-0.46642789244651794,0.5559986142181168,-1.2342425792671854,-0.728739218876696,0.21384860781390605,-1.4111292108409907,-1.6791030364462642,0.16476260666169543,0.34516897797584534,-0.49019855260849,-1.0975306520317247,0.3333333432674408
-0.991237120309024,-0.40052947266703554,-0.3297167122364044,0.20118854110110893,-0.866945638642892,-0.5634239912033081,-0.2548361414846965,-1.570486641071169,-0.028923334553837776,-0.04756389732665208,2.631469828208436,0.6666666865348816
-0.16331779956817627,0.41909618203457644,-0.12586070597171783,0.7112231590202364,-0.6158336400985718,0.3006208564998316,0.5474351224117291,-0.52741101668212,0.033425383269786835,0.9650804668032705,1.5607155561447144,0.6666666865348816
-0.6787314219939826,-0.5597122311592102,0.21389929950237274,-0.6323148692367466,-0.2902892827987671,0.11063144356012344,-0.19367642110955133,-1.203017738071389,-0.9641541242599487,-0.49019855260849,-0.1258353590965271,0.5
1.6758131561564895,0.422428450444669,0.7971939274993498,-0.7220988273620605,0.8267010001350666,-1.4163502381059416,-1.7328989689669116,1.013782248599697,0.7192612886428833,2.555406832348513,0.21147480607032776,0.5
-1.5387684944828128,0.15351851284503937,-0.8053807020187378,-0.9217016186857986,-1.200550394501328,-1.19289158728197,-0.40068117402240383,-1.737468486634645,0.34516897797584534,-1.5541336772296923,0.8017675876617432,0.6666666865348816
0.21556980907917023,1.64669005911847,-1.970825977997785,-0.43098202312073547,0.7725531075821748,-0.79660468346195,-1.1952720140497164,0.4311788189219862,1.0933536291122437,0.1108487918972969,0.3801299035549164,0.6666666865348816
0.5944573879241943,-0.6785839796066284,0.28185129165649414,-0.7330942195836605,-0.984566496963596,0.2229740172624588,-0.12541085014150086,-1.2256606370530347,-0.9018054008483887,-0.5569815635681152,1.3047459195892899,0.5
0.4541338347834298,-0.2625327408313751,-0.24634136545960586,-0.5298335227020832,-0.2631605863571167,1.065543293952942,0.4826573104991262,-0.48866751666876707,-0.7348712621503758,-0.8241137266159058,-0.1258353590965271,0.5
-0.7695379853248596,-0.20309685170650482,-0.397668719291687,0.750499138516634,-0.4339582023314489,-0.17022497951984406,0.5236391303314246,0.4928849271404959,0.7816100120544434,0.04406575486063957,-0.07386980806014223,0.5
0.8109664434299613,-0.4408404231071472,0.8254672884941101,1.3407872434602899,-0.34454667568206787,1.7274597691987679,1.1184015556820777,0.8342060520272676,-2.0515470240086446,1.0347949759594406,-0.46314552426338196,0.5
-0.16331779956817627,1.5070658493891975,-1.608559355515619,-0.7887621521949768,0.5616009891312008,-1.3330176770335096,-1.7200422342024153,-0.1378596076530791,1.2775559983267915,-0.02271728403866291,0.21147480607032776,0.5
0.8217899799346924,0.09408261626958847,0.5844643292265733,-0.6735041377035961,0.9918096304520553,0.16680273413658142,0.6428882382022767,0.5021975297801581,-0.028923334553837776,0.1108487918972969,-0.9691107869148254,0.3333333432674408
-0.9968705177307129,0.07740700514269841,-0.8361339581218553,0.44503365849613014,-0.2631605863571167,-0.22639626264572144,0.14507983951355916,0.05350478960589987,-0.15362077951431274,-0.42341551184654236,-1.13540148913002,0.3333333432674408
-0.6179829239845276,-0.3814045190811157,-0.1838590026984127,0.09539200636003982,-0.7388705216354167,-0.0578824058175087,0.07793060704200667,-1.2928632054117617,-1.6025118323254086,-0.5126650474335765,0.7174400687217712,0.5
-1.608667417750872,-0.4408404231071472,-0.0412925708335924,-0.833204448223114,-0.45761547855191753,0.8899795107948386,0.2629336071784036,-1.6324226197290406,0.8365449039839443,-0.29876917028247646,1.4126105554866444,0.6666666865348816
0.1397922784090042,-0.7380198836326599,1.6254072850783319,-0.8109833002090454,0.46946370810532856,-0.058256011421913965,0.4599043697749502,-0.1933957381957387,-0.6468822030266483,-0.6905476450920105,0.06658313519399998,0.3333333432674408
-0.5422053933143616,-0.6916301547853579,-0.2617647051811218,-0.8307786582436916,-0.2902892827987671,-0.3387388288974762,0.09493310031044173,-0.4007896619136046,-0.5900617837905884,-0.22306638956069946,-0.7161281704902649,0.3333333432674408
0.21556980907917023,-0.14366096258163452,0.14594730734825134,0.3455137221722398,0.4231833689995355,-1.4059932231903076,-1.7723394565252086,0.8983207941055298,0.7297399580090148,0.1108487918972969,0.2155056466488342,0.5
-0.5422053933143616,0.4844763265978603,-0.05790869891643524,-0.523840876959613,0.7866915654824242,-1.5862083316457285,-1.8316451303986678,1.0454890671069907,2.1452321391497398,1.5912638658099103,0.3801299035549164,0.5
-1.3754350911942457,-0.3219686448574066,-0.72739319606063,-0.6554354429244995,-0.6700910329818726,-0.5072526931762695,0.012697799015979321,-1.0786239696544337,1.0933536291122437,1.0991702375505996,0.49966531007302933,0.5
-0.46642789244651794,-0.033153287867138455,0.010043300688266754,0.5326497803197565,-0.6429623365402222,1.7380522370546634,0.0857926669943682,-0.974732305935597,-0.34066691994667053,-1.0571410297802348,1.1155387620274155,0.6666666865348816
1.5913528937238226,-0.2725289421026037,0.483070461420425,-0.6359358557416968,0.8438015603732236,-1.2442194627409673,-1.6816492244658228,0.5969717870845657,0.8439587354660034,1.0929153661181155,0.7380014951469618,0.5
-0.2390953153371811,-1.0191594757366347,-0.4656206965446472,-0.411738880970458,0.062383756041526794,0.5824324394366747,0.6482038023192135,-0.010956672374431453,-0.5900617837905884,-0.22306638956069946,-0.7161281704902649,0.5
1.335166355365428,-0.7380198836326599,1.457709599429285,1.968486530972952,0.14674470750525442,1.4081960578384194,0.38385209951303123,2.1013764651175304,0.24128796995559965,0.6649634396882967,-1.5012541790962615,0.5
-0.3148728311061859,0.4613147453541965,-1.4117833514170453,-0.6332142949104309,0.6428313001152716,0.4476591646671295,-0.5138366925551467,0.831914049642521,1.6164638961308184,2.0964927811578034,0.2600046643731645,0.5
5.4818702895764195,1.145724530611218,2.400953158354037,-0.007436631529418966,0.3802317702215582,-1.372989618815921,-1.8026455792667022,1.7383127168683856,-1.695973536401026,1.3378604293734286,-0.9691107869148254,0.5
1.0413306480076419,-0.3824888726338924,0.49883120158574645,0.34566697051759143,-0.2089032083749771,0.39148786664009094,0.816786203381649,0.7336431125447125,-0.09127205610275269,0.24441486597061157,0.12714727222919464,0.6666666865348816
-0.3148728311061859,-0.14366096258163452,-0.05790869891643524,-0.5665509104728699,0.18188470606986654,0.9532006978988647,1.2406264803383764,-0.31937554190569734,0.15812282264232635,0.5115470290184021,-0.46314552426338196,0.5
1.0765090236335435,-0.7380198836326599,0.4857073128223419,-0.7443199157714844,0.11540602134211865,-0.0578824058175087,-1.1385625888781097,0.36331508710407756,0.5837393909032135,1.9286195977313063,0.29580235481262207,0.6666666865348816
-0.2390953153371811,0.09408261626958847,-1.4026013516867784,-0.0025810732618912185,0.5697178210999162,-0.2825675308704376,0.38659422364946766,0.024664657021767296,-0.028923334553837776,-0.42341551184654236,-0.5333059927506288,0.3333333432674408
-0.6937604546546936,-0.8356620956777141,0.07799530029296875,-0.833204448223114,-0.5073188543319702,-0.03777501867486872,-0.39447038903807985,-1.8999360419463402,-0.9040633783926075,-1.1350652687133158,1.5484360062117402,0.5
-0.2390953153371811,-0.19713343267918773,-0.2617647051811218,-0.8998677730560303,-0.2631605863571167,-1.160218684186798,-0.32379234548192815,-0.5490318325497275,1.061435915575371,0.17763182520866394,-0.46314552426338196,0.3333333432674408
-0.39065036177635193,2.076559458624932,-2.1644208431243896,-0.5082395158654757,0.3538469144694534,-0.9566229581832886,-0.6881733644290841,1.0533232799040793,2.7043820057966426,0.9790282845497131,0.7174400687217712,0.5
0.1397922784090042,0.09408261626958847,0.4177553057670593,2.080925353571296,0.1492445584686097,1.2206554208677143,1.344414211022256,1.3048352545229396,-0.8858603941468753,1.4840179322285636,-0.9691107869148254,0.3333333432674408
-0.6695383032872649,1.3973797043814096,-1.7641244355634533,-0.6554354429244995,0.7393538127011524,-1.1251368522644043,-1.372785452979103,0.5113422015140733,0.8746577546874886,1.0683075394973842,-0.37835817371536884,0.5
-0.08754027634859085,-0.3219686448574066,-0.3408593431380985,-0.766541063785553,-0.39880406856536865,-0.8442803621292114,-0.5837821797433191,-0.9137120389513519,-0.46536436676979065,-1.0244628190994263,0.21147480607032776,0.5
1.0770902820604755,1.3707684608809731,-1.7730338916889303,-0.5665509104728699,0.9211019546066043,-0.8442803621292114,-1.0931682254798407,1.309061093330874,-0.15362077951431274,-0.22306638956069946,-0.9233757571831325,0.3333333432674408
2.3697621403199216,0.33182618021965027,1.1652272939682007,-0.459501373496575,1.1638841242384401,-0.3387388288974762,-0.8782799131560809,1.8820855803723493,0.7051936735205395,2.9871589003703733,-0.5474730730056763,0.5
-0.39065036177635193,-0.5002763271331787,0.42992527898516525,1.21875658589012,-0.10987542842896453,1.9162679324634366,1.2183335473384216,0.8530629877182347,0.5945638418197632,0.17763182520866394,-0.8847832679748535,0.5
0.26492627338641983,-0.2789990055619418,-0.4656206965446472,0.5057139979636069,-0.9826203771837386,-0.8442803621292114,-0.9749249876722325,-0.3710964933527009,-1.0227496967005385,-1.442402293581888,0.5487849712371826,0.5
-0.6179829239845276,-0.23112248047289113,0.14594730734825134,0.19035318638313825,-0.8752594634819512,0.5027160195807963,0.1732274165367337,-1.1399656959527749,-0.34066691994667053,0.8517461261601589,1.3441660909541386,0.8333333134651184
-0.16331779956817627,-0.5597122311592102,-0.2617647051811218,-0.8109833002090454,-0.2902892827987671,0.982744209304948,-0.019509974867105484,-0.7783543626424685,0.0957741066813469,-0.02271728403866291,0.21147480607032776,0.49400038459567563
-0.3148728311061859,-0.7380198836326599,0.5536593198776245,1.0963544951647526,-0.4890908575940929,1.098012432466793,0.07719855831226902,0.22279351111677284,-0.7771079540252686,0.04406575486063957,-0.1258353590965271,0.6666666865348816
-1.5494427923754082,-1.2623379093635192,0.28185129165649414,-0.8998677730560303,-0.7786058187484741,1.7692734548792775,0.11118084033851143,-1.5283297000584968,1.916408619483964,-0.6826109938954217,1.3533961895104696,0.5
-0.6179829239845276,-0.6191481351852417,0.21389929950237274,0.1319548515701289,-0.8519438257940126,0.253266732783663,0.8966886163775222,-0.4478797501959781,0.35158325045678646,-0.15628336369991302,-0.041507821530103683,0.5
1.5544504361043208,-0.2625327408313751,0.43918000213567665,-0.16297883737831437,-0.2218533373641752,-1.2046089979114603,0.36593187461751653,-0.18094705562052255,-1.684325961071213,-0.26473967386247305,1.555901471234475,0.3333333432674408
-0.5422053933143616,-0.5597122311592102,0.010043300688266754,-0.8109833002090454,-0.34454667568206787,-1.0127942562103271,0.28509092634938626,-0.8185532186792768,0.07067761936617813,-0.22306638956069946,0.3801299035549164,0.3333333432674408
0.7454036356936486,-0.021543579351557055,0.34980329871177673,-0.6554354429244995,0.30154339220243315,-1.1924332062169285,-1.6968452728072108,1.2530465327538625,1.670735397043923,0.3111979067325592,-0.8847832679748535,0.3333333432674408
-1.072648048400879,-1.094635248184204,0.010043300688266754,0.5200477869586924,-0.5073188543319702,-0.731937825679779,0.13373561866589545,0.47626323308573043,0.34516897797584534,-0.5569815635681152,-1.433443942517144,0.5
-0.3148728311061859,2.2420815413348656,-2.148403120629678,-0.5887720584869385,0.8990627426918745,-1.0160927327853566,-1.6151687532620878,0.3872853963227643,0.8439587354660034,-0.49019855260849,0.011001445720522668,0.5
0.7460124492645264,-0.7974557876586914,0.21389929950237274,0.597133961541347,-0.6653297933856492,0.5600017309188843,0.27728825095571863,0.6209626341896369,-0.9018054008483887,-0.890896737575531,-0.631800651550293,0.3333333432674408
-0.46642789244651794,2.295793883226761,-1.8586238016386636,-0.5665509104728699,0.4471483217347828,-0.8442803621292114,-1.2997721648349105,0.8983207941055298,1.2698275073935958,-0.4193228492883563,-0.8847832679748535,0.3333333432674408
-1.4168751547640646,2.0748567589326252,-1.3920704003974669,-0.7712654012969823,0.062383756041526794,-0.8442803621292114,-0.9907899159654089,-0.08770129849251637,4.745098223811109,1.6560094220414887,1.2349321483178302,0.3333333432674408
2.5206921963289717,0.27239030599594116,-0.2617647051811218,-0.5665509104728699,-0.44464134277870393,-0.5634239912033081,-0.09012156816984215,0.3053969966499769,-2.6761528745860317,-1.6111774958457892,-0.9691107869148254,0.3333333432674408
0.9026228094053835,1.3912733194045837,-2.1097870556023284,-0.5887720584869385,0.6426356621576989,-1.349821925163269,-1.7122021666634752,1.1888888270865097,0.698581045911005,0.5889880308590695,-0.8004556894302368,0.3333333432674408
1.0797884571490903,-0.6191481351852417,-0.397668719291687,-0.7413362554690388,-0.49940737927203627,-0.8442803621292114,-0.0624004426221633,-0.33887508150862083,-0.9018054008483887,0.7118961215019226,-0.1258353590965271,0.5
0.5186799168586731,-0.7974557876586914,1.196406298993479,-0.06908614285399238,-0.9433302393249992,-0.3949100971221924,-0.42504137402218867,-1.0268369458048634,-0.8594565399005231,-0.8241137266159058,0.9704226851463318,0.5
0.29134732484817505,-0.5123852771428401,0.14594730734825134,-0.5771527975754897,0.006570156607336928,-0.27195311182657916,0.31277531097645217,0.07409563616585277,-0.7305199768469732,-0.8241137266159058,-0.6584629688795897,0.5
-0.9210929870605469,-0.7974557876586914,-0.8748982593438084,1.6894159637589223,-0.15256947506072233,1.210413176527818,0.8253053365934172,0.6085552891004283,0.2828202545642853,-0.49019855260849,-0.34002254962302836,0.5
-1.148425579071045,-0.5597122311592102,-1.178525158213525,1.850756627243787,-0.37167537212371826,-0.03829011688835051,0.5618014281339256,0.8248963319491511,0.6664253924751273,-0.22306638956069946,-0.5706774912467296,0.3333333432674408
-0.7695379853248596,-0.6191481351852417,0.07799530029296875,4.369426381193674,-0.18177451193332672,5.259870373528743,1.3686939885428189,1.5844581697055182,0.033425383269786835,-0.41914821463510005,-0.37881800532341003,0.3333333432674408
0.8869100240551072,-0.024789171293377876,0.28185129165649414,-0.8034766962281281,0.3640787018032861,0.05446016043424606,-1.091977545007394,0.1941436753271673,0.033425383269786835,0.8204141273588579,0.27502493578975395,0.5
2.7057845234429236,-0.22377813729116064,1.1652272939682007,-0.6554354429244995,0.502500607845256,-1.4059932231903076,-1.5773025778120051,1.6561053377768025,-0.3398214937829119,1.6879400689025539,-0.8004556894302368,0.5
0.5333018677193894,0.3398104303529719,-0.8004759764886913,-0.18329765788438804,1.007906478302871,0.08726473369710487,-0.5046807239670379,1.2311907326819922,-0.7147592306137085,0.3111979067325592,-0.9691107869148254,0.3333333432674408
1.7693660061529344,0.7885659869935583,-0.4944223454685419,-0.5887720584869385,1.4854237281873195,-0.11405368894338608,-0.9643869973452922,1.7594734010425626,0.3058330589131994,1.7464758080082332,-0.9691107869148254,0.3333333432674408
-1.1086505772639292,-0.9538484795379315,0.28185129165649414,-0.8776466846466064,-0.1292134025229176,0.05446016043424606,-0.44853046974575617,-0.18332358373028976,4.711390536367052,0.17763182520866394,-1.0534383058547974,0.6666666865348816
0.21556980907917023,-0.3219686448574066,2.0505802219105616,1.3588645686101297,0.7366800678247989,1.4113618309142735,1.3287340135905867,1.1216495701871294,-1.643906257919923,-0.49019855260849,-1.559403657913208,0.3333333432674408
0.29134732484817505,0.499687464814432,0.14594730734825134,0.8853382495395263,-0.6700910329818726,-0.17022497951984406,0.7739823513339585,0.43033850736185064,-1.151200294494629,-0.17242076715826243,0.3801299035549164,0.5
-0.3148728311061859,-0.7974557876586914,-0.3297167122364044,-0.6109932065010071,0.1543418697568364,-0.8442803621292114,0.6174899895675989,-0.38446675803008656,-0.3258613582141198,-0.8241137266159058,-0.8069824437961464,0.5
0.29134732484817505,-0.5002763271331787,0.3859541889091698,2.4294166842932916,-0.12751711905002594,1.386733614313915,3.5841206897746,1.4361558743886358,-0.6092206743240555,-0.02271728403866291,-1.1262369667531333,0.5
-0.6179829239845276,-0.2625327408313751,-0.6015247106552124,1.2937331449567566,-0.01900232955813408,0.3860275648565495,0.2471777027081417,0.5483974801096004,-0.4030156433582306,-0.2898494303226471,-0.46314552426338196,0.3333333432674408
0.29134732484817505,-0.6755564724045934,0.28185129165649414,-0.22486725992254944,-0.5568715283145842,-0.3949100971221924,-0.9676709087189177,-0.38490753632084607,-0.46536436676979065,-0.5569815635681152,0.6458717307975058,0.3333333432674408
0.24192310618662985,-0.5597122311592102,-0.12586070597171783,1.0343044164978215,-0.39880406856536865,-0.4326855132528415,0.6795987986930454,0.7953166266772121,-0.5277130603790283,0.22936295903416706,-0.632916018672041,0.5
0.36712485551834106,0.5101338624954224,-0.6733656618682653,-0.6332142949104309,2.0156096363791938,-1.0045323281631442,-1.252028745260087,0.8804263498838667,-0.46536436676979065,1.8423411712244893,-0.8847832679748535,0.5
0.4106595695430195,3.777046516432106,-1.569977282535851,-0.3379042370242257,0.48750746183786703,-1.1813081502914429,-1.651427581282383,0.9134447182819345,2.003729522077667,-0.013221671371462544,0.21147480607032776,0.0
0.20901663737716256,-0.8568916916847229,0.14594730734825134,-0.7235348981596805,-0.04613102599978447,0.5600017309188843,1.878636211931192,0.1740411455294136,0.9686561822891235,0.37798094749450684,-0.7161281704902649,0.6666666865348816
1.8725224016635844,0.21295440196990967,2.6763802962680376,-0.5665509104728699,0.37263149322124717,-1.2292800655561398,-1.5051917107822428,0.09116798156231054,0.34516897797584534,0.24441486597061157,1.5983813014467956,0.5
-0.39065036177635193,0.07933966521937078,0.21389929950237274,-0.39858753209860986,-0.2089032083749771,-0.45108139514923096,-0.7701691641636036,0.6788323013178966,1.6365455790426209,2.2253096880669285,0.7174400687217712,0.3333333432674408
1.7169253066697738,-0.2625327408313751,-0.05790869891643524,-0.8109833002090454,0.13664270071125587,-0.8442803621292114,-1.5878275487579452,0.5618363340353475,-0.09127205610275269,-0.6385711255137427,-0.8004556894302368,0.5
-0.2390953153371811,-0.20309685170650482,-0.6015247106552124,-0.6332142949104309,-0.3698228660501732,0.33531656861305237,-0.048359913861021515,-0.5730788477770918,0.5322151184082031,-0.6905476450920105,-0.1742371377680363,0.5
-0.7695379853248596,-0.48931351772294573,0.14594730734825134,0.679366562976142,-0.43195000749105855,1.9322069193490068,1.4410848817788644,0.42862513069375197,1.9678345833984943,0.9122452139854431,-0.2944904565811157,0.6666666865348816
0.6625957542468102,-0.7974557876586914,0.28185129165649414,-0.9151716184832003,-0.34454667568206787,0.4476591646671295,-0.14172061283874618,-0.8911086684428791,-1.0176908597579597,-0.7399341936001624,0.04281972348690033,0.3333333432674408
-0.01176275685429573,1.2469516314843079,0.28185129165649414,2.0084799073568584,-0.697219729423523,1.9907003184177223,1.0453837882880752,1.2353341668063906,-0.7544650551899357,0.7786791324615479,-0.7161281704902649,0.3333333432674408
0.06401476263999939,-0.7137122366043916,1.669850458574742,-0.47423098032228356,-0.2360319048166275,0.16680273413658142,0.008813014184419052,-0.06439524726406495,-0.2159694880247116,0.24441486597061157,-0.8697608852184668,0.5
-0.08528549919198135,0.27239030599594116,-0.6764130196108252,1.8718861857679892,-0.34454667568206787,0.892521198484932,1.6888896538206448,1.306479680556132,-0.3590048737398125,0.04406575486063957,-1.1795559267697966,0.3333333432674408
-0.2390953153371811,1.4195060067945553,-0.2617647051811218,-0.6109932065010071,0.8319499778532815,-0.16774653610708096,0.13998602221068512,0.40309554590637175,1.0824935214544822,-0.49019855260849,-1.0534383058547974,0.3333333432674408
-1.224203109741211,-0.4408404231071472,-0.676567774337116,0.9371951894446888,-0.15464581549167633,0.8436339607383784,0.8987772332668295,0.40565996181219544,0.8181068703956064,-0.890896737575531,-0.46314552426338196,0.3333333432674408
1.1047969071866286,-0.5597122311592102,1.2861244915528514,-0.7443199157714844,0.8540308780497852,-0.8570372736818193,-0.32977096355198054,0.24870580083122729,-1.2629386089131138,0.1108487918972969,-0.8004556894302368,0.3333333432674408
-0.7083553587304007,-0.7380198836326599,0.06985539701097689,-0.8554255366325378,-0.561576247215271,-0.2825675308704376,-0.31811366385654577,-1.0946674486942203,0.41386423282332946,0.023747560310667028,0.21147480607032776,0.5
0.5127513404502115,-0.14763247659102596,1.1652272939682007,0.3950895856286652,-0.42593276500701904,1.427318690967011,0.3573717155864477,-0.3882096276048848,-0.9700118542312157,-0.3566324710845947,0.7631428269344298,0.6666666865348816
-1.5646947469794437,-0.6785839796066284,0.3043143696872127,-0.7220988273620605,-0.4602450494947778,0.9183216326649648,0.4596075262703712,-1.2283757973465457,0.19321869921550716,0.24441486597061157,0.04281972348690033,0.5
0.4208218998483869,-0.683676828489909,0.9497341874642866,2.2035339554451614,-0.030917584360238545,1.9792049888226626,1.5374282990159989,1.6140838888093498,-1.3432273053077344,-0.22306638956069946,-1.2220934629440308,0.3333333432674408
1.5380742218151615,-0.14550270847509736,0.3119633269977384,-0.766541063785553,-0.24939604718986796,-0.0017111222259700298,-1.0299073168712956,-0.3254477623049772,-0.5277130603790283,-0.12328112876666594,0.3801299035549164,0.5
-0.5823817809829306,0.09408261626958847,0.010043300688266754,-0.6686316084758731,-0.20458120425001664,-0.7881091237068176,-0.4556229125723979,-0.2532490248753795,0.4075177013874054,-0.5569815635681152,-1.0534383058547974,0.3333333432674408
-0.2390953153371811,-0.9757634997367859,-0.19381269812583923,0.20588602491152505,-0.8328632116317749,0.9438299596983108,0.3295586228257693,-1.0970988810131297,-0.9641541242599487,-1.6034029446906857,1.8096777461463118,0.5
0.5186799168586731,2.5023839436133697,-2.1644208431243896,-0.6776565313339233,0.06650037436102718,-1.516719197195868,-1.823779238970687,0.6913997458733557,0.4054126766237881,0.3111979067325592,-0.5474730730056763,0.5
-0.5809695294428854,-0.3219686448574066,-0.12586070597171783,0.5703192334701589,-0.18177451193332672,2.3039815438645928,0.8931584514745581,0.546729177498033,-0.2783181965351105,-0.42341551184654236,-1.137765884399414,0.5
-1.072648048400879,-0.3814045190811157,-1.5699942892384995,-0.6664590029875861,-0.3707128616094701,2.0281905288660935,0.9921766177480814,-0.3687027093919056,-0.2783181965351105,-1.0244628190994263,-0.8847832679748535,0.3333333432674408
6.353549003601074,7.345261573791504,9.11561107635498,-0.9887523055076599,-1.2940510511398315,14.546651840209961,5.739711284637451,5.3161420822143555,4.896625518798828,9.794388771057129,3.078611373901367,0.0
2.529033134156913,0.6932417351405343,0.4857073128223419,-0.5951094185453464,0.8366141738018088,-0.6195952296257019,-0.22767996633960347,1.6543367064730863,-0.2198662473722252,1.9662073585167863,-0.46314552426338196,0.3333333432674408
0.5944573879241943,-1.1533127057053847,0.8254672884941101,1.5509972860240036,-0.34454667568206787,1.7309806570639852,0.4756978374293652,0.5038176267064643,-0.5024641253275561,-1.2915949821472168,0.18366039846809581,0.6666666865348816
-0.7695379853248596,-0.3219686448574066,-0.6015247106552124,1.6497533935055606,-0.39880406856536865,-0.17022497951984406,0.7782692256592744,0.4504136549260657,-0.7771079540252686,1.956191531482051,-0.22550082412544714,0.3333333432674408
0.7460124492645264,-0.9757634997367859,-0.03077904796427126,0.3067473297290138,-0.32430850982942144,1.1924177204752622,0.6995323698506224,0.6434179830344826,-0.9018054008483887,-0.42341551184654236,-1.2405067021888956,0.5
0.7452780340661674,-1.0351994037628174,0.07799530029296875,-0.7443199157714844,-0.6036797728878633,0.33531656861305237,-0.026288712972761984,-0.38862448199953703,-0.15362077951431274,0.6271329668580302,0.1134849733464345,0.3333333432674408
-0.2390953153371811,0.7323614134328572,0.6093344610230516,-0.6332142949104309,14.62861402411311,-1.5045714486311328,-1.8724851289093971,0.11360762940733328,0.9803111294822577,0.082203750771356,0.5765240040626987,0.5
-1.3339533907235026,-0.3814045190811157,-0.12586070597171783,-0.5887720584869385,-1.1256827587390195,-0.0578824058175087,0.37080356255710356,-1.5445190863469322,2.033662670576691,-0.3566324710845947,1.9751222128284867,0.6666666865348816
-0.5422053933143616,-0.3219686448574066,-1.350740465297021,-0.8554255366325378,-0.37167537212371826,0.19873586888084732,0.2373624269405584,-0.9232144076731311,-0.3400901772397216,-0.0895003229379654,-0.041507821530103683,0.5
-0.7695379853248596,-0.6785839796066284,-0.5335727334022522,-0.003973721082530699,-0.3174179792404175,-0.6757665276527405,0.46855282912243207,0.06716255079884804,-0.3677956236682947,0.17763182520866394,-0.8847832679748535,0.5
-0.16331779956817627,-0.0007047352625943089,-0.8053807020187378,-0.8776466846466064,-0.39880406856536865,0.2791453003883362,0.4852973170422124,-0.40177408073996373,0.6569125652313232,-0.5569815635681152,-0.7161281704902649,0.3333333432674408
-1.311430494778989,0.5853624139972071,-1.2698958848256756,-0.0018643263224728864,-0.25084460249851026,-0.3387388288974762,-0.24829972489988356,-0.5186611680908451,1.8180234833003583,0.04406575486063957,1.0547502040863037,0.5
-0.6003479538795831,-0.8568916916847229,-0.2617647051811218,-0.8554255366325378,-0.2360319048166275,-0.6195952296257019,-0.6689090857328214,-1.09631146317395,-0.8394566774368286,-0.6905476450920105,-0.029407401900032583,0.3333333432674408
1.2532036910942832,-0.2625327408313751,1.48236776815424,0.04205908160527502,1.2132626298155953,-1.2699460920902232,-1.581899053611247,1.3208825051668278,0.5945638418197632,0.9324829532145703,-0.041507821530103683,0.6666666865348816
-0.8453154563903809,0.27239030599594116,-1.5233967182343509,-0.6998776793479919,8.729784981307066,0.5600017309188843,-0.6377125181094948,-0.2778745789401461,0.8439587354660034,0.17763182520866394,-0.041507821530103683,0.5
-0.9869660933643121,-0.8568916916847229,-0.19381269812583923,1.242450182944335,-0.6158336400985718,0.997789167996613,0.7092253628531402,0.7545563866933085,1.6319437804439176,-0.5569815635681152,-1.0122038089128857,0.3333333432674408
-0.16331779956817627,-0.4408404231071472,0.21389929950237274,0.6519633936994096,-0.4801901578903198,0.33531656861305237,1.456864332559873,0.7912979554031225,-0.10684330152748486,0.7118961215019226,-0.8847832679748535,0.6666666865348816
-0.16331779956817627,-0.6191481351852417,0.28185129165649414,0.06187559631545126,0.028974476060997487,0.8909231902881407,1.3425349278275713,0.18301675733033795,0.6735988251871057,0.9790282845497131,-0.37881800532341003,0.3333333432674408
-0.342363717923811,-0.7974557876586914,0.07799530029296875,1.4942238239163348,-0.15464581549167633,1.647198128673661,1.6221654954149192,0.316946061989812,-1.004401380704703,1.012567689584443,-0.041507821530103683,0.5
0.5186799168586731,0.02672866417543207,3.784171333418671,2.0871500201109288,-0.53127002462838,0.6161730289459229,1.2410700828449401,1.522635111789561,-2.080672565602903,0.3111979067325592,-1.0534383058547974,0.3333333432674408
2.592432699805966,1.0047292599048276,1.886786294198329,-0.08552042875586799,1.154024630190504,-1.349821925163269,-1.769678222529761,1.7274713656264469,0.25385491255581694,0.8449687922499142,-0.041507821530103683,0.3333333432674408
-0.5422053933143616,-1.0351994037628174,0.14594730734825134,1.2080819261594882,-0.44774550528212453,1.3900444486974042,0.5510902707578381,0.8983207941055298,1.4666179008212696,0.17763182520866394,-0.8847832679748535,0.5
0.5944573879241943,2.3736013788136816,-1.390723272666131,-0.7887621521949768,3.5744385816823097,0.2680386195652535,-0.13669112036745726,0.21816302721440095,-0.4030156433582306,-0.5569815635681152,-0.9691107869148254,0.03201794624821254
-0.7695379853248596,-0.08927260413523562,-0.397668719291687,0.4207075390407804,-0.9458629446302227,1.3241810766836868,0.3149723590680215,-0.9511577853645425,-0.15362077951431274,-1.2915949821472168,1.0326228520904257,0.3333333432674408
0.21556980907917023,-0.053535684549317036,0.28185129165649414,1.0633397619145897,-0.1405556287397247,-0.6900736432363058,0.2290237970678877,1.1672515929053253,0.9686561822891235,-0.7573306560516357,-1.306420922279358,0.5
0.29134732484817505,0.6141912075300988,0.6216112971305847,2.2971906072177397,-0.04613102599978447,1.6853750010751383,1.299283330874012,1.4609527117967411,-0.7771079540252686,-0.2898494303226471,-1.306420922279358,0.3333333432674408
0.21556980907917023,-0.8568916916847229,0.07799530029296875,-0.8554255366325378,-0.2902892827987671,-0.8442027123559294,-0.21113649799239023,-0.7792058909304648,-0.09127205610275269,-0.9718113834823012,-0.041507821530103683,0.3333333432674408
2.3781200594081424,0.5626626372314586,-0.12586070597171783,-0.6554354429244995,1.667241930222124,-0.6757665276527405,-0.019509974867105484,1.4346637907205944,-0.13205564182280158,1.968888918692767,-1.042139972234735,0.3333333432674408
-0.5422053933143616,-0.8568916916847229,-0.5335727334022522,0.5420778439432862,-0.2089032083749771,1.1217145919799805,0.4549679553132182,0.36505575498292053,-1.0265028476715088,-0.3699472976579362,-1.2220934629440308,0.5
-0.5230931949235872,0.01987450126924724,-0.027929117694990353,0.2745768371399362,0.1307677560429185,1.1217145919799805,1.7045575996223108,0.3613051863180213,-0.028923334553837776,-0.5569815635681152,-0.9274588749360955,0.6666666865348816
3.619599720812487,1.3470528560110617,0.21389929950237274,-0.761895281467291,-0.4010472053954218,-0.03587776010809644,0.9355131123914352,0.18544310869363576,-1.9662599866810644,0.24441486597061157,-0.37881800532341003,0.5
-0.535583261709355,-0.6191481351852417,0.14594730734825134,-0.7749929248654638,-0.4801901578903198,0.9551110719227113,0.7566298870918091,-1.0124589799735013,-0.09127205610275269,0.1220540566686033,0.12714727222919464,0.5
-0.7695379853248596,-0.6016506822515609,-0.05193554177602879,2.6938209839594167,-0.34454667568206787,0.20815047055773866,0.20774982153743338,1.4700687296236423,0.34516897797584534,0.037608068397172026,-1.3014459825094862,0.3333333432674408
-0.16331779956817627,0.15351851284503937,-0.05790869891643524,0.43744685216038354,-0.5793439125341172,0.2229740172624588,-0.019509974867105484,-1.238812288088047,-0.6960101736793972,-0.6905476450920105,1.972869508474815,0.6666666865348816
-0.7695379853248596,0.27239030599594116,-2.1644208431243896,-0.8144797828786405,-0.4036345592788292,1.9928143630893762,1.1087838795345488,-0.634543350675518,-0.6524105072021484,-0.890896737575531,-1.137765884399414,0.3333333432674408
1.2993542943767957,-0.5002763271331787,0.28185129165649414,-0.7887621521949768,-0.7758463900362497,0.8860162014383524,0.8595331089676786,-0.8218952850895311,-1.7264633412799422,-0.890896737575531,0.48061353373992877,0.6666666865348816
-0.3148728311061859,1.0809958811393965,-1.1870912592574807,-0.7220988273620605,0.8332806700787547,-1.2936506271362305,-0.2159006235127135,0.6661445593914972,1.0406517745424357,0.4447639584541321,-1.2220934629440308,0.3333333432674408
-1.148425579071045,-0.5831385914904988,0.010043300688266754,-0.8554255366325378,-0.18962435380731743,0.6161730289459229,1.3345430464029375,-1.0108848401236625,1.041529565929458,-0.22306638956069946,0.21147480607032776,0.5
-1.072648048400879,-0.08422506600618362,-0.13593352061251052,2.1016248390743324,-0.6429623365402222,0.2791453003883362,0.3841832499224718,1.2590727347957322,-0.06598040837624021,0.3111979067325592,-1.6177118039721354,0.3333333432674408
-0.19791894201757082,-0.6785839796066284,0.5536593198776245,-0.6744139198803328,-0.6429623365402222,2.0315476520005156,0.9089866946198779,-0.6726239652572512,-0.028923334553837776,0.4447639584541321,0.7664397968682831,0.5
0.36712485551834106,-0.8568916916847229,-0.5335727334022522,1.605558468498209,-0.10038841515779495,1.262230590627335,0.9664247210080679,0.7835883123488531,-0.675013268192071,-0.5569815635681152,-0.8847832679748535,0.5
0.3093450420289103,-0.0051096245675425825,0.6217753601726301,1.7184977236433163,-0.2089032083749771,0.452174882500621,4.467356187606752,1.3300508792378922,-0.34066691994667053,0.22772003667371812,-1.137765884399414,0.3333333432674408
-0.7695379853248596,-0.4408404231071472,1.1652272939682007,1.167642530391739,-0.01223650465128831,0.5421668976085151,0.5033733753601692,0.3985784946970996,-0.8394566774368286,-0.15628336369991302,-1.4750760793685913,0.6666666865348816
-0.39065036177635193,-0.3219686448574066,0.28185129165649414,0.6658977835931402,1.170939768349116,0.7523094286296562,0.4898610843723111,0.20862384285338303,-1.3528591149386282,-0.6905476450920105,-0.667035005547034,0.3333333432674408
-2.58819842338562,7.345261573791504,9.11561107635498,-0.9887523055076599,15.037424087524414,-1.630678415298462,-1.9040257930755615,-0.1822524722291617,-3.1463592052459717,9.794388771057129,-2.1496963500976562,0.0
-0.39065036177635193,-1.5536994933438468,0.07799530029296875,0.3626744725302899,-0.561576247215271,0.43374939793783013,-0.376431765615303,-0.24831683220490922,0.9686561822891235,0.9790282845497131,0.5487849712371826,0.6666666865348816
-0.6179829239845276,-0.3814045190811157,-0.19381269812583923,1.3511976522054925,-0.4801901578903198,1.2895226573225895,1.7270192842456038,1.033216118812561,0.8439587354660034,0.27226703168194444,-1.3409306346072853,0.3333333432674408
0.06401476263999939,-0.9757634997367859,-0.12586070597171783,0.3787981747465434,-0.2360319048166275,1.4159207012622959,0.5181870742366496,0.19942846949465437,-0.4732434702354944,-0.42341551184654236,-0.8847832679748535,0.5
-0.39065036177635193,-0.5069509797284361,2.091839623915889,-0.833204448223114,0.017941919482680105,0.16680273413658142,0.8301748645206446,-0.5135684215555685,-0.2783181965351105,-0.42341551184654236,-0.631800651550293,0.3333333432674408
6.353549003601074,-1.5701223611831665,9.11561107635498,-0.9887523055076599,-1.2940510511398315,14.546651840209961,5.739711284637451,5.3161420822143555,4.896625518798828,9.794388771057129,3.078611373901367,0.0
1.725588058030291,0.09408261626958847,0.21389929950237274,1.1126319470021306,0.5811074624842288,0.11063144356012344,1.6777089973272268,1.5652588867448207,-1.9257061061818768,-0.22306638956069946,-0.8847832679748535,0.3333333432674408
-0.3148728311061859,-0.7974557876586914,0.6709259368458766,-0.7000089773502085,-0.39880406856536865,-0.04425929120097633,0.6764611860041796,-1.2417713105496921,-0.4181153537511405,0.12042245570505754,1.1390777826309204,0.5
-0.5125345409307837,-0.3219686448574066,0.28185129165649414,-0.6109932065010071,0.36484169677723954,0.6536951572233047,1.0480302122594933,-0.48067805069674546,-0.6335308776889683,0.24441486597061157,-0.7685789724734706,0.3333333432674408
-1.3366096677415997,-1.0193406612276323,-0.032722739854033026,-0.8998677730560303,-0.6893617909012089,-0.5072526931762695,-0.5031676644205575,-1.444315372946143,2.198259965072555,-1.0563078803550427,0.5487849712371826,0.6666666865348816
0.21556980907917023,-0.9707022282318306,-0.12586070597171783,1.400999086726778,-0.697219729423523,0.06678595390273101,-0.008464130316265169,-0.13693706720968266,-0.46536436676979065,-0.02271728403866291,0.7682548509275688,0.5
-0.2390953153371811,-0.6825427301473733,-0.2617647051811218,-0.6109932065010071,-0.34454667568206787,-0.8098735675697017,-0.2201633680899596,-0.006822962560704748,1.354778471314637,-0.6905476450920105,-0.8847832679748535,0.3333333432674408
1.0550009028015022,-0.3192484240971966,0.8094361599709391,1.2337029667213186,0.738832420238699,1.9415578538740152,1.6902272776964067,1.4598299788958793,-1.4411132515540963,0.3111979067325592,-0.8847832679748535,0.5
-1.5532074306433246,-1.00813478224386,-0.04701976921249354,-0.8977043906292111,-0.42593276500701904,1.5657027852177505,0.8803542235912669,-1.1248768543570469,2.1286129474422064,0.04406575486063957,0.21147480607032776,0.5
0.21556980907917023,0.33182618021965027,-0.4656206965446472,-0.7220988273620605,0.44123794454074494,-0.7881091237068176,-1.2315062766742275,0.8401855599970353,1.3427485227584839,0.37798094749450684,-1.0534383058547974,0.5
1.0634580031583856,-0.7380198836326599,0.28185129165649414,1.80717152582323,-0.2089032083749771,0.11063144356012344,0.2432418406743067,1.167891046684961,-0.8394566774368286,0.04406575486063957,-0.46314552426338196,0.5
-0.5422053933143616,0.09408261626958847,-0.12586070597171783,1.0325413370626038,-0.35203758670154267,1.2331393333872223,1.521580704091877,1.0743306453699029,2.028067299095139,-0.8241137266159058,-0.631800651550293,0.5
-0.39065036177635193,-0.4479607050252734,0.4857073128223419,1.7926582372313913,-0.34454667568206787,1.4970279969469469,1.889292063209942,1.033216118812561,-0.34066691994667053,-0.3566324710845947,-1.4750760793685913,0.3333333432674408
0.5944573879241943,1.4062549937766347,0.6895633339881897,-0.6332142949104309,0.7392795642438138,0.11063144356012344,-0.0845555810691602,1.114315325603546,1.0167440422280136,0.7373839732520926,-0.8004556894302368,0.5
-0.08754027634859085,1.00535263539542,-0.5335727334022522,1.595160563042947,-0.2631605863571167,0.598333996394325,0.4568867888403417,1.1360529947946474,0.7192612886428833,0.5115470290184021,0.04281972348690033,0.3333333432674408
-0.01176275685429573,-1.231444324152082,0.14594730734825134,-0.8109833002090454,-0.7786058187484741,0.05446016043424606,-0.6066821069100097,-1.233733410413407,-0.46536436676979065,-0.6237646341323853,1.0547502040863037,0.5
-1.6032290881676892,-0.499220618654428,0.010043300688266754,-0.8998677730560303,-0.45306146144866943,0.16680273413658142,0.772771146626813,-1.1181850350032454,0.5945638418197632,0.7118961215019226,-0.04842859727018878,0.6666666865348816
-0.46642789244651794,0.03464672341942787,-1.2244082645260392,-0.7220988273620605,0.7243803658910829,-1.2146559854860377,0.271902663349769,-0.1887207712036249,0.5322151184082031,-1.0244628190994263,-0.8004556894302368,0.3333333432674408
-0.08754027634859085,-0.9778062628534582,-0.0055581125286132335,-0.832287159048712,-0.15464581549167633,1.5768966147283268,0.5982843327825267,-0.9790291156907698,-0.028923334553837776,-1.0244628190994263,0.25011852974966364,0.6666666865348816
0.7460124492645264,0.03464672341942787,0.28185129165649414,-0.6776565313339233,-0.6158336400985718,0.8988813280974699,0.45859633451966364,-1.2053481613665664,-0.7320966864734937,-0.2898494303226471,1.8678059625524264,0.9002937565115667
-0.7246268383742553,-0.6191481351852417,-0.397668719291687,1.7402288112851165,-0.3174179792404175,1.5609862233395269,0.5864123112359214,0.715257694574279,0.34516897797584534,-1.3583780527114868,-0.37881800532341003,0.3333333432674408
-0.39065036177635193,0.025493039848995185,0.07799530029296875,-0.8776466846466064,-0.2360319048166275,-0.0578824058175087,1.327157458593166,-1.093421259787965,-0.7771079540252686,-0.02271728403866291,0.3801299035549164,0.5
-1.6633027547199015,-0.024789171293377876,-1.4165872780661755,-0.4603340252726531,-1.1054549953682598,-1.349821925163269,0.023758553144627027,-1.351869119938251,1.5032253686029657,-0.02271728403866291,1.8078402412999888,0.5
-0.6179829239845276,-0.3814045190811157,-1.8815151801796588,-0.5887720584869385,-0.45306146144866943,0.2791453003883362,-0.15723764636599138,-0.9660384815901991,-0.7771079540252686,-1.1792018508014288,-0.2944904565811157,0.5
-0.8346691961985996,-0.0036849859331032978,-0.05790869891643524,0.9632269385853897,-0.741222739782257,-0.6195952296257019,-0.2459271085643284,-1.2560796636841742,-1.5395599195871466,-1.7315990191269495,1.6074636749614402,0.6666666865348816
1.0314713226571162,0.33182618021965027,-1.004071680470239,0.35566969989332986,-0.6158336400985718,-0.6076194639438499,-0.10807115798043865,-0.05921709503825402,-2.805551510456421,-1.1580289602279663,-0.0753588127211037,0.5
-0.16331779956817627,-0.2625327408313751,-0.6694766879081726,-0.5887720584869385,-0.5073188543319702,-0.731937825679779,-0.17473066884602756,0.07032965893576142,-0.028923334553837776,-1.2915949821472168,-1.1015960657029238,0.5
-0.16331779956817627,-0.1468979334220791,0.8934193253517151,0.41501668796032554,-0.2902892827987671,-0.3949100971221924,-0.2603332946406735,-0.13929512418848586,0.02130750606754226,-1.0244628190994263,-0.1258353590965271,0.3333333432674408
-0.22003856066517224,-0.5597122311592102,-0.6750656078059507,-0.8749058721564456,-0.37167537212371826,0.21502709818636861,0.4857078134482133,-0.5128739944087326,0.0957741066813469,-0.49019855260849,-0.702618808921541,0.3333333432674408
0.5944573879241943,-0.7974557876586914,0.07799530029296875,-0.8736379537255581,-0.34454667568206787,0.4195989965802108,0.2101523919100829,-1.1429524275337106,-1.2928481628793291,-0.02271728403866291,0.969297620426478,0.5
-0.2806927464063774,0.6195554376955549,-0.7689497613816431,-0.6554354429244995,1.0143964246358754,-0.0578824058175087,-0.5690178806781653,0.649913478004328,1.0933536291122437,0.9122452139854431,-0.8847832679748535,0.3333333432674408
-0.08754027634859085,-0.6191481351852417,-0.02040464744280578,-0.5887720584869385,-0.5901350037829477,-0.2825675308704376,-0.41544485897300415,-1.3229423697279414,-0.5602482148693085,2.5851733728963624,1.0319994799628907,0.5
-1.072648048400879,-0.6191481351852417,-0.12586070597171783,1.5860512085777767,-0.4801901578903198,0.4476591646671295,0.1063953483483601,0.3617564858949566,-0.6732832222677096,0.7786791324615479,0.21147480607032776,0.5
-0.5422053933143616,-1.2801491271793095,0.14594730734825134,-0.8190310154852511,-0.6158336400985718,-0.6360052082611308,0.2329246795420301,-0.8440530313952982,0.7816100120544434,0.5115470290184021,0.3801299035549164,0.5
1.4607670439195317,1.1312294516328518,0.8818088765502243,-0.5887720584869385,0.605743310433539,-0.7180385114888764,-1.1444171665163478,1.42518180139886,-0.02967669686031503,1.3843729847180295,-0.8847832679748535,0.3333333432674408
0.06401476263999939,-0.5002763271331787,-0.12586070597171783,0.5110572241752147,-0.04613102599978447,0.7483305606685117,1.1813313789762976,0.4261952094796242,0.15812282264232635,-0.15628336369991302,-0.22980834680041468,0.5
0.27656898374829814,0.15351851284503937,1.4339211220095192,-0.6998776793479919,13.924790385987148,0.5600017309188843,-0.27417341965417374,0.8015825242951771,-0.5900617837905884,0.5567464006709932,-1.3264312394686422,0.3333333432674408
1.4096756546094809,-1.2345921311374204,0.5536593198776245,-0.6109932065010071,-0.805601023202788,-0.5267706191034498,0.08512761552240093,-0.7255522669052876,-0.46536436676979065,-0.6237646341323853,0.9704226851463318,0.6666666865348816
3.6437396083166678,1.7036224874925545,2.440989218269834,-0.08663021152756856,1.0125742627260583,-0.8412375426435206,-1.257424924372616,1.2957005663093004,-1.213549017906189,1.1296195121957542,1.490817558278968,0.5
0.8033510664090139,0.6662300187402589,0.6732843603218023,0.7753115264343292,-0.5073188543319702,0.6034677813368085,0.6335558417954134,0.24656082423838765,-0.8315811368104139,-1.2920032720504593,-0.041507821530103683,0.6666666865348816
0.1397922784090042,-0.08422506600618362,-0.4325808600927346,-0.8648030946789861,-0.4801901578903198,0.11063144356012344,0.03694105057181565,-0.288594460742756,-1.577043523897872,-1.110555263397255,-1.137765884399414,0.3333333432674408
-0.8453154563903809,-1.094635248184204,1.1652272939682007,-0.16943893342554026,-0.2994535070547917,0.9542478388923407,1.0590524859735222,-0.8513746956522038,0.0957741066813469,-0.22306638956069946,1.0782562638954063,0.5
0.6454265387381865,-0.5334217074930789,0.4177553057670593,-0.6776565313339233,0.9898782053671081,-0.563201621558623,-1.434374615377492,0.33363227211402824,0.15812282264232635,2.128022350915742,0.6331125497817993,0.6666666865348816
-0.6179829239845276,-0.9163275957107544,0.010043300688266754,-0.2976886413658356,-0.9611188133603625,-0.6757665276527405,-0.3424274054450403,-0.9893216955571315,-1.213549017906189,-0.15628336369991302,0.21147480607032776,0.5
0.7460124492645264,-0.7974557876586914,-0.05790869891643524,-0.6332142949104309,-1.1621768020694492,0.16680273413658142,-0.3259070212792272,-0.5366899086395909,-0.7346130429770816,-0.22306638956069946,0.3801299035549164,0.6666666865348816
-0.08754027634859085,-0.4408404231071472,0.7662296136400935,-0.9158008220329689,-0.2089032083749771,0.8030890553564922,2.2075504787775495,-1.111101295235198,-0.15362077951431274,-0.22306638956069946,0.8334383949623366,0.3333333432674408
-0.8453154563903809,0.09408261626958847,-0.397668719291687,-0.766541063785553,-0.34454667568206787,1.098803809587676,0.5243037526289395,-0.04533742846447094,2.0249404866493386,-0.3566324710845947,-0.2101629078388214,0.6666666865348816
-0.08754027634859085,-0.2749584378341766,-0.23379960414057782,-0.679968576185427,-0.6158336400985718,-0.2825675308704376,-0.48482310600222667,-1.5112602291767876,0.19869008012668665,-1.4917295482479211,1.1390777826309204,0.6666666865348816
-0.46458808341869473,-0.3814045190811157,1.3358075626734771,-0.8963152738948132,-0.2089032083749771,-0.17022497951984406,0.2747796766451779,-0.5193518182805174,0.7192612886428833,0.4447639584541321,-0.3319606978206444,0.5
-1.0730110239721495,1.1713183893520283,-1.6671425194007252,-0.6332142949104309,-0.6158336400985718,-0.04613925132313626,-0.48486279808729554,-0.5197363610161366,0.8439587354660034,0.7118961215019226,-0.041507821530103683,0.3333333432674408
-0.6888453154130154,0.795989478280639,0.010043300688266754,0.7076988462655329,0.4794612519227289,0.39148786664009094,1.5122310769622387,0.3974485673455893,0.033425383269786835,0.29245050058239364,-0.9691107869148254,0.5
-1.224203109741211,0.04324955713440606,-0.12586070597171783,-0.44157006054136433,-0.6499387880044467,0.03898612295138367,-0.26975342356878346,-1.2481742510679839,1.7841679926868264,-0.0895003229379654,1.1390777826309204,0.5
0.5186799168586731,1.20194966214868,0.4857073128223419,-0.6793965944766491,-0.75230195752932,-0.5092771244769793,-0.36777141663649904,-1.4211175617038714,-0.7147592306137085,-0.49019855260849,2.3215541016960346,0.5
-0.01176275685429573,0.23592061704355313,-0.6694766879081726,-0.5371680260036228,1.7947481736502915,-0.5634239912033081,-1.3284851736201295,0.15761640934023904,-0.972755041636214,0.5235760621030936,-0.14050735645576456,0.3333333432674408
-0.46642789244651794,-0.2625327408313751,-0.26950431234164474,1.5793306679171966,-0.10038841515779495,-0.17022497951984406,1.0161474521414442,1.0762289541548928,1.3923038809625619,0.31113996357721674,-0.5925019997402511,0.3333333432674408
-0.2390953153371811,-0.7974557876586914,0.07799530029296875,1.4334503981435553,-0.37167537212371826,1.4487927994310061,1.459356995793119,0.965149998295808,-0.4030156433582306,-0.22306638956069946,-1.137765884399414,0.5
3.2110787461818453,1.4813415674028114,0.8198907332751182,-0.6776565313339233,0.3407322598591884,-0.9566229581832886,-1.6077713236630682,1.1944842054789382,-0.4030156433582306,0.6451131105422974,0.6331125497817993,0.5
0.06401476263999939,-0.6785839796066284,2.742168661673499,1.0669563995828821,-0.40401999532309996,0.6396016184768047,0.29373979684511176,-0.17058782307815654,-1.2799460645779914,0.1108487918972969,0.016934174269119,0.5
1.8617562202489686,0.27239030599594116,2.2984887738074415,0.7312793526629621,1.7191564936645731,-1.1251368522644043,-1.7016980473229675,1.4751572727362856,-0.34066691994667053,-0.16298719263960343,2.0699039051573234,0.3333333432674408
0.6702349185943604,-0.6191481351852417,1.6898834800724434,1.6009464306444086,-0.3174179792404175,1.7007228547408526,0.9945216537202867,1.4029217807211332,-1.9691547086720922,0.2912150370337849,-1.2220934629440308,0.3333333432674408
-0.6937604546546936,-0.522707301247426,0.07799530029296875,-0.8688554400267563,-0.6429623365402222,-0.0578824058175087,0.2916865833246932,-1.5781855441796202,-0.8720515427909861,-1.908600874708236,1.1390777826309204,0.5
0.034346788287732403,-0.3219686448574066,0.4857073128223419,2.0317117639311966,-0.6568272266145962,1.1860299657789677,0.38001554543898486,1.2275788897991793,0.8439587354660034,-0.23779264085974527,-0.8004556894302368,0.5
0.6924273007353882,-0.6191481351852417,-0.2617647051811218,0.2630809805995064,-0.39880406856536865,0.14978843102422695,0.7806979308610767,0.03181652300281653,0.033425383269786835,-0.8241137266159058,-0.2944904565811157,0.3333333432674408
1.4735311907869226,0.21295440196990967,-0.49434466568049285,-0.5224059685282568,0.731457848956485,0.006631871552005121,-0.8483710727143688,0.8551229791604072,0.30572418632020326,2.278765205935661,-0.041507821530103683,0.5
-0.08754027634859085,-0.7065017383370067,0.6216112971305847,1.4303332628819658,-0.2089032083749771,1.2902186324546179,1.4197434940609293,0.6325340460533013,-0.5678124335568164,-0.15628336369991302,-1.0970943218194644,0.3333333432674408
2.642924801541444,-0.024789171293377876,1.79315204025652,-0.41923449381385886,0.7019331377914362,-0.731937825679779,-1.3440487145942654,1.1528946781954053,-0.4030156433582306,1.6095386032155379,0.21147480607032776,0.5
2.280146447344723,-0.08422506600618362,1.0293233394622803,0.40479465117426744,0.5498105165631763,-1.4239674254560586,-1.7222787192077693,1.894788979238537,0.7119388941146332,0.4447639584541321,1.0547502040863037,0.3333333432674408
-0.08754027634859085,-0.9757634997367859,0.07799530029296875,-0.766541063785553,-0.4801901578903198,0.6161730289459229,0.03305302010688711,-0.3478744901647454,0.6205156526626755,1.781663505036093,-0.041507821530103683,0.5
-0.6937604546546936,-0.6785839796066284,-0.12586070597171783,1.883184799868627,-0.16391802113932033,0.5600017309188843,0.9748928999412687,1.2249684675078323,-0.9018054008483887,-0.49019855260849,-1.538726588921304,0.40334993406091313
-0.37842428470142975,-0.5597122311592102,-0.19381269812583923,2.16698235302272,-0.34454667568206787,1.3130158855485348,1.3131431232897437,1.3109141351478515,-0.2783181965351105,-0.42341551184654236,-1.4750760793685913,0.3333333432674408
-0.9210929870605469,-0.8568916916847229,0.07799530029296875,0.8349969798698782,-0.4801901578903198,-0.5072526931762695,-0.2276835399365154,0.18585359902498233,0.5322151184082031,-0.8563089382431337,-0.1258353590965271,0.5
1.3839081971919762,-0.4408404231071472,1.1795806618957383,0.9628545166303261,-0.2360319048166275,0.05446016043424606,0.9914681469118943,1.0781161059029474,-0.7771079540252686,0.1108487918972969,-1.4842215042078524,0.3333333432674408
-0.7695379853248596,-0.7080811955390266,-0.12782576980061,-0.6332142949104309,0.4974249073569455,0.7846868634223938,0.7130807951688191,-0.3136511226196261,0.2828202545642853,0.3111979067325592,-0.9691107869148254,0.3333333432674408
0.5944573879241943,3.8673875335521526,-1.617665533294225,-0.27500448705324637,0.5582969109314401,-0.6195952296257019,-0.8988817939400885,0.8983207941055298,0.46986642479896545,-0.5506336637351608,-0.2944904565811157,0.3333333432674408
-0.06373594106247979,0.33182618021965027,-1.180502820887901,-0.4998875558376312,0.3240677629141305,-1.1813081502914429,-1.454949250518428,0.16726678932842076,0.7855923917646681,0.5359996614780547,0.9704226851463318,0.5
-0.46642789244651794,0.9036305953599526,-0.941284716129303,-0.6599901452715434,0.7472704456789526,-0.6834281770913894,-1.1053400213804299,0.7863993401021943,1.6218646313215366,-0.03156997922877734,-1.4750760793685913,0.5
0.9308378658552758,-0.9757634997367859,1.1652272939682007,1.8394503776607065,-0.39880406856536865,1.129401026491815,0.778858404066789,1.374608589278926,-2.0792855497648772,-1.1569279316018926,-0.953423838255594,0.3333333432674408
-0.5325767292057948,-0.4849719223036781,-0.2678635077022924,-0.7887621521949768,-0.2089032083749771,1.1217145919799805,0.3731072644171501,-0.5287766127335745,0.5322151184082031,-0.46184861801642946,-0.631800651550293,0.3333333432674408
-0.5451719633478188,-0.14366096258163452,-0.009362179116350195,0.7141524993433459,-0.2902892827987671,1.0523080312418949,0.7403398088806569,0.291321944537397,0.4075177013874054,-0.2898494303226471,-0.631800651550293,0.3333333432674408
-0.5669075145351253,0.5911935442184957,0.28185129165649414,-0.544329822063446,1.0009698839401096,-1.3668631446430397,-1.7069001829185826,0.4286204901694741,0.8439587354660034,1.338384307638248,0.29580235481262207,0.5
-0.08990863361809054,-0.6785839796066284,-0.14275221023475285,-0.7262613431960616,-0.7786058187484741,0.5600017309188843,0.7844889304915152,-0.5178408599177398,0.8439587354660034,0.02701036358634821,0.12714727222919464,0.9577968091977097
-0.16331779956817627,-0.3219686448574066,2.647957921561326,1.3782877108372424,-0.6158336400985718,0.6723442673683167,0.9484627143462155,0.8330061730409114,-1.213549017906189,-0.3675357617678717,-1.2220934629440308,0.3333333432674408
2.0335178664709774,3.170593156902884,-0.6015247106552124,-0.4416633926738803,0.8001777521348922,-1.4468060562794838,-1.5741094181464894,1.0656079502004592,0.0957741066813469,0.4447639584541321,-0.39919885574469505,0.3333333432674408
-0.5422053933143616,-0.8737793568312991,-0.2617647051811218,-0.7887621521949768,-0.6429623365402222,-0.12696628791838466,-0.012515719252401256,-1.3542118501059244,0.3623308946776499,-0.08069968347218746,1.3843303840553576,0.5
-0.45789492166020673,0.03464672341942787,-0.05790869891643524,-0.39604029346910974,-0.8049066576080339,-0.018240733165104224,0.29171179892384147,-0.7048451921890609,-0.34066691994667053,-0.10325222218621813,0.21147480607032776,0.6666666865348816
-0.5422053933143616,-0.7380198836326599,-0.8038569705828182,-0.6332142949104309,-0.5709860304677218,0.1305998857654978,0.31661605259810716,-0.6465796693537988,0.2828202545642853,-0.3566324710845947,-0.18855836882549004,0.3333333432674408
6.353549003601074,-1.5700141902765634,9.11561107635498,-0.9887523055076599,-1.2940510511398315,14.546651840209961,5.739711284637451,5.3161420822143555,4.896625518798828,9.794388771057129,3.078611373901367,0.0
-0.01176275685429573,-0.7380198836326599,0.6895633339881897,-0.7887621521949768,-0.2360319048166275,-0.45108139514923096,0.022079897360818643,-0.36391086437363857,0.44015910530096736,0.2246990067821374,-0.631800651550293,0.5
1.4149114869194133,0.8620206162842489,-0.3297167122364044,-0.29109076531888467,1.553322811029946,-0.9566229581832886,-1.188293782394047,1.6567368730534342,-0.46536436676979065,-0.0895003229379654,-1.2220934629440308,0.3333333432674408
0.4071628059567038,-1.213507056236267,0.34980329871177673,1.3400407377575139,0.12997579313194457,0.6723442673683167,0.02776270014246105,0.4925642043052273,-0.7849861762051831,-1.3583780527114868,-0.631800651550293,0.6666666865348816
0.29134732484817505,-0.7974557876586914,0.7624908592160441,2.1173594708645833,-0.18177451193332672,0.39148786664009094,0.4073126836617432,1.6639084235197894,0.8439587354660034,0.7118961215019226,-1.137765884399414,0.3333333432674408
1.448025697537301,-0.5597122311592102,1.6563797249750292,2.1389506660511444,-0.42593276500701904,0.7846868634223938,0.6432430414755409,1.7004245131455478,0.0957741066813469,0.04406575486063957,-0.9691107869148254,0.5
-0.3148728311061859,-0.14366096258163452,-0.3765394965233636,-0.7220988273620605,0.6394752037658374,-0.4163433269613885,-0.7664715237578422,1.2897150886660915,2.279871137331059,2.972681380025987,-1.137765884399414,0.3333333432674408
-0.7695379853248596,-0.20309685170650482,-0.3297167122364044,-0.6554354429244995,-0.3256466132327065,0.34764912332558434,0.17875590665644775,-0.5886352283535918,0.9063074588775635,0.7118961215019226,0.06342994700285672,0.6666666865348816
1.4784708173656118,0.3947600376321978,-0.12586070597171783,-0.7220988273620605,1.3800983022067805,-1.1209228092154182,-0.8541269851045873,0.6958470201840724,-1.216712103540098,3.0064724744233753,-0.7017917441783103,0.3333333432674408
-0.3148728311061859,-0.5597122311592102,0.09127985062977065,-0.4196801846605484,-0.5073188543319702,-0.11405368894338608,0.11946482377567154,-0.40787528398285133,-0.3315241602376131,-0.890896737575531,-0.37881800532341003,0.5
-0.6179829239845276,0.624713060048742,-0.12586070597171783,-0.6309241038421408,-0.6158336400985718,-0.5072526931762695,-0.6539959480531145,-2.0083270431366986,-0.7771079540252686,0.3111979067325592,2.196432468858114,0.8333333134651184
-0.08754027634859085,0.2976944325921502,-0.24103030761457664,1.2109399408481465,-0.2902892827987671,-0.11405368894338608,1.2783106173490812,1.260049796076361,0.8439587354660034,0.8938947048850174,-1.137765884399414,0.3333333432674408
-0.16331779956817627,-0.7786638446899212,-0.5335727334022522,2.151731146608073,-0.12751711905002594,1.4630949091981524,1.2065422433646957,1.2974629650254634,-0.5675873937461894,-0.3566324710845947,-1.137765884399414,0.3333333432674408
-0.16331779956817627,1.5612661749848669,-2.1644208431243896,-0.6554354429244995,1.173166818006723,-1.220009930861522,-1.7129852858589496,1.2203627410956495,1.8467232526500534,1.7624978376145357,-0.7161281704902649,0.5
-0.689280968983147,-0.6827729839682043,-0.12586070597171783,0.3339733157415977,-0.7096469569799133,-0.22639626264572144,0.04575289046551076,0.3973297921631378,-0.2159694880247116,-0.890896737575531,-1.0534383058547974,0.3333333432674408
0.06401476263999939,-1.235609063311283,1.0132962793410394,-0.7443199157714844,-0.01900232955813408,0.5861356250574571,0.4440586214845953,-0.5727182033151245,-0.10333791964750666,0.04406575486063957,0.43701219122712437,0.5
0.06401476263999939,-0.7380198836326599,0.14594730734825134,-0.7887621521949768,-0.5073188543319702,-0.45108139514923096,-0.6718290131313285,-0.185128450287446,0.7711595370327076,2.0545558024057042,1.2625580475169051,0.5
1.5517311614340017,1.1566322487398282,-0.941284716129303,-0.6683875561364062,0.7066557088538886,0.39148786664009094,-0.17151206081986928,0.7412307476284132,-0.46536436676979065,0.1108487918972969,-0.8847832679748535,0.5
-0.39065036177635193,-0.9558657739095155,-0.12586070597171783,-0.6776565313339233,-0.42593276500701904,-0.17022497951984406,-0.7164361821038285,-0.8597341567928225,-0.7147592306137085,0.1108487918972969,-0.5407178574499977,0.5
-0.01176275685429573,4.571714626067276,-1.081900274587863,-0.6332142949104309,0.5778290033340454,-1.2936506271362305,-1.351764488112528,0.7709667728552985,1.8336499576019216,-0.08416738484817698,-0.5474730730056763,0.3333333432674408
0.7264006788167428,-0.25089689227829504,1.3085725172241298,-0.7220988273620605,7.444840589665997,-1.2936506271362305,-1.7654507448457692,-0.07064832201569789,-0.4030156433582306,3.236633294008661,0.6331125497817993,0.5
-1.4878424887282735,-0.20309685170650482,-0.397668719291687,-0.20855465298920958,-0.08074030293544035,1.1556620277871203,1.005113650080339,-0.3178351678160503,0.2204715460538864,-0.6237646341323853,-0.7509755158122309,0.3333333432674408
-0.01176275685429573,-0.14366096258163452,0.5947341935906607,2.0786027925011425,0.20102776332774508,0.6723442673683167,1.0169958812303812,1.6287158338005998,1.4510038847943707,-0.49019855260849,-0.631800651550293,0.5
-0.9210929870605469,0.7228187294685264,-0.05790869891643524,0.3379948323095982,-0.8328632116317749,-1.1829621720250791,-1.2897669593882668,-1.5606395036192167,-0.504908380489619,0.04406575486063957,2.227922379914357,0.5
-0.6937604546546936,-0.5002763271331787,-1.465783350397095,0.10996101933424034,-0.5887049436569214,-0.4985463644246823,-0.06592799797385801,0.12779739420363892,0.9063074588775635,0.24441486597061157,-0.8959300749930617,0.3333333432674408
1.0315472415378517,1.0448783876460161,0.14594730734825134,-0.6776565313339233,1.0355037250885761,-0.9566229581832886,-0.6378462952663438,1.033216118812561,-0.6524105072021484,0.24441486597061157,-1.137765884399414,0.3333333432674408
-0.6937604546546936,0.09408261626958847,-0.2617647051811218,-0.8611956671242504,-0.45306146144866943,-0.46018764667998996,0.42408506956418185,-0.7672777187690125,-1.4520698665300362,-1.2915949821472168,-0.8847832679748535,0.3333333432674408
-0.16331779956817627,0.006999092565974988,-0.5335727334022522,-0.7887621521949768,-0.2902892827987671,-0.6757665276527405,0.6278881406842446,-1.1179014287801226,-0.4066904204919745,-1.1556867581228898,0.9042063111667878,0.5
-1.520627921360944,-0.9163275957107544,-1.225920644503717,0.10385058591389629,-0.3174179792404175,0.5298563745545981,0.5890410584761491,-0.31098375123199895,-0.4030156433582306,-0.2895766740227826,-0.8004556894302368,0.3333333432674408
-0.01176275685429573,2.837229163551561,-2.1644208431243896,-0.6808554528526864,1.1340285549847025,-0.6195952296257019,-1.2609998228473736,0.5712609223669877,0.46986642479896545,0.17763182520866394,-0.8004556894302368,0.3333333432674408
-0.3148728311061859,0.11106145926348293,-0.19381269812583923,1.0612421061705604,-0.3174179792404175,1.1270728397729917,2.21347614254555,0.9085512168418488,-0.4322188736288346,-0.09764384971542583,-1.343774846034522,0.3333333432674408
-0.02522290105066713,0.22409134465523786,-0.39418658687972025,-0.5157265638504721,-0.39880406856536865,-0.3949100971221924,-0.30621966239904624,-1.4189950829123452,-0.7771079540252686,0.7118961215019226,1.0547502040863037,0.5
-0.9620407589566992,-0.7042595569440343,-0.5335727334022522,-0.7220988273620605,-0.12751711905002594,0.9706170660822635,0.8879260134130703,-0.3414289226176239,1.7514413192934755,-0.2898494303226471,-0.9417825864682382,0.5
-0.8453154563903809,-0.5002763271331787,0.34980329871177673,-0.7409559086244848,-0.561576247215271,-0.2825675308704376,0.8809900963877532,-1.4155912047830337,-0.028923334553837776,-0.10183441895565698,1.3889608751944928,0.3333333432674408
0.21556980907917023,1.880289033183754,-0.805267659708448,0.6895124838032195,0.8559323727726974,1.7215582880805194,0.8888247206519286,0.8490611743627793,-0.2159694880247116,-0.957679808139801,-0.631800651550293,0.3333333432674408
-0.16331779956817627,-0.4408404231071472,2.0199956123420937,0.4579182039623119,-0.4600755379233409,2.3483224849465647,1.1825932355140691,0.653004894167348,-0.9331206417311748,-0.6237646341323853,-1.0659455493380505,0.38413594663984263
0.4429023563861847,-0.7380198836326599,-0.19381269812583923,-0.7887621521949768,-0.10038841515779495,-0.22639626264572144,-0.019509974867105484,-0.005714006039402163,-0.1970544643971308,-0.1566988629845166,-1.0534383058547974,0.5
-0.46642789244651794,-1.094635248184204,-0.5335727334022522,-0.6554354429244995,-0.8328632116317749,0.22098048379764101,0.6428978563844173,-0.23616916969605528,1.2707416485228893,0.5783300399780273,-0.6317570977011187,0.5
1.4350168170753164,-0.7974557876586914,0.07799530029296875,-0.7424362518205427,-0.7786058187484741,0.22487846755194682,0.43816790932883953,-0.7235344381511821,-1.1406679633782102,-0.22306638956069946,0.5487849712371826,0.5
0.06401476263999939,-0.5002763271331787,0.4857073128223419,-0.8654827229152635,-0.2089032083749771,-0.8442803621292114,-0.3697679778663518,-0.6395941780363172,0.0957741066813469,1.1554393555085678,0.3801299035549164,0.3333333432674408
1.0244663270441354,0.9286057723426068,2.4165292194363808,0.6418085788592618,0.5778290033340454,-0.00278119573015944,0.21542778672452856,1.4295897894532512,-0.4670309752330145,0.17763182520866394,-1.3146124625285096,0.3333333432674408
-0.3148728311061859,0.33182618021965027,0.34980329871177673,-0.766541063785553,-0.15464581549167633,-0.11405368894338608,-0.32223287282013874,-1.716001732465245,-0.46536436676979065,-0.0895003229379654,2.1261146733350476,0.5
1.50534557255228,1.2129242483393592,0.20249024922285014,-0.45957923401592926,0.8440301974649553,-0.3949100971221924,-0.920112655542826,1.1324497955061874,0.7192612886428833,0.2594968687006208,-0.32526205399158015,0.3333333432674408
-0.2390953153371811,-0.235315773173277,-0.3705633693059086,1.7671434003399413,-0.16597108164256094,1.3902365864412205,1.4682407216271245,1.0066677816897343,-0.6524105072021484,-0.3967902158385168,-1.0534383058547974,0.3333333432674408
-0.6179829239845276,-0.3814045190811157,0.33225835201296766,1.98487830381019,-0.22507154894570608,2.300428606883851,1.6111498910089408,0.9435641960018091,-0.6524105072021484,-0.49019855260849,-1.0534383058547974,0.4320345715308528
-0.2390953153371811,1.622807331260996,0.2686021424037288,-0.7895747575908234,1.1788154447899268,-1.0809361295606348,-1.5811269302330107,0.3769609377595056,-0.028923334553837776,2.647177185734979,-1.0534383058547974,0.5
-0.9210929870605469,-0.3814045190811157,-1.4643522370125035,0.3802562632414092,-0.723991887538246,0.8857859779167977,0.3213945914341064,-0.12858215562707503,0.16174258364728242,-0.36024582670980065,-0.564689066117451,0.5
-0.9642884447586348,-1.400316459914181,-0.3123424305880637,-0.8554255366325378,-0.5887049436569214,-0.9525830603720908,-0.546895547402816,-1.0074479617418246,1.5711321516614558,0.04406575486063957,0.9704226851463318,0.5
-0.16331779956817627,-0.14366096258163452,0.28185129165649414,-0.833204448223114,-0.3174179792404175,-0.6757665276527405,1.0902185750824627,-0.4274847530794513,0.5945638418197632,-0.5569815635681152,-0.46314552426338196,0.6666666865348816
-0.08754027634859085,-0.5002763271331787,0.7878999364368088,0.7497281237133315,-0.561576247215271,0.9532006978988647,0.8852526817472006,0.3634058281138133,-0.7771079540252686,-0.42341551184654236,-0.7161281704902649,0.3333333432674408
-0.3148728311061859,-0.5597122311592102,-0.5335727334022522,1.3709996259206108,-0.09070835031047626,1.1217145919799805,1.2858162145254672,0.6958430139818065,0.2204715460538864,-0.514514811114294,-0.5887621153418372,0.3333333432674408
0.29134732484817505,1.054404510509052,-1.481394935642495,-0.7104557372121385,0.6712597092115317,-0.9415917203138817,-1.4116657679682616,0.9649137000842813,1.1557023525238037,1.7565484990035196,-0.8004556894302368,0.5
-0.46642789244651794,-0.3219686448574066,-0.3297167122364044,0.7738956792835705,-0.12898277880038184,-0.22639626264572144,0.3186686043871457,-0.5160159198240046,-1.3119010547392767,-0.6237646341323853,0.6331125497817993,0.5
-1.0107450832940874,-0.5002763271331787,0.3202728694907965,-0.3172165045145594,0.6879755751009065,0.16680273413658142,0.9838306437380344,-0.2494620599514707,1.1359244014414704,0.17763182520866394,-0.37881800532341003,0.5
-0.3338092127190976,-1.1816723157598383,-0.17387521332395175,-0.6776565313339233,-0.7869987074697425,0.23012269377130265,0.12526318460935132,-1.2678649845799155,-1.213549017906189,-0.0895003229379654,0.7174400687217712,0.5
0.06401476263999939,0.33182618021965027,-0.998901641470441,1.8588414290853583,-0.17252873651502024,0.18222822803484667,1.15867714638589,0.9964200292863773,-0.5277130603790283,-0.890896737575531,-0.8004556894302368,0.3333333432674408
-0.6937604546546936,-0.3219686448574066,-0.2617647051811218,1.8577157794579564,-0.34454667568206787,0.8899079138511068,0.8281847415883864,0.8340060699561014,-1.186673540324573,0.37798094749450684,-0.7161281704902649,0.3333333432674408
-0.16331779956817627,6.949874796332461,-2.1644208431243896,-0.622283370420126,0.7574666152306371,-1.1251368522644043,-1.8336235611625293,-0.3492764383959733,1.9889799981056009,-1.0244628190994263,1.300833135301767,0.00011833675646503815
-0.39065036177635193,-0.6191481351852417,0.14594730734825134,-0.8776466846466064,-0.2360319048166275,0.4019886040882851,0.8719651080146078,-0.5521930597150664,-0.028923334553837776,0.3111979067325592,-0.6764491601208553,0.5
0.7460124492645264,-0.20309685170650482,1.1856101860670012,-0.7887621521949768,-0.0606275038997827,0.33531656861305237,-0.5797398740907034,0.2756157162146321,-0.4030156433582306,6.8348080623573395,-0.20985642764382506,0.5
-0.46642789244651794,0.5680077114657025,-1.6302317653601441,-0.4190304539958044,0.06029842853162991,-1.349821925163269,-1.764278762490349,0.9158472640802072,2.0839578459988073,0.4062086793279145,0.3801299035549164,0.5
-0.2390953153371811,1.65717559297866,0.07799530029296875,-0.6998776793479919,-0.12751711905002594,-1.5444217371153148,-1.8334453756365752,-0.11521452157396835,0.15812282264232635,0.9551233297436349,0.7001532906534748,0.6666666865348816
-0.8453154563903809,0.09408261626958847,-0.4656206965446472,-0.8109833002090454,-0.029585637041635846,0.05446016043424606,1.112517984404648,-0.5228933667154941,0.8195343079761361,-0.3566324710845947,-0.8847832679748535,0.6666666865348816
-0.39065036177635193,-0.9757634997367859,-0.3297167122364044,-0.766541063785553,0.4389114033705808,0.9601929005206388,0.6496869988677653,-0.8223328323779812,-0.5900617837905884,-0.6905476450920105,-0.1258353590965271,0.6666666865348816
-1.1027578058729834,-0.6191481351852417,0.020233867461474677,-0.33024165209106926,-0.34454667568206787,0.6562242402176129,0.10074795881493082,-1.1269396689076008,1.3427485227584839,0.1108487918972969,0.7229002904004987,0.6666666865348816
0.11727437957768672,-0.3814045190811157,0.5536593198776245,-0.833204448223114,-0.5073188543319702,0.5600017309188843,0.1392479495511259,-0.9587641989843627,-1.0265028476715088,-0.02271728403866291,0.3801299035549164,0.3333333432674408
1.359449310072729,-0.4408404231071472,1.1652272939682007,-0.14987918955535642,1.5262675916320338,-1.3649894873072648,-1.7824544901828785,0.9360309722961709,-0.002134421629071903,1.2232803513057495,0.9494131258882286,0.5
2.231676397030356,1.3681486913428957,1.1652272939682007,-0.7443199157714844,0.37375651372788504,-0.3949100971221924,-1.242933577288101,0.7699065630357922,-0.6524105072021484,0.9989724220710338,-0.3272935904935813,0.5
-0.08754027634859085,-0.40244502392969034,0.21389929950237274,0.645443301486641,-0.5073188543319702,0.3171244911472596,0.9238943451961765,0.38993732219216537,-0.7802494436599682,-1.3345950404961509,-0.5474730730056763,0.5
0.06401476263999939,-0.14366096258163452,-0.4656206965446472,-0.6776565313339233,-0.07325971871614456,-0.0017111222259700298,0.37563871160431794,-0.9670584156904348,0.0957741066813469,-0.49019855260849,0.6331125497817993,0.3333333432674408
-0.9968705177307129,-0.20309685170650482,-0.8053807020187378,0.5884645564675351,-0.5344475507736206,0.2229740172624588,0.4503173280597999,0.1487837235730877,-0.6846169155033205,-1.129651761758063,-1.0310204073030709,0.3333333432674408
0.5186799168586731,-0.024789171293377876,0.6216112971305847,-0.47123509832725274,0.7788603781480407,-0.6195952296257019,-1.4664298604374635,0.6880133663825532,1.050783806018474,1.9298893873153382,1.5607155561447144,0.3333333432674408
2.8625642734571337,1.7118447354334454,0.14594730734825134,-0.6776565313339233,0.43635654510897937,-1.349821925163269,-1.7151375251934842,1.0326201496897425,-0.34066691994667053,1.9741578835996245,-0.46314552426338196,0.5
1.6581469129094606,0.09408261626958847,1.354951885917388,-0.6998776793479919,0.05098201896666211,-1.349821925163269,-1.7179638999194848,0.9568212132335056,0.46986642479896545,0.24441486597061157,0.3801299035549164,0.5
-0.9210929870605469,-1.094635248184204,-0.12586070597171783,-0.8137555526897194,-0.7786058187484741,0.5383483300287643,-0.1159587723115062,-1.4173798206410666,0.9063074588775635,-0.42341551184654236,1.2539527010296645,0.5
-0.46642789244651794,-0.8199637278705357,0.28185129165649414,-0.8109833002090454,-0.6856392278538158,0.2229740172624588,-0.15495989062504006,-1.495622188478732,0.1941841404460523,-0.5569815635681152,1.6450430154800415,0.8333333134651184
-0.8453154563903809,-0.2625327408313751,0.34980329871177673,-0.7887621521949768,-0.4801901578903198,-0.22639626264572144,-0.2611147669749763,-1.7788050439541405,0.0957741066813469,-0.0895003229379654,1.813698172569275,0.6666666865348816
-0.08754027634859085,-1.3291678991741105,0.07799530029296875,-0.9142571966761236,-0.5721535955188686,-0.5634239912033081,-0.6049474046819353,-1.6734376481640156,-1.1475781562801906,0.24441486597061157,0.9704226851463318,0.5
0.21556980907917023,-0.22441998124839757,0.5536593198776245,1.14675362759205,-0.34454667568206787,1.2888821486383508,1.6392512540217345,0.6738522905056071,-0.9018054008483887,-0.2797702786020928,-0.7161281704902649,0.3333333432674408
-0.09217241399490525,-0.7974557876586914,0.28185129165649414,-0.8109833002090454,-0.34454667568206787,0.33531656861305237,0.09118991362415763,-1.6250327460924638,-0.9838283161767046,1.5147383123325542,1.9599995850953429,0.5
-0.16331779956817627,-0.9757634997367859,-0.3297167122364044,-0.8109833002090454,-0.06192019591023974,1.1217145919799805,-0.20358713617072474,-0.48842923324858795,0.7192612886428833,0.04406575486063957,-0.631800651550293,0.5
0.29134732484817505,-0.4408404231071472,-0.5335727334022522,-0.8998677730560303,-0.8015742551740596,5.1394250572758295,1.2701583281046833,-1.2014886680452883,-0.1053004583574624,-0.2898494303226471,0.48709905081866695,0.3333333432674408
-0.6937604546546936,-1.069958549187014,1.1652272939682007,-0.8109833002090454,-0.6486781906499534,-1.3378500923239083,-1.0138806051367255,-1.0678425466160795,0.7498613552472853,-0.6237646341323853,-0.041507821530103683,0.5978875172486751
-0.9210929870605469,-1.094635248184204,-0.397668719291687,1.6100388802219028,-0.1759202691918314,0.6723768955875219,-0.12306945630708907,0.7731536781033028,0.12160479251578106,-1.1580289602279663,-0.9691107869148254,0.5
0.21556980907917023,-0.8568916916847229,0.07799530029296875,-0.9010120136461388,-0.39880406856536865,-0.731937825679779,-0.9305158428364401,-0.7509379187788473,0.5283035009709949,-1.3583780527114868,-0.041507821530103683,0.5
0.7460124492645264,-1.133053018689476,0.4177553057670593,-0.6998776793479919,-0.1401445879509985,-0.22639626264572144,0.67334269612954,-0.19083683036319848,-0.2783181965351105,-0.5569815635681152,-0.2944904565811157,0.5
1.5712206095753214,1.4326487584398842,2.3348874748795057,-0.6332142949104309,0.7672873028365679,-0.731937825679779,-1.36723628194974,1.446871117856735,0.6988528220764637,1.0666081190543386,-1.0665864390211823,0.3333333432674408
1.2822346670441271,2.230492044407227,-0.19381269812583923,-0.6788926075991131,0.7477689167243056,-0.2825675308704376,-0.5666488002345696,0.7695936818279822,0.7192612886428833,0.3111979067325592,-0.9691107869148254,0.3333333432674408
-0.4657694972506734,0.39383842210322134,-0.05790869891643524,-0.5665509104728699,-0.6429623365402222,-0.38917391715564276,-0.3626867378459529,-1.434991306992577,-0.8027501170092556,-1.3583780527114868,1.5902970589880077,0.6666666865348816
2.9878986871246083,1.5193033163365608,1.0293233394622803,0.5385529815505798,1.9071421646660474,-0.5634239912033081,-0.43404499292279186,3.3970758492253514,0.8439587354660034,0.04406575486063957,-0.6808638505046405,0.3333333432674408
2.435919230904764,0.42664923867864335,0.7944238007809681,-0.7876071810611076,0.030056387410830904,-0.17022497951984406,-0.5037591740289494,0.6163513115521512,-1.1921968088729185,-0.21722950151518286,-0.1258353590965271,0.3333333432674408
-0.3148728311061859,-0.5597122311592102,-0.3297167122364044,1.5825753133710072,-0.4801901578903198,1.6981033836619843,1.0392612969580377,0.9308868585938189,0.10295301803729683,-1.2915949821472168,-1.137765884399414,0.3333333432674408
-0.6937604546546936,-0.5002763271331787,0.07799530029296875,-0.5335403967127952,-0.697219729423523,0.5038304328918457,-0.21953183455022662,-1.6008475370134263,-0.5900617837905884,-0.47840424179792107,2.1355649488717567,0.6666666865348816
-0.39065036177635193,-0.6191481351852417,0.8417452073529555,0.40492933604071,-0.25843550592357184,-1.237479329109192,-0.05417840871141503,-0.12784736112496686,-0.028923334553837776,-0.6506467262474397,-0.37881800532341003,0.5
1.3613970936221553,1.7166983009670453,-0.5835937886479091,-0.6606881719632208,0.44284176998674735,-1.4433150485764494,-1.8293561800316418,0.8391605219050026,0.033425383269786835,-0.5569815635681152,-0.46314552426338196,0.1666666716337204
-0.6179829239845276,-0.3219686448574066,0.14594730734825134,1.2893316328508333,-0.2089032083749771,0.5083826108012324,0.9718358737966686,0.22118688054742497,0.15812282264232635,0.04406575486063957,-0.041507821530103683,0.3333333432674408
-0.9210929870605469,-1.2942739928697715,-0.7366582671034546,-0.06617894486871317,0.027784108503008394,1.5022892476390033,0.3667551340100926,-0.7757843959653979,0.5039484123210177,-2.0707347737288906,0.3801299035549164,0.3333333432674408
-0.9210929870605469,-0.6191481351852417,0.8231364756648922,-0.8959065861132464,-0.697219729423523,-1.1251368522644043,0.5757262333487656,-1.0638697168089604,0.15812282264232635,1.6164429306076757,0.12714727222919464,0.3333333432674408
0.29134732484817505,-0.7425374664988644,0.34980329871177673,2.3000009409032702,-0.39880406856536865,0.8780094892895403,0.5995816940501941,1.3987683770083057,-1.4005951881408691,0.7683657278602185,-1.2075890102993245,0.5
-0.6179829239845276,-0.5002763271331787,0.3982457662787749,0.7840595611700883,-0.7270739350924437,0.5600017309188843,0.6910539580545716,-0.37015323220541524,1.4443779670728598,-0.3566324710845947,1.223405361175537,0.9417229507989978
-0.6937604546546936,-0.8252033418635785,0.6895633339881897,0.5093107157493096,-0.8328632116317749,-0.0578824058175087,-0.17974928406743818,-0.4266184924482263,0.033425383269786835,-1.44517862259709,-0.010476522819419635,0.6666666865348816
0.5944573879241943,0.42156049844029325,0.5536593198776245,-0.6554354429244995,0.5778290033340454,-0.22639626264572144,-0.42674018893246385,1.372369234404647,1.2931453446714747,0.2896591462708511,-0.9691107869148254,0.3333333432674408
0.1397922784090042,-0.6191481351852417,-0.13793598424719788,-0.833204448223114,-0.3174179792404175,1.2856699041496926,1.0468937362617017,-1.2730256344962578,-1.0119135334348486,-0.890896737575531,0.3801299035549164,0.3333333432674408
-0.39065036177635193,-0.6191481351852417,-0.80446702191527,-0.8554255366325378,-0.6158336400985718,-0.0578824058175087,-0.019509974867105484,-0.5081325751759356,-0.5277130603790283,0.04406575486063957,-1.137765884399414,0.3333333432674408
-1.4962912026693889,-0.6191481351852417,-0.7765517496036639,1.0731459332854583,0.4684377479350227,1.089030296286674,0.38336469999145184,-0.16145302344075105,-0.15362077951431274,-0.6905476450920105,-0.2781076511826261,0.3333333432674408
-0.5097277640163588,2.0822544991955634,-1.9770682349503064,-0.6332142949104309,0.6635993711705619,-1.349821925163269,-1.7692339860947792,0.43154054670662007,0.9759860288982622,0.24441486597061157,-0.631800651550293,0.3333333432674408
-0.39065036177635193,1.2204728642003297,-1.830226795020978,-0.3163517700041276,0.6455177019276758,0.21267645762561985,-0.417555929997947,0.9623332079527865,0.9686561822891235,0.980360846185912,-0.8004556894302368,0.5
-0.5422053933143616,0.5727913449666123,-0.4656206965446472,-0.4998875558376312,-0.7786058187484741,0.9433258523448175,0.048490378579460904,-1.7447216371261953,0.2204715460538864,-0.890896737575531,2.4537639409277108,0.6666666865348816
-0.3670217517947195,0.09408261626958847,-0.397668719291687,-0.6776565313339233,-0.2360319048166275,-0.35183335495434076,0.12360203093256902,-0.7550604432088606,-0.20675953995708743,-0.5142044956996977,0.04281972348690033,0.5
-0.6937604546546936,-0.4408404231071472,-0.4656206965446472,2.1782122356998617,-0.561576247215271,0.7948551465896981,0.474612665230569,0.9805311552842997,-0.2159694880247116,-0.890896737575531,-0.9691107869148254,0.5
0.36712485551834106,-0.4408404231071472,0.010043300688266754,-0.766541063785553,-0.6461619407837952,0.16680273413658142,-0.07310799600641014,-1.5986896706594627,-0.6524105072021484,0.04406575486063957,1.9216192149220925,0.5
0.4270967982394629,-0.9705567961807908,-0.2877452385528493,0.8644377906742677,-0.5907730261131726,0.36971670668290096,-0.12104898493022567,0.5616375423940666,-1.151200294494629,-1.2314349954590444,-0.9691107869148254,0.5
0.3238485527958943,-0.3814045190811157,-0.397668719291687,1.5000727025721636,-0.7243484258651733,0.2229740172624588,0.11870323184989705,0.4831581821846221,-1.0015274586971399,0.17763182520866394,0.21147480607032776,0.5
0.837142985256506,-0.5597122311592102,0.010043300688266754,1.5084902831077605,-0.45302285445467144,-0.7091256469634496,0.24511356500858936,1.2126218818143812,-0.7771079540252686,-0.6722187121927417,-0.8004556894302368,0.3333333432674408
-1.072648048400879,0.416046277932961,-1.1569523112293532,-0.6554354429244995,-0.4801901578903198,0.39148786664009094,0.32031264917150826,-1.5231216674069887,-0.46536436676979065,1.431495949944952,1.5607155561447144,0.5
-0.7695379853248596,-0.6191481351852417,1.3969537542844863,-0.23565876046555828,-0.7484308401871209,0.6723442673683167,0.7167542938010871,-1.6957824856768515,0.0957741066813469,-1.4518548448085924,2.169451216180937,0.5
-1.4157956909952016,-0.3814045190811157,-0.2617647051811218,-0.8554255366325378,-0.01900232955813408,-0.11405368894338608,0.10573222860036208,-0.9931344710545281,1.3531670646614053,-0.0895003229379654,0.21479189755388972,0.5
0.4483647352675289,-0.4408404231071472,-0.05790869891643524,-0.766541063785553,-0.18177451193332672,0.05446016043424606,-0.3004491253611425,-0.7445846055679695,-1.0265028476715088,-0.7573306560516357,0.3801299035549164,0.3333333432674408
-0.16331779956817627,-0.6785839796066284,-0.13248666360243536,0.8400410289091319,-0.7786058187484741,0.01498268347701075,0.797035854536523,0.3734064139176202,0.7192612886428833,0.5783300399780273,0.12931627945294402,0.5
-0.8440547501853617,-0.4408404231071472,0.07438664516112303,-0.8554255366325378,-0.39880406856536865,-0.5481016716416512,-0.4741591777747702,-0.35670150008626916,1.1557023525238037,0.24441486597061157,-1.2220934629440308,0.3333333432674408
-1.5542787290401467,0.40400495039728257,1.1513504295061465,-0.8409415112310961,0.1634750304057582,0.2791453003883362,0.6145309735965414,-0.5183516879044334,0.2828202545642853,0.17763182520866394,-0.9855994996753846,0.5
-0.8453154563903809,2.102001346519821,-0.8053807020187378,-0.7220988273620605,0.3345562017274222,-0.5634239912033081,-1.219504408732272,0.16597087128855123,1.8090166741489393,-0.42341551184654236,-0.5891752940056177,0.3333333432674408
-0.3148728311061859,0.03464672341942787,0.14594730734825134,-0.6806358712407984,0.9775048103926001,-0.41463227652903945,-0.25819573921847794,0.8174917400757268,1.8191501013981743,1.6626469806224848,-0.631800651550293,0.3333333432674408
-0.01176275685429573,3.4722746824310535,-1.518686261921222,-0.6096331031317355,0.6457803787724054,-0.45108139514923096,-1.516175852661711,0.41678470145980373,1.3427485227584839,0.37798094749450684,-0.1258353590965271,0.3333333432674408
0.5186799168586731,-0.9757634997367859,0.21389929950237274,-0.766541063785553,-0.4801901578903198,-0.731937825679779,-0.7995234369710381,-0.4890251365961638,-0.2159694880247116,0.04406575486063957,0.09832012184455555,0.5
1.4001214665526793,0.03464672341942787,-0.2617647051811218,-0.4740036565108443,-0.8148956039481643,-0.45108139514923096,-0.7374674065431617,-0.6582818830075529,-0.9641541242599487,-1.0244628190994263,0.40920079542450527,0.6666666865348816
-0.7334617362413616,-0.6191481351852417,0.07799530029296875,0.42400435523370317,-0.04613102599978447,-0.0017111222259700298,1.2665852131480697,0.35919613968016667,2.3425528864647336,0.04406575486063957,0.21147480607032776,0.3333333432674408
0.3496722807792446,1.0386237863777286,-0.12586070597171783,1.6246867105680993,2.35533774374239,-0.5072526931762695,1.5035736215142155,1.268003293714049,-1.5301252865838917,0.7118961215019226,-1.2724451494809204,0.3333333432674408
-0.08754027634859085,-0.4408404231071472,0.4857073128223419,0.6060872707851969,-0.5887049436569214,1.065543293952942,0.738562826387498,0.07060913639884252,-1.4048994225828926,-0.890896737575531,-0.2944904565811157,0.6666666865348816
-0.3148728311061859,1.991573932574153,-1.9910334678122292,-0.6695098380159067,0.5590385823123534,-0.3387388288974762,-1.3588064450987254,0.26504312734272567,1.709531450722154,1.0980648242541586,1.0953801962784768,0.5
-0.3148728311061859,1.1710523285837842,0.07799530029296875,-0.7887621521949768,0.5935006870326193,-0.0578824058175087,0.5208343372744584,-0.1676008835092214,-1.0888515710830688,-0.49019855260849,-0.9691107869148254,0.3333333432674408
0.6702349185943604,2.627385054763093,-1.8685692277118957,-0.5887720584869385,0.9658831932655858,-0.4158320984494922,-1.3801000224654782,0.2652159256648784,0.1097285390430707,-0.1310966773576795,0.3801299035549164,0.5
0.4429023563861847,-0.5002763271331787,1.1652272939682007,0.34588121372862335,-0.2360319048166275,0.9547434730154886,1.5373172252200438,0.4240125585062677,-0.9641541242599487,-0.3566324710845947,0.21147480607032776,0.3333333432674408
-0.2390953153371811,-0.3814045190811157,-0.2617647051811218,-0.4136213641516318,-0.2551147596806895,-0.0578824058175087,0.8427977108529972,-0.31316144922115674,0.8439587354660034,-0.4391188125628283,0.11141928410288789,0.5
0.1397922784090042,-0.54737745460931,0.28185129165649414,1.0665659995811871,-0.5073188543319702,-1.0326691248913367,0.22470147430812507,0.8315139671053263,-0.9018054008483887,-1.0244628190994263,-1.137765884399414,0.3333333432674408
-0.6265192184855793,-0.2625327408313751,0.14594730734825134,-0.8776466846466064,-0.2631605863571167,-0.22639626264572144,0.011851186925957026,-1.2043229360726233,0.033425383269786835,-1.1580289602279663,0.3579888152765153,0.5
-0.3148728311061859,-0.5661199331149964,-0.19381269812583923,-0.7887621521949768,-0.2631605863571167,-0.3256982901124554,0.7402581543903785,-0.656826347252275,-0.028923334553837776,-1.1770390811004119,-0.47783758682858185,0.3214186475686528
0.4429023563861847,-0.20309685170650482,-0.05790869891643524,0.15601674861142398,-0.5344475507736206,0.16680273413658142,0.21053677584533578,-0.683363184564129,-0.16869221592069672,0.7361591768647288,1.5607155561447144,0.5
-0.16331779956817627,-0.08422506600618362,-0.5335727334022522,1.0641117885918072,-0.5073188543319702,0.2791453003883362,1.5658708180403182,0.8421785822120033,0.7102526846230854,-0.42104848869672185,-0.7161281704902649,0.3333333432674408
-0.01176275685429573,1.873083752431066,-2.0885121792261585,-0.544329822063446,0.37607322413404914,-1.349821925163269,-1.551201816765292,0.9156596052377242,1.0933536291122437,1.366698093958143,-0.9691107869148254,0.5
-1.183994500013325,-0.14366096258163452,-0.19381269812583923,-0.5288560197513695,-0.561576247215271,0.72605265589261,0.49822541158761924,-1.4078910221968544,2.1355021171226967,2.185839123866905,2.0165150495231368,0.6666666865348816
0.5888921478859143,-0.7380198836326599,0.28185129165649414,0.7762085396370098,-0.7786058187484741,1.8895785328565295,1.0860079090343933,0.7366278284142114,-1.0888515710830688,-0.2966367785012258,-0.8847832679748535,0.6666666865348816
-0.01176275685429573,-1.0351994037628174,-0.19381269812583923,1.092911888382008,-0.561576247215271,0.33531656861305237,-0.019509974867105484,0.5937176518920475,-0.2783181965351105,-0.5569815635681152,-0.8847832679748535,0.6666666865348816
-0.16331779956817627,0.5334843058290697,-1.83432610834903,-0.6554354429244995,0.36880994118983407,-0.0578824058175087,-1.4485271772648847,0.5059797908890366,1.8230187058746008,1.42990765431475,0.3874597856394086,0.5
0.9495359668256735,-0.3814045190811157,0.07799530029296875,-0.5887720584869385,-0.6158336400985718,0.05446016043424606,0.16964739186816713,-0.33157572725044093,-0.15362077951431274,-0.49019855260849,0.3801299035549164,0.5
0.33016829864759534,1.4342158994354555,-1.1493543347109627,-0.7988689683859909,0.5463962507070349,-1.1251368522644043,-1.648536375011542,0.8351542027911018,0.2828202545642853,0.5115470290184021,-0.8847832679748535,0.5
-0.16331779956817627,0.03464672341942787,-0.05790869891643524,-0.6512422558155492,0.4483466963374451,1.1787729823206952,1.5286936767884356,0.2820260833298985,1.4914356122402512,-0.02271728403866291,-0.8180186625774946,0.5
-1.285581478454402,-0.3219686448574066,0.4764420226237087,-0.6554354429244995,-0.6700910329818726,-0.22639626264572144,0.4123493987491069,-2.2015261226661056,0.2204715460538864,-1.1580289602279663,1.813698172569275,0.6666666865348816
-0.3148728311061859,-0.7974557876586914,0.5536593198776245,-0.09417863996947945,-0.642261357128046,-1.005991115805776,0.9175610362007568,-0.686210393620601,-0.40593204354775103,-0.02271728403866291,0.3801299035549164,0.3333333432674408
1.2463479953196308,-0.3219686448574066,2.7165361051112566,1.5327572004680576,0.08416681261805856,-0.6195952296257019,1.0404140711743384,1.7951601974969051,-1.0606886235514414,0.5783300399780273,-1.2870982184720177,0.3333333432674408
0.7460124492645264,-0.07744575250381883,1.8523455824339219,1.2347938382326853,-0.2902892827987671,1.0980503538766777,1.894582320787897,0.9934870469930779,-1.0717336946784572,0.6451131105422974,-0.9691107869148254,0.3333333432674408
0.1397922784090042,-0.14366096258163452,0.8254672884941101,2.0758240512129458,-0.7786058187484741,0.8495561552783447,0.2836179093844201,0.006131040811220356,-0.857795983486855,-1.1310241084059574,1.8718830536556168,0.3333333432674408
-0.6179829239845276,-0.14366096258163452,0.14594730734825134,1.3013729569564902,0.11747421597261128,0.5527975276896179,0.11446984949661719,0.6927845358665108,-0.4030156433582306,-0.5176089879526222,-0.8803477568172674,0.3333333432674408
0.15701184205171131,2.92254461015338,-1.941808564235465,-0.6332142949104309,0.5738577803503885,-1.1901599622832337,-1.6813820354352167,0.666532230524304,1.3185172687370352,0.9122452139854431,-0.46314552426338196,0.5
0.5944573879241943,1.566280172900704,-0.5248417969823728,-0.7159776390422177,0.6434834080002872,-0.9566229581832886,-0.12594229317865507,0.5899456362154623,-0.5560399254895921,1.4585811344174975,-0.6249878627920298,0.5
-0.3148728311061859,-0.9163275957107544,0.5536593198776245,1.2901366395789606,-0.6224096283300132,-0.84739365280351,-0.22244028161993995,-0.14956244920083903,0.6569125652313232,-0.6905476450920105,1.1662144327585007,0.5
0.5043056863775949,0.5101338624954224,-0.05790869891643524,-0.7887621521949768,1.0117328311602336,-0.8442803621292114,0.6553367065080733,-0.09815277696068,-0.5900617837905884,1.2790426777788513,-0.2944904565811157,0.3333333432674408
0.6702349185943604,0.4658860573311907,0.010043300688266754,0.5329592284726333,-0.6158336400985718,0.16680273413658142,-0.14004113186761874,-0.4112722115043328,-0.5228984554161137,-1.337845392045038,0.8048973078602715,0.6666666865348816
0.5944573879241943,-0.5002763271331787,0.21389929950237274,-0.766541063785553,-0.4801901578903198,-1.1813081502914429,-0.12461891897011552,-1.2161800297687313,-1.7067203828587454,0.3111979067325592,1.1390777826309204,0.5
0.4429023563861847,-0.48681097458062916,0.6216112971305847,-0.8776466846466064,1.63557444185632,0.16680273413658142,-0.08432930204069147,-0.6259152437184198,-1.213549017906189,-0.49019855260849,-0.12320972647028457,0.3333333432674408
-0.46642789244651794,-0.6785839796066284,0.2376127674410376,-0.8554255366325378,-0.646898831099001,-1.1100514117704021,0.0458759570051671,-0.49562659200154535,0.5831941348856567,-0.6406117571366756,-0.46314552426338196,0.3333333432674408
-0.8694351356703712,2.8566945724870147,-1.9926633086395804,-0.8137177906263441,1.8929514402127392,-1.1251368522644043,-1.6337665524978482,-0.14212508207922572,0.8015898449849505,-0.7573306560516357,-0.9691107869148254,0.1666666716337204
-0.16331779956817627,-0.8568916916847229,0.39227004924942316,2.395136749033603,0.25618705587429635,0.9403968352570595,0.6658176843807283,1.1674172662426918,-1.1064506695728735,-0.9367350146244969,-0.8847832679748535,0.3333333432674408
-0.7695379853248596,-0.5597122311592102,-0.6621763245281053,3.14502581625699,-0.4801901578903198,-0.46528581135831265,-0.35849269082421464,1.3383235276969265,-1.91261864153359,-0.02271728403866291,-1.4349321748335202,0.5
-0.4369046659481227,-0.2729002646870241,1.1652272939682007,1.8559261074804305,0.9461223315781961,0.11063144356012344,0.3077902187517548,1.162071940280039,-1.5233332980819978,-0.2898494303226471,-1.2220934629440308,0.3333333432674408
-0.6179829239845276,-0.17007628374670286,0.14594730734825134,-0.06214938872940086,-0.6158336400985718,0.6723442673683167,0.0485075282806737,-1.6288822455170977,-0.46959837474497573,-1.370340273510824,2.3551442271597383,0.5
2.292425400808123,2.79905919100227,-2.1644208431243896,-0.6776565313339233,0.5778290033340454,-1.3276328483900293,-1.7342953103611196,1.2081160222403418,-0.15362077951431274,-0.22306638956069946,-0.7161281704902649,0.3333333432674408
2.0003489128643923,-0.2625327408313751,0.6734514855883171,-0.8109833002090454,-0.34454667568206787,-0.23933840085772,0.39023707771932303,-0.5350851535193735,-1.8770468829194045,-0.42341551184654236,-0.3983462571520592,0.5
0.21556980907917023,-0.9757634997367859,-0.16014507231372,0.5491928424632538,-0.34454667568206787,0.6723442673683167,0.13777424730669857,0.31847434192171625,-0.6088390669508752,-0.42341551184654236,-0.5474730730056763,0.5
0.873495878084144,0.5101338624954224,0.4177553057670593,-0.6332142949104309,0.6075087422990425,-0.731937825679779,-0.04718358791627027,0.8921571944844435,-0.07537471124557577,-0.3566324710845947,-0.9691107869148254,0.3333333432674408
0.9246750907096958,-0.9163275957107544,0.223256160550935,-0.7835244672911235,-0.5073188543319702,0.22663964984892723,0.5338747133855234,0.1254927725311008,1.0933536291122437,-0.02271728403866291,-0.631800651550293,0.5
0.1397922784090042,0.23403450249801766,0.5536593198776245,-0.17044729873175343,1.2661062588920462,-1.349821925163269,-1.6910447673327025,-0.8396596416828315,0.5945638418197632,-0.20478477915083004,2.124069233889965,0.5
-0.6179829239845276,-0.6785839796066284,1.0139323972953522,0.7224449297801336,0.18887851236224099,1.5809561105860406,1.6596329187032102,0.5674351794523367,-0.7771079540252686,-1.0912458896636963,-1.2513724429533373,0.3333333432674408
-0.8120640428172139,-0.6785839796066284,1.74100812160364,2.209026224867785,-0.561576247215271,1.4096600783773854,0.12464415757073535,1.098394117082893,-1.6199700932754026,-0.7573306560516357,-0.7576147084066248,0.3333333432674408
1.275697071447792,-0.024789171293377876,2.178565470736392,0.8847833905875951,-0.5887049436569214,0.423107991777704,0.7034567961467607,0.23535786762591157,0.46986642479896545,-0.6905476450920105,1.5607155561447144,0.6666666865348816
0.06401476263999939,-0.4408404231071472,0.8861836509776975,1.7341148293552258,-0.2624581956215686,0.40405750814617025,0.5738549956027554,0.9727129320352136,-1.414018732225083,-0.6237646341323853,-1.0534383058547974,0.3333333432674408
-0.46642789244651794,-0.6785839796066284,-0.397668719291687,1.0883865392611367,-1.0248876374520488,0.05446016043424606,0.9162566212230946,0.5528734699951512,-0.028923334553837776,-0.7364129186768862,-0.622381477461032,0.3333333432674408
0.5186799168586731,-0.7218735060956375,1.216009279035921,0.49031707426823073,-0.42593276500701904,1.2352979730182745,1.7803712682175346,0.2125069568527633,0.7192612886428833,-0.890896737575531,0.7174400687217712,0.5
-0.8453154563903809,-1.0658539659577169,0.14594730734825134,-0.44383857964946566,-0.34454667568206787,0.16680273413658142,-0.17059733529960341,-0.9068293834329669,-0.5900617837905884,0.4447639584541321,0.2062489146389438,0.5
0.521151737605861,1.428562007656509,-0.941284716129303,-0.833204448223114,0.7994272407953289,-0.9769816558923096,-1.336844240291554,0.23336695473536068,-0.46536436676979065,0.5115470290184021,-0.631800651550293,0.3333333432674408
-0.3148728311061859,0.09408261626958847,-0.5335727334022522,1.8856652994491943,0.045633009663477594,0.2320433101370873,0.8800128790087891,1.3382011301439358,-0.2159694880247116,-0.8241137266159058,-1.306420922279358,0.5
0.06401476263999939,1.9619433743080783,-2.0944643018782454,-0.6332142949104309,0.5930795999844818,-1.1053826340420347,-1.3956287498535704,0.4303477430954311,0.9686561822891235,-0.12370287979739886,-0.631800651550293,0.5
2.211190145472294,0.3507191588864047,1.9013545937986995,-0.40938815959135977,0.07097924234249575,-1.2936506271362305,-1.662703215486235,0.709266892741294,0.15812282264232635,0.3111979067325592,0.5487849712371826,0.6666666865348816
-0.708498627146145,-0.5002763271331787,0.6895633339881897,1.0011656012339094,-0.14875315252796872,2.741067131800457,2.064074155779353,0.23866807514355573,0.2828202545642853,-0.5626421244276947,-0.5474730730056763,0.3333333432674408
4.3841540457886365,3.190926355933101,2.311032681212667,-0.4009524337500725,0.7530244073881702,-1.0127942562103271,-1.4901677801054305,1.805468292573184,-0.6524105072021484,0.9838826657140387,0.3477226676949964,0.3333333432674408
0.29134732484817505,-0.39660138028395625,0.6895633339881897,-0.6998776793479919,-0.2902892827987671,-0.731937825679779,-0.25580686617838794,-0.46606054159445454,0.5945638418197632,0.306326951044796,0.450751720308989,0.6666666865348816
-0.01176275685429573,-1.3398990338389738,0.8254672884941101,-0.833204448223114,-0.45071019465833934,-0.6195952296257019,0.19436465744768947,-0.9128632413136815,-0.028923334553837776,0.3111979067325592,0.7787177159049506,0.5
0.1397922784090042,-0.6785839796066284,-0.05790869891643524,2.6889016240581705,-0.2859718479299528,1.8253612324610355,1.8116120770834552,1.7142903779653615,-1.403728416820778,-0.46372335044381163,-1.4750760793685913,0.5
1.4573275821140685,-0.0019999664003025677,1.4255805241798605,-0.6554354429244995,3.1259830855999042,-1.438576026833897,-1.823580414113452,1.1572386144272133,0.2204715460538864,0.7172011345778279,-0.224677323185899,0.5
0.06401476263999939,0.9741912534112753,-0.7012851699854851,0.18695295404746745,1.6787883819799703,-0.8000487852582239,-0.9770896596560849,0.6901540931823654,-0.15362077951431274,-0.49019855260849,-0.041507821530103683,0.5
0.5186799168586731,-0.8568916916847229,-0.12586070597171783,0.5096106716503763,-0.04613102599978447,-0.1553248963709628,0.37604199200623883,0.9161056630101952,0.033425383269786835,0.9790282845497131,-1.2220934629440308,0.5
-0.39065036177635193,-0.3219686448574066,1.1652272939682007,0.9196146901095182,-0.2902892827987671,2.6803180113047174,1.9928440006893413,0.6629313641912117,-0.9018054008483887,-0.7627550660042015,-1.2220934629440308,0.3333333432674408
-0.3148728311061859,0.15351851284503937,-0.19649352239417256,0.3824491857824982,0.1231828536624698,0.058437690371328115,1.446187992029896,0.5202156970509654,-0.34066691994667053,0.7580375921588719,-0.631800651550293,0.3333333432674408
2.667203818417486,0.644747427668656,0.8044930773757348,0.3683793573023998,1.0283932521642318,-0.3949100971221924,-0.041371042868408536,1.7614404817653364,-1.6561184637889588,0.5783300399780273,-0.631800651550293,0.21074609336327949
-0.5422053933143616,1.8734520770032386,-2.1644208431243896,-0.8554255366325378,-0.7786058187484741,-0.7701322106779857,-1.3315515209131847,-0.8955315063576292,0.4075177013874054,0.4447639584541321,-0.1258353590965271,0.5
-1.4625496794476796,-1.4297873332708473,-0.12586070597171783,0.5231378095825581,-0.48588556118838094,0.7846868634223938,0.007852779002005324,-0.061478190035398304,0.8439587354660034,-0.6905476450920105,-0.19561202558340063,0.6666666865348816
-0.7132354426877057,-1.2361893790357434,0.3061638384741808,-0.9053384084984675,-0.6429623365402222,-0.45108139514923096,-0.4900183080802166,-1.564225837582051,-0.6988641275380952,-0.24193297181459206,0.7668629915471301,0.5
0.5944573879241943,2.215462465667476,0.21389929950237274,0.3603098770711849,1.093158198214612,-0.9492243408613853,-0.4965304141000168,1.738077556553887,1.4121974964284267,0.04406575486063957,-1.4750760793685913,1.2938513249763847e-05
3.1270483672365694,-0.2625327408313751,0.010043300688266754,1.859616112888467,-0.49129342248055663,1.4707868750093416,2.0124835283633273,0.9856307420854165,-1.151200294494629,-1.0244628190994263,0.9607104130327861,0.5
-0.6179829239845276,-1.2834051871742014,-0.2617647051811218,0.4485303806119683,-0.15447787446714714,-0.5072526931762695,0.09969897215543926,-0.715408276092864,-1.151200294494629,-0.7573306560516357,0.3801299035549164,0.5
-0.39065036177635193,0.15351851284503937,-0.4656206965446472,0.284664774697315,-0.0075829249717275764,-0.22639626264572144,0.08500970981886134,0.17127382380978132,0.34516897797584534,-0.49019855260849,-0.46314552426338196,0.3333333432674408
0.42901595946833426,0.5101338624954224,0.010043300688266754,-0.5538765533680111,0.9693512952958182,1.4208859395498887,-0.2452713815523691,1.5710269862305195,2.718376285842965,1.4879126186332174,-0.631800651550293,0.3333333432674408
-1.0492457504004662,-0.3814045190811157,-0.6593209242238028,0.547333236508297,-0.42593276500701904,1.59984987324712,1.4467631099217302,0.5494431829507442,0.5868306084186858,-1.1580289602279663,-1.2220934629440308,0.5
0.06401476263999939,0.21295440196990967,-0.9879132273744604,-0.4028365697035937,0.3669180604324703,0.2229740172624588,0.5062289864938856,0.46026910199735366,0.0957741066813469,0.17763182520866394,-0.9691107869148254,0.3333333432674408
0.5186799168586731,-1.094635248184204,-0.2617647051811218,-0.34553964309283686,0.096018282825031,-0.22639626264572144,-0.48046292166403504,0.32745427701788715,-1.2619749990207958,-0.7573306560516357,-1.137765884399414,0.3333333432674408
-0.5422053933143616,-0.8568916916847229,-0.2617647051811218,-0.766541063785553,-0.39880406856536865,1.309075027438499,0.3952283242348222,-0.7342157136691543,1.0933536291122437,0.3801606901490379,-0.19630613763078117,0.3333333432674408
0.5535931980034737,0.38296579840892603,-0.37442457946329943,-0.6332142949104309,1.362917264692871,-0.7133027229279753,-0.6564429471666063,1.079816417803503,0.7192612886428833,1.2954649088049563,-1.0534383058547974,0.5
1.459195387287602,-0.7974557876586914,0.03397778441183482,-0.7390893234486298,-0.4867158871554058,-0.8442803621292114,-0.6970576388926094,-0.6629747493088171,-0.9225954716700068,-0.5569815635681152,0.7174400687217712,0.3333333432674408
-1.072648048400879,0.33182618021965027,0.07799530029296875,-0.6903663400453056,-0.45306146144866943,0.5038304328918457,-0.26692790842795444,-1.663646463674846,0.15585342232739544,0.17763182520866394,1.5607155561447144,0.6666666865348816
0.9406732177750046,0.21295440196990967,1.1652272939682007,-0.6109932065010071,3.4879067665553927,-0.6195952296257019,-0.8427244683315268,1.0933151162394286,0.15812282264232635,0.9790282845497131,-0.8004556894302368,0.5
0.1397922784090042,-1.064207323341033,0.4857073128223419,-0.8776466846466064,-0.0567705008219756,-0.9406201836511874,-0.36897987168946905,-0.617795199967599,0.18118600269607615,0.7118961215019226,0.3157189325087408,0.5
-0.8453154563903809,0.23018673427427816,-0.5008627293365265,-0.04957337660437154,-0.8328632116317749,-0.22639626264572144,0.38500391184938226,-0.9677845671278269,0.5945638418197632,0.17763182520866394,1.1390777826309204,0.6666666865348816
-1.224203109741211,-0.2625327408313751,-0.4656206965446472,0.859151551592104,-0.4801901578903198,0.6723442673683167,0.8381910641824319,0.22220557417015627,0.8439587354660034,-0.49019855260849,0.003810584316484726,0.3333333432674408
-0.9968705177307129,-0.5002763271331787,-0.4656206965446472,-0.6332142949104309,-0.2902892827987671,-0.2825675308704376,0.032974026186967105,-1.359690406436907,2.5731623965457704,0.429878090666216,1.4776022425969355,0.6666666865348816
-0.3148728311061859,-0.20309685170650482,0.8934193253517151,1.6631066171002986,-0.3174179792404175,-0.33737502814868797,0.8455876804274652,1.0159528522113987,-0.4165514790200598,0.24441486597061157,-0.631800651550293,0.3333333432674408
-0.6937604546546936,-0.6191481351852417,0.27241177001624284,-0.41355295116189694,-0.5749431394806397,-0.6824035591951625,-0.2560203943162714,-1.3006267271064629,1.0690197003329098,0.5783300399780273,1.6450430154800415,0.5
-0.39065036177635193,-0.9757634997367859,1.1652272939682007,2.7880614939455657,-0.12556339395094873,1.6973972463872429,0.8990730200142775,1.7202171396074013,1.3015921293517962,0.24441486597061157,-0.46314552426338196,0.5
-0.08754027634859085,-0.8568916916847229,0.28185129165649414,0.7804075740800519,-0.613716931283115,-0.2825675308704376,0.21578997817899578,-0.07514841069526154,0.5322151184082031,0.12026696763958214,0.3801299035549164,0.8333333134651184
-0.46642789244651794,0.33182618021965027,2.341347266421695,0.7748458150991547,-0.42593276500701904,-1.0689655542373657,0.5093591046997418,-0.44445607156430683,0.033425383269786835,-1.1528935851839897,1.0547502040863037,0.3333333432674408
-0.7695379853248596,0.09408261626958847,-0.154186297368699,-0.4079154221834885,-0.8328632116317749,0.7846868634223938,1.0480344567912874,-1.7338042485769258,0.3599907351427439,-1.1700898529137862,1.9332409360294438,0.6666666865348816
0.36712485551834106,-0.9757634997367859,0.9776067301205541,-0.5665509104728699,-0.5473064644247247,-0.5634239912033081,-0.2497584302208879,-0.3062157804294186,-0.028923334553837776,-0.13232155990963623,0.12714727222919464,0.5
-0.8280882802304421,-0.6785839796066284,-0.19224573555699775,1.9948285643639576,-0.4226786220539199,1.1217145919799805,0.7121518966166509,1.06389367073308,-0.028923334553837776,-0.2898494303226471,-1.1504439026737239,0.5
-0.8453154563903809,1.4771687959180848,-1.451828394730561,-0.6998776793479919,0.7613874763724399,-1.1251368522644043,-0.578776826590036,1.0413701781443276,4.781429773521522,0.7118961215019226,-0.8847832679748535,0.3333333432674408
-0.9210929870605469,1.1713427101353833,-1.3449148963675968,-0.6554354429244995,-0.2360319048166275,-0.2895327502502205,-1.5093816815624534,0.14969675826317655,2.053755260567396,0.37798094749450684,-0.1258353590965271,0.6666666865348816
0.7265740325041411,0.33182618021965027,1.1652272939682007,-0.49386520139257173,0.46097461816614715,-0.8442803621292114,-1.372719813805321,0.8789960552325528,1.4733993064477104,1.1057340823831836,0.059386934297520885,0.6666666865348816
0.5944573879241943,3.4948088813828013,-1.291040605613875,-0.4292639903630724,0.8860371793735464,-0.17022497951984406,-0.4814961878696304,1.2495433052020144,1.6188240154707159,-0.2898494303226471,-0.631800651550293,0.3333333432674408
-0.2390953153371811,-0.3469983828700849,-0.2617647051811218,-0.6109932065010071,-0.18177451193332672,-0.3949100971221924,0.548776860431363,-0.3992182005442172,0.0957741066813469,-0.3367246401279868,-0.5474730730056763,0.3333333432674408
1.8976565644704846,0.6353694951640518,2.3089091485751676,-0.6776565313339233,0.8367928320514103,-1.0689655542373657,-1.052767765693792,1.0368823513360037,-0.34066691994667053,0.6682249088902227,-0.46314552426338196,0.3333333432674408
-0.6495320067824711,1.7161620633516124,-1.5265361581906736,-0.6109932065010071,-0.15464581549167633,-0.6757665276527405,-0.2958216312332304,-1.0516316951973035,0.9686561822891235,1.447679300145948,2.203124866297907,0.6666666865348816
0.49603505601580394,-0.08422506600618362,-0.2617647051811218,-0.07902927519915198,-0.12751711905002594,-0.10149441935937603,-0.752030629312273,-0.26601179483795206,0.19444358263585934,1.9711904370707436,1.3879524891722543,0.7267046555815349
-0.3148728311061859,1.005343156413718,0.5536593198776245,1.4131329071155672,0.12358360889526364,0.5211683423849413,3.7159977153999475,1.0888071434918727,-0.4030156433582306,0.1956924174328147,-1.306420922279358,0.3333333432674408
-0.6937604546546936,-0.5002763271331787,0.2147553938021038,-0.6997325910128965,-0.34454667568206787,0.16680273413658142,0.37511418662446244,-1.2492377668931682,-0.2783181965351105,-0.06952170845401973,0.3801299035549164,0.5
-0.7695379853248596,-0.9757634997367859,0.07799530029296875,0.7221946052527496,-0.8328632116317749,-0.0578824058175087,-0.5151670055166098,-0.2973852350079628,-0.7147592306137085,1.8096826877604044,0.035619453991894895,0.8149465990777652
0.2417908882481828,-1.0351994037628174,0.07799530029296875,-0.8554255366325378,0.062383756041526794,-0.6195952296257019,-1.2491901669133125,-0.3402282442388027,1.120502810762637,-1.061314409273238,-0.2101629078388214,0.5
-1.4349851699446312,-0.08422506600618362,-0.5424410049111483,1.591751896827048,-0.45306146144866943,1.485577406909982,1.094829855320109,0.9664435070296601,0.22578217683585233,-0.051352485201195015,-1.137765884399414,0.3333333432674408
0.6702349185943604,1.4915087869135664,-0.6694766879081726,-0.6332142949104309,0.7232887401976535,-0.7881091237068176,-0.7453532731597959,1.4293401281126017,1.3450890863971592,1.0972098461703803,-0.7161281704902649,0.3333333432674408
-0.5422053933143616,-0.5002763271331787,-0.2617647051811218,1.3530816670210082,-0.6087265789248155,1.5420720423617325,0.9885092342423122,-0.03215975099812997,-0.6524105072021484,-0.27393813186398097,0.7526375527351692,0.6666666865348816
0.5186799168586731,0.9727592394639676,0.010043300688266754,-0.6998776793479919,-0.12751711905002594,-1.4059932231903076,-1.7671915184120615,0.2552295863229649,0.8104887703015613,0.8418765503004911,0.3807593049259282,0.6666666865348816
0.9589529384769931,0.0798031142344858,1.7069181170140824,-0.7443199157714844,1.050462241853964,0.7692960149189101,-0.12450505384415854,0.7384072063690422,-0.629812985611366,0.011936602190758372,-1.5886940319031848,0.3333333432674408
2.151983535116833,1.276954896914536,1.2146179912274495,-0.6336656720115991,0.5932193433865955,-0.38742578376582365,-0.3336981674244735,1.0901522613413024,-0.46536436676979065,2.080710307937594,-0.050765424647863086,0.5
-0.4435117351175921,-0.5597122311592102,0.6895633339881897,0.0032372173202420106,-0.7518944485827269,-0.5634239912033081,-0.8245136229229219,-0.8553181886672974,-0.5277130603790283,-1.2251903583022692,0.936444992836838,0.5
-0.2061980814397621,-0.14366096258163452,1.3775467304320892,0.6153087541861705,-0.34454667568206787,0.6844064228915671,1.594160451652596,1.1205332101293943,1.4540123078792928,-0.0895003229379654,-0.9691107869148254,0.5
0.21556980907917023,0.27239030599594116,0.41440733120219186,-0.4790978424384318,-0.3905146038350881,-0.2825675308704376,0.5048896491740521,-0.18736737405281303,0.33700798055494563,-0.22306638956069946,0.5487849712371826,0.3895622829972619
-0.16331779956817627,-0.36565237972113473,-1.4055406186305426,0.639310088383856,-0.2360319048166275,0.9292134511287692,0.8695633212309384,0.10356390601656908,-1.0265028476715088,-0.0895003229379654,-0.37881800532341003,0.5
-0.39065036177635193,-1.213507056236267,0.07799530029296875,-0.8109833002090454,-0.5344475507736206,0.16680273413658142,-0.23389557394727534,-0.9481579882921815,0.8439587354660034,0.04406575486063957,0.3801299035549164,0.5
5.563516696878876,1.8605911636068218,2.5250805463493378,-0.4998875558376312,0.6429602479512238,-1.0689655542373657,-1.5333284603034265,2.043194537040104,-1.032049452329943,0.24441486597061157,0.04281972348690033,0.6666666865348816
0.1397922784090042,-0.6191481351852417,0.010043300688266754,-0.8659762058886887,-0.48688134410369555,-0.0578824058175087,-0.39383445865800326,-1.791975731837748,-1.5758533862290471,0.4447639584541321,1.9943841866631087,0.5
-0.6937604546546936,-0.5002763271331787,0.43096747617208075,0.26327102832715155,-0.08087509680515358,0.26619684783459824,0.7805522189755557,0.3735806282419286,0.8439587354660034,-0.22306638956069946,-0.8847832679748535,0.5
2.5642193873183974,0.6370205660224817,-0.04104749189731405,-0.6332142949104309,1.5599684146400048,-0.45108139514923096,-1.5444609343476743,1.2308151724114733,-1.1235237146398172,5.785906015073033,-0.1258353590965271,0.3333333432674408
-0.3148728311061859,1.2810829155983985,-0.5335727334022522,0.397203745197786,0.4519473708912668,-0.6195952296257019,-1.3846840187869427,0.8378810450274976,1.27464708972204,1.039799397752517,0.7174400687217712,0.5
-0.9210929870605469,-0.23000140963464105,-0.9496222462747745,-0.8554255366325378,-0.37167537212371826,-0.0017111222259700298,0.8255481830912618,-0.870307325095467,-0.7801364775176833,-0.957679808139801,-0.8847832679748535,0.5
0.5186799168586731,-0.3814045190811157,0.28363795355984667,-0.019201739634848128,-0.7088940369403763,-0.17022497951984406,0.2312952658414194,-0.9500994771536578,-2.087820777059132,-0.8726934071190535,1.3318680888685734,0.5
0.21556980907917023,1.83436574178211,-2.1644208431243896,-0.6372100315039589,2.3570949039257534,-1.042808172506664,-1.621756364399614,1.1490936901684743,0.5322151184082031,1.572631469857356,-1.0534383058547974,0.3333333432674408
-0.16331779956817627,1.421485177051063,-0.2617647051811218,-0.22316633979548717,-0.766690888949188,-0.5634239912033081,-0.36802120560066554,-1.6573997677169408,-1.3216807961367796,-1.282628311205201,1.6450430154800415,0.5
0.21556980907917023,1.5485195783115635,-1.88722657963058,-0.6332142949104309,1.3868841953299098,-0.8333175273707835,-1.267581464750758,0.9343279541850554,0.31267936227618365,0.557561129404317,-1.0534383058547974,0.5
-0.7834638679966408,-0.5002763271331787,-0.45333856699444663,0.8982632661576065,-0.2631605863571167,-1.012675302456965,0.01683619485149316,0.2127550267466907,-0.2783181965351105,-0.5569815635681152,-0.37881800532341003,0.22690402412375393
0.29134732484817505,1.08468737461518,-2.0819758075489663,-0.6776565313339233,0.6997949951398437,-0.3471812727744633,-1.59420297329532,0.6529652645694562,0.5123645169526136,-0.02271728403866291,-0.631800651550293,0.3333333432674408
-0.2390953153371811,0.6826328719175682,-2.1644208431243896,-0.9152841168999609,-0.5073188543319702,-0.2825675308704376,-0.8852063857710335,-0.519102752303777,-0.4030156433582306,-0.8241137266159058,-1.153195716055259,0.3333333432674408
-2.4737916907358337,-0.6785839796066284,-1.1775910834020646,-0.8998677730560303,-0.6632743873730906,0.5038304328918457,-0.4795934808885589,-1.8954027779563039,0.7192612886428833,-0.7573306560516357,1.6339065974168192,0.5
-0.6179829239845276,-0.8568916916847229,0.4857073128223419,1.40830402266173,-0.561576247215271,0.9532006978988647,1.2694667812544616,0.4372413752814962,-1.038025949223659,-0.4205498412197739,-0.9691107869148254,0.5
0.5944573879241943,-0.8444211365582618,-0.2617647051811218,-0.7887621521949768,-0.7601549049509644,0.9532006978988647,0.5970734693669277,-0.6244383276284122,-0.4030156433582306,-0.9175411442082353,-0.1258353590965271,0.5
-0.46642789244651794,-0.5597122311592102,2.6949969363354658,2.787592524024068,-0.2631605863571167,1.1711681385541284,1.2381084001835916,1.762709660314311,-0.9641541242599487,0.4447639584541321,-1.520315395982016,0.5
-0.16331779956817627,1.830265924930305,-1.6673689410109,-0.5693052067347689,0.453653276030824,0.05446016043424606,-0.4346463607482977,0.22006986627583036,0.5088197203931532,1.0670532845103644,-0.1258353590965271,0.5
-0.9968705177307129,-0.024789171293377876,1.0982541219319393,0.6718345988763319,-0.01900232955813408,1.042199456147578,1.2120480239054585,0.8545909097933533,1.3310850655533553,-0.0895003229379654,-1.4750760793685913,0.3333333432674408
1.3091402462079738,6.38200449301184,-2.1644208431243896,-0.36984751538369426,0.3595622874322692,-1.2936506271362305,-1.5621496276620288,1.2181001429025506,1.6992101364931036,-0.2898494303226471,0.21147480607032776,0.21185487102188477
0.21556980907917023,1.4300297718903068,1.1652272939682007,-0.14432576760726193,-0.6429623365402222,-0.23284816908639835,-0.06421654006665353,-1.058514965941869,-1.4514359442611877,-1.459986554923512,1.7827045643538533,0.6666666865348816
0.21556980907917023,-0.7380198836326599,0.6730366809771428,-0.8202190928857064,-0.5036316617184069,0.29683563806663366,-0.07752935182267162,-1.4437759828671632,-1.204873311812356,-0.22306638956069946,1.3233884196528536,0.43823062737552604
-0.6179829239845276,-0.20309685170650482,-0.7275135105755466,-0.544329822063446,-0.15464581549167633,-0.9566229581832886,-0.22571465684758676,-1.0973317087547865,-0.2783181965351105,-0.890896737575531,0.5487849712371826,0.5
-0.421473179961378,-0.7974557876586914,-0.19381269812583923,0.29166412105761885,-0.29062152053087864,0.22393666598463918,0.5282867506461835,0.2836842476136305,-0.34066691994667053,0.4447639584541321,-0.9691107869148254,0.5
-0.3148728311061859,-0.20309685170650482,-0.03223222144639381,-0.7475581418944545,-0.6292788464779071,0.16680273413658142,-0.32056659052751,-1.7775681125405438,-0.8967750855014595,0.5115470290184021,1.7497246730349778,0.5
-0.46642789244651794,-0.9163275957107544,-0.5335727334022522,1.655278736471084,-0.4207052129289067,0.5759731204210989,0.6054463566844318,0.6939546904602458,-0.2783181965351105,-0.835951674938816,-0.7161281704902649,0.3333333432674408
-0.3148728311061859,-0.024789171293377876,-0.8114158781041603,0.784893572927022,-0.01900232955813408,-0.17022497951984406,1.0083594083179608,0.7842074782102553,-0.5277130603790283,-0.2898494303226471,-1.2947898863619518,0.5
0.21556980907917023,1.2124044160630691,-0.8189226618639772,-0.6998776793479919,0.43497955550093986,-0.7987884100047725,-1.4101481310502384,1.2521923009003595,1.378012391202565,1.3269137109951814,-1.1310047007337534,0.5
-0.1583262452236027,0.7946006841028884,-0.8147632014561855,1.7742119736102755,0.09502673880304673,1.3675368513384065,1.0364240321488878,1.0605893702940985,-1.213549017906189,-0.02271728403866291,-1.3690080541383944,0.3333333432674408
-0.01176275685429573,-1.094635248184204,0.6894080627983338,-0.7887621521949768,-0.04859458715612826,-0.1502489099090603,-0.6631584656120719,-1.4505157006914307,-1.1604471523934137,-0.957679808139801,1.0547502040863037,0.5
-0.39065036177635193,-0.3219686448574066,0.21389929950237274,-0.6554354429244995,0.14501727861096267,-0.731937825679779,-0.27702931068470094,-1.1958234883131995,-0.8331725060802183,0.966969638536862,0.5487849712371826,0.5
-0.6937604546546936,-0.7974557876586914,-0.2617647051811218,0.3562300854009083,-0.39100596189558356,1.9174320296851164,4.773029581992696,0.2566888606932815,0.15812282264232635,-0.5386626093213852,-0.9138842094976956,0.5
5.24765435346721,-0.20309685170650482,1.6507320713191196,-0.7165641145313197,0.24906793671132477,-0.6757665276527405,-1.5059789821561986,1.5670556117696437,-0.6260077496802318,3.9610003697265097,-0.37881800532341003,0.6666666865348816
-0.5422053933143616,0.018350494350905106,0.6895633339881897,-0.6998776793479919,2.1620173150303663,1.065543293952942,1.492782806760469,-0.004810370366606552,-0.34066691994667053,0.728388872767031,-0.9691107869148254,0.5
-0.2390953153371811,1.7553650819450215,-2.1644208431243896,-0.544329822063446,0.71910921579274,-1.349821925163269,-1.810581777864079,0.07919648428108454,1.505964949592541,-0.02271728403866291,0.3801299035549164,0.1666666716337204
-0.7695379853248596,0.079946223075275,-1.6097843095019662,0.07557642353491131,-0.2631605863571167,0.8867352673574953,0.4721883446499779,0.17566038935398073,0.2204715460538864,-0.49019855260849,-1.137765884399414,0.3333333432674408
-0.3148728311061859,-1.094635248184204,0.14594730734825134,2.4152139737204483,-0.4594936112833415,0.943863793380263,0.31161322891931065,1.0064461000387142,-0.7771079540252686,0.24441486597061157,-0.2101629078388214,0.6666666865348816
-0.9986946350995752,-0.1514467583709971,-0.7989741131549202,1.09428991245965,-0.36098408013201194,1.2794930705059422,1.8182058162693322,0.6908891947041453,0.4098689014411035,-0.6237646341323853,-1.3400874432980698,0.3333333432674408
-0.5422053933143616,-0.4408404231071472,-1.0857022357367483,-0.02095039924914393,-0.2360319048166275,0.09216667198401954,0.2790592322268168,-0.24837701811043822,0.2204715460538864,-0.6237646341323853,-0.041507821530103683,0.5
1.341905761282563,-0.024789171293377876,1.1652272939682007,-0.544329822063446,0.8171529870837531,-1.181155993002407,-1.6736512407347977,0.5627701249837435,0.15812282264232635,1.4377056829835246,1.0547502040863037,0.5
1.7347187481908504,0.5931770246184457,0.07799530029296875,0.2017878772606702,0.7732288933594705,0.07554443394032156,-0.2899118011481986,1.2687989276858291,0.4075177013874054,1.2904145357938608,1.1390777826309204,0.6666666865348816
3.403648765351338,-0.6191481351852417,0.7063476366080591,-0.8511692684798955,0.1134771763415726,-1.1251368522644043,-1.6616284623004578,1.2088608036913187,-0.7029671476218415,1.929228526519659,-0.6780071590594581,0.5
0.5186799168586731,-0.20307448464839006,0.010043300688266754,-0.7220988273620605,0.6351420958275565,0.9532006978988647,0.5817926643630145,-0.22249054794478376,-0.9018054008483887,-0.0895003229379654,-0.631800651550293,0.3333333432674408
0.20201819954922406,-0.8568916916847229,-0.6015247106552124,-0.7443199157714844,-0.2360319048166275,0.2229740172624588,0.8146124709257905,-0.5206927917368829,-0.2783181965351105,-0.3566324710845947,-0.041507821530103683,0.5
-0.7695379853248596,-0.2625327408313751,0.21389929950237274,0.2917426160412056,-0.8042409377276142,-0.6757665276527405,0.2807429865919184,-0.1230318064267818,-0.2783181965351105,-1.1132243190242552,-0.5474730730056763,0.5
-0.45306336659825686,-0.14366096258163452,-0.4656206965446472,-0.6776565313339233,-0.9764929894898995,-0.8442803621292114,-0.5168314564561262,-1.4653857483871944,-0.3546447241988597,-0.49019855260849,1.4572589461901064,0.5
-0.7695379853248596,-0.5002763271331787,0.4636793178798317,0.3672017979416821,-0.2360319048166275,-0.3183028570992325,0.49121662419080814,-1.0009948944475393,-0.17816026343475214,-0.0895003229379654,1.1868012537757846,0.5
0.4429023563861847,0.3921677860720264,-0.5335727334022522,-0.7917836960013342,0.2122623414603577,-1.4084416424170798,-1.6790176308290121,0.9688230326693075,0.0957741066813469,2.291938584558668,-1.137765884399414,0.5
0.30191659425072226,-0.2625327408313751,-0.19381269812583923,0.5612829186308032,-0.6429623365402222,1.2897963027473156,1.7566505676014816,0.22476886826412293,-0.5049855819456598,0.4447639584541321,-0.3868818618972649,0.6666666865348816
0.1397922784090042,-0.4408404231071472,0.6561520391601596,-0.7443199157714844,0.6000642341620911,0.11063144356012344,0.8579509714151605,-0.31077917580791836,0.2828202545642853,-0.6237646341323853,-0.20766879231000288,0.3333333432674408
1.0210258289267862,2.505371996093982,-1.0526968015183251,-0.6848799803946068,0.5838214324107935,-1.237479329109192,-1.644301301546869,0.6897102734652129,0.6078790513387042,0.15096267524568727,-0.7161281704902649,0.2957505112007987
-0.24960870560939968,-0.2707598714451647,-0.2617647051811218,0.8610699679532852,-0.37167537212371826,1.6596510967962812,1.333891507344745,0.3891930139235469,-0.4030156433582306,0.04406575486063957,-0.8847832679748535,0.5
-2.58819842338562,7.036904630452099,9.11561107635498,-0.9887523055076599,15.037424087524414,1.1217145919799805,-1.9040244782677684,-2.504413366317749,-3.1463592052459717,9.794388771057129,-2.1496963500976562,0.0
-0.46642789244651794,-0.7380198836326599,1.3133739157940398,-0.5230972297348824,-0.37167537212371826,1.4005627430202217,0.4968879242872018,-0.23263498963494278,-0.15362077951431274,-0.2898494303226471,0.32014523831792674,0.5
-0.9210929870605469,-0.6785839796066284,-0.19381269812583923,0.36446751595040794,-0.18177451193332672,0.2229740172624588,0.70458505386379,0.2229689036371403,0.7739583098126815,-0.27084086248670297,-0.9248592064947203,0.3333333432674408
4.660217489989045,0.03464672341942787,2.240233449243532,-0.41941782333994365,0.7684230361023625,-1.021566131734878,-1.437114422546861,1.993932453660011,-0.028923334553837776,0.9886499325542215,-0.8847832679748535,0.6666666865348816
1.3251835977435464,0.3190347837397902,-0.4298202482086837,-0.6332142949104309,0.17216629955246968,-1.1813081502914429,-1.651631319189146,1.033216118812561,0.7557075344348716,2.0561364327537626,-0.1258353590965271,0.6666666865348816
-0.8453154563903809,0.5101338624954224,-0.397668719291687,-0.5355102960656146,0.6985727867853225,0.8927951250078431,-1.1354527325000916,-0.1858600840618414,2.088551303750163,2.6990005112532724,1.5607155561447144,0.6666666865348816
0.21556980907917023,-0.6785839796066284,0.21389929950237274,2.151913049052854,-0.34454667568206787,1.065543293952942,1.0801165857346404,1.3988414291284565,-0.9302255145340019,-0.2898494303226471,-1.548649191611972,0.5
0.21556980907917023,0.1358909677257718,-0.4656206965446472,-0.7220988273620605,-0.1149398154166236,-1.1183342256135451,0.16982002849208006,0.10078601328665449,0.3903792962818528,0.31758308415316894,-0.2944904565811157,0.5
0.21489241387146493,-0.4408404231071472,-0.19381269812583923,0.2503969075938597,-0.2902892827987671,1.592285319860442,1.4595033545805352,-0.612762686403125,-0.6524105072021484,-0.6237646341323853,-0.2101629078388214,0.3333333432674408
-0.7695379853248596,-0.20309685170650482,-0.2617647051811218,-0.8554255366325378,-0.3806137057175484,0.9027253760001949,0.7819609831889897,-0.3647413977231575,0.46986642479896545,-0.2670986940981145,-1.137765884399414,0.3333333432674408
-0.6179829239845276,1.674437749333432,-1.6468223886583129,-0.8109833002090454,-0.5344475507736206,-1.1251368522644043,-1.62711715142387,-0.4609490282752981,1.6790934957833297,0.4797151012777539,0.5275273302730654,0.3333333432674408
0.06401476263999939,-0.20309685170650482,0.40594518814896496,-0.7708393511614068,-0.7651360884298019,0.6723442673683167,0.5137602278005524,-1.5733401736906139,-0.46536436676979065,-1.2915949821472168,1.813698172569275,0.5608258404072826
-1.072648048400879,-0.9161571195838174,1.1652272939682007,-0.08895995790378493,-0.2631605863571167,1.4765480370254846,0.9420031728278154,-0.47246879974462563,-0.15362077951431274,-1.089265105085868,-0.7161281704902649,0.3333333432674408
0.06401476263999939,-1.213507056236267,1.0293233394622803,2.107056709087338,0.48941380998489986,1.2893199535622877,0.14057455598880103,1.6865539869257573,-0.6524105072021484,-1.2453454433648934,-1.763430337665994,0.3333333432674408
-0.7831344754324944,0.5101338624954224,0.07799530029296875,-0.4008398286166841,-0.6440164291885383,0.33531656861305237,-0.20893765501262967,-1.5450362241198572,0.033425383269786835,-0.04383334434189189,1.813698172569275,0.5
-0.2390953153371811,-0.3219686448574066,0.21389929950237274,-0.08628014663263432,-0.6780149744706815,-0.05785245823146994,0.03613901013491178,-1.1957208590168036,-0.3072154139995702,0.5115470290184021,1.3369097054382235,0.8333333134651184
-0.46642789244651794,-0.7380198836326599,0.8254672884941101,-0.4998875558376312,-0.34454667568206787,0.2229740172624588,0.7254907841968637,-1.452274672609974,-0.7147592306137085,-0.49019855260849,1.5607155561447144,0.5
1.7902330334431387,-0.928454117495919,0.8662465636452347,-0.11833359399122442,-0.3174179792404175,-1.1813081502914429,-0.041142391285503926,-0.31668946833929573,-2.5425081216632206,0.17763182520866394,1.223405361175537,0.5
-0.39065036177635193,-0.5002763271331787,-0.5335727334022522,5.360380400431318,-0.2689622925950629,-0.05576424849590517,0.5536844514009283,3.4673837843800994,-0.46536436676979065,-0.7573306560516357,-1.559403657913208,0.3333333432674408
-0.39065036177635193,-1.1787824808040899,-0.19381269812583923,2.4255228582975654,-0.3174179792404175,-1.3245535386432215,-0.5397412901897694,0.8456986736324091,-0.7095195761570607,-0.7573306560516357,0.04281972348690033,0.5
-0.3148728311061859,-0.5597122311592102,-0.12586070597171783,1.4863351494320884,-0.5344475507736206,0.8770367582636243,0.2752856771655662,-0.2863020077470812,-1.0670857811405297,0.5680776362841756,1.240827313071996,0.8333333134651184
-0.6698441382370526,-0.044305050171700104,0.28185129165649414,1.1734752685920506,-0.37167537212371826,0.7846868634223938,1.5672228126024086,0.7868159193909214,-0.028923334553837776,0.3111979067325592,-0.9717000624829905,0.3333333432674408
-1.148425579071045,-1.2851503867106122,0.4797771805237584,-0.8180193831924211,0.3524180025049491,0.8866988797194282,-0.11950255652257712,-1.3173846548474042,0.0957741066813469,-0.49019855260849,0.7474092256597636,0.5
-0.7695379853248596,0.7202576739369758,-0.8332529029722482,0.4067730211551692,-0.29083718616256954,0.8641651296598725,1.495884990641276,0.15603694121716877,0.0957741066813469,1.1976938541966713,-0.35751006713573996,0.4809192261308337
-0.6179829239845276,0.6512486344140572,-0.7878352551966322,-0.6684564675351788,0.5089570469120586,-1.1813081502914429,-1.5133219609077073,0.7150771356840442,2.24327369485326,1.2463942138506312,-0.2101629078388214,0.3333333432674408
-0.39065036177635193,-0.3219686448574066,-0.3297167122364044,2.1104816101126023,-0.2360319048166275,-0.5634239912033081,0.10597190880760715,0.5622135099868543,-0.34066691994667053,-0.3973215804433223,0.1990074327417217,0.3333333432674408
-0.8453154563903809,-0.6191481351852417,0.7268036865203584,-0.3824251315659934,-0.6948307423837871,0.7494116327953354,1.1715456229918138,-0.8274534564720752,-0.4846996012454889,-0.8241137266159058,0.21147480607032776,0.3333333432674408
0.06401476263999939,2.3232716822498185,-2.1644208431243896,-0.4998875558376312,1.517474870433726,-0.5634239912033081,-1.0551926278627508,1.5562916813120906,2.0149087064296207,-0.15628336369991302,-0.8004556894302368,0.3333333432674408
-0.33005802166057013,-0.3814045190811157,-0.397668719291687,0.4125679553571939,-0.06136693877603189,0.2229740172624588,1.2319021683323512,0.48656494622723145,-0.2159694880247116,0.331195211586196,-1.306420922279358,0.5
-1.0561605407988321,-0.024789171293377876,-0.05790869891643524,-0.38630618231543784,-0.34454667568206787,0.6723442673683167,0.9537395111255595,-0.7190506475377902,0.2204715460538864,-0.2898494303226471,-0.041507821530103683,0.5
-0.08754027634859085,0.417025714129148,-0.5335727334022522,1.0004586584735775,1.0236295026258013,-0.90045166015625,0.07636566187841612,0.5820413568320301,-1.034510884978083,-0.957679808139801,-0.8847832679748535,0.5
-0.01176275685429573,1.317150518545914,-1.5475576705131873,-0.6742780147437412,-0.0032132649986390364,-1.0013904512135159,-1.3775772287219665,0.8983207941055298,1.2322327904170636,1.915864375120568,-1.0534383058547974,0.3333333432674408
-1.4041748424618645,2.014037272510861,-2.1644208431243896,-0.5665509104728699,0.7688884094080565,-0.015483693415920603,-1.2657078835350069,-0.2564176089888746,2.362340471845049,0.8137980619665612,1.6450430154800415,0.5
-0.16331779956817627,1.839575226418331,-0.8053807020187378,-0.6554354429244995,0.8515509646010332,-0.8442803621292114,-1.2325872724015619,0.9999322649538628,1.1238866196417954,0.5115470290184021,-0.4499647659806621,0.3333333432674408
0.42075550115643157,-0.2625327408313751,-0.4400058008306037,-0.4998875558376312,-0.7243484258651733,-1.1813081502914429,0.07380823006865782,-1.3371877812267314,-1.151200294494629,-0.49019855260849,1.580902356893649,0.6666666865348816
-1.072648048400879,-1.0351994037628174,1.8371896025047898,-0.9093875845879938,-0.5344475507736206,0.33531656861305237,0.20689174051591538,-1.6434758566738892,-0.2159694880247116,1.4076972237802807,1.3817061288887134,0.5
-0.687699546653917,-0.7974557876586914,-0.3297167122364044,-0.05970489932010278,-0.3174179792404175,-1.2936506271362305,-0.8771296924444332,-0.8892438884099907,-0.40874512890515924,0.9633096601820932,0.8017675876617432,0.5271150578546796
-1.1111228687336077,-0.12024575768433839,1.6736280781418118,0.5232390419677936,-0.4801901578903198,-0.6565575834514021,0.2700556119342703,-0.577665515743143,-0.5277130603790283,0.24441486597061157,-0.6063844592220397,0.5
-0.2390953153371811,0.30459998319724846,-0.6298936031602411,0.11047618352072294,-0.6941886569151793,-0.5634239912033081,-0.4154685872365434,-1.3284576923109548,-1.8493188055866965,-1.2445329606978148,1.6450430154800415,0.5
0.06401476263999939,-1.0974769609298614,-0.2617647051811218,-0.8109833002090454,-0.2631605863571167,-0.0578824058175087,0.15724986104559974,-0.39068708796315194,0.46986642479896545,0.3111979067325592,0.04281972348690033,0.5
0.19561311195466197,-0.08422506600618362,0.4857073128223419,2.7027311614135896,-0.45306146144866943,1.6957024944348302,1.1357576058875212,1.8099142692332448,-0.5277130603790283,-0.22306638956069946,-1.306420922279358,0.3333333432674408
-0.39065036177635193,-0.8568916916847229,0.9092040306970561,-0.833204448223114,-0.22140092080956744,-0.40393992547012314,-0.2351012334168144,-0.6078344990748673,-0.40604138315138794,-0.3566324710845947,-0.37881800532341003,0.3333333432674408
0.29134732484817505,-0.5002763271331787,0.5536593198776245,2.4847543667025853,-0.10038841515779495,0.5212994155938088,1.683020861289471,1.7119510182100393,-2.045423233836919,0.7118961215019226,-1.4750760793685913,0.5
0.5186799168586731,0.9422652219707756,0.34980329871177673,0.3473814329911562,-0.561576247215271,0.3856920075366644,0.07855829052489993,-0.8553181886672974,-0.7147592306137085,-1.1580289602279663,2.1028988251954708,0.5
-0.7166879580293063,0.2800155101933731,-1.5507677053440292,-0.38239587553739374,-0.2631605863571167,0.9532006978988647,0.9401279942600232,-0.10129824664493488,-0.34066691994667053,-0.22306638956069946,-1.137765884399414,0.1666666716337204
-1.148425579071045,-0.7163872723665687,-0.615756035518969,-0.6998776793479919,-0.4932478442925201,0.5600017309188843,0.20106268113050724,-0.5977108578121617,0.2204715460538864,-1.027141705481771,-0.9691107869148254,0.3333333432674408
-0.5422053933143616,0.21295440196990967,0.28185129165649414,0.36883127667172566,-0.561576247215271,-0.2825675308704376,0.19530528817328854,-1.0487699495482394,-0.31116624676366317,-1.1580289602279663,1.223405361175537,0.5
0.5228722566519447,-1.094635248184204,0.6895633339881897,1.3583120229731425,-0.39880406856536865,1.7630747374391813,0.7450608541275557,1.018496032424177,-0.9018054008483887,0.17763182520866394,-0.8847832679748535,0.5
-0.3148728311061859,-0.20309685170650482,0.07799530029296875,1.7639123920862376,-0.2360319048166275,1.1272518410609842,1.7580805654951446,1.056783726973822,-0.4030156433582306,-0.17032931689482125,-1.2242301210101298,0.5
-0.8453154563903809,-0.8568916916847229,1.1978253321412387,-0.12003494364490906,-0.34608721200693904,-1.0127942562103271,0.4503799859586527,-0.3724533538894359,-0.2159694880247116,0.044881010355985906,-0.7161281704902649,0.1666666716337204
-0.2390953153371811,0.09408261626958847,-0.2617647051811218,-0.22167675043489887,-0.15464581549167633,-0.5833640056064574,-1.233145856795306,-0.8553181886672974,0.8439587354660034,1.911792728568125,2.043802696240816,0.6666666865348816
-0.4973534279712808,-0.7380198836326599,0.010043300688266754,-0.7887621521949768,-0.6429623365402222,-0.0578824058175087,0.30084390904452163,-1.1341024147242607,-0.46536436676979065,-1.0244628190994263,0.5407702942877441,0.5
-0.7695379853248596,-0.6785839796066284,-0.5685819457349859,-0.8554255366325378,-0.03664945866673609,-0.5072526931762695,1.4993089543868927,-0.5889173225747386,1.3141132877506643,-0.3566324710845947,-0.2944904565811157,0.3333333432674408
-0.08754027634859085,-0.5002763271331787,0.4857073128223419,2.473349488048128,-0.2902892827987671,1.6508148859919234,1.290099950306096,1.8076498622224446,-0.2159694880247116,-0.6905476450920105,-1.2980986631266398,0.5
-0.5422053933143616,-0.14366096258163452,-0.6694766879081726,1.2135176799293843,-0.6700910329818726,0.16680273413658142,0.6564937432659526,0.10488856962995617,-0.028923334553837776,-0.42341551184654236,-0.041507821530103683,0.5
-0.2390953153371811,0.28376499978193465,0.6895633339881897,0.7462140442538777,-0.15464581549167633,1.098143905878494,1.3085780943116387,0.7256825805902576,0.15812282264232635,-0.0895003229379654,-0.37881800532341003,0.3333333432674408
-0.4366185334565316,0.5909264977677177,-0.941284716129303,-0.6332142949104309,0.13756810051370763,1.658896246859017,-0.19510269892344262,0.22806269470238666,1.8768890669619283,0.6451131105422974,0.9704226851463318,0.3333333432674408
-0.9210929870605469,-0.5597122311592102,-0.2617647051811218,0.926331710008383,-0.5344475507736206,2.0876381432972058,1.0568000834709246,0.4295852132755025,-0.2783181965351105,-0.6905476450920105,-0.8847832679748535,0.5
1.0320376442729584,-0.7150892866581757,-0.12586070597171783,-0.8109833002090454,-0.2089032083749771,-0.3387388288974762,0.5005133015768196,-0.6426718513920174,-2.2439957914073165,-0.1230862479287057,0.3801299035549164,0.5
-0.7626756054767198,0.03464672341942787,-0.171625514485479,-0.8257946568160064,0.2965793282499387,1.6716121121772276,0.870254292468577,0.16729418881624616,0.2828202545642853,-0.43484332898859784,-1.559403657913208,0.3333333432674408
-0.6179829239845276,-0.20309685170650482,-0.2617647051811218,0.06617570558581352,-0.2529261998741003,-0.6195952296257019,-1.0457076002621701,-1.2259279132860554,-1.6237446194919911,-0.5569815635681152,1.5607155561447144,0.5
0.29134732484817505,-0.5002763271331787,-0.5335727334022522,-0.04198323090766084,-0.8328632116317749,-0.545625611329583,-0.013026435196981935,-0.07163127954853002,0.8439587354660034,0.24441486597061157,0.21147480607032776,0.6666666865348816
-0.7645807162891368,-0.6785839796066284,0.34980329871177673,-0.6332142949104309,-0.5264961748823676,-0.2236767959880955,0.7128364599073256,-0.31892047688782454,-0.8394566774368286,-0.3566324710845947,-1.137765884399414,0.5
-0.40413185837094323,-0.14366096258163452,-0.12586070597171783,-0.7220988273620605,-1.085977605705903,-0.35076880783234315,-0.7749296520945501,-1.8064041025885986,-0.4496525405529155,-0.6905476450920105,1.8477462864691903,0.5
-0.9210929870605469,-1.0363453262794793,-0.12586070597171783,0.9462834683734311,-0.6503327789526049,0.05446016043424606,0.35126892438778073,-0.02822340604344523,-0.15362077951431274,-1.3366717272207311,0.04281972348690033,0.3333333432674408
-0.945668846984722,-0.6805932183637253,-0.931282031661747,-0.833204448223114,1.8539894748044494,0.7695721837231064,-0.18886868035659987,-1.006517411173606,-0.5037286841772604,-0.24933091758087544,-0.46314552426338196,0.5
0.21556980907917023,0.39272615564360935,-1.2430318272258276,-0.6393969510947395,0.6234910810146117,-0.9824298814429886,-1.362533600511303,0.5070358648121825,0.5121670673993486,-0.6237646341323853,-0.568802210204672,0.5
3.4617786288874344,0.3150174102541627,1.6414429523572511,-0.8109833002090454,0.4457338416907192,-1.349821925163269,-1.7612286761227556,0.71053950036303,-0.028923334553837776,1.9333510742522184,-0.1258353590965271,0.3333333432674408
-0.46642789244651794,-0.5603226382074485,-0.397668719291687,0.14081240472696194,-0.6158336400985718,0.5600017309188843,1.1272794366588217,-0.43479423373827286,-1.4446271500160883,-0.15628336369991302,-0.37881800532341003,0.3333333432674408
-0.3148728311061859,-1.0351994037628174,0.46519903190313766,-0.8554255366325378,-0.5344475507736206,-0.6757665276527405,0.007921691281855667,-1.487894919177712,-1.0888515710830688,-1.0244628190994263,0.748091686048866,0.5
0.29134732484817505,0.5921677797508046,-0.422768632421605,0.3866215426834712,1.0155615987060491,-0.22639626264572144,0.930351701411539,0.4760290135500319,-0.8816111042320134,-0.42341551184654236,-0.6865142496026202,0.3333333432674408
1.1169955563849623,-0.3814045190811157,0.34980329871177673,1.29493448108519,-0.5073188543319702,-0.22639626264572144,1.3032608227428017,0.7918675898120014,-1.8272316165625602,0.1108487918972969,0.3801299035549164,0.3333333432674408
0.06401476263999939,-0.6191481351852417,-0.397668719291687,-0.6776565313339233,1.0648278688092538,-0.731937825679779,0.22215550481440316,-0.23459794877449158,-0.385911510797885,-0.8241137266159058,-0.9691107869148254,0.3333333432674408
-0.3148728311061859,0.5101338624954224,0.34980329871177673,-0.6554354429244995,-0.4658618262278542,-0.2825675308704376,0.14508449773770785,-1.6899111720433286,-0.6524105072021484,-0.2898494303226471,2.083048337712175,0.5582396366072736
-0.08754027634859085,0.33182618021965027,1.0464211069320484,1.7394522292811612,5.638640714294427,1.065543293952942,1.5042466153216476,1.3841708407988769,-1.151200294494629,1.5863901669705862,-1.137765884399414,0.3333333432674408
0.06401476263999939,0.09408261626958847,0.5129986097085898,-0.7220988273620605,0.08030161919292064,-0.2968687955629239,-1.1907271392662337,0.02272712290773625,0.5322151184082031,8.343728152001766,0.21147480607032776,0.5
-0.7695379853248596,-0.2625327408313751,-0.3955815518335126,0.9070894513024673,-0.18177451193332672,0.611137371097443,1.423307990717298,0.2440927287400091,-0.8298111849199186,-0.39935722709885246,-0.9016698535558382,0.3333333432674408
6.353549003601074,-1.5701223611831665,9.11561107635498,-0.9887523055076599,-1.2940510511398315,14.546651840209961,5.739711284637451,5.3161420822143555,4.896625518798828,9.794388771057129,3.078611373901367,0.0
1.0535072272936965,2.636969920751335,-1.674635785606534,-0.544329822063446,0.7537191628606261,-1.4091949381413487,-1.8018157912548491,0.22991677324308274,0.5464876446031927,-0.3823042745227396,1.392060399055481,0.0
-0.9210929870605469,-1.0351994037628174,0.19217069912274942,-0.8410503009491355,-0.5887049436569214,0.4672535866025803,-0.6697827980613366,-1.7517525017448974,0.2828202545642853,0.6805948747797894,1.223405361175537,0.6666666865348816
-0.8160760336838067,-0.9186120920796209,-0.5335727334022522,1.564680521107794,-0.37167537212371826,0.9123532573409682,0.3399893733558988,0.5747413373138095,-0.2159694880247116,-1.0244628190994263,-0.6682340485743586,0.3333333432674408
-0.39065036177635193,-1.0351994037628174,0.07799530029296875,1.375432320438773,-0.561576247215271,-0.7359687967484108,-0.8457056135017235,-0.794587710772788,-0.5277130603790283,-1.3583780527114868,1.3973514430302445,0.5
0.5944573879241943,-0.5597122311592102,0.8318044718713822,-0.8239386415049836,1.1324349684481396,-1.4059932231903076,-1.4389519093637992,-0.19788243522453874,-0.7771079540252686,-0.06223544450421285,0.4644574522972107,0.5
-0.07358660547494796,1.3445674130755187,-2.0768450829050806,-0.598410193760275,0.5616162467257512,-1.349821925163269,-1.741706967849656,0.8983207941055298,1.3806174614601445,0.6970023821945288,-0.2571012291378468,0.3333333432674408
1.2794062910867547,1.001946439079991,0.34980329871177673,0.6041865099366113,-0.10038841515779495,-0.3949100971221924,0.5388550270260489,0.8983207941055298,-0.6877075943158086,-0.42341551184654236,-0.8847832679748535,0.5
-0.6179829239845276,-0.024789171293377876,-0.6466254390184244,1.1276657145994724,-0.013703929015986941,-0.15008008240919019,1.3530467679975595,0.7469959146883977,-1.1126210555457692,-0.22306638956069946,-1.4531140949150594,0.5
-0.5422053933143616,2.8883252855593886,-1.947942705427931,-0.0501753879125532,-0.2631605863571167,-1.349821925163269,-1.8162385364179168,0.32583945435583267,2.347672746014323,-0.2898494303226471,0.8017675876617432,0.0005037640442846381
-0.2390953153371811,1.5122864481715148,-2.0684529141198866,-0.8554255366325378,0.32015335476525275,-0.8442803621292114,-1.1706129920375685,0.26604135381254945,0.2828202545642853,-0.0895003229379654,-1.306420922279358,0.3333333432674408
0.5944573879241943,0.598119137354516,-0.4656206965446472,-0.6332142949104309,0.5784397096631791,-0.5634239912033081,-1.2240693465529198,0.6036131098592291,0.6569125652313232,0.6451131105422974,0.21147480607032776,0.5
-0.6937604546546936,-0.2935982320515851,-0.2617647051811218,-0.6776565313339233,-0.12038820341041434,-1.4059932231903076,0.4070108607301076,-0.6279211746439614,-0.15362077951431274,-0.8241137266159058,-0.9691107869148254,0.17278037657399667
2.3887910426727688,-0.2625327408313751,1.8513286370393913,1.8481142771956522,0.36796041743548386,0.3439022193586302,1.2446370514622305,2.0755947468586506,-1.4005951881408691,2.480397507441739,-1.306420922279358,0.3333333432674408
-0.9968705177307129,-0.5757322413184983,-0.3297167122364044,-0.8776466846466064,-0.869016225043963,0.9532006978988647,0.2636564817400433,-1.634746169984392,-0.15362077951431274,-0.7573306560516357,0.7174400687217712,0.3333333432674408
0.1397922784090042,0.4310967434025425,0.010043300688266754,1.9149344715996193,-0.2902892827987671,-0.5174612750835219,0.6595189696476226,0.8512895173612848,-0.4030156433582306,0.3111979067325592,0.12714727222919464,0.5
6.353549003601074,-1.5681723967639745,9.11561107635498,-0.9887523055076599,-1.2940510511398315,14.546651840209961,5.739711284637451,5.3161420822143555,4.896625518798828,9.794388771057129,3.078611373901367,0.0
-0.4709652779634302,-0.2625327408313751,-0.397668719291687,1.7290401839974445,0.43146425168783736,-0.3949100971221924,0.11454337110901759,0.46041329386303054,-0.15118282893880214,-0.8836068906515079,-0.041507821530103683,0.3333333432674408
-0.3148728311061859,-0.4408404231071472,-0.2617647051811218,0.06700107512685462,-0.7243484258651733,-0.0578824058175087,0.43190232525840466,-0.38567559897441983,-0.5277130603790283,-0.9875594272470283,-0.37881800532341003,0.3333333432674408
0.5354488584490225,-0.4408404231071472,1.071859518355875,-0.7443199157714844,-0.5344475507736206,-0.8442803621292114,0.2793982220394311,-1.2034249217934674,-0.34066691994667053,-1.0244628190994263,1.392060399055481,0.5
0.06401476263999939,-1.0351994037628174,0.8934193253517151,-0.6129472554007359,-0.2360319048166275,0.5038304328918457,0.9182167172978059,-0.2618761034042947,-0.935607333359058,-0.419427680894601,-0.9691107869148254,0.5
-1.072648048400879,0.5893917321574484,-1.0088078425414275,-0.8554255366325378,-0.2360319048166275,-0.22639626264572144,0.4444200508290269,-1.0131059765560635,0.720649835283685,-0.4223623306679987,0.11517677368422984,0.3333333432674408
-0.3148728311061859,-0.40083983857183797,0.4177553057670593,0.5052239267503954,-0.34454667568206787,1.1217145919799805,1.6554035921417036,0.7377987634567528,-0.028720499414556202,-0.22306638956069946,-1.7433357828869256,0.3333333432674408
1.625175699821177,-0.4204685976869541,-0.012477383192924633,-0.027886298747572147,0.8285187080199247,-1.349821925163269,-1.7272574427897474,1.0355209999731514,0.2828202545642853,1.875056408552701,1.3672032231986317,0.5
0.21556980907917023,2.6465669933001434,-1.8835680229343144,-0.6776565313339233,0.36971388083805024,-0.5634239912033081,-0.3419927387492037,0.7663460812449052,1.2058223503298824,0.4447639584541321,-0.37881800532341003,0.3333333432674408
0.6702349185943604,-0.5597122311592102,0.28185129165649414,0.012456178632335169,-0.508615384595948,-0.6757665276527405,-0.3896633213610399,-0.34643310023598684,-0.46536436676979065,-1.375759124313039,-0.1258353590965271,0.5
-0.16331779956817627,-1.094635248184204,0.3286475179585008,1.5342268311054934,-0.2360319048166275,2.749814234396836,1.373761310737308,0.69823986174896,-0.34066691994667053,-0.978107983820207,-0.8004556894302368,0.5
0.06401476263999939,-0.3814045190811157,-0.2617647051811218,-0.19192905959927087,-0.0816244450658562,-0.6779717809041735,0.44184405295638135,0.397184574393511,0.9686561822891235,-0.5569815635681152,-0.9691107869148254,0.3333333432674408
0.1397922784090042,0.7233011537847704,-0.5359127803853811,0.36788009595597715,-0.01900232955813408,1.1217145919799805,1.4517563558025914,0.3273657738954452,0.15812282264232635,0.2067817031096987,0.3801299035549164,0.5
0.6850511528844493,1.7367954466889641,-0.2617647051811218,-0.7220988273620605,0.16691043232120042,-1.1813081502914429,-1.1248600279421954,0.731051822808072,0.8439587354660034,0.30501511000871706,-0.9691107869148254,0.3333333432674408
1.0606663958068754,2.0466286724232745,-0.6720601933511485,-0.6776565313339233,0.520519992286594,-0.731937825679779,-0.846803687541596,0.8326077189325903,0.6800470968912632,0.04406575486063957,-0.2944904565811157,0.3333333432674408
-0.49889919053590676,-0.3814045190811157,-0.05790869891643524,1.999289539563951,-0.5477646324681081,-1.1104323530341522,-0.5682560464243164,0.7890586220216138,-0.7147592306137085,-1.4865580401887892,-0.6028030066320049,0.5
3.4724788859098754,0.11994110602043564,2.124280055959914,-0.6332142949104309,0.6987736178695073,-1.2571878863050892,-1.5810806108114712,1.3941986262813217,-0.15362077951431274,0.37798094749450684,-0.041507821530103683,0.5
-0.9210929870605469,-0.482637651793579,-0.05790869891643524,1.1164910851767664,-0.39880406856536865,1.9012628627447965,1.3538359653750602,0.2769078701236826,-0.09127205610275269,-0.5569815635681152,-0.7161281704902649,0.5
-0.08754027634859085,-0.8568916916847229,-0.20957106063599967,-0.7532723921146166,0.32566370423970464,-0.3473081321513865,-0.768888960411576,-0.5224825632703078,-0.028923334553837776,-0.5569815635681152,-0.1258353590965271,0.5
-0.7695379853248596,-1.094635248184204,-0.05790869891643524,-0.417034665591694,-0.5073188543319702,0.39148786664009094,0.9920107781028239,-0.36109636490202723,-0.2159694880247116,-0.890896737575531,-0.5474730730056763,0.5
-0.5780738812353564,0.15351851284503937,0.180967461290218,1.0138673264476161,1.4530755027158733,12.200268641477505,1.59625795101112,0.7314313348065106,-0.516464583696337,-0.6237646341323853,-0.9856864554901428,0.3333333432674408
0.21556980907917023,-0.6785839796066284,0.6854348955295145,-0.7887621521949768,-0.7243484258651733,-0.35750425891799126,0.3238432265304501,-0.7138449725970073,-0.7043362488628088,0.5628227959430907,0.5487849712371826,0.5
-0.46642789244651794,-0.49377138433510803,-1.3590459535854031,-0.7860775207566404,-0.7243484258651733,0.9532006978988647,0.3758901392505419,-0.9158747507415799,0.583116454793797,-0.42341551184654236,0.3801299035549164,0.3333333432674408
6.353549003601074,1.2052612500482278,9.11561107635498,-0.9887523055076599,-1.2940510511398315,14.546651840209961,5.739711284637451,1.1207614532082788,4.896625518798828,9.794388771057129,3.078611373901367,0.0
-0.5523554700153428,-0.20309685170650482,5.382525325467176,1.0378744434157225,0.9138043697593542,1.972869280147641,2.657685402897328,0.6650654117282825,-1.0500502298309513,-0.8241137266159058,-1.8442236644782861,0.3333333432674408
-0.5422053933143616,-0.5597122311592102,0.34980329871177673,0.28751614138152276,-0.5073188543319702,-0.014492058218853458,-0.17428224978214674,-1.1201739565981863,-0.5947323924580594,-1.4406932025590375,1.7132704858980106,0.5
0.6702349185943604,0.5267595867102194,0.17860707231128103,-0.49272047499007293,3.7959089371877717,-1.451056129229445,-1.7961603655292417,1.1228093463157516,-0.028923334553837776,1.2030924874406745,-0.9691107869148254,0.5
-0.01176275685429573,-0.5491055359379737,-0.12586070597171783,2.6085126698688157,-0.04306977621631149,1.2180263967034355,1.2416456111093577,1.87886579728953,0.7145618095350863,-0.6905476450920105,-1.137765884399414,0.3333333432674408
-0.3148728311061859,-0.4408404231071472,-0.05790869891643524,-0.2668762714798624,-0.2360319048166275,2.088294395375702,1.6474220327839217,-0.015199328531478568,-0.2783181965351105,-0.42341551184654236,-0.8004556894302368,0.5
-0.9968705177307129,1.2504495667317075,-1.5373602120090875,0.21680256649977708,-0.2902892827987671,0.05446016043424606,0.5027384860244302,-0.24839716747131974,-0.26114499804666264,0.17763182520866394,-0.37881800532341003,0.3333333432674408
0.06401476263999939,-0.9757634997367859,1.0948970330005785,-0.7887621521949768,-0.47776629495560063,-0.2825675308704376,0.1659086799486542,-0.5212141139887463,-0.4030156433582306,0.6451131105422974,0.12714727222919464,0.5
1.3343175501289368,1.085931326059802,-0.5335727334022522,-0.7547071158289448,0.7584954087595238,-1.237479329109192,-1.2615139363180312,1.095494783541332,-0.7771079540252686,0.04406575486063957,-0.631800651550293,0.34320076294438623
-0.3148728311061859,-0.840378220637286,0.07799530029296875,2.793722528614184,-0.12364676198921475,0.8962353303832175,0.6052793807719367,1.305923943730739,0.4075177013874054,-0.3566324710845947,-0.9691107869148254,0.3333333432674408
-0.5678755757696727,-1.080047536214284,-0.19381269812583923,1.8881842284896637,-0.3222451839193469,1.156675753503128,0.49357779236637506,0.751210616835339,0.8033667819069855,-0.6356777454526038,-0.345533619551126,0.6666666865348816
0.4990940415846623,1.3154707841019788,-0.19381269812583923,-0.6554354429244995,1.314266890775903,-0.1864986546787922,-1.1498725294064576,0.8983207941055298,0.15812282264232635,0.9239355594631027,-0.631800651550293,0.3333333432674408
-0.9816270561577719,-0.5002763271331787,-0.7999570703037406,0.5639458310443884,-0.4801901578903198,-0.5072526931762695,0.2009779099952716,-0.925142478842438,0.26266962178476944,0.4447639584541321,1.2683419535944487,0.8333333134651184
-0.7976806893170941,-0.6191481351852417,-1.1836017525936073,0.4156345271042586,-0.39880406856536865,0.33531656861305237,0.4723966533854893,0.09855283062244569,1.1557023525238037,-1.033191908181318,-0.5168164079443814,0.5
0.06401476263999939,1.4900615300048394,-1.6093083636791434,-0.6776565313339233,0.6085861103486787,-1.0689655542373657,-1.1480661979623517,-0.08352282388446872,-0.028923334553837776,0.04406575486063957,-0.3142386991593798,0.3333333432674408
-2.034911919117091,-0.20309685170650482,0.34980329871177673,-0.9188989411883757,-0.42593276500701904,-0.22639626264572144,-0.10779507317803855,-1.2108755173594772,0.5945638418197632,0.5115470290184021,-0.041507821530103683,0.5
-1.4084998600021055,-0.4408404231071472,-1.0055352089358995,-0.8824834155087043,0.21612545978157766,-1.3420218253339873,0.025526814994995317,-0.7603318956800805,0.7192612886428833,-0.3803421742308807,-0.5432398023381421,0.3333333432674408
-0.08754027634859085,-1.1677057694630235,0.010043300688266754,-0.8262834831985605,-0.5887049436569214,1.3953060588464095,0.11354014029730614,-1.3519386832284086,-0.46536436676979065,0.03372878150907035,1.2716018260937916,0.5
-0.6179829239845276,-1.417543472407948,-0.0005237960871492392,-0.8554255366325378,-0.4642171080001375,-0.7148799619065205,-0.35688987125726557,-0.6772133309398272,0.5322151184082031,-0.34719404975312956,-0.2944904565811157,0.5
0.5944573879241943,0.016704768769425435,-0.1745374607027519,-0.6332142949104309,-0.2089032083749771,0.4476591646671295,0.517941061261494,-0.8738986516683953,-0.4823445817088739,0.3111979067325592,1.223405361175537,0.6666666865348816
0.14329600296161346,2.4518970683614993,-2.1062246688088115,-0.5718037147939502,0.6000418442608385,-0.9566229581832886,-1.7080414011724496,0.6330328281696688,0.34516897797584534,-0.6905476450920105,-0.8847832679748535,0.3333333432674408
-0.3148728311061859,-0.6785839796066284,-0.3420387858399198,0.9236411799317966,-0.5344475507736206,0.6723442673683167,1.2050366114715467,0.28247386739276714,-1.151200294494629,0.272079920702028,-0.631800651550293,0.5
-1.5329472079587478,-0.8722033249125031,0.28185129165649414,-0.8554255366325378,-0.6382760792553497,-0.538828794088657,-0.4160882529126784,-1.656959299722048,0.4791981104449928,-0.6572985790827038,0.4644574522972107,0.5
-0.6937604546546936,-1.0351994037628174,-0.15401143941887802,2.017393839422484,-0.059054251267226326,-0.359576466836795,-0.22533798864755855,0.8666638804747642,0.8439587354660034,-0.6237646341323853,-1.0534383058547974,0.6666666865348816
-0.01176275685429573,2.350615282157785,-1.4083616394158838,-0.544329822063446,0.5640123488361819,-0.3949100971221924,-1.2966990019497089,0.6754343282719315,0.9686561822891235,-0.42341551184654236,-0.2101629078388214,0.5
-0.6937604546546936,0.21295440196990967,-0.6165197589999541,-0.07868881540860491,-0.5887049436569214,0.6416798147168947,0.5590327282307878,-0.3875691326156565,1.0677884789464225,-0.42341551184654236,-0.2944904565811157,0.3333333432674408
-0.028334106182380046,-1.0351994037628174,-0.05790869891643524,0.011258099160266655,-0.10204065322839748,1.1196677222678066,0.30836931289261604,-0.2696423370592245,1.0933536291122437,-0.4442829627848073,0.3805455048274334,0.5
0.5944573879241943,-0.9757634997367859,0.6895633339881897,-0.939889056502622,-0.8543157023316301,-1.232153603930291,-1.5043983464379584,-1.1775159720781814,-0.7147592306137085,-1.1580289602279663,0.7174400687217712,0.3333333432674408
1.158366034363179,0.21295440196990967,1.1652272939682007,-0.5089932782196689,0.7009245771275433,-1.0127942562103271,-1.2086424340479365,0.36163011212016516,0.1646041965573323,3.4705485318440816,1.0547502040863037,0.6727635771985144
0.8903607664071553,1.808552814014201,0.28185129165649414,-0.6776565313339233,0.9566360090345263,-0.8442803621292114,-1.4122791647912591,0.42867222404211275,-0.2159694880247116,2.4228350219550157,0.29580235481262207,0.5
-0.6179829239845276,-0.9757634997367859,-0.4756672945195721,-0.8818216396582096,-0.18177451193332672,1.1753868821050493,1.0411461233250368,-0.6365701873696099,0.2828202545642853,-0.2981060255268551,-1.137765884399414,0.5
0.6578341965726596,2.0662726144979646,-0.5398289957723598,-0.6332142949104309,2.913052771313397,-1.3995939548853211,-1.4592132186816296,0.6888377521478073,0.2828202545642853,1.3047363564411907,-0.1258353590965271,0.4807040443059968
-0.6179829239845276,-0.07618213904700193,0.28185129165649414,-0.766541063785553,-0.2360319048166275,-0.06781769037500107,1.4748617207380164,-0.08211557594386433,-0.4030156433582306,-0.3566324710845947,-1.4651184309952798,0.5
-0.5422053933143616,-0.6785839796066284,0.14594730734825134,1.75034846633594,-0.8328632116317749,-0.33399744554265043,-0.5571755146519671,0.3851710288401751,-0.5277130603790283,-0.8241137266159058,-0.041507821530103683,0.6666666865348816
0.6702349185943604,-1.2581507448480789,0.14594730734825134,-0.766541063785553,-0.42593276500701904,-0.8442803621292114,-0.22852553232683806,0.034896864573188725,0.16527597996539503,-0.15628336369991302,-1.137765884399414,0.5
-0.5422053933143616,-0.024789171293377876,1.2007466048881836,-0.8365044501319843,-0.3174179792404175,-1.3857881280742237,0.5047531622570215,-0.8553181886672974,-0.8696802636392331,-0.2898494303226471,-0.46314552426338196,0.3333333432674408
0.41730023256540616,1.6089360067658074,-2.107321675512824,-0.6109932065010071,0.7213182599604806,-0.7798496735124634,-1.5878629969016933,0.7283277871214524,0.34516897797584534,0.04406575486063957,-0.46314552426338196,0.3333333432674408
0.1397922784090042,1.3627995880670591,-0.9855125570814958,0.3735249247252347,0.14026294353692267,-0.731937825679779,-1.1653743936003842,0.9320005683445981,0.8599163597981212,-0.49019855260849,-0.1258353590965271,0.3333333432674408
-0.6179829239845276,-0.2625327408313751,-0.19381269812583923,0.4280529931678618,-0.8289131058774737,0.2229740172624588,-0.14071616116890628,-1.0608907533948086,0.48283356741548,-1.413739027287911,1.7458337099171726,0.6666666865348816
-0.39065036177635193,-0.6914829212355822,0.5479597192946866,2.2629378303615493,-0.12659194910044952,1.3274756103699246,0.9223695811520167,1.5722804572838542,0.5185053848802881,-0.9502938904004188,-1.137765884399414,0.5
3.3550895657763293,-0.3814045190811157,2.1155307802205465,-0.6998776793479919,0.7034170744503838,-1.352035756921662,-1.7732359288983153,1.2684358986139244,-0.08692074870244552,2.540564143914971,-0.1258353590965271,0.9284419439303905
1.0312336599340493,3.1649803551219264,-1.4139565167224495,-0.48337305381234064,0.6230110239157369,-0.6195952296257019,-1.324005198903133,1.3273984226224897,1.0370583588215714,0.4447639584541321,-0.2101629078388214,0.3333333432674408
-1.072648048400879,-0.5002763271331787,-0.3297167122364044,2.9214181139601485,0.062383756041526794,0.12713146792446828,0.3390383740480274,1.3097622124864658,-0.34066691994667053,0.04406575486063957,-0.2101629078388214,0.3333333432674408
-0.7695379853248596,-0.5597122311592102,-0.2985218309207162,-0.766541063785553,-0.6700910329818726,0.11063144356012344,-0.2132503916958674,-1.454215324933658,-0.5900617837905884,-0.42341551184654236,0.7174400687217712,0.5
-1.636830652845322,-0.4408404231071472,-1.1810682249301396,-0.6554354429244995,-0.6700910329818726,0.8954281567680612,0.21900999211933483,-1.7673325973745606,0.7192612886428833,-0.890896737575531,1.392060399055481,0.6666666865348816
0.4429023563861847,-0.3219686448574066,-0.05790869891643524,-0.30102780953958663,-0.10038841515779495,0.3941048084148265,1.1982255277013116,-0.53844841857581,-0.2644706991717093,-0.6237646341323853,0.4644574522972107,0.5
-0.9968705177307129,-0.19193085332914195,0.25613974299105763,-0.544329822063446,-0.4522242458829439,1.2672724161734363,0.04919123125293514,-1.7711694467905674,-0.4173232975499958,-0.8241137266159058,2.197197484481123,0.6666666865348816
-0.39065036177635193,-1.094635248184204,0.14594730734825134,-0.6998776793479919,-0.8912376775017831,0.5038304328918457,0.2772060139883444,-1.1027146194254633,-0.6139905246807613,-1.2915949821472168,0.5766841728844169,0.5
2.9554902975424246,0.9303694458959098,1.5410985908523704,-0.6775106623294617,0.6151508266101067,-0.3949100971221924,-0.6216415402753516,1.6822838043985409,-0.15362077951431274,1.140618342326409,-0.7161281704902649,0.3333333432674408
0.6702349185943604,-0.7259163864902263,0.2024018918579375,-0.766541063785553,-0.25472613592126053,-1.0127942562103271,0.018300242509615133,-0.20029437903396627,0.5322151184082031,0.021436224399045953,-0.1258353590965271,0.5
-0.6937604546546936,-0.4408404231071472,-0.08557492670006438,-0.45820280956707915,-0.6429623365402222,-1.3770108806511148,-0.23948957687824785,-0.8553181886672974,-0.46536436676979065,-0.6237646341323853,-0.041507821530103683,0.007764911073792442
1.4304111617717024,0.3561666547662882,1.7077204553288885,-0.006607585063079661,1.4400658654233731,-0.7881091237068176,-1.4399336698561935,1.912978922323363,0.6941434280973747,1.9721103233301696,0.04281972348690033,0.5
-0.6179829239845276,-0.08422506600618362,0.07799530029296875,-0.6998776793479919,-0.4552029758160261,-0.809796624540075,-0.8067813379764632,-1.5676177654347567,-0.34066691994667053,0.5115470290184021,2.026329618066711,0.3333333432674408
-0.46642789244651794,1.315895805668175,-2.035532457305192,-0.6998776793479919,0.5954891815776734,-0.9566229581832886,-1.1122266080198295,0.060556539401101256,0.9735917329067427,2.1288510043239186,1.223405361175537,0.6666666865348816
0.5944573879241943,-0.14366096258163452,0.6216112971305847,-0.5665509104728699,0.6967878776579721,-1.0689655542373657,-1.7990752039693638,-0.6147111885044154,-0.028923334553837776,0.4447639584541321,1.7467479431784323,0.5
3.0522118356894063,-0.024789171293377876,1.9981438568255894,-0.6998776793479919,0.5757437240053542,-1.1813081502914429,-1.3330973709883234,1.6837949889707124,-1.8899552204403838,2.9357843935743433,-0.9691107869148254,0.5
-0.08754027634859085,-0.6426907370883452,0.010043300688266754,-0.7429301033432206,-0.39880406856536865,0.6723442673683167,0.5741443641833972,-0.8590650480488176,-0.5900617837905884,-0.42341551184654236,0.21147480607032776,0.5
1.217963461467953,-0.024789171293377876,1.6814007164127591,-0.7697415665285987,-0.3174179792404175,-1.0689655542373657,-0.17517667169596693,-0.3376559240149385,-1.6494728206368665,-0.9441598703016394,-0.4970761371306013,0.3333333432674408
-0.46642789244651794,-1.0351994037628174,1.487015795616826,1.3552045851146086,-0.2089032083749771,1.4535321506038101,0.8578992706151664,0.6185085924102578,0.5322151184082031,0.4447639584541321,-0.2944904565811157,0.5
-0.8453154563903809,-1.094635248184204,0.28185129165649414,-0.6554354429244995,-0.18510921286237614,-0.11405368894338608,-0.2472853085254686,-0.09582345553407236,1.0079515935282748,-0.42341551184654236,-0.8847832679748535,0.5
0.5311322535949317,-0.20309685170650482,0.6895633339881897,1.5321423806016683,-0.2631605863571167,-0.2825675308704376,-0.3847961687875769,0.6805737253773738,-0.9660005074719762,-0.3846201132231062,-0.041507821530103683,0.3333333432674408
-0.2390953153371811,-0.5597122311592102,0.07799530029296875,0.5610911211465819,-0.39880406856536865,0.18009101862067028,0.2638866034292946,-0.8432288010705072,-0.22403004152491598,-1.1580289602279663,1.392060399055481,0.8333333134651184
-0.7695379853248596,-0.3814045190811157,-0.12586070597171783,-0.24406368265533365,-0.6565510390098925,0.6161730289459229,0.12703220241840033,-1.6341350228991145,-0.028923334553837776,-1.0244628190994263,1.8780090553878601,0.5
-0.6937604546546936,-0.3219686448574066,-0.5576345124257329,-0.25509806371937344,-0.37167537212371826,-0.7277359882714037,-0.08153704041209704,-1.1196091101073276,0.033425383269786835,-0.957679808139801,0.9704226851463318,0.5
-0.39065036177635193,-1.094635248184204,0.4345001933118394,-0.6332142949104309,-0.4173490008260361,1.7071242251803023,1.1942190812006659,-0.9522660758928104,-0.4030156433582306,0.31639292809642705,0.21147480607032776,0.5
-1.148425579071045,-0.6191481351852417,-0.7097759487566322,-0.8769669011445855,-0.2089032083749771,0.6652278011628137,0.5648282475004078,-1.3050784115328955,1.3427485227584839,0.5115470290184021,0.7999745754550708,0.6666666865348816
1.068530839597744,-0.5002763271331787,0.022553668366505658,-0.6109932065010071,0.838914780244935,-0.13979814384519856,-1.0301290485409407,1.166460204393894,1.0856517403056456,0.09124387189402894,-1.2220934629440308,0.5
-0.01176275685429573,-0.5002763271331787,-0.12586070597171783,0.9623067080630967,-0.561576247215271,0.9532006978988647,0.6067041972118434,-0.6988645490017333,-0.4030156433582306,1.4972715723245134,1.223405361175537,0.5
0.0876118824695921,-0.14366096258163452,-0.2617647051811218,-0.2179872982225126,-0.17304068238164227,-0.6195952296257019,-0.1843344924853446,-0.3404856370005071,0.9686561822891235,-0.02271728403866291,1.3846483615874503,0.5
0.06401476263999939,-0.9757634997367859,-0.2617647051811218,-0.918373244759832,-0.7976961923177776,1.5183077136646506,-0.2929461529021691,-1.6454373767559447,-1.5775578312885368,-0.6237646341323853,1.392060399055481,0.4643505136225654
-1.224203109741211,-0.20309685170650482,-0.19700246667443452,-0.5665509104728699,-0.8328632116317749,1.0603417889902214,-0.019509974867105484,-1.7765254681730571,0.4075177013874054,0.04406575486063957,1.8085903163397443,0.6666666865348816
-1.072648048400879,1.5602959385517126,-0.6694766879081726,-0.6332142949104309,0.8005160970700188,-0.7881091237068176,-1.5288541788852081,-0.1235776777653046,1.730521678993807,0.43934942215068545,1.5607155561447144,0.3333333432674408
2.3970235385562457,0.26446093677508337,2.294003984105763,-0.6109932065010071,1.4887594993419975,-1.349821925163269,-1.668830089555357,1.8893111853809514,0.38242276838482875,0.21728680770511286,-1.1344559333350142,0.3333333432674408
-0.01176275685429573,-0.7974557876586914,0.14594730734825134,-0.11240266497412389,-0.6756163841787284,-0.3949100971221924,0.5789925899870749,-1.2043140239560624,-0.9254072260506659,0.6451131105422974,1.6450430154800415,0.3333333432674408
-0.46642789244651794,-0.3814045190811157,-0.397668719291687,0.9051356096521094,-0.044984966041435245,0.16680273413658142,0.1839733690609954,0.21942915295993945,-1.4643377648701223,-0.22306638956069946,-0.5474730730056763,0.5
-0.5422053933143616,0.03464672341942787,-0.3297167122364044,0.08815760475274836,-0.6158336400985718,-1.0689655542373657,0.04727339537058162,-0.24831012141522937,-0.34066691994667053,-0.7573306560516357,-0.631800651550293,0.5
2.2442728244598094,0.953264070482244,1.6688780745637528,-0.5827863114845145,1.0719681146647178,-1.4257457190220952,-1.7891932434035465,1.1497020984485842,-0.4030156433582306,1.1076317195667382,-0.2944904565811157,0.5
0.2782620425976682,-0.6191481351852417,-0.05790869891643524,-0.6332142949104309,-0.561576247215271,0.2229740172624588,0.45514550096514367,-0.36565237749620766,-0.34066691994667053,-1.121040106704854,-0.46314552426338196,0.5
1.5274394768844732,0.5101338624954224,-0.12482819681920254,-0.7887621521949768,2.2024835949309836,-1.349821925163269,-1.271851231791875,1.2783504454945585,-1.2721930061959275,2.5825679701574717,-1.4750760793685913,0.3333333432674408
-0.46642789244651794,-0.6191481351852417,1.1652272939682007,-0.8109833002090454,-0.10038841515779495,0.2229740172624588,0.20554828599360148,-1.1268748472221453,0.5945638418197632,0.3111979067325592,1.3797778168215993,0.7243196773186099
-0.08754027634859085,1.6964944536684479,-0.4656206965446472,-0.7220988273620605,0.3171610401341496,-1.1319729174556536,-1.6051149043835626,0.21980168955649504,0.8824258502582383,1.580287824399454,0.21147480607032776,0.8224243138318188
1.110104729534486,0.27239030599594116,1.2744419536645593,-0.6332142949104309,0.5224860981754943,-0.3387388288974762,-1.48982710351199,0.36509296916327366,0.5322151184082031,0.8970687234987391,1.1204943796275004,0.5
0.1397922784090042,-1.1364080882094223,0.6895633339881897,-0.8776466846466064,-0.45306146144866943,0.3508315831742663,-0.266741997919323,-0.2747002271530074,0.6569125652313232,0.04406575486063957,-0.46314552426338196,0.6666666865348816
-0.46642789244651794,-0.7974557876586914,0.010043300688266754,-0.8109833002090454,0.5487492106125292,0.6723442673683167,1.1308047774447523,-0.7564947891670739,-0.45458816627173,-0.2898494303226471,0.12940696773452065,0.3333333432674408
0.1397922784090042,-0.9757634997367859,1.0293233394622803,-0.47907123941617463,-0.15464581549167633,-0.42303563012890716,0.14096682901761415,0.09070196565192634,-0.34066691994667053,1.292648071851473,-0.8004556894302368,0.5
0.21556980907917023,-0.257356678724326,0.07799530029296875,-0.766541063785553,-0.7786058187484741,-0.8442803621292114,-0.10630118220129593,-1.3791193747710588,-1.525162950904791,-0.5569815635681152,1.0242457471874038,0.3333333432674408
3.5967721493872755,1.3709923413629415,4.898252401464239,-0.5432651764313203,0.7962989995152954,-1.1079064252150443,-1.105632174999976,3.1641827379896563,-0.028923334553837776,1.332837634065453,-0.8004556894302368,0.5
-0.46642789244651794,1.721284011580819,-1.8172079923339466,-0.6998776793479919,0.19735378557440592,-1.349821925163269,-1.2134019215764842,-0.5220514468096765,1.108996846866979,0.37798094749450684,1.223405361175537,0.5210366868620565
0.4429023563861847,-0.6785839796066284,0.010043300688266754,1.470887932616916,-0.2360319048166275,0.40211799760355166,0.2667992139019019,0.34323140777271477,-0.7911495650450426,-0.42341551184654236,-0.46314552426338196,0.5
-0.01176275685429573,-0.5002763271331787,0.14594730734825134,-0.4998875558376312,-0.6158336400985718,0.16680273413658142,0.4602131834351835,-1.4527254165821746,-0.5277130603790283,-1.510629458623101,1.7102703239987957,0.6666666865348816
-0.7072816441985137,-0.6568144150731439,-0.397668719291687,1.3222503360274578,-0.34454667568206787,0.5038304328918457,0.3064556170907018,0.6693237613906478,0.6213790087529049,-1.0244628190994263,-0.8004556894302368,0.5
-0.16331779956817627,-0.7380198836326599,0.6216112971305847,0.12508540351646288,-0.45306146144866943,-0.2795606944513736,0.027432655448793808,-0.8201896890412632,0.20341988475308315,-0.02271728403866291,1.5607155561447144,0.5
1.1092491582769164,1.257962716941648,-0.2577778222258915,-0.6776565313339233,0.6907451958161429,-0.1195956447478814,-0.019509974867105484,1.2481608829482917,0.6646811800709186,1.9541566733801767,-0.9564459032004313,0.5
1.9388488840099178,0.4592895316637568,2.1305600655418795,-0.5305659782662772,3.2632561890377336,-1.1251368522644043,-1.6801500110416974,1.1153607320593244,0.46986642479896545,1.737049295089372,0.6347352107044493,0.5
-0.7695379853248596,-0.6785839796066284,-0.2617647051811218,-0.5665509104728699,-0.39880406856536865,-0.044235372893501615,-0.2960208137413563,-1.7725441493366338,-0.2159694880247116,-0.22306638956069946,2.109004308871932,0.6903856314990239
-1.1790223453310003,1.0594484717575319,-0.2617647051811218,-0.580384096516627,-1.2111420796672974,0.11063144356012344,-0.477101744140891,-1.5451085138208946,0.9686561822891235,2.2566840004785704,2.3397790837190797,0.6666666865348816
-0.2390953153371811,-0.4408404231071472,-0.2617647051811218,2.3313404951350907,-0.2526979011488507,0.5919269489071404,0.8579948913641426,1.5944704194954655,0.8439587354660034,-0.42341551184654236,-0.8847832679748535,0.3333333432674408
0.5944573879241943,-0.7974557876586914,-0.12586070597171783,-0.6332142949104309,-0.5073188543319702,-0.5072526931762695,-0.7041019304637515,-0.978719550654792,-0.3663849716217565,-1.3583780527114868,0.7467393389627819,0.3333333432674408
-1.442043041227678,-0.6191481351852417,-0.3297167122364044,-0.4627760221102357,-0.7786058187484741,-0.0578824058175087,-0.10056814029925516,-0.8303658011627688,0.9686561822891235,-0.6905476450920105,0.5487849712371826,0.6666666865348816
-0.46642789244651794,-0.7954203447018875,-0.98448128172756,1.6210061802741398,-0.15464581549167633,0.11063144356012344,0.05660060600636426,0.7783775646947281,-0.09127205610275269,0.24441486597061157,-0.46314552426338196,0.5
0.29134732484817505,-0.36579968982760164,-0.12586070597171783,0.4265849129360349,-0.8083084444043114,0.6723442673683167,0.3749377142525009,-0.25252384385035453,-1.0888515710830688,0.4447639584541321,0.04281972348690033,0.5
-0.5422053933143616,5.871150653124758,-2.1644208431243896,-0.7900363181527901,-0.08512619759804942,-1.4691968864894935,-1.8811326202648317,0.22645062564198962,1.8410754881007678,-0.49019855260849,-0.46314552426338196,0.1666666716337204
0.8217899799346924,1.637627719624404,0.4857073128223419,-0.10303565856030192,0.6896810730528442,-1.0127942562103271,-1.624192983505094,-0.6154868086662559,-0.2159694880247116,1.1469034099601434,2.2295368100514183,0.5
0.36712485551834106,-0.20309685170650482,0.14594730734825134,0.6733083644308687,-0.34454667568206787,0.3405622070417963,0.9500788437670236,0.8983207941055298,-0.15362077951431274,0.3111979067325592,-0.7161281704902649,0.3333333432674408
0.21556980907917023,1.7189533668939183,-1.6376213393950403,-0.6554354429244995,0.7269153230033739,-1.0689655542373657,-1.0965354722457437,0.3650204566553834,0.3592919843094549,-0.2898494303226471,-0.8847832679748535,0.3333333432674408
-0.8983581580702726,-1.3176318644104512,0.6420978591847115,-0.8973267819728927,-0.9134310489663703,-0.5634239912033081,-0.9573577104888731,-1.2710496928547892,0.2204715460538864,-0.6237646341323853,0.29580235481262207,0.6666666865348816
0.1397922784090042,-0.08422506600618362,0.29218375706624056,1.889600997527656,-0.04613102599978447,0.33531656861305237,0.932905399750032,1.5854463811376414,-0.34066691994667053,2.386874916659484,-1.4745485563998,0.3333333432674408
1.9611120516700506,0.15351851284503937,1.1652272939682007,-0.5887720584869385,0.6246292814178553,-1.4059932231903076,-1.7299263934985847,0.6089931679773393,0.46986642479896545,2.062864963005394,0.9704226851463318,0.6666666865348816
-0.7205153008109833,-0.08422506600618362,0.7158104447020515,-0.6332142949104309,1.313189574336472,1.70195687387337,1.0081942678666942,-0.4594052791674096,-0.5277130603790283,-0.22105828843696151,-0.8847832679748535,0.3333333432674408
-0.6937604546546936,-1.2198906915747518,-0.3297167122364044,0.8410062506490592,-0.6208618504533389,0.05446016043424606,-0.019509974867105484,-0.1937516435548169,0.10328457301137642,0.4801541703619666,0.12714727222919464,0.7563753356829959
-0.08754027634859085,-0.024789171293377876,-0.12586070597171783,-0.6758190203943583,0.6262684026527618,0.16680273413658142,-1.500259877489052,0.7805130559143642,2.088759081797304,1.3880994592317397,-0.37881800532341003,0.3333333432674408
-0.7695379853248596,-0.14366096258163452,-0.12586070597171783,1.8194586990199784,-0.10537629834377468,1.1191190951118664,0.9691572784445112,1.0938349775260752,0.21446335028903812,-0.42341551184654236,-1.306420922279358,0.3333333432674408
-0.46642789244651794,0.15351851284503937,0.28185129165649414,0.8235845923581963,2.5969108145499504,0.33531656861305237,0.7428276021198216,1.011421042536225,-0.6735956618208354,0.04406575486063957,-1.0534383058547974,0.3333333432674408
-0.2390953153371811,-0.6785839796066284,-0.17046838415023802,-0.8109833002090454,-0.6429623365402222,0.6229713662772205,-0.1313059176259646,-1.1874871666870028,-0.4030156433582306,-0.15761540238080257,1.0382359724672794,0.5
-0.16331779956817627,-0.29541797305444206,-0.397668719291687,4.49217707088296,-0.10038841515779495,1.5536862981043287,1.5936528749833012,1.9768983381846175,-0.2783181965351105,0.30481649393168486,-1.050109126981401,0.3333333432674408
1.5699965774311473,1.4427006525450405,0.4177553057670593,-0.40171496080074715,0.544565557171422,-0.72838893212459,-1.0697741239405412,0.8702243524680533,0.04879358962339397,2.6177919005065244,0.9704226851463318,0.5
1.2637464675157621,-0.2625327408313751,1.1652272939682007,-0.6998776793479919,-0.39880406856536865,-0.731937825679779,-0.5729961526149171,-0.4598251684298181,-1.422922942075128,0.1494787346279663,-0.2944904565811157,0.5
1.2491305259224372,1.9191524723348128,-0.6593690077591394,-0.6554354429244995,0.4788245555394919,-1.2579042387467043,-1.010464590242972,0.8965975527927068,0.7192612886428833,-0.15628336369991302,-0.2944904565811157,0.3333333432674408
-1.081250281582274,-0.6191481351852417,0.010043300688266754,-0.833204448223114,-0.2902892827987671,-1.0851842520604413,-1.1726604207842728,-0.5612864844720418,0.19409056885818077,0.24441486597061157,-0.8847832679748535,0.3333333432674408
-0.6937604546546936,-0.7974557876586914,-0.4656206965446472,1.9716116069171283,-0.18177451193332672,-1.1153491649117155,-0.03636235849567532,0.7860888256080321,-0.7771079540252686,-0.0895003229379654,-0.46314552426338196,0.3333333432674408
-1.224203109741211,-0.14366096258163452,-1.6947660488119727,-0.5204677816966176,-0.6158336400985718,1.8032185777195668,1.1853106765991142,-0.9119167607370895,-0.5900617837905884,-0.8241137266159058,-0.5852345773388573,0.5
0.4429023563861847,0.6219927667991219,-1.9414615191506575,-0.7443199157714844,0.6535525094990976,-1.012857973248848,-1.563594403248431,0.40159096858842247,0.7192612886428833,1.2839537712430042,-0.631800651550293,0.5
-0.6937604546546936,-1.2637212185465383,-0.12586070597171783,-0.5887720584869385,-0.5344475507736206,-0.5072526931762695,-0.8151379179632522,-0.8947494806981434,-0.028923334553837776,-0.20215858373812182,0.21147480607032776,0.5
-1.637219427438049,1.9171338260714446,-2.1644208431243896,-0.7220988273620605,-0.12751711905002594,-1.1959142501389213,-1.5819019210804042,-0.9214677457795575,1.8554048724735828,1.3174267809307596,2.2356240216175203,0.5
-2.58819842338562,7.345261573791504,-2.1644208431243896,-0.9887523055076599,-1.2940510511398315,-1.630678415298462,5.739711284637451,-2.504413366317749,4.896625518798828,9.794388771057129,3.078611373901367,1.0
-1.506543380953096,-0.08422506600618362,-0.5838663243651812,-0.6322582796477153,-0.4801901578903198,-0.0578824058175087,-0.3550029621841051,-1.4824764772040087,1.0409674823825006,-0.22306638956069946,1.5607155561447144,0.5
-0.2777580880048737,-0.20309685170650482,0.4857073128223419,2.5045967362550337,-0.5344475507736206,-0.07366981467831804,0.42338030395357806,1.3165658328608392,-1.7523464288726203,-0.7573306560516357,-1.306420922279358,0.5
-0.33055566198367015,-0.6785839796066284,-0.21088470805321208,-0.8361978344493046,-0.4801901578903198,0.2229740172624588,-0.2694391931675795,-1.197730676869984,-0.7771079540252686,0.7087631726458943,0.04281972348690033,0.6666666865348816
-0.5422053933143616,-0.2625327408313751,-0.6015247106552124,1.1772749201850223,-0.561576247215271,0.8948503998499489,1.3570244499343758,1.1198688374966377,1.6534982273800745,0.04406575486063957,-1.306420922279358,0.5
-0.9711796748426371,-0.8568916916847229,-0.19381269812583923,-0.709215884312138,-0.773921533615708,0.05446016043424606,-0.24263322075328447,-1.951055820876583,-0.34066691994667053,-1.9294376372441941,1.9502918868271129,0.5
-1.148425579071045,-0.3814045190811157,-0.2617647051811218,-0.7578643999299659,-0.42593276500701904,-0.836030263208832,-1.1348023935552114,-0.9712001258730736,1.2005181724029779,-0.0895003229379654,0.3801299035549164,0.5
-0.30148467849407384,-1.00948115575998,1.6021829686796694,2.61914328931189,-0.4523385024020009,2.830310889308741,1.4315428795618164,1.5079943748709468,-1.0099089244670996,-1.0244628190994263,-1.2220934629440308,0.3333333432674408
0.36712485551834106,-0.4246511220081941,-0.05790869891643524,0.3820584898157589,-0.6429623365402222,0.8923113625600979,-0.2695840266924226,-0.5356079974364663,-0.2756862498874004,-0.9188372049289124,0.5487849712371826,0.5
-0.01176275685429573,2.627908949672234,-2.1644208431243896,-0.6332142949104309,0.45706346578596657,-0.45108139514923096,-0.8996702397620902,0.8323378825313702,1.1472739012040487,-0.15628336369991302,-0.9691107869148254,0.3333333432674408
-0.8453154563903809,-0.14366096258163452,-0.7459026013279385,0.670720348605206,-0.6429623365402222,-0.731937825679779,-0.424679926498243,0.20923677165274404,-0.5277130603790283,-0.42341551184654236,-0.8847832679748535,0.5
1.4794553658625824,0.7014147739844475,0.4431487762001907,-0.6332142949104309,0.8862160835105962,-1.4114874375967477,-1.6669050118178517,1.2549129916042345,0.28491019577769056,0.04406575486063957,-0.37881800532341003,0.3333333432674408
-0.6179829239845276,3.096145674473917,-0.47726448251278125,-0.6776565313339233,0.44360370980584374,-0.6757665276527405,-0.35324790959308144,0.22143221139054892,0.7886878998202977,0.06734749985744089,-0.9691107869148254,0.3333333432674408
-0.7695379853248596,-0.7380198836326599,0.5536593198776245,-0.8554255366325378,-0.697219729423523,0.4708062910496432,0.16687795655293675,-1.725600184397709,0.2828202545642853,-1.2915949821472168,1.648553190578768,0.5
0.4429023563861847,0.33182618021965027,0.33893374902608625,0.17697795970326885,-0.45282434666668825,-1.0689655542373657,-0.3213895595785231,-0.9615882764844094,-1.151200294494629,-1.1798928583967128,1.0547502040863037,0.5
0.7825551669385008,-0.8168739051971231,0.21389929950237274,-0.09347170089344159,-0.4801901578903198,-0.039461180257205984,0.3848479955423211,-0.3967963208376897,-0.8394566774368286,-0.9344973957923506,0.5109061317732829,0.5
0.21556980907917023,-0.08422506600618362,1.8113677450960723,1.4816840062111944,-0.6240733595926301,0.7144633384726106,0.6201748991502479,0.8569965485713401,-0.5277130603790283,-1.0244628190994263,-1.1373899792093356,0.3333333432674408
3.5982124666442337,0.1758264181066236,2.1780012702171234,-0.045070756488463974,0.6091056350789851,-1.349821925163269,-1.6419454830371605,1.3713995170774473,-0.5900617837905884,1.1692509105624167,1.341760241880565,0.6666666865348816
-0.9210929870605469,-0.7645406620818491,-0.12586070597171783,1.3837383000355565,-0.5073188543319702,0.4476591646671295,-0.42448947821514427,-0.5083939874259498,-0.4030156433582306,0.04406575486063957,1.1879284709015503,0.6666666865348816
-0.5422053933143616,1.7550968814125114,-1.9776059180267125,0.8336978109506171,0.004330858573168547,0.12876458880425043,0.13469515183987,1.1119180412167764,0.9063074588775635,-0.46429300756398206,-1.0534383058547974,0.5
1.4762232687653127,-0.5002763271331787,1.0130761459715683,-0.6424014003650435,-0.18091307379347343,-1.3927711441092414,-0.9911451195218625,0.9552141432828497,-1.2560534585556855,-1.1580289602279663,-0.9691107869148254,0.3333333432674408
-0.3148728311061859,2.2813836820786726,-0.7968329177123186,-0.6776565313339233,-0.07325971871614456,-0.17022497951984406,-1.480724881216618,0.21931702113818136,1.3078816184001434,0.3302549201328663,1.067238879263536,0.5
-0.39065036177635193,1.8031274157996744,0.010043300688266754,0.5303305959336837,0.5328245990865963,0.4476591646671295,0.942818685849418,0.33050671849132546,-0.6524105072021484,-0.0895003229379654,-1.1786227689573832,0.3333333432674408
-0.8453154563903809,-0.8923863868892389,0.7408581631063162,-0.7087782212352801,-0.9204804288686078,-0.5634239912033081,-0.052358447652244906,-1.6975521543707617,0.9686561822891235,-1.0244628190994263,2.1623541218026667,0.5
-0.2390953153371811,1.5155538701008722,-0.6628975399573465,0.26901956364111446,-0.2089032083749771,-0.11405368894338608,1.0077251310062139,0.48678673088402674,-0.5277130603790283,0.24012444441382044,-0.9691107869148254,0.5
3.5921850071188546,-0.2625327408313751,1.1652272939682007,-0.6554354429244995,0.6972402958842475,-1.470713472794969,-1.7038908980504288,1.710104558134484,-0.5528709938983294,0.4447639584541321,0.29580235481262207,0.5
0.5944573879241943,1.2765082915698915,-0.397668719291687,-0.6109932065010071,0.8243379160985503,-1.0689655542373657,-1.4391642248353893,0.692148326137597,0.7816100120544434,0.1108487918972969,-0.8004556894302368,0.5
1.796625098891073,-0.5597122311592102,1.4263304027748338,-0.46176996031984197,-0.18894657988662755,-0.6195952296257019,0.7603193824747743,1.052706288119847,0.20748954039716566,0.3108076407147341,-0.1258353590965271,0.5
0.1397922784090042,-0.2625327408313751,-0.8293453118824633,1.3929639274378767,-0.3697264619666634,-0.6037161833144974,0.3119365050577811,1.020576701744988,-0.4030156433582306,-1.1159206411104965,-1.137765884399414,0.3333333432674408
0.1397922784090042,-0.43181263681062093,-0.12586070597171783,-0.7885403119344642,-0.9520972365908111,-0.23872816997006563,-0.3206864301361493,-1.3179894839270252,-0.2783181965351105,-1.2975329492504335,1.5607155561447144,0.3333333432674408
-1.668306849412532,2.0993788816258308,-2.0780890475730986,-0.8554255366325378,-0.2360319048166275,1.0860110737617235,0.24639781069563055,-0.9512088483899399,0.34516897797584534,-1.1580289602279663,-0.631800651550293,0.1666666716337204
3.4329891409767583,-0.20309685170650482,1.6415089852812423,-0.6998776793479919,-0.10683326475355204,-1.32027165072219,-1.7161137323074924,0.8983207941055298,-1.1747958934778269,2.1190299134333914,-0.37742340097135546,0.8333333134651184
-1.6504144295643126,-0.8713204260924269,1.261307460938794,-0.8776466846466064,-0.8401579224822745,0.2791453003883362,-0.4436359585357267,-1.336043517841201,1.758618885154237,-0.6237646341323853,0.5880532352445696,0.5
0.06401476263999939,-0.7974557876586914,0.14594730734825134,-0.6109932065010071,-0.6700910329818726,-0.3949100971221924,-0.22131422043816423,-0.7855536141515865,0.46986642479896545,0.4447639584541321,0.7370285638348147,0.5
-0.46642789244651794,-0.9163275957107544,0.5536593198776245,-0.8109833002090454,0.45624104313881214,0.8640850607581819,0.06529702116459671,-0.7808490479191953,-0.5900617837905884,-0.5569815635681152,-0.041507821530103683,0.3333333432674408
-0.46642789244651794,1.3334081109175737,-2.1644208431243896,-0.7528923031650676,0.05015966303944894,-1.3866973104695615,-1.7656369328851724,0.8518498122103486,2.3715703046329892,1.2304231153197438,-0.9691107869148254,0.5
-0.2390953153371811,-0.5002763271331787,-0.6015247106552124,-0.07821478724312235,-0.2902892827987671,-0.3506422593922642,1.0700366531560255,0.16024267267557069,0.7192612886428833,0.17763182520866394,-0.46314552426338196,0.3333333432674408
-0.08754027634859085,0.20849414107146153,-0.5287851430445247,-0.8554255366325378,-0.3861676000766078,-1.0910349749934536,-0.28837971640486,-0.3659545098993975,0.2828202545642853,-0.961110616756986,-0.631800651550293,0.3333333432674408
0.6238387710063051,-1.0351994037628174,-0.4656206965446472,1.7900432099246357,-0.42593276500701904,-0.11175717941957461,1.2327305447550818,1.0793420340042852,-1.6511635126932829,0.17763182520866394,-1.137765884399414,0.5
0.949984204515406,-0.5597122311592102,1.4485340054690992,0.725467553891268,-0.22967129858384647,-0.0017111222259700298,1.0285512043586897,1.033216118812561,0.033425383269786835,-0.6237646341323853,-0.9691107869148254,0.5
-0.8065316505399527,0.5724983378679737,0.5973720683589491,-0.6475781590828193,-0.6533345286307134,0.3661331770622459,-0.2958850344589991,-1.5824799463849775,1.1257405845876995,-0.49019855260849,1.8608720472918854,0.6666666865348816
-0.9210929870605469,-0.024789171293377876,0.28185129165649414,-0.40126279991207936,-0.3413372795061591,0.2791453003883362,0.13865096014109507,-0.8615627876106604,0.033425383269786835,-0.2898494303226471,0.6331125497817993,0.5
-0.2390953153371811,-0.7380198836326599,0.14895743571450745,1.8691048111870228,-0.18177451193332672,-0.30659084973958073,0.14408218321694458,1.1236390250118466,-1.237523638253768,-1.2915949821472168,-1.4552902881869794,0.5
0.938226264785865,0.7744791987258903,2.6905510356501297,-0.7443199157714844,-0.6158336400985718,-0.3041798101504886,0.37756822625056413,0.10185052678754143,-0.7771079540252686,-1.0244628190994263,-0.9691107869148254,0.3333333432674408
-0.6937604546546936,-0.3814045190811157,0.14594730734825134,-0.8776466846466064,-0.8493988400634166,-0.5072526931762695,0.4171861624328197,-1.6763162749462586,0.2204715460538864,-1.0912458896636963,1.5607155561447144,0.5
0.34373889944980895,0.3726644067931091,-0.6694766879081726,-0.45748367438829646,-0.561576247215271,0.8019839829457361,0.23303567057810892,-1.3043347523012394,-1.7038362496048098,-1.4764987029235215,1.392060399055481,0.5
0.06401476263999939,-0.5002763271331787,-0.05790869891643524,-0.8109833002090454,-0.3309788431195082,-0.0578824058175087,0.4746151230830701,-1.136392653673284,-1.399384633344368,-0.890896737575531,0.5487849712371826,0.5
-0.5422053933143616,1.600098598975408,-0.8053807020187378,-0.6554354429244995,0.27623139179076944,0.5038304328918457,-0.3686480554155021,0.1209790705256706,1.8135614578311343,0.04406575486063957,0.3801299035549164,0.6666666865348816
-0.5422053933143616,0.15351851284503937,0.34980329871177673,1.0553715308015776,-0.6116297523272276,0.16680273413658142,0.5893175206407792,0.46248266709343394,-1.479498690897566,-0.0010617276765048159,-1.0862624206583122,0.3333333432674408
-0.16331779956817627,-1.0351994037628174,1.1652272939682007,1.766380303088674,-0.21851180217097269,0.7031352277019515,0.4447740782725087,1.00379400892547,0.0957741066813469,-0.8241137266159058,-0.9213060278847532,0.5
0.21556980907917023,1.5794932799872858,0.011800864621594373,-0.3857089531135438,0.9412170465716816,0.33531656861305237,0.6774456931284114,0.5371731700957897,0.2204715460538864,-0.46815459302211,-1.137765884399414,0.3333333432674408
-2.443720698807073,-1.1784098208906442,-1.3709903275514188,-0.7220988273620605,-0.6676855158958525,-0.5989411662923859,0.4561456457366476,-0.7364010377102252,1.7221530250339745,-0.0895003229379654,-0.37881800532341003,0.5
0.06401476263999939,-0.6191481351852417,0.21389929950237274,-0.6998776793479919,-0.18177451193332672,0.3772583389459674,0.3331153748057899,-1.124657187890978,-1.0617632661942336,-0.15628336369991302,0.8017675876617432,0.3333333432674408
-0.9210929870605469,1.9242626606299102,-1.5601978706951427,-0.7220988273620605,-0.2902892827987671,-0.7881091237068176,-1.325966548983342,-0.8553181886672974,1.975951271493372,0.37798094749450684,1.6366765278937194,0.6666666865348816
-0.7319326192025809,-0.5964589067775944,2.658105249637295,-0.8998677730560303,14.780528917633172,2.6496710295212136,0.8380012111874171,-0.5695792228175117,-1.0673874930118095,-1.3583780527114868,-1.4750760793685913,0.5
-1.0769199165386285,-0.20309685170650482,-1.062579672024571,1.7002481973613157,-0.5887049436569214,2.3052025676275965,1.3702888140815201,0.8048132697963989,-0.34066691994667053,-0.02271728403866291,-0.9691107869148254,0.3333333432674408
-0.2390953153371811,0.9545941425636411,-0.397668719291687,-0.6554354429244995,0.5778290033340454,-0.9566229581832886,-1.188864296444264,-0.7669318635349374,0.1328186736696699,1.6077787521107483,1.5607155561447144,0.6666666865348816
0.06401476263999939,-0.8516031399507836,-0.397668719291687,-0.8426148771629041,-0.4801901578903198,0.5175054179109138,0.3261365972198733,-0.3515229311592326,0.1480615550688429,1.451561567347414,-1.1242947851836484,0.5
-0.2390953153371811,0.38163100558719354,-0.05790869891643524,-0.08942468171298856,-0.23304692639444066,-0.45108139514923096,0.46918885752526623,0.2849670368327139,0.23420649632937088,-0.42250380009394567,-0.631800651550293,0.3333333432674408
-0.32495274155835024,-0.19559580594152726,-0.7841702159512496,-0.8109833002090454,-0.12751711905002594,-1.4209122052201972,-0.7973426008722506,-0.2893251421916477,0.7212388803972253,-0.7573306560516357,-0.46314552426338196,0.3333333432674408
0.21556980907917023,-1.0890393998898424,0.6895633339881897,0.28614851336155667,-0.23898883516058345,-0.3378650232747272,0.495035505141365,-0.07962436542314087,-0.028923334553837776,-1.5302314062951345,0.14814295939220368,0.6666666865348816
-0.21444123904691492,-1.094635248184204,1.8039394415382535,-0.10207830304538609,-0.34454667568206787,0.5038304328918457,0.9106293563252281,0.3603498906436421,0.9686561822891235,-1.0244628190994263,-0.8614659624204885,0.5
-0.39065036177635193,-1.094635248184204,0.5536593198776245,-0.8998677730560303,-0.4801901578903198,-0.5858517214696314,-0.37462413605348777,-1.2443954863937998,-0.9641541242599487,-0.957679808139801,-0.08516557883790726,0.5
-0.46642789244651794,1.720662736156088,-1.5894858515708774,0.07082692485707817,0.062383756041526794,-0.8488340530598985,-1.3385845962076701,0.6955130371761492,1.4227754553090814,1.4619924662999935,0.7861169645503605,0.5
0.29134732484817505,-1.2591002617752196,0.28185129165649414,1.4813422026082244,-0.5530851279961188,0.6502632154641846,-0.09151670084182208,0.4306392033205155,-1.98188982689531,0.24441486597061157,-0.691883873539391,0.5
0.1397922784090042,-0.3219686448574066,0.010043300688266754,1.208518828935947,0.25052029016138055,1.6267259738970512,0.5826731839158312,0.5219047200779114,-1.5218970204520834,-0.957679808139801,-1.137765884399414,0.5
0.21495492614101697,-0.08422506600618362,0.03976241224023384,2.63236763687374,-0.37167537212371826,0.8910584814447355,1.4847891125311694,1.333271882418141,-1.051585298696316,0.1108487918972969,-1.306420922279358,0.5
1.7690635574609228,1.6554707396195094,-0.2617647051811218,-0.6790747369237227,0.7191332215161375,-1.2936506271362305,-1.517473140227718,1.1127781080091117,-0.2783181965351105,1.9735445380398027,-0.845265739635604,0.5
-0.6179829239845276,-0.14366096258163452,1.6509746510151804,1.3850231570879377,-0.001473970316490724,1.109919468417624,2.203592997007339,0.8196230159583242,-0.5627614860291184,0.23796673284708894,-1.306420922279358,0.5
-0.5422053933143616,-0.5002763271331787,-0.12586070597171783,-0.7887621521949768,0.6964746625630216,-1.2936506271362305,-1.654476701117397,0.47588770717298157,1.646255716358227,1.6404942812448955,0.04281972348690033,0.5
-1.072648048400879,0.09408261626958847,-0.550172477546072,-0.6776565313339233,-0.1775052626666119,0.11063144356012344,-1.1094759785103776,-0.32048332067357976,1.6395927482219825,1.7694386907794923,0.7174400687217712,0.5
-0.020437264303389283,-0.19148123366712766,-0.2617647051811218,1.638358605063608,-0.04613102599978447,1.2634996905333875,1.2547450956612656,1.0725019311711583,-1.005172294867204,1.055180624127177,-1.137765884399414,0.5
-0.3148728311061859,-0.9770855212972873,0.14594730734825134,1.119331254958122,-0.2089032083749771,1.1209054228656377,0.6254566934161462,0.4516900960065051,0.033425383269786835,-0.890896737575531,-0.5861091903578285,0.5
-0.08754027634859085,-0.8568916916847229,0.8934193253517151,-0.7443199157714844,-0.6700910329818726,-0.08299654881523395,-0.4999784418838865,-1.313670041822944,-0.2783181965351105,1.2646340684208262,0.7344553424588758,0.8333333134651184
-0.39065036177635193,-0.5597122311592102,-0.12586070597171783,1.6555348746936773,-0.2902892827987671,1.3448994276956177,1.1925848303140159,0.8323042821216246,-0.028923334553837776,-0.6905476450920105,-0.7475400521143362,0.3333333432674408
1.4397992177978307,-0.6824835186104652,1.1652272939682007,-0.7853923883534336,0.28832160295906617,-0.22639626264572144,-1.1643004393158867,0.43280869874999356,0.07110224839844323,3.313847500641178,-0.1938991502216493,0.5
-1.224203109741211,-0.20309685170650482,-0.397668719291687,-0.06133813847861199,-0.3961876948713278,-0.22639626264572144,-0.00011421364924578815,-1.6624577438309773,0.7816100120544434,-1.3979947326718145,2.4710888454953936,0.6666666865348816
-0.08754027634859085,-0.2625327408313751,0.34980329871177673,-0.544329822063446,-0.6919050402724337,-0.14636032173135835,-0.5001915259524954,-1.8185945267388242,-1.5188248297275613,-0.957679808139801,1.813698172569275,0.5
-0.3148728311061859,-1.126199860520721,-0.3297167122364044,0.13697436324429987,-0.5438403681917885,-1.0914184992080354,-0.6808103863803554,-0.5183636149921093,-0.4030156433582306,0.2981390960239203,0.14292893233901904,0.6666666865348816
0.4429023563861847,-1.0351994037628174,0.07799530029296875,0.4115088220105913,-0.2360319048166275,0.33531656861305237,-0.009978369157269388,0.545725843380511,1.8373640604209187,-1.0244628190994263,-0.7161281704902649,0.5
-0.08754027634859085,-0.6191481351852417,0.07799530029296875,-0.008475503444869083,-0.5344475507736206,-0.0945260242224463,0.42219039240999795,-0.5624077954979209,-0.028923334553837776,-0.7573306560516357,1.223405361175537,0.5
0.5186799168586731,-0.8568916916847229,1.1652272939682007,-0.8554255366325378,-0.39880406856536865,0.23050850839794204,-0.18827178958478524,-1.4054074370341059,-0.8394566774368286,-0.6237646341323853,1.1660535964806487,0.3333333432674408
-0.01176275685429573,-0.9163275957107544,-0.3297167122364044,-0.2727549077083151,-0.2631605863571167,0.11063144356012344,-0.10451826309797109,-0.3564559498714416,0.0957741066813469,-0.6905476450920105,-0.2101629078388214,0.3333333432674408
-0.39065036177635193,-0.8568916916847229,-0.941284716129303,1.8228984592925201,-0.5887049436569214,-1.1251368522644043,-0.7532455763011978,0.9125630988383778,-0.15362077951431274,-1.5251248862358524,-0.8004556894302368,0.3333333432674408
0.06401476263999939,-0.14366096258163452,-0.2617647051811218,2.385616569288636,-0.5073188543319702,1.0658914307859255,1.206812703475559,1.359950473992026,-0.7771079540252686,0.004752420310704216,-0.590757784784765,0.3333333432674408
0.7460124492645264,1.918153129122268,-1.2725163449571621,-0.7220988273620605,1.5319193393372013,-0.9566229581832886,-1.584187135811804,0.9139399549718954,0.11291507754436536,0.9369698351200518,-0.8125393990733956,0.3333333432674408
-0.46642789244651794,-0.3814045190811157,0.5536593198776245,-0.7443199157714844,-0.6429623365402222,-0.8442803621292114,-0.23344089424008818,-1.686748014171254,-1.4877671753981005,-1.4350461881494607,1.5607155561447144,0.5
-0.9210929870605469,1.6949303232981232,-1.153413159538112,-0.7220988273620605,-0.2325349583208706,-1.3303659855861691,-1.8440814722721175,0.01528001305762596,2.33531567303634,0.8915950219262924,0.3989725305040495,0.5
0.29134732484817505,-0.5002763271331787,0.4177553057670593,-0.45779990501915907,-0.37894901002480974,-1.0689655542373657,-1.0155437122154245,-0.961774105851911,0.2828202545642853,-0.22306638956069946,1.223405361175537,0.6666666865348816
-0.2638488381835785,-0.3814045190811157,-0.12586070597171783,0.7619528444028033,-0.15464581549167633,-0.003129126204676237,0.41487178806559516,0.6452734765371998,0.02835613088348033,-0.22306638956069946,-0.8847832679748535,0.5
-1.3684689985782685,-0.9757634997367859,-0.6724021780355395,-0.7595129613669938,-0.2631605863571167,-0.2587551730257297,0.4422150229803126,-0.24838154750404587,1.3281982122983325,-0.8241137266159058,-0.9691107869148254,0.3333333432674408
0.4429023563861847,-1.0351994037628174,0.28185129165649414,-0.12389918600037028,-0.2902892827987671,-0.11405368894338608,-0.10321265482022896,-0.7257398674566309,-0.34066691994667053,-0.15628336369991302,0.3801299035549164,0.3333333432674408
-0.4074761073036729,0.2910540827117602,1.29787365739298,1.4896354591205054,-0.4746063841717377,0.16680273413658142,1.0548183643896305,1.165422020246131,1.025495405097972,-0.5569815635681152,-1.137765884399414,0.5
0.21556980907917023,-0.2625327408313751,-0.2923655372402682,-0.5887720584869385,-0.6158336400985718,0.8527647423309389,-0.38846541755503267,-2.0098287745261962,-0.6656242918825029,-0.890896737575531,2.8925776500827234,0.5
0.7460124492645264,-0.3814045190811157,0.33563814000242764,-0.7220988273620605,-0.03683948078370264,-0.731937825679779,0.9903443206003588,0.21967521353356645,0.0957741066813469,0.5783300399780273,-0.631800651550293,0.3333333432674408
0.21556980907917023,-0.5002763271331787,1.3570223129230918,0.7545000673453254,-0.2902892827987671,1.0766248156755895,0.3146317079580664,0.15120595277370405,0.11281134016585664,-0.4973078334390598,0.6354767428921333,0.5
-0.9968705177307129,-0.08422506600618362,-0.5335727334022522,0.11809471459097551,-0.561576247215271,-0.5072526931762695,-0.3423915519998494,-1.1987190723142673,-0.5962461701797555,-1.0912458896636963,0.8076068544604177,0.5
-0.6179829239845276,-0.2625327408313751,-0.2617647051811218,0.9909938982308901,-0.5414627845506107,0.33531656861305237,0.6459251029539238,0.6756859124979239,1.7945095629029093,-0.49019855260849,0.12714727222919464,0.5
0.4429023563861847,-0.6191481351852417,1.8130813541533053,1.1855715161462168,-0.6082536199155559,-0.17022497951984406,0.4511112095847354,0.6954235607015916,-1.824862985608298,-1.0244628190994263,-1.4750760793685913,0.6666666865348816
-0.6179829239845276,-0.20309685170650482,-0.397668719291687,-0.49714995398668793,-1.0158154649761735,1.3441303629483945,0.6184992495314127,-1.735731465791823,-0.30161703940209306,-1.2869854868444266,2.008126658746195,0.6666666865348816
-1.136091827903628,-1.2057594315054603,0.6895633339881897,-0.8554255366325378,-0.4791579430403132,1.170418530659164,0.2739314984835573,-1.1968853178175776,0.9063074588775635,3.179493974254022,-0.2101629078388214,0.5
-0.39065036177635193,-0.7380198836326599,-0.8573623357686415,-0.8554255366325378,-0.45306146144866943,1.8795950234131191,0.37452264571451305,-1.1379890247809685,-0.4030156433582306,-1.0244628190994263,-0.019669108663480213,0.5
0.29134732484817505,-0.9321166899530933,-0.17478651835226047,-0.8109833002090454,-0.18177451193332672,0.43710122858349804,0.878905022986407,-0.22531306125878006,-0.34066691994667053,-0.2898494303226471,-0.46314552426338196,0.5
0.6188848872873713,-0.5597122311592102,-0.2617647051811218,0.0368857102623982,-0.5073188543319702,0.39274671263331995,-0.02475315589546709,-0.2549296366317234,-1.8615738991059143,-1.0244628190994263,0.21147480607032776,0.3333333432674408
2.448844113476619,-0.20309685170650482,0.35094279260053735,0.5287232146587225,-0.2360319048166275,-0.5634239912033081,-0.01965467656107381,0.29088096093229354,-1.4203590264307928,-0.6905476450920105,0.6291481253252773,0.3333333432674408
4.2704233190799465,1.3453722532591867,1.8225005840108328,-0.5887720584869385,2.2836514845779194,-0.731937825679779,-0.3095668052677972,1.6148168960573166,-1.6258764644162766,6.736906033699428,-0.37881800532341003,0.3333333432674408
-0.39065036177635193,-0.024789171293377876,-0.3297167122364044,-0.3194666828882716,-0.7243484258651733,-0.22639626264572144,-0.2489522721509044,-1.6056522478659132,-0.46536436676979065,-1.5249205415286942,1.813698172569275,0.6666666865348816
0.6572901206448353,-0.7974557876586914,0.6895633339881897,-0.8554255366325378,-0.4801901578903198,-0.0578824058175087,0.425469899917686,-0.2759726913621885,-1.2770160657944765,0.8245155331310954,-0.01684008155106132,0.5
-0.6937604546546936,-1.2925589718477963,-0.48297374916511066,-0.833204448223114,-0.15464581549167633,-0.4657136730130086,0.03698234566347165,-0.5521688175584306,1.9911445120645064,-0.49019855260849,-0.10013272104067916,0.5
-0.2390953153371811,-0.20309685170650482,-0.05790869891643524,-0.39528872298008044,0.5502779636310084,1.1217145919799805,1.2243764116759377,0.02263903114304682,0.22114955138872636,-0.49143892447936754,-0.9691107869148254,0.5
-0.9210929870605469,-0.9757634997367859,-0.6969149631490232,-0.833204448223114,0.41355474882902216,2.529793541870547,1.0219616890516428,-0.652472981199056,0.3030593358539772,0.6451131105422974,-0.631800651550293,0.5
-0.3148728311061859,-0.5597122311592102,0.17135507450291718,2.246152187419464,0.044486431449643836,0.5002830628103729,-0.18573321929908743,1.73677783572631,-0.46536436676979065,-0.706836512180558,-1.0534383058547974,0.5
0.29134732484817505,1.7465932721884394,-1.5883958766515405,-0.5426657716540907,0.7057431651113375,-0.731937825679779,-0.8170596777585762,0.8256278462832726,0.5945638418197632,-0.6237646341323853,-0.9691107869148254,0.3333333432674408
-0.46642789244651794,1.077548442515152,-1.7393938759877408,0.36065931983925564,0.33576620839813504,-0.3292361308343588,0.17336040267653818,0.31618052147976244,0.7192612886428833,-0.49019855260849,-1.2220934629440308,0.3333333432674408
-1.586185558047574,-1.1498669470105025,9.112389485815843,-0.9847332230045747,15.037424087524414,13.606155022795585,0.04606867023321095,-1.3591935429907498,-2.3647221231883484,-1.9885205913255548,-2.1324825095081112,0.5
0.5944573879241943,1.0963004139864079,-0.12586070597171783,0.39023369023165155,0.980208743837665,-0.11405368894338608,-1.1760659112352092,1.7240042407650573,1.5840806082867638,2.1933638959459616,-0.3131064608124946,0.5
0.8217899799346924,3.3996079216552206,-1.6125809362485986,-0.0888192540458552,0.7609099484802514,-0.2825675308704376,-0.5071661958663002,1.5709728131274623,0.8148525631960184,0.1108487918972969,-0.8847832679748535,0.3333333432674408
-0.46642789244651794,-0.3814045190811157,-0.7878990941273069,0.7602842881743961,-0.2631605863571167,-0.9566229581832886,-0.0010423132172432416,0.22381053532516107,0.6569125652313232,-0.15628336369991302,-0.2944904565811157,0.3333333432674408
0.9251556499495384,0.09408261626958847,1.4238284745546532,0.2178215187677855,0.8212272717721875,-0.8442803621292114,-0.9201634049875417,1.198370455456461,0.5310806730058886,0.7786791324615479,-0.631800651550293,0.3333333432674408
-0.39065036177635193,-0.9757634997367859,0.905694507485062,-0.7887621521949768,-0.7177824990832382,-0.38039597090511784,-0.2545637753030776,-0.916259623990961,0.4075177013874054,-0.49019855260849,0.2736855620440338,0.5
1.3169983445904814,4.290643155118201,-2.129058275607108,-0.6776565313339233,0.7627437966892612,-1.2261881031950865,-1.5520284562072288,1.0271088360380336,0.46986642479896545,-0.49019855260849,-0.631800651550293,0.3333333432674408
-0.08754027634859085,1.6712122003025236,0.5536593198776245,-0.8554255366325378,0.8768513269312539,-0.7879140333033479,-0.8643511861785084,0.5139621623769092,0.2828202545642853,0.6451131105422974,-1.137765884399414,0.3333333432674408
0.17595241456512473,0.03464672341942787,0.010043300688266754,-0.766541063785553,-0.04412812357960237,-1.1813081502914429,1.049217678918798,-0.14276349818908166,-0.34066691994667053,0.5783300399780273,-0.631800651550293,0.3333333432674408
-0.7469873865050314,-1.0351994037628174,-0.12586070597171783,-0.8554255366325378,-0.45306146144866943,-1.0689655542373657,-0.5184285361341565,-1.7793783210856213,-0.46536436676979065,-0.7505435703884585,1.392060399055481,0.5
0.06401476263999939,-0.43257685356611786,-0.397668719291687,-0.058485009526428815,-0.6221432452436367,-0.718363068528988,-0.5030771755287221,-0.31187144144822737,-1.5526050944801142,-1.372078444814401,-0.041507821530103683,0.3333333432674408
2.337844996737023,3.5354713156075137,1.1652272939682007,-0.6109932065010071,1.0833951216133388,-1.1251368522644043,-1.4658390586362022,1.1994601414106374,-0.38462000812796004,0.011750798495036074,-1.137765884399414,0.3333333432674408
0.06401476263999939,-0.5597122311592102,0.4177553057670593,-0.6332142949104309,-0.2360319048166275,1.6796893050326038,1.4894406029177518,-0.14272914732332362,0.34516897797584534,-0.8241137266159058,0.04281972348690033,0.5
0.1397922784090042,-0.6785839796066284,0.8449138690255096,2.724117965981153,-0.1815299555306973,1.564603570357883,1.58969132211417,2.0885759784971953,-0.7771079540252686,2.015924129479746,-0.9691107869148254,0.5
3.3137610550208922,0.8816519939150232,1.6343245170148428,-0.08795453825914347,0.6698185340271461,-1.237479329109192,-1.219869593218144,1.806684199547266,-0.9018054008483887,2.4093432066247993,1.764198312159951,0.5
-0.5452497316663746,-1.094635248184204,-0.006444632008730314,1.1915751626123026,-0.34454667568206787,-0.3949100971221924,0.010056597297918898,0.6597113034000419,1.1592218370823477,-0.792669520701603,-0.7161281704902649,0.5
-0.01176275685429573,-0.2625327408313751,-0.05790869891643524,-0.6998776793479919,-0.2631605863571167,-0.22639626264572144,0.1618870830697571,-0.460112745794051,0.6508440902872097,-0.09881689984617678,0.3801299035549164,0.5
-1.061414552893217,2.563244031986497,-1.8996566569519444,-0.6332142949104309,0.6320500021857479,-0.9566229581832886,-1.6640422603058298,0.4199229333395847,4.650298391479204,0.5115470290184021,0.8621344892383964,0.5
-0.08754027634859085,2.7589379716261284,-1.9842793460526522,0.2855112892230719,0.8282391848567157,-0.731937825679779,-1.2408135676802021,0.760625551978028,0.34516897797584534,-0.49019855260849,-0.9691107869148254,0.1666666716337204
2.237064878732416,0.9403560820043118,0.6209898080312908,-0.544329822063446,1.4870950672326932,-1.4059932231903076,-1.8283724094669331,1.0987702369184544,-0.2159694880247116,0.9122452139854431,-0.2753836734769316,0.6666666865348816
-0.6179829239845276,-0.024789171293377876,-0.5335727334022522,-0.7220988273620605,-0.34454667568206787,-0.7881091237068176,-1.5097293250558028,-1.9812315320409448,0.7296794179121974,-1.3665491247419654,3.0074587961085384,0.5
-0.3148728311061859,-0.8568916916847229,0.5536593198776245,-0.7220988273620605,-0.7557140092468153,0.6723442673683167,0.20989647773578346,-1.2227669069400033,-0.028923334553837776,-1.1580289602279663,0.9910133459734938,0.5
-0.8452186403495393,0.8630295229008867,-1.6583570147658375,2.2595590903531035,-0.11983477733023316,0.8855252310531211,1.5058293619703544,1.446831266958859,0.8439587354660034,0.4447639584541321,-1.137765884399414,0.5
-1.224203109741211,-0.3814045190811157,-0.5335727334022522,1.4841095335268923,-0.17859473591921027,-0.9566229581832886,-0.03629462118760836,0.8516638369096371,1.0933536291122437,-0.42341551184654236,-0.9691107869148254,0.3333333432674408
-1.260248572157967,-0.8568916916847229,-0.397668719291687,-0.766541063785553,-0.697219729423523,-0.8088384175821501,-1.0441411092878174,-1.5009372416049573,0.7816100120544434,0.04406575486063957,0.8976541181560161,0.6666666865348816
-0.7695379853248596,-0.6785839796066284,-1.0144904940384385,0.1995538214053217,-0.6158336400985718,-0.6195952296257019,0.6034539076872085,-0.6373679001488592,-0.2856241206725845,0.24441486597061157,0.04281972348690033,0.3333333432674408
0.40012117370469036,-0.2625327408313751,-0.27133464224724724,1.677045082336643,-0.39880406856536865,0.23541066786284962,0.2832066469409285,0.9622950738909035,-1.151200294494629,-0.2246294668267923,-0.631800651550293,0.5
-0.2390953153371811,-0.5506932875747599,0.24107840461114172,-0.02970240054279766,-0.8682166167900924,0.009476479429064207,-0.2634416965270624,-1.1154874548911882,-0.7771079540252686,1.264644337183193,1.3628962059048308,0.5
0.7005086572978828,-1.1472375805558066,0.6496230127383864,2.3337268485669758,-0.2601487761543722,0.33813152764823284,0.5675696098942706,1.6755073515198406,0.0957741066813469,-0.22306638956069946,-1.306420922279358,0.5
0.13558788807999536,-1.2991710264906198,0.844159637896109,-0.9119665693709303,-0.37167537212371826,-0.11405368894338608,0.15711565986591014,-0.9098946566368438,0.0957741066813469,-0.8715127443808303,0.5487849712371826,0.5
0.04544106344300652,-0.9163275957107544,-0.3297167122364044,0.8815140376425248,-0.2934006576441392,-0.17022497951984406,0.5947059148898219,0.7846645121385675,0.9686561822891235,-0.3566324710845947,-1.117501581817661,0.5
-0.3148728311061859,-0.6191481351852417,-0.80457716847744,-0.07381608548045951,-0.15464581549167633,0.4476591646671295,1.4056931468794602,-0.6016200071584737,-0.2783181965351105,-0.6237646341323853,0.3801299035549164,0.3333333432674408
-0.6179829239845276,0.39151765049781984,-1.872345325032401,-0.8554255366325378,-0.2902892827987671,-0.3949100971221924,-0.4091908400441565,-0.5164414993648916,-0.296294058327611,-0.45257493487254286,-0.8004556894302368,0.3333333432674408
-0.2390953153371811,0.6684833988744512,-0.3297167122364044,-0.029337318650574554,-0.682632356025937,-0.0578824058175087,-0.1303958919329803,-1.1019680971012438,0.5945638418197632,-0.15628336369991302,1.3873116835912755,0.6666666865348816
-0.2390953153371811,-0.8568916916847229,-0.19381269812583923,-0.5887720584869385,-0.7679976154157894,-0.48467735092107617,0.2868778967635398,-0.7069189702893248,-0.028923334553837776,-0.0895003229379654,0.3801299035549164,0.6666666865348816
-0.30636778105646595,0.9197918327278326,-1.4012671408550483,-0.7220988273620605,0.09197995896822272,-0.7618124887059254,1.0910361994730424,-0.08408622631946779,0.7192612886428833,-0.6237646341323853,-0.8004556894302368,0.5
-0.07731578856033634,-0.7974557876586914,0.2803960866816381,-0.8142277275009638,-0.5073188543319702,0.11063144356012344,-0.26227360283725276,-1.0963734284699906,-1.5162149011331019,0.3111979067325592,0.12714727222919464,0.5
3.5917460711262494,1.4265015151811309,2.0734580432086434,-0.3974864792549661,0.6212721912769054,-1.0689655542373657,-0.7422046396905129,1.99819324352895,-0.5277130603790283,0.9122452139854431,-0.7161281704902649,0.3333333432674408
-0.9210929870605469,-0.4408404231071472,0.28185129165649414,-0.6998776793479919,0.13311448675917598,-0.17022497951984406,0.8389582513455747,-0.44746725632680745,-0.7771079540252686,-0.8432179193933929,-1.0534383058547974,0.3333333432674408
-0.3148728311061859,-0.3219686448574066,-0.5335727334022522,1.7907877668117849,-0.2902892827987671,1.790889909424225,2.2570059234560977,0.8245764149240806,0.5945638418197632,0.15996066063889317,-0.37881800532341003,0.3333333432674408
-0.08754027634859085,-1.568640023315521,-0.09998566849117466,-0.5470030729084078,0.7556366183623898,0.6641749405340718,0.4491074585220184,-0.552120277116952,-0.7771079540252686,0.37798094749450684,-0.46314552426338196,0.6666666865348816
-1.1112370277883437,1.0137381314634952,-0.799724828537986,-0.3916358056923661,-0.32638143026439287,-0.45108139514923096,0.153213562267609,-0.8261179904664104,0.34943351563972885,-0.6905476450920105,0.21147480607032776,0.5
0.5186799168586731,-0.14366096258163452,1.085460560129782,-0.7443199157714844,0.1271624359363233,-0.45108139514923096,0.369062237617054,0.22242052228742648,0.2636017335536008,0.37798094749450684,-0.7161281704902649,0.3333333432674408
0.4429023563861847,-0.024789171293377876,0.6895633339881897,0.5351647713532381,-0.5342063069971353,-0.5072526931762695,0.8338523688567726,-0.6818313213376889,-0.34066691994667053,-0.5569815635681152,1.821378061860085,0.6666666865348816
0.5186799168586731,2.313084054298039,-0.8001688313725389,-0.6998776793479919,0.6751483469510133,-1.4059932231903076,-1.3834482057658237,0.9840919932323716,0.08992286188608703,1.6592049578729369,-1.306420922279358,0.5
0.2813118912897492,-0.6785839796066284,0.6895633339881897,3.8688765410467516,0.5216896658651723,-0.3949100971221924,1.2584564966080922,2.850433427942554,-3.0815261424340634,-0.15628336369991302,-1.559403657913208,0.3333333432674408
-0.5422053933143616,-1.1350318358033211,0.49413428822942235,-0.8776466846466064,-0.8428906973127291,0.05446016043424606,-0.8513513452729234,-1.5049663367909143,0.05551321465707483,-0.6237646341323853,1.223405361175537,0.5
-0.5479038259895642,0.8977179657144416,-0.9978810541619233,-0.8109833002090454,0.013048613885949575,-1.1422692506470256,-0.871329268290852,-0.9171372844250398,-0.2783181965351105,-0.5283941257339878,0.3801299035549164,0.5
0.1397922784090042,0.21295440196990967,-0.941284716129303,-0.6998776793479919,0.5376767542788381,-0.3387388288974762,-0.9562903631429943,0.6517242342317979,2.6894630451156654,0.5783300399780273,-0.2944904565811157,0.5
-0.16331779956817627,-0.5597122311592102,0.6895633339881897,1.7528160951892189,-0.37167537212371826,1.979378800161438,0.5224190773622341,1.1680058623812242,-1.0265028476715088,-0.42341551184654236,-1.244935398861148,0.3333333432674408
-0.4134197770574901,-0.5002763271331787,-1.387264846356258,1.611868779906228,-0.05644144888036344,-0.6195952296257019,0.3151192874089062,0.8352575362690715,-1.446249497666288,-0.7573306560516357,-1.2220934629440308,0.5
0.206481992394498,-0.8568916916847229,0.7217788409272117,-0.6332142949104309,-0.4801901578903198,0.05446016043424606,-0.18331765745567594,-0.6089115981586177,-0.24013907651844102,1.2791964895367918,0.9704226851463318,0.6666666865348816
-0.7992750083846218,-0.20309685170650482,-0.19381269812583923,-0.183918306291692,1.447979663194646,1.5657491502720866,0.5193469888492536,-0.7565069058670314,-0.7147592306137085,-0.22306638956069946,-0.46314552426338196,0.5
-1.0646301346141984,-0.6191481351852417,-0.9045550186815248,0.7073130309397063,-0.7636319410643796,1.574570165070468,0.8968169256900709,0.09500898307734093,0.4204000924895888,-1.0244628190994263,-0.2944904565811157,0.3333333432674408
-0.6179829239845276,-0.9362174960186685,-0.12586070597171783,0.783262408417055,-0.34454667568206787,-0.7442117717816262,-0.35543441293561673,0.43307957706765593,-0.2675485122407153,-0.4729346520405411,-0.8178550417109345,0.5
0.21556980907917023,-0.4229322502178056,-0.397668719291687,0.5901883819167062,-0.07325971871614456,1.2880678890662562,0.724013940433911,0.1492921106936727,-0.7147592306137085,0.04406575486063957,-0.2944904565811157,0.5
1.602864964718901,0.09459923125154446,1.0135816105834834,-0.7443199157714844,1.037751608157435,-1.531056793687748,-1.7838920466889925,0.9189088808504171,-0.8300021156479248,1.4535150619399118,-0.9691107869148254,0.3333333432674408
-0.3148728311061859,-0.7531186924295887,-0.05790869891643524,-0.6662312055252989,-0.27245609143996996,-0.42233604752211545,0.2356122562781247,-1.3958359243040999,-1.4005951881408691,1.3103260952646298,1.284676029986236,0.5
-0.46642789244651794,-0.7974557876586914,-0.05790869891643524,1.7145084410902158,-0.561576247215271,-0.731937825679779,-0.6214161201210926,-0.11085032303038445,-1.213549017906189,-1.4610793581504267,0.5487849712371826,0.5
-0.6937604546546936,-0.6933886258125045,-0.988347737801325,-0.5251801992565913,0.40600560134506025,-0.03156852373247709,-0.10344549122972313,-0.2132451983982378,0.4499296191806483,-0.42259485287456605,-0.8004556894302368,0.3333333432674408
0.2329064608477817,-0.7380198836326599,0.24636050847329166,0.8578345652432772,-0.2631605863571167,1.304415484412629,1.043711096332172,0.6026493334033624,0.15812282264232635,-0.2949674311150997,-0.2944904565811157,0.5
-0.5422053933143616,-0.5002763271331787,-0.6694766879081726,-0.8109833002090454,-0.2631605863571167,0.375318498034782,0.16099970517825885,-0.9278457461300883,0.21493426536933333,-0.20864197231253395,0.5487849712371826,0.5
-0.2786374950916002,-0.5002763271331787,0.34980329871177673,-0.38177536721195293,-0.0735318810472078,0.20960060111198114,-0.26550024598641586,-1.2967243909004538,-0.8719482959063087,0.15694978910719654,1.6903149466470258,0.5
-0.16331779956817627,-1.128879071509177,0.6216112971305847,-0.8554255366325378,-0.7786058187484741,0.6723442673683167,-0.019509974867105484,-1.604039979319459,0.20499165313146986,-1.5091819622626936,1.7890150697241443,0.8333333134651184
-0.16331779956817627,-0.7380198836326599,-0.12586070597171783,-0.8554255366325378,-0.5434729640893745,0.16680273413658142,-0.30379631618291125,-0.7283024416232257,-0.9018054008483887,-0.6905476450920105,-0.29989382472842774,0.5
0.4429023563861847,-0.024789171293377876,2.2568530512883305,1.1065494399307292,-0.5459553822617766,0.08312650117305814,0.65502216126724,0.30379950464624306,-0.028923334553837776,-1.0244628190994263,0.04281972348690033,0.5
-0.8453154563903809,-0.4408404231071472,2.5417153690740832,-0.08995377710284633,-0.05533048449883482,0.6723442673683167,0.8374570709687277,-0.09396612133539553,0.2828202545642853,0.4447639584541321,-0.8847832679748535,0.6666666865348816
-0.2390953153371811,3.234785034723319,-1.8293515536628617,-0.11909964349277666,0.6552459883947878,0.2791453003883362,-0.5856010897914216,0.8549796971565833,2.413343753964529,-0.3566324710845947,-0.041507821530103683,0.3333333432674408
-0.5498243826885061,2.1860721116072943,-2.0043560462056913,-0.6503569560342689,1.1095692504714478,-1.4664254097817548,-1.711931825277332,0.7533431397827292,1.6343385299595488,0.4447639584541321,-0.7150013736324822,0.3333333432674408
-0.4061237063728494,-0.2625327408313751,1.3654920458536335,1.730621388321466,-0.2360319048166275,2.6586432683351493,5.009089610859133,1.1209588838984572,-1.167794905318281,-0.2898494303226471,-1.4548186885176444,0.3333333432674408
-1.224203109741211,1.026071638983251,-2.067819307911112,-0.44152650205353616,0.9305342290077572,-1.5875985370617198,-1.7763529753891172,-0.44621430037898263,2.4728351574798544,-0.22306638956069946,2.6545952856689685,0.5
0.7460124492645264,-0.7974557876586914,0.28185129165649414,-0.6974232057289014,-0.546930873022233,-0.0578824058175087,0.3042521145340281,0.021960474768061535,0.5322151184082031,1.0272381178973542,-0.0674227294745785,0.5
-0.6937604546546936,0.13155550458755635,-0.5969465514034118,-0.8109833002090454,-0.6700910329818726,-1.4059932231903076,-1.442924462644401,-0.9151605014571778,0.7192612886428833,-0.890896737575531,0.21147480607032776,0.3333333432674408
-0.16331779956817627,-1.0351994037628174,0.28185129165649414,-0.6554354429244995,-0.6429623365402222,5.461717952830252,1.333967569006089,-0.7313233180029144,0.15812282264232635,0.24441486597061157,0.29580235481262207,0.5
0.1397922784090042,-0.14366096258163452,0.6739371714293495,-0.766541063785553,-0.39880406856536865,-0.4234375636993903,1.5677661640159277,-0.12616465687902811,-0.2159694880247116,0.3111979067325592,-0.5076611137636291,0.5
0.344461009856364,-0.38797912755028047,-0.12586070597171783,0.7095793665399914,-0.6158336400985718,0.7373395956668873,0.9341979785749537,0.4983588429587913,-0.27616704370782996,-0.2898494303226471,-0.8847832679748535,0.5
-0.2390953153371811,-0.3814045190811157,0.9382895769749672,4.72191010542896,-0.07325971871614456,1.3973197916167064,1.5445877823031164,1.9758886074385542,-1.0265028476715088,-0.7253712752468815,-1.2220934629440308,0.3333333432674408
0.4429023563861847,2.0876847449184575,-2.1644208431243896,-0.6554354429244995,0.36037698874685226,-1.3384978721414462,-1.7672776069996874,0.7086019417559565,0.15812282264232635,-0.22306638956069946,-0.8004556894302368,0.3333333432674408
-0.9662527972920018,-0.9617079713118524,0.14594730734825134,-0.7443199157714844,-0.39880406856536865,1.8547676074336679,0.3066005324629184,-1.7056788539287242,0.033425383269786835,0.4447639584541321,1.6450430154800415,0.6666666865348816
-0.2390953153371811,-0.6191481351852417,0.35536606057564296,1.4332085259429381,-0.2089032083749771,0.9780774405111392,1.6390620860361083,0.7501592113250881,0.2828202545642853,0.24441486597061157,-0.631800651550293,0.2244420517073598
-0.39065036177635193,0.33182618021965027,1.1652272939682007,1.5524066973427626,-0.06509695407819979,1.1957344353141903,1.3429925400869689,0.8614264147154107,-0.6465949240189636,-0.2898494303226471,-1.1402034563071193,0.3333333432674408
-1.3138349253129142,0.8127112468315774,-0.8977583354577536,1.5855614847219763,-0.6158336400985718,-1.3784135391970032,-0.26977183124242127,0.22948936079684618,0.523449762732545,-0.42341551184654236,-0.1333205102668549,0.3333333432674408
-0.6937604546546936,-0.5597122311592102,-1.1614690409167603,-0.544329822063446,-0.18177451193332672,0.40916895070233633,1.1652421436208493,-0.3075919162952421,-0.1342709608765409,-0.896047412897866,-1.137765884399414,0.3333333432674408
-0.3148728311061859,1.7676231564320986,-2.0048035523586814,-0.6776565313339233,0.869840976985392,-1.5049386540693652,-1.8769579288824345,0.5615839088980743,1.9180379726030672,1.4854636354033708,-0.8004556894302368,0.5
-0.6239548686578787,-0.3814045190811157,-0.4656206965446472,-0.7576798140163361,-0.6480483966205057,0.2229740172624588,-0.3021336926265452,-1.1474718490417892,0.8439587354660034,0.17763182520866394,0.5077725589582784,0.6666666865348816
0.5186799168586731,-0.4408404231071472,0.04026701569800713,-0.8554255366325378,-0.561576247215271,-1.1251368522644043,-1.2775800411160385,-1.6085477791602758,-1.5830745819191263,-0.5569815635681152,1.0547502040863037,0.5
-0.5537140360281492,-0.7380198836326599,-0.3297167122364044,-0.18802178500741867,-0.4801901578903198,0.998596278174767,0.7698075286043488,-0.24834111240129486,-0.34066691994667053,0.1108487918972969,-0.46314552426338196,0.3333333432674408
1.3075037248858923,-0.6797799004911304,0.969666885578063,-0.7443199157714844,-0.10275241660959589,-0.0017111222259700298,-0.9653870400397471,0.8759428176369601,-0.028923334553837776,6.191515329725236,-0.311843015865282,0.5524215130580162
0.9898992911443029,1.9991421617480498,-0.4768836583986533,0.5780864302190789,0.6690595245218643,-0.49282126784562147,-0.3748653123801684,1.488491047181758,0.2828202545642853,-0.42341551184654236,-0.631800651550293,0.3333333432674408
6.353549003601074,-0.8568916916847229,9.11561107635498,-0.9887523055076599,-1.2940510511398315,14.546651840209961,5.739711284637451,5.3161420822143555,4.896625518798828,9.794388771057129,3.078611373901367,0.0
2.637883616164872,0.29894055430739247,1.1652272939682007,-0.5252570022367373,0.42201098478598315,-1.4059932231903076,-1.4664885238607295,1.6830165822181036,0.46986642479896545,4.477887241138003,-0.631800651550293,0.5
-1.127603762379187,0.09408261626958847,-0.6015247106552124,1.456514969943553,-0.2631605863571167,-1.237479329109192,0.3849090085013299,0.8983207941055298,1.0809557501924536,0.24441486597061157,-0.46314552426338196,0.3333333432674408
-0.16331779956817627,-1.3068882992666344,-0.05790869891643524,2.647550026464714,-0.2631605863571167,1.3331740309530327,0.4336664651227874,0.959398456878461,-1.0860315530219777,-0.42341551184654236,-0.1258353590965271,0.5
1.9661912769423096,0.6680192052200071,0.4177553057670593,-0.6086251885685421,0.3618353071667698,-0.6195952296257019,-0.6890167329477512,1.3247393826480427,0.46986642479896545,0.41433410765814893,-1.137765884399414,0.5
-0.08754027634859085,-0.5002763271331787,0.710191649226254,0.5006188317911484,0.2303320029563454,2.211817464869096,0.5672518205784168,0.5346957395998624,-1.151200294494629,-1.0244628190994263,-1.306420922279358,0.5
-0.5422053933143616,-0.3703225969094537,-0.3297167122364044,1.917746009504994,-0.2631605863571167,0.9971653522323741,1.7434099782367727,1.4472533341038207,0.9686561822891235,-0.49019855260849,-0.9691107869148254,0.3333333432674408
-0.9968705177307129,-0.21832487387694566,0.7556298098951081,-0.9207837838612103,-0.7564414323876296,-1.286040077526306,-1.055097260186532,-1.3902164079080053,0.34516897797584534,-0.5569815635681152,0.5487849712371826,0.5
-0.16331779956817627,-0.32229140274704465,0.28185129165649414,0.6659899181329378,-0.34454667568206787,1.874034552211789,0.9488382829153552,0.576421726432956,-1.4425688350990542,-1.2915949821472168,-1.4456839312547287,0.5
-0.9210929870605469,-0.16485529880656621,-0.12586070597171783,-0.32669114626974194,-0.34454667568206787,-0.8136517013417038,-1.2713708242663844,-2.4833955314030907,-1.18999152306954,-2.005146231846057,3.04683910618641,0.6666666865348816
-0.38546583369764376,-0.20309685170650482,-0.05790869891643524,0.6265776755496418,-0.34454667568206787,2.1536849961673834,0.9329174614157836,-0.14617519603116128,-0.7147592306137085,-0.0895003229379654,0.04281972348690033,0.5
-0.6955440658528279,-0.8568916916847229,-0.2617647051811218,0.5521798522445336,-0.40364004839824874,2.099276041805045,0.6048878686532941,-0.4041383054329093,-0.46536436676979065,0.3111979067325592,0.3801299035549164,0.5
-0.6179829239845276,-0.6191481351852417,0.4177553057670593,0.7046718038765312,-0.6429623365402222,0.35033123225254975,0.8302063511002558,-0.681901349879884,-0.5277130603790283,-1.0244628190994263,0.7633492201964004,0.5
0.5186799168586731,-0.20309685170650482,2.5013073152365948,1.7083646090458566,-0.2902892827987671,0.16680273413658142,-0.02121161349376462,1.1482798993654575,-1.4406883953251592,-1.244353938108692,-0.8004556894302368,0.3333333432674408
-0.16331779956817627,1.1466730473506586,-0.8046586613231097,-0.14759913106981362,0.10047640324492019,0.5787331095455727,0.4664345280836681,-0.8069905052786158,-1.9449479057630696,-1.0244628190994263,1.1349041581968857,0.3333333432674408
3.321596129207431,0.0794378442950906,8.227795800890878,-0.544329822063446,6.293835646792244,-1.4114418976456475,-1.450018076878702,1.8075356205356041,-1.4005951881408691,4.998001532595678,-0.2944904565811157,0.5
-0.4041153458908623,-0.4408404231071472,0.14594730734825134,-0.8554255366325378,-0.5344475507736206,0.2229740172624588,0.08197173995754933,-0.9897122505014833,0.46986642479896545,-0.15628336369991302,0.7989922038687117,0.5
-0.39065036177635193,0.07317474864466117,0.14594730734825134,-0.544329822063446,-0.9703465941791068,0.3421069889581912,-0.15945525880137157,-1.6153902068799009,0.0957741066813469,-0.6905476450920105,2.444787330627877,0.8333333134651184
-1.048373661478733,-0.6191481351852417,-0.12586070597171783,1.176077149885663,-0.5101780206204465,0.6526321872526091,0.596301789051911,0.20867984984997698,0.06586147320092574,-0.42341551184654236,-0.5474730730056763,0.5
-1.3925293392013305,-0.024789171293377876,0.28185129165649414,-0.0496662306523962,-0.7786058187484741,-0.0578824058175087,-0.2795018707961768,-1.7960248584142078,-0.2159694880247116,-1.9839546457117079,2.45723374953344,0.6666666865348816
-0.16331779956817627,-0.08422506600618362,-0.3297167122364044,1.1307888263023398,-0.39880406856536865,0.16680273413658142,0.6605869598219436,0.6234687152561061,0.34516897797584534,-0.15628336369991302,-0.631800651550293,0.5
0.4429023563861847,0.27861837359527203,-0.12586070597171783,-0.6776565313339233,-0.5344475507736206,-0.11405368894338608,-0.019509974867105484,-1.0994893484424113,-0.09127205610275269,0.17763182520866394,1.0547502040863037,0.5
1.7240784979825645,-0.20309685170650482,0.3367669556995599,-0.4998875558376312,0.8802303371660456,-1.3117720631933107,-1.4706770758329386,1.4027261873599703,0.5207274748323438,0.2709534684415932,-0.9775605360239848,0.3333333432674408
-0.6937604546546936,-0.6785839796066284,0.010043300688266754,2.0540165402613537,-0.34454667568206787,1.716628585943616,1.2085383107869274,1.7624660297086367,0.8439587354660034,0.04406575486063957,-1.5549110668266937,0.5
0.1172680706585478,0.5101338624954224,-0.4656206965446472,-0.8592203780219475,-0.2377224849771049,-0.22639626264572144,0.5011082919303007,-0.8316722317792234,-1.2666469600008676,-1.0244628190994263,-0.041507821530103683,0.1666666716337204
-0.8453154563903809,-0.9163275957107544,-0.07592016945745059,0.7133347422256735,-0.3174179792404175,0.6793509334377189,0.3507118059159981,0.2070571804798766,0.34516897797584534,-0.957679808139801,-1.137765884399414,0.3333333432674408
-0.3148728311061859,-0.20445376246292407,0.5689520568886531,1.874004848743426,-0.2902892827987671,-0.0017111222259700298,0.8328696597691797,1.3069857306489647,-0.8394566774368286,0.3111979067325592,-1.4047302039764467,0.5
-1.2356484552143505,-0.7170395573512388,0.14594730734825134,-0.8109833002090454,-0.2360319048166275,-0.04424198972573106,0.5264838098290489,-0.5869881086827811,1.3654060430781554,0.24441486597061157,-0.2101629078388214,0.5
-0.6937604546546936,-0.20309685170650482,0.4972841244980171,-0.7220988273620605,-0.6158336400985718,-0.6220550373734509,0.1742732092371542,-1.6208638688630317,-0.9163928160822404,-0.5241972285764744,1.223405361175537,0.5
1.549279212241658,-0.3814045190811157,2.646883478924707,2.0383558551387555,-0.22628266836044364,-0.3387388288974762,-0.019509974867105484,1.611200774739093,-1.4991834200056682,0.5096900012059442,0.24357468651065117,0.5
-0.6937604546546936,-0.6191481351852417,-0.19381269812583923,-0.8109833002090454,-0.2631605863571167,-0.3387388288974762,0.3778572148578552,-1.0580259552188462,0.8580532819198944,0.16381320625445128,0.21147480607032776,0.3333333432674408
2.0626712397711957,-0.3814045190811157,0.4857073128223419,-0.6554354429244995,0.44463902410637285,-0.6195952296257019,-1.1481957937536522,0.39746895281707656,-0.5900617837905884,0.3111979067325592,0.175201562161181,0.3333333432674408
1.529547107287087,-0.6191481351852417,0.4857073128223419,5.899648582173132,-0.2552684021681906,0.6723442673683167,5.216069580042227,5.315428112248227,-3.093069937369604,-0.49019855260849,-1.8258197478914384,0.5
-0.8453154563903809,-0.9757634997367859,0.34980329871177673,-0.8776466846466064,0.06494085165235781,1.7376610161752857,1.0418404599337936,-0.8271220461897695,0.07691848069751164,0.9122452139854431,-0.041507821530103683,0.5
-0.8453154563903809,-0.5597122311592102,-0.397668719291687,-0.9144875058698174,-0.18177451193332672,-0.09983712732773202,0.44690181940542073,-0.7712555498079617,-0.8142104775469373,0.8334650895950481,-1.0534383058547974,0.5
-0.3148728311061859,-0.0757126907465735,-0.05790869891643524,1.572207238935022,-0.35567839875991536,1.7827302573363446,1.1410399772494095,0.5621382599078084,0.5322151184082031,-0.923555438272838,0.04281972348690033,0.6666666865348816
0.4429023563861847,-0.6829455895178218,-0.2617647051811218,1.2843787818242023,-0.1177703802045896,0.30903899874228746,0.5048009696681807,1.1439587569685468,0.8497311772429116,-0.22306638956069946,-0.7774036305462868,0.3333333432674408
-0.6729941251436998,0.3455020025721371,-1.5795994196691767,-0.6332142949104309,-0.4801901578903198,0.2229740172624588,-4.5997696534550835e-05,-1.351681276136953,0.9686561822891235,-0.15628336369991302,2.4751096248000066,0.5798946383252397
0.4429023563861847,0.3930911136409337,-1.4771634630098476,-0.7887621521949768,0.41858534085653415,-1.2936506271362305,-1.4168408023511845,0.22915249733976256,-0.06639994677694824,0.4447639584541321,-0.8847832679748535,0.5
-0.39065036177635193,2.651218233410595,-2.1644208431243896,-0.6273957171061006,0.6254278458984145,-1.1813081502914429,-1.7124564606442036,0.12610951501605186,2.077959820154864,0.24441486597061157,1.3397480946816331,0.5
0.4429023563861847,1.0695790992527463,-0.12586070597171783,-0.3588850122209567,0.9753341020875936,-0.029324310421545458,-0.5319385268079176,1.3088675211100904,0.9686561822891235,0.5783300399780273,-0.6582568707895743,0.3333333432674408
-0.4786614453646216,1.999688269579433,-2.0114407059920434,-0.5665509104728699,0.21753399919509267,0.2229740172624588,-0.4827549183069775,-0.3611835208551581,1.6353529990458655,-0.16914661037961432,2.0972627425779127,0.3333333432674408
-0.6179829239845276,0.08447313234431736,-0.12586070597171783,0.7464671921774967,-0.2360319048166275,1.2796979831965332,2.203159780182175,0.6895905568528599,-0.028923334553837776,-0.8241137266159058,-1.559403657913208,0.45216795496006357
-0.41899797405708167,2.9982248313598134,-2.050857969100246,-0.3621603666941223,0.6279429946972124,-1.219640512133532,-1.5353048685089126,0.6592055527263521,1.8830713524385794,-0.15628336369991302,-0.46314552426338196,0.3333333432674408
-0.9210929870605469,0.9999100191578268,-2.1492668674215927,-0.6345665275356852,0.04798398840570724,-0.731937825679779,-1.2543178930145096,-0.08321401171953612,1.8913169522516284,0.4447639584541321,1.6450430154800415,0.5
-0.7695379853248596,-0.7974557876586914,-0.2617647051811218,-0.8776466846466064,-0.6158336400985718,-0.9566229581832886,-0.5371485840680092,-1.6389509741588697,0.8439587354660034,-0.5134601377560026,1.981253223906433,0.6666666865348816
-0.08754027634859085,-1.1049256370934215,-0.19381269812583923,-0.8109833002090454,-0.8328632116317749,-0.45108139514923096,-0.27097667663978214,-1.0467160726828912,-0.34066691994667053,-0.22306638956069946,-0.07146013034379839,0.5
-0.3148728311061859,-0.7380198836326599,1.0456787366825222,1.8110768128120862,-0.2360319048166275,1.065543293952942,0.83257467934875,0.9232514156692897,-1.0888515710830688,-0.785801303417135,-1.0534383058547974,0.5
-0.9210929870605469,-0.6191481351852417,-0.5335727334022522,-0.6109932065010071,-0.972340004349458,-0.3387388288974762,0.9508795272168,-0.8881755547884795,0.0957741066813469,0.38552268569304166,0.6887239315724656,0.5
-0.9162044082245361,0.09408261626958847,0.7425916898466413,0.9727062802092392,-0.45306146144866943,0.5038304328918457,0.7888040804245031,-0.752644600714431,0.9686561822891235,0.04406575486063957,1.5083951435982708,0.3333333432674408
-0.39065036177635193,2.042671725148535,-1.206988572633171,-0.6172741981672636,0.12641247733773162,-1.4059932231903076,-1.6702370200828842,0.12116213146383842,0.46986642479896545,-0.38348356141343853,-0.4929460874564492,0.3333333432674408
-0.5422053933143616,-0.7380198836326599,2.493637516817721,-0.6554354429244995,0.7573336077888092,2.0910446109265957,1.1237132509968426,-0.2457167308778529,-0.2783181965351105,-1.1053318203017795,-1.0086641074547311,0.3333333432674408
-0.5422053933143616,0.23485085368863062,1.042135811917847,0.6018296682713801,-0.15464581549167633,0.6161730289459229,1.710397035368376,0.6694929038769852,-0.09127205610275269,0.24779761398722627,-1.0319875182745184,0.3333333432674408
1.3640565665664524,1.5023642678190063,-0.3297167122364044,-0.5089730991827959,0.8771564708411987,-1.349821925163269,-1.7074695790210566,1.4292349864117015,0.7680807054425711,0.7257867153483548,-0.46314552426338196,0.5
-0.9968705177307129,-0.6191481351852417,-0.19381269812583923,1.021297146527502,-0.2360319048166275,0.9842875924965991,0.27453420639866694,0.06194078297036073,0.0957741066813469,-0.890896737575531,-0.37881800532341003,0.5
-0.46642789244651794,-0.14366096258163452,-1.8443322914104325,-0.8002693292337262,0.021662601818417445,1.065543293952942,0.6604226575889034,-0.45734651964390327,-0.34066691994667053,-0.42947489385928167,-0.8847832679748535,0.3333333432674408
-1.8392832265464327,1.7223787482671642,-0.19381269812583923,-0.766541063785553,-0.45306146144866943,-1.349821925163269,0.7581986169069845,-0.6482102926588146,0.9063074588775635,0.6451131105422974,-0.2944904565811157,0.3333333432674408
0.29134732484817505,-0.143427714199621,-0.19381269812583923,0.01755802150488778,0.10227455633267721,0.3685238456991237,0.43568891170753177,0.7765657535141913,0.8439587354660034,-0.343257250785783,-1.1808954802526537,0.3333333432674408
-0.16331779956817627,-0.7380198836326599,0.7875948325504254,0.5335613781985569,-0.2631605863571167,-1.4989582291948054,-0.7186139012247511,0.2567153068466861,-1.4005951881408691,0.03719340125503928,-0.6372804653030484,0.1666666716337204
-0.6095002819354205,-0.2625327408313751,-0.8053807020187378,0.6627429535575138,-0.18177451193332672,1.001868428925887,0.5770367697601426,0.1606038488735481,0.0957741066813469,-0.9532698130131008,-0.7161281704902649,0.3333333432674408
-1.073927488561308,-0.3219686448574066,-0.6694766879081726,1.2114132095740415,-0.3154749709088528,-0.5072526931762695,-0.019509974867105484,0.7533010101082492,0.7816100120544434,-0.49019855260849,-1.306420922279358,0.3333333432674408
-0.47990251489455876,-1.213507056236267,-0.3297167122364044,-0.5887720584869385,-0.4801901578903198,-0.04673081434217324,-0.07614823773460169,-1.4185044819546808,-0.34066691994667053,-0.22306638956069946,0.9704226851463318,0.68228799011637
-0.1288606253807666,-1.1690747184397237,1.1652272939682007,-0.8245208904178258,-0.07325971871614456,0.4476591646671295,0.025188498676429937,-0.8674580026921318,-0.34066691994667053,-0.890896737575531,0.12714727222919464,0.5
0.21556980907917023,-0.3814045190811157,-0.19381269812583923,0.6685744681019375,-0.2089032083749771,-0.16118223999719156,1.21734572217451,0.687620315224253,-0.9018054008483887,0.00948640936548368,-1.306420922279358,0.5
0.28543167328712954,0.39379000890067384,-0.6015247106552124,-0.6533809850295242,0.11522463575181673,-1.349821925163269,-1.7221115445444732,0.10622435846916088,0.5322151184082031,-0.02271728403866291,0.5487849712371826,0.5
-0.6585627566009,-0.6785839796066284,-0.8019375650489546,-0.8998677730560303,-0.45306146144866943,0.2890108701144424,0.2651115233708865,-0.5383044674528396,-0.15362077951431274,-0.7702073884063436,-0.8847832679748535,0.5
-0.01176275685429573,-0.5002763271331787,0.28185129165649414,0.7766595088100121,-0.6269472961539659,0.5600017309188843,0.020022419030460155,-0.7872593077271297,-1.149864305623736,-0.9417196782657711,1.2937530557154582,0.5
-0.5852828953909914,-0.4408404231071472,0.28185129165649414,-0.7220988273620605,-0.5073188543319702,0.7846868634223938,0.30317930144245264,-0.8440983314550909,1.5335074885168702,0.3111979067325592,0.7876791388770014,0.6666666865348816
0.29134732484817505,1.4720642207840802,-1.9551747179529295,-0.6998776793479919,0.7822102906270887,-0.8817412747250022,-1.4352520425375777,0.42999104981971453,0.5149269620170733,0.4447639584541321,-0.1258353590965271,0.5
-0.8453154563903809,-0.20309685170650482,-0.5335727334022522,0.579670708489027,0.7192360432449425,-0.6631817576046514,-0.25650384760538203,-0.24834460583427284,-0.8538600824552833,-0.98656595167094,-1.0534383058547974,0.5
-0.21898215664686171,-0.7974557876586914,-0.05790869891643524,1.5799077716465044,-0.15464581549167633,1.276323561952799,2.1949937361995975,1.248383977006008,0.0957741066813469,0.04406575486063957,-0.8847832679748535,0.6666666865348816
-0.7863807726649908,-0.024789171293377876,-0.6657783887457827,-0.11952689476185015,-0.5073188543319702,0.6579422770217349,-0.32562197665860104,-1.802892359846377,-0.5277130603790283,-0.5569815635681152,2.304912394714375,0.9107523641794679
1.329970872260554,0.25301655127951134,0.7295509861919569,-0.6998776793479919,0.7037536873329762,-1.1251368522644043,-1.5235177025131055,1.2627879702117129,0.9686561822891235,0.37798094749450684,-1.1591832377068592,0.5
-0.5422053933143616,0.5932277576811079,-0.6899400139789308,0.09543347650627673,1.4410202487853025,0.5038304328918457,1.1563054477762669,0.23279235031540674,-0.8997841967471268,-0.42341551184654236,-1.2220934629440308,0.3333333432674408
-0.08754027634859085,0.5101338624954224,0.010043300688266754,-0.9741713352883854,-0.7786058187484741,-0.7881091237068176,-0.2532147637675096,-1.4428858505670357,-1.3075613556777794,-1.409872058191871,1.2980952404161805,0.3333333432674408
-0.46642789244651794,-0.5002763271331787,-1.021005913571705,2.0382807266028427,0.15265762204608352,1.7288757311951064,1.411926246396381,1.2599778757296054,0.2204715460538864,-0.49019855260849,-1.306420922279358,0.3333333432674408
0.5185413514256771,0.09408261626958847,-0.6816102258922557,1.2570870543006274,-0.5662219375532278,-1.0127942562103271,-0.10457402300019562,0.8983207941055298,-1.121401225163486,-1.3847163735418997,-1.2835704686502614,0.3333333432674408
-0.5005857332258878,-0.9757634997367859,0.14594730734825134,-0.8109833002090454,-0.45306146144866943,0.6161730289459229,-0.11726111897398939,-1.7460563639663884,-0.5277130603790283,0.6451131105422974,1.6132819336740836,0.5
1.444114669634342,3.961022574806694,-2.1644208431243896,-0.5084734732796689,0.37054998798215094,-0.7136478072635445,-1.5745268071282905,0.93596537640198,0.6899082978490427,-0.49019855260849,0.04281972348690033,0.3333333432674408
0.21556980907917023,1.3154001740604413,-0.5168137336294001,-0.7110788382509595,0.6763808901890429,-0.5634239912033081,-1.22307769304517,0.6938533900318136,0.0957741066813469,0.3111979067325592,-0.8863574591882971,0.5
-0.5422053933143616,-0.9152367271347047,0.010043300688266754,-0.766541063785553,-0.20280697604562004,-0.3949100971221924,0.5344798963526366,-1.3939038379746547,-0.5900617837905884,0.9790282845497131,1.3431362765020236,0.5
-0.08754027634859085,-0.7974557876586914,-0.5335727334022522,1.5213546126286397,0.06822113604837937,1.3005503032348524,0.5753874029094656,0.3184717635483424,-1.4864241311040547,0.3111979067325592,-0.7312136574068732,0.5
-0.3148728311061859,-0.20309685170650482,0.8254672884941101,4.544014171070071,-0.2360319048166275,1.830618248801341,3.45130213918482,1.9095965760825702,-1.260714772515212,-0.42341551184654236,-1.559403657913208,0.5
-0.5877178234650302,-0.8108674645746732,-0.1295521284067417,-0.8998677730560303,-0.6570613337569432,1.1676322689706073,0.5976559396408802,-1.858433604818473,-0.028923334553837776,-1.0244628190994263,1.813698172569275,0.6666666865348816
0.29134732484817505,0.1028748543870186,-0.5335727334022522,-0.6338365278236914,-0.04613102599978447,0.9711070649495854,0.3045769060277965,0.0906675824440641,-0.2159694880247116,-0.14654123783295533,-0.46314552426338196,0.3333333432674408
1.1432540258194621,-0.6627101083909571,0.07799530029296875,-0.5665509104728699,-0.07325971871614456,-0.9794733183820575,-1.3673004878231536,-0.20319064908788245,-0.22060806932545243,2.909297515334939,1.3303596343906852,0.5
-0.3148728311061859,-1.2901489996503512,-0.05790869891643524,-0.8554255366325378,-0.5185735067799099,-0.5072526931762695,-0.9082591566589134,-0.3905024901039448,2.0232972197630494,1.2262031852136237,0.21147480607032776,0.6666666865348816
-0.08754027634859085,-0.7380198836326599,0.5536593198776245,2.162718025462113,-0.4525619452518166,2.6571596835150038,1.4476919408386808,1.1970767620530465,-1.0265028476715088,-0.8622580381317633,-1.137765884399414,0.3333333432674408
0.6702349185943604,0.12208465137967753,1.2837986611039545,-0.8109833002090454,0.19137776228898876,-0.9566229581832886,-0.848109984128952,0.6562128016907347,-0.15362077951431274,0.3111979067325592,-1.0534383058547974,0.6666666865348816
-0.7695379853248596,1.076375381007166,-1.0921494746917424,-0.7220988273620605,0.5722650799622615,-0.8442803621292114,-1.2984814724312774,0.5611369543047471,2.0028885943497534,0.3560314504353899,-0.5756230297424874,0.3333333432674408
0.21556980907917023,-1.213507056236267,1.8010094382462607,0.20091860064006697,-0.697219729423523,1.2373123378442068,0.7889432354599157,-0.30432910396199003,-1.6055840342704975,-1.0244628190994263,-0.1615373725378627,0.3333333432674408
-0.6179829239845276,-1.147426946540746,0.7194337740209057,-0.7887621521949768,-0.7781033434170109,-0.0017111222259700298,-0.09953023560214498,-1.7460677596834968,-0.5900617837905884,0.17763182520866394,1.5607155561447144,0.5
-0.2390953153371811,0.21295440196990967,-0.3297167122364044,-0.766541063785553,-0.561576247215271,0.39148786664009094,-0.21771036971331678,-0.9251361551472156,-0.028923334553837776,0.24441486597061157,0.5907957612426884,0.5
-0.6179829239845276,-0.8568916916847229,0.07799530029296875,-0.6109932065010071,-0.6158336400985718,-0.17022497951984406,0.24590676868470002,-0.7809057949021746,1.6448711329854675,-0.890896737575531,0.5487849712371826,0.6666666865348816
-0.7695379853248596,-0.3814045190811157,-0.4656206965446472,0.9140113446505325,0.062383756041526794,1.7710961437737434,1.218149930583241,0.5629318383468738,0.7192612886428833,0.4447639584541321,-1.137765884399414,0.5
0.3342392292612616,0.661441411926642,-0.6015247106552124,-0.5200599401458618,0.7174240347989898,-0.911933875646117,-1.2298693467143658,0.6983549300012334,1.2428582444000926,-0.22306638956069946,-0.2944904565811157,0.4916581185007033
0.1397922784090042,-0.3773337975621705,1.1652272939682007,0.11752948701037434,-0.5545737378053112,0.6723442673683167,0.26690815004924257,-0.528063677393663,-1.151200294494629,-0.957679808139801,0.7793444203116219,0.5
-1.6055332724975757,0.6040167619685224,-0.2617647051811218,0.4408764380061595,-0.10038841515779495,-1.1813081502914429,-1.0258898218770898,-1.2448225349474038,0.5945638418197632,-0.890896737575531,1.3869140772748123,0.5
-1.664688188500369,0.27239030599594116,-0.2617647051811218,-0.801596653574212,2.337059105745854,0.2229740172624588,-0.005506263098095326,-0.6267485673499102,0.5060559354085623,-0.42341551184654236,-0.9691107869148254,0.3333333432674408
0.6702349185943604,0.775530769886557,-0.5335727334022522,-0.6776565313339233,1.160809081747342,-1.0777953578186659,-1.5581967106849999,0.8983207941055298,1.0933536291122437,1.8184830495514082,-0.8004556894302368,0.5
0.21556980907917023,0.09408261626958847,-0.2617647051811218,-0.766541063785553,0.09009346717270021,-0.4710102213937578,-0.8230811291673454,0.6337758029884212,1.6039178721707417,1.8196410665873748,-0.631800651550293,0.5
-0.2390953153371811,0.3919017105588094,-0.6763476032737423,-0.833204448223114,-0.2902892827987671,0.5357184659054849,1.0697805006006214,-1.4055376115678924,-0.6584683094794695,-1.0371166940478933,1.1390777826309204,0.5
-0.08754027634859085,-0.4408404231071472,-0.5335727334022522,2.624669424398956,-0.2611322893638028,0.2229740172624588,1.2613618641405338,1.4535318170082128,-0.7147592306137085,-0.22306638956069946,-1.306420922279358,0.5
-0.46642789244651794,-1.1369374403341659,-0.3297167122364044,-0.8173914422571583,-0.7243484258651733,0.3375785664967475,0.9860930217427883,-0.9470527246687453,0.6569125652313232,-0.0895003229379654,0.6331125497817993,0.5
-0.8453154563903809,-1.094635248184204,-0.060032428563524864,-0.8554255366325378,-0.38704813531546023,0.2791453003883362,0.5251290163335003,-0.5784923657104074,0.5440548265703657,-0.8241137266159058,-0.8847832679748535,0.6666666865348816
0.4429023563861847,0.6272788649240367,-1.128617240654255,-0.8109833002090454,0.38885757824824635,-1.349821925163269,-1.7260973705920406,0.40535121190914586,-0.5900617837905884,1.1498057233928929,-0.8847832679748535,0.5
0.21556980907917023,-1.213507056236267,0.28185129165649414,1.1824006594691576,-0.3061577134472848,0.9648548144166906,-0.04725575995022269,0.930258781204605,-0.34066691994667053,0.8552877545975833,-0.8847832679748535,0.6666666865348816
-0.6937604546546936,-0.20309685170650482,-1.14800824769372,-0.8554255366325378,-0.34454667568206787,1.1021043869237614,0.06721990126776463,-1.2580393809138115,0.42428854429700685,-1.1580289602279663,0.23547408195690606,0.5
0.7125105202754854,6.254269269482686,-1.9156794199763465,-0.6911783147204233,0.7866135121651809,-1.5218868655789395,-1.8090532375087973,0.7378286903293317,0.5322151184082031,-1.0244628190994263,-0.1258353590965271,0.3333333432674408
0.2629042450169167,-1.027162698836061,2.5349398605777846,-0.8109833002090454,0.4133021365660883,-1.4142346126180203,-0.946026445448181,-0.6426494793797145,-0.48882601731901365,-1.0837591657183587,0.08936603075728178,0.5
-0.01176275685429573,-0.3219686448574066,-0.7172415129612225,1.8048212648322155,-0.4801901578903198,0.11063144356012344,0.8740093359553665,0.9348687715439107,-0.5900617837905884,-0.957679808139801,-0.631800651550293,0.5
-0.46642789244651794,-0.7974557876586914,1.2187675271454768,-0.5887720584869385,-0.755189291448787,0.6522387016674879,0.7578638406236439,-0.734507252231461,-0.9018054008483887,-1.093998250531121,-0.46314552426338196,0.3333333432674408
-0.16331779956817627,-0.6762673702284903,-0.3297167122364044,-0.17993441778796387,-0.3174179792404175,0.8409680745839622,1.3878738706643743,-0.24832946327440217,0.34516897797584534,-0.2898494303226471,-0.9691107869148254,0.5
4.907442569773053,0.33182618021965027,1.350954500566519,-0.6998776793479919,0.8337279958947931,-1.6078675198323256,-1.8297565263656976,1.540055225869958,-1.151200294494629,0.3679075119024753,-0.5474730730056763,0.3333333432674408
-0.7166689971657406,-0.6919572420357004,-0.25871434073720717,-0.8109833002090454,-0.14418605097097753,0.2229740172624588,0.6490824282668437,-0.7192578891605772,0.7192612886428833,0.3111979067325592,-0.2944904565811157,0.5
0.025553314535530593,1.5082941837691217,0.07799530029296875,-0.7220988273620605,0.3260680511897197,-0.3371419636530861,-0.07149930559782175,-0.8666991306513997,0.5322151184082031,-0.7573306560516357,1.1390777826309204,0.5
0.5944573879241943,1.6474693776290175,-1.9064356276748549,-0.6776565313339233,0.7494070402649201,-1.5251770099062447,-1.8471084342858046,0.529976474436085,0.8439587354660034,-0.0895003229379654,0.4644574522972107,0.3333333432674408
1.4954411998202706,0.39384514141845683,0.5536593198776245,-0.6862577361250061,2.0673709910749274,-1.349821925163269,-1.668135257700457,0.8983207941055298,-0.34066691994667053,1.7380465317425833,0.3801299035549164,0.5
-0.16331779956817627,-0.7974557876586914,-0.144674490732031,1.1325087309704425,-0.15464581549167633,0.15488951519411925,0.4695233475819343,0.824173334810808,-0.7771079540252686,-0.5569815635681152,-1.559403657913208,0.5
-2.5276282770991974,-0.024789171293377876,-1.275713867389949,-0.8109833002090454,-0.6158336400985718,-0.6996579635574034,-0.5187668658419207,-1.062869452082888,1.5596064746769878,-0.2898494303226471,0.4644574522972107,0.5
-0.05000492115237962,-0.024789171293377876,-0.610333149337645,-0.6776565313339233,-0.8559076129950391,0.6723442673683167,-0.027057982827464598,-1.4335647808776764,-1.3354992733320565,-0.22306638956069946,1.3876211776487135,0.5
-0.01176275685429573,-0.7380198836326599,-0.05790869891643524,-0.8998677730560303,-0.42593276500701904,-0.0578824058175087,0.0932241856725651,-0.8002485212213263,0.5945638418197632,-0.49019855260849,0.5487849712371826,0.5
1.7597501589836668,0.5101338624954224,0.010043300688266754,-0.4998875558376312,0.7430836933743327,-0.3949100971221924,-1.3542974979630973,1.0967382102719618,0.46986642479896545,0.12454165894349674,-0.2944904565811157,0.5
2.844306168116714,-0.25283291732159036,0.6895633339881897,-0.401693785924776,0.6494373857018468,-0.7167387753608154,0.08084899036965731,0.7112665730581242,-1.5052905932044387,-0.49019855260849,-0.8777448065484246,0.3333333432674408
0.4429023563861847,-1.5363901850934492,-0.2617647051811218,0.1698773911679281,-0.12751711905002594,-0.45108139514923096,-0.03943608240105901,-0.07787405870033151,-0.9018054008483887,-1.3998203721956133,-0.1258353590965271,0.6666666865348816
1.1943237791972745,2.003127139783124,-2.0888872486855012,-0.6109932065010071,1.0659760681464567,-0.8442803621292114,-0.7788977673528378,1.370488707268792,0.5296936630046875,-0.03725623082297993,-0.9691107869148254,0.3333333432674408
1.7221765358973917,-0.9757634997367859,0.610513416420038,-0.766541063785553,-0.7157333077299224,1.145071510648718,0.8375375584069837,-0.8960113040457016,-2.13473191542908,-1.1580289602279663,0.7407887155660229,0.5
0.29134732484817505,-0.9617860348573444,-0.12586070597171783,0.2970626117724325,-0.9328970374884218,0.9532006978988647,-0.019509974867105484,-0.4624590532935565,-2.059653867030703,-0.7573306560516357,0.29580235481262207,0.5
-0.9490018216293774,0.8877596688708034,1.1652272939682007,-0.8109833002090454,3.583434436435975,0.8281117434806441,1.0389885664202474,-0.7926822877509133,0.11435274839814827,-0.22306638956069946,-0.2944904565811157,0.5
-0.39065036177635193,-0.7974557876586914,-0.4656206965446472,-0.833204448223114,-0.31100434486832423,0.06508846877908599,-0.32264763256475093,-2.1906255418040734,-1.535823450375409,-0.7146877413745469,2.2797515851701697,0.6666666865348816
0.45914060961457853,1.79410987833227,-2.1644208431243896,-0.7220988273620605,0.8899650320956869,-0.90045166015625,-1.5635542375678992,0.8468277739705279,1.0523672389187295,0.24441486597061157,-0.46314552426338196,0.3333333432674408
-0.3148728311061859,0.15351851284503937,0.010043300688266754,-0.7422424260373249,-0.5867794681731878,0.5600017309188843,-0.0016969028333153429,-1.6438166836361388,0.5945638418197632,0.1108487918972969,2.245541585168858,0.8333333134651184
-1.5969235888859536,-0.05415970033660386,0.010043300688266754,-0.5665509104728699,-1.0486996904390493,0.4568034704392523,0.14383757323942248,-1.7328692354050392,0.6569125652313232,-0.15628336369991302,2.045454716015935,0.6666666865348816
0.6501504881360809,-0.6191481351852417,1.3542193132610807,-0.5887720584869385,-0.6013481248642492,-0.0578824058175087,-0.20812227031082398,-0.9672474082767154,-0.9880562742069122,-1.0244628190994263,1.223405361175537,0.8333333134651184
0.06401476263999939,1.2753209618662789,-2.1644208431243896,-0.8109833002090454,0.5835140521897229,-0.6757665276527405,-0.5060470332009497,0.22239347607336077,-0.34066691994667053,0.04406575486063957,-0.8847832679748535,0.3333333432674408
-1.148425579071045,-0.5111269382068353,-1.669151161327041,-0.4515458212316773,0.9931510332539463,1.7087108426343087,0.7739240972117886,0.005630644175557573,-0.4030156433582306,-0.890896737575531,-1.137765884399414,0.3333333432674408
-0.3148728311061859,-0.024789171293377876,-0.12586070597171783,-0.6332142949104309,-0.14607574756796748,-1.237479329109192,0.3794293408914888,-0.5752554933380467,-0.9018054008483887,-1.3222529325598453,-0.1258353590965271,0.3333333432674408
-0.01176275685429573,-0.5002763271331787,0.34980329871177673,0.1307280844434354,-0.35934906258691884,1.2901116813042006,2.7650666785607876,-0.18766081323311487,-0.80958544725112,-1.0912458896636963,-0.8847832679748535,0.3333333432674408
-0.16331779956817627,-0.7974557876586914,0.4177553057670593,1.3601878077094725,-0.2360319048166275,1.6581504202572195,2.011376730415556,1.0414704339928709,-0.028923334553837776,-0.3566324710845947,-1.523538122779347,0.5
0.6702349185943604,-0.7776672518500527,1.091609290111626,-0.8776466846466064,-0.37730289623192326,1.46831293362166,0.9199650355670685,-0.057871051170510605,-0.4030156433582306,-0.3566324710845947,-1.137765884399414,0.5
0.1397922784090042,-0.20909151277516227,0.010043300688266754,1.4227430263498868,0.5633227226346696,0.33531656861305237,0.2428776691803596,1.2520250909839696,-0.2159694880247116,-0.0895003229379654,-0.8754745906744582,0.5
-0.5422053933143616,0.3813938717859621,-1.3385393288214218,0.6707713240932773,-0.14834745417289158,1.2886426655974381,1.33182061948231,0.429114671136221,-0.6524105072021484,-0.5163204235415131,-1.306420922279358,0.3333333432674408
6.353549003601074,7.345261573791504,9.11561107635498,-0.9887523055076599,-1.2940510511398315,14.546651840209961,5.739711284637451,-2.504413366317749,4.896625518798828,-1.2407716097470671,3.078611373901367,0.0
1.3590893812030105,2.022983751554859,0.14594730734825134,-0.6554354429244995,-0.4523704837864697,-1.349821925163269,-1.7578958332665906,0.29500074875773213,-0.7147592306137085,0.5115470290184021,0.4528192573710199,0.0
0.29134732484817505,1.7910812721307356,-0.3297167122364044,-0.6332142949104309,1.1490534099852925,-0.881917787811478,-1.1231166316788568,0.9125614363035065,0.5945638418197632,-0.2898494303226471,-1.2032908580178068,0.3333333432674408
-0.0828351308211753,1.5068518423532897,0.14594730734825134,-0.4998875558376312,-0.5819052727046643,-0.9885517287559628,0.3459923667179853,-0.5228949356137661,0.006062452568812965,0.1108487918972969,0.3801299035549164,0.3333333432674408
-0.6365518171120258,-0.6785839796066284,-0.28805429254709153,-0.46038273316868217,-0.35834925057261535,0.33531656861305237,0.3433315402946085,-0.3995039056360197,0.9782221090110705,-0.5569815635681152,-0.2101629078388214,0.5
-2.394386335568869,-0.3814045190811157,-1.6452409128301988,-0.6332142949104309,-0.42593276500701904,0.6161730289459229,0.15557666915119475,-1.0607488679771824,0.3984877687580886,-0.026543574277161724,0.21147480607032776,0.5
-1.4365869310032227,-0.024789171293377876,-1.5598433886202987,-0.6998776793479919,-0.7786058187484741,0.16680273413658142,0.1709621304674061,-1.142454511713199,0.6970941895250182,-0.22306638956069946,0.21147480607032776,0.5
0.1397922784090042,-0.9163275957107544,0.5536593198776245,0.6211127688032203,-0.2467869716014097,-0.2825675308704376,0.09742255667912503,-0.15753472807781474,0.2766256994647325,-0.957679808139801,0.3801299035549164,0.5
-0.6937604546546936,-0.2625327408313751,0.010043300688266754,0.2821086635168064,-0.7727300078101604,0.8803224144306511,0.24893159037592075,-1.0279690916948825,-0.38942556502915066,-1.0244628190994263,0.6331125497817993,0.5
-0.9210929870605469,-0.011866344125663683,0.07799530029296875,-0.03531532253711844,-0.8328632116317749,-0.18553623715812514,-0.6204301094218243,-1.166114303949521,0.2343131380332531,0.7118961215019226,1.813698172569275,0.6666666865348816
-0.6721988819571476,0.33182618021965027,-0.397668719291687,-0.7887621521949768,-0.2360319048166275,-1.2595521811562265,-0.18717834946828044,-1.0618041844156731,-0.15362077951431274,-0.7298246993313338,0.6684720766062799,0.6666666865348816
0.19147354742384598,1.6205907121428398,-1.935617842340409,-0.6776565313339233,0.6027053596407662,1.3589740531530679,-0.3104120961601626,0.9005959193528295,0.7853109066137489,7.736505365017025,-0.2101629078388214,0.5
-1.2148532926892113,-0.6191481351852417,-0.40127636679664036,-0.7887621521949768,-0.4801901578903198,0.18064619470918333,0.12300026833575037,-1.1440786956269893,3.4431119088362583,1.8427017939207135,1.223405361175537,0.5
-1.148425579071045,0.03464672341942787,-0.296181166179307,-0.49737716292310336,-0.7243484258651733,-0.0578824058175087,-0.5300454521048887,-1.7015421280832825,-0.15362077951431274,-1.3913053486463733,2.38781579020407,0.6666666865348816
0.1397922784090042,-0.7969082497002391,2.1070170951012606,0.44017045234026997,-0.15313488453447305,1.065543293952942,0.9340164541511831,0.7935807043758206,-0.46536436676979065,-1.0577508801011266,-0.8847832679748535,0.3333333432674408
-0.9210929870605469,0.21373352124424974,-0.6745878486596588,-0.46081894774038673,-0.561576247215271,1.53464317245632,0.14794116700187535,-1.6330629572711588,0.08020120241640435,-0.8588575296428429,1.6950048111321372,0.6666666865348816
-0.08754027634859085,-0.7380198836326599,-0.12586070597171783,1.1215541566498708,-0.23254940652575878,-0.2899896603955228,0.018285988941096853,0.7662034184574844,-0.4030156433582306,-0.22306638956069946,-1.137765884399414,0.6666666865348816
2.664697069961772,0.33182618021965027,1.2467387042884925,-0.6109932065010071,0.45558408776565745,-0.23529554201944192,-0.6502648178554836,0.8232010120996361,-1.1937564450680942,0.4447639584541321,0.29580235481262207,0.5
-0.16331779956817627,-0.14366096258163452,0.4857073128223419,0.5566151925150228,0.0874611228883703,0.33531656861305237,1.1958865903275786,0.45707201155043037,-0.18450058518542503,-0.0895003229379654,-0.8847832679748535,0.3333333432674408
0.062311036939264194,-1.0351994037628174,2.1181732321401747,1.6114715635807313,-0.6080987103433433,0.16680273413658142,0.7999128023366615,0.8928913363457276,-0.15362077951431274,-0.0895003229379654,-0.7161281704902649,0.5
-0.6179829239845276,-0.8621969910060986,-0.2611532839181617,-0.8191147499505567,-0.11822155796426793,-0.5072526931762695,0.014671519540699327,-0.8553181886672974,0.46986642479896545,0.04406575486063957,0.21147480607032776,0.5
0.3685406956730183,-0.38166438420588344,0.2859284924438516,2.945578854273238,-0.39880406856536865,0.5282048696898819,0.7984319857466722,1.9147885015883883,0.0957741066813469,-0.29580987311458756,-1.0534383058547974,0.3333333432674408
0.085870809862149,0.6435569733553004,-1.0460316096961102,-0.7220988273620605,0.7259434392829258,-1.131508093245712,-1.1270275519009565,0.06451933416965258,-0.04157421997123759,-0.890896737575531,-0.7161281704902649,0.3333333432674408
0.29134732484817505,3.2379686985095,-1.3510747127896074,-0.6938037719670027,0.01778554456226235,-0.90045166015625,-1.4992763366963688,1.0740019616163337,1.3522697935802943,-0.0895003229379654,-0.9691107869148254,0.3333333432674408
0.36712485551834106,0.2922022254410379,-0.669453717427079,0.011677478529938858,-0.15357839106475482,-0.44740299935010586,2.022446221705217,0.5477224379708763,-0.8682317961034186,0.37798094749450684,-0.8847832679748535,0.3333333432674408
0.5944573879241943,-0.024789171293377876,-0.05790869891643524,-0.766541063785553,0.33705826883883205,-0.7221515678994701,-1.1264257463317728,-0.023708128932693653,-0.17757928799313152,0.3111979067325592,0.3801299035549164,0.1666666716337204
-0.6179829239845276,-0.7626218884142845,-0.2617647051811218,0.7420853128154737,-0.09889192046473863,1.3930940736086221,1.3805939958571265,0.45456197952448835,-0.6524105072021484,-1.0244628190994263,-0.9691107869148254,0.3333333432674408
-0.08754027634859085,0.7287072447370949,-0.7181619390030919,-0.6364030960942477,0.8424426851133742,-1.064225299602701,-1.3951634358266354,1.0868817538245805,0.6569125652313232,0.172944794170409,-0.8847832679748535,0.3333333432674408
-1.0977823970571357,-0.3002957016258542,0.010043300688266754,-0.030704690507024537,-0.7243484258651733,0.14691370982087454,-0.04602868511436256,-1.4753014253532255,-0.35805853484626715,-1.0244628190994263,1.0818726109702315,0.6666666865348816
0.3738918134828108,0.09559523823793643,0.06441231880716942,0.34457943095657445,0.28767145902409474,-0.731937825679779,-1.0136064620490106,1.0961662242331789,0.9686561822891235,0.8883372295821701,0.9704226851463318,0.5
0.1397922784090042,-0.6785839796066284,0.8934193253517151,-0.07307793657090898,0.69852647847929,0.6538774579174018,0.5159354570445484,0.17109804282868823,-2.0398316452469154,0.04406575486063957,-0.9691107869148254,0.5
-0.08754027634859085,0.15351851284503937,0.6895633339881897,1.2575743592519233,-0.2902892827987671,2.6489106451313296,1.7462432218861623,0.8298391446516293,-0.15362077951431274,-0.47814441035166844,-1.2220934629440308,0.3333333432674408
-0.5372770526840407,-0.7380198836326599,0.4857073128223419,1.690746692691839,-0.0007546851668185639,0.5408593313724369,0.07865919532193452,0.3970671278055279,-0.9027853491704003,-0.5569815635681152,-0.2944904565811157,0.3333333432674408
1.0841912816076982,0.9255249525170288,2.158766385780341,-0.5295000644688101,1.3756713189369965,-1.4059932231903076,-1.765699293091351,1.1363299250780614,0.0957741066813469,0.6451131105422974,-0.2944904565811157,0.5
-0.6730815168570903,0.636472226070644,1.064969336435736,1.7068484480629362,-0.34454667568206787,-0.9458103262263426,-1.0317965185273983,-0.27458977891783,-0.9018054008483887,0.3111979067325592,1.5607155561447144,0.5
0.5186799168586731,0.3240760890605059,-0.12586070597171783,-0.5478445666768718,0.15963054277309438,0.6830554423394379,1.4223906495301155,0.2017527958451507,-0.46536436676979065,0.1834893676799502,-0.7161281704902649,0.5
0.5186799168586731,-0.4408404231071472,0.6256731342147528,-0.6776565313339233,-0.697219729423523,-0.8058253255257128,-0.2375208267345195,-0.8553181886672974,-1.966138891720474,-0.5569815635681152,0.4651983618174214,0.5
2.3643452028815024,-0.3260154275944409,0.7273197384789343,-0.5231636122041762,1.6083990679460567,-1.349821925163269,-1.6923664609075297,1.302040937967003,-0.2783181965351105,0.9790282845497131,-0.5867190894811352,0.5
0.8989572560564791,2.476778724682823,-1.1031941619174246,0.022340772360489952,1.22829037462607,-1.4059932231903076,-1.8111564182588522,0.8983207941055298,0.5322151184082031,-0.10184748845978078,0.29580235481262207,0.5
-2.029454982491962,0.25324482894269223,-1.922670826458209,-0.766541063785553,-0.8642166223414515,-0.03747148397149365,-0.019785946696489403,-1.519703580651462,1.7668497693027756,-1.3027909852628352,0.9790059601911856,0.5
-0.08754027634859085,-0.6107848044563603,1.465752835063776,0.63782700715971,-0.45306146144866943,1.4835808263691586,0.6568328525188986,0.6658273696300792,-1.4683684914591495,-0.49019855260849,-1.2220934629440308,0.5
-0.01176275685429573,-0.3814045190811157,-0.1767250967745104,-0.9207564362128507,-0.49595879202728843,0.05446016043424606,-0.5513646306878741,-1.8547139693707673,-0.5900617837905884,-1.311379437354469,1.6450430154800415,0.5
-0.7695379853248596,-0.39316254145821017,-0.12586070597171783,-0.8109833002090454,-0.561576247215271,-0.5634239912033081,0.4727796602148342,-1.3104144555542516,0.26953905208996204,-0.22306638956069946,0.6481990274983376,0.5
0.6089431659975421,2.0456792748750776,-1.9739456651565195,-0.6332142949104309,0.825291314035369,-0.5072526931762695,-0.9281456433694872,1.5197968284874006,1.6520985422655727,2.12391901403976,-0.7461129888347137,0.3333333432674408
-0.5422053933143616,-0.4408404231071472,-0.5335727334022522,-0.8109833002090454,-0.39880406856536865,-0.45108139514923096,-0.19661794547220107,-1.0600886884060388,-0.8394566774368286,-0.890896737575531,0.04281972348690033,0.5
-0.9065795416354733,2.0658382049333026,-2.1644208431243896,-0.5911886212218576,0.05548739126654461,-0.4632432632551194,-1.338489646043977,-0.10359090732061751,2.398202722975876,0.664402235833702,1.884068606168489,0.5
0.36712485551834106,-1.2891692895437121,0.010043300688266754,-0.8109833002090454,-0.2631605863571167,-0.45108139514923096,-0.23575221911046487,-0.8330973550345898,-0.8394566774368286,0.24441486597061157,0.6331125497817993,0.5
0.5944573879241943,1.3337776908778718,0.561906469562478,0.6987725290374758,-0.34454667568206787,1.065543293952942,1.0530003601101914,0.7287090937829662,-0.15362077951431274,-0.37228144591698764,-0.3744266355145598,0.3333333432674408
1.5475837780820803,-0.5597122311592102,0.28185129165649414,-0.8894921650974691,-0.5061038355348281,-1.0689655542373657,-0.3665452468961342,-0.7500813155678645,-0.5900617837905884,-1.3583780527114868,0.8017675876617432,0.3333333432674408
0.2527487299748899,0.5958167075407893,1.6618610412951749,-0.6008190254490396,1.08721302882989,-1.111964692679459,-1.5538541786117515,0.015646681072157637,0.8220393581404286,1.98024018713635,2.065941944035814,0.6666666865348816
-0.9210929870605469,-0.4408404231071472,-0.2617647051811218,-0.6109932065010071,-0.2360319048166275,0.05446016043424606,0.45267924798517667,-0.7187780363643231,0.5945638418197632,-0.7573306560516357,-0.4601247189097744,0.5
-1.0639738397687506,-0.3219686448574066,-0.8472464546117718,-0.6332142949104309,-0.33014913364006365,0.33531656861305237,0.0701137797940662,-0.7524561392736878,0.714974441840668,-0.09253034994561803,-0.2944904565811157,0.5
0.6702349185943604,-0.3219686448574066,2.4680531645649477,-0.7220988273620605,0.7925680270340283,-0.8442803621292114,0.3830310594395282,0.4490696341350525,-1.0490014699552523,-0.09095799658298265,-1.306420922279358,0.3333333432674408
-0.8453154563903809,-1.2673251152147533,0.07799530029296875,-0.6883658365255508,-0.12740346314505072,1.065543293952942,0.3514806027808022,-1.1731810661312836,-0.9018054008483887,-0.15628336369991302,0.5487849712371826,0.5
0.29134732484817505,1.7501108647804844,-0.3297167122364044,-0.6998776793479919,0.8417752500349538,-1.237479329109192,-1.0679939251367265,0.5619040504313918,0.46986642479896545,-0.0895003229379654,-0.2101629078388214,0.5
0.8217899799346924,-0.9163275957107544,-0.07817413741193432,1.775936710415786,-0.4801901578903198,1.0953063449445521,1.2317416351723556,1.634592951616519,-0.08931302218508311,0.12354222062984642,-1.306420922279358,0.6666666865348816
0.1397922784090042,0.5797770805554473,-2.1644208431243896,-0.6776565313339233,0.3806120959917738,-1.0689655542373657,-1.4016586652163188,0.951818189775447,0.9063074588775635,0.3274634670609884,-0.37881800532341003,0.5
-1.0238592941436087,-0.7974557876586914,-0.7779616472292337,-0.8776466846466064,-0.4956972087706318,-0.17022497951984406,0.8285368130471392,-0.8842515551479493,-0.34066691994667053,-1.1076686713565231,-0.1258353590965271,0.3333333432674408
-0.6179829239845276,1.3673378577819795,-2.1179961840827395,-0.6998776793479919,0.49018497623923,-0.8544391362498985,-1.5971066456550815,0.32189641426034,0.7192612886428833,0.4447639584541321,-0.17758595786325346,0.5
-0.8378492108263297,-0.3219686448574066,0.4177553057670593,-0.4073428540577027,-0.08401062025905232,-0.20021821230493475,0.058467445998012686,-1.14842266376967,-0.9018054008483887,-0.957679808139801,0.4644574522972107,0.5
0.7460124492645264,0.7071587837346176,0.28185129165649414,0.1859948124211527,-0.6158336400985718,0.5038304328918457,0.7320949381245517,-0.3874273198964357,-0.15362077951431274,-1.3560215345194733,0.9393855419724102,0.5
-0.9422060204586943,0.8172261331245545,0.4177553057670593,0.0038199171330075537,-0.5073188543319702,-0.19068840712547694,-0.08488772354445012,-1.585572893089741,0.7192612886428833,-0.42341551184654236,2.793798132073391,0.6666666865348816
-0.16331779956817627,-0.7974557876586914,0.14594730734825134,1.4813707384948802,-0.697219729423523,1.323226766068163,-0.2459346445901422,0.15808523148181042,-1.4592498090467882,0.5105602586103489,0.3801299035549164,0.6666666865348816
-0.3148728311061859,-1.1871839329545504,-0.4656206965446472,0.8535281176608376,-0.01900232955813408,1.1605402830426854,1.9136428763355535,0.304576548633266,-0.9819267970931027,-1.3158919684419588,-0.8847832679748535,0.3333333432674408
-0.7695379853248596,-0.8603217005496487,0.5536593198776245,1.1533084803195026,-0.2902892827987671,5.652154946514353,1.7696294379495416,0.22334643682220237,-0.34539348015987803,-0.42341551184654236,-0.7565477453236468,0.3333333432674408
-0.55093348432459,-0.8568916916847229,0.5645561869573578,2.747922337312336,-0.18177451193332672,0.040832863645419576,0.6016501236132574,1.749369282316181,-0.8840601499683062,-0.6237646341323853,-1.99295941292852,0.5
0.9225715185847145,2.215156271739995,-0.2617647051811218,-0.5665509104728699,0.5778290033340454,-0.9135444615286303,-0.8701573664119892,0.9679163454232208,0.34516897797584534,0.37798094749450684,-0.041507821530103683,0.3333333432674408
0.019730900361142438,0.3944883099313677,0.14594730734825134,-0.5887720584869385,0.5011782419333578,-0.7881091237068176,-1.3545209129136737,0.3468533353434346,0.7816100120544434,1.315613573410833,0.7846125082311028,0.5
-0.17663152390264175,-0.5002763271331787,-0.6694766879081726,-0.0843854334211798,-0.2631605863571167,0.49498298017640696,0.5147630310450494,-1.338157331725777,-0.9641541242599487,0.04406575486063957,1.5607155561447144,0.6666666865348816
-0.9210929870605469,1.2836183886336698,-2.1130559296821514,-0.5735361880276189,0.32938330673152527,-1.5497165291289274,-1.8229022872694771,0.18586528429378874,2.6196921882971465,0.04406575486063957,2.29707227552668,0.3333333432674408
-0.6179829239845276,0.27239030599594116,2.42481397785608,1.6626094455946467,0.6815292767705564,-1.1813081502914429,0.6333524967436683,0.49879076912417525,-1.0265028476715088,0.17763182520866394,-0.4221170871725724,0.3333333432674408
0.21556980907917023,-0.15204756839505743,-1.800851137470796,-0.5887720584869385,0.45758812772477475,-0.27184692934684745,-0.1391118310970989,0.18890808801036954,-0.9018054008483887,0.3111979067325592,-0.8847832679748535,0.1666666716337204
-0.3148728311061859,-0.8568916916847229,-0.2617647051811218,0.24043657457348605,-0.40546428161606535,-0.731937825679779,-0.23727063093652911,-0.7156710318129283,-0.46536436676979065,-1.2915949821472168,0.4644574522972107,0.5
-1.0545600567514533,-0.8171539039983612,0.010043300688266754,-0.7887621521949768,0.9577872546266447,-0.3949100971221924,-0.1333378722770779,-0.7351781950768386,-0.46536436676979065,-0.49019855260849,-1.0534383058547974,0.3333333432674408
4.376079315930331,0.044447407233303246,0.9305170213688762,-0.6278788251245366,0.6862668027382115,1.0825104893569557,-0.4205438699329888,1.5058506493620811,-0.5727220526332891,2.4333127842792135,0.13493920844454566,0.5
-0.08754027634859085,-0.5002763271331787,-0.19381269812583923,0.283715530843094,-0.6429623365402222,-0.2825675308704376,-0.3729634875852973,-0.6300207647449354,-1.0372830628105432,-0.6237646341323853,0.7263648277538949,0.3333333432674408
2.5134349870982757,1.0503393440143978,-0.03765184585381948,-0.08721437083287135,-0.15806975800279832,-1.4082392109913957,-0.5042472494702831,1.0743809179435047,-1.0066018996987285,-0.2898494303226471,-0.7161281704902649,0.3333333432674408
-0.6937604546546936,-0.9163275957107544,-0.6689003389341508,2.2072265095109627,-0.697219729423523,0.40519005944366554,0.5721315637060767,0.9234102760038628,-0.46536436676979065,-1.2659978163948344,-0.7021915791198897,0.5
0.06401476263999939,-1.0280900306606562,-0.05790869891643524,-0.7887621521949768,0.031642121127984146,0.8054975717275135,0.5009271494576232,-1.2229241712256007,-0.1725355748618179,-0.02271728403866291,1.1953461205721005,0.3333333432674408
0.21556980907917023,0.9023385373653291,-1.5482396741203694,-0.6998776793479919,-0.07325971871614456,0.9048351205643453,0.21441999131578243,0.2417780265179945,-0.7147592306137085,-0.15628336369991302,-1.2220934629440308,0.3333333432674408
-0.2390953153371811,-1.0351994037628174,0.34980329871177673,1.0372905835953248,-0.54166970437658,7.628188078132162,1.413734868700763,0.36710534516201726,-1.1385308331770665,-0.8854668148507541,-0.8847832679748535,0.5
0.29134732484817505,0.3763213193876787,0.12044766371233745,-0.6998776793479919,-0.2746869017255721,-1.0689655542373657,-0.9470560149664744,-1.2782241035126707,-1.3771239493837426,-1.0244628190994263,1.223405361175537,0.3333333432674408
0.08741931538942765,1.4203014516028465,-1.849332210914898,0.42910979450476744,-0.7711151476721899,0.6285122371423463,0.10149092630125767,-0.0763416200132109,-0.3818461125440556,-0.8911139665372201,0.12714727222919464,0.5
-0.3148728311061859,-0.7259000391732616,-0.12586070597171783,0.7576281207980426,-0.4801901578903198,-0.0578824058175087,-0.18427382147703583,-0.4006245535574594,-1.530048127485445,0.17763182520866394,0.21147480607032776,0.6666666865348816
-0.08754027634859085,-0.7974557876586914,0.0008271631906674459,-0.3286668077982943,-0.5073188543319702,0.11063144356012344,-0.219324519989485,-1.2000216523220497,-1.151200294494629,-0.8241137266159058,1.1552737507858386,0.5
1.933660032172826,-0.8568916916847229,6.777918660262942,-0.6332142949104309,-0.34454667568206787,-1.2771465730410503,-0.11587051011012567,-0.2483974367223498,-1.2974401524409434,-1.1580289602279663,0.6331125497817993,0.3333333432674408
-1.0603839757597373,-0.6023543542015608,-0.4656206965446472,-0.8109833002090454,-0.5344475507736206,0.4476591646671295,-0.2570213446115335,-1.9610695555896753,0.30657815610774886,-1.1398281728446238,1.6450430154800415,0.6666666865348816
1.2254919694571258,0.7623851580035939,-0.6015247106552124,-0.16747827703839718,1.017284190498538,-0.5634239912033081,-0.3417266386291633,1.2187473220779135,0.2828202545642853,-0.30527880474936847,-0.37881800532341003,0.3333333432674408
0.5954930698033895,0.6145179852580033,-0.2617647051811218,-0.6109932065010071,0.5811032822201648,-0.6195952296257019,-0.34414506225253116,0.7421261020249607,1.1145908184621762,-0.49019855260849,-0.9691107869148254,0.3333333432674408
-0.5422053933143616,-0.6191481351852417,-0.397668719291687,-0.6332142949104309,-0.4801901578903198,-0.8670164495864965,0.4936351265986209,-0.6160014509062323,0.23438287087527557,0.29267134177185683,0.49515632603645304,0.3333333432674408
-0.6937604546546936,0.3929304900700619,-0.12586070597171783,-0.5646447744975542,-0.3174179792404175,-0.506208709964226,0.5078375991436437,-0.6678425031625456,1.3427485227584839,0.04406575486063957,0.5487849712371826,0.3333333432674408
-1.6678394525899225,-0.9163275957107544,-1.4685272043615136,-0.833204448223114,-0.4801901578903198,1.1217145919799805,-0.2178688084727885,-1.5952761366074737,0.8439587354660034,-1.0524752697224673,0.6331125497817993,0.3333333432674408
0.9769001080451146,-0.6191481351852417,0.07799530029296875,1.3502149241831118,-0.8456053967302166,1.1116191500336472,0.513519067412815,-0.17531378498269612,-0.9018054008483887,-1.2915949821472168,1.223405361175537,0.8333333134651184
-0.39065036177635193,-1.1385438700340536,1.707423066056911,-0.9482814302470178,-0.3500193803942262,-0.5634239912033081,-0.5010043288466604,-1.458573964349484,-0.34066691994667053,-0.3566324710845947,1.308991490417798,0.5
-0.46642789244651794,0.03464672341942787,-0.9364382372056521,-0.6554354429244995,0.49413835661866484,0.290676806595735,-1.0280988166783662,0.30422200231711116,2.0241303742859755,2.5207297755810525,0.3801299035549164,0.6666666865348816
-0.23042545730939032,-0.2625327408313751,-0.5335727334022522,-0.6776565313339233,-0.1441362531522132,0.7836156657203218,1.105367000151071,-0.4854927206425622,-1.151200294494629,-0.49019855260849,-0.631800651550293,0.3333333432674408
3.6191049902203147,0.3757533242016138,1.6507910033181765,-0.5260688450348049,2.031163217982532,-0.9566229581832886,-1.2598949041195837,3.065761560688827,-0.6524105072021484,0.745604924254165,-0.9691107869148254,0.5
6.353549003601074,-1.5701223611831665,9.11561107635498,-0.9887523055076599,-1.2940510511398315,14.546651840209961,5.739711284637451,5.3161420822143555,4.896625518798828,9.794388771057129,3.078611373901367,0.0
0.21556980907917023,-0.8568916916847229,-0.2617647051811218,0.015122836709931198,-0.45306146144866943,-1.2682334325069926,-0.3657207526635971,-0.10940197821617331,-0.8394566774368286,-0.22306638956069946,-0.7161281704902649,0.5
-0.16331779956817627,-1.3198973956579714,-0.05790869891643524,-0.8776466846466064,-0.38936221760469936,-0.22639626264572144,-0.11413675360295286,-0.7552124123329469,0.9686561822891235,-0.7573306560516357,-0.2101629078388214,0.5
0.5529709742597176,-0.3219686448574066,0.6566068297989671,0.08399293950522274,-0.8503916135726608,-0.5220549100873414,1.3895771870808606,-0.7293272606898487,-0.6410301710168544,-0.3566324710845947,0.9704226851463318,0.5
0.5944573879241943,0.6240938103439416,-0.5282547333461914,1.0522529946694608,-0.2793927365372264,0.16680273413658142,1.3809159665779047,1.2259174559947008,1.1557023525238037,-0.22306638956069946,-0.7161281704902649,0.3333333432674408
-0.9968705177307129,-0.6785839796066284,-0.5335727334022522,0.613946294346893,-0.7243484258651733,-1.237479329109192,-0.4730595915894794,-1.213134321422695,-0.3261451724155162,-0.8161492000771956,1.5623928237758784,0.6666666865348816
-0.46642789244651794,-0.1575171962211343,-0.2617647051811218,-0.36808378853141294,-0.561576247215271,-0.6195952296257019,0.6541065758682659,-0.2645018877049661,0.9686561822891235,0.04406575486063957,-0.041507821530103683,0.5
0.36712485551834106,-0.5002763271331787,1.1652272939682007,-0.8776466846466064,-0.7710497297341018,-0.3949100971221924,-0.7316967232815673,-0.785247270805065,0.3670923500199868,-1.3682357391488897,-0.2944904565811157,0.5
-0.01176275685429573,-0.8568916916847229,0.34980329871177673,-0.9178180900112283,-0.39880406856536865,0.33531656861305237,0.0005227077460275525,-0.9794306810794297,-0.0017866420670452562,-0.6237646341323853,0.04281972348690033,0.5
1.9780910851190974,1.103576016764865,0.8145229480196823,-0.6538759484213644,0.7359220371238536,-1.4059932231903076,-1.7452940242258983,1.0791137923873741,0.46986642479896545,-0.3566324710845947,-0.1293380169245465,0.5
-0.3148728311061859,-0.5002763271331787,0.21389929950237274,-0.8554255366325378,-0.39880406856536865,-0.3949100971221924,-0.1704660098207928,-0.6125344278467384,-0.15362077951431274,0.4447639584541321,-0.8004556894302368,0.5
0.20890053245774373,0.11356290402985118,0.14594730734825134,1.0446071856363428,-0.2360319048166275,1.1244150168168028,0.5940527824388758,0.7784496453370124,0.15812282264232635,-0.6905476450920105,-0.7161281704902649,0.3333333432674408
-0.24097745903513335,-1.213507056236267,0.010043300688266754,1.276563168289386,-0.15464581549167633,0.4941494495800532,0.09499769971328292,0.7326427735011143,1.1557023525238037,-0.02271728403866291,-0.38599607321926677,0.5
-0.7695379853248596,-0.20309685170650482,-0.12586070597171783,2.8063268604657363,-0.2631605863571167,1.1220800986091017,1.0376540206273828,1.8034683420224833,1.3465408751443009,-0.957679808139801,-1.421053970050876,0.3333333432674408
0.29134732484817505,0.09071777073608356,0.9305862486407392,-0.5887720584869385,0.7221463222114771,-0.5216208486075006,-1.3553990092167811,1.1248880205098961,1.409002129001078,0.833674486499238,-0.37881800532341003,0.5
-0.39065036177635193,-0.3814045190811157,1.1652272939682007,2.636526727446057,-0.2631605863571167,1.2841898953250708,1.5810765171501646,1.3927408848706244,-0.8825977315798675,-0.22306638956069946,-1.2490572296119464,0.3333333432674408
0.06401476263999939,-0.7974557876586914,0.7329489505991533,0.3369033643845201,-0.37167537212371826,-0.9566229581832886,-0.410123293080588,-0.5260562506448276,-1.8923344188757913,-0.7573306560516357,0.7751293294850821,0.5
0.06401476263999939,1.234169568784218,-1.579120101186593,-0.8109833002090454,0.4769414110021116,-1.2102863370046246,-1.6600064608191756,0.7166341142937374,1.7685757496839336,0.40824692633368026,-1.2589433019083383,0.3333333432674408
-0.6937604546546936,-0.4408404231071472,-0.05790869891643524,-0.1048676609318233,-0.34454667568206787,0.05446016043424606,0.731513334485429,-0.730630611407444,-0.12678328889725887,-0.7232884395877824,0.12714727222919464,0.5
-0.6937604546546936,-0.20309685170650482,-0.2617647051811218,-0.8109833002090454,-0.014836160196368006,0.5887543346882327,-0.04878572836530017,-1.6164693200747133,-0.7771079540252686,0.17763182520866394,0.9435276388814486,0.5
-0.6937604546546936,-0.20309685170650482,-1.4097585564774218,1.565871516819297,0.009704185687825776,0.6233105348515181,0.6535436025565862,0.8026437483291039,-0.30351521561140454,-0.22306638956069946,-0.9691107869148254,0.3333333432674408
2.04867970498515,-0.034969211349935546,0.6216112971305847,-0.833204448223114,-0.3565784071456677,-1.349821925163269,-0.34983901816097235,-0.5514968502490402,-1.8519706050528137,-0.957679808139801,-0.017278901046628395,0.3333333432674408
-0.6937604546546936,-0.4408404231071472,-0.8018102931738066,2.645996276332472,-0.2902892827987671,0.39148786664009094,0.3912520928274588,1.0395922757884088,-0.4030156433582306,-0.7101328735380623,-0.631800651550293,0.5
-0.9590993033583355,-0.14366096258163452,-1.5806995996496254,1.6320565319246294,-0.6547490135973829,-0.34295432661062863,0.3492981574582401,0.47956200046821046,-0.34066691994667053,-0.3388745421511873,-0.46314552426338196,0.5
0.4559148080925447,0.21295440196990967,-2.1644208431243896,-0.6776565313339233,0.5427741246159384,-1.234211772784756,-1.6057667130603406,0.8664355708636629,0.033425383269786835,0.715130541616719,-1.0534383058547974,0.5
-0.6937604546546936,-0.5507639480816713,1.1652272939682007,1.6120783569013184,-0.561576247215271,0.6006144609920512,1.310359112091971,0.6860881692711838,-1.2074311499220642,0.8076880657066008,-0.9691107869148254,0.5
0.1397922784090042,0.5584620511967012,-0.8053807020187378,-0.6242788781519834,0.4912881772389054,-1.0689655542373657,-1.6856146627907742,0.5457267151594172,1.4649483999225055,0.5783300399780273,0.4644574522972107,0.3333333432674408
2.148876980084306,0.21295440196990967,0.02946987832579161,-0.19289101051652544,0.6453948573838579,-0.6402269495007461,0.011025592299557033,1.3711498448689363,0.15812282264232635,1.0697700679247628,-0.2944904565811157,0.5
-0.39065036177635193,-0.6191481351852417,-0.12586070597171783,-0.15424405381908643,-0.23909406364065183,0.16680273413658142,-0.04702477031400488,0.17283801767035234,0.3539690551345786,-0.7765759148872663,-0.631800651550293,0.3333333432674408
-0.39065036177635193,-0.8568916916847229,0.010043300688266754,0.5648916630595812,-0.6158336400985718,-1.0689655542373657,-0.4070448592385264,-0.3910894904744737,0.4507080307555219,0.33925214003210574,1.0745983421736518,0.5
-1.148425579071045,-0.7974557876586914,-0.25189644788006643,-0.0005380937678441285,-0.6158336400985718,0.39148786664009094,-0.3575837772528814,-1.137962570021851,-0.15362077951431274,-0.8359273206577618,0.7422186980313558,0.5
-0.5422053933143616,-0.9757634997367859,0.010043300688266754,-0.8109833002090454,-0.561576247215271,-0.2742616143564394,-0.2913481264006563,-1.2028023540298511,-0.15362077951431274,1.2839532312913378,0.4644574522972107,0.6666666865348816
-0.8004617920343893,1.4377410180716843,-1.257882741336375,-0.5610286116694163,0.7031869084535687,-0.5865402320446235,-1.4852904552439807,0.6487816797257447,1.4894112772606742,0.8663792708361684,-0.1258353590965271,0.5
1.5680483211036154,0.6398423568568196,-0.6698725322426395,-0.6998776793479919,0.09549842407566583,0.07220485005229846,-0.32375663187402104,0.883206718363743,0.15812282264232635,-0.9384975402225982,-0.8847832679748535,0.1666666716337204
0.5944573879241943,-1.0351994037628174,0.28185129165649414,-0.8109833002090454,-0.34454667568206787,-1.0820825501618199,-0.26163955852440685,-0.71799822289935,-1.0265028476715088,-0.890896737575531,0.5487849712371826,0.5
-1.072648048400879,0.9065028325898128,-2.1644208431243896,-0.9033478127054094,-0.07325971871614456,-0.13609600605602926,-0.5203160642296347,-0.19819040513954908,0.0957741066813469,-0.6237646341323853,-1.4750760793685913,0.3333333432674408
0.1397922784090042,-0.5002763271331787,0.65955361262432,-0.7443199157714844,-0.8245790939358089,0.2229740172624588,0.07311252315786758,-0.6095350691718537,-0.34066691994667053,-0.47652460227482846,-0.2101629078388214,0.5
-0.2390953153371811,-0.7698089644222916,2.570473158043966,-0.7887621521949768,-0.667982642763808,1.7013855273263414,0.7684705953315231,-0.9513308879121953,-1.0265028476715088,-0.7573306560516357,0.6331125497817993,0.5
0.29134732484817505,-0.6379987088156159,-0.2617647051811218,-0.6404535288700212,0.5778290033340454,-0.6757665276527405,1.1154452583615626,-0.2566632116678159,-0.46536436676979065,-0.02271728403866291,0.3801299035549164,0.5
-0.6140126910005339,1.8733303695133143,-2.1644208431243896,-0.6332142949104309,-0.06628769351573105,-1.349821925163269,-1.6892274025267922,0.29585404305918833,1.8012255219548563,1.9602407048836001,1.5607155561447144,0.8333333134651184
-0.08754027634859085,-0.6191481351852417,0.8934193253517151,2.8292964320335816,-0.34454667568206787,0.6879073268700316,1.2422881637886418,1.9267864662302876,-1.4842464991364215,-0.6237646341323853,-1.7898500801694759,0.3333333432674408
-0.8453154563903809,-1.213507056236267,-0.12586070597171783,0.06273713778714776,-0.531329137482543,0.6757879995463404,1.0486245679643469,-0.16907969126782663,1.8901023234896874,-1.0244628190994263,-0.2944904565811157,0.5
0.08074342142140642,-0.3814045190811157,0.8254672884941101,1.1960083577821943,-0.3464140022894046,0.06207668226378534,0.550584625920369,0.5621437860651778,-0.028923334553837776,0.14642017159616205,-0.2944904565811157,0.3333333432674408
