Square_Footage,Num_Bedrooms,Num_Bathrooms,Year_Built,Lot_Size,Garage_Size,Neighborhood_Quality,target
-0.4611366494467485,-1.3946808576583862,0.03292998671531677,-0.5765491470166875,-0.1149525540922176,-1.254657506942749,0.1334204226732254,0.3571215974183791
-1.6818070362014916,1.4086978435516357,0.03292998671531677,0.9028058740871937,-1.2653602641598753,-0.027008283883333206,1.519606590270996,0.10630435240581004
-0.6448073517831209,-0.6938362121582031,0.03292998671531677,0.27839308857886286,-1.6015808301445758,-1.254657506942749,1.519606590270996,0.29977719016803406
0.9201045495818267,0.7078531384468079,1.2525591850280762,-0.23109935939824428,0.7849690738704601,1.2006409168243408,1.2597987715340306,0.7848966112627798
1.2313118909980314,-1.3946808576583862,0.03292998671531677,-1.5593217269328263,1.6290519984844793,-1.254657506942749,0.1334204226732254,0.7832255674087026
0.3252673426839135,0.007008446846157312,0.03292998671531677,-1.4419534472967144,-1.321682994061038,-1.254657506942749,0.4328742173482435,0.5010067399594135
1.7053724887538946,0.7078531384468079,0.03292998671531677,0.8832703634292532,-1.1699843936543413,-0.027008283883333206,0.1334204226732254,0.9342357205600429
0.3198196764353985,-0.6938362121582031,1.2525591850280762,-0.9451217607460397,-0.10640161762715407,1.2006409168243408,-1.5993123054504395,0.5703425228181062
1.0666191762231665,-1.3946808576583862,0.03292998671531677,-0.1817611091359458,0.15454250843526146,-0.027008283883333206,0.1334204226732254,0.7329613077891393
-1.296880664493076,1.4086978435516357,1.2525591850280762,-0.964432538227092,-1.3147152539317273,-1.254657506942749,-0.8133069841105232,0.20496246721801525
0.31073043923082816,-0.6938362121582031,1.2525591850280762,-0.786348531835081,-0.6706461071011369,-1.254657506942749,1.519606590270996,0.5702229894219986
-1.3920764866670374,0.7078531384468079,0.03292998671531677,0.33933019500921147,0.18019807306514815,-1.254657506942749,-0.5596727132797241,0.1651694693996071
-1.087466226839545,1.4086978435516357,1.2525591850280762,1.1246395488273477,0.6389324630611871,-0.027008283883333206,-0.21312613785266876,0.2757991775402448
-1.6623510184181107,-0.6938362121582031,1.2525591850280762,-0.20954008001695362,-0.712073311066972,-1.254657506942749,0.4799669682979584,0.09471954895248508
0.875984121319353,0.7078531384468079,1.2525591850280762,1.6621670263716988,-1.587042641131931,-0.027008283883333206,0.1334204226732254,0.7340562641458879
-0.23384073725852994,-0.6240478382173008,-1.1866991519927979,1.3752063839193664,0.26054774744695586,-1.254657506942749,0.15552444480090316,0.49532550797503383
0.763821139738931,0.31330208454307196,0.03292998671531677,0.5842407931641154,-0.5465861372387741,-1.254657506942749,-0.9062192440032959,0.6993222190355656
0.7712466887256466,-1.3946808576583862,0.03292998671531677,-0.358261518871659,-0.2562677713393333,1.2006409168243408,-0.9062192440032959,0.669935545874455
-0.13291707300289435,-0.6938362121582031,-1.1866991519927979,-0.8653570770648707,0.5925032860222058,-1.254657506942749,0.0013219556530298382,0.4322017809402901
0.7242164797945457,0.007008446846157312,0.03292998671531677,-0.23055378503015195,1.044394268050186,1.2006409168243408,0.4799669682979584,0.7069455412563213
-1.40821563675822,1.4086978435516357,1.2525591850280762,-0.08181635564592234,0.6676739374407947,-0.027008283883333206,-0.8211733832147533,0.19647475247996735
0.8217719652290921,-0.6938362121582031,1.2525591850280762,-1.3660651944380517,1.231234653045826,-1.254657506942749,-0.5596727132797241,0.7310704699353702
-0.8178078654661951,-0.012980797297604818,1.2525591850280762,-0.38437705670653805,-1.460752911441105,1.2006409168243408,0.4799669682979584,0.2769882610108269
0.40488073807933744,0.7078531384468079,1.2525591850280762,-0.023426115328194608,-1.7172609271154302,-1.254657506942749,-0.21312613785266876,0.5870721653893715
0.04860418108280498,-1.3946808576583862,0.03292998671531677,1.164212588710397,-0.40497316496170327,-1.254657506942749,1.519606590270996,0.5447253379342605
0.6206847643098433,0.7078531384468079,1.2525591850280762,1.0660792454565542,-1.0364755561027827,1.2006409168243408,-0.9062192440032959,0.6689585177345939
-1.513047460314402,1.4086978435516357,-1.1866991519927979,0.331180993488224,0.2737975438486574,-1.254657506942749,-0.5616326961962326,0.1449657233356561
0.9688357960052268,-0.6938362121582031,-1.1866991519927979,1.3043827023998085,-0.5686737385125794,1.2006409168243408,-0.9062192440032959,0.7733705213159053
-0.5744054642134337,0.007008446846157312,-1.1866991519927979,0.8692136958082906,-1.4840506040479544,-1.254657506942749,-1.5993123054504395,0.34323078728173395
-1.220815634276835,-1.3946808576583862,0.03292998671531677,1.5204600043227785,-0.21646238298623688,-1.254657506942749,-0.5596727132797241,0.17864344106958913
1.2801837585012206,-0.6938362121582031,1.2525591850280762,0.6581510570300924,-0.6964052089736917,-0.027008283883333206,0.1848249705944383,0.8430116213646354
0.82916010584065,1.4086978435516357,1.2525591850280762,0.7300497562828289,1.221204757746447,1.2006409168243408,0.9092160434876958,0.7808998054695566
-1.2082948843202275,0.7078531384468079,1.2525591850280762,-0.7369456500996417,-1.4854314777233961,1.2006409168243408,0.4799669682979584,0.18578313210155967
-1.598760218018715,-0.6938362121582031,0.03292998671531677,1.4172492297749724,-0.6399604142269025,-1.254657506942749,1.519606590270996,0.10235990823241901
0.3871387637485003,-0.6938362121582031,1.2525591850280762,0.4750057680377837,0.8268677233723257,-0.027008283883333206,1.057554587358027,0.6353366513289239
1.0687115986241993,-1.3946808576583862,0.03292998671531677,1.5170286453040338,-1.2717418312799345,1.2006409168243408,-0.00504197805110887,0.7941747263438238
-1.2955903474287451,-0.6938362121582031,-1.1866991519927979,-0.5046882299019761,0.954935397802308,1.2006409168243408,1.519606590270996,0.1633268036075544
-1.2087941835884737,1.4086978435516357,0.03292998671531677,-1.7445005806256786,1.450924414377216,-1.254657506942749,1.519606590270996,0.18891864732173633
-1.3720499191875928,1.4086978435516357,-1.1866991519927979,-0.8378297920551756,0.7798169285123875,-1.254657506942749,-0.6659151779769431,0.15672595628406466
1.6560972949724546,0.007008446846157312,-1.1866991519927979,-0.14910526957863096,1.1893070844540967,-1.254657506942749,0.4799669682979584,0.9167826240109862
-0.5420014744210949,0.7078531384468079,-1.1866991519927979,0.5682415678374244,-0.4897831896505253,-0.027008283883333206,-1.5993123054504395,0.3951196555887981
-1.8284210388599986,-1.3946808576583862,0.03292998671531677,1.7189881801605225,-1.092681048553952,-1.254657506942749,1.519606590270996,0.016168161901401558
-0.6138037255313731,1.4086978435516357,1.2525591850280762,-1.3443380602978958,-1.2418091228813894,-1.254657506942749,-1.5993123054504395,0.3272941056991434
1.7371346076308736,-0.6938362121582031,1.2525591850280762,-0.14978649217879192,1.3838858662068965,1.2006409168243408,0.1334204226732254,0.9886742866057123
0.9555068843608905,0.007008446846157312,0.03292998671531677,-0.8136821007618266,1.2628066048507827,1.2006409168243408,1.519606590270996,0.7504513611726493
-1.3000330073295765,-1.3946808576583862,0.03292998671531677,-0.5837424307869634,-0.7120928531059056,-0.027008283883333206,1.519606590270996,0.1282275606188507
-0.9908920854167621,1.4086978435516357,0.03292998671531677,-0.9701396185742406,0.9559221515758257,-1.254657506942749,0.8265135288238525,0.26248097076221943
1.577700882103028,-1.3946808576583862,0.03292998671531677,-0.3816745474622398,1.6566597970697312,-0.027008283883333206,-0.9062192440032959,0.8835395120622757
0.5731288151836981,-0.6938362121582031,-1.1866991519927979,-0.9515842855642737,-0.66286620331799,-1.254657506942749,0.8265135288238525,0.6269518156932289
0.808797950270177,-1.3946808576583862,-1.1866991519927979,0.4164526903101187,0.7256739457139821,1.2006409168243408,1.519606590270996,0.7221336028878619
-0.1452462859798882,-0.6938362121582031,1.2525591850280762,0.5527667736575674,-0.365387227051576,-1.254657506942749,1.519606590270996,0.491620696840502
-0.6108679853686741,-0.6938362121582031,-1.1866991519927979,1.3649871893448282,-1.2816430644221317,1.2006409168243408,1.519606590270996,0.38060909769775625
-1.4629156960209315,0.4897000318877698,-1.1866991519927979,-0.9467192857482142,1.6347815744781378,-0.027008283883333206,1.519606590270996,0.13580088114499986
0.4323242762154934,-1.3946808576583862,-1.1866991519927979,1.3817713048257783,0.8933402316655635,-0.027008283883333206,0.4799669682979584,0.628155387553052
-0.5896020900252366,-1.3946808576583862,1.2525591850280762,0.5449664494136082,-0.7021747047744635,-1.254657506942749,0.09835791296459756,0.3517103268016093
0.8489247856818793,-1.3946808576583862,-1.1866991519927979,-0.7015609155593591,-0.8229476488485682,1.2006409168243408,-0.5570055120609231,0.670613354512613
1.293972417596268,-0.6938362121582031,1.2525591850280762,0.3357335524330762,-1.3460094810704948,-0.027008283883333206,-1.1574405177540275,0.7789253041967467
-1.5688132723517239,1.4086978435516357,1.2525591850280762,-0.8583410853862354,-0.10607747233231465,1.2006409168243408,-1.5993123054504395,0.12330105337899426
-0.5273825217337652,-1.3946808576583862,0.03292998671531677,1.2884729883131636,0.3172148122655878,-0.027008283883333206,0.4799669682979584,0.39067025032368496
-0.5014696629522972,0.007008446846157312,0.03292998671531677,-0.3650437584079446,0.25997060700846325,1.2006409168243408,-1.5993123054504395,0.3769242884899516
-1.630136685041323,0.7078531384468079,0.03292998671531677,-0.7352379164176214,-0.704981841776006,-1.254657506942749,1.519606590270996,0.09263450793444312
-0.339050671382571,-0.6938362121582031,0.03292998671531677,-0.3144800619928182,-1.685324674183177,-1.254657506942749,-0.3917381879015469,0.38067432655165057
-1.8427332639694214,1.4086978435516357,1.2525591850280762,1.7189881801605225,-1.7375386786963112,1.2006409168243408,1.519606590270996,0.0019562907982617617
0.07800837689562626,-0.6938362121582031,1.2525591850280762,-1.3747598940459926,-1.0325908846454,-1.254657506942749,0.02877891849596076,0.4686210760862783
-0.12553570143908596,-1.3946808576583862,-1.1866991519927979,1.6549526715018361,-1.2300350748316509,-1.254657506942749,-1.5993123054504395,0.5168734175810971
-1.1222025191555907,-0.6938362121582031,1.2525591850280762,0.02522141675021855,0.45158107749169074,-1.254657506942749,0.8265135288238525,0.23524387748728595
0.7217551008376012,0.007008446846157312,0.03292998671531677,-1.7708438822076817,1.121226775955943,-1.254657506942749,-0.5596727132797241,0.6678775007309726
-0.41937611963998844,0.7078531384468079,-1.1866991519927979,-0.24122927970543456,0.02182298916801384,1.2006409168243408,-0.9062192440032959,0.41031273070016755
1.608397078252307,-0.6938362121582031,1.2525591850280762,-0.6118049274858528,0.9242573599152224,-1.254657506942749,0.4799669682979584,0.9339551687936825
1.0340555038693178,0.7078531384468079,-1.1866991519927979,-1.0694437704614088,0.9141200632942229,1.2006409168243408,0.1334204226732254,0.7746545870794285
1.4630909158570002,0.007008446846157312,0.03292998671531677,-1.638207271066184,1.5390100939524416,-1.254657506942749,1.0710459830827257,0.8361073600170109
-1.689228391346975,-0.6938362121582031,-1.1866991519927979,1.5993433802463073,-0.9831233624084091,-1.254657506942749,0.1334204226732254,0.10348242361583729
-1.759103268889196,1.4086978435516357,1.2525591850280762,1.124950678035364,0.31414325224559686,1.2006409168243408,-0.21454453470734625,0.13669024023229362
0.9338600134225316,-1.3946808576583862,0.03292998671531677,0.19470549074147514,-0.09271400867285096,-0.027008283883333206,0.1334204226732254,0.7174284551653572
0.26029385982381537,1.4086978435516357,1.2525591850280762,1.5243035842912676,0.18361685645310355,1.2006409168243408,-0.5596727132797241,0.6319160876955006
-1.3215614368658768,-0.6938362121582031,0.03292998671531677,0.6573800514711919,-1.0740041611009052,-1.254657506942749,0.1334204226732254,0.15214056669037668
0.061323025757505784,1.4086978435516357,0.03292998671531677,-0.7474441731875422,-1.256633524458469,1.2006409168243408,1.519606590270996,0.5440744168265
-1.8007508239999255,-0.3344098050505941,-1.1866991519927979,0.12385557960470342,0.09638821333681083,-1.254657506942749,0.1334204226732254,0.06632419398429092
1.1667737948899204,0.007008446846157312,0.03292998671531677,-0.08056031323977306,0.10278002646483192,-1.254657506942749,0.4799669682979584,0.7907055298306923
-0.2617689123619203,-1.3946808576583862,0.03292998671531677,1.292429654112752,1.6271574078013722,-0.027008283883333206,-1.5993123054504395,0.4572708752920834
-1.1951033794935295,1.4086978435516357,-1.1866991519927979,0.5138397357380359,-0.19733441388322176,1.2006409168243408,0.4799669682979584,0.2381344795580643
0.2216144845855174,-1.3946808576583862,0.03292998671531677,-0.6071584103077428,1.1654433674993327,-1.254657506942749,-1.2527657747268677,0.5157945799411409
1.4297647951813102,-0.6938362121582031,-1.1866991519927979,0.47260354485539496,-0.8681624020735819,-0.027008283883333206,1.519606590270996,0.8705830760200174
-0.10767012622091925,1.4086978435516357,1.2525591850280762,-1.4866672482832197,0.9414847771502309,-0.027008283883333206,0.8372585316208738,0.4989146566851799
-0.21326934806325132,0.7078531384468079,0.03292998671531677,-0.8112362812144956,-1.3940105292369163,1.2006409168243408,-1.5993123054504395,0.4097315466199276
0.8064768923925117,0.007008446846157312,1.2525591850280762,1.283858864111037,-0.13959301937923038,1.2006409168243408,-0.21312613785266876,0.7747767389408875
-1.0254510805997694,-1.3946808576583862,-1.1866991519927979,0.4934203410751986,0.07882308014592193,1.2006409168243408,-1.5993123054504395,0.2259054589682172
-0.32150729234467146,-1.3946808576583862,0.03292998671531677,1.1296543261822387,-1.3920202563823088,-1.254657506942749,-0.21312613785266876,0.37966589514474525
-1.1166968590533177,0.007008446846157312,-1.1866991519927979,1.4112280851760217,0.6009433034878088,-1.254657506942749,-1.199113820893334,0.2700819623338179
0.6670602409337687,-1.3946808576583862,0.03292998671531677,-1.2046366495456973,1.5023746840552221,-1.254657506942749,-0.9062192440032959,0.6402672825959602
-1.390985030688239,-1.3946808576583862,0.03292998671531677,0.09156767181592979,0.4365496093158973,-0.027008283883333206,-1.3190943179998058,0.14585311702286655
-0.3913472558414518,-1.3946808576583862,-1.1866991519927979,1.3924463407026582,-0.16228229944387454,-1.254657506942749,1.519606590270996,0.4112080938199534
1.7261690837450547,0.7078531384468079,1.2525591850280762,1.017483390765542,1.4729795702525865,-0.027008283883333206,1.1730600595474243,0.993027732806737
-1.3666925125609297,-0.6938362121582031,0.03292998671531677,1.264770205449113,-0.6869871576864022,-1.254657506942749,0.6169520351775325,0.16386025931928858
-0.18099754613222713,1.4086978435516357,0.03292998671531677,0.36423997918328066,1.2465308472563184,1.2006409168243408,-1.5993123054504395,0.5529309432937989
0.7120738901916158,0.007008446846157312,-1.1866991519927979,-0.9220105093889128,-0.6007572480379766,-1.254657506942749,1.519606590270996,0.6531196797317727
0.31635839065279187,-0.6938362121582031,1.2525591850280762,-0.9777681834433303,-0.17758199662944224,-1.254657506942749,-1.5993123054504395,0.5419226886472075
0.7877227696605101,0.007008446846157312,1.2525591850280762,1.6822747593905096,0.6851077753323811,1.2006409168243408,-0.21312613785266876,0.7538296299231986
0.8501977681434404,0.7078531384468079,0.03292998671531677,0.08404700392599258,0.19774570784656495,-1.254657506942749,-0.5596727132797241,0.7272785854684678
-0.2608122187986977,1.4086978435516357,-1.1866991519927979,0.6287584968996396,0.8470534857034178,-1.254657506942749,0.8265135288238525,0.46481836030151835
0.5104604302364321,1.4086978435516357,1.2525591850280762,-1.390153155972971,-0.3282055380375517,-0.027008283883333206,0.4799669682979584,0.6428871176498913
0.930035477435464,1.4086978435516357,0.03292998671531677,-1.290767889164891,0.06405336245205691,-0.027008283883333206,-0.21312613785266876,0.7496831682213572
1.1443004268254684,-0.6938362121582031,-1.1866991519927979,-1.3832898102431612,-1.3861332704494806,1.2006409168243408,1.519606590270996,0.7357485959847782
1.1510042541371117,-1.3946808576583862,0.03292998671531677,0.19474822794595387,0.26179906938267944,1.2006409168243408,-0.1389170811937842,0.7778751266033944
-1.4652943562308256,-1.3946808576583862,1.2525591850280762,0.9444942580396214,1.2185742038421064,-0.027008283883333206,1.519606590270996,0.14196987545054554
0.24720579536190593,1.4086978435516357,1.2525591850280762,0.11268144780884595,0.3016941845699362,1.2006409168243408,1.519606590270996,0.5967539712196891
-1.1954037621101237,-1.3946808576583862,-1.1866991519927979,-0.09007985720225078,-0.6752537147977768,-0.027008283883333206,-0.5596727132797241,0.1616812493055902
-1.421668547648087,0.007008446846157312,1.2525591850280762,-0.326385175325129,0.5544071990247673,-1.254657506942749,0.6055721270077443,0.16521178423260346
-0.46464217774664,0.007008446846157312,-1.1866991519927979,-0.4061893686252464,1.6691305273419905,-0.027008283883333206,0.09227598137320864,0.42943196658919036
-0.9319987868819504,0.7078531384468079,0.03292998671531677,-0.5920377503939036,1.0495311500104352,1.2006409168243408,-0.005373993965096663,0.3265414356667269
-0.8819693252231944,-1.3946808576583862,1.2525591850280762,1.1335186261724635,-1.6721166442051143,1.2006409168243408,-1.5993123054504395,0.2645378535300878
-0.33373865943269704,-0.6938362121582031,1.2525591850280762,-1.1215217556241037,1.1489817383034475,1.2006409168243408,-0.26434236644614406,0.412181890615423
1.3536934156183216,-1.3946808576583862,1.2525591850280762,1.4071809345916435,0.481380469094641,-1.254657506942749,-0.0012884663945601227,0.8412539245079222
-1.2578725716237873,1.4086978435516357,-1.1866991519927979,1.2489348297444542,-0.05018520454947718,1.2006409168243408,1.3888142838122448,0.221317069057609
-1.0654203428110318,-1.3946808576583862,1.2525591850280762,1.075833866942046,-0.9713868158040191,-1.254657506942749,1.519606590270996,0.21490298615491132
1.6494032658291073,0.34516345376828456,1.2525591850280762,-0.5645399185097422,1.6152553271015677,1.2006409168243408,-1.5993123054504395,0.9783837489605848
-0.20110254818092987,-1.3946808576583862,-1.1866991519927979,-0.4753820483396317,1.6584284254989705,-0.027008283883333206,0.1334204226732254,0.47224050079672325
-0.9103850314329185,1.4086978435516357,1.2525591850280762,1.0974554395896579,0.9794655897149532,-0.027008283883333206,-1.5993123054504395,0.3949716382844396
0.26716124277895137,0.7078531384468079,-1.1866991519927979,0.5046918686321038,1.5903483366472304,-1.254657506942749,0.1334204226732254,0.602204805333922
-0.8613536802293787,0.7078531384468079,-1.1866991519927979,1.1891688756423784,0.46283168110618084,-0.027008283883333206,0.8849709804854767,0.3533570875727243
-1.1002893641212514,0.007008446846157312,-1.1866991519927979,1.5839959296815114,-0.5052793065439324,-0.027008283883333206,-0.5596727132797241,0.258686323659645
-0.28423978516124926,-1.3946808576583862,1.2525591850280762,-0.09548997981545237,1.296904919635347,-0.027008283883333206,1.519606590270996,0.47046624571791185
-0.34505257862856986,0.7078531384468079,1.2525591850280762,0.13956864841539673,-1.2152642485795258,-0.027008283883333206,1.519606590270996,0.40832033998944994
0.6048915465141835,-0.6938362121582031,-1.1866991519927979,-0.9076344261333553,0.9080983678672119,-0.027008283883333206,-0.5596727132797241,0.646704087290918
1.5443202198756676,0.007008446846157312,1.2525591850280762,0.5555541016896554,1.5514363434902756,-1.254657506942749,0.1334204226732254,0.9411744515236775
0.38877168268449896,-1.3946808576583862,0.03292998671531677,-0.4851038054667595,1.51980444917529,-1.254657506942749,0.01133480923213237,0.6188355802499031
0.5559203690242654,1.4086978435516357,1.2525591850280762,-1.006517130999886,-0.8580496665745757,-0.027008283883333206,0.1334204226732254,0.6335446958775233
-0.5170418997940837,-1.3946808576583862,-1.1866991519927979,-0.6513293758272023,1.6756883285671589,-0.027008283883333206,1.519606590270996,0.40020684500458126
0.4774049871603874,1.4086978435516357,0.03292998671531677,0.7744582085138741,1.1763710341829294,1.2006409168243408,0.1334204226732254,0.69235472189314
-1.6583284510606597,1.4086978435516357,1.2525591850280762,0.9252040151540579,-0.11912852619642728,1.2006409168243408,-1.5513074027520455,0.1690074065586385
-0.7788788479530074,0.25782164550481035,1.2525591850280762,0.9205458042617325,0.4312006058141718,1.2006409168243408,-0.9062192440032959,0.31853375790289284
1.1333916132712853,0.6682011233065008,1.2525591850280762,-0.10718369316313582,0.09622989252814348,-1.254657506942749,1.519606590270996,0.8104354739619936
0.2969103347265745,-1.3946808576583862,1.2525591850280762,0.21324621897113274,-0.7281857495367947,1.2006409168243408,0.1334204226732254,0.5258358935678129
-0.16016685916139992,-0.6938362121582031,1.2525591850280762,-1.1630468232718127,1.1865730553760474,-1.254657506942749,-0.5596727132797241,0.4453019505224363
0.5454945733671978,1.4086978435516357,1.2525591850280762,-0.8878992948077934,0.9921499613126907,-0.027008283883333206,0.1334204226732254,0.6939564233376755
0.8690237940879513,1.4086978435516357,0.03292998671531677,-0.2314902311221681,1.1007732182295187,1.2006409168243408,-1.5993123054504395,0.7377785080810605
-1.3021131937932242,-0.6938362121582031,1.2525591850280762,-1.2767448704392874,0.40347946883400954,1.2006409168243408,1.519606590270996,0.17233518730476804
1.550326532851823,1.4086978435516357,0.03292998671531677,1.7187773783929285,1.3492170759970454,-0.027008283883333206,-0.3339547906663384,0.9657281488431693
0.6200071627226746,0.007008446846157312,-1.1866991519927979,-1.5611406634642195,1.043791644128719,1.2006409168243408,0.1334204226732254,0.6375281913299675
1.3935562049412789,-0.6938362121582031,1.2525591850280762,0.7700301013612485,-0.1538341599261776,-1.254657506942749,-1.2527657747268677,0.8831576852572874
1.1366902937041983,-0.6938362121582031,0.03292998671531677,0.15465319385198512,1.4155094336932947,-1.254657506942749,0.4799669682979584,0.8245785823362197
0.4142926893473427,1.4086978435516357,-1.1866991519927979,-1.6983666512404167,-0.28009168953058833,1.2006409168243408,-1.2527657747268677,0.602232727504228
-0.9958013257509786,-1.3946808576583862,1.2525591850280762,1.319141570191317,1.5164286054495408,-0.027008283883333206,0.8265135288238525,0.3028170303029052
0.6605522539085796,0.007008446846157312,-1.1866991519927979,1.4866054342134414,-1.1018684115118618,-0.027008283883333206,-0.8457645598254818,0.675984325416452
1.2758795975322639,-0.6938362121582031,1.2525591850280762,-1.1718156797570904,0.883049479589887,1.2006409168243408,-0.25613173368438,0.7829315256108981
-0.5440672119857187,-1.3946808576583862,1.2525591850280762,-0.9543320313014148,-0.936271007228068,1.2006409168243408,1.519606590270996,0.33784080818749807
-0.8597233748709548,-0.6938362121582031,-1.1866991519927979,0.45276043546917166,-0.6941699369128076,-1.254657506942749,0.1334204226732254,0.2712908620125078
0.7152317837499825,-1.3946808576583862,-1.1866991519927979,1.6016003856967413,-1.342963830027351,1.2006409168243408,-0.8320162532461092,0.6530513076889857
0.5272459107124992,1.4086978435516357,-1.1866991519927979,-1.7723276615142822,0.4410011059503889,-0.027008283883333206,1.519606590270996,0.5499248231913711
0.705122839613779,-0.6938362121582031,-1.1866991519927979,-1.6744711909873242,-0.49001453109446325,1.2006409168243408,-1.5993123054504395,0.6330189961291867
0.19238123817797567,1.4086978435516357,1.2525591850280762,-0.043585230457098285,0.730005665783902,-0.027008283883333206,0.4799669682979584,0.605482051506929
-1.0193711288492617,-1.3946808576583862,-1.1866991519927979,-0.07242900670353128,0.34747104063837486,-0.027008283883333206,0.18166411356715456,0.23155727508242444
0.9939489652298428,1.4086978435516357,-1.1866991519927979,-1.1071600846207508,-0.9845371561810496,1.2006409168243408,1.1730600595474243,0.7487444631939868
1.7083731766914685,-0.6938362121582031,1.2525591850280762,0.6862768565921542,1.354847378132483,-1.254657506942749,0.45595166822884364,0.9807988640157528
0.433889561057363,-0.6938362121582031,1.2525591850280762,-0.29587505940827336,-0.2955204584182043,1.2006409168243408,1.519606590270996,0.6141021181193017
0.6973035618140769,1.4086978435516357,1.2525591850280762,0.30887218601675437,0.9269626255442234,-1.254657506942749,0.4799669682979584,0.7256819530480431
0.0013985805224008274,1.4086978435516357,0.03292998671531677,-0.5260506460323265,0.002235863822807882,-0.027008283883333206,1.3197230026481024,0.5071135830864735
0.8731576281637968,-0.6938362121582031,0.03292998671531677,0.8957175238454913,-1.5121524478858968,-1.254657506942749,-1.5993123054504395,0.7322178054137903
-0.7607640919112606,0.7078531384468079,0.03292998671531677,-0.6150578084505872,0.39338828601998876,1.2006409168243408,1.519606590270996,0.3274420507889373
0.12856343439635406,-0.6938362121582031,-1.1866991519927979,0.8453748444647776,-0.7715499264228636,-0.027008283883333206,-0.8849790150785779,0.5294213968913403
-0.26516569955917324,-1.3946808576583862,1.2525591850280762,0.9575069445481307,0.24433843177365244,-0.027008283883333206,-0.5596727132797241,0.4181678829770338
1.367978126889068,0.7078531384468079,0.03292998671531677,0.7529707273418402,0.4513478776888988,-0.027008283883333206,-0.09862903072802197,0.8805457938467808
-1.125157295987369,-0.6938362121582031,0.03292998671531677,-0.263852595455425,-0.8583612049067302,-1.254657506942749,0.5489677258900248,0.1719270174728292
0.11314421234998942,-0.6938362121582031,1.2525591850280762,1.3369779864968547,-0.5933481769429378,-1.254657506942749,1.519606590270996,0.5321631217654352
-1.5286571324896856,1.4086978435516357,0.03292998671531677,1.7102061566444064,-0.7419715944547125,-0.027008283883333206,1.519606590270996,0.16493746545205423
0.37724312744026234,0.007008446846157312,1.2525591850280762,-1.1290365557375737,-0.7420647136954638,1.2006409168243408,-1.5993123054504395,0.5907550393823916
-0.4657647206920128,1.4086978435516357,-1.1866991519927979,0.43305805830719113,0.11313719971249625,1.2006409168243408,-0.5596727132797241,0.3987255957137612
-0.900785595618343,-1.3946808576583862,0.03292998671531677,-0.5525462318376694,1.4576942893583633,-0.027008283883333206,-1.5993123054504395,0.29496296163986063
-0.854267738779009,1.4086978435516357,-1.1866991519927979,-1.7338160657574047,0.17736823720322295,1.2006409168243408,-1.2527657747268677,0.2744138923831425
0.3016277592973103,0.7078531384468079,-1.1866991519927979,0.7233488769533187,-0.4417203114778083,-0.027008283883333206,0.6323933463446372,0.5625012724567738
-0.25760543195657715,1.4086978435516357,-1.1866991519927979,-0.6252084227642494,0.7037700400277569,1.2006409168243408,-0.5596727132797241,0.4531896489212218
-1.6059922865563883,-0.6938362121582031,1.2525591850280762,1.6277829055609054,-0.8802729442953877,-0.027008283883333206,-0.7238525820066374,0.12428747320063555
-1.2746953164192334,-0.6938362121582031,0.03292998671531677,0.05853176075702127,1.5370383457705896,1.2006409168243408,1.519606590270996,0.19367231884840505
-0.20673570163932015,1.4086978435516357,-1.1866991519927979,0.5638750129958132,0.5284062535244854,-1.254657506942749,-0.47616385317073173,0.5302334509782648
0.8662670877165723,1.4086978435516357,0.03292998671531677,0.42028861456604216,-0.8097410045879363,-0.027008283883333206,-0.11833803912296602,0.7591546924119422
-1.09024382309249,-1.3946808576583862,0.03292998671531677,-1.083271762598507,-0.9468262453805484,1.2006409168243408,-0.21312613785266876,0.20683595026779095
0.5322941337167748,0.7078531384468079,1.2525591850280762,-0.8048617783872787,1.4364587330799714,1.2006409168243408,-0.21312613785266876,0.6869820873798965
0.5810105716928665,-0.6938362121582031,0.03292998671531677,-1.3975567346244535,-1.0186745833254296,1.2006409168243408,-0.5596727132797241,0.609765768275866
-0.5404039073088769,0.2197560767487062,0.03292998671531677,-1.7723243546961354,-0.3161274692161712,-1.254657506942749,1.519606590270996,0.26352133330140765
-0.9082616138247439,-1.3946808576583862,-1.1866991519927979,1.5525172865619516,-0.9101783890247414,-0.027008283883333206,1.519606590270996,0.2790857227739644
-0.3970015715291621,0.007008446846157312,1.2525591850280762,-0.5303857921083367,-1.2356866900982104,1.2006409168243408,0.7592240459579984,0.3589386806812858
-1.795568871338962,0.5113320402577384,1.2525591850280762,1.2587275315071893,0.16693841406842466,-1.254657506942749,0.1334204226732254,0.08288907939801324
0.3239273981564051,0.7078531384468079,1.2525591850280762,-1.5370731062438836,0.7691353348627061,1.2006409168243408,-1.5993123054504395,0.5776939348372391
-0.8116923472060601,-1.3946808576583862,-1.1866991519927979,-0.10264039344408332,-0.47245280416979374,1.2006409168243408,1.519606590270996,0.26927252787485056
-1.2732770438293048,-1.3946808576583862,-1.1866991519927979,-1.2205141006274551,1.5223267942343608,-0.027008283883333206,0.1334204226732254,0.16882926672937532
0.6514705328058145,0.007008446846157312,1.2525591850280762,1.4593020173724238,0.329049072503755,-0.027008283883333206,1.3489395327434184,0.6955080509517964
0.2621283445742541,-1.3946808576583862,1.2525591850280762,-0.5771442073585329,-0.43064652441950607,-0.027008283883333206,-0.21312613785266876,0.5510536238873892
1.1456426678642349,-0.6938362121582031,0.03292998671531677,-0.11419637833517907,1.2739911562021757,1.2006409168243408,1.1730600595474243,0.846143262367959
0.640026701943096,1.4086978435516357,1.2525591850280762,0.8975661402065646,-0.5538697173726478,-0.027008283883333206,-0.591662051218384,0.6926102292071814
0.5430481156412451,-1.3946808576583862,1.2525591850280762,0.19666096214275344,-0.9151364660653849,1.2006409168243408,1.519606590270996,0.6295747064899193
0.3087872615020072,0.007008446846157312,0.03292998671531677,-1.2229245960508066,0.45986252542509015,-0.027008283883333206,0.1334204226732254,0.5810028368975246
0.7419509713376565,-0.6938362121582031,0.03292998671531677,0.8155946695684128,-0.443362051387949,1.2006409168243408,0.4799669682979584,0.722056376520612
-1.3551272856313614,-1.3946808576583862,-1.1866991519927979,1.3740710536195624,-0.3774044565388141,-1.254657506942749,-0.46139609234037554,0.1400554023847913
0.7233203593661797,0.3862087605243001,-1.1866991519927979,1.2884794702629416,-0.5894277884952382,1.2006409168243408,1.519606590270996,0.7258848924925422
1.1571955113747097,0.007008446846157312,0.03292998671531677,-0.15607874294538598,-1.6232446088170687,1.2006409168243408,-1.5993123054504395,0.7403747965935665
-0.7537994649275869,0.7078531384468079,0.03292998671531677,-0.3087843384861732,0.6730966659400365,1.2006409168243408,-1.2527657747268677,0.3293955732520123
0.024140816441773114,-1.3946808576583862,1.2525591850280762,-1.237367320283904,0.779511620634519,-1.254657506942749,0.6404294246103922,0.433505688096886
0.3110184204274092,0.007008446846157312,1.2525591850280762,-1.1562504994420004,-0.5077206023996942,-0.027008283883333206,-0.9062192440032959,0.5589838918545345
0.9456422161540164,-0.6938362121582031,0.03292998671531677,-1.7723276615142822,-0.9461466546327202,-1.254657506942749,-1.2527657747268677,0.6980275311865215
1.0105449729197036,0.1511091370795456,-1.1866991519927979,1.41778778654606,0.41520798072213183,-0.027008283883333206,-1.5993123054504395,0.7953419991478532
-0.6543942724744873,0.7078531384468079,0.03292998671531677,-1.1057811646071536,0.460208557687433,1.2006409168243408,-1.5993123054504395,0.3327128457747177
1.3880716212421886,1.4086978435516357,-1.1866991519927979,-1.2093356627490977,0.5833121468860563,1.2006409168243408,0.22035230323192845,0.8649154582334786
-1.5087077550680537,-1.3946808576583862,0.03292998671531677,0.798948220556459,0.25550449821815807,1.2006409168243408,-1.2703249086033759,0.14505912976131505
0.7459496406438572,-1.3946808576583862,-1.1866991519927979,-0.508605637128383,-0.054553610039317496,1.2006409168243408,0.4799669682979584,0.656395801233524
-1.4574012463940524,1.4086978435516357,0.03292998671531677,-1.1290747239141625,0.8932716040673077,1.2006409168243408,-0.5596727132797241,0.16367780819437633
-0.9778152954844773,-1.1459188184174423,0.03292998671531677,1.6911104862861162,0.6014335803943337,-1.254657506942749,1.519606590270996,0.3133484111262142
-1.6960476907485322,-1.3946808576583862,1.2525591850280762,-0.986104616342685,0.9026021641053149,-0.027008283883333206,-0.0704397096432968,0.08431911394753024
1.499632666760777,0.007008446846157312,-1.1866991519927979,-0.23359039150270972,-0.3270368227976097,-0.027008283883333206,0.4799669682979584,0.869037300764698
-0.9073459930003349,-0.6938362121582031,0.03292998671531677,-0.14533067873617211,1.4993392896708875,-1.254657506942749,0.1334204226732254,0.3009107493054948
-0.6006353555943028,0.5135899095013446,-1.1866991519927979,0.21880648856537643,-0.26605082713182976,-0.027008283883333206,-0.9890718717236814,0.3090041754242305
-0.3074364874071937,0.007008446846157312,-1.1866991519927979,-0.8401586617256406,-1.0097062439574855,-0.027008283883333206,-0.21312613785266876,0.3492823207218814
1.5703657497129422,0.7078531384468079,0.03292998671531677,0.3687749991640152,0.26747093884842343,1.2006409168243408,0.33572041094692573,0.8997016288419029
0.40068401483082694,-1.3946808576583862,1.2525591850280762,0.747890015428028,-0.9296600477883411,-1.254657506942749,-1.5993123054504395,0.5625643858148796
-1.1934196633166265,0.007008446846157312,1.2525591850280762,-1.1996749948980439,1.2110585843289512,-1.254657506942749,1.1730600595474243,0.21118980384179226
0.5485249026282293,0.3849957868006808,-1.1866991519927979,0.7454719851927919,1.543992647654868,-1.254657506942749,1.1730600595474243,0.6532452689358482
0.8010816409242534,1.4086978435516357,0.03292998671531677,-1.3566137548553379,-1.02531830188828,1.2006409168243408,-0.21312613785266876,0.7026812845068622
0.49184854231413294,-1.3946808576583862,1.2525591850280762,-0.2557534509836904,0.12541683503504836,-1.254657506942749,1.519606590270996,0.6282438946398039
1.3821359309477734,0.007008446846157312,1.2525591850280762,1.2159058937560085,0.021822484487673655,1.2006409168243408,0.1351323370827395,0.8834010090855862
-1.1040364141229115,-1.3946808576583862,1.2525591850280762,1.026894509813992,-0.12366954304842466,1.2006409168243408,-1.2206738449688237,0.2297596290065694
0.5656985931212943,0.007008446846157312,0.03292998671531677,0.8937639695277374,-0.20120917441525232,-0.027008283883333206,1.519606590270996,0.674953319303706
-0.9927420506589348,-1.3946808576583862,-1.1866991519927979,1.0571622672684464,-0.2803824121494695,-0.027008283883333206,1.519606590270996,0.2647320301273028
1.3453830282648302,-0.6938362121582031,0.03292998671531677,1.6206576083164006,1.029439051449483,1.2006409168243408,0.1334204226732254,0.884109664244664
-1.311506046069862,1.4086978435516357,1.2525591850280762,0.8534625369416958,1.0337934281284475,1.2006409168243408,0.03191177368016812,0.25399223367751633
0.6222181283233584,-1.3946808576583862,-1.1866991519927979,-1.2441318233799428,-1.1027821919943497,-1.254657506942749,-1.5993123054504395,0.574875854299008
1.114856392871991,0.7078531384468079,1.2525591850280762,0.08470199972794054,-1.0217930125060477,1.2006409168243408,0.8265135288238525,0.8126305167299495
-1.273711555921175,1.4086978435516357,-1.1866991519927979,0.6205542266429681,-0.8694375404493854,-1.254657506942749,0.4799669682979584,0.1840307739740184
-1.3640750036595428,0.007008446846157312,1.2525591850280762,1.09144431373837,1.1290784227790225,-1.254657506942749,1.519606590270996,0.22622906037706433
-1.1055547824153023,1.4086978435516357,-1.1866991519927979,-0.49326154635832586,1.3312625080143625,1.2006409168243408,-0.5596727132797241,0.2609420366081175
0.8514797315525782,0.7078531384468079,1.2525591850280762,0.22872012335046293,-1.6860777076251376,-1.254657506942749,0.8265135288238525,0.7374962886319176
0.8099418269533767,-1.3946808576583862,1.2525591850280762,-1.37575369529364,1.264596527087854,1.2006409168243408,0.4428519261876797,0.695705496745849
-0.22261992920732937,-0.6938362121582031,-1.1866991519927979,1.607280605588808,-1.3012425507423757,-0.027008283883333206,-0.21312613785266876,0.4528482645307909
-0.9875582049520737,-1.3946808576583862,-1.1866991519927979,0.35971475650712936,-0.20829883543575772,-1.254657506942749,-0.21312613785266876,0.22773660502934573
1.7366338253954876,1.4086978435516357,-1.1866991519927979,-0.8702008217724261,0.8571056136258215,1.2006409168243408,-1.1217064440763869,0.9450200715365983
1.2834595762640448,0.7078531384468079,1.2525591850280762,1.3167004038920775,-0.2656104365654432,-0.027008283883333206,-0.9062192440032959,0.8670219352802453
1.416119625596113,1.4086978435516357,1.2525591850280762,-1.2432564046089465,0.09333486532370491,1.2006409168243408,-0.5596727132797241,0.8572721705866404
0.08328494787470231,-0.6938362121582031,1.2525591850280762,-0.7793976162600663,-0.14523268650110985,-1.254657506942749,-1.5993123054504395,0.5122144866979045
1.1017952325861986,0.007008446846157312,0.03292998671531677,-0.18872314164180348,-0.49222462944092543,-1.254657506942749,-0.25445502653266705,0.7545884488817675
0.5613013684654685,1.4086978435516357,-1.1866991519927979,-0.31829562205528394,-0.02446266768451076,-1.254657506942749,-0.3896760880863619,0.6521958370410177
0.30370455408787883,0.007008446846157312,1.2525591850280762,0.4428956776977653,0.44634543130358145,-1.254657506942749,-0.21312613785266876,0.6018428443681602
-0.9958381495277595,-1.3946808576583862,0.03292998671531677,-0.09319453308575792,0.25128962309475394,-0.027008283883333206,1.519606590270996,0.23719827322296017
-0.4989878663805903,1.4086978435516357,1.2525591850280762,1.7189881801605225,-1.7373902423830625,1.2006409168243408,1.519606590270996,0.13274604928862135
0.14592030254318317,-0.6938362121582031,1.2525591850280762,-0.9076703095836862,-0.2341414130076816,-1.254657506942749,1.519606590270996,0.48906594402686326
1.2805384064222542,-1.3946808576583862,-1.1866991519927979,-0.13992885954068146,-1.400304286000755,-0.027008283883333206,0.9703265356747443,0.748546479063088
-0.43514453414716014,0.7078531384468079,-1.1866991519927979,0.8330926913952106,0.9633419018662731,1.2006409168243408,0.20579425138806107,0.4375222508183942
1.0008581480989236,0.007008446846157312,-1.1866991519927979,-0.13014160202101374,-0.16319447484481578,-0.027008283883333206,1.1730600595474243,0.7566468903438702
-0.7141591590071251,-1.3946808576583862,0.03292998671531677,-0.9747015768153897,-1.6030656289467018,-0.027008283883333206,1.519606590270996,0.25530712993587185
0.007421705653295724,-0.6938362121582031,0.03292998671531677,1.6412717750275088,-0.28049765903545115,1.2006409168243408,-0.5596727132797241,0.5134281997572506
1.6120421347801568,0.007008446846157312,0.03292998671531677,1.2475776471803892,-0.46013478489969456,1.2006409168243408,-1.5993123054504395,0.9217668175333084
0.15652503731257303,1.4086978435516357,0.03292998671531677,0.40492830835184535,1.6206734043429525,1.2006409168243408,-0.5596727132797241,0.6174933288007987
-1.33289644327369,1.4086978435516357,-1.1866991519927979,0.8644377107623299,0.5663992208878121,1.2006409168243408,-0.201382585393319,0.2494606653576861
0.05004008336357971,-1.3946808576583862,1.2525591850280762,0.4045816094532896,-1.041737951123684,-1.254657506942749,1.519606590270996,0.5485376432472509
0.7696270439012327,-1.3946808576583862,1.2525591850280762,-1.3220705153402732,1.548205414948054,1.2006409168243408,0.7391383827058644,0.7020682596598402
-0.08412490697453687,0.7078531384468079,-1.1866991519927979,0.06212912303980864,0.5508980406701376,-1.254657506942749,1.519606590270996,0.5052346808063943
-0.4872028092294659,0.2101329120262051,-1.1866991519927979,-0.7124659324737277,0.980654567093422,-1.254657506942749,-1.3769843180380013,0.3717773676541403
-1.4511839850929764,-0.6938362121582031,0.03292998671531677,-0.07326776620940838,-0.5560541974826153,-1.254657506942749,-1.2527657747268677,0.12131880721150963
0.26625292129179945,-1.3946808576583862,-1.1866991519927979,0.8639332931947591,-0.5766388959004232,-1.254657506942749,-0.21312613785266876,0.4850043347421106
1.7242331526859067,-0.6938362121582031,-1.1866991519927979,-1.0020290442785162,0.6786157317249683,-0.027008283883333206,-0.21312613785266876,0.9309486498875383
-0.6008201736020908,-0.6938362121582031,0.03292998671531677,-0.7054813194528752,-0.9326702471455589,-0.027008283883333206,0.1334204226732254,0.29900444169411833
-1.3819161782614207,1.4086978435516357,-1.1866991519927979,0.4950275712910287,0.5672848186343277,-0.027008283883333206,0.07054857257796016,0.1918427103292314
-0.527727573934953,-1.3946808576583862,1.2525591850280762,1.4365901205906466,0.20634347604661904,1.2006409168243408,-1.1225890466428745,0.410591682415198
0.7824079322951887,1.4086978435516357,-1.1866991519927979,1.129405491749186,-0.6906833682904795,1.2006409168243408,1.519606590270996,0.760058153228532
0.9230733997460993,0.007008446846157312,-1.1866991519927979,0.6079463141834704,-0.6704277969067732,1.2006409168243408,0.1334204226732254,0.7470527140259274
-0.8649125624528574,-1.3946808576583862,-1.1866991519927979,-0.2202004372490303,1.6364030706490935,-1.254657506942749,0.10403086727820737,0.2990714354574722
-0.3200314423603221,-0.6938362121582031,0.03292998671531677,0.19885276626246146,0.1452245759074887,1.2006409168243408,-1.5993123054504395,0.4148553070216412
0.48783888875210024,0.007008446846157312,0.03292998671531677,-0.3455616859414368,-0.4586317205229696,-0.027008283883333206,0.29629738308255826,0.6120343388487383
-1.233639346739593,-1.3946808576583862,1.2525591850280762,0.6350714904603061,-0.20256259274058006,-0.027008283883333206,-0.9062192440032959,0.1861685018667036
0.5729346142728979,0.7078531384468079,0.03292998671531677,0.714316226745554,0.9467402623912402,-0.027008283883333206,-1.5993123054504395,0.667882162422264
0.08154518757467438,-0.6938362121582031,0.03292998671531677,1.6416320336544614,-1.5391792472096335,1.2006409168243408,-0.5596727132797241,0.558512546394337
-0.6151813166458842,-0.02299320713029429,1.2525591850280762,-0.46048997883308707,0.5719952577832595,1.2006409168243408,-0.3253120386385307,0.2990908037823309
1.0999317503984563,-0.2700353384106328,-1.1866991519927979,-0.5544485320412929,-1.0906848354296854,1.2006409168243408,-0.3994866365608983,0.7507539863778511
-0.022563565774805325,-1.3946808576583862,-1.1866991519927979,-1.4913739893088123,-1.0185182094716192,-1.254657506942749,0.1334204226732254,0.4225973293440846
0.4701745088215932,0.007008446846157312,-1.1866991519927979,-1.2844422998148897,-0.9554157789680112,-0.027008283883333206,1.519606590270996,0.5576692680999659
-1.0603078006792406,0.007008446846157312,0.03292998671531677,-0.9650090997912306,-0.913045153185183,1.2006409168243408,-0.5596727132797241,0.22636175074382597
0.0813315606835267,-1.3946808576583862,1.2525591850280762,0.5573620484420329,-1.6671535010718135,-1.254657506942749,-0.5596727132797241,0.44776796247228967
-1.591867173503115,-1.3946808576583862,0.03292998671531677,-0.09062178650544274,-0.20386396183497008,-0.027008283883333206,0.4799669682979584,0.10216415306787764
-0.8675216512485321,-1.3946808576583862,0.03292998671531677,0.29041185966264615,0.6574650368586423,-1.254657506942749,0.4799669682979584,0.2665519937406364
1.465683789114236,0.007008446846157312,-1.1866991519927979,-0.23647879450979375,-1.507520938762315,-0.027008283883333206,-1.5993123054504395,0.8414499421171797
0.19961627081099648,0.007008446846157312,0.03292998671531677,-1.7675630547009422,-0.9273637290657298,1.2006409168243408,0.1334204226732254,0.5084491427502161
1.5334761390314378,0.007008446846157312,1.2525591850280762,0.9974426345661693,-0.6802854913427752,-0.027008283883333206,-1.0978199463885834,0.9037812769126856
0.27828510993176414,0.007008446846157312,1.2525591850280762,-0.3985590007381356,-1.3951789253544857,1.2006409168243408,0.8265135288238525,0.5240491198176683
-0.5981695821327846,-0.6938362121582031,-1.1866991519927979,-0.4421770474366505,1.2422492557687794,-1.254657506942749,-0.21312613785266876,0.33009610117312055
-0.6915889157817752,-0.05050236040981326,1.2525591850280762,1.362051148808275,-0.1633201353221665,-0.027008283883333206,-0.5596727132797241,0.35832814268275703
-1.5815403424754524,1.4086978435516357,1.2525591850280762,-0.10900188067346936,-1.431523756378545,1.2006409168243408,0.1334204226732254,0.13441710806281496
0.36372908409103716,-0.6938362121582031,0.03292998671531677,-1.373079159122075,1.6131304673057976,-1.254657506942749,1.519606590270996,0.6156881747529472
0.4603872241763049,-0.6938362121582031,1.2525591850280762,-0.2223582348111423,0.9259963880165183,-1.254657506942749,0.4799669682979584,0.647590447115661
0.52431896680539,0.007008446846157312,0.03292998671531677,0.9666061422518153,1.6657897948494687,-0.027008283883333206,1.0757521407477526,0.7073589808457582
-1.5399503244436112,1.4086978435516357,-1.1866991519927979,-0.2932047939082787,1.122637072533818,1.2006409168243408,-1.5993123054504395,0.12472479519560647
-1.0558506542768926,1.4086978435516357,0.03292998671531677,0.3548719818176662,-1.5964442396387832,1.2006409168243408,0.4799669682979584,0.2531447046250441
-0.20708777246289647,-1.3946808576583862,-1.1866991519927979,0.9048153006312041,1.5681127084980182,-1.254657506942749,1.4848466884648541,0.5171845958302788
0.029854973279761,1.4086978435516357,0.03292998671531677,0.8155925420457345,0.3688966505850585,-0.027008283883333206,-1.2527657747268677,0.5742527214538931
1.5179172187550038,1.4086978435516357,1.2525591850280762,-0.6554160971697135,0.2422116769852819,1.2006409168243408,-0.9062192440032959,0.9116112369343943
-1.0556367532964983,0.7078531384468079,0.03292998671531677,0.4595096627797968,1.0986773812790909,1.2006409168243408,0.1334204226732254,0.28358480882549725
0.15512315302252772,0.7078531384468079,0.03292998671531677,-0.29306439441076915,-1.613728182677707,1.2006409168243408,-0.21312613785266876,0.5155234698404906
-0.8387567805007409,1.4086978435516357,0.03292998671531677,-0.057124561585416234,0.890010170285986,0.34803186391845065,-1.5993123054504395,0.3435209263135216
0.7857039480147894,-0.6938362121582031,1.2525591850280762,0.7183142570049662,0.1474046241623399,-0.027008283883333206,0.4799669682979584,0.7365174105043564
0.6311443675676456,-0.5805196830316262,1.2525591850280762,1.4042529574295237,-1.5354999806674823,-0.027008283883333206,-0.5596727132797241,0.6918315204405575
-0.38396894241857704,0.007008446846157312,0.03292998671531677,0.8990079332087527,1.3396482237192084,-0.027008283883333206,-0.5596727132797241,0.46127977852671187
-1.788457248327114,-0.6938362121582031,1.2525591850280762,0.11785377411407302,0.9824343962702987,-1.254657506942749,1.519606590270996,0.06475048022423176
1.433514826897083,0.007008446846157312,0.03292998671531677,1.376907677551491,-0.7139279594161194,1.2006409168243408,-1.5993123054504395,0.886354073598598
-1.274082986597255,1.4086978435516357,-1.1866991519927979,0.4366315845424871,-0.2138293958625045,1.2006409168243408,-0.5666681394717021,0.212308447406824
-0.3689690157497842,1.4086978435516357,0.03292998671531677,-0.3110128856323697,-1.6914732571663245,1.2006409168243408,0.1334204226732254,0.38748788757167024
-1.618954442212022,-0.6938362121582031,-1.1866991519927979,0.49248044202005536,-1.1131726308287968,-1.254657506942749,0.4799669682979584,0.0877332676301551
-0.9937776378696385,-1.3946808576583862,0.03292998671531677,0.11346071615792333,1.1473153183879277,-0.027008283883333206,-1.5993123054504395,0.2822066725214814
1.2004943029846145,1.4086978435516357,1.2525591850280762,1.7187857733791245,0.5416583402611629,-1.254657506942749,0.8785813274381333,0.8772584199212657
-1.4153998390228233,1.4086978435516357,1.2525591850280762,1.6946188058503,1.105075805529251,1.2006409168243408,-1.5993123054504395,0.2792951043383115
-0.3794260743645284,-0.6938362121582031,1.2525591850280762,0.21752102100934723,-1.131856991798821,-1.254657506942749,0.8265135288238525,0.33651435681801367
1.3350047092025796,0.007008446846157312,0.03292998671531677,-0.5202695451584758,1.528663227149524,-0.027008283883333206,0.1334204226732254,0.8744351628693329
-0.29139552676543073,-1.3946808576583862,1.2525591850280762,1.4321844027121051,-0.46962445518330553,-1.254657506942749,1.519606590270996,0.43513825708674037
-0.3685718002912691,-1.3946808576583862,1.2525591850280762,1.7126313503414334,-1.3500830860638895,-1.254657506942749,-1.4844194905871435,0.41524876157770696
0.9975492440792837,0.007008446846157312,0.03292998671531677,-0.9183874181541433,0.45492126473709676,-0.027008283883333206,1.519606590270996,0.752110249131717
-0.2222526507143867,0.007008446846157312,-1.1866991519927979,1.6140051695560098,0.10038037855554555,-0.027008283883333206,1.0834142037741277,0.5324434454665417
-0.8251444403066974,0.7078531384468079,0.03292998671531677,1.0405050415493646,-0.9212159472072065,-0.027008283883333206,0.5278729460674044,0.3178579096133463
1.2455033631755483,1.4086978435516357,-1.1866991519927979,-0.4922046775454091,0.17594130875687244,1.2006409168243408,-0.5596727132797241,0.8110404715799487
-1.3199262383458208,1.4086978435516357,0.03292998671531677,-0.0015294951262427858,-0.09148136279143324,-1.254657506942749,0.136736217767749,0.18185047621323017
-1.4529514452759882,0.7078531384468079,1.2525591850280762,0.11017188021967386,-0.544826399877867,1.2006409168243408,0.16152893572116023,0.15239712145429518
1.6619254794918201,-0.6938362121582031,-1.1866991519927979,-0.08729867009962658,1.422670181063603,-1.254657506942749,1.1730600595474243,0.9280520090325927
-0.1313920965048008,0.007008446846157312,0.03292998671531677,-0.7448660651782911,-1.012208641648637,1.2006409168243408,0.1334204226732254,0.42150683765395386
0.4620852765916842,1.4086978435516357,-1.1866991519927979,-0.36147835687032404,-1.610653048021079,-0.027008283883333206,-0.6598597174411003,0.6099644050821014
1.5863573479210809,0.7078531384468079,-1.1866991519927979,1.3235765907044672,1.4860466172139775,-1.254657506942749,-0.029053390172511295,0.9468029060689833
-1.6214142847138375,0.007008446846157312,-1.1866991519927979,1.1272700452655238,-0.3760016499138846,1.2006409168243408,-0.8180259015878921,0.10025719205976331
0.5145051076674031,0.007008446846157312,1.2525591850280762,0.19964356580761494,-1.5406851883775328,1.2006409168243408,0.1334204226732254,0.62558226938349
-0.5343895180907976,0.007008446846157312,-1.1866991519927979,0.577687270822691,-1.315823204138166,-0.027008283883333206,-0.34390774338106367,0.34924100705600264
-1.2418856054388836,-1.3946808576583862,1.2525591850280762,1.7189881801605225,-1.7350801691132471,1.2006409168243408,1.519606590270996,0.09313797187502083
-1.6176608387376294,0.007008446846157312,-1.1866991519927979,0.039721865666824605,1.0479212008406946,1.2006409168243408,0.4799669682979584,0.10845769171431169
0.40588973535798334,-0.6938362121582031,0.03292998671531677,-1.0730750884237117,1.6346299355855642,-0.027008283883333206,1.1730600595474243,0.6286644804021136
-1.205201051986289,1.4086978435516357,1.2525591850280762,1.7129795477972314,-0.15089566970956683,1.2006409168243408,-0.21884564064914486,0.268736753760523
-0.5486392654201931,-1.3946808576583862,-1.1866991519927979,-0.8447572903537962,0.5755908899758259,-1.254657506942749,0.5280111271307049,0.3183495755003279
-1.263258222475215,-1.3946808576583862,1.2525591850280762,-0.8074817101558338,1.0431424282076454,-1.254657506942749,-0.5596727132797241,0.17566023534072522
0.7129695474878974,-0.9529792828119603,0.03292998671531677,-0.5931214932349981,-0.9098471992401832,-1.254657506942749,-1.3177540343747196,0.6318773296233228
-1.8288587405472942,0.007008446846157312,1.2525591850280762,1.7189881801605225,-1.7375383323765936,1.2006409168243408,1.519606590270996,0.0020204498257628827
0.9113743301428103,-1.3946808576583862,1.2525591850280762,0.9769788882173788,0.3180054015399265,-0.027008283883333206,-1.5993123054504395,0.7736629629996931
0.4073281785292854,-0.6938362121582031,1.2525591850280762,-1.1412877933084606,1.3772450552166589,-1.254657506942749,-0.9062192440032959,0.6278254049230414
-1.8406176934698975,-1.3946808576583862,-1.1866991519927979,0.6654472406028821,1.2066847068946243,-1.254657506942749,-0.732210949745756,0.041514694033374294
0.41473136425073104,0.7078531384468079,-1.1866991519927979,1.6161870707869554,-1.4543188421324584,-1.254657506942749,-0.00066283939731826,0.6051542863491038
-0.9216187295079488,-1.3946808576583862,-1.1866991519927979,0.6531394749666722,-0.6608161097079923,-1.254657506942749,0.08182915846889649,0.26478366588313124
0.5474358700290515,0.007008446846157312,0.03292998671531677,1.5300396101753182,1.388408401197245,-1.254657506942749,-1.5993123054504395,0.6528344865672758
0.3379686726337432,-0.6938362121582031,1.2525591850280762,1.0046578947172167,-1.0496514132050607,-0.027008283883333206,-0.4872814511365998,0.6183724824801177
-1.7966431197007204,-1.3946808576583862,0.03292998671531677,-0.37644653059092303,-0.1193382878541341,1.2006409168243408,0.49639506533796895,0.026705493856480036
1.508065494527938,-0.6938362121582031,1.2525591850280762,-0.4268866908033576,0.8600845713449501,-0.027008283883333206,0.1334204226732254,0.8955060667803297
0.9154249453432088,-1.3946808576583862,1.2525591850280762,-0.7714118062494714,1.6911440484366562,-0.027008283883333206,-0.21312613785266876,0.7434502847582921
1.0490337502166818,1.4086978435516357,0.03292998671531677,-0.08225580691230719,1.3351449826380526,-1.254657506942749,-0.3579722053303367,0.8285501514320268
-1.4000737804973464,1.4086978435516357,0.03292998671531677,-0.2794856278258946,-0.9856173972757376,-0.027008283883333206,0.1334204226732254,0.16327136412045365
-1.4676742062165684,-1.3946808576583862,0.03292998671531677,0.38509480748313585,-0.8935073567181954,-1.254657506942749,1.519606590270996,0.11000713641752406
-1.4641108190641943,0.7078531384468079,-1.1866991519927979,-0.46998081670109826,-1.5060270958148445,-0.027008283883333206,0.06141492271325222,0.1069310891406644
-0.9953583675715081,-1.3946808576583862,0.03292998671531677,-0.2101327609488012,-1.2670868298532516,1.2006409168243408,0.4799669682979584,0.22322424082907696
0.8786752897415223,-0.6938362121582031,-1.1866991519927979,0.911760805752652,1.2128132706601475,-1.254657506942749,0.8970836868350256,0.7528621726278497
-0.7305195715392699,0.007008446846157312,-1.1866991519927979,0.6327924783739788,0.8233123247702459,-1.254657506942749,-0.9062192440032959,0.3322018280534178
0.8636520412111249,0.007008446846157312,1.2525591850280762,1.4017174019981913,1.1474949084056243,1.2006409168243408,-0.21312613785266876,0.8305880869797492
1.4433945324204005,1.4086978435516357,0.03292998671531677,-1.4068153237667629,0.3001577632410722,1.2006409168243408,-1.5993123054504395,0.8793591240540163
-0.18168107420077084,0.18871886259651602,0.03292998671531677,0.2348093447234228,-1.4423581599248543,1.2006409168243408,1.519606590270996,0.4469075830288813
-1.4452227166910048,-0.6938362121582031,-1.1866991519927979,-0.12725278569032,0.5890324286115776,-1.254657506942749,-0.2979774454369326,0.1368721301579726
0.3513015145789184,1.4086978435516357,1.2525591850280762,-1.7723276615142822,-1.7331028257643708,1.2006409168243408,-1.5993123054504395,0.09991936466964152
-1.7878104419484184,1.4086978435516357,1.2525591850280762,-1.002956320335201,-0.7864959707422621,-0.027008283883333206,-0.5596727132797241,0.04114516444485283
-0.9921763873354393,-1.3946808576583862,-1.1866991519927979,0.27620158005169515,-1.1740239995915012,-0.027008283883333206,-0.5690607884222403,0.1991487348103272
1.526332656160104,0.007008446846157312,0.03292998671531677,-1.2045003852989036,-0.18145910867284276,1.2006409168243408,-0.7982624106910526,0.8712083044654941
-1.0751114086377467,0.7078531384468079,0.03292998671531677,0.3956787913708272,-1.0947733431805493,-0.027008283883333206,1.519606590270996,0.23160951433795277
-1.748006039228783,0.007008446846157312,0.03292998671531677,-0.24810569662132637,-0.39509028772519755,1.2006409168243408,0.1334204226732254,0.04049214555760028
-1.3782283890807003,1.4086978435516357,0.03292998671531677,-1.4096333958839198,-0.1486626211358293,1.2006409168243408,-1.5993123054504395,0.15769634509478966
-0.7716213125143352,0.7078531384468079,1.2525591850280762,-0.876017194222195,1.45175327817539,-1.254657506942749,-0.6727724441191271,0.3067294723860193
1.6231900117363105,0.007008446846157312,0.03292998671531677,0.7817836205338986,1.3729127940636006,1.2006409168243408,0.5823600180992021,0.9309455445533673
-0.6735616768494783,0.007008446846157312,0.03292998671531677,0.4447099153991801,-1.1901244819663774,1.2006409168243408,0.4799669682979584,0.33753669289575267
-0.5661615234069131,0.7078531384468079,1.2525591850280762,-0.0008424325883401723,0.9854237344096928,-1.254657506942749,1.519606590270996,0.4037405768766083
-1.7734803764037084,-0.6938362121582031,0.03292998671531677,0.4601054807078272,0.03368262416823554,-0.027008283883333206,1.1730600595474243,0.04900058341627927
-0.3026695191726615,-1.3946808576583862,1.2525591850280762,-0.2372309433448258,0.4507489022702382,-1.254657506942749,-0.21312613785266876,0.41375940772820363
-0.30263770940404305,0.7078531384468079,-1.1866991519927979,-0.2415443030839529,-0.19355162601457793,1.2006409168243408,1.519606590270996,0.4177718859404697
1.5662725028068036,-1.3946808576583862,1.2525591850280762,-0.29394815338908964,0.31286573792236744,-0.027008283883333206,-0.21312613785266876,0.8720281498849233
-1.004521907443871,0.6094879271800278,-1.1866991519927979,0.4488374214613987,-1.5628101876607376,1.2006409168243408,-0.8012888952523969,0.22826338624525974
1.3063410286591375,0.7078531384468079,0.03292998671531677,-1.222821026674955,1.074872024145227,1.2006409168243408,-0.21312613785266876,0.8563033700083944
0.2613200130281914,0.007008446846157312,0.03292998671531677,-0.20974780349946837,0.4553150533226454,-0.027008283883333206,-1.2527657747268677,0.5564252386682653
0.2171887384988127,0.007008446846157312,0.03292998671531677,0.9743673683462306,-0.16350440791961612,-1.254657506942749,-0.5596727132797241,0.5732499338456649
-1.1825284631796633,-1.3946808576583862,1.2525591850280762,1.0396706997152676,0.9642907707764856,-0.027008283883333206,-0.21312613785266876,0.2160936356408239
-0.3822012485013026,1.4086978435516357,1.2525591850280762,-0.8278749354772242,-0.9112533850098924,-1.254657506942749,-0.9882458922408864,0.3919019293488929
0.9451855729897565,0.007008446846157312,1.2525591850280762,-0.333019455000903,0.4279660025763085,-0.027008283883333206,1.519606590270996,0.771627156319998
-0.27740372282149567,-1.3946808576583862,1.2525591850280762,-0.32008093378943847,-1.3192043695349946,-1.254657506942749,-0.6073266144254497,0.3533650988914534
-0.36337767362812917,-0.6938362121582031,1.2525591850280762,1.3428342054963216,1.5283492475982676,-0.027008283883333206,0.4799669682979584,0.4536197547734134
-1.8427332639694214,-1.3946808576583862,1.2525591850280762,1.7189881801605225,-1.7375391721725464,1.2006409168243408,1.519606590270996,0.0019562907982617617
0.34330210416591306,0.007008446846157312,0.03292998671531677,0.6023146963757061,1.049906145812071,-0.027008283883333206,1.519606590270996,0.6189204074063066
0.5935859673382861,-1.3946808576583862,-1.1866991519927979,1.1634343565259642,0.7887840681178254,-1.254657506942749,0.4799669682979584,0.6511495563183569
0.16156937757799178,-1.3946808576583862,1.2525591850280762,-1.2258188577261924,-1.4625838140741663,-0.027008283883333206,-0.6722229563613418,0.45631604020408123
-0.8113928328694404,0.7078531384468079,-1.1866991519927979,-0.1694531328634431,-1.0610312896049978,-1.254657506942749,1.519606590270996,0.2739794798457969
-1.8391462782428536,0.7078531384468079,1.2525591850280762,1.7189881801605225,-1.7375373249302573,1.2006409168243408,1.519606590270996,0.001964506774720617
0.6479963070820327,-0.6938362121582031,1.2525591850280762,1.6013888996848766,-0.5938418561637245,-1.254657506942749,-0.5596727132797241,0.7087528863280698
0.6095889135252129,1.4086978435516357,-1.1866991519927979,-0.9018869486938953,0.21323808681296208,-1.254657506942749,0.1334204226732254,0.6453431851757074
-1.2729342446075673,0.7078531384468079,1.2525591850280762,-0.7286323561201753,-1.054304543067285,-0.027008283883333206,0.8265135288238525,0.16903376740140202
-1.5440015624254237,-1.3946808576583862,-1.1866991519927979,-0.5719419689795331,1.1535430667115425,-0.027008283883333206,0.8108466687350443,0.09536966681252315
1.1952983920369118,-0.6938362121582031,1.2525591850280762,-1.4547415290720076,0.034420479430288885,-0.027008283883333206,-0.5596727132797241,0.7539212812507692
-1.1258271849748502,0.7078531384468079,1.2525591850280762,1.6615011621957099,0.7331063381809112,-1.254657506942749,-0.21312613785266876,0.27723130435044513
1.6887299975757617,-0.6938362121582031,1.2525591850280762,-0.13164811444303728,0.9433400794844287,-0.027008283883333206,-1.5993123054504395,0.9530914175517801
-1.3318018389902018,1.4086978435516357,0.03292998671531677,0.04828849873013809,0.5353589456934869,-1.254657506942749,0.21177695923232936,0.1762382732893144
-1.4100406190546666,-0.6938362121582031,0.03292998671531677,-1.2361084705614545,-0.6534676638522393,-1.254657506942749,-0.839174450493146,0.1299799610230527
-0.7899299270262322,-1.3946808576583862,-1.1866991519927979,0.09908209626004247,1.680752284747893,-0.027008283883333206,-0.5596727132797241,0.29015740058771655
1.2807553146585948,0.7078531384468079,-1.1866991519927979,-0.9831215535660424,1.4726567035048055,1.2006409168243408,-0.20447373011755696,0.8641068695218759
0.6045549215942029,-1.3946808576583862,-1.1866991519927979,0.5938510255570193,-0.7958946887432621,1.2006409168243408,1.0278334197921528,0.6219545280582359
-1.531097638891293,0.7078531384468079,1.2525591850280762,-0.7988395587455259,-0.4282539406844734,1.2006409168243408,1.519606590270996,0.12899474554725585
-0.3223758423736866,-0.11033616981187444,0.03292998671531677,0.6178261523758568,-1.5911138896643544,1.2006409168243408,1.487255957214993,0.4155996437738884
0.6319806094925459,1.4086978435516357,0.03292998671531677,-0.5874183577971581,1.3096053624894375,1.2006409168243408,-0.21312613785266876,0.7069131987864788
-0.854877181618284,-1.3946808576583862,-1.1866991519927979,-0.8068988453360821,0.30604366116890597,1.2006409168243408,-0.5596727132797241,0.23609290157465718
0.5027910294077722,-1.3946808576583862,1.2525591850280762,1.3110983612576639,0.4243036559201911,-0.027008283883333206,-1.5993123054504395,0.6425352550331053
-1.3264891412593096,0.7078531384468079,0.03292998671531677,-1.2382938347580348,-1.4416161752958494,1.2006409168243408,-1.4444829889521924,0.14580315131925425
1.1568866717714965,0.664489612573519,1.2525591850280762,0.08121452017023412,1.527429264645956,-0.027008283883333206,1.519606590270996,0.8323290942272614
-1.7269497811735308,0.007008446846157312,1.2525591850280762,0.7573119193259491,-0.855619131035192,-0.027008283883333206,-1.0194433786985055,0.06903916513688087
0.30519426799721044,0.007008446846157312,0.03292998671531677,1.0045442703143572,-0.4817385467694378,-1.254657506942749,0.4799669682979584,0.5854102450331666
1.7047923410996608,1.4086978435516357,0.03292998671531677,-0.4786290841197317,0.9250153666457549,1.2006409168243408,-0.5596727132797241,0.9679332720927425
-0.7848298783023473,0.007008446846157312,-1.1866991519927979,0.41205497630502125,-0.09343172970069631,-0.027008283883333206,-0.21312613785266876,0.34095222732959213
1.533101513474152,-1.3946808576583862,1.2525591850280762,0.8241786390386584,0.7133556124947903,-0.027008283883333206,-0.09990556146077137,0.9147835909619699
0.6852248101337469,-0.6938362121582031,-1.1866991519927979,1.4813094901112585,0.39749895521499756,-0.027008283883333206,0.1334204226732254,0.7177620092843734
-1.6551539292988278,1.4086978435516357,-1.1866991519927979,1.3082734184971567,-0.7216683155682613,-0.027008283883333206,-0.5596727132797241,0.130063046569803
0.9516984051756431,0.7078531384468079,-1.1866991519927979,-0.1688585768095539,-1.7314882142367118,-0.027008283883333206,1.519606590270996,0.7300387422254807
1.3347316981166117,0.007008446846157312,0.03292998671531677,0.4421145918320563,1.3032577612014729,1.2006409168243408,-0.9062192440032959,0.8689230265639469
0.5789058899407672,0.7078531384468079,-1.1866991519927979,0.11823930775423522,0.9706651440537772,-0.027008283883333206,-0.989643758266465,0.6665725800058796
-1.1495182657301153,0.7078531384468079,1.2525591850280762,1.1847157357612434,0.8025272462915394,1.2006409168243408,-0.13374112303521804,0.267533493371646
-1.6595825440195389,-0.6938362121582031,1.2525591850280762,1.3751348781675066,-0.2747037767366651,-1.254657506942749,1.519606590270996,0.09674249524458677
-0.29597245011061857,1.4086978435516357,1.2525591850280762,-1.3171360811366601,-0.6600498298835636,-1.254657506942749,-0.9244931459783721,0.4423918102039455
0.9171004889221606,0.7078531384468079,1.2525591850280762,-0.6041541832689055,-0.15594617258044513,-1.254657506942749,0.33680660475712243,0.7321395635927848
-0.646598084021611,-0.6938362121582031,0.03292998671531677,-1.2172536230834095,-1.6747390810451637,-0.027008283883333206,-1.5993123054504395,0.30507223896799257
-0.19703223326637548,0.7078531384468079,1.2525591850280762,-1.1702935400107124,-0.3590851622174619,1.2006409168243408,-1.5993123054504395,0.4043007889433316
-1.3910288336596353,-0.6938362121582031,0.03292998671531677,-0.2117211598461421,1.4962154110343857,-0.027008283883333206,-1.5993123054504395,0.17989063002001765
1.5641722089548393,-1.3946808576583862,0.03292998671531677,-0.4936118245827692,0.8756620272312308,-1.254657506942749,0.1334204226732254,0.8754728334107206
1.5309789452897653,0.39582167416860875,1.2525591850280762,-0.49503221330952096,0.7295815153353338,1.2006409168243408,-0.9062192440032959,0.9074219248433181
0.7413575004823089,1.4086978435516357,1.2525591850280762,-0.5560436305562263,0.6551494174462418,1.2006409168243408,1.519606590270996,0.731219105665329
1.379998991463808,0.7078531384468079,-1.1866991519927979,-1.341188074618561,0.5277899604205921,1.2006409168243408,1.066380638452685,0.834727725389746
-0.24907165225882774,-0.6938362121582031,0.03292998671531677,0.39582674464866385,1.021831161846372,1.2006409168243408,1.519606590270996,0.4383609420819618
1.173986140260862,0.7078531384468079,1.2525591850280762,0.6789049925847324,1.1813855677213785,-1.254657506942749,0.1334204226732254,0.8497535871192032
0.9885198577203229,0.23063750911299022,1.2525591850280762,0.04692850467253319,0.9649581827872104,1.2006409168243408,0.4799669682979584,0.8075497741435838
-1.4400397727177623,-0.6938362121582031,1.2525591850280762,1.6015290912907805,-1.0799249881311495,-1.254657506942749,0.4799669682979584,0.14216185901698072
1.2837107278199462,0.007008446846157312,0.03292998671531677,1.0029461592244877,-0.11931001834904965,-0.027008283883333206,0.1334204226732254,0.8551185191822311
-1.4888461033076381,-0.6938362121582031,1.2525591850280762,1.2428011028695887,-0.8617625956987433,-0.027008283883333206,0.33077971408507495,0.14869133888991531
-1.8374134152025148,1.4086978435516357,1.2525591850280762,-1.2268887259035033,-0.9137897512612334,-1.254657506942749,-0.8730015813138643,0.03295546818673195
-1.7802685122636344,-1.3946808576583862,1.2525591850280762,-0.7391916504062301,0.2960575434688435,-0.027008283883333206,1.0926810962961393,0.03854745769543099
0.45033461919940854,0.007008446846157312,1.2525591850280762,-0.8220256290891466,0.9562017734385423,-0.027008283883333206,1.519606590270996,0.6252762118430994
-0.6760161881232576,0.7078531384468079,0.03292998671531677,-1.603814537774259,0.4361278357359274,1.2006409168243408,-0.5596727132797241,0.30974652029939986
0.00895970515885089,-1.3946808576583862,-1.1866991519927979,-1.5799971481061874,-0.673485770593873,-0.027008283883333206,0.1334204226732254,0.4072631148382314
1.1578425321658419,1.4086978435516357,1.2525591850280762,-1.0231815071861337,-1.6292696935231126,-0.027008283883333206,-1.2258731538876133,0.7617719362866506
-0.11019567855969778,-1.3946808576583862,1.2525591850280762,0.7911222470325534,-1.1045107340644227,-0.027008283883333206,0.8265135288238525,0.4917201773361605
-1.740572338278694,0.7078531384468079,1.2525591850280762,-1.6873464336755304,0.709355551687925,-0.027008283883333206,-0.9062192440032959,0.061442332082980285
0.04016305940722961,-0.6938362121582031,-1.1866991519927979,0.4632761066469971,0.09906404506175223,-0.027008283883333206,-0.5596727132797241,0.5424583826555708
-1.3013815832809121,0.007008446846157312,0.03292998671531677,0.3054416813262647,0.7237709480176506,1.2006409168243408,1.519606590270996,0.20159489856080962
-1.743924639998482,0.007008446846157312,-1.1866991519927979,-0.9220617302433152,1.3669676485025428,-0.027008283883333206,-0.2931068830451715,0.05819114191031332
0.7518539685240773,-1.3946808576583862,-1.1866991519927979,-0.06885340947982312,-1.2742181081114616,-1.254657506942749,-1.5993123054504395,0.6685042515591919
0.35315904338194226,0.7078531384468079,1.2525591850280762,1.5573401249176586,-1.5978281218432893,-0.027008283883333206,0.1334204226732254,0.6322151159051944
-1.5196118539277756,0.007008446846157312,1.2525591850280762,0.03209263822941115,-1.7106889875902256,-0.027008283883333206,1.519606590270996,0.10556297653414078
0.72967082510753,0.7078531384468079,-1.1866991519927979,1.688654440916472,-0.6447284526531762,-0.027008283883333206,-0.9062192440032959,0.7218575903098796
-0.15192828713352885,-1.3946808576583862,0.03292998671531677,-1.1094006006633697,-0.3624834858843853,-1.254657506942749,-0.5596727132797241,0.42161375871627743
-1.5543240880244988,-0.6938362121582031,1.2525591850280762,0.04205464682099412,0.2641724376893312,-0.027008283883333206,-0.4076071991193746,0.11823900545054732
-0.5896056319338813,-0.11843635746172376,1.2525591850280762,0.9833213261671272,-1.563784571061745,-1.254657506942749,-1.5993123054504395,0.28812049640776954
1.1375710048774126,0.007008446846157312,-1.1866991519927979,0.8102714006374053,1.4169596603381716,-1.254657506942749,0.9966701881049104,0.808615094459375
-1.3074799831730952,0.7078531384468079,-1.1866991519927979,1.0182563492704328,-0.6839149903684906,1.2006409168243408,-0.5596727132797241,0.19706289727127205
0.7427914414753273,1.4086978435516357,-1.1866991519927979,-0.08863372518856372,-1.215642266233683,-1.254657506942749,1.519606590270996,0.6671177378553076
-1.343651428429234,-0.6938362121582031,0.03292998671531677,1.593796485283298,1.0055047644946433,1.2006409168243408,-1.2527657747268677,0.2379519217198786
1.608721296971891,1.4086978435516357,-1.1866991519927979,-1.0240850596990256,-0.7012819089050994,1.2006409168243408,0.9386229628818292,0.881116242593947
-0.00040831860128555386,0.806711162318337,0.03292998671531677,-0.12448297420841253,-1.6739909873176828,-1.254657506942749,0.1334204226732254,0.4876850813337808
-1.3648428367569063,1.4086978435516357,-1.1866991519927979,-0.6729209737228798,-1.2112239461359555,-1.254657506942749,1.519606590270996,0.13865083129239764
0.42849901933301277,-1.3946808576583862,1.2525591850280762,-1.301419284654059,-0.6786858253477187,-1.254657506942749,1.519606590270996,0.5335026226459708
0.10987043990330614,-0.6938362121582031,1.2525591850280762,1.0130131353954437,1.5049427159336168,-0.027008283883333206,-1.5993123054504395,0.5782591823350988
-0.971099709796639,0.7078531384468079,1.2525591850280762,0.5373655391274881,1.4156292822735517,-0.027008283883333206,-0.28506376543778217,0.31087659261103195
-0.36725085069199725,-0.6938362121582031,1.2525591850280762,-0.5650047000874605,0.9467444827407372,-1.254657506942749,0.7801113279417236,0.4181083814625497
1.3596239188932604,0.007008446846157312,0.03292998671531677,0.7386078368445604,-0.4312316573864267,-0.027008283883333206,0.0908916220772556,0.8435999681343683
-0.720142876299361,-1.3946808576583862,1.2525591850280762,-0.2220389436970464,-0.6737378440272436,1.2006409168243408,1.519606590270996,0.32860734958434673
-1.2334053582229016,0.6156838346952155,-1.1866991519927979,-0.2969003650847194,-0.34106484965408124,-0.027008283883333206,-1.5993123054504395,0.17515196697016913
0.4893027705886105,0.007008446846157312,-1.1866991519927979,-0.0926460267296901,0.5294510818759439,-1.254657506942749,1.2444975803383613,0.6334818090031836
0.8730917151227288,-0.5868291494650963,-1.1866991519927979,-0.9054429745958019,-0.9729687859525945,1.2006409168243408,-0.598897911281595,0.6861689875039891
-1.0837815225128162,0.007008446846157312,1.2525591850280762,0.6287679319050644,0.47552175749561343,1.2006409168243408,-0.21971059947757493,0.2753908161739362
0.029860938236560566,-1.3946808576583862,-1.1866991519927979,-0.7625991044386907,1.0989757858983582,-1.254657506942749,0.1334204226732254,0.46752331169565414
1.6932489527165042,-1.3946808576583862,1.2525591850280762,1.5389454834391887,0.04898850937941175,-1.254657506942749,-0.5596727132797241,0.9596433472193803
0.9450007589273719,-0.5175578632456679,1.2525591850280762,-1.6553658370978874,-1.1260192209493445,-1.254657506942749,-1.2527657747268677,0.7081535028585904
-1.036113860840874,-0.138882956803267,1.2525591850280762,0.7604735504929242,-0.21685647374911216,1.2006409168243408,-1.5993123054504395,0.26502645134789626
-0.8022375795470145,-0.6938362121582031,-1.1866991519927979,-0.8749050953867578,-1.5851798749980137,-0.027008283883333206,0.1334204226732254,0.2563306832050926
1.736523769929918,-0.6938362121582031,-1.1866991519927979,-0.9714469384743399,0.2157249343966624,-1.254657506942749,-0.5596727132797241,0.9234350765111645
-0.6406816389412474,0.7078531384468079,-1.1866991519927979,1.1641718657524232,0.8963898029216982,1.2006409168243408,0.1334204226732254,0.38678414996522903
-1.1774190588624633,-0.5486529219883193,1.2525591850280762,-1.720731262674936,0.4501721134312449,1.2006409168243408,0.4799669682979584,0.20589714860643885
0.17851901685657334,-1.3946808576583862,1.2525591850280762,-0.2636900242206573,-0.2938752064595858,-1.254657506942749,1.1730600595474243,0.5138408934699746
-1.226206806719057,0.7078531384468079,-1.1866991519927979,0.5470101737851014,1.05471165262752,1.2006409168243408,1.0203521283364703,0.2376482012897803
-0.2706732795695136,0.4935462095074262,0.03292998671531677,-0.6079398330369824,-1.7120766185020198,-1.254657506942749,-0.5596727132797241,0.3852469637653639
-0.7786004463651068,0.007008446846157312,1.2525591850280762,0.6591428619633578,0.5488811320417943,-1.254657506942749,0.1334204226732254,0.3026773026633803
1.0168045950443414,0.007008446846157312,0.03292998671531677,-1.2831313122590247,0.4352140331922952,-1.254657506942749,0.44224479750819884,0.762676673499611
-0.03278818035194569,-0.012284555262873531,1.2525591850280762,0.6106794141437333,1.4892297894488544,-0.027008283883333206,-1.5993123054504395,0.5636642360109131
-1.7427369825035517,0.007008446846157312,1.2525591850280762,-0.4684903353115839,1.0003307263778491,-0.027008283883333206,0.4799669682979584,0.05274787283283099
-0.17028587708267998,0.7078531384468079,-1.1866991519927979,-0.572497998178688,-0.5021381707183115,1.2006409168243408,-1.2527657747268677,0.4335369593465232
-0.903652133807791,-1.3946808576583862,-1.1866991519927979,0.4678209437195771,-0.9998042138468771,1.2006409168243408,0.4566662092515338,0.24227880598458257
-1.0872074038785513,1.4086978435516357,1.2525591850280762,-0.8178215688295921,1.1738339308110397,-0.027008283883333206,-0.9062192440032959,0.292607070234625
0.67553549677966,-0.6938362121582031,-1.1866991519927979,0.4486289845725582,0.9357770810884862,1.2006409168243408,0.4799669682979584,0.66809907685041
0.6898267971557152,-1.3946808576583862,0.03292998671531677,0.5764007404162227,0.9604699591296614,1.2006409168243408,-0.5596727132797241,0.687624370587596
1.3003698333422167,1.4086978435516357,0.03292998671531677,-0.30980192266201145,1.2979971279968194,1.2006409168243408,-1.5993123054504395,0.8867720219068433
-1.2161500151171165,0.3922425443532745,0.03292998671531677,1.2714485837329508,0.18155631302675132,-0.027008283883333206,-0.7727624144220475,0.2345316448905984
-0.6364751545243006,0.22317524896310442,0.03292998671531677,0.9924095455622689,1.1731549291284675,-1.254657506942749,0.1334204226732254,0.3910289405466567
0.35988338633180056,-1.3946808576583862,0.03292998671531677,1.6934402805140087,1.426366072683016,1.2006409168243408,0.1334204226732254,0.6337279447890154
-0.7271773845906132,0.007008446846157312,-1.1866991519927979,-0.7811477788257623,-1.0547522615199387,-1.254657506942749,0.4799669682979584,0.2742133510473351
0.4306994760619892,1.4086978435516357,1.2525591850280762,-0.5144908416224784,1.4760301526793163,-0.027008283883333206,-0.011071690875857798,0.6708293217029153
0.4344629245889262,-0.6938362121582031,1.2525591850280762,0.7272065216952032,0.3741921911021455,-0.027008283883333206,0.7216979587923953,0.6375402690524835
1.1993253242229298,-1.3946808576583862,1.2525591850280762,1.1480661331858106,1.4733650682223614,-0.027008283883333206,-1.3162201384067722,0.8682163858749317
-0.23392565689451517,0.0930338664070501,0.03292998671531677,-0.015030313164468477,0.5730806599839803,1.2006409168243408,-0.266893305491195,0.4507593426117748
0.9026195391006832,-1.3946808576583862,-1.1866991519927979,-1.618163312109052,-0.11505786769920491,-0.027008283883333206,0.8265135288238525,0.642864042619906
1.471134758827054,-0.6938362121582031,1.2525591850280762,0.20405701437197674,0.16839047086827957,1.2006409168243408,0.1334204226732254,0.8926395012296873
0.33034745747023736,-1.3946808576583862,-1.1866991519927979,0.64163941970937,-0.7076829621936352,-1.254657506942749,0.4799669682979584,0.5350039788749986
0.9149970046987526,-1.3946808576583862,0.03292998671531677,1.4683209046757084,-1.5092846691257493,1.2006409168243408,-0.5596727132797241,0.732087488648973
0.7511945784343046,1.4086978435516357,-1.1866991519927979,0.0340316318574915,0.9754409787844125,-1.254657506942749,0.8144740547553426,0.7140121532383303
1.740059494972229,1.4086978435516357,1.2525591850280762,-1.7723276615142822,-1.7375391721725464,-1.254657506942749,1.519606590270996,0.0019562907982617617
0.48093228840645713,0.5407681883328087,-1.1866991519927979,-0.5566247801279843,-1.464128062918445,-0.027008283883333206,1.519606590270996,0.5916001805888996
1.3340510450808405,0.7078531384468079,0.03292998671531677,1.5496960720584951,-1.3595526602958659,-0.027008283883333206,-1.2283568955704085,0.8813836221459466
-0.993898826822471,1.4086978435516357,0.03292998671531677,0.08320501865484052,0.9250065461466125,1.2006409168243408,-1.5993123054504395,0.3187201338699972
-0.37000603799452086,1.4086978435516357,1.2525591850280762,-0.16425911431594625,-0.9424491585397989,1.2006409168243408,-0.36423923865937224,0.437605092923049
0.13153798177546266,1.4086978435516357,0.03292998671531677,0.19128815847567376,1.2928990127613664,1.2006409168243408,-0.21312613785266876,0.5935984084053606
-0.3851613217320204,-0.12755268714620616,1.2525591850280762,-0.34257582225907796,-0.6042611978582632,-1.254657506942749,0.8265135288238525,0.3798396979634711
-1.350187018982773,-0.6938362121582031,0.03292998671531677,-0.6900068819988244,1.4177254701620692,-1.254657506942749,0.4799669682979584,0.16517840953348445
-0.28248608524710367,0.007008446846157312,-1.1866991519927979,1.4732344562213475,0.46061012844672516,1.2006409168243408,1.519606590270996,0.5072159633590195
-0.4794580702804347,-0.6938362121582031,0.03292998671531677,-1.0210497461146555,0.18007091116490334,-0.027008283883333206,1.519606590270996,0.36076116795334556
0.3648625596831789,-0.4751005529546003,0.03292998671531677,1.408812141768183,-1.32912604487732,1.2006409168243408,-0.642460087090011,0.5827562131111425
1.1151798589499107,0.7078531384468079,-1.1866991519927979,1.4261478499582398,-0.3957564554098842,1.2006409168243408,-1.5993123054504395,0.8062881664850882
-0.24910367621678328,0.007008446846157312,0.03292998671531677,-1.7700281782308231,-0.828044764999612,-1.254657506942749,1.519606590270996,0.35727378420240496
0.9514649214701654,-1.3946808576583862,1.2525591850280762,-1.0092881583870528,-0.253625943683886,1.2006409168243408,1.1730600595474243,0.7183906810000007
-1.4569886921218194,0.7078531384468079,-1.1866991519927979,1.0230262477943293,0.284597736712275,1.2006409168243408,0.1334204226732254,0.16314629346632536
-1.24349629111914,-0.6938362121582031,-1.1866991519927979,-0.8770289588970355,0.2467099591374698,1.2006409168243408,-0.5596727132797241,0.16628452242593694
-1.3241182064862225,0.7078531384468079,1.2525591850280762,-0.6550114990676338,0.6847573154815136,1.2006409168243408,-1.5993123054504395,0.172946243065585
-0.11852793669894626,1.4086978435516357,0.03292998671531677,0.5108204583413438,-0.43745196574111217,-0.027008283883333206,-0.5596727132797241,0.5227063803661219
0.35647308760899443,1.4086978435516357,-1.1866991519927979,1.596733383376916,-0.23440154583767972,1.2006409168243408,-1.072210788039737,0.6422917451846788
-0.22485650595798096,1.4086978435516357,0.03292998671531677,-1.2894048195731447,-0.041058199756051086,-1.254657506942749,1.519606590270996,0.44248060914678583
0.11272523668119347,1.4086978435516357,1.2525591850280762,-0.3539142401164603,-1.2546925209011985,-1.254657506942749,1.519606590270996,0.5289634777449025
-0.17526784661985298,1.4086978435516357,-1.1866991519927979,0.9914093654901917,-0.49208811885486,1.2006409168243408,0.1334204226732254,0.5225665100543764
1.5867326847704837,0.007008446846157312,-1.1866991519927979,1.3781635419367444,1.529543395475116,1.2006409168243408,-0.5596727132797241,0.9964061174065977
0.30694526880313083,0.007008446846157312,1.2525591850280762,-0.4415918206199235,1.5805612352449756,-1.254657506942749,1.519606590270996,0.5843344062384233
1.5333876467200445,-1.3946808576583862,0.03292998671531677,-0.5546694961147893,-0.1706663366746753,-0.027008283883333206,0.4799669682979584,0.8251746289513199
0.44539409899013627,1.4086978435516357,-1.1866991519927979,-1.759283167586384,-0.4892690045934357,1.2006409168243408,0.1334204226732254,0.6115622924515423
-0.6925011636178406,1.4086978435516357,-1.1866991519927979,-0.6043095742963749,0.15690194354904963,1.2006409168243408,-0.5596727132797241,0.3690667714055702
-0.695417212334633,0.7078531384468079,-1.1866991519927979,-1.7482099682401415,-0.9351356108516773,-1.254657506942749,-0.06091454806686958,0.2696050720913735
-0.7592081988810082,-0.41387731342735407,0.03292998671531677,1.1456072853790171,1.161279217319027,-0.027008283883333206,-1.5993123054504395,0.3338250333912277
-0.8518025441944606,0.4720202462439146,0.03292998671531677,0.2504945480154518,-1.4084102956685645,1.2006409168243408,-1.2527657747268677,0.2712678431693954
0.33587223644563097,1.4086978435516357,1.2525591850280762,0.34564927965608566,-0.7547399847033918,-1.254657506942749,1.519606590270996,0.6010648800454412
0.8764524837215063,0.7078531384468079,-1.1866991519927979,0.46239046691277147,0.7587996113388312,-1.254657506942749,-0.9062192440032959,0.7673573156363143
1.613004873570255,-0.4352339712371009,-1.1866991519927979,-0.6219742579901737,1.0965964150711967,-1.254657506942749,1.1730600595474243,0.902079208383567
-0.016019229176298798,1.4086978435516357,1.2525591850280762,-0.9782401318510033,0.3662495167851557,-1.254657506942749,-0.21312613785266876,0.5344819852103431
-1.234741589074759,-0.6938362121582031,-1.1866991519927979,-1.5611438428889728,-1.2292552554645164,1.2006409168243408,-0.5596727132797241,0.14387325430002085
0.6606396711401886,0.007008446846157312,-1.1866991519927979,0.39127873678131464,-1.3808694839240625,-1.254657506942749,-0.1833368924303528,0.6541261877261123
-0.8287725784052284,-1.3946808576583862,-1.1866991519927979,1.00954358056271,-0.7177244726524261,1.2006409168243408,0.4799669682979584,0.28318707113255964
0.6964390607172326,0.44680873816791095,-1.1866991519927979,-0.8578360114968657,-0.8649507827838345,1.2006409168243408,1.487748618701949,0.6494343232059118
-1.416880718862235,0.7078531384468079,1.2525591850280762,-0.08134522446533786,-1.2398561146288951,-1.254657506942749,0.004102749629631447,0.12271613970482337
0.24144910542063064,0.007008446846157312,0.03292998671531677,1.0821989193523271,-0.7510039680104273,-1.254657506942749,1.519606590270996,0.5051902734727346
0.19558840865979488,0.007008446846157312,0.03292998671531677,-0.14718944064944925,-1.7253153421901126,-0.027008283883333206,1.3936489983351306,0.4720257090565857
-0.8093404671377055,-0.6938362121582031,1.2525591850280762,0.816833906792003,-1.5130401511049332,-1.254657506942749,-0.3225054271051373,0.2783060324112579
0.12073227111559193,-1.3946808576583862,-1.1866991519927979,0.48526939489035875,-0.4727180932446829,-0.027008283883333206,0.1334204226732254,0.4793717970909372
-1.5077820275330394,-0.6938362121582031,0.03292998671531677,1.5808759576098175,-0.9312421696946269,-1.254657506942749,1.519606590270996,0.12991056119975788
-1.2026994853179378,0.7078531384468079,1.2525591850280762,0.7593376834034796,0.3559569971597523,-0.027008283883333206,1.519606590270996,0.21695717734299322
-0.5068887888483369,0.007008446846157312,-1.1866991519927979,-0.4901545154563119,-0.6049577961761583,-0.027008283883333206,-1.3831082990280588,0.3339581677932447
0.38690754471672817,-1.3946808576583862,0.03292998671531677,-1.411173512461483,0.9620218997613917,-1.254657506942749,0.4799669682979584,0.5822035952845422
0.8311550657140114,0.007008446846157312,1.2525591850280762,0.8089652318460763,0.5639990764134588,-1.254657506942749,-1.5993123054504395,0.7203736805938268
1.6328977532743656,0.007008446846157312,0.03292998671531677,0.049301518134448497,-0.714126534456947,-0.027008283883333206,-0.21442252067287587,0.9132135125381217
0.9203130417517639,0.9950236913430031,0.03292998671531677,0.31952280631401175,-0.7305341894136503,1.2006409168243408,0.11014500795845467,0.7429439167891772
1.4929572364157444,1.4086978435516357,1.2525591850280762,0.44243196916795485,0.6974927483557201,1.2006409168243408,0.1334204226732254,0.9214071733846524
1.4657716454269067,1.4086978435516357,-1.1866991519927979,0.458794199156226,-1.2676731780743928,1.2006409168243408,0.4799669682979584,0.8720484344068578
0.15984064010937543,0.7078531384468079,0.03292998671531677,0.7732832345329249,-1.5206565851901521,-1.254657506942749,0.45415210608435186,0.5232648170794332
-1.1015635228897438,1.2716616197012003,-1.1866991519927979,1.1504317611307469,-0.7873248851743124,1.2006409168243408,-0.9062192440032959,0.24801532731758802
1.713662713155327,0.7078531384468079,0.03292998671531677,-0.8613650591551499,-0.7078673942101112,1.2006409168243408,-0.3785248306505338,0.9205661926997771
1.3955130234364053,0.007008446846157312,-1.1866991519927979,-0.3031143382219232,-0.4172107727420913,-1.254657506942749,0.15785294586564744,0.8320178534681395
-0.003995054206809859,0.007008446846157312,-1.1866991519927979,1.3386111012270394,-0.5092991829590857,-0.027008283883333206,-1.2527657747268677,0.46911662520360803
-0.35794234548334214,-0.6938362121582031,-1.1866991519927979,-0.5424693898566126,1.5931805826910426,-1.254657506942749,0.4799669682979584,0.40814156422899805
-1.215278345935187,0.7078531384468079,-1.1866991519927979,0.8299205281727864,1.627739194403812,-1.254657506942749,-0.9062192440032959,0.23258079253419908
-0.22628316182053076,-0.6938362121582031,1.2525591850280762,0.26676010216424534,-0.05271708638582587,1.2006409168243408,0.1334204226732254,0.5030828004366146
0.25329684210828673,-1.3946808576583862,-1.1866991519927979,-0.11846898659886308,0.28836094856540406,-0.027008283883333206,0.1334204226732254,0.5196192664139038
-0.1667188672861207,1.4086978435516357,0.03292998671531677,-1.4521454918822845,-1.1235697487500336,-0.027008283883333206,0.0883461416583779,0.42324221463380785
0.012800672206490116,0.46570465721616455,-1.1866991519927979,-1.1031562281664313,0.19540757198378636,-1.254657506942749,0.33615028578867967,0.4642203449493272
-1.6308192215121398,0.007008446846157312,1.2525591850280762,-0.3478559415944721,-0.2588055257143017,-1.254657506942749,0.4799669682979584,0.09730632083969197
0.6699231476076195,-0.6938362121582031,1.2525591850280762,-1.3406608633574921,0.22050477156471393,-0.027008283883333206,0.1334204226732254,0.6413592701897763
-0.695019896148562,-1.3946808576583862,0.03292998671531677,-0.6120396315022545,0.34113558501172037,-1.254657506942749,0.4799669682979584,0.27594311179927544
0.7667948032383541,0.7078531384468079,-1.1866991519927979,0.5245558164326535,-1.2662071226854337,1.2006409168243408,-0.21312613785266876,0.7060650763465797
1.6158702685933248,-0.16179081930006245,-1.1866991519927979,1.6044595356866318,1.6430117137940163,1.2006409168243408,-0.21312613785266876,0.9811118205015731
-1.0150594692137014,0.007008446846157312,-1.1866991519927979,0.8455364911639306,1.120136340404807,-0.027008283883333206,0.8674276774920293,0.27812115344689287
0.7359491602183678,-1.3946808576583862,-1.1866991519927979,-0.7269068061923962,0.028006030065319,-1.254657506942749,-0.21312613785266876,0.6532860384030005
0.40994631860529,-1.3946808576583862,-1.1866991519927979,-0.4275810290453088,-0.9595687916590023,-1.254657506942749,1.519606590270996,0.5533517888544619
-0.2409692237555428,0.007008446846157312,0.03292998671531677,-0.2884250602308758,0.023789056075765376,1.2006409168243408,1.519606590270996,0.44524996995346294
0.04267456843059571,1.4086978435516357,-1.1866991519927979,0.3479620543406703,1.4573830516061748,-0.027008283883333206,-0.22519567098975823,0.5609384054367671
0.4035895655932788,0.7078531384468079,-1.1866991519927979,1.4648090350136562,1.0506211748954666,-0.027008283883333206,-1.5993123054504395,0.6215241680573169
1.7333210009901852,1.4086978435516357,1.2525591850280762,-1.7723276615142822,-1.7375391721725464,-1.254657506942749,-1.5993123054504395,0.002505991809412113
0.42525116730897977,-1.3946808576583862,1.2525591850280762,-1.4732382264863266,0.36435247726524816,-1.254657506942749,0.1334204226732254,0.6305123944483326
-0.2665754097901115,1.4086978435516357,1.2525591850280762,0.5519190376531159,0.9123885273445083,-1.254657506942749,-0.5596727132797241,0.5173591870333895
1.0511038705049705,0.24143022041255718,1.2525591850280762,-0.23090546442260704,1.3182719280215276,-0.027008283883333206,0.4799669682979584,0.7962088161023635
0.23294542948467306,0.007008446846157312,0.03292998671531677,-1.6801572166163263,-0.22377663585443897,-0.027008283883333206,0.4799669682979584,0.484948551546591
-1.2330118680954794,1.4086978435516357,1.2525591850280762,1.22325497789624,0.36274892154885463,1.2006409168243408,-1.5993123054504395,0.28948052102523936
0.9552518230976607,-1.3946808576583862,-1.1866991519927979,0.039696111412699256,-1.0857801325390881,1.2006409168243408,-0.5596727132797241,0.7232221378011648
1.1592458403402683,0.0002621756530989394,-1.1866991519927979,-0.5439835138110642,-0.2034363327856027,1.2006409168243408,-1.5993123054504395,0.7872634510873057
0.33808555034691046,-0.6938362121582031,-1.1866991519927979,0.5327482174310771,0.8457427200494649,-1.254657506942749,0.8265135288238525,0.5874785309381771
-0.41811133968507364,1.4086978435516357,-1.1866991519927979,-0.08584594316011307,0.2240080279180333,1.2006409168243408,-0.5596727132797241,0.42221253706548406
0.6113942384242401,-0.6938362121582031,-1.1866991519927979,0.5485917634647983,1.6997108264064407,1.2006409168243408,0.9831913266865745,0.6685419896222068
0.18822091134476537,0.7078531384468079,-1.1866991519927979,0.9773235131241884,-1.2364858839578077,-0.027008283883333206,0.4799669682979584,0.5506339665960828
-0.7431734829707806,0.007008446846157312,-1.1866991519927979,0.44775478689127046,-0.10223431406209785,1.2006409168243408,-0.5596727132797241,0.3131687943216105
1.6948782269885085,0.007008446846157312,0.03292998671531677,-1.2307157754604392,-0.04740293407907688,1.2006409168243408,-0.2909395443468912,0.8987311068148265
-0.684816587905831,1.4086978435516357,0.03292998671531677,0.008588374633307583,-0.7973710989895909,1.2006409168243408,0.4799669682979584,0.3868122223927301
-0.6489972745508932,-0.6938362121582031,0.03292998671531677,0.018740050381757273,-1.232684851424527,-0.027008283883333206,1.519606590270996,0.34080733702736515
1.3451499514588656,-1.3946808576583862,1.2525591850280762,-1.2240529742696964,1.4151190826634867,-0.027008283883333206,-0.21312613785266876,0.8207160680299141
-0.10112180405761388,-1.3946808576583862,-1.1866991519927979,-1.321607629961571,-1.5439647610265632,1.2006409168243408,0.1334204226732254,0.3812510198444413
0.9596697201704363,-1.3946808576583862,1.2525591850280762,-0.08851300485048405,-0.4847658585261989,1.2006409168243408,1.519606590270996,0.7426276966004115
-0.3891029539877554,-1.3946808576583862,-1.1866991519927979,1.1628407161629115,-1.3205346503621573,-0.027008283883333206,-1.0959704209465655,0.3333489000655084
-1.6036585701392267,1.4086978435516357,1.2525591850280762,-0.48883165290663055,0.08145484165162854,-1.254657506942749,1.519606590270996,0.11620318350027443
0.8385766775874448,-0.6938362121582031,-1.1866991519927979,-0.7443800532218245,-1.4676618469403262,-0.027008283883333206,0.2404264212766503,0.6723030060359619
1.2534324840255846,-0.2541606623729807,0.03292998671531677,1.5695457535988642,-1.5726202094942991,1.2006409168243408,-1.5993123054504395,0.7943929518683727
0.9439203866019409,-0.22955545840515934,0.03292998671531677,-1.7283908565500685,-0.8276010472886178,-0.027008283883333206,1.1730600595474243,0.7095741596381587
0.37715080390789546,0.7078531384468079,1.2525591850280762,0.32382229715510097,0.7574046859269828,1.2006409168243408,0.1334204226732254,0.6439518224813365
-0.1720061250428407,1.4086978435516357,-1.1866991519927979,-1.254047497607602,0.34099592873894846,1.2006409168243408,0.1334204226732254,0.43624123800763387
1.4670169036575338,0.007008446846157312,1.2525591850280762,-0.2657880790610254,1.6562321354040497,-1.254657506942749,0.1334204226732254,0.8962712002452271
-0.9937441833293467,0.007008446846157312,-1.1866991519927979,-0.10808851337453479,0.06885767922265754,-1.254657506942749,0.6837490350336886,0.24144998504374202
0.7647897605846911,0.007008446846157312,1.2525591850280762,-1.0921299476594877,1.0871343129396893,1.2006409168243408,-1.5993123054504395,0.7048922300068532
1.5400044445861207,-0.6938362121582031,-1.1866991519927979,0.6140522903489134,-0.946985674507756,1.2006409168243408,-1.5993123054504395,0.8900479403506163
1.0741520212938753,0.7078531384468079,0.03292998671531677,-0.2444210887018226,0.9773341700635559,-0.027008283883333206,0.4799669682979584,0.8046483042734959
1.3836134397348638,1.2246319040114026,-1.1866991519927979,0.16209049106790646,0.3216725090807827,-1.254657506942749,0.4799669682979584,0.8534245455598715
-1.4799593718319335,-1.3946808576583862,0.03292998671531677,0.8061700176035952,-0.9508109622110174,-1.254657506942749,1.519606590270996,0.1107851239235587
1.2999805310192978,0.007008446846157312,1.2525591850280762,0.45882928305327486,0.07098583341154145,1.2006409168243408,-1.5993123054504395,0.8597686311359208
0.6914762614306624,0.007008446846157312,-1.1866991519927979,-1.7197741839190577,0.02880395467130331,-0.027008283883333206,1.519606590270996,0.622018026299701
-1.1735059116323454,1.4086978435516357,0.03292998671531677,-0.5238740227962584,-0.6959149553798805,1.2006409168243408,-1.5993123054504395,0.22780561903785185
1.5555466767413186,1.4086978435516357,-1.1866991519927979,-1.5726551682340963,-0.23749986017057512,1.2006409168243408,0.1334204226732254,0.8913283777602474
-1.6655300213013058,-0.6938362121582031,-1.1866991519927979,0.01381097824920488,-1.251353132629288,-1.254657506942749,-0.6695423651386211,0.06071706839572717
-0.20327989856928444,-0.6938362121582031,1.2525591850280762,-0.4477439588365721,1.024347173475286,-0.027008283883333206,-1.5993123054504395,0.4665775718638754
-0.8262946620161091,-1.3946808576583862,0.03292998671531677,-0.15877662020385294,-0.6116773795581507,1.2006409168243408,0.1334204226732254,0.30423195113473495
-0.075691915174669,0.007008446846157312,-1.1866991519927979,1.6465708059955388,-1.1737537183861426,-0.027008283883333206,1.519606590270996,0.5345001960948876
-0.2032148555058771,1.4086978435516357,-1.1866991519927979,-1.073302032127143,-0.587713872029411,-0.027008283883333206,1.519606590270996,0.4448761232981907
-1.3546979540844337,1.4086978435516357,1.2525591850280762,0.6492121641633875,0.2497640292492517,1.2006409168243408,-1.0343074124348295,0.22330727897696626
-1.5905636504328897,-0.6938362121582031,1.2525591850280762,-0.7633748731699797,1.4912233774251864,-0.027008283883333206,-0.2334492974443671,0.11802646895430931
-0.21005835175101845,0.7078531384468079,1.2525591850280762,-0.48877087165931427,-1.1711554743266794,-1.254657506942749,0.6801510968974271,0.4152854207296194
-1.1091243298131475,0.7078531384468079,1.2525591850280762,-1.1938971124666555,0.349203875261771,-1.254657506942749,0.27358809826655384,0.23368704437505
0.4177306692200123,0.7078531384468079,-1.1866991519927979,0.787889397346949,1.530810072337749,1.2006409168243408,0.8265135288238525,0.6435435683180863
0.8334338516123431,-0.6938362121582031,-1.1866991519927979,-0.8547686952478457,0.4414176300767502,1.2006409168243408,-0.21312613785266876,0.7012468688159958
-0.4612189711073143,1.4086978435516357,-1.1866991519927979,0.08614630614856819,-0.1982933165973276,-1.254657506942749,-1.2527657747268677,0.39343349893597146
0.8530302400838045,1.4086978435516357,-1.1866991519927979,1.6256660972238428,1.5255635831987355,1.2006409168243408,-1.5993123054504395,0.8043987216997149
-0.07821079289666294,-1.3946808576583862,-1.1866991519927979,-0.7019438280329378,-0.16041791802255387,-1.254657506942749,0.1334204226732254,0.43889867731127663
0.9487033428264633,-1.3946808576583862,0.03292998671531677,-0.1535146585640594,-1.1079708175815133,-0.027008283883333206,0.7817528188227265,0.7159607080608484
-1.2892579486846563,-1.3946808576583862,1.2525591850280762,0.10325607605757872,-0.08509868860886421,-0.027008283883333206,1.519606590270996,0.145583930816625
-0.9857065382893594,1.4086978435516357,1.2525591850280762,-1.4305181224055588,0.35335280494389104,-1.254657506942749,-0.9062192440032959,0.31798292659829863
-0.5607843410542548,0.007008446846157312,0.03292998671531677,0.9959707625352786,0.2835832216457911,-1.254657506942749,0.4799669682979584,0.3662523968131201
0.21241317696974243,-1.3946808576583862,-1.1866991519927979,0.48255876245414114,1.5885856935834144,-0.027008283883333206,1.1730600595474243,0.5698828750818997
1.007783638110461,0.007008446846157312,-1.1866991519927979,0.007421705479491683,-1.2590914918037086,-0.027008283883333206,0.4799669682979584,0.7302891330629847
-0.4105895029328172,-1.3946808576583862,-1.1866991519927979,0.6888090977875724,1.0976389857956153,1.2006409168243408,0.8584704092775645,0.39045280529542764
1.50075497767976,-1.3946808576583862,0.03292998671531677,1.4642123792772184,1.498990906092309,-1.254657506942749,0.5621145337433708,0.9065768367489889
-0.25348280818141183,0.02693542910434534,-1.1866991519927979,-0.2561275949620905,-1.705442631415493,1.2006409168243408,-0.5596727132797241,0.38778366776687767
1.6639343819287156,-0.6938362121582031,-1.1866991519927979,1.3984751445032866,0.881453344202242,-1.254657506942749,-1.5993123054504395,0.9468005091342961
-1.3011542194744354,-1.3946808576583862,1.2525591850280762,-0.37703383006725244,0.4933046915452779,1.2006409168243408,1.519606590270996,0.15555180868755852
-0.9804490714675136,-0.6938362121582031,1.2525591850280762,0.9396539251204656,-0.9840925463278458,-1.254657506942749,1.1730600595474243,0.24307654451377025
1.7279390110072694,-1.3946808576583862,-1.1866991519927979,-0.8752006908908367,-0.9309477074432193,1.2006409168243408,-0.38248779325953364,0.8867991031391228
-0.5563888662127254,0.7078531384468079,0.03292998671531677,1.2060439243350178,-0.31440645559938596,-1.254657506942749,-0.4822078464074871,0.40756989780396496
0.46443082861594975,-0.6938362121582031,-1.1866991519927979,-0.7731262193125945,-1.6359114027870738,-0.027008283883333206,0.4799669682979584,0.5913702499735524
-1.2241954378147142,1.4086978435516357,-1.1866991519927979,-1.5316917975905113,0.8031821709363977,1.2006409168243408,-0.5596727132797241,0.20034855406908703
-1.8225189956131171,-1.3946808576583862,1.2525591850280762,1.7189881801605225,-1.7375022442363175,1.2006409168243408,1.519606590270996,0.004179189471272815
0.725360265245411,0.007008446846157312,1.2525591850280762,0.5258404247581273,-0.7750578562573512,-1.254657506942749,-0.21312613785266876,0.6725237001603215
0.6032274754032451,-0.3554706389886835,-1.1866991519927979,1.0466838612847695,0.23369578697391197,-0.027008283883333206,1.519606590270996,0.6950848837313895
-1.3187581331907579,0.007008446846157312,0.03292998671531677,-0.47636345617069625,-0.39784153506489045,-1.254657506942749,0.1334204226732254,0.14090273605443054
0.8333156145301801,1.4086978435516357,-1.1866991519927979,-0.7788258050826801,-0.1074174789355033,1.2006409168243408,1.519606590270996,0.7368760959469962
-0.8778283162384273,0.4458898881198297,0.03292998671531677,0.15076670374342138,-0.45133291846904205,-0.027008283883333206,-1.5993123054504395,0.3006328799442301
-0.12515981001007476,0.007008446846157312,-1.1866991519927979,1.1396367872170077,-1.2156568378897674,-1.254657506942749,-0.9646648388076472,0.48224147947296514
0.9070034430943886,0.007008446846157312,-1.1866991519927979,0.5964464351682183,-1.0473766691206852,-0.027008283883333206,-0.21312613785266876,0.7373873963410607
0.39606659298149116,-1.3946808576583862,0.03292998671531677,-0.4164225168296449,1.1753856745368427,-0.027008283883333206,-1.5993123054504395,0.6025962785194464
-0.9653108195503494,1.4086978435516357,-1.1866991519927979,0.7029847256327276,-1.5469503557200932,-0.027008283883333206,0.4799669682979584,0.288350791039921
-1.0292568140048977,-1.3946808576583862,1.2525591850280762,0.7087738665595213,0.761337620519722,1.2006409168243408,0.1334204226732254,0.2543968545411512
-0.6314173499050402,-1.3946808576583862,-1.1866991519927979,0.42513087663460125,-0.13384262359589055,-0.027008283883333206,1.519606590270996,0.2795708234298493
-1.089521823644909,1.4086978435516357,1.2525591850280762,0.006136357363464531,0.7225288350598854,-0.027008283883333206,1.519606590270996,0.30085319712584313
0.4618965590283616,-0.6938362121582031,1.2525591850280762,1.0546014661832435,-0.898201318534504,1.2006409168243408,0.3507447764068068,0.6189935939071559
-0.20098660208458596,-0.6938362121582031,1.2525591850280762,-0.1942460371227243,1.325366651035387,-1.254657506942749,-0.5596727132797241,0.45453294420210494
-1.081065412230521,1.4086978435516357,1.2525591850280762,0.7441176863958208,-1.2680501535564639,-0.027008283883333206,0.1334204226732254,0.24935451239199002
-1.8412085934104359,-1.3946808576583862,1.2525591850280762,1.7189881801605225,-1.7375386783778313,1.2006409168243408,1.519606590270996,0.002034373233077792
0.619426885798118,0.7078531384468079,1.2525591850280762,0.8835211941524277,-0.961475088123698,1.2006409168243408,-1.5993123054504395,0.6933156202680694
-1.2531940550581604,1.4086978435516357,0.03292998671531677,0.17828201467279797,0.4299226463213271,-0.027008283883333206,0.1334204226732254,0.22318128655731043
0.29442957962912003,1.4086978435516357,0.03292998671531677,-1.6295928315710069,-0.727294569284832,1.2006409168243408,0.4799669682979584,0.5474236595988808
-0.4692868180050639,0.007008446846157312,1.2525591850280762,-1.0224599642170136,1.5121479116634304,-0.027008283883333206,-1.5993123054504395,0.3882767981601743
1.6715829052449087,1.4086978435516357,0.03292998671531677,-1.235382132141325,1.6884856477151202,1.2006409168243408,1.519606590270996,0.9546211586970264
1.251892350298695,1.4086978435516357,0.03292998671531677,-0.7524965045048995,0.03643796716600274,-0.027008283883333206,-0.5871813723931738,0.8326870197362894
-0.3451601536444536,-1.3946808576583862,0.03292998671531677,1.07513792605305,1.5108541098756425,-0.027008283883333206,0.4799669682979584,0.4480053303570225
-1.6215643201717975,-0.6938362121582031,0.03292998671531677,-0.36631356600052967,0.4622039232300702,-0.027008283883333206,-1.5993123054504395,0.10716753669548126
1.7327484632653998,1.4086978435516357,-1.1866991519927979,1.0441665403218001,1.5126413453938345,-0.027008283883333206,-0.24363875465722512,0.9847690429296477
1.565377220012579,0.007008446846157312,-1.1866991519927979,-1.209177067660414,-1.2781482600042018,1.2006409168243408,0.4799669682979584,0.8453114003237333
-0.20413708077341597,-1.3946808576583862,-1.1866991519927979,0.984396022826876,-0.9737524381768419,1.2006409168243408,0.7168827082715182,0.42045872360801795
0.4305445879334344,0.7078531384468079,1.2525591850280762,0.7939530247447568,-1.3371041333226525,1.2006409168243408,-1.5993123054504395,0.6334867848299519
0.6788201023692544,1.4086978435516357,-1.1866991519927979,-0.14892249911901637,-1.1228800675831814,-0.027008283883333206,-0.21312613785266876,0.6735620416862194
0.1314287496408498,1.4086978435516357,1.2525591850280762,-1.4273280792053857,0.8111099164328939,-0.027008283883333206,0.8265135288238525,0.5251956296315942
0.6368760827839023,0.7078531384468079,1.2525591850280762,-0.05779158432381266,1.6089679803343293,1.2006409168243408,1.519606590270996,0.7372767349270465
0.5279914014964742,1.4086978435516357,1.2525591850280762,0.6029840798406838,1.0632908648226702,1.2006409168243408,-1.0099183591702507,0.7074469197208011
1.7038224282695675,1.4086978435516357,-1.1866991519927979,0.12849496982304975,-0.9897120399681854,1.2006409168243408,0.1334204226732254,0.9048750784190542
-1.5834020572764036,-0.6938362121582031,-1.1866991519927979,-0.252979875743395,-1.5336188440026481,-1.254657506942749,0.1334204226732254,0.06744859386596244
0.8744597273681042,-0.6938362121582031,1.2525591850280762,1.2448653099183522,1.5386783327820643,-1.254657506942749,0.42347991614926656,0.8004720922075323
0.12508470404988117,-0.6006408385866401,1.2525591850280762,1.0013722316245461,-0.7546363560080052,1.2006409168243408,1.519606590270996,0.5507056394532192
0.9190665729718742,-1.3946808576583862,1.2525591850280762,-0.4903740903060896,0.3330178046370037,-1.254657506942749,-0.21312613785266876,0.7264502966773411
1.554383089913132,1.4086978435516357,1.2525591850280762,-0.4098498270541971,0.90196109226853,-0.027008283883333206,1.519606590270996,0.94467340595773
1.081446706910569,0.007008446846157312,0.03292998671531677,-0.12831469347194746,0.6202486751144975,-0.027008283883333206,0.1334204226732254,0.7805452302629521
-1.474544529434733,0.7078531384468079,-1.1866991519927979,0.4227878771655549,1.6196048613385656,1.2006409168243408,-0.5596727132797241,0.1809849450907844
-1.4779573468796299,-0.6938362121582031,0.03292998671531677,0.5338516935092912,0.7587119849678389,-0.027008283883333206,1.1730600595474243,0.14877018490892913
-0.6341262064989334,0.7078531384468079,-1.1866991519927979,1.6485381108284693,-0.036844012028466155,-0.027008283883333206,0.1334204226732254,0.3772893415971579
0.6275605456118208,0.7078531384468079,0.03292998671531677,1.5975117614902843,-1.2770878365636946,-0.027008283883333206,-0.5596727132797241,0.6915775454434634
-0.283925924589418,1.4086978435516357,0.03292998671531677,-0.3901426129534258,-0.9064339674941789,1.2006409168243408,-0.2304760364770982,0.41845241588803805
1.5949751274121557,0.007008446846157312,-1.1866991519927979,1.6810222394969496,1.5130000799460643,1.2006409168243408,-1.2367290243488405,0.9985902712322687
1.5972285589696222,-0.6938362121582031,1.2525591850280762,0.4408837759234112,-1.2000767787094848,1.2006409168243408,1.519606590270996,0.9160422018461944
-1.5790096325665286,-1.3946808576583862,1.2525591850280762,-0.48865944753179996,0.9302881736979444,-1.254657506942749,0.656997612232685,0.07851559072876527
1.5746938263616868,0.007008446846157312,-1.1866991519927979,-0.6789666776264699,-0.8994300872134287,1.2006409168243408,-1.5993123054504395,0.8745255298122018
-1.3298886857330183,1.4086978435516357,-1.1866991519927979,0.41195651046896303,1.2364852719679782,-0.027008283883333206,0.8265135288238525,0.24154958801531456
0.10536442152430234,0.19581809256403915,-1.1866991519927979,-0.9424860710746145,1.4729371625065495,1.2006409168243408,1.519606590270996,0.5036589965469778
-1.3801955923523481,0.007008446846157312,1.2525591850280762,-1.2885756540139637,-0.7489689386700533,1.2006409168243408,0.1334204226732254,0.1353281837759298
1.438141139768249,-0.6938362121582031,0.03292998671531677,0.9012590400514011,1.4243278538423636,-0.027008283883333206,0.8265135288238525,0.8942012763509168
0.07778433045335409,0.007008446846157312,-1.1866991519927979,-0.4598700699485051,0.121051406820506,-0.027008283883333206,0.29583687736593867,0.513608729478054
-1.4256939240212607,-0.026871459988590307,-1.1866991519927979,-0.8654881130311971,-1.1366763026892865,-0.027008283883333206,-1.5993123054504395,0.07749008094116268
-0.6912422225683673,0.7078531384468079,-1.1866991519927979,-1.772325997375947,1.5317722529116802,-1.254657506942749,1.519606590270996,0.2721200683333504
-0.6058706693330466,-0.03281469657563396,1.2525591850280762,-0.11263290162803008,1.4724361188886392,-1.254657506942749,-0.08937449103566447,0.38567967916378937
0.7252989176223007,0.7078531384468079,-1.1866991519927979,-0.9509938740614557,1.016155898734077,-0.027008283883333206,0.1334204226732254,0.7100751179943905
-1.2724613702234786,1.4086978435516357,1.2525591850280762,1.0620090546651193,0.5439972861582884,-0.027008283883333206,-0.1700162116670692,0.23473228988358927
-1.3729302993340071,-1.3946808576583862,-1.1866991519927979,-0.561381669205085,-0.16329436859939006,1.2006409168243408,-0.21312613785266876,0.13652908454402846
-0.21859176139294023,0.007008446846157312,-1.1866991519927979,0.6400909197758783,0.473258006004629,1.2006409168243408,0.9247956724735276,0.47718983996443837
-1.2304507380013503,-0.41265765409834004,1.2525591850280762,-1.270790731759632,-1.3591571479007296,-1.254657506942749,1.519606590270996,0.14365889969142043
-1.6971058303292994,-1.3946808576583862,-1.1866991519927979,-0.9697728897903315,0.9198918808905593,-0.027008283883333206,1.1730600595474243,0.05004317253056438
-1.4645850410160053,0.7066771234868184,1.2525591850280762,-0.9869024230378368,1.4911799146794982,1.2006409168243408,1.519606590270996,0.1453882001738278
0.5019835766946279,0.7078531384468079,1.2525591850280762,-0.20815397449878673,0.33031961494444767,1.2006409168243408,-1.5993123054504395,0.6437317027430031
-0.23837372775224328,0.007008446846157312,0.03292998671531677,1.2184950871770526,1.0033891155309447,-1.254657506942749,0.1967613293802951,0.4862439954858999
0.47389639284109697,1.4086978435516357,-1.1866991519927979,-0.48506377362976577,-1.1953654282389818,1.2006409168243408,1.1730600595474243,0.5950075935873193
-1.020951471109422,0.7078531384468079,1.2525591850280762,-0.2584759471172734,1.3411958525562644,-0.027008283883333206,1.519606590270996,0.2958693037379241
-0.7173153932830636,-1.3946808576583862,-1.1866991519927979,-0.48505975793504835,1.422071147915977,-1.254657506942749,-0.9062192440032959,0.2889455500417314
-0.34549351146646445,0.007008446846157312,1.2525591850280762,0.6136587367414488,-0.7214183512974321,1.2006409168243408,-0.21312613785266876,0.43574205051690934
-1.3146667562134045,-0.012832313361032854,0.03292998671531677,0.8739950976859273,0.07419821197596432,-1.254657506942749,-0.1480323294025344,0.18937919018409344
-1.3846525814737298,0.7078531384468079,1.2525591850280762,-1.511885513152997,1.6039153474292975,-0.027008283883333206,1.519606590270996,0.14885145572916245
1.6109285580596593,0.5367543523796438,-1.1866991519927979,-0.7676906208992743,-1.3163171218170577,-0.027008283883333206,1.519606590270996,0.8685249997418368
1.4117443971379042,-0.45957093023402384,1.2525591850280762,0.5081171848437008,0.4859578017057075,-1.254657506942749,1.519606590270996,0.8659471697000335
-1.8425039882204246,-1.3946808576583862,1.2525591850280762,1.7189881801605225,-1.73753554343003,1.2006409168243408,1.519606590270996,0.001957240048416665
0.7849909821956198,-0.5934644478139867,1.2525591850280762,0.9882628697115747,-0.8493512421848601,-0.027008283883333206,-0.21312613785266876,0.704928227208692
1.543482014917077,-1.3946808576583862,0.03292998671531677,-0.6257836562146234,1.463613030439866,-0.027008283883333206,-0.5596727132797241,0.8712694747820026
0.3315765029060139,-1.3946808576583862,0.03292998671531677,1.5024984504803345,-0.5757806908828157,-1.254657506942749,0.09864131040908852,0.6019045152202064
-0.44437957214922275,0.48162504790372435,0.03292998671531677,-0.8081835350050313,1.3546377147795237,1.2006409168243408,0.1334204226732254,0.4280974801581857
-1.3445871005901489,0.7078531384468079,-1.1866991519927979,0.13268355360305656,0.39252560486154253,1.2006409168243408,1.1730600595474243,0.18805275397627702
1.5830218056562613,-1.3946808576583862,0.03292998671531677,-0.5437660903104584,-1.2107683656020471,-1.254657506942749,0.4799669682979584,0.8421522237746901
-0.6640310661655686,-0.6938362121582031,1.2525591850280762,0.7618962183694693,1.5586057340092327,-0.027008283883333206,1.4853830219119777,0.3943249248921626
1.2021070342025237,1.4086978435516357,0.03292998671531677,-1.722862973884293,-1.7316592473820636,-1.254657506942749,0.1334204226732254,0.8082832687063766
-0.14499493484214146,-1.3946808576583862,0.03292998671531677,-1.3946930721492243,-0.7233770835703853,-0.027008283883333206,-0.6299703670316597,0.3912638042249521
-1.4188687386171264,-0.6938362121582031,-1.1866991519927979,-0.7046739233403863,0.15888732159668414,-1.254657506942749,0.38306542791349385,0.13397465386928734
-0.016522607424246764,-1.3946808576583862,-1.1866991519927979,0.1745945120441108,-1.350390662421387,1.2006409168243408,-0.4606203858900813,0.4497483927328995
0.4042034358956855,0.007008446846157312,-1.1866991519927979,-0.2089011469816151,0.8660984482668921,-1.254657506942749,0.4799669682979584,0.6189707868905746
0.617127985183676,1.4086978435516357,1.2525591850280762,-0.3187643106025886,0.5101358516888422,-1.254657506942749,-0.5596727132797241,0.6887678137728149
-1.154552662939662,1.4086978435516357,-1.1866991519927979,0.5511409770590207,-0.7407124415254303,-0.027008283883333206,1.1730600595474243,0.23330266526114146
0.423063599679089,1.4086978435516357,1.2525591850280762,0.15536327811390493,-0.9337488058588636,-0.027008283883333206,0.8265135288238525,0.6305461771164756
0.8742581159173195,-1.3946808576583862,0.03292998671531677,-0.49213293016959964,0.014191774233085874,-1.254657506942749,0.4799669682979584,0.6998755255459724
1.5217605571086177,0.007008446846157312,1.2525591850280762,-0.4019568476866995,-0.8532579255102793,1.2006409168243408,1.519606590270996,0.8872110087920051
-1.6314361764560132,-0.5316978261679256,-1.1866991519927979,0.8674025559820309,0.06351271679801596,1.2006409168243408,-0.981458286865916,0.11142924078585582
1.4591784510933783,-0.6938362121582031,0.1327305575389917,1.4672057868790083,-1.3234515992592852,1.2006409168243408,-0.5596727132797241,0.8880620256150029
0.8422865069727486,0.007008446846157312,0.03292998671531677,0.69956211237395,1.5029401926296089,1.2006409168243408,-0.9062192440032959,0.7738295918111155
-0.5067783263633245,0.7078531384468079,0.03292998671531677,-0.8003336986552058,-0.9493233427825937,1.2006409168243408,-0.21976022174331178,0.3735407479391781
1.4935574936854725,0.7078531384468079,-1.1866991519927979,-1.5236167585423561,0.018947825428240972,1.2006409168243408,0.8295888301915406,0.8699467030213621
-0.7662643856808887,-0.6938362121582031,-1.1866991519927979,0.49030953251370435,-0.5438398414965251,-0.027008283883333206,-1.3410776214184033,0.3143827704264747
1.0674380228268012,-0.6938362121582031,1.2525591850280762,0.8700888514986572,-0.632228658882297,-1.254657506942749,-0.7379405804610046,0.777799357315472
-1.5901859051997542,-0.6938362121582031,-1.1866991519927979,1.4334636800344984,-0.7905077875003018,1.2006409168243408,0.4799669682979584,0.12262451321752549
-0.26566730899684554,0.7078531384468079,-1.1866991519927979,-0.16964363566187177,-0.7371852571255149,1.2006409168243408,1.519606590270996,0.43168069247355434
-0.10242973211045045,-1.3946808576583862,0.03292998671531677,1.3447967172930384,-0.6102565528300274,-1.254657506942749,1.519606590270996,0.497191769171499
-1.2044793375671927,0.007008446846157312,1.2525591850280762,1.4678281194408447,0.6070800695038493,-1.254657506942749,1.519606590270996,0.24972610091819983
1.5758659398471329,0.007008446846157312,1.2525591850280762,-0.45791538216224253,-1.4857949701942126,-1.254657506942749,1.519606590270996,0.8990907895534263
0.788044303141343,0.007008446846157312,-1.1866991519927979,0.5494462907237493,-0.033929407460036906,-0.027008283883333206,-0.9062192440032959,0.7417107803071112
-0.6215467497533822,1.013206729008894,1.2525591850280762,1.2474536191251695,-0.7233510549530683,-0.027008283883333206,0.4799669682979584,0.3801318989659483
-0.826738190837874,1.4086978435516357,-1.1866991519927979,1.6071735797781466,0.66689892701551,1.2006409168243408,0.8265135288238525,0.3747619504563862
0.4863423976118919,1.4086978435516357,-1.1866991519927979,-0.0716073626247487,-0.8775634891358158,-0.027008283883333206,-0.21312613785266876,0.6496180247427426
1.454401363494649,0.007008446846157312,0.03292998671531677,1.4648086454169826,1.4913467073895805,-0.027008283883333206,1.0684923026408968,0.938363284128887
0.37981900580418965,0.0893017045836826,0.03292998671531677,0.35356084628231343,-1.5779051762736844,1.2006409168243408,0.4799669682979584,0.5432086037877335
1.1028514247654,0.007008446846157312,0.03292998671531677,1.3881199464508696,0.05654374258719295,-1.254657506942749,-1.5993123054504395,0.8469025941354875
-0.6266161082349637,-1.3946808576583862,-1.1866991519927979,-0.2389382271752631,1.4133636767138928,-1.254657506942749,0.012018150471249711,0.34290031518128433
0.864415815212877,-1.3946808576583862,0.03292998671531677,-1.3748014001662914,0.571455792610742,1.2006409168243408,0.1334204226732254,0.681047610432889
-0.3769406574233937,-1.3946808576583862,0.03292998671531677,0.01945280909513865,1.1172452411165457,1.2006409168243408,0.4970543274858361,0.4136460725271184
0.27139502139558513,-1.3946808576583862,-1.1866991519927979,1.1953240647025711,-1.3711368533780555,-1.254657506942749,-1.5993123054504395,0.5782054362251389
-0.5961373842421582,0.39096925394996673,-1.1866991519927979,0.13044779210583718,-0.03618050947992407,-0.027008283883333206,-0.2343889249446754,0.3586482568607761
0.0021276562025768914,-1.3946808576583862,-1.1866991519927979,0.1572818324164455,0.611797920068505,1.2006409168243408,1.519606590270996,0.49350143138726554
-0.3861312147508435,1.4086978435516357,0.03292998671531677,-1.7723276615142822,0.003194286788260031,-1.254657506942749,0.6542279109105437,0.38432630323395667
1.4325415258533067,0.007008446846157312,-1.1866991519927979,1.593426225116369,1.285183521334888,-0.027008283883333206,-0.5596727132797241,0.9139401732099162
-0.9441484226745298,-1.3946808576583862,1.2525591850280762,0.8588950200415759,-1.5537299789333414,-0.027008283883333206,0.5483374054378609,0.2561567526755732
0.1591312922327374,0.007008446846157312,0.03292998671531677,-0.5002592377557175,0.5819061016813375,-0.027008283883333206,-0.5596727132797241,0.5188092032979001
0.9119431684633583,0.7078531384468079,1.2525591850280762,-0.7104002781976192,-0.3037474513371987,-0.027008283883333206,-0.9062192440032959,0.7300719547222198
1.3628878165496279,-1.3946808576583862,-1.1866991519927979,0.033278877347022895,1.6688196207666421,-1.254657506942749,-0.6474730329824281,0.8615135220080529
-0.07600196591359287,-1.3946808576583862,-1.1866991519927979,1.48319976539908,-1.6620951015765324,-0.027008283883333206,0.027883652409140036,0.4719938269216403
0.19256226667541912,0.007008446846157312,-1.1866991519927979,1.1269764085704361,0.9147731340325926,1.2006409168243408,-0.21312613785266876,0.6099416193981725
-0.7400878739421444,0.007008446846157312,1.2525591850280762,0.4392322619770352,1.3409981671820952,1.2006409168243408,-0.5596727132797241,0.38961768807127795
-1.0143497882083607,-0.6938362121582031,0.03292998671531677,0.5606100914882814,0.22640613254521647,1.2006409168243408,1.519606590270996,0.23813874098115004
-0.20096142927671068,-0.3007528234564043,0.03292998671531677,-0.828580475568976,-0.8116292740976937,-0.027008283883333206,-1.5993123054504395,0.4301965207705373
-1.667741571771419,-1.3946808576583862,1.2525591850280762,1.7189881801605225,-1.7375391721725464,1.2006409168243408,1.519606590270996,0.002096008732441448
-1.2288092479791037,-0.6938362121582031,1.2525591850280762,1.296665111195807,1.3086165678919959,-0.027008283883333206,-0.3611447553333895,0.2385058161150772
-0.021419852102344504,1.4086978435516357,1.2525591850280762,-0.8789915941570107,-1.2817655250151803,-0.027008283883333206,0.3752609986213302,0.48448454277518954
-1.0793733475365415,0.007008446846157312,1.2525591850280762,-0.16504800002094472,-0.4381195983492052,1.2006409168243408,-0.07551026153955989,0.22777575258962046
-0.5776818210894527,-0.6938362121582031,0.03292998671531677,-0.1517138691460983,0.4432130229685015,-0.027008283883333206,-0.21312613785266876,0.35286673872332547
-0.21922964814477042,0.7078531384468079,0.03292998671531677,1.2717159456986875,0.8940794067501411,-0.027008283883333206,1.519606590270996,0.5645163657034049
0.3416701148470174,-0.6938362121582031,-1.1866991519927979,0.879433583490684,-1.0065333710389768,-0.027008283883333206,1.519606590270996,0.5709139484874398
0.3921393486306655,-0.6938362121582031,0.03292998671531677,-0.1600601203806765,-1.7275043021444076,-1.254657506942749,0.7405958466473839,0.5026970693887792
0.48764026960440077,-0.9150014248647913,1.2525591850280762,-1.049978998850735,-0.9430743961791017,-1.254657506942749,-1.5993123054504395,0.579566776856332
-0.40077555021046396,-0.6938362121582031,1.2525591850280762,-1.2905761130655806,-0.3851902094415829,1.2006409168243408,1.1730600595474243,0.4019328620200076
1.2138783027858462,0.36214971994747813,0.03292998671531677,-0.7134048004060967,1.3436248317986632,-0.027008283883333206,-0.21312613785266876,0.8233816110342134
-0.1693838594292783,1.4086978435516357,1.2525591850280762,0.47085819992254097,-1.1312360490614837,1.2006409168243408,-0.5596727132797241,0.48991916256212487
0.7722657126061461,-0.6344292837803841,1.2525591850280762,-0.7365805371400295,1.5444617712253836,-1.254657506942749,0.4799669682979584,0.711760896881551
-0.3527554798984204,0.007008446846157312,-1.1866991519927979,-0.13462848846218733,1.502511719236538,1.2006409168243408,1.519606590270996,0.4603465088413994
-1.4683966810310813,0.007008446846157312,0.03292998671531677,-0.021871199120252684,0.9150003046608922,1.2006409168243408,0.7510328163830651,0.1480509045305073
-1.2533481092373016,-1.3946808576583862,-1.1866991519927979,0.9135590797706298,1.1313222549823085,-1.254657506942749,-1.5993123054504395,0.181448610268695
0.6606949990568212,0.007008446846157312,0.03292998671531677,-1.6348753199399217,-1.5344083449639128,-1.254657506942749,-0.5596727132797241,0.6297239808262355
0.7430634700840524,0.007008446846157312,-1.1866991519927979,0.6085727708078531,0.41486012691538693,-1.254657506942749,-0.5596727132797241,0.7239725474165883
-0.19236857826206769,-1.3946808576583862,0.03292998671531677,1.1070915488387405,-0.6849443748933665,1.2006409168243408,-1.5993123054504395,0.4195503003446945
1.708089292330465,-0.0594191254855756,-1.1866991519927979,0.3550401321149357,-0.9783582770967835,1.2006409168243408,-0.13713829626176272,0.9158574481945128
-0.5425455965748385,0.7078531384468079,-1.1866991519927979,1.7023522432666864,-1.532546339426754,-0.027008283883333206,1.519606590270996,0.41406478704035604
1.6870352234673156,0.7078531384468079,-1.1866991519927979,1.556841879302595,0.8968345979096181,1.2006409168243408,0.1334204226732254,1.0
-1.4366786086397743,-0.6938362121582031,1.2525591850280762,1.0088391570588353,1.2655538085038338,-0.027008283883333206,0.3212442647266936,0.1971880277245055
0.5730000004149167,-1.3946808576583862,0.03292998671531677,-1.0078845453000018,0.9606153182577777,1.2006409168243408,0.1334204226732254,0.635726922718199
-1.193201130004503,-1.3946808576583862,0.03292998671531677,0.2989023765780387,-0.7146254716278617,-0.027008283883333206,1.519606590270996,0.16441260062752838
-1.4722020007493393,0.007008446846157312,0.03292998671531677,0.6711910084652366,-1.1352541331686827,-0.027008283883333206,0.1334204226732254,0.13234904810248743
0.5876938893243802,1.4086978435516357,1.2525591850280762,-1.2630172154905377,0.08811053701477892,-0.027008283883333206,0.4799669682979584,0.6421736968379643
0.38681519187317304,-0.6938362121582031,1.2525591850280762,0.8947707988437869,0.9801998817716695,-0.027008283883333206,1.519606590270996,0.61062077618801
0.4413536879416671,1.4086978435516357,-1.1866991519927979,1.2985270648095617,0.40061325328494113,1.2006409168243408,-1.5993123054504395,0.7039234240195313
1.372134168833477,0.7078531384468079,0.03292998671531677,1.7189881801605225,0.4620536503850242,-1.254657506942749,-1.5993123054504395,0.8858469083409604
0.5337592330712593,1.4086978435516357,1.2525591850280762,0.46784643027029876,0.3025069758577125,1.2006409168243408,-0.2718338509562047,0.6537158688037049
0.10080724362926896,0.7078531384468079,-1.1866991519927979,0.650211899886626,0.983294423937323,1.2006409168243408,-0.5596727132797241,0.5796929107399796
0.2664688574731661,1.4086978435516357,1.2525591850280762,1.0516566181395512,-0.4453860754501165,1.2006409168243408,-1.5089280546896153,0.6296077616298218
-1.1620159270245005,1.4086978435516357,0.03292998671531677,-0.7213264441206223,-1.6474732519031055,-0.027008283883333206,0.8265135288238525,0.20357747083073918
1.0708203296853755,0.4798531337047937,1.2525591850280762,0.599720247077889,0.9426570317682516,-1.254657506942749,1.519606590270996,0.7800403815278422
