fixed_acidity,volatile_acidity,citric_acid,residual_sugar,chlorides,free_sulfur_dioxide,total_sulfur_dioxide,density,pH,sulphates,alcohol,target
-1.072648048400879,-1.2691416205025154,0.46884080774392356,-0.8776466846466064,-0.561576247215271,0.48760523491338326,-0.33134593872846085,-1.7636101554885462,-0.7771079540252686,0.09911629562420948,1.0547502040863037,0.6666666865348816
-0.01176275685429573,-0.6785839796066284,0.3745136611939173,-0.8109833002090454,-0.15464581549167633,-0.5072526931762695,-0.20547694781944595,-1.394383103889412,-1.0888515710830688,-1.2607381455990048,1.223405361175537,0.5
0.3662070223516718,0.27063677132535846,0.4857073128223419,2.714813727868434,-0.10038841515779495,1.621537772764176,2.757081056012416,2.003725975899821,-0.7771079540252686,-0.42341551184654236,-1.2099133778427817,0.5
1.327570375270902,-0.9163275957107544,0.7455230443043843,-0.8109833002090454,-0.39880406856536865,-0.28131698057372256,0.4982695537605324,-0.8553181886672974,-1.460622836893877,-0.02271728403866291,0.3801299035549164,0.3333333432674408
1.294478399291749,-0.2625327408313751,-0.21194576407623644,1.245346483902426,-0.6158336400985718,-0.7991961869589417,0.7566179691941505,0.7001644638967727,-0.4510756423704504,-0.6091007426833317,-0.2944904565811157,0.6666666865348816
-0.2938233993265146,0.7429819581163771,-0.5861934582709882,-0.29470734070993526,0.9181760288961173,-0.2825675308704376,1.2056392201970976,0.0017674914484550816,-0.4030156433582306,0.04406575486063957,-0.8847832679748535,0.3333333432674408
-1.148425579071045,0.6595536030493487,0.4857073128223419,-0.7887621521949768,-0.5887049436569214,-0.6034103892753517,-0.7443265418295201,-1.749970673280568,0.7192612886428833,-0.3566324710845947,2.120236382608257,0.6666666865348816
-0.6937604546546936,-1.2173441716566826,1.6752568622916053,-0.8776466846466064,-0.34454667568206787,0.9371323460248615,0.342098900130852,-0.4835052866472635,0.0957741066813469,-0.8241137266159058,-0.8847832679748535,0.3333333432674408
-0.16331779956817627,-0.3814045190811157,0.14594730734825134,1.081341696593014,-0.10038841515779495,0.3688299881051129,0.5867900865097054,0.5620381784838682,-1.5938623462276984,-0.49019855260849,-1.0534383058547974,0.3333333432674408
0.4429023563861847,-0.3644659732031572,0.4857073128223419,0.4477020599206307,0.5976510910601127,0.6515394594446979,0.28603758100929905,0.8313239053357694,-1.3670955559527969,0.8264173227508437,-0.7161281704902649,0.5
-0.16331779956817627,1.7987091994317663,-1.840530312405807,-0.5974255669211003,0.5778680670605363,-0.9958989337021081,-1.528654298225012,0.6949204442568527,1.2073280349290514,0.5069552374386886,-0.5474730730056763,0.5
0.21556980907917023,-0.3814045190811157,-0.2617647051811218,-0.6776565313339233,-0.18177451193332672,-1.104575220598735,-1.5822225962800254,0.1259235373364437,-0.008625540914659797,0.27066857723398813,-0.46314552426338196,0.5
1.4272134733134074,1.379137084954682,-0.5335727334022522,-0.6554354429244995,0.711505583744543,-1.349821925163269,-1.718382256562677,0.994932433689498,0.033425383269786835,-0.3566324710845947,-0.08329784988928048,0.3333333432674408
-0.2390953153371811,-0.024789171293377876,1.1652272939682007,1.3052031461351326,-0.6176454721712377,0.662533403812031,1.479743652230528,1.028210120963932,-0.34066691994667053,-0.0895003229379654,-1.306420922279358,0.5
-0.3148728311061859,-1.1238929745751023,0.6895633339881897,-0.8776466846466064,-0.3174179792404175,-0.8442803621292114,-0.933733131449277,-1.3340016793198988,-0.079539389798227,-0.49019855260849,0.9245668812301429,0.6666666865348816
-0.8453154563903809,-0.5002763271331787,0.6216112971305847,0.5021969327790632,-0.15464581549167633,0.7846868634223938,0.04291893582677596,-0.03153553032920335,-1.5930211265820153,-0.6366607352257994,-0.9691107869148254,0.5
-0.6937604546546936,-0.7380198836326599,-0.10717076303808719,0.4371651600484531,-0.45241188049076847,-0.9904527598936922,0.6166262241247161,-0.5496823361585925,0.8602260313500821,0.5857480786819611,0.7261475760901752,0.6666666865348816
-0.5422053933143616,-0.4408404231071472,-0.397668719291687,-0.7887621521949768,-0.8736407067868934,0.05446016043424606,-0.36279971184547427,-1.3275066085486518,0.0957741066813469,-0.8241137266159058,0.4644574522972107,0.5
0.1959674750209004,-0.5597122311592102,-0.17689697139894794,0.7654800116716527,-0.4698621312471736,-0.25752250606452176,-0.2994158549988937,-0.5460684509665652,-1.4005951881408691,-0.49019855260849,1.1706413679575847,0.5
-0.5576989334880726,0.39141560149727955,-1.7258216834953408,-0.6554354429244995,-0.040344807901610644,-0.7075979462173343,-0.7789746927865027,0.7933565779232016,0.9686561822891235,0.17763182520866394,-1.0449066520843302,0.5
4.206208579368057,-0.20309685170650482,2.3336739756302447,-0.4540046311623498,0.6321964512970746,-1.349821925163269,-1.6257719292946757,1.964390825735522,-1.4005951881408691,1.6401837148746916,-0.2101629078388214,0.5
0.5186799168586731,-0.3219686448574066,0.5873844938205516,-0.454021477421881,-0.8865268119767762,0.6149581747355508,-0.08255303812813428,-1.388999873451865,-1.798251247782397,0.4447639584541321,1.7265544070521974,0.5
6.353549003601074,-1.0351994037628174,9.11561107635498,-0.9887523055076599,-1.2940510511398315,14.546651840209961,5.739711284637451,5.3161420822143555,4.896625518798828,9.794388771057129,3.078611373901367,0.0
0.29134732484817505,-0.9757634997367859,0.9103439566543476,2.6142965105975264,-0.561576247215271,-0.45108139514923096,-0.10577493347466732,1.2106023213999395,-1.4967836948278679,0.04406575486063957,-0.8004556894302368,0.5
-0.74506958071267,-0.4408404231071472,-0.12586070597171783,-0.3004727039338022,-0.18177451193332672,1.7023746180868191,2.0588729928637477,-0.32069724295332463,-0.2159694880247116,0.4447639584541321,-0.9691107869148254,0.3333333432674408
0.1397922784090042,-0.5002763271331787,-0.12586070597171783,-0.6109932065010071,-0.7243484258651733,1.783198347732771,0.6262420922656735,-0.9765017886189374,-0.4030156433582306,-0.848344363804636,0.611118664504932,0.3333333432674408
1.7213997790100328,1.9727308538368071,-1.428177428250688,-0.6998776793479919,0.8948881811177293,-0.731937825679779,-1.0779857673076425,1.329114357035158,-0.5277130603790283,0.7943049063394492,-1.234817042687653,0.5
-0.6813143058418991,0.44606500264725496,-0.12586070597171783,-0.4998951563166332,-0.39880406856536865,-0.8211128607986775,0.0012474793406184845,-1.305572544446607,-0.2783181965351105,-1.0244628190994263,1.0622521085097874,0.5
-0.3148728311061859,2.4935463982267474,-0.9850355489330369,-0.7220988273620605,-0.04613102599978447,-1.4059932231903076,-1.8231505674673572,0.6073462786097367,4.198210238089458,-0.02271728403866291,0.9704226851463318,0.3333333432674408
0.29134732484817505,1.9428997664642451,-1.6194603657086655,-0.6109932065010071,0.8483612215281159,-0.9566229581832886,-1.4103677195233804,0.7238131183375359,1.1557023525238037,0.4447639584541321,-0.46314552426338196,0.5
-0.2390953153371811,-1.094635248184204,0.10827966860358731,-0.833204448223114,-0.3174179792404175,0.5600017309188843,0.8643217163056679,-0.9356903366678039,0.4466690880651636,-0.5578298674919745,0.32147517418055677,0.3333333432674408
0.6510058725098624,1.735699299981273,0.010043300688266754,-0.5887720584869385,1.320565715681251,-0.6336028104983473,-0.944373887223996,1.321282575020041,1.366055178411903,0.7786791324615479,-1.137765884399414,0.3333333432674408
0.1397922784090042,-0.5597122311592102,0.14594730734825134,-0.8109833002090454,-0.5682888766812899,0.16680273413658142,0.7814595560555202,-0.4057689368719804,-0.2159694880247116,-0.890896737575531,-0.1258353590965271,0.5
0.9121804546334138,0.33182618021965027,2.096640774090548,1.3283511544201618,-0.9272990564782174,-0.3949100971221924,0.44236936500399937,0.14281267096239708,-0.9292250705130425,-0.22306638956069946,1.297250203122261,0.6666666865348816
-0.6179829239845276,-0.5002763271331787,0.010043300688266754,0.6841077409563652,-0.5887049436569214,-0.0578824058175087,1.6013314905247804,-0.45146488794162004,-0.6524105072021484,-0.6008650782101931,0.12714727222919464,0.5
5.9050852242879115,0.39324394889775627,1.836512607779505,-0.5309289615506868,0.7712256758460688,-1.4783989614616635,-1.8087482838585456,2.8580453581289547,-0.6383705536683145,0.6451131105422974,-0.37881800532341003,0.3333333432674408
-0.3148728311061859,-0.6379075959223032,-0.05790869891643524,0.9988097539437572,-0.30395302898334264,1.1217145919799805,0.5992090940082816,0.6954102868915899,-0.4030156433582306,-0.6237646341323853,-1.306420922279358,0.3333333432674408
-0.3148728311061859,0.03464672341942787,-1.1973185754105296,-0.5451231456945198,0.8271083756156844,-0.731937825679779,-0.8087109851055562,0.08903258470724482,-0.6524105072021484,0.24441486597061157,-1.306420922279358,0.3333333432674408
6.353549003601074,7.318528687177954,9.11561107635498,1.0784836042626527,2.936874123362264,-1.630678415298462,-1.9040092728944502,5.3161420822143555,-3.1463592052459717,9.79427999752388,0.15715221690864048,0.6666666865348816
0.06401476263999939,-0.024789171293377876,-0.6709943011141822,-0.5232786731751063,0.33891590286761314,-1.182351013833449,-1.704292506916609,0.26647885176135444,0.6782023638434468,0.145033603397451,-0.46314552426338196,0.5
-0.3148728311061859,0.3782748611275922,0.4857073128223419,-0.8554255366325378,-0.4904450015858982,-1.2335035718028364,0.7832355952557642,-0.9206128004826362,-0.46536436676979065,-1.1580289602279663,0.3801299035549164,0.1666666716337204
-1.856686665602263,0.47799212600276403,-1.4372565336639667,0.2613130411286672,-0.5887049436569214,0.16059862458984914,0.7361338846780517,-0.10105402525782259,2.5890385504121403,-0.703799675013917,0.5222853883101374,0.5
-0.9968705177307129,-0.9757634997367859,-0.13175460195528527,-0.9131700770703787,-0.7786058187484741,-0.03756366969214803,-0.4036571304820596,-1.4398462709244266,0.7192612886428833,-1.1357480483439324,0.7174400687217712,0.6666666865348816
-1.072648048400879,-0.1016265791563081,-0.4656206965446472,-0.5887720584869385,-0.7786058187484741,-0.4852652462382,-0.2713992171300274,-1.519348992683769,0.7846102497308138,-0.957679808139801,1.3757062666665227,0.8333333134651184
0.1397922784090042,1.5608206390014152,-1.860181469322042,-0.8109833002090454,2.3261702529921946,-1.4059932231903076,-1.7154050910849505,0.692224191243033,-0.17119647239142155,2.1465045951943633,-1.0872891996002596,0.5
-0.39065036177635193,0.1434629840544529,-1.358551310720413,0.7888298074462249,0.7279488091177445,-0.22639626264572144,-0.09711499844245049,0.24954442044939082,-0.5310089585353129,-0.957679808139801,-0.8847832679748535,0.3333333432674408
-0.3148728311061859,1.8301205122375406,-2.1443208523939785,-0.7491936983629487,0.5395320068757654,1.71246803526495,-0.8572528131376264,-0.23325727965357923,2.1184187178531464,0.7118961215019226,1.3435543666053542,0.5
2.736486313855294,-0.45712405905552567,1.2395742435479193,-0.883627342277827,-0.5737976331878395,-1.349821925163269,-1.1515731969050058,0.2753799860972925,-1.7432516679952872,-1.0912458896636963,-0.1258353590965271,0.1666666716337204
-0.9968705177307129,0.9516607133496098,-1.8294879260662742,-0.5665509104728699,0.5778290033340454,-1.1813081502914429,-1.3686145870985322,0.02066130674040471,1.5789404083195278,-0.2898494303226471,0.12714727222919464,0.3333333432674408
-0.6179829239845276,0.39274517206979775,-0.4656206965446472,2.0137980986594637,-0.5344475507736206,-0.3387388288974762,0.6563879120060494,0.9608099109306655,-0.24830670218154785,0.4123608324504331,-0.8847832679748535,0.5
0.1397922784090042,-0.6191481351852417,-0.12586070597171783,1.0802602395029433,-0.42593276500701904,-0.6195952296257019,0.35264717130272377,0.33349211919790206,-1.1165212205191515,0.5115470290184021,0.4644574522972107,0.3333333432674408
-0.2390953153371811,-0.2625327408313751,0.8254672884941101,-0.7220988273620605,-0.8181109858104877,-1.1251368522644043,-0.49248129570425025,-1.335434598309315,-0.7802373624510911,-1.0912458896636963,0.72847355996554,0.3333333432674408
-0.01176275685429573,-0.7974557876586914,0.5536593198776245,-0.687184589793499,-0.2631605863571167,0.16680273413658142,0.8298180489380609,-0.1909727920507552,0.5028091240340621,-0.05054341846676232,-0.5474730730056763,0.6666666865348816
1.0474999220300767,1.293248289352128,-1.9194405391776972,-0.6332142949104309,0.6003210471318465,-0.6314755147399668,-0.9826915845874945,0.3185637069465357,0.16400698997875623,-0.42341551184654236,-0.2101629078388214,0.5
-0.16331779956817627,-0.9163275957107544,0.07799530029296875,0.25696893056855263,-0.2360319048166275,-0.0578824058175087,-0.3465195885849541,0.5909626999310227,0.7192612886428833,-1.0244628190994263,-0.8847832679748535,0.5
-0.6937604546546936,-0.024789171293377876,0.8254672884941101,-0.6554354429244995,-0.5344475507736206,0.8079313260644488,0.06841536226075542,-1.843674469508356,0.3400052728149897,-0.6237646341323853,2.4002955124943903,0.5
1.812624703299318,1.6315383542224602,0.21389929950237274,-0.6332142949104309,-0.10038841515779495,-1.3464767349946638,-1.7197532369301616,1.0105981780079152,-0.028923334553837776,0.4178677511024144,-0.2944904565811157,0.3333333432674408
0.4429023563861847,1.6128742256247472,-0.8040959945059436,-0.6776565313339233,0.8768809403385298,-1.1251368522644043,-0.41327508070056856,0.8781477296101272,0.029554763903698565,1.7591485002267733,-1.137765884399414,0.5
0.7460124492645264,-0.9757634997367859,-0.08910811911836525,0.1603241699564866,-0.8560250011685672,-0.5634239912033081,-0.2623194976889362,-0.1638400633545854,-1.7243934475037987,-0.957679808139801,-0.2944904565811157,0.3333333432674408
-0.08754027634859085,-1.228303149782359,-0.5335727334022522,-0.8109833002090454,-0.03818580793908799,-0.2825675308704376,0.9142162421997785,-0.5206755221567672,0.9468250470360781,-0.2898494303226471,-0.1258353590965271,0.6666666865348816
-0.742121962618591,-0.6191481351852417,-1.2718371730006546,1.0530845622760803,-0.2360319048166275,0.5600017309188843,-0.16550968359851065,0.5103003632564479,-0.6524105072021484,-0.8241137266159058,-1.0534383058547974,0.3333333432674408
-0.01176275685429573,-0.35645478698401434,0.5536593198776245,2.2931884117562267,-0.07325971871614456,1.2893904370821296,1.0531998988038316,1.345727044877416,0.9751263524231347,-0.7418253418746084,-0.2944904565811157,0.5
-0.7695379853248596,-0.5597122311592102,-0.029465849995691486,1.3929572247268134,-0.2631605863571167,0.11063144356012344,0.9465472185407403,0.5346941268610451,-0.15362077951431274,1.0694635282916467,-0.4049050266206344,0.3333333432674408
0.06401476263999939,0.27239030599594116,-0.19381269812583923,0.09251645881895648,-0.740089113775118,-0.5072526931762695,-0.9571371961718957,-1.3188675350458126,-1.1842260067238037,-0.890896737575531,1.327206667807269,0.5
0.4429023563861847,-0.4408404231071472,-0.2617647051811218,-0.6998776793479919,-0.150515102026001,-1.3404595126714662,-1.792941859449879,0.30145019919813293,0.7093852956863711,0.6928817895137286,-0.8004556894302368,0.5
0.29134732484817505,-0.08422506600618362,-0.05790869891643524,1.609116456072884,-0.5073188543319702,1.255116615431047,1.346803890202561,0.9444902147755142,-0.5900617837905884,-0.9962029935585425,-0.8004556894302368,0.6666666865348816
1.0197635814546342,2.882604365849314,-0.19381269812583923,-0.11074571746985684,1.7095557195195192,-0.6195952296257019,0.12233124337375698,1.2820099010282275,-0.19410391666910276,0.37798094749450684,-0.9691107869148254,0.3333333432674408
-0.6179829239845276,0.1829356280792709,0.8254672884941101,-0.6998776793479919,1.1510178167499336,0.691187592360493,1.1816823776468817,0.075868344043033,-0.028923334553837776,-0.49746223176001386,-0.9691107869148254,0.3333333432674408
-0.08754027634859085,-0.3219686448574066,-1.2119365566114626,-0.8722832300291224,-0.37167537212371826,0.13946451315479724,0.09167858344300263,-0.521975312875184,0.47375819078461684,-0.6905476450920105,-0.46314552426338196,0.3333333432674408
-0.46642789244651794,0.13986171090372,-0.397668719291687,-0.11004097950708734,-0.8717590876275889,-0.7116048429930736,0.09870252825312754,-1.0712835035652666,1.3427485227584839,1.3561476251644369,2.3478709024246576,0.5
-0.6179829239845276,1.4791898064781428,2.063171698840416,0.7468345664513174,-0.2089032083749771,0.5932380993140354,1.3199553880520296,0.6907359710287456,-0.34066691994667053,-0.22306638956069946,-1.525772276863952,0.3333333432674408
-0.6179829239845276,-0.14366096258163452,-0.3297167122364044,-0.8448460433515431,-0.6158336400985718,0.5645732192447507,0.6587377736335942,-1.5484230026386239,-0.2783181965351105,-1.4133239144894425,0.7828133642822263,0.5
0.21556980907917023,1.538188761253694,-1.075063295930276,-0.6776565313339233,4.8760030701930095,-0.90045166015625,-0.8326235874625403,0.8746909571150651,-0.34066691994667053,1.614019336408617,-0.631800651550293,0.3333333432674408
0.7460124492645264,-0.3720540202045143,0.4857073128223419,1.1074855642031167,-0.5344475507736206,-0.5872600016713037,1.100516817242901,1.0478446125039422,-1.7833116255869512,-0.2898494303226471,-1.4607462287729953,0.3333333432674408
-0.7695379853248596,-0.8568916916847229,0.14594730734825134,-0.7220988273620605,0.5918351016490928,0.6587298299367803,0.4328249096094751,-0.45922734498111006,0.7192612886428833,-0.6905476450920105,-0.9691107869148254,0.5
0.29134732484817505,-1.094635248184204,0.21389929950237274,-0.6210964683885798,-0.45306146144866943,1.2417119199335123,0.0474279297195844,-0.8284469194329349,-0.34066691994667053,1.329161318371463,0.9704226851463318,0.6666666865348816
6.353549003601074,7.342168464339384,9.11561107635498,-0.9887523055076599,-1.2940510511398315,14.546651840209961,5.739711284637451,5.315490874976739,4.896625518798828,9.794388771057129,3.078611373901367,0.0
1.0373937088017204,2.295654403182671,-2.0527029126058367,-0.5887720584869385,0.3619056790328987,-1.1217401683983586,-1.499618052224842,1.3794565686627194,1.6066023093404997,0.5115470290184021,-0.8654809070529683,0.3333333432674408
1.5045880925519635,0.5101338624954224,-0.12586070597171783,-0.44105577191717843,1.0454542988804185,-1.430194723521395,-1.6365000395535658,1.222850751319984,-0.15362077951431274,1.640027088804681,0.12714727222919464,0.5
3.4072031742920386,-0.3219686448574066,0.6895633339881897,-0.6332142949104309,0.29192657977870246,0.7846868634223938,-0.8058654221251778,0.9554477411665285,0.3012587813362053,3.012725824763002,1.1390777826309204,0.6666666865348816
-0.6179829239845276,-0.6902547844868334,-0.397668719291687,2.9556776563034255,-0.37167537212371826,1.290028987689844,0.3869558676950718,1.3611573909299668,-1.4005951881408691,-1.0244628190994263,-1.121427338488218,0.5
1.558670390211183,-0.3814045190811157,1.5867551989391,-0.7887621521949768,-0.2631605863571167,0.28930799947641045,0.11889065459856393,0.10964136550061156,-1.5293759509801375,-0.49019855260849,-0.46314552426338196,0.5
0.21556980907917023,-0.08422506600618362,0.010043300688266754,-0.7220988273620605,0.5435762925989543,-0.0578824058175087,-1.3842419560694768,0.8983207941055298,1.6149664170943872,0.7706358831319057,-0.5400405052123244,0.3333333432674408
1.3951720390039555,0.6804055813264472,0.4177553057670593,-0.5310208717049272,0.22995813607916993,-1.2584530908703582,-1.4769457476272698,0.7516066326032042,0.8844046806361424,1.4097720777271359,0.4644574522972107,0.5
1.173855833582265,-0.4408404231071472,0.21389929950237274,-0.8554255366325378,-0.4801901578903198,-0.8203646145363744,0.2665836519272288,-0.24060383464973184,-0.7771079540252686,0.02686133911672397,-0.2013622015602385,0.5
1.649101395555643,-0.6785839796066284,1.504235132668838,1.7622499492783217,0.032825499871616454,1.2124394239604515,1.304228435526743,1.9153598935595684,0.15812282264232635,1.1530082111613937,-0.8847832679748535,0.3333333432674408
-0.8453154563903809,0.21295440196990967,-0.3297167122364044,0.04396684940285354,-0.5073188543319702,-0.07400533372946415,-0.30981241195554715,-0.9072313226307613,-0.4460321931673897,-0.3566324710845947,0.3801299035549164,0.5
0.06401476263999939,0.09408261626958847,-0.397668719291687,-0.1163220454183915,-0.561576247215271,0.8897179843812373,0.4493608679080473,-1.3836441070123164,-0.6927743245406048,-0.9335228160902257,1.675243131120263,0.6666666865348816
0.06401476263999939,-0.9757634997367859,2.605713074686783,1.4331388441631243,-0.39880406856536865,2.062187742522147,0.9560531893717222,0.9846655475949738,-1.574287342359774,-1.337728466749879,-1.2220934629440308,0.3333333432674408
-0.46642789244651794,0.9082150013668392,-0.19381269812583923,0.712199979047382,0.008803200380370217,1.2888869912642174,2.1492540437732743,0.49383567720282484,0.4075177013874054,0.6451131105422974,-0.8847832679748535,0.3333333432674408
2.245337289826108,1.9077623406593194,-0.19048899594637692,-0.6554354429244995,0.9931058076851831,-1.2886431270169696,-1.7037669124791288,0.7511885079704016,-1.4005951881408691,-0.12473961983790578,0.21147480607032776,0.5
-0.08754027634859085,0.25402550556551307,1.5264390896659445,3.895222745313707,0.19527893015803888,1.0029572688240993,1.85874326381079,2.1055134503897723,-0.7423548077780603,0.27469565939848567,-1.466364781932377,0.3333333432674408
-0.9210929870605469,-1.094635248184204,-0.3297167122364044,-0.8776466846466064,-0.2089032083749771,0.08136529415627575,-0.12316418445392299,-0.6284521453825708,1.9274177757404265,-0.22306638956069946,-0.041507821530103683,0.5
-0.8453154563903809,0.21295440196990967,-1.5397938896567878,1.186960023452839,-0.2631605863571167,-0.8286820367039477,0.117776542256853,0.5266681621325557,0.9489168787402708,0.04406575486063957,-0.37881800532341003,0.3333333432674408
-0.3148728311061859,-0.7974557876586914,-0.18111282684824734,-0.8776466846466064,-0.39880406856536865,0.5788762129117997,-0.3017748705063765,-0.6174534373299094,-1.0080256115387047,-0.42341551184654236,-1.2220934629440308,0.5
3.4513483256987203,1.3684691661987987,0.9998132377004795,-0.6109932065010071,3.069571386043486,-0.731937825679779,-1.6372429537558928,1.6498470667289478,-0.5277130603790283,0.9790282845497131,-0.6035906870998768,0.5
-0.08754027634859085,-1.0596988299367818,0.5536593198776245,-0.8202281877426514,-0.41645264204926,0.6723442673683167,-0.17602179701021428,-1.67583648534021,-0.544619506795991,-1.074325403197216,1.9498240646029301,0.6666666865348816
-0.6937604546546936,-0.5597122311592102,0.6216112971305847,-0.833204448223114,-0.19473027608265903,-0.5732617277765777,1.254857133819305,-0.49160139229674543,-0.3328925728485759,0.1108487918972969,-0.7235725493303586,0.3333333432674408
-0.36920232678047765,-1.213507056236267,-0.05254539771704621,2.168230194634411,-0.3773941599523279,0.44574359057592944,-0.41091933174370143,0.6085161806576207,-0.5900617837905884,-0.886545007693051,-0.631800651550293,0.5
-0.2390953153371811,1.1351010276588456,-0.5335727334022522,-0.7220988273620605,0.802530620758695,-0.9978631995608075,-1.5546237681433488,-0.48616557039715064,0.4109505805163199,-0.15628336369991302,1.223405361175537,0.3333333432674408
2.787613669325689,1.930297331605588,0.010043300688266754,-0.30519918712847366,0.9127716950400203,-0.4087056246709981,-0.3703043605250903,1.5581336225943339,-1.0888515710830688,0.04406575486063957,-0.9749318878959656,0.3333333432674408
-0.2390953153371811,-0.08422506600618362,-0.03283739205960336,0.35442759411549474,-0.39880406856536865,-0.0578824058175087,-0.28008390449487974,-1.3705859340752604,-1.6711796434756347,0.6451131105422974,1.8043606057162374,0.5
2.671414303633768,0.15351851284503937,0.4177553057670593,-0.6776565313339233,1.135572271729464,-0.9855137339395629,-1.6049506193516538,0.6282982618723049,0.14312204384248367,0.6451131105422974,1.549003028006358,0.6666666865348816
-0.2390953153371811,0.6240860309026764,0.4177553057670593,-0.6109932065010071,0.7768209175673998,-0.22639626264572144,-0.6145530735323711,0.6984604266865316,0.7816100120544434,0.17763182520866394,-0.46314552426338196,0.5
-0.20709178033816755,-0.06827059435804404,-0.12586070597171783,0.8632737725700231,-0.3534243229067921,0.8697765969731527,2.1682376660318203,1.0199419881672143,0.761846403115699,-0.4411686478363678,-1.0534383058547974,0.3333333432674408
-1.259378204082985,-1.2547736512310916,-0.05790869891643524,-0.6998776793479919,-0.5898340020891699,0.6999218406363519,-0.19474439637905455,-1.1199133648931012,0.9753187613578254,-0.02271728403866291,-0.021677565763278107,0.5
-0.5422053933143616,-1.31138703018191,-0.12586070597171783,-0.5410988150570358,-0.561576247215271,-0.5072526931762695,-0.2140218286371986,-0.9119696714623186,0.7475764509143943,-1.1580289602279663,0.21147480607032776,0.5
0.8242668252841711,-0.2625327408313751,0.14594730734825134,-0.422443868692319,0.6144436623161199,-0.00869799153094528,-0.49394173891770343,0.8983207941055298,0.5322151184082031,0.5004795349323155,-0.37881800532341003,0.5
-0.7695379853248596,-0.7880848813865351,-0.2738733237448854,-0.7887621521949768,-0.6158336400985718,-0.8442803621292114,-0.09812808202844468,-1.0074770507265758,0.9182868570140426,-0.890896737575531,0.29580235481262207,0.5
-0.39065036177635193,-0.2625327408313751,0.21389929950237274,0.6079547170360196,-0.6429623365402222,0.3144875878867159,0.38157918173276917,-0.31705335063807966,0.0024114463864475313,-0.49019855260849,0.8031015118915019,0.6666666865348816
1.1617265137426005,0.15351851284503937,0.5816742309861587,-0.6998776793479919,0.06675526215665166,-1.1813081502914429,-1.7219773162173313,0.7057977607979331,-0.028923334553837776,0.17763182520866394,0.3801299035549164,0.5
-0.6937604546546936,-0.5597122311592102,-0.4656206965446472,-0.7443199157714844,-0.4801901578903198,0.3316390104563583,0.03911188435925447,-0.6114298020666152,1.521926379172881,0.9008643650307822,-0.1258353590965271,0.5
-0.6444656349830911,0.34047491682520914,-1.4545695071784333,-0.8554255366325378,-0.3174179792404175,-0.731937825679779,-1.3746294366141056,-1.0058006122132421,0.3958197755452381,0.37798094749450684,0.6331125497817993,0.3333333432674408
0.5979862970950238,0.8546996018374917,0.34980329871177673,-0.6334046382387978,0.8467744659348141,-1.0127942562103271,-1.5336193970331151,0.48039935523023847,0.7192612886428833,0.3111979067325592,-0.7050339833282571,0.5
-1.072648048400879,-1.1366717994090647,0.8254672884941101,1.4320863984182273,-0.5344475507736206,1.0712037104422771,-0.18715280609164758,0.16522995178490435,-1.6336465369273734,-0.890896737575531,-0.5474730730056763,0.5
3.2437616326595293,1.0821207028214652,2.0952814881902473,-0.2456452529874525,0.6559429624342036,-1.3083974989619092,-1.562219027898051,1.8253157821787993,-0.2159694880247116,2.406157466618422,-0.2944904565811157,0.5
0.06401476263999939,0.2741594791285036,-1.106217044022932,-0.07654078220511355,-0.34454667568206787,0.39148786664009094,0.3351354106099971,0.14109152913908501,-0.15362077951431274,-0.6905476450920105,-0.6147710305057594,0.5
-0.6937604546546936,1.5714053669046069,-1.5353515496090717,-0.7220988273620605,0.2266405407057766,0.6723442673683167,0.3002850503171616,0.6134573614552232,1.939856566943951,0.8283971250169626,-0.631800651550293,0.3333333432674408
-0.5380021432295212,-1.0784886204705992,-0.2652059641192732,-0.8940201845960328,-0.5344475507736206,0.2791453003883362,-0.20866536942896854,-1.5962938957779376,-0.7771079540252686,0.37798094749450684,0.9272331756600977,0.5
0.21556980907917023,0.10410827585323314,0.8254672884941101,-0.13262799906732878,-0.79181720595242,-1.0127942562103271,-0.25330200904801004,-0.0932760349270432,-0.7233923525543784,0.4447639584541321,1.5607155561447144,0.00026994135217331275
-0.3148728311061859,-0.28768040102645326,-0.12586070597171783,-0.766541063785553,-0.7786058187484741,-0.17022497951984406,0.18382034799647162,-1.600241161587505,-1.4005951881408691,0.04406575486063957,1.1612568289280667,0.5
-0.2390953153371811,-1.3050671270180985,0.0029260553502761383,-0.8554255366325378,-0.23148366352630975,1.2902033894096965,1.3125665068206478,-0.47096909132617565,0.46986642479896545,-0.15628336369991302,-0.548554240631398,0.6666666865348816
-0.9968705177307129,-0.5597122311592102,-1.004112497257926,-0.2800804470729414,-0.37167537212371826,1.1044798674022724,1.7751742510230684,-0.18102515631697705,-0.05956457996283537,-0.702289116179881,-1.3901372965756633,0.3333333432674408
0.8217899799346924,0.01086556241582193,0.07799530029296875,1.2467459931457612,-0.42593276500701904,0.2791453003883362,-0.01105455300851877,0.8528781073884509,-0.46536436676979065,-0.35195723686093766,0.5245688347378525,0.3333333432674408
-0.43863346826163524,-0.9163275957107544,0.21389929950237274,-0.8109833002090454,-0.5887049436569214,0.33531656861305237,-0.11014811972194141,-0.8733192302019326,0.7454506775224506,-0.41697881681632354,0.29580235481262207,0.5
0.7987286599366815,0.5101338624954224,2.575550506392111,0.043015881787592136,1.9680673047439403,1.6262110475340172,0.3116994313893282,1.165020153969355,-1.151200294494629,0.46344471172563184,-1.2304456485501878,0.3333333432674408
-0.5455738606361203,-1.150720951680396,0.46903318690227364,-0.41964203277428724,-0.525374703394513,1.5276738911886798,0.9713525796073426,-0.7826379259791589,0.34516897797584534,0.9122452139854431,0.6766927090386889,0.6666666865348816
1.0540527487648517,1.5236885323565539,0.4177553057670593,-0.5665509104728699,0.6209587185536918,-1.3438724315246529,-1.2608073117578762,1.033216118812561,0.033425383269786835,0.37798094749450684,-0.631800651550293,0.3333333432674408
-1.4031327100610096,-1.1241187996803532,-1.0961385712892802,0.9107328846340106,-0.561576247215271,-0.2825675308704376,-0.1011921324297605,0.6964767216618682,1.113590525120704,-0.6237646341323853,-1.476548886143824,0.3333333432674408
-0.39065036177635193,-0.7101981716871979,0.34980329871177673,1.9862675288324323,-0.10895763130727665,0.7053021714377825,0.09407599176909306,0.833430114204571,-2.11001915704198,-0.7670966671576678,-0.7161281704902649,0.6666666865348816
0.21556980907917023,1.8781368392844588,-2.1644208431243896,-0.6776565313339233,0.513436127086353,-1.349821925163269,-1.7488773048718043,0.5615185466582615,0.42656365285663994,-0.2898494303226471,-0.631800651550293,0.3333333432674408
-0.08754027634859085,-0.7380198836326599,1.254985285875666,0.9643775070661635,-0.4801901578903198,1.7197312845659483,1.7843882475831636,0.5888695782581751,-1.0888515710830688,-0.6905476450920105,-1.137765884399414,0.3333333432674408
-0.39065036177635193,-1.1350510336068695,0.34980329871177673,-0.9349267967010858,-0.45306146144866943,0.16680273413658142,-0.6401958852206616,-1.2251514239361474,1.5492031441623026,-0.15628336369991302,1.223405361175537,0.6666666865348816
-0.7695379853248596,0.13852197189088758,-0.8053807020187378,0.27160076085502677,-0.7786058187484741,0.6348571995681267,0.21442689704043427,-0.6863531072717636,0.9063074588775635,0.5115470290184021,0.4644574522972107,0.6666666865348816
0.06401476263999939,-0.3219686448574066,0.14594730734825134,-0.10505614055175086,-0.5887049436569214,0.09771039357549635,0.18070434659520868,-1.214078744041544,-1.9454260271311905,-1.5986259042861934,0.8919039747386209,0.5
0.06401476263999939,1.872205242230171,-1.9219920638185375,-0.6109932065010071,0.935876012191034,-1.0916248653667875,-1.572638866276589,0.5640843789326361,0.7816100120544434,-0.0895003229379654,-0.041507821530103683,0.5
-0.007062722279602784,1.9391926849236936,-0.12586070597171783,-0.6998776793479919,2.0804113384607246,-0.2083423926839826,-0.31289643216611956,0.2892407686900379,-0.46536436676979065,-1.1580289602279663,-1.306420922279358,0.1666666716337204
0.29134732484817505,-0.7380198836326599,1.1041828227633688,-0.8351840043628439,-0.7102132657643945,0.7968020772138094,0.020135676246456402,-1.0483881584300438,0.4075177013874054,0.3111979067325592,1.0547502040863037,0.8333333134651184
-0.3148728311061859,0.23370918056730253,-0.08180401294102524,-0.6776565313339233,-0.6962200275577999,0.19483493551277045,0.24757314390395516,-1.3049274059633582,0.34516897797584534,-0.890896737575531,0.9704226851463318,0.8333333134651184
1.1496979976387374,-1.094635248184204,0.34980329871177673,-0.5665509104728699,-0.561576247215271,0.19634173711652825,0.3823724588805156,-0.1999907233749022,-0.6543853779947769,-0.23436316981610553,-0.21266550079823782,0.5
-0.6179829239845276,-0.01621140728703472,-0.397668719291687,-0.7220988273620605,-0.3174179792404175,-0.9566229581832886,-0.6804792436818287,-0.7061083050766767,1.43843596803687,0.7835101510612409,0.5487849712371826,0.3333333432674408
-0.12869325772569137,-0.08660618246543864,1.167560422669795,1.8737734357106481,-0.2631605863571167,-0.11405368894338608,1.5657720686219867,1.444861329913149,-1.8498251602754645,-0.22306638956069946,-2.1111854048946235,0.5
-0.9968705177307129,0.33182618021965027,1.1652272939682007,-0.8554255366325378,0.6793841198730171,-0.22639626264572144,1.4679348619409516,-0.43313925412823884,0.5122216470180722,0.6451131105422974,-1.137765884399414,0.3333333432674408
1.1237960564660932,-1.1896904268637962,0.719924441335128,-0.49914476404916536,-0.45306146144866943,0.5600017309188843,-0.17884043886893916,-0.5878631227189164,-1.4821296044966175,-0.3566324710845947,0.21147480607032776,0.6666666865348816
-0.9210929870605469,-0.5002763271331787,-0.941284716129303,-0.7115048688727017,-0.5073188543319702,1.3762999718056268,0.7570571612250724,-0.7766997259792118,1.8249440940900263,0.13501315019628135,0.5487849712371826,0.6666666865348816
-0.01176275685429573,-0.8568916916847229,0.09778567274443958,-0.7220988273620605,-0.5421824658826557,-0.22639626264572144,-0.17427144865400396,0.08895468629956105,0.41028337520676506,1.5573765431030737,-0.46314552426338196,0.6666666865348816
-0.20507759885751062,-0.6191481351852417,0.7187347180599483,1.2994757504239298,-0.15399315176881775,1.464410000699429,1.4849448658752926,1.033216118812561,-1.7842065963355735,-0.2898494303226471,-1.306420922279358,0.6059048005383519
0.06401476263999939,0.15863005043786219,2.620445818456128,1.6293869186822874,-0.2360319048166275,-0.3387388288974762,0.348216197020301,1.162660340463586,0.030272584152067128,0.4447639584541321,-0.631800651550293,0.5
0.1397922784090042,-0.011294817128317659,1.3493434329236635,1.0933668317075258,0.568510360479335,1.0940724840410505,1.2588877531620575,0.8781930774213671,-1.0752544622412066,-0.6905476450920105,-1.4027325541672826,0.3333333432674408
-0.11975779870354958,0.8831315556625081,-0.05790869891643524,2.3241523070611954,-0.34454667568206787,0.4044508177392527,0.4476863221052174,0.6927089755903183,-0.9265645552177003,-0.0895003229379654,0.29580235481262207,0.09272547792596829
0.5408861907825174,-0.3814045190811157,-0.12586070597171783,1.1219637321097407,-0.697219729423523,-0.6676704978207516,0.7450355508195169,0.21896549206566135,-2.4883895745232554,1.5194992086066805,0.7174400687217712,0.3333333432674408
-0.2390953153371811,-1.2250130518020321,0.14594730734825134,-0.8109833002090454,-0.7815750346949213,0.2791453003883362,-0.3451325410047345,-0.7445956520325068,0.6569125652313232,0.43462223342785655,0.21147480607032776,0.5
0.1397922784090042,-0.2625327408313751,-0.490300472483111,-0.1963833814567328,-0.7956228240593688,0.2229740172624588,0.37906708782016946,-1.1548803386282298,-0.1777134889134514,-0.6237646341323853,1.223405361175537,0.8333333134651184
3.927720066257553,-0.14273528876676153,1.2354380772974076,-0.6109932065010071,0.463838577329583,-1.4059932231903076,-1.5803613541712855,1.7768679733524353,-0.9018054008483887,1.0230229383179574,-0.2944904565811157,0.3333333432674408
-0.46642789244651794,-0.6785839796066284,0.14594730734825134,-0.7443199157714844,-0.2631605863571167,-0.6757665276527405,-0.23395995274133025,0.009918233259351998,2.3736837972910374,0.04406575486063957,-0.46314552426338196,0.5
-0.01176275685429573,0.7274546846152922,0.28185129165649414,2.288804107638605,-0.2631605863571167,1.5871133312257095,0.9862391277507426,1.2848345041940588,-0.43902302201297133,-0.6237646341323853,-1.3265109762041212,0.3333333432674408
0.21556980907917023,-0.4355029644011637,0.7341443032712058,-0.8601713925805958,-0.42593276500701904,-0.3267691358762374,-0.07069925497078736,-1.0598333741035315,-0.6524105072021484,-0.7950791840446525,0.4644574522972107,0.5
-0.7695379853248596,-0.3219686448574066,-1.060057914392005,0.3183697927491012,0.6272604096006557,1.4160636303476906,1.2780641450271941,0.06260068477726621,-0.34066691994667053,-0.6905476450920105,-0.9691107869148254,0.3333333432674408
-0.01176275685429573,1.2582115097707482,-2.138088005796791,-0.6183559246653151,0.5208606312768659,-0.8442803621292114,-1.4094595618596384,0.663453661702249,1.0151869445225048,0.5115470290184021,-0.46314552426338196,0.5
-0.4210137682277242,-1.5009655921928593,-0.12586070597171783,-0.766541063785553,-0.7243484258651733,-0.17022497951984406,0.4071084003250858,-1.0967328347230783,0.5953481931993777,-0.22306638956069946,0.6331125497817993,0.5
-0.9968705177307129,0.15351851284503937,-0.05790869891643524,-0.12747870996578686,-0.8762406547900633,0.39148786664009094,0.1037097617331147,-1.244619579589514,0.9686561822891235,-1.2915949821472168,1.2205435736792476,0.6666666865348816
0.1397922784090042,-0.6792282462252807,1.8461878249364583,0.05574074659973817,-0.2360319048166275,-1.2274667739251015,-0.19853967455860103,-0.9860667123601755,-1.608410501624094,-0.6905476450920105,0.7698485646196477,0.3333333432674408
-0.9210929870605469,-0.14366096258163452,-0.397668719291687,1.5096095892747523,-0.1976249205125842,0.6723442673683167,0.5759224025139967,0.6850236348165782,0.5322151184082031,-0.42341551184654236,-0.46314552426338196,0.5
-0.16331779956817627,-0.4408404231071472,0.5685553176498392,-0.48960499947795705,-0.7777402127340394,-1.237479329109192,-0.26676752056926645,-1.2273244298275297,-1.8024040455307748,0.7786791324615479,0.4733120973525321,0.5
-0.2390953153371811,-0.3192945593002233,0.14594730734825134,2.5682381444462523,-0.15464581549167633,-0.11405368894338608,0.5026116557338793,1.2189611653355779,0.7192612886428833,0.11304765163296891,-0.46314552426338196,0.3333333432674408
-0.5422053933143616,2.543280494443647,-2.1644208431243896,-0.6554354429244995,0.8279108159046656,-0.5478180921877636,-1.4876759353925724,0.6974183054189101,3.2685480891208814,0.3834661620694202,-0.12735452327486335,0.5
-0.7695379853248596,0.9156272725758113,-1.296355850973726,1.1405966952460567,-0.10038841515779495,0.3939164281796815,0.666987885315644,0.8901617646484988,-0.46536436676979065,-0.6237646341323853,-1.390790503730983,0.5
-1.3616322344847762,-0.14366096258163452,-0.05790869891643524,-0.5887720584869385,-0.8267835330257718,-0.0578824058175087,0.22444685030416003,-1.7663859533987591,1.459741968007566,-0.6905476450920105,2.338482529167834,0.6666666865348816
0.06401476263999939,0.27239030599594116,-0.3297167122364044,0.7055059057201319,0.3439788340576613,-0.6195952296257019,1.5470948143417935,0.653882991925939,-0.9018054008483887,0.04406575486063957,-1.137765884399414,0.5
0.29134732484817505,-0.9163275957107544,-0.803001272840966,-0.8776466846466064,-0.6158336400985718,-0.9566229581832886,-0.08040563722635491,-0.2719977933353506,-0.6524105072021484,-1.0244628190994263,-1.306420922279358,0.3333333432674408
-0.08754027634859085,-0.3219686448574066,-0.2617647051811218,-0.4998875558376312,-0.6608881138213475,-1.0689655542373657,-0.5139046475182579,-1.301805511799685,-0.4030156433582306,-0.890896737575531,1.0250903059584016,0.5
-0.08754027634859085,0.09408261626958847,2.0219514636343074,0.7464295588071758,-0.39880406856536865,1.844870716228319,1.112193364715976,0.19268449272919796,-1.3018769528359138,-0.41938038376229897,-0.5020459653949755,0.5
-0.5422053933143616,-0.634142958943115,-0.4656206965446472,0.6965141996033213,-0.45306146144866943,4.691550534913527,1.5431520629589304,0.4188657012752813,0.7816100120544434,0.26127415168235774,-0.7161281704902649,0.5
1.7623644236971054,0.3968998875246283,0.04371715149302616,-0.6332142949104309,-0.2360319048166275,-1.3352809672126684,-1.6806979196851517,0.2215660063934342,0.0957741066813469,0.9122452139854431,1.392060399055481,0.6666666865348816
0.07099352084502608,-1.256594107681357,0.010043300688266754,-0.8006442646733615,-0.561576247215271,1.096851550174945,0.4891407026634399,-0.7394221943148516,0.190094369303169,0.701192317957377,0.21147480607032776,0.6666666865348816
0.06401476263999939,-0.4742906455654926,1.7855599005636544,-0.8109833002090454,-0.5344475507736206,0.13649724641626382,0.34742902029266276,-1.4104652926374681,-0.495665555550947,-0.890896737575531,1.23750914509633,0.5
-0.46642789244651794,-1.0351994037628174,-0.2617647051811218,0.015224694994572976,-0.22537713329123907,-0.6521190479479309,-0.019509974867105484,0.00294241931624498,1.9446235875771005,-0.07596334178016233,0.04281972348690033,0.6666666865348816
-0.3148728311061859,-0.8568916916847229,0.21389929950237274,-0.766541063785553,-0.17412431208197185,-0.7881091237068176,-0.17404544054791687,-0.7294410814904857,0.0957741066813469,-0.5569815635681152,0.29580235481262207,0.5
-0.6937604546546936,-0.8568916916847229,0.34980329871177673,-0.7443199157714844,-0.18177451193332672,-1.0897880940936684,-0.48644620866371663,-0.9500837695327705,-0.5277130603790283,-0.5569815635681152,-0.8004556894302368,0.5
-0.21154981073328558,-0.8568916916847229,0.4177553057670593,-0.6998776793479919,-0.18177451193332672,-0.6394410496280872,-0.44078922292071315,-1.6916470506720607,-0.46536436676979065,-0.890896737575531,1.944554974333473,0.6666666865348816
-0.16331779956817627,-0.3219686448574066,0.6577976716019475,4.516778047055025,-0.2089032083749771,1.4292953912798976,1.969033786999914,2.096118783916239,-1.0579640579127843,0.24441486597061157,-1.7872118441145712,0.3333333432674408
-1.6704440687753064,-0.8568916916847229,-0.4656206965446472,-0.766541063785553,-0.6158336400985718,-0.7630891776345645,-0.308186438630207,-1.7849905556694077,1.4979716936930798,0.3111979067325592,1.813698172569275,0.6666666865348816
-0.2390953153371811,-0.20309685170650482,-0.4656206965446472,-0.8998677730560303,-0.794119466736698,-1.0689655542373657,-1.0490731724561673,-1.882617253891766,-2.137657106785909,-1.2915949821472168,1.5607155561447144,0.6666666865348816
0.36712485551834106,-0.08422506600618362,0.28185129165649414,-0.7396386100804089,-0.561576247215271,0.9532006978988647,0.5881680677072973,-0.6722292171974479,-0.2159694880247116,-0.22306638956069946,0.29580235481262207,0.5
0.06401476263999939,-0.49922968430595915,-0.12586070597171783,0.5418631404664551,-0.4801901578903198,1.3018363183355284,1.8725666919093213,0.13312994885382737,-0.038046231781966436,0.33064916387615534,-0.22061153719148802,0.5
2.093015531236121,-0.6191481351852417,0.4177553057670593,-0.6332142949104309,0.6183245229131201,-0.7600852000056999,-1.200112427026952,1.1265602799226841,0.0957741066813469,1.7880166816916025,0.29580235481262207,0.7619613796576734
-0.46642789244651794,-0.4278896115645758,-1.0515514054528963,0.1152256544563432,2.986536600888048,1.13287476602724,1.1090211441527698,0.083917031501789,-1.4713829175209172,-0.7573306560516357,-1.07528037724573,0.5
0.7460124492645264,0.5245493727592122,0.8934193253517151,-0.7271858929754136,0.8868161766147182,1.7497304571216763,1.672203959839176,0.472144752306338,-0.7771079540252686,-0.7573306560516357,-0.8847832679748535,0.5
-0.9968705177307129,-0.024789171293377876,-0.6015247106552124,1.8632477660585494,-0.04343585892177978,0.2229740172624588,0.4942580149405152,1.171839544895611,1.1557023525238037,-0.15628336369991302,-1.315098103860845,0.3333333432674408
0.7091677024423666,-0.08422506600618362,1.3008257959096918,-0.8554255366325378,-0.45306146144866943,-0.8442803621292114,0.06010481224227446,0.17357158307014034,-0.9018054008483887,-0.6905476450920105,-0.8004556894302368,0.3333333432674408
-1.072648048400879,-0.2625327408313751,0.21389929950237274,1.3491957335862408,-0.2089032083749771,2.3369090403095014,2.0754648556605906,0.38234917848909833,-0.46536436676979065,-0.02271728403866291,-1.0534383058547974,0.3333333432674408
-1.072648048400879,0.04502117735169477,-1.8888166816654974,-0.2125904637832947,-0.18177451193332672,-0.7154309813100022,0.5044079213904412,-0.044654135191023424,-0.028923334553837776,-0.890896737575531,-1.2220934629440308,0.3333333432674408
-0.3148728311061859,-0.3219686448574066,0.06734854662214848,-0.7887621521949768,-0.41883518321138147,0.9066136319637901,1.1437664166836243,-1.2025934931760862,-1.0888515710830688,0.17763182520866394,0.7965067962866904,0.5
-1.5420058016709468,1.6058558461120824,-2.1644208431243896,-0.7887621521949768,-0.10038841515779495,-1.4590384846573863,-1.8050325400919018,-0.6279295419892044,2.571721157440275,0.4238841365001925,1.893973880437603,0.3333333432674408
-0.07330032616372503,1.922252958566431,-1.947714463767089,-0.5665509104728699,0.8342202508684039,-1.0127942562103271,-1.72429988290993,0.6601708098891682,0.8439587354660034,-0.49019855260849,-0.1258353590965271,0.3333333432674408
-0.46642789244651794,-0.5002763271331787,-0.4656206965446472,-0.6554354429244995,-0.5887049436569214,0.4694440395215305,0.2216289620348543,-0.9378074475153177,-0.34066691994667053,-1.2911442667784527,0.04281972348690033,0.3333333432674408
0.7460124492645264,-1.2535847740150494,0.010043300688266754,-0.6332142949104309,-0.45274011457183866,0.6723442673683167,0.20058700631253173,-0.10736660916920597,-1.843009242592553,-1.1580289602279663,-0.8847832679748535,0.5
2.2268458535619393,-0.024789171293377876,1.9925410373198496,-0.6554354429244995,0.19384302731386094,-1.2608077481896443,-1.311430667702017,1.1925001672081763,0.9686561822891235,1.4255151260555465,-0.10512608388078688,0.5
-0.5422053933143616,0.08720468983634852,0.28185129165649414,1.9668185155499158,-0.07715913882578185,1.2916141495540694,1.8975747256777702,1.3805516717402346,1.2801785721522507,-0.22306638956069946,-1.137765884399414,0.5
-0.46642789244651794,0.19062790885736758,-0.603086897133837,0.23701966786114603,-0.20026689912932355,0.16680273413658142,1.1565623897293418,0.5894499341593652,1.3427485227584839,0.3111979067325592,-0.8004556894302368,0.5
-0.39065036177635193,-0.3814045190811157,0.21389929950237274,1.7154901895105945,-0.2902892827987671,0.11063144356012344,1.0179030468116825,0.961959873141944,-0.2159694880247116,1.7294040392855368,-0.7161281704902649,0.3333333432674408
0.06401476263999939,-0.29529993595271187,1.8683994798507357,2.276161310348365,-0.32907945743573364,1.2884021227591462,4.023926381871078,1.6763916867006572,-1.6425518250322766,-0.49019855260849,-1.7231287177182515,0.3333333432674408
0.9289542809701828,-0.5597122311592102,0.8212359793356505,-0.6776565313339233,-0.8056707519600476,-0.0017111222259700298,0.011893419492473084,-0.863765532506585,-0.46536436676979065,-1.3438632314297585,0.6331125497817993,0.5
0.5944573879241943,-0.8568916916847229,0.7939423282068295,-0.6998776793479919,-0.3174179792404175,6.9848852068378005,0.7769178975476627,-1.122694478018011,-1.4052330910800253,1.5587823479970155,0.9704226851463318,0.6666666865348816
-0.23444387966177188,1.1288946491647844,-0.5335727334022522,-0.7036528825304145,0.539991662390547,-1.2511776024774517,-1.674314178895504,0.48253173793297865,1.340039838985413,1.91718837175024,0.04281972348690033,0.5
-1.100728176289342,0.38136052631312,-0.8777533848674669,-0.8109833002090454,-0.5193729453819043,-0.6861188466959114,-0.17094602599303582,-1.8978817730311786,0.2828202545642853,-0.9035411766732196,2.1501460736636835,0.5
-0.46642789244651794,0.7279955330856402,-1.1102140515777508,-0.766541063785553,-0.01899848371100625,-0.0578824058175087,1.809307769294274,-0.1796120930034948,-0.46536436676979065,-0.3566324710845947,-0.8004556894302368,0.3333333432674408
-0.6937604546546936,-1.094635248184204,-0.12586070597171783,-0.7984968320777488,-0.5258494650140518,-0.3387388288974762,-0.1716873951819835,-0.5255085294623816,1.8250443113172063,0.5783300399780273,-0.041507821530103683,0.3333333432674408
1.1026373191942573,-0.3437803226929273,1.6714360667538506,-0.20873280511597775,0.46035347177141156,-0.11405368894338608,-0.1684274804816883,0.6066743625364134,-1.01959270368341,0.1108487918972969,-0.37881800532341003,0.5
0.06401476263999939,1.9533204579154457,-1.692069357045222,-0.6601037234988806,1.2853323318666838,-1.367940083262823,-1.6390508649639182,0.7838322068083671,1.2792843836550387,0.7786791324615479,-0.2944904565811157,0.5
-0.3978534619112434,0.009754714129881412,0.03910854988723782,2.8006334477971238,0.24048342228022582,-0.2825675308704376,0.875996457972435,1.8836338268284674,-0.028923334553837776,0.4381348608693346,-1.0534383058547974,0.3333333432674408
0.21556980907917023,-0.7380198836326599,0.99674832068551,-0.7887621521949768,-0.34454667568206787,-1.349821925163269,-0.05726451787468262,-0.6208882236398156,-0.2783181965351105,-0.22306638956069946,0.3801299035549164,0.3333333432674408
-0.9968705177307129,0.2258410768818564,-1.8651183921115928,-0.17724729232665826,-0.8328632116317749,-0.731937825679779,-0.2355935224788589,-1.1140123240540027,0.7266335555499128,-0.8241137266159058,1.828930395669806,0.5
1.194016909688367,0.07611445530694061,-0.3297167122364044,-0.5665509104728699,0.6622452283118909,-0.2825675308704376,-0.8673857666972041,0.504049851806297,0.5945638418197632,0.4447639584541321,0.21147480607032776,0.5
-0.39065036177635193,0.09408261626958847,-1.0098598338744995,-0.8109833002090454,0.38002416421898383,-0.45108139514923096,-0.8859295484636851,-0.24090792240454617,1.4837878219150717,0.7118961215019226,0.29580235481262207,0.5
-0.36315452330581954,-0.4408404231071472,0.010043300688266754,1.6967440038970678,-0.2631605863571167,0.5038304328918457,1.2120713494949862,1.0216414569992172,1.5335321993396618,-0.6905476450920105,-0.37881800532341003,0.5
-0.018432386168438508,-1.1428370376077979,0.23365731971932302,-0.8554255366325378,-0.2360319048166275,-0.17022497951984406,0.20978779315808144,-0.8553181886672974,0.56209483903515,0.39059870353777865,0.3801299035549164,0.5
0.23832186928702265,-0.37118411514206684,1.1469847119973375,0.28133689122287703,1.754621002748404,-1.4455785626484559,-1.8994086867225215,0.8361908768413915,0.8246334438875941,0.645919421656626,1.1489310218031465,0.5
-0.39065036177635193,-0.4408404231071472,-0.2191717897512652,0.35401445605026666,-0.6881836343822686,-0.9363456215664353,-0.5507874374114318,-0.880132679887183,0.14040891919716328,0.8460329162711742,1.6450430154800415,0.5
1.2676411074016434,0.09866378198740308,-0.05790869891643524,-0.6109932065010071,0.6711805664058423,-0.9808377095424162,-1.529127563129036,0.6267852385846255,-0.2159694880247116,0.4447639584541321,0.15322401532877933,0.5
-0.46642789244651794,-0.3814045190811157,-1.2801168411268187,-0.6776565313339233,-0.5073188543319702,0.5390875754050602,-0.09634632782383731,-1.5811867192717142,-0.7147592306137085,-1.3583780527114868,1.2917685314769176,0.5
-0.6179829239845276,-0.3814045190811157,1.1652272939682007,-0.5238427294133426,-0.07325971871614456,1.89498428664382,1.4307380921766235,-0.6157496443573637,-0.26287814678182087,0.04406575486063957,-0.4837393896051879,0.5
0.6702349185943604,1.3450510113273133,-2.1644208431243896,-0.4510024897349853,0.6244975131866818,-1.3155345607910256,-1.6966315606644768,0.6505121383264708,-0.15362077951431274,0.6194389873963843,0.3801299035549164,0.5
0.5944573879241943,-0.9757634997367859,-0.2617647051811218,-0.7220988273620605,-0.6055135623272534,0.7782265885988563,0.24967787533690494,-0.574750129552649,-0.5900617837905884,1.4857766029960515,0.4644574522972107,0.5
-1.072648048400879,-0.9757634997367859,-0.19381269812583923,0.10878543548416882,-0.05846626405601468,1.065543293952942,1.2731181161972136,0.25102227534866356,0.0957741066813469,-0.957679808139801,-1.306420922279358,0.5
1.1037251317662091,0.5101338624954224,-0.8019602915699693,-0.8554255366325378,-0.34454667568206787,-1.4610281718240907,-1.2084160621428366,0.3491194548898302,0.15812282264232635,-0.6905476450920105,-1.137765884399414,0.3333333432674408
0.4429023563861847,2.5595163230679847,-0.5335727334022522,-0.6998776793479919,-0.10201085140862787,-0.8442803621292114,0.9459745876821486,0.09053764717572575,-0.4030156433582306,-0.49019855260849,-0.8847832679748535,0.3333333432674408
-0.9968705177307129,-0.8568916916847229,0.008831591835224292,-0.766541063785553,-0.6117077474176815,-0.20505018987920673,-0.2860323287137619,-1.3834117159496127,0.5322151184082031,-0.6270607768158935,0.9289324155037043,0.5
-0.08754027634859085,0.5590049239861473,0.21389929950237274,0.8162157085398428,-0.2089032083749771,1.504558072675763,1.6708209545593717,0.8983207941055298,0.2828202545642853,-0.6905476450920105,-0.041507821530103683,0.3333333432674408
0.21556980907917023,-0.5002763271331787,0.28185129165649414,-0.7538471108863707,-0.18177451193332672,-0.6195952296257019,-0.4940268660955391,-0.40830197037114874,-0.7147592306137085,1.2016619666418913,-0.2101629078388214,0.3333333432674408
0.1397922784090042,1.142240463233972,-2.1382723515165742,-0.40723381031744993,0.954626672358749,-0.731937825679779,-1.3426945579379699,1.255458479860598,0.9222695136515159,0.6451131105422974,-1.0534383058547974,0.5
-0.3148728311061859,0.19867944082167938,-0.12586070597171783,-0.7220988273620605,-0.2089032083749771,-1.553263370439367,0.7806842384301419,-0.45153361476461396,-0.3575705325237013,-0.8417255310148645,-0.9691107869148254,0.04216382159941978
0.29134732484817505,1.9090786145171947,-1.2669119334274126,-0.6332142949104309,0.3969849839117881,-1.0127942562103271,-1.7300193281781315,0.6464883011967592,1.1557023525238037,0.04406575486063957,-1.0790360439270634,0.5
-1.2608978808609088,0.33182618021965027,0.46463857549951354,-0.6776565313339233,-0.7003321657548732,-0.3387388288974762,-0.18152070767219589,-1.5029148214797254,2.4419876505318907,-0.7573306560516357,1.5860773009359563,0.6666666865348816
-0.6937604546546936,-0.6191481351852417,-0.3297167122364044,1.1755388194290373,-0.2631605863571167,1.1102649565544327,1.5121822326492516,0.5618830684540518,0.48169540089052576,-0.49019855260849,-0.4767085987013306,0.5
-0.8453154563903809,0.6338393081369617,-0.5961415670495355,-0.6998776793479919,-0.2631605863571167,-0.5072526931762695,-0.6810960213480408,-0.6874656465486128,0.6816206607873129,1.563364701747785,1.6668154200435201,0.6666666865348816
0.8086528256771525,0.21295440196990967,1.1652272939682007,-0.7088524839550349,-0.18177451193332672,-0.8442803621292114,-1.6366478037277346,0.31408595839554715,0.5322151184082031,2.4180397149814916,-0.06050397869411242,0.5
-0.8453154563903809,-0.6191481351852417,0.5536593198776245,-0.5262548349421996,-0.2029016725177714,0.06842796122351841,-0.09533361335165394,-1.2849932220129743,-0.34066691994667053,-0.957679808139801,1.1791411444525843,0.5
-0.9968705177307129,-1.2374825984065854,-0.05790869891643524,0.4716534505092883,-0.5073188543319702,-0.030136448223157898,0.5162738899953555,0.538793623351458,2.6163647353139683,-0.890896737575531,-0.5474730730056763,0.5
-0.49992070592176824,0.5871010071698496,-0.7381667088885051,0.326024258304201,-0.2902892827987671,-0.4309106935427162,1.108588666975515,0.2958208267385197,-0.4030156433582306,-0.2898494303226471,-0.9691107869148254,0.3333333432674408
-1.450827965376534,-0.5002763271331787,-0.12586070597171783,0.07885488552427374,0.26853617832437127,-0.5634239912033081,-0.5263167273072958,-0.6792724918358255,-0.5277130603790283,-0.8241137266159058,-0.46314552426338196,0.3333333432674408
-0.39065036177635193,0.3919564424292305,0.10001426503290341,-0.7220988273620605,-0.30816517746448374,-0.7881091237068176,-0.41504542121227833,-0.41603142512576724,-1.0480662117563575,-0.8241137266159058,-1.0534383058547974,0.3333333432674408
-0.3148728311061859,-0.20467288208093243,-0.2496666097295524,-0.11937419058110853,-0.3302523505586149,-0.22639626264572144,1.001831375365448,-0.1593931688527654,0.7048544966799476,0.17763182520866394,-0.4646220583696597,0.5
3.35980029640413,-0.14366096258163452,1.7152036718529258,-0.6177343416001955,0.6863793300457232,-1.0273958798822072,-1.4061387809656116,0.7828186464037931,-1.1010995187794443,0.3111979067325592,0.21147480607032776,0.3333333432674408
-0.01176275685429573,0.5537742361475553,-0.5335727334022522,0.2521133456863704,-0.10210369918404374,-0.90045166015625,1.4259992278489004,0.29567855961134915,-1.2636604528940703,0.24441486597061157,-1.1366667966998025,0.5
-0.16331779956817627,1.352939857675291,-0.397668719291687,-0.766541063785553,2.575783765046955,-1.1660997928649182,-1.6082395188556144,0.5189371844888088,0.2301651584806595,0.6064378094170736,-1.176854679840969,0.3333333432674408
-0.6179829239845276,-0.24892471113434653,0.07799530029296875,-0.3729684236884126,-0.7243484258651733,-0.10816718694236654,0.3486903763772409,-1.2554274152490852,0.2828202545642853,0.17763182520866394,1.5605238801664387,0.5
2.9754556786379878,-0.15765765064977172,1.0595630454316343,-0.766541063785553,0.726522407104203,-0.5634239912033081,-1.255818945827571,1.1004909561456666,0.2828202545642853,-0.02271728403866291,-0.8847832679748535,0.5
1.2105827459606464,-0.024789171293377876,1.3156109203980302,-0.6550765334909445,-0.26004294056618166,0.11063144356012344,0.2458438208751753,-0.06610661724577312,-0.5368063694818264,-1.343837904598852,-0.7161281704902649,0.3333333432674408
-0.16331779956817627,-1.1676377277131085,0.08726772707435024,-0.7015852071796794,-0.8328632116317749,0.5318221082272421,0.21049034805558747,-1.5832868896244048,-0.46536436676979065,-0.9668590873820593,1.5830748127627414,0.5
-0.08754027634859085,-1.029437148087041,-0.05790869891643524,-0.7433537112125984,-0.6477865594808233,-1.0127942562103271,-0.04636031388946055,-0.7294513380431552,-0.9641541242599487,-0.3443413967805067,-0.2944904565811157,0.3333333432674408
-0.7695379853248596,-0.4372981039257054,0.14594730734825134,1.230840028790458,-0.39880406856536865,1.8998819321855955,1.1142935561883156,0.6454758193835128,-0.2159694880247116,-0.7007180542003859,-0.9691107869148254,0.5
0.3172728536784787,-0.09620977453709773,-0.397668719291687,1.8671158484683683,-0.2360319048166275,0.16680273413658142,0.9906531971118326,1.0611491733561145,-0.7771079540252686,0.5228231546836345,-0.7682233403818082,0.5
-0.39065036177635193,-0.3219686448574066,1.3140385394171312,1.4596345878357087,-0.2089032083749771,1.1263258704718315,1.8749122256614106,1.134100873164366,-1.0888515710830688,-0.15628336369991302,-1.306420922279358,0.5
-0.16331779956817627,-0.923533965911903,-0.12586070597171783,-0.2981948119460775,-0.5344475507736206,0.16680273413658142,-0.019540343426281335,-0.6538976294076957,-0.4030156433582306,-0.6905476450920105,-0.46314552426338196,0.6666666865348816
6.353549003601074,-1.5701223611831665,9.11561107635498,-0.9887523055076599,-1.2940510511398315,14.546651840209961,5.739711284637451,5.3161420822143555,4.896625518798828,9.794388771057129,3.078611373901367,0.0
0.7460124492645264,-0.7380198836326599,1.1652272939682007,0.042316795136433355,-0.39880406856536865,1.5525670730823422,0.7193122158111034,0.5291309534309632,-0.9430550973858142,-1.2587348136689995,-1.137765884399414,0.6666666865348816
-0.9968705177307129,-0.9757634997367859,0.20177266226768803,-0.8554255366325378,-0.4468644364872955,1.0928096275829815,0.2653355345684265,-0.8610615897740955,0.6005860525786559,0.6451131105422974,-0.1258353590965271,0.5
-0.8453154563903809,-0.7974557876586914,0.4857073128223419,1.3354308416072793,-0.2360319048166275,-0.22639626264572144,0.06669411211146029,0.2952998766557038,0.8546387347693841,0.057764031504796934,0.4644574522972107,0.6666666865348816
1.517038618866406,-0.024789171293377876,0.4857073128223419,-0.5887720584869385,0.6501669668556272,-0.3949100971221924,-1.040833850119763,0.8983207941055298,-0.028923334553837776,2.7206242438052555,0.5487849712371826,0.6666666865348816
-0.9676124806289568,-0.14366096258163452,0.010043300688266754,-0.41246557478485585,0.6878832995610429,-0.17022497951984406,0.20201684789062976,-0.39432825756784257,-0.46548534623747484,-1.1580289602279663,-0.631800651550293,0.5
0.21556980907917023,2.4898854953136627,-2.0302411160707234,-0.7443199157714844,1.3795718206145384,-1.0127942562103271,-1.3486472793590014,0.39814758787683746,0.5945638418197632,-0.02271728403866291,-0.48176043946376457,0.3333333432674408
-0.8453154563903809,-1.143905956562079,0.07799530029296875,-0.6109932065010071,-0.39880406856536865,0.2791453003883362,-0.039946799943131724,-0.6675243815053199,2.030128519220892,-0.10877901714469675,0.5487849712371826,0.5
0.36712485551834106,1.9743474017052403,-2.0421963825278846,1.2449159206130525,-0.2631605863571167,-0.8990322955849701,-1.1634721908168677,1.2817643483953503,-0.6524105072021484,0.9408562216395979,-0.7993459429840427,0.5
-0.6179829239845276,-0.9501028468237985,-0.14734968378016908,-0.6776565313339233,-0.2089032083749771,0.5038304328918457,0.13805795960259087,-0.19497586232343175,0.5945638418197632,-0.38948839421963266,-0.8847832679748535,0.3333333432674408
-0.46642789244651794,2.5208729041165743,-1.9514969026057172,-0.6377274466593156,0.7496506700485568,-1.0689655542373657,-1.1148258157245576,-0.014094452000099669,-0.15362077951431274,0.1479328007986857,-0.631800651550293,0.3333333432674408
-0.46642789244651794,-0.2591850861455248,0.010043300688266754,-0.8776466846466064,-0.2631605863571167,-0.45108139514923096,0.5287116625352036,-0.5469738471257091,-0.4030156433582306,-0.49019855260849,-0.8961494161312109,0.3333333432674408
-0.39065036177635193,0.5101338624954224,-0.2617647051811218,0.7975148716518906,-0.07325971871614456,-0.7018941031344385,2.014617737021344,0.7601670079652784,-1.326209991038289,-0.15628336369991302,-1.2949986625291126,0.3333333432674408
-0.9968705177307129,-1.0351994037628174,-0.8053807020187378,-0.6332142949104309,-0.530208914258236,0.7989825567686568,0.5107440249296048,-0.9801210899704478,-0.8412492865582608,-1.2530999563712786,-0.2944904565811157,0.3333333432674408
0.1397922784090042,-0.3814045190811157,0.21389929950237274,0.6900899265187955,-0.19017362631813672,0.2229740172624588,0.47175432632023023,-0.25897147469542353,-1.4005951881408691,-0.2898494303226471,0.3801299035549164,0.5
-0.39065036177635193,-1.0351994037628174,0.34980329871177673,-0.9042929095349285,-0.5073188543319702,0.8358933684368935,-0.1248098063490533,-0.8737760955613204,1.0747111117548982,0.24441486597061157,0.3801299035549164,0.5
-0.2991057392850676,-0.5002763271331787,-0.6015247106552124,-0.8109833002090454,0.011724981230938363,0.4476591646671295,1.759307367196016,-0.6890767348428494,-0.9018054008483887,0.821788595562784,0.21147480607032776,0.5
-0.46642789244651794,-0.9163275957107544,0.010043300688266754,-0.8109833002090454,0.257043206002516,0.07711318398767801,-0.41976223106859517,-0.9648471745661034,0.630972091888802,-0.22306638956069946,-0.1258353590965271,0.3333333432674408
-0.01176275685429573,-0.7922336396889227,-0.026098124115907506,-0.7887621521949768,-0.5887049436569214,0.6723442673683167,0.8872564973604431,-1.3285925936053744,-1.4488655002033404,0.9173758358120884,0.8017675876617432,0.6666666865348816
0.1397922784090042,-0.5002763271331787,-0.4598618206698681,-0.7661857017083175,0.667731827331055,-0.5348497653212411,-1.0911059906854013,0.07137901889004007,0.8439587354660034,-0.17597076975309128,0.3801299035549164,0.5
0.1994160777537157,-0.3219686448574066,0.6895633339881897,-0.41832397723445736,0.4921099023183161,-0.9566229581832886,-1.6687300790908843,0.7935109199482288,1.8161733655110248,1.9431153287176517,0.9704226851463318,0.5
-0.5422053933143616,1.7324319920043447,-1.3860324806873645,-0.6554354429244995,0.8401372751960514,-0.2825675308704376,-1.339670523810578,0.2974616935525911,1.5096817152318711,0.1108487918972969,0.3801299035549164,0.5
-0.6937604546546936,2.5093502427387824,-1.3316444275491826,-0.6109932065010071,0.204818041526621,-1.4059932231903076,-1.8309158572276667,0.3161531876703628,3.0314080173618914,1.330547740544567,1.5607155561447144,0.5
0.4429023563861847,2.597311727380776,-2.1509409609772305,-0.4998875558376312,0.6588963720197077,-1.5120993530653204,-1.8009664040509916,1.157690914942727,1.3427485227584839,0.3111979067325592,0.1200245203107527,0.3333333432674408
-0.165516192566239,1.2779078503410255,-1.3652743639435234,-0.10626153740967675,-0.07325971871614456,-0.5072526931762695,-0.3471592985904353,0.45943431626778175,0.9045509550173957,-0.7561386798028651,-0.5474730730056763,0.3333333432674408
-0.39065036177635193,-0.20309685170650482,-0.5335727334022522,-0.7220988273620605,-0.5887049436569214,-0.2796250909704657,-0.10250957132884106,-0.3367400946920458,-0.33862570570873685,-0.15593024813855805,-0.8847832679748535,0.3333333432674408
-0.3148728311061859,0.497548106510233,-1.0022888390011235,1.7117183739929747,-0.26157439211685324,0.33531656861305237,0.8439981492061889,0.5265145082842803,-0.4030156433582306,-0.7961128867671629,-0.41903722240921376,0.3333333432674408
0.8104007368171587,-0.5002763271331787,1.1652272939682007,1.7373500322857933,-0.561576247215271,-0.03245873938179373,0.308428814344734,1.1408029413658054,-1.1218473265852804,-0.42341551184654236,-1.1837366792898074,0.5
0.1397922784090042,-0.6191481351852417,-0.19381269812583923,-0.6998776793479919,-1.2204013409827368,0.06111127252523478,-0.12479498295337178,-1.127022717398599,0.0957741066813469,-0.8675506547675691,0.9719046686356948,0.6666666865348816
0.10565446280581257,-0.9738991825323182,-0.05790869891643524,1.9141266857851162,-0.37167537212371826,1.1359126440421696,0.5706679533324729,1.178576638760487,-1.454054477187563,1.1120461634412702,-1.0534383058547974,0.6666666865348816
-0.48718276786627224,-0.3814045190811157,-0.6830153590600787,1.648126325813767,-0.45306146144866943,0.33531656861305237,0.7217210306090981,0.8983207941055298,-1.9214103270648237,0.04406575486063957,-1.137765884399414,0.3333333432674408
-0.9968705177307129,-0.6191481351852417,-0.941284716129303,1.0024664290746723,-0.7243484258651733,-0.8442803621292114,0.6197611380287095,0.04525561391893378,-1.1847356989123188,-0.6237646341323853,-0.29531692057489944,0.3333333432674408
0.21556980907917023,1.9400027416689338,-1.4188236383093946,0.3452801538111823,1.004596244089179,1.6596559417774612,0.40654200943630786,1.284979443983003,0.9014915170552183,-0.02271728403866291,-0.631800651550293,0.3333333432674408
-1.6174181634264575,0.9084596450247396,1.7480134555188296,0.3372856522906682,-0.2360319048166275,-0.3387388288974762,0.5453048017475376,-1.3493402432053128,1.1547934741131642,-0.6237646341323853,2.146654664563525,0.8891501023709577
-0.9422482024330733,-0.44160814696966993,-0.12586070597171783,1.3972489574477451,-0.37167537212371826,0.9532006978988647,0.9479633126306963,0.4956494754227314,0.8439587354660034,-0.42341551184654236,-0.46314552426338196,0.5
-0.46642789244651794,-0.3814045190811157,0.26172843692513975,0.794107555839588,-0.5344475507736206,-0.22639626264572144,-0.16110795793116892,-0.638185115440429,-0.6524105072021484,-0.49019855260849,0.5802660585288296,0.5
-1.148425579071045,-0.4408404231071472,-1.05363570126652,-0.08275100914469191,-0.18219242031618044,0.24630834490014475,0.6854725505610562,-1.2671692713174414,0.7192612886428833,0.6451131105422974,1.3152522659441606,0.6666666865348816
-0.5422053933143616,-0.2625327408313751,0.07799530029296875,1.3275724116821581,-0.2631605863571167,0.09254856108276886,1.7236834810498798,0.8749316174789346,-0.5992993457818568,0.28501634629696243,-0.9691107869148254,0.5
-0.5422053933143616,-0.5002763271331787,0.1321171841649715,-0.8109833002090454,0.9578010002753531,0.9532006978988647,0.7835607267415192,0.030709728382937486,0.06966180918533282,0.3111979067325592,-0.7161281704902649,0.5
-1.376960381924992,0.4446749676947602,1.308589891081881,-0.6629726027653053,-0.6700910329818726,-0.731937825679779,-0.37066369107490904,-1.7852328091373237,0.12120836756945513,1.121952305579093,2.101106048568205,0.5
-0.08754027634859085,1.850437479675667,-1.5991193904816197,-0.6087220832147674,0.7853802977203634,-0.6195952296257019,-1.0860620688245435,0.7267979116550292,1.3378539040066366,0.6691310842257441,-0.041507821530103683,0.5
6.353549003601074,-0.08422506600618362,9.11561107635498,-0.9887523055076599,-1.2940510511398315,14.546651840209961,5.739711284637451,-1.542696516070262,4.896625518798828,9.657719115275315,3.078611373901367,0.0
-1.072648048400879,0.03464672341942787,-1.555387372306828,1.5447129018716408,0.5064745663187322,0.021649555670144514,0.2021661761497421,0.9827373234815042,2.175208466663225,-0.0895003229379654,-0.37881800532341003,0.3333333432674408
-0.8453154563903809,-0.14366096258163452,-0.6234127902693608,1.1495192950163466,-0.2360319048166275,0.5171273852606647,0.3662445272316472,0.02282592710590972,0.15812282264232635,-0.2898494303226471,0.3801299035549164,0.3333333432674408
-0.9968705177307129,1.4139279261481081,-1.0306166571691384,-0.8808954721673119,-0.5073188543319702,-0.8442803621292114,-1.037301740832315,-0.7551387207075468,-0.46536436676979065,-1.4538535129169083,-0.7872032926122846,0.3333333432674408
0.7460124492645264,-1.1526214636353251,0.9944008060656564,-0.017888135931491564,-0.42593276500701904,0.8422181937794346,-0.044862030307497476,-0.9884064368685894,-2.275471348500666,-0.7573306560516357,0.3801299035549164,0.5
0.4429023563861847,-0.3814045190811157,0.3898671535020963,-0.7220988273620605,-0.12751711905002594,-0.6195952296257019,-1.0532621667847937,-0.17444952815110132,1.1641433424754655,0.17763182520866394,0.6331125497817993,0.3333333432674408
0.2925259411574456,1.5851018172069054,2.3506989086500245,2.0726159844099508,-0.2902892827987671,2.3447952358260373,1.5921352442100924,1.488034882741943,-0.8394566774368286,-0.22306638956069946,-1.559403657913208,0.3333333432674408
-0.08754027634859085,-0.7380198836326599,0.9712808422061759,-0.6776565313339233,-0.697219729423523,-0.5072526931762695,1.253625322902653,-0.46407281725729344,0.5322151184082031,-0.2898494303226471,-0.1258353590965271,0.3333333432674408
-0.01176275685429573,-1.1338022655320794,-0.19381269812583923,-0.766541063785553,-0.4801901578903198,-0.45108139514923096,-0.7886308180265753,-0.552924429451103,1.3427485227584839,-0.02271728403866291,-0.37881800532341003,0.5
0.17545334732123002,-0.5597122311592102,-0.397668719291687,1.7107083400366405,-0.25850297389258997,-0.1962419104039147,1.13742802255169,1.0998172358144391,-1.0265028476715088,-0.5569815635681152,-1.279683334856821,0.3333333432674408
0.9709028707260045,-0.5002763271331787,-0.6462351500486608,-0.8319301481507803,0.09900690681939306,-1.309550939698475,-1.1302167991833003,-0.08275811137068284,-2.91951127331827,0.04406575486063957,-0.631800651550293,0.3333333432674408
0.5186799168586731,-0.9347870640708008,-0.12586070597171783,2.6375150656655006,-0.34454667568206787,0.724056613843941,0.3028741823524467,1.303220453934669,-1.9131054725638263,-0.32080181883223846,-0.8847832679748535,0.5
-1.3970159350465965,0.6024173451591608,-2.1644208431243896,-0.6109932065010071,-0.7067918131024914,-0.04905229159327404,-0.08138056236161774,-1.5489138642396103,0.8439587354660034,-0.342653723047607,0.8702698656715366,0.5
1.3322531933042776,-0.9163275957107544,1.1652272939682007,2.4069413983441077,-0.39880406856536865,0.5038304328918457,1.4854620647863257,1.55088438076736,-1.5949479486175882,-0.05984516461214171,-1.137765884399414,0.5
-1.2135733705328606,-0.6785839796066284,-0.3297167122364044,0.7133066555952631,-0.18177451193332672,0.5038304328918457,0.6121460254086625,0.5335426608756132,1.1526359458365978,-0.6237646341323853,-0.631800651550293,0.3333333432674408
-0.5422053933143616,0.33182618021965027,-0.6274925927402047,-0.7013581965876299,0.40189948125281877,-0.731937825679779,-0.4243434960343474,0.2562533495216667,2.745782274282828,0.9511453649222362,0.21147480607032776,0.5
1.347208912400435,0.5008287776933965,-0.19381269812583923,-0.5887720584869385,1.1791612454554516,-1.0689655542373657,-1.5501316230705113,0.8035556580274471,-0.9018054008483887,-0.22306638956069946,-0.37881800532341003,0.5
-0.7992420663095602,-0.6191481351852417,-0.6015247106552124,-0.8985142688809601,-0.3794275698365687,-1.0954494604309908,-0.4269003703045687,-0.6162953312827647,-0.6524105072021484,0.04406575486063957,-0.9691107869148254,0.3333333432674408
-0.9968705177307129,1.200496959681636,-2.1644208431243896,-0.884021050676372,-0.7287665566662602,-0.45108139514923096,0.1496197348538778,-0.6666706962185542,-0.7147592306137085,-2.068489903580668,-1.4387527925406387,0.3333333432674408
-0.5422053933143616,1.4066350166139543,-0.3297167122364044,-0.6867730333556068,0.7826247148916399,-0.7071373917633086,-0.5054380079991865,0.6222969278795605,1.5685779697440403,0.7118961215019226,-0.2944904565811157,0.3333333432674408
0.7591677933360816,0.12573225831344842,1.1652272939682007,-0.1871181548699169,0.5778290033340454,-1.611757617691528,-1.866491350981438,0.7833407849174903,-0.175074320676456,0.5115470290184021,0.9995120885414772,0.3333333432674408
-0.01176275685429573,-0.4000945623729592,-0.12586070597171783,1.29180536909449,-0.09137890594590736,1.7171143971891862,0.7763681010965947,0.6264055643409915,-0.34066691994667053,-0.15628336369991302,-0.8994919239129088,0.5
0.21556980907917023,-0.3814045190811157,2.5553722075374585,2.431614763112025,-0.2902892827987671,1.9414460343789472,1.005090490046886,1.6584564549914873,-1.9481889935818948,-0.7492846057095759,-1.5341639306822652,0.3333333432674408
0.06401476263999939,-0.8568916916847229,-0.12586070597171783,-0.7685674635132069,-0.39880406856536865,-0.5423055346960051,1.1038208756899532,-0.34508878010207455,0.7816100120544434,1.0718655882018153,-0.041507821530103683,0.5
-0.9210929870605469,1.2493340292432917,-0.05790869891643524,-0.7931656647168144,-0.7243484258651733,-0.706161129371118,-0.517671163152161,-1.9150407553751725,-0.46536436676979065,-1.7918591488177915,1.803724285659095,0.3333333432674408
-0.9210929870605469,-0.48534565867596496,-0.8839167139367283,0.10786004729181763,0.0281717149519047,-0.3387388288974762,0.031212302265489544,-0.2861400671146387,-0.028923334553837776,-0.15628336369991302,-0.7178782845353331,0.5
0.021672222450950455,0.15351851284503937,0.6895633339881897,-0.6554354429244995,-0.561576247215271,-0.17022497951984406,0.06028332248533587,-1.8807171388264114,-1.4130287075364414,-0.6237646341323853,2.494329438210832,0.5
-0.16331779956817627,-0.19380597292387955,-0.12586070597171783,-0.7743047711318608,-0.2697432973921609,-0.22639626264572144,1.7118696894928243,-0.25940825641463583,-0.46536436676979065,-0.15628336369991302,-1.4750760793685913,0.3333333432674408
0.29134732484817505,2.0978978905312897,-0.5335727334022522,-0.6776565313339233,1.1663820013258903,-0.9714330957049282,-1.2863119428466723,0.8575286443844177,1.2262463336208413,0.1108487918972969,-0.9691107869148254,0.3333333432674408
1.697275383963257,0.40529146089471796,1.1652272939682007,-0.5887720584869385,-0.10038841515779495,-0.731937825679779,-1.4691244317285939,0.5079244803146175,-0.4030156433582306,2.042861745551297,1.4458863109428863,0.5
-0.2390953153371811,-0.20309685170650482,0.34980329871177673,-0.833204448223114,-0.37167537212371826,-0.7881091237068176,0.461739153405103,-1.2364142809075669,-1.6511124890844806,-1.0244628190994263,0.12714727222919464,0.3333333432674408
0.1397922784090042,-0.024789171293377876,0.7851364928917843,-0.833204448223114,0.07521860159417094,0.8880298159084195,0.4929724065980708,-0.037410151449473183,0.2204715460538864,-0.22306638956069946,-0.631800651550293,0.5
-0.16331779956817627,1.3449813895311284,0.07799530029296875,0.3447630837736447,-0.31082795569558985,7.290718661008471,2.0774786928283557,0.32624335900344165,0.817386682266596,-1.0244628190994263,-0.5950125570870594,0.3333333432674408
-0.06944554855842147,-0.9163275957107544,0.010043300688266754,0.36372144062347156,-0.31125746414504085,0.6161730289459229,-0.2183817554790812,-0.007507565204125783,-1.9107897796836342,-0.0895003229379654,-0.8847832679748535,0.5
1.5651344289452178,1.6211016936897507,0.28185129165649414,-0.5887720584869385,0.796656752041498,-0.731937825679779,-1.2803124999185094,0.8350420641519175,0.2828202545642853,0.7786791324615479,0.9704226851463318,0.5
-0.2390953153371811,0.09408261626958847,-1.6315298141319283,1.1095535485428087,-0.42593276500701904,0.2229740172624588,0.17979483774671903,0.6569238000614281,-0.2783181965351105,-1.197069624320503,-1.0534383058547974,0.3333333432674408
6.353549003601074,-0.7974557876586914,9.11561107635498,-0.9887523055076599,-1.2938370231882732,14.546651840209961,5.739711284637451,0.7098101554712316,4.896625518798828,8.112092506236856,3.078611373901367,0.0
-0.6625232291335718,-0.3814045190811157,-0.6787314744368704,-0.16795138040716343,-0.2360319048166275,0.9450369683241585,1.6008838535094547,-0.38792014420749027,-0.06888637898956222,-0.0895003229379654,-0.8847832679748535,0.3333333432674408
-0.7695379853248596,-0.2625327408313751,-0.2540950307166535,-0.7449820682085708,-0.949553129712369,-0.8703493615152339,-0.49472550920150654,-1.9200238061013073,0.7192612886428833,-1.1580289602279663,2.5816284704251293,0.3333333432674408
1.3435671239306772,-0.4408404231071472,0.7833789297866803,2.009515369660364,-0.7243484258651733,0.9153570519580161,0.5091090198827515,0.6818786701675548,-1.1127903600344717,-1.2915949821472168,1.5555055393876267,0.6666666865348816
0.12357118478221621,-0.3219686448574066,1.5506158761975104,2.19257334150166,0.3414216997105028,1.1575001384376156,1.5095312326302777,1.4421624824341746,-1.0888515710830688,-0.3566324710845947,-1.442466365142296,0.3333333432674408
-0.01176275685429573,-0.4408404231071472,0.21389929950237274,-0.6332142949104309,-0.5001983767543979,-0.5072526931762695,0.5748285828619496,-1.1404055395033001,-1.6967039167220495,-0.5569815635681152,0.5487849712371826,0.5
-1.127703264774972,1.4917460573034367,-1.8001960360035294,-0.6776565313339233,-0.5887049436569214,-0.04165702175711207,-0.03366410366285682,-1.215617640813721,0.5304525263317719,0.4447639584541321,0.3801299035549164,0.3333333432674408
-0.07750691785883006,0.8989232094141777,0.010043300688266754,1.9889338976022666,0.08355165083397514,0.05446016043424606,1.1041611184015967,1.240396337286055,-0.5900617837905884,0.39181699394578745,-1.0534383058547974,0.3333333432674408
0.21556980907917023,1.0150971430945122,-1.9831195249537716,-0.8085540029571424,0.5189554132595772,-1.4059932231903076,-1.678646526701535,0.26573663200562186,0.6569125652313232,0.7118961215019226,-0.2944904565811157,0.3333333432674408
-1.224203109741211,-0.9757634997367859,0.4177553057670593,-0.766541063785553,-0.9985079278707216,-1.2936506271362305,-1.164522763375332,-1.801939843387136,0.5945638418197632,-1.1580289602279663,1.8097581311278816,0.3333333432674408
2.029229987777241,-0.5002763271331787,0.5536593198776245,-0.8109833002090454,-0.2631605863571167,-1.1881203935198081,-1.579758486649103,0.6478372875761941,-0.7771079540252686,2.1828550808254508,-0.8847832679748535,0.5
0.29134732484817505,-0.030132715836507208,-0.05790869891643524,1.5018600942966425,0.045972488371390466,-0.019047604385692425,0.6224590494241422,1.1308757902541284,0.046506113430979185,-0.3566324710845947,-0.9691107869148254,0.5
0.3530329113199284,0.2902162972837185,-0.3297167122364044,-0.5665509104728699,0.03155440568568994,-1.3811050994651488,-0.5245085544459791,-0.5310960749142141,-1.8104815528905351,-0.446948795503041,-0.2944904565811157,0.1666666716337204
-0.9210929870605469,-1.5588716338818418,-0.5335727334022522,-0.7223866128143389,-0.39880406856536865,-0.6195952296257019,-0.8545547493794282,-0.3090543865628134,3.2506656428190492,-0.22306638956069946,-0.7830514622584389,0.3333333432674408
-0.08754027634859085,0.6891247410867404,-0.19381269812583923,1.1183806822247484,0.42373639860087436,1.1809340153111954,1.0360241110612975,0.8125699778840769,-1.3509234157333856,-0.6237646341323853,-1.163797557828706,0.5
-0.7695379853248596,-0.7380198836326599,0.9222362167761397,-0.8109833002090454,-0.7333282543085372,1.1409655326773003,0.14821538038778084,-1.5327592063515179,-0.8739349919985242,0.840414129909026,0.7565872473895373,0.6666666865348816
-0.7695379853248596,-0.6191481351852417,-0.6694766879081726,1.0194635198082864,-0.4801901578903198,0.6975533342090862,1.5746607628113285,0.6220476316741976,-0.12678442551453584,-1.0244628190994263,-1.0534383058547974,0.5
0.6605079452734051,1.0790363093645559,-0.2617647051811218,-0.7220988273620605,0.25987974605963876,-0.5072526931762695,-0.6752823549114946,0.42700418482402547,0.5322151184082031,0.3111979067325592,-0.37881800532341003,0.5
0.8217899799346924,-0.8369356981998775,0.34980329871177673,-0.5665509104728699,0.3490666623146009,-1.4757097163827764,-1.8305875910919307,0.3612902148292095,-0.5949205018099063,1.4124380689643197,-0.1258353590965271,0.3333333432674408
-1.6235201615698973,-0.372629376648738,-2.0901397934441284,-0.18329235411887349,-0.1979272311572851,-0.22639626264572144,0.16725037245893948,-0.6069302016533574,1.4639215991146524,-0.9485939686133996,0.08147126422127127,0.3333333432674408
-1.0435404699097455,1.5395368363569992,-0.6700703619444554,-0.5374675525792652,-0.42593276500701904,0.39148786664009094,-0.7459675959663672,-0.7357038985211449,0.9027618157696324,-0.7820195933950043,0.5487849712371826,0.1666666716337204
-0.5422053933143616,-0.5002763271331787,0.4177553057670593,1.9866127019274904,0.17967831363440923,1.1217145919799805,0.653280576402786,1.163176385480923,0.5322151184082031,0.24441486597061157,-0.631800651550293,0.6666666865348816
-1.224203109741211,-0.5597122311592102,-0.397668719291687,0.710410195958504,-0.6158336400985718,-0.46156717369175393,0.13164191760279134,-0.14152899233210642,0.9686561822891235,-0.957679808139801,0.7681957442812125,0.5
0.6702349185943604,1.2869709738795558,-1.2422329912455583,-0.46696611427778467,0.8406772453631353,-1.494538776505598,-1.7874328353123188,0.9557661324044605,0.5945638418197632,-0.02271728403866291,-0.46314552426338196,0.5
-0.6179829239845276,-0.2625327408313751,-0.2617647051811218,2.9212017117656743,-0.34454667568206787,0.05446016043424606,0.14075013918721202,1.9161069592860214,-0.9641541242599487,0.4447639584541321,-1.306420922279358,0.3333333432674408
-1.5475652936712523,-0.6969688713196512,0.34980329871177673,0.9837671098103372,-0.2089032083749771,0.2791453003883362,0.5056867120643055,0.6803411598048154,0.843100676318632,0.24441486597061157,-1.0075163178787478,0.3333333432674408
-0.31686686248546697,-0.4856504344836496,-0.19381269812583923,-0.6776565313339233,-0.37525052421113125,-0.6195952296257019,-0.9340086054107356,-1.4404759040464272,-0.7147592306137085,0.6960002523164384,1.2998657301005994,0.5
0.9657388057593015,-1.0351994037628174,0.21389929950237274,-0.8109833002090454,-0.7318615716511672,-0.6757665276527405,-0.5744398799080267,-0.45744647383091225,-0.9434716669862447,-1.0244628190994263,-0.18537353104057236,0.6666666865348816
-0.6937604546546936,0.19449139358529383,0.9852129046669489,-0.8554255366325378,-0.37167537212371826,-1.237479329109192,-0.8921844848575919,-0.7797664446723341,0.6749058429373259,0.903306152006863,0.04281972348690033,0.6666666865348816
-0.6937604546546936,0.015428724572194656,-0.12586070597171783,-0.11486724634030482,-0.39850857958922387,-1.1341399990334866,-0.1098879009251095,-0.5667111067022198,-2.116984424721643,0.04406575486063957,-1.4278698946307555,0.3333333432674408
0.46347975808298253,-0.3814045190811157,-0.039106671565054686,-0.7887621521949768,-0.5073188543319702,-0.18688704089692632,-0.9530098797922215,-1.1533945176987173,-1.151200294494629,-1.0244628190994263,0.4933479976020455,0.5
1.5434357335174118,0.6463762629567371,-0.6694766879081726,0.263933707499519,0.8916203207804563,-0.3949100971221924,-0.06881773787436488,0.9917502718753175,-0.2159694880247116,-0.5569815635681152,-0.7161281704902649,0.3333333432674408
-0.5422053933143616,-0.6785839796066284,0.14594730734825134,-0.7220988273620605,-0.4801901578903198,0.9392157230239362,-0.2747853760094657,-1.1403236216568757,1.1082667841571008,-0.0895003229379654,0.7727470740290344,0.9687498479212643
-0.3148728311061859,-0.6785839796066284,0.6895633339881897,0.0024645314194567895,-0.46916941170942994,0.40861806045012117,-0.26888429370078276,-1.0049957530090425,0.15812282264232635,-0.3672417917030067,1.813698172569275,0.5
0.4429023563861847,-0.8568916916847229,0.21389929950237274,0.7917422883991296,0.4592300491470064,0.3697343312290291,1.0855552015040237,0.7442670195835198,0.9686561822891235,0.17763182520866394,0.5487849712371826,0.3333333432674408
-0.16331779956817627,-1.1865879521228804,0.07799530029296875,0.7995832453483148,-0.2631605863571167,0.7846868634223938,0.416229053379027,0.53844830631393,0.5945638418197632,0.6451131105422974,-0.2944904565811157,0.5
-1.224203109741211,-0.9163275957107544,0.010043300688266754,0.4163539550183382,-0.7186032233482632,0.11063144356012344,0.11898619644730551,-0.6028758582612617,1.6873501840096325,-0.5569815635681152,0.6331125497817993,0.5
-0.3148728311061859,-0.2625327408313751,0.07799530029296875,-0.09087519966148716,-0.6158336400985718,0.5038304328918457,0.6471050257113374,-0.6269739043304673,-0.754465718983885,-1.4715873004161193,0.4303723235695184,0.5
-0.5422053933143616,-0.024789171293377876,-0.3199683421738525,-0.74167332622156,-0.7657392856808586,0.4476591646671295,-0.5536815114180315,-1.9372011216062386,-1.76126293505282,-1.3445754459547843,1.6450430154800415,0.5
-0.40157491040015714,-0.9757634997367859,0.6038396088702366,0.10161374095676758,-0.2360319048166275,1.5932281020391348,2.1393263072017072,-0.6458398711249005,0.2204715460538864,-0.890896737575531,0.8017675876617432,0.3333333432674408
0.29134732484817505,2.0862499993608887,-1.0681187039734223,-0.8109833002090454,0.5778290033340454,-0.7638465175099491,-0.9421510550571854,0.22047122990377127,0.14926744011355292,0.5663196675585069,-0.46314552426338196,0.1666666716337204
-0.6179829239845276,-0.20309685170650482,0.14594730734825134,0.42900496130024296,0.8238701908150716,0.5238634056461013,1.7570039740983079,0.29788685451056723,-1.4005951881408691,-0.2898494303226471,-1.2574893075023157,0.3333333432674408
-0.018373815453287506,-0.8568916916847229,-0.4656206965446472,-0.5164314337287009,-0.7682364630780145,0.3242192498558496,0.2749275121186431,-1.4498139794904754,-1.6234431912590803,-0.49019855260849,1.1390777826309204,0.6666666865348816
-0.16331779956817627,-0.2625327408313751,-0.4656206965446472,1.5149942860257113,-0.561576247215271,-0.9566229581832886,0.1294431869713982,0.5348082359466121,-0.34066691994667053,-0.890896737575531,-0.5474730730056763,0.3333333432674408
-0.6179829239845276,-0.6785839796066284,0.6520107779031435,-0.664731216682644,-0.37167537212371826,0.3653988497184957,1.285676151110753,-1.6537235062848785,-0.9995508884606851,-0.6237646341323853,1.392060399055481,0.5
0.8217899799346924,-0.024789171293377876,-0.2617647051811218,-0.6998776793479919,0.07419605324754863,0.6723442673683167,-0.14125728316975789,-0.05422029987420362,-1.0290338817483264,-1.1580289602279663,-0.9921067423018046,0.3333333432674408
0.06401476263999939,1.5801750839109914,1.1652272939682007,0.7965336425659111,-0.8492808739341366,1.448369169870351,0.6775016403629517,-0.9183827888204681,-1.0265028476715088,-1.1231424170214532,2.002427517218729,0.6666666865348816
-1.206097835941115,-0.5002763271331787,1.1652272939682007,2.172627393847607,-0.2631605863571167,0.6294775498710447,-0.08061339209238322,1.2685519810999766,-0.7771079540252686,-0.02271728403866291,-1.4184913093343128,0.5
0.7460124492645264,-0.7807594365088275,0.8532801880976569,-0.8871807742572884,-0.6429623365402222,0.2877590337946322,-0.2938833602081171,-1.1974274112304617,-1.8751278264761744,-1.0244628190994263,0.5487849712371826,0.5
0.36712485551834106,-0.7059453410838542,0.010043300688266754,-0.5430509911335017,-0.7243484258651733,-0.17022497951984406,0.33827033785210603,0.22967496575228655,-2.2404288188219716,-1.0244628190994263,-0.9728418445981886,0.5
0.06401476263999939,0.33182618021965027,-0.6015247106552124,-0.24201159205305744,-0.01900232955813408,-1.237479329109192,0.7301516834768658,0.19665333446220956,-0.46536436676979065,-0.02271728403866291,-0.6651393221329001,0.3333333432674408
-0.3148728311061859,-0.48824283716905714,-0.2587641226837249,-0.07950318304263392,-0.037017854017532714,0.7697309960644744,1.0374424281569643,-1.2793737206914517,-0.8000116739280886,-0.6358728227550239,1.813698172569275,0.5
-1.1830052417487773,-0.6191481351852417,-0.4656206965446472,2.497365169429832,-0.01900232955813408,-0.5072526931762695,-0.31642942330015295,1.305855284393812,1.3433754559381088,-0.3566324710845947,-0.8004556894302368,0.3333333432674408
-0.5422053933143616,0.21295440196990967,1.1652272939682007,0.43963223782667904,-0.34454667568206787,1.9675557107872386,1.3485132392328656,0.2905532834607004,-1.213549017906189,-0.4471666466470385,-0.8847832679748535,0.3333333432674408
-0.3703434854113997,1.6011325531705043,-1.410101508030054,-0.8559956231340511,-0.8328632116317749,-1.349821925163269,-1.335418912120586,-0.7128417527185947,-0.46536436676979065,-1.6090632315248745,-0.631800651550293,0.008766940777287534
-0.2390953153371811,-0.20309685170650482,1.8522609581335119,1.638447280153145,-0.1207401161440061,0.12386252024718526,0.5557008480512169,1.2001607724684678,0.0957741066813469,-0.5569815635681152,-1.4629734321320795,0.3333333432674408
0.36712485551834106,1.7437170805113986,3.2909781683422867,-0.6776565313339233,3.2871928306644804,-0.9566229581832886,-0.6288138335563778,0.22204120516444292,-0.4030156433582306,-0.10191322287908247,-0.37881800532341003,0.3333333432674408
0.1397922784090042,-1.0351994037628174,0.7212984542037444,2.3147880290408533,-0.10038841515779495,0.1039219955713909,0.5540027487587253,1.272676892262651,-0.8336503666143251,-0.6905476450920105,-1.0534383058547974,0.3333333432674408
-0.8453154563903809,-0.5597122311592102,0.4177553057670593,0.5615608889353441,-0.2631605863571167,2.5740783505796188,1.9835166298912652,0.3265732882973459,-0.7334965998381835,-0.49019855260849,-1.306420922279358,0.5
-0.7695379853248596,-0.024789171293377876,-0.9099893000034173,-0.4153528831731786,-0.5344475507736206,0.1943230139549159,-0.015419571508721601,-1.6603708566100777,-0.08841291828959125,-1.4839699032370575,2.019527961228912,0.5
-0.3148728311061859,-0.3928567515543353,-0.15374930896784522,-0.6554354429244995,-0.7243484258651733,-0.17022497951984406,-0.271870685475416,-1.6951986788172653,-0.7147592306137085,-1.0244628190994263,1.5480250206980557,0.6666666865348816
-0.3148728311061859,-0.5435524622596504,-0.5335727334022522,-0.7443199157714844,-0.2631605863571167,0.2229740172624588,0.09343724446378553,-0.7338587485750218,-0.028923334553837776,-0.15628336369991302,0.12714727222919464,0.5
0.9599536288011732,-0.20309685170650482,1.009241241446515,1.1764000204401248,-0.4161703319900156,1.0217866723859548,0.3396416713009198,0.3945345706285863,0.46986642479896545,-1.0244628190994263,1.3961643348067752,0.6666666865348816
-0.6179829239845276,-0.5002763271331787,-1.2851976970355818,-0.24241717257712042,-0.2089032083749771,1.065543293952942,1.4546342818930473,0.2199798640689186,-0.15362077951431274,-0.6905476450920105,-1.0534383058547974,0.1666666716337204
-1.7351896029713108,-0.6191481351852417,-1.5698785214161441,-0.833204448223114,-0.5601625256060742,-0.0578824058175087,-0.019509974867105484,-0.18435718759625921,4.883502634107844,0.24441486597061157,-0.0466238480624364,0.5
-0.48304423160949017,0.6412770415696037,-1.2003339262561112,-0.4310409655628991,-0.18177451193332672,-0.41799396803787164,-0.5286897002228268,0.1622466854215188,0.8439587354660034,-1.0244628190994263,-0.631800651550293,0.3333333432674408
-0.9968705177307129,-1.0351994037628174,0.07799530029296875,-0.9206906782269798,-0.37167537212371826,0.02054570289152545,0.5975351643774888,-0.9617513186988542,0.15812282264232635,-0.2898494303226471,-0.041507821530103683,0.5
-0.39065036177635193,-1.0351994037628174,1.078191024351603,-0.7887621521949768,-0.5073188543319702,1.590029289197815,0.9475231910573227,-1.1356155594645339,0.9686561822891235,0.9852412247800009,1.0843991756149607,0.5
0.7460124492645264,-0.39137070217324527,0.6895633339881897,-0.6481291217472801,-0.810170986309527,0.5038304328918457,-0.17621719278874962,-0.9135821667398374,-1.3154207180842126,-0.35913943932156944,0.21147480607032776,0.3333333432674408
-0.2390953153371811,-1.094635248184204,0.07799530029296875,0.5840872901020303,-0.5887049436569214,0.2229740172624588,0.22932155249012842,-0.46563291592450917,-0.34066691994667053,-1.200609985894256,0.6331125497817993,0.5
-0.01176275685429573,-0.5002763271331787,-0.05790869891643524,-0.4464813734978356,-0.01900232955813408,-0.7249385502086217,-1.4139182549184168,-1.4389727451418162,-1.151200294494629,-1.0244628190994263,1.223405361175537,0.5
6.353549003601074,-1.5701223611831665,9.11561107635498,-0.9887523055076599,-1.2940510511398315,14.546651840209961,5.739711284637451,5.3161420822143555,4.896625518798828,9.794388771057129,3.078611373901367,0.0
-0.2390953153371811,-0.6191481351852417,0.07799530029296875,0.23650625296903907,-0.39880406856536865,1.951718577342165,1.0849654769208874,-0.4083383191549264,-0.393420289531628,0.37798094749450684,-0.041507821530103683,0.3333333432674408
1.3455291481734943,1.4546610840658816,-1.5833167081020902,-0.7220988273620605,0.6323344237689543,-1.349821925163269,-1.578063483000039,1.033216118812561,0.9063074588775635,0.24441486597061157,-0.2101629078388214,0.3333333432674408
-0.6179829239845276,-0.8825630961230259,0.21389929950237274,-0.6776565313339233,-0.311105228145725,1.6719331590340234,0.41324284676990286,-0.5620787056807293,1.7917967552826617,1.6543711806799983,0.7174400687217712,0.6269067975542749
1.2751227910863823,3.0042642203847385,-2.1644208431243896,-0.7336667837258878,0.7050290614469764,-1.2023053749298804,-1.7796353562777216,1.1932460711787471,0.6569125652313232,0.24441486597061157,-0.9691107869148254,0.3333333432674408
0.1397922784090042,1.735149446127191,-1.599637469710543,-0.2089726947444076,1.4592607124371364,-1.349821925163269,-1.5299486336980037,0.6936412306698456,0.6090579656902555,0.3111979067325592,-0.5474730730056763,0.3333333432674408
0.8217899799346924,-0.3219686448574066,0.07799530029296875,-0.821567006157844,-0.34454667568206787,0.4476591646671295,0.9615877678769518,-0.8871939638951201,-0.6996589766478807,0.26977641568071037,0.6331125497817993,0.8333333134651184
-0.01176275685429573,1.0848678081009384,-1.1491079168735416,-0.6554354429244995,1.5369911633965585,-0.8442803621292114,-1.5706316938034266,-0.21787626151694112,0.47754267984128923,-0.15628336369991302,1.3437152597301,0.6666666865348816
-0.30592765903608304,-1.053038324386164,0.21389929950237274,2.2474068564597003,-0.23467038254798323,0.7846868634223938,0.2589380241266218,1.4617900647440933,1.2882804573724387,-1.1002858522953156,-1.137765884399414,0.5
-0.8453154563903809,0.23209812497249266,-0.4656206965446472,-0.6332142949104309,-0.12446917388166837,0.013858490343305952,0.08285396280948575,0.15524992913022942,1.556436420461885,-0.42341551184654236,-1.137765884399414,0.5
-0.39065036177635193,0.08923455976791386,0.40069280990503875,0.44821998043481975,0.021569528419059174,0.7846868634223938,3.798374734649784,0.5613986181935793,0.020158472838000575,0.17763182520866394,-0.8847832679748535,0.1666666716337204
-0.2390953153371811,-0.9009904300406698,1.1652272939682007,-0.0895807524460909,-0.7542463421683563,0.2791453003883362,0.4436961704060133,-0.667360513314763,0.2828202545642853,-1.3583780527114868,0.5487849712371826,0.5
-1.4976439720333268,1.4509629462757343,-1.6003254247869105,-0.4623585674301402,-0.2089032083749771,1.065543293952942,0.051133128801365,-0.9541444999352968,1.3481412647907622,-0.7573306560516357,1.3923373884620662,0.6607738767873309
-0.9694530985019145,-0.6191481351852417,-0.4656206965446472,0.1823094421061227,-0.32060877447861225,0.8879461859751056,0.34161942424397945,0.2537093228763074,0.15812282264232635,-0.42341551184654236,-1.29272075512448,0.5
-0.2390953153371811,-0.2625327408313751,0.4177553057670593,5.702235137267214,-0.1441349693900736,0.8913361492914662,2.2258392630346084,3.653221589600564,-1.4005951881408691,0.6137880183928661,-1.559403657913208,0.3333333432674408
-0.6179829239845276,1.0083339877318085,-0.7293353397730344,-0.6584842849039586,0.4733986615889462,-1.0689655542373657,-1.727873944169442,-0.2551584449487615,0.8439587354660034,1.1846850129342994,1.1224585450704998,0.6666666865348816
-0.16331779956817627,0.6561456181795812,0.2146148933051225,-0.6998776793479919,0.7892103975974251,-0.5634239912033081,-1.3727138490706814,0.7764067410315825,1.1557023525238037,-0.49019855260849,-0.8847832679748535,0.3333333432674408
0.29134732484817505,-0.5597122311592102,0.010043300688266754,-0.7306514428564116,-0.4801901578903198,-0.0578824058175087,0.6600930174352404,-0.9259559263683342,-0.9641541242599487,-0.957679808139801,0.31453225039284227,0.5
5.892886178106129,-0.2625327408313751,2.027685795813399,-0.4998875558376312,0.8768509395836054,-1.1309876774568575,-1.60235304372588,4.391666033272494,-0.15362077951431274,3.2498615132538844,-0.631800651550293,0.5
-0.8453154563903809,-0.7974557876586914,-0.3297167122364044,-0.8554255366325378,-0.37167537212371826,1.2330165235374735,0.3666702217975876,-0.8401637459382199,1.0933536291122437,-0.49019855260849,-0.46314552426338196,0.5
-0.5486024112801875,-0.6785839796066284,-0.6694766879081726,4.459374215928836,0.00246216265808262,0.9595315597918902,1.4237135323767005,1.8338389396849692,-0.9018054008483887,-0.3566324710845947,-1.1351543863599323,0.5
-0.9968705177307129,0.8309741976353657,-1.9534600766503867,-0.8618705391540878,-0.6158336400985718,-1.1899773484023517,-0.14731692076707759,-1.0141146585094083,-0.2061535746643016,-0.19297828936210953,-0.041507821530103683,0.3333333432674408
-0.08754027634859085,1.5527050209025168,-0.05790869891643524,-0.766541063785553,0.32394539373648124,-0.731937825679779,-1.3653362464934535,0.88646710774443,0.9063074588775635,1.423003409573979,-0.7600914046976682,0.3333333432674408
0.06401476263999939,-0.9757634997367859,0.21389929950237274,-0.8109833002090454,-0.07325971871614456,0.7101232452768503,0.19866237439389556,-0.6891867960226397,0.38630087713420946,-0.02271728403866291,0.21147480607032776,0.3333333432674408
-1.5784785489528692,-0.3814045190811157,-0.941284716129303,-0.6109932065010071,0.6776552176608974,-0.037018220731037305,-1.2482987937490018,-0.2761861380218746,2.001970202676466,0.4447639584541321,0.7174400687217712,0.5
-1.072648048400879,-0.14366096258163452,-0.12586070597171783,2.6116382694740907,-0.10038841515779495,0.64648748521369,0.539165012031829,1.1160177004384573,-0.15362077951431274,0.04406575486063957,-0.9691107869148254,0.661209010522815
-0.6179829239845276,-0.6191481351852417,-1.1364705926059386,0.3321486787984165,-0.4801901578903198,0.16680273413658142,0.5233136142139763,0.08960455492648765,-0.9018054008483887,-1.0260598469230258,-0.8847832679748535,0.3333333432674408
-0.9968705177307129,-0.8568916916847229,-0.9440605553111481,0.43124376206317727,-0.3174179792404175,0.33531656861305237,0.9394295086801501,0.0028807801557108256,0.34516897797584534,0.04406575486063957,-0.8847832679748535,0.3333333432674408
-0.46642789244651794,0.09408261626958847,-0.8009045855435066,0.10073591066110345,-0.7243484258651733,-1.0689655542373657,-0.3947154440589569,-1.2565660554769034,-0.675241409009791,-0.890896737575531,1.9341654126020102,0.5
-0.6035296789199839,-1.3354701221570522,-0.05790869891643524,-0.8776466846466064,-0.34454667568206787,1.065543293952942,-0.04088844356652528,-1.1926830555418442,1.0042131443766122,-0.5569815635681152,0.6331125497817993,0.5
0.29134732484817505,0.16311371476528597,-0.28675473442559823,-0.18585283117644505,-0.4801901578903198,-0.5157506606598784,0.28449616315778786,-0.8290019161620559,-0.2159694880247116,-0.890896737575531,0.4644574522972107,0.5
-0.9955497840621319,-0.2625327408313751,0.4857073128223419,-0.8554255366325378,-0.6429623365402222,0.005544132738686205,-0.6457303182680023,-2.1997294324608423,-0.46536436676979065,-1.1800717348899121,1.846767688656849,0.4868993972428661
1.3003622056742101,1.4283505971924908,-0.2617647051811218,-0.10723268078369057,0.10515262451073577,-1.5019453500567643,-1.7587491939622828,0.7074799816848452,-0.4030156433582306,-0.6905476450920105,-0.8847832679748535,0.3333333432674408
-0.2390953153371811,-1.2243633040573378,-0.05790869891643524,-0.7887621521949768,-0.371706273554038,0.2229740172624588,0.33896108956452936,-0.7835815835254226,0.9686561822891235,0.5783300399780273,0.9107158451783304,0.6666666865348816
-1.224203109741211,-0.25268288465649785,-0.05790869891643524,-0.766541063785553,-0.34454667568206787,0.05446016043424606,0.3678435404606543,-0.7256387901187952,-0.40277272615549065,-0.02271728403866291,-1.137765884399414,0.3333333432674408
0.29134732484817505,0.02836467139376247,0.07799530029296875,-0.338975142315323,-0.5828237757265201,-0.5024388158573014,0.8340701407804428,-0.5158459204095198,-0.29465873584372737,1.4268182224137453,1.3308344133000602,0.5
-0.39065036177635193,-0.18536310034252473,0.16987558891227922,-0.9127522379903049,0.3685857533276505,-0.17022497951984406,0.25651162287764995,-0.8218203549830958,-0.46536436676979065,-0.7573306560516357,-0.3079071447236007,0.5
-0.01176275685429573,2.083241505761681,0.05358403946944296,-0.6332142949104309,1.697193447770234,-1.4059932231903076,-1.672859571531526,0.45572175295856804,-0.2159694880247116,-0.11563458366408626,-1.137765884399414,0.3333333432674408
1.5912251328927944,0.5138662269943597,-0.941284716129303,-0.6518123237304735,1.7390551432095454,-0.5634239912033081,-1.3115175343540721,0.5858864104913095,-0.2159694880247116,1.47521616985728,0.5490363895326609,0.5
-1.2154517792171635,-0.48986000847873934,-0.5335727334022522,1.7834976393244775,-0.21908572885147354,0.36450376086990155,0.608536718317182,-0.11762985811153971,-0.2159694880247116,-0.4576850222223248,0.5487849712371826,0.5
-0.16331779956817627,-0.3219686448574066,0.010043300688266754,0.4496652539294847,-0.3908175443954177,0.4657644212138426,0.6401208734177505,-0.19194137348404305,-0.2783181965351105,-1.0244628190994263,-0.1258353590965271,0.3333333432674408
0.1397922784090042,-0.3219686448574066,-0.2617647051811218,1.2502290585975782,0.3007701993378058,0.7104816407511317,2.0280813672913864,0.8275618517578774,-0.5900617837905884,0.020115898941338695,-0.8697243694093876,0.5
-0.5468048180346368,-0.25176255124503727,-0.8051452735496384,2.235316075948401,-0.5887049436569214,1.6783909502794916,1.5430096071428796,1.128543801015989,-0.4030156433582306,1.2577308321182377,-0.8004556894302368,0.5
2.9854955555090497,1.3063746674375665,0.6895633339881897,-0.6285508922334804,0.6174976641358466,0.2791453003883362,-0.5034328689805205,1.3458924727626,0.138909555584743,1.320387643267151,-0.631800651550293,0.5
-0.5422053933143616,-0.01504787190812484,0.6895633339881897,0.17954766092124702,-0.34454667568206787,-0.45108139514923096,1.2159696769838941,0.1341856615859537,-1.3241506906342826,-0.49019855260849,-0.9691107869148254,0.3333333432674408
0.29134732484817505,-1.213507056236267,-0.048204313808235214,-0.766541063785553,0.28834025238208305,-0.22639626264572144,-1.1362348930300206,0.6251670293857379,1.6978505379026363,3.190119511442395,-0.041507821530103683,0.6666666865348816
-0.7827956904475601,-0.024789171293377876,-0.5335727334022522,-0.098733936040649,-0.2902892827987671,-1.5900892762315588,-0.362375721792667,-0.38975144869973904,-0.5277130603790283,-0.890896737575531,-0.1258353590965271,0.022171970979548268
0.6702349185943604,0.33929228859227994,2.794044794516971,1.1177488087285337,-0.2360319048166275,2.175400545774982,1.490999794885769,1.0431969505592658,-0.34066691994667053,-1.2915949821472168,-1.306420922279358,0.3333333432674408
-0.8885180259851687,-0.3219686448574066,1.1652272939682007,0.8861946567158245,-0.39934597396847915,1.5021203106431027,2.2525005138240943,0.42679357096067827,-0.2159694880247116,-0.2898494303226471,-0.9691107869148254,0.1666666716337204
-0.7502734851256049,-0.7974557876586914,-0.19381269812583923,-0.7305827835095062,-0.14303785897011423,0.05446016043424606,0.6928877237413612,-0.46320376568644517,0.7192612886428833,-0.890896737575531,-0.011805519674451825,0.5
1.075541115304858,-0.2766608526298459,1.3720958357617927,-0.6776565313339233,1.2197756080395137,-1.1251368522644043,-1.5810115606024546,0.7018735654627968,0.4075177013874054,0.8049052612622036,0.12714727222919464,0.3333333432674408
0.21556980907917023,-0.5002763271331787,0.4177553057670593,0.05796032003789704,-0.27942651417544906,-0.3949100971221924,0.19047610409383653,0.3802551381747496,-0.028923334553837776,0.7786791324615479,-0.2944904565811157,0.3333333432674408
-0.493884341029193,0.09408261626958847,-0.11108352356724976,-0.02709726936841569,-0.8244567671043233,1.3005205105505824,0.5147537809366406,-1.256174466822284,-0.6748172065044645,-0.5569815635681152,1.5607155561447144,0.5
-0.2390953153371811,-1.0351994037628174,-0.397668719291687,-0.7887621521949768,-0.4531278062341365,-0.5072526931762695,-0.846050998780565,-1.705294659319072,-1.507018258787444,0.4447639584541321,1.392060399055481,0.5
-0.9968705177307129,-0.024789171293377876,0.21389929950237274,-0.6776565313339233,-0.10038841515779495,-0.5868772167217399,0.1950101046448313,-0.10682618381115572,0.46986642479896545,-0.2898494303226471,-1.0561864788038935,0.5
0.42866676047146357,-0.20309685170650482,1.2838913554432874,2.2210942907037987,-0.2360319048166275,0.39148786664009094,0.5986495439936846,0.9797165598221292,-0.3250443730378649,0.03442200025782557,-0.46314552426338196,0.5
3.6101393433251086,0.9861025658699658,0.8254672884941101,-0.5887720584869385,0.8975670207921544,0.10450740074455034,-0.638611618899719,1.7952972505441727,0.2204715460538864,4.214821276443133,-0.46314552426338196,0.3333333432674408
-0.5499141350519783,0.501074620340035,-1.0431100547461105,-0.6685049758934858,0.3966124419786238,-0.26554675626788943,-1.4829673790518738,0.6783451132017323,2.4021502345460806,0.6451131105422974,-0.46314552426338196,0.3333333432674408
1.5936039489001796,-0.5597122311592102,0.39127383620866274,-0.530470583078588,0.9879532564878408,-1.3910625196799937,-1.7748049601928546,0.41270463508308486,-1.014118962964689,1.0797380119091442,0.12714727222919464,0.5
-0.5422053933143616,-0.9840089433186543,-0.2617647051811218,0.6579666399637355,-0.18177451193332672,0.9532006978988647,0.4213892723190995,-0.1844927853566984,0.2204715460538864,-0.8914576809080834,0.7174400687217712,0.5
3.5067341299470702,1.0810980388759197,2.49874312143407,-0.6332142949104309,1.7544900872904363,-0.2825675308704376,-1.2677276174023766,1.4185919821584698,-0.8606764087764195,0.40872764977222437,-0.8916284162107768,0.5
0.5186799168586731,-0.8568916916847229,0.14594730734825134,-0.8109833002090454,-0.3174179792404175,-0.3949100971221924,0.04161359362018881,-0.05483703047833513,-0.1529344772193738,-0.42138497541773173,-1.2220934629440308,0.5
0.8321854023057398,-0.5597122311592102,0.8934193253517151,-0.6332142949104309,0.6058099353386109,-0.9566229581832886,-0.9997585656831699,-0.3771009581537119,-0.46536436676979065,0.5115470290184021,0.4644574522972107,0.3333333432674408
0.7345715457419061,0.5576183339349156,-0.941284716129303,-0.6776565313339233,0.7850511045137729,-1.237479329109192,-1.5530628196132865,1.033216118812561,-0.15362077951431274,0.4061710378328022,-1.2220934629440308,0.5
0.1397922784090042,-0.2625327408313751,-0.011196801083716755,-0.5365409674158014,-0.5073188543319702,1.065543293952942,0.9466778403997049,-0.734586047698107,0.5138706256986814,-1.2492265612461397,0.8270281753577208,0.5
1.0399262616502238,1.0698734526904516,0.8254672884941101,-0.7443199157714844,-0.2902892827987671,-1.4059932231903076,-1.8231091039730578,0.7736520774717703,0.15812282264232635,-0.0895003229379654,-0.35037218493368555,0.3333333432674408
-0.8453154563903809,-0.6191481351852417,-0.12586070597171783,-0.9146053637738887,-0.8036378239051696,-0.5634239912033081,-0.5976291120539233,-1.8802884895031937,0.16425585540925713,-1.4398490863212263,1.6952593397121196,0.5514018978578582
0.24646425004046227,-0.3814045190811157,-0.19381269812583923,0.457633875613271,0.21965991797964868,-1.349821925163269,-1.4960283839073165,0.4835933101583907,-1.0888515710830688,-1.2255481636711758,-0.8004556894302368,0.3333333432674408
6.353549003601074,-1.5701223611831665,9.11561107635498,-0.9887523055076599,-1.2940510511398315,14.546651840209961,5.739711284637451,5.3161420822143555,4.896625518798828,9.794388771057129,3.078611373901367,0.0
-0.5422053933143616,-0.9163275957107544,-0.8495848451477028,1.395800359978776,-0.01900232955813408,0.42149770299335054,0.5990451915997447,0.7299109378562831,-0.9307531205607804,-0.06813365704329064,-1.2220934629440308,0.3333333432674408
1.0760035963386945,-0.3219686448574066,1.060900921568658,-0.5121796149481874,0.7059022926503652,-1.4259420348813774,-1.2944262390225276,0.26724966484418583,0.9559566535923589,1.3961870378007708,2.10337177219265,0.6666666865348816
-0.9210929870605469,-0.9757634997367859,2.045427425985431,0.262094304184501,-0.6158336400985718,-0.9566229581832886,-0.10567201404951188,-0.7364744211049138,0.34516897797584534,-0.0895003229379654,0.3801299035549164,0.3333333432674408
-0.7695379853248596,-0.6191481351852417,0.28185129165649414,-0.833204448223114,-0.2360319048166275,1.2335166042250145,0.308010322562358,-0.521920523545112,-0.8921209075952614,-0.7398415753144034,-0.6310752259583622,0.5
-0.46642789244651794,0.01710446998469059,-0.22685156237680215,0.5896425650064651,-0.37167537212371826,-0.7327345531413717,-0.3501291128172784,-1.192873696175392,-1.602222739073332,-0.49019855260849,1.3139154882956265,0.6666666865348816
2.951930032826816,1.362327411758599,-0.07871861717986327,-0.6109932065010071,1.074785141216676,-1.4269164663903302,-1.6737818598733658,1.7240246628147249,-0.5277130603790283,-0.02271728403866291,-0.8847832679748535,0.5
0.06401476263999939,-0.2625327408313751,2.0590201244329114,1.9645602171996686,-0.15464581549167633,-0.0578824058175087,0.36902093798850244,1.055698768589514,-0.7771079540252686,-0.5569815635681152,-0.9691107869148254,0.3333333432674408
-0.5414058902451558,1.4897915602253442,-0.8735243877890494,0.45255629416503457,-0.8666855737199134,0.4877455438683643,0.1724315962099509,-1.0754053386724478,0.14527857596015603,0.348465707870939,1.8474080235584365,0.5
0.8217899799346924,-0.9431145691611903,1.0293233394622803,-0.6554354429244995,-0.2902892827987671,-0.019935846405260457,-0.5085851330007092,0.08939938792079843,-2.9006148538814074,-0.42341551184654236,-0.8847832679748535,0.5
-0.1415472807263268,-0.4408404231071472,-0.397668719291687,1.6926895004798777,-0.14215876751173342,1.2176202419380506,0.5125307569500829,1.1416138460664187,0.33873631789807374,-1.1580289602279663,-0.9691107869148254,0.5
-0.01176275685429573,-0.3814045190811157,0.6963214117359748,-0.8554255366325378,-0.561576247215271,-0.22639626264572144,0.3130712756278704,-0.2483950232530314,0.13427965863518423,-0.6905476450920105,-0.8004556894302368,0.5
-0.29248800098860617,-0.9163275957107544,-0.3297167122364044,-0.8109833002090454,-0.7243484258651733,0.6048900398974648,-0.32854420838495285,-1.348974563573703,0.5945638418197632,0.13869453870322182,1.5607155561447144,0.6666666865348816
-0.2390953153371811,-1.1996278624569103,-0.3297167122364044,-0.16791800809593274,-0.45306146144866943,-0.0873157438176353,0.2534279373734258,-0.3851945821002308,-0.2783181965351105,-1.3242036404157356,0.12714727222919464,0.5
2.7192722075292064,0.027606729388235905,0.010043300688266754,-0.6554354429244995,-0.6700910329818726,-1.0127942562103271,-1.2682527816734246,-0.18681522255230973,-2.685173143805327,-1.4315971454520229,-0.041507821530103683,0.1666666716337204
-1.9935779769930642,0.39301767158630113,-2.1597521250371834,-0.6738244787999333,-0.43869209867835507,-0.7881091237068176,-0.036379350262588095,-1.8317469345796749,0.34516897797584534,0.7118961215019226,2.4929471324387116,0.5
0.4429023563861847,5.702659892212326,-0.8053807020187378,-0.544329822063446,0.9920721514680354,-1.17933250872003,-1.572036000859885,0.8463829496500413,0.7192612886428833,0.2010292266363793,-0.631800651550293,0.052111679856253305
-0.7012663888335147,0.5120895450096511,-1.421577797266459,-0.7443199157714844,-0.07325971871614456,-0.3949100971221924,-1.0287048719068526,-0.19521899678740923,0.7816100120544434,0.9790282845497131,-0.8847832679748535,0.3333333432674408
-0.7695379853248596,1.372268121700305,-0.4656206965446472,-0.2737707916995297,-0.6970712894606972,-1.0987271436789419,0.21505207971562934,-1.1120434785876416,0.8439587354660034,2.08296068156573,2.250374681216846,0.8333333134651184
-1.072648048400879,2.4748181649639496,-1.7642475698494817,-0.6776565313339233,0.7419870502822837,-1.2936506271362305,-1.5271923608025024,0.294486831947805,2.3848439907214156,-0.15628336369991302,0.6331125497817993,0.5
-0.3814162006287185,0.5925944956854435,0.7113798641647723,-0.1766743350469233,-0.561576247215271,-0.6675606808752311,-0.11634643740871325,-0.3898941053708754,0.46986642479896545,-0.002644302081012656,0.32731990913484765,0.5
0.21556980907917023,2.2196725550881844,-1.8398186893044888,-0.6776565313339233,0.7936578815041646,-0.6195952296257019,-0.9335251260236753,0.7690483528213978,0.7192612886428833,-0.42341551184654236,-1.0534383058547974,0.5
0.21556980907917023,1.4780584198742974,-1.9368828171701535,-0.6332142949104309,0.5004164601784974,-0.3387388288974762,-1.1594901091365835,1.2238882720954989,1.963393347610706,1.0951951947472163,-0.1956534132403399,0.3333333432674408
0.7460124492645264,-0.5597122311592102,0.14594730734825134,-0.6173266491067619,-0.392297302646023,-0.17022497951984406,0.20411547371770425,-1.0434297844479608,-2.041544823617654,-1.3583780527114868,0.7269797887789771,0.5
-0.22935847885229893,-0.20309685170650482,0.9182231214961989,0.5410734375995152,0.018430510990166016,0.043133590052593415,1.618309254425621,0.7384942525121174,-0.8394566774368286,-0.13068306161193388,-1.544288148163659,0.3333333432674408
-0.46642789244651794,-1.183740103733632,0.28185129165649414,0.48406596966550075,0.062383756041526794,0.7846868634223938,0.5380399247290159,0.21627944466417895,1.063709863349867,-1.122642948788254,-0.2791118372136855,0.5
-1.072648048400879,-0.5597122311592102,-1.0887688479363264,-0.5887720584869385,-0.6700910329818726,-0.28274305424185064,-0.2118091488127488,-1.2107379221999102,1.6722425144675812,-1.0244628190994263,0.8017675876617432,0.5
-0.8754878044151909,-0.2625327408313751,-0.3297167122364044,0.6729007153746955,-0.6158336400985718,2.053915881447692,0.9510690543086695,-0.5193594987582562,0.8439587354660034,-0.6905476450920105,1.1554710522105192,0.6666666865348816
0.737708532131417,-0.8568916916847229,1.1901165905287119,1.5483023838294585,-0.4801901578903198,0.05446016043424606,-0.015729733904402823,0.8793119224001937,-1.0888515710830688,-1.2670627180774383,-1.137765884399414,0.5
1.9350499746870604,0.33182618021965027,1.6853536862324174,-0.6554354429244995,0.7698417825947964,-1.349821925163269,-1.8496285905688081,0.24450475913889444,0.14025914463318,0.5556973974947804,1.4848531662042803,0.5
-0.6179829239845276,0.7260287826604314,-0.2617647051811218,0.16300105966588674,-0.5344475507736206,-0.5072526931762695,-0.061902567603711066,-0.7625309108358457,-0.2674629605864677,-0.5569815635681152,0.21147480607032776,0.6666666865348816
-0.39065036177635193,-0.2625327408313751,0.04419786915068447,0.2860072503066908,0.575264084714609,1.1217145919799805,0.3647008947364174,-0.6187513685243715,-1.1414833886395999,0.029528297545048786,0.3310272859397169,0.6666666865348816
-0.6571097057100531,-1.213507056236267,-0.19381269812583923,-0.8554255366325378,-0.561576247215271,-0.7049960290187088,-1.1359039739320687,-1.0594594190248023,-0.1232301818931924,-1.0912458896636963,-0.041507821530103683,0.6666666865348816
-0.6179829239845276,-0.024789171293377876,-0.3297167122364044,-0.8109833002090454,-0.45306146144866943,-1.055851681565043,0.9455189509894015,-0.8563238961168007,0.5322151184082031,0.17763182520866394,0.3801299035549164,0.3333333432674408
0.36712485551834106,0.15351851284503937,1.0123706604339884,-0.8554255366325378,-0.2902892827987671,-0.883528523912627,0.40086772906278034,-0.22658812527858513,0.34516897797584534,-0.23537427636701794,0.04281972348690033,0.5
-0.08754027634859085,1.1852463254757493,-2.1644208431243896,-0.7987312571787458,0.162318599546161,-1.0689655542373657,-1.5830159282535827,0.13968360525222578,-0.028923334553837776,-1.0912458896636963,-0.9691107869148254,0.3333333432674408
0.7460124492645264,0.10648190556235884,0.07411863149033623,1.9861933867294228,-0.34454667568206787,0.4889747074272696,0.9910192098513927,1.1629408992389478,-0.6524105072021484,-0.24526572282230494,-0.1258353590965271,0.5
1.3803083308359925,1.2300458047462508,-0.19381269812583923,-0.5214328566571361,1.3923286254974947,-0.2611817294402162,-0.16069959348505208,1.842327778049223,0.5841718140160419,0.7979935308796103,-0.8847832679748535,0.5
-2.122068374680329,-0.5002763271331787,-0.5228726378766353,0.45012094748793324,-0.3174179792404175,-0.494220348433837,0.1957812244251093,-0.5704947766613975,1.9279032349049516,-0.6237646341323853,0.3801299035549164,0.3333333432674408
0.4052304012526212,1.462408903696264,-1.9043464145758837,-0.5753114425983806,0.7445586814101974,-0.3949100971221924,-1.1163754127646175,0.6943504605222407,1.4101390710303177,1.4978887328500385,0.4644574522972107,0.6666666865348816
-0.3148728311061859,-0.6191481351852417,-0.046200242769622216,2.8502916345566955,-0.03879036615103123,0.6973574264454879,3.199728504502528,1.9497054142092574,0.06890668331728649,0.4595106015240434,-1.2220934629440308,0.6666666865348816
-0.6179829239845276,0.15351851284503937,-0.5335727334022522,-0.6776565313339233,0.2116859815941758,0.33531656861305237,-0.25378125028576753,-0.40297475849138864,1.549082434259908,1.1026834623829578,0.9704226851463318,0.5
-0.08754027634859085,-0.7974557876586914,-0.19381269812583923,2.9682567225890213,-0.2902892827987671,2.7993180419720787,1.4900178307115772,1.9648004338329395,-0.7771079540252686,-0.49019855260849,-1.528328258398499,0.5
-0.3148728311061859,0.8571349166062949,-1.3998017685151662,-0.7887621521949768,0.011202573230166983,-0.22639626264572144,0.5142724286907641,-0.5782211336421772,-0.6524105072021484,0.8788261751176754,-0.06638302907740654,0.5
-0.2390953153371811,-0.6191481351852417,1.5791503705118404,2.3701897716072593,-0.42593276500701904,1.0001336657430235,0.29464821131605784,1.4481039554900301,-1.2467547705345028,-0.02271728403866291,-1.306420922279358,0.5
-0.6179829239845276,-0.6785839796066284,-0.3273928314378821,-0.14446869337061322,-0.4801901578903198,0.7362762323021493,0.05129004384660445,-0.9800834264412451,-0.028923334553837776,-0.12968740253093278,0.5487849712371826,0.6666666865348816
3.880039067359841,-0.14366096258163452,2.363592662046418,-0.6554354429244995,3.3679195085821205,-1.4059932231903076,-1.7276477401212853,1.1573901343746884,-0.7771079540252686,1.430392418549721,-0.041507821530103683,0.5
-0.8453154563903809,-0.14366096258163452,-0.05790869891643524,-0.8364992322541014,-0.8328632116317749,-0.00512657271849978,-0.23326100084479467,-1.3391511748317548,0.5375246437004685,0.37798094749450684,1.1243314149052952,0.6666666865348816
-0.7695379853248596,0.33182618021965027,-0.5335727334022522,-0.4937760216030505,-0.8127546167038538,0.6176363867609583,-0.00844777312657924,-2.2711779425593313,-1.0298340647647501,-1.145916304096297,2.0249980215454944,0.5
-0.6245850275428984,-0.9163275957107544,-0.19381269812583923,0.28533691324615623,-0.2631605863571167,0.2791453003883362,-0.22217163177502686,-0.8260189278190864,-0.9018054008483887,0.24441486597061157,0.5487849712371826,0.5
-1.148425579071045,0.33182618021965027,-2.1148737833258417,-0.8998677730560303,-0.12751711905002594,0.20788763733004276,-0.007191351959038172,-0.8609650957798861,-0.2159694880247116,-1.3583780527114868,-0.37881800532341003,0.3333333432674408
-0.16331779956817627,2.4358254891722466,-2.1644208431243896,-0.5665509104728699,0.7312857681728048,-1.0127942562103271,-1.6973787476042055,0.9560117090597856,1.9623452999464437,0.9597040664641457,-0.46314552426338196,0.5
-0.39065036177635193,-0.8037840818251977,0.6895633339881897,-0.6776565313339233,-0.2631605863571167,1.943276748127841,1.3121523986929162,-0.4634924878101924,-0.17104190260927754,-0.2010607248974234,-0.5474730730056763,0.3333333432674408
-0.749977670751383,-1.0351994037628174,0.010043300688266754,-0.8998677730560303,-0.5073188543319702,-0.8442803621292114,-0.5101788887310916,-0.3213423096678064,1.1557023525238037,0.04406575486063957,-0.9691107869148254,0.5
-1.1336124104427263,-1.3015206636350654,-0.05790869891643524,-0.6998776793479919,-0.8328632116317749,-1.237479329109192,-1.2758300763443076,-0.8553181886672974,0.5322151184082031,-0.0895003229379654,-0.2944904565811157,0.5
0.21556980907917023,-0.20605414275198186,-0.2617647051811218,-0.8090641559096493,-0.34454667568206787,-0.4770288021381225,1.4012634781965112,-0.3417266526246054,-0.7771079540252686,0.5783300399780273,-0.8847832679748535,0.3333333432674408
-0.7695379853248596,-0.9163275957107544,-0.4656206965446472,0.020434568460108903,0.16217536515419723,0.05446016043424606,0.08989663704809162,0.17573186178507375,-0.09127205610275269,-0.6237646341323853,-0.46314552426338196,0.5
-0.5214266222342722,-0.7974557876586914,0.368371605465716,-0.766541063785553,-0.8730130737091911,0.2791453003883362,0.15851183434289914,-1.4462503478344104,0.46986642479896545,-0.957679808139801,0.7174400687217712,0.6666666865348816
-0.9210929870605469,-0.4408404231071472,-0.5760042491049275,-0.7887621521949768,0.3130433195745835,-0.9566229581832886,-1.2288224417751763,-0.7206143995487324,0.3252707962237418,-0.15628336369991302,-0.19002015150253937,0.5
0.1397922784090042,-0.4408404231071472,0.4857073128223419,2.0165481456328256,-0.45244739257092675,-0.5634239912033081,-0.06444260740772333,0.7258784485825415,-1.4005951881408691,-1.0244628190994263,-0.46314552426338196,0.3333333432674408
-0.08754027634859085,-0.9269505616240181,0.8974637722942244,-0.7220988273620605,-0.6158336400985718,-0.3949100971221924,-1.209943810941873,-0.6149375675785015,-0.4030156433582306,-0.42341551184654236,-0.37881800532341003,0.5
-0.3148728311061859,-1.213507056236267,0.14594730734825134,-0.8776466846466064,-0.39880406856536865,-0.22639626264572144,-0.09740725800254829,-1.2699416535977865,0.9686561822891235,-0.2898494303226471,1.1840200266755916,0.5
-0.46642789244651794,-0.6785839796066284,-0.5335727334022522,2.0653630566094425,-0.2089032083749771,0.5038304328918457,1.3083314337504819,0.9641457704653106,-0.6524105072021484,-0.6905476450920105,-0.9691107869148254,0.5
0.2854440322509227,2.1894063462020674,-0.8011165807943231,-0.5887720584869385,0.1085116362782714,1.3518793642673497,-0.4803866034313152,0.5184553224136328,1.4536282613114253,2.017242784837976,0.8874884156735565,0.5
0.21556980907917023,-0.6191481351852417,0.792690734884919,2.199653935221645,-0.12751711905002594,1.693547227413542,1.0137706905481316,1.2281992023607398,-1.6209315133486657,-1.0244628190994263,-0.8847832679748535,0.5
0.2762208802231851,-0.1796141736023033,0.14594730734825134,0.5361561220923164,-0.5887049436569214,-1.237479329109192,-0.22456801915057145,-0.8292854006719383,-0.9641541242599487,1.6310125724427593,1.6450430154800415,0.5
-0.08754027634859085,1.5467483781185907,-1.8748501292729434,-0.6998776793479919,0.7920755866230612,-0.731937825679779,-1.2025577585716896,0.49783748982468434,0.45264317116421343,1.1402791483705412,-0.5474730730056763,0.5
0.7125613910833999,-0.17061555497100464,-0.5335727334022522,-0.7220988273620605,-0.561576247215271,-0.7028264063114907,-0.07838992243745932,-0.6345930481666254,-0.23812676168332136,-0.22306638956069946,-0.2944904565811157,0.5
-0.6937604546546936,1.8887270293416443,-2.1644208431243896,-0.648672348498661,0.6736081788346395,-1.3495013776531335,-1.4452870861678577,0.11582792491703185,2.8191785108150245,0.5783300399780273,0.6004472888818143,0.5
-0.16331779956817627,2.4613783277898236,-2.1644208431243896,-0.10196737328122257,4.181828619479326,-1.2404380275369715,-1.7797654237504916,0.404997373002823,0.5945638418197632,-0.5498147040933993,0.6428527506045129,0.3333333432674408
1.1041671843273346,-0.09474312391353594,0.6895633339881897,-0.6776565313339233,0.45631307736566956,-1.090657306495987,-1.5952802552544445,0.6490171328661748,0.46986642479896545,1.42191071030288,0.04281972348690033,0.5
0.6192121012278256,5.159706353348779,1.3372305272520828,-0.766541063785553,0.07141119267637557,-0.7615381263504832,-0.6382431714079817,0.7454037649524781,0.4785219636106241,0.6451131105422974,-0.9600284554049915,0.3333333432674408
6.353549003601074,-1.5701223611831665,9.11561107635498,-0.9887523055076599,-1.2940510511398315,14.546651840209961,5.739711284637451,5.3161420822143555,4.896625518798828,9.794388771057129,3.078611373901367,0.0
-0.01176275685429573,-0.6191481351852417,-0.12586070597171783,-0.8776466846466064,-0.45306146144866943,-1.0127942562103271,-0.3152835580725568,-1.196535318355068,0.15812282264232635,-0.02271728403866291,0.8645146327074039,0.3333333432674408
1.337156522161888,0.7444098749478638,0.6216112971305847,-0.6332142949104309,0.23561656938382639,-0.04793141809550837,-0.7333459576067038,0.5618934227989697,-0.8394566774368286,-0.22306638956069946,-0.631800651550293,0.5
0.515584695126079,-0.5002763271331787,0.14594730734825134,1.033955692772667,0.3023995221128744,0.6723442673683167,0.727882203196928,0.8983207941055298,-1.0680134618692996,-0.0895003229379654,-1.1133754566040308,0.6666666865348816
2.014404728483888,1.4209524297943363,1.0628937348478,-0.35393497766781734,0.6614793945421311,-0.6195952296257019,-1.4331852100035443,0.6816568837146971,-0.028923334553837776,0.7786791324615479,0.29580235481262207,0.5
-0.16331779956817627,-0.3814045190811157,0.28185129165649414,-0.6776565313339233,-0.45306146144866943,-1.0689655542373657,0.8282894481944422,-0.3075044837576197,-0.2159694880247116,-0.15628336369991302,-0.041507821530103683,0.3333333432674408
0.36712485551834106,-0.2625327408313751,0.19855291884603204,-0.7220988273620605,0.27000877676414003,-0.17851056255967018,-0.8104885351825803,0.2930144649930727,1.835500006077022,0.4971110002722541,-0.2944904565811157,0.3333333432674408
0.13006480134114246,1.423346461251496,-1.2031898928184117,-0.6234976890636263,0.8849413244481927,-1.2936506271362305,-1.5581861303021927,0.9111522933141875,1.1557023525238037,0.5783300399780273,-0.9691107869148254,0.3333333432674408
-0.6937604546546936,0.3104702248377259,1.1652272939682007,-0.7443199157714844,-0.5265934756682985,-1.4059932231903076,-0.9408435553762945,-1.5798690574452272,0.017837139237427337,-1.4155862638921923,1.2813768554869944,0.1666666716337204
0.2827759440679235,-0.04365667805393227,-0.4441251062152124,-0.6332142949104309,0.712000853963408,-1.4931094248336367,-1.6907848058356665,0.8348210556793202,1.1813435631539226,1.9207662388302678,0.04281972348690033,0.5
-0.08754027634859085,-0.5002763271331787,0.04889545512177508,-0.833204448223114,-0.5073188543319702,0.6723442673683167,0.38253332103701637,-1.7746764759838598,-0.8402130322170838,-1.407773109132054,1.6770801807730953,0.5
-0.7695379853248596,-0.3814045190811157,0.08771833544411756,0.08485309698590117,-0.2538654549784455,-0.731937825679779,0.7124208048773365,-0.23756806084430326,0.5464727750789959,-1.172516672587668,0.29580235481262207,0.3333333432674408
-0.16331779956817627,1.6926194089144828,-1.6312825208657988,-0.6777255258014069,1.2643311586850403,-1.349821925163269,-1.5849751027991197,0.8058988613220213,0.2828202545642853,3.6239231488084678,-1.2220934629440308,0.3333333432674408
-0.46642789244651794,-0.9757634997367859,-0.2617647051811218,0.04403868295850565,-0.1935092166817903,0.8276866469432634,0.5684423410913411,-0.09580662406954077,-0.028923334553837776,-0.6905476450920105,-0.19935861236941105,0.5
0.29881342779706266,1.6498963411530987,-0.492760602117512,-0.7220988273620605,3.252453481622308,-1.0112093790769254,-0.5225354071647005,1.0469156227753018,1.3283738751278575,2.0917127915648828,-0.1258353590965271,0.5
-0.5471431966536731,-0.3814045190811157,-0.2617647051811218,0.4534378135323705,-0.5887049436569214,0.7165221701321791,1.192721846422302,-0.3867903236983257,-0.46536436676979065,-0.3566324710845947,-0.2101629078388214,0.5
0.1397922784090042,2.046756247082083,-0.19381269812583923,-0.6998776793479919,3.9717432461548063,-1.0689655542373657,-0.7123447244084227,0.32845788164590617,0.0957741066813469,2.143541622032641,-0.041507821530103683,0.5
-0.9210929870605469,-0.02933396465077439,-0.3297167122364044,0.6242883052071977,-0.42593276500701904,0.11063144356012344,1.187353060540291,0.3442012087318024,-0.34066691994667053,-0.5569815635681152,-1.2220934629440308,0.3333333432674408
-0.5499425083462145,1.5825315542928344,-0.4656206965446472,-0.3534559170383074,0.2241538961727155,-0.7104405739308184,-1.0457813157623137,0.22937574852704762,0.9686561822891235,-0.045218178036373236,-0.5069887964028482,0.3333333432674408
-0.9210929870605469,-1.0733639495227905,-0.2617647051811218,-0.9497012060304698,-1.0473624169883051,0.7846868634223938,-0.019509974867105484,-1.5007585997805781,0.8439587354660034,-1.7694612231842561,0.8128966199310098,0.5
1.338117190457712,0.49066730394883723,2.5392666799248045,-0.7443199157714844,0.9893373094959346,-1.401054565319542,-1.7079119824714755,1.0810847704199977,-0.7248401572193123,-0.3566324710845947,-1.3532979450455884,0.3333333432674408
0.09171541687259298,-0.14366096258163452,0.6859551778402824,-0.7220988273620605,-0.09452390305376508,-1.4181722078773622,0.11728272152724337,0.27846699361781824,0.4075177013874054,-0.41949548776162504,-1.306420922279358,0.00725289999796638
-0.46642789244651794,-0.14366096258163452,0.6365722162509053,2.141164978134142,0.16239348727673394,0.8553352184005816,1.7447802691014365,1.6433213988841584,-1.496963964574828,1.5292104350078974,-1.306420922279358,0.3333333432674408
-0.46642789244651794,-0.6785839796066284,0.6216112971305847,-0.8753027567297437,-0.610594940629718,0.11063144356012344,0.9928978209015905,-0.9066338069397214,0.2204715460538864,-0.3566324710845947,0.2311700781406961,0.6666666865348816
0.03727619399003757,-0.3814045190811157,-0.12586070597171783,-0.7220988273620605,-0.2902892827987671,0.5279366775905598,-0.041396295408027625,-0.8345372217524026,-0.15362077951431274,1.3660115972589737,0.7667378084059386,0.5
2.5928142956377624,0.3797587984796361,1.1485641990684583,-0.6776565313339233,2.192455053370291,-1.1813081502914429,-1.6259056070821505,1.176140233153994,-0.4030156433582306,0.4447639584541321,-0.46314552426338196,0.3333333432674408
-0.39065036177635193,-0.20309685170650482,1.1652272939682007,1.0668675095352043,-0.2631605863571167,1.459957046430114,1.9021753095115579,0.9312468931125903,0.4662173676759467,0.8138392414448741,-1.137765884399414,0.3333333432674408
-0.3034691704968283,-0.9764219047794338,0.1260020540689353,-0.7220988273620605,-0.4528188495931131,0.768010401185677,-0.7608170950922781,-0.611924005402381,1.130416073791657,2.201048883033677,0.6331125497817993,0.6666666865348816
1.2060514328365852,-0.3814045190811157,0.6266115137105751,-0.5540285309200933,0.7651164901402819,0.2791453003883362,-0.5527146226262079,0.7904469819406474,-0.2159694880247116,0.07910296920705351,0.04281972348690033,0.5
-1.0391154162323566,-0.7380198836326599,-0.3539813701685376,0.2882136998072446,-0.39880406856536865,0.05446016043424606,1.1060538025164595,-0.20545597106259428,1.2185194359061264,-0.22306638956069946,0.12714727222919464,0.5
-0.6179829239845276,0.49989928495166275,-0.5335727334022522,-0.5665509104728699,-0.4537144462832783,0.11063144356012344,-0.22844771649661538,-2.084255865587556,-0.09127205610275269,-0.14443006637100547,2.2836283107686923,0.5
0.21556980907917023,1.715651853945894,-1.3620538001472877,-0.6998776793479919,0.5778290033340454,-0.3387388288974762,-1.14320315943936,0.8197974994303351,0.9686561822891235,0.6451131105422974,0.04281972348690033,0.3333333432674408
-0.7695379853248596,1.6183290620575705,-0.8053807020187378,-0.919473045210626,-0.4801901578903198,-1.4059932231903076,-1.2695363489895657,-0.6142874898508468,-0.7052426348960363,-1.1226059035708926,-1.0534383058547974,0.1666666716337204
1.4161805760982213,-0.5002763271331787,1.1652272939682007,-0.7220988273620605,0.48340096982420466,-1.4774721746445219,-1.8435755284528874,0.8913183603662329,-0.9018054008483887,-0.0895003229379654,-0.631800651550293,0.5
-0.39065036177635193,2.0314226274247815,-1.5807274277744532,0.145161741772619,-0.2089032083749771,-1.036531456020983,-1.424030019482141,0.46611449718590886,0.9027003070426847,0.1108487918972969,-0.5474730730056763,0.3333333432674408
-0.6179829239845276,-0.5002763271331787,0.14594730734825134,0.7691139277732901,-0.15464581549167633,1.0566148455552609,1.1687943483576881,0.4785345814277439,-1.192881049764152,0.612938672466196,-0.9854384098175683,0.5
-0.5422053933143616,-0.6965937563735447,0.14594730734825134,-0.8776466846466064,-0.39880406856536865,0.16680273413658142,0.7196463915377468,-0.5396041931474461,1.4116462092970226,0.1108487918972969,-0.3818932235147936,0.5
1.6349167191776544,0.9083704612760022,1.2655946310886992,-0.6332142949104309,-0.45306146144866943,0.4704401917626007,1.0333155298013164,0.24960621655990162,-1.7268468820543224,0.3111979067325592,-0.08951406702732151,0.5
0.36712485551834106,0.5101338624954224,0.06862377504572881,-0.4998875558376312,0.14312168256161945,-0.731937825679779,-1.5818015215736336,0.7809817017377919,1.5014183161322954,1.2532581198822126,0.3068226878692492,0.3333333432674408
-0.01176275685429573,0.5414473893563805,-2.051353800061406,-0.7220988273620605,0.4470117734119892,-1.2331006347026066,-1.661041706304988,0.22746371432038742,0.9063074588775635,0.1108487918972969,-0.37881800532341003,0.5
-0.46642789244651794,-0.7776482869501626,-0.12586070597171783,2.7607990586425384,-0.04613102599978447,1.360817227170869,1.173135963821293,1.879825301858154,1.5688622284695735,0.24441486597061157,-0.9029743056856988,0.5
-1.148425579071045,1.4183924644552943,-0.8533920146501826,-0.766541063785553,-0.6700910329818726,-0.8442803621292114,-0.5723856453174724,-0.9741365246823017,1.5887785682098254,-0.8241137266159058,0.9704226851463318,0.5
-1.148425579071045,-0.8568916916847229,0.34980329871177673,-0.8998677730560303,-0.42593276500701904,-0.8442803621292114,0.24808792778319053,-1.1980567374248892,0.46986642479896545,-0.49019855260849,-0.2944904565811157,0.3849158042399573
-1.2638051099291794,0.09408261626958847,0.14594730734825134,-0.8554255366325378,-0.561576247215271,0.2229740172624588,-0.28943155543299687,-1.4367973008393018,0.34516897797584534,0.37798094749450684,0.6331125497817993,0.6666666865348816
-0.08754027634859085,-1.0351994037628174,0.8254672884941101,0.1900480336531687,-0.5073188543319702,-0.019540042472118577,0.1429772507433826,-0.5405828750447351,0.9918490788279448,-1.1696607430856956,1.392060399055481,0.6666666865348816
0.39734809389262493,-0.4408404231071472,-0.12586070597171783,0.7189980116600432,-0.6429623365402222,-0.2825675308704376,0.662287385201262,-0.18189080631366428,-1.0265028476715088,-0.957679808139801,0.4644574522972107,0.5
2.83961130446448,0.8147672792495492,1.2934722294078478,0.631903009812435,1.1399142384819811,-1.042569869902158,-0.7393505578014378,2.7514329015182355,0.46986642479896545,1.0864010482853017,0.7174400687217712,0.5
-0.39065036177635193,-0.2625327408313751,-0.3297167122364044,0.9766674022528421,-0.8328632116317749,0.6723442673683167,1.0360871079821006,0.9928455330311713,1.0239922135616988,-1.2915949821472168,-1.137765884399414,0.5
-0.3148728311061859,-0.5002763271331787,-0.2617647051811218,-0.7220988273620605,-0.7826641919493726,0.11063144356012344,-0.4202759465364432,-1.1171063855811543,0.5036520542882613,1.1001293523070377,1.1219132055111398,0.6666666865348816
-1.072648048400879,-0.8568916916847229,-0.5335727334022522,0.4317645290591835,-0.5887049436569214,1.065543293952942,0.7372850954639475,0.4150804571685058,2.0725538714911536,-0.39440043688590753,-0.9248707515596262,0.5
-0.7695379853248596,-0.6191481351852417,-0.5335727334022522,1.707772631322821,-0.3631291961281929,1.0718331726196402,0.6787458208003311,0.7685715613962106,-0.028923334553837776,-0.2786914236625705,-0.8847832679748535,0.41781278323101395
0.30556884488229935,-0.7563763645468607,-0.3422549693237177,-0.7887621521949768,-0.6158336400985718,-0.90045166015625,0.20114280700646078,-0.4220093616450105,-1.0888515710830688,1.5035928967456995,-0.5447836437340907,0.3333333432674408
-0.2390953153371811,-0.4408404231071472,-0.2617647051811218,1.1557823110269427,-0.18177451193332672,0.2229740172624588,1.4589619452108786,0.4701846570637181,-0.028923334553837776,-1.2915949821472168,-0.8847832679748535,0.3333333432674408
2.432992487240091,0.5916663960367663,0.4177553057670593,-0.6812285878952358,0.5511220242938131,-1.237479329109192,-1.3745959340298888,0.9701324072397775,-0.11440801357007016,-0.02271728403866291,0.12714727222919464,0.3333333432674408
0.054091880024493486,1.5231607534373892,-0.2617647051811218,-0.6776565313339233,-0.42593276500701904,0.07835379724223367,0.29976941287366904,-1.018070414857541,-0.35941464237745424,-0.42341551184654236,1.1390777826309204,0.5
0.3013822430588692,2.0819361588463186,-0.6694766879081726,-0.544329822063446,0.5078322262695147,-0.731937825679779,-0.8323336462724914,0.6922088291105972,-0.028923334553837776,0.4447639584541321,0.04281972348690033,0.5
-0.6789599458309422,0.50925508109619,-2.1644208431243896,0.4653062976364085,-0.13610974490473848,0.5600017309188843,0.4293823390821975,0.1534826193072037,-0.7000140466520982,-0.15628336369991302,-1.306420922279358,0.3333333432674408
-0.3148728311061859,-0.8720940504941748,-0.19381269812583923,0.6984799704663982,-0.5340657022529487,1.9818935692716615,0.6398376513826325,-0.08011733646157836,0.3512682611289631,-1.1636886451597226,-0.041507821530103683,0.6666666865348816
-0.39065036177635193,-0.5577001675096204,-0.941284716129303,1.3494712003878349,-0.4801901578903198,0.4476591646671295,0.6850300234913971,0.4421140618069184,-1.3009647891538134,0.04406575486063957,-0.2944904565811157,0.5
-0.6179829239845276,-0.8568916916847229,5.33958280439701,-0.766541063785553,12.952290962038672,7.4046865870858305,0.6334396887324485,-0.6185020816390618,-1.4005951881408691,-1.3583780527114868,-1.5048449149170144,0.3333333432674408
-0.39065036177635193,-0.9757634997367859,0.08358524228838998,-0.8226053516606566,-0.5284127853269199,1.545959831787785,0.4307377328280776,-1.0733918393464965,0.5322151184082031,0.37798094749450684,0.6029326044127618,0.5
-0.8453154563903809,-0.9163275957107544,-0.12586070597171783,-0.08710311074537513,-0.6158336400985718,0.2791453003883362,0.4572670776774113,-1.30704600294315,0.2204715460538864,-1.2414687499081392,1.4101339595650482,0.6666666865348816
1.980401197823825,1.4210706838851133,-0.11429151045583785,-0.6593656598543431,1.0228099573064837,-1.0689655542373657,-0.35384183829930127,1.033216118812561,-0.5980667889294612,0.6451131105422974,-0.631800651550293,0.3333333432674408
-0.5422053933143616,-1.0535550888887062,0.010043300688266754,-0.7220988273620605,-0.6700910329818726,-0.7173800275272122,-0.19403118536602582,-0.9320116631980456,0.15812282264232635,0.9790282845497131,0.7732130538620234,0.5
-0.39065036177635193,-0.2625327408313751,-0.9496575468399264,-0.8376943493770884,-0.22831168430258056,0.5377917651099806,0.5378471548301083,-0.21025635392404765,0.5945638418197632,-0.15628336369991302,-0.7161281704902649,0.3333333432674408
-0.39065036177635193,-0.6785839796066284,0.07799530029296875,-0.833204448223114,-0.4801901578903198,-0.3387388288974762,0.20266416307539273,-0.9596723928150793,0.2204715460538864,0.08525340537867757,0.21147480607032776,0.6666666865348816
0.5186799168586731,-0.14366096258163452,0.07799530029296875,-0.49567522850008533,0.7525944073439902,0.4476591646671295,-0.662119030168739,0.27720568863946327,2.0028459025615426,1.5982728169318907,1.5607155561447144,0.5
1.3635495949381202,1.1703095300375264,-0.2617647051811218,-0.6776565313339233,0.5135929320060536,-1.2274059498030796,-1.1839144290762758,0.915463373366757,-0.6524105072021484,-0.22306638956069946,-1.2004202938222408,0.3333333432674408
0.7460124492645264,-0.7587996375030516,0.28185129165649414,-0.766541063785553,-0.9494790916583905,-0.731937825679779,-0.24020436884950147,-0.7429825056001471,-0.2159694880247116,-0.49019855260849,0.47749654975084427,0.6582001433256222
1.5648779851870593,3.081519561042392,-1.9453392474393878,-0.5665509104728699,1.2288494268808987,-1.1251368522644043,-1.5586198475660105,1.3745670232339813,1.0933536291122437,0.2157146535596053,-0.37881800532341003,0.5
-0.3148728311061859,1.492755361457924,-0.941284716129303,-0.7247396703913751,0.7659141777241982,-1.081574506525055,-1.5984408467241824,0.6644989152166894,1.1457170977315057,1.2892969036882012,-0.1258353590965271,0.3333333432674408
0.8658653279003148,0.09408261626958847,1.187433908712261,-0.6332142949104309,0.14622583035990275,-1.379851809025717,-1.7361263412253598,1.2711715182609982,0.8439587354660034,1.5434449622450606,-0.37881800532341003,0.6666666865348816
-0.9968705177307129,-0.6191481351852417,-0.2617647051811218,-0.766541063785553,-0.2063915957111006,1.1217145919799805,0.03369832313505199,-1.787320573231164,-0.028923334553837776,-0.7910666138818663,1.863448567082595,0.5
-0.39065036177635193,-0.08422506600618362,-0.397668719291687,0.4963439447964311,0.7192369047605568,0.11063144356012344,1.9739004260235287,0.2887145827891252,-0.4030156433582306,0.37798094749450684,-0.041507821530103683,0.5
0.6702349185943604,1.4886530725227032,-0.47714065102859055,1.5335271686210197,0.9453389649274071,0.42548115926976,1.7071814759987733,1.2593676647592111,-1.213549017906189,0.07511702051756582,-0.8847832679748535,0.3333333432674408
-0.3019352864705367,-0.8568916916847229,0.4177553057670593,-0.6554354429244995,-0.8343873726726405,-1.4059932231903076,-0.4224923611089757,-0.7434609858389088,-0.15362077951431274,-1.1031498290915862,0.4644574522972107,0.029254434098368955
2.007273338392149,-0.7380198836326599,1.1652272939682007,-0.766541063785553,0.4710502961611761,-0.10499747221551006,0.7450210611678535,-0.10180431792432132,-0.7771079540252686,-0.3566324710845947,0.7412537964821994,0.6666666865348816
4.688537540804507,-0.12804781494526443,1.7784853820475988,-0.5312295249525407,0.7783158180231622,-1.4560578716058008,-1.7599600262521167,2.7382917796567305,-0.028923334553837776,1.598101780186013,1.0527734986916286,0.5
0.29134732484817505,-1.1078620161053903,1.083359411315438,-0.7220988273620605,0.6707481142112783,0.16680273413658142,0.6437701823413045,-0.3396148901820268,0.033425383269786835,-0.49019855260849,-0.37881800532341003,0.5
-1.5706867685131816,0.33182618021965027,-1.1569446414922546,-0.7443199157714844,1.0882363997530282,-0.45108139514923096,-0.019509974867105484,-0.7111365600721793,-0.6524105072021484,-0.594278530295008,-0.8974844798562712,0.3333333432674408
2.287398230371588,1.553096713690435,0.6095417478371153,-0.6332142949104309,0.27096498306251826,-0.2713123327208992,-0.21233103281393148,1.3112003950671627,0.5322151184082031,0.9122452139854431,-0.2944904565811157,0.5
0.29134732484817505,0.33182618021965027,-0.12586070597171783,1.5421756932640815,-0.5887049436569214,-0.6870045757606787,-0.2503368045102604,-0.18421929172347448,-0.42480366837417743,-0.6905476450920105,1.3334331067608072,0.3333333432674408
0.5944573879241943,0.1994108153470607,-0.30616390470378285,-0.6332142949104309,0.6772982177913642,-0.9566229581832886,-1.3291856755847047,1.406814029291278,0.9686561822891235,1.3121880395988588,-1.0534383058547974,0.5
-0.3148728311061859,-0.9308952899669319,2.42347805162337,-0.26303450149088176,-0.8328632116317749,2.335212470071243,1.7260980919266697,-1.6449234262736145,-0.5247791599539238,-1.0244628190994263,1.8664218978243956,0.8816143731964607
0.5681174102371501,-1.0323456924309835,0.6895633339881897,1.2380540671262275,-0.39880406856536865,1.045075683360036,0.5842642308325101,0.8009356089761873,-1.151200294494629,0.7118961215019226,-1.0534383058547974,0.5
-1.4058539276202793,-0.14366096258163452,-0.724981657060298,-0.6355220861904146,-0.24089864612432182,0.928825355296485,0.49154422408591075,-1.4758330158487671,1.564055958264699,-0.15628336369991302,1.778495383715203,0.6666666865348816
0.46657529161503264,-0.3814045190811157,1.6535058592165282,0.0042125853581475945,-0.7536423672636202,0.5919059550443337,1.8912537636704394,-0.33106743061854815,-1.213549017906189,-0.890896737575531,0.12714727222919464,0.3333333432674408
1.3691087286785713,-0.7380198836326599,0.010043300688266754,-0.39553396063561713,0.445465227592637,-0.5072526931762695,-0.2677555642663853,1.249972667822607,1.027984687440847,0.9790282845497131,-1.2956118382097515,0.5
-0.16331779956817627,-0.5597122311592102,0.010043300688266754,-0.8959255583919686,-0.6429623365402222,-0.5213246893267518,-0.31577438951900655,-0.5737675087675678,-0.8394566774368286,-1.4399373042463517,-0.8847832679748535,0.3333333432674408
-1.148425579071045,-0.0592684103336131,-0.12586070597171783,-0.9074282482443133,-0.5344475507736206,-0.6910423647660668,-0.12429254599928449,-1.6502344322542497,0.5945638418197632,-0.5431826714043467,1.0547502040863037,0.5
0.5944573879241943,-0.578156733660666,0.07799530029296875,0.10502309968271199,-0.6429623365402222,1.821185973539791,0.9242621824727033,-0.3640498278482132,0.03447057401708037,-0.22306638956069946,0.6331125497817993,0.5
-0.9968705177307129,-0.08422506600618362,-0.5335727334022522,-0.05709038689919968,-0.350313939835155,-0.3949100971221924,-0.22326361903774444,-1.1620439899288513,0.0957741066813469,-0.890896737575531,1.1390777826309204,0.5
0.8217899799346924,1.5335168947782205,-0.6255593959726966,-0.5758987327268981,0.42306146050286375,-1.0127942562103271,-0.8570614388613467,0.8347719741786626,0.5322151184082031,0.6162676443961893,0.12714727222919464,0.5
-0.8453154563903809,-0.8568916916847229,0.005521464143324141,-0.963862615927709,-0.9096277971537322,-0.7881091237068176,-0.5786989872052946,-1.4604224215932655,-0.9018054008483887,-1.601911661672389,0.04281972348690033,0.3333333432674408
-0.16331779956817627,-0.7807763517033022,1.6647459962615079,-0.766541063785553,-0.6269063690373251,0.16680273413658142,1.7066025737949955,-0.7070835708162254,0.7192612886428833,-0.5020563291482196,0.4644574522972107,0.3333333432674408
-0.2390953153371811,-0.4408404231071472,-0.19381269812583923,-0.3320650483492195,-0.2360319048166275,-0.2825675308704376,-0.4361665520718222,-0.37915616141980524,-0.5277130603790283,-0.8241137266159058,-0.37881800532341003,0.6666666865348816
0.9526198858384808,-1.111589785116791,0.4177553057670593,-0.8218647091273307,-0.15464581549167633,0.33531656861305237,-0.2819536140158528,-0.9773993714539031,-1.474997042865525,1.4374647614701883,1.1046590875181446,0.6666666865348816
-1.2114552946751638,-0.14366096258163452,-0.19381269812583923,-0.7831657108558454,-0.1447486588497744,-1.0127942562103271,0.6713510287197283,-0.789714920968633,0.9686561822891235,0.17763182520866394,-0.46314552426338196,0.5
0.33668460410199436,0.39489680751790035,-0.723940195571116,-0.6109932065010071,-0.2902892827987671,-0.17022497951984406,0.35828013656300584,0.018092264475531576,-0.5900617837905884,-0.5796611368640322,-0.7416443147675377,0.3333333432674408
-0.8453154563903809,-0.2625327408313751,-0.05790869891643524,-0.478900765550065,-0.5073188543319702,0.16680273413658142,-0.3071465526455621,-1.6928673428374716,-0.028923334553837776,0.5115470290184021,1.664061688186117,0.5
1.4667154409194816,-0.20309685170650482,0.6895633339881897,0.1542689493227447,-0.0406029721091685,0.11063144356012344,0.7145338580307413,-0.05366522806765493,-1.470368537365666,-0.890896737575531,0.7408759982612458,0.3333333432674408
1.197686674019152,-0.2625327408313751,1.2388221355130864,-0.6332142949104309,-0.5073188543319702,-0.45108139514923096,1.9817994192549326,-1.075888837292971,-1.151200294494629,-0.15628336369991302,1.2636422154541922,0.5
-0.6937604546546936,-0.3814045190811157,0.4177553057670593,-0.6776565313339233,0.5891180722533357,0.6373200024176537,1.2433018234472815,-0.027647328538925996,-0.5277130603790283,-0.6905476450920105,-1.137765884399414,0.3333333432674408
0.981696302576497,-1.0363284108670068,0.07799530029296875,-0.5665509104728699,-0.07325971871614456,-0.3949100971221924,-0.38481434850967755,0.3286339189384868,-0.6524105072021484,-0.957679808139801,-1.0534383058547974,0.5
-0.46642789244651794,-1.2236828455866011,-0.19381269812583923,-0.6776565313339233,-0.5064293859196016,0.05446016043424606,1.343748597636547,-0.6532565551523192,1.6031223711200575,0.3111979067325592,0.5487849712371826,0.6666666865348816
-0.6179829239845276,0.27239030599594116,0.14594730734825134,1.5663128623590203,-0.02821855931781839,2.552788809199747,2.252138217730488,0.9866147214041734,0.5509414625220654,-0.508725701923995,-0.8847832679748535,0.3333333432674408
-1.224203109741211,-0.024789171293377876,0.4177553057670593,-0.766541063785553,-0.37167537212371826,-0.7390303284244555,-0.20656272730702951,-0.6562861934361758,2.528090417745436,-0.576925897551718,1.223405361175537,0.1666666716337204
-1.4748029426578484,-0.2625327408313751,0.20905765668632537,-0.8998677730560303,-1.259570782878722,-0.582826970750463,-0.2717908644655507,-1.7694883064528566,1.3478851856701901,-1.1379503317916184,1.1264549074672943,0.9432890897888064
-1.072648048400879,-0.5597122311592102,-0.8026050395500944,-0.833204448223114,-0.7786058187484741,-1.0689655542373657,-0.31227097578101726,-1.3053547247540005,0.4075177013874054,-0.6237646341323853,0.29580235481262207,0.3333333432674408
0.29134732484817505,1.0668690558972773,-0.2617647051811218,-0.6332142949104309,-0.2360319048166275,-1.237479329109192,-1.529427447806186,0.691304709314684,0.49092166096796486,0.24916676913529548,-1.137765884399414,0.3333333432674408
-0.2390953153371811,-0.6191481351852417,-0.12586070597171783,1.4478392227279906,-0.3174179792404175,1.2897561039090373,1.0876508587618128,0.8410332147088283,-0.15362077951431274,-0.02271728403866291,-0.9691107869148254,0.3333333432674408
-1.9351161040170175,2.6575880078032985,-2.1644208431243896,-0.6332142949104309,-0.2902892827987671,-0.2825675308704376,-0.20123911160850483,-0.7290693166650234,2.364300447266476,1.104554704563162,1.6781155508417853,0.6666666865348816
-0.6937604546546936,-0.14366096258163452,0.8254672884941101,0.8051516418442717,-0.6700910329818726,0.9532006978988647,-0.02958193128778632,-1.1180566796977272,-0.5277130603790283,-1.0244628190994263,1.6981831626624526,0.6666666865348816
0.5983409534111104,-0.6438189306231507,-0.062428053098055075,0.7898421536265605,-0.5073188543319702,0.5691178920437228,0.6869651192387316,0.654406023225211,-1.494819228352687,-1.0400566540602112,-1.344263225621759,0.3333333432674408
1.5654483388736573,0.11251061819208488,-0.5335727334022522,-0.08574233620254326,0.8122729076116348,-1.2641752388108827,-1.6731813786128127,1.456354475039021,-0.34066691994667053,0.0478254956425664,-0.9691107869148254,0.5
3.4147220390797153,0.5988347312727043,2.7412066341367316,-0.6109932065010071,2.3426634876946917,-0.8442803621292114,-1.5538159895661983,1.398415195428121,-1.0888515710830688,1.9775628300616614,-1.0534383058547974,0.3333333432674408
-0.9210929870605469,-0.024789171293377876,-0.5335727334022522,0.27427770828264725,-0.2089032083749771,0.11063144356012344,0.33716830922034685,-0.4550471390341174,0.15812282264232635,0.15307730549763676,0.21147480607032776,0.3333333432674408
-2.393038409552573,0.21312497767304686,-2.1644208431243896,-0.6776565313339233,-0.39880406856536865,-0.7793639611182129,-1.3549383992571278,-1.3738364455925363,2.8468087630445864,0.17763182520866394,2.9674839789013174,0.6666666865348816
-1.224203109741211,-0.20309685170650482,-0.7472134367016735,-0.8554255366325378,-0.43061820528869044,-0.7752758508760587,-0.42424897477256773,-0.6780090441163591,1.215825515593841,1.894232838051377,0.5487849712371826,0.5
-0.3148728311061859,0.15351851284503937,-0.4656206965446472,1.5512376459038446,-0.2089032083749771,1.1447539254699526,0.8871549241102432,1.0152400946377635,-0.7147592306137085,-0.2898494303226471,-1.2220934629440308,0.3333333432674408
0.5186799168586731,-0.6191481351852417,0.6559385758043353,-0.8109833002090454,-0.39880406856536865,0.5111474273169487,0.9787243476058487,-0.6691744815040943,0.019821353884880932,-0.15628336369991302,0.33713409056005644,0.6666666865348816
0.8480780321792181,-0.5597122311592102,0.34980329871177673,1.6517389431716973,-0.6790637024328074,1.2585390327896258,1.3131658310429815,1.3708753748278661,-0.6038151711383016,-0.22306638956069946,-0.9691107869148254,0.6666666865348816
-0.16331779956817627,-0.5002763271331787,-0.05790869891643524,1.683756369014847,-0.5887049436569214,1.2407636802985067,0.8848842258207154,0.46646700813531045,-0.34066691994667053,-1.2915949821472168,0.020958247017977,0.5
0.21556980907917023,1.7574903701812574,-0.3297167122364044,0.8896359490422988,0.22517401453107216,-0.8881382105167015,0.2084065751438856,1.4946669622321596,0.7816100120544434,0.311675435529121,-0.8964821384548349,0.3333333432674408
0.06401476263999939,1.7021665573390152,-1.709971091795102,-0.18025637450358492,1.0822149826308127,-0.7881091237068176,-1.3410569997303328,1.3961564964484898,1.9641510791186902,0.6312879089429039,0.04281972348690033,0.3333333432674408
-0.3148728311061859,-1.2763615970574054,0.07799530029296875,-0.058621709487432914,-0.561576247215271,0.5038304328918457,0.5096736877325705,0.6146001036158742,1.837175292798587,0.24441486597061157,-0.652510615742162,0.5
-0.6179829239845276,-0.9757634997367859,0.21389929950237274,-0.5665509104728699,-0.8328632116317749,-0.6757665276527405,-0.587379140820005,-1.201778030681085,0.9686561822891235,-1.0015746324308965,0.8017675876617432,0.6666666865348816
0.29134732484817505,-0.4408404231071472,-0.12586070597171783,-0.8554255366325378,-0.34454667568206787,2.306824131377669,0.8461005454962658,-0.8319953419575349,-1.7280711265337436,-2.0863520259192674,-0.5474730730056763,0.3333333432674408
1.9145895179160675,1.5466571295918743,-0.3297167122364044,-0.5665509104728699,0.675477189498542,-1.2123508982692965,-1.4623497257800264,1.5557546506152624,-0.7270027632192888,0.4447639584541321,-0.8920362788728456,0.3333333432674408
0.29134732484817505,1.967926703776058,-2.040504967631298,-0.6776565313339233,0.7448302372685185,-0.731937825679779,-1.1173631510514448,0.6021324783783515,0.2283276259629492,0.04406575486063957,-0.7290173095149157,0.3333333432674408
-0.6048246838936695,-0.767404645055575,0.07799530029296875,-0.8109833002090454,-1.0777740274803145,1.1217145919799805,0.0923434283123014,-2.376800425578573,-0.09805577504230485,-1.9988648538437794,2.474781919132352,0.6666666865348816
0.7893994141118809,1.1094230017721145,-0.397668719291687,-0.43798691035997833,0.5058348932861811,-0.5634239912033081,-0.6784546519048138,1.0190593733905684,-0.4030156433582306,-0.299325537383254,-1.0534383058547974,0.3333333432674408
-1.148425579071045,-0.7974557876586914,0.34980329871177673,-0.8109833002090454,-0.37167537212371826,0.39148786664009094,-0.22382661041454063,-1.3442249194491884,0.41296380136305366,-1.0244628190994263,0.4644574522972107,0.5
3.5997383328379096,1.6580585728190327,1.617531721581124,-0.5887720584869385,0.5778290033340454,-0.5072526931762695,-1.4778143126105228,2.042130228949808,-0.9018054008483887,-0.3981010400582524,-1.4750760793685913,0.5
3.5791763802795398,1.4359553744720144,-0.4457309913773077,-0.7857591517325185,0.3834900493157749,-1.475994334966305,-1.6379228534499097,1.342442259506252,-2.569113063287223,0.04406575486063957,-0.8847832679748535,0.3333333432674408
-1.221744479404917,-0.6826106059574312,-0.19381269812583923,-0.6554354429244995,-0.561576247215271,1.600761333820624,0.5930068839383493,-1.4708512245435232,0.5322151184082031,-0.15690550659910657,1.5450338091431162,0.8333333134651184
1.893937884041353,0.8639942142623933,-0.6452922727228267,-0.7781379085699581,0.6257010495730106,-1.1752080962730849,-1.4208526216768254,0.790668029604381,0.34516897797584534,0.4447639584541321,-0.23221356426883608,0.5
0.06401476263999939,-0.7380198836326599,0.28185129165649414,-0.8554255366325378,-0.42593276500701904,-0.45108139514923096,-0.21448271375176461,-0.8118255332989857,0.7325337545837607,-0.8131385549175981,-0.041507821530103683,0.5
0.36712485551834106,-1.0351994037628174,0.010043300688266754,-0.044736753047706586,-0.45306146144866943,0.7846868634223938,1.3872678000677428,0.7269847322142802,0.8718420575500354,0.8139067541238532,-0.8847832679748535,0.5
0.3444755945840531,2.8261354357617376,-2.1644208431243896,-0.6998776793479919,0.29222098831213467,-0.3949100971221924,-0.4381870246422908,0.7979627503682939,1.5360179650545165,-0.22306638956069946,-1.137765884399414,0.3333333432674408
0.4429023563861847,-0.13972762534990718,1.1050674672563283,1.6085492109724737,-0.3174179792404175,-0.7709814829467437,0.348198642790365,0.8983207941055298,-1.9594603540575233,-0.3566324710845947,-1.0534383058547974,0.5
-0.16331779956817627,-0.5597122311592102,-0.397668719291687,-0.833204448223114,-0.10976611370594488,-0.6757665276527405,-0.5508434683964277,-0.3823991048927157,0.6900524329993274,-0.15628336369991302,-0.05109691050184263,0.5
0.1397922784090042,-0.3219686448574066,0.21389929950237274,1.4333587033192654,-0.6429623365402222,-0.3949100971221924,0.050439680122795365,0.39945464588468665,-0.2783181965351105,-1.0244628190994263,0.29580235481262207,0.5
-0.9449891990860277,-0.024789171293377876,-1.6135957462686465,-0.8554255366325378,-0.14371598687322568,0.33531656861305237,1.1517617962047069,-0.2214213156754451,0.8439587354660034,0.17763182520866394,-0.9691107869148254,0.3333333432674408
-1.148425579071045,0.03464672341942787,-0.05790869891643524,0.17993293233050148,-0.6429623365402222,-0.6195952296257019,-0.7018560695161091,-1.3896240351546159,0.6569125652313232,-0.15628336369991302,1.735566389397335,0.5
3.2480164337777766,0.019493277763044728,0.24244899555130506,-0.6087764715491337,3.80565517564375,-0.731937825679779,-0.7504021973028097,1.804778032042919,-0.9018054008483887,2.244872512717713,-0.46314552426338196,0.3333333432674408
-0.01176275685429573,-1.213507056236267,-0.19381269812583923,-0.8554255366325378,-0.2631605863571167,-0.017056560620200643,-0.3287084438849035,-1.0588441177546541,-0.4030156433582306,0.9122452139854431,0.517530746693404,0.6666666865348816
-0.46642789244651794,-0.7974557876586914,-0.19381269812583923,0.1084808993397727,-0.40198311678239623,1.6959374315853322,0.9205797677978359,-1.304483452297139,-1.6937134869321386,-0.5064891793652343,1.300283554243382,0.6666666865348816
-0.8453154563903809,-0.4408404231071472,0.07799530029296875,-0.5276377890179151,-0.6948471564860457,0.062020630432374775,-0.09021785510009583,-1.0801429347128833,0.34516897797584534,0.24441486597061157,1.1696166660711693,0.5
-0.08754027634859085,-0.6191481351852417,-0.4465746718925944,0.26731576748157204,-0.2360319048166275,0.6723442673683167,1.3191113856585228,0.29635803002936284,-0.028923334553837776,-0.49019855260849,-0.9691107869148254,0.3333333432674408
1.2917563112367436,-0.9757634997367859,0.010043300688266754,1.0630331513136022,-0.7413747273756179,1.2255031947027244,1.1381239559917975,0.8983207941055298,-0.6524105072021484,-0.6237646341323853,-1.306420922279358,0.5
-1.1181692998812536,2.030554092549478,-2.1644208431243896,-0.6554354429244995,-0.43242480273648387,-0.5072526931762695,-0.6175038244491589,-1.424561959166552,1.165683401569215,-0.42167107252054875,1.392060399055481,0.6666666865348816
-0.3148728311061859,-0.8568916916847229,0.34980329871177673,0.6885907148271748,0.751911541654282,-0.7990339128025753,-0.20587185716815357,0.038387621867944276,-1.290346035705643,-0.22306638956069946,-0.1258353590965271,0.3333333432674408
0.29134732484817505,0.9563271130972205,-0.397668719291687,-0.7355021935944542,0.9128676961894255,-0.6047864147887797,-0.5696654835235851,0.3635922625833281,0.15812282264232635,0.8152084490643435,-0.7478293774188377,0.3333333432674408
-0.716100950703802,0.13458178562849976,-0.7503911453074631,-0.7220988273620605,-0.15464581549167633,0.16680273413658142,-0.6381744291959917,-0.20083897960022018,1.4191490190408327,2.022902019047199,-0.041507821530103683,0.5
0.29134732484817505,1.6137453019046923,-1.8852171516225864,-0.6332142949104309,0.659074155194003,-1.3544887599075306,-1.6083627670859388,0.49038711195594237,0.9686561822891235,0.7322530291843325,0.049478175731864124,0.422395181137826
-1.224203109741211,0.6652692412355472,-0.3297167122364044,0.1257426822585709,-0.697219729423523,0.9152863032567865,-0.00953911458213051,-1.4283675996577307,-0.028923334553837776,-0.4191010747552082,1.5607155561447144,0.6666666865348816
-0.8453154563903809,-0.7159699828275619,0.21389929950237274,-0.5617423125175878,-0.3174179792404175,1.9296928006629657,0.5170129846120045,-0.5996733195478255,-0.5900617837905884,3.1890392208741476,-0.2944904565811157,0.5
3.522214504044321,-0.20309685170650482,1.3088953851209464,-0.5940349283620215,0.7552686435484479,-1.442190413792228,-1.76337985806096,1.6186687944790257,0.46464297242076397,1.8106980187866735,0.7174400687217712,0.6666666865348816
-0.16331779956817627,-0.5564900613840632,0.6895633339881897,1.8293053479667611,-0.7243484258651733,1.4566066289575357,1.2457838793286917,0.9556407033095096,0.9802137622409847,1.4413445937432101,-0.5087245543466805,0.5
1.1724235378518717,1.2371180611955301,1.1652272939682007,-0.5665509104728699,0.5534060213284396,-0.731937825679779,-0.5413585671273919,1.3482910501459784,0.6638037804993628,0.5946464658441154,-0.38515902242037714,0.5
2.5590668434278308,-0.024789171293377876,1.328952251786414,-0.5891385155187074,0.9835427898642753,-0.7881091237068176,-1.0837562180055946,1.05371701446028,-0.521373641856113,1.92112391631938,0.12714727222919464,0.5
-0.20924286980445544,1.1213773141872354,-1.164538596230433,-0.3836057787297527,0.6712412688868036,-0.5634239912033081,-1.1656642201640608,0.835664342082166,0.7192612886428833,-0.02271728403866291,-0.631800651550293,0.3333333432674408
-0.3148728311061859,-0.9163275957107544,0.07799530029296875,-0.8702318471894662,-0.4801901578903198,0.33531656861305237,0.0961008229261019,-0.5416270579776362,-0.2159694880247116,0.9122452139854431,-0.8847832679748535,0.6666666865348816
-1.1192349682455405,0.2515988150278704,-0.12586070597171783,0.6445217278211397,-0.6944464292542605,0.8078598100252968,0.20685916303166793,-1.6123186130343357,-0.6524105072021484,-2.087300964104094,1.813698172569275,0.8333333134651184
0.4429023563861847,-0.7380198836326599,0.4177553057670593,-0.6776565313339233,-0.30036554097907725,-0.3387388288974762,0.2862925683301686,-0.4502850661303824,-0.2783181965351105,1.4550073252103537,0.05835742069364431,0.3333333432674408
0.5944573879241943,1.3428945605962213,-0.397668719291687,-0.6998776793479919,0.6898479255908456,-1.1251368522644043,-0.9446984866519841,0.8266596779415034,0.3959551786808762,-0.6237646341323853,-0.8847832679748535,0.3333333432674408
0.988687642531522,2.0884161956569707,-0.6775537889343863,-0.7443199157714844,0.2375343832960033,-1.4239545433284566,-1.833781517875115,0.9177833400694883,-0.12410962697705932,0.3111979067325592,-0.8004556894302368,0.4926833323125195
0.852808941081094,1.1188675462542663,0.2191231511745579,-0.6554354429244995,1.6599114052087687,-1.0127942562103271,-0.665386835367102,1.1797858611446215,0.34516897797584534,0.9475391595118988,-0.631800651550293,0.3333333432674408
-0.3148728311061859,1.5130926463238377,1.1652272939682007,-0.7439498159916381,1.4918183629442736,-0.35756269384091127,-0.5721351850327785,0.6650591123079531,0.34516897797584534,0.6451131105422974,-1.4148458592622457,0.3333333432674408
0.29134732484817505,-0.2071495578723027,1.9379773636204412,1.6760460916933622,-0.4801901578903198,0.5038304328918457,0.41314959922264494,0.4833241542266158,-0.8821515386983483,-0.8742181117206184,0.3394107380983341,0.6666666865348816
-0.15220715513696534,-0.2625327408313751,0.28185129165649414,0.2449466419848717,2.9343810385780102,0.766006695405708,1.0727572749613017,0.5632830482358341,-1.4359298381676366,-0.5569815635681152,-1.2220934629440308,0.3333333432674408
0.06401476263999939,1.84459548734706,-0.9666674863838808,-0.6554354429244995,0.6859638283502978,-0.8442803621292114,-1.0541819793231693,0.5618485232358359,0.8636446874466099,0.04406575486063957,-0.8847832679748535,0.3333333432674408
-0.46642789244651794,-1.1525457018023353,0.34589687517089773,-0.8776466846466064,-0.5856850945360321,0.6723442673683167,0.07696367725350864,-1.2156892364948682,1.175078379779373,-0.3566324710845947,0.5487849712371826,0.5
2.328457893780793,1.8722171267373837,-0.3297167122364044,-0.6998776793479919,0.6725494298840813,-1.4643405477134235,-1.5825097999732214,1.1214496085186327,0.15955571771048252,0.37798094749450684,-0.1258353590965271,0.5
-0.9968705177307129,-1.444088331557903,-0.19381269812583923,-0.6776565313339233,-0.7243484258651733,0.6726985884429582,0.22843158285936052,-0.5241011657154205,2.020335673314586,-0.22306638956069946,-0.37881800532341003,0.5
-0.6179829239845276,-0.08422506600618362,0.4177553057670593,0.6245329211257109,-0.37167537212371826,0.7080975854614973,0.8557238535698064,0.26563420423969125,-0.34066691994667053,0.7245421743385085,-0.8847832679748535,0.3333333432674408
-0.5422053933143616,1.9200134845392252,-1.7876317674849533,-0.5665509104728699,0.40802952798440856,-1.4657827087761557,-1.5349474425490555,0.6448282289537238,1.945031165372486,-0.5569815635681152,-1.0534383058547974,0.3333333432674408
-0.08754027634859085,-1.0928032536663401,-0.12586070597171783,-0.8554255366325378,-0.6158336400985718,0.4476591646671295,-0.18245395671872822,-1.3201141622807806,-0.09127205610275269,-0.15628336369991302,0.7174400687217712,0.5
0.1397922784090042,-0.7974557876586914,0.010043300688266754,0.6958074349723746,-0.4523905193497318,0.2229740172624588,-0.09234748983396344,0.7605871651339147,-0.4030156433582306,-0.035474044549279805,-0.8004556894302368,0.3333333432674408
-0.6937604546546936,-0.977691188683023,-0.4656206965446472,1.4940925057388788,-0.34454667568206787,0.7034184450883942,0.23222410915575806,0.6532501594381168,0.5322151184082031,-0.6905476450920105,-0.9691107869148254,0.5
-0.6407927912325315,-0.024789171293377876,-0.12586070597171783,0.004864513698591633,-0.561576247215271,-0.46282327595578987,0.43048030670923554,-0.7642235239148064,0.2204715460538864,-0.890896737575531,0.21147480607032776,0.9118967039841366
-0.6179829239845276,-0.5597122311592102,-0.397668719291687,2.211871651870355,0.05187348139246016,0.8529377910823746,0.7206104251253886,0.9755807745158134,-1.213549017906189,-0.22306638956069946,-1.1177950606270066,0.3333333432674408
-0.16331779956817627,-1.284556850064813,0.14594730734825134,1.7874980545868095,-0.09628945199285402,1.642229180677785,0.3164504800026598,0.8181848595258028,0.6306752425084164,-1.3583780527114868,-0.8847832679748535,0.5
-0.8453154563903809,-0.20309685170650482,-1.1584982724900408,2.0973032559969265,-0.42593276500701904,-0.3949100971221924,-0.17138752566315135,1.2289610561396436,0.5945638418197632,-1.2828685348217188,-1.4785536879418173,0.3333333432674408
-0.16331779956817627,0.03464672341942787,-0.3297167122364044,-0.3131973467472939,-0.42593276500701904,-1.1251368522644043,0.5962441272663204,-0.5943365955586406,-0.7147592306137085,0.4447639584541321,-0.041507821530103683,0.5
5.041961674468742,0.39323208163391565,2.344261855249163,-0.5549392858922398,2.9074076819257613,-0.9218067686196644,-1.1228370584488905,1.4498695689457588,-0.9018054008483887,-0.15628336369991302,-0.4399618378760147,0.3333333432674408
-0.6937604546546936,-0.5002763271331787,-0.8506604513002398,-0.9017864586680447,-0.21732501756126077,-0.17022497951984406,0.8274895604446005,-0.979597524570866,-1.1614535847049579,-1.0244628190994263,-0.37881800532341003,0.5
-0.2390953153371811,-0.6191481351852417,-0.12586070597171783,2.26276437003076,-0.18177451193332672,0.16680273413658142,1.2155185283705539,1.2554230017071317,0.6413991685429605,1.2684272346603498,-0.37881800532341003,0.5
0.5944573879241943,0.8858360763231824,-0.35505614333204427,-0.7443199157714844,0.542482010800353,-0.3949100971221924,-1.2024145786209308,0.5342511888495045,0.5505135056878195,0.17763182520866394,-0.37881800532341003,0.3333333432674408
1.7165866846841629,3.310295537017354,0.8389595629467579,-0.6776565313339233,1.5236645419061188,-1.3710308997601608,-1.442935084048806,1.3169845480220173,-0.15362077951431274,0.7118961215019226,-0.8847832679748535,0.3333333432674408
-0.9968705177307129,-0.3814045190811157,0.5882371137203798,1.2026854543882644,-0.2902892827987671,-0.6325228628503538,0.3011975770840397,-0.024338437695999342,-0.08093342702642228,-0.49019855260849,-0.1258353590965271,0.6666666865348816
-0.6179829239845276,-0.14366096258163452,-0.05790869891643524,-0.02938218439566362,-0.3174179792404175,0.2229740172624588,1.0528731196690397,-1.0137074262446877,-0.12220479282400365,-0.8241137266159058,1.2567514308143104,0.5
-0.9400678498641946,-0.3814045190811157,-0.3297167122364044,-0.17623352403213746,-0.561576247215271,-0.11405368894338608,0.06449279687810053,-1.3090463683166238,-0.2783181965351105,-1.307569284451585,0.9997712473530129,0.6666666865348816
-0.3148728311061859,-0.2625327408313751,0.4857073128223419,-0.0792488568158782,-0.756776855291878,0.2791453003883362,0.41645559407409266,-0.7825308494263029,-0.15362077951431274,1.3468097137769215,0.7174400687217712,0.8333333134651184
-0.7695379853248596,-0.6191481351852417,-0.12586070597171783,1.063602559208085,-0.4789425801028229,1.1606618763728445,1.2011605447089984,0.2670737828866675,-0.6730127141909207,-0.8323518563447873,-0.631800651550293,0.3333333432674408
1.4894677656975503,5.014184381113728,0.14594730734825134,-0.49732940049184693,3.3323404033352553,-0.3949100971221924,0.14024767959391254,1.2832415404189759,-0.34066691994667053,0.6808508357919507,-0.8847832679748535,0.3333333432674408
-0.46642789244651794,-0.4408404231071472,-0.4656206965446472,0.6801610556679829,-0.37167537212371826,1.296406012810111,1.5108445431984636,0.7719199131537963,-0.893896550048674,-0.5569815635681152,-1.559403657913208,0.3333333432674408
-0.46642789244651794,-0.5482765132860233,0.585028125112391,-0.1829339548533009,-0.45306146144866943,1.7405025613280134,1.1491968475479108,-0.8196509333266403,-0.7147592306137085,-0.06602699345061525,0.21147480607032776,0.6666666865348816
-0.9210929870605469,-0.6191481351852417,0.010043300688266754,-0.8109833002090454,-0.2360319048166275,0.8676114633682348,1.3129992782749775,-0.779547045925019,-0.028923334553837776,-0.8398740823568649,-0.37881800532341003,0.3333333432674408
-0.9328900494153852,-0.20309685170650482,-0.05130191119858948,-0.647268934031282,-0.7714031720677585,0.2229740172624588,0.4039732033114375,-1.7090184289475048,0.033425383269786835,0.29028289990654965,1.8307509330038603,0.5
-0.5422053933143616,-0.3814045190811157,-0.5335727334022522,-0.8108375409638147,-0.37167537212371826,1.1061376220016643,0.638986796497992,-0.8359631630079581,-1.667562217011606,-0.7573306560516357,-0.9691107869148254,0.5
-0.8453154563903809,-0.9757634997367859,-0.4656206965446472,2.1143101396227175,-0.37167537212371826,0.5202762226315667,0.8428687958772751,1.0071167864926969,0.2828202545642853,-0.22306638956069946,-0.8004556894302368,0.6666666865348816
-1.148425579071045,0.03464672341942787,-1.611835527484515,0.39397515794154386,-0.2656031209301274,1.1217145919799805,1.494928169964663,0.4268464528111065,0.6569125652313232,-0.5199724423490779,-1.306420922279358,0.3333333432674408
-1.3621703097473814,0.5101338624954224,-0.9617043379271861,0.6143837625069485,-0.4592254279857052,-0.731937825679779,0.04090595362406148,-0.1950167084418698,0.5322151184082031,-0.8241137266159058,-0.631800651550293,0.1666666716337204
-0.6937604546546936,0.7439309638630899,0.28185129165649414,-0.766541063785553,0.5530907829621691,-1.349821925163269,0.1454138512248161,0.006424440394252735,0.06741643584653681,-0.49019855260849,-1.3581616893698716,0.3333333432674408
0.31482444995917547,0.5091138069779519,-0.397668719291687,-0.6554354429244995,0.8674553315034299,-0.6965747929096168,-1.4177182320889636,0.20242283293334765,0.5322151184082031,1.3309638627888978,0.3801299035549164,0.5
0.7460124492645264,4.238088178982254,-0.5335727334022522,-0.6109932065010071,0.8970536323541021,-0.8298502614776974,-0.27110747558124365,1.2376510185576266,0.9063074588775635,1.0793315248630966,-0.8847832679748535,0.3333333432674408
4.445809423339486,0.27239030599594116,2.21319355119063,-0.5887720584869385,2.717871144649309,-1.2708060478298047,-1.3981238145436474,1.7322240206858504,-0.9018054008483887,0.8299654211342185,-0.041507821530103683,0.5
-0.8936570263001675,-1.094635248184204,0.9280049630059138,-0.7443199157714844,-0.6429623365402222,0.14356967428749057,-0.05907664445316703,-1.5208978099815196,0.030603340934829512,-1.1580289602279663,0.997690490114531,0.5
1.3590003801576098,-0.09415192742393098,0.34980329871177673,-0.6332142949104309,1.1801265412397801,-1.2014525797266862,-1.748929951202131,0.9371679719681656,-0.5277130603790283,1.3544282279954987,-0.8004556894302368,0.5
-0.39065036177635193,-0.5002763271331787,1.4493097910934418,1.6869387510381118,-0.26801264027461674,0.9532006978988647,1.463212301751055,1.0073171167978763,-0.46536436676979065,-0.2898494303226471,-1.2661344103091434,0.3333333432674408
6.353549003601074,7.334530000155162,9.11561107635498,-0.9887523055076599,0.2768639589843715,14.546651840209961,5.646822953218913,-1.0515441190974244,4.896625518798828,-0.6905476450920105,3.078611373901367,0.0
-0.6937604546546936,-1.0508690641227774,1.1652272939682007,-0.7220988273620605,-0.6700910329818726,0.33531656861305237,-0.17759354992454307,-1.1943857592088885,0.8552818866505769,0.47893674359820915,0.7283275557640484,0.5
-0.46642789244651794,-0.08422506600618362,-0.4656206965446472,-0.7220988273620605,0.03885175423000912,0.5600017309188843,-1.0338236112198065,0.8118287657369504,1.7865409944870803,1.059358903508903,-0.46314552426338196,0.3333333432674408
-1.072648048400879,-0.4408404231071472,1.0432257405063698,-0.41296211465206334,0.12267338007763452,-0.6757665276527405,-0.1462556153539437,-1.0609079243890287,1.4163954538658836,0.12159345869781645,1.5607155561447144,0.5
1.9781358962805897,0.8586898309258929,1.4630551294858203,-0.5338437073493725,0.994052334867505,-1.0127942562103271,-1.5311120650749035,1.2814039140057325,-1.3090465076999667,0.1108487918972969,0.04281972348690033,0.5
-0.6179829239845276,-0.2625327408313751,-0.12586070597171783,-0.8109833002090454,0.6095319619376585,0.4476591646671295,1.1229482862957403,-0.20031571101110993,-0.19799561899781,-0.8241137266159058,-1.306420922279358,0.5
0.1397922784090042,1.5642842220169015,1.5577692723717376,0.624245646767498,-0.6429623365402222,0.7012742484848515,1.5441147962448596,-0.15357008750760706,0.4866688877866741,-1.2915949821472168,0.8067211272512673,0.6666666865348816
-0.976610561063444,-0.5597122311592102,0.010043300688266754,0.784734840032245,-0.4528557970158661,0.9532006978988647,0.3063417838578994,-0.4120743504643205,-0.34066691994667053,-1.3246223900631329,0.3801299035549164,0.5
-0.11928063788118884,-0.8441012790855528,0.14594730734825134,2.5224321812861015,-0.364494206385719,0.650124731072617,0.8088904648592226,1.3379353371989884,-0.3059104798558919,-0.6237646341323853,-1.473112203443178,0.5
0.5944573879241943,-0.6785839796066284,0.8254672884941101,-0.7220988273620605,1.20434598200561,-0.731937825679779,-1.2947640364363882,0.4000548364074844,0.8137371849113774,0.6347056135971254,0.7174400687217712,0.6666666865348816
-0.5422053933143616,1.5556228745450071,-1.9226021295910511,-0.6332142949104309,0.5949176780916194,-0.2825675308704376,-0.8439002673016647,0.8606541963367698,2.277638194838624,0.5449093288768463,-0.8847832679748535,0.3333333432674408
1.9961303121922436,-0.5002763271331787,1.273406083084897,-0.5221373606761828,0.6256523572425634,-1.4059932231903076,-1.8518304071643485,-0.18842705099330376,-0.6951375818917955,1.4005323595133727,2.0129734666180545,0.5
-0.7695379853248596,-0.2625327408313751,-0.5335727334022522,-0.06092621421908246,-0.6158336400985718,0.5038304328918457,0.6463198573206318,-1.2249669914898942,-0.8394566774368286,-0.957679808139801,0.3801299035549164,0.3333333432674408
-1.072648048400879,-0.4408404231071472,0.07799530029296875,-0.766541063785553,-0.5290867050800835,-1.2936506271362305,-0.6101972237959488,-1.0597177659190435,0.6135126564491736,-0.802839963164532,0.21147480607032776,0.5
-0.394064236177727,-0.7974557876586914,0.010043300688266754,0.6450332092350526,-0.6429623365402222,0.9288187997253237,0.4240429976601067,-0.4239711890458241,0.8439587354660034,-0.5569815635681152,0.9704226851463318,0.5
-0.39065036177635193,-0.5597122311592102,-0.21893469683656436,0.6961366654636876,-0.18177451193332672,1.2581488664464635,0.873004683873682,0.31402259344204464,0.6402848836958424,-0.8241137266159058,-0.46314552426338196,0.3333333432674408
-2.27326622331939,-0.4408404231071472,1.1652272939682007,-0.92896014570549,0.5494191213186947,-1.1251368522644043,-0.2722455794144634,-1.0602146595864945,-1.0941915588080913,-0.4719087227674803,-0.9691107869148254,0.3333333432674408
0.29134732484817505,-0.5597122311592102,-0.12586070597171783,0.11922359060780778,-0.2360319048166275,0.7846868634223938,1.9265409584333235,0.7305337718388666,0.033425383269786835,0.5783300399780273,-1.306420922279358,0.3333333432674408
0.4064035132132708,-0.43068498776124803,0.010043300688266754,1.099625825197581,0.062383756041526794,1.1599218799918185,1.3257446106743205,0.6456071009912892,-1.1618422759446259,-0.02271728403866291,-0.9691107869148254,0.3333333432674408
1.2892057026738468,0.33182618021965027,0.5704014685514814,-0.6998776793479919,2.917644678694156,-1.1709825298726135,-1.12714366200586,0.9553198733587471,-0.7423006107361695,0.9251338222580949,-0.8847832679748535,0.3333333432674408
0.29134732484817505,-0.2625327408313751,0.8934193253517151,-0.5372303213809462,-0.6429623365402222,-0.7881091237068176,-0.42290933820585014,-0.3326178943429414,0.15812282264232635,0.8004645750766716,1.0917417995491707,0.5
-0.5473339075918819,0.8976437886825708,-2.1644208431243896,-0.6776565313339233,0.7132283856765775,-1.4820729943714834,-1.8763135166689449,0.3839991302955185,1.430419647562616,0.37798094749450684,0.3920989740135224,0.3333333432674408
-1.4537332995236298,-0.8568916916847229,-0.397668719291687,1.6894628608434796,-0.5887049436569214,-0.04863119379729095,-0.32966026113313046,0.5791299943260497,-0.2159694880247116,-0.890896737575531,-1.1015031570438096,0.3333333432674408
1.0242665251002372,0.15351851284503937,0.28185129165649414,0.5808237969837177,0.45975746865849515,-0.11666570345303293,-0.726474844781676,1.748750174301216,1.4555033447079992,0.17763182520866394,-1.2220934629440308,0.3333333432674408
-0.8453154563903809,0.03464672341942787,-0.19381269812583923,1.2642430751164324,-0.6429623365402222,-0.04785542227388973,-0.35517250736465267,-0.444237745767957,-0.5277130603790283,-1.5078113252782335,1.223405361175537,0.6666666865348816
0.4788364669196568,-0.3219686448574066,0.14594730734825134,0.5665361382910951,-0.7243484258651733,1.2092510391564995,1.178666089154166,-0.2004631026284877,-0.9641541242599487,-0.7573306560516357,0.9704226851463318,0.9978498294881434
0.35282650058250936,-0.6785839796066284,0.14594730734825134,-0.7220988273620605,-0.34454667568206787,-0.5072526931762695,-0.8246245703763322,-0.7359680426312937,0.3822177626795187,-0.22306638956069946,0.4644574522972107,0.5
-0.7695379853248596,-0.9757634997367859,0.21389929950237274,-0.5665509104728699,-0.4801901578903198,0.5600017309188843,0.2600727809486871,-1.1500628363942698,-1.0265028476715088,0.1108487918972969,0.3801299035549164,0.5
-0.7942123427933399,-0.6191481351852417,-0.4656206965446472,-0.6776565313339233,0.26087095733903254,0.4476591646671295,0.805522717798794,-0.8553181886672974,-0.028923334553837776,-0.22306638956069946,0.12714727222919464,0.5
3.9878201335336265,0.33182618021965027,1.860088680227311,-0.12036287221494768,1.1353520705777376,-1.2513560563579644,0.04761018301002354,1.853167475121073,-0.9851864601264396,2.102772759044242,0.24412294941685592,0.3333333432674408
-0.3148728311061859,-0.4859081073591145,-0.06415442496964963,2.95192649810194,-0.2360319048166275,2.3122063287122288,1.5526005814312236,1.8808105846920837,0.15812282264232635,-0.02271728403866291,-0.9691107869148254,0.5
1.2128579833507656,0.5837290448432034,-0.2617647051811218,-0.6998776793479919,0.5778290033340454,-0.4468573648431509,-0.8181296439926645,0.7503175011305186,0.15812282264232635,0.9547950787265984,-0.7161281704902649,0.3333333432674408
0.5944573879241943,1.9819773331240875,-0.941284716129303,-0.2346280438648917,0.688546129389167,0.06498461108377653,-0.42732778010027794,0.6133511417886345,0.2204715460538864,1.321379747840896,-0.3573330370133588,0.5
-1.1453655801862934,-0.024789171293377876,0.28185129165649414,-0.5887720584869385,-0.7243484258651733,-0.0578824058175087,-0.20840355017841727,-1.4989729097530582,1.097682409142369,0.37798094749450684,1.496740222699815,0.5
0.06401476263999939,-0.3219686448574066,2.227491532593113,1.8875023240907445,-0.34454667568206787,1.7726491381887013,1.9920547209713289,1.166409354223884,-1.4005951881408691,0.12312558243366648,-1.2735492248892877,0.3333333432674408
-0.3549885894850165,1.1742970021085475,0.9142683798196269,1.7728418227105536,-0.4801901578903198,1.5504773844827817,2.8439309447775023,1.1652142237019143,-1.0003553581531512,-0.5569815635681152,-1.2332990060547642,0.3333333432674408
-0.39075164001885254,0.6592913229951565,0.6895633339881897,0.9970667029056327,-0.2902892827987671,0.3742509388057055,1.553257972722661,0.6901359189489045,-0.5277130603790283,0.04406575486063957,-0.9691107869148254,0.5
-0.8453154563903809,0.09408261626958847,-0.12586070597171783,-0.8109833002090454,0.40721828598415205,-0.8442803621292114,0.1373973924772405,-0.08937466913553517,1.2070198389588376,0.17763182520866394,-0.7161281704902649,0.3333333432674408
-0.3148728311061859,2.5489222568380834,-1.9598163770748331,-0.717658899433095,3.589865656196259,-0.45108139514923096,-0.3370144900312042,0.08579971212147738,-0.15362077951431274,-0.22306638956069946,-0.5474730730056763,0.1666666716337204
-0.45339592978300697,0.10408406390904218,-0.397668719291687,-0.5788624971508551,-0.4490281398360175,-0.015669332753101416,0.056480328012066726,-1.1404558447972775,0.28195208346325534,1.4048399443574033,1.397698157300718,0.5
-0.16331779956817627,-0.11736461015545116,0.8254672884941101,0.9401086598366246,-0.2360319048166275,1.6046576802027903,1.2829085662593134,0.5313882382899348,-0.2783181965351105,-0.890896737575531,-0.5613310307860141,0.3333333432674408
0.29134732484817505,-0.3219686448574066,0.21389929950237274,1.7581676568890123,0.2478196700468801,-0.45108139514923096,0.9984346574455274,1.389352650588842,0.31376925507598086,0.37798094749450684,-0.2944904565811157,0.3333333432674408
0.5186799168586731,0.5101338624954224,0.14594730734825134,-0.6776565313339233,0.48467149953512,-0.40872281567484814,-0.3864870260730412,0.7422188878170739,0.34516897797584534,0.89155583739632,-0.2101629078388214,0.3333333432674408
-0.5650805061223203,-0.3133861603395212,1.1652272939682007,-0.5665509104728699,3.399704811175967,1.4032464064623893,1.3467409868947031,-0.40973021839570656,-0.2922675469967102,0.4447639584541321,-0.46314552426338196,0.3333333432674408
0.32412406246599074,-0.9757634997367859,0.4276340644155135,-0.8109833002090454,-0.45301591340147035,-0.7881091237068176,-0.5237557780739419,-0.29895504328752676,-0.5900617837905884,-0.5255609122761971,-0.8847832679748535,0.3333333432674408
1.5650436131746375,-0.4597558631577279,2.664901467062011,-0.6109932065010071,-0.24923088980672628,-0.6199957945526529,0.4394654886342768,0.2321281615548265,-1.5672025221220702,-0.42020772843204107,-0.31629164055815523,0.3333333432674408
-0.39065036177635193,-0.6785839796066284,-0.0498219237967439,1.4071655182621514,0.6071968945033193,0.577368816118758,0.42085443708825715,1.4795515962892465,1.5632870121318914,-0.15628336369991302,-0.8847832679748535,0.5
0.7117933310165183,0.332842568000404,0.010043300688266754,-0.6332142949104309,0.5972807217832092,0.16680273413658142,-0.7559049211650577,0.7046694631068829,0.8439587354660034,0.4447639584541321,-0.37881800532341003,0.5
-0.7358149265235678,-0.5002763271331787,-0.16390836509630305,0.0469475177750881,-0.2902892827987671,1.2464780239688662,0.0198365818896791,-0.18969681788973133,-1.3722352124703774,-1.0870730050198159,-0.4645281393463722,0.3333333432674408
0.7460124492645264,-0.5066735820309138,0.4177553057670593,0.5513231565409185,-0.2360319048166275,-0.2684098880136787,1.029044741873058,0.8664571088712854,1.0227609464330907,-0.42341551184654236,0.29580235481262207,0.3333333432674408
-1.6268120931947905,-0.8568916916847229,0.6216112971305847,-0.833204448223114,-0.08769078753868755,1.2282715746112098,0.2755459244273656,-1.4879843549959764,-0.028923334553837776,-0.42341551184654236,0.4644574522972107,0.3333333432674408
1.1136851064736468,1.838468871953789,-2.022399142409903,-0.6776565313339233,1.3227662231741013,-1.1244567392636404,-0.7875706651324703,1.031073473830957,-0.028923334553837776,-0.15628336369991302,-1.137765884399414,0.3333333432674408
-0.8453154563903809,-0.5884621861873309,-0.5335727334022522,1.3836122965985158,-0.2631605863571167,0.5600017309188843,0.4728241452835405,0.4646943820245311,0.5945638418197632,-1.1580289602279663,-0.46314552426338196,0.5
-0.5641478636306257,-0.4408404231071472,0.010043300688266754,-0.8554255366325378,-0.7193037629024995,-0.6195952296257019,-1.2356685671189087,-0.8553181886672974,0.15812282264232635,1.2078658527599917,0.9123152751135225,0.5
3.2220704968059843,0.712273387347905,1.6963992194181605,-0.355365494173228,2.7252580050978437,-0.90045166015625,-1.590365786903357,1.83940472477134,-0.9018054008483887,2.0544013071946026,-1.0534383058547974,0.5
-0.16331779956817627,-0.0031423693149008093,-0.605530888759223,-0.6332142949104309,-0.6838270176893799,-0.3030036550067123,-0.7211027836605252,-1.6545579641979586,-2.1192959796438835,0.18070724459402476,1.223405361175537,0.5
0.06401476263999939,0.38230644711657674,-1.4681830017269977,-0.7321606454973908,0.548319020174833,-0.4195284911234367,-1.3617601355324431,0.354949661193722,0.7192612886428833,0.4447639584541321,-0.8847832679748535,0.6666666865348816
-0.5667340186819039,1.5773276151791131,-1.466516825495603,0.1466171667642534,1.4773578509249419,-1.349821925163269,-1.67197478669556,0.2606201891365428,1.1478286184756075,-0.49019855260849,0.3058437456903284,0.5
-0.6179829239845276,-0.3472439621926167,1.0971306945032557,0.5459883120671719,-0.41422397626599916,0.9532006978988647,0.3538959249160331,-0.735046726398446,0.005584879434021153,0.39909742991037495,0.8447706272242657,0.5
0.39684330844010074,-0.5002763271331787,1.1691059413574938,2.2995630429497873,-0.15464581549167633,2.1175493852582115,1.135352499219456,2.0427059239663916,-0.028923334553837776,-0.2898494303226471,-1.559403657913208,0.3333333432674408
0.1397922784090042,-0.3219686448574066,-0.4656206965446472,-0.751414090769391,-0.46079614047540796,-0.17022497951984406,0.781375013259201,-0.19004587122668962,0.7012847133287777,-0.5974557929571058,-0.9691107869148254,0.3333333432674408
-0.12478301010670749,-1.0255772630833582,0.21389929950237274,2.496939722577173,-0.39880406856536865,1.2736014111583842,0.3661855706717789,1.1647675180278976,0.0957741066813469,-1.0244628190994263,-0.041507821530103683,0.5
-0.6937604546546936,-0.20309685170650482,0.40301249430522385,1.483092204138911,-0.561576247215271,-0.0017111222259700298,0.29027229966802187,0.6245932197274946,1.3417978607150929,-0.7573306560516357,-0.631800651550293,0.5
0.5658810851809731,1.5125694227323845,-1.7137606340716192,0.14800000901447655,0.8275338907127616,-1.349821925163269,-1.807155016902712,1.033216118812561,0.7816100120544434,-0.11782346799700841,1.5576255332451139,0.5
-0.08754027634859085,-0.3219686448574066,0.9438663057600314,-0.6776565313339233,1.515525987967933,-1.4874878762911676,-1.7922495138974341,0.24567412679354314,0.3235072006853474,-0.15628336369991302,0.35102380111964293,0.3333333432674408
-0.48479540650187786,0.27239030599594116,-1.5189826598659923,-0.8554255366325378,-0.2631605863571167,-1.2710181215308256,-0.1280013006071806,-0.7989545898956367,-0.2783181965351105,-0.49019855260849,-0.46314552426338196,0.3333333432674408
1.2133273545264378,-0.14366096258163452,1.534556792854634,-0.5080716365338412,-0.6158336400985718,-1.237479329109192,0.02214638733050505,-0.14373574455479185,-2.057265200252771,0.3111979067325592,-0.8847832679748535,0.3333333432674408
-0.501846518310729,-1.3304328028694157,-0.12586070597171783,-0.833204448223114,-0.4368691876151269,-0.3949100971221924,-0.6208372478680085,-1.1938845589149185,-0.028923334553837776,-0.5569815635681152,0.5487849712371826,0.5
0.5944573879241943,-0.7974557876586914,1.1831157570351956,0.7287078664683689,-0.6401762448347522,1.6723294103009605,0.6080606686789348,1.1168691660318821,-1.206119286340315,0.9907178922742882,-0.9918724631039441,0.5
0.5910315611438541,-0.7380198836326599,2.539581915082949,0.6666109860328955,-0.34454667568206787,1.065543293952942,0.6988559949184523,0.8424241914279018,-1.5675543196414135,-0.06946616203764114,-1.0534383058547974,0.5
0.29134732484817505,-0.8205735602127257,0.4857073128223419,-0.5887720584869385,0.5059730640600598,0.6723442673683167,1.1574412365212936,-0.2764463994440068,-1.8542961681641144,0.4517200580668085,-0.1258353590965271,0.5
0.5186799168586731,-0.5002763271331787,-0.3297167122364044,-0.766541063785553,-0.42593276500701904,0.11063144356012344,0.6510335936509869,-0.4910462525337339,0.34516897797584534,0.9910120505948845,-0.041507821530103683,0.1666666716337204
0.9251158979024539,-0.515388423140588,1.4957740234177173,-0.2341523716850973,-0.5887049436569214,-0.45672749934357937,0.202376812459433,-0.8835942897781927,-2.4084773382761155,1.8507904446062022,1.7888530788277093,0.3333333432674408
-0.5422053933143616,-0.3814045190811157,0.7212690817734311,0.6653880401310686,-0.08146835260469525,1.919271591377183,1.9076563187220608,0.32852744043193643,-0.2783181965351105,0.013542888343520312,-0.7724696808714617,0.5
-0.5979302847194832,1.5953616892147253,-0.5335727334022522,-0.00900227576802346,-0.5887049436569214,-1.4326445129074976,-0.0722434328308563,-0.4951223841019441,-0.7771079540252686,2.201717266095176,-0.041507821530103683,0.1859160883892054
-0.39065036177635193,-0.5597122311592102,0.34980329871177673,-0.8776466846466064,-0.05594002463002221,-0.0578824058175087,0.985026903755516,-0.7139045509125805,-0.028923334553837776,0.6451131105422974,-0.9691107869148254,0.5
-0.6179829239845276,-0.20309685170650482,-1.3307815769941564,-0.6998776793479919,-0.8328632116317749,0.9256943794714367,0.9131975358317831,-1.6435029154588296,-1.296927748364267,-1.6402578054876351,0.7230518607319518,0.5
-0.6179829239845276,-0.8568916916847229,0.34980329871177673,-0.833204448223114,-0.5344475507736206,-0.731937825679779,0.5663030127060257,-0.5922417302091731,0.46986642479896545,0.7385053998941801,-0.23072138142700999,0.3333333432674408
-0.3148728311061859,-0.5597122311592102,0.4177553057670593,1.8241064595939962,1.029613355740561,1.369494763343424,1.1606248651538429,1.1659935774345513,-0.9018054008483887,0.04406575486063957,-1.4750760793685913,0.3333333432674408
0.1397922784090042,1.0739827612466823,-0.8053807020187378,-0.8001305776108416,0.7479066068074305,0.05446016043424606,0.4269988777195158,0.41218651171208137,-0.2159694880247116,1.5736113092054205,-1.306420922279358,0.3333333432674408
0.6702349185943604,-0.6785839796066284,1.1652272939682007,2.8055534249856824,-0.4310919952342987,2.047739390687732,1.261832680525376,1.9551613081094663,-1.2989293671994715,-0.42341551184654236,-1.2220934629440308,0.1666666716337204
2.0986461868045474,-0.3219686448574066,2.3904787202965334,-0.6776565313339233,0.8306923690936135,-0.2369158529920729,-1.5589622556561429,0.32530459532890194,0.2694580781084359,2.318032558236835,1.2969944242902625,0.5
-0.39065036177635193,-0.7974557876586914,0.5364175035544475,-0.8109833002090454,-0.5738585590678404,-0.2825675308704376,-0.05936021036590282,-0.9142112128302732,0.3464351481127906,-0.3566324710845947,0.19013081238154309,0.5
0.6702349185943604,1.5597683119335186,0.34980329871177673,-0.5887720584869385,0.1930013624144687,-1.4059932231903076,-0.9463127677646325,0.49125718445723626,0.7192612886428833,1.3592381894378902,0.3801299035549164,0.5
-0.5971189970284874,0.03464672341942787,-0.5335727334022522,0.20125171052006738,0.004221663016557596,-1.0127942562103271,1.1700336404336797,0.684476978022502,1.0795164402947277,0.24441486597061157,-0.8847832679748535,0.5
-1.6215175139768465,2.3790493544804714,-2.1644208431243896,0.48072664416126326,-0.7899324680498038,0.32678556251947233,-0.16898889504465986,-0.2723784361273568,0.2828202545642853,-0.5569815635681152,0.04281972348690033,0.3333333432674408
5.507803889628124,1.4196558249176168,0.14594730734825134,-0.028821168563777325,0.8286421220676156,-1.1888141568428803,-1.2179188372488325,2.586166460487457,-0.6866169053221015,0.825327432455594,-0.2944904565811157,0.5
-0.6179829239845276,-0.5597122311592102,1.1652272939682007,-0.8554255366325378,-0.697219729423523,-0.2825675308704376,1.6625915181940283,-1.3981118698115236,-0.09127205610275269,-0.890896737575531,0.9543542019151146,0.5
6.353549003601074,-1.5701223611831665,9.11561107635498,-0.9887523055076599,-1.2940510511398315,14.546651840209961,5.739711284637451,5.3161420822143555,4.896625518798828,9.794388771057129,3.078611373901367,0.0
-0.5422053933143616,0.4039168813743868,-0.397668719291687,-0.8109833002090454,0.4965779073370149,-1.1813081502914429,-0.10515091564009887,0.003558074341156764,0.16249889317384414,-0.42341551184654236,-1.1633242937639652,0.3277749862841026
-0.8453154563903809,-0.5002763271331787,-0.4656206965446472,-0.7887621521949768,-0.34454667568206787,-1.0127942562103271,-0.07109611815995491,-1.517305914320771,-0.028923334553837776,-0.49019855260849,1.1390777826309204,0.3333333432674408
-0.0043993467634549895,-0.7974557876586914,-0.05790869891643524,-0.831937330887709,-0.36259688452633254,-1.0689655542373657,0.6096094360075003,-0.555985049670844,0.9686561822891235,-0.6680167736251656,-0.05376037383015146,0.3333333432674408
0.7460124492645264,-0.5002763271331787,-0.12586070597171783,0.026266838284662468,-0.5477504974818879,1.653646834772611,0.8837405539389871,0.5218654951843307,-1.4146153862259705,-1.2434094095542967,-1.306420922279358,0.3333333432674408
0.29134732484817505,-0.3219686448574066,0.32008427995523236,5.203202807047454,-0.34454667568206787,0.9532006978988647,0.6419253693395249,4.000718524871383,-1.841131103560883,-0.6905476450920105,-1.4917599704461186,0.3333333432674408
0.21556980907917023,-0.024789171293377876,-0.8807977200439551,1.5476289829475312,-0.4521230616031037,-0.006663997149329335,-0.19812011289970216,0.32325004189864714,-1.0888515710830688,-1.0741205173479527,0.29580235481262207,0.3333333432674408
2.8762477246996188,-0.2625327408313751,0.7908459064316452,-0.6332142949104309,0.7207041345492887,-0.49012894075255226,-1.1382687627427748,1.8568129491935907,0.5322151184082031,0.5783300399780273,-0.46314552426338196,0.5
0.6702349185943604,-0.9300206457644278,1.2575479507731702,2.2114308624942423,-0.13128774557221873,0.2229740172624588,0.618850569448224,1.958025320413799,-1.544076024392015,-0.5569815635681152,-1.633443518508188,0.5
0.29134732484817505,-0.2625327408313751,1.0841634649529117,0.04153237186542533,0.5521249633878208,-1.4059932231903076,-1.710846589190639,0.9839541629400755,0.34516897797584534,1.7165850955662525,1.6475662163088867,0.5
0.29134732484817505,-0.8568916916847229,0.28185129165649414,-0.6332142949104309,-0.0903784533542853,1.1259804135629463,1.8629296797758153,-0.2483557098389011,0.7816100120544434,-0.22306638956069946,-0.2944904565811157,0.5
0.7744270250068954,1.8037826332950115,-0.19381269812583923,-0.1814290102881409,0.23546332342168388,-0.8551915189265759,-1.0251159956459852,1.0354847431124956,0.6569125652313232,1.0069953192698746,-0.8004556894302368,0.3333333432674408
0.21556980907917023,-0.5002763271331787,0.4177553057670593,-0.6332142949104309,-0.13022482301076804,0.3848939239751703,0.1288173412465351,-1.3461881217964824,-1.0987757818457746,1.0646060766506256,1.951349714685753,0.6666666865348816
-0.46642789244651794,-0.08422506600618362,-0.00920614406452128,0.6091306206633781,-0.1762612633478609,1.245704435403352,1.5133192303164562,0.4427979833695218,0.033425383269786835,-0.2898494303226471,-0.9691107869148254,0.3333333432674408
-0.9210929870605469,-0.3814045190811157,-0.5335727334022522,0.4552518783314784,-0.37167537212371826,-0.22639626264572144,0.3417577657935054,-0.09921443546601028,0.9063074588775635,-0.0895003229379654,0.03773245808411796,0.5
-0.6179829239845276,-1.2314512001576174,0.4857073128223419,-0.8971600705232062,-0.5073188543319702,1.9129494909722868,0.3220221114618874,-1.7374047430606525,-1.0177256468024667,1.2850444338688474,1.2496680069639483,0.6666666865348816
-0.5424232720113621,-0.12234548479945669,-0.5566360710621628,1.8892646784327498,0.3228403650346164,1.577588253304856,1.8561517165821324,1.2070826632501368,-0.15362077951431274,-0.42341551184654236,-1.137765884399414,0.3333333432674408
-0.01176275685429573,-0.3814045190811157,-0.19381269812583923,3.5164832914314825,-0.37167537212371826,0.8876150983069094,1.8119580546690537,1.8415694206119682,-1.5847490125784585,0.7786791324615479,-1.1539046375717945,0.6666666865348816
0.21556980907917023,0.3089353906142246,-0.6096586783260485,1.1524174418225666,-0.2902892827987671,0.873751546908954,0.988333130226494,0.8351402898812234,-0.15362077951431274,-0.3092158777014196,-0.9691107869148254,0.3333333432674408
-0.46642789244651794,-0.7033329627841008,0.4857073128223419,2.061812111529447,0.0639752657890296,0.6723442673683167,1.0480859565325165,1.382503204476282,0.2828202545642853,-0.8241137266159058,-0.9691107869148254,0.3333333432674408
-0.8453154563903809,-0.4408404231071472,-0.19381269812583923,-0.8109833002090454,-0.4801901578903198,-0.3507225545747247,-0.009221162008077894,-1.1232092465638517,0.5945638418197632,-1.0901544289767398,0.7174400687217712,0.3333333432674408
-1.0081805441272722,-0.6785839796066284,0.6895633339881897,-0.8554255366325378,-0.39880406856536865,-0.5072526931762695,-1.296508237382509,-1.2046234054781229,0.5322151184082031,0.17763182520866394,0.29580235481262207,0.3333333432674408
-0.9968705177307129,-0.3219686448574066,0.28185129165649414,0.8379907109405015,0.6222547034170937,1.6522201633550675,1.6942276223970325,0.6852348460846138,0.3710057157398921,-0.13886783398043487,-1.2220934629440308,0.3333333432674408
-0.6937604546546936,-0.2625327408313751,-0.6780307419708475,-0.18682176151050175,-0.4801901578903198,-0.90045166015625,0.05659383338131891,-1.1498188785345635,-0.7771079540252686,2.619784395008797,0.8017675876617432,0.3333333432674408
-0.6937604546546936,0.02128213070473817,-0.19381269812583923,0.7014075513643205,-0.2360319048166275,-0.9453321888627432,-0.13170753725165077,-1.4759149914985503,-0.7147592306137085,0.27442243861099885,2.451755437920437,0.6666666865348816
0.6282691900639873,1.5732195895570746,-1.8002419975558206,-0.7220988273620605,-0.18177451193332672,-0.6195952296257019,-0.3607182253677069,-0.7052817173486394,-0.7147592306137085,-0.6905476450920105,0.41886440534627256,0.5
-1.072648048400879,-0.3219686448574066,-0.7017534890019735,-0.06398881624291523,-0.37167537212371826,0.726332205209807,1.5369583922802903,-0.46811486208761477,0.2204715460538864,-0.890896737575531,-0.2101629078388214,0.3333333432674408
-1.0801694532805683,-0.8511452133776227,-0.12586070597171783,-0.8776466846466064,5.5060594533707565,1.22730174628406,0.20413471127240612,-0.8725328700407545,-0.028923334553837776,-0.0895003229379654,-0.7161281704902649,0.3333333432674408
2.5002552802860043,3.535132340340506,-0.5335727334022522,-0.30500782772537954,0.5909749967763597,-0.90045166015625,-1.7612828754842518,1.7609234141734682,0.2828202545642853,0.6451131105422974,1.392060399055481,0.023135724161612792
0.1397922784090042,1.1602301719222317,-0.3297167122364044,-0.7220988273620605,0.08956375010801143,-1.4270139547563063,-1.7641946511042457,0.32717595092705265,-0.2159694880247116,-0.0895003229379654,-0.6899001596692631,0.6666666865348816
-0.7472910656013994,-0.9163275957107544,-0.42586784091751445,0.748282245731227,-0.4610132151187559,0.36011872958508373,-0.09456175849318758,-0.6311912521073427,-0.5900617837905884,-1.1580289602279663,0.3801299035549164,0.5
0.5186799168586731,-0.3814045190811157,1.3494225723570739,-0.0074254475802682405,0.9098428555331397,-1.1458777841256358,-1.4667664826506017,0.788688790851498,0.768226995701964,0.6451131105422974,0.7207484678516407,0.5
1.4158908172910811,-0.3814045190811157,3.8158575345448673,-0.9040884727067678,-0.6700910329818726,-0.8442803621292114,-0.5207147057292237,-1.3053010614370786,-0.7771079540252686,-0.6237646341323853,1.392060399055481,0.3333333432674408
-1.1136007373979666,-0.718780137805503,1.7279489003154724,-0.766541063785553,-0.45306146144866943,0.5476195380300851,0.6508497025949487,-0.7264650154945135,-0.2783181965351105,-0.2898494303226471,-0.2944904565811157,0.5
-0.7695379853248596,-0.6191481351852417,0.11215258976025375,0.23895623926916523,-0.8963064631469153,1.159200041658222,0.19413794246736044,-1.3391687879197909,0.0957741066813469,-0.6237646341323853,1.3189329023165774,0.5
-0.39065036177635193,-0.3814045190811157,0.07799530029296875,0.2556346066225937,-0.5569580045502833,0.6723442673683167,0.6356591343478907,-1.088523262898664,-0.2159694880247116,-1.4890312041927192,1.6450430154800415,0.6666666865348816
0.06401476263999939,-0.8687287537555402,1.0293233394622803,2.8683809388019146,-0.34454667568206787,1.6774235880715302,0.6577217594368443,1.817619101420754,-1.7241957983249403,-0.3566324710845947,-1.5519145967966381,0.3333333432674408
-0.6434179924479614,-0.4408404231071472,-0.47260572774078247,-0.766541063785553,-0.2089032083749771,0.459356152512947,0.9327712495853065,0.401510952069602,1.638886581165618,0.10847410403093384,-2.082871584817931,0.3333333432674408
0.5192148186909261,-0.6785839796066284,0.5536593198776245,-0.5887720584869385,-0.5887049436569214,-0.22639626264572144,0.6332069378048728,-0.20605649321543326,-0.7771079540252686,1.3813419095393629,0.6331125497817993,0.5
0.21556980907917023,-0.1286692664336653,-0.07378615590428496,2.3301629341013825,-0.1057933321188437,1.8813447361886495,1.3146136487656297,1.509359653804311,-1.151799197824168,0.3111979067325592,-1.5294663637458485,0.3333333432674408
2.5686182530913593,0.40803123828416293,1.1652272939682007,1.2744341978200715,0.554169086413166,-0.5017647247160257,0.6925714721406181,2.3506596540380365,-1.311508349046743,1.6799970420628054,-1.137765884399414,0.3333333432674408
1.1910194290675817,-0.6191481351852417,1.4369994279383527,1.3188085121620932,-0.2360319048166275,0.5600017309188843,0.9483484633773468,0.9829547194720817,-1.7976475638564118,-1.0912458896636963,-0.8847832679748535,0.5
1.128831242700076,-0.9757634997367859,1.1652272939682007,0.15851446692103707,-0.34454667568206787,-0.8846394458853094,0.009417710858531578,-0.03800031077463698,-1.3315649862534784,0.7659131572234024,1.1390777826309204,0.6666666865348816
1.5428876210123954,0.5101338624954224,0.07799530029296875,-0.6332142949104309,0.5351492374821476,-0.22639626264572144,-0.22561468887979674,0.6938688613096657,0.2828202545642853,0.1108487918972969,-0.46314552426338196,0.3333333432674408
-0.5422053933143616,0.009512110642333677,-0.49679091293535943,-0.46934945450721466,0.09050216173291406,1.2984971228203859,0.1423642323680993,0.013116784034842576,2.2556942340547574,2.893356855645706,1.6450430154800415,0.6666666865348816
-0.8453154563903809,-1.094635248184204,-0.5335727334022522,-0.8853607017313752,-0.7830121357837888,0.5600017309188843,-0.08472684332803082,-1.67200917918188,0.5322151184082031,-1.451584006428268,1.223405361175537,0.5
-1.6448585735236894,-0.5002763271331787,-0.7485805735582252,-0.8211779670386635,-1.1655610792056164,-0.0578824058175087,-0.019509974867105484,-1.8208562373848507,0.2828202545642853,-1.0244628190994263,1.6450430154800415,0.5
-0.6770756150272672,-0.6191481351852417,-0.12586070597171783,-0.09045361616623486,-0.3955591156905575,1.8662905109575971,0.5669815464854528,-0.9010642814552033,-0.46536436676979065,-0.22306638956069946,0.10329123295216194,0.6873631633692704
-0.01176275685429573,-0.7380198836326599,1.3567673017659072,2.1624882445628835,-0.10038841515779495,1.289533269251845,1.1910582951109896,1.4781101441703157,0.2204715460538864,-0.4664962304255426,-0.8847832679748535,0.5
-1.0182076103599407,1.4298827349928287,-2.1103324659539906,0.22812380367498483,-0.2787561925641444,1.2893075603584967,0.694843778287408,-1.3086840644114364,0.41631216601229676,0.9790282845497131,2.3406892155397463,0.5
-1.072648048400879,-1.0351994037628174,-0.3297167122364044,-0.5887720584869385,-0.8100763878509454,0.4476591646671295,-0.024864884086994922,-1.7002570546437943,0.5322151184082031,-1.0244628190994263,2.088318559513547,0.6666666865348816
1.503640041405853,0.15351851284503937,1.1652272939682007,-0.7984493754609372,0.10826653122593613,-1.1251368522644043,-1.7768705534276077,0.029715087146706707,-0.09127205610275269,1.9730323611509346,0.8017675876617432,0.5
-0.08754027634859085,-0.024789171293377876,-0.3297167122364044,0.5080504492006949,-0.5073188543319702,0.33531656861305237,0.7025862315690441,-0.2992094190294769,0.4075177013874054,-0.2752990165006701,0.7174400687217712,0.48980198347172665
-0.8453154563903809,0.09408261626958847,-0.2617647051811218,1.0505705181117113,-0.6700910329818726,-0.04549929750812804,0.21912104868983667,-0.9487041392687984,-0.028923334553837776,-0.890896737575531,1.392060399055481,0.8333333134651184
-0.16331779956817627,0.5958612567161309,0.07799530029296875,2.3169205703706903,0.13135571736281,0.5600017309188843,1.560401236191765,1.4528305884634993,-0.6601734687255765,0.45883253180080713,-0.9691107869148254,0.3333333432674408
-0.8196538607314718,0.16429793077156854,-0.799849913973846,1.7131706447033206,-0.34454667568206787,-0.3387388288974762,0.24110461823435392,0.9594061043002642,1.5914690550501525,0.04406575486063957,-0.8847832679748535,0.5
-0.46642789244651794,1.459370446102363,-2.1222593260963047,-0.70173689518252,0.2724839642509071,-0.9566229581832886,-1.5866474059716411,0.6059433025134526,1.93545096572413,-0.08045259939643432,-0.9691107869148254,0.5
-1.0017973716051023,-0.6785839796066284,-0.4412045654733152,0.38424877095937365,-0.3174179792404175,1.841151044500068,0.9817876103307703,-0.26995858302158054,0.17986604385729446,-0.6237646341323853,0.21147480607032776,0.6666666865348816
0.9719609684956454,2.5020074900139506,-1.682839640195917,-0.6592354995459694,0.403662365339753,-0.45108139514923096,-1.2784778614709942,1.033216118812561,0.3810488240132807,-0.15628336369991302,-0.6507361470705615,0.3333333432674408
-0.5422053933143616,-0.14366096258163452,0.21389929950237274,0.30645400371970427,-0.561576247215271,-1.124378877996214,1.0326130080177431,-0.2126025203912658,0.5945638418197632,-0.42341551184654236,0.4644574522972107,0.1666666716337204
0.7460124492645264,-0.7380198836326599,0.0035115477865834757,0.5239211910671764,-0.7786058187484741,0.6723442673683167,0.09044237247897431,-0.43756313664270885,-2.789525019464139,-0.6905476450920105,0.7774985758271681,0.3333333432674408
0.5944573879241943,1.7239972622621855,-1.8532028195082828,-0.5990655308121291,0.6705633117804062,-0.6757665276527405,-1.5966270246236618,0.459640635136432,0.723890150757028,0.6451131105422974,0.3209229297140709,0.5
-0.5422053933143616,-0.8568916916847229,0.28185129165649414,-0.766541063785553,-0.5344475507736206,0.9532006978988647,0.20828906790389967,-1.4324701653367224,-1.2128783330087507,0.5115470290184021,0.22638294890055424,0.8333333134651184
0.1397922784090042,-0.20309685170650482,-0.12586070597171783,-0.766541063785553,-0.37167537212371826,1.0453423885464463,1.0426078525711053,-0.9983098136300678,-0.4381231289226089,-0.42341551184654236,0.9177067103225103,0.5
-0.01176275685429573,-0.38199233486784606,-0.05790869891643524,1.7003674203721322,-0.4801901578903198,-0.8021537836642088,0.6731004178149537,-0.23801584011605575,-1.8587832439088567,-1.5330340739281565,1.1677344429331127,0.8333333134651184
-1.3188456700421396,-0.5597122311592102,-0.5335727334022522,1.5544047235278464,-0.7243484258651733,0.05446016043424606,-0.29671104966292544,0.019925562283767073,-0.5277130603790283,-1.0912458896636963,0.3801299035549164,0.5
0.7460124492645264,-0.6785839796066284,0.6895633339881897,0.5328215322790942,-0.561576247215271,1.3095754270668378,2.158626532439056,0.4415721344957263,-0.9386985203767331,-1.0244628190994263,-0.5474730730056763,0.3333333432674408
-0.01176275685429573,-0.20309685170650482,2.022784298468103,1.5059799014740998,-0.11519103575672658,2.5142006713941756,1.1041359792987266,1.3026470842380447,-0.34066691994667053,0.8735188246615592,-1.559403657913208,0.3333333432674408
-0.1524493429546518,-1.0351994037628174,-0.397668719291687,-0.8554255366325378,-0.1263037274896582,-0.14582105247834165,-0.441486241336613,-0.10755765784154649,1.1557023525238037,0.9398781107087122,-0.7161281704902649,0.5
-0.46642789244651794,-0.6785839796066284,-0.15565925579458773,-0.4349201087094775,-0.34454667568206787,0.2791453003883362,1.0987833163098562,-0.31924603001722945,-0.5900617837905884,-0.02271728403866291,-1.0534383058547974,0.3333333432674408
-0.5422053933143616,-0.6785839796066284,-0.05790869891643524,-0.833204448223114,-0.49751143438427553,0.11063144356012344,-0.41527859202568246,-1.6138404729547409,-0.2159694880247116,-1.0244628190994263,1.4159081246298832,0.5
-0.39065036177635193,0.4451548385795744,-0.941284716129303,-0.6998776793479919,-0.10401165543865318,-0.45108139514923096,-1.3135963336961871,-0.3111632040000298,1.2658943723208091,1.3009990387073729,0.3801299035549164,0.5
-0.9210929870605469,2.0552640975239145,0.07799530029296875,-0.6998776793479919,-0.34454667568206787,-0.1177216447613108,-0.04102494952159265,0.052003745876414695,1.624774556122801,0.6789812812021252,0.29580235481262207,0.5
-0.6937604546546936,-0.9560639518904693,0.6895633339881897,0.39493669519145,-0.8363194559595973,-0.3387388288974762,-0.10068173019163205,-1.2488241897215706,-0.15362077951431274,-1.651470789621531,2.051626355987227,0.5
0.5944573879241943,2.186691943950965,-1.996082463447671,-0.6554354429244995,-0.07076336106157181,-1.349821925163269,-1.717849991577105,0.37357722035018953,-0.26746012828692683,-0.22306638956069946,-0.631800651550293,0.5
1.4416493186927961,0.37940384411480305,0.6216112971305847,-0.6554354429244995,0.7248376912108275,-0.22639626264572144,-0.12460032540135511,1.1763947175376983,-0.4489773834780762,0.4156091314969589,-0.46314552426338196,0.5
-0.7695379853248596,-0.35420581235437965,-0.8781809948384098,-0.7850002971151138,-0.8464497262735973,-0.307300254988233,-0.4714364668591751,-1.6762494405422426,-1.0048643245823985,-1.0244628190994263,0.8017675876617432,0.5
0.42434949458063576,0.09408261626958847,0.03203847586579603,-0.544329822063446,0.37600460648805667,-0.3949100971221924,0.36618784658453163,0.5896717613318203,0.15812282264232635,0.2184216403708556,-1.0534383058547974,0.3333333432674408
-0.16331779956817627,0.21295440196990967,0.010043300688266754,-0.8998677730560303,-0.34454667568206787,-0.8895990877893465,0.16219927388368924,-0.5204638056117068,-0.4030156433582306,-0.22306638956069946,-0.8847832679748535,0.3333333432674408
-0.9658956943082289,-0.9163275957107544,0.14594730734825134,-0.9042675695579031,-0.39880406856536865,1.4951084474721277,0.07086985309757299,-1.500426588047468,-0.41178659883087,1.3299362080565782,0.7360152089592678,0.9220060043390901
-0.2390953153371811,-0.5597122311592102,1.244529281238261,-0.5677163042519113,-0.8328632116317749,-0.5184815744621085,0.4816380977832993,-1.4363785561805114,0.7192612886428833,0.3111979067325592,1.9973034642982455,0.5
0.5144775809142875,2.4152205313359345,-2.1401675115076224,-0.5665509104728699,0.35906620396452854,-0.6386597187321286,-1.4468679436792153,0.30063087161782165,0.5154528163362623,-0.49019855260849,0.29580235481262207,0.5
-0.7695379853248596,-0.14366096258163452,1.085300664011134,1.1332736316143524,-0.4801901578903198,0.4586019835342362,0.5377312634964854,0.5933406715374632,-0.7147592306137085,-0.02271728403866291,-1.4750760793685913,0.5
1.4560554097787073,-0.14366096258163452,0.7105879059207145,-0.8109833002090454,-0.2360319048166275,0.5104815152479434,0.2037863039642323,-1.4990128275811017,-1.151200294494629,-0.9587992448457553,2.3854541311343684,0.5
-0.01176275685429573,0.6895476573532492,-0.3286504921278848,0.9411385272567454,-0.34454667568206787,0.2791453003883362,0.38203446497747534,-0.08672741379364023,-1.9408988132632836,0.4447639584541321,0.3801299035549164,0.5
0.8217899799346924,-1.1925171168387463,-0.19381269812583923,-0.7756715191063318,-0.2902892827987671,-0.22639626264572144,0.06669047286941365,-0.20261213680713516,-0.5277130603790283,-0.890896737575531,-0.2944904565811157,0.6666666865348816
-0.8453154563903809,-0.5002763271331787,0.7800353998361653,0.526858070266601,-0.6012105132221206,0.8864872542540676,1.44192586230285,0.2956957657840446,-0.7147592306137085,-0.957679808139801,-1.0534383058547974,0.3333333432674408
0.41321094816935144,-0.20309685170650482,-1.1939554215757284,-0.9480332732919137,-0.6158336400985718,-0.8442803621292114,-0.32564111187376593,-0.308624519964223,-1.4005951881408691,-1.2915949821472168,-1.4750760793685913,0.1666666716337204
0.5944573879241943,0.38914626176087774,-0.05790869891643524,1.1653976853335306,-0.8157779564755606,-1.349821925163269,-0.1734132233852502,-1.165050329230444,-0.6524105072021484,-1.4868352961979638,2.834731663380226,0.5
0.5944573879241943,-0.5002763271331787,-0.19381269812583923,0.5141259870500984,-0.42593276500701904,-0.45108139514923096,0.7162748833956312,0.32700228060782666,-0.46536436676979065,-0.339035165001268,0.21147480607032776,0.3333333432674408
-0.46642789244651794,-0.6091504182721608,0.28185129165649414,-0.7708754264329799,-0.789965580395771,-0.0017111222259700298,-0.40350355219718065,-1.4127078116097942,-0.4030156433582306,-0.3566324710845947,0.789047122034191,0.5
-0.6937604546546936,-0.8568916916847229,0.4177553057670593,-0.5045962799858386,-0.8328632116317749,-0.1187129626156157,-0.6180577945992795,-1.675748715557355,-1.5430389056761509,0.37798094749450684,1.7796623379957914,0.6666666865348816
0.4429023563861847,0.39183591795062916,-0.2617647051811218,-0.8776466846466064,-0.7377621728045018,-0.30470182336229323,0.412268682137926,-1.421043789904892,-0.9018054008483887,-1.0244628190994263,1.223405361175537,0.1666666716337204
0.21556980907917023,-0.3219686448574066,2.7611516576261557,-0.05805290947371747,-0.13603913323009703,0.5038304328918457,0.9214992373909807,-0.24823965416746216,-0.9049176108830711,0.8303475702805145,-0.2101629078388214,0.3333333432674408
-0.46642789244651794,0.9524146402688431,-2.100687982119134,-0.6998776793479919,0.4633872180147539,-1.349821925163269,-1.6906183221422149,-0.5214705818773214,1.1022912678356127,0.24441486597061157,0.7174400687217712,0.3333333432674408
-0.46642789244651794,-0.7380198836326599,-0.044189866863608984,1.5387071691973164,-0.5073188543319702,1.7209046838663513,3.850138011475954,0.9320870480598554,0.45157661045610786,-0.3566324710845947,-1.3055548007136486,0.3333333432674408
-0.9210929870605469,-0.5597122311592102,-0.12586070597171783,2.380907079722949,-0.2608824976851501,0.9532006978988647,1.6028173405915622,1.5400812102795753,0.8203376244798324,-0.49019855260849,-1.306420922279358,0.3333333432674408
0.21556980907917023,-0.024789171293377876,0.21389929950237274,-0.4680082182838222,-0.2902892827987671,-0.73157856680619,0.481593434726558,-1.1187831858276573,-0.42775834402451035,-0.0895003229379654,1.813698172569275,0.5
0.9273634239214175,1.0312777447728507,2.395425334783407,-0.4207276970623929,14.582255270616427,-1.4281177331901163,-1.7419043643665764,0.6954814337423827,-0.7147592306137085,3.2043199648940117,0.6331125497817993,0.5
0.21556980907917023,-0.2625327408313751,1.3228664520865057,1.5497608083040944,-0.2089032083749771,1.2786299352211208,1.0851292642741475,1.0936303562367569,-1.213549017906189,-0.957679808139801,-1.306420922279358,0.3333333432674408
-0.46642789244651794,-0.024789171293377876,-0.5335727334022522,-0.06405347929553641,-0.7243484258651733,0.8768774362795239,0.47102150133669046,-0.717178707808586,0.6295072541729944,1.2004624529964458,1.1390777826309204,0.6666666865348816
-0.3148728311061859,-0.6785839796066284,0.8254672884941101,-0.833204448223114,1.2210644129012658,-0.22639626264572144,0.6907761531055947,-1.4085300345766292,-0.028923334553837776,0.04406575486063957,1.0547502040863037,0.5
2.339368315894541,0.5101338624954224,2.1230900172090714,-0.7443199157714844,-0.01900232955813408,-1.1251368522644043,-0.880606261845371,0.7652065914975955,-1.555826599663629,2.257573055685791,-1.0534383058547974,0.3333333432674408
0.5186799168586731,1.39263608661186,-1.851703271244086,-0.6450299529551138,0.595895720706333,-0.17022497951984406,-1.3004898191118837,0.4365952888476545,1.0933536291122437,0.06766407709124793,0.12714727222919464,0.6666666865348816
-0.46642789244651794,-0.17636438736943225,0.6895633339881897,1.0725832538241018,-0.42593276500701904,1.7191002857605062,1.1690337571694136,0.5424376278934746,0.040762850100176405,0.531660042007439,-0.9691107869148254,0.3333333432674408
-1.072648048400879,-0.6191481351852417,-0.8931497874670854,-0.766541063785553,0.7732920521399633,-0.6757665276527405,-0.2398212208010067,-0.5453207615450884,-0.2652015619255776,-0.48551204521822183,-1.0534383058547974,0.3333333432674408
-0.3148728311061859,-0.2625327408313751,1.2415088108604109,0.5483266171391579,-0.6539304966745065,0.11063144356012344,-0.044900356949524954,-1.1663945728562841,-1.068809124735008,1.1181477914118814,2.014751056407828,0.3333333432674408
2.6620545987466087,1.1139355635292572,0.735917668715873,-0.5665509104728699,1.594414660883127,-1.2317261112432225,-1.5753830409387266,1.790786812974178,-0.46536436676979065,1.2447182879839265,-0.631800651550293,0.3333333432674408
1.205367491955723,1.0058987736420215,1.8952658465454966,-0.46548755456868074,1.0838115302123401,-1.0127942562103271,-0.6844423989633809,0.929962559722034,-0.028923334553837776,0.3111979067325592,0.7583069031099833,0.5
-0.16331779956817627,-0.14366096258163452,1.2761716616592587,-0.6554354429244995,3.0453429468383004,1.7347920114728652,0.8978923585362935,-0.006170982354995094,-1.0265028476715088,-1.0765268540415842,-1.3605307553655734,0.3333333432674408
0.06401476263999939,1.7404507858834533,-2.1290632754367977,-0.6998776793479919,0.6951617879643601,-0.22639626264572144,-1.391479080499635,0.8212003705038438,1.4424545807573899,0.5561738394285205,-0.7059505113364875,0.5
-0.16331779956817627,-0.14366096258163452,-0.4907630519761568,-0.8321869831416897,-0.42593276500701904,-1.28505241870478,-0.522788747474659,-1.1965970712740293,-1.0265028476715088,-0.7573306560516357,0.12714727222919464,0.1666666716337204
-0.07561980170718413,1.1754338003315226,-1.2167424975768775,-0.7220988273620605,0.684581766627174,-1.4530846709437906,-1.4021043093172527,0.7133791149562387,1.2725441796373993,0.17763182520866394,-0.9691107869148254,0.3333333432674408
0.06401476263999939,0.03878569189696068,-1.571546213994149,-0.6998776793479919,0.6636558332622392,-1.237479329109192,-1.5863343659396183,0.13030292764305068,0.34516897797584534,-0.22306638956069946,-0.37881800532341003,0.5
-0.6937604546546936,-0.5002763271331787,1.1426459054173046,-0.8554255366325378,0.5715837307687286,-0.3387388288974762,-0.42116954467702716,0.24707596299181864,1.6498567971067668,-0.0895003229379654,-0.631800651550293,0.5
0.022172948177608474,1.5045094514748747,-0.8362051411147267,-0.6554354429244995,0.40118369215244715,-0.7262100492145442,-1.219988461260016,0.8309164811470908,0.2204715460538864,0.39315292512891836,-0.8847832679748535,0.8333333134651184
0.5944573879241943,1.4446157709808953,0.8254672884941101,-0.6639961832049249,0.7167448888260569,-0.731937825679779,-1.3898187457052928,0.3766622570381703,0.7816100120544434,0.8031453102017084,-0.1258353590965271,0.5
-0.3148728311061859,-1.0351994037628174,0.010043300688266754,-0.19076653838307317,-0.45306146144866943,-1.1754612448534856,-0.5339776374556081,-0.5589678069740385,-0.5277130603790283,-0.0895003229379654,-0.041507821530103683,0.5
2.3275410146444524,1.541547219876993,2.252126442752007,-0.7220988273620605,1.8092959505576383,-1.0689655542373657,-0.6641745153373776,1.1671637024797081,-1.6473065215457754,2.5530942801781666,-1.4262521992848256,0.3333333432674408
0.36712485551834106,-0.9163275957107544,1.0293233394622803,-0.7443199157714844,-0.7084061859002102,-0.5634239912033081,0.8860576546616842,-0.5511808304537391,0.033425383269786835,-0.42341551184654236,-0.2101629078388214,0.8333333134651184
-0.01176275685429573,-0.9757634997367859,0.010043300688266754,-0.8554255366325378,-0.28019933527877217,1.8888246417091379,0.37365368371580193,-0.6862861611983243,-0.708916983713972,1.5364912950583918,-0.1258353590965271,0.6666666865348816
1.1738176282638972,0.09408261626958847,1.2637418032494012,-0.6554354429244995,0.6126004416759522,-0.902408002744551,-1.6280174358242958,-0.21599498624097593,0.0957741066813469,0.7786791324615479,1.4160746572086933,0.8333333134651184
0.6909823015321589,1.679727600043793,-0.19381269812583923,-0.5716558185222257,-0.04613102599978447,-1.1831370653055522,-1.3225183217978633,0.8311023056463739,0.9809451976826247,0.09718470669519437,-0.1258353590965271,0.3333333432674408
0.29134732484817505,-0.3219686448574066,-0.05790869891643524,0.8360709365996317,-0.6429623365402222,0.6161730289459229,1.1177059487858196,0.16673898931189893,-1.3788628283457018,0.6846201132540449,0.041230693128163645,0.5
-0.5422053933143616,-0.8568916916847229,-0.3297167122364044,-0.6332142949104309,-0.8862974691778266,-0.0578824058175087,-0.2638252972031131,-1.4916738926781894,-0.2783181965351105,-0.5326409841446886,1.388292623255388,0.5
-0.2390953153371811,-0.4408404231071472,0.5018251437014826,-0.6332142949104309,-0.23563015342708904,0.33531656861305237,1.2784355145883244,-0.19191271956408693,0.32284416336938754,-0.5569815635681152,-0.9691107869148254,0.3333333432674408
-0.3148728311061859,-0.6191481351852417,-0.6285122599476094,0.21616208411681065,-0.04613102599978447,0.30149900475012964,1.77291959171225,0.5301866291774177,0.9741241133684758,0.4447639584541321,-0.7161281704902649,0.3333333432674408
0.219691573265408,-1.1791790330909537,0.3735105796796805,-0.6332142949104309,0.27672047082863416,-0.6195952296257019,-0.30125095167313015,0.42144797000401185,1.1781008480545436,-0.42341551184654236,-0.46314552426338196,0.3333333432674408
0.4429023563861847,0.21295440196990967,1.5644416021270964,-0.7443199157714844,0.8022422483350952,-0.0017111222259700298,0.0067261726760829334,0.9362604426487727,1.2855300163340972,1.1141455996545704,-0.7069556788723281,0.3333333432674408
2.5154625773900867,0.7140551244860612,1.1014357973226385,-0.7443199157714844,-0.34454667568206787,-1.0623416087523037,-1.5439636041041438,0.6937916217022122,-1.0772957898039957,0.3111979067325592,0.3855579575265651,0.5
-0.2390953153371811,-1.1046107293056668,0.07799530029296875,-0.008081127810909819,-0.11966869015580668,0.4352336425741419,1.237043076625338,-0.09969945424342279,0.2828202545642853,-0.42341551184654236,-0.5474730730056763,0.3333333432674408
2.3058446326016426,-0.024789171293377876,0.5536593198776245,-0.6998776793479919,0.7519873425856408,-0.2825675308704376,-0.8564997278939781,1.3090901389193592,0.4075177013874054,0.04406575486063957,-1.137765884399414,0.5
-0.16331779956817627,-0.5317221119491067,0.010043300688266754,0.7946512354305968,-0.7243484258651733,-0.0578824058175087,-0.037807797226591125,-0.6132177667481278,-0.878767024988011,-1.0244628190994263,0.6185554858750367,0.3333333432674408
0.06401476263999939,-0.6883895801778128,-0.05790869891643524,-0.36832239530175603,-0.2360319048166275,0.539492500378535,1.7429734186436867,0.18285827934447899,0.40347508676722654,-0.0895003229379654,-0.8004556894302368,0.3333333432674408
-0.16331779956817627,-0.3805558130411756,1.6923116365847848,-0.8109833002090454,-0.2360319048166275,0.5162077814172665,0.6782442707473423,-0.687994683577907,-0.2159694880247116,0.9790282845497131,-0.041507821530103683,0.5
-0.6179829239845276,-0.9099273130585468,0.8254672884941101,-0.833204448223114,-0.2639366536080513,0.5600017309188843,0.48725493434003264,-0.4597033487219623,1.0933536291122437,0.7791424698539302,-0.46314552426338196,0.5
3.300559335769345,-0.5002763271331787,1.9279808667027276,-0.6554354429244995,0.6001763978969965,-1.4059932231903076,-1.663394686226817,1.7764728790743232,-1.0190840738424862,0.9904305522005751,-0.1258353590965271,0.5
-0.25972871825698596,-1.213507056236267,0.8934193253517151,-0.8109833002090454,-0.5073188543319702,0.5038304328918457,0.19259599707624284,-1.6859513939323174,-0.028923334553837776,-0.8578992743297885,1.902681784249766,0.907805754766069
-0.3148728311061859,-0.5002763271331787,-0.033303768007992146,-0.7443199157714844,-0.9465571921612945,0.2791453003883362,-0.14630525643533082,-1.354587307747967,0.9686561822891235,-0.9864882891313524,1.3667068167493093,0.6666666865348816
1.264044674802178,1.9183902124115588,-0.2755468865591154,-0.6240495503601822,0.8455603825091943,-1.1251368522644043,-1.565105272979882,0.3696218049727739,-0.028923334553837776,1.1024934768360022,0.4375147184656491,0.3333333432674408
-0.945471883459469,-0.002320132995464328,0.010043300688266754,-0.8109833002090454,-0.7243484258651733,-0.45108139514923096,-0.25518583378789217,-1.7305399521000786,-0.15362077951431274,-0.22306638956069946,1.0547502040863037,0.8333333134651184
0.04774357136036037,-0.012214726734058594,-0.6694766879081726,0.42596630786020556,2.7451033821996758,2.1737915744712843,1.446789607270494,0.1769911722180619,-1.9382997423187778,-0.8241137266159058,-0.9691107869148254,0.3333333432674408
-0.3148728311061859,-0.6890414815617165,-0.5335727334022522,-0.39908878944109416,-0.12083456399903567,-0.17345557623642205,-0.2012931400234214,-0.17137805145713642,0.033425383269786835,-0.8241137266159058,-0.8004556894302368,0.5
-0.5557730268825812,-0.7380198836326599,1.803007945414868,-0.6776565313339233,0.5778290033340454,0.20263372884620007,0.8319529117743498,0.44896749801635144,2.5905749275274617,0.8976710977054242,-0.9691107869148254,0.5
-1.4594766614122092,0.10433248283389208,0.23330972931074817,-0.6776565313339233,-0.8328632116317749,0.2229740172624588,-0.11486413723698484,-1.46167559021136,0.9686561822891235,0.3111979067325592,1.3490344595690456,0.6666666865348816
-0.08754027634859085,-0.20309685170650482,0.5536593198776245,1.5903711816264245,-0.2089032083749771,0.9018755659049916,1.329894389696283,1.1514310020788716,-1.017753356633624,-0.7573306560516357,-1.514813909811059,0.3333333432674408
-0.6179829239845276,-0.5002763271331787,-0.19381269812583923,-0.6998776793479919,-0.2902892827987671,0.11063144356012344,1.2802152476553703,-0.2947768362566279,3.3467255692454962,0.24441486597061157,-0.1258353590965271,0.5
-0.5422053933143616,-0.5002763271331787,1.174188254400086,-0.6998776793479919,-0.6390527141832287,1.1346839373097375,0.25701981804960855,-1.2589688124943514,0.5945638418197632,-0.02271728403866291,1.3066681795230481,0.5
0.4429023563861847,1.3621502486143668,-2.1644208431243896,-0.6998776793479919,0.5171582806718674,-0.2825675308704376,-1.3811228897270953,0.5336689208500462,0.9063074588775635,1.108088690890375,-0.3172951338275855,0.3333333432674408
0.29134732484817505,-0.8568916916847229,0.6271973806779814,-0.6332142949104309,-0.45306146144866943,0.5768221565143566,-0.35431340576961656,-1.3428077844127317,-0.9018054008483887,-0.42341551184654236,0.9616964953289608,0.6666666865348816
-0.2885545182694355,0.17673303751849118,0.010043300688266754,-0.32459715685365353,-0.6429623365402222,-0.4617393507477787,1.0109108735905596,-1.2194092511026944,0.2204715460538864,0.022769070710166962,1.338268787584986,0.5
0.21556980907917023,1.0426218375797072,4.55346511594543,2.103109406384055,-0.2360319048166275,1.5437780777030865,3.8018704795628606,1.3297126341110586,-1.5170200466980803,0.24441486597061157,-0.9879704056920622,0.3333333432674408
-0.08754027634859085,1.2512213729935842,-2.0509312947919116,-0.6616089985550608,0.43954995649909945,-0.8442803621292114,-1.3276226444122765,0.7379172964196352,1.1557023525238037,0.5783300399780273,-0.8004556894302368,0.6666666865348816
-0.08754027634859085,-0.3814045190811157,1.0293233394622803,-0.8554255366325378,-0.42593276500701904,-0.90045166015625,-0.25789540301927943,-1.2504114844674745,-0.6524105072021484,-0.49019855260849,1.1324615245881067,0.6666666865348816
-0.46642789244651794,-0.5002763271331787,-0.3297167122364044,-0.5665509104728699,-0.14154187127407372,-0.0017111222259700298,0.26057796790712895,-0.5516776794578881,1.1557023525238037,-0.22306638956069946,0.14470486780831807,0.5
-0.01176275685429573,2.733852737368517,-2.1395349526844893,0.2963906506920404,0.7655249545861167,-0.6410613333428513,-1.6121343508040333,1.1006686004513204,1.7063994071569986,0.17763182520866394,0.8017675876617432,0.5
-0.3148728311061859,-0.08422506600618362,0.14094267083936163,-0.5665509104728699,-0.4907429386888366,0.6053844450473026,0.2850728854850017,-1.4880288990946802,0.2828202545642853,0.2323434606083656,1.9877381999727357,0.6666666865348816
0.5466094272393557,-0.9757634997367859,-0.2617647051811218,-0.8554255366325378,-0.18177451193332672,0.183512222297035,0.2457041394307947,-0.7332814797892775,-0.18462166003005537,-0.22306638956069946,0.21147480607032776,0.5
0.06401476263999939,-0.8568916916847229,-0.6782767589645299,1.5407268054169834,-0.697219729423523,0.11063144356012344,-0.3266554321177772,-0.14638373687685244,-1.151200294494629,-1.0244628190994263,0.4644574522972107,0.5
-0.3148728311061859,-0.14366096258163452,0.07799530029296875,0.42237417989170667,-0.4163078074786445,-0.40169924986761985,-0.40848967715999557,-0.5191021722056866,0.6569125652313232,-0.42369104785992784,1.3649010583269456,0.3333333432674408
-0.5094261833600767,0.19495166828654006,0.4177553057670593,1.7268896459986822,-0.2631605863571167,-0.45747450019920965,-0.1905658542710981,0.5247594883124784,-1.0868671685613642,-1.0912458896636963,-0.46314552426338196,0.5
-0.16331779956817627,0.09408261626958847,0.8671209103563,1.7695129637323186,-0.44080073292511296,0.8741171426671659,1.118999872886567,1.1783852584638628,0.34516897797584534,-0.42341551184654236,-0.37881800532341003,0.5
-0.2390953153371811,-0.9757634997367859,-0.12586070597171783,-0.8776466846466064,-0.6174657638273203,1.5211865339175912,0.26436570730213854,-1.4176152381269957,-0.34066691994667053,-0.0895003229379654,1.0739521574554716,0.5
-1.6038210635697419,-0.14366096258163452,-1.2523075402111814,0.552068387880821,-0.4801901578903198,0.2791453003883362,0.2732573972679375,-0.24841594583986742,1.574456079769109,-0.49019855260849,0.503944353764051,0.5
0.1397922784090042,-1.2953063008796117,0.562320351326197,-0.5887720584869385,-0.4801901578903198,0.05446016043424606,0.5726972781992489,-0.44311702009566584,1.0874346131557662,-0.3566324710845947,0.12714727222919464,0.5
-0.8439390348756494,0.3781177509937642,-0.12586070597171783,-0.7443199157714844,-0.2360319048166275,-0.8442803621292114,0.6129105155740259,-1.316396659572554,0.6951777351627172,0.38578588381978574,1.702650712201944,0.6666666865348816
-0.6490925216355853,-0.14366096258163452,0.4857073128223419,-0.6554354429244995,-0.5887049436569214,0.11063144356012344,0.2384995314474588,-0.8876716577675723,-0.028923334553837776,0.7786791324615479,0.5487849712371826,0.5
1.2324816339456068,-0.7974557876586914,1.0193110099467322,-0.8200394275095214,-0.39880406856536865,-0.8442803621292114,-0.6613595983788936,-0.5872734312298051,-1.5810790389831475,0.6694817553629316,0.6331125497817993,0.5
-0.5422053933143616,3.326959482739508,-2.1324854214321527,-0.6776565313339233,1.5578994402869732,-1.3604525859872465,-1.592902538453484,0.5042663470591772,0.5945638418197632,0.24441486597061157,-0.8869471804694615,9.280498489932413e-06
2.1266555718528677,1.2637681511438397,0.7006284577016014,-0.04251952335544473,0.7010820863609858,-0.17238847257679202,-0.5963853399503666,1.0408370424424143,-0.9993592459776679,0.3111979067325592,0.12714727222919464,0.5
-0.5496522846547504,-0.3814045190811157,0.07799530029296875,-0.766541063785553,-0.021003127130467335,1.3338577503842446,1.3790372553398436,-0.33448952156751877,-0.19768238544289984,1.4849414625305604,-0.8847832679748535,0.3333333432674408
-0.08754027634859085,1.2315596849278114,-1.5557387369761946,1.7194764845351578,-0.3151946437285455,0.10027622220002887,0.9539649315420644,0.7117207564675683,-1.232202615846861,-0.15628336369991302,-1.0534383058547974,0.3333333432674408
0.1132816022295553,-0.7380198836326599,0.5536593198776245,-0.6517691293363899,0.5562720069843883,1.034136633592821,0.4734688067898021,0.1029175311278083,0.46986642479896545,-0.6905476450920105,-0.041507821530103683,0.5
-0.9968705177307129,-1.0312187142719984,-0.397668719291687,-0.18458344611422,-0.34454667568206787,-0.6195952296257019,-0.10470703685275481,-0.5005446714780395,1.5833267890138818,0.24441486597061157,0.9090891858833177,0.5
-0.7695379853248596,3.2963203674450736,-2.1644208431243896,-0.46218825110599343,0.7100131661368564,-1.0689655542373657,-1.5790904193896032,0.7218049093031127,2.7551923156251896,-0.0895003229379654,0.04281972348690033,0.3333333432674408
-0.3148728311061859,1.8373326766445959,-1.6577864619051683,-0.6998776793479919,0.8565892584971814,-0.6195952296257019,-1.1294493206020715,0.49618642252973844,2.166672916067393,0.24441486597061157,-0.13595804123318653,0.5
-0.46642789244651794,0.09408261626958847,-0.6403472652131146,1.3182710779628788,-0.2360319048166275,-0.46976520154028445,0.06544150876770331,0.3234869503785224,-1.1315504846101303,-0.4756865230687139,-0.9691107869148254,0.3333333432674408
-0.8453154563903809,0.09408261626958847,0.10485701177177739,-0.6332142949104309,-0.43983419231390897,-0.2825675308704376,-0.3423950325516217,-1.7188202117108073,-0.3833882123305888,-0.7573306560516357,2.0317216748054565,0.6666666865348816
0.08929896064281881,-1.5110996345326173,0.07284208284813411,-0.6554354429244995,0.14666849400932075,0.7846868634223938,0.7275325843506962,0.35902815877348365,2.394717634658065,0.9789382595757157,-0.6367846741026314,0.5
-0.9968705177307129,0.6837824587368893,-1.103239046677394,-0.7887621521949768,-0.10038841515779495,-1.2936506271362305,-1.5252036343669775,0.03718523926284708,1.3663446172846252,-0.22306638956069946,-0.631800651550293,0.3333333432674408
-0.16331779956817627,-0.7974557876586914,-0.12586070597171783,0.24467628134009878,-0.6429623365402222,0.44447822703635675,-0.0056035720047548365,-0.5698832160531689,-0.9018054008483887,-0.6639524754596406,0.12887345108049875,0.7730621672556766
0.12393144925674178,-0.9163275957107544,0.9627387063088843,-0.8015619110229233,-0.37167537212371826,0.9132398794036218,0.7068402485343058,-0.4359406590445248,-1.490164076155931,7.948973390394368,-0.46314552426338196,0.5
0.06401476263999939,-0.02964474535925736,-0.4656206965446472,1.857126181267526,-0.3174179792404175,-0.395850309930298,1.4326132135106897,1.2141688095819054,-0.35189556894700313,0.08508348333749229,-0.8847832679748535,0.5
-0.46642789244651794,-0.7380198836326599,0.14594730734825134,0.3526225781524886,-0.5885789194891622,-0.7147561548399303,-0.021895553563135873,0.38384303230081523,0.2204715460538864,-0.944302192812671,-0.8847832679748535,0.5
-0.3148728311061859,1.8861169223599108,-1.4340809346355894,0.009786827097164493,-0.01900232955813408,-0.7950274316744057,-1.7214153354731276,0.33724966424657665,1.0793553822237734,1.0370400464681744,0.3801299035549164,0.3333333432674408
-0.7248760677771979,-0.2625327408313751,-1.4470845540260504,-0.71366147170559,-0.10038841515779495,-0.32731618960065767,-0.5252109969780022,0.12665785409634323,0.8592446153848207,-0.42341551184654236,-1.1068600270352795,0.3333333432674408
-0.9700053342307954,-0.29498640821055333,-0.12586070597171783,0.3500636940528583,-0.34454667568206787,0.39148786664009094,0.9279585144266304,-0.5574784137797015,0.46986642479896545,-0.15628336369991302,-0.2944904565811157,0.5
0.21556980907917023,-0.6191481351852417,1.128103793581332,-0.625335049610782,-0.18177451193332672,-1.0127942562103271,0.6762685280353603,0.09195121336291665,-0.3788469568954344,1.1823885801621885,-0.7161281704902649,0.3333333432674408
-0.01176275685429573,-0.5002763271331787,1.7149214633474335,-0.6998776793479919,-0.5135746126928007,1.065543293952942,0.757779137666139,-0.5038627467142561,-0.914522823872107,-0.22306638956069946,-0.5766023810966392,0.5
-0.3148728311061859,-0.024789171293377876,0.07799530029296875,-0.5887720584869385,-0.561576247215271,1.6955258988694368,0.7973583747028575,-1.5475040377982152,0.15812282264232635,-0.5569815635681152,2.0910119318081697,0.6666666865348816
-0.7792982351301688,-0.872782309279101,-0.2617647051811218,-0.8393637969362359,-0.1621913365950996,0.11063144356012344,-0.2611879647993493,-1.0642003780187732,1.2086604194985675,0.6451131105422974,0.28975538625194724,0.5
0.3565965694824005,1.263019348610633,-2.092020081876451,-0.09328141765054027,3.345217685077755,0.05446016043424606,-1.2419472721465055,0.7263362209177581,0.2828202545642853,-0.18754810445439685,0.04281972348690033,0.3333333432674408
1.3490029084009265,1.6030515415472117,-1.6076553583410715,-0.6776566441581424,1.5133266249751516,-0.5072526931762695,-0.6976268351645276,1.2755501515444183,1.0933536291122437,1.0656591393007437,-0.7161281704902649,0.5
6.353549003601074,-1.094635248184204,9.11561107635498,-0.9887523055076599,-1.2940510511398315,14.546651840209961,5.739711284637451,5.3161420822143555,4.896625518798828,9.794388771057129,3.078611373901367,0.0
-1.224203109741211,-0.8568916916847229,-0.05790869891643524,-0.7443199157714844,-0.4801901578903198,0.42863174111490115,0.1555566408605538,-1.51196058672952,0.4213385108962409,0.4210006454589886,0.4644574522972107,0.5
-0.2390953153371811,-0.5597122311592102,0.14594730734825134,-0.7887621521949768,-0.10038841515779495,-0.9233710572507389,0.6973477598266483,-0.5199277265012026,0.5945638418197632,-0.890896737575531,-0.041507821530103683,0.3333333432674408
0.06401476263999939,-0.4408404231071472,-0.05790869891643524,-0.30517902735801855,-0.622593777176223,0.6161730289459229,0.04683803333285935,-0.9105926183721057,-0.09127205610275269,0.17763182520866394,0.7174400687217712,0.6666666865348816
-1.3492963937106741,-0.14366096258163452,-0.9745494233861072,-0.5665509104728699,-0.34454667568206787,0.2791453003883362,0.4745574281816636,-1.0985564667184182,1.0660865980900909,0.4447639584541321,0.9096527472383201,0.8333333134651184
0.21556980907917023,-0.7835740091773531,-0.5335727334022522,1.196086249527343,-0.2360319048166275,0.5346707921069983,0.04993335741432789,0.008296024094347935,-0.8394566774368286,-1.2915949821472168,0.6331125497817993,0.5
-0.01176275685429573,0.25890371812299606,-0.2617647051811218,-0.6998776793479919,0.14457963968687065,-1.1665033677321788,1.3827893216658385,-0.19038999283734145,-0.2159694880247116,-0.0895003229379654,-0.5474730730056763,0.3333333432674408
-0.9968705177307129,0.15351851284503937,-0.397668719291687,-0.766541063785553,-0.7229370454194025,-0.0578824058175087,-0.3806782258542515,-1.353250928655474,0.3939372767374295,-0.957679808139801,0.3801299035549164,0.5
-0.01176275685429573,-1.094635248184204,0.010043300688266754,0.6822723535700562,0.7599087804233423,0.6723442673683167,0.07165991925424038,0.32830379595883297,-0.7771079540252686,-0.957679808139801,-1.137765884399414,0.5
-0.01176275685429573,-0.6191481351852417,-0.3297167122364044,-0.8167661679450625,-0.45306146144866943,-0.3949100971221924,-0.004147843543593658,-1.7633241093283534,-1.6688022514512664,-0.15628336369991302,1.717524294364999,0.3333333432674408
-0.16331779956817627,-0.10849304200291829,1.1652272939682007,1.080543233314326,-0.4801901578903198,2.310202693942704,4.200927914184302,0.9655364359818627,-0.8394566774368286,-0.957679808139801,-1.306420922279358,0.5
1.0104413870390108,0.6227250202694526,1.1576685372778401,-0.6776565313339233,0.7365701086972553,-1.1251368522644043,-1.5622812757362405,0.29791645127665284,-0.22309049298021033,0.04406575486063957,1.392060399055481,0.6666666865348816
-0.7695379853248596,-0.20309685170650482,-0.6881996565830129,1.9758419854622398,-0.3174179792404175,0.7846868634223938,1.529944991235865,1.053237165887611,0.033425383269786835,-0.6679080105064722,-1.1514999262900552,0.3333333432674408
-0.2390953153371811,1.1404338077302945,-1.4102024363597285,-0.7443199157714844,0.5083590634630136,0.05446016043424606,-0.43476981596404474,0.5178704391832483,1.544379787515075,-0.22306638956069946,-0.8847832679748535,0.3333333432674408
-0.2390953153371811,-0.48505611821672595,-0.1712724910934959,-0.8109833002090454,-0.37167537212371826,0.4626688447793729,0.13448587346283086,-1.672174787089428,-0.46536436676979065,-0.27535739169290385,1.7819660668379522,0.5
-0.9210929870605469,-0.6191481351852417,-0.19381269812583923,1.5538216735379382,-0.8257382175798408,-0.22639626264572144,0.34063215128809193,0.22331276136140762,-0.43372757414038704,-1.2915949821472168,-0.19208062432200565,0.5
-1.224203109741211,-0.3814045190811157,-1.5979981799192802,-0.9828208558422397,-0.642846979738017,1.9584845954986103,-0.21598819457833993,-1.0731185939507841,0.37044649197763924,-0.890896737575531,-1.512673993697039,0.3333333432674408
-0.3148728311061859,0.4840538585042775,0.9936762170844793,-0.4842792878832941,-0.47411280157764,-0.731937825679779,-0.16538089460039052,-0.7046808448740939,1.4729250117038835,-0.2898494303226471,1.6450430154800415,0.5
-0.9968705177307129,-1.3150149060751897,0.08992200068013484,-0.8998677730560303,-0.5685937831799727,0.25375028392422905,0.12932267889168292,-1.31518570815289,1.3442784666136456,-1.17788851470906,1.0547502040863037,0.6195889712666708
-0.3148728311061859,-0.43851636362312224,-0.05790869891643524,-0.6998776793479919,-0.42593276500701904,-0.19529821768054545,0.032686256604961536,-1.2733907969544378,-0.7147592306137085,-0.0895003229379654,0.938351862412566,0.5
-0.9210929870605469,-0.6191481351852417,-0.4728140563198767,0.6215942193992644,-0.1533159655566832,0.8161177086730429,0.5934765115543512,-0.8553181886672974,-0.15362077951431274,-1.0296873429678186,0.7514584149277113,0.5
2.394511508290914,1.2198170622903932,1.2603840139932885,-0.6332142949104309,0.6777024816679367,-0.3117685809664259,-0.9740314777392588,1.4565874521584155,-0.5277130603790283,1.156124214204867,-1.0362150364953329,0.3333333432674408
0.06401476263999939,0.2442521285304073,0.6284058938726103,-0.796263830757411,-0.13042487077295217,-0.5498929649788247,0.6553183576682563,-0.41873741094691425,-0.9018054008483887,-0.2898494303226471,-0.631800651550293,0.1666666716337204
-0.01176275685429573,-1.272112805997126,0.010043300688266754,-0.8776466846466064,-0.5294932019299227,1.5064072414413405,0.3526129333428849,-1.3025081403038121,0.28778960102962614,0.04406575486063957,1.6450430154800415,0.6666666865348816
-0.3148728311061859,-1.3179133570424364,0.8254672884941101,-0.0768773918183039,-0.2360319048166275,-0.6945121821694632,-0.21017104144912008,0.17901186701208716,-0.09127205610275269,-0.957679808139801,-0.8847832679748535,0.44052486564996296
1.6660752011203834,2.2357213796660056,0.010043300688266754,-0.6998776793479919,1.074805943181911,-0.8442803621292114,-0.6598100363331884,1.5164066381634072,-0.4277707824835732,1.9783449769243096,-0.8004556894302368,0.5
0.36712485551834106,0.8557431264565366,-1.576717732219422,-0.6109932065010071,0.6181838466987659,-1.0288783614163948,-1.234994087358485,0.40643228190657454,0.8825533819699728,0.37798094749450684,0.4644574522972107,0.5
-0.6937604546546936,-0.7974557876586914,-0.12586070597171783,-0.39002015276919616,-0.6755834939324676,-0.45108139514923096,-0.3240022709600438,-1.546460948784855,-1.4776782180625472,0.9122452139854431,1.3335293940208672,0.5
0.29134732484817505,0.22563013978442772,0.21389929950237274,-0.6332142949104309,-0.25840225278151446,-1.4059932231903076,-1.1145329670212123,-0.004119525970770671,0.6569125652313232,0.6451131105422974,0.741727540927475,0.5
-0.08754027634859085,-0.432456075309435,-0.2617647051811218,0.24650204754838537,-0.7919979084975002,-0.7330341357714119,-0.8206744029239931,-0.5654700304880901,-0.5900617837905884,0.4260188723444081,0.6693269919054166,0.5
0.06401476263999939,-0.7974557876586914,0.4723431587531294,0.15536068632447453,-0.6271573149081942,-1.237479329109192,-1.0804318092502747,-0.38234678872243366,-1.2901211150752228,0.1108487918972969,-0.041507821530103683,0.5
-0.39065036177635193,-0.5002763271331787,0.010043300688266754,0.18812472636408897,-0.561576247215271,-0.0017111222259700298,1.2701332128181726,-0.02396901214866611,-1.0888515710830688,-0.6836953468931323,-0.8004556894302368,0.3333333432674408
-0.9968705177307129,-0.5002763271331787,0.7459286837024939,-0.6812438619107432,-0.2631605863571167,0.39148786664009094,0.8343376778629115,-0.7816800502429365,0.4486212760791233,-0.49019855260849,-0.631800651550293,0.3333333432674408
-0.01176275685429573,0.27239030599594116,-0.5335727334022522,0.649888191179879,0.6065126478928303,-1.0689655542373657,0.029285257105173993,0.44552554172348546,-0.6524105072021484,-0.957679808139801,-1.306420922279358,0.5
-0.2390953153371811,0.15351851284503937,2.441493424822071,0.5900401068246653,-0.6429623365402222,-0.5634239912033081,-0.07479800860248456,-1.3480666162574364,-0.7771079540252686,-0.8241137266159058,1.9784932507986817,0.5
-0.8453154563903809,-0.7380198836326599,-0.19381269812583923,0.5640060682743003,-0.24019808550904634,0.2791453003883362,0.2965076417491065,0.2934446811001281,0.7192612886428833,-0.15628336369991302,-0.44893400584606935,0.5
0.29134732484817505,-0.3814045190811157,0.7352226804149783,0.6655215304370725,0.37252040779682233,-1.1234119147587454,-1.3501669317878466,-0.4587680086215674,-0.2783181965351105,0.3111979067325592,1.4371906216098396,0.6666666865348816
-0.9030256731611429,-0.5002763271331787,-0.5335727334022522,1.4589763828828144,-0.2902892827987671,-0.731937825679779,0.005577984520797981,0.596323127910632,-0.6524105072021484,0.2088666230689468,-0.7161281704902649,0.5
-0.16331779956817627,0.39213819466739663,-0.5335727334022522,0.34522013873905294,-0.697219729423523,-0.3387388288974762,0.33432967530171404,-1.3513929008656214,-0.7771079540252686,0.3111979067325592,2.113088312386162,0.6666666865348816
0.4429023563861847,0.6424846632201473,-1.582864712732991,-0.7220988273620605,1.0300426553384137,-1.0790330854388708,-1.5564256623194221,0.48922256792064317,-0.4346101392112368,0.34303338489653484,-1.137765884399414,0.3333333432674408
-0.46642789244651794,-0.5002763271331787,-0.6694766879081726,1.876996123107804,0.053333114748088724,0.4863415435178903,0.9412427296305587,0.9532358765065209,-1.213549017906189,-0.7064940862383623,-1.559403657913208,0.5
-0.9210929870605469,-0.3814045190811157,0.010043300688266754,2.2433710123839936,-0.5176567718674027,0.11063144356012344,1.153913850590001,1.099904439924666,-0.39833327742717045,-0.15068036858700992,-1.137765884399414,0.5
-0.5422053933143616,-0.024789171293377876,1.0440584739071788,0.26219303986652037,-0.10038841515779495,1.6981080549502319,1.9021651394660097,0.20687672496375123,-0.5202924461633861,-0.15628336369991302,-1.166652908722085,0.3333333432674408
2.076404304864906,1.1011301141750818,-0.12586070597171783,-0.6998776793479919,0.13468602534474572,-1.528953933852864,-1.873333426188809,0.6856754210732254,-0.21161156296849876,0.6928393257109235,-0.46314552426338196,0.5
1.1279642362150533,-0.9214919273202216,0.7231233767397641,2.8591325564040115,-0.2631605863571167,1.5459933976785971,0.9223793966583772,1.9243571405630542,-0.5512312419788887,-0.42341551184654236,-0.9691107869148254,0.5
-0.6179829239845276,-0.5597122311592102,1.1652272939682007,0.9191757439307428,0.5339121396730107,1.3255223041565607,1.0138996843911394,0.8494410499991709,0.2204715460538864,-0.6905476450920105,-1.2220934629440308,0.5
-0.2390953153371811,-0.08422506600618362,-0.12586070597171783,-0.8896347277229312,-0.2631605863571167,-0.5634239912033081,0.5864026006043375,-0.6733446594039827,0.5322151184082031,-0.5569815635681152,0.32882127092485886,0.1666666716337204
-0.5437256732556063,-0.5002763271331787,0.21389929950237274,-0.6332142949104309,-0.6429623365402222,-1.1813081502914429,-0.7769466895580917,-0.9905279045307828,0.46986642479896545,0.740700689321281,0.8452894420707621,0.5
-0.2390953153371811,-0.7974557876586914,-0.20480057471123958,-0.44024452139933007,-0.45218997625822993,0.8256429552186728,0.987526476376348,-0.46745773635835797,0.9686561822891235,1.396742403708116,0.5432576261228106,0.6666666865348816
0.4498961726662666,2.5529794262718286,-2.1644208431243896,-0.7220988273620605,0.49840533844843543,-0.0017111222259700298,-1.3319738861015809,0.06350542332796533,0.8439587354660034,0.09213043498337042,1.0547502040863037,0.3333333432674408
1.5238931086466785,1.0465263202357196,1.1652272939682007,-0.09885045336324601,-0.10038841515779495,-0.836121130120991,-0.52682462759029,0.559191499056126,-1.3264818060172694,-0.9936642604121334,-0.2442984526030469,0.5
-0.3148728311061859,0.7247859723666914,-0.18404705671969915,0.26960500159791967,7.516534580230954,1.1569498949034682,0.968100101223478,-0.02398397323546389,-0.9018054008483887,-0.7226732442695715,-0.37881800532341003,0.5
-0.651774643576039,-0.5002763271331787,1.3506195804959151,1.7819106709703239,-0.10038841515779495,1.289618588517959,1.5222789396526462,0.9018954472596376,-0.4030156433582306,-0.4195879013501904,-0.9691107869148254,0.3333333432674408
0.926869614305252,1.469475758219061,0.14594730734825134,-0.534219511890398,0.3210833108455654,-1.1251368522644043,-1.6498482709677584,1.2065511235552981,0.7192612886428833,0.6394802059815037,-0.631800651550293,0.5
-1.224203109741211,0.511899511005225,-0.6694766879081726,0.22666937081774982,-0.5887049436569214,-0.2825675308704376,-0.12163531664188287,-0.8553181886672974,1.1557023525238037,-0.15628336369991302,0.7174400687217712,0.5
-0.08754027634859085,-0.778951343740734,0.010043300688266754,2.408307767278675,-0.15464581549167633,1.6545363831581084,0.45762001655022505,1.016088476326359,0.15812282264232635,-0.15305514884559496,0.7635873048757931,0.6666666865348816
1.2351778885403273,-0.3219686448574066,0.28185129165649414,-0.6998776793479919,-0.34454667568206787,-1.349821925163269,0.7143538292847212,-0.11865879237828655,-2.634266710755707,-0.3038218295388459,-0.2858209510550927,0.3333333432674408
-0.01176275685429573,-0.024789171293377876,1.0708401978625586,-0.8109833002090454,1.3517377653877274,-0.22639626264572144,0.820940863434339,-0.21656451577237906,-1.1185630695486697,-0.6905476450920105,-1.137765884399414,0.3333333432674408
0.06401476263999939,-0.4408404231071472,-0.397668719291687,2.5666235899522643,-0.04623822757837484,-0.8442803621292114,0.8385285478241358,1.310574720067207,-0.46536436676979065,-0.02271728403866291,-0.7161281704902649,0.6666666865348816
-0.46642789244651794,-0.5314886889332927,0.010043300688266754,-0.766541063785553,-0.34454667568206787,1.5146282562420366,0.25929805541933143,-1.2923634332276344,0.033425383269786835,0.04406575486063957,0.8654012555254939,0.5
0.06401476263999939,-1.0360395198963406,0.21389929950237274,-0.8554255366325378,-0.5015632736059905,0.006399593559176136,-0.21732071576258297,-0.9536166141297627,0.7192612886428833,-0.3566324710845947,0.46486690866911956,0.6666666865348816
3.151380444229921,0.2162862894307882,0.28757512047856093,-0.6776565313339233,0.7450798015578481,-1.4059932231903076,-1.8265248858313523,1.190560764788447,0.0957741066813469,1.2575252348059351,0.7174400687217712,0.6666666865348816
-0.16331779956817627,-1.2541009529460594,0.4857073128223419,-0.8337575538243374,-0.2902892827987671,1.065543293952942,0.38228799725872387,-0.28505275377979084,0.033425383269786835,0.04406575486063957,-0.9691107869148254,0.5
-0.2390953153371811,-0.6785839796066284,0.38255169969412,-0.6102290799406667,-0.8069413209515164,0.8945178234723433,0.19682805514306342,-1.0833035832546358,0.07156640926837618,0.3111979067325592,1.190071043765007,0.5
-0.4036333051160336,-1.3626162722162687,-0.39105333872386117,1.204795798639027,-0.07325971871614456,1.0914772382769715,-0.1975638264197668,0.09059602109491724,-0.840719048561571,-0.6237646341323853,-0.5474730730056763,0.8333333134651184
3.3004294183762757,0.3485776982366604,0.21389929950237274,-0.626709975456264,0.4834615369074634,-0.5788010475591959,-1.3019562678093424,1.7695076402580072,-0.09127205610275269,1.8129909540858573,-0.8558188798381307,0.3333333432674408
-0.16331779956817627,0.33182618021965027,0.6242414972161647,-0.9059956858315349,-0.18437785292379993,-0.731937825679779,0.8556480374113596,-0.24838040333917744,0.6366200014745395,-0.18683878769267048,-0.1258353590965271,0.5
4.8352400808082505,0.9003191550629661,2.653956448735483,-0.520912460912676,0.8393142353257607,-1.4059932231903076,-1.542959556124617,2.575394152693739,-1.1668528259440865,4.737141296243558,0.3634634766927022,0.5
0.43578749189991656,-0.5597122311592102,0.5536593198776245,-0.8109833002090454,-0.45306146144866943,0.46025827290425625,0.2562599439074824,-0.7792435857267833,-0.2159694880247116,-0.2898494303226471,0.3801299035549164,0.5
-0.01176275685429573,-0.4700351158513898,-0.6015247106552124,-0.15182729698200748,-0.5073188543319702,-0.3432937252207412,1.046973230982786,-0.9888495895250077,0.014443500274384513,0.1108487918972969,1.5607155561447144,0.5
-0.6937604546546936,-0.7974557876586914,-0.12141037932624929,0.4298983408134357,0.6898812394881362,2.1527773421413277,1.6715760616205435,0.21240183184149133,-0.7497588528620255,-1.2915949821472168,-0.9181326490098944,0.5
-0.17996124332441277,0.02159837748685636,-0.5335727334022522,0.15294870713749814,-0.561576247215271,-0.011055106955470531,-0.030065640931152687,-1.3208095862773055,-1.151200294494629,-0.890896737575531,1.7258121282488461,0.6666666865348816
-0.2390953153371811,-0.6191481351852417,1.2175611199304803,1.7996986565152824,0.17381279505540323,2.0652529149537004,1.255109269514805,1.6485176938272381,1.5683445070028554,0.09116831301967841,-1.2220934629440308,0.3333333432674408
0.1397922784090042,-0.9163275957107544,1.1652272939682007,-0.766541063785553,-0.37076907998630426,-0.028924092525885514,0.15998222258078276,-0.910248277341326,-0.6524105072021484,0.03252019332071688,0.3801299035549164,0.3333333432674408
6.353549003601074,-0.8568916916847229,9.11561107635498,-0.9887523055076599,-1.2940510511398315,14.546651840209961,5.739711284637451,-2.0200455964219266,4.896625518798828,9.794388771057129,3.078611373901367,0.0
-0.5432278140447824,-0.3219686448574066,-0.2617647051811218,1.2196347555426879,-0.39880406856536865,0.16680273413658142,0.3574585109943935,0.22039625565497098,0.7362667063069412,-0.6675153188841682,-0.024325953581590627,0.3333333432674408
1.4916308849562585,-0.2625327408313751,0.36869676322075157,-0.39879162511183186,-0.6158336400985718,-0.3075695350358013,0.9993535865254274,0.17618998807926994,-0.34066691994667053,-0.6905476450920105,-0.13848839227628718,0.3333333432674408
0.21556980907917023,0.03464672341942787,-0.12586070597171783,-0.556734693880272,-0.18177451193332672,-0.26050991491175957,-0.2466609406490514,-0.13160979660398062,0.5998624464798823,6.663382791627127,1.5607155561447144,0.5575874621056831
-1.072648048400879,-0.3814045190811157,-0.5863228138337283,1.2354304531731763,-0.2631605863571167,-0.0578824058175087,1.0018004744550775,0.584165673502932,0.7526243679532627,-0.04214495667904408,-0.631800651550293,0.5
0.8403296051589754,-0.6191481351852417,0.14594730734825134,-0.2955871993457343,-0.6700910329818726,1.284938517019822,0.8884560680597057,-0.7632160414265444,-0.46536436676979065,-0.630165564491854,0.6331125497817993,0.5
-0.5422053933143616,-1.0351994037628174,0.020679508378920308,-0.2038553980952622,-0.8328632116317749,0.6723442673683167,0.0506275732950297,-1.5191330194915218,0.15812282264232635,-1.1995171740996688,1.387164780705284,0.5
0.1397922784090042,2.5385822751968323,-0.2617647051811218,-0.6332142949104309,2.0495924664092553,-0.8442803621292114,0.8334664393345763,1.1669996372084945,1.1557023525238037,1.2463293671508766,-1.137765884399414,0.3333333432674408
-0.3148728311061859,-0.6569307370844747,-0.19381269812583923,-0.7900782798977716,0.10961866797753833,-0.7881091237068176,0.2575518020721637,-0.7160312815071453,-1.2028583661289491,-0.6012103296213966,-0.2944904565811157,0.3333333432674408
-0.7695379853248596,-0.3814045190811157,0.010043300688266754,-0.10519179268729167,-0.6700910329818726,0.9532006978988647,-0.04194273128647187,-1.48549207656844,-0.95132143755315,-1.2915949821472168,1.431392606535379,0.5
-0.3148728311061859,-0.5597122311592102,0.14594730734825134,1.6846032982122854,-0.34454667568206787,2.313366402975498,1.358217711738298,0.9305481697697336,0.34516897797584534,0.37798094749450684,-0.2944904565811157,0.5
0.21556980907917023,-0.6785839796066284,0.010043300688266754,-0.7887621521949768,-0.3174179792404175,-1.1251368522644043,0.041661129892811635,-0.9429022878225846,-0.7771079540252686,-0.2898494303226471,0.3801299035549164,0.5
0.21556980907917023,-0.2625327408313751,0.6895633339881897,-0.6554354429244995,-0.7205605792293321,0.6723442673683167,-0.020849034575571388,-0.8553181886672974,-0.6524105072021484,-1.3583780527114868,0.7174400687217712,0.3333333432674408
-1.072648048400879,-0.5002763271331787,-0.2617647051811218,-0.00026523271236198777,-0.5344475507736206,1.2244458096351851,0.8308166904238223,-0.6460545774023999,0.4075177013874054,1.5349189459682964,0.4758829018901121,0.3333333432674408
-0.2390953153371811,-0.7380198836326599,3.779003191675666,-0.766541063785553,14.710746349634228,1.5785700631165607,-0.31414424382435163,-0.20732321952902516,-1.649047298020593,-1.1580289602279663,-1.4750760793685913,0.5
-0.9873546628458975,-0.3814045190811157,-0.5335727334022522,-0.6998776793479919,-0.8659072409630145,-1.1813081502914429,-0.26188638861745545,-2.196841589208053,0.3346175850119381,-1.9128763416106591,2.2393087890587187,0.6666666865348816
-0.46642789244651794,-0.5002763271331787,-0.5335727334022522,-0.8109833002090454,0.36374981394493233,1.9806496136093017,1.386571228855759,-0.4984203872370438,0.16571384347156953,-0.1227199919948218,-0.631800651550293,0.5
1.087264303177699,0.33182618021965027,0.010043300688266754,-0.544329822063446,0.5855574212468783,-0.45108139514923096,-1.1622979473085042,1.448679466153224,0.9686561822891235,1.3963455564413498,-1.0262468790091497,0.3333333432674408
5.132444403907635,0.34021954682768135,1.7087420843785883,-0.6332142949104309,1.3102661944180767,-1.349821925163269,-1.5717649071149453,1.8409278780493548,-0.9315315772393943,8.244743625660153,0.031998637196133384,0.3333333432674408
-0.46642789244651794,-0.6191481351852417,0.010043300688266754,1.4273860809696868,-0.37167537212371826,1.7130582364076836,0.4999424729831343,0.4692237999059338,-0.4007770580734342,-1.240497382409445,-0.8847832679748535,0.5
-1.072648048400879,-0.3814045190811157,-1.0407366627284786,-0.2459935261814446,-0.641425232806672,0.05446016043424606,0.604662387284854,-1.4605837525185366,-0.5277130603790283,1.6760679734474913,1.790261958398605,0.5
-0.8453154563903809,-1.0351994037628174,-0.5335727334022522,-0.8554255366325378,-0.4801901578903198,0.6178045283192959,-0.002229122823922871,-0.917257219947579,1.3476627024580405,-0.49019855260849,0.12714727222919464,0.3333333432674408
-0.6179829239845276,-0.5936703035917936,-0.3297167122364044,-0.8019063440392522,-0.7786058187484741,1.477501216348204,0.10298323725523083,-1.3660919456115597,-0.2159694880247116,1.6266643548760338,0.8470214991345276,0.5
2.551358105530337,0.27239030599594116,1.3075000088466833,-0.5509216958879845,0.47239459283607765,-1.0945193676844913,-1.3347758339199123,1.80266103922372,0.31518638712387503,1.8200713392485661,0.12714727222919464,0.3333333432674408
-0.08754027634859085,3.0960326580835167,-1.9162597250287712,-0.45720801914265485,2.631616997885961,-0.731937825679779,-1.0240328999351247,0.5531903774900453,0.17139088570750718,-0.42341551184654236,-0.46314552426338196,0.3333333432674408
2.9891014794356865,-0.5597122311592102,1.1652272939682007,-0.7220988273620605,0.6369668064854718,-1.0689655542373657,-1.5790075569264028,0.8727571268208786,-0.34066691994667053,2.370004723639255,-0.2944904565811157,0.5
0.1397922784090042,0.04656393095413701,0.14594730734825134,0.4943945486576965,-0.5073188543319702,0.0671831665995047,1.013901829337855,-0.7512279119918968,0.033425383269786835,-1.4460739594960241,1.5155330290380042,0.5
-0.5576876747956753,-0.20309685170650482,0.48843919683237347,1.8182304463087549,-0.2902892827987671,0.9532006978988647,0.9417672092009963,0.8561461047887515,-0.11640267163413429,-0.42341551184654236,-1.0534383058547974,0.5
-0.9446035138720268,0.5101338624954224,-0.37039083317654475,-0.5887720584869385,-0.4120146771827999,0.16680273413658142,-0.17015296315159267,-1.5165766594163983,0.09519979893029437,-0.22306638956069946,1.5105276832633907,0.6666666865348816
-0.5422053933143616,-1.0351994037628174,0.42637750567307797,-0.9276866721243755,-0.561576247215271,-0.8442803621292114,-0.8812898987243752,-1.8202833369786804,0.2828202545642853,-1.4685459845318076,1.5607155561447144,0.3333333432674408
0.21556980907917023,-0.1397871594126476,7.577527390717992,-0.8554255366325378,1.6994903710139484,-0.17022497951984406,0.9301923100092392,-0.7024545404603497,-0.6524105072021484,-0.22306638956069946,-0.2101629078388214,0.3333333432674408
6.353549003601074,1.3503772336767816,9.11561107635498,-0.9887523055076599,-1.2940510511398315,14.546651840209961,5.739711284637451,5.154240941931988,4.896625518798828,9.794388771057129,3.078611373901367,0.0
-0.08754027634859085,-0.5597122311592102,-0.2617647051811218,0.8206181558889718,-0.5887049436569214,-0.11405368894338608,-0.5014213831600859,-0.2483972145001519,-1.3867848394348472,-1.1580289602279663,0.29580235481262207,0.3333333432674408
-0.6179829239845276,-0.9757634997367859,-0.6241600296559834,-0.5665509104728699,-0.9479509766545223,1.2988077180509143,0.49396392302285147,-1.2008631277739974,-0.46536436676979065,0.9122452139854431,0.9704226851463318,0.6666666865348816
-0.2970671183632131,-0.3219686448574066,-0.19001942560890905,-0.17304161104856386,-0.561576247215271,0.05446016043424606,0.8920288914465516,-0.6595002085586299,1.3490208315471939,-0.4210010776908223,0.6331125497817993,0.5
-0.7695379853248596,-0.5002763271331787,-0.31496316028193433,-0.05567746421870523,-0.5608089784333152,1.065543293952942,0.27174848567058674,-0.8562642158328304,-1.213549017906189,0.21371510269221813,-0.1258353590965271,0.5
-0.46642789244651794,-1.0351994037628174,-0.3111315633262778,2.423961952052798,-0.45253474164020807,0.16680273413658142,0.3355386176342465,1.4872591862763713,0.7192612886428833,0.1108487918972969,-1.306420922279358,0.5
1.5095111526503247,1.6665706666583378,8.292243568229505,-0.6998776793479919,15.031542628289584,-0.5634239912033081,-0.26677407152529775,1.1421071698705736,-1.6498535068576428,9.678931068641717,-0.9691107869148254,0.3333333432674408
-0.9210929870605469,-1.213507056236267,-0.3297167122364044,1.3403752420546913,-0.10038841515779495,-0.5016398344952028,-0.47143173476268635,0.5625293850785132,0.15812282264232635,-0.8241137266159058,-0.8004556894302368,0.3333333432674408
-0.3148728311061859,-0.1654675615655134,-0.397668719291687,-0.8109833002090454,-0.01900232955813408,-0.8442803621292114,0.6300819587577847,-0.36930160896185427,-0.5900617837905884,-0.49019855260849,-0.8004556894302368,0.3333333432674408
6.353549003601074,-1.5701223611831665,9.11561107635498,-0.9887523055076599,-1.2940510511398315,14.546651840209961,5.739711284637451,5.3161420822143555,4.896625518798828,9.794388771057129,3.078611373901367,0.0
1.185139725821983,0.09408261626958847,-0.19381269812583923,-0.21863824162593218,1.1792845375788363,-1.1003998084810194,-1.3882689098548135,1.6082459455878264,0.8439587354660034,0.6451131105422974,-1.306420922279358,0.3333333432674408
-0.16331779956817627,1.709981517489475,-2.1644208431243896,-0.6998776793479919,0.14331496106977226,-1.3865557504224169,-1.7257819952871314,0.8983207941055298,1.945971975842615,1.8282619263179802,-0.041507821530103683,0.3333333432674408
-0.46642789244651794,-0.9163275957107544,1.1889027329547797,-0.7887621521949768,0.25219479325249194,-1.1813081502914429,-1.3436356442811843,0.18244464337175434,1.591753575401655,0.17763182520866394,-0.7161281704902649,0.5
-0.02379431516009188,-0.4176187368152404,0.5320800335800215,-0.6109932065010071,0.23387115246312526,-0.27756199983551466,-1.065973336025909,0.12905425729439432,0.46986642479896545,0.3359836267092513,-0.1258353590965271,0.6666666865348816
1.8231763226884332,-0.7380198836326599,1.1417559353869833,-0.5362925975656727,0.41774421270220996,-0.25260804231174,-0.7962562141803785,1.033216118812561,0.46986642479896545,2.034338125323359,0.4485752896926691,0.6666666865348816
-0.9968705177307129,-0.9154844787282664,-0.5335727334022522,2.495400724706096,-0.18948687466849704,1.2898119753847392,1.1291952947091501,0.812654361170207,0.2204715460538864,-1.0244628190994263,-0.5474730730056763,0.3333333432674408
-0.3148728311061859,2.52588630566054,-1.9486691283283903,-0.7551759853263875,0.49442440864033205,-0.6195952296257019,-1.2319714069705092,0.5408623110355449,1.1557023525238037,0.9063931851660879,-0.5474730730056763,0.5
1.1150003110426052,2.2567985816719527,-1.1090093622648753,-0.6109932065010071,0.7150010423790576,-0.1622454997380308,-1.1390324382540316,1.2351784121037301,0.2828202545642853,0.24441486597061157,-0.8395542888434944,0.3333333432674408
-0.2390953153371811,-0.7380198836326599,-0.2617647051811218,0.5596098434015514,-0.4801901578903198,0.8841756488448144,-0.10872681777299403,-0.4081893269746703,-0.09127205610275269,-0.49019855260849,0.3801299035549164,0.3333333432674408
0.4429023563861847,0.3940997395071351,-0.5335727334022522,-0.7839622126350011,-0.2902892827987671,1.7515924185385665,1.719802441147178,-0.24833836636498033,-0.3262982989928266,0.26811300847967984,-0.37881800532341003,0.5
-0.8453154563903809,0.5030161748527051,-0.22725654351850214,0.0029058311792725822,-0.7617672470927572,0.7805765005380938,-0.325181722348272,-1.2751882049028334,-0.4030156433582306,0.17763182520866394,1.4004638636701117,0.6666666865348816
0.29134732484817505,0.3415540499612013,-0.12586070597171783,-0.6388092768066447,-0.3174179792404175,-1.2936506271362305,-0.02996298258968139,0.29620559513483535,0.21528530838647084,-0.7573306560516357,-0.8004556894302368,0.3333333432674408
0.6702349185943604,-0.9757634997367859,0.4857073128223419,-0.8776466846466064,-0.8640174773419155,0.5660522261297318,0.028571802400367913,-1.0844856348522816,-1.1742958675208277,-1.1580289602279663,0.21147480607032776,0.3333333432674408
0.29134732484817505,-0.6886621018368516,0.027234686965497783,-0.766541063785553,-0.5073188543319702,0.11063144356012344,-1.1276339474952681,-1.6273011928198777,-2.966153452298403,1.2208313158146598,1.4401760468029317,0.5
-1.5445353568283675,-0.2625327408313751,-0.022677811553793812,-0.8554255366325378,-0.42593276500701904,-0.22639626264572144,-0.021907973182520815,-1.2110463673679046,1.2368589948946278,-0.22306638956069946,0.29580235481262207,0.5
1.4685306241641016,2.1762336110724774,-0.8405691797275183,-0.5264783700654887,0.6253307037727835,-1.0408590975793792,-1.0517438371089312,0.9563615221833286,-0.6973773659058421,-0.6905476450920105,-0.46314552426338196,0.5
-1.6636063209210896,0.5312551619453496,-0.19381269812583923,-0.7217797681815746,-0.7243484258651733,-0.3949100971221924,-0.26843030893424824,-2.1994692792388375,0.2204715460538864,-1.411727217147862,2.269774182809535,0.5
-0.043270235912366464,0.33182618021965027,-2.1644208431243896,-0.7122540365982756,0.2906969754985631,-0.937321063423171,-1.6502914805287459,-0.05375629355196597,0.5322151184082031,1.479278640941836,0.29580235481262207,0.3333333432674408
1.426461301272042,2.949379708198202,-0.12586070597171783,-0.6109932065010071,0.5746643754404208,-0.3387388288974762,-0.6847517697707497,1.3533880435968504,-0.028923334553837776,0.1108487918972969,-0.9691107869148254,0.3333333432674408
-0.2390953153371811,-0.6191481351852417,1.1652272939682007,-0.5665509104728699,-0.37167537212371826,0.4476591646671295,0.0504371214560939,-0.45040537339283876,0.4075177013874054,-0.15628336369991302,0.29580235481262207,0.3333333432674408
1.9210310243502675,1.457031229429841,-0.3297167122364044,-0.7443199157714844,0.8301234161637651,-1.2791064899634315,-1.3845997111813042,0.5792930190457042,-1.1908572724384967,1.6464389593865056,-0.631800651550293,0.3333333432674408
-0.21016400380009756,-1.274246314991036,0.07799530029296875,1.2051922715170604,-0.01900232955813408,0.7093055343564068,-0.06435602241016783,0.4611335248266188,-0.5900617837905884,-1.0244628190994263,-0.8847832679748535,0.5
-0.46642789244651794,-0.9163275957107544,0.11544908345231253,-0.8776466846466064,-0.34454667568206787,0.47767427793149225,-0.2176531638047346,-1.1801503762494043,-1.0917259277335856,0.9790282845497131,0.04281972348690033,0.6666666865348816
0.5944573879241943,0.8799222242969298,0.8254672884941101,-0.830547508597247,12.648314767375672,-1.349821925163269,-1.5833955400395698,0.40049074321689165,-1.3014798602541793,1.4511210743750556,-0.9691107869148254,0.3333333432674408
-1.041408045020898,-0.2625327408313751,0.9946974039603977,-0.6998776793479919,-0.17523680103930264,0.4476591646671295,0.2909758665993597,-0.925585894616891,0.2828202545642853,0.6451131105422974,0.21147480607032776,0.5
0.8217899799346924,0.21295440196990967,-0.941284716129303,-0.833204448223114,-0.42593276500701904,0.13384234855157096,-0.40074507580836677,-1.38867790032011,-1.9062998101587825,-1.334385002724928,0.9950765879003682,0.3333333432674408
1.411977329245253,0.8591954655337,0.5456708673190875,-0.6361947957835798,-0.033666190345511264,-0.9566229581832886,-1.438595705612185,1.033216118812561,0.2204715460538864,0.37798094749450684,0.3801299035549164,0.3333333432674408
0.21556980907917023,1.898852140053076,-2.1644208431243896,-0.8109833002090454,0.622125847582138,-0.5634239912033081,-0.9384895358589236,0.5350964279304496,0.29796713813417663,0.9122452139854431,-0.6645474684819994,0.3333333432674408
-0.2390953153371811,-0.3814045190811157,-0.3297167122364044,1.0647824553752188,-0.561576247215271,-0.9566229581832886,-0.6346965779520817,-0.26788542988073377,-0.8358664512682566,-0.957679808139801,1.1497357363146674,0.5
0.21556980907917023,-0.20309685170650482,0.34980329871177673,1.4456882067627952,-0.10038841515779495,0.6723442673683167,1.289398991277931,1.8711291077887016,0.2204715460538864,0.6520578809073373,-1.4750760793685913,0.6666666865348816
-0.8453154563903809,-0.3814045190811157,0.27519950519962655,-0.46476021031850384,-0.7195288208422285,0.7315439274119365,0.9962971921743561,-1.4072174975135028,-0.4415340404972501,-1.2915949821472168,1.379804751340846,0.5
2.916540820553663,1.2473300158528153,1.0026452215362622,-0.5568767566527962,0.6536362080812872,-0.6854142561494334,-0.7020309929884863,1.9313482373720945,-0.34066691994667053,0.9122452139854431,-0.617524115512858,0.5
-0.5422053933143616,0.1136062859557764,-0.3297167122364044,-0.34070105118428384,-0.561576247215271,-0.6195952296257019,-0.04615955391397633,-0.9244521084313467,0.7192612886428833,1.550388836280648,1.223405361175537,0.6666666865348816
-0.39065036177635193,-0.3219686448574066,-0.397668719291687,-0.5772905273694712,0.48847537618975134,-1.4059932231903076,0.09103957618045949,-0.18650006228871424,-0.15362077951431274,-0.6186564266968865,-1.137765884399414,0.3333333432674408
-0.39065036177635193,-0.6191481351852417,0.07574227759809257,0.6466500336887565,-0.28644682225599705,-0.90045166015625,-0.4189070198023632,-0.5608966090318516,-1.6544378807015443,-1.406440309140313,0.21147480607032776,0.5
0.1539947494180212,1.124275933470504,-0.5335727334022522,-0.6998776793479919,0.3363990893115836,-0.11405368894338608,-0.8537084511365249,0.9144221948254284,1.673700700065846,0.510667149282122,-0.8004556894302368,0.3333333432674408
2.061896899189698,2.2240418108260376,-0.34906131745211283,-0.6332142949104309,0.8433095540860588,-1.0689655542373657,-1.3420230794157884,0.939740872810424,0.0034371683292986344,2.194130904059378,1.136520347931207,0.5
1.6843239789888906,1.865149864078399,-0.5071821651007699,-0.5242380402728115,0.7587642496715539,-1.4059932231903076,-1.5200206010611106,1.6303822839657482,0.171019101237904,0.3111979067325592,-0.14511294174797484,0.5
-0.6636305008696392,-0.7974557876586914,-0.19381269812583923,0.3368038978044859,0.5101032848803284,2.8267437495616523,1.4270567366392817,-0.2483243272563367,-0.028923334553837776,-1.0244628190994263,0.024953984396910933,0.3333333432674408
-0.08754027634859085,-0.48761504665892896,0.07799530029296875,1.6977029166399524,-0.34454667568206787,0.8917817417323421,1.3454839691416323,1.3092511375718652,0.7029817980298981,0.4447639584541321,-1.0311592924436324,0.5
-0.23393544848518052,-0.3814045190811157,0.010043300688266754,-0.5262636046483162,-0.5887049436569214,-0.18303702965571253,0.2154599332260479,-1.7070832936687959,-0.46536436676979065,-0.22306638956069946,2.0127431477147955,0.5
-1.256314127652987,0.33182618021965027,-0.8956292671314279,0.9297410621192835,-0.697219729423523,1.2899233771027625,1.6170601744303028,-0.5723106617147316,1.2235473228407756,0.3111979067325592,1.522516220385915,0.5
2.440422127158569,-0.20309685170650482,1.5616694725819298,-0.7887621521949768,0.22446698752011873,-1.4436318483273767,-1.8602834332603755,0.901912347715632,0.15812282264232635,1.431636175661344,-0.2944904565811157,0.5
-0.46642789244651794,-0.7974557876586914,0.4042719015566102,0.3615065746019076,-0.018958562090957042,1.3542412725110897,1.4212520519102156,0.19673064317763125,0.46986642479896545,0.2581386539057689,-0.614564025828522,0.5
-0.5422053933143616,-1.1114415356880922,-0.2617647051811218,-0.7443199157714844,-0.3174179792404175,0.8442882032918504,0.3838548025276795,-0.4766849905108787,2.474763105098248,-0.22306638956069946,-0.1258353590965271,0.6666666865348816
-1.9636748709307725,0.33893470138996573,-1.8572643107499796,-0.8860326884822747,-0.2902892827987671,0.16680273413658142,0.048288543855250124,-1.4230217762259805,0.7192612886428833,0.4447639584541321,0.6033738281419144,0.5
-0.6179829239845276,-0.24276620802986992,0.904218024424072,1.5591705785717722,-0.37167537212371826,0.6506128482922034,2.5496349658277717,1.0855282960888364,-0.776204270893244,0.17763182520866394,-1.306420922279358,0.5
0.36712485551834106,-0.3814045190811157,0.6895633339881897,2.189398518219709,-0.10038841515779495,1.9043244002446549,2.2660309639496172,1.8252772636615144,-1.4784246769429288,-0.02271728403866291,-1.4750760793685913,0.5
-0.41781669340060823,-0.2625327408313751,0.28185129165649414,0.3235608976586922,-0.7800583094889391,0.5038304328918457,0.534202693275984,-1.019665755005408,-0.09127205610275269,-0.26023726973282174,1.893915769995089,0.8333333134651184
-0.9210929870605469,-0.26192345936960476,0.38716226748585997,-0.02021995673661269,-0.4417482676297992,0.506897584860089,0.8340653982069436,-1.4625935428731776,-1.213549017906189,-0.5800383693117036,1.223405361175537,0.5
-0.6937604546546936,0.23407610722085612,0.6895633339881897,-0.6776565313339233,0.8013923625600392,-1.2575516318144235,1.285436768480271,-0.14355681272884624,-1.0888515710830688,1.5194561542608123,-1.302745285217441,0.3333333432674408
-0.3148728311061859,1.5713218613707447,-1.8836545415552421,-0.6517520541716115,0.9114663714626647,-0.6480415817217874,-1.3018645768097035,0.3435076949671663,2.064902899470034,0.7153197075910357,0.5487849712371826,0.5
-0.2390953153371811,-0.7380198836326599,-0.19381269812583923,-0.5205250464840048,-0.8754597217565622,0.5600017309188843,0.1119703399302957,-1.4444481433405925,-0.5900617837905884,-0.3566324710845947,1.3656426799129315,0.6666666865348816
-0.7695379853248596,-0.08422506600618362,-0.397668719291687,-0.047449909941270595,-0.10881066718200455,-0.6757665276527405,0.6514284595733225,-0.30462746132275653,1.0933536291122437,0.37798094749450684,0.3801299035549164,0.3333333432674408
0.5944573879241943,-0.7380198836326599,2.8618409767606146,4.211281099335254,-0.5484689176864491,1.049930993062654,0.3499937597094095,2.0290536889800537,-2.035776183609489,-0.0895003229379654,-1.432793121758383,0.5
0.6451238612244359,-0.8568916916847229,0.21389929950237274,1.5518407235245149,-0.23876200317439772,-0.48136537228576726,-0.8401296665571677,0.678255738753671,-0.4598015078209882,-0.6237646341323853,0.12714727222919464,0.5
0.1397922784090042,-0.7974557876586914,-1.0893840923897624,-0.5865447278861666,-0.8328632116317749,-0.5634239912033081,-1.0215091022697707,-1.3938943018331131,-1.8554992382139106,-0.22306638956069946,1.223405361175537,0.5
-0.6165908932154149,-0.5108641114897686,-0.01568381695259221,-0.6109932065010071,-0.6158336400985718,-0.731937825679779,-0.2910503899782554,-1.3201489559686772,-0.2783181965351105,0.37798094749450684,1.0547502040863037,0.6666666865348816
1.6703281500116187,2.4266600509368614,-1.536254553621701,-0.5279773504400974,0.9248446655094975,-0.8442803621292114,-0.7720825666794127,1.18002232404927,-0.42748806159232633,-0.08615263950060521,-0.9691107869148254,0.5
0.32908445447736184,0.3937130157319857,0.4857073128223419,2.526074113313247,-0.18177451193332672,1.0637277529863325,1.896679474185446,1.801613130242485,-1.7823567444649644,1.4747794802049858,-1.306420922279358,0.3333333432674408
-0.18082682285070611,-0.3219686448574066,-0.6938876400207847,1.0676993916261468,-0.1981906094620954,0.7846868634223938,0.5236467314906937,0.6455338067480373,0.033425383269786835,-0.7306191232002079,-1.306420922279358,0.5
0.1397922784090042,0.33182618021965027,0.14594730734825134,-0.1174713235553607,-0.8001647652218726,-0.0017111222259700298,-0.23043310507989198,-1.5273820719093345,-0.9018054008483887,-1.2915949821472168,2.4042458628166643,0.6666666865348816
-0.16331779956817627,-0.8568916916847229,-0.017458005416002724,1.8859626885574905,-0.18177451193332672,1.1981744302162942,0.6448516379582918,0.9598023116266855,0.033425383269786835,-0.42341551184654236,-0.8004556894302368,0.5
-1.6397224811574662,-0.024789171293377876,-2.0516896780235236,-0.6776565313339233,0.43602212751118113,-0.9566229581832886,-1.07186619172997,-0.6161485781555485,2.262202666831109,-0.144306723105195,1.1390777826309204,0.3333333432674408
-0.5422053933143616,-0.9757634997367859,-0.33103671708217414,-0.8109833002090454,-0.6745702469974069,-0.0578824058175087,-0.33776937884725516,-0.9616947714610029,-0.5511998340770105,-0.1893985561534389,0.12714727222919464,0.5
-0.16331779956817627,-0.2625327408313751,-0.05790869891643524,0.42648301132262817,-0.4801901578903198,1.1217145919799805,0.46805331689031604,-0.5224330689066007,-1.6534646520350516,0.37798094749450684,0.29580235481262207,0.5
-0.46642789244651794,-0.3814045190811157,-0.12586070597171783,0.9741720362133954,-0.03460611843758453,-0.22639626264572144,0.44012055841303227,0.41284324287971613,-0.028923334553837776,0.17763182520866394,-0.8847832679748535,0.8333333134651184
2.4432169247240476,-0.14366096258163452,2.1197075838425126,-0.6332142949104309,0.6492300119647889,-0.8442803621292114,-1.435928448281053,1.0372292214397172,-0.12373248423120371,1.6601137571862166,-0.37881800532341003,0.5
-0.6179829239845276,-0.745425820746159,-0.30923348768731795,-0.4199566625482782,-0.37167537212371826,0.16680273413658142,-0.1896679304196559,-1.3641409312615165,-0.08170750690694911,-1.3328711142223473,1.3643042362969025,0.5
0.1397922784090042,-0.5453786662689413,-0.19381269812583923,-0.6109932065010071,-0.6198146040552714,0.5600017309188843,0.5927689446674481,-0.06705710649908145,0.45012645130682133,0.9790282845497131,-0.041507821530103683,0.5
-0.3479316648072451,1.036187507086797,-1.5902777303928484,-0.5887720584869385,0.10908664464612372,-0.5072526931762695,-0.25875655528318364,0.015568003604887953,0.2204715460538864,1.105792463308041,0.12076531344094409,0.5
0.8217899799346924,1.3452604576784875,-0.995193774145848,0.48848154006007893,0.1316745890297646,-0.8442803621292114,-1.2290795789852453,1.167372394693474,0.7714531614122124,-0.0895003229379654,-0.37881800532341003,0.3333333432674408
-0.6179829239845276,-0.007577136298788773,-0.05790869891643524,0.7294151381346715,-0.686524976987192,-0.4489200666409579,-0.3148211597833653,-1.0015295392236223,0.8329822982372382,-0.42341551184654236,1.6583067527514064,0.8502760379669617
-0.6924375426943905,-0.8568916916847229,-1.2701338401936149,-0.8884086955327567,-0.6893648052194198,0.6161730289459229,-0.35846647840280615,-1.055504423991642,0.0957741066813469,-0.3461199596254958,-0.206958319521356,0.5
0.33471437595210807,-0.6785839796066284,0.07799530029296875,0.3720128082270197,-0.04613102599978447,0.2791453003883362,0.2246128264644305,-0.06570537365112848,-2.0318886343692957,-0.5569815635681152,-0.46314552426338196,0.5
0.21556980907917023,-0.024789171293377876,2.2935639652440445,1.534160718423155,-0.31481374298850096,0.6161730289459229,0.6629971204225895,0.9589243610819017,-0.028923334553837776,0.6415098206961392,-0.2583955363114137,0.5
0.06401476263999939,0.27239030599594116,0.6895633339881897,-0.8109833002090454,-0.2631605863571167,-0.34485571706940743,1.6272377528781359,-0.32932263725727956,0.16214691916033522,-0.3566324710845947,-0.46314552426338196,0.5
-0.7193558185933878,-0.20309685170650482,-0.4656206965446472,0.7207143056571604,-0.18177451193332672,1.7851343392370465,2.1859784759806424,0.43964449952151674,0.2204715460538864,-0.5959818854006045,-0.8847832679748535,0.3333333432674408
-0.39065036177635193,-0.5437133629155599,-0.19381269812583923,0.5846599685864282,-0.9541545714561492,0.2601051142291674,0.22577010401129743,-0.4961897001114317,-0.028923334553837776,-0.6905476450920105,0.7290334925494714,0.5
-0.9968705177307129,1.4691529527772742,-0.941284716129303,-0.5402173753066609,0.5458526180751231,-1.256364865421622,-1.5054963698331225,0.7308599450166312,2.338518565878148,1.504776954880744,0.12714727222919464,0.5
-0.2390953153371811,-0.3814045190811157,0.49620781514001183,-0.6332142949104309,-0.2890399068123919,1.7983295213836834,0.8340794847737346,-1.237831005304017,-0.7147592306137085,1.3881426214086905,1.603806857521388,0.8333333134651184
-0.08754027634859085,-0.3814045190811157,-0.3872960396541221,-0.4998875558376312,-0.7786058187484741,1.1217145919799805,0.5999674713322347,-1.45267050120624,-0.6066012773945393,-1.1915115964066247,1.432584779987124,0.5
0.21556980907917023,-0.9163275957107544,-0.19381269812583923,-0.833204448223114,-0.6158336400985718,0.6367433367687151,0.47710344424179685,-1.2673086709691388,-1.722285136980749,-1.1024012778434655,0.7978470522126626,0.6666666865348816
0.21556980907917023,0.08083826796525169,0.14594730734825134,-0.6998776793479919,0.38625089186862444,-0.11405368894338608,-0.7591970476376376,0.6400974710126013,0.7192612886428833,1.532229425039289,-0.631800651550293,0.5
-0.3148728311061859,-0.3814045190811157,0.14594730734825134,-0.7443199157714844,-0.5887049436569214,-1.1813081502914429,-0.058131123732572135,-1.0994265702667987,0.5945638418197632,0.3415949231115929,0.4644574522972107,0.6666666865348816
2.6044526957618768,1.1114032315126992,2.1158593148111793,-0.09206119497129242,2.161197722966431,-0.1353899710797904,-0.3894846894053347,1.91656284642838,-0.4030156433582306,1.5534923837561037,-0.7161281704902649,0.3333333432674408
-0.39065036177635193,-0.5002763271331787,0.8872588550549095,2.2327091550465585,-0.18177451193332672,1.9470865718386354,1.6866141602737375,1.4227591653307639,-0.5277130603790283,-0.4540194971466784,-1.3528688378617792,0.5
-0.5880575841284013,1.6132537649422019,-1.9065576763521166,-0.021012284295646926,-0.062296672394058075,-1.5055497324000644,-1.782929547025674,-0.4922439602909404,0.7225668082402328,-1.1368839179098718,1.5607155561447144,0.06518886976092998
0.21556980907917023,-0.5597122311592102,0.010043300688266754,-0.8987650052318217,-0.4801901578903198,-0.2825675308704376,-0.4564976286835562,-1.7124897402451684,-1.5380857629043236,-0.890896737575531,1.0286009868715011,0.5
-0.6937604546546936,-0.3814045190811157,0.4766536561417099,-0.06373908356726612,-0.42593276500701904,1.2114882373448976,1.5526511822487155,-0.03533042568415751,-0.2159694880247116,-0.22306638956069946,-0.631800651550293,0.3333333432674408
1.5068991824332554,-0.7380198836326599,0.07799530029296875,-0.8302899622225554,-0.11752384722427599,0.16680273413658142,0.6987699041767921,0.6781583133518262,0.8439587354660034,-0.15628336369991302,-1.0628324721554938,0.3333333432674408
0.5944573879241943,-0.4408404231071472,0.4076618187863613,1.416203800146199,-0.5344475507736206,1.9789074598078966,1.3706679097478114,0.9245573236137509,-0.46536436676979065,0.34741762856541947,-0.631800651550293,0.3333333432674408
0.29134732484817505,-0.3339611735313939,0.17836915005682757,1.9119981321817583,-0.2902892827987671,1.369270049519269,0.7754865096240517,1.171673492861669,-0.46536436676979065,-0.2898494303226471,-1.137765884399414,0.3333333432674408
-0.7695379853248596,0.9770604362098632,-2.134262929749283,0.0707423462852686,0.013388120957560649,-0.731937825679779,-0.852307285574022,0.6239809758252235,2.548459473825805,0.9122452139854431,0.4644574522972107,0.3333333432674408
0.29134732484817505,-0.5002763271331787,0.34980329871177673,-0.6998776793479919,0.6251356488359373,0.05446016043424606,-0.1137284300830774,0.3735964049496402,0.2720863028376724,0.9790282845497131,-1.137765884399414,0.5
-0.6179829239845276,-0.024789171293377876,-0.8479624849114841,-0.8998677730560303,-0.07325971871614456,1.0369053599018716,0.20065673025992414,-0.9618889447983394,0.34516897797584534,-0.8241137266159058,-0.041507821530103683,0.3333333432674408
-0.2390953153371811,-0.5002763271331787,1.6442243198042192,1.0644169078286707,-0.6429623365402222,1.065543293952942,1.5409466924542197,0.35933776402369794,-0.7366857183120721,-0.0895003229379654,-0.2944904565811157,0.3333333432674408
1.409084591246849,0.0025201782361559885,1.1598195959795425,-0.5211747048679196,0.5552062795280678,0.1875771772820499,-0.3701980112587521,1.300966067111801,0.2828202545642853,1.5947937098974287,-0.7161281704902649,0.5
-0.8453154563903809,-0.8370699025726683,-0.12586070597171783,-0.7887621521949768,-0.5073188543319702,-0.45108139514923096,-0.4133873281336523,-0.9799316158448813,0.5322151184082031,-0.22306638956069946,-0.18120373564663644,0.5
-0.05991636928640774,-1.2985580721625583,0.07799530029296875,1.6255180099039546,-0.08931524470441235,1.2371457283950444,0.03347279219837234,0.9695302890407894,0.8439587354660034,-1.0912458896636963,-1.0534383058547974,0.6666666865348816
0.4429023563861847,0.391871865572221,-1.520518729346638,-0.7025195927006204,0.8712017013614298,0.950171890769497,-1.0478985965780356,1.4064844822803415,1.8687802731209446,2.757550212373555,-0.7909549856889542,0.3333333432674408
1.4041126098586691,1.810203710960633,-1.5837042332160722,-0.6426123705327386,0.576230846908155,-1.1813081502914429,-1.112609636110346,0.7279116220419042,-0.43915047688044934,-0.957679808139801,-0.9691107869148254,0.3333333432674408
0.29134732484817505,2.463002632029387,-2.013611304152121,-0.6332142949104309,0.7057617471553379,-0.22639626264572144,-1.4296924062741592,0.851732684551165,0.9686561822891235,-0.0400671460365203,-0.2944904565811157,0.3333333432674408
-0.2390953153371811,-0.9757634997367859,0.6532256251155458,0.7292492192746379,-0.2902892827987671,-0.0578824058175087,0.1568866882858165,0.5628336122026582,0.0957741066813469,-0.3566324710845947,-0.8004556894302368,0.5
-0.46642789244651794,1.9267335086542594,-2.1644208431243896,-0.2854987963447336,0.9343867285576007,-1.1813081502914429,-1.7259143272485193,-0.20939871730486315,1.7713906115205746,-0.07746431038920878,1.9741868316550097,0.3333333432674408
-0.5422053933143616,-0.8568916916847229,0.6216112971305847,1.09553346457844,-0.697219729423523,0.5038304328918457,-0.09230542531935002,-0.3224027101904965,-2.77943115177258,-0.7573306560516357,-0.041507821530103683,0.5
-0.16331779956817627,-0.2625327408313751,0.4857073128223419,1.1099942029482484,-0.12751711905002594,0.6723442673683167,1.3820198946871771,0.7838731988204841,-0.5277130603790283,-0.4219626524989228,-0.9691107869148254,0.3333333432674408
-0.34248398344159053,1.551268516540688,-1.789579645688616,-0.5040264829197022,0.5533681181099475,0.7645384441408333,-0.6815620772535473,0.9151495836351309,1.4443134363228798,1.6266712898802296,-0.2233080284948198,0.6666666865348816
0.5186799168586731,1.0522004576948631,-0.15848646335246577,-0.41652815463934156,0.47349356989168767,-0.7383107377250486,-1.1397307028635721,0.18198026974680248,1.2189529871749534,1.8713134241641665,2.018964405199335,0.6666666865348816
-0.6937604546546936,-0.5597122311592102,0.07799530029296875,-0.6998776793479919,-0.561576247215271,0.5465663256474167,-0.09830726629554593,-1.3669790928042818,1.3880825052742867,-0.22306638956069946,1.3185165799014944,0.944880296771347
-1.072648048400879,0.9096395924059417,-1.4004893088895831,-0.766541063785553,0.5489202345061518,-0.6195952296257019,0.41039855604698966,-0.5190952590211868,0.34808462475993934,-0.22306638956069946,-0.9691107869148254,0.5
1.4530623697346057,-0.6768278791730759,-0.12586070597171783,-0.7005826992397116,0.8447645576168411,-1.4059932231903076,-1.716273672169266,0.29240174537296276,0.5945638418197632,0.7118961215019226,0.7921300155543073,0.6666666865348816
0.5869145545754653,1.1830406416311725,-1.8891610986022966,-0.5665509104728699,0.702138758262223,-0.6195952296257019,-1.1312858583386391,0.9405784843323451,0.7192612886428833,0.24441486597061157,-0.46314552426338196,0.3333333432674408
-0.46642789244651794,-0.9163275957107544,0.04565457278785757,1.5188034693624146,-0.34454667568206787,0.318350742224447,0.26772219126609925,0.2371938579369709,0.2204715460538864,-0.9348225843149328,0.3801299035549164,0.3333333432674408
0.5186799168586731,-1.1039688815573285,0.48759825253222766,-0.7542054629533744,-0.4801901578903198,-0.9236351194237796,-0.4724862054764033,-0.7880731718267445,-1.151200294494629,0.24441486597061157,0.7858816599363063,0.5
1.0224685714704416,0.029903075843839198,1.1487287174085674,-0.4646310426304918,0.4612070202776523,-1.0689655542373657,-1.6205740717853994,0.670417322599039,1.0933536291122437,1.3301770808339115,1.5607155561447144,0.8333333134651184
-0.5422053933143616,-0.3219686448574066,-0.17878757721203975,-0.766541063785553,-0.6710361008265749,-0.3949100971221924,-0.5700508517990116,-1.6624956421533466,-0.4030156433582306,-0.49019855260849,1.904188888046397,0.5
1.9320924963973838,-0.08422506600618362,2.2357750349970766,-0.6109932065010071,0.5948173625705692,-1.52698812114393,-1.8962112542962302,-0.10752056837389772,-0.46536436676979065,1.5965665945671645,1.8515574009288633,0.6666666865348816
0.7344258916002355,-0.3814045190811157,0.5226545595030183,-0.12976622589585238,-0.04613102599978447,0.39148786664009094,0.4761499264090148,-0.631223475470502,-0.7147592306137085,0.02202192063189811,1.3222304672141347,0.5
0.8109077988441816,-0.9553965932784543,1.5146294007206484,4.119636899092617,-0.311925919812762,1.1532427307907656,1.2058404096083204,4.775325982055341,-0.9641541242599487,0.9790282845497131,-1.4446446263728216,0.3333333432674408
0.06401476263999939,-0.5002763271331787,0.07799530029296875,-0.8998677730560303,-0.5073188543319702,-1.0127942562103271,-0.7288722630355775,-0.3667325991536918,0.46986642479896545,0.2613594096478168,-0.1905553274492443,0.5
1.1151948482190435,1.6252294835158063,-0.08078422328393242,-0.6581322355041936,1.3961348753300933,-0.11405368894338608,-0.41185326903694386,0.6259061036917523,-0.3435118712329671,1.2041680116332554,-0.46314552426338196,0.3333333432674408
-0.46642789244651794,0.9381280274937727,-0.19381269812583923,1.742089855108344,0.5900379174909403,1.1561872938536646,1.0470698152476074,1.1089488191104828,0.15812282264232635,-0.22306638956069946,-1.2841744590858608,0.3333333432674408
0.6446198184691676,-0.13863674594207495,-0.2617647051811218,-0.4253650582209753,0.11455347385655879,-1.0689655542373657,-1.199285772442332,0.7017376701346406,0.7192612886428833,0.2044997893237116,-0.8847832679748535,0.3333333432674408
-0.2315122020638063,-0.9757634997367859,0.010043300688266754,-0.8554255366325378,-0.4801901578903198,0.6710701700538704,-0.4995608811374298,-1.457470607919981,-1.0888515710830688,0.7783260094510726,0.9782028694483501,0.6666666865348816
-0.2390953153371811,-0.6785839796066284,0.6712844681971445,-0.6998776793479919,4.057650485953015,0.7846868634223938,-0.35986072341491804,-0.656094808898219,-1.5527728199598667,-1.1997675765294626,-0.9691107869148254,0.6666666865348816
-0.46642789244651794,-0.07576936505621633,0.9786731673993864,-0.833204448223114,-0.34454667568206787,0.927623514113958,0.31350288684931865,-1.2496487751380232,1.0058521472565645,-0.22306638956069946,1.0519029464647698,0.5
0.33048318442175595,-0.3219686448574066,1.325292001018111,0.7027438137042854,-0.09353147830746489,0.39148786664009094,0.6534051413528386,0.5953597362348212,-0.46536436676979065,-0.0895003229379654,-0.8847832679748535,0.3333333432674408
-0.9968705177307129,-0.4408404231071472,1.6356523537543366,1.0755288966556138,-0.01900232955813408,0.6161730289459229,0.9664499042712744,0.24486714464702394,-1.0265028476715088,0.4447639584541321,-1.137765884399414,0.3333333432674408
-0.3148728311061859,-0.9163275957107544,-0.12586070597171783,-0.833204448223114,-0.697219729423523,-0.731937825679779,-0.3583198443683397,-1.2054423618109036,-0.7961489968157526,-0.5569815635681152,0.3801299035549164,0.1666666716337204
0.9674518279652591,-0.9803080883014438,0.010043300688266754,-0.8109833002090454,-0.6149528585538196,-0.8206294319180906,-0.2616675244932389,-0.829039866777265,-1.9065450952352332,-0.5569815635681152,-0.041507821530103683,0.3333333432674408
1.9686844730790116,0.33182618021965027,1.039445167988912,-0.6998776793479919,0.5455708440998017,0.39148786664009094,-0.33624991629152257,0.8535923048615619,-0.028923334553837776,1.8031887034411305,0.21147480607032776,0.5
-0.710639375196319,-0.6191481351852417,-0.5335727334022522,1.7407475149041494,-0.2089032083749771,-0.7881091237068176,-0.6916604387049702,0.8340115332716732,-0.9018054008483887,-0.02271728403866291,-1.0534383058547974,0.5
-0.2390953153371811,-0.4408404231071472,-0.2617647051811218,1.7085047996883036,-0.45306146144866943,1.7849930749484593,1.3547687778841029,0.42199727694322803,-0.15362077951431274,0.17763182520866394,0.3801299035549164,0.5
-1.072648048400879,-0.4408404231071472,-0.8053807020187378,-0.041757074838861354,-0.37167537212371826,0.2229740172624588,0.026939113115810737,-0.49213308615434914,1.1014158323592356,0.17763182520866394,0.29580235481262207,0.3333333432674408
2.223564211791109,0.15351851284503937,1.1652272939682007,-0.7014962287963706,1.4338022102945571,-0.6195952296257019,-1.3324785836107875,0.933410472628567,-1.0474777057426325,1.3763456902037683,-0.8004556894302368,0.3333333432674408
-0.9968705177307129,0.03464672341942787,-0.8686554280746869,2.2569026045419074,-0.4801901578903198,-0.731937825679779,-0.04761575098381195,0.8340992295463214,0.033425383269786835,0.38854526526611666,-0.5474730730056763,0.5
-0.6937604546546936,2.687996043722039,-1.9707512246514336,-0.6554354429244995,0.7548968291630035,-1.349821925163269,-1.5908400414627237,-0.18192037607128334,1.3315820390052675,-0.8241137266159058,0.12714727222919464,0.1666666716337204
-0.3148728311061859,-0.7974557876586914,0.4177553057670593,-0.833204448223114,-0.39880406856536865,1.6523095439641695,0.8480393727612145,-0.7753559143337336,-0.46536436676979065,0.37798094749450684,-0.42469297857324984,0.6666666865348816
-1.3512472290737103,0.7922053623112618,-1.1192984695259578,-0.7469464589872923,-0.561576247215271,-0.17022497951984406,0.33795005381391907,-0.8136719411489571,0.7192612886428833,-0.49019855260849,0.21147480607032776,0.3333333432674408
-0.9210929870605469,-0.12658717247591883,-0.12586070597171783,1.168267293609593,0.36656815577004503,0.5600017309188843,1.1547177652018616,0.8763800407260425,0.9063074588775635,-0.2898494303226471,-0.8847832679748535,0.5
-0.9968705177307129,-0.6054752827501072,-0.12586070597171783,-0.6998776793479919,-0.6376887616974148,-0.17022497951984406,0.05832008123332564,-1.1974844312621864,1.6009412467683708,-1.0912458896636963,0.29580235481262207,0.5
-0.5792602436986272,-0.08725724669363624,0.14594730734825134,-0.7733948249115532,-0.561576247215271,-0.3888549461962524,-0.11055664030357558,-0.7862279222730305,-0.34066691994667053,0.5783300399780273,0.0998981179090927,0.6666666865348816
0.29134732484817505,-0.2625327408313751,-0.6715419944267561,-0.8037872327217352,-0.6158336400985718,-0.7881091237068176,-0.019509974867105484,-1.3616011296732315,-0.9996695524467788,-0.9215317180774615,0.7174400687217712,0.5
-0.08754027634859085,-0.8568916916847229,0.010043300688266754,1.560073658819707,-0.10935971044030385,1.7077020055499847,0.9846447330068236,0.5045397042615832,-0.028923334553837776,-0.2898494303226471,0.21147480607032776,0.5
-0.5704292651927874,-0.8568916916847229,-0.3297167122364044,0.6287532964820228,-0.5887049436569214,0.05446016043424606,-0.07339392535991951,-0.8811855544349071,0.652596768553001,-1.593614494816758,1.223405361175537,0.7422390154649181
0.6562277294066332,-0.5002763271331787,-0.12883229554301423,0.5319494774624953,-0.399107184775757,0.2229740172624588,0.9277263163175884,-0.081849161806176,-0.028923334553837776,-0.42341551184654236,0.7174400687217712,0.6666666865348816
-1.224203109741211,-0.4408404231071472,0.050307740869290275,1.3490656898341626,-0.4446260503295939,0.39148786664009094,0.652696047260277,0.7958794093857665,1.1557023525238037,-0.890896737575531,-1.137765884399414,0.3333333432674408
0.21556980907917023,0.9775246248363431,-1.6692198606147304,-0.6109932065010071,0.7583875704287614,-0.0578824058175087,-0.7749852449629822,0.832312742102089,0.4987091968448584,0.17763182520866394,-0.8847832679748535,0.5
1.7837145319094025,-0.2625327408313751,0.8254672884941101,-0.826121614587247,-0.7279506392097993,-0.9796878582751509,-0.4410341731134526,-0.2585199762671037,-0.9018054008483887,-0.2898494303226471,-0.1258353590965271,0.3333333432674408
0.263780925070184,-0.2625327408313751,1.1652272939682007,1.819007393517379,-0.2089032083749771,1.1871515651229112,1.6762063359014165,1.2356892981371164,-2.0794304650533104,-0.49019855260849,-1.137765884399414,0.5
1.4178943002273776,2.943756095189493,-0.5782863034368552,-0.6554354429244995,0.9632203803854237,-1.4055760071380121,-1.4051645691723753,0.9640030455297698,-1.151200294494629,0.4618213878941832,-0.46314552426338196,0.3333333432674408
6.353549003601074,-1.5701223611831665,9.11561107635498,-0.9887523055076599,-1.2940510511398315,14.546651840209961,5.739711284637451,5.3161420822143555,4.896625518798828,9.794388771057129,3.078611373901367,0.0
-0.9210929870605469,-0.7974557876586914,0.8920243825106596,0.024501475932353932,0.47041985440187484,-0.45108139514923096,0.2918665700504177,0.7852180557731516,3.431309172559541,0.7087237228607274,-0.8847832679748535,0.3333333432674408
-0.5422053933143616,-1.094635248184204,0.40974520554542715,-0.6998776793479919,-0.7786058187484741,-0.5234215987582321,-0.6425598515963984,-0.7058649767289249,0.5322151184082031,-0.4042716270143534,-0.041507821530103683,0.5
-0.6179829239845276,1.5793101705225356,0.4857073128223419,0.041019703169834235,-0.4801901578903198,0.33531656861305237,0.504449101984464,-1.0952715435829932,0.0957741066813469,-0.15628336369991302,1.6450430154800415,0.5
-0.6179829239845276,-0.5624427907304204,-0.12586070597171783,-0.05523065053387974,-0.5073188543319702,0.6723442673683167,0.8291180190397585,-0.4155965264284874,1.7798229444166116,-0.22306638956069946,0.29580235481262207,0.6666666865348816
-0.2390953153371811,0.33182618021965027,-0.6694766879081726,-0.334181541217154,-0.7243484258651733,0.27013669787100925,-0.07123616413417959,-1.6432385663987628,-0.028923334553837776,0.9122452139854431,2.5555861534593736,0.7548872445136561
6.353549003601074,7.345261573791504,9.11561107635498,-0.9887523055076599,-1.2940510511398315,14.546651840209961,5.739711284637451,-2.504413366317749,4.896625518798828,-1.9896775296398046,3.078611373901367,0.0
0.4429023563861847,-0.6785839796066284,1.0025602478319406,-0.6776565313339233,-0.5778893502190839,0.33531656861305237,0.4760591090446764,0.0535147501318771,-0.028923334553837776,-1.2419283968916157,-0.8847832679748535,0.3333333432674408
0.5944573879241943,1.9916878027881333,-1.4442906165114981,-0.6776565313339233,0.6917962114849208,-0.90045166015625,-1.0850963900993387,0.8352228324552939,0.0957741066813469,0.9580266734139864,-0.5474730730056763,0.3333333432674408
-0.9541333222942852,-0.6191481351852417,-0.12586070597171783,-0.8868430799848781,5.627930150888512,0.9532006978988647,1.047556720200254,-0.6685589729667063,-1.221072403430079,-1.0912458896636963,-0.9691107869148254,0.5
0.06401476263999939,-0.7974557876586914,0.34980329871177673,-0.8257952111234752,-0.39880406856536865,1.497016659827942,0.4999553934026727,-0.4876848846265764,1.0933536291122437,0.1108487918972969,-0.2101629078388214,0.5
-1.0927473162322208,0.9881933337674735,-0.9961851595671362,-0.4926040053817651,0.07426195392769536,-0.5634239912033081,-1.024533279926978,0.29711951288465255,2.1945422936240346,0.9122452139854431,0.9363793482925137,0.5
0.6676483576470262,0.9831069435156741,-1.9291279523036358,-0.5665509104728699,0.7697886022260119,-1.5816280205951019,-1.6814436351872732,1.2178781549715758,1.1177452304457962,0.26838520132005844,-0.2944904565811157,0.5
-0.6937604546546936,-0.5597122311592102,1.1652272939682007,-0.8554255366325378,1.2715250953073782,0.5600017309188843,0.48584665666578436,-0.8553181886672974,-1.0274091366824847,-1.0244628190994263,-1.0534383058547974,0.5
-0.5491350178957762,1.4174912316741546,-1.9995526359887554,-0.14453145741036386,0.29959853731240893,0.2229740172624588,0.8809887702922464,-0.15467459005660406,0.1036552967954901,0.19610243074722888,-0.8847832679748535,0.3333333432674408
0.21556980907917023,-0.3814045190811157,-0.5111079943981875,0.4656138351080188,0.13127120271265463,0.2791453003883362,0.5956646735941709,0.48562486222720497,-0.15362077951431274,-0.42341551184654236,-0.631800651550293,0.3333333432674408
3.261470482601465,1.6947504622488065,0.42156976721822736,-0.005169632041577736,0.8699705946266382,0.33531656861305237,0.659783176406146,2.2936032322158764,0.46986642479896545,2.6362687115769856,-0.8847832679748535,0.3333333432674408
0.36712485551834106,-0.7974557876586914,-0.028266257617788226,-0.6776565313339233,-0.06234456933916398,-0.22639626264572144,0.0746876470849385,-0.7240865448843228,1.2572331155988994,-0.5569815635681152,0.6331125497817993,0.5
-2.3289239802823665,2.523400904405664,-2.1644208431243896,-0.7443199157714844,-0.7243484258651733,-0.9566229581832886,-1.1932917061413753,-1.2669272719530955,1.8908147755625357,-0.5428540199365398,1.8453822471443242,0.3333333432674408
-0.47787885946866565,-1.2191229005283835,-0.6015247106552124,-0.8998677730560303,-0.8972690033942443,-0.13011949269070816,-0.3545200965605306,-1.3916878328658657,-0.2159694880247116,-0.957679808139801,0.6331125497817993,0.5
0.5186799168586731,-0.6785839796066284,-0.397668719291687,1.4459833798830568,-0.5073188543319702,0.7475705242853841,0.7208572527320563,0.8032571251830594,-1.5046444423285856,-1.42020717059059,-1.0317895639907222,0.3333333432674408
-0.2390953153371811,-1.2551721358194936,-0.2243839810987885,-0.8109833002090454,-0.7243484258651733,0.6161730289459229,0.23039203079213247,-1.2440243041077022,0.8439587354660034,0.21244617931685666,1.223405361175537,0.5
-0.3148728311061859,-0.8568916916847229,0.821942563816429,-0.8317074284133565,-0.697219729423523,-0.0017111222259700298,-0.19617008543615627,-1.6967897076911604,-1.3262205570507521,0.8593364509566138,1.6883735837456548,0.5
-0.3148728311061859,-0.7974557876586914,-0.19381269812583923,-0.766541063785553,0.14679453924360514,0.05446016043424606,-0.02560619293144365,-0.24841082678019993,0.5945638418197632,0.3111979067325592,-0.631800651550293,0.3333333432674408
-0.961052141942245,-0.3602074370619522,-0.397668719291687,1.6130094401268578,0.1781340150968738,1.1217145919799805,1.0812862067146065,0.6219298294964338,0.0957741066813469,-0.4333300742814262,-0.631800651550293,0.3333333432674408
0.4429023563861847,-0.9634210826645369,-0.19381269812583923,-0.06732984586104565,-0.34454667568206787,-0.5072526931762695,-0.3394751038326829,-0.6163338304907181,-0.34375267703581214,-0.8241137266159058,1.1182709914202686,0.5
0.21556980907917023,-1.1507553339609786,0.4177553057670593,-0.6998776793479919,-0.2631605863571167,-0.11471774772386364,0.1929425391397802,-0.9500042887312148,-1.000272741007598,0.1108487918972969,1.4422619642581198,0.5
0.7159039827206468,1.790064310818867,-2.1644208431243896,-0.5887720584869385,1.0444144840913347,-1.0689655542373657,-1.4143060985027804,1.3821896263004354,0.48534462721022037,0.17763182520866394,-0.8474582654097654,0.5
-0.46642789244651794,-0.6274453259946878,1.027861623522841,-0.7443199157714844,0.46213962645020146,0.05446016043424606,0.19623998028459433,-0.6092031810920947,0.2828202545642853,-0.5569815635681152,-0.2101629078388214,0.3333333432674408
2.170659299361297,-0.016107434603954078,1.1652272939682007,-0.017885702349161824,3.41566533189281,-1.3009221752261013,-1.7161565322605217,1.3703096822416287,-0.5900617837905884,2.356381043825705,0.21147480607032776,0.5
0.4429023563861847,1.9297689610994497,-1.6590436465913803,-0.6109932065010071,1.1239691943154606,-0.6195465650164391,-0.8065365211072192,0.8983207941055298,1.0933536291122437,0.26733408048045376,-0.8847832679748535,0.5
-0.46642789244651794,1.0735424266662439,-1.984132611272816,-0.7220988273620605,-0.0343870354980481,-1.4059932231903076,-1.6704555816056015,0.27940714787783616,0.797449313444148,0.17763182520866394,-0.9691107869148254,0.5
-1.2512966605682878,-0.4408404231071472,-1.0600462621843316,-0.015289576508538183,-0.5688183863910772,0.13951759543083783,0.6383227574880157,0.06667405299755272,1.8301606504826393,-0.0895003229379654,-0.2101629078388214,0.3333333432674408
-0.5422053933143616,-0.4408404231071472,-1.2090311337743582,1.5751648800081366,-0.4696925920971006,0.2791453003883362,0.3492962732632806,0.37434429496548,-1.1329684057583183,0.17763182520866394,-0.8847832679748535,0.3333333432674408
-0.08754027634859085,1.9417926390116786,-0.6589040654326904,-0.02526785484739915,0.062383756041526794,0.21258056646415166,1.31242311210543,0.17530900600104182,0.15812282264232635,1.4816221576324689,0.13003702644766893,0.5
0.8217899799346924,-0.6191481351852417,0.010043300688266754,-0.833204448223114,-0.10038841515779495,-0.3949100971221924,-0.0021728524334409006,-0.5555592690841632,-0.028923334553837776,-0.42341551184654236,0.21147480607032776,0.3333333432674408
-1.674795979960157,-0.41057183321623014,-0.7809576646251285,1.4200495509949616,-0.650046992444273,-0.8402419148861096,0.08430707305514636,-0.29188498614273467,0.9686561822891235,-0.0895003229379654,1.2805044096465668,0.5
-0.3433217146385091,0.33182618021965027,-1.463100331029961,-0.766541063785553,0.059195937066689394,-0.8442803621292114,-1.1026684727200264,-0.13261380906444314,0.10923799103767347,0.6451131105422974,-0.8847832679748535,0.3333333432674408
0.17195427341490743,-0.5002763271331787,-0.2653877344976636,-0.4938936758859899,-0.5765397434587879,0.05446016043424606,0.012371683028625532,-0.24842436593572084,-1.847518852881165,-1.0244628190994263,-0.9691107869148254,0.3333333432674408
-0.3148728311061859,2.194866014272985,-0.8004590911433137,-0.6016930730522065,0.06505969972614431,-0.6195952296257019,-1.1516634854826158,0.3552244214896716,1.0118564785144426,0.5115470290184021,-0.8004556894302368,0.3333333432674408
-1.072648048400879,-0.4408404231071472,-0.12626488376965417,0.6326263681188787,-0.16780751112975004,0.2229740172624588,1.6933104019641265,0.27174388771713165,0.34516897797584534,-1.6119386299007894,-0.7343777046476718,0.3333333432674408
-0.47640972854399866,-0.2625327408313751,-0.6694766879081726,0.09185173678967404,-0.2360319048166275,0.2791453003883362,1.1320650811690909,0.20289292991560814,0.8251215552407304,-0.3376107988684177,-0.9691107869148254,0.3333333432674408
0.29134732484817505,-0.6967383096816036,-0.1276208080427103,1.787418083452365,-0.4367504425435879,0.5600017309188843,1.2056734910974285,1.11865965692294,-1.153714879377929,-0.15628336369991302,-1.137765884399414,0.3333333432674408
-0.9210929870605469,-0.4408404231071472,0.20201917347817056,-0.08003975186663771,-0.39880406856536865,0.025215298389091936,0.4523997792443768,-0.8888072247490473,-0.15362077951431274,1.0554343850853471,0.29580235481262207,0.5
0.06401476263999939,1.9690834745551353,-1.4029726270296103,-0.5665509104728699,0.8150217066467655,-1.0339762387081501,-1.6359210044501036,1.221090872911624,1.1558458039211978,1.5306145286052728,-0.5474730730056763,0.5
-0.2390953153371811,1.7494178603635289,-1.613006429536303,-0.7220988273620605,1.0415192873089112,-1.349821925163269,-1.5806930047629872,0.6492257473029235,0.7820313246752337,0.37797738757536603,-0.8847832679748535,0.5
0.5944573879241943,-1.0351994037628174,0.4177553057670593,-0.8998677730560303,-0.16638403299941423,-0.03759557563765765,-0.30825015226986935,-1.511902192303239,-1.3951297342781204,-1.054755636097368,1.238051532452946,0.5
-0.16331779956817627,-0.8568916916847229,-0.05790869891643524,-0.02527511797189553,-0.34454667568206787,0.6161730289459229,1.0424260186153447,-0.05013352528774119,-0.9018054008483887,-0.8241137266159058,-1.0534383058547974,0.5
-0.11638868919335771,-0.9163275957107544,2.180767698366849,0.6704607130088172,0.568349985430071,-0.731937825679779,-0.0611826470232047,-0.37054867595666374,0.4467643195907084,-1.0244628190994263,0.7174400687217712,0.6666666865348816
0.29134732484817505,-0.6191481351852417,0.7118409820578196,-0.6776565313339233,-0.45306146144866943,-0.2825675308704376,-0.2672157289751709,-0.8377526719518172,-0.028923334553837776,-0.8238968303133241,0.8017675876617432,0.5
-0.5422053933143616,0.39143132378877926,0.07799530029296875,-0.7007534054756319,2.6725989512675246,-0.9566229581832886,-1.5270230854402866,0.03477522093417189,-0.12594180493584656,-0.22306638956069946,-0.46314552426338196,0.3333333432674408
-0.6937604546546936,-0.2550520984468772,-0.2352202885073829,-0.7884350290892655,-0.6568355793703775,-0.0017111222259700298,-0.33801674650993146,-2.239604026886716,-0.2159694880247116,-0.5569815635681152,2.751501028582117,0.9745534229083205
-0.08754027634859085,-0.024789171293377876,-0.12586070597171783,-0.8998677730560303,-0.5604957469897452,-1.0689655542373657,-0.17068109366638418,-1.2656396165902977,-0.5900617837905884,-0.14400854228130475,0.6331125497817993,0.5
-0.8453154563903809,-0.20309685170650482,-0.397668719291687,-0.46233811919550527,-0.6779193656848934,-0.2048969759473438,-0.4111009375265891,-1.3966064485750453,-0.15362077951431274,-1.5385386230115974,1.1390777826309204,0.5
-1.1704047614210498,-0.6191481351852417,0.9153149892575904,0.26062445441727206,-0.561576247215271,-0.4257413559530311,0.48381770610669955,-0.11037290213250998,0.4237040534696817,0.17763182520866394,-0.7161281704902649,0.3333333432674408
1.1542624401550843,0.33182618021965027,0.9666022560138684,-0.5665509104728699,0.6525846693014686,-1.349821925163269,-1.7286278021403123,-0.745601108022241,-0.21719415058495195,0.04406575486063957,2.192073442930505,0.5
0.06401476263999939,0.15351851284503937,1.2238734510804052,-0.8776466846466064,0.5778290033340454,-0.731937825679779,-0.33563326160708873,-1.061333997263358,0.34516897797584534,-0.7573306560516357,0.7646646945061769,0.5
-1.0932786550864393,0.6906374466474685,-1.432938930208916,-0.8109833002090454,0.30255231961894286,-1.3374913474347234,-1.6797756211808224,0.020897059104439508,1.8397686597872285,1.0188639015837233,-0.8847832679748535,0.3333333432674408
-0.7695379853248596,0.5664102011858371,-0.9483176698703586,0.5819781154594148,-0.6238907092180329,-0.41099210962169747,0.722560725942563,0.4996931218998499,0.9686561822891235,-1.048481070100729,-0.753307410995888,0.3333333432674408
-1.3070545887095708,-0.3219686448574066,1.1652272939682007,-0.3817467552277441,-0.4418357724219444,0.6723442673683167,1.1457837350986895,-0.8553181886672974,0.2204715460538864,-0.15628336369991302,-0.2944904565811157,0.8210942890917042
0.5186799168586731,0.15351851284503937,-0.3297167122364044,-0.766541063785553,-0.11446895939042893,-1.1340267328165456,-1.0089759697438272,-0.6102837353500196,-1.1976619832683624,-1.0244628190994263,-0.2944904565811157,0.15679406410615662
0.5691471539455687,-0.3814045190811157,2.2228496023400743,-0.7220988273620605,-0.6798715327996255,-1.4639461295012122,-0.5234096644676884,-0.4548658288979193,-2.563110030660715,2.4320487989123034,0.04281972348690033,0.5
0.7460124492645264,-0.44592097792429997,-0.3848115050368019,0.47678869685828357,0.7013243711250934,-0.3387388288974762,-0.019509974867105484,0.4045018888754122,-1.7047152481899057,-0.3803490536713531,-0.8004556894302368,0.3333333432674408
-0.39065036177635193,-1.0600439162167572,0.34980329871177673,-0.8064922826869266,-0.2089032083749771,2.1206534262884227,0.4839008096725191,-0.8379607344704755,-0.7147592306137085,2.320866619242776,-0.46314552426338196,0.5
6.353549003601074,-1.5701223611831665,9.11561107635498,-0.9887523055076599,-1.2940510511398315,14.546651840209961,5.739711284637451,5.3161420822143555,4.896625518798828,9.794388771057129,3.078611373901367,0.0
-1.072648048400879,-0.151739661390819,0.13115964065053226,0.3728418291779194,-0.5325047850044596,-0.5634239912033081,-0.5320630989110148,-1.0485557693915522,0.9621127763830128,0.24441486597061157,1.8199545005471562,0.5
-0.16331779956817627,-0.8568916916847229,0.34980329871177673,-0.9090067502060436,-0.7243484258651733,-0.3387388288974762,-0.8856806935105406,-1.5890934745089142,-0.9279308620781826,-1.2915949821472168,0.5487849712371826,0.6666666865348816
-0.6937604546546936,-0.8568916916847229,0.34980329871177673,-0.6071640539687451,-0.37167537212371826,2.0387719423105715,0.8298141626258051,-0.6908303334695918,-0.9018054008483887,0.3385757105004423,-0.8847832679748535,0.5
-0.16331779956817627,0.5125940937905005,-0.7428242714655345,-0.766541063785553,-0.27828841163666945,-0.7558550062833409,-0.18793191791299346,-0.3907922563884469,-0.17347574340662297,-1.0535703682946604,-0.37881800532341003,0.6666666865348816
-0.08754027634859085,-0.5002763271331787,1.054520546610396,0.20415340468180632,-0.4801901578903198,0.7611236861875426,0.9982336040329973,0.19577107199197424,-0.2783181965351105,-0.22306638956069946,-0.8847832679748535,0.5
-0.3148728311061859,0.09408261626958847,-0.6013696213015141,-0.21089880632499125,0.8012346020777694,0.1155528449070388,1.6410240125808475,0.3288619659860304,-0.1993243214440354,0.37798094749450684,-1.1679604745834455,0.3333333432674408
1.3607024755240582,-1.122515141612861,0.010043300688266754,-0.6332142949104309,0.062383756041526794,0.522970163724227,1.8559670713229592,-0.6139171588396306,-1.151200294494629,-0.42031467046272775,0.4644574522972107,0.6666666865348816
-1.3184402417841126,-0.4408404231071472,0.8934193253517151,0.021083001772671587,-0.6158336400985718,0.5600017309188843,-0.237958522844711,-0.8419847921592138,0.033425383269786835,-0.22306638956069946,-0.2101629078388214,0.5
0.6061445250203448,1.2752852596594,-1.6520001086287426,-0.5018234521611874,0.07952300784522728,-1.0689655542373657,-1.5494454666323092,0.7911885193292069,0.5945638418197632,-0.957679808139801,-0.5303904398333503,0.3333333432674408
0.1397922784090042,-0.08422506600618362,-0.12586070597171783,1.4608379536919693,-0.34454667568206787,-0.3387388288974762,0.22871383694018596,0.9031360715634398,-0.09690866551476256,-0.890896737575531,-0.5474730730056763,0.3333333432674408
-0.46642789244651794,-0.8166364387651539,0.7005402776497465,0.39755168257942736,-0.4801901578903198,2.0439411467870716,1.2873107821336496,-0.6135939264059649,-0.4030156433582306,-0.6905476450920105,0.15736881184653087,0.5
-0.6937604546546936,-0.3219686448574066,-0.19381269812583923,-0.49519428822289957,-0.7844861225201898,-0.11405368894338608,0.08052506769671323,-1.8159427047762136,-0.46536436676979065,-1.5079747685473115,1.9144005821125842,0.8333333134651184
-0.6179829239845276,-0.751136159077907,-0.2617647051811218,2.0437102482824736,-0.04613102599978447,0.1425020668910068,0.42899423735303677,1.1680103914535527,-1.603164935445006,0.24441486597061157,-1.191490917181439,0.5
-0.39065036177635193,-0.20309685170650482,0.5536593198776245,0.035493627032845004,-0.7243484258651733,0.2791453003883362,0.27191960742783317,-0.8984368601117728,-0.4030156433582306,-0.890896737575531,0.7352378078702262,0.6666666865348816
0.5194179385825173,-1.213507056236267,0.28185129165649414,-0.833204448223114,-0.4801901578903198,-0.17022497951984406,0.08634079734757608,-0.8700576830554015,0.46986642479896545,-0.890896737575531,0.7424603279386703,0.6666666865348816
-0.9968705177307129,-0.024789171293377876,-0.3297167122364044,-0.6554354429244995,0.18706851582571857,-0.7676919824839223,-1.584678518241524,0.5799962300005296,1.4790422958226548,0.6451131105422974,-0.8847832679748535,0.5
-0.5422053933143616,-0.3814045190811157,0.4177553057670593,-0.5426704919878997,-0.18177451193332672,0.9037892022183098,1.0511444120007436,-0.36815292573901715,-0.15362077951431274,0.04406575486063957,-0.50347755815517,0.5
-0.2390953153371811,-0.5002763271331787,0.9890045537536813,-0.8109833002090454,-0.2902892827987671,-0.059043895912429485,-0.39592258618014914,-1.8132352198189945,-1.2825788669036704,-0.22306638956069946,1.8239524423198374,0.5
0.21556980907917023,-0.5597122311592102,1.1652272939682007,2.280635875191174,-0.3179749127658727,0.16680273413658142,0.07641197272421663,1.3828454464995137,-2.017376715823607,-0.890896737575531,-1.5166587058540617,0.5
-0.3148728311061859,2.4113789145596347,-2.0958568267461235,-0.7220988273620605,0.14673686972070804,0.11063144356012344,-1.1338200622505785,-0.5663390860618162,1.0933536291122437,0.17763182520866394,1.326285541376855,0.6666666865348816
-0.3148728311061859,0.11832559231885129,-0.19381269812583923,-0.6998776793479919,0.03534012153671749,-0.731937825679779,-1.0734880182614088,-0.5851033203754772,0.2828202545642853,0.04406575486063957,0.29580235481262207,0.3333333432674408
-0.39065036177635193,-1.2222691456959687,5.870237088511897,0.10147681493536818,-0.45306146144866943,-0.3387388288974762,0.1123452934482861,0.5437155054191742,0.4075177013874054,-0.6237646341323853,-1.137765884399414,0.6666666865348816
-0.22694066475722285,0.33182618021965027,0.4177553057670593,0.9762706309170666,0.5230365456495413,0.8954626012531824,1.311042908120186,0.8346279944651046,-0.23127950655002674,-0.5015764657751055,-1.102644003733645,0.3333333432674408
-0.8453154563903809,-0.4408404231071472,-0.05790869891643524,-0.6554354429244995,-0.8328632116317749,1.6695558957843495,1.2454476268271946,-1.3688872415899078,-0.34066691994667053,-1.3102333796903576,0.611036321479843,0.5
0.21556980907917023,-0.7974557876586914,0.29301567791235256,0.6488479301245592,-0.34454667568206787,-0.0578824058175087,1.0650557534412204,0.45965117071418626,-0.34066691994667053,-0.42341551184654236,-0.8004556894302368,0.6666666865348816
-0.16331779956817627,-0.1998617555480004,-1.400440883907615,1.5111306782713612,-0.5344475507736206,-0.0578824058175087,0.7997259288606194,0.432235468089746,-1.7959688271001433,1.0757681206472705,0.3801299035549164,0.3333333432674408
3.1597977782683766,0.5271882455934201,0.14594730734825134,-0.6998776793479919,1.6611047239532017,-1.1942957630158004,-1.7318929990766478,1.4656133470563169,0.7192612886428833,1.2602296365774694,-0.8004556894302368,0.5
0.5186799168586731,1.4917892615468045,-1.1023272965172306,-0.6195627423878175,1.6326364278144274,-1.3585074582707846,-1.4128114806264724,0.8340490965989296,-0.09127205610275269,0.20825977328010767,-0.9691107869148254,0.3333333432674408
-0.9968705177307129,3.0853372391922145,-2.1644208431243896,-0.7811797015436694,0.07024718092558879,-0.574688015190237,-0.9689411048579758,-0.21153925488250777,1.3040441225156796,-0.6237646341323853,-0.5474730730056763,0.3333333432674408
-1.5158506897923116,0.15469232603239727,-0.5335727334022522,0.4327489213640122,-0.7288155039372448,0.537053300574542,0.05483162474630818,-1.3607811571563122,0.8359723773315879,-1.2915949821472168,1.5607155561447144,0.6666666865348816
-0.5422053933143616,-0.6191481351852417,0.4177553057670593,0.811550888004862,-0.2902892827987671,1.9962194306997276,1.0698167262706018,0.5415908130854836,0.5826219638894375,0.6451131105422974,-0.8847832679748535,0.5
0.21556980907917023,0.2761688272788658,-0.397668719291687,-0.7443199157714844,0.4973339845631203,-0.17690154781383538,-0.35147677129953914,0.09132781698616424,0.32999494236521987,-0.15511073735317069,-0.37881800532341003,0.5
-0.6179829239845276,0.27239030599594116,0.07799530029296875,0.26063859033454373,-0.2047895901374053,-1.388299297662868,1.258564877400551,0.3979218768964997,-1.4877188272181339,0.24441486597061157,-1.306420922279358,0.3333333432674408
-0.3148728311061859,-0.37772951368872726,1.1888664418494967,-0.009821305180627894,-0.2902892827987671,1.9374348494699307,1.452078427542378,-0.21256325800170234,-0.34066691994667053,-0.6237646341323853,-0.9691107869148254,0.3333333432674408
0.29134732484817505,-0.5002763271331787,-0.5335727334022522,-0.8776466846466064,-0.561576247215271,0.39148786664009094,0.4292690574824153,-0.6144744449469322,-1.0888515710830688,-0.7573306560516357,-0.2101629078388214,0.3333333432674408
1.686325162774066,0.931820960391056,1.8172894932111057,-0.43416517411472616,0.3350249418960933,-0.20468385150406943,-1.2087678521964278,1.2080697722399492,0.9686561822891235,1.8957222964187008,2.164535651990936,0.6666666865348816
-1.148425579071045,0.06822892965456678,-0.35879696282465584,0.5754813469224119,-0.5489274599628886,0.2229740172624588,0.19825255472282782,-0.6880878900766116,-0.5900617837905884,-0.6378979752217948,0.21147480607032776,0.8333333134651184
-0.6179829239845276,-1.3632114458369822,-0.8068987238019926,1.3658669324940287,-0.20022134492932794,1.6057591578550923,0.6350569071467672,0.3564807255606501,0.34516897797584534,-0.6237646341323853,-0.46314552426338196,0.3333333432674408
-0.01176275685429573,-0.9163275957107544,0.28185129165649414,2.641817840609601,0.06497432699847762,0.2791453003883362,0.7758805458737014,1.6895512303141438,-1.641359204915684,-0.3566324710845947,-1.28404286754975,0.5
-0.9210929870605469,-0.2625327408313751,-0.5335727334022522,1.2466004335918313,-0.2239225265251358,1.127346768195516,0.5965573305613988,0.6182439302437074,0.5290582863560824,-0.49019855260849,-1.137765884399414,0.3333333432674408
-0.3148728311061859,-0.8568916916847229,-0.2617647051811218,2.754033889605314,-0.2089032083749771,0.7031698422912014,0.18809395060443806,1.4064616658893025,0.2204715460538864,1.5493426051523298,-0.8847832679748535,0.5
1.1216199672438658,-0.035110598101547215,1.5084179241849014,-0.30373870975893547,2.5326596879549443,-0.22639626264572144,-0.8825027337283569,1.3331387489200304,0.2204715460538864,0.9790282845497131,-0.36969326910699635,0.3333333432674408
-0.9210929870605469,0.5702929461559931,-0.4656206965446472,-0.5624458910284702,0.5778290033340454,-1.280183423295146,-1.284262059742026,-0.03502529669860521,1.9847470568797136,-0.2898494303226471,0.12714727222919464,0.3333333432674408
-0.5469523711501604,1.4572407644236591,-0.7060946877424199,-0.6998776793479919,-0.18781562558428042,-1.0213162318326496,-1.1192600016213619,0.32824678967621224,1.4553132271574358,0.4447639584541321,-0.041507821530103683,0.3333333432674408
0.6702349185943604,-1.0351994037628174,1.1652272939682007,1.8861395788266193,-0.1391654764523694,1.629058652150868,0.8826735988240845,1.707228732003761,0.0957741066813469,-1.0244628190994263,-1.306420922279358,0.3333333432674408
-0.7695379853248596,-0.2625327408313751,0.19470055672050093,0.9092334031214041,-0.2902892827987671,2.2366823517692946,2.1788644069136676,0.5024163500689957,0.2828202545642853,-0.5569815635681152,-0.8847832679748535,0.5
-0.42656299023109034,1.9742823394161815,-2.1644208431243896,-0.7994058251018905,0.511907187623282,-1.349821925163269,-1.7692200944891596,-0.3219527327437469,1.3395798494760016,-0.5569815635681152,0.29580235481262207,0.3333333432674408
-0.39065036177635193,6.6588968726142035,-2.138900329104332,-0.37605557228794795,1.131321481569455,-0.1096171654938561,-1.4174373333904917,1.057102054064426,1.7731521278677058,0.17763182520866394,-0.46314552426338196,0.5
-0.2390953153371811,0.39280579438635627,0.34980329871177673,0.6340901539555842,-0.45306146144866943,-0.9566229581832886,-0.4179046690217711,-0.4921882248957043,0.11668315488544254,-0.5569815635681152,0.908872244587328,0.3333333432674408
0.29134732484817505,2.01916969538834,-2.060270231669504,-0.6109932065010071,0.2728770427887512,-0.2570812684282986,-1.1357779933564356,0.6479278270906673,0.4075177013874054,-0.22306638956069946,-0.5980443198059331,0.5
-0.6937604546546936,-0.3219686448574066,-0.04513919258115696,-0.766541063785553,-0.7377136458901895,-0.27823278472535423,-0.13680088213618882,-1.6255761563040056,-0.34066691994667053,0.11918409893454854,1.7628622317529894,0.5
-1.2962035976394235,2.080894733372366,-2.0988472810421785,-0.6776565313339233,-0.2902892827987671,-1.1813081502914429,-1.7007478109615433,-0.696127653831015,2.0145955203849564,-0.2898494303226471,0.21147480607032776,0.1666666716337204
-0.9210929870605469,-0.9163275957107544,-0.23749638796296835,2.5491702472777806,-0.4547805998126501,-0.5072526931762695,-0.31733183357887107,1.095448441100498,-0.34066691994667053,-0.15628336369991302,-0.8847832679748535,0.5
0.4429023563861847,0.15351851284503937,0.4177553057670593,0.043438258218030136,-0.6700910329818726,-0.5634239912033081,1.3344503237575978,-0.5211442127397041,0.4954430359087325,1.4909760433738377,1.392060399055481,0.5
-0.7695379853248596,-0.8568916916847229,-0.397668719291687,0.555996207308585,-0.2902892827987671,0.8858751883768122,0.34798725434975225,0.24656614183299896,-0.5812211014131013,-0.5569815635681152,-1.306420922279358,0.3333333432674408
-0.01176275685429573,-0.6115440760243178,-0.12586070597171783,-0.06953652082809123,-0.2360319048166275,0.2229740172624588,-0.03849056955482532,-0.5066872765696031,-0.46536436676979065,-0.890896737575531,0.11832301342858467,0.3333333432674408
-0.6179829239845276,0.10886007746071408,1.0451084613267154,1.524049343936794,-0.4520971303548548,1.7030475083093761,1.6452523424697607,0.9345660942052363,-0.9018054008483887,0.3111979067325592,-1.0534383058547974,0.5
-0.9887466498853582,0.029522170431951256,0.14594730734825134,0.9762847261667401,-0.669383767711186,0.4469620257259489,0.33240388743075283,-0.10968200347692349,0.46986642479896545,-0.6905476450920105,0.507268617314631,0.5
2.8905895995603847,1.51563401926565,1.2505300567825988,-0.47036167335144724,0.14720028747912525,-0.9951077622125489,-0.9452699951533995,2.0490368099534058,-0.028923334553837776,0.9547325952709593,-0.9691107869148254,0.3333333432674408
0.5865374666479374,-0.2625327408313751,-1.557037755294077,-0.833204448223114,-0.26134251114884866,0.4476591646671295,1.1950674412694609,0.22191857024399053,-0.15362077951431274,-0.890896737575531,-1.0534383058547974,0.3333333432674408
0.36712485551834106,-0.4408404231071472,-0.029170978328972485,-0.058433383467299406,0.5468769781999432,0.05597275245232685,1.1447755132075965,0.0938320874640669,-0.9641541242599487,-0.02271728403866291,-0.9691107869148254,0.5
-0.46642789244651794,-1.5249848400191668,0.010043300688266754,-0.766541063785553,-0.3174179792404175,0.33531656861305237,0.2991130319345551,-0.5949891971169387,1.5373968656181172,-0.22306638956069946,0.4644574522972107,0.5
-0.46642789244651794,-0.6191481351852417,-0.12586070597171783,2.2720138885611174,-0.18177451193332672,1.3951019818786927,2.2719687816846106,1.4960010980701606,-0.5900617837905884,-0.2499961954872704,-1.2220934629440308,0.5
-0.5450831272240204,-0.6785839796066284,-0.5318820077941869,0.7106764711263363,-0.37167537212371826,2.0027556123633152,1.753283407071435,0.30210203008401676,-0.5277130603790283,-1.3583780527114868,-0.8847832679748535,0.3333333432674408
0.21556980907917023,-0.024789171293377876,1.1432893449631072,0.1565473860795026,-0.6700910329818726,-0.90045166015625,0.2708203816630973,-0.39954494269044416,-0.07339230862261223,-0.018433364755913905,0.7174400687217712,0.5
-0.08754027634859085,0.8441523746973285,-0.23609401179407016,-0.7555832318757962,-0.023796189443742604,-0.47435857894710365,-1.1643920970446682,0.16490382380431373,0.8120348856959527,0.1108487918972969,-0.37881800532341003,0.3333333432674408
-0.6937604546546936,-0.7324953016510201,-0.8053807020187378,0.6446998465407411,-0.5887049436569214,-0.04731465171574491,-0.13074773923369593,-1.1473040580423164,-0.028923334553837776,-2.048808049407431,1.5607155561447144,0.5
2.8235201554344904,-0.3814045190811157,2.3972304782121943,1.3486991433351148,-0.2360319048166275,-1.0431152195944002,-0.07051009919445468,1.4701780265128301,-1.8441923535856493,-1.0510925469910202,-1.289079325105542,0.1666666716337204
1.2843837483170424,0.9109767079991165,0.010043300688266754,-0.49007114217124453,0.8624077756147936,-0.5999799743215113,-1.3966314243154239,1.4749239470844084,0.9453971438682912,1.491964495391599,-0.631800651550293,0.5
-0.5422053933143616,-0.024789171293377876,-0.397668719291687,-0.8698678971847783,-0.39880406856536865,0.5600017309188843,0.14966833031684026,-0.6438785833698408,-0.9018054008483887,0.6873884792974986,-0.2944904565811157,0.3333333432674408
-0.16331779956817627,1.9422507628545715,-2.1644208431243896,-0.49530138136370555,0.3472469550519111,-1.4206742430824206,-1.8332122177634453,0.9516899613240892,1.721059468450827,-0.42341551184654236,-0.8847832679748535,0.3333333432674408
-1.0543410560661324,-0.3909524181139146,-0.2617647051811218,-0.8554255366325378,-0.3939703189860971,-0.5425791607663358,-0.6230079841943588,-0.8482101014024944,0.46986642479896545,0.04406575486063957,0.029738627847608973,0.3333333432674408
2.1395713621326164,0.3927196786025544,0.4177553057670593,-0.7443199157714844,0.07530184331370997,-0.26298412957963674,-1.473861477388831,1.033216118812561,-0.028923334553837776,-0.3566324710845947,-0.631800651550293,0.3333333432674408
-1.072648048400879,-0.9757634997367859,-0.02215171746487704,-0.9149439386380595,-0.7928598044095014,0.7064704332108287,-0.2823429769586045,-1.5702591011263836,0.9430612408090356,-0.22306638956069946,0.7810876329445096,0.6666666865348816
-0.39065036177635193,-0.7974557876586914,0.14594730734825134,-0.8554255366325378,-0.500409461229299,-0.17022497951984406,-0.24344805492261046,-1.5055863763551296,-0.5471441985829679,-0.8377551088687468,1.5607155561447144,0.6666666865348816
-0.46642789244651794,-0.18523723003761752,-0.802487936268192,2.80086012569676,-0.01900232955813408,1.6083290593275041,0.7066574171227988,1.3991171865280925,-0.46536436676979065,-1.0244628190994263,-1.4012269799720338,0.5
-1.5797556734697464,-0.08422506600618362,1.1306229933592113,-0.6554354429244995,-1.1582984987370728,0.92325287935272,0.47493541657929705,-2.2802102439023537,0.6569125652313232,-1.8952562485564801,2.4307071422137816,0.5
-0.3148728311061859,-1.094635248184204,0.14594730734825134,0.6282255418039235,-0.6429623365402222,1.4281524571054112,-0.10875606638137233,-0.3889178974896355,-1.3604476916111448,-1.0244628190994263,-0.1258353590965271,0.5
0.7376508546889866,3.2936509631563613,-0.9573098600749994,-0.5887720584869385,0.666162847964171,-0.731937825679779,-1.5157246805564284,0.6934004283597054,-0.2783181965351105,0.4278066352582718,-0.2944904565811157,0.3333333432674408
-0.16331779956817627,-0.9757634997367859,-0.19381269812583923,-0.833204448223114,-0.6599625229869148,0.31441812233540267,-0.019509974867105484,-1.4175520432120343,-0.2159694880247116,-0.7028718692597115,0.865520375466214,0.6666666865348816
-0.01176275685429573,-0.024789171293377876,-0.6891000269474237,-0.6776565313339233,-0.5609392281516262,0.3669083938949003,0.4580380847588053,-0.2734522153082427,-0.2159694880247116,-0.425726818019834,-0.8004556894302368,0.3333333432674408
0.1397922784090042,-0.8568916916847229,-0.7945268153458425,-0.8109833002090454,-0.5344475507736206,0.39148786664009094,0.4724665908590544,-0.5794690099350419,-0.7974928867978202,-0.6905476450920105,-0.46314552426338196,0.5
-0.01176275685429573,-0.7974557876586914,0.010043300688266754,-0.5665509104728699,-0.42593276500701904,-0.17022497951984406,0.22712998926449166,-0.5427801343802208,1.4395161976708297,-1.048189405077068,0.5487849712371826,0.8333333134651184
0.5186799168586731,0.8660201380900185,-0.5335727334022522,0.5710163529156952,-0.01900232955813408,-0.8442803621292114,0.48063922777127827,0.799232716521589,0.2204715460538864,0.04406575486063957,-0.9691107869148254,0.3333333432674408
1.9614908629804342,-0.507558504049491,0.4857073128223419,-0.8776466846466064,-0.6158336400985718,-1.3492567428668938,-1.1567109486265577,-0.7684161291936357,-1.7033665218789031,-0.947142035622448,0.29580235481262207,0.5
-0.1226267904755293,-0.9163275957107544,0.4857073128223419,-0.8636511227436444,-0.04613102599978447,-1.349821925163269,-0.019509974867105484,-0.5044003957183986,-0.5277130603790283,0.04406575486063957,-0.631800651550293,0.3333333432674408
0.10468768207896972,-0.36267702226529375,1.7939797472166692,1.5573194939064863,-0.34454667568206787,2.546393278212631,1.7183330086591053,1.0361036407121518,-1.6099287764219528,-0.5569815635681152,-1.2220934629440308,0.3333333432674408
0.06401476263999939,0.21295440196990967,0.06760179913361136,-0.6608168723154266,-0.561576247215271,0.6723442673683167,0.48771892316292503,-1.3250902292938298,-0.2783181965351105,-0.890896737575531,1.6450430154800415,0.5
-0.01176275685429573,-0.3814045190811157,2.0714772288281518,0.8441471333357934,-0.39880406856536865,1.7535577207286248,0.9005325584553255,0.7820183255151955,-0.9695910022898215,-0.8670621571565952,-1.306420922279358,0.3333333432674408
-0.7695379853248596,-0.9757634997367859,-0.19381269812583923,-0.5665509104728699,0.0748528941609234,-0.2825675308704376,-0.43146019160141824,-0.8518345282678352,-0.26689416121843573,-0.49019855260849,0.2087117158196778,0.5
0.36712485551834106,3.1379673280445224,-1.0692572209805318,-0.50269987816103,0.8070360561597025,-0.8442803621292114,-0.5020990687774007,1.0342178862094036,1.0972924938702449,0.37760703698902703,-0.7161281704902649,0.3333333432674408
0.1397922784090042,-0.3814045190811157,0.21389929950237274,2.9623376366781216,0.44799960779066333,0.1493446331268471,0.6142534823159779,1.9927101455177803,-2.0262640177592264,-0.15628336369991302,-1.559403657913208,0.3333333432674408
-0.3148728311061859,-0.14366096258163452,-0.6694766879081726,-0.5887720584869385,-0.2902892827987671,-0.17022497951984406,0.7187094345991201,-0.7321934935799923,0.2603556297064408,0.4447639584541321,0.29580235481262207,0.3333333432674408
-0.16331779956817627,-0.7380198836326599,-0.397668719291687,-0.7220988273620605,-0.34454667568206787,0.2984149628875223,1.2184544161290105,0.03801659620776471,-0.2159694880247116,0.04406575486063957,-1.0534383058547974,0.3333333432674408
-0.01176275685429573,-0.5002763271331787,0.6895633339881897,1.3549515054910999,-0.15240940842010003,1.1305228655659951,1.8156426408228463,0.7783402256688103,0.15812282264232635,0.24441486597061157,-1.0961166091383354,0.5
1.1105806837431793,-1.213507056236267,0.5414309777877877,-0.796351256082866,-0.15464581549167633,-0.11405368894338608,-1.0915809545441657,0.3740336497302758,1.523673101213334,1.446411916563629,-0.1258353590965271,0.6666666865348816
-1.2075634417036043,0.03464672341942787,-0.5335727334022522,1.01016445144897,-0.697219729423523,-0.6195952296257019,-0.14942134322049466,-0.91447343540794,-0.4030156433582306,-1.2691336314405366,0.8465219707610872,0.6666666865348816
-0.46642789244651794,-0.5597122311592102,-0.397668719291687,0.7152605748443976,-0.5735464118740017,1.6955424811708664,1.4170574995017464,0.6253134522331638,1.7958786685098183,0.04406575486063957,-0.4094591726652799,0.3333333432674408
0.06401476263999939,-0.9757634997367859,0.14594730734825134,1.2335958164336294,-0.10038841515779495,0.16680273413658142,1.074924804632001,0.8350030649274093,-0.6615769011204312,-1.2419638894765102,-1.5080044684480853,0.3333333432674408
-1.224203109741211,0.4279336660920545,0.10653640333668087,0.5563308353236333,-0.8328632116317749,0.0335404789017388,-0.09125266744584765,-1.442593678016054,-0.34066691994667053,-1.6142521846808244,1.0987344688577123,0.6666666865348816
0.6702349185943604,6.06634221138058,-2.1194067820127644,-0.6998776793479919,-0.09954999278859926,-0.5072526931762695,-1.040377122469459,0.9515278503162223,1.6284144416349975,-0.890896737575531,-0.8847832679748535,0.3333333432674408
0.5982399274631157,-0.9757634997367859,-0.05790869891643524,-0.562858180735559,-0.34454667568206787,0.7846868634223938,0.15986283893453437,-0.2484278847347443,-1.3443576748035826,-0.8241137266159058,-0.21972478646463467,0.5
0.12100103140370141,-0.3219686448574066,0.010043300688266754,0.1461346348625464,-0.6680063669565375,-0.9636168009596927,0.03672197438339856,-1.203668331682266,-0.4030156433582306,-1.3583780527114868,1.8131811730278415,0.6666666865348816
1.2522025757071606,-0.3814045190811157,0.14594730734825134,-0.8109833002090454,0.37416459076071507,-0.2663673970643947,-1.4025682663199208,0.3982629032317532,0.8439587354660034,1.804515485564485,0.5487849712371826,0.5
0.21556980907917023,-1.247315952648454,-0.004517679702741091,-0.8109833002090454,-0.5182588194742319,-1.4059932231903076,-1.2047888677811998,-0.8021064935797964,0.9686561822891235,-0.8241137266159058,0.5487849712371826,0.3333333432674408
-0.3148728311061859,-1.2145790166287342,0.14594730734825134,-0.8554255366325378,-0.561576247215271,-0.0017111222259700298,-0.5277319948210575,-1.687180067821109,-1.4005951881408691,1.6382460935127674,1.5884868979259203,0.6666666865348816
-0.16331779956817627,-0.5002763271331787,0.07799530029296875,-0.4272742907756671,-0.39880406856536865,0.40738820083139676,0.2790953258722212,-0.4099693394770475,-0.6524105072021484,0.04406575486063957,-0.3701553972148166,0.3333333432674408
-0.46642789244651794,-0.3219686448574066,-0.5846352416423627,0.15770562420750264,0.9943500664372074,-0.3949100971221924,0.07249346638133304,-0.18685090083579314,-0.7771079540252686,-0.8265999567255405,-0.631800651550293,0.3333333432674408
-1.143869153199285,0.28329842686070805,-2.1644208431243896,-0.8109833002090454,-0.01900232955813408,-0.049639763259149414,-0.3816258346122304,-1.1140796421553465,1.2272838901612688,-0.4200098002481605,1.223405361175537,0.3333333432674408
-0.6937604546546936,1.7980290824058003,-0.5335727334022522,-0.6109932065010071,0.5865393409788872,-0.2825675308704376,-1.0364052640217112,0.5572828277436636,0.6569125652313232,0.4447639584541321,-1.137765884399414,0.5
0.06401476263999939,1.2581483035325711,-0.6779148158484006,-0.5887720584869385,0.3962241393442401,-0.2825675308704376,-0.973450113795194,0.6878287402498597,0.7816100120544434,0.4447639584541321,-0.5474730730056763,0.5
0.41884236143031106,-0.4408404231071472,2.5338955343603793,1.7076447183447592,0.1425064369299817,0.4476591646671295,0.7822036743874509,1.248603903460754,-0.7771079540252686,0.7786791324615479,-1.306420922279358,0.6666666865348816
-0.46642789244651794,-1.1593857377965435,0.21389929950237274,-0.6776565313339233,-0.4233269513939062,0.5260508343566899,0.08820467387430637,0.0896595367356255,0.8439587354660034,-0.5569815635681152,-1.137765884399414,0.5
-0.16331779956817627,-0.9757634997367859,0.14594730734825134,0.6278351486066058,-0.2360319048166275,-0.578269725298681,0.16896178610935916,0.21332354278972493,0.34516897797584534,-0.33878280353798984,0.21147480607032776,0.5
2.6735126643219416,-0.02539090567310947,2.3795694506683795,-0.7220988273620605,1.4259357728671596,-1.4611231022951152,-1.8330601049693138,0.5019196003423272,-0.15362077951431274,0.9790282845497131,0.8584499983424673,0.5
0.21556980907917023,0.4303490953246161,0.07799530029296875,0.4256244574438257,-0.6158336400985718,0.8514348062657462,1.8402708589175423,0.16421762254496264,-0.4030156433582306,-0.12269951137186404,-0.2944904565811157,0.5
-0.3308319542661593,0.6046314790764467,0.9014449185559557,-0.24996268586362938,-0.0784392046446789,0.33531656861305237,1.277514308220263,-0.11422099640723614,-0.7997559214054958,1.0189840101556449,-0.631800651550293,0.3333333432674408
-0.01176275685429573,0.1037690647453611,0.010043300688266754,-0.6792637626469225,0.649031028921387,-1.1813081502914429,-1.5163633131315504,0.5040055481666957,-0.15362077951431274,5.319884991884306,0.12714727222919464,0.5
-0.01176275685429573,0.8495926808559745,-0.03292121537957866,-0.4998875558376312,0.5984489925605267,-1.47032894439404,-1.669667464207425,0.7057671994539957,0.6437984226263508,0.37798094749450684,-0.5957165148511383,0.5
-0.8032026244728802,-0.6785839796066284,0.4177553057670593,-0.8554255366325378,-0.4801901578903198,-0.0836835218532463,-0.39949436957555357,-1.1316301531683595,-1.0265028476715088,0.1684289725062429,0.21147480607032776,0.3333333432674408
0.5944573879241943,-0.8568916916847229,0.9155595426272252,-0.6332142949104309,-0.9797628148945217,-1.0689655542373657,-0.41928835027251515,-0.3978506668977514,-1.0385168083127128,-0.0895003229379654,-0.5474730730056763,0.5
-0.01176275685429573,0.12495453196220346,7.878593267689208,4.412556455909828,-0.34454667568206787,1.3504955321396548,1.470997655086828,3.534194007671659,-1.0888515710830688,-0.2898494303226471,-2.0729264438624746,0.3333333432674408
-0.6179829239845276,-0.4666905371064646,-0.5335727334022522,0.30759633497545846,-0.7786058187484741,-0.46031206230930427,0.672874307065371,-0.4591116282941201,1.054139573390417,0.17763182520866394,0.47208688124539755,0.5
-0.19683025381535263,-0.6191481351852417,0.14594730734825134,0.1629626626302369,0.13707551555721584,0.22307912070883795,0.8075450520223417,0.09920924785552562,-0.9259920991368565,0.17648334579435454,-0.631800651550293,0.5
-0.39065036177635193,-0.7380198836326599,-0.7886663348186511,0.49641894789609164,-0.10038841515779495,0.5600017309188843,0.5666115523857821,0.1963921971594646,-0.7147592306137085,-0.1610456548671719,-0.46314552426338196,0.5
0.06401476263999939,1.2857021897873526,0.14594730734825134,-0.6554354429244995,0.9833876691809497,-0.5951063520216175,-0.1633249183584411,0.7022268853935516,0.033425383269786835,0.5115470290184021,-1.137765884399414,0.3333333432674408
-0.46642789244651794,0.09408261626958847,-0.4656206965446472,-0.6776565313339233,-0.561576247215271,0.11063144356012344,0.15063831524710988,-1.4803317608371203,-1.046675237682842,-0.957679808139801,1.223405361175537,0.5
0.11475126460963295,2.0717657010919703,-1.5425306730393114,-0.7556125811564696,0.3163209168802166,-0.11405368894338608,-1.2986249534579963,0.4760559321042652,1.0030007164963655,0.04406575486063957,-0.46314552426338196,0.5
-0.49820287851886497,-1.213507056236267,0.4177553057670593,-0.9650816190449161,-0.6158336400985718,1.543461299108713,0.251415550407352,-1.4696925400459988,-0.46536436676979065,0.11723119127083696,0.6709314253034145,0.5
0.9330236697273522,0.03464672341942787,0.14594730734825134,0.2917643105140312,0.6298992194956496,-1.2936506271362305,-1.5069608730919848,0.9536305226546573,0.797639508507429,1.2516964196061133,0.04281972348690033,0.6666666865348816
-0.39065036177635193,0.5101338624954224,0.07799530029296875,0.2944981878755705,-0.2360319048166275,-0.3387388288974762,-0.43743297531215275,-1.0218638992015705,-0.34066691994667053,-0.3566324710845947,1.7344567934763158,0.3333333432674408
-0.46642789244651794,1.7320053252443532,-2.111888209080132,-0.7887621521949768,0.18530643186294835,1.6247358193987744,0.24461984118879798,-0.3755803262019536,1.1117181776784961,0.17763182520866394,0.04281972348690033,0.3333333432674408
-0.6937604546546936,-1.0351994037628174,-0.37566669668059177,-0.7220988273620605,-0.04763025847074995,-0.5072526931762695,0.5074858946506308,-0.5170580878429922,0.2828202545642853,-0.02271728403866291,-0.7161281704902649,0.6666666865348816
-0.9968705177307129,0.6794277368267068,-0.8053807020187378,-0.6332142949104309,-1.0890704969611356,0.33531656861305237,-0.5601246042373424,-1.5332813474072098,-0.09127205610275269,-0.49019855260849,1.3664629613255395,0.5
1.2486804977336814,0.5144077243099296,-0.12586070597171783,-0.6332142949104309,0.23784144203398147,-0.3949100971221924,-1.4994577372871392,0.942565005099652,0.5322151184082031,-0.0895003229379654,-0.37881800532341003,0.3333333432674408
-0.3148728311061859,0.3213402051186112,-0.40290729667665887,-0.4316873244363258,-0.6700910329818726,0.21194290791721895,0.3110566105029826,-1.6667639091953006,-0.9621125482036019,-1.0244628190994263,1.9089002065781804,0.5
-0.8453154563903809,-0.3814045190811157,0.28812452435427177,1.1104590610375333,-0.3736886605858604,2.2018563372130826,1.4192157898784545,0.06986174339446515,-0.21949139779225574,-0.3566324710845947,-0.2101629078388214,0.5
-0.3148728311061859,-0.308767911528652,-0.2617647051811218,-0.7601970350582806,-0.561576247215271,-1.349821925163269,1.0991414702472613,0.1794093072918331,1.1240820244418508,0.4447639584541321,-0.46314552426338196,0.5
-0.7695379853248596,-0.9163275957107544,-0.12586070597171783,-0.766541063785553,-0.697219729423523,-0.0017111222259700298,-0.45405954935282195,-1.4528679898146224,0.9985965106248476,-0.6237646341323853,1.501610274345415,0.5
-1.0140507720152845,-0.024789171293377876,-0.8026779536647217,-0.6554354429244995,-0.07325971871614456,-1.1813081502914429,-1.5862941560675219,0.09075178949662145,4.134395740256528,0.7786791324615479,1.5607155561447144,0.3333333432674408
-1.5724675365269034,-0.6785839796066284,-0.4857021684425537,-0.8776466846466064,-0.2360319048166275,-0.2825675308704376,0.11960061093255797,-0.7819406323375931,1.1047747755413069,1.2896725322164473,-0.2944904565811157,0.3333333432674408
-0.01176275685429573,-0.5597122311592102,1.245530784246876,-0.6080852070654579,0.08846140690794767,-0.7881091237068176,-1.2729874536386143,-0.1580246023202415,1.2668877187449874,1.7235402374540212,1.6134125904687056,0.5
-0.9545998781617973,-0.3219686448574066,-0.941284716129303,-0.35568488989551234,0.062383756041526794,-0.731937825679779,0.01737061410614592,-0.41857838637489625,-0.4030156433582306,-0.5569815635681152,-0.9691107869148254,0.5
-0.46642789244651794,-0.3219686448574066,0.4177553057670593,1.8107126826957218,0.9462868437335005,1.0413214281743015,0.883550314046724,0.9415873039473933,-0.8394566774368286,-0.49184745836441035,-1.1502412300139875,0.3333333432674408
0.21556980907917023,-0.766939211977663,1.0999487236250238,1.9693349404070677,-0.6334341307417796,0.05446016043424606,-0.10741996298107749,0.3426899791911844,-0.4030156433582306,-1.5602155838243987,1.120363123540685,0.6666666865348816
0.36712485551834106,0.634397421409424,-1.3580761378096784,-0.6776565313339233,0.8379415896577036,-1.0127942562103271,-1.1951909878880898,0.7907866253407267,0.15812282264232635,1.490339138082041,-0.8205668270227975,0.3333333432674408
-0.3148728311061859,1.88669798506037,-0.35336485414598917,-0.8456905847750013,-0.561576247215271,-1.349821925163269,-0.31134868824986733,-1.2167897653049597,-0.4030156433582306,1.7424142205170379,0.7865872258906287,0.3333333432674408
-0.08754027634859085,-0.6191481351852417,-0.2617647051811218,-0.8554255366325378,-0.5073188543319702,1.1722700115587823,0.1162397782888685,-0.3382145729517497,0.6215475044469231,-0.0895003229379654,-0.8004556894302368,0.5
0.1397922784090042,1.6903772126266765,-0.6385738249442187,-0.5665509104728699,2.79113022564867,-0.05315553237925813,-0.34068161576602934,0.7314082897374864,0.5447730371801488,-0.2898494303226471,-0.9691107869148254,0.3333333432674408
-0.2390953153371811,-0.4408404231071472,0.3526866836850267,2.250192409326405,-0.34454667568206787,0.6723442673683167,0.7158268177572159,0.7409236778548783,-0.37890387099560635,0.1108487918972969,0.11846741289768721,0.5
-0.2390953153371811,-0.5002763271331787,0.28185129165649414,1.6809358788467503,-0.8582883324443701,0.7846868634223938,-0.19737541384718527,-0.3163979777141188,-0.34066691994667053,-1.7197884765582376,1.5607155561447144,0.5
0.06401476263999939,-0.3814045190811157,-0.8814897856539897,1.0119774131406305,-0.4524993893109405,0.2791453003883362,-0.09334653197119373,-0.8046430568453022,-2.1186887776467382,-0.0895003229379654,1.26883346157644,0.5
-0.3148728311061859,-0.6191481351852417,0.28185129165649414,-0.8109833002090454,-0.34454667568206787,-0.9566229581832886,-0.05424544695860158,-0.7269431884165892,-0.796167116380135,-0.7573306560516357,-0.2944904565811157,0.1666666716337204
0.2037829198072607,-0.7659762091339686,0.21951320926298387,-0.8776466846466064,-0.5344475507736206,0.4476591646671295,0.21933818733871605,-0.18175887040698377,-0.8394566774368286,1.2172282740677207,-0.8847832679748535,0.6666666865348816
-0.08754027634859085,-0.6191481351852417,0.28185129165649414,1.6749697917911213,-0.561576247215271,1.4622385647021727,2.361072575824439,1.0899003828217666,-0.6085586702593629,0.9122452139854431,-0.9691107869148254,0.5
-1.4566574775682957,-0.3219686448574066,-0.05790869891643524,-0.7443199157714844,-0.45306146144866943,1.6458017590967833,0.11943069375167374,-2.397601762494282,-0.8042075416690383,-0.22306638956069946,2.1184427473026406,0.6666666865348816
-0.01176275685429573,-0.31027734839621196,-0.9592048474730464,0.09507036789418766,0.8802424142159726,-0.5072526931762695,-0.3565217681801788,0.6104158786436689,1.3427485227584839,-0.4834343764712458,0.04281972348690033,0.5
0.8739265471434529,1.503780972750874,0.28185129165649414,-0.833204448223114,-0.18177451193332672,-0.731937825679779,-0.012944937345382762,-1.49260455399332,-1.4596925460503392,0.6451131105422974,1.6272314502880525,0.3333333432674408
-0.08754027634859085,1.79767224883237,-0.8052718051500947,-0.5268563531029212,0.5485071725356466,0.15348037900164133,-1.1718591921085477,-0.29555214383700795,0.5945638418197632,0.6451131105422974,0.9320411832617753,0.5
-0.5422053933143616,-0.5597122311592102,-0.015991848546655488,-0.8109833002090454,-0.49135136442317096,0.7992942541912064,-0.02620016043647843,-1.6562223200959778,0.15812282264232635,-0.5569815635681152,1.5607155561447144,0.6666666865348816
1.7958382778776125,0.9640947850978488,0.013093851197529004,-0.37861559637725023,0.7605619917380737,-0.17022497951984406,0.06496297593949361,1.5283696404028473,0.9063074588775635,0.7044299604456847,0.12714727222919464,0.3333333432674408
-0.5480358225864551,-0.4408404231071472,-0.3297167122364044,3.36744453683372,0.3273381456186133,0.16680273413658142,0.9535831920881107,2.209570687587434,1.7515809721359503,0.17763182520866394,-1.137765884399414,0.3333333432674408
0.7460124492645264,-0.3814045190811157,0.4857073128223419,-0.18196313487662535,-0.7786058187484741,0.7846868634223938,0.0698868862109837,-0.943120030611326,-1.3330037925912999,-1.0901583494551974,1.223405361175537,0.8486318557318359
0.29134732484817505,2.6190095908091706,-2.1644208431243896,-0.8109833002090454,0.5129757903813885,0.24229160722290694,-1.2467356449667826,0.782109858670807,0.9063074588775635,1.4666615851409053,-0.8004556894302368,0.3333333432674408
1.7746179782970244,0.33182618021965027,-0.1416358385066285,-0.5550412653370453,0.6825290581936718,-1.282714068140821,-1.6020299234626385,0.9259710780779149,-0.4030156433582306,0.6451131105422974,-0.1258353590965271,0.5
-0.3148728311061859,1.9755274329711927,-1.5495636664065175,-0.6554354429244995,0.52873091804497,-0.9566229581832886,-1.3400652001726174,1.033216118812561,1.4040140708938533,1.370834606476958,-0.9691107869148254,0.5
0.4429023563861847,-1.0351994037628174,0.3990541392825664,-0.5887720584869385,-0.4781721348963798,-0.8442803621292114,-0.6404706199564472,-0.8247402571759891,-1.2631217009860143,0.6451131105422974,0.1111899351457208,0.5131788455979975
0.8359118306233067,-0.6191481351852417,0.21389929950237274,2.3879525827695605,-0.5073188543319702,0.6161730289459229,1.0069167218010031,1.478785902836903,-0.9487418790617962,-0.6237646341323853,-0.9691107869148254,0.8333333134651184
0.5186799168586731,2.4619813286103214,-1.1179504034855434,-0.5887720584869385,0.5241052560843199,-0.540891152676964,-0.7837591894696929,0.8983207941055298,0.34691716038178066,-0.5569815635681152,-0.9691107869148254,0.3333333432674408
0.1397922784090042,-0.20309685170650482,2.1666289194822177,-0.7439352312783338,1.1570263785412318,0.5041769060877024,-0.08369360692716339,-0.9019208297418272,-1.5881464537080685,-0.4231507964945238,-0.2101629078388214,0.5
-0.46642789244651794,-0.7974557876586914,-0.19381269812583923,-0.6776565313339233,-0.6325058431491599,-0.3387388288974762,0.14845255695925078,-0.9551579655643438,0.8439587354660034,-0.22306638956069946,0.6331125497817993,0.6666666865348816
0.21556980907917023,0.03464672341942787,-0.05790869891643524,-0.8109833002090454,-0.3174179792404175,0.9717763624002828,-0.6330292508010129,-0.5460411547538189,0.46986642479896545,1.5750418423594978,0.602389725677377,0.8333333134651184
-0.16331779956817627,-0.6785839796066284,1.1652272939682007,2.799282108866824,-0.561576247215271,-0.5072526931762695,-0.10609366145836399,0.8983207941055298,0.12113359100106,-1.164559796460969,0.6331125497817993,0.5
-0.16331779956817627,0.42375369310754896,-0.5749751746634753,0.7344088928964,0.31790703808545856,0.5600017309188843,0.726418173471813,0.43280724091495576,-0.4030156433582306,-0.6905476450920105,-1.306420922279358,0.3333333432674408
0.6598082553463559,-1.213507056236267,1.4072086667599302,-0.7887621521949768,-0.5887049436569214,-1.1251368522644043,-1.6640950625100666,-0.06225575501002805,0.5322151184082031,0.04406575486063957,0.21147480607032776,0.3333333432674408
-0.16331779956817627,-0.6191481351852417,-0.12586070597171783,-0.8109833002090454,-0.7243484258651733,0.005095672531771424,0.10539817771521814,-1.1998539166899,-0.5900617837905884,0.6451131105422974,1.0434663821847026,0.5
-0.16331779956817627,-1.032461781603073,0.07799530029296875,-0.8554255366325378,-0.4801901578903198,0.5187235138539947,0.19406890799330684,-0.901197227775566,-0.9641541242599487,-0.22306638956069946,-0.1258353590965271,0.5
0.06401476263999939,-1.0989720952270041,0.4177553057670593,1.058324836840747,-0.39880406856536865,-0.22639626264572144,-0.4256399168059023,0.2929734357166666,-2.5963203542604005,-0.0895003229379654,-1.2220934629440308,0.5
1.014525197519788,-0.3219686448574066,-0.05790869891643524,0.6692839070589144,-0.2631605863571167,1.745724616367768,1.0610786033328137,0.5508871154204846,-1.9782277882137527,0.4197178189790711,-0.2944904565811157,0.5
1.9516052700684565,0.264810683339586,1.5595361930437912,0.2064277844651602,0.8596999619474881,-1.3162678562635624,-1.7154074949122409,0.7501352789710682,0.15812282264232635,1.6884411870772,1.1390777826309204,0.8185779226074171
-0.2390953153371811,-1.1886195223302791,-0.397668719291687,1.1126966960305005,-0.42593276500701904,-0.8442803621292114,-0.3443432738681105,0.21885962139407028,-0.4030156433582306,-0.42341551184654236,-0.2101629078388214,0.5
0.21556980907917023,1.9838282740115096,-1.851634328156399,-0.6622062993807643,0.6672314109887235,-1.1074912597665199,-1.4698870253139507,0.7621985388333614,0.5945638418197632,0.9790282845497131,-0.8847832679748535,0.5
-0.9210929870605469,-0.9114725015052163,-0.05790869891643524,0.8298312642278118,-0.334509444309634,0.33531656861305237,0.3817207208242146,0.4771134246006133,1.0933536291122437,-0.02271728403866291,-0.8847832679748535,0.6666666865348816
1.232808148413647,-0.14366096258163452,1.1652272939682007,-0.18023593692471482,1.4297744613038625,-1.022950936796505,-1.4352739921079236,1.0901850047125465,-0.036441500333296,2.3197513645781913,0.4644574522972107,0.5
1.8929235825483197,-0.4282902307861743,0.14594730734825134,-0.7887621521949768,-0.01900232955813408,-1.2278006382150817,-1.6664193887406966,0.19528239133196593,0.0957741066813469,1.3851037272391526,1.0547502040863037,0.5
0.06401476263999939,-0.3814045190811157,0.28185129165649414,-0.8651602263594623,-0.2089032083749771,-1.2936506271362305,-0.067862781048662,-0.9142183716297044,-0.028923334553837776,0.7718850955953159,0.796692328914673,0.3333333432674408
0.4429023563861847,-0.37807580915485894,-0.3297167122364044,0.6280069230380654,-0.01900232955813408,0.41727872051445064,1.0608398682594566,0.9559009200988972,0.6569125652313232,-0.6905476450920105,-1.306420922279358,0.3333333432674408
-0.8866640988246606,-0.4719709956534595,1.0293233394622803,-0.6554354429244995,-0.6660093942425825,-0.45108139514923096,-0.06907599839723326,-1.7498966924826342,1.3427485227584839,-1.0912458896636963,2.124598057488718,0.6666666865348816
-0.5422053933143616,-0.6965216674080054,0.010043300688266754,0.48822598342571477,-0.6429623365402222,0.33531656861305237,1.7647203873288555,-0.6619694702022332,-1.151200294494629,0.5502020741785181,0.6331125497817993,0.3333333432674408
-0.39065036177635193,-0.8203643645417676,-0.48775971155371217,1.0730116809772592,-0.45849377067304453,1.733230319493277,0.7775335677056013,0.2921723124391033,-0.028923334553837776,-1.3583780527114868,-0.1258353590965271,0.5
-0.6179829239845276,-1.0351994037628174,0.2942596515881693,-0.6332142949104309,-0.2902892827987671,0.27451243950677784,0.15603022038544673,-1.162787418693777,-0.6524105072021484,-0.6905476450920105,0.6331125497817993,0.6666666865348816
4.027801546233994,0.5101338624954224,2.8317692870950517,-0.31618843344316105,0.7239417264415341,-0.11405368894338608,-1.0897662548151708,1.3129904903060183,-0.9641541242599487,0.5115470290184021,0.5487849712371826,0.5
-0.46642789244651794,2.198383216185351,-0.12586070597171783,1.5957758256223311,1.0252293144670497,-0.22639626264572144,1.5402329367673822,0.9814550592316582,-1.151200294494629,0.639208647872117,-0.9691107869148254,0.3333333432674408
0.06401476263999939,0.5101338624954224,0.5334914306313245,0.10504161851575088,-0.697219729423523,-0.23508636117455897,0.04205420383582279,-1.141639393895348,0.0957741066813469,1.2755507955268885,2.4068546572881777,0.713750828237377
-0.16331779956817627,0.2930840328528063,-0.6143439775796902,-0.6332142949104309,0.6091999598753175,-1.429314718687748,-1.828595817013384,0.4465665715445075,1.642263211461489,0.7786791324615479,-0.12422585438724756,0.3333333432674408
0.21556980907917023,-0.3219686448574066,0.34980329871177673,-0.14159465832062418,-0.39880406856536865,-0.22639626264572144,0.35207514306880316,0.39511885941446273,0.6569125652313232,0.24441486597061157,-1.1666022443415647,0.5
-0.3148728311061859,-0.7380198836326599,0.34980329871177673,-0.6109932065010071,-0.35850859953074116,0.16680273413658142,-0.013506938902870474,-1.5390215567203052,-1.3544051171415568,-1.1580289602279663,1.325058271639511,0.6666666865348816
-0.3148728311061859,-0.6065488973593202,-0.05790869891643524,1.384882543217868,-0.07325971871614456,-0.06500017302055805,1.7126616946873523,0.6283480694462252,-0.46536436676979065,0.04406575486063957,-0.8847832679748535,0.1666666716337204
-1.243242662764946,-0.5597122311592102,-0.6015247106552124,1.4625516097990487,-0.3174179792404175,0.9532006978988647,0.994189513691564,0.2845324740640941,-0.15362077951431274,-0.957679808139801,-0.37881800532341003,0.3333333432674408
-0.2390953153371811,-0.2625327408313751,-0.5335727334022522,0.6499445020462179,-0.39880406856536865,1.8777112469043713,2.871894671915505,0.010233496718562003,-0.4906179791415861,0.1108487918972969,-0.2512055614530778,0.5
2.0562078099611414,1.0269226938193086,2.5863962791009953,-0.5665509104728699,0.34854905236269296,-1.3173271546951542,-1.6095739722203308,0.5158012074969628,0.2828202545642853,1.287064280442167,2.278128703974941,0.5
-0.2390953153371811,-0.5002763271331787,0.7169355134416937,1.8741888425377653,-0.28228538211806015,1.9717884473446277,2.1590739640893397,1.3153277806930717,-0.19749989323295244,0.9960897505312795,-0.9166783381639219,0.5
-0.3148728311061859,-0.20309685170650482,-1.0090750319757396,0.4347397335904454,-0.39880406856536865,-0.6195952296257019,0.035251175541068755,0.40894809119410674,-0.34066691994667053,0.37798094749450684,-0.9485093672602141,0.3333333432674408
-0.2390953153371811,-0.4408404231071472,-0.2617647051811218,1.353410859630406,-0.6158336400985718,-0.2825675308704376,-0.38178516990594147,-0.23852584138766725,-0.5277130603790283,-1.4395203074657488,0.7795897868425262,0.3333333432674408
-0.39065036177635193,-0.9757634997367859,-0.3839651269328762,-0.7220988273620605,-0.34454667568206787,0.9116188689662225,0.15913785909872508,-1.103075382146245,-0.6524105072021484,-0.5569815635681152,0.35636955978753365,0.5
-0.39065036177635193,1.018759803435108,-1.170750246317156,-0.6554354429244995,1.5937242510345173,-0.0578824058175087,2.0599019734903314,0.6805407312589877,0.6315399053789709,0.1108487918972969,-1.5142034937863837,0.15035189563405094
-0.6179829239845276,-0.9757634997367859,1.0293233394622803,0.9081469898005226,-0.39880406856536865,1.7050076926197804,1.2184390892445458,0.2585937711696246,-0.028923334553837776,-0.2898494303226471,-0.37881800532341003,0.3333333432674408
0.21556980907917023,-0.1620711675992226,-0.19381269812583923,-0.5068402153590463,-0.7243484258651733,0.5868971022448911,0.10551179544113609,-1.1933241377656765,-0.7771079540252686,0.5160483547659152,1.5607155561447144,0.6666666865348816
-0.9968705177307129,0.03464672341942787,-0.8066482689720943,1.1633270711353756,-0.3174179792404175,-0.17022497951984406,-0.11675008133224526,0.41523430981193893,-0.7771079540252686,-0.30548369320452584,-1.312041935133123,0.3333333432674408
-0.08754027634859085,-0.8568916916847229,0.2872820995470336,3.018070850057654,-0.2089032083749771,1.3949834622493735,1.3720635501347573,2.034201659640035,0.2204715460538864,-0.3566324710845947,-0.9691107869148254,0.5
0.737746561282507,-0.4408404231071472,1.0434496353688334,-0.5883674402024968,-0.42593276500701904,-1.1977176972593262,0.22396124624478397,-0.9284618940747644,-0.7771079540252686,-1.1717037225480027,1.2775667464025244,0.5
0.6600879374860121,-1.2490134019346408,0.07799530029296875,1.3665283365614118,-0.10038841515779495,1.969031671260999,0.6064108798640689,0.7258343434215139,-0.5860079878860599,-0.2898494303226471,-0.37881800532341003,0.5
-0.6937604546546936,-0.5597122311592102,-0.6694766879081726,2.5614600686289717,0.06940131742242887,-0.19520546858419544,0.1511033140377531,1.30873981909566,-0.2783181965351105,-0.5569815635681152,-1.306420922279358,0.3333333432674408
0.21556980907917023,-0.20309685170650482,-1.4241694897683317,-0.906216251731153,-0.3575612278464553,0.11063144356012344,0.3443996848497081,-0.4528453266864763,-0.974999479851811,-1.494822591114868,-1.0534383058547974,0.3333333432674408
-0.6179829239845276,-0.9608457979861671,-0.2617647051811218,0.9276202287546629,-0.39880406856536865,0.11739683321000467,0.9736111969878073,0.44755546052252,1.1864048094589716,-0.6388939417178559,-0.8004556894302368,0.3333333432674408
-0.6937604546546936,-0.16560296147753698,0.21389929950237274,0.2627945386987499,-0.37167537212371826,0.7846868634223938,1.1770628251628568,0.404545353793713,1.311555885532239,0.4447639584541321,-0.5474730730056763,0.3333333432674408
0.21556980907917023,-0.5002763271331787,0.03665865731957407,-0.4568741390603716,0.628867897021979,-1.1813081502914429,-1.8205284007113967,-0.1180283280939381,0.9686561822891235,1.2343513968131001,1.37261301635195,0.5
0.1397922784090042,2.9419997455933373,-0.941284716129303,-0.4140473977457339,0.5778290033340454,0.5038304328918457,-0.42317383351862164,0.9808387317545012,0.9686561822891235,0.17763182520866394,-0.7977903163240785,0.5
-0.2390953153371811,-0.2749313148859578,2.1992203093116007,0.8070987067507381,-0.18177451193332672,1.5615211187742566,1.5648341407611734,-0.02328444827972059,-0.028923334553837776,-0.2467422676450218,0.7174400687217712,0.6564147332348345
0.5944573879241943,1.513087602205164,-1.733503084377257,-0.6554354429244995,0.710525980154078,-0.8442803621292114,-1.0459214699483368,1.1858177271101922,1.4702969913750366,0.24441486597061157,-1.0534383058547974,0.3333333432674408
0.4429023563861847,-0.3998605180933855,0.6655364789005609,-0.6774154050241249,1.1509502123701667,-0.5072526931762695,-1.4385893255699727,0.5424558110639126,-0.010453287092330649,2.1171504875194884,0.04281972348690033,0.5
-0.3148728311061859,-0.024789171293377876,2.3678182448607243,-0.1666040125896086,-0.70699842325745,0.05446016043424606,-0.05967630496510876,-1.385194850898095,0.6617271311394383,-0.6237646341323853,2.4017967636630115,0.5
1.272781350889553,-0.6785839796066284,0.6895633339881897,-0.6554354429244995,-0.18177451193332672,-1.4059932231903076,-1.7775667547582177,0.40119770138970495,0.2828202545642853,3.207049423111633,0.5487849712371826,0.6666666865348816
-0.7695379853248596,2.287097281851427,-2.1644208431243896,-0.766541063785553,0.5778290033340454,0.05446016043424606,-0.753644897922169,0.30033186491123176,1.534395445470977,0.5115470290184021,-0.8004556894302368,0.3333333432674408
0.4429023563861847,0.700816523485556,-1.0176742016786813,-0.6062305050551852,0.735882076422968,-0.22639626264572144,-0.6953604965980833,0.9651352191136259,0.2828202545642853,1.580808997798729,-0.8004556894302368,0.3333333432674408
6.353549003601074,-1.5701223611831665,9.11561107635498,-0.9887523055076599,-1.2940510511398315,14.546651840209961,5.739711284637451,5.3161420822143555,4.896625518798828,9.794388771057129,3.078611373901367,0.0
3.4823677412761667,1.0479508336563352,0.14594730734825134,-0.40312580428248695,0.8045593992299513,-0.6926021985695002,-0.9520123876886457,1.4566189773006595,-0.5670727382704682,0.9122452139854431,-0.8004556894302368,0.5
-0.6179829239845276,-0.5597122311592102,0.8538614397157926,-0.21119935038151622,-0.39880406856536865,1.8961051866355227,1.0087677287784678,-0.6153730195447998,0.2828202545642853,0.9850026529583717,0.459720016993118,0.6666666865348816
-0.16331779956817627,0.4257249343353484,-1.3607776119769535,-0.7220988273620605,0.16956657703940267,-1.1813081502914429,-1.269196818374589,0.5522942209588318,0.8439587354660034,-0.6237646341323853,-1.5344427159260716,0.5
-0.5485089968867752,-0.024789171293377876,0.4177553057670593,0.002585659784426384,-0.9342038047886214,0.33531656861305237,0.24134086467898175,-0.48462998568324855,-0.2159694880247116,-0.3566324710845947,0.33676026380986457,0.5
-0.6179829239845276,1.8674925256135932,-1.0824147786426817,-0.4998875558376312,-0.596013939075658,-0.5634239912033081,-0.6717261547960772,-1.0615450807003841,-0.044209265459421034,-0.6237646341323853,1.1390777826309204,0.5
-0.8453154563903809,-0.5597122311592102,0.23806715061780695,0.8425870660686146,-0.39880406856536865,1.1549584497711358,0.7046010106391124,0.35226320120624255,1.0963180222540274,-0.957679808139801,-0.631800651550293,0.3333333432674408
-0.16331779956817627,-0.3814045190811157,0.07799530029296875,-0.2835248524461011,-0.6429623365402222,0.3107845201243867,0.710911123313212,-0.940570685278306,0.07139079541069498,-0.22306638956069946,0.5487849712371826,0.5
-0.6179829239845276,-0.4408404231071472,1.3405939789109946,-0.8215840441266095,11.848923567493962,1.4548974445726894,0.05124078833895339,-0.5885180608013562,-0.6524105072021484,-0.6237646341323853,-0.9691107869148254,0.6666666865348816
0.7711130229030384,1.8660287324725398,-0.19381269812583923,-0.5126740083467884,-0.2360319048166275,-0.9012542320174179,-0.8695955714807073,-0.5491531003138436,-0.6563584675883025,0.6451131105422974,1.223405361175537,0.5
-1.1404914901681569,0.7225742527400593,0.4857073128223419,-0.5631546451245837,-0.6429623365402222,-1.349821925163269,-0.9251892870071581,-1.028402486603276,0.7816100120544434,1.13852935825909,1.5607155561447144,0.3333333432674408
-0.9210929870605469,-0.6785839796066284,0.010043300688266754,-0.8776466846466064,-0.5873482340249004,-0.2825675308704376,-0.2552696749842921,-1.3226652830325962,-0.028923334553837776,-0.2898494303226471,0.4644574522972107,0.5
-0.6937604546546936,-0.5222359410367746,-1.8447894804533211,-0.9499206201239342,-0.7739060647455572,0.39632994203781663,-0.1608236332333826,-0.6721227200427472,0.2828202545642853,-0.9647154066543915,-1.0534383058547974,0.3333333432674408
-0.08754027634859085,-0.8568916916847229,0.4857073128223419,0.5066012386977451,-0.5073188543319702,1.065543293952942,0.2772695696346003,-0.603566045760937,-0.7771079540252686,-1.1580289602279663,0.29580235481262207,0.5
-0.6179829239845276,-0.7974557876586914,-0.3297167122364044,-0.8109833002090454,-0.4801901578903198,-0.17022497951984406,-0.29489569950293854,-1.8840318927605073,0.016622834591410833,-1.0244628190994263,1.6450430154800415,0.6666666865348816
-1.072648048400879,2.526356269004545,-2.088041793099512,-0.8554255366325378,-0.2089032083749771,-1.1251368522644043,-1.6905912322830992,-0.5085187609983417,2.289204477693518,-0.49640547537799784,0.12714727222919464,0.3333333432674408
-0.2390953153371811,-0.5002763271331787,-0.6728604085556713,1.2429949552621333,-0.18177451193332672,0.7362970911171782,0.7623568215916572,0.5105378645485167,-0.3244099774509752,-0.3566324710845947,-0.631800651550293,0.5
1.4832575716744403,-0.3814045190811157,0.8872361269097162,-0.7220988273620605,0.8348614538998426,-1.349821925163269,-1.4899716673786334,1.3585641223567226,0.033425383269786835,2.6459372077767385,-1.137765884399414,0.5
1.1506962606288433,-0.20309685170650482,1.0293233394622803,-0.8122839603118999,-0.8098302479023524,-0.2825675308704376,0.2613504135376005,-0.8800240038965849,-1.151200294494629,-1.0244628190994263,0.7574571267879742,0.6666666865348816
2.1277078016516606,0.6989723762413953,0.07799530029296875,-0.7220988273620605,0.634503839042602,-1.349821925163269,-1.7316218324664505,0.9456060417118993,-1.2761773697698395,0.17763182520866394,-0.5446207867299936,0.5
-0.6937604546546936,-0.40433245303597504,0.6587306289998114,0.5161804307751466,-0.4041436426123578,-0.009137186806932346,0.9905124052183601,-0.3856837278066676,0.2828202545642853,-0.42002912511305623,0.6914279136392196,0.5
-0.7505433049262423,-1.094635248184204,-0.2617647051811218,-0.2832588228779493,-0.5887049436569214,-0.38602143011627443,0.05455801061767055,-0.6099673042288275,0.8648894254699856,-0.396317693037803,0.04281972348690033,0.5
0.06401476263999939,-0.7974557876586914,-0.19381269812583923,1.8654686575135475,-0.3174179792404175,0.2791453003883362,0.7740764313815044,1.1657323096473429,-0.4030156433582306,-0.7573306560516357,-1.2130702591822045,0.5
0.29134732484817505,-0.3219686448574066,-0.397668719291687,0.532411393017426,-0.3058064459740377,0.5600017309188843,0.6403034597494388,0.5643713426540813,-1.0888515710830688,-1.059409999009628,-1.548937034412695,0.3333333432674408
-0.39065036177635193,-0.6785839796066284,-0.19381269812583923,2.319831400419795,-0.05104411041619156,0.5038304328918457,1.7710504843799202,1.390042572785121,-1.099583771930472,0.4447639584541321,-1.5931281920276894,0.3333333432674408
0.06401476263999939,-0.8540285831208724,-0.19381269812583923,1.3969145235027973,0.15822113793960976,1.8480881998473317,1.036090809537865,0.8707354680158212,-0.7147592306137085,0.24441486597061157,-0.631800651550293,0.5
-0.6179829239845276,-0.6191481351852417,0.20202075458124977,1.0809205700826152,-0.35322441328318527,1.2414218157201367,1.5678110666214193,0.5528475948343506,1.1557023525238037,0.24441486597061157,-0.041507821530103683,0.5
0.5147785093296192,1.945233544576402,-0.689244433203445,-0.45599178547177743,0.6195426847955213,-1.237479329109192,-1.6171309832101772,1.339145799925184,1.2279511502788123,-0.0895003229379654,-1.306420922279358,0.3333333432674408
0.29134732484817505,1.7542855271814402,-0.5537172364318823,-0.7220988273620605,-0.019133179490622737,-1.2936506271362305,-1.6939069567928209,0.706500833849938,0.2828202545642853,-0.49019855260849,-0.1258353590965271,0.3333333432674408
-1.1418226089389476,-0.7974557876586914,-0.4656206965446472,-0.8554255366325378,-0.2089032083749771,0.7846868634223938,0.5760774185524081,-0.5390567889298321,1.3427485227584839,-0.957679808139801,-0.631800651550293,0.3333333432674408
-0.9968705177307129,0.9479067187687665,-1.5071034325898627,0.44328752702601903,-0.5073188543319702,-1.142383422099502,0.16240536975854736,0.5089701088501704,0.5945638418197632,0.3111979067325592,-0.9691107869148254,0.3333333432674408
-1.097518433466387,-0.24166917162767873,0.03925796335676318,0.3538557155636723,-0.34454667568206787,-0.5634239912033081,0.2874140204022109,-0.12521956670950687,1.6699180160101248,1.0609043616282743,0.7174400687217712,0.3333333432674408
0.08790300867588609,-0.3814045190811157,-0.2617647051811218,-0.5887720584869385,0.522225205705081,1.182016895571474,1.3094327652677358,0.2045286880450683,-0.028923334553837776,-0.5569815635681152,-0.8004556894302368,0.3333333432674408
-1.2017817660044456,-0.20296175403578254,-1.5310783521729618,-0.2679091448270688,-0.6469022591643546,-0.8853369324409054,-0.41544535324454135,-1.6255800323896397,-0.2159694880247116,-1.0244628190994263,1.3741479905731708,0.3333333432674408
0.36712485551834106,-0.4408404231071472,-0.05790869891643524,-0.8776466846466064,-0.561576247215271,-0.0578824058175087,-0.045850247498953334,-0.8338242778052206,-0.6626878040330083,-0.7573306560516357,-0.2101629078388214,0.6666666865348816
-0.3148728311061859,0.09408261626958847,-1.9946676747636434,-0.7220988273620605,0.17285351240735117,-0.0578824058175087,-0.5555986395394015,-0.10042666527299213,0.46986642479896545,1.6825072286152403,-0.041507821530103683,0.5
-0.46642789244651794,-0.8568916916847229,0.28185129165649414,0.09178325932839891,-0.27620776244548484,0.05446016043424606,-0.259472483822292,0.577378162308665,0.5945638418197632,-0.7574101591419987,-1.2220934629440308,0.3333333432674408
-0.16331779956817627,-0.6979669590096997,1.0293233394622803,2.6217150108940714,-0.2360319048166275,2.041667229930055,0.9113239168435752,1.5650915230916993,-0.5277130603790283,-0.3566324710845947,-1.2914142895420968,0.5
0.5192062134820471,1.2809899590667038,-0.12586070597171783,-0.6554354429244995,0.27141939265580045,-0.5634239912033081,-1.2205199616816096,0.13422810098210838,0.5412119179013579,0.4447639584541321,0.29580235481262207,0.5
-0.8453154563903809,-0.08422506600618362,0.010043300688266754,-0.5585220805516107,-0.2360319048166275,-0.48035188888868835,-1.4829466084363798,-0.537164402077566,1.3237770056795632,0.6451131105422974,0.7615466585040326,0.8333333134651184
1.2888350917747173,-0.2625327408313751,0.5536593198776245,-0.6776565313339233,0.5421605798289613,-1.0127942562103271,-1.597865692878639,0.5191981496046172,0.7751399321378847,0.7118961215019226,0.5487849712371826,0.5
0.006381391631631837,-0.9534168791209607,0.21389929950237274,1.9464746413746719,-0.010264875385259222,0.7617978738011593,0.46272755626613915,1.6472450415547835,1.0401796710801745,-1.090743804527831,-1.2220934629440308,0.5
-0.46642789244651794,1.5663898693837037,-1.789465359106911,-0.5665509104728699,0.17163324610891728,-0.5811745343350462,-0.9608060916891188,0.8328679042861539,1.3427485227584839,0.45622671670205717,-0.8004556894302368,0.5
0.5186799168586731,1.4251184267102062,2.4153308930516877,-0.7302177007169715,2.6072350611620787,-0.731937825679779,-0.03640862196603569,0.3573463005667371,-0.9641541242599487,0.6451131105422974,-1.0534383058547974,0.3333333432674408
-0.08754027634859085,-0.5002763271331787,1.381169559635173,1.043864774867433,-0.3125878458656818,0.2791453003883362,1.4292052270567583,0.5532568625146099,-0.8468582697013417,-0.7573306560516357,-0.9412805827373013,0.5
0.21556980907917023,0.09408261626958847,-1.345611354752537,-0.8530575725524158,-0.697219729423523,0.9571403753187937,0.5601139056717573,-0.7651273583818332,-1.4005951881408691,-1.2183806334397846,-0.37881800532341003,0.3333333432674408
-0.8453154563903809,0.7351126659174639,-0.397668719291687,0.7679528033923503,-0.4801901578903198,2.489730292293368,1.5002021140677435,-0.004198391235931975,0.5322151184082031,-0.2898494303226471,-0.2944904565811157,0.3333333432674408
1.2213004408165606,-0.3814045190811157,1.1652272939682007,0.4537654034781085,0.6199372045013102,-0.0578824058175087,0.9930607241475595,1.2178523237347672,0.7192612886428833,-0.2898494303226471,-0.8004556894302368,0.3333333432674408
-0.16331779956817627,0.09408261626958847,0.4857073128223419,2.6696072750927105,0.004833933468336635,1.3171773152093846,3.159991487569943,1.8241215871217125,-0.9768797419674331,-0.2898494303226471,-1.5574399986587333,0.5
-0.5422053933143616,-0.2633974513643881,-0.4656206965446472,-0.766541063785553,-0.34454667568206787,1.1885678281262109,0.13600425025707785,-0.7241782948004848,-0.09127205610275269,0.6451131105422974,-0.2101629078388214,0.6666666865348816
-1.072648048400879,-0.6191481351852417,-0.07014477257259243,1.1963618860237342,-0.8993308221639335,1.214970873404861,0.7319678077853324,-0.19556676039755333,-0.15362077951431274,-1.059354136490558,0.1209911341711488,0.6666666865348816
-0.46642789244651794,-0.8568916916847229,-0.2617647051811218,-0.6998776793479919,-0.6158336400985718,0.5362376355173446,-0.11726370194660457,-1.5468033351883441,-0.7771079540252686,0.4447639584541321,0.9883288370116882,0.5
3.917469277916166,0.8697350286524933,1.7652325473782264,0.7777744651070421,0.6596068364345357,-1.0689655542373657,-1.3132942948732866,3.654828631562157,-0.4030156433582306,1.0406880825660263,-0.1258353590965271,0.3333333432674408
-0.5422053933143616,-0.8829930447509952,-0.5335727334022522,-0.8109833002090454,-0.34454667568206787,0.8874541294139443,-0.07012741516045928,-0.5508444207470709,1.7794941107226245,-0.09681146412454837,-0.1517058224352632,0.3333333432674408
0.5579274047540034,-0.9163275957107544,0.14594730734825134,-0.609987127195715,-0.6158336400985718,0.5203708425908797,0.3235873430138384,0.509647522301014,-0.09267979422484131,-0.057197182576282514,-1.137765884399414,0.5
-0.3148728311061859,-1.0351994037628174,0.010043300688266754,-0.2068851207265926,-0.3677147552204116,-0.17022497951984406,-0.2808543914278083,-0.4368959451715009,1.03155585743618,-0.957679808139801,0.12714727222919464,0.5
0.028846204560384427,-0.5597122311592102,-0.7667702329427313,-0.5665509104728699,-0.15464581549167633,0.6845575620969766,0.7171087361888817,-0.5350700022906354,-0.8394566774368286,-1.4842718109589206,0.46457780745809607,0.5
0.44893598609223645,-0.024789171293377876,0.4857073128223419,4.910575082851973,-0.45297327119193964,0.05446016043424606,0.9487064466926411,3.955374714608804,-0.0035396263520546395,-0.6030317871018357,-1.306420922279358,0.6666666865348816
0.8877054956121404,1.1723995131293126,0.4177553057670593,-0.7220988273620605,0.8374363040238278,-1.237479329109192,-1.7953961599295956,0.6908408349656199,0.6308897200002958,0.17763182520866394,-0.1258353590965271,0.5
-0.2390953153371811,-0.2625327408313751,-0.5355623532924042,-0.8844572626971071,-0.6689510534098102,-0.2825675308704376,-0.32208211105377843,-0.8232843398404545,0.016845579451497283,-0.957679808139801,-0.2944904565811157,0.3333333432674408
2.5593546855501663,-0.6191481351852417,1.5230472965762305,-0.6554354429244995,0.9458739376425335,-1.237479329109192,-1.7413093809367801,0.6812222228362295,0.15590300244934774,2.7369778173291306,1.223405361175537,0.5
6.353549003601074,-1.569733278500733,9.11561107635498,-0.9887523055076599,-1.2940510511398315,14.546651840209961,5.739711284637451,5.3161420822143555,4.896625518798828,9.794388771057129,3.078611373901367,0.0
-0.3148728311061859,-0.6889559707166283,1.7531001043197665,1.5571223976638584,-0.3174179792404175,2.58687747611298,1.4420945304735326,0.8350203039062611,-1.60036255640003,-0.890896737575531,-1.4750760793685913,0.3333333432674408
0.1774830483445591,-0.2625327408313751,0.14594730734825134,-0.8554255366325378,-0.046687599126545576,-0.49446155383186424,0.6589555994694792,-1.5671678146602348,-0.7662192090746409,-0.7065061483169105,1.813698172569275,0.5
-0.7695379853248596,-0.7380198836326599,-0.2617647051811218,-0.833204448223114,-0.45306146144866943,-0.0578824058175087,-0.24931724697603103,-1.6984669419156464,-0.6323461711187354,-0.22306638956069946,0.7174400687217712,0.6666666865348816
1.0272833354202975,1.5189511629894987,1.471019948451265,-0.46810665220278386,1.614478189929192,-0.8442803621292114,-1.3475320780085647,1.033216118812561,0.2828202545642853,0.8173534420088019,0.5487849712371826,0.5
-0.9968705177307129,-0.20309685170650482,-0.5335727334022522,2.852444601206912,-0.2902892827987671,0.2229740172624588,0.4747705146532865,1.3940502459215756,0.5322151184082031,-0.890896737575531,-0.8847832679748535,0.3333333432674408
0.36712485551834106,1.5395962795781415,-2.001770854105617,-0.7887621521949768,0.57923293685615,-1.393100875737777,-1.8307444912414645,0.23147424517720197,0.6569125652313232,-0.15628336369991302,-0.8337884395567435,0.1666666716337204
0.1397922784090042,0.21295440196990967,-0.2617647051811218,-0.4178697099830233,0.6677384292240756,-0.0017111222259700298,-0.6020598361333652,1.2443847062253008,1.6951834091461133,0.8953580910728695,-0.37881800532341003,0.5
-1.072648048400879,-0.9757634997367859,-0.6340664759574024,0.6616934498801915,-0.47389245627831467,0.7158901216793281,0.2550990207922862,-0.7992635832410916,-1.630734850469159,-0.890896737575531,0.6331125497817993,0.5
-0.46642789244651794,-1.0964967987181433,1.096754630191153,-0.8450343352480556,-0.467916369920354,-1.1498269016996903,-0.5224804083942676,-1.4220738267534256,-0.5867602997718979,0.4447639584541321,0.7174400687217712,0.3333333432674408
1.3434150001306013,-0.14366096258163452,0.9798002233970746,-0.09064650167507067,0.43128628731764207,-1.0689655542373657,-1.5492731546172938,1.0439102891889405,0.26614105421545253,1.96050168919982,-0.2944904565811157,0.5
-0.46642789244651794,1.796495932745536,-2.0015459890827993,-0.6200867803476022,0.6874446753880331,-0.8442803621292114,-1.4577441518176835,-0.19646322449737372,0.6969821706051695,-0.7573306560516357,0.8017675876617432,0.3333333432674408
0.7460124492645264,-1.1201904927963764,0.4857073128223419,-0.7232353318550174,-0.4801901578903198,0.9526691859425559,0.6085423638400117,-0.4961371415378814,-0.028923334553837776,-0.42341551184654236,0.21147480607032776,0.5
0.1397922784090042,0.9135392575218271,0.14594730734825134,-0.6676936151823712,0.4284402921504127,-0.3387388288974762,-0.7620639639941788,0.5576022998128769,0.5945638418197632,-0.0895003229379654,-0.631800651550293,0.3333333432674408
0.25226368526281834,-0.6191481351852417,0.6163801774018542,1.828519045859469,-0.2360319048166275,0.2176941191451045,0.3442903643399769,1.486189769309649,-0.46536436676979065,-0.0895003229379654,-1.4750760793685913,0.3333333432674408
0.40408026436677846,0.8720854489248078,0.14594730734825134,0.147202279407917,-0.5344475507736206,-0.5736023000658323,-0.5471589790875873,-0.8553181886672974,-1.0888515710830688,0.6649385492771845,1.5022040202268911,0.5
-0.407526594523162,-0.525522413831825,-0.6694766879081726,-0.8109833002090454,-0.5073188543319702,0.3102686848622632,0.07754716185003581,-1.131089237523164,0.20757730451587902,-0.3566324710845947,0.3801299035549164,0.5
-0.9168556896699805,1.691324842719688,-1.6888109182733464,0.14739733277865688,0.6031192579382416,-1.6107872486248758,-1.7823332941601446,-0.1853492062421868,1.4018736075952705,-0.03737557698621335,0.7703283802268069,0.3333333432674408
2.258480937246981,0.145049239962922,0.5536593198776245,-0.36331922312772275,0.2753627229326918,-0.5634239912033081,0.230319697463053,1.926258376127187,0.11711195058308335,0.3111979067325592,-1.2383433156945483,0.3333333432674408
0.21556980907917023,-0.8568916916847229,-0.3297167122364044,0.5479938984866667,-0.39880406856536865,0.5038304328918457,0.9582474141641036,0.03539850092060069,-0.43327442294556334,-0.05886154682614134,-0.1258353590965271,0.5
1.0685553515868311,-0.2625327408313751,1.1652272939682007,-0.4998875558376312,0.520942170536894,-1.4316285085158351,-1.8247745435218359,0.6687927901539537,0.5945638418197632,0.04406575486063957,1.0833974344888673,0.5
-0.5964089913029869,-1.2753550147274002,-0.12586070597171783,-0.8109833002090454,-0.4801901578903198,0.8802850881791342,0.07590323646824626,-1.0642633965259727,1.025140175164319,1.037032202114577,0.6244749958012094,0.5
-0.6300360875559884,-1.094635248184204,0.5399566275117851,-0.7887621521949768,-0.6429623365402222,0.05446016043424606,0.24064066916906418,-1.2599561005787365,0.4075177013874054,0.3111979067325592,0.8497962244102722,0.5
2.39000415688044,0.23875032967383186,1.1652272939682007,-0.41752979422158804,0.18566624958673583,-1.0305808892599861,-1.4887147987486782,0.6255038013819941,0.7298058348080982,1.2965371227499625,1.2969067854214602,0.6666666865348816
-0.8453154563903809,-0.6785839796066284,-0.12586070597171783,0.2620552163726368,-0.09725819203234709,-0.29430892380387574,0.11339400188114401,0.43029959944573765,0.6184703350737173,0.6762435456700091,-0.7161281704902649,0.5
-0.9224317917778122,-1.0087987281639266,-0.17176540081235636,-0.8554255366325378,-0.5887049436569214,-0.22639626264572144,-0.9574104058014831,-1.6031144555000243,0.15812282264232635,-0.3566324710845947,0.9704226851463318,0.3333333432674408
0.1397922784090042,-0.14366096258163452,-0.05790869891643524,0.34733782512617,0.2973473872797524,-0.0059315983848493535,1.4871111118818898,0.7806010450652767,-0.028923334553837776,-0.2898494303226471,-0.9691107869148254,0.5
-0.08754027634859085,-0.14366096258163452,-0.5335727334022522,2.2118421959931154,-0.04613102599978447,1.065543293952942,1.6862665694352983,1.4784943595417437,-0.7771079540252686,0.06406121728874813,-1.306420922279358,0.3333333432674408
-0.2390953153371811,-0.5597122311592102,-0.12200425925843347,0.438800947643701,-0.2631605863571167,0.3806412004862613,0.6616356079508102,-0.05355241541386477,-0.4030156433582306,-1.2915949821472168,-0.5474730730056763,0.3333333432674408
-1.072648048400879,-0.727385463839082,-0.397668719291687,-0.3198610087010966,-0.18177451193332672,0.33531656861305237,0.4351745033972772,-0.05678106692500263,1.4840307526452021,0.1108487918972969,-0.26238365926153034,0.5
0.4629260947793624,-1.094635248184204,0.6895633339881897,-0.7887621521949768,-0.42305754626599684,0.2791453003883362,0.10341674196208336,-0.9435531176930221,-0.6307532427841726,0.3111979067325592,0.4644574522972107,0.5
1.1721791550484637,-0.9525883950872466,0.6895633339881897,0.03687483853767043,-0.40075430648906474,1.6030837245202005,2.0361886503461024,0.3591822646636197,-1.4005951881408691,-0.7854638161374462,-0.46314552426338196,0.6666666865348816
1.2096658986827198,-0.8568916916847229,1.0180308958519184,-0.8776466846466064,-0.07325971871614456,-1.349821925163269,-1.5380587490906255,0.09916947719622299,-0.028923334553837776,-0.6905476450920105,-0.8004556894302368,0.6666666865348816
0.21556980907917023,-0.9163275957107544,0.5583448672285257,-0.8109833002090454,-0.561576247215271,-1.1251368522644043,-1.4337758694320524,-1.0640812578999668,-0.15362077951431274,-0.2898494303226471,0.7174400687217712,0.4076205599302085
0.7092812451748787,0.24785700001886857,-1.8699372606065623,-0.7483692117797637,-0.39880406856536865,-1.0689655542373657,-0.2470368353865487,-0.12275236708191353,-2.8316419808556823,-0.7573306560516357,-0.8847832679748535,0.1666666716337204
1.6733868406879076,0.5850729724792673,0.7952329647951462,0.1398888405465367,0.20683523373820353,-0.348413650106383,0.6193388361296979,1.0864065209821356,0.15812282264232635,0.5115470290184021,-0.3134946022273021,0.5
0.29134732484817505,-0.4408404231071472,0.6895633339881897,-0.8776466846466064,-0.10038841515779495,1.6056637686622846,1.6161919536269769,-0.181362090127923,-0.7086818611266921,0.04406575486063957,-1.306420922279358,0.5
1.0223257655318385,1.5136963398558472,-1.0208494355631574,-0.5319656479071664,3.7347173302807426,-0.22639626264572144,-0.10561219993360459,1.0236168745244005,-1.155183236508724,0.9905361199928987,-0.7822348723341594,0.3333333432674408
0.8217899799346924,-0.3219686448574066,0.44675653854108627,-0.7367002144047836,-0.39880406856536865,-1.1251368522644043,-0.3501945972453576,-0.3133769707871209,-1.0265028476715088,-0.37929981583319033,-0.37881800532341003,0.3333333432674408
-0.6179829239845276,-1.2958927317265752,0.010043300688266754,-0.8109833002090454,-0.6158336400985718,0.45653714140410545,-0.042872306041855116,-1.6904239167519446,0.24168078012046743,-0.890896737575531,1.5457599922599328,0.6666666865348816
2.656936564545293,0.13656863164950148,1.2222636442545847,-0.5665509104728699,3.9303970201024985,-0.9961307504938972,-1.402133106361249,1.3552802910734167,-0.34113011017674005,1.3884341361679162,-0.030537058109470466,0.6666666865348816
-0.6179829239845276,-0.6191481351852417,0.5650067603471458,-0.5887720584869385,-0.04613102599978447,0.6098534988452066,1.1065362577790834,-0.38871492510136907,1.104171686647596,-0.3566324710845947,-0.2618263295466324,0.6666666865348816
-0.46642789244651794,-1.213507056236267,1.5441425809692815,0.564627781070285,-0.36989161219642414,0.6723442673683167,0.5857612746779832,-0.054069079467587246,-0.028923334553837776,-0.22306638956069946,0.04281972348690033,0.3333333432674408
0.4429023563861847,-0.6785839796066284,0.4857073128223419,-0.833204448223114,-0.2902892827987671,-0.450429971688138,-0.04664620944302478,-0.32123834579654376,-0.46536436676979065,-0.49019855260849,-0.2944904565811157,0.3333333432674408
0.1397922784090042,-0.7974557876586914,0.4177553057670593,-0.19683765097572276,-0.561576247215271,-0.731937825679779,-0.09461815654229651,-0.10249929648996119,0.0957741066813469,1.1606330030214898,0.7259321233236067,0.5
-0.08754027634859085,-0.20309685170650482,-0.3715490758486741,0.933804045987199,-0.9602455078060983,-0.2074220364737309,-0.22140622116127287,-0.9398776657720674,-1.3621439565287081,-0.8241137266159058,2.045293056192865,0.6666666865348816
-0.46642789244651794,-0.03611931085101847,0.010043300688266754,-0.505293234657604,-0.04613102599978447,-0.45108139514923096,0.17448114992050026,-0.9183140038664805,-0.463422211425831,-0.0895003229379654,0.29580235481262207,0.3333333432674408
-0.46642789244651794,0.5944629272232439,-0.23604856053801435,-0.05875551511313119,-0.37167537212371826,0.11063144356012344,-0.2882005136618636,-1.6281484040439502,-0.34066691994667053,0.1108487918972969,2.054455998948536,0.8333333134651184
-0.3148728311061859,-0.7011728445745206,1.1652272939682007,2.7373888370536044,1.206482641367646,1.872830731129056,1.341490768007511,1.8377518502993775,-1.4714592576414232,0.04406575486063957,-1.463195001878691,0.3333333432674408
0.21556980907917023,-0.7974557876586914,0.010043300688266754,3.006804776271167,-0.07325971871614456,1.4089548475028086,1.0781090507063185,3.0821003809421916,-0.46536436676979065,-0.02271728403866291,-1.137765884399414,0.5
-0.6937604546546936,-0.9611853338384346,0.14594730734825134,-0.6554354429244995,-0.2902892827987671,0.11063144356012344,-0.3971371786088539,-1.1465317551657568,-0.7748983708442955,-1.2915949821472168,0.17726006241428147,0.5
-0.8644580955512068,-0.3219686448574066,-1.5364419694849716,0.36890034155431295,-0.1891428646459428,1.6308567566545218,0.9795357045491249,0.1937270277059391,0.9686561822891235,-0.8241137266159058,-0.631800651550293,0.5
0.5385403458696694,1.0383574489619116,0.010043300688266754,-0.6554354429244995,0.4537440659713383,-1.4321245942190513,-1.7705748990399004,0.7800594682132236,0.34516897797584534,0.3405479542849862,-0.8847832679748535,0.3333333432674408
0.7235293391784237,-0.7974557876586914,0.6216112971305847,-0.8554255366325378,-0.18177451193332672,-0.5583127549255724,-0.42973953020643485,-0.5208419856000357,-0.38581966655886035,-0.0895003229379654,-0.008532481363964096,0.3333333432674408
0.6011827746105805,2.5724160881289957,-2.068281414196354,-0.7220988273620605,0.8980496508710218,-1.4581149847629096,-1.7417032035537836,0.9411535460519986,0.7844406916423351,0.37798094749450684,-1.1186367583437498,0.5
-1.3667804989077494,0.33182618021965027,-1.338406039348691,1.4008719896959159,-0.6700910329818726,-0.90045166015625,-0.07043302665782611,-0.2957025112919923,0.5558225087693882,-1.0912458896636963,1.1390777826309204,0.6666666865348816
0.1397922784090042,0.09408261626958847,0.3675269811647953,1.659491685951084,-0.34454667568206787,1.2420093775856718,3.636038992562151,1.166839262378374,-0.7147592306137085,-0.02271728403866291,-0.9691107869148254,0.5
-0.6937604546546936,0.15351851284503937,0.6216112971305847,-0.6919030210574985,-0.5905092426351224,-0.17911122079017025,-0.3356790468759008,-0.6063720036837453,1.3076103329156583,0.6417423065670729,0.3801299035549164,0.5
0.5186799168586731,-0.2625327408313751,0.6907737427115963,1.9964796042866246,-0.34192947912014654,1.1217145919799805,0.712791929754357,1.3386132010035294,-0.7771079540252686,-0.49019855260849,-0.37881800532341003,0.5
-0.39065036177635193,-0.5002763271331787,-0.12586070597171783,-0.766541063785553,-0.37167537212371826,0.05446016043424606,0.6183897865657672,-0.8803719277541734,-0.5608786788455673,-0.3566324710845947,0.3801299035549164,0.3333333432674408
0.39688756573513784,0.09408261626958847,1.4573060551150614,1.5920901396397735,-0.34454667568206787,0.4817140973156794,4.151506660295077,0.38627835450554027,-1.5875916159130175,-0.8241137266159058,0.3513200660599801,0.5
-0.16331779956817627,0.18490290212144192,-0.19381269812583923,1.4062162296284928,0.3573702989829139,1.1794752200872138,1.4771542903882247,0.8983207941055298,-1.151200294494629,-0.04841813530170738,-1.137765884399414,0.3333333432674408
0.29134732484817505,1.4478080872577146,-1.4395604858024316,-0.4998875558376312,0.4509802462281546,-1.4059932231903076,-1.8167608244764364,0.12121145966566772,0.7192612886428833,0.4447639584541321,0.9975727059958144,0.5
0.8045812891456652,1.0891040727404222,-0.36300053937405147,-0.5833263086743619,1.2976487208306815,0.5379400150714084,-0.18316784615691561,0.6907178261485567,0.005994877847985726,0.9339473128563006,-0.1258353590965271,0.5
-0.4515764904622502,-0.2625327408313751,-0.19381269812583923,-0.5994915915466625,-0.39880406856536865,-0.2825675308704376,-0.36879619357082416,-1.3677839961764156,-0.2783181965351105,-0.5116843212390432,1.1218774199726078,0.5
-0.46642789244651794,-0.08422506600618362,-0.5335727334022522,0.15780980962178895,-0.946789640890094,-0.0017111222259700298,-0.3800743105470322,-1.50358964338283,-0.4030156433582306,1.4580259285557076,2.1212389934170144,0.5
0.06401476263999939,2.406047438160307,-2.1644208431243896,-0.2870367949888529,0.41340163224374193,-1.1251368522644043,-1.7673957721363422,0.7461814703377995,0.8439587354660034,-0.5569815635681152,-0.631800651550293,0.3333333432674408
-0.08754027634859085,-1.3901877084119052,0.6447552301574672,1.0396509037759014,-0.4801901578903198,-0.17022497951984406,-0.33927855917306715,0.8287591864593026,-0.6757269354343736,-0.3566324710845947,-1.4750760793685913,0.5
-0.08754027634859085,2.0515581890759975,-1.5112098865562424,-0.6953314069545842,0.41196483356571223,-1.1251368522644043,-1.5316450281391198,0.521860774190385,2.349276170751889,-0.2898494303226471,0.3801299035549164,0.4841079614630042
-1.2752039725237483,0.027466348092011632,0.14594730734825134,-0.6776565313339233,10.836286350994396,1.0899516985762872,0.006763672815553122,-0.9673856675398421,-0.9018054008483887,-0.6237646341323853,-0.1258353590965271,0.3333333432674408
-0.39065036177635193,-0.4408404231071472,-0.01261343454461589,-0.02297149135362811,-0.01900232955813408,1.0759602238034163,0.7866230830394337,0.1371981548669167,0.6690005478215179,1.334036233675415,-0.23233854045324276,0.5
-0.9968705177307129,-0.5666981061096034,-0.40832711896413876,-0.3016575784454566,-0.1386471901941423,0.2626068706525961,0.22796227611974038,-0.6663805675616644,-0.7771079540252686,0.9148974478202196,-0.1258353590965271,0.3333333432674408
0.8986777730122428,-1.0329350246126223,0.5536593198776245,-0.6776565313339233,-0.39373359078041387,-1.0127942562103271,-0.2028155457902065,0.14903774500671496,-0.9431668064940285,-0.02271728403866291,-1.137765884399414,0.3333333432674408
-0.08754027634859085,-0.024789171293377876,0.34980329871177673,-0.39514929949021504,-0.2089032083749771,0.8390064820278378,1.4238296739880945,0.13437695567546248,0.2828202545642853,0.7118961215019226,-0.1258353590965271,0.5
0.8217899799346924,0.27239030599594116,1.6515154466138167,-0.48921580876244714,0.6824263088200048,-1.3569652455676078,-1.6002448694571607,1.1906681696423391,0.33220165022317405,1.969048836288818,-0.755801961570143,0.5
0.12808210592581654,1.6943519263094597,-0.2617647051811218,-0.7443199157714844,0.7004889445843664,-1.1813081502914429,-1.584211561949293,0.6714409121742481,0.261406784198296,1.7604260393146933,-0.9447333402921234,0.6666666865348816
0.5186799168586731,-1.2408652831441813,-0.12586070597171783,-0.8554255366325378,-0.45306146144866943,-0.5097317113193843,-0.10696061414571628,-1.389339199517753,-0.8886920890037047,-0.15628336369991302,1.5607155561447144,0.6666666865348816
-0.2390953153371811,-0.20309685170650482,0.14594730734825134,0.7033987354333302,0.6733863142437099,-0.2825675308704376,0.7202363723782979,0.3960986063052885,0.5322151184082031,-0.3566324710845947,0.3154693285931116,0.3333333432674408
0.1397922784090042,-0.3814045190811157,-0.05790869891643524,-0.6998776793479919,0.16757803735383706,-1.2465362498027615,-0.42894233714323743,-0.2239491762266904,-0.9018054008483887,0.5115470290184021,-0.5011666789388037,0.5
-0.46642789244651794,-0.3219686448574066,-0.19381269812583923,2.2360239134379993,-0.15464581549167633,0.7720643491259789,1.2945670809629313,1.40240813233941,2.081220152706924,-0.15628336369991302,-0.7467144277263881,0.3333333432674408
3.8413186192051927,1.3467476989552893,0.6216112971305847,-0.6776565313339233,1.19988084820828,-1.3170956761403672,-0.4359560063747588,1.7330694089677623,-1.7730458526168427,2.6736873565246437,-1.0534383058547974,0.3333333432674408
-0.39065036177635193,-0.14366096258163452,1.0996419695443505,1.2173785605903722,-0.029176453771852268,1.4591141042723101,2.183289278543249,1.0854869269400227,0.6416384895666575,-0.08070086450777468,-1.1729491662129086,0.3333333432674408
3.2111461184411905,1.410221381701568,1.2334040054356368,-0.6332142949104309,0.5095204683585516,-0.6757665276527405,-1.5044319714385772,1.3165913636929278,-0.6340362953681944,1.001009405925358,1.1390777826309204,0.6936516585854079
1.266821116851299,0.679439761414347,0.5683392999809381,-0.10441847483939869,0.7543696473377288,-0.6195952296257019,-0.8420482303456881,0.9545097147676606,-0.028923334553837776,1.6063664081045277,0.3801299035549164,0.5
-0.5422053933143616,-0.6785839796066284,-0.5700116671548818,-0.5887720584869385,-0.6047595035739536,0.48860498759493937,0.5929431567108016,-1.3042137846866781,0.5322151184082031,-1.2915949821472168,0.77006632469309,0.3333333432674408
0.1397922784090042,-0.20309685170650482,0.5076871625668268,0.5165675942232867,-0.5887049436569214,1.8100139676427518,2.1070088984836666,0.8330727779258807,-0.7771079540252686,-0.3566324710845947,-1.9499286477084752,0.3333333432674408
0.8217899799346924,-0.20309685170650482,-0.2617647051811218,-0.7887621521949768,-0.2902892827987671,-0.5354263745665448,0.983883398864459,-0.24829431990286951,-0.028923334553837776,-0.49019855260849,-0.7161281704902649,0.5
-0.2390953153371811,-0.5551015314776886,-0.20040908109735173,1.1198775971819177,-0.19942423561244596,0.8781990116530398,0.8366163316764345,0.32766597062931985,-0.26067001060339845,-1.138485066116151,-0.5474730730056763,0.3333333432674408
-0.16331779956817627,-0.20309685170650482,-0.19381269812583923,0.4209109936603982,-0.2902892827987671,0.27019204065061664,0.854989346514956,0.45084877290756914,0.15812282264232635,-0.12255928554190115,-1.137765884399414,0.3333333432674408
-1.1112092331398316,-0.9757634997367859,-0.6694766879081726,1.0012542642241733,-0.3174179792404175,1.5440946295307345,1.517591651049611,0.22317493939511468,-0.2159694880247116,-1.048960624994322,-0.8847832679748535,0.3333333432674408
-0.4323714357284135,-0.024789171293377876,0.34980329871177673,0.6500192304142757,-0.561576247215271,-0.5634239912033081,-0.28057068975495986,-0.5999867135583149,-1.4748875352895647,-0.22306638956069946,1.3092459029955181,0.5
0.8902153983520296,0.36446687439184866,-0.5335727334022522,-0.6998776793479919,0.8511583439056812,-1.4059932231903076,-1.840507171802646,0.7780080130963871,0.6569125652313232,-0.05264326487932143,-0.46314552426338196,0.5
0.5944573879241943,-0.3814045190811157,2.611841665795825,-0.7371896024001551,0.33440149789638396,-0.90045166015625,-0.0717345661843875,-0.23181683771717626,-1.5473735831655433,0.24441486597061157,-0.7161281704902649,0.3333333432674408
-0.2390953153371811,0.41996286064074556,-1.7617359852552705,-0.8922788869868691,-0.5073188543319702,-0.47279668858168095,0.27889412272845837,-1.0602846556137109,-0.3592817964942661,-0.957679808139801,0.5907274654956517,0.3333333432674408
-0.46642789244651794,0.03464672341942787,-0.8348561889412495,-0.2927203342619033,0.5054348127613387,0.15361536729707206,0.20410027246669557,0.09201547387665833,-0.2677539026879881,-0.957679808139801,-1.306420922279358,0.3333333432674408
0.568627627847559,-0.20309685170650482,2.5356016309945595,-0.16383632121581598,-0.2360319048166275,-0.04033766653247519,-0.4827325274672276,0.7931514237967978,1.3427485227584839,3.476198784697777,-0.13909952834096243,0.6666666865348816
-0.16331779956817627,-1.094635248184204,-0.6867661764152998,0.7388011537393527,-0.07796402132558701,2.0679811185425843,0.877777592181922,0.3352654295866989,-0.7771079540252686,-0.8241137266159058,-0.9691107869148254,0.5
-1.072648048400879,1.02167351486272,-0.19381269812583923,-0.7679618020029723,3.745874381278362,-0.90045166015625,-1.1870375353443345,0.06163654364668495,0.8211607473022172,0.1108487918972969,-1.137765884399414,0.3333333432674408
0.6691745194470815,-0.7380198836326599,-0.05790869891643524,-0.7220988273620605,-0.34454667568206787,0.5038304328918457,1.711476536553823,-0.04129958592227718,1.2209075922009314,0.4051232107808699,-0.3321770710601229,0.5
-0.6747577274968442,-0.5002763271331787,-0.14793763167905347,-0.6998776793479919,-0.4724406915096875,9.729890665057225,1.7641022650200444,-0.7313166457597112,1.0933536291122437,0.3880060166363678,-0.041507821530103683,0.1666666716337204
-0.16331779956817627,1.2757353490809202,0.14594730734825134,-0.6109932065010071,0.7065697397030504,-0.3387388288974762,-0.9395528687964856,0.8340054180789859,1.3483824674957756,0.6351910500267904,-0.631800651550293,0.5
0.5944573879241943,-0.08422506600618362,-0.12586070597171783,-0.6554354429244995,0.4624127232897451,-0.45108139514923096,-1.0233733026156149,0.8983207941055298,1.1445284192459677,1.3603141587400176,-0.37881800532341003,0.5
-0.46642789244651794,0.13098913320570135,-0.8018221726974373,-0.01447326835044406,-0.3221749081961174,1.0871915280026396,0.32375624681978254,-1.024577896236884,-0.13390001681982705,-0.8338133247300227,0.7174400687217712,0.5
-0.08754027634859085,1.1949596882284559,-0.2617647051811218,0.807646878835603,-0.42593276500701904,1.1437995441829596,1.1047418164094365,0.5628094032461598,-0.028923334553837776,-0.8241137266159058,-1.0896631817687052,0.3333333432674408
-0.01176275685429573,2.227937213627448,-2.1644208431243896,0.4107320785104311,0.3591509365666408,-0.5072526931762695,-0.5504428610166184,0.9630438476005256,0.7192612886428833,-0.28750107284381093,-1.0342098656160674,0.3333333432674408
-0.08754027634859085,-0.7974557876586914,-0.47383994394913176,1.3640029950156216,-0.10038841515779495,0.47415429522589064,0.2548569359456013,0.692829302990813,0.2204715460538864,-0.890896737575531,-0.8004556894302368,0.5
-0.2390953153371811,1.0298426927590842,-0.6697810442521295,0.5429807738373945,0.35559958120005475,1.2732991308445978,1.5282390403314037,0.22282264375768077,0.8439587354660034,-0.9987831525364705,-0.8847832679748535,0.3333333432674408
0.36712485551834106,-0.6191481351852417,1.1652272939682007,-0.766541063785553,-0.01900232955813408,-0.0578824058175087,1.044088904914776,-0.8863251590352564,-0.8394566774368286,-0.8234499428084087,0.3801299035549164,0.5
1.1863491164994784,1.7160034792883219,-0.19381269812583923,-0.4998875558376312,0.47829748370053543,-1.4059932231903076,-1.8638937839305052,0.4426165010370898,-0.5789848138628332,-0.3039688471883536,1.3419439953471475,0.5
1.5721245769338184,-0.5002763271331787,0.5536593198776245,-0.5887720584869385,-0.031258541164270265,-1.4059932231903076,-1.5346318005743778,1.2037237924799524,-0.6524105072021484,-0.3566324710845947,-0.9691107869148254,0.5
-1.6639188894788899,0.20588655980163534,-2.1644208431243896,-0.7220988273620605,-0.27259697991359644,-0.9566229581832886,-1.3778715486526731,-1.5505210542081596,2.017488379745811,2.1161628277575764,2.967842001041156,0.5
0.1541089309143331,0.27239030599594116,-0.8276666072820815,-0.7887621521949768,-0.07325971871614456,0.06781692836340951,0.3551164550069288,-0.8553181886672974,-0.4030156433582306,-0.7372041928131234,0.3801299035549164,0.5
-0.9439320738161909,-0.7380198836326599,0.09301727686047645,-0.5887720584869385,-0.8152450449832128,0.16680273413658142,-0.08131791787609814,-1.5913363095738053,0.23180560377278228,-1.8178669669210339,2.048388112919458,0.5
0.8217899799346924,0.20201085825266485,2.0107632806768856,2.618255091299628,-0.34481278688918426,0.6723442673683167,1.9484788783477658,2.0497888699432405,-0.7771079540252686,0.3111979067325592,-1.3534402205636678,0.5
0.06401476263999939,-0.9403185620581351,0.11523993977731221,0.49703276822989495,-0.12751711905002594,1.2898105367401531,0.8236995663930031,0.6178920305903793,-0.15362077951431274,-0.5569815635681152,-1.137765884399414,0.5
-0.01176275685429573,-0.9757634997367859,1.7397417249654703,-0.8109833002090454,0.26063111798709937,0.18811902568001615,0.35671831239784135,-0.5355470008466036,-0.4030156433582306,1.0556062756191749,0.12714727222919464,0.5
3.0312348344269413,0.3926642912705742,1.1652272939682007,-0.766541063785553,0.8408785148006092,-0.6914812138085499,-1.1245004140344685,1.0797535467328667,-0.5014120827890305,0.49440940683429324,-0.7161281704902649,0.5
-0.8453154563903809,-0.4408404231071472,-0.397668719291687,1.0621806525736885,-0.3035094058833324,-0.6195952296257019,-0.5358152101372662,0.022546916744312032,-0.4030156433582306,0.6451131105422974,0.04281972348690033,0.5
1.4649269645947918,-0.21215956563323235,0.07799530029296875,-0.2853530190323773,-0.8916252788478458,-1.2459652474625575,0.6660496920242949,-0.8620056212601366,-1.6560706838380943,-0.6905476450920105,1.51438676853695,0.3333333432674408
-0.6937604546546936,-0.7380198836326599,-0.2617647051811218,-0.7220988273620605,-0.2631605863571167,-0.0578824058175087,-0.24779740678646184,-1.2454080648896875,-0.7608140279142359,-0.9947570144152463,-0.041507821530103683,0.5
-1.8345897928761112,-1.1059166196918002,-0.6694766879081726,-0.7887621521949768,-0.45306146144866943,-0.17022497951984406,-0.43255039200121725,-1.0836468423341734,2.3793528617433117,-0.3566324710845947,0.21147480607032776,0.5
-0.3148728311061859,-0.2625327408313751,-0.501528384394872,-0.06773115180576098,-0.7988463159099888,-0.731937825679779,0.35680208085745474,-0.7317334894272934,0.7192612886428833,2.663881926231769,1.4754951883262017,0.6666666865348816
1.9056452604410625,1.8376450195561356,0.010043300688266754,-0.6554354429244995,1.1753895964081549,-1.0689655542373657,-1.5160541755619437,1.7493389372482848,0.969471272480101,1.933894894827679,-0.2101629078388214,0.3333333432674408
-0.3148728311061859,-0.5002763271331787,2.0777098800983547,1.2433819681557372,-0.39880406856536865,0.05446016043424606,-0.060164536218832165,0.9261645461268594,-1.0265028476715088,-0.6237646341323853,-1.319006693286946,0.3333333432674408
0.6263281285237413,-0.5002763271331787,0.14594730734825134,-0.6109932065010071,-0.5887049436569214,-1.505377975719171,-1.607342257512376,-0.7832747418532077,-0.8394566774368286,0.17763182520866394,1.3660969876386369,0.5
-0.39065036177635193,-0.5002763271331787,0.9471007315755096,0.14041240628402185,-0.19111341759961512,1.083692280987735,0.7832610247052337,0.45133117019410807,1.9784261418901472,1.0276188808329383,0.21147480607032776,0.5
-0.46642789244651794,0.16622691687504146,-1.8541807700374293,-0.5665509104728699,0.10914326591140033,-0.021466830295872853,0.2504010763564399,-0.12127431444246523,1.5159531470002314,-0.22306638956069946,-0.1258353590965271,0.3333333432674408
-0.23602094992101538,-0.08422506600618362,-0.2860516379234639,0.5090756825270684,-0.2360319048166275,1.288636363690598,0.4975012489433592,0.35326709097933695,-0.2783181965351105,0.37798094749450684,-0.7161281704902649,0.5
-0.8453154563903809,-0.8568916916847229,-0.5296965272642917,1.2699904230476136,-0.7203365138032325,0.9437147814638503,0.07375100670354777,0.2205617312256529,-0.2159694880247116,-0.890896737575531,-0.2101629078388214,0.5
-0.3804404995484749,-1.290855004288394,0.14594730734825134,-0.8554255366325378,-0.5433734192152029,0.30176475068729547,0.1035749409655772,-1.3381440224067627,-1.0265028476715088,2.371197980261979,1.0547502040863037,0.6666666865348816
0.29134732484817505,0.6733683916615953,0.34980329871177673,-0.6776565313339233,0.2849975500641936,-0.3936670975756339,-0.7013481851226137,0.8342772509953161,1.2880470112030993,0.14472055578293141,-0.46314552426338196,0.5
-0.5481181034558604,-1.133115634744759,0.010043300688266754,-0.7887621521949768,-0.47592786448661456,1.173739335025566,0.7910587641329847,-0.42035941027155743,0.0957741066813469,-0.8241137266159058,-0.8847832679748535,0.524736325629102
0.981743878096884,2.1403043624681892,-0.6015247106552124,-0.528515405377579,0.8630193730237115,-0.6935232392832572,-0.6955400083816501,1.1851334819730874,-0.15362077951431274,1.9467684347144416,-0.37881800532341003,0.3333333432674408
-0.5270896855821389,-0.22191651193881767,1.1652272939682007,-0.4998875558376312,-0.5073188543319702,0.11063144356012344,0.7157681186005275,-1.5440280864924942,-0.5277130603790283,-0.2898494303226471,1.8488155334661946,0.6666666865348816
-0.9210929870605469,1.0396227442813852,-1.3706091047837519,-0.9477820472995487,-0.42593276500701904,-1.1799629523454764,0.1704657130591666,-0.7227568769503441,0.2828202545642853,-1.3190926162293772,-0.9691107869148254,0.3333333432674408
-0.8453154563903809,-1.2909697783647252,-0.3297167122364044,0.6620458153718355,-0.39880406856536865,-0.045048023255237116,0.027453258776497985,-0.060955271108680084,2.269501972011573,-1.2992643120326777,0.21147480607032776,0.6666666865348816
-0.46642789244651794,-0.8098535630162454,-0.2619631796791848,0.6640691043947149,0.29805704904463315,1.654425907720289,0.6608630348547768,1.0623672641116857,1.3427485227584839,-0.8241137266159058,-1.0228709424883995,0.5
-0.23162609424371117,-0.9757634997367859,0.07799530029296875,0.9236682749459023,-0.18177451193332672,-0.3949100971221924,0.2582533726763267,0.5021047767171609,-0.46536436676979065,-1.0244628190994263,-0.7161281704902649,0.5
-0.08754027634859085,-0.14366096258163452,0.4857073128223419,-0.8974282890202635,-0.44345891472332943,-1.0689655542373657,-0.3255710581878497,-1.3190347182514846,-0.6524105072021484,-1.5598092210439811,0.3801299035549164,0.5
-0.39065036177635193,-1.0570926799131604,-0.05790869891643524,-0.5033188343853239,-0.569819078060253,0.33531656861305237,0.3443891719597841,-0.9278234546603055,1.2185110191297108,-0.22306638956069946,1.1606121082429153,0.5
-0.7695379853248596,-0.8568916916847229,-0.397668719291687,-0.7270014513506199,-0.7786058187484741,0.7629184676955254,0.18291335832931685,-1.0713295359865327,2.2480629283428075,-0.0958042920675796,0.6331125497817993,0.6666666865348816
-0.2390953153371811,-1.0717786781729406,-0.6678554068421038,0.03745040153893181,0.5778290033340454,-0.11405368894338608,-0.06782773715048443,-0.24832327972592738,-0.8394566774368286,-1.3772291965343297,-0.8847832679748535,0.3333333432674408
0.06401476263999939,0.6250126966701637,0.21389929950237274,-0.07597643720276605,-0.34454667568206787,1.2633037626229857,1.922450547837281,0.28866829099922114,-1.0888515710830688,-0.49019855260849,-0.8847832679748535,0.5
-1.0464593195318284,-0.5597122311592102,-0.2409061206980004,-0.003115749916724128,-0.2360319048166275,-0.1326832988458616,-0.27334406502243497,-0.7149272742019632,0.033425383269786835,-0.6905476450920105,-0.1258353590965271,0.5
-1.072648048400879,0.09408261626958847,-0.17818723460906444,1.0090493906246656,-0.4511739814220301,0.014411048549103987,1.081442112288312,-0.09954946576417037,0.5945638418197632,0.9122452139854431,0.5801895590214502,0.5
0.9090749485062304,0.574470402174439,0.010043300688266754,-0.6554354429244995,-0.2360319048166275,-1.5137566358435335,-1.571174119784573,0.11276367292017193,-0.8216846210264617,1.4181594047475017,-0.2944904565811157,0.1666666716337204
4.853729150462405,0.6488929417756909,2.3618260438675973,-0.6109932065010071,2.375006381329168,-1.038178411903631,-1.4643212067925306,3.7110653284616353,0.34516897797584534,5.836663640394871,-0.1258353590965271,0.5
-0.08754027634859085,-0.7058378943456197,-0.1321652293402955,0.6342305500488314,-0.5073188543319702,0.18954614621200405,1.2868634633886176,0.16117121524399947,0.15812282264232635,-0.22306638956069946,-0.041507821530103683,0.3333333432674408
-1.4136468100946074,-0.20309685170650482,0.21389929950237274,0.5565562931502519,-0.01900232955813408,-0.0578824058175087,-0.0935843046349583,-0.03695878696113879,-0.028923334553837776,-0.49019855260849,-0.9691107869148254,0.3333333432674408
-0.08754027634859085,1.7329755468354981,0.7005648252214267,0.20861380570347746,-0.2631605863571167,0.6161730289459229,0.3318993304786083,-0.8742900597864343,-0.6222002983426017,-0.49019855260849,1.4175666671017089,0.5
2.145174265352155,-0.4408404231071472,1.1652272939682007,-0.7027133032228418,-0.15376474098255877,-1.3133982780968616,-1.6578362378167522,1.0859817104059768,0.15812282264232635,0.3111979067325592,-0.9855634316485216,0.5
0.21556980907917023,-0.7797878404846998,0.010043300688266754,0.16183609312079644,-0.7502774008208234,-0.6239850865628074,0.29942125996277663,0.07884581182451895,1.0126371500675697,0.41676734298777196,0.5487849712371826,0.5
-0.5909725808682524,0.09408261626958847,-0.19381269812583923,-0.2608945938036341,-0.015462524390851022,-0.22639626264572144,0.7372502145645362,0.18604681396870387,0.7192612886428833,0.6451131105422974,-0.8847832679748535,0.3333333432674408
0.22726126819432516,-0.5002763271331787,-0.5335727334022522,2.0572988093507694,-0.561576247215271,0.9532006978988647,0.21434556906585311,0.652538336084551,-0.38197464340918125,-1.306725221705876,0.3801299035549164,0.8333333134651184
-0.39065036177635193,-0.1083581923663455,-0.2617647051811218,0.3107559734772339,-0.7786058187484741,-0.33761138843565486,-0.25601433727745815,-1.0995126661808694,-1.612118359353101,-1.2867635272130704,0.721563519959019,0.5
0.8217899799346924,0.42132930179349837,-0.19381269812583923,-0.6554354429244995,0.13175581293060887,-0.45108139514923096,-1.3894962357704985,0.01935844822494054,0.931774641988183,1.8221291249119738,1.6450430154800415,0.6666666865348816
0.6261348399557068,-0.5002763271331787,0.34980329871177673,1.3668398807544186,-0.2902892827987671,1.488570680192098,1.3308076779457525,1.1663769281752263,-1.6292726340214914,-0.8241137266159058,-0.9691107869148254,0.3333333432674408
-0.7695379853248596,-0.2625327408313751,-0.2617647051811218,-0.8109833002090454,-0.3640991106867759,1.0895275796757202,0.8804081407390649,-0.683516587598687,0.5859375333214838,0.4447639584541321,-0.1258353590965271,0.3333333432674408
-0.9968705177307129,-0.08422506600618362,-0.05790869891643524,0.2711412258567791,-0.8328632116317749,-0.11405368894338608,-0.3755146767951465,-0.8714764954257856,0.4075177013874054,-0.6905476450920105,0.5487849712371826,0.5
-0.16331779956817627,1.7309660195172953,2.0038299789371417,2.7324631331730007,0.22373009763396967,1.740208823474364,4.7583562829009,1.7850046009923444,-0.31156918564289954,-0.32045790455759415,-1.0534383058547974,0.3333333432674408
-0.5030463148938196,2.067092948174893,-1.8229497398166243,-0.6998776793479919,0.14470809257756878,-0.8442803621292114,-1.506561199263511,0.4104868184101226,1.5406288330162763,0.3111979067325592,-0.041507821530103683,0.3333333432674408
-0.46642789244651794,-0.5002763271331787,1.1652272939682007,-0.6554354429244995,-0.561576247215271,0.039679413689323026,0.7223414707945525,-0.32137422026242796,1.410237629757168,-0.22306638956069946,-0.12981163185952854,0.6666666865348816
-0.2390953153371811,0.32149328000809707,1.2370176136015716,2.6486064683574986,-0.06688309011117649,-0.15476542056186401,1.6658488226314312,1.7305564588369506,-1.5555960098457855,0.27010527723148564,-1.4314103107542278,0.3333333432674408
0.5013756536785221,-0.5002763271331787,1.1652272939682007,1.5281780984809497,-0.10038841515779495,2.0766592477666848,1.570811244453518,1.033216118812561,-1.373485246880079,-0.7573306560516357,-0.9691107869148254,0.5
-0.16331779956817627,-0.3219686448574066,0.10790989169420426,-0.8832196114900904,-0.4971663235421441,-0.8442803621292114,-0.016368125578477177,-1.5515582700848298,-0.7147592306137085,-1.4571996934559313,1.4917240252236688,0.5
-0.2390953153371811,-0.3219686448574066,-0.39522962463227146,0.7104610016197126,1.3457656170882097,0.16680273413658142,0.4463780899020328,0.679030236673211,-0.7771079540252686,-0.6237646341323853,-1.435122375186624,0.3333333432674408
-0.08754027634859085,-0.8568916916847229,0.28185129165649414,0.46434785114325644,-0.2902892827987671,0.5107591292256755,1.3581091831276648,0.7175664882378167,1.8466295897375213,0.1108487918972969,-0.46314552426338196,0.6666666865348816
-0.46642789244651794,-0.14366096258163452,-2.0388823869274875,-0.8776466846466064,-0.257471740070111,-1.0127942562103271,-0.8966872766844297,-0.5973988391444864,0.4045147880629906,0.3111979067325592,-0.26567368176175654,0.5
-0.5422053933143616,-0.6191481351852417,-0.3297167122364044,1.744413521562006,-0.42593276500701904,-0.1951707124282123,0.9485344038160883,0.8952393248210059,-0.34066691994667053,0.24441486597061157,-0.46314552426338196,0.5
-0.8453154563903809,-1.1008014681956033,-0.950936082929443,-0.833204448223114,-0.3174179792404175,0.35052761642153385,0.5687447493314598,-0.3913449697749252,-0.30984475066145156,-1.2915949821472168,-1.0534383058547974,0.3333333432674408
0.5186799168586731,0.9800408232761166,-0.3297167122364044,-0.6433178062899481,0.9255116600076959,-1.0775657768005273,0.20108362788027073,0.7791386614791612,0.8439587354660034,0.24441486597061157,-0.5474730730056763,0.3333333432674408
-0.05307756218237196,-0.7974557876586914,1.8996741821804934,-0.833204448223114,-0.3908142125158524,-1.2936506271362305,-0.6638440933496224,-0.4011689543920891,0.2204715460538864,-0.890896737575531,-0.2944904565811157,0.3333333432674408
-1.3059775700629708,-0.2897801913107181,-0.12586070597171783,0.5586331311696453,-0.18177451193332672,-0.8547819792325833,0.9023603043853493,-8.352150942771835e-06,-0.7083136208834029,0.3111979067325592,-0.631800651550293,0.3333333432674408
-0.8038542257231422,-0.024789171293377876,0.6895633339881897,1.390871378333359,-0.5887049436569214,0.9532006978988647,1.264934815266756,0.6457013741302926,-0.028923334553837776,-0.42341551184654236,-0.8847832679748535,0.3333333432674408
-0.46642789244651794,-0.3814045190811157,0.14594730734825134,0.8462270174311154,-0.7189837616281184,0.9532006978988647,0.6388355031252285,-0.48010526661171526,0.0957741066813469,-1.3612419998790561,0.821465943284299,0.6666666865348816
-0.3148728311061859,-0.2625327408313751,-0.4390264675821308,0.21474420618364454,-0.320046151008838,1.333414783992662,1.7393537973701625,0.41138403577383736,0.2210771316363779,-0.890896737575531,-0.8847832679748535,0.3333333432674408
-0.8453154563903809,0.10145151237680104,0.8254672884941101,1.7671870517726056,-0.2089032083749771,1.2615257944161322,2.0373615921745416,0.7421610273256536,-0.09810496205732597,0.24441486597061157,-1.04391486997794,0.3333333432674408
-0.484202554824453,-0.3219686448574066,-0.397668719291687,1.9824434312125014,-0.5887049436569214,-0.731937825679779,-0.3274715499091686,0.6555727422818992,-0.29628924456410577,-1.0244628190994263,-0.041507821530103683,0.3333333432674408
1.4706248499941952,0.3689248748313264,0.4177553057670593,-0.8109833002090454,-0.5073188543319702,-1.3199447485636497,-1.3789875075729807,0.16902545406306352,-0.6464854582335184,-1.0912458896636963,-0.5521730460808267,0.3333333432674408
-0.6179829239845276,0.0743513216840104,-0.397668719291687,-0.5887720584869385,-0.7243484258651733,0.6155763600488158,0.1977122407681713,-1.520808762449472,-0.5277130603790283,0.24441486597061157,1.9031484817283109,0.5
-0.5510439887827304,-0.2625327408313751,-1.2836561895154914,-0.5206982046437316,-0.020686531252588937,0.6161730289459229,1.267506225015658,-0.1598763201547868,-0.9430762435081738,-0.49019855260849,-1.137765884399414,0.5
2.1261680697235716,0.39193608563423815,0.8934193253517151,-0.2297734609379865,0.5777656691332571,-0.6420497376889113,-1.4846456496188192,1.3478100556049255,-0.15362077951431274,0.28840804966667205,-0.1258353590965271,0.3333333432674408
-0.2390953153371811,-0.011643174569534778,-0.5297653380092405,0.5515142008083495,-0.04613102599978447,-0.90045166015625,-0.0632179205065359,0.5610981786257551,0.34516897797584534,-1.0164288571242208,-0.8476031756791191,0.3333333432674408
0.5944573879241943,-0.8899924712238152,1.1652272939682007,-0.5278581566940068,-0.39880406856536865,-0.0578824058175087,0.8148105928442243,-0.3868595030976044,-1.4005951881408691,-0.42341551184654236,-0.5474730730056763,0.6666666865348816
0.5186799168586731,-0.6785839796066284,-0.2617647051811218,1.4786264600289127,-0.05368407352806074,-0.0578824058175087,1.0460734180586688,0.9359442104744362,-0.19520666052331043,-0.5569815635681152,-0.7161281704902649,0.5
-1.63348004658391,1.5519888548157186,-1.8963950501314881,-0.766541063785553,-0.5887049436569214,-1.349821925163269,-1.5649992431439226,-0.8883677043319333,1.8215751866738061,-0.12716233081986034,0.2968152740301027,0.3333333432674408
-0.3339260477139013,-1.213507056236267,0.14594730734825134,0.5099454533213736,-0.4801901578903198,0.6723442673683167,0.2030963100854061,0.023620137665812356,0.46986642479896545,-1.2171962112946462,-0.543548480070009,0.5
0.21556980907917023,-0.5597122311592102,-0.5335727334022522,1.7292021914520463,-0.459496464784966,0.886682652595685,0.37979578081285126,0.268818786767172,-1.6168414936406545,-1.225013322865044,0.21147480607032776,0.3333333432674408
0.06401476263999939,-0.6191481351852417,-0.12586070597171783,-0.7751282503530714,-0.2902892827987671,0.9103126977241115,0.4644139202516977,0.1038751088220249,1.5092494533290592,0.4401401885593771,-0.631800651550293,0.3333333432674408
-0.5422053933143616,0.09408261626958847,-0.2617647051811218,0.4343658673113017,-0.8492291366703486,-0.0017111222259700298,0.6485631419905303,0.18316018067389225,0.033425383269786835,-0.890896737575531,-0.37881800532341003,0.3333333432674408
-0.9210929870605469,0.5101338624954224,-2.0994896307713997,-0.6776565313339233,-0.2360319048166275,-0.17022497951984406,-1.0565614869420366,-0.8216131398683799,0.3858121830313085,1.1368922360216638,1.3483249929215797,0.5
-0.46642789244651794,-0.024789171293377876,1.4583331844582081,1.7643141867426537,0.05769743472419128,12.444014696573337,1.6711518137026886,1.1334064134666377,-0.3462639123181957,-0.02271728403866291,-1.306420922279358,0.1666666716337204
-0.2390953153371811,0.5101338624954224,-1.05233120355189,-0.7220988273620605,-0.12751711905002594,-1.237479329109192,-1.481522616857013,0.6539070582537019,1.1557023525238037,-0.8241137266159058,-1.1981515854639515,0.5
-0.2390953153371811,-0.7380198836326599,-0.2617647051811218,1.0884753249868941,-0.34454667568206787,-0.05343960910072416,0.6309486498912298,0.6118215348519682,-0.9018054008483887,-1.0912458896636963,-0.8847832679748535,0.5
1.5375104927117162,-0.25602311061036626,1.3646539609654575,-0.8998677730560303,-0.34454667568206787,-1.1396164012974603,-0.963999540659082,-0.9222023205602925,-1.6801441965808503,-1.8910026200237335,0.4644574522972107,0.5
-0.6937604546546936,-1.0351994037628174,-0.26272447146986333,1.7111461196836446,-0.07325971871614456,0.16680273413658142,0.20713644031268744,0.8329636391194483,-0.5900617837905884,-0.22306638956069946,-1.4120556861354443,0.5
1.873804953416142,0.024183801809170888,0.14594730734825134,-0.8724925340427239,-0.820379437159103,-0.6195952296257019,-0.32414618009944235,-0.3028108570077186,-2.0656984613414937,-0.7573306560516357,-0.46314552426338196,0.3333333432674408
0.7946951392599055,3.120717404960056,-2.0865113815786196,-0.7220988273620605,0.062383756041526794,-1.349821925163269,-1.7792433042787041,0.20117334265580888,0.4075177013874054,-0.6237646341323853,0.6331125497817993,0.3333333432674408
0.1397922784090042,-0.9163275957107544,-0.2617647051811218,0.6407829134840544,0.07775120805000729,0.6161730289459229,0.8595539730307867,0.3949851731207415,-1.0065883307496535,-0.957679808139801,-1.306420922279358,0.5
0.21556980907917023,-0.4408404231071472,-0.5365255775585828,-0.7220988273620605,-0.07325971871614456,-0.2825675308704376,0.385202448461581,-0.24830475295717405,-0.5277130603790283,-0.42229935287179804,-0.8004556894302368,0.06151266068920665
0.06401476263999939,-0.8725448528821086,0.011823433396639866,-0.7443199157714844,-0.3174179792404175,0.6723442673683167,0.7389762351680331,-0.43343898756505506,0.9063074588775635,-0.42341551184654236,-0.004025420464427658,0.3333333432674408
-0.08754027634859085,0.9551287412152328,-0.3297167122364044,1.70304866259155,-0.12751711905002594,1.0331047081110762,1.695528985214582,1.0115024471695178,-0.028923334553837776,0.045675410945896125,-0.8176875071674817,0.3333333432674408
1.1756997711273633,-0.016634664627398058,0.21389929950237274,-0.6168685573558499,-0.03955582272865184,-1.1251368522644043,-1.8224790504720003,0.35983663669365723,0.5322151184082031,0.4447639584541321,0.9964416128878594,0.3333333432674408
-0.6937604546546936,-0.4408404231071472,-0.2773740011916234,-0.06930389408120256,-0.10038841515779495,-0.5072526931762695,-0.6537065079219977,-1.245646438634299,0.02899501552321252,-1.1580289602279663,0.7174400687217712,0.3333333432674408
0.4429023563861847,-0.5597122311592102,0.28185129165649414,-0.7443199157714844,-0.34454667568206787,-1.0689655542373657,-1.4316639396594908,-0.6796419471355138,-0.2159694880247116,2.3118106012489092,1.171715541383832,0.5
-0.16331779956817627,-0.7974557876586914,1.0637449564754407,-0.766541063785553,-0.34454667568206787,-0.2959474773307542,-1.2921585358910626,-0.3839878670490188,0.9431757997045862,-0.02271728403866291,0.42501710611899457,0.5
-0.46642789244651794,0.33182618021965027,0.07799530029296875,1.0591492203584083,-0.45247027951429136,1.6995165374724646,1.9915180558154855,0.62732054670595,-0.35482033413372943,-0.6905476450920105,-0.9691107869148254,0.3333333432674408
-0.16331779956817627,-0.2649935567001543,-0.0012829746597243369,0.4442921785377049,-0.7243484258651733,-0.8442803621292114,-0.6890847765121123,-0.18765348183518374,-1.749280687853323,-0.6905476450920105,-0.2944904565811157,0.3333333432674408
5.918806198707712,0.23727045506491987,4.417398317366675,-0.36777688771440387,0.240121607193908,-1.4059932231903076,-1.6559466828292977,2.2062470199552897,-0.46536436676979065,1.6222473631946568,0.16568718582665803,0.6666666865348816
-0.8453154563903809,-1.2015239616016637,-0.397668719291687,-0.8776466846466064,-0.6158336400985718,-0.427133265561422,-0.8400266869787057,-1.0224410080011304,0.8744116699484795,-0.22306638956069946,-0.1258353590965271,0.5
0.6426948922922604,0.03464672341942787,0.010043300688266754,-0.5957864136056148,0.5221844493812189,-0.0578824058175087,-0.929996401550966,0.8471939521611195,1.3125579031455246,0.9122452139854431,-0.37881800532341003,0.5
5.88825080764598,0.2755662119583185,2.6848049238467873,-0.544329822063446,3.001582708317888,-1.4218396578925898,-1.7388612425649999,1.907009498779187,-1.213549017906189,0.9790282845497131,0.29580235481262207,0.5
0.8217899799346924,0.997769940890973,-1.4606077417070438,-0.6998776793479919,2.6685892090353653,-0.5072526931762695,-0.11491408165042898,0.6893989313889574,-0.2626028441292255,1.6878385581780344,-0.46314552426338196,0.3333333432674408
-0.2390953153371811,1.5506941522370445,-2.0406019527656967,-0.5944614438673274,1.1919585577106828,-1.152150404179682,-1.617239643075826,0.8612034750229084,0.8426610949510416,0.1108487918972969,-0.8847832679748535,0.3333333432674408
-0.2390953153371811,1.539824536391555,-0.6754615822315677,-0.36422685419267564,0.7113842949295077,-0.5392495393296344,-0.2326663355124515,1.0856452028336074,2.3665303275122884,-0.4426392135404393,-1.306420922279358,0.3333333432674408
-0.6179829239845276,-0.5473890371437516,-0.12586070597171783,-0.14102924322851917,-0.25418578927268953,1.4981541849421005,1.866784798642404,-0.36619290368155655,0.07568722514386983,0.2559833350738721,-0.25146561732967154,0.6666666865348816
-0.8453154563903809,-1.094635248184204,-0.3297167122364044,-0.6776565313339233,-0.11728791666259107,1.065543293952942,0.40146031118204567,-1.3068065377744977,-0.028923334553837776,-0.6022489059621949,0.8558473614827131,0.5
-1.072648048400879,0.09753341553313538,-0.19381269812583923,-0.8776466846466064,-0.18177451193332672,0.3137655391215594,0.09716666473943346,-1.272014213369535,-0.7771079540252686,0.6451131105422974,-0.1258353590965271,0.3333333432674408
-0.39065036177635193,-0.5597122311592102,-0.5323284853463243,2.8048188367919913,0.07931579192500196,1.2855953682154875,1.2563124846208318,1.6577691580456315,-1.4005951881408691,0.10013512513420694,-1.306420922279358,0.5
-0.9317867005601598,1.4932861654598797,-2.0245804843719193,-0.8353534375318504,0.062383756041526794,-0.45108139514923096,-0.3124440826716408,-1.0580502412867845,-0.15362077951431274,-1.1580289602279663,-0.041507821530103683,0.3333333432674408
-0.46367993615380193,-0.9163275957107544,0.010043300688266754,-0.6554354429244995,-0.34454667568206787,-0.9566229581832886,-0.490913477267959,-0.5538930900662318,-0.34066691994667053,-1.1580289602279663,-0.4430525791379913,0.5
-1.279146009702362,0.04179677684916892,-0.705529065248543,0.3755479454753787,-0.7243484258651733,1.2135386818723817,0.20685409180448786,-0.5677839310582921,0.6754776027354168,-0.890896737575531,0.4644574522972107,0.5
0.5806065238874388,2.198640750821489,-2.1203780583225162,-0.6332142949104309,0.9483842142755294,-1.0689655542373657,-1.496659987063969,0.37660251307943493,1.0933536291122437,0.9122452139854431,0.4141576078436796,0.5
0.7460124492645264,0.6759221960241355,-0.19381269812583923,-0.09393281781702154,-0.8328632116317749,0.05446016043424606,-0.23829105066527448,-1.2066237127762636,-1.151200294494629,-1.1580289602279663,2.034791004230054,0.6666666865348816
-0.9210929870605469,-0.9757634997367859,0.255750266846751,-0.8720994976466743,-0.6158336400985718,0.5038304328918457,-0.30485219088590026,-1.4615461453899936,1.3498233641919206,-0.8241137266159058,0.3801299035549164,0.5
-0.46642789244651794,-0.5896194486995503,0.8035647213384881,1.708871702292043,-0.5348925641120192,1.2895765440267075,0.4608560045638532,1.3037829941955807,-0.5277130603790283,0.7342836583413652,-1.5335518296573432,0.5
-0.16331779956817627,-0.6191481351852417,1.2650970859569188,0.2853753550795884,-0.6055596624710164,0.9577206495202802,1.6888868130611372,0.09378689440404876,0.7192612886428833,-0.42341551184654236,-0.041507821530103683,0.5
1.1252095397398665,0.8635486055168939,1.5366239415766085,0.637801527410974,-0.7615637108201674,-0.4377253473082202,0.07361342861715019,-0.7123337975218109,-0.612482038625858,-1.0244628190994263,1.6450430154800415,0.5
-0.08754027634859085,-0.14366096258163452,1.7746057085637754,1.8503676245804317,-0.6158336400985718,0.469132830817203,-0.3518863952422294,-0.275597665209449,-0.46536436676979065,-1.5924346922804964,1.8688769183527596,0.5
0.1397922784090042,2.373663371407815,-1.6398884560398086,-0.6332142949104309,0.4721302229397333,-1.3150547017945007,-1.6772018756269533,0.5510219620641837,1.2060128377805561,0.17763182520866394,0.29580235481262207,0.5
-0.9015172205539661,-0.13372486519341475,-0.397668719291687,-0.8776466846466064,-0.37167537212371826,-1.1813081502914429,-0.36325427907534213,-0.7858346822397643,-0.46536436676979065,-0.6525754882334106,-0.631800651550293,0.3333333432674408
0.29134732484817505,-0.6785839796066284,0.010043300688266754,0.525386576866953,-0.37223242817570634,1.8699586420239453,1.449370550787959,0.6271161039038139,0.033425383269786835,0.4668785346629572,-0.9691107869148254,0.3333333432674408
6.217834069285796,1.8354692169931548,2.4016161484427,-0.6998776793479919,1.1572259938793508,-1.328560968922487,-1.548499595522829,3.9475234235763716,-1.8324755507849586,0.4447639584541321,0.3801299035549164,0.5
0.020029633026173055,-0.20309685170650482,-0.8043670433018482,0.5273113410574171,-0.561576247215271,1.6006826499685574,0.6490635542869455,-0.4103626492230771,0.0957741066813469,-1.3496621272356315,0.5857351435688833,0.5
-0.3148728311061859,-0.9757634997367859,0.6895633339881897,0.48420356299466005,-0.47731629648235624,1.7512092220041682,1.4448389698013246,-1.0821451586570592,0.15812282264232635,-1.0244628190994263,1.6503789338676849,0.5
-0.01176275685429573,3.187777653727114,-1.8874881418335683,-0.6109932065010071,0.7721800698736531,-0.45108139514923096,-1.452357579458681,0.9272545665984804,0.9686561822891235,0.8763897051211246,-0.9691107869148254,0.3333333432674408
0.06401476263999939,1.446239348713459,-1.0279669021011206,-0.6963904452636887,1.1035215989840599,-0.2825675308704376,-0.763064815522887,0.952718403160067,2.0228723213465503,1.7843489383392148,-1.137765884399414,0.3333333432674408
-0.3148728311061859,-0.6785839796066284,-0.28929717529091076,0.5292083139741485,-0.6274751036915703,0.8886481515117064,0.340675587414673,-0.10726197033300931,0.05989551044808268,0.3111979067325592,0.3801299035549164,0.6666666865348816
-0.5422053933143616,-0.5597122311592102,-0.4656206965446472,-0.41806023743895293,-0.5887049436569214,0.06681386949522285,0.7208072586713551,-0.7794517686593256,0.5322151184082031,-0.6160860933888355,0.5297361432955293,0.5
1.0692005031069594,-0.349442149796118,0.8934193253517151,-0.7955099780442079,-0.2089032083749771,-0.9566229581832886,-1.3091752180924527,0.18979401702704457,0.5015962510942493,-0.02271728403866291,0.7174400687217712,0.3333333432674408
0.5944573879241943,-0.6191481351852417,0.8254672884941101,0.37047631549975013,-0.2360319048166275,1.345224694829713,0.9614109122231449,0.25354618888205993,-0.2324891041545104,-0.13120138606095547,0.21147480607032776,0.5
1.1918244460422456,-0.3219686448574066,0.2503227476524443,-0.8109833002090454,-0.12751711905002594,0.2791453003883362,-0.7201621156017417,0.6711876218470135,-0.028923334553837776,1.9253840455066904,-0.9691107869148254,0.5
-0.6179829239845276,1.8975849600363335,-2.1644208431243896,-0.7220988273620605,-0.06618160826612843,-1.3939048041200353,-1.737244090111683,0.8375719008278343,1.9902803553086876,0.7118961215019226,-0.9691107869148254,0.3333333432674408
-0.7695379853248596,0.25287686576781504,0.07799530029296875,2.3182695000476103,-0.34454667568206787,2.020610269103316,1.0795919104155078,1.2581181087882432,-0.7881818898836456,-0.2898494303226471,-1.137765884399414,0.5
0.289232826901176,1.9840949845866869,-0.839297423335245,-0.7443199157714844,0.5537932338295264,-0.22639626264572144,0.3054504439660546,0.8355773024531721,-0.5900617837905884,-0.15628336369991302,-0.9691107869148254,0.3333333432674408
-0.9907072571439736,0.6846645904906943,-1.8956978836433074,-0.5311556833411092,0.46778020568837353,-1.2693638719258367,-0.8463022275551201,0.3732823316387109,2.8044880818711246,1.0900468580865712,0.7449359069358376,0.5
-0.39065036177635193,-0.14366096258163452,-0.3297167122364044,-0.3323551813686259,-0.07148974589866715,0.6274503312124268,-0.04127844537901719,-1.2342537100978634,-0.34066691994667053,0.17763182520866394,1.223405361175537,0.5
0.06401476263999939,2.255065353684505,-2.1644208431243896,-0.6998776793479919,0.648627197384053,-0.9083801236156912,-1.558633563911538,0.13151990364167246,0.5945638418197632,0.24441486597061157,-0.1258353590965271,0.3333333432674408
-0.7695379853248596,-1.0351994037628174,-0.2617647051811218,1.8061229966870926,-0.15464581549167633,0.66502658910251,0.8381924245360551,1.166973597844731,1.8358605789607774,-0.5569815635681152,-0.924133412799751,0.3333333432674408
0.1397922784090042,-0.9757634997367859,1.400649828145201,0.683341810166221,0.6406675565288393,-0.3949100971221924,-0.7787795574906082,0.41106477531498026,-0.4030156433582306,-1.2301930718214509,-0.5474730730056763,0.3333333432674408
-0.01176275685429573,-0.5002763271331787,0.43913479967162233,1.301590513130643,-0.34454667568206787,1.1004054786030724,1.8813801100333338,0.923150191323191,-1.0265028476715088,1.1109460813577257,-1.137765884399414,0.5
-0.3148728311061859,-0.3520775690974047,-0.397668719291687,0.6200270125811836,-0.2543720220558526,1.2275594813018527,0.988958089147008,0.15976076017809981,0.015447123329123909,-0.22306638956069946,-0.8004556894302368,0.5
6.353549003601074,7.345261573791504,9.11561107635498,-0.9887523055076599,-1.2940510511398315,14.546651840209961,5.739711284637451,-2.504413366317749,4.896625518798828,-2.092991352081299,3.078611373901367,0.0
-0.16331779956817627,-0.40113906491833007,0.28185129165649414,0.11799076123680066,-0.5344475507736206,-0.22639626264572144,0.7910053468435012,0.36080462082611187,0.1342220518508028,-1.1580289602279663,-1.137765884399414,0.3333333432674408
-0.7224845016588364,0.27239030599594116,-0.33275090647680966,-0.544329822063446,-0.5073188543319702,0.3096705206425715,0.7251285904711272,-1.5987134064460036,-0.2259322217812021,-1.0244628190994263,1.813698172569275,0.5
-0.5422053933143616,-1.0351994037628174,0.34980329871177673,0.7803944412010178,-0.6158336400985718,-0.0578824058175087,-0.32129255050722316,-0.36887481506557657,0.15812282264232635,0.6801663305248898,0.9704226851463318,0.5
-0.6179829239845276,-0.7380198836326599,0.14594730734825134,-0.8554255366325378,-0.2631605863571167,0.5675623535068852,1.472912418336132,-0.46502922806229585,0.7811501737826592,0.17763182520866394,-0.9691107869148254,0.5
0.8623036930023589,0.15351851284503937,0.34980329871177673,-0.8109833002090454,-0.5756636398045101,-1.0127942562103271,-0.06283382739678076,-0.6359070206162483,-1.5358967671125165,-0.22306638956069946,0.9704226851463318,0.3333333432674408
-0.2390953153371811,0.858802710437553,-0.5335727334022522,0.9041928573844487,0.8467307040513085,-0.9566229581832886,1.0992895924923833,0.8679818863922019,-0.9823591686107455,-0.22306638956069946,-1.0534383058547974,0.3333333432674408
1.117147254797819,0.3556042177746333,0.7783021395567383,-0.5401606454788914,0.6399632553189082,0.45522583030072195,-0.5329661165765757,0.8253031617311386,0.6326428802562826,2.2380195937125973,1.813698172569275,0.6666666865348816
-0.16331779956817627,-1.213507056236267,0.010043300688266754,-0.7220988273620605,0.0032180774972200912,0.3106049466588594,1.2439539467376926,-0.6942601397180278,-0.9839143055863298,-1.0244628190994263,-0.46314552426338196,0.5
-0.4391024111252233,-0.3814045190811157,-0.2617647051811218,-0.6109932065010071,-0.3344851365925452,-0.5433994747059984,0.12953611281768468,-1.0965153497920184,-0.6524105072021484,1.1157124843776165,0.6353577893016518,0.5
-0.46642789244651794,-0.6480166796254105,-0.3297167122364044,-0.44023503860881064,-0.350186411539893,0.674586726169954,0.42314793857471933,-0.19392705408775038,-0.028923334553837776,-0.49019855260849,-0.8847832679748535,0.5
0.1397922784090042,-1.1016865743530642,0.672722733546318,0.4139166549134848,-0.5073188543319702,0.08116760669198929,-0.27183484627107735,-0.15095467172562413,-2.0242535450829977,0.04406575486063957,-0.2101629078388214,0.5
-0.3148728311061859,-0.6191481351852417,1.010105089689567,1.7296655369495908,-0.5233222394901518,1.9127973225485244,1.869585947205488,1.1720691651828468,-1.0888515710830688,0.12388895701426365,-1.306420922279358,0.6666666865348816
-0.16331779956817627,-0.20309685170650482,-0.5335727334022522,0.45390143621232154,-0.10038841515779495,-0.4934667469132756,0.6629048489305757,0.695189375837105,-0.4030156433582306,-0.3566324710845947,-0.9691107869148254,0.3333333432674408
0.29134732484817505,-0.7380198836326599,0.010043300688266754,-0.4984814406671222,-0.34454667568206787,0.48508599524029616,0.5709456600340959,-1.2176878602298151,0.0957741066813469,0.17763182520866394,1.8455356704429366,0.6666666865348816
-0.3148728311061859,-1.0351994037628174,0.4146558001908131,1.5178119167990025,-0.5073188543319702,0.33531656861305237,0.602744639244585,1.1557714375008676,-0.32269884359515766,-1.0244628190994263,-1.684115876982268,0.5
0.4429023563861847,-0.6862908523325331,0.8356163772382335,-0.19358097331279336,-0.37167537212371826,0.31402531609542556,-0.019509974867105484,-0.8082033855238693,-0.7771079540252686,-0.24889793897503945,1.223405361175537,0.5
-0.39065036177635193,1.661663586965724,-1.6245923940868114,-0.5027891839373455,-0.2089032083749771,-0.8442803621292114,-1.453188418697341,-0.7936257609057823,1.1557023525238037,0.5783300399780273,1.813698172569275,0.6666666865348816
0.21556980907917023,-0.04683516696862834,-0.2617647051811218,-0.7220988273620605,-0.45306146144866943,-0.731937825679779,1.1636874481543709,-0.5958177583350761,-0.6081856687523646,-0.8297875742685941,-0.29644696277335536,0.3333333432674408
-0.16331779956817627,1.1990496870690392,-0.05790869891643524,-0.6332142949104309,-0.6455766162395066,-0.9566229581832886,-0.8798464912076346,-1.5821746871925988,-1.7542810624558665,-1.159400678335101,1.210863966340935,0.3333333432674408
0.5186799168586731,-0.7974557876586914,0.8934193253517151,0.2619535117028027,-0.39880406856536865,0.16680273413658142,1.2104684406165729,-0.19070603923890656,-0.7771079540252686,0.5648837957092249,0.29580235481262207,0.5
-0.6937604546546936,-0.341400908833,0.21389929950237274,-0.42743579743135324,-0.33710969769161114,-0.17022497951984406,-0.056337819314147546,-0.42875369090219534,1.439141310581884,0.36757266874761596,0.6331125497817993,0.5
0.1397922784090042,0.09408261626958847,1.1652272939682007,1.9277876593885859,-0.39880406856536865,0.8500070372211161,1.2179166166452717,1.0800089802992794,-0.34066691994667053,-0.02271728403866291,-0.8004556894302368,0.8388181718343249
-0.16331779956817627,-0.4408404231071472,0.07799530029296875,1.382228112279768,-0.34421527582708195,0.7846868634223938,0.9756216097462054,0.8768692570808381,-1.151200294494629,-0.49019855260849,-1.137765884399414,0.5
0.21556980907917023,-0.3814045190811157,1.1652272939682007,3.0052033674208927,-0.2360319048166275,1.0524324720825022,1.2648346057517779,2.036675273130707,-1.740378095351473,0.6451131105422974,-1.4789512772919775,0.3333333432674408
0.06401476263999939,-0.3814045190811157,1.6810855968070726,1.9345009036700636,0.14352468900169074,1.3032727616854494,1.2528119986032547,1.3464378651905333,-0.15362077951431274,0.04406575486063957,-1.0140533240766332,0.3333333432674408
0.5186799168586731,-0.014934269620281208,0.010043300688266754,0.8272948380358369,-0.2902892827987671,1.1217145919799805,1.0112160982094274,1.226101610498148,1.3526087376649987,0.19430587115159273,-0.1258353590965271,0.5
-0.2390953153371811,-0.1252766965421236,0.5536593198776245,0.12799055475638027,-0.2360319048166275,-1.1251368522644043,0.06869090602911841,0.27082546570152083,0.4075177013874054,-0.42341551184654236,-0.2944904565811157,0.3333333432674408
-1.4065981119258315,-1.098264978010969,1.0293233394622803,-0.9261141711451593,-0.04613102599978447,1.468844057296798,0.6448822515018334,-1.2494288780138676,-0.9587188255968165,0.04406575486063957,-0.8884455411997395,0.5
-0.6179829239845276,2.8677768534521,-2.1644208431243896,-0.6332142949104309,0.13065124702971131,-1.4765611732285002,-1.8147772032031275,0.5258506043670439,2.4555054613576472,0.24441486597061157,0.04281972348690033,0.1666666716337204
-0.8571241759148214,-0.5597122311592102,-0.19381269812583923,0.41540470756412,-0.5259901334463895,-0.2711589094424123,0.11397220449704486,0.020538184735483363,2.269511915180253,0.04406575486063957,0.15333857691133201,0.6666666865348816
-0.6179829239845276,-0.005431803256583694,0.37415101768822395,1.4731655502589356,-0.18346383583045514,1.6826351592105115,1.9207899442332637,0.7944681928577513,-0.15362077951431274,0.17763182520866394,-0.8004556894302368,0.3333333432674408
-0.39065036177635193,0.21295440196990967,-0.5335727334022522,-0.31423605859386894,-0.34454667568206787,0.2229740172624588,-0.2468440546823127,-0.23779230306852403,1.1557023525238037,1.6263256941481639,1.223405361175537,0.6666666865348816
1.5179880115893207,-0.08422506600618362,1.1652272939682007,-0.6998776793479919,0.9470331620439066,-0.9781740385832107,-1.6483178606906024,0.777386087633948,0.050731082710787224,0.6690773678537213,1.5732890062769855,0.5
-1.2898344473119383,-1.2166297651475162,-0.19381269812583923,-0.8776466846466064,-0.5344475507736206,0.16680273413658142,-0.7327510496085056,-1.4252877881895851,0.7377772516019834,-0.42341551184654236,0.5487849712371826,0.5
0.47230164949564946,-0.9163275957107544,-0.05790869891643524,-0.7017982783439134,-0.21948911966784185,-0.22639626264572144,0.37176677787375134,0.08106363397022937,0.7192612886428833,-0.957679808139801,-0.37881800532341003,0.5
-0.46642789244651794,-0.7688824580646644,0.010043300688266754,-0.537043010658792,-0.697219729423523,0.5038304328918457,0.4487153190576622,-1.0215193700971221,-0.6651659623842968,-0.3566324710845947,0.7488195592535503,0.5
1.286237926811033,-1.094635248184204,0.8934193253517151,-0.8776466846466064,-0.6026482327416159,-0.8442803621292114,-0.9987031497756504,-0.8632972118802716,-1.3364092421456095,-1.0255587201409133,0.4003377779134845,0.3333333432674408
-0.5493903696568655,-0.23489146477699624,-0.7342131117129617,3.0154024568828737,-0.561576247215271,-0.6195952296257019,0.18237064079765528,1.4116910032678474,0.5033285023481505,-0.5569815635681152,-0.8389145632853641,0.5
-0.73978446156546,-0.13829452798522088,-0.12586070597171783,1.0997135284697332,-0.5887049436569214,0.5904152090275717,0.29381731590773164,-0.8078491017497704,0.3340348377005592,-1.392431212467013,1.2927294259014497,0.8333333134651184
0.29134732484817505,-0.4408404231071472,0.4857073128223419,-0.833204448223114,0.2722878438738674,-0.8442803621292114,-0.6381723878392976,0.2892786502754793,1.4207116414930496,-0.22306638956069946,-0.37881800532341003,0.5
0.21556980907917023,0.6962251599577111,-0.7462366278132408,-0.05089090149486647,0.8539216070642536,0.33531656861305237,0.26796477256730894,1.033216118812561,1.5691953968126335,1.6254910405521354,0.09010001364379534,0.3333333432674408
-0.16331779956817627,1.4434375728914537,-1.6827832318628306,-0.3046928444033937,0.600625919393073,-0.17022497951984406,-0.010925938061458229,0.35944655895180533,0.033425383269786835,-0.6237646341323853,-0.9691107869148254,0.5
0.7460124492645264,0.33182618021965027,-0.5335727334022522,-0.766541063785553,-0.45306146144866943,-0.5634239912033081,-0.03690127412080628,-0.3579169470163281,-2.9826885264741314,-1.1112441003540048,-0.9691107869148254,0.3333333432674408
6.353549003601074,4.8183985105667535,9.11561107635498,-0.9887523055076599,-0.42003190408292446,14.546651840209961,4.079736275511085,-1.7750595481362863,4.896625518798828,-1.0244628190994263,3.078611373901367,0.0
2.3987313522019083,-0.20309685170650482,1.8360465989128754,0.46422958373993983,-0.5344475507736206,-1.4802597414968848,-1.816623391850448,0.5617815518859334,-0.5277130603790283,-0.3566324710845947,0.07214333162839569,0.006249206373302058
0.8105680112895037,2.403059631015413,-2.0577236925497893,-0.5571861371586507,0.01144500616671511,-1.3294469952686716,-1.7475219255767154,-0.3439171214187712,-0.5900617837905884,0.1108487918972969,1.007674780176318,0.3333333432674408
-0.16331779956817627,-0.7380198836326599,1.2617846215504802,1.8327182264771704,-0.2902892827987671,1.2901781365774412,1.3631696254591545,1.198750136147206,-1.0888515710830688,-0.3566324710845947,-1.306420922279358,0.5
0.1376904672542451,1.4709590799327013,-0.8001186497170908,0.09351960473742953,0.36536036655873394,-0.45108139514923096,-0.1970155773064098,0.44549124917708416,-0.34066691994667053,-0.8241137266159058,-1.0534383058547974,0.3333333432674408
6.353549003601074,-1.5699672364961814,9.11561107635498,-0.9887523055076599,-1.2940510511398315,14.546651840209961,5.739711284637451,5.3161420822143555,4.896625518798828,9.794388771057129,3.078611373901367,0.0
-0.46642789244651794,-0.6191481351852417,0.010043300688266754,-0.07397443940466808,-0.2902892827987671,1.1934009429683754,0.5224169592199533,-0.3215634855000755,0.6681331184054622,-0.15628336369991302,0.12714727222919464,0.5
-0.6937604546546936,-0.5597122311592102,0.07799530029296875,-0.7220988273620605,-0.21925662078528754,0.5600017309188843,-0.05846323145774922,-1.240272075801681,0.5322151184082031,0.37798094749450684,1.0547502040863037,0.5
0.1397922784090042,0.7325136331263276,-1.7502093151496758,-0.5887720584869385,0.9310790700485007,-1.4059932231903076,-1.70377449430416,0.16693231499803227,1.2382890957538946,-0.3566324710845947,1.3643176798056833,0.5
1.545454144229703,0.6377773332842749,1.635086693120218,-0.5887720584869385,1.6186037243403666,-1.1041592702651015,-1.6262062573893759,0.8844693391153768,-0.6524105072021484,1.1300362811669507,0.6331125497817993,0.5
1.5772429956523562,0.7467664620441791,-0.6694766879081726,-0.7220988273620605,0.7311783227032795,-0.8940406197121705,-0.8366669389943883,0.9080282462024257,0.0448107498206384,-0.15628336369991302,-0.37881800532341003,0.5
-0.9210929870605469,-0.6191481351852417,-0.8019113538768119,2.0409846133982104,-0.4801901578903198,0.9532006978988647,0.4625507755598267,0.9462802847349183,-1.6176717577342898,0.5115470290184021,-0.7774000419437218,0.5
-0.7695379853248596,-0.7974557876586914,0.6264037754562329,-0.8175093975638461,-0.5887049436569214,1.1794374071597316,0.5097638357415747,-1.3271696149972037,-0.028923334553837776,-0.02271728403866291,0.8278195843698286,0.3333333432674408
-0.3148728311061859,-0.9163275957107544,0.4857073128223419,-0.7220988273620605,-0.6555137432479705,-0.0578824058175087,0.5186348919813922,-1.0351227847087467,-0.028923334553837776,0.4447639584541321,1.1390777826309204,0.6666666865348816
0.06401476263999939,-0.9163275957107544,1.6593573145652443,-0.9076828705606825,-0.6269425859454189,-0.5072526931762695,0.04515832902953722,-0.8405065226837986,-0.14092196844401805,-0.02271728403866291,0.5487849712371826,0.5
0.6031612230950453,1.4624998969436154,-1.8750831854425725,-0.293261231519298,1.1794342955407824,-0.90045166015625,-1.5343999811376814,1.442701881953344,0.5945638418197632,0.17763182520866394,-0.8847832679748535,0.3333333432674408
-0.9210929870605469,0.7443837374195891,-0.6564169795624146,0.04595766893176557,-0.2631605863571167,0.5038304328918457,1.4594625837196686,-0.24834582151753906,-0.1221913555919941,-0.6905476450920105,-0.9691107869148254,0.3333333432674408
-0.46642789244651794,-0.2625327408313751,-0.7536866644218422,0.5552268966336694,-0.5887049436569214,1.3570856440985397,1.0666242654250244,0.44197788036991603,0.29460313938623733,-0.3566324710845947,-0.9377943884403867,0.5
-0.7695379853248596,-0.14366096258163452,0.15586490483282495,0.2956041627524525,-0.90505155761238,0.5038304328918457,-0.3942053221821723,-1.4777468318071791,-0.1031291328057606,0.04406575486063957,1.951265810071232,0.6666666865348816
-1.148425579071045,-0.6785839796066284,0.6103094937039103,-0.8554255366325378,2.7085247115218976,0.7474341699267237,-0.19257894318094354,-1.4200905801381312,-0.6110004063361199,-0.957679808139801,0.34140926939931177,0.5
-0.3148728311061859,-0.7785031756741378,0.5051430698444636,3.6878282535824845,-0.4175121786952698,1.6316746314649173,0.8880308242850965,1.8456529152404186,-0.9018054008483887,-0.6798705218449789,-1.5138038368555649,0.5
-0.7695379853248596,-0.20309685170650482,-0.941284716129303,0.250400708554709,0.3868239307188362,0.06583237030312682,0.3692989623093568,0.32750133152285243,-0.15362077951431274,-1.003125032009627,-1.137765884399414,0.3333333432674408
0.5944573879241943,3.2219257713431957,-1.9230532896647454,-0.6776565313339233,0.9119084067373261,-1.5452177991346936,-1.9004204362970074,0.8496602614698492,0.9686561822891235,-0.0895003229379654,-0.37881800532341003,0.03335673101450009
-1.427592927146132,-0.2625327408313751,-0.4656206965446472,1.2635539539922092,-0.577261907720679,0.22830837790178182,0.8585902547328355,0.6333578670524077,0.2204715460538864,-0.6905476450920105,-0.8847832679748535,0.5
-0.7334995072044075,-1.0351994037628174,-0.4656206965446472,-0.15768275567326864,-0.7269890980607258,0.717163817419723,0.2916761564953275,-0.3880093398430396,1.3427485227584839,-0.42105085996006736,0.12714727222919464,0.5
1.1420618708294736,-0.9041303342473501,0.7552769103391491,-0.7213968026079989,-0.2089032083749771,-0.45108139514923096,0.7437846437735266,0.2601958863782532,-0.5277130603790283,-0.6751401633796205,-0.8847832679748535,0.3333333432674408
0.21556980907917023,-0.20309685170650482,0.6216112971305847,-0.5475035328196383,-0.5073188543319702,0.6723442673683167,0.09388972673507602,-1.4038256744229736,-0.7771079540252686,-0.15628336369991302,1.392060399055481,0.5
-0.6937604546546936,0.5101338624954224,-1.6138057116471116,0.42685208399840363,0.3924313296702448,0.20611489011204406,1.2816658326200645,0.39305609201269603,-0.23976798399602722,-0.9993715516760482,-1.4750760793685913,0.3333333432674408
-1.1061952335136203,2.1481073697439226,-2.1644208431243896,-0.766541063785553,-0.2360319048166275,-1.1813081502914429,-0.019509974867105484,-0.49549437406507646,1.0050300073365552,-0.22306638956069946,-0.15674810311876802,0.3333333432674408
-0.9968705177307129,-1.1052070319595613,-0.397668719291687,-0.8997657250973105,-0.21313189276957983,-0.8442803621292114,-0.0280287097474039,-1.1782969345911425,0.4075177013874054,-0.42341551184654236,0.3801299035549164,0.5
0.5944573879241943,-0.6983701265702469,0.21389929950237274,-0.796600856664001,-0.38418371520925615,0.6723442673683167,0.21733564138949313,-1.0645316064518238,-1.151200294494629,-0.6905476450920105,0.7174400687217712,0.3333333432674408
-0.7695379853248596,-0.7974557876586914,0.07799530029296875,0.9101532008268505,-0.01900232955813408,0.6723442673683167,0.35320624968700426,0.33705010829019266,-0.3565190517158835,-0.890896737575531,-0.45172458545792016,0.5
-0.5422053933143616,-0.6191481351852417,2.3218530720965287,-0.766541063785553,0.12582588140056494,0.39454268929222386,0.26766951610957185,-0.3868166899648493,-0.5900617837905884,-1.127117041604438,-1.0675666682655205,0.5
-0.9109793162290516,-1.2851758111000866,-0.05790869891643524,-0.7346032816239467,-0.6270502488562363,-0.031848861321564476,0.132089403831781,-1.4753514123549205,0.033425383269786835,-0.957679808139801,1.1979046215696392,0.5999991281299228
0.5944573879241943,-0.6785839796066284,-0.2617647051811218,1.7141501917823692,-0.2631605863571167,0.9248892798819153,0.3061419914886997,0.7678541228371404,-1.348409003078133,-1.2915949821472168,-0.6825793661363325,0.5
-0.3148728311061859,-0.20309685170650482,1.186296116807045,0.7519431130040674,-0.2360319048166275,0.9982176242181972,1.0498786174059858,0.4324705768390409,-1.396851484209997,-0.6237646341323853,-1.3003031753260648,0.3333333432674408
-1.224203109741211,-0.6191481351852417,-0.6015247106552124,-0.6998776793479919,-0.18706815589558312,0.5038304328918457,-0.0951072643984022,-0.8308295966782399,0.9063074588775635,1.1130553666501,0.6331125497817993,0.5
-0.01176275685429573,-0.14056903121958966,-0.009311578499141968,0.4132452996891129,-0.6429623365402222,-1.0127942562103271,-0.36044916247819475,-0.969427156789585,0.0957741066813469,0.37798094749450684,1.8385254788493932,0.5
-0.2390953153371811,-0.4408404231071472,1.0293233394622803,-0.15580399336716605,-0.7786058187484741,0.17559009649107582,-0.2077523105923454,-1.3437402109823036,0.6030532479453308,-0.5569815635681152,1.610548304726772,0.6666666865348816
-0.16331779956817627,-0.4408404231071472,0.07799530029296875,0.3640156943361006,-0.3749361809998111,1.2229851682668276,1.1290775064230796,-0.10694379314857466,-1.3981818572674618,0.24441486597061157,-0.8847832679748535,0.6666666865348816
-0.3148728311061859,-0.3814045190811157,-0.37674263730898827,-0.6554354429244995,-0.6716840820908573,0.9382059164955603,0.1966895082900156,-1.648764654932846,0.2828202545642853,-1.1092526694401232,1.4569986328930675,0.6666666865348816
0.4429023563861847,2.2466316060589095,-1.5251617057231548,-0.5665509104728699,0.7080722269678794,-0.22639626264572144,-1.0968744716122099,0.9573476122595687,1.1205988875096342,1.0810520842089164,-0.22601452892976281,0.3333333432674408
0.8294959904379595,2.5080645163111286,-1.7736776428456194,-0.8109833002090454,0.5458743109856439,-1.349821925163269,-1.4797991526249974,0.4613413121033144,0.4017869254359099,-0.0895003229379654,-0.041507821530103683,0.3333333432674408
-0.5422053933143616,-0.7974557876586914,0.6216112971305847,2.378079293386385,-0.440984172705097,1.0880091025339853,0.8846442887849933,1.111335762820611,-0.7771079540252686,-0.6238073447122315,-0.9260182649616893,0.5
0.21556980907917023,-1.094635248184204,0.17984761714598502,-0.8109833002090454,-0.1480308879762458,-0.22639626264572144,-0.9412380088636592,-0.4042239265690259,0.6569125652313232,-0.7110262031891124,-0.46314552426338196,0.3333333432674408
-1.3121429787037169,-0.5597122311592102,-0.12586070597171783,-0.7220988273620605,-0.34454667568206787,-1.1251368522644043,-1.2235334785066527,-1.475571414817411,0.5322151184082031,-0.5334876240901514,1.0547502040863037,0.6666666865348816
-0.08754027634859085,-0.6785839796066284,1.1652272939682007,-0.04632273105281756,-0.6429623365402222,0.33531656861305237,0.26279776635562924,-0.8660018136498867,1.0254460089634903,-0.957679808139801,1.8469726307507686,0.8333333134651184
-0.08069719997146341,-0.7974557876586914,0.6895633339881897,-0.766541063785553,-0.4481289331024908,-0.3394181747062586,-0.8084453737249695,-1.6898808730224764,-1.4907676104933838,-0.22306638956069946,1.1390777826309204,0.5280278074174263
0.21556980907917023,2.3459276765248167,0.10832095522430993,-0.6998776793479919,2.025556221382214,-1.230092245474572,-1.0711203013422188,0.45311702301281936,-0.34066691994667053,1.8978706501509706,-1.137765884399414,0.3333333432674408
-0.39065036177635193,-0.4322835111630257,0.30384563698202044,0.005360187520095126,-0.561576247215271,0.33531656861305237,0.6050020702363722,-0.11685917177794328,-0.0842922944185051,0.17763182520866394,-0.041507821530103683,0.5
-0.08754027634859085,-0.6885083988623356,-0.0552578728170522,-0.8109833002090454,-0.6429623365402222,-0.8191276739685078,-0.8715126867179702,-0.708526742637022,-0.5678107483174977,-1.2915949821472168,-0.5474730730056763,0.5
0.8613317633755522,-0.5002763271331787,-0.397668719291687,-0.6968184947178785,-0.45289756566387646,-0.45108139514923096,-0.11234414525600092,-0.45468807309909753,-2.2476744396650528,0.8726091899051118,-0.5474730730056763,0.3333333432674408
0.5186799168586731,-0.7974557876586914,1.5002198635354609,-0.5887720584869385,-0.2631605863571167,-0.7881091237068176,0.6104287463659678,0.13692360637440085,0.7076613375286697,-0.3566324710845947,-0.041507821530103683,0.1666666716337204
-0.01176275685429573,-0.14366096258163452,-0.941284716129303,1.2510791294018309,-0.0888269585796729,-1.2561575246237713,-1.0321682761762458,0.04150193687939378,-0.5900617837905884,-0.7360758479072974,0.6529409318462828,0.3333333432674408
0.9653214830929939,0.5101338624954224,-0.397668719291687,-0.6332142949104309,1.236278587333862,-0.5072526931762695,0.3891378678040613,0.6248445132604463,-0.9162873569889024,8.326065800374195,-0.46314552426338196,0.5
0.29134732484817505,1.7107750339936338,-2.1644208431243896,-0.544329822063446,0.8235326210181289,-0.7725083298722567,-0.7836033281096896,1.141164190839113,1.2724042483092155,0.7118961215019226,-0.8847832679748535,0.3333333432674408
-1.072648048400879,-0.2625327408313751,0.4865175378040444,-0.08268330174726052,-0.2902892827987671,0.308017785594741,-0.04034076915328058,-0.651693038042093,-0.4030156433582306,0.5115470290184021,0.7174400687217712,0.5
0.5186799168586731,-0.14366096258163452,0.7850304156857972,-0.8554255366325378,-0.3356730502337807,-0.26960255104453973,1.404712070516369,-1.248214962574668,-0.8394566774368286,-0.49019855260849,1.6450430154800415,0.5
-0.46642789244651794,0.3913325504112843,-0.44527454490752266,-0.917882676425467,-0.5073188543319702,-1.2514240590561234,-0.4842742233386096,-1.017600812314923,-0.46536436676979065,-1.3583780527114868,0.0413718736375069,0.3333333432674408
-0.9451209116360968,-0.2625327408313751,-0.3826994104539864,-0.833204448223114,-0.45306146144866943,-0.22275965498560105,-0.45948362882794686,-1.2569048033606462,0.4075177013874054,-0.4931421777886029,0.29580235481262207,0.5
-0.3148728311061859,0.5351635601156355,-0.38807121087914664,-0.7220988273620605,-0.3174179792404175,0.8387496319440483,0.6523197499652269,-1.3437452573566957,-0.7771079540252686,-0.02271728403866291,0.960562891962176,0.6666666865348816
-0.3148728311061859,-1.094635248184204,0.4857073128223419,-0.9100819136088121,0.09910480542481791,1.273337426992704,0.34519327026630525,-0.8553181886672974,-1.0516165404901414,-0.2898494303226471,-0.8004556894302368,0.3333333432674408
-0.01176275685429573,-1.2255005736491897,0.15686535585888808,0.1552837791512784,-0.01900232955813408,0.33531656861305237,0.459255221531134,-0.3915832340134397,-0.7147592306137085,-0.744467110725389,0.12714727222919464,0.5
-1.5806228405701137,-0.024789171293377876,-2.0104574300804487,1.6380648438205403,-0.2360319048166275,1.556515802639419,0.8891730879909838,0.4617335160960982,0.0957741066813469,-1.0544197796465866,-0.8847832679748535,0.3333333432674408
2.477363685223836,-0.08422506600618362,0.28185129165649414,-0.50846528829586,2.8027639714397528,-1.349821925163269,-1.7013985420237183,1.1190145565239145,-0.15263300020760776,0.4447639584541321,0.3801299035549164,0.6666666865348816
-0.8453154563903809,0.4620958260826251,-0.41940075701850754,-0.15230598641972304,-0.7243484258651733,-0.22639626264572144,-0.27364048023709947,-1.3238778176532073,-0.15362077951431274,-1.2331590867033955,1.2632783255635582,0.6666666865348816
-1.7850681185634079,3.21449009504107,-2.108745434079632,-0.766541063785553,0.5327898763543538,-1.1251368522644043,-1.2647299708711885,0.42814768699557954,4.271819727534958,0.4447639584541321,-0.7683682690277911,0.3333333432674408
0.9392591090725416,2.036566257158079,-0.6015247106552124,-0.6998776793479919,1.5145915013292386,-1.4139786757153074,-1.6765497641546774,1.0188023333533678,0.0957741066813469,1.2261314342186669,-0.5224117944810447,0.3333333432674408
-0.6937604546546936,-0.9757634997367859,0.4857073128223419,0.6491516048777142,-0.5887049436569214,0.9532006978988647,0.32300190539857815,0.10099962449810469,-0.7889103111677028,1.9420175676152793,-0.37881800532341003,0.5
-0.39065036177635193,1.661143468496416,-1.236739446934414,-0.7220988273620605,0.062383756041526794,-1.2936506271362305,-1.7103679438119814,0.1997183168781186,1.147825605295664,0.7118961215019226,-0.041507821530103683,0.3333333432674408
0.36712485551834106,-0.6191481351852417,0.8254672884941101,-0.8776466846466064,-0.34454667568206787,-0.9168250121102863,0.9642625138353961,-0.4503111435629578,-0.5277130603790283,-0.15628336369991302,0.04281972348690033,0.5
0.06401476263999939,-0.024789171293377876,0.8254672884941101,-0.7989259870012847,-0.6158336400985718,-0.90045166015625,-0.5332004769293541,-1.5100066699416301,0.3870776367858711,0.33351932230394954,1.950100090052895,0.3333333432674408
-0.6066210218813293,-0.8568916916847229,-0.12586070597171783,-0.6776565313339233,-0.09680024792740952,-0.22639626264572144,0.1395593908304809,-0.35767988465960415,0.5322151184082031,-0.890896737575531,-0.8004556894302368,0.4390663173758492
0.06401476263999939,-0.7974557876586914,0.6239449324559939,2.338293028888579,-0.16555846613910383,0.33531656861305237,1.297179527583017,1.397677896874485,-1.296061075774278,-0.2898494303226471,-1.306420922279358,0.5
-0.0028813266372104806,-0.7974557876586914,0.21389929950237274,-0.059009222222584395,-0.37167537212371826,-0.5072526931762695,0.2269470927436002,-0.4252974624172232,0.8439587354660034,-1.1606107014401175,0.4644574522972107,0.6666666865348816
0.5394890936424769,-0.7974557876586914,-0.19381269812583923,-0.8776466846466064,-0.7786058187484741,-0.7287770266140093,-1.3343259873103093,-0.9316908775859132,-0.5277130603790283,-0.2898494303226471,0.3801299035549164,0.3333333432674408
-1.6270106275470606,0.15351851284503937,-1.33893049281208,-0.4998875558376312,-0.12751711905002594,-0.8587037978981986,-0.7261925495004696,-1.0614457093468666,0.46986642479896545,-0.2898494303226471,0.7560216587270051,0.5
-0.3148728311061859,0.49836551113089095,2.9302720672546942,1.6825716852464574,0.6698206730318895,0.8737772060619062,1.106337571421504,1.183537969389093,0.2828202545642853,1.3877543042762308,-1.137765884399414,0.3333333432674408
0.06401476263999939,1.4044785229354964,0.1928067705690048,-0.7443199157714844,1.2697541081151908,-1.349821925163269,-1.6006250720809017,0.5235818379752536,-0.053969209674978126,2.3853582464332703,-0.8847832679748535,0.5
-0.2390953153371811,-0.6785839796066284,0.6497175257286183,0.5549255205933231,-0.43010975127542717,2.7752405134831704,1.2790638079843368,0.29105878735040047,0.033425383269786835,0.37798094749450684,-0.631800651550293,0.3333333432674408
6.353549003601074,-0.6191481351852417,9.11561107635498,-0.9887523055076599,-1.2940510511398315,14.546651840209961,5.739711284637451,5.3161420822143555,4.896625518798828,9.794388771057129,3.078611373901367,0.0
-0.3148728311061859,-1.0351994037628174,1.671477399274578,-0.1630484650437973,-0.6158336400985718,-0.17022497951984406,0.6051878524995665,0.16654582128977521,-1.0265028476715088,-1.3015426257078537,-1.137765884399414,0.3333333432674408
0.1397922784090042,-0.4408404231071472,0.07799530029296875,-0.5309519134343065,-0.3945148978659737,-0.14916417698294382,0.6716953113586198,-1.1132472523239987,0.07881914036695431,0.4447639584541321,1.3739543789670716,0.5
1.0534678195057268,0.890593255859358,0.010043300688266754,-0.712708452015568,0.7766830864115385,-1.1961875704742175,-1.6956580111935555,0.7765923012920504,0.15812282264232635,-0.0895003229379654,-0.631800651550293,0.3333333432674408
1.42242376874644,0.33182618021965027,0.8254672884941101,-0.5231860680911199,0.7150957560218116,-0.3387388288974762,-0.06973234126323735,1.2044544061386804,0.1537515072936259,2.1308166554131764,-0.49261630126676775,0.5
1.4345539019770057,2.3867989057493935,-0.19381269812583923,-0.4971945355955363,0.07309014031089962,-0.45108139514923096,-0.7594381261117602,1.6456352026661025,0.9686561822891235,0.6451131105422974,-0.0155976854001009,0.3333333432674408
-1.3236502810344186,-0.03727962709490248,0.36215790338016957,-0.544329822063446,-0.49020303496586826,-0.3576781068890512,-0.05083213029520488,-1.463526937507934,-0.9018054008483887,-1.562961833858956,0.5487849712371826,0.5
-0.6179829239845276,-1.0351994037628174,0.07799530029296875,0.6344313013834609,-0.2902892827987671,-0.22639626264572144,0.019163820985840976,-0.7154389807541154,-0.7271183458495515,-1.6249374082090429,0.5487849712371826,0.6666666865348816
-0.5422053933143616,1.1441983752729805,-1.924580224015825,-0.5507848990801172,-0.18177451193332672,0.936588969771197,-0.8306728382648492,-0.14858925457426525,1.8322845993686963,0.7786791324615479,1.392060399055481,0.5
-0.3148728311061859,0.09408261626958847,0.14594730734825134,1.0873785993479783,-0.2902892827987671,0.8893517208238667,1.5362860426066505,0.7574713605497548,-0.9287094215647951,-0.0895003229379654,-1.306420922279358,0.3333333432674408
-0.06495377878413576,0.6055748347511678,1.5183548041480484,1.8410524115188682,0.08555709450297272,0.16680273413658142,2.276054223083702,1.7399457149091022,0.0957741066813469,1.8343045519110548,-1.137765884399414,0.5
2.0388957142791595,-1.0198886048384919,1.1652272939682007,-0.833204448223114,-0.2631605863571167,0.03954905488981685,-0.2667722662432615,-0.3025580269737076,-1.7420600574735827,0.7786791324615479,-0.631800651550293,0.5
1.5538112805968916,-0.20309685170650482,0.71794802745752,-0.7887621521949768,-0.2631605863571167,-1.0689655542373657,-1.7750312053406416,0.34359229846307027,-0.2159694880247116,2.0194786459636984,-0.041507821530103683,0.5
-0.6179829239845276,-0.8568916916847229,-0.05790869891643524,-0.7443199157714844,-0.37167537212371826,-0.0017111222259700298,0.9471868076681722,-0.19089648595080375,0.07137469487811235,0.41866253966981015,-1.1784712749420467,0.3333333432674408
-0.7378479128897875,0.15351851284503937,0.8254672884941101,1.2133898512405643,-0.2360319048166275,1.5007946260714846,1.215370312612664,0.8432050224066895,0.4075177013874054,-0.5587744142212357,-1.137765884399414,0.5
0.1397922784090042,-0.5597122311592102,1.6330280108098525,1.4284826250333853,-0.10038841515779495,-1.4059932231903076,-1.506000206258665,0.46084741046258626,0.15812282264232635,0.06854926072485384,0.5487849712371826,0.3333333432674408
-1.4032374517951671,-1.0351994037628174,-0.3297167122364044,0.9760041077950331,-0.4801901578903198,1.1255006397114224,0.5793399618962736,0.16710640373636437,0.8439587354660034,-1.0209755256056017,-0.37881800532341003,0.5
0.7047498938723404,-1.094635248184204,0.21389929950237274,-0.8554255366325378,-0.4529090399914023,-0.5072526931762695,-0.27632201046633686,-1.4133139554488212,-0.9018054008483887,-0.5052436208651631,1.1189779948538812,0.5
-1.224203109741211,-0.9757634997367859,0.07799530029296875,-0.7443199157714844,-0.6674737322221305,2.029153051670488,0.37951234010414336,-1.664437703327586,1.238285835581447,-0.4376469240014327,1.6005674780722599,0.6666666865348816
-1.3157635163045,-0.6140618408247577,-0.6015247106552124,2.1586648452564194,-0.21433123534428414,0.5038304328918457,1.2584528755652464,0.9629102709714311,-0.04850589449700175,-0.7626710193875602,0.15161829459789894,0.5
-0.2390953153371811,-0.7974557876586914,1.017491888563094,0.27189296668453716,-0.6666622452045389,-1.234091105174807,-1.147088462594423,-1.1204228140495576,-0.2815022121078107,-1.3582218437803295,1.392060399055481,0.5
-0.6179829239845276,-0.2625327408313751,-1.0811344580653799,0.6973873659441805,-0.4174256176156231,-0.2825675308704376,-0.5900304880686431,0.7521538331191591,0.08967638863411939,-0.5569815635681152,-1.4450521143594786,0.3333333432674408
-0.9968705177307129,-0.08422506600618362,-0.31990975558610596,-0.6554354429244995,-0.6429623365402222,0.4402112444492936,0.03538187589495399,-1.7067876906562804,-0.2511458620887782,-0.890896737575531,1.6450430154800415,0.8333333134651184
0.06401476263999939,-0.3814045190811157,0.16324233647202396,1.7442892541078145,-0.37167537212371826,0.2229740172624588,0.27671025760550066,1.094723749454387,-0.8477548936979803,-0.4043435843603669,-1.0534383058547974,0.5
-0.46642789244651794,0.06166083582925269,-0.19381269812583923,0.40039537245954654,-0.5512094445055032,0.05446016043424606,0.20798971794822463,-0.995429146280839,-0.4030156433582306,-0.6718082255317012,1.3865255894435458,0.5
0.2626498546519401,-1.0935003530715752,-0.12586070597171783,1.5586469746562892,-0.39880406856536865,0.8862033845506008,0.41089946269277833,0.9902201730814948,0.9063074588775635,-0.5569815635681152,-0.9691107869148254,0.5
-0.16331779956817627,-0.8026609115363554,-0.8806581651002371,-0.6776565313339233,-0.12751711905002594,0.33531656861305237,0.2801878884611294,-0.5763493419564405,0.033425383269786835,-0.6392515623864203,-0.1258353590965271,0.6666666865348816
-1.0717182759068686,-0.5002763271331787,1.1652272939682007,2.129080823556118,-0.2360319048166275,-0.15928724392549706,-0.01993676359988128,0.23126183116289703,-0.20245562822399868,-1.0912458896636963,0.6331125497817993,0.5
-0.2390953153371811,2.042197521424908,-2.1257849721153645,-0.5887720584869385,0.9562514345142968,-0.8442803621292114,-1.7054080316652385,0.7934888049977045,2.0268843755146664,1.481162730023916,-0.46314552426338196,0.5
-1.3373799862921931,0.5101338624954224,-2.111206584505649,-0.8705141034163495,0.27271438855069474,1.9029667337850187,1.0375473787646117,-0.6136111261705299,1.0933536291122437,0.24441486597061157,-0.2101629078388214,0.3333333432674408
-0.01176275685429573,-0.2625327408313751,-0.12586070597171783,-0.833204448223114,-0.15464581549167633,-0.08203837252117863,-0.013871487868443111,-0.9666597136658727,-0.2159694880247116,1.2202809618650847,0.3801299035549164,0.3333333432674408
0.5944573879241943,0.5785843728838692,0.4857073128223419,0.14860265435567915,0.7496674064192151,-0.8442803621292114,-0.6868502205291497,-0.5587472736100861,-2.143299788223479,2.4648352008933783,1.392060399055481,0.5
-0.08754027634859085,-0.9757634997367859,0.4177553057670593,0.5139748700203111,-0.8328632116317749,0.7705734793648303,-0.03704838605604908,-0.8553181886672974,-0.5170316942550136,-0.5915676518570876,1.5607155561447144,0.5
-0.46642789244651794,-0.984967970530831,-0.05790869891643524,0.6146829015875637,-0.11599974130755772,1.5539513411492258,0.4349323832864925,0.07098538433559909,-0.46536436676979065,0.6451131105422974,-0.21959880725453418,0.5
0.06401476263999939,-0.024789171293377876,0.5536593198776245,-0.6776565313339233,0.7556997698252907,-1.0689655542373657,-0.9333664559156476,-0.45824761946710396,0.2828202545642853,0.04406575486063957,0.29580235481262207,0.5
0.4429023563861847,0.09408261626958847,-0.09221151559647414,0.2265483563175703,-0.5896807907325415,-0.8442803621292114,0.06851135486158463,-0.7580805635105531,-0.7771079540252686,-0.15628336369991302,1.425154290195462,0.6666666865348816
-0.2390953153371811,1.7262821560543689,0.14594730734825134,-0.47535402698899215,3.1737317012783794,-0.1908557303057453,0.313693069815464,0.7650201476301108,-0.41840185490635207,-0.15628336369991302,-1.2605081350268885,0.3333333432674408
-0.5555211187490527,-0.024789171293377876,-1.8900411916761009,-0.8109833002090454,0.3780950844639146,0.05446016043424606,-1.107808847273828,0.044301968236128794,0.6100753475546457,-0.49019855260849,-0.8847832679748535,0.3333333432674408
-0.3148728311061859,-0.24977419517749153,-0.6947836185586371,1.0857613396585846,-0.45306146144866943,2.772612643536235,2.064177880893237,0.6547184409996638,0.0957741066813469,-0.0895003229379654,-1.137765884399414,0.3333333432674408
1.257947995205322,-1.127895421495117,2.46239680245184,-0.6998776793479919,-0.39880406856536865,0.6723442673683167,0.261603456551906,-0.42956318071026994,-1.4005951881408691,-0.6237646341323853,0.29580235481262207,0.5
-0.3148728311061859,1.8337647815928368,-1.9560325671360133,-0.6332142949104309,0.047997701011618585,-1.349821925163269,-1.8532306937313172,-0.2500115289030914,1.0933536291122437,-0.22306638956069946,1.223405361175537,0.3333333432674408
0.38375803845331846,1.2654753626724602,-0.8053807020187378,-0.7155665872416022,-0.12751711905002594,-0.7667866112868607,-1.5068198894214648,0.01919216402678852,1.040726795315048,1.7414642823511435,1.7426786338918,0.6666666865348816
0.4429023563861847,-0.6191481351852417,-0.12586070597171783,-0.8109833002090454,-0.5236422861427849,0.5600017309188843,-0.11973556328937096,-0.45625558730565813,-0.4030156433582306,1.4014135405059527,-0.17382098836144158,0.5
-0.3148728311061859,-0.024789171293377876,0.010043300688266754,-0.6332142949104309,-0.09185677698574436,0.3116390939370116,1.1764062147996144,-0.35421240951977434,-0.46536436676979065,-0.5569815635681152,-0.37881800532341003,0.5
-0.3148728311061859,-0.024789171293377876,0.07799530029296875,1.1428282860062935,-0.6429623365402222,-0.31488576291058534,-0.22991072683920047,-0.8836716328778449,-0.46536436676979065,-0.890896737575531,2.0735584555556077,0.6666666865348816
0.06401476263999939,1.8057876652446376,-0.19381269812583923,-0.5275576105303506,0.7505203646805279,-0.8442803621292114,-1.1105507752954098,1.3193827168322292,2.298300967289372,0.4447639584541321,-0.631800651550293,0.3333333432674408
0.5944573879241943,1.1539802865348674,-1.4405194375431514,-0.6109932065010071,1.3187565519266753,-1.077500312013835,-0.746558708575653,0.627941328658167,0.20075755137301227,0.8157736121844273,-0.37881800532341003,0.3333333432674408
-0.08754027634859085,-0.5002763271331787,-0.4656206965446472,-0.4529970935885262,-0.07325971871614456,0.5600017309188843,0.8366486755469473,-0.04088760118730716,-0.34066691994667053,-0.2151817710737237,-0.7794427199671516,0.3333333432674408
-0.6937604546546936,0.1373037025296574,-2.0348684567118953,-0.8554255366325378,0.35597336275790603,-1.0127942562103271,-1.1977708859638905,-0.31462931393561605,1.099932696692304,0.37798094749450684,-0.7161281704902649,0.3333333432674408
0.5944573879241943,1.1961556440967662,-0.5335727334022522,-0.6554354429244995,0.7103894199048684,-1.2428312708418328,-1.6001383169655936,0.7385970711390983,0.2204715460538864,-0.3566324710845947,-0.8847832679748535,0.3333333432674408
0.3169094417034269,-0.9757634997367859,-0.4656206965446472,-0.16355550881098524,-0.39880406856536865,-0.24703437884141052,-0.9760524700302605,-0.7357200094741881,-1.4919153914770364,-0.2898494303226471,0.23924201319914748,0.5
-0.6179829239845276,-0.5002763271331787,0.5536593198776245,0.6254452233608316,-0.15464581549167633,0.13064545922952364,1.0976278243254374,0.32392308596396896,-0.7771079540252686,-0.6905476450920105,-1.306420922279358,0.3333333432674408
-0.7695379853248596,-0.024789171293377876,-0.3297167122364044,-0.8109833002090454,-0.01900232955813408,-0.6195952296257019,-0.08416815829642539,-0.6532201620168048,0.34516897797584534,-0.5569815635681152,0.04281972348690033,0.3333333432674408
-1.6189485933408874,-0.5597122311592102,-0.2617647051811218,-0.8554255366325378,-0.45306146144866943,-1.0689655542373657,-0.7764683503252806,-1.0633847572243802,2.141082195969762,-0.42341551184654236,1.7813372941495884,0.5
-1.3938033559110572,-0.8568916916847229,-0.05157420251452326,-0.9232274686614771,-0.2360319048166275,0.2229740172624588,0.0723158092727552,-1.3785932847733091,1.9943060085262916,0.17763182520866394,0.21147480607032776,0.6666666865348816
-0.6756051386809893,1.080941028379258,-1.7349086676328023,-0.5432306270907942,0.6312245824587127,-0.6844236652901893,-0.9545342096345801,0.08849498047625456,0.9686561822891235,-0.0895003229379654,-0.37881800532341003,0.5
0.1397922784090042,-0.2625327408313751,-0.13392112335074666,0.8464801906226828,-0.11515437592035382,0.8752758797039518,1.1123238421143318,0.5243493049221363,-0.2460908381699202,-0.09112104096878967,-0.8847832679748535,0.5
1.3975057482598672,5.5490048586112835,-0.12586070597171783,-0.6513392380738307,0.847088248078479,-0.6195952296257019,-1.0667141538258624,1.2554230197986698,1.3391256137476069,0.5406794505526786,0.21147480607032776,0.3333333432674408
-0.01176275685429573,-0.6785839796066284,0.4857073128223419,2.088285107712877,-0.2902892827987671,1.1217145919799805,1.8513523350847347,1.4069084815584076,-1.48772793613524,-0.42341551184654236,-1.306420922279358,0.5
2.4092274190403686,0.03464672341942787,1.7921813661554065,-0.6554354429244995,0.7676686498857487,-1.3193336533967652,-1.5398634967502065,0.913475884923105,-1.0888515710830688,1.3666036853351442,-0.8847832679748535,0.3333333432674408
-0.08754027634859085,0.9274547279950393,-1.196230076791607,-0.6554354429244995,0.27240031195313813,-0.6532932849297415,-1.1961282557515862,0.6829214319047896,0.9686561822891235,0.3111979067325592,-0.8847832679748535,0.5
1.843266473338045,-0.6191481351852417,1.1652272939682007,-0.6109932065010071,2.0127914529291115,-0.9454113368581354,-1.52284304609035,0.5652217568703153,0.0957741066813469,1.2620900325798665,-0.041507821530103683,0.3333333432674408
-0.01176275685429573,-0.8568916916847229,0.11455114755458808,0.2787980189149416,-0.561576247215271,0.33531656861305237,0.14113452019696038,-0.0389439646420012,-1.1303944394396528,-1.1946629942117657,-0.37881800532341003,0.5
6.353549003601074,-1.5701223611831665,9.11561107635498,-0.9887523055076599,-1.2940510511398315,14.546651840209961,5.739711284637451,5.3161420822143555,4.896625518798828,9.794388771057129,3.078611373901367,0.0
-1.1849419413076052,-0.2625327408313751,-1.9471607381327978,-0.8776466846466064,-0.5812055741090895,0.7800425218608952,0.06825111690010661,-1.0689625380271508,-0.028923334553837776,-0.559873989902898,-0.8004556894302368,0.3333333432674408
-0.49987742488014275,-1.0201174970754694,0.8254672884941101,0.2713831971001714,2.1130415344323477,0.8546746171254586,-0.31080781694524207,0.026967791244631677,-1.6522649831500438,-0.890896737575531,-0.9691107869148254,0.5
-0.5422053933143616,-0.9163275957107544,0.7127954009091867,-0.8109833002090454,-0.37167537212371826,-0.731937825679779,0.32517322293204426,-0.617957021078027,0.15812282264232635,0.7786791324615479,-0.1258353590965271,0.3333333432674408
-0.544532444846482,-0.4408404231071472,-0.941284716129303,-0.6776565313339233,0.6079085414525409,-0.0017111222259700298,0.1649296769736831,-0.21286449543034744,0.46986642479896545,-0.890896737575531,-0.8847832679748535,0.3333333432674408
0.1397922784090042,-0.5002763271331787,1.1429855851534036,0.3384634501438789,-0.855058366952454,-0.19684015541058986,0.7504707960514313,-0.2142983422560404,-0.5900617837905884,-0.42341551184654236,0.17388096710381507,0.5
1.785719388482985,0.09408261626958847,0.9340908452056581,-0.5644829219798027,0.6452580284580939,-0.6195952296257019,-1.4986442455888735,0.408965336461462,0.5393708980494223,1.5366637417758475,0.5985314378689653,0.5
-0.16331779956817627,3.287348233685583,-0.9527690144921115,-0.6998776793479919,0.709475224541445,-1.1813081502914429,-1.580149758661528,0.5629258376948254,1.2019973507475896,0.40907808987215233,-0.8004556894302368,0.5
-1.3565663187420716,0.3041912774219763,-0.397668719291687,-0.5477019782618106,-0.5510113923044357,0.5600017309188843,-0.32824140390232964,-1.8138404723534063,0.2828202545642853,0.04406575486063957,1.9869640925610887,0.5
0.5944573879241943,-0.3814045190811157,1.3178515431400735,1.6873484494181878,-0.6429623365402222,0.5882912164178703,-0.02531529377239554,0.9511714078878797,-1.45708845921862,-0.7573306560516357,-1.2220934629440308,0.3333333432674408
-0.46642789244651794,-0.7380198836326599,-0.2617647051811218,-0.7887621521949768,-0.34454667568206787,0.2791453003883362,0.18964358383310562,-0.5891226062023854,0.0957741066813469,0.37798094749450684,-0.46314552426338196,0.3333333432674408
0.7460124492645264,0.11937240100823902,0.8934193253517151,-0.5887720584869385,12.679355155185537,-0.6195952296257019,-0.4974676866478791,1.0221188524696028,-0.5671429061178098,2.753915972566494,-0.8847832679748535,0.3333333432674408
0.7460124492645264,-0.6785839796066284,0.28185129165649414,-0.8109833002090454,-0.6429623365402222,0.5600017309188843,0.770077129344307,-0.7268145666411618,-1.9791676382230483,0.04406575486063957,-0.1258353590965271,0.5
-0.7695379853248596,0.09408261626958847,0.28185129165649414,0.6844067361844677,-0.6158336400985718,-1.349821925163269,-0.8042905428531942,-0.8553181886672974,-0.5900617837905884,-0.15628336369991302,1.1881580809385195,0.5
-0.7205737630147214,2.0953858617539756,-1.8459486908781289,-0.8842568596040632,-0.7897506709778697,-1.0079889282478378,-1.092545729505564,-1.0584928577234491,-0.028923334553837776,-1.2292125961930196,-0.16860502032710767,0.3333333432674408
-0.16331779956817627,1.544657896666585,-2.1644208431243896,-0.5754628105932658,0.7591539905200553,1.1217145919799805,-1.0687066926202782,1.2225375424953115,1.9225246557970264,1.5420323145403643,-0.37881800532341003,0.3333333432674408
-0.8453154563903809,0.33182618021965027,-1.4866853680064975,-0.05344636447869672,-0.2360319048166275,1.2972046233433048,1.531460834752016,0.22582866895134276,0.1424939347972164,0.5816104100496706,-0.8847832679748535,0.3333333432674408
-0.6179829239845276,0.6205905069208091,0.7090551862207388,-0.8776466846466064,-0.561576247215271,-1.0127942562103271,0.05067919762508105,-1.358966018204646,-0.6677649893626983,-1.3626775873757413,-0.1258353590965271,0.3333333432674408
0.08938469599302593,-1.094635248184204,0.5477725383544073,-0.6776565313339233,-0.561576247215271,0.7846868634223938,1.1714455963438366,-0.9610111192227422,-1.070624549502451,0.4480660035763047,0.6331125497817993,0.5
-0.3148728311061859,-0.9757634997367859,-0.5023237474322105,-0.5793201928225489,-0.12220975302557863,0.8897746534274179,0.10546180076462867,-0.3739187554182426,-1.0265028476715088,-1.0398010341916821,-1.0564796056896464,0.5
1.2758870296355767,-1.094635248184204,0.07799530029296875,4.79925672499013,-0.3509681971306023,1.1873377953116362,1.6063913763547661,4.253288522571246,-2.254180171152161,1.3182795758905432,-1.4458477214094119,0.5
-0.01176275685429573,-0.5002763271331787,-0.05790869891643524,0.7950115948843236,-0.2902892827987671,-0.4798321223191014,0.5047363017261902,0.41472406692608554,1.0933536291122437,0.5783300399780273,-0.5474730730056763,0.3333333432674408
0.4429023563861847,-0.4408404231071472,0.28185129165649414,1.6888391946704329,-0.7511029812520379,1.3043652628048858,0.46852201595991744,0.3786520203384873,-1.4681353521762288,-1.0419152445762703,0.6331125497817993,0.3333333432674408
-1.224203109741211,-0.024789171293377876,0.6895633339881897,-0.7922251970211077,-0.4801901578903198,0.7846868634223938,-0.003997421592208001,-1.2508432247511958,0.4075177013874054,0.6451131105422974,0.3801299035549164,0.5
-0.30954974548374603,1.4523669773861112,-1.9041107636557744,-0.7887621521949768,0.5951326386348896,-0.7881091237068176,-1.5815331398669792,0.4649255131665656,1.9831810778348224,1.1891632765763132,-0.46314552426338196,0.5
-0.8453154563903809,-1.3206026747019892,-0.5335727334022522,1.559943127525032,-0.561576247215271,0.9766490239328148,0.11125940611883697,0.08501888275808797,1.0708603759665176,-1.0244628190994263,-0.041507821530103683,0.5
-0.20059238904576598,0.09408261626958847,-0.8053807020187378,0.4136297094623608,0.6839614762035598,-1.2280779458507136,-1.6968449463379953,0.4990014000952017,0.7192612886428833,-0.5569815635681152,0.04281972348690033,0.1666666716337204
-0.5510431957941904,-0.3814045190811157,0.4177553057670593,1.0345538796449203,-0.3509076043675151,1.065543293952942,1.2756394531923188,0.7011587609358529,-0.9716650749367635,0.17763182520866394,-1.0534383058547974,0.5
-1.3438916138421104,1.00354264968338,-2.146676940531823,-0.7349341834566447,0.24501032938112471,-0.9095872181397319,-0.9716049802277194,-1.2042063105681184,1.4760851758705833,0.9021058536575566,2.0774635852067127,0.6666666865348816
0.5915544279027387,0.48719137532722057,-0.5335727334022522,-0.6998776793479919,0.5997028582713491,-1.1914907653415228,-1.6361932073036192,0.831994818813409,0.8439587354660034,0.5115470290184021,-0.8847832679748535,0.3333333432674408
-0.4779748187150137,-0.8568916916847229,0.8824253571932579,-0.8998677730560303,-0.42593276500701904,-0.2549493855193663,0.2815485947220424,-0.3892006952969078,0.7192612886428833,0.1108487918972969,-0.46314552426338196,0.5
0.06401476263999939,-1.213507056236267,0.14594730734825134,1.0905888943920712,-0.06217556603104884,-0.90045166015625,-1.1019812499962875,0.5962301746539265,0.15812282264232635,-0.49019855260849,-0.2101629078388214,0.5
-0.46642789244651794,-0.024789171293377876,0.010043300688266754,-0.8396832456960326,-0.4801901578903198,-1.237479329109192,0.5997308544348379,-1.5150728304983103,-0.6524105072021484,-0.5569815635681152,1.3995717039670588,0.3333333432674408
-0.16331779956817627,1.7035386591140205,-1.784503787575343,-0.6998776793479919,2.2782954680283694,-1.349821925163269,-1.782019999659651,0.2733849645469705,1.4420642526081882,0.3111979067325592,0.4644574522972107,0.3333333432674408
-0.9210929870605469,0.09408261626958847,-0.8033970965842061,0.0721855489238838,-0.45758615507765665,1.6931290662500573,1.669143988153375,-0.20715802423580257,0.27894994566607806,-0.2898494303226471,-0.6615360384546558,0.3333333432674408
-0.3148728311061859,-1.094635248184204,-0.1676592612933765,-0.4998875558376312,-0.31814387570791075,1.9601874259182008,0.96785208450504,-0.5044046161356626,-0.3479540816552542,-0.13352920687196818,-0.2944904565811157,0.5
-0.39065036177635193,1.2930673852499082,-0.8053807020187378,-0.6332142949104309,0.24132680017072727,0.6161730289459229,-0.38508346473076666,-6.529943311490982e-05,0.6438786255260265,0.9122452139854431,0.04281972348690033,0.5
-1.072648048400879,-0.6785839796066284,0.8254672884941101,1.148458155682526,-0.37167537212371826,1.433054066846953,0.7772883613317526,0.22082875379701938,2.0094716533945967,-0.6276578879108623,0.29580235481262207,0.8203688037677224
-1.2944647882264586,-0.4868215860427449,-1.6659157146485883,1.7349137696803107,-0.5073188543319702,2.537489172653102,0.7834546285713494,0.49037823866463387,-0.6524105072021484,-0.5569815635681152,-0.5597368244666047,0.3333333432674408
0.2915979174173516,-1.3290516895547773,0.21389929950237274,-0.8776466846466064,-0.2902892827987671,-1.0127942562103271,-0.5197658820443426,-0.6161647529127071,0.033425383269786835,-0.15628336369991302,-0.041507821530103683,0.6666666865348816
-1.1418343271632978,-0.46801451246651454,-0.397668719291687,0.05721610567580527,-0.10038841515779495,-0.8844600871207262,-0.2797605135137231,-0.6128237672313592,0.23551293659199793,-0.890896737575531,0.38085725709708984,0.5
0.06401476263999939,-0.2625327408313751,-0.25837267041919876,0.4256505528290448,-0.8328632116317749,-1.1251368522644043,-0.10332588278809211,-0.7889301300374791,-1.6584476463741378,0.17763182520866394,1.2442567721901494,0.5
-1.3147013381553154,-0.14366096258163452,-1.6791123991455665,0.7361784967292485,-0.04613102599978447,0.30778620550852615,0.4926259058873041,0.023924348922341198,0.46986642479896545,-1.0244628190994263,-0.631800651550293,0.47947411157706976
0.7427289364512734,-0.14366096258163452,0.34980329871177673,-0.6998776793479919,-0.2089032083749771,-0.0179763403499164,0.14362084803653213,-1.1088263683416928,-1.4101824923603465,-0.22515482325272188,1.3437411037918914,0.5
0.10487692374339472,-0.5002763271331787,0.07799530029296875,0.675321564876975,-0.3174179792404175,1.3653315742189087,1.0435702518941674,0.20929743834089076,0.033425383269786835,-0.6088377769610083,-0.37881800532341003,0.5
-1.6098628438416605,1.0501660968036945,-0.5335727334022522,-0.5665509104728699,-0.45306146144866943,-0.38919991965468287,-0.4820439859389547,-1.7411678020387582,0.34516897797584534,0.1364204022791007,1.813698172569275,0.6666666865348816
-0.01176275685429573,-0.2625327408313751,0.4857073128223419,-0.5272118989306466,-0.45306146144866943,-0.08002911285354777,-0.18419369169881075,-1.5289397383636534,-1.0265028476715088,-1.0943836324376752,1.7739665865878984,0.5
2.441450280339184,0.7212082226460027,0.9101198967865817,-0.7887621521949768,0.09008127285191914,-0.731937825679779,-1.545940255790682,0.586735683153224,-0.6524105072021484,2.274912733777003,0.9098688146600619,0.6666666865348816
-1.0212522577508074,-0.9568966254116308,-0.8755361298675202,-0.9519938858725719,-0.7208080001983231,1.5590292625612936,0.1085180603722622,-1.3331555138014126,0.7192612886428833,-1.42144641421808,0.21147480607032776,0.5
0.06401476263999939,-0.4408404231071472,0.6878232164178101,1.9006069026209036,-0.12751711905002594,1.8827565499613648,1.1740332190774492,1.165442730614658,0.6949914069104733,-0.02271728403866291,-0.3066106750452387,0.5
-0.9210929870605469,-0.5002763271331787,0.28185129165649414,-0.7365598469691498,-0.7465471428997792,1.3269085788494615,-0.04637805094646594,-2.058165300207181,-0.9018054008483887,0.5115470290184021,2.0669884479969753,0.6666666865348816
0.7460124492645264,-0.5597122311592102,1.5168719844984,2.7176786050489885,0.062383756041526794,0.50408881370659,1.8816791423488302,2.1467035501567975,-1.7153740470751584,0.04406575486063957,-1.306420922279358,0.5
2.6617845492335004,-0.14366096258163452,0.8934193253517151,-0.6554354429244995,0.9728678644983157,-0.9193961214782965,-1.324666908184587,1.6493023314498325,-0.15362077951431274,1.3714025903601819,-0.8847832679748535,0.5
3.6927853716851584,0.06634116109515287,1.1652272939682007,-0.7887621521949768,0.9628109215306945,-0.6757665276527405,-1.2727690367452225,1.2555658455660137,-0.5277130603790283,1.473615336321267,-0.42617502261425705,0.5
0.1397922784090042,-0.024789171293377876,-0.12586070597171783,-0.7443199157714844,0.23418234876293328,-0.4042959110763845,-0.9849456291817098,0.194415437014055,0.9686561822891235,0.24441486597061157,-0.3526589678741174,0.5
-0.5422053933143616,0.6066219375224681,-1.035148083893468,-0.8109833002090454,0.45690630604074134,-1.2721901198423784,-0.313141545975107,-0.7688639326615537,-0.028923334553837776,-0.35177729690274157,-0.30411848294287913,0.3333333432674408
-0.3148728311061859,-0.6795667071761384,-0.3297167122364044,-0.043689765676636405,-0.23508659892517772,1.2892676708632909,1.2488076035572828,-0.19106062614700317,-0.5277130603790283,-0.6905476450920105,-0.2419559440259427,0.5
0.21556980907917023,-0.11396350590074777,1.5295633834814155,-0.40233243105470967,0.6525275179444899,0.30796453665999457,-0.2176747728256414,0.7022996264278097,2.0907129880388315,1.0806233588960736,1.5787153377639735,0.5
-0.3148728311061859,0.09408261626958847,-0.19381269812583923,-0.7850790826415093,0.26084658470301536,0.6723442673683167,1.7038952270303458,-0.5453850881114738,-0.5199326549540849,-0.31748999115423204,-0.856399371980276,0.3333333432674408
-0.2390953153371811,-0.4022097307637729,1.073532387439325,2.621834738627458,-0.4871278781325611,0.6651509323544446,1.0455129561250556,1.7247147650616501,-0.05522252927318826,-0.4210749000635197,-1.4864241776486757,0.3333333432674408
0.06401476263999939,-0.8568916916847229,1.517065056919518,-0.8554255366325378,-0.6510244573072052,-1.0689655542373657,-0.922872448852455,-0.892740950684004,0.2204715460538864,-1.1736339194958227,0.12714727222919464,0.6666666865348816
-0.3148728311061859,-0.33905724704666534,-0.8408597163776509,0.42442808317431857,-0.2360319048166275,-0.22639626264572144,0.8649647396711546,0.3279933528709314,0.9686561822891235,0.24441486597061157,0.21147480607032776,0.5
-0.16331779956817627,-0.9757634997367859,-0.05790869891643524,-0.0642802318912818,-0.6429623365402222,0.33531656861305237,0.1239910050125546,-0.889376345404767,-0.1583649504200264,-0.49019855260849,1.0243538402077819,0.5
-1.0213353978852153,-0.6637828952173238,0.14594730734825134,0.31263823080294145,-0.15464581549167633,0.33531656861305237,0.6614838541678039,-0.039798660186702424,1.219215906557483,0.8834762446900765,0.29580235481262207,0.5
-0.7749130623656066,0.02174814364764352,-0.2617647051811218,-0.7443199157714844,-0.15464581549167633,1.9769990763780383,0.9888603324801487,-0.5757006328083525,1.3427485227584839,2.635479565985079,0.04281972348690033,0.5
-1.138460314261851,-0.5002763271331787,-0.6342192339358143,2.187492134097717,-0.4525942360844014,-0.36366308166412775,0.2317552802286679,0.9311435422141331,1.2864303191482043,-0.3597766450694169,-0.9691107869148254,0.3333333432674408
0.06401476263999939,-0.7380198836326599,-0.12586070597171783,0.5335176655321318,-0.5887049436569214,0.10207892900436283,0.23418064704249952,-0.340027632376705,-0.2476125525068412,-0.4221328566788787,0.29580235481262207,0.6666666865348816
0.5808826211984042,2.055760017159593,-2.1644208431243896,-0.6232855514233486,0.9706965345772874,-0.8976929656642899,-1.3088598784023628,1.165459702131907,1.5973926837802999,0.3111979067325592,-0.8847832679748535,0.5
-0.39065036177635193,-0.5002763271331787,0.38490428679732136,-0.6776565313339233,-0.2089032083749771,0.2229740172624588,1.4522897563906003,-0.10776038661750675,1.4744015117321898,0.6369693334885219,-0.1258353590965271,0.019101109580080964
-0.5453474533626436,0.09408261626958847,-0.6773254062604585,1.3052923899955893,0.1415912568185862,1.7820401754334474,1.5575473360124332,0.7292765745276516,0.15812282264232635,0.24441486597061157,-0.9929789449910869,0.3333333432674408
-0.6179829239845276,1.7407634375361054,-1.393598895395395,-0.766541063785553,1.1086152982548112,-0.7585012551042578,-1.213818073922728,0.23802089710160512,0.5322151184082031,0.025212150281587332,-1.137765884399414,0.3333333432674408
-1.072648048400879,-0.04066027906900121,0.6895633339881897,0.3815147816735098,-0.04952629233894691,0.6723442673683167,1.6340529265944617,0.24456763381438876,-0.34066691994667053,0.04406575486063957,-1.306420922279358,0.5
-0.9968705177307129,1.2739999925424228,-1.3640460301010577,-0.4909862002231201,-0.8261096748957041,-0.06592033905963149,-0.22364711351107783,-1.5629864684041022,0.7705226074261726,0.3111979067325592,1.664790135758596,0.5
0.29134732484817505,-0.5002763271331787,-1.4550314777194593,-0.9173378528684697,-0.8784107644402946,0.4591590825809056,-0.6316514084857197,-0.8825391727621852,0.2729085142262965,-1.2915949821472168,-0.2101629078388214,0.5
-0.3148728311061859,0.621350573475239,-0.5335727334022522,-0.4159635107659377,0.6400946653226558,-0.0578824058175087,0.3301681723657301,0.3296495352181831,-0.2783181965351105,-0.6237646341323853,-1.447580636087544,0.3333333432674408
-0.1158998057700096,-0.9163275957107544,0.7417893012144403,1.3950211640948824,0.08721853150058448,0.4476591646671295,-0.16858879869165766,1.5395009523386245,1.0933536291122437,1.2177515897733333,-1.4750760793685913,0.4961471703991186
-0.8453154563903809,-0.6191481351852417,-0.8002329662007224,1.3288146943569197,-0.4801901578903198,0.7846868634223938,0.26769777109237497,-0.1393024772263372,0.5945638418197632,-0.02271728403866291,0.7409840219575476,0.5
-1.148425579071045,-0.5002763271331787,-0.12586070597171783,1.8524220354378904,-0.2089032083749771,0.9347524209303134,1.6625082488430687,1.0584556606734057,-0.34066691994667053,-0.22306638956069946,-1.0534383058547974,0.3333333432674408
-0.8453154563903809,-1.0351994037628174,0.19959549201066631,-0.8770875626413983,-0.7559344920788029,-0.731937825679779,-1.2292191247240931,-1.3423108506092791,0.0957741066813469,-0.890896737575531,0.9885836927130967,0.5
0.06401476263999939,3.0301145389190056,-2.034689940468002,-0.5658197025348821,1.1968722726868282,-0.7623961359918627,-1.4564244363205108,1.4669950270244054,1.0285176615956142,0.6451131105422974,-0.9691107869148254,0.5
-1.224203109741211,-0.5002763271331787,-0.19381269812583923,1.0818969815281436,-0.561576247215271,1.066762614687028,0.49270705380190827,0.34775983092389984,-0.09127205610275269,-0.6905476450920105,-0.8847832679748535,0.5
-0.6592007881100167,-0.5597122311592102,0.010043300688266754,0.5235981027562594,-0.2902892827987671,0.05446016043424606,-0.054365459509257634,-1.132953287407794,-0.46536436676979065,-0.957679808139801,2.0781442570583515,0.6666666865348816
2.3916308390201957,0.3926717142141906,2.306610725906502,-0.7443199157714844,0.8312055731259118,-0.03384785194292467,-0.6539548901394859,1.0940214259481296,-0.2783181965351105,5.363466115098899,-0.9691107869148254,0.3333333432674408
0.4808997731679424,1.525504756903112,-1.524737460387471,-0.6554354429244995,2.8472494691860475,-1.237479329109192,-1.6576166202534148,0.3297100370617755,0.2204715460538864,1.7735433714496964,-0.041507821530103683,0.5
-0.3148728311061859,-0.4408404231071472,0.8564203924222172,-0.8688352666433514,-0.3288158117136894,-1.1251368522644043,0.020121875085257316,-1.2489606008259033,-0.5900617837905884,-0.20350347164872493,0.5487849712371826,0.3333333432674408
0.3940477357387663,-0.14366096258163452,-1.3598369874023017,-0.8109833002090454,0.25802992018099646,-0.5072526931762695,-0.35396916533299616,-0.6542571783349933,-1.4005951881408691,-0.957679808139801,-0.5474730730056763,0.3333333432674408
0.771100874100972,0.5482913635470851,0.07799530029296875,-0.6776565313339233,0.41766205116053806,-1.349821925163269,-1.7427684838527933,0.693287180265972,0.2828202545642853,1.3912453702668934,0.04281972348690033,0.6666666865348816
-0.39065036177635193,-0.3433434741942091,0.010043300688266754,0.5834833214277397,-0.39880406856536865,2.215399575338457,1.9132740221104925,0.4413744637352718,-1.5194596029094474,-0.02271728403866291,-1.2220934629440308,0.5
-0.46642789244651794,-0.7974557876586914,-0.19381269812583923,-0.8998677730560303,-1.0331052412617334,-0.22639626264572144,-0.23642718749779046,-1.788863060748619,-0.6168568485165637,-1.3583780527114868,1.7339513872114138,0.5
-0.2390953153371811,-1.0351994037628174,2.0322372823685986,-0.1469033038681052,-0.561576247215271,10.587765454575505,1.6689875404814485,-0.032551358061164604,-1.930232190797238,-0.3566324710845947,-1.1055800521387666,0.5
-0.42208643078457475,-0.4408404231071472,-0.05790869891643524,0.0570271027930038,-0.561576247215271,0.8940094180143608,0.4700617681143699,-0.550857172454608,2.006780532761284,-0.5569815635681152,0.9442443993371217,0.6666666865348816
1.8402690801483967,-0.024789171293377876,1.2008634312902309,-0.5887720584869385,3.0168367187835496,-0.3813010857252839,-0.9148131408436897,1.2532414734027173,-0.7147592306137085,0.47331837340000155,-0.631800651550293,0.3333333432674408
5.850104759077956,0.18891917843482203,3.837502305453532,-0.6118134775024953,1.323909005072674,-0.6757665276527405,-1.1483796863926614,2.286636695502292,-1.9556376920063083,1.3829554561837725,-1.1262100722408703,0.3333333432674408
-0.3148728311061859,-0.20309685170650482,1.6725522675062625,-0.042746148540255255,-0.4801901578903198,-0.22639626264572144,1.4208926281075849,0.17378507796414028,0.34516897797584534,0.1954362216144164,-0.6093903704042933,0.3333333432674408
0.1397922784090042,-0.6191481351852417,3.4740873455358843,0.12227870614125806,-0.27672859224221563,0.6723442673683167,1.7125445100258658,0.40830668396550723,-0.42824641914909883,0.3111979067325592,-0.8004556894302368,0.3333333432674408
-0.39065036177635193,-0.5002763271331787,-0.2617647051811218,-0.6309299011557621,-0.6429623365402222,-0.722024253564029,-0.135251342926346,-1.5910456320347792,-0.4490902472911157,0.04406575486063957,1.5607155561447144,0.6666666865348816
-0.9968705177307129,-0.9163275957107544,0.21389929950237274,-0.7443199157714844,0.018806612234934482,-0.5634239912033081,-0.5260649637017756,-1.2009162834930656,-0.3522405052947488,-1.0244628190994263,0.3801299035549164,0.5
0.6177614933160189,-0.8688853460950297,0.1645732456757069,-0.8109833002090454,-0.45306146144866943,-0.25755085526874544,-0.839729576187423,-1.1927340057911324,-0.4030156433582306,0.3111979067325592,0.6331125497817993,0.5
0.29134732484817505,-0.5002763271331787,-0.6694766879081726,-0.8776466846466064,-0.20502875166284443,-0.6722889223598136,-0.6738559957219358,-0.5012791653372619,0.2204715460538864,-0.49019855260849,0.04281972348690033,0.3333333432674408
1.3699400701800617,2.2815927281698842,-1.8881381111752178,-0.6554354429244995,1.0415592947994288,-1.0689655542373657,-1.3699113920247077,1.0536016483602244,0.9063074588775635,-0.22306638956069946,-0.7799906712354167,0.3333333432674408
-1.4747146366672692,-0.5002763271331787,0.21389929950237274,-0.8837266345170852,0.3702242554998973,-0.17022497951984406,0.7258857257233596,-1.060686277443234,0.8093797983188558,-0.890896737575531,-0.1258353590965271,0.3333333432674408
0.24916924308334257,-0.5597122311592102,0.6216112971305847,-0.6597292860030962,-0.8592281861233493,0.5600017309188843,0.23153453537948226,-0.8610697142427195,-1.213549017906189,-0.6237646341323853,0.4644574522972107,0.5
0.5617748316931737,-1.0351994037628174,0.010043300688266754,0.3026996159368696,-0.5072049851175242,-0.3387388288974762,-0.22531775457349823,-0.07598037754543352,-0.46536436676979065,-1.1580289602279663,-0.631800651550293,0.5
6.074476305224836,1.161658902230727,2.605359774864159,-0.6109932065010071,0.993917295173229,-1.053083574953924,-1.6847404820162906,1.9567426508750236,-1.3121223725372286,0.6888923633528323,-1.137765884399414,0.5
-0.2390953153371811,-0.7974557876586914,0.010043300688266754,-0.7290764541123951,-0.7786058187484741,-0.013713970047700814,-0.054981661592546194,-1.6199970969855528,-1.143009375116741,0.37798094749450684,1.5607155561447144,0.6666666865348816
-0.6179829239845276,-0.6714090704415417,0.4857073128223419,1.453071797282871,-0.5073188543319702,1.3322982873521476,0.839450660908875,0.6142725343345554,-0.48076719586890054,0.5115470290184021,-0.8004556894302368,0.6666666865348816
-0.08754027634859085,-0.7430176279885907,0.4857073128223419,-0.833204448223114,-0.5073188543319702,1.5355555735357709,0.26493512576971573,-1.390510748232334,-0.15362077951431274,-1.0244628190994263,0.8017675876617432,0.6666666865348816
0.6702349185943604,-0.6785839796066284,1.0293233394622803,0.3782416224225638,-0.4581182702954648,0.2791453003883362,0.5306318804661061,0.32575707857330344,-1.189589313930386,-0.49019855260849,-0.5859365657890439,0.5
-0.2390953153371811,-0.14366096258163452,-0.4180537978663529,2.0119139099538073,-0.5073188543319702,0.16680273413658142,0.6168728013424762,0.6099674469793753,-1.5864081543371877,0.37798094749450684,0.21147480607032776,0.5
0.06401476263999939,-0.6785839796066284,0.281369387402939,-0.5523120116552913,-0.2089032083749771,1.440101228737424,1.206813686185444,-0.4737188434840023,-0.5900617837905884,0.3194765169109878,-0.46314552426338196,0.5
1.7396739643278611,0.8281048257904302,-0.2617647051811218,-0.5665509104728699,0.8776091311974648,-1.0689655542373657,-1.4757986737624436,1.331142827722192,0.5322151184082031,1.9382190126458636,0.21147480607032776,0.3333333432674408
0.5534189196446099,2.1025456161578866,-1.1376125430497706,-0.7299104393239,0.96630326397679,-1.1251368522644043,-0.07668460485811567,1.0010030504522711,0.831209618351233,1.4121754777929185,-0.9691107869148254,0.5
1.8713522689714537,1.2870625242513054,1.473351103690384,-0.6998776793479919,1.1074929850283952,-0.11405368894338608,-0.008358092715428103,0.9384387019977903,-0.5900617837905884,0.24441486597061157,0.04281972348690033,0.5
-1.224203109741211,-0.7974557876586914,-0.1846026340267232,-0.8401794912980849,-0.34454667568206787,0.11063144356012344,0.46326412166748465,-1.3652887096017843,1.5217939659441488,0.24441486597061157,1.1390777826309204,0.5
-2.3140948917445585,0.09408261626958847,-0.6749737032416561,-0.7887621521949768,-0.34454667568206787,-0.3387388288974762,-1.0564388112603145,-0.23263445524320223,4.811323924479842,2.5941105929620916,0.7174400687217712,0.5
-0.01176275685429573,0.7782278453032715,-0.6694766879081726,-0.7220988273620605,8.719131449137931,-0.731937825679779,-0.07347448434420165,0.09018814928621513,-0.46536436676979065,1.5822570166861727,-0.631800651550293,0.5
1.5321648781052508,-0.9163275957107544,0.7033732675287498,0.5856718660967279,-0.34454667568206787,0.7538795282668127,0.8379626466901834,0.6877529709151005,-0.7771079540252686,0.5306690675130292,-0.1258353590965271,0.6666666865348816
-0.36788149054786545,-0.6785839796066284,0.9938783448120928,-0.833204448223114,-0.6435618905292065,-0.05595273219505139,-0.2895085029893423,-1.6002650664500497,-0.4030156433582306,-0.890896737575531,1.3099050310788474,0.5
0.8057612097415706,1.958595318943522,-1.195136805879905,-0.5412744652710315,0.547924342514519,0.4476591646671295,-1.0867998104906416,1.1311882526265644,-0.028923334553837776,0.17763182520866394,0.12714727222919464,0.5
0.17062204351405716,-1.22276656179438,1.609995648458294,-0.8554255366325378,-0.5344475507736206,0.6405632970585701,0.04857335847495476,-1.0630005030037581,-0.6413616195045944,-0.49019855260849,1.0448928238904616,0.6666666865348816
-0.01176275685429573,-0.685227843439118,0.8254672884941101,-0.8252547627574673,-0.3174179792404175,-0.45108139514923096,-0.16930660662039781,-1.1310769350810612,-1.3082127096967762,-0.6905476450920105,0.3801299035549164,0.5
-0.7331297083763699,0.21051032065038502,-0.397668719291687,0.042685304053728404,-0.40679183521778406,0.4411196890347835,0.4685685415874611,-0.8553181886672974,-0.028923334553837776,1.0485535995978124,1.223405361175537,0.5
-0.3148728311061859,0.09408261626958847,0.28185129165649414,-0.9209375238857941,-0.34454667568206787,-0.8442803621292114,-0.2602060010017326,-0.20208540483782578,0.0957741066813469,-0.8241137266159058,-0.5348831084853615,0.3333333432674408
-0.9968705177307129,-0.5597122311592102,0.07799530029296875,-0.5665509104728699,-0.701406220010587,-1.237479329109192,-1.0854903199545622,-1.672978602928462,0.5868914816728479,0.46836506067632916,1.813698172569275,0.8333333134651184
-0.46642789244651794,0.27239030599594116,1.1652272939682007,2.2536253489823155,-0.10038841515779495,0.5600017309188843,1.525995558831661,1.2703948376850038,-0.7147592306137085,-0.5569815635681152,-1.4924467805965769,0.3333333432674408
-0.8541422863740814,-1.1347748809319218,-0.4656206965446472,-0.7220988273620605,-0.5073188543319702,0.33531656861305237,-0.07464382394810794,-0.4811255023592122,1.8823763292641533,0.2857140820189059,-0.041507821530103683,0.5
-1.545348141750345,-0.5002763271331787,-1.6549630418804875,-0.8554255366325378,-0.5073188543319702,-0.7576919043439125,-0.5669748164714187,-1.0148004249266496,1.6752944664699216,0.3111979067325592,1.2036700901727282,0.5
6.353549003601074,7.309486400446691,9.11561107635498,-0.9887523055076599,-1.2940510511398315,14.546651840209961,5.739711284637451,-2.504413366317749,4.896625518798828,9.794388771057129,3.078611373901367,0.0
0.5944573879241943,-0.024789171293377876,-0.397668719291687,-0.4302971359674253,-0.42593276500701904,-0.7278788208305577,-1.1082798558788398,-0.21011279469779268,-0.2783181965351105,-1.3447849652258397,-0.1258353590965271,0.5
-0.9968705177307129,1.3873433394391959,-2.1644208431243896,-0.7220988273620605,1.3980071182959986,-1.3819418847357712,-1.804671152952347,0.22303067381691907,0.9686561822891235,0.7810240530766055,-0.631800651550293,0.5
1.0523730642427525,1.1627044633018055,1.1652272939682007,0.42350780855058345,-0.35377551779696453,1.6829599075383808,2.2335255483317233,0.8362212329083916,-2.1465657362966692,0.6451131105422974,-1.137765884399414,0.3333333432674408
0.29134732484817505,0.33182618021965027,0.9731964187877651,-0.8027200513962222,-0.7943463636035077,-0.05171858518995869,0.24940692170939951,-1.5486222384092678,-1.0265028476715088,-0.7732076707776888,1.897036747544081,0.5
0.4403033564911079,-0.5002763271331787,0.39645914976137464,0.4737584912459489,-0.697219729423523,-0.6195952296257019,0.36594334809339263,-0.6562248918767583,-0.9641541242599487,-0.890896737575531,1.1389756905187802,0.8894948664689333
0.9089387797619434,1.458618238730736,-1.117573819096704,-0.8109833002090454,0.6250364770639705,-1.4817754419768954,-1.774542656469159,0.7888359511044928,0.0026957745032690494,0.6134952828506771,-1.306420922279358,0.3333333432674408
-0.08754027634859085,-0.4408404231071472,0.23485632587839195,0.28492168611233837,-0.6408805030618939,-0.34532736782810386,-0.36416003158218146,-0.17050415506045008,-0.9018054008483887,-1.1201000865972461,-0.2944904565811157,0.5
-0.19450106941510048,-1.2678577365472175,0.010043300688266754,-0.8109833002090454,-0.22665029262841782,-0.6757759383526412,-0.6698621659491621,-1.0935736439360941,-0.46536436676979065,-1.0912458896636963,0.4644574522972107,0.5
-0.9968705177307129,-0.4356923698807997,0.4177553057670593,2.85428284782936,-0.2360319048166275,0.840340288249139,1.1951384511759573,1.2706849474355153,-0.4848835758262294,-0.2898494303226471,-1.0753111239321913,0.42041567250875655
-0.847089918209991,-0.7380198836326599,-0.2617647051811218,1.1088440617115527,-0.34454667568206787,-0.17022497951984406,0.5198385527539192,1.0144292262065886,4.08154522918055,1.2850207182557574,1.0150391287580116,0.5
-0.7939571466088323,-0.1810177523049114,-1.079593531910694,-0.7906228237219622,0.5643042577234763,-0.7881091237068176,0.013051577108511181,-0.6165022692368209,-0.19291147930900213,-0.2898494303226471,-0.8847832679748535,0.5
-0.7695379853248596,-0.19919244616238457,-0.397668719291687,-0.7887621521949768,-0.42593276500701904,1.009134230021395,0.2725258926883822,-0.8749361354741605,0.4075177013874054,0.24441486597061157,-0.3420143584212086,0.5
-0.6179829239845276,-0.7380198836326599,-0.12586070597171783,0.6616169853836285,-0.2902892827987671,0.7587648436959399,1.5107769756512077,-0.38332409578175297,-0.34066691994667053,-1.0244628190994263,0.3801299035549164,0.5
-0.2390953153371811,-0.6785839796066284,1.1652272939682007,1.7140703090824005,-0.39880406856536865,1.344295579570904,1.3399946251210004,1.1908412639126091,-0.7771079540252686,-0.22306638956069946,-1.137765884399414,0.5
0.5944573879241943,1.8931779873643257,-1.9221364812832862,-0.6906123305413009,0.9997785754213878,-1.3489343858719687,-1.5664767344640727,0.9550361222587342,0.7153721014538177,0.7118961215019226,-1.2220934629440308,0.5
-0.8453154563903809,-0.3219686448574066,-0.7496220373965133,1.7709209782658912,-0.10038841515779495,0.47138648081990336,0.5512946158401753,0.7095229449800652,-0.15362077951431274,-0.20590695864729053,-0.46314552426338196,0.3333333432674408
-0.6937604546546936,0.27412074853258916,0.0486932525198949,0.36936575080448,-0.5073188543319702,0.6432633038998115,1.5147426548968839,0.7894936193999257,2.3065306455246697,-0.0895003229379654,-0.8847832679748535,0.3333333432674408
-0.16331779956817627,-0.5597122311592102,1.2679260037805984,0.8915173941713337,-0.5344475507736206,1.065543293952942,1.0279361621837872,0.44282491348917774,-0.7771079540252686,-0.49608701174241016,-0.8847832679748535,0.3333333432674408
1.7027109550127482,-0.3219686448574066,0.643596762088555,-0.766541063785553,-0.6158336400985718,-0.7047705671353335,0.6017566932869822,0.218897825154467,-1.213549017906189,2.280358490741028,0.25863666948453073,0.5
-0.2350585948973327,-1.331322629383966,-0.2617647051811218,-0.5564920070384224,-0.6158336400985718,0.33531656861305237,0.9879663349234364,-0.4822136791502541,0.05824506769968098,-0.2898494303226471,-0.041507821530103683,0.6666666865348816
-0.2390953153371811,-1.174651235495078,0.4177553057670593,-0.8554255366325378,-0.12751711905002594,-0.17022497951984406,-0.8350418613790683,-1.4482774174318043,-1.151200294494629,0.1108487918972969,0.7430544943384738,0.6666666865348816
0.1397922784090042,-1.2460748970006261,0.14594730734825134,-0.8776466846466064,-0.6703324524843758,1.0707565660804983,-0.42520466870923007,-1.5470802901887715,-1.0888515710830688,-0.42341551184654236,1.1390777826309204,0.6666666865348816
0.4429023563861847,0.7516129075018437,0.6895633339881897,1.0912411688088497,14.486856088885014,1.2962112008316249,0.4317554463751902,1.6202795167557507,-0.5277130603790283,0.5711278156121531,-1.2220934629440308,0.3333333432674408
-0.7695379853248596,1.4123571475699788,-1.8418461965463184,-0.766541063785553,0.14283605478851633,-0.11405368894338608,-0.6133775743910199,0.32445377277587195,1.427814264517802,0.45774511367924653,-0.9691107869148254,0.3333333432674408
-0.01176275685429573,-0.9195836611503655,-0.2617647051811218,-0.8554255366325378,-0.3174179792404175,-0.3387388288974762,-0.8316836137677301,-1.4773747771395875,-1.6682363956533284,-0.7648066162036339,0.9420527052847877,0.3333333432674408
0.41805317573688794,-0.14366096258163452,0.010043300688266754,-0.31414418391704785,-0.2360319048166275,-1.2936506271362305,-1.610990359395973,-0.47678557660345067,1.0296986200712748,1.576302341037249,1.8340393863819837,0.8333333134651184
-0.16331779956817627,0.9235864729742438,-0.8115876240119254,-0.7594266371789209,0.2666164897634923,-1.0336325890102587,-1.5671445286234764,0.7905943499754728,1.3427485227584839,-0.15628336369991302,-1.137765884399414,0.5
-0.46642789244651794,1.63747485729086,-1.8346206048619065,-0.6776565313339233,0.06718356775337792,-1.4059932231903076,-1.764892862850188,0.886685780346334,2.1937614656623396,1.632896626776678,-1.137765884399414,0.3333333432674408
-0.4308305446970834,-0.6377691989620071,0.21389929950237274,0.6758115284925019,0.69690286584983,1.0362086496679845,1.8111948677624183,0.6956808760845467,-0.7147592306137085,-0.6237646341323853,-1.4750760793685913,0.3333333432674408
-1.173553913153596,1.0153307200200128,-1.7095197697313271,-0.6998776793479919,-0.9831869092101241,-0.979218224195235,-0.9212184051415475,-1.9415419045066864,0.7816100120544434,-0.15628336369991302,2.3576174632965756,0.5
-0.16331779956817627,-0.49074567415697173,-0.12586070597171783,0.2681425536478003,-0.16040461641076326,0.5038304328918457,0.45771876520355015,-0.018838837883548554,0.1304231086606328,1.4896879137654506,-0.041507821530103683,0.6666666865348816
-0.39065036177635193,0.3923489296638921,-0.12586070597171783,-0.38600915343047915,0.5652672015323331,-0.26385645901497995,0.8233908272742974,0.6932256461779008,1.116974058045673,0.14397179017966402,-1.137765884399414,0.3333333432674408
-0.6179829239845276,-0.6191481351852417,-0.12586070597171783,-0.5887720584869385,-0.39880406856536865,-0.7350469328189346,-0.33558414046354845,-1.0831746068534147,1.3235745383538051,5.917754515377486,1.5607155561447144,0.7633538713574144
-1.0277262428691836,2.2628755649398915,-0.5335727334022522,-0.6371839620842168,-0.4717997945296348,-0.7214140825739663,-0.2801271947020582,-1.4713578751799523,0.9686561822891235,-0.890896737575531,1.7115886313857536,0.5639646879904122
0.36712485551834106,0.03464672341942787,0.14594730734825134,1.0820105879366604,-0.7243484258651733,-0.7881091237068176,-0.4151711679501344,0.0166221891231542,-1.0888515710830688,-0.957679808139801,0.7384654874508761,0.6666666865348816
-0.9968705177307129,1.41082513371741,0.28185129165649414,0.78783999920105,-0.7786058187484741,0.33531656861305237,-0.1784236022352974,-0.9083854037367767,0.8328702811025186,-0.24878134501947652,1.4937293823698732,0.5
3.5926613213747585,-0.3814045190811157,1.1652272939682007,-0.6776565313339233,0.2356666482231559,-0.7509705816557819,-1.5139895315745202,1.0925947948226138,-1.047809458292642,1.779874113179015,-0.631800651550293,0.3333333432674408
1.1054348312815079,1.402129161139143,-0.05790869891643524,-0.5471742981304203,0.7926454445495529,-0.8442803621292114,-0.7366555064915936,0.49079599718078926,-0.6475619648245021,1.6992859868767498,1.1611106456492808,0.5
-1.148425579071045,-0.6932102115415022,0.010043300688266754,-0.4998875558376312,-0.3908205174748805,-0.11405368894338608,-0.16451189556877605,-1.4594849962786693,0.5322151184082031,-1.2347110043669136,1.5607155561447144,0.5
-0.3148728311061859,-0.5597122311592102,-0.397668719291687,-0.8109833002090454,-0.15464581549167633,1.024270445411513,0.4285154023029796,-0.1433628782443411,1.5484576712420508,0.4447639584541321,-0.5474730730056763,0.5
-0.1629505966410258,2.4800984361492304,-2.0529885183572127,-0.6998776793479919,0.5276119590077266,-1.0127942562103271,-1.6891341836347946,0.5621569020605987,2.231402720555642,0.9790282845497131,0.21147480607032776,0.5
-1.473204949285027,-0.20309685170650482,-0.05790869891643524,-0.7758846404540436,-0.7243484258651733,-0.0578824058175087,-0.5499247638529297,-1.6887752999741363,1.709277064546038,0.04406575486063957,1.7909853983181918,0.5
0.29134732484817505,-0.6132070931596606,1.5090138459101858,-0.8109833002090454,2.2622710102678165,0.991743062755138,0.2505686723694507,0.29739658411740105,0.15812282264232635,0.04406575486063957,-1.137765884399414,0.6666666865348816
0.4290670240841214,1.0848233762826256,0.010043300688266754,-0.5665509104728699,13.84727018305662,-0.3949100971221924,-0.7285068801690643,1.0602187345273573,-1.4471581140823375,2.519194813224726,-0.7654698470524076,0.3333333432674408
-0.6179829239845276,-0.3219686448574066,0.2118555395077095,-0.04460631985657896,-0.10038841515779495,-0.19363627856752907,1.6689265397125679,0.5393473570399712,0.9245103015554981,0.1108487918972969,-1.1901624098088222,0.3333333432674408
-0.8868395014712842,-0.5002763271331787,5.707740231708925,0.5044738203405336,-0.34454667568206787,1.2891337107899388,1.636870929341473,0.3460335992405086,-0.2159694880247116,-1.0244628190994263,-1.306420922279358,0.5
-0.39065036177635193,-0.5597122311592102,-0.05790869891643524,0.6407961860256947,0.005253528830025351,-0.22639626264572144,1.9076943053261979,0.6232586826041938,0.02265522267870696,0.24441486597061157,-0.8847832679748535,0.5
-0.3148728311061859,0.27239030599594116,1.0293233394622803,0.5527313467219094,0.0014567803157005052,1.5478789114471032,1.0441379827401271,0.5503623206249195,-1.0265028476715088,0.24441486597061157,-1.4750760793685913,0.5
-0.01176275685429573,-1.0351994037628174,0.07799530029296875,-0.833204448223114,-0.3174179792404175,1.1217145919799805,0.2581666361698602,-1.3858374204275146,-0.46536436676979065,-0.6237646341323853,0.9334558729600579,0.8333333134651184
0.7460124492645264,2.5295265153720714,-0.41421864844464484,-0.6554354429244995,0.3709551281852537,0.6723442673683167,0.13512744576472846,1.327953224964843,2.0169446503229413,0.7118961215019226,-0.46314552426338196,0.3333333432674408
-0.3148728311061859,-0.40296474732411397,-0.3297167122364044,-0.2795049007848546,-0.6158336400985718,-0.7881091237068176,-0.3540669629310384,-0.11168093081111609,0.46986642479896545,0.1108487918972969,-0.041507821530103683,0.3333333432674408
-0.01176275685429573,-0.7974557876586914,0.14594730734825134,0.15503747118651404,-0.2603050200175344,0.6723442673683167,0.8368484980611515,0.0715919667249231,0.12561974415411176,-0.36910847656120993,-0.7136840050809105,0.3333333432674408
0.1397922784090042,0.86411040416701,-1.1260372189153252,-0.1842139638804507,0.5778290033340454,-1.4059932231903076,-1.7839936400020997,0.22733727989159833,0.5945638418197632,0.37798094749450684,0.04281972348690033,0.5
-0.6937604546546936,-0.3814045190811157,2.416906423542692,0.8052199251945372,-0.18584591542914353,1.0590223101873228,1.2054414611330186,0.1250909376203504,-1.1436820188638546,-0.0895003229379654,-0.3758919636353826,0.5
-0.3148728311061859,-0.14366096258163452,0.14594730734825134,-0.5059289752959463,-0.25304032267316057,-0.8442803621292114,-0.23665077404959134,-0.29185060896669407,0.7192612886428833,0.4447639584541321,-0.2944904565811157,0.3333333432674408
-0.16331779956817627,-0.5597122311592102,0.2715217737485837,-0.6713641084034684,-0.2631605863571167,-0.08686213736426386,-0.21491350650364432,-1.2810877331726347,0.5945638418197632,-0.5569815635681152,1.7324602992722555,0.8881378566181442
-0.7695379853248596,0.27239030599594116,-1.6810643704047792,-0.8554255366325378,0.048865492160711954,-0.731937825679779,-0.738654412140702,-0.6988772780266702,0.43854456459624863,-1.3225762559342464,-0.7161281704902649,0.014380370686073524
-0.39065036177635193,-0.1538151533652029,-1.0534729594937782,-0.49636984663067385,-0.42593276500701904,-0.0578824058175087,1.2669677930529892,0.2729633676627616,-0.7833751807322054,0.24441486597061157,-1.559403657913208,0.3333333432674408
-1.2032596049973645,-0.3219686448574066,-0.12586070597171783,-0.7220988273620605,-0.6405780530098794,0.05446016043424606,-0.019509974867105484,-1.9627453110176358,-0.4030156433582306,-1.0244628190994263,2.070957352982646,0.6666666865348816
0.29134732484817505,-0.4408404231071472,-0.7030609149969997,0.36655336788964266,-0.18177451193332672,-0.5072526931762695,0.8657075381326695,0.22118902234812907,-0.09127205610275269,-0.5106553330559104,0.21422286805583443,0.5
-0.04022722855002395,-0.8365082352000269,0.07799530029296875,-0.8998677730560303,-0.15464581549167633,-0.655539474756422,-0.42012785540953185,-0.5641618377778636,0.033425383269786835,-0.6335565891357264,-0.9691107869148254,0.6666666865348816
-0.2390953153371811,-0.3014332077246855,-0.7659576506749631,-0.7443199157714844,-0.39880406856536865,-0.17022497951984406,0.36375748613277376,-0.3674096834019364,-0.26059228096688153,2.5598715209185756,0.21147480607032776,0.3333333432674408
-0.3148728311061859,-1.2714876722501363,0.005918683657485858,-0.7220988273620605,-0.34454667568206787,0.05446016043424606,-0.12290048396087214,-0.9717712536472571,-0.09127205610275269,0.24441486597061157,0.12714727222919464,0.5
-0.08754027634859085,0.2511497779082377,0.40786226534492476,-0.49691480178571423,-0.7837595101295924,0.768214623423966,0.11740015400829347,-1.5403736620510786,-1.4005951881408691,-1.2381291680144206,1.869847899339745,0.6666666865348816
0.4429023563861847,-0.20309685170650482,0.2056027392994781,-0.7220988273620605,-0.2902892827987671,1.1217145919799805,0.6154652018593278,-0.6613066033684041,-0.7147592306137085,-0.2898494303226471,-0.041507821530103683,0.3333333432674408
0.06401476263999939,-1.094635248184204,0.5160980143349737,-0.8142614722613875,-0.39880406856536865,0.39148786664009094,0.3292701440052992,-1.2583343726308982,-1.135503743259302,-0.0895003229379654,0.94276764966471,0.5
-0.2390953153371811,0.21873716197859872,-0.397668719291687,-0.5887720584869385,-0.39880406856536865,-0.0578824058175087,0.5832945344380288,-1.1103469427641979,0.5581935129876994,-0.5528926100656539,1.0328219724335377,0.3333333432674408
0.29134732484817505,0.4185484574155267,-1.2861682886907748,-0.4709821627321831,-0.10038841515779495,0.9315513800290807,0.3785211504726035,0.4323798556299017,0.8091842129715144,-0.890896737575531,-0.8004556894302368,0.3333333432674408
-0.2390953153371811,-1.213507056236267,0.4177553057670593,-0.6171548125784577,0.3636403978209126,-0.0578824058175087,0.5751401258681559,-0.20841975530328058,1.4340493255895093,-0.22306638956069946,-0.46314552426338196,0.5
-0.16331779956817627,-0.9163275957107544,0.4177553057670593,-0.9394437158556032,-0.6027959520488686,1.065543293952942,-0.23977342202934726,-1.1553260395434655,-1.009389575785158,-0.22306638956069946,0.4644574522972107,0.6666666865348816
1.6358395148621063,-0.14366096258163452,1.711559418120011,-0.5266289261735374,-0.34454667568206787,0.11063144356012344,0.6767302171622673,-0.0818283715943889,-0.2783181965351105,-0.6905476450920105,0.5487849712371826,0.5
-0.5422053933143616,-0.9082593305226176,0.20466568175693,0.8747992225750345,-0.6585806634169136,0.39148786664009094,0.5523366228880099,0.2570727145067445,-0.9193104887537881,-0.7770128585940779,-0.7161281704902649,0.5
6.353549003601074,-1.5701223611831665,9.11561107635498,-0.9887523055076599,-1.2940510511398315,14.546651840209961,5.739711284637451,5.3161420822143555,4.896625518798828,9.794388771057129,3.078611373901367,0.0
-0.9968705177307129,-0.024789171293377876,0.14594730734825134,-0.5176880143326872,-0.2785304830648329,1.4731332284359457,1.1821893533787096,-0.459887502367622,0.7192612886428833,-0.6905476450920105,-0.631800651550293,0.5
-0.39065036177635193,2.6275317776039717,0.08071205931072609,-0.5665509104728699,1.4753537356666309,-0.45108139514923096,0.32533014242612845,0.17883656874096956,0.0957741066813469,-0.49019855260849,-0.631800651550293,0.3333333432674408
0.4429023563861847,0.6303465962903404,1.229685617357489,1.1952396594505943,0.40520180358244456,0.5038304328918457,1.7349140769947857,1.2580906346127596,-1.37639054765299,0.3111979067325592,-1.4502237601514967,0.3333333432674408
1.7499082974280176,-1.094635248184204,1.6510088253423651,-0.7887621521949768,0.0730454016540853,-0.9051229329625334,-1.1707272942363869,0.7579541820781849,1.0566869527979275,0.21849739716493882,-0.8004556894302368,0.3333333432674408
0.39913796967761495,-0.20309685170650482,1.1652272939682007,-0.4073895176946814,1.4265690022373159,-1.5055768871768314,-1.8777384552064713,0.11645860851887135,-0.09386997548141918,1.4870169664304,0.7174400687217712,0.6666666865348816
-0.3148728311061859,-0.0279134239624641,-0.19381269812583923,-0.766541063785553,-0.7786058187484741,1.5208295438798025,0.018041277467767333,-1.4942804455629264,-1.151200294494629,0.28492669964344824,1.392060399055481,0.5
0.06401476263999939,-0.47089364963231367,-0.12586070597171783,0.7067426574755423,-0.1793966835776601,-1.0689655542373657,-0.5972576193406489,0.40428035574832716,-0.3618673205075417,-0.3566324710845947,-0.14093036458605052,0.8333333134651184
-0.9331252670500769,-0.2625327408313751,1.3054332182966764,-0.7443199157714844,-0.4801901578903198,0.7846868634223938,1.5289213404278346,-0.062362573381014856,0.9686561822891235,0.24009185820765538,-0.9691107869148254,0.3333333432674408
-0.3148728311061859,-0.2625327408313751,-0.19381269812583923,1.2307591973107226,-0.2360319048166275,1.272073380372996,1.7967667127190259,0.7356365315023655,0.9686561822891235,-0.10785833881375544,-0.2944904565811157,0.5
-0.16331779956817627,-0.14366096258163452,0.8334615412543346,0.9588081662812218,-0.5887049436569214,-1.2936506271362305,-0.265661934720515,-0.008994896338702573,-0.8394566774368286,-0.17144532198292436,0.5487849712371826,0.5
-0.2390953153371811,-0.4408404231071472,0.4177553057670593,0.7044690462143338,-0.4801901578903198,-0.8442803621292114,-0.2346813459113843,-0.4545922611319226,-1.151200294494629,-0.49019855260849,1.1390777826309204,0.5
0.7460124492645264,2.4996924769858953,-1.478134505962144,-0.6776565313339233,1.6123016736946711,-0.42415924011209594,-0.6207837783969935,1.2767901062198144,1.1702802063053614,1.9630297023616234,-0.8847832679748535,0.3333333432674408
0.1397922784090042,0.10719709726090103,-0.19381269812583923,1.8691764634494394,-0.4801901578903198,0.33531656861305237,0.7263621237683403,1.3748698866313749,0.34516897797584534,0.37798094749450684,-1.046809369509743,0.5
-0.07999900774566025,-0.2625327408313751,-0.049341806926470756,2.334612014688218,-0.18177451193332672,-0.0015156684927753183,0.7868920726355462,1.6887204627715424,-0.5277130603790283,-0.22306638956069946,-1.306420922279358,0.5
-0.39065036177635193,-0.4408404231071472,0.7815966968540031,0.9062860481552705,-0.3489939296002063,1.1128054095224167,1.1412572727319628,0.4581585768494133,-0.8952733885897073,-0.02271728403866291,-0.9691107869148254,0.3333333432674408
0.06401476263999939,-0.6785839796066284,0.010043300688266754,-0.5164792461102873,-0.6429623365402222,-0.22639626264572144,-0.3711944923979703,-1.0597936518226916,0.5322151184082031,-0.3566324710845947,0.7604870482714771,0.5
-1.4555566031850349,0.7128861233556444,-0.8053807020187378,-0.7254778978770137,-0.12751711905002594,-1.4059932231903076,-1.7721289536127571,-0.5990118847645721,3.1416239356503084,0.6451131105422974,1.282998684448684,0.3333333432674408
1.03530102890738,1.9676270637998556,-0.2617647051811218,-0.6915741745915899,0.7098975566759431,-1.0689655542373657,-0.6660963563735632,0.9123156860956163,-1.1816617844623691,0.9790282845497131,-0.9691107869148254,0.3333333432674408
-0.6937604546546936,-0.8568916916847229,0.28185129165649414,-0.7887621521949768,-0.2089032083749771,0.2791453003883362,0.4412173352619323,-1.2188561510910045,-0.5380655338552318,-0.1433918732288807,0.7174400687217712,0.3333333432674408
-0.39065036177635193,-0.8849685126495572,0.21389929950237274,0.3593831338869297,-0.39880406856536865,1.3249744743490814,0.8935844397421995,-0.971624936930532,-0.34066691994667053,-1.0946202793487971,1.4051163930523105,0.6666666865348816
1.4942477920504527,0.19127006121825443,0.28185129165649414,-0.6554354429244995,0.48527669487965086,0.6360758597588224,-0.7460685435319381,0.6557961990947652,-0.028923334553837776,1.524446821963427,0.3801299035549164,0.5
0.1397922784090042,-0.20309685170650482,1.1652272939682007,2.3955743942561676,-0.18177451193332672,0.8045648869855911,0.7727924466452527,1.5462100777348506,-1.516748349859585,-0.5569815635681152,-1.306420922279358,0.3333333432674408
0.21556980907917023,-0.7950040289036074,0.6895633339881897,-0.8775876618785178,-0.5633749335254779,0.6691980932538014,0.07417125521739112,-1.053525435263743,0.6556913880500286,-0.42341551184654236,0.8295143816049082,0.5
0.05145528980798235,-0.2625327408313751,0.8254672884941101,2.4240266213894577,-0.23799875635411713,1.4404853135498519,1.908404257721417,1.7784945326025365,-0.09127205610275269,-0.22306638956069946,-1.4750760793685913,0.3333333432674408
-1.3582360670336104,3.357265986848293,-0.8053807020187378,-0.32308004570836457,-0.18177451193332672,-0.5634239912033081,0.32197805752806136,0.22095448201836737,1.1557023525238037,-0.6905476450920105,-0.9691107869148254,0.3333333432674408
-0.46642789244651794,-0.3219686448574066,-0.05790869891643524,1.734746378706519,0.09001790208832057,0.39148786664009094,1.624112690864098,0.8983207941055298,0.37820353989694216,-0.7360547066804928,-0.9691107869148254,0.3333333432674408
-1.7291319214810597,-0.5002763271331787,-1.6807741475932054,0.16775607859287137,-0.5051127543043472,1.3398888100176813,0.3737277857468839,-0.08763581644272372,0.18545621589021916,-0.6237646341323853,-1.4750760793685913,0.5
0.9270199317367875,1.290502936712169,0.34980329871177673,-0.3538090231101135,1.158463329691787,-0.731937825679779,-1.2557910016515739,1.3443612491574304,-0.13118035528486244,2.08313130102534,-1.0534383058547974,0.3333333432674408
0.36712485551834106,-0.6785839796066284,0.010043300688266754,2.072150463191269,-0.2902892827987671,1.0867187940106209,1.4994898815685291,1.9140522595927951,1.7265062958920547,0.17763182520866394,-0.8847832679748535,0.5
1.5499664802429587,-0.024789171293377876,0.07799530029296875,-0.658236441780714,1.2205710808188701,0.9970633570211911,-0.5003381748038082,0.633910642758155,0.19831012936663106,0.7118961215019226,-0.5474730730056763,0.3333333432674408
-0.46642789244651794,-0.6191481351852417,-0.3297167122364044,0.7171330920035884,-0.34454667568206787,1.5903520449566164,1.5257771210410258,1.0256944019062963,-0.8572558829282153,-0.5569815635681152,-1.9953787813636763,0.3333333432674408
-0.06032106894097185,-0.4162292025208122,0.28185129165649414,2.4940563815732673,0.09635626841718849,2.159030585953616,0.832478054655228,1.493683291474726,-0.35604149564389487,-0.6019634203251959,-1.306420922279358,0.3333333432674408
-1.554633696693732,-0.3814045190811157,-0.563529091118722,0.04315513371501893,-0.6700910329818726,1.4783300877090528,0.12564366872885763,-1.1632171432307896,-0.0827352886197651,0.17763182520866394,0.9704226851463318,0.5
-0.3148728311061859,-0.3814045190811157,0.7679878051425177,1.8972754969679608,-0.12751711905002594,2.739706722710558,3.4595528030059546,0.9451632132999394,0.033425383269786835,0.37798094749450684,-0.631800651550293,0.5
-0.18539404139195273,-0.5597122311592102,2.7168100367923627,-0.6554354429244995,-0.6603180942714125,-0.90045166015625,0.3155996759577636,-1.0832304826339756,-0.2783181965351105,0.04406575486063957,0.7174400687217712,0.3333333432674408
0.06401476263999939,-0.16852908546123302,-0.5481097594882854,-0.6554354429244995,0.2824787727980406,-0.0017111222259700298,-1.0432036173166535,0.00486142624823634,0.34240032381437596,1.291040439677609,0.3801299035549164,0.6666666865348816
0.004032421439459064,1.2506759225830675,-1.9375109691017742,-0.5310187445808514,-0.19086963860497308,-0.5634239912033081,-0.780287836899706,0.27583890953778506,0.5806915633714874,-0.2898494303226471,-0.631800651550293,0.3333333432674408
0.29134732484817505,-0.3219686448574066,0.2693869498164826,-0.8776466846466064,2.5273012428474226,0.0954739893547214,1.1509920654478765,-0.7544999451367662,-1.4005951881408691,0.4447639584541321,-0.1258353590965271,0.3333333432674408
-0.39065036177635193,-0.14366096258163452,-1.0902958118819477,0.6606117941120522,-0.3174179792404175,0.4617888148269991,1.613298036405154,0.3391960360575993,0.7962897664324484,0.6343153681877165,0.07351927449558816,0.5
-0.16331779956817627,-1.2453087457965586,0.4857073128223419,-0.8109833002090454,-0.4801901578903198,-0.051503759376952604,0.04086915944684178,-0.9904157868725644,-1.208898453156601,0.6451131105422974,0.4644574522972107,0.5
1.6962807484353353,-0.4719966472328201,1.1342191987572352,-0.7188937296573297,-0.2360319048166275,-1.0689655542373657,-1.803014276388598,0.5720918320351561,-0.6524105072021484,0.9622076580042164,0.008986664863051441,0.5
0.1397922784090042,-1.094635248184204,-0.5335727334022522,-0.5887720584869385,-0.4888607054592732,-0.9984790576104855,-0.67568788701069,-0.8553181886672974,-1.151200294494629,-0.3261314853387747,0.4644574522972107,0.3333333432674408
0.21556980907917023,-0.5002763271331787,-0.12908431825037398,-0.6332142949104309,-0.37167537212371826,0.32872297391748967,0.3817320602747338,-0.19196791032477373,1.0704137161919804,1.8779790583704428,-0.041507821530103683,0.5
-0.28051977922221816,0.3133098330869078,0.8254672884941101,0.3787015796990838,-0.6915962863774642,0.9469745674295117,1.514026140806663,-1.212717653394646,-0.5900617837905884,-1.9332066076399652,2.058135200692479,0.8333333134651184
-1.183586454856057,-0.35944036436378124,-0.5335727334022522,-0.7220988273620605,-0.5614184079170941,0.6489134324787103,-0.08635717580389678,-1.9206021700361002,0.5675699251653751,-0.3566324710845947,2.638902984999749,0.6666666865348816
-0.0033259568708579757,-0.5002763271331787,0.010043300688266754,1.6503833216613562,-0.4801901578903198,1.5077957020338522,1.4529099896730913,0.8983207941055298,-0.7750565212363193,-0.44357788947618476,-1.0838391076725085,0.3333333432674408
0.06401476263999939,1.1601794747962366,-0.8053807020187378,-0.7443199157714844,0.6795119555203187,0.46292929769350116,-0.4394042600308788,0.49168934165735895,1.199435742398018,0.4447639584541321,-1.137765884399414,0.3333333432674408
0.1397922784090042,-1.0415494629089377,0.28185129165649414,1.0155460921371737,-0.6158336400985718,11.702761390195981,1.1810874103423965,0.18856847332944218,-0.9018054008483887,-0.15628336369991302,-0.1258353590965271,0.6666666865348816
-0.6937604546546936,1.6365406963793927,-2.1644208431243896,-0.6998776793479919,0.7583029433738923,-1.237479329109192,-1.5727245801713805,0.23228586785894373,1.5356001370134509,0.7118961215019226,0.4644574522972107,0.5
0.8345619999152827,-1.0351994037628174,1.5746893239469684,1.301186613042812,-0.37167537212371826,2.6168275552719495,0.9852428731999374,0.6249096465452684,-1.0888515710830688,-0.3566324710845947,-0.10582797316839442,0.5
0.29134732484817505,-0.3219686448574066,0.21389929950237274,-0.7220988273620605,-0.10840359856316711,0.048047783356847146,1.3231750140642438,-0.2094418862833725,0.703384675845227,-0.7573306560516357,-0.1258353590965271,0.5
-0.3132133490149355,-1.0351994037628174,-0.7894288780191764,-0.18830758067366057,-0.5589968381834317,-0.17022497951984406,-0.15357602682409704,-0.5207255477001439,-1.6775264593278236,0.04406575486063957,-0.1258353590965271,0.5
-0.16331779956817627,1.5099917034633015,-2.0855846544836907,-0.544329822063446,0.7389004697160203,-1.0689655542373657,-1.6679317403008656,0.631197633109587,0.7816100120544434,-0.5569815635681152,-0.9691107869148254,0.5
-1.0200012503841307,-0.5275878340860739,-0.4656206965446472,-0.8109833002090454,-0.45306146144866943,-0.18026533205322945,0.35961711397725593,-1.2455832769432813,1.3427485227584839,-0.6905476450920105,0.6071748502719992,0.3333333432674408
-0.01176275685429573,1.170751941346625,-0.5392731225314447,0.6348050670226104,0.2960017316359439,-0.03798122178665272,0.5264568133415071,0.2956083890015823,-0.461967665713278,-0.20865354778232414,-0.8004556894302368,0.3333333432674408
-0.08754027634859085,-0.6785839796066284,0.17075100147280775,5.768069551699343,0.15678661818652942,0.2791453003883362,0.7120212235855463,2.197970494472491,-0.9018054008483887,-1.2915949821472168,-1.306420922279358,0.5
-0.08754027634859085,0.33182618021965027,-0.05790869891643524,-0.4698253436433076,-0.4801901578903198,-0.4100258570945755,-0.0007373175217976525,-0.52336008517703,-0.34066691994667053,-0.5569815635681152,0.12714727222919464,0.5
-0.5627352901680176,-0.978083230939325,1.1652272939682007,-0.8776466846466064,-0.4718910983876025,1.1217145919799805,0.16315293961193658,-1.072122203523456,0.2985366502700697,2.102919904232852,0.21147480607032776,0.5
-0.08754027634859085,-0.9371536847898969,-0.12586070597171783,1.599085984274577,-0.39880406856536865,1.289354739088811,1.0428098178554683,0.7538569366730241,-0.7147592306137085,0.5115470290184021,-0.7335385496304148,0.5
-1.072648048400879,-0.7974557876586914,-0.12586070597171783,1.4076968307619417,-0.2902892827987671,1.2791094828670801,0.8321944694563893,0.45369735588742344,-0.2159694880247116,0.24441486597061157,-0.7161281704902649,0.5
0.4429023563861847,-0.7974557876586914,1.0293233394622803,-0.833204448223114,-0.28092085643525455,-0.5634239912033081,0.3145462664074079,-0.9447031261477691,-0.4030156433582306,-0.49019855260849,0.29580235481262207,0.3333333432674408
-0.5422053933143616,-1.213507056236267,0.07799530029296875,-0.8776466846466064,-1.1832085361837383,0.6161730289459229,-0.9085269300434438,-1.4138707511808404,1.1557023525238037,-1.0244628190994263,0.8017675876617432,0.5
-0.2390953153371811,-0.7638584313290859,0.14594730734825134,-0.766541063785553,-0.42593276500701904,1.1217145919799805,0.08496054488693741,-1.3476585799541274,-0.5840534102783757,1.620938186822919,0.7174400687217712,0.8333333134651184
1.046379554477076,-0.4206680312995527,-0.4656206965446472,-0.544329822063446,-0.013311804610539161,-0.22639626264572144,-0.019509974867105484,0.4274821227515107,0.033425383269786835,-0.49019855260849,-1.137765884399414,0.3333333432674408
0.06401476263999939,-1.0351994037628174,-0.3297167122364044,0.14866625620736715,-0.5338449844305752,0.965423327746386,0.8315567121626523,-0.9520475795497061,-1.5932239511655868,0.14611085615005456,0.9962653315532534,0.6666666865348816
-0.5732430330050616,-0.5002763271331787,0.7359705219882645,-0.7443199157714844,0.14272671845630797,-0.04096843113151917,-0.1571115427492083,-1.492706242470523,-1.203313830377845,-1.3583780527114868,1.0488635386794851,0.5
0.21556980907917023,-0.5002763271331787,0.5670301039088315,-0.33617644399952834,-0.10038841515779495,-0.5339356703778643,-0.7574211230749717,0.502517508252531,1.4041117806943015,0.7365513581872506,0.010529964434527639,0.5
0.7460124492645264,3.4804543993485244,-2.1380129384259896,-0.6776565313339233,0.1626948987472548,-0.6757665276527405,-1.6893736447370324,0.9733875803792965,0.8439587354660034,0.1108487918972969,-1.137765884399414,0.3333333432674408
1.7280981060919347,-0.024789171293377876,1.3299951067996496,1.0724297034949888,0.13518351680768753,-0.45108139514923096,-0.36344258746345226,1.9141776920254114,0.2204715460538864,0.2241227592351459,-0.32733715150748005,0.5
0.21556980907917023,0.1582822766854904,-0.9375591762593314,1.78293159377074,-0.39880406856536865,0.2244261428755994,0.7047433091611841,0.8195629518740182,-0.8400923606898008,-0.22306638956069946,-0.20577096205876158,0.3333333432674408
-0.5422053933143616,-0.5431835593085688,-1.3950605601293213,2.7053776952911317,0.08415819804375854,0.893181645184378,0.909074789234669,1.7127624629440017,-0.2159694880247116,-0.15628336369991302,-1.3994702123902298,0.3333333432674408
-1.1905455755921492,-0.08422506600618362,-0.12586070597171783,-0.6631122247427685,-0.2265567372190578,-0.3949100971221924,-0.4798250100225403,-1.0619729301671619,0.9063074588775635,1.2927719264227577,0.9598560318840653,0.6666666865348816
-0.6179829239845276,-0.3814045190811157,-0.6694766879081726,0.41780027963654515,-0.39880406856536865,1.2768142231899233,1.5090525818371463,0.22382789121037394,0.4065732384563653,-0.0895003229379654,-0.8004556894302368,0.3333333432674408
0.17887152003037396,-0.6191481351852417,0.4857073128223419,-0.7173972697282812,-0.6970190977733488,-0.0578824058175087,0.45676016289882326,-1.2902958305333452,-0.1478031179196649,-0.5569815635681152,1.6450430154800415,0.5
-0.6179829239845276,-0.6774228340378657,0.2472226569799413,-0.8109833002090454,-0.39880406856536865,-0.6195952296257019,-0.4113612079660551,-1.285130846366635,0.0957741066813469,-0.15628336369991302,1.6450430154800415,0.3333333432674408
-1.072648048400879,-0.4408404231071472,-0.9864719386310393,-0.6776565313339233,-0.6408556283843418,-0.6048961569597429,-0.6016250265747638,-1.5773575902173735,0.7192612886428833,0.1108487918972969,1.7091559836979762,0.5
-0.01176275685429573,1.437181949106539,-1.325808220272058,-0.6000693087876904,0.7668017735528988,-0.21639726152914468,-0.4408591790035955,0.44950497321202876,0.5945638418197632,0.12419232447783876,-1.0534383058547974,0.3333333432674408
-1.8547867938029936,-0.2625327408313751,-0.8053807020187378,1.0577509764645658,0.1259378586779487,-0.3776335140281413,0.32935951228984023,-0.11313193447677784,0.0004025486379151226,-0.9638890320152319,-0.37881800532341003,0.3333333432674408
1.008435397634764,-0.703413426931122,1.0528417869885973,-0.766541063785553,-0.37167537212371826,0.5703419132073897,0.01221929694459585,0.29934930314102065,-1.0265028476715088,-0.42063230495890985,-0.7161281704902649,0.3333333432674408
3.460548191879102,0.33182618021965027,2.2104883186488022,-0.6998776793479919,0.4155609140609436,-1.6006367918667965,-1.870676241021723,1.2608364859598846,-0.5900617837905884,2.3555638076354435,-0.46314552426338196,0.5
-0.6179829239845276,-0.9757634997367859,-0.2884639303871306,-0.8836291927234899,-0.2631605863571167,-0.4881084801683751,-0.019509974867105484,-0.9886264758319965,-0.15362077951431274,-0.15628336369991302,0.21147480607032776,0.5
-0.01176275685429573,-0.6927014928176434,-0.750972490946517,-0.5665509104728699,0.23835467858492942,0.2791453003883362,1.2731208517199402,-0.360231239041133,-0.25072530305464835,0.24441486597061157,0.3801299035549164,0.5
0.5944573879241943,-1.094635248184204,1.1362037486399628,-0.8109833002090454,0.11518610303744173,-0.0578824058175087,0.5079511596033573,-0.4275723538954671,0.5322151184082031,-0.8241137266159058,-0.041507821530103683,0.5
-0.3148728311061859,0.14775786900991736,1.1652272939682007,-0.8109833002090454,-0.37167537212371826,-0.1175392609512416,-0.18350524157772735,-0.6865943239943182,-0.34066691994667053,-0.02271728403866291,-0.25842735398795597,0.3333333432674408
-0.2390953153371811,-0.5597122311592102,-0.24145445824862252,-0.4998875558376312,0.4267602136830266,0.5600017309188843,0.44004987654724437,-0.21130414296550637,-0.5277130603790283,-0.8378331822239692,-0.8847832679748535,0.5
0.44564310507552085,2.5984138286605507,-2.1644208431243896,-0.4467508807241887,0.5915585823274209,-0.5634239912033081,-1.1523413955259751,1.655823656137836,1.2176732813758921,0.7118961215019226,-0.9691107869148254,0.3333333432674408
0.5944573879241943,-1.0351994037628174,0.4696867426287409,-0.7887621521949768,-0.45306146144866943,0.837593538154728,0.2926173309331857,-1.0473198984232879,-1.213549017906189,-0.8452358980577684,0.6331125497817993,0.5
-0.39065036177635193,-0.40543491745168475,0.45237314633267756,2.0456684341046327,0.13922236711964467,0.6793918658811499,0.7632288196046938,1.033216118812561,-0.4555982358824746,-0.3566324710845947,-0.8772875469931208,0.3333333432674408
0.4429023563861847,-0.6191481351852417,-0.38479205310184383,2.6190238550168674,-0.12751711905002594,0.05446016043424606,-0.08609502404983492,2.0800952704487496,0.10657151202060736,-1.0912458896636963,-1.2220934629440308,0.5
-0.6179829239845276,0.06945967528756139,0.8934193253517151,-0.7887621521949768,0.013362813134637781,0.6723442673683167,0.8632231352433145,-0.6874667744944506,-0.45112673706510387,0.24441486597061157,-0.631800651550293,0.5
-1.295257262243793,-0.9757634997367859,-0.6015247106552124,-0.9482185186284303,-0.5702993222836752,-0.11405368894338608,-0.3384754332004048,-0.8362236065900104,-0.34066691994667053,-1.0244628190994263,-1.306420922279358,0.3333333432674408
-0.9210929870605469,0.03464672341942787,0.2078023930115425,-0.6580776432976091,-0.18177451193332672,-0.9171392666850514,-0.2872127031419546,-0.5280856805417301,-0.2159694880247116,-0.02271728403866291,-0.44798243496352674,0.5
2.5696298325690163,0.21295440196990967,2.422720863572071,-0.4016314889077977,0.6907877597849678,-0.3387388288974762,-1.196462454905718,1.3897635147036735,-0.5507775765713327,2.2636847639700832,0.21147480607032776,0.3333333432674408
-2.278587585577197,0.3939501099870122,-1.0701396068612739,-0.6554354429244995,-0.2902892827987671,0.37654306032782875,0.08150224990755153,-1.0606868540023566,2.3496027952465397,0.7081255629219289,0.3801299035549164,0.5
0.06401476263999939,-1.0736287701375415,0.6216112971305847,0.1723298982348939,0.06921233969631384,-1.2123802026446553,-0.41173287599820585,-0.713701131029927,0.5322151184082031,-0.014942026473838972,1.5607155561447144,0.7463939735149818
-1.2660833481803608,-0.42688852689976964,-0.5753565826104142,-0.8109833002090454,-0.2631605863571167,-0.029587870568660374,-0.6786485812802373,-0.6580163107987341,1.7912333575324366,1.5556446725902824,0.7174400687217712,0.6666666865348816
-1.072648048400879,-1.213507056236267,-0.9350371309402128,-0.16631579143526345,0.03250522271800382,-0.8442803621292114,0.13571097160938864,-0.6240706254655837,0.0957741066813469,-0.6237646341323853,0.26981556117238276,0.3333333432674408
0.6488307097205084,-0.5436315823451581,1.1652272939682007,-0.7358647118458191,-0.39880406856536865,-1.1251368522644043,0.8315052342656263,0.24949854638814298,0.7192612886428833,-0.42341551184654236,-0.7891178332475257,0.3333333432674408
-0.46642789244651794,0.21295440196990967,0.010043300688266754,0.785138675260439,-0.07325971871614456,1.592535864499258,1.2593234831250872,0.3330169406653874,-0.6524105072021484,-0.49019855260849,-0.8535619062467686,0.5
0.927664215102483,-0.5597122311592102,0.21389929950237274,-0.7443199157714844,-0.04613102599978447,-0.6195952296257019,-1.38445788720311,-0.09474619547257553,0.33566933271389665,1.6293061094840866,1.22358840330984,0.6666666865348816
0.27302290807709756,-1.159381052246706,1.2784385185209777,-0.833204448223114,-0.34454667568206787,0.9532006978988647,0.20825481727077544,-0.9563378294762133,0.34516897797584534,0.17763182520866394,0.6248839988675021,0.5
0.06401476263999939,1.8037865609873966,-2.156113617921271,-0.766541063785553,0.7899138275194296,-1.1251368522644043,-1.2075878583838215,0.7582966118295897,1.3671786538875843,0.04406575486063957,-0.8847832679748535,0.3333333432674408
-0.46642789244651794,-0.20309685170650482,1.090421616644268,1.6829230813499079,-0.13780057031643508,1.6024931785951684,1.8693101451917744,1.033216118812561,-0.028923334553837776,0.04406575486063957,-1.4750760793685913,0.5
-0.2390953153371811,-0.6191481351852417,-0.042899317428825266,0.9137520519562148,-0.37167537212371826,1.4920013705706758,1.1281977572507165,0.17441290167658163,-0.47194361403583657,-1.1580289602279663,-0.2101629078388214,0.3333333432674408
0.4429023563861847,-0.6191481351852417,-0.3297167122364044,1.6421417553777222,-0.4801901578903198,1.416097751976947,1.8998620841231386,0.5237128458260681,-1.8072506444275234,-0.42292092682868565,0.29580235481262207,0.3333333432674408
-1.072648048400879,0.7101366758808836,-0.6842494230746987,-0.17326593802307028,-0.8613160521311072,0.6161730289459229,0.7412318467346014,-1.2552088232270464,0.8534792429680554,-1.067104425699739,1.223405361175537,0.6666666865348816
-0.3148728311061859,-1.0664155492445597,-0.05790869891643524,2.8027350139638614,-0.15464581549167633,2.562012759582086,1.2829596514610988,1.4564300520512292,-1.296729312598692,-0.890896737575531,-1.137765884399414,0.5
1.1981898673629603,-0.9531110904773379,0.21389929950237274,1.683048326756311,0.3857808236110125,1.2566071884657624,0.372630689078328,1.9456591814339521,1.3427485227584839,0.6451131105422974,-1.2459866227510896,0.5
0.5186799168586731,2.960476418389819,-0.4438171237313472,-0.48374725648332695,0.4501561990041965,-0.5688138813520903,-0.8195058502586194,0.7694012845221936,0.5945638418197632,-0.6237646341323853,-1.137765884399414,0.3333333432674408
-0.5422053933143616,-0.3814045190811157,-0.9915743509256152,0.0006748217192844783,-0.5344475507736206,-0.9366724901119575,0.6385895447628263,-0.2830019850299391,0.253002977068306,0.03903793611163434,-0.1258353590965271,0.3333333432674408
-0.01176275685429573,-0.8568916916847229,0.34980329871177673,-0.8554255366325378,0.009893529312947066,0.39148786664009094,0.2486871856711732,-0.5039596354210615,0.2204715460538864,1.2191044150484298,-0.3087863003565976,0.3333333432674408
-0.5514251213685127,-0.5002763271331787,0.07744684792032078,2.1905723474789807,-0.10038841515779495,-0.3949100971221924,0.2033810695753862,0.9463202128639218,-0.9018054008483887,-0.6905476450920105,-0.7104014805110203,0.9478249759908141
-0.769991420102714,-0.14366096258163452,-0.397668719291687,0.3564517306667738,-0.1175000172389287,-0.22639626264572144,-0.155459079976987,-1.3926154295652735,-0.15362077951431274,0.17763182520866394,2.0001666078184375,0.3333333432674408
-0.39065036177635193,-0.3814045190811157,-0.5335727334022522,2.5638808515837663,-0.10038841515779495,0.5907813977522506,1.0528800095513928,1.393935726452641,-0.03788074561657721,-0.42341551184654236,-1.306420922279358,0.5
0.5944573879241943,-0.6191481351852417,0.6362782497313918,-0.8109833002090454,-0.34454667568206787,0.4794576930316706,-0.18085081753084517,-1.2815759091628565,-0.9018054008483887,2.610266187135041,2.2020051222418173,0.6666666865348816
2.296252469138572,0.6853415516210382,1.765785803463972,-0.6236284971948318,0.847146510459446,-0.731937825679779,-1.134257108147993,1.789624420481517,0.34516897797584534,-0.42341551184654236,-0.9691107869148254,0.3333333432674408
-1.224203109741211,1.0702804952375384,-1.0524469856515875,-0.6776565313339233,0.05986378873811507,-0.731937825679779,-0.4855486780536822,-0.889972808642236,0.7192612886428833,-0.2898494303226471,0.3801299035549164,0.3333333432674408
-0.6937604546546936,-0.4408404231071472,0.07799530029296875,2.409211943600671,-0.5556840507186575,0.33531656861305237,-0.10732173362816809,0.49610651189583194,-0.028923334553837776,-0.3566324710845947,1.223405361175537,0.5
-0.7695379853248596,-0.5597122311592102,-0.12586070597171783,1.647872116042789,-0.7243484258651733,0.2791453003883362,0.03236478562018934,0.18194210872282446,-0.4697018350783351,-1.027654112043505,0.29867765786762196,0.3333333432674408
-0.3148728311061859,-0.14261298150486842,0.5339023622270239,1.8716743602694355,0.4620784581260329,0.4920097318314917,1.0105393191152026,1.392080820731459,0.9063074588775635,0.37798094749450684,-1.0534383058547974,0.5
-0.01176275685429573,-0.3814045190811157,-0.2617647051811218,2.4213625598409125,-0.2089032083749771,1.397309275159702,2.2263498134523703,1.5186286892533378,-0.4030156433582306,0.17763182520866394,-0.5402278824450895,0.3333333432674408
-0.08754027634859085,-0.3814045190811157,1.6609902736715474,2.8511286181225395,-0.10038841515779495,1.7624233958168187,1.4177663692048024,1.9045629314169967,-0.16268994504333623,0.5115470290184021,-1.004109165967773,0.5
-0.6937604546546936,1.0519595971601625,-1.8319816248977765,-0.6697557965533302,0.5778290033340454,-1.0689655542373657,-1.6695277714555337,0.3257606510647828,1.5866165143631674,1.1207146682628097,0.7498457383222936,0.6666666865348816
0.19713222682559278,-1.094635248184204,-0.2617647051811218,-0.544329822063446,-0.5073188543319702,0.043684586492075,0.33033511902489493,-0.6765877657854772,-0.15362077951431274,-1.1182622268281182,0.29157761185028075,0.6666666865348816
0.06401476263999939,-0.8568916916847229,0.07218104103145628,-0.2209305445092911,-0.7080845714422652,0.33531656861305237,0.5482346187430106,-0.49408695517182005,-0.028923334553837776,-0.8814910864835904,0.7174400687217712,0.5
-0.6916357642480024,-0.5597122311592102,0.5536593198776245,-0.6109932065010071,-0.34454667568206787,0.7846868634223938,1.6907835831962714,-0.1372882353224223,-0.008782849722387267,-0.02271728403866291,-1.0534383058547974,0.5
-0.5205086361431746,-0.8008109997326649,0.5536593198776245,0.3666731033983587,-0.697219729423523,1.2674978843640294,1.455589236567869,-0.14146026807220302,-0.5277130603790283,0.37798094749450684,-0.25777867713467073,0.5
1.2208200457797416,1.2726025442179918,1.3568782483132045,-0.6998776793479919,3.2680896943244857,-0.0366608743477333,-0.3747938200644706,0.6992163223907533,-0.34066691994667053,1.9932922945588587,0.11410983845506849,0.3333333432674408
-0.6179829239845276,-0.2625327408313751,0.14594730734825134,0.41290244146805305,-0.561576247215271,0.6723442673683167,0.23899457926933004,-0.8304746560578888,-0.34066691994667053,-0.6237646341323853,0.9288801469130202,0.3333333432674408
0.5632528411572646,-1.0351994037628174,0.21389929950237274,-0.7814321513814833,-0.42593276500701904,0.2791453003883362,0.646264801896985,-0.47069177562788633,0.46986642479896545,-0.890896737575531,-0.041507821530103683,0.3333333432674408
-0.8866102436896609,-0.5597122311592102,-0.12586070597171783,-0.6346878240254311,-0.22947037369887313,1.3570926358727926,1.038005146740844,-0.38753320427705856,3.0845043268351895,0.5783300399780273,0.26407822073460835,0.5
-0.39065036177635193,-0.9192596376172706,0.07799530029296875,-0.7065168822471267,-0.39880406856536865,0.9695099907391531,0.8339164670652295,-1.1705533384521694,1.4575883817630528,-0.7861696829983265,1.223405361175537,0.5
-0.5422053933143616,-0.20309685170650482,-0.3297167122364044,1.7159725507471424,0.7460876966490363,0.9776287262350466,1.15997548244284,0.8339906159820845,-1.324029155681448,0.3111979067325592,-1.306420922279358,0.3333333432674408
-0.48796210362170417,1.613392732862436,-1.697446437524723,-0.6109932065010071,0.8325516922336292,-1.237479329109192,-1.5730739019294484,0.13093372658180832,1.8859126221591644,1.685132365557606,1.5607155561447144,0.6666666865348816
1.580706173545969,1.361288251512477,-0.7999718979240138,-0.7443199157714844,0.8408205924585289,-0.2825675308704376,-1.2687120011796797,0.7210173672253465,0.4635337381699375,1.6538852688661498,-0.631800651550293,0.5
-0.46642789244651794,-0.3814045190811157,1.359423778065597,0.5641250468498612,-0.34454667568206787,-0.3316470908387816,-0.1158290935018963,0.364948701314182,0.45441627984840705,-0.7573306560516357,-0.37881800532341003,0.3333333432674408
0.5944573879241943,-0.4408404231071472,0.4857073128223419,-0.8109833002090454,-0.4801901578903198,-0.22639626264572144,0.42635691061266806,-0.7780114943376363,-1.0888515710830688,-1.0912458896636963,0.13481565351046185,0.5
0.5944573879241943,-0.5597122311592102,0.190925664612162,-0.7285037388721918,-0.5882524860464142,-0.3949100971221924,-0.0868410035269957,-0.9593293143993065,-1.8495330851143204,-0.890896737575531,0.5487849712371826,0.3333333432674408
-0.4742105915041881,0.3325976285187816,-2.0431766934861155,-0.42075822505127913,0.8173648293472631,0.33531656861305237,-0.15447521350982088,0.3289188481154338,0.2204715460538864,0.4447639584541321,-0.624250758329083,0.5
2.517741197816628,0.7967116875724943,0.21389929950237274,-0.39533147711647654,0.8990626599860712,-1.237479329109192,-1.113796428303169,1.3870208404272422,-0.12736503538059724,0.17763182520866394,-0.041507821530103683,0.3333333432674408
0.369702687921929,-0.6785839796066284,1.1948796786906448,-0.7478108484229226,-0.3596350933265945,0.7778685921018347,0.5057711427137933,-0.2660585874489548,0.9581992972933852,-0.34777966103615526,0.10070261219349515,0.5
-0.5689305680789447,-0.4601550429856555,-0.4656206965446472,0.27846266258915275,-0.561576247215271,1.3188706711080547,2.1747726613914278,0.3611254402292279,-0.6378905551920203,-0.372980856301696,-1.2457030064982186,0.5
-0.5422053933143616,-0.7534296754753316,-0.6054685947501903,0.3621601040571336,-0.34891702024047727,0.8580211567692493,1.0311415520237208,-0.05774674571749794,-0.1387628752702082,0.04406575486063957,-0.631800651550293,0.5
0.1397922784090042,-0.20309685170650482,0.4857073128223419,-0.6554354429244995,-0.37167537212371826,-0.3387388288974762,-0.3319223420053657,-0.4126592407685689,0.5911343085670188,0.04406575486063957,0.21147480607032776,0.6666666865348816
-0.46642789244651794,-0.4408404231071472,-0.397668719291687,0.8924545463649326,-0.6936742250350976,1.1609815633051317,0.47790839311167616,0.21943847530760435,-0.46536436676979065,-1.548118244260266,-0.37881800532341003,0.5
-1.0019975045491598,-0.3814045190811157,-0.397668719291687,-0.8109833002090454,-0.8740430958566641,-0.6174088681214077,-0.8689746123364754,-1.7849286319420938,-0.6524105072021484,-0.6905476450920105,1.9153777658532154,0.6666666865348816
-0.01176275685429573,-0.3219686448574066,0.14594730734825134,-0.8554255366325378,-0.5344475507736206,-0.45108139514923096,0.38270292392393046,-1.2357831510918023,-0.09330085432092353,-0.42341551184654236,0.9704226851463318,0.5
0.21556980907917023,-0.08422506600618362,-0.397668719291687,-0.23355131969110524,-0.7786058187484741,-1.0133421117706183,-0.35541704975794064,-1.3240774660590575,-1.16246178188235,-1.3583780527114868,1.852048241719865,0.6666666865348816
-0.3148728311061859,-1.1914075639912556,-0.19381269812583923,0.8694303794203123,-0.561576247215271,-0.2825675308704376,-0.4503494491966771,-0.6957682218368328,-1.8856479250150615,-0.6950798302869502,0.4644574522972107,0.5
1.8667757836732102,0.1188189725873545,1.6871542384629021,-0.5658115412908841,0.6665139415263509,-1.1251368522644043,-1.7149298347691437,0.6727756058839184,-0.2159694880247116,0.40641572127099707,0.5667496378940213,0.5
-0.39065036177635193,-1.0827396528271211,0.14594730734825134,-0.8109833002090454,-0.27772953630197506,-0.0017111222259700298,-0.019509974867105484,-0.676481097770868,0.7192612886428833,0.37798094749450684,0.3801299035549164,0.6666666865348816
-0.9210929870605469,3.2906152929281616,-2.1644208431243896,-0.6998776793479919,0.25250663939509577,-1.0127942562103271,-1.7953724683654766,-0.28887158137806707,2.309999368142082,-0.15628336369991302,1.223405361175537,0.3333333432674408
-0.39065036177635193,-0.20309685170650482,0.6216112971305847,-0.7220988273620605,-0.5120634605318956,-0.731937825679779,-0.6892089430597055,-1.1840392058021099,0.687438064216973,-0.957679808139801,0.8185659605040441,0.3333333432674408
0.1397922784090042,-0.4518820137085567,0.528214614400761,2.4966053159038903,-0.42593276500701904,0.05446016043424606,1.1651834391358222,1.5544185156115986,-0.46536436676979065,-0.5507298367406079,-0.5474730730056763,0.3333333432674408
0.06401476263999939,-0.2625327408313751,1.1652272939682007,-0.5938396199235936,1.5714332924573424,-0.6195952296257019,0.5965651401586521,0.16923818356546466,-0.46536436676979065,0.24441486597061157,-0.5263561344996095,0.3333333432674408
2.503944829636082,1.2998132533774043,1.7002464745613959,0.02088501592824562,0.7509643536154839,-1.349821925163269,-1.7403693312305188,1.8234301209601023,-0.5900617837905884,1.9243111768179437,0.9555443309945908,0.5
0.21556980907917023,-1.094635248184204,-0.19381269812583923,1.176402095483987,0.2006158627435683,0.8600642504467053,1.2607715189667525,1.1111336502787363,0.5322151184082031,-0.5569815635681152,-0.8847832679748535,0.3333333432674408
0.7839073830627745,1.4542555989633854,-2.0530474287485903,-0.7220988273620605,1.290298511741143,-1.2977361490685715,-1.5735959718673131,0.4766663695142127,0.15812282264232635,-0.14441409924985868,-0.1258353590965271,0.5
-0.49039829913830374,-0.8568916916847229,0.7075139699573861,0.2111039514908899,-0.6901863465736798,-0.0578824058175087,-0.09963896402217447,-0.7152742072430006,0.07608201365662007,-0.3566324710845947,0.5506455968885489,0.6666666865348816
-0.6937604546546936,0.15351851284503937,0.9473266104729066,-0.6332142949104309,-0.12751711905002594,-0.22639626264572144,1.4646883931023813,-0.30875924620615164,-0.8476315760812123,-0.49019855260849,-0.8847832679748535,0.3333333432674408
-0.16331779956817627,-0.7380198836326599,-0.12586070597171783,-0.8501392387388137,-0.2631605863571167,-1.1073256656641557,-1.2761941937614998,-0.6160250538062937,0.15595741527311474,-0.42341551184654236,0.04281972348690033,0.3333333432674408
-0.8453154563903809,-0.14366096258163452,-0.4656206965446472,0.5180659242235338,-0.45334559271684094,0.920842625683271,0.33320641115651906,-0.27690877506984046,0.7816100120544434,-1.3125031827323599,0.4644574522972107,0.5
-0.8453154563903809,-0.2625327408313751,0.07799530029296875,-0.2401506068845605,-0.8785779322400774,-0.4126184485933318,-0.2738267874470891,-0.9251307768295255,0.0957741066813469,-0.9938064776147892,0.7174400687217712,0.5
0.21556980907917023,2.363564435856934,-2.1644208431243896,-0.7887621521949768,0.4799190602890739,-0.9057001512085465,-1.605424055569328,0.7427990679962683,0.13237092776777956,-0.22306638956069946,-0.6402539240695226,0.3333333432674408
-0.08754027634859085,0.5626535442736403,2.594770057180971,2.0875932200291416,-0.2089032083749771,1.1217145919799805,1.9884967484092309,1.362727853887849,-0.7771079540252686,-0.6905476450920105,-1.4750760793685913,0.3333333432674408
-0.9210929870605469,-0.5002763271331787,1.1652272939682007,-0.8506239350338085,-0.42593276500701904,-1.0689655542373657,-0.934776616648806,-1.3235690853481707,-0.09127205610275269,0.17763182520866394,0.04281972348690033,0.5
3.4885639126328494,-0.5298572908220882,2.1524003511063454,-0.5271754026011825,0.9482571445048306,-0.0578824058175087,-1.236934274279135,1.2724319375232036,-0.028923334553837776,1.2178121947214573,-0.8004556894302368,0.3333333432674408
0.1397922784090042,-0.6191481351852417,0.4177553057670593,1.285166970489789,-0.5824981701323418,1.4776809166948737,1.1026800998769988,0.9808005030419771,-0.34066691994667053,0.4447639584541321,-0.6035605902270436,0.6666666865348816
1.4663489346230625,1.410684402420168,0.8934193253517151,-0.2111126182920859,0.9417364776284908,-0.90045166015625,-1.0768080621245926,1.7289538883583482,0.46986642479896545,0.37798094749450684,-0.2944904565811157,0.3333333432674408
-0.30586695824921917,-0.6899181198564829,0.010043300688266754,-0.8776466846466064,-0.01900232955813408,0.2229740172624588,1.275457951932023,-0.22154766951121063,-0.7771079540252686,0.39342672081118574,-1.306420922279358,0.3333333432674408
-0.01176275685429573,2.299044164705272,-1.5702761697053829,-0.7887621521949768,1.0236230780490116,-0.90045166015625,-0.9618222334984086,0.17547331092378426,0.4075177013874054,5.810020856988173,-0.8847832679748535,0.3333333432674408
-0.3148728311061859,0.27239030599594116,-0.397668719291687,0.5499053138678262,-0.2360319048166275,0.3672719026153865,1.2213442029891544,0.29717471258401357,0.3978146406437038,0.6451131105422974,0.12714727222919464,0.5
0.5615375170048148,-0.7380198836326599,1.1652272939682007,-0.6408319125164639,-0.5547940115991135,1.6596440972199855,0.9485844648082359,-0.7595445884880424,-0.9018054008483887,-1.1580289602279663,0.12714727222919464,0.5
-1.072648048400879,-1.094635248184204,0.07799530029296875,-0.7857101136732167,-0.3174179792404175,0.6186946960138691,0.04829297289300884,-1.5271859273315733,-0.2783181965351105,-0.22306638956069946,0.9176083247409994,0.6666666865348816
2.390613588822362,0.7725559756347377,0.4717557294217247,-0.5665509104728699,1.3863611783378482,-0.17022497951984406,-0.9495885188933894,1.5172109862111043,0.4075177013874054,1.7365045946281912,-0.2944904565811157,0.5
0.29134732484817505,-0.3814045190811157,-0.9430584492493836,0.8985029180112883,-0.8284526368841849,-1.2936506271362305,-1.0837476259588856,-0.721597652146823,-2.869826014097912,-0.22306638956069946,0.7092426509538485,0.5
-0.7695379853248596,0.31878031933937173,-2.044517437168412,-0.766541063785553,0.062383756041526794,0.5600017309188843,-0.2319612296435751,-0.31944773407974775,0.9480346679074144,-0.02271728403866291,-0.2101629078388214,0.3333333432674408
0.8217899799346924,0.030922231728468273,-0.12586070597171783,-0.8554255366325378,-0.6448149957364486,0.33531656861305237,0.12643341648637782,-0.9558106272621234,-0.9018054008483887,-0.7840326532513117,0.21147480607032776,0.5
-1.3706510337264546,-0.7380198836326599,-0.3297167122364044,-0.47583939730082175,-0.561576247215271,0.33531656861305237,0.4679073431457953,-1.4503032395852817,-0.34066691994667053,-0.7611056002765836,0.7660558650520395,0.6666666865348816
-1.3183363817257145,-1.0496699507765268,-0.2617647051811218,-0.11115300395719975,-0.7700786627768536,-0.0578824058175087,-0.7223315598959118,-1.255307164213628,-1.028359052823036,0.1108487918972969,0.6331125497817993,0.5
-0.01176275685429573,1.494363072393307,-2.161423522182496,-0.6554354429244995,0.5482730354827607,-0.2825675308704376,-1.403624932556814,0.7158142202905383,1.7985963146247133,1.9166668079972073,0.213493077184333,0.5
-0.39065036177635193,-0.14366096258163452,1.6708804406228297,1.4684119420837216,-0.21852406040880484,0.6477697147211918,1.0841406543925056,1.0360513247354228,-1.568474160120712,-0.5569815635681152,-1.4750760793685913,0.3333333432674408
-0.5422053933143616,-0.4408404231071472,0.07620801593044231,1.6063746374114651,0.6884687455374158,1.2379598181592208,1.2672468693859005,0.7743974486995278,-1.1196842423599875,-0.49019855260849,-0.9691107869148254,0.3333333432674408
-0.8453154563903809,-0.3814045190811157,-0.2617647051811218,-0.3612681218877103,-0.2631605863571167,-0.6195952296257019,1.2676346406375039,-0.8553181886672974,0.9686561822891235,0.1108487918972969,0.5487849712371826,0.38604328124455173
0.5944573879241943,-0.3814045190811157,1.1652272939682007,-0.7443199157714844,-0.28413855563504353,-1.3748489039447362,-0.8172618307565034,-0.5209445950304015,-0.2159694880247116,-0.44062258760128625,0.3801299035549164,0.5
-0.8453154563903809,0.12069126367158989,-0.04113986929754579,0.07941039888925555,-0.697219729423523,0.8877945653011846,-0.11525938098917733,-1.0919315297384433,0.15812282264232635,0.6627617124735881,1.2582381651443009,0.6666666865348816
0.10726374735111262,-0.05446460838049473,1.1888907772199255,-0.8893924751084745,-0.2631605863571167,-0.6195952296257019,-0.030654215028472875,-0.29208528556475494,1.070847867225412,-0.49019855260849,0.21147480607032776,0.3333333432674408
-0.5422053933143616,0.884987046489453,-1.9895920898904482,-0.7887621521949768,0.5617018149758498,-0.9372585045094222,-1.4660391023626527,0.06771992483180721,0.6569125652313232,-0.3566324710845947,-0.8847832679748535,0.3333333432674408
-0.6937604546546936,-1.1609283748016492,0.07799530029296875,-0.833204448223114,-0.6258074210025341,0.5038304328918457,0.023481758608179318,-1.8483301513384605,-0.19401881758415102,-0.17001625289658562,1.7047782400456168,0.5
2.5576864997716617,1.154207576749186,1.1652272939682007,-0.7220988273620605,0.8919513063405423,-0.8442803621292114,-1.4118809218837882,0.44204717646339287,-1.213549017906189,1.5319803198019535,-0.041507821530103683,0.3333333432674408
-1.072648048400879,0.5420509643317971,-2.1644208431243896,-0.8776466846466064,-0.3068508006476754,-0.8449560962717042,-1.5765905370359217,-1.025857033892133,2.668175701950564,-0.6237646341323853,1.4591028923793874,0.5
0.697222732954214,-0.024789171293377876,0.07799530029296875,-0.06966414624901199,-0.2089032083749771,0.2791453003883362,0.8262482766442207,0.4506381661500662,-0.29544717092981154,-0.3430396788036128,-0.8847832679748535,0.3333333432674408
0.5944573879241943,-0.9566450409521842,-0.5335727334022522,-0.02226894187819628,-0.5887049436569214,-0.731937825679779,-0.5105180597945401,-0.8040042053354376,-0.7771079540252686,0.12221806811587144,1.223405361175537,0.5
-0.2390953153371811,-0.7380198836326599,-0.2617647051811218,1.343245655343919,0.07906013214845951,0.5096273731477214,0.5619578783429215,0.9233352030740013,0.34516897797584534,-1.3930799536355165,-0.5617323746586114,0.3333333432674408
-0.51921011569996,-0.20309685170650482,-0.3167710949832712,0.39873110348964313,0.13116031593930041,-0.2825675308704376,-0.33905623052591927,0.4923341237381265,-0.2159694880247116,-0.46570320901805795,-0.9691107869148254,0.5
1.7467852752581965,0.4107557302538076,-0.12586070597171783,-0.5817379898403771,0.8178472146049365,-0.017628979590187856,-0.526554181295073,0.6248750904897001,-0.2159694880247116,0.17763182520866394,-0.19367248611936458,0.5
-0.9968705177307129,-0.3814045190811157,-1.1765962589683303,4.03059559964409,-0.35065450273027804,1.3702171674369672,0.932568818183758,1.8944598867622555,1.7402980958405718,-0.957679808139801,-0.37881800532341003,0.3333333432674408
-0.39065036177635193,0.620736653816921,0.4177553057670593,2.2731708941034454,-0.37167537212371826,2.748071109325921,2.0703062591515904,1.4621948145931771,0.033425383269786835,0.3111979067325592,-1.2220934629440308,0.3333333432674408
-1.224203109741211,-0.3814045190811157,-1.9997725465767628,0.34625626922940705,-0.2902892827987671,-0.5634239912033081,-0.030224007691438508,-0.38602844379390383,0.34516897797584534,-0.22306638956069946,0.8017675876617432,0.3333333432674408
-0.9118254032363865,-1.3214849767914134,0.010043300688266754,-0.3349090403266499,-0.8241879854239446,-0.22639626264572144,-0.4494345949160154,-0.8602893861065362,-0.5900617837905884,0.07879562676368762,-0.041507821530103683,0.5
1.09559372121194,1.2106473310818104,-1.9333861748625942,-0.6998776793479919,0.9166132123849305,-1.0689655542373657,-1.3467276739347056,1.058083729249832,-0.028923334553837776,0.6867200660722591,-1.137765884399414,0.3333333432674408
0.5045359228761785,0.8105664871262935,0.5536593198776245,-0.696394617794832,1.1381906105565724,-1.4778847485424023,-1.725065112016412,0.607291980554514,0.4075177013874054,0.37798094749450684,-0.1258353590965271,0.3333333432674408
0.4429023563861847,-0.7974557876586914,0.6685302783469689,-0.7798435944308134,-0.3200600154027464,-0.0017111222259700298,0.8980178266275778,-0.38671399309751026,-0.6545127084384982,0.2655681229791744,-0.5952472215998237,0.5
-0.7695379853248596,1.6605987162728837,-2.0372184521990295,-0.6776565313339233,0.6465928753484105,-0.8442803621292114,-1.5528148628654959,0.3192655353340834,1.2029350711725806,0.7786791324615479,-0.9691107869148254,0.3333333432674408
-0.39065036177635193,-0.5002763271331787,0.057190014785966053,-0.7886779963603832,-0.753200678301933,0.6161730289459229,0.004583213149727653,-1.4554953414992045,-0.2903871877116167,0.4447639584541321,1.3070581766013063,0.5
5.766410512155959,0.3927585347257314,1.1652272939682007,-0.36319645586678684,0.7620824873834726,-1.1813081502914429,-1.7033094210512918,2.0426982897196986,-0.8130563096496731,1.808598478906278,-0.631800651550293,0.5
0.8217899799346924,-0.2625327408313751,0.14594730734825134,0.31142068302198683,-1.1617046841714198,0.4476591646671295,-0.2589652614259713,-0.3660027372733133,-0.6442965650534164,-0.6237646341323853,1.3586346860864769,0.6666666865348816
0.8154296002589205,-0.5002763271331787,0.8254672884941101,-0.9318097620995364,-0.37167537212371826,-1.349821925163269,-0.6027899252683576,-0.7826913816422989,-0.5277130603790283,-1.3447886718005706,-0.041507821530103683,0.3333333432674408
0.0707756402011035,0.2748192028267517,-0.3297167122364044,-0.5887720584869385,-0.9531806964786396,-0.7881091237068176,-0.1557913416571065,-1.6803242726312912,-1.5610678716064028,-0.8241137266159058,2.0106093785611017,0.5
-0.3148728311061859,2.7114145879534535,-2.1644208431243896,-0.6554354429244995,0.6673143300793086,-1.2215914834798598,-1.7636037017635415,0.2955444544123974,0.9906530886469089,0.8115640125525068,-0.03213913197972593,0.5
0.06401476263999939,-0.7974557876586914,0.21913065068983495,-0.544329822063446,-0.561576247215271,-0.2825675308704376,0.5233241950039417,-0.6128667621149421,0.11019537909487975,1.8727481323344888,0.3801299035549164,0.6666666865348816
-0.5422053933143616,-0.2625327408313751,0.4177553057670593,-0.6109932065010071,0.0024701152057019816,-0.5634239912033081,0.2299662075300931,-0.46324703150194724,0.5322151184082031,0.7786791324615479,0.21147480607032776,0.5
2.1977798384268517,0.27239030599594116,1.372223074617681,-0.6332142949104309,0.851872029095632,-0.6441929296755136,-1.0595088470354959,1.1881236448254382,-0.3087254695216446,1.0730786148140428,-0.46314552426338196,0.36909132887994395
2.1605564256359973,-0.5307143142092736,0.8254672884941101,-0.7887621521949768,0.1272808011698248,-0.8442803621292114,-1.1405356456515012,0.3100182190966079,-0.028923334553837776,2.8004733292372563,0.7174400687217712,0.5
-0.9968705177307129,-0.8568916916847229,-0.5335727334022522,-0.27841898994312225,-0.5073188543319702,-0.6195952296257019,-0.31331634630157296,-0.773352931317258,0.23341112756458518,-0.3159909246075035,-0.13094535222271597,0.5
-0.2390953153371811,2.3382964877288175,-2.1644208431243896,-0.19450521747784197,1.2715908295658,-0.8578803084420211,-1.5163958328712621,0.8293447737786398,1.4268531433519955,0.24441486597061157,-0.5474730730056763,0.3333333432674408
1.0839189970529866,1.037084416587551,-0.2617647051811218,-0.6776565313339233,0.7080483577563669,-0.90045166015625,-1.2046086849342008,0.9003078286501767,0.09169295684556106,0.29974752914614156,-1.2220934629440308,0.3333333432674408
-0.9968705177307129,2.421052870614512,-2.1644208431243896,-0.7220988273620605,0.03917415021214919,-0.8442803621292114,-1.6332671244912886,-0.3354463998270665,4.313206773863337,0.22465791059953658,2.456503865913868,0.5
-0.08754027634859085,1.6338926163521914,-1.975224041697537,-0.7887621521949768,0.9212171389046158,-0.6757665276527405,-1.3300809282134398,0.33397207590176603,1.5240791523372277,-0.2898494303226471,-0.6688590469478716,0.3333333432674408
-0.08754027634859085,1.5811528961720613,-2.0962089709866945,-0.6998776793479919,0.7246862506441127,-0.8442803621292114,-1.4837922062095221,0.6068990415662807,1.9160200177168807,0.5115470290184021,0.04281972348690033,0.02334668606219279
0.5944573879241943,-0.6191481351852417,1.1652272939682007,-0.8591505515284287,-0.024508039584820028,-1.1251368522644043,1.0851508694368963,-0.04109610616367392,-0.7771079540252686,-0.15628336369991302,-0.631800651550293,0.1666666716337204
-1.072648048400879,-0.4408404231071472,-0.13589492866751562,-0.6998776793479919,-0.7755497067207261,-0.6844208170917429,-0.8329650440230756,-1.5016693582629017,-0.028923334553837776,-0.2898494303226471,0.5487849712371826,0.5
-0.16331779956817627,2.602618786676323,-0.5512467614566399,-0.7220988273620605,0.10336020658760511,-0.9566229581832886,-0.956467901587181,-0.09430157759497937,-0.15362077951431274,-0.890896737575531,-0.8744090568549909,0.5
-0.31482658699252025,0.27239030599594116,0.28185129165649414,-0.7887621521949768,-0.01900232955813408,-0.0017111222259700298,1.4805196127982942,-0.2775853104791904,0.0957741066813469,0.11523944566268024,-0.4523847977424181,0.5
-0.6179829239845276,1.23197446648839,-0.9520523356275772,-0.658413823957295,-0.2360319048166275,-0.731937825679779,-1.2563567402140574,-0.7047214887457314,1.5092621156387913,0.7786791324615479,1.5607155561447144,0.5
0.7413818437291099,-0.5002763271331787,-0.08350277543170465,2.7304344583426285,-0.2360319048166275,1.6573603267576016,2.1128705349292987,1.6833061486380618,-1.213549017906189,-0.22306638956069946,-1.2834101548817698,0.5
-0.08754027634859085,-0.29336753811535504,-0.4656206965446472,1.2163951986698898,-0.6158336400985718,-1.0689655542373657,-0.16006496822572197,0.15026889534448107,-0.4030156433582306,-1.7542067495720164,-0.1258353590965271,0.5
-1.208186121664643,-0.14366096258163452,-0.2617647051811218,-0.6554354429244995,-0.561576247215271,0.7358507260921225,0.6702934937815272,-0.6153572321183864,0.0009637613637556129,-0.12679593364902741,-0.45850724152547934,0.3333333432674408
0.4493948733096099,1.7479940908963554,-1.8365520640097948,-0.6332142949104309,1.1086460854935143,-0.8442803621292114,-1.2610093889595073,1.1072325822337064,1.3071091442298268,0.1108487918972969,-0.631800651550293,0.3333333432674408
-0.8453154563903809,0.44235344804324095,1.0329463403849037,0.08541133122443331,-0.09482829489030822,1.2894282915065451,1.0888306679971493,-0.17602628630155207,-0.7771079540252686,0.725906550040651,-0.631800651550293,0.5
0.5944573879241943,-1.4671273552262936,0.3528360411815672,-0.8554255366325378,-0.7531752021187602,0.16680273413658142,-0.3549360593557518,-1.3459887972944153,-1.782216741197114,0.9790282845497131,1.1390777826309204,0.5
0.21556980907917023,1.0526716637767057,-2.0129289496504965,-0.5198418315635215,0.6695747971745173,-0.17022497951984406,-0.7964102423649156,0.9361182087014756,0.7192612886428833,-0.22306638956069946,-1.1680113533430052,0.3333333432674408
-0.9968705177307129,-0.4068748632180907,-0.2617647051811218,0.713741589138418,0.6644819998452015,-1.0689655542373657,-0.24283984692691632,-0.5207214171765375,0.0957741066813469,-0.6619410994525102,0.21147480607032776,0.6666666865348816
-1.1796454993780299,-1.0351994037628174,-0.8053807020187378,-0.8776466846466064,-0.39880406856536865,-0.2322405758865382,-0.31162356802387575,-0.44205709002553634,0.8974109368150489,-0.36986998961402623,-1.25185902656372,0.5
-0.46642789244651794,-0.08422506600618362,0.5131974696630052,2.1231697339047173,-0.3356740628282405,-1.1251368522644043,-0.0448080974829965,0.945136053295338,0.4075177013874054,-1.0244628190994263,-0.30499356249216253,0.5
-0.3148728311061859,-0.5002763271331787,-0.04399416962399049,1.7959558631698802,-0.2360319048166275,1.6800270250957272,1.6500197887989114,1.0711125222816007,-0.4030156433582306,-0.3566324710845947,-1.0534383058547974,0.5
-0.6937604546546936,-0.14366096258163452,0.07799530029296875,-0.16617031236767674,-0.6158336400985718,0.5734815263987999,-0.04844851272631424,-1.4591633675515714,0.5945638418197632,-0.2898494303226471,1.5607155561447144,0.5
-0.08754027634859085,-0.08422506600618362,0.14594730734825134,-0.4378247244642906,-0.5710818847951038,0.11063144356012344,-0.4251443310463912,-1.4096671508741236,-0.897939295580638,0.16064090450733035,1.5607155561447144,0.6666666865348816
0.36611144288522357,0.6365844745035606,0.14594730734825134,-0.6332142949104309,0.43913898720417677,-0.39953703287290643,-0.6496466993751431,0.35977771768702776,0.0957741066813469,1.3425132528729942,0.4644574522972107,0.5
-0.5422053933143616,-1.094635248184204,0.010043300688266754,0.7297013263371592,-0.561576247215271,-0.6675088490094137,-0.24648891877059975,0.1057405310903504,-0.18992755651705404,-1.1580289602279663,-0.2101629078388214,0.5
3.0376164013335702,0.5657592782418401,1.1652272939682007,-0.5887720584869385,0.8405298158307543,-1.349821925163269,-1.5401268170077178,1.165778054591306,-0.2159694880247116,0.9122452139854431,0.7971421256471767,0.5
2.2517220847272506,0.7107030280298322,0.34980329871177673,-0.8109833002090454,-0.34454667568206787,-1.1626937082248399,-0.6174476521761804,0.23434843483501597,-1.8482600442479544,-0.15628336369991302,-0.776782974650937,0.3333333432674408
0.2751299400913369,0.33182618021965027,0.07799530029296875,0.2721204516964942,-0.7243484258651733,1.5523162304236586,0.279447137434727,-1.014245493524162,-0.46536436676979065,-1.3584582903866123,1.5607155561447144,0.6666666865348816
-0.6937604546546936,1.0201775870493364,-1.9524272755946712,-0.516970271425222,0.7184252480129759,0.8796360324357636,-1.171084610387245,0.6119159350469355,0.6371080823628349,0.6451131105422974,-0.631800651550293,0.5
0.29134732484817505,-0.6191481351852417,-0.12586070597171783,0.1876424836244909,-0.788204662975549,-0.9566229581832886,-0.11269027869315215,-1.0638118490955897,-2.1211243728892115,-1.862536874027737,1.6450430154800415,0.5
-0.545097926597359,1.0707169709170512,-0.8046850922005478,-0.7443199157714844,-0.37167537212371826,-0.9566229581832886,-0.5111567446646995,-0.5591572133192246,0.6569125652313232,-0.22306638956069946,0.8017675876617432,0.1666666716337204
0.21556980907917023,-0.6785839796066284,-0.2821694959502276,1.780309723669584,-0.4801901578903198,-0.5634239912033081,-0.4523741836657376,0.17840116342007414,-1.0265028476715088,-1.0912458896636963,0.21147480607032776,0.3333333432674408
3.1326895224977376,0.21295440196990967,1.2564301176424695,-0.4633510442860127,0.7608021602570056,-0.0578824058175087,-1.2171223470451207,1.403940873413331,-0.2159694880247116,2.536354106886865,1.0547502040863037,0.6666666865348816
0.8584466701244896,2.615267548609171,0.07799530029296875,-0.6554354429244995,14.449270755572252,-0.6195952296257019,-1.420932168306261,1.1791382217679263,-1.0888515710830688,9.711278506645943,-0.9691107869148254,0.3333333432674408
0.21556980907917023,-1.2348562467831532,0.03130785537877831,-0.5887720584869385,0.1199207065967568,-0.9566229581832886,-1.3823587418507526,0.1411728424437884,1.6638154497501887,0.9790282845497131,0.5262021882281525,0.5
0.8051167224047363,-0.024789171293377876,1.1652272939682007,-0.6776565313339233,-0.10038841515779495,-0.0578824058175087,0.9326683698000623,-0.42570425699146164,0.0957741066813469,-0.3566324710845947,0.8538868277291919,0.3333333432674408
-0.6179829239845276,0.682384791501262,-1.2266909734912808,-0.7343661581347656,0.22219593547361044,-1.237479329109192,-1.3840045951739604,0.3394240455925764,2.2792276732220436,-0.15149346830533242,0.21147480607032776,0.3333333432674408
0.21556980907917023,-0.5399268586510199,0.34980329871177673,-0.4096741208239902,-0.561576247215271,0.16680273413658142,0.8940767591206721,-0.6344060442655413,-0.2159694880247116,-0.5569815635681152,0.04281972348690033,0.3333333432674408
-0.39065036177635193,-0.15393603821897417,-0.12586070597171783,0.5398101125266617,0.04034301932745046,1.3527129500277948,1.1196863385899427,0.30545337660470934,-0.5277130603790283,0.977500530910173,-0.041507821530103683,0.3333333432674408
-0.3634601655695679,-1.1460946518977473,-0.19381269812583923,-0.833204448223114,-0.39146750811134834,-0.04979092547104684,-0.10108546340701785,-0.9497462298070026,0.3036370960432338,-1.0244628190994263,0.12714727222919464,0.3333333432674408
-0.01176275685429573,-1.3245154745351078,0.010043300688266754,-0.760118503600423,-0.7243484258651733,-0.8442803621292114,-0.6557236817824103,-1.2512633717579624,-0.0793149273924939,-1.0244628190994263,0.9704226851463318,0.7443706142273958
-0.9210929870605469,-0.5173742019893163,-0.5335727334022522,0.5496808016903506,-0.350790474404919,0.884539710846168,0.43686349996351476,-0.6845487006444708,0.34516897797584534,-0.49019855260849,0.9704226851463318,0.8333333134651184
0.29134732484817505,-0.9163275957107544,-0.2617647051811218,-0.8109833002090454,-0.3074685922850087,-0.17022497951984406,1.1106956988349597,-0.5181742303088284,-0.7771079540252686,-0.49019855260849,-0.26863352641058263,0.8333333134651184
0.7460124492645264,-0.9757634997367859,0.05821105204276447,0.6236909718265474,-0.3174179792404175,1.065543293952942,1.233866707643549,0.3820420877740866,-0.4158837424317361,-1.0912458896636963,-0.041507821530103683,0.5
-1.5248516830054843,-1.0351994037628174,0.6895633339881897,-0.8776466846466064,0.26326831998630773,-0.2825675308704376,-0.2510262292470747,-1.2867370000572724,0.2828202545642853,-0.42341551184654236,-0.041507821530103683,0.3333333432674408
2.632632752137341,-0.3814045190811157,0.8934193253517151,-0.27164635476914967,0.5778290033340454,-0.22639626264572144,-0.5170031939413939,1.6887846569209595,0.8439587354660034,2.3364166193698535,-0.8004556894302368,0.5
0.14998148855737473,-0.2625327408313751,0.010043300688266754,0.29777195831924735,-0.5344475507736206,0.5241083467327582,0.395568979376793,-0.9865491297428366,-0.5992119718487662,0.17763182520866394,1.223405361175537,0.5
2.098968507256804,-0.2776735041230933,0.7694913649577644,-0.5218501866555285,0.7794286260449419,-0.6195952296257019,-1.4032819582773608,1.466859080769426,1.055459118568417,3.278828653329657,-0.4187120454493064,0.3333333432674408
-0.08754027634859085,-0.3814045190811157,-0.12586070597171783,-0.7443199157714844,-0.8152881379606952,-0.6737674419159845,-0.4970329574310855,-1.3204679177490126,-0.0790072721500676,-1.3583780527114868,1.1956595479726781,0.5
0.5190207042221127,0.33182618021965027,0.02590769862396213,-0.6998776793479919,0.22821397248830486,-0.0578824058175087,0.7746886969816433,0.15852963734051964,0.7192612886428833,0.37798094749450684,-0.041507821530103683,0.3333333432674408
-1.072648048400879,-0.28369019808603163,-0.2617647051811218,-0.5779762708994426,-0.6700910329818726,-0.4541548680692333,-0.2645412146205286,-1.2122242743872171,0.7194307645382314,-0.957679808139801,0.6836463760669023,0.5
2.4379162986251983,0.6737589345814344,-1.1890581247080672,-0.11538983536348045,0.6683530631256639,-1.5704899911308023,-1.5595682900846548,1.8103065470555797,-0.028923334553837776,0.4447639584541321,-0.7161281704902649,0.3333333432674408
-1.148425579071045,-0.9163275957107544,-0.19381269812583923,0.9513755104378411,-0.10038841515779495,0.5038304328918457,0.32938866415385726,-0.1985621366425348,1.0812849332567698,-1.0244628190994263,0.0314356108533036,0.8333333134651184
-0.01176275685429573,-0.7974557876586914,0.07799530029296875,0.8835436629095587,-0.2067157039824754,1.1217145919799805,1.617657411268219,0.43290392470067657,1.1557023525238037,-0.4815788632418963,0.29580235481262207,0.5
-0.9968705177307129,-0.9757634997367859,-0.2617647051811218,-0.8457325108981866,0.4082551040148019,0.9532006978988647,-0.09062941980188269,-1.460132345923489,-0.4030156433582306,0.7118961215019226,1.1390777826309204,0.5
-0.3148728311061859,-0.0030488830083532925,0.6895633339881897,-0.6776565313339233,-0.9115505188630961,0.39148786664009094,0.14748070358211463,-1.5397651025014059,-0.4030156433582306,-1.0244628190994263,1.7049826001304138,0.5
-0.46642789244651794,-0.5002763271331787,-0.5335727334022522,-0.6998776793479919,-0.7786058187484741,-0.06907207258004844,-0.27549621396117197,-1.3514986544037257,-0.9327473873974086,-1.3583780527114868,0.5877180922966201,0.3333333432674408
-0.6937604546546936,-0.6785839796066284,-0.1425966849778036,-0.7220988273620605,-0.7269741836278976,0.2229740172624588,-0.02158736917327754,-1.5571380628861904,-0.7771079540252686,-0.7573306560516357,1.293887633543146,0.5
0.7753244986310799,-0.6191481351852417,0.34980329871177673,-0.8109833002090454,0.015018738325422533,-0.22639626264572144,-0.0642159164781072,-0.5571242357854583,-1.0265028476715088,-0.565002301058864,-0.2313628579477326,0.3333333432674408
0.39810731366574903,-0.3954438707484008,-0.28016361149693064,-0.7220988273620605,-0.43296224241965775,0.2229740172624588,0.6120616056459249,-0.7075251376545241,-0.09127205610275269,-1.0244628190994263,0.3801299035549164,0.5
2.3038993011766586,-0.3814045190811157,1.1125295403189492,-0.6682392616771163,2.776021045460932,-1.0689655542373657,-1.6905111919661984,1.3362438241593497,-0.7771079540252686,9.135107727634637,-1.137765884399414,0.5
0.1397922784090042,-0.1557698572825787,-0.32044849848518475,0.8597444903598774,-0.6429623365402222,1.1217145919799805,0.9927769754068294,0.43201700386098574,-0.7771079540252686,-1.1580289602279663,0.010990938345941087,0.20290954131065475
-0.9210929870605469,-0.4408404231071472,0.010043300688266754,2.002108545264751,-0.561576247215271,-0.2825675308704376,-0.29281510067088784,0.32858908043356355,0.033425383269786835,0.4447639584541321,0.04281972348690033,0.3333333432674408
-0.6937604546546936,-0.9757634997367859,0.010043300688266754,1.060709581965803,-0.12751711905002594,1.188611601110028,0.7333061312123608,0.5342766318884091,0.9503714910117897,0.04406575486063957,0.04281972348690033,0.3333333432674408
2.447438508519914,0.09408261626958847,0.4857073128223419,-0.6743516042049656,0.9393561216310993,-0.8442803621292114,-1.325007411684971,1.1513177251377928,-0.6524105072021484,0.24441486597061157,-0.37881800532341003,0.5
-0.39065036177635193,-1.4574020839643926,0.6895633339881897,-0.8998677730560303,-0.39880406856536865,0.5600017309188843,-0.7104577862072763,-0.953909070029484,0.6569125652313232,-1.2231362346833705,-0.041507821530103683,0.6666666865348816
-0.3148728311061859,-0.7678607239269176,0.010043300688266754,-0.8554255366325378,-0.34454667568206787,-0.4049961010582177,0.5738027737649628,-0.6160749618913642,-1.0655007161714736,-0.0895003229379654,-0.5474730730056763,0.3333333432674408
-0.3148728311061859,-0.3814045190811157,-0.04875880591495977,-0.833204448223114,0.037322538426285204,-0.8066735224206316,-0.7343745015621318,0.10369474667454967,0.7816100120544434,-0.6998006446085254,-1.0759535876222912,0.3333333432674408
-0.46642789244651794,-0.5597122311592102,0.07799530029296875,0.9923052784745002,-0.1981107316549612,0.37954960482059374,0.7663685745688193,0.4353359088969868,-0.15362077951431274,0.17763182520866394,-0.8847832679748535,0.3333333432674408
-0.354419321853874,-0.7974557876586914,0.6216112971305847,0.647442610108105,1.0336362938001784,2.045631067255126,1.4331725045274906,0.4786869733643905,-0.8394566774368286,-1.1580289602279663,-1.4835753738273962,0.5
-0.16331779956817627,0.03464672341942787,0.8254672884941101,0.32034518046735316,-0.5344475507736206,-0.5634239912033081,0.4430890553321114,0.29504312698941093,-0.7771079540252686,-0.42100706782802805,-0.7661186745502423,0.06929905645095795
-1.4563468631144436,-0.9524999058480768,0.010043300688266754,-0.2930041647008086,-0.561576247215271,1.0407112974639892,0.4749282099183398,-1.7475151215148232,0.3325172256413575,-0.49019855260849,1.736191141229266,0.6666666865348816
-1.7427285591522996,-0.5414298346949564,0.010043300688266754,-0.3144301730672299,-1.2376996800831426,-0.6616513931590566,0.03945879077368539,-1.217668836662,0.46986642479896545,-0.22306638956069946,1.4967257943629981,0.5
2.399307706269926,0.2587700496495884,-0.05790869891643524,0.017139235163221744,-0.7758250959562606,-0.0578824058175087,0.4859399180829118,-0.33348758500265274,-1.8708485644207202,-1.762573092583395,1.6450430154800415,0.5
-0.08754027634859085,1.6448745497829824,-1.2667872963759397,-0.7220988273620605,-0.2902892827987671,-1.1251368522644043,-1.5459951787187125,0.09847983689165239,-0.028923334553837776,-0.49019855260849,-0.42855899349230675,0.1666666716337204
1.0479001627159616,0.44724994092164216,-0.19381269812583923,-0.6332142949104309,0.682476535622607,-1.349821925163269,-1.6007886004424936,0.9200514099617244,0.1047004978183896,1.6057088695483932,-1.0328992997599962,0.5
-0.8453154563903809,-0.5597122311592102,-0.5434335592814125,0.9009564354725919,-0.39880406856536865,0.3086206517582673,0.6375638019855961,0.4347902630891361,0.9418596936299856,-0.22306638956069946,-0.8004556894302368,0.5
-0.46642789244651794,0.43383115383672577,-1.9870777855488422,-0.5886563493807311,0.9048555024919723,0.31338224355526634,-0.5365482063862638,-0.05288243704212259,0.15812282264232635,0.4447639584541321,-0.37881800532341003,0.5
1.3918736671660972,0.03464672341942787,-0.8740668193806297,-0.7220988273620605,-0.6670976230183858,-1.2949563335649827,-1.3900902464396443,-1.1879417503441059,-2.841316480856869,-1.3296138183342043,1.0547502040863037,0.5
-0.8453154563903809,-0.20543095898593353,-0.397668719291687,-0.003773362031858748,-0.2902892827987671,0.4540939391739571,1.2690738992624229,0.29519817110239377,0.8439587354660034,-0.890896737575531,-0.9691107869148254,0.3333333432674408
2.7051468037737503,1.157986987641963,1.2879697200362892,-0.5887720584869385,0.11227082167631722,-1.129102485258836,-1.438238541406445,0.644899031622729,-0.8594853819904189,0.3111979067325592,0.401768647695293,0.5
1.521318630638356,1.7317080940174256,-0.5559847095059237,-0.5496748378502997,0.6853304988576671,-1.1372086237311332,-1.5632909210922725,0.9682191986824396,0.2828202545642853,0.1523499885883805,-0.0359310784694401,0.3333333432674408
0.21430654168871205,-0.5620818038837143,0.20632551952051262,-0.7220988273620605,-0.5887049436569214,-0.6757665276527405,-0.15052083052509682,-0.8925667809345617,-0.5277130603790283,-0.8018629608576822,0.754927122183386,0.3333333432674408
0.4429023563861847,0.24661696779796266,-0.12586070597171783,-0.7350121427381852,0.38228350403703953,-1.4273515670478685,-1.7556977539071976,-0.10858264881725296,0.713782919365093,0.37798094749450684,0.04281972348690033,0.3333333432674408
-0.6937604546546936,2.4166943520608353,-1.9783115276351964,-0.6998776793479919,-0.2631605863571167,-0.3949100971221924,-1.3492550805278587,-1.0963783231067394,2.0046523182295903,-0.22306638956069946,2.1846353605847075,0.6666666865348816
-0.2390953153371811,-0.6785839796066284,-0.05790869891643524,-0.833204448223114,-0.5073188543319702,1.9866956500110076,1.3967452217002134,-0.7507230259137708,-0.2783181965351105,0.37798094749450684,-0.37881800532341003,0.5
0.6175052096200123,-1.213507056236267,0.06848402625746475,0.12070752124191866,-0.39790641347395767,-0.5072526931762695,-0.6038875477006119,0.2829865801743379,-0.028923334553837776,-0.02271728403866291,-0.5474730730056763,0.6666666865348816
-0.6937604546546936,2.434045347997948,-1.3860746238337944,-0.6554354429244995,-0.01900232955813408,-1.349821925163269,-1.8031233272188694,0.43281635362273513,1.6056573728649886,-0.16860262122824743,-0.5474730730056763,0.19431672704075673
0.06401476263999939,1.5121423157083773,-0.3249911197759759,-0.592635316834468,0.6492577509417736,-0.3387388288974762,-0.282893565929062,0.7649407113790017,0.7192612886428833,1.4588858466762618,-0.2944904565811157,0.3333333432674408
-0.3148728311061859,-0.6191481351852417,0.14594730734825134,0.5672119941408185,-0.39417203144477636,0.16680273413658142,0.5198913697780512,0.4917124323242995,0.6569125652313232,0.7206232957479173,-0.6863266931723744,0.5
6.353549003601074,-1.5701223611831665,9.11561107635498,-0.9887523055076599,-1.2940510511398315,14.546651840209961,5.739711284637451,5.3161420822143555,4.896625518798828,9.794388771057129,3.078611373901367,0.0
-0.9968705177307129,0.7008493091672584,1.1751835243861783,-0.5382114853846555,-0.2360319048166275,-1.349821925163269,-0.10324783485314132,-0.3161747164460335,-0.46536436676979065,-0.7573306560516357,0.12714727222919464,0.3333333432674408
-0.8453154563903809,-0.7974557876586914,-0.5335727334022522,1.0797783041692022,0.1319489877680181,0.9905013613205852,0.19278009078862207,0.5967734176907209,0.15812282264232635,-0.6237646341323853,-0.8847832679748535,0.3333333432674408
2.177604706841628,0.27239030599594116,1.1652272939682007,0.33522467326187944,0.7564426249780783,-0.7964347801682974,-0.3627777316505103,1.7968931238423544,-0.34066691994667053,1.2852404912446083,-0.37881800532341003,0.5
0.5430714217768005,-0.9757634997367859,0.010043300688266754,1.3625425262625999,-0.2902892827987671,1.3921610634787172,0.8743803185510202,1.0423835247582067,-1.6241607968054241,-0.0895003229379654,-0.8847832679748535,0.5
-0.2390953153371811,1.243167846370375,-2.1644208431243896,-0.7220988273620605,0.6054580250288123,-0.9566229581832886,-1.4153267040197846,0.49761914127678564,1.4266318543869945,2.46933529501792,-0.37881800532341003,0.3333333432674408
0.5944573879241943,-0.5002763271331787,-0.19381269812583923,0.5508312142658492,-0.2631605863571167,-0.3387388288974762,-0.30456540842536883,0.25256171162922997,-1.402637851985524,-0.7573306560516357,-0.46314552426338196,0.3333333432674408
5.159815466396693,0.33182618021965027,2.4763488607331716,-0.06278381937769095,1.0947579602979398,-1.543577803444515,-1.7783864426272833,1.7923403615106377,-0.3775803310683205,0.5809234030780119,1.7966518809440821,0.5
0.1397922784090042,-0.14366096258163452,-0.397668719291687,2.0621934317226653,0.7243710179036231,1.0559757031624668,1.4552086734704213,1.4999725350855966,-0.09127205610275269,-0.890896737575531,-1.1967187691783558,0.3333333432674408
-1.2897396279959188,-0.5002763271331787,-0.12586070597171783,-0.8554255366325378,-0.2902892827987671,-0.3387388288974762,-0.07581652720931407,-0.5537442315231157,1.993787219914943,-0.22306638956069946,-0.46314552426338196,0.3333333432674408
-0.16331779956817627,-1.202180776456515,0.21389929950237274,1.537781789679358,-0.2631605863571167,1.4802134491830887,0.5784378089972906,1.0037186740318527,1.905657536187467,1.7584685540487377,-0.05986730330995452,0.8333333134651184
-0.3148728311061859,0.6044253439879633,0.010043300688266754,-0.3043226924438695,-0.561576247215271,0.4476591646671295,-0.06579309925683939,-0.9991487493153857,0.39427652818897746,0.6451131105422974,1.0547502040863037,0.6666666865348816
-0.9968705177307129,0.023382148711018253,0.010043300688266754,0.6992331724308961,-0.9833794302866439,0.2791453003883362,0.24232852181054818,-1.646168822748575,-0.2159694880247116,-2.086263804251329,2.300956534096052,0.8333333134651184
-0.2390953153371811,1.81377047035984,-1.3581130535560901,-0.7979180805787132,-0.04350637222182993,0.7846868634223938,0.2054175243965278,-0.383689638149623,1.4747779806316237,-0.667747569818413,0.04281972348690033,0.5
-0.3148728311061859,0.14809381900159316,-1.865818227607735,1.5249891114076493,-0.3673885364223097,1.6149962429998377,1.0656442433788647,0.910203271374639,-1.2155265427130513,1.280032899627285,-1.293835238624082,0.3333333432674408
-1.6283494983219955,-0.3814045190811157,-1.8702700496533187,1.6148179024023719,-0.6429623365402222,1.1521590675595414,0.2794548940723749,0.3262092280727139,0.7230007825318917,-0.9341295757827401,0.008475307610086157,0.5
0.06401476263999939,-0.4408404231071472,0.4177553057670593,-0.766541063785553,-0.2272375490794621,0.3103916149544244,1.7256062078059622,0.2515233168538192,0.6771928128926642,-0.15628336369991302,-1.0534383058547974,0.5
-0.01176275685429573,-0.4408404231071472,-0.12586070597171783,1.60978334623989,-1.0102962409872946,-0.6890510993235932,-0.18903065489328555,-0.24840138034200052,-1.1411242834990685,-0.957679808139801,1.6450430154800415,0.5
1.4934250979847852,-0.05094283130046205,1.6979233135865073,0.12099126389576725,0.8181170014009291,-1.2666997716333581,-1.6848481618983286,0.7755334806411078,-0.15362077951431274,0.37798094749450684,1.876053641379833,0.5
-0.2390953153371811,0.6438157558415591,-1.3352459394077771,2.7268384835692157,0.7596199547009593,1.3937313835268264,1.8959739843994543,1.5276534827113017,-0.2159694880247116,-0.13389325104029576,-1.306420922279358,0.10747158180403826
-0.39065036177635193,-0.6233264430519404,2.559435824318385,2.341097960289059,-0.07325971871614456,0.8327247651159481,2.122413485246196,1.2984814357085748,-0.42019583837173496,-0.15628336369991302,-0.8847832679748535,0.5
1.2700520591921178,1.7953119891424398,0.6895633339881897,-0.5665509104728699,0.2750349015110739,-0.3949100971221924,-0.2957812836358701,0.9045713918283101,-0.4030156433582306,-0.8241137266159058,-0.9691107869148254,0.3333333432674408
0.4429023563861847,0.030205537916311913,1.1029806788197267,-0.5665509104728699,-0.04514594218167349,-0.3949100971221924,0.8401793945734858,0.17860987877225243,1.8159576795893222,0.17763182520866394,0.12714727222919464,0.5
-0.5422053933143616,-0.2625327408313751,0.2118720701791441,-0.9443293892722447,-0.3174179792404175,0.8702395771796216,0.10748336655722088,-1.297457124048402,-1.3239461889488848,-0.957679808139801,-0.041507821530103683,0.6666666865348816
1.3696190426050923,-0.9757634997367859,1.2861277508200986,1.5214933674441995,-0.4527522201271271,-0.0017111222259700298,0.8047316508457372,1.434733979625309,-1.3163283213705552,0.9844726341193186,-0.7161281704902649,0.5
0.6702349185943604,1.7675105911677378,0.28185129165649414,-0.6010906032067831,0.7654889374272812,-0.5634239912033081,-0.25367035337898275,1.3986940934319358,1.3427485227584839,0.17763182520866394,-1.4131601568669245,0.3333333432674408
-0.686433259762464,-1.0351994037628174,-0.6901999997024014,-0.0027405024647024594,-0.2902892827987671,0.594382005493207,0.4226561837636349,-0.39138374777073504,0.2828202545642853,-0.49019855260849,0.04281972348690033,0.5
0.5186799168586731,-0.20309685170650482,-0.11972128522477021,0.20164998766355946,-0.2089032083749771,0.9532006978988647,0.6910114050037472,0.26463729606789554,-0.5277130603790283,-1.0244628190994263,-0.46314552426338196,0.5
-0.6179829239845276,-0.20309685170650482,1.1652272939682007,0.9531497081853881,-0.8606953278679942,0.009290410612007681,0.22764955209405205,-0.5153247158414603,0.2828202545642853,-0.890896737575531,0.8117902366368805,0.5
0.36712485551834106,-0.4408404231071472,-0.12586070597171783,0.14203312087594916,-0.37167537212371826,-0.9566229581832886,-0.0003174923589551698,0.21207367731490062,-2.033062917998845,0.3871307838441683,-0.7161281704902649,0.3333333432674408
-0.06129735128901383,-0.058422611799473584,0.7467485957236729,0.6625101138591515,-0.2360319048166275,0.4476591646671295,1.3330470412188529,-0.02761078136689179,-0.2783181965351105,0.04406575486063957,0.12714727222919464,0.3333333432674408
-0.7695379853248596,-1.184880461423413,-0.397668719291687,-0.9675031092160042,-0.3470418491793787,0.5600017309188843,0.46759151761285994,-0.845052666583743,1.0933536291122437,-0.7573306560516357,0.12714727222919464,0.5
0.7943639292985846,-0.3814045190811157,-0.2617647051811218,0.35148064153967734,-0.2902892827987671,0.029142658439800517,0.9079279775370261,0.6683235354775191,0.0650834175200399,-0.6237646341323853,-1.137765884399414,0.5
-0.2390953153371811,-0.4408404231071472,1.1652272939682007,-0.8109833002090454,-0.37882462490081575,0.11063144356012344,0.160142224742992,-0.8023935628555099,-0.8950492651372011,-1.0912458896636963,-0.46314552426338196,0.5
2.520707759357925,0.22933626994615527,1.6446960494769431,-0.5289318934323302,1.1851670275045079,-1.4150779722082623,-1.8327611229955867,1.3821985438560462,-0.4914628642334177,0.04406575486063957,-0.7161281704902649,0.3333333432674408
-0.8453154563903809,-0.5597122311592102,-0.5022534613411626,1.950117826616544,-0.39880406856536865,0.05446016043424606,0.5838667796974476,0.8983207941055298,-0.46536436676979065,0.3111979067325592,-1.137765884399414,0.3333333432674408
-1.1605280132535047,-0.4408404231071472,-1.1718178924318339,0.9337221979955583,-0.42593276500701904,1.6406566602436818,1.248568075092734,0.6247105357294273,0.033425383269786835,-0.46269074834666774,-0.9691107869148254,0.3333333432674408
-0.6179829239845276,-0.3814045190811157,0.6448977033735698,0.6472758638645404,-0.04697156359211399,0.6535594599283079,0.9763979860733817,0.6218986312727116,-0.8595361795258981,-0.5569815635681152,-1.306420922279358,0.3333333432674408
-0.3148728311061859,0.09408261626958847,0.33701772403929126,0.5141097150615149,-0.8328632116317749,-0.8400690947343548,-0.7626530250334164,-0.9550183188175175,-1.5379684456535092,-0.2898494303226471,1.0547502040863037,0.3333333432674408
-0.6179829239845276,0.27239030599594116,0.6289688423523259,-0.20730823301394552,-0.2089032083749771,0.33531656861305237,0.42029859175918116,0.021178996130316503,0.20934132329347788,0.24441486597061157,-0.7161281704902649,0.5
0.5531759894039328,-0.6191481351852417,0.14594730734825134,-0.8109833002090454,-0.5073188543319702,-0.6730499382746593,-0.4213413389319051,-0.8388645507636908,-1.5978386171759358,-0.6905476450920105,-0.041507821530103683,0.5
-0.9968705177307129,-1.0950993660320092,1.0368243251925262,-0.8554255366325378,-0.45306146144866943,1.0724514916455754,0.9355758227906241,-1.5264721877040712,1.564733571661831,-0.6237646341323853,1.813698172569275,0.7143660591399207
2.899023543128994,-0.3814045190811157,2.2729779924267044,-0.5887720584869385,2.6919276456376853,-1.349821925163269,-1.3984796349367552,1.3674625270145675,-0.46536436676979065,0.8151941998363178,0.7174400687217712,0.3333333432674408
3.95599244329651,0.6649278232667803,2.1488945141425018,-0.5887720584869385,1.6842126409104692,-1.349821925163269,-1.594620023007715,1.3885522937068888,-1.213549017906189,1.5966224067462662,-0.041507821530103683,0.5
-0.6179829239845276,-0.9163275957107544,1.6549175058356573,-0.833204448223114,-0.9324631988139553,0.3841584592968349,0.9491568001408368,-0.9709739856174735,-0.15362077951431274,1.9727220162948516,0.8462787113065566,0.5
1.1635330748379098,1.7168540245372665,0.439249505902501,-0.5917091414442036,0.8358589337943264,-0.9363150353244858,-1.1246299555284769,1.2590986641908573,-0.2159694880247116,0.8624516078508949,-0.9691107869148254,0.5
-0.08754027634859085,-0.26000548115196553,0.21389929950237274,-0.8901765624031046,-0.9129151810079643,-1.4159070144508106,-1.3280199698193875,-1.0424761745317537,-1.6080025422125803,-0.2898494303226471,-0.6172430409280865,0.3333333432674408
-0.5497571616519737,-0.024789171293377876,-0.5335727334022522,-0.766541063785553,-0.12224626199110349,0.2791453003883362,1.4906635980906435,0.025059282519387972,0.2779508861270814,0.17763182520866394,-1.137765884399414,0.3333333432674408
-0.8453154563903809,-0.7974557876586914,0.07799530029296875,-0.17508873233142302,-0.497012893616364,-1.130078691738923,-1.397054495027075,-0.2949027786664753,2.1644467139117194,0.134596969270389,1.0547502040863037,0.5
-0.5408302739748297,-1.1238889992850862,1.61131376901746,-0.3382730546963954,-0.2902892827987671,0.5038304328918457,0.34106856968732197,-0.06073692433218868,-0.34066691994667053,0.17763182520866394,-0.6897305471471972,0.5
-0.6100714314083229,-0.20309685170650482,1.6024406198856593,0.872232990481906,-0.2360319048166275,0.4476591646671295,0.8843936704073888,0.6102784960892012,-1.0888515710830688,-0.22306638956069946,-1.325790535759005,0.3333333432674408
-0.5492726294676401,-0.7974557876586914,0.19020570153041616,1.7291219861271394,-0.2509600784229781,0.7846868634223938,0.6904684007684644,0.8132947774816192,0.0957741066813469,-0.2898494303226471,-0.8847832679748535,0.5
-0.9968705177307129,-0.7380198836326599,-0.397668719291687,-0.2883507883241996,-0.4801901578903198,0.6161730289459229,0.38414656521049284,-1.4173508554382406,0.9686561822891235,-0.15628336369991302,1.6450430154800415,0.5
-0.24964092848191777,-0.5597122311592102,0.5536593198776245,-0.684458791838569,-0.2360319048166275,0.23701277496428488,1.757848508764368,-0.6076170976974884,0.7192612886428833,0.1108487918972969,0.3801299035549164,0.5
0.9264624157815997,0.8165575586459916,1.1652272939682007,0.6279497636178223,-0.15464581549167633,0.05446016043424606,0.6426933642759176,0.7752481991478226,-1.356925031370325,-0.6905476450920105,-0.1258353590965271,0.3333333432674408
-0.46642789244651794,-0.06121703652865764,-0.4656206965446472,0.0686440279968197,-0.7243484258651733,0.2229740172624588,0.003328775152136973,-1.108376344537552,-0.028923334553837776,1.9467251888430346,1.8892634943318254,0.5
0.36712485551834106,2.277441891686006,-2.0339462558939205,-0.7220988273620605,0.6002622270377674,-1.2096283791073141,-1.4541750049796573,0.5822150308781181,-0.6420843026463529,1.1071771046137548,-1.137765884399414,0.5
-0.46642789244651794,-1.2256042863985357,1.1652272939682007,-0.6776565313339233,-0.6158336400985718,0.2229740172624588,0.5704603521827374,-1.3432523926487023,0.48832029651244147,0.19609475665520998,1.392060399055481,0.6666666865348816
-0.08754027634859085,-0.2625327408313751,-0.5816458494500099,1.7267875290208439,-0.34454667568206787,1.6470526043861673,1.894619345001685,1.3166925272672108,-0.7880894916200525,-0.11649990639774563,-1.559403657913208,0.3333333432674408
0.1397922784090042,-1.094635248184204,0.6895633339881897,1.193623685627243,-0.37167537212371826,0.6808429186847362,0.46755296235586896,0.706818888107066,-0.2129656069516354,-0.49019855260849,-0.9691107869148254,0.5
-0.01176275685429573,-0.7380198836326599,1.1652272939682007,-0.6554354429244995,-0.1415506390787869,1.065543293952942,1.5392526816994163,-0.13853480547102043,-0.591907400058813,-0.15628336369991302,-0.8004556894302368,0.5
-0.8453154563903809,-0.8568916916847229,-0.33458422813663535,-0.8548295824414638,-0.42593276500701904,0.6737364468630334,0.6166460736845011,-0.983566940309538,-0.028923334553837776,1.888928089876488,0.3801299035549164,0.5
0.29134732484817505,-0.20309685170650482,-0.2617647051811218,0.9285604774991968,-0.42593276500701904,0.3365873571182416,-0.3055190638730822,-0.46059866630839774,-1.569552116577093,-0.890896737575531,1.1390777826309204,0.5
0.4429023563861847,1.0621676439237295,-1.3240947649051824,-0.6332142949104309,-0.4801901578903198,-0.2825675308704376,0.30428826665266717,-0.4876976815306425,-0.9018054008483887,-0.49019855260849,0.17180079949208066,0.3333333432674408
-0.01176275685429573,0.3045331291526107,-0.2617647051811218,-0.6109932065010071,0.6434424267642166,-0.19791943979499366,-0.7024121752055122,1.305455792009119,4.115331916734304,0.5030597476714658,-0.46314552426338196,0.3333333432674408
2.3911346551852715,0.7886611984508634,2.29470919089887,-0.6332142949104309,2.4128868399073946,-0.0017111222259700298,-0.16865692397321377,1.773646606419581,-1.213549017906189,1.052986088948848,-0.46314552426338196,0.5
0.06401476263999939,0.03464672341942787,-0.5335727334022522,-0.8109833002090454,0.10676594485038779,-0.5634239912033081,0.037351789004047745,-0.18200260958781414,-0.028923334553837776,0.04406575486063957,-0.8847832679748535,0.5
-0.16331779956817627,1.5595357447119393,-1.6202891738577405,-0.6109932065010071,0.5782255950398465,-0.7701281625292591,-1.2080033999085669,0.43048974316582017,-0.028923334553837776,-0.3570681334617726,-0.950988651756418,0.3333333432674408
0.16302445598285736,-0.2625327408313751,1.3589721494971894,0.002642072569058268,-0.2089032083749771,-0.0017111222259700298,1.1373730630161094,0.7376455539578859,-0.46536436676979065,1.1853048339428747,-0.7097894897362039,0.3333333432674408
0.4429023563861847,0.4752185573962316,0.6895633339881897,-0.5665509104728699,0.14518778618125863,0.1235978990668116,-0.19238567498224135,1.1621266712205756,1.5964594332472914,1.0440742909151384,-1.0534383058547974,0.3333333432674408
-0.9968705177307129,-0.024789171293377876,-1.4450722142209644,-0.8776466846466064,-0.42593276500701904,-0.7881091237068176,-0.852747581673095,-0.9590712359640189,0.2204715460538864,0.17763182520866394,-0.26262424040058696,0.3333333432674408
0.29134732484817505,-0.7974557876586914,0.6525862089340054,0.6792492325640137,-0.4792628684431968,2.939056941436721,1.295809088817789,-0.037816852610907,-1.3358240988620522,-0.7448510645783718,0.01623029663764424,0.6666666865348816
-1.224203109741211,-0.5002763271331787,0.8544925467801733,-0.514654183033211,0.12381964191447307,0.16680273413658142,0.8357404308540598,-0.4782436584570889,-0.6079385954591437,-0.49019855260849,-0.8847832679748535,0.3333333432674408
-1.6086911528853696,1.8299991603027708,-2.1644208431243896,-0.5524039520648735,-0.6474483004976654,-0.25789420318896783,0.47607200061108085,-1.8691072420993393,0.9686561822891235,1.1617240424198394,2.977416113650154,0.6666666865348816
-0.46642789244651794,0.33182618021965027,-0.29187397543809773,-0.8335464927501144,-0.49014270204528,-1.0127942562103271,-0.8915419417467514,0.016552687995353872,1.1852391168845513,0.27194052653152034,-0.37881800532341003,0.3333333432674408
0.8539257420584674,-0.7974557876586914,-0.2617647051811218,0.4239725656674315,-0.5887049436569214,-0.31595187467428154,-0.36493356194564897,-0.4578533222654327,-0.46536436676979065,-0.49019855260849,0.3801299035549164,0.5
0.4429023563861847,-0.3219686448574066,-0.5505057300447945,-0.8109833002090454,0.04779698583346143,0.2714808840831618,1.2630198908624894,-0.3278322022341234,0.15812282264232635,0.17763182520866394,-0.46314552426338196,0.3333333432674408
-0.3148728311061859,0.21295440196990967,-0.2617647051811218,1.1136892842092938,0.49675919102745253,0.35288091826610857,0.9230356206546143,0.9589740629804522,-0.46536436676979065,-0.22306638956069946,-1.1597378802817258,0.5
-0.2390953153371811,-0.7974557876586914,0.3727090121262258,-0.08426358548932616,-0.6158336400985718,0.6723442673683167,-0.24097473519851,-0.5208853517332228,-1.0140704427366218,-0.9215059253262061,-0.024041783688444028,0.5
0.4429023563861847,-0.5597122311592102,0.010043300688266754,0.4554679652391103,-0.5925633893280415,-0.08456374009999643,-0.1550447042557464,-0.14382132050313243,-1.1658864476360202,-1.1580289602279663,0.6331125497817993,0.6666666865348816
0.36712485551834106,-0.3814045190811157,0.21389929950237274,2.4599127650259165,-0.3188470381274684,0.2791453003883362,0.9164706454284945,1.8373670664704786,-0.5900617837905884,-0.01036467439898223,-0.8847832679748535,0.3333333432674408
0.06401476263999939,0.33182618021965027,-0.015825148031096484,1.297634859581726,-0.5073188543319702,0.33531656861305237,1.9642020391838475,0.9506411150544548,-0.7771079540252686,0.21321703212151702,-1.559403657913208,0.5
-0.39065036177635193,-0.807017463955085,0.2227332632049129,1.3012185662041849,-0.15464581549167633,-1.1251368522644043,-0.11243378623338704,0.4870093554119552,0.7192612886428833,-1.1580289602279663,-0.28594173347917073,0.3333333432674408
0.5944573879241943,1.160564725515665,-1.0534035986487067,-0.6554354429244995,0.5866497237908614,-0.5634239912033081,-0.2504510354491554,0.834752277667606,0.2828202545642853,2.0250768441874563,-0.5126959971243181,0.3333333432674408
-0.6179829239845276,-0.6191481351852417,-1.4536118515295036,0.2374584079153757,0.1367052897738651,-0.22639626264572144,1.1964849078312036,0.2944639710262221,-0.42028924901826203,-0.22306638956069946,-1.137765884399414,0.3333333432674408
-1.348899912296852,1.701121621791039,-1.8630605713613109,-0.43999153286286846,-0.8328632116317749,-0.6796250256589788,-0.1441757261972284,-1.9114039128373195,0.46986642479896545,1.5236847189463363,3.014191027609711,0.8333333134651184
1.54911862831984,1.9732147149673307,-0.12586070597171783,-0.5665509104728699,1.0801053811077663,-1.23893175453795,-1.4417868967799183,1.151775170973795,-0.15362077951431274,0.04406575486063957,-0.9691107869148254,0.5
-0.565891973099454,-0.9163275957107544,-0.5335727334022522,-0.7220988273620605,0.6665691374219707,0.5038304328918457,0.9099796021853931,-0.9169916324004597,-0.4030156433582306,-0.3566324710845947,0.21644389268029607,0.5
-0.6179829239845276,-0.6191481351852417,-0.6446660244759315,1.4566608692579277,0.35049485746753695,1.5171965643443754,1.0631213749546713,0.8983207941055298,-0.4030156433582306,-0.3566324710845947,-1.559403657913208,0.5
6.353549003601074,-1.5701223611831665,9.11561107635498,-0.9887523055076599,-1.2940510511398315,14.546651840209961,5.739711284637451,5.3161420822143555,4.896625518798828,9.794388771057129,3.078611373901367,0.0
0.21556980907917023,-0.2625327408313751,0.28185129165649414,0.4051868261028336,-0.6725174106788993,1.0981200472360624,1.1531764455762374,-0.4282083303807994,-1.272288560083034,-1.1580289602279663,0.7174400687217712,0.5
0.28088823655507844,-0.5597122311592102,1.1652272939682007,-0.8109833002090454,-0.6158336400985718,-0.0578824058175087,0.16826788743217908,-1.910952812048059,-0.8254265616840398,-1.8168480799681748,2.2695600427255047,0.6666666865348816
0.4429023563861847,0.12277824184862422,0.07799530029296875,-0.6314238389451251,-0.12463740049739719,0.40534920794666324,0.7367917373815139,-0.15278740237015837,-0.7667615005434945,-0.957679808139801,-0.9691107869148254,0.3333333432674408
0.052451454712196435,-0.3219686448574066,1.6802768240606172,0.9818173330193815,-0.561576247215271,2.016951034913301,1.266641269223063,0.8983207941055298,-0.9018054008483887,-1.055088860637169,-1.2220934629440308,0.3333333432674408
-0.6937604546546936,-0.6785839796066284,0.14594730734825134,1.3245870953512815,-0.04613102599978447,-0.8442803621292114,0.10702043113693474,0.9250870470487946,0.9574888752747178,-0.3566324710845947,-0.46314552426338196,0.5
-0.3148728311061859,-0.4408404231071472,0.28185129165649414,-0.8776466846466064,-0.033960419669921076,0.24973487270234462,1.7489071322041903,-0.38826195232234395,-0.34066691994667053,-1.0244628190994263,-0.8847832679748535,0.5
-0.3148728311061859,-0.2625327408313751,-0.12586070597171783,2.4420867251241174,-0.4403062830020366,1.2046546446023512,1.2064722119585005,1.3590197148751761,-0.54072584921051,-0.0895003229379654,-1.137765884399414,0.5
0.21556980907917023,1.8784237886668755,-0.12586070597171783,-0.833204448223114,0.4211569848022924,-0.17022497951984406,-0.6607886039395449,0.1303572672560605,-0.6524105072021484,0.17763182520866394,-1.137765884399414,0.3333333432674408
2.8268091880469486,-0.20309685170650482,0.5468044448955539,-0.649014520567735,0.4510493411440059,-0.8442803621292114,-1.4031009262199885,0.4575863072891017,-0.9415582613599754,0.43592606866303574,0.21147480607032776,0.3333333432674408
-0.8453154563903809,-0.5002763271331787,1.5942781281899463,0.825770820578161,-0.2636339915150882,-0.45108139514923096,1.050508214995053,0.37302325076439896,3.5109470608767714,1.0185034486132465,0.4644574522972107,0.3333333432674408
-0.01176275685429573,-1.2293538512390692,0.3600883631220017,1.91120885858705,-0.06454118981136711,0.7205447859149362,-0.0558967966203425,1.2753012590870039,0.9541415713202105,-0.8335280494391808,-1.054576328046516,0.5
-1.072648048400879,-0.6785839796066284,-0.2917145945577372,-0.8998677730560303,-0.2197577257025132,0.2791453003883362,0.300657903793615,-0.704888857077768,-0.15362077951431274,0.17763182520866394,-1.137765884399414,0.3333333432674408
-0.5422053933143616,0.21295440196990967,-1.3694983029334018,-0.013720489480213868,-0.11965415167332522,1.2701383619410656,1.278868053003974,-0.3003114917125981,-0.028923334553837776,-0.22306638956069946,-0.37881800532341003,0.3333333432674408
-0.39065036177635193,-0.3814045190811157,2.36463403182076,0.054518622883194874,-0.2360319048166275,1.776758037797099,0.9206089381873575,-0.8553181886672974,-0.7771079540252686,-0.5569815635681152,0.4644574522972107,0.6666666865348816
0.5944573879241943,-0.3814045190811157,1.2818522887719919,1.9602240618115807,-0.34454667568206787,-0.90045166015625,-0.07993449944753375,1.332591690451413,-0.4030156433582306,-1.0244628190994263,-1.0534383058547974,0.3333333432674408
-0.3148728311061859,-0.5002763271331787,-0.05790869891643524,-0.6746597018278802,-0.6379134799045207,-0.9566229581832886,-0.4793006004351351,-1.3941229872245582,-1.2492316560650623,-0.6007857794877491,0.4471760368812844,0.6666666865348816
-0.5241655227019623,-0.3219686448574066,-0.39327572470198674,-0.17810865086325817,-0.5073188543319702,0.2791453003883362,0.36868929471831635,-0.5731407302388397,0.8439587354660034,1.8513988915544706,0.42262502271097546,0.5
-1.5566673176437766,-0.9163275957107544,-0.941284716129303,-0.8776466846466064,-0.2631605863571167,0.3956817833034248,-0.5824479654138247,-1.9013204536541723,0.15812282264232635,-0.49019855260849,1.654585426570752,0.5
-2.577336542203387,0.6470016997648741,-0.2617647051811218,-0.8109833002090454,-0.8328632116317749,0.11063144356012344,-0.6612724335986038,-2.453188992632479,2.0250727550523373,-1.3583780527114868,2.2646435455322544,0.6666666865348816
-0.01176275685429573,0.4803841176397539,0.010043300688266754,-0.6554354429244995,2.728947812640985,-1.349821925163269,-1.1082735145979155,0.9293372282738159,0.5322151184082031,2.044800633287252,-1.137765884399414,0.5
-0.2390953153371811,1.456499134342979,-1.441425729041008,-0.6554354429244995,1.0388651746916546,-0.5072526931762695,-0.7977996462887221,0.6541714068484614,0.34516897797584534,0.5731888522513595,-0.8847832679748535,0.5
0.16717464358735276,0.7662393434904576,1.0968811832464014,1.6815270521853094,-0.40917948597074016,1.289568125325134,2.214793106254296,1.165591639931687,-0.5277130603790283,0.3111979067325592,-0.3842767826510372,0.3333333432674408
-0.9968705177307129,-0.5002763271331787,-0.19381269812583923,-0.6554354429244995,-0.37167537212371826,1.108273274500944,-0.4355708940747649,-1.4139345656291935,0.2204715460538864,1.3903030621957742,1.0942258749320601,0.5
0.5944573879241943,-0.5597122311592102,-0.4656206965446472,1.9226416905819268,-0.08913742603040138,1.118113139558195,1.5491823216961,1.3059059260190715,-1.3674778547825284,0.3111979067325592,-1.5400463628510699,0.5
-0.2390953153371811,1.6584933280876217,-0.9780019110654107,-0.8109833002090454,-0.35298611109876993,-0.5072526931762695,-0.6619548679794055,-0.7638201063313217,0.8101938366846628,0.24441486597061157,0.6331125497817993,0.5
-0.2390953153371811,-0.8568916916847229,-0.5335727334022522,1.51324316701314,-0.16180820697111647,1.9436983252358095,1.6978852378018718,0.5079589756102201,-0.2783181965351105,-0.6243713483659383,-0.3618971247111259,0.5
-0.08754027634859085,-1.094635248184204,0.07799530029296875,0.6632897667988646,0.08157997536158523,-1.1251368522644043,-0.10289134701020874,0.4374942596543821,0.5945638418197632,-0.15259133998696964,-0.041507821530103683,0.3333333432674408
-0.2390953153371811,-0.3219686448574066,-0.941284716129303,0.2524111589701675,-0.2360319048166275,2.127880086623924,1.8548085247116766,0.4795580815467479,0.2828202545642853,-0.15628336369991302,-0.9691107869148254,0.1666666716337204
2.0091867428334544,0.8994390805353005,1.7902456365829371,0.20680027944841575,0.3832160666449113,-1.4705028142613221,-1.8181036260110495,1.0849693227733757,-0.0676799872510721,0.9391373785190101,1.6450430154800415,0.5
0.06401476263999939,1.0535718950058197,-0.12586070597171783,-0.6998776793479919,0.46915725771628636,-0.9371035111471605,-1.2132716798077594,0.5628908943157229,0.5051520360364776,0.37798094749450684,-0.8847832679748535,0.3333333432674408
1.0154913978551385,0.09408261626958847,0.28185129165649414,-0.6998776793479919,1.1249442917048311,-1.349821925163269,-1.61305232524111,0.3039769339256393,-0.11236700596122473,-0.3566324710845947,-0.041507821530103683,0.5
-0.3148728311061859,-0.2625327408313751,0.07799530029296875,1.5532864415683587,0.3712550072286489,0.9291152763481727,0.7080916929056371,1.0676272729597238,-0.46536436676979065,-0.561183681513869,-1.4700389563974263,0.5
-0.881010141038487,-0.6191481351852417,0.010043300688266754,0.6203512635201346,-0.5344475507736206,1.384982512807485,0.42726351019368447,-0.04069137617667028,0.0957741066813469,-0.7573306560516357,-0.37881800532341003,0.6666666865348816
0.01696186320689251,1.1012223371507197,-2.0218100212089314,-0.41908039645938044,0.8328233517427213,-1.0127942562103271,-1.535664800856563,0.34295935483246065,0.6569125652313232,-0.0895003229379654,0.0927617865254371,0.3333333432674408
0.29134732484817505,-0.7974557876586914,0.4177553057670593,-0.5243983816195384,0.0627903256791463,-1.1065940273137205,0.6438784867600663,-0.3166889940211485,-0.09127205610275269,-0.219577444127768,-0.37881800532341003,0.5
-1.300064045124236,-0.3219686448574066,-0.7812412072486726,-0.8776466846466064,0.7193866515207772,-0.0578824058175087,1.0720500093273366,-0.34376584103112456,0.46986642479896545,-0.8505478897102482,-1.3440660860747429,0.3333333432674408
-0.3479573415862998,0.3437415882141208,-0.19381269812583923,0.6396831793774785,-0.5344475507736206,0.05446016043424606,0.554557752832097,-0.7399361268993725,-0.30996689603751637,-0.8572216311336595,1.7015617407067005,0.5
2.335180104071234,3.7812424333293824,-0.6015247106552124,-0.766541063785553,0.7048437232830967,-1.0172261986160387,-1.64482127150168,0.9984277457071394,0.2842520989421953,-1.0244628190994263,-0.631800651550293,0.3333333432674408
0.21556980907917023,2.6689146556490604,-0.6049603551592179,-0.6109932065010071,0.7644980050794989,-1.1813081502914429,-1.321198230760943,1.002186090952245,1.407680897955234,0.4447639584541321,-0.041507821530103683,0.3333333432674408
1.2815721187659568,0.1930480393178154,-0.33743251371879834,-0.7220988273620605,0.5869912112591888,-1.3182772917580365,-1.4747092436399352,0.8201508806279277,-0.028923334553837776,0.3041412427000557,-0.8847832679748535,0.3333333432674408
-0.5973621412987726,0.04218074381407294,-2.031106050048522,-0.49362537386225375,-0.04613102599978447,-1.4059932231903076,-1.4447419968986812,0.5623357213531752,1.4775779561923608,0.9790282845497131,0.29580235481262207,0.5
0.21556980907917023,-0.2625327408313751,0.07799530029296875,-0.3297512699679809,-0.18177451193332672,0.7846868634223938,1.1044252508145758,0.5628074545598829,0.7192612886428833,-0.11561689974409284,-0.9376739250623299,0.3333333432674408
0.19294346135937662,-0.29198552022525365,0.14594730734825134,-0.11474805303018272,-0.058568351370332485,0.6161730289459229,0.04075358439372007,-0.28263259626328946,-0.6524105072021484,-0.42341551184654236,0.12714727222919464,0.3333333432674408
0.36712485551834106,-0.20309685170650482,0.14594730734825134,0.8198382755826307,-0.15464581549167633,0.16680273413658142,1.6293334512762667,0.8667560587300173,-0.028923334553837776,0.9790282845497131,-0.2944904565811157,0.3333333432674408
6.353549003601074,-1.5701223611831665,9.11561107635498,-0.9887523055076599,-1.2940510511398315,14.546651840209961,5.739711284637451,-2.504413366317749,4.896625518798828,9.794388771057129,3.078611373901367,0.0
-0.2390953153371811,0.12099898684072853,-0.5335727334022522,-0.5823613989527553,-0.04306831345215053,-1.2850681380736089,-0.07064484169358333,-0.5031073505753114,-1.3124323210871767,1.2494805561187117,-0.7161281704902649,0.3333333432674408
-0.39065036177635193,-0.01573294112174664,0.07799530029296875,-0.6554354429244995,-0.6638522241124075,-0.5072526931762695,0.29388288512507704,-1.0033702320857576,0.14365768323504344,0.403072170432884,1.5592466392622666,0.5
-0.46642789244651794,-0.19192350090500992,0.6895633339881897,0.36729217223109933,-0.2902892827987671,1.5221211795937555,1.5074674159217234,0.1611841938598728,-0.9222146257525082,-0.49019855260849,-0.8181752256032083,0.3333333432674408
-0.16331779956817627,-0.5002763271331787,-0.5314644774315267,2.8760031127688284,-0.2631605863571167,-0.3387388288974762,1.1845219856960028,1.0889606561435305,-1.628137252288029,0.28257926465231814,-0.5474730730056763,0.5
0.5199381402979539,0.09408261626958847,-0.19381269812583923,0.16419887917017537,-0.45306146144866943,0.6723442673683167,1.4827304902426413,0.061237275244859314,-0.2159694880247116,-0.6237646341323853,-0.041507821530103683,0.3333333432674408
-0.6179829239845276,-0.024789171293377876,-0.20320980578484993,-0.4682008225790182,-0.6158336400985718,0.6068256137285781,-0.236732209118175,-1.5058372217348244,-0.9237865599332257,0.1490410662104918,1.5607155561447144,0.5
-0.8453154563903809,0.4969624067264755,-0.4656206965446472,-0.6998776793479919,-0.3475179864317637,1.5314615881514897,0.038918743185322166,-2.3255853125891894,-0.8394566774368286,-1.0244628190994263,2.7100115654632373,0.5
-0.7695379853248596,-0.2625327408313751,0.6608831718119142,5.080749825710427,-0.2631605863571167,-0.22639626264572144,1.0829449643589795,3.229496334703726,0.3864997059135817,0.17763182520866394,-1.3758796435707057,0.5
1.6032451900686426,-0.14366096258163452,-0.2617647051811218,-0.7933135084638987,-0.2089032083749771,-0.9566229581832886,0.02058956067373694,-0.6327453510960009,-2.7186191168647404,2.1352490450107333,-0.5027564199161008,0.3333333432674408
-0.08754027634859085,-0.21846779488869733,1.6693388980969206,0.5916248074439313,-0.39880406856536865,-0.0578824058175087,0.6142830114391635,0.46005252264578084,-1.3964854748699227,0.1108487918972969,-0.9691107869148254,0.3333333432674408
-0.8453154563903809,1.4164361285861864,-2.1644208431243896,-0.6998776793479919,-0.21144692199583198,-0.17022497951984406,-0.8108455392928311,-0.19073245401224861,2.290329244117927,1.2563818068994284,1.0505547199372125,0.3333333432674408
1.0177534183115977,1.8758268626922832,0.010043300688266754,-0.6776565313339233,0.062383756041526794,-1.2145933834160945,-1.644163087514943,1.033216118812561,0.7088901065242315,0.8631420397013919,-0.46314552426338196,0.5
-1.06200826167393,-0.7974557876586914,-0.6015247106552124,0.5364141641634051,-0.46295834068125125,1.0841269866914198,1.1707211995163276,-0.13452359753222293,0.5945638418197632,-0.7956403307693014,-0.21697161751792654,0.3333333432674408
0.7460124492645264,1.5058829182630138,-0.7387513000388838,-0.6387726412979513,0.652432399046183,-0.9566229581832886,-1.1722174049681864,1.1658882954393495,0.5945638418197632,1.1355747963509397,-1.137765884399414,0.3333333432674408
-0.01176275685429573,-1.0351994037628174,0.6216112971305847,-0.8109833002090454,-0.12751711905002594,-0.45108139514923096,-0.4036449643188125,-0.7994120298501924,-1.4693719093853668,-0.1845091500752097,-0.2944904565811157,0.6666666865348816
0.5186799168586731,0.5650330619268625,-0.19381269812583923,1.9033756768478205,-0.15464581549167633,0.7846868634223938,1.325125612062505,1.2251840587330025,-1.1709149145843547,-0.15628336369991302,-0.46314552426338196,0.5
-0.6595190272318558,-0.08422506600618362,-0.19381269812583923,1.3040814747824538,-0.561576247215271,-0.3387388288974762,-0.019509974867105484,-0.2766337807792499,-0.5900617837905884,-1.2848102445196758,0.7807775602160153,0.6666666865348816
0.5944573879241943,0.9078781753620103,-0.19381269812583923,-0.4998875558376312,0.7890117783441789,-0.9566229581832886,-1.0893467620426676,1.4310443974794982,0.8439587354660034,0.6451131105422974,-0.8221568488497712,0.3333333432674408
-0.11007117095468333,-0.6191481351852417,-0.14418747165935358,-0.7220988273620605,-0.5887049436569214,0.05446016043424606,0.019064501343256473,-1.2449242668029254,-0.054979695069357196,-0.6237646341323853,1.3706744147350856,0.3333333432674408
-0.344518566848215,-0.3814045190811157,0.010043300688266754,-0.2840469802868952,-0.5414772402553653,1.065543293952942,0.5617482075030296,-0.9823424248796538,-0.5277130603790283,0.9790282845497131,1.0547502040863037,0.5
-0.01176275685429573,0.24774245909869383,-1.3519434705443287,-0.5665509104728699,0.5230385663207748,-0.90045166015625,-1.3144367414987,0.672639148170483,0.34516897797584534,-0.49019855260849,-1.306420922279358,0.3333333432674408
-0.2352574019685188,0.9191604363245193,-0.5335727334022522,1.3581588808153409,-0.34454667568206787,-0.2825675308704376,0.6311897002061967,1.246099243542982,0.7816100120544434,-0.49019855260849,-1.2643238787020292,0.24981542256558237
-0.04717532856084551,1.9826070839003114,0.010043300688266754,-0.6776565313339233,0.0018097528735540637,-1.2925349553884182,-1.728251554249852,-0.2904536013187974,1.6174174529381873,0.23533538150963182,0.4115238513060462,0.3333333432674408
0.36712485551834106,-1.213507056236267,0.07799530029296875,-0.8776466846466064,-0.561576247215271,-0.041640485244549455,-0.5166689531201893,-0.9024214884054172,-2.7952920267953125,0.37798094749450684,-0.8847832679748535,0.3333333432674408
0.21556980907917023,-0.4408404231071472,0.6895633339881897,-0.6776565313339233,-0.04613102599978447,0.11063144356012344,0.7890386564058711,0.3537551578462576,1.0933536291122437,0.8474074120094759,-0.8847832679748535,0.3333333432674408
3.168200723664804,-0.14366096258163452,1.1652272939682007,-0.5626300000056844,1.0117668366541486,-1.4425247209502665,-1.8265093994855042,1.7295664339408414,-0.7147592306137085,1.1006447404724975,-0.2944904565811157,0.5
-0.13711555962239586,-1.0351994037628174,0.010043300688266754,-0.8776466846466064,-0.6290233647329992,-0.5072526931762695,-0.9779059600908745,-1.7838202285995246,-2.890591512064158,0.9790282845497131,1.392060399055481,0.5
0.8423470695373036,-0.5002763271331787,-0.12586070597171783,0.6703726976858355,-0.5776839065617707,0.01655152746292639,1.1880680687832448,0.7332479500458149,0.4075177013874054,0.24441486597061157,-0.631800651550293,0.5
-0.2390953153371811,0.10067208529187853,-0.8668111246108775,-0.6332142949104309,0.48362626228591005,-0.39619380030994,-1.3864618606118535,-0.3057037709865445,0.9686561822891235,0.17763182520866394,0.6331125497817993,0.5
5.064946247575764,1.086135330385976,1.1672087352624483,-0.6098380474315591,0.5691828978230538,-1.237479329109192,-1.1383050729574875,1.965202938320519,-0.5900617837905884,2.314277523075502,-0.7223805130941617,0.3333333432674408
-1.6354798874616363,1.1420265920040313,-1.1257858292315701,-0.1333342137990835,-0.3675426918319774,1.3799602132970916,0.8393507151415839,-0.7554164584242579,0.7816100120544434,-0.0895003229379654,-0.631800651550293,0.3333333432674408
0.29134732484817505,-0.08422506600618362,2.3211179088859457,2.1791342027326084,-0.45306146144866943,1.2899323628062551,0.9200706151001554,1.4178990738769557,-0.39962275563394034,1.4210960883754602,-1.0534383058547974,0.6666666865348816
-0.7695379853248596,-0.024789171293377876,-1.3662691710990256,-0.3780279006520104,2.830432655182555,-1.237479329109192,-1.7650584666055387,-0.297035363043678,2.191298800118406,0.17763182520866394,1.6450430154800415,0.5
3.1178537058230473,1.673688325071324,1.9463823600865704,-0.5438769058773893,14.873759874127872,-0.6757665276527405,-1.0680470389942278,1.028828520161981,-1.8457018313243814,2.4632901750597282,-0.2944904565811157,0.3333333432674408
-0.2390953153371811,-0.5597122311592102,-0.19381269812583923,1.7107128710414348,-0.39880406856536865,0.5525272841046394,1.1645554540382257,1.033216118812561,1.0235813435343022,-0.8375765372908204,-0.46314552426338196,0.3333333432674408
-0.7695379853248596,-0.3219686448574066,-0.12586070597171783,-0.4998875558376312,0.062383756041526794,-0.9689108690252409,0.05150393999155592,-0.1826512901379025,-0.028923334553837776,-0.74392246320427,-0.9691107869148254,0.3333333432674408
-0.46642789244651794,1.3178189609049233,-1.4608529729781163,-0.7220988273620605,1.1366623024756475,-1.2863117176335968,-1.645836501978422,0.7102128821725543,0.9686561822891235,0.7118961215019226,-1.2220934629440308,0.5
2.0025917142072136,-0.3219686448574066,1.0293233394622803,-0.525512480996587,0.5301451043918536,-1.4059932231903076,-1.6634418252539787,1.6241343713548468,0.9583685843754675,1.3804396584665488,-0.4161740521830368,0.6666666865348816
-0.6937604546546936,-0.3814045190811157,-0.6694766879081726,0.6193998390346314,-0.5459178845921149,-1.349821925163269,-0.488914226717336,-0.24836627887478543,0.5945638418197632,-0.02271728403866291,0.04281972348690033,0.5
-0.3148728311061859,1.1087437413740682,-1.0919307107508167,-0.6332142949104309,0.749686115785205,-1.349821925163269,-1.5122258605835766,0.8349167788434151,1.1557023525238037,1.5860948717566177,-0.5563348422904805,0.3333333432674408
-0.2390953153371811,-0.7348126634865927,-0.3297167122364044,-0.766541063785553,-0.5073188543319702,0.19320094379783492,1.647179998458141,-0.13891343986490717,0.7816100120544434,-0.49019855260849,-0.8004556894302368,0.3333333432674408
-0.9210929870605469,-0.5002763271331787,-0.941284716129303,-0.7887621521949768,-0.4801901578903198,-0.8442803621292114,-0.9585118246736277,-0.7628370426496676,0.9063074588775635,-0.7443672036309354,-0.1258353590965271,0.5
-0.1565707465227546,-0.2625327408313751,-0.05790869891643524,-0.759345719951193,-0.5344475507736206,0.05446016043424606,-0.16854003012557356,-1.4723715764354566,-0.5900617837905884,-0.890896737575531,1.450923870222613,0.5681261366268184
-0.46642789244651794,-0.7974557876586914,-0.5335727334022522,-0.10957491172646003,0.6681012214903626,0.6042206195201297,0.41756448085931874,-0.726830007364767,-0.41389213754213017,-0.6905476450920105,-0.041507821530103683,0.5
-0.7695379853248596,-1.213507056236267,-0.12586070597171783,-0.7281157613036656,-0.4263847865539673,-0.2825675308704376,-0.20111778834091543,-0.8753397925937892,0.14085761786677367,0.37798094749450684,0.04281972348690033,0.5
0.21556980907917023,-0.02067651276914518,-0.19381269812583923,-0.833204448223114,-0.12751711905002594,-1.0127942562103271,1.2123897187318884,0.45465814691722556,0.6340912946977199,-0.42341551184654236,-0.9691107869148254,0.3333333432674408
-0.16331779956817627,-0.6191481351852417,2.176416206250259,1.3573389731265109,-0.37167537212371826,0.873074523582185,0.3439321541665844,1.0578254755192769,-0.9440576406688603,-0.30475365828146916,-1.4778291490292401,0.3333333432674408
-0.6937604546546936,1.429129195154042,-1.1375792853768234,-0.8776466846466064,-0.2631605863571167,0.33531656861305237,1.1182856961370962,-0.4611218769591464,0.37271806901061094,-0.6096344184002185,-0.8847832679748535,0.3333333432674408
0.6648938247479225,0.06490619873912326,-0.12586070597171783,-0.7887621521949768,0.085713842434165,-0.8774980526785898,-0.7487911751852582,0.6918504673724251,0.9063074588775635,0.37798094749450684,-0.631800651550293,0.5
-0.46642789244651794,-0.20309685170650482,1.9322862520616044,1.3372399476255297,-0.2823213038539718,1.2893639602653713,1.2540940340590947,0.8983207941055298,-0.7771079540252686,-0.22306638956069946,-1.463447943413727,0.5
-1.148425579071045,-0.2625327408313751,-0.2617647051811218,-0.7443199157714844,-0.7998887367133806,-0.5634239912033081,-0.6208236370383522,-1.9186092429994686,0.8566105515647326,-0.5569815635681152,2.2310161374066686,0.6666666865348816
-0.16331779956817627,-0.024789171293377876,-0.05790869891643524,-0.01896696611670303,-0.9679611170689655,1.2367192416404795,0.20412116840852154,-1.0055180960656864,0.15812282264232635,-0.15628336369991302,1.3343521493280732,0.8176827424211259
-0.46642789244651794,-0.6785839796066284,-0.3297167122364044,1.299463387526235,-0.42593276500701904,0.9532006978988647,0.3202180430725363,0.8983207941055298,-1.213549017906189,0.18885865179747768,-1.1574076889568512,0.5
-0.46642789244651794,0.15351851284503937,-0.05790869891643524,1.5288395437533655,-0.07450728218662325,0.39148786664009094,1.294030830302168,1.3666594515644965,1.7802253730369368,0.17763182520866394,-0.9691107869148254,0.3333333432674408
0.06401476263999939,-0.08422506600618362,-0.3950527792270952,-0.10787017686600595,0.20585317695276384,-0.17022497951984406,-0.4703951030489768,1.1062847471415762,0.5322151184082031,0.9790282845497131,-0.40656075556633187,0.3333333432674408
1.834482084702469,1.5090813662396554,-0.4656206965446472,-0.2510463607059985,1.0379526777069368,-0.5634239912033081,-0.7107882597920789,2.0775819855347626,0.46986642479896545,0.24441486597061157,-0.8121348449627132,0.3333333432674408
-0.9210929870605469,1.647776134643519,-1.8218837555834073,-0.6554354429244995,0.6095100703276528,-1.2186047694469082,-1.5527759394887122,0.1706973933814435,1.9455293614455518,0.9122452139854431,0.7892067410062165,0.5
-0.5970248782499271,0.33455451229948974,-2.011910054503374,-0.8109833002090454,0.07844710168498428,-0.47202790977748693,-1.3741167041642255,-0.18201720664117915,0.2236817942628517,-0.8834427825184472,-0.8847832679748535,0.3333333432674408
-1.6338091234905485,0.0034742914132121806,0.34980329871177673,-0.9218556225198637,-0.561576247215271,-1.0127942562103271,0.09516490106040104,-1.0931361430258275,0.46986642479896545,0.19114145011484915,-0.43556825594278004,0.3333333432674408
-0.16331779956817627,-0.9163275957107544,0.07799530029296875,-0.6044974194934755,-0.10038841515779495,-0.9566229581832886,-0.285123913121426,-0.06297851800057559,0.8956005533983268,-0.0895003229379654,-0.46314552426338196,0.3333333432674408
-0.6937604546546936,0.26143620871937673,-1.3784268713784775,-0.766541063785553,-0.18177451193332672,-0.6904301839925996,-0.27932099562713575,-0.9108280987146009,0.2828202545642853,-0.2898494303226471,0.4644574522972107,0.5
-0.9210929870605469,0.02667688918229434,-0.2617647051811218,0.151412235466779,0.013429232131406975,0.14263653055584655,0.42106250892038266,-1.1134108989384306,-0.03118199800178599,-1.02443313578805,0.7759271754075571,0.5
2.4348692398637306,0.684171189342363,0.14594730734825134,-0.4427422989174859,0.9520935883852908,-0.90045166015625,-1.5856927500884512,1.791695823982914,0.0957741066813469,1.2170903769924635,-0.1258353590965271,0.5
-0.6179829239845276,-0.06092950716559198,-1.857104943694215,0.5014853123156453,-0.5268548166219001,-0.4972828328686782,0.27189038288282724,0.2412777213819788,0.24953288280928515,-0.6237646341323853,-1.085367241773172,0.3333333432674408
0.1397922784090042,-0.6191481351852417,0.21389929950237274,1.234539530004266,-0.34454667568206787,2.0140493065507927,1.7981470567730442,0.6167934419884215,-1.213549017906189,-0.6905476450920105,-0.5562908994304229,0.5
-0.8861027773742701,-0.5002763271331787,-0.397668719291687,1.9707298034765308,-0.5344475507736206,1.6730643393499849,1.4475130984398967,1.118038383844919,0.30116364094831116,-1.1580289602279663,-1.2220934629440308,0.3333333432674408
-0.6937604546546936,-0.6191481351852417,-0.4656206965446472,0.922369674599649,-0.8678245197136939,0.5038304328918457,-0.0853755486633282,-0.7929863395660927,-0.5900617837905884,-0.7367745215728575,1.433023113181811,0.5
-0.08754027634859085,-0.3814045190811157,0.010043300688266754,-0.8827698029975584,-0.6895574834202873,-0.8442803621292114,-0.6549838822379384,-1.632910372264677,-1.213549017906189,-1.3583780527114868,0.8885453144951511,0.3333333432674408
-1.4663418471462262,-1.0041149566106011,-0.5335727334022522,-0.5004093094754788,-0.34454667568206787,-0.17022497951984406,-0.045929111056882806,-0.3859557923562267,2.237384702243933,-0.22306638956069946,-0.46314552426338196,0.5
0.834475898662033,0.6701304228115411,-0.6015247106552124,-0.6998776793479919,0.5008031956304668,-0.9321181132460208,-1.2293787303918922,0.9621602329642733,0.6569125652313232,1.507263724987553,-0.46314552426338196,0.5
-0.01176275685429573,-0.6780109650906155,0.14594730734825134,0.5130516635783642,-0.2189657207102879,1.49854135650215,1.0799249529075856,0.7291884845677863,1.992670337630427,1.2960730520556543,0.04281972348690033,0.5
-2.2209063790139263,0.08234669687022544,-0.2617647051811218,0.2899099236492828,-0.5344475507736206,-0.12182542811123509,0.13926231995100566,-0.6189210843117597,-0.1940429286080112,-1.2770883818146195,-0.2101629078388214,0.3333333432674408
6.353549003601074,-0.08422506600618362,9.11561107635498,-0.9887523055076599,-1.2940510511398315,14.546651840209961,5.739711284637451,5.3161420822143555,4.896625518798828,9.794388771057129,3.078611373901367,0.0
0.03157224945867087,-0.5002763271331787,1.0882335451464658,1.0810480549742372,0.37505701313630735,1.835003471529249,1.1805029125239448,0.9742252401524942,-1.9758156649165453,-0.6237646341323853,-1.559403657913208,0.3333333432674408
0.29134732484817505,1.5158042693275116,-2.1644208431243896,-0.7260894645298761,0.4458408769740496,-0.7275079789125717,-1.461199050535076,0.36318201002901174,0.8439587354660034,-0.02271728403866291,-0.5474730730056763,0.3333333432674408
-2.3214680906072407,-0.003048616699655674,0.819357000084995,-0.8776466846466064,-1.0237116885440716,-0.8442803621292114,-0.7282194394504561,-1.9139335595493994,1.6051401909545258,-0.5569815635681152,1.5607155561447144,0.5
-0.8902748115974433,1.1820237597344645,0.07799530029296875,-0.534766971994417,-0.25824493955002914,0.10562350195443068,0.47819646857726356,-0.24239611421284232,0.5945638418197632,-0.22306638956069946,-0.7161281704902649,0.5
0.586386171859674,-0.4408404231071472,-0.05790869891643524,2.6436553221689785,-0.45306146144866943,0.16680273413658142,0.7400067746474036,1.4394843467673843,-0.7147592306137085,-0.890896737575531,-0.842683001635328,0.3333333432674408
-0.9210929870605469,-0.14366096258163452,-0.12586070597171783,1.3606054305194393,0.35670898331175593,1.289966273581457,5.104668497787758,1.3438033172061432,0.279134737466439,0.4447639584541321,-1.7687065500020813,0.3333333432674408
1.3531586548869161,1.4941489796206842,-0.397668719291687,-0.6421070898126082,1.3985340075639745,-1.0127942562103271,-1.4604328058815288,1.3028126026481321,0.2828202545642853,0.7786791324615479,-0.8847832679748535,0.5
-0.8453154563903809,-0.6785839796066284,-0.6420150341407269,1.2263643554170445,-0.3017971208123818,0.7846868634223938,1.0938937592942135,0.21942137917164017,0.033425383269786835,-0.22306638956069946,-0.2944904565811157,0.3333333432674408
0.06401476263999939,-0.5622457452949678,-0.05790869891643524,3.393429804980225,-0.2360319048166275,0.9414995831292174,1.6858540876059975,2.0428270075073005,-1.4005951881408691,-0.6905476450920105,-1.559403657913208,0.5
2.9662979258469364,1.248781016006083,1.3334693932217343,-0.5835724190964066,0.66124013395294,-0.32469020488848965,-1.3734849902942083,0.3285542247760245,-0.028923334553837776,-0.0895003229379654,1.9184318378997707,0.5
-0.16331779956817627,0.8942386541971674,-0.397668719291687,0.1939474063219463,-0.6719551810024257,0.9532006978988647,0.5232613824192672,-1.063262182068084,0.0957741066813469,-0.7592572266276352,1.223405361175537,0.6666666865348816
-0.39065036177635193,0.27239030599594116,-0.2617647051811218,-0.6776565313339233,0.43391340388376365,-0.731937825679779,-1.1364428761329204,0.7694529587246228,2.1305644866038884,2.3706893548446737,0.12714727222919464,0.5
0.7460124492645264,-0.610607552081642,1.019043474318261,1.8458354564377495,-0.18177451193332672,2.088577762937232,1.388240033146564,1.3761083173685056,-1.419208292570381,-0.03944477584038545,-0.8847832679748535,0.5
-0.6937604546546936,-1.5211361046879694,-0.12586070597171783,-0.7220988273620605,-0.6349224975183366,0.2791453003883362,-0.3152798294407244,-0.9236732449770187,0.8388737909038337,0.4447639584541321,0.8806321773736605,0.7368972700829788
-0.16331779956817627,1.3704424804894402,-0.717401419237711,-0.766541063785553,0.4642925408430642,-1.349821925163269,-1.5700957117613212,1.1249524642140967,1.5131072565656032,1.165512750903875,-1.0534383058547974,0.5
-0.39065036177635193,0.22548714901700123,-0.05790869891643524,0.8243980517662967,-0.35860331225484887,-0.6757665276527405,-0.8548961108772622,-0.09102697602311459,-0.028923334553837776,-1.0244628190994263,1.05670966739034,0.5
-0.7695379853248596,-0.6191481351852417,-0.6015247106552124,0.4287495448876455,-0.39880406856536865,-0.5072526931762695,-0.21678277727778492,-0.29788671414974166,-0.028923334553837776,0.3111979067325592,0.5751501043076621,0.6666666865348816
0.33466953628591445,-0.682880028654631,0.4177553057670593,-0.6998776793479919,-0.12255219045821651,0.2229740172624588,-0.8183567459443923,0.44651520069481565,1.3690410238096704,1.3800670275740314,-0.5474730730056763,0.5
0.3065023296312412,2.155055457361118,-1.0562248886493464,-0.5656758749609805,1.0504309205714613,-0.5336903071271205,-0.8479131016552274,0.6308471993236533,0.9526295232776474,1.2166246608847184,0.8169070679079175,0.5
-0.6179829239845276,-0.4408404231071472,0.3795141147974026,0.40229267624006954,-0.2089032083749771,1.62663600656307,1.3156829380914206,-0.07675580585957348,-0.15362077951431274,0.3111979067325592,-0.2944904565811157,0.5
-0.5245774164164715,-0.4408404231071472,-0.5335727334022522,-0.035410633068308106,-0.37167537212371826,-0.1354606244301212,0.55538871487902,-0.1612422023836515,0.24503099165907133,-0.6905476450920105,-0.07122919357223642,0.3333333432674408
1.5046696087743554,-0.4408404231071472,0.3002655916066317,1.1202232485057164,-0.6700910329818726,-1.191775975752727,-1.4473066371383232,-0.3746565389385182,-1.846767245188112,-1.0244628190994263,1.0705080602393837,0.1666666716337204
-0.6179829239845276,1.2156153926693845,-0.6015247106552124,-0.6554354429244995,0.18199797905352064,-1.4059932231903076,-1.8301825431557694,0.22307952052902072,1.5518317181801315,0.9452952304034726,0.648840616358793,0.5
-0.6937604546546936,-0.14366096258163452,-1.5759503515313051,-0.766541063785553,-0.23165203788717395,-0.3387388288974762,-0.33157796112077353,-0.6738701938134937,1.1557023525238037,1.62895540858718,0.04281972348690033,0.3333333432674408
-0.46642789244651794,-0.6785839796066284,-0.12586070597171783,-0.3089009685129855,-0.6429623365402222,-0.8442803621292114,-0.4211194631899781,-0.9617648120308755,-0.46536436676979065,-0.3566324710845947,-0.2101629078388214,0.6666666865348816
2.96185348752458,-0.2625327408313751,1.0293233394622803,-0.49776549926972297,0.5778290033340454,-0.731937825679779,-0.5791432521820036,1.707025226030887,0.15812282264232635,1.493337748527017,-0.5474730730056763,0.5
0.4429023563861847,-0.013053955681085671,0.49366611417197903,-0.7887621521949768,-0.6429623365402222,1.2729965984927962,0.46679599418267614,-1.359552079004942,0.0957741066813469,-1.1823809824021858,1.727988080733665,0.6666666865348816
-0.6162044754801081,2.399427834479818,-2.1404413509497506,-0.7220988273620605,0.16899827104543833,-1.4059932231903076,-1.7142093687858166,0.44599326331744615,2.3733526920696586,0.24441486597061157,0.12714727222919464,0.3333333432674408
-0.46642789244651794,-1.213507056236267,0.1986843465545134,0.5188653829926391,-0.18177451193332672,0.9722537635332132,1.4575264639978431,0.2629264042224756,0.6569125652313232,-0.22306638956069946,-0.8847832679748535,0.3333333432674408
1.3437172283760839,0.36054588072995236,1.3620101053939673,-0.7443199157714844,0.7915727329028034,-1.349821925163269,-1.5306024840397432,0.9819587014229562,0.4075177013874054,0.20620280771953461,-0.37881800532341003,0.5
-1.224203109741211,-0.4408404231071472,-0.5097812525952565,-0.5268627286385283,-0.561576247215271,0.6723442673683167,0.7098766992094105,-0.3879692829690457,0.17807033227037752,-0.957679808139801,-1.0534383058547974,0.5
-0.16331779956817627,-1.0480892321848894,0.14594730734825134,-0.8998677730560303,-0.6429623365402222,-0.5634239912033081,-0.29645882900236936,-1.399064346314313,-1.6060015414836908,-0.15628336369991302,0.8017675876617432,0.3333333432674408
1.5110188038986336,0.5101338624954224,0.21389929950237274,-0.766541063785553,0.32154382992202457,-0.5072526931762695,-0.3380378150401833,0.5139960223286946,-0.9422143410975039,2.0749184214732543,0.03416974036943535,0.3333333432674408
2.34973049417839,-0.3814045190811157,0.7707659489820677,-0.6290353692080216,1.0479129409890104,-1.2936506271362305,-1.6592939257322161,1.7719509281793957,0.6665559694993558,1.57040148249506,-0.9691107869148254,0.3333333432674408
0.5186799168586731,1.6065535368431267,1.211740620190764,-0.6776565313339233,0.6933522402183553,-1.349821925163269,-1.4550925486357786,0.4944698790609614,-1.151200294494629,1.091283352927069,-1.1771812984583545,0.3333333432674408
0.5186799168586731,1.5334266439780575,1.0851806941903936,-0.6998776793479919,-0.3174179792404175,-0.3239966232283835,-0.3359063110963342,-0.40434495190172765,-0.7771079540252686,-0.9897714939645913,-0.37881800532341003,0.3333333432674408
-0.39065036177635193,3.594284698095607,-2.1644208431243896,-0.5665509104728699,0.5981969202985726,-1.4093298310694116,-1.8271914439873047,0.4240907690692456,2.3705102157121334,0.4447639584541321,0.7174400687217712,0.3333333432674408
-0.6179829239845276,-0.7974557876586914,0.9664552287646185,-0.6604008229470528,-0.39880406856536865,1.933193879523237,0.3268385975251056,-1.3575787463181233,-0.028923334553837776,1.6480532252785998,1.550609711751287,0.5
-0.6937604546546936,0.39150496460432516,-0.3297167122364044,-0.09464521613241156,-0.26615084451478577,-0.12422185866795017,0.4038618889854657,-1.392844044339368,-0.46536436676979065,-0.8118663735566072,1.3442493400092101,0.5
-0.3148728311061859,-0.3509778957051331,0.6895633339881897,-0.41929789533725675,1.4603402519283852,-0.12511329482644706,-0.019509974867105484,0.04453846619080218,-0.2783181965351105,-0.6237646341323853,-0.9691107869148254,0.3333333432674408
-0.46642789244651794,-0.8568916916847229,0.07799530029296875,-0.8649653748260873,-0.3586026450326205,0.6723442673683167,1.0918677443528153,-1.0763685934519307,-0.5430269022116682,0.04406575486063957,0.29580235481262207,0.5
2.7942974499601427,2.318156576845976,-0.05015995418974717,0.3067568925677241,1.8207345671796882,0.8962737896184211,0.08435028008951612,1.7532855861521357,-0.7771079540252686,1.2069341587328957,-0.631800651550293,0.3333333432674408
1.160856366620438,-0.5597122311592102,0.6216112971305847,-0.6554354429244995,-0.10038841515779495,-1.2320542589371517,-1.5238981005021668,0.03259154011514122,-0.4030156433582306,1.8167701438929262,0.7181372249594481,0.6666666865348816
-2.1210563018122413,-0.713776469398023,-0.7035033234050322,-0.8776466846466064,-0.34454667568206787,0.7846868634223938,0.17297517599846074,-0.9695236491854514,0.8439587354660034,0.04406575486063957,-0.1258353590965271,0.5
-0.39065036177635193,-0.7380198836326599,-0.6263052278001537,-0.6332142949104309,-0.14442189831439195,0.8570959669463923,1.2591183427013959,-0.2208238507931395,-0.46536436676979065,-0.890896737575531,-1.0534383058547974,0.3333333432674408
0.21556980907917023,0.8321086638016751,2.7235964520159412,0.33541225008520964,-0.7276887517943318,-0.2375113597505489,0.45641620326576005,-0.945107032100615,-0.4030156433582306,-0.6905476450920105,1.8044245148570852,0.5
0.06401476263999939,-0.8568916916847229,1.6104824503491726,-0.8998677730560303,-0.561576247215271,-1.048059880079683,-0.28943816820884877,-1.2934127419060528,-0.9935673735442514,0.5557195511722792,0.5487849712371826,0.6666666865348816
-1.224203109741211,-0.4408404231071472,-0.7995867585005232,-0.7443199157714844,-0.45238564588513386,-0.7202023244488038,-0.7950913619515688,-1.2429671202172194,1.743337330994493,-0.22306638956069946,0.5778571499134834,0.6666666865348816
0.7460124492645264,-0.9757634997367859,0.07799530029296875,-0.8751370983069228,-0.5073188543319702,-0.5634239912033081,-0.4664846848553352,-0.9965133124313018,-1.0265028476715088,-0.0895003229379654,0.6331125497817993,0.5
-1.6408788280151547,-0.08422506600618362,-0.9410245586286983,0.5679497323307466,-0.4389999485281698,0.28579001252997116,0.9829039147142267,-0.0514247712705942,2.3141347820834652,0.28451194097792454,0.5487849712371826,0.5
-0.3148728311061859,-0.5024098072657924,-0.2617647051811218,-0.7887621521949768,-0.561576247215271,0.4736578994914897,0.23481335649782709,-1.0928226940040393,-0.6878095725955625,1.0200365170938803,0.29580235481262207,0.5
-1.375067503239188,0.25568919210207663,-0.397668719291687,-0.8776466846466064,-0.5365428416902415,-0.22639626264572144,0.8971165490028034,-1.0598600678523047,0.2529357575732901,1.3667953285200054,-0.041507821530103683,0.5
-0.3273125415086637,0.9257829909153177,-2.0693983138884704,-0.7004163592335674,1.6272219444640132,-1.349821925163269,-1.2792539417863331,0.07020612654719555,0.4858712753139994,0.17763182520866394,-0.8004556894302368,0.5
-0.5793133850019019,-0.8568916916847229,0.14404210946789525,1.946101657500517,-0.14642865964163349,1.0773154608750701,1.2818916954969601,1.0022646154166555,-1.4005951881408691,0.03914446824903562,-1.137765884399414,0.5
-0.7695379853248596,-0.7974557876586914,-0.2617647051811218,3.692883918006739,0.062383756041526794,0.39148786664009094,0.07885645852562845,1.8532818927860049,-0.034201704400767016,-0.8241137266159058,-0.9691107869148254,0.5
-0.3148728311061859,-0.4408404231071472,0.34980329871177673,-0.6998776793479919,-0.6429623365402222,-0.9438999075553478,-0.867133608569141,-1.9073222195115669,-0.4030156433582306,-0.957679808139801,2.1224204217155243,0.5
-0.6937604546546936,-1.2397009515310662,-0.12586070597171783,1.503679203551259,-0.7786058187484741,-0.71712443866676,-0.2966029847677288,0.04857544397958562,-0.14066340284152665,-1.0362878709812249,0.3801299035549164,0.6666666865348816
0.30392979779103685,1.6400522380089133,-0.8480272816197693,-0.7443199157714844,0.5054856834045899,-1.0689655542373657,-1.6789732093334628,0.5147467033687426,0.9686561822891235,0.4447639584541321,-0.8004556894302368,0.3333333432674408
-0.6179829239845276,-0.9163275957107544,-0.12586070597171783,-0.5665509104728699,-0.5887049436569214,0.8241932654382773,-0.32342944637188364,-1.7243882387672138,-0.7771079540252686,0.9790282845497131,1.9096592544084052,0.6666666865348816
-0.5687726466680268,0.0813041405249335,1.376798609642275,-0.8776466846466064,3.663466886521876,0.8061320399256572,0.6511046170929293,-0.6373093620218366,-0.5894169258726107,-0.5628512982929935,-0.9691107869148254,0.5
-0.9210929870605469,-0.024789171293377876,0.010043300688266754,0.8406190762786372,-0.10038841515779495,0.11063144356012344,1.5695659987138921,0.4546957323602778,-0.15362077951431274,-0.22306638956069946,-1.137765884399414,0.3333333432674408
0.0891202778634102,-0.3219686448574066,-0.26811744831207723,-0.6245775781007527,-0.3811644182439806,-0.5797732011016701,-0.31387614263358077,-1.0689837596727034,-1.408927385127949,-0.0895003229379654,0.7174400687217712,0.6666666865348816
0.1397922784090042,-0.4617197570978867,0.6895633339881897,-0.4436851480684468,-0.7243484258651733,0.2791453003883362,0.05585200533201903,-1.0637579365666636,0.5322151184082031,-1.5313486591436836,1.6924614760348842,0.6666666865348816
0.26005956964946647,-0.9854680345385858,-0.12586070597171783,-0.7443199157714844,0.8340938761000478,1.1149800462790467,1.257411623856994,-0.4404798577360435,-0.028923334553837776,0.17055130389561196,0.29580235481262207,0.5
0.5689659453005311,-0.6785839796066284,0.07799530029296875,-0.14268233855036616,-0.6211070068443733,0.6397169042052634,0.4227554336255769,-0.6120457759112731,-1.8231033805635806,0.3111979067325592,0.4644574522972107,0.5
0.25594798248463474,-0.2625327408313751,-0.397668719291687,-0.8998677730560303,-0.45306146144866943,-1.2936506271362305,0.6045546066502627,-0.8634800233046929,-0.34742319360976626,-0.9724922324692548,0.12714727222919464,0.3333333432674408
-0.46642789244651794,0.15351851284503937,-0.2617647051811218,0.20822716287060386,-0.8471851034591976,-0.3311353955796746,-0.06083120166663509,-1.3569726623676879,-1.2477906565918602,-1.2915949821472168,1.2713552511037687,0.6666666865348816
-0.39065036177635193,-1.094635248184204,-0.5335727334022522,0.5411667149966959,-0.39880406856536865,1.7166465049704573,0.6354653418241276,0.08817044742143444,0.006133594393250175,-1.0244628190994263,-0.631800651550293,0.5
1.820498265993341,3.4154929252268964,1.1652272939682007,0.7918883378615326,0.569984123430174,1.2798030389994637,0.2845783373302074,1.9619218349913965,0.5322151184082031,-0.02271728403866291,-1.1385240681568158,0.3333333432674408
0.5944573879241943,-0.14366096258163452,1.429845690304022,-0.46595034162446575,0.2990972849413919,-0.2205491787991551,0.46414713440939326,0.7166405724123333,0.5945638418197632,0.809001052989146,-0.36647762521023247,0.5
-1.072648048400879,-0.7380198836326599,-0.397668719291687,-0.8923516498455165,-0.6545863144775804,-0.8442803621292114,-1.4553084817190136,-1.5854095562387926,0.5322151184082031,-0.42341551184654236,1.504467095334219,0.3333333432674408
-0.3148728311061859,-0.9653320559947699,0.14594730734825134,1.3449966887018618,-0.7243484258651733,1.227354893970056,1.0129279586638964,0.34122194968809055,-1.5080275494286655,-1.0244628190994263,-0.8847832679748535,0.5
-0.7695379853248596,0.3658993987614857,0.6216112971305847,0.26583890930893345,-0.4801901578903198,0.05446016043424606,0.5003924248147096,-0.7564873729294511,0.2040833209337214,-0.2898494303226471,0.3801299035549164,0.6666666865348816
0.5827308952673201,-0.14366096258163452,0.28185129165649414,-0.037197315946293046,0.08440837893004244,-0.9566229581832886,-1.6514666284104857,0.3261516971185079,0.5945638418197632,2.97910719518645,2.034008723155715,0.5
0.5944573879241943,0.032963190196509395,0.4857073128223419,-0.5887720584869385,0.5607509272144511,-1.237479329109192,-1.0805410883435127,0.6667012189214402,0.34516897797584534,0.9148607710244001,1.7133476669171488,0.6666666865348816
-0.2390953153371811,1.6849240425629772,-2.1644208431243896,-0.6408409601495981,0.23388215532988021,-0.5072526931762695,-1.2936052858475626,-0.07133662075114357,1.1557023525238037,0.35698757048228397,1.223405361175537,0.3333333432674408
-0.9210929870605469,-0.4408404231071472,0.21389929950237274,-0.4251413477073896,-0.26706550645415644,0.6318048056785852,1.4123007349418308,0.42457899883946376,1.401653204485115,0.6451131105422974,-1.2220934629440308,0.5
-2.342909151426473,0.9863377543984214,-0.941284716129303,-0.544329822063446,-0.4524228312012308,0.6161730289459229,0.3211371833326736,-1.064558166774896,1.821808127145363,0.4447639584541321,1.1390777826309204,0.5
-1.6134685883727609,-0.024789171293377876,-0.725310370790203,-0.4729973844150365,-0.5688636210716191,1.2886720212108638,0.4445716168841845,-1.0910881049074277,0.46986642479896545,-0.5263699094117443,0.3801299035549164,0.5
-0.01176275685429573,-0.7380198836326599,0.5536593198776245,-0.8580831856423801,-0.561576247215271,-0.3387388288974762,0.08982986270670569,-0.9223589331996214,-0.5900617837905884,0.3657230869588428,0.5487849712371826,0.5
-1.148425579071045,-1.0351994037628174,0.4857073128223419,-0.8554255366325378,-0.697219729423523,0.14588954753693206,-0.3907836345152542,-1.7744558390662903,-0.028923334553837776,0.6451131105422974,1.3191554308421936,0.5
-0.8453154563903809,0.7399954477914166,-1.5289101372847285,-0.6554354429244995,-0.11359941212196492,-1.4059932231903076,-1.4732252216872697,-0.4059837617082042,1.438074456995008,2.5656415956763037,2.3420706857533853,0.5
0.1397922784090042,1.5329200165746644,-1.0908637724661008,-0.4998875558376312,1.0522122308560327,-0.1558736831850007,-0.27737505786553546,0.8983207941055298,1.1909596475204958,0.1603665554385934,-0.8594525892792397,0.5
0.5186799168586731,1.5159011738752566,-0.4656206965446472,1.1882035341457478,-0.2631605863571167,-1.1251368522644043,0.48464134819904836,0.4502388781177349,0.5322151184082031,-0.890896737575531,0.3801299035549164,0.1666666716337204
0.8311065297422224,-0.08658333960175621,0.4857073128223419,2.8315247278378703,-0.3924948944683212,0.4476591646671295,1.5171791920169586,1.9520317967758183,-0.8394566774368286,0.8879709493807213,-1.2220934629440308,0.1666666716337204
0.21556980907917023,2.279474488021893,-2.1644208431243896,-0.6332142949104309,0.5778290033340454,1.0978680015594195,-0.6421723314889823,0.2256376634968261,0.8728660442126273,1.616478043841047,0.6331125497817993,0.3333333432674408
0.06401476263999939,-0.20309685170650482,-0.2550731196308599,2.256421998285043,-0.2631605863571167,0.934536538615413,0.2636512558687551,0.7648710619159661,-1.2824414271438467,-1.2237228707602046,-0.07362979189309253,0.5
0.29134732484817505,-1.2204189106051186,0.010043300688266754,-0.766541063785553,-0.12751711905002594,-0.11405368894338608,0.47024412722105896,-0.6944557728700055,-0.5900617837905884,-0.7573306560516357,0.04281972348690033,0.5
3.0001684516186717,0.27239030599594116,6.407540229710677,-0.70771797662792,3.5066071228236217,-1.1251368522644043,-1.6610083524316777,1.8081198794799893,-1.4005951881408691,2.0538347483324046,-1.137765884399414,0.5
-0.3148728311061859,-0.007440410528322561,-1.8933520984600656,-0.7443199157714844,0.5778290033340454,1.197892022099694,-0.2763738918509113,0.2535363630956401,1.2655384495860564,0.7487487197945463,-0.46314552426338196,0.3333333432674408
-0.6937604546546936,-0.9757634997367859,-0.3816249977756436,-0.7438430966327672,-0.7524798907837495,-0.22639626264572144,-0.09036384864115059,-1.6546463396723095,-1.213549017906189,-1.2042637284005673,1.3167328920516248,0.6666666865348816
-0.39065036177635193,-0.20309685170650482,-0.6213981219922394,-0.8554255366325378,-0.25810213734716925,0.2631141695611843,0.6842302031730207,-0.7602500372343909,-0.09127205610275269,-0.25911169733393535,-0.37881800532341003,0.5
-1.312534713869316,-1.094635248184204,-0.05790869891643524,0.14099606516505908,-0.6913373347714785,1.2824460777381292,0.038759849391006206,-0.7291996013815235,1.0843863613957805,1.389957182379743,0.8032821766527023,0.5
0.7460124492645264,0.5101338624954224,0.5536593198776245,1.233206908534726,-0.1579787663858256,2.3771399258614645,1.4451017193836349,0.8983207941055298,-0.7147592306137085,0.37798094749450684,-1.2220934629440308,0.3333333432674408
-0.2390953153371811,0.03464672341942787,0.4857073128223419,-0.4206472445776724,-0.6824456234654184,-0.6681534304320554,-0.0205221597676829,-1.6417942497690998,-0.15362077951431274,-0.6905476450920105,2.2887601489097515,0.6666666865348816
-0.6937604546546936,-0.08422506600618362,-1.233642382146002,0.39154180131330174,-0.34454667568206787,0.6723442673683167,1.8828362164330332,0.29651651165404264,-0.15362077951431274,-0.5594815446008522,-1.415743855796912,0.3333333432674408
0.5186799168586731,1.297813238610676,-0.397668719291687,-0.40824938777973013,0.6933055005395611,-1.349821925163269,-1.7059742599612284,0.9613565118408913,0.6015675941333384,-0.22306638956069946,0.12714727222919464,0.3333333432674408
0.48288406872248296,-0.7466468476576773,-0.1996863232007176,0.5330287776932998,-0.5148449949925334,1.1217145919799805,1.4483821737985483,-0.4839692735037477,-1.0888515710830688,-1.0244628190994263,0.7174400687217712,0.5
-0.18923123082807597,-0.5597122311592102,-0.22741360477191008,0.5648306077908439,-0.34454667568206787,0.6723442673683167,1.3319309983786372,0.4291517197991616,-0.46536436676979065,-0.22306638956069946,-1.137765884399414,0.3333333432674408
-0.27146824977464334,-0.6785839796066284,0.37268888610233275,-0.833204448223114,-0.6158336400985718,0.11063144356012344,-0.09650115706334224,-1.238851000770743,0.033425383269786835,1.1296738161432143,0.6331125497817993,0.5
0.342759551626075,1.1016350378081503,0.5236483290190723,-0.5948613851965321,-0.2902892827987671,-0.3949100971221924,-1.385544794840582,-0.7340081006224174,-0.7147592306137085,0.4144155507415011,1.3872383169360807,0.5
-0.08754027634859085,0.48410118261570617,0.4857073128223419,0.24890973838127897,0.5442326851340882,0.05446016043424606,1.503922984679779,0.4154085506955133,0.9063074588775635,0.5783300399780273,-0.06713664090063418,0.5
0.40045770319088775,0.3401453703340121,1.4254794001704902,-0.4177582751376016,0.5665256160552965,-0.9566229581832886,-1.6681607088873425,-0.2529062673041013,0.9686561822891235,1.591392937535763,2.3788183990681495,0.5
-0.5422053933143616,-0.9757634997367859,-0.7067921140606963,1.6805902128232257,-0.10038841515779495,1.1217145919799805,0.9281218816168696,0.6254963046905465,-1.8174228673658357,-0.22306638956069946,-0.8847832679748535,0.6666666865348816
0.06401476263999939,-0.5597122311592102,1.6596933232568092,0.13920712244194194,-0.39880406856536865,0.09535932313649184,0.0591672958433553,0.6654470659218563,-0.15362077951431274,0.7969875275791057,-0.9691107869148254,0.3333333432674408
-0.16331779956817627,-0.5597122311592102,-0.6694766879081726,-0.15771268339237648,0.062383756041526794,1.1391773848435278,1.2468079370851421,-0.15481564343138982,-0.5900617837905884,-0.42341551184654236,-0.7161281704902649,0.3333333432674408
-0.46642789244651794,-0.20309685170650482,0.9401362841947335,0.41086794422071193,0.3225814077838902,0.9532006978988647,1.621647517393241,0.2362692215677566,-0.9404762085912896,-0.6905476450920105,-0.8004556894302368,0.3333333432674408
-1.3107003743747763,-0.08422506600618362,-0.8053807020187378,1.7562566007794653,0.45173952436905046,0.8602727663331854,-0.24154024616545758,0.7405742842342803,0.840013488706837,-1.0244628190994263,-0.8214775820200576,0.5
-0.01176275685429573,-0.08422506600618362,-0.2617647051811218,0.5410330676723052,-0.6158336400985718,-0.8442803621292114,-0.49618326178419864,-1.0139998010642035,-1.6219362754719027,-1.43214209838743,1.223405361175537,0.3333333432674408
2.3871760801937945,-0.3219686448574066,0.5990828836943659,-0.8109833002090454,0.6511471214918995,-1.0739486839964294,-1.6760630832369798,0.6323934562241255,-0.028923334553837776,2.2946433643159962,-0.2944904565811157,0.3333333432674408
-2.5152362537040105,-0.5002763271331787,-2.08551153069199,-0.8905932671654211,-0.9418574091107221,-0.22639626264572144,-1.1802813819315139,-1.4461640758865772,1.6546908686824602,-0.7475939265762903,0.29580235481262207,0.5
-0.02852812304535729,-0.20309685170650482,0.6216112971305847,1.4127043475661556,-0.6158336400985718,-0.3616634270522925,0.23790136316040417,-0.1869565330140348,0.013820720666885486,0.14517636506824708,1.1390777826309204,0.5
0.29134732484817505,-1.1796938213784058,0.8934193253517151,-0.7443199157714844,-0.37167537212371826,0.11063144356012344,0.37255149194440274,-0.2843758510716428,-0.7771079540252686,0.1108487918972969,-0.1258353590965271,0.3333333432674408
0.06401476263999939,-0.009595843430988734,-0.12586070597171783,-0.9189610812802981,-0.8179862940640295,-1.5700971913686388,-1.5657209383547175,-1.2780521453278453,-1.213549017906189,-2.002780565171333,-0.10425825978964727,0.1666666716337204
0.9153067589706783,0.3918916074361989,-0.5335727334022522,-0.6990342624007164,0.8674248651018424,-1.5505467213905857,-1.8210180411287649,0.7460380877934115,-0.2159694880247116,0.1108487918972969,-0.1258353590965271,0.3333333432674408
0.4429023563861847,-0.6785839796066284,0.5536593198776245,0.7719045541843712,-0.10038841515779495,-0.5634239912033081,0.06680338414543531,0.29412411798785854,0.9063074588775635,0.17763182520866394,0.5487849712371826,0.6666666865348816
0.585554015501736,1.9019414997417332,-1.853584500130069,-0.833204448223114,-0.2360319048166275,-0.6757665276527405,-1.2200603455921228,0.5537134729184324,0.9063074588775635,-0.6237646341323853,-0.8847832679748535,0.3333333432674408
1.1092004452220052,-0.14366096258163452,-0.8021733921311778,-0.1448533422595756,-0.2902892827987671,-0.05630951755870583,0.457717402541905,0.4815068072628304,-1.2778863934309304,-0.49019855260849,-1.173423289108246,0.3333333432674408
0.7460124492645264,-0.6191481351852417,0.5812330304262501,-0.6332142949104309,-0.561576247215271,-0.4314669643068591,-0.018014422407032153,-1.1772917327227532,-1.2095982700508934,-0.890896737575531,0.9241179845725921,0.6666666865348816
-0.2639886074367958,1.6712484907228442,-1.289309936898524,-0.6998776793479919,1.0327508681788136,-0.7549132098465572,-0.42890386659754237,0.5673366278648927,1.598678351033638,-0.5569815635681152,-0.7161281704902649,0.3333333432674408
-0.5367893181401867,-0.5002763271331787,0.8902806323983262,0.6958492886151008,-0.34454667568206787,0.6171158771858503,0.7271348319718641,0.3275583753951182,-0.6524105072021484,-0.8241137266159058,-1.2220934629440308,0.3333333432674408
0.7460124492645264,-0.3814045190811157,0.13386153200005507,0.7103913685730756,-0.10038841515779495,-0.22639626264572144,0.5784601565952934,0.3283424926547956,-0.46536436676979065,-1.0250358565509627,-0.1835368993977497,0.6666666865348816
-0.7695379853248596,-0.3814045190811157,-0.3122987430254441,-0.4486182466964258,-0.561576247215271,0.6161730289459229,1.1723477019507171,-1.1696678056700291,-0.1994275978634029,-0.6174824250963478,0.7174400687217712,0.5
0.9554132387013743,-1.264015038755764,0.010043300688266754,-0.8109833002090454,-0.4801901578903198,-0.4530369334238244,-0.31922079922339003,-0.582255558108737,-1.8549179837687602,1.574912468788529,-0.041507821530103683,0.5
-0.46642789244651794,-1.1029176798907043,-0.397668719291687,-0.8776466846466064,-0.2360319048166275,0.035955566248841005,0.44988991416770324,-0.9012351436369647,0.2516092701378251,-0.7573306560516357,0.3801299035549164,0.3333333432674408
-0.9968705177307129,-0.7974557876586914,-0.6694766879081726,-0.08524777738114686,-0.37167537212371826,0.5846913465120603,0.943335175693634,-0.029699815074574556,-0.028923334553837776,-0.3743104715584692,-0.9691107869148254,0.3333333432674408
2.6641388626034037,-0.20309685170650482,0.21389929950237274,-0.5592227851856421,0.7650469982082694,-1.621470943162006,-1.6706784080563402,1.801230635970935,-0.34066691994667053,3.9291931220270158,-0.8847832679748535,0.5
0.1397922784090042,-0.5906725277041691,1.0293233394622803,-0.8109833002090454,-0.6010861747885355,0.05446016043424606,0.6136434623441231,-0.8586173210809473,-0.2519499671273531,0.23738041582761368,0.43013149467917694,0.5
3.2232268703540816,-0.6191481351852417,1.2368642911242727,-0.3901728993548515,0.6836182612546722,-1.1089017162745407,-1.5672716884970699,1.1766646471887172,-0.3980282356873715,0.9024371740270498,0.12714727222919464,0.5
2.683701202132471,1.9311670952769655,2.831493292264789,-0.7170965486181655,1.3975176091669543,-0.49675929301185323,-1.1513778060429678,1.051686882874521,-0.8025857206113446,0.04406575486063957,-0.46314552426338196,0.5
1.962722078449124,1.0315772562555485,0.6809694762996695,-0.6196604075296753,1.0542586796703282,-0.17022497951984406,-0.4768171803666733,0.847436176880313,-0.46536436676979065,1.155600580695931,-0.16088802439799788,0.3333333432674408
-0.01176275685429573,1.4346778945126766,-0.397668719291687,-0.7417404506254492,0.4081301513048301,-1.0689655542373657,-1.199910971436501,0.9036840111696547,0.9122262030394669,1.8897978456755866,-0.5474730730056763,0.5
-0.9210929870605469,-1.1039416899737513,0.6895633339881897,-0.8776466846466064,-0.5073188543319702,-0.9566229581832886,-1.0170594964887947,-1.1188089520268523,0.2204715460538864,-0.890896737575531,0.5487849712371826,0.3333333432674408
-0.08754027634859085,-1.0351994037628174,0.4857073128223419,-0.5665509104728699,-0.4528470409906018,0.33531656861305237,0.7298327950666904,-0.2483097593687846,0.8239681761040276,-0.7957845736842405,-0.8847832679748535,0.5
-0.4306391862771797,-0.4408404231071472,0.8254672884941101,0.6035637377104918,-0.18177451193332672,0.05446016043424606,1.8439585771949991,0.6474004872336541,0.48108220493999154,0.06557352889426978,-0.8847832679748535,0.3333333432674408
-1.072648048400879,1.6407072133749872,-1.6256220724768236,-0.6109932065010071,-0.2902892827987671,-0.8431856712441442,-0.6964461142025109,-0.9325626716541343,0.46986642479896545,0.1108487918972969,0.29580235481262207,0.3333333432674408
1.9866737840746354,-0.6785839796066284,0.9760839887501741,0.6419684675486286,0.25128160242899095,-1.6000689246289452,-1.900230427558102,0.6593330416128363,-0.33466878498797525,-0.49019855260849,0.6216664522976709,0.5
1.1930146631075436,1.0793043691854753,0.4450836665437383,-0.5887720584869385,0.16925208894158564,-0.6175543343145333,-0.5198145888587833,0.8657335177433856,0.18697841368072787,1.104682484153665,-0.9691107869148254,0.3333333432674408
-0.46642789244651794,-1.2796203393465027,-0.04796643888823075,-0.766541063785553,-0.5769608769759381,0.4476591646671295,-0.12086691405731627,-1.4882341032422595,-1.3136502361411757,-0.2700033048096199,0.87884939622936,0.5
-1.148425579071045,-0.07117903887091168,-0.8012877926643306,0.08496051733330481,-0.2631605863571167,2.4765153599448997,0.911068698686338,-0.4790143577426538,0.6939833727614476,-0.49019855260849,0.4644574522972107,0.5
-0.8453154563903809,-1.1379540169932376,-0.12586070597171783,-0.6332142949104309,-0.5073188543319702,-0.8015362645046936,-0.49475153245026754,-0.9973140792020088,2.012659377274538,-0.4384251945458762,1.0547502040863037,0.1666666716337204
0.7460124492645264,2.271974536243068,-1.417166136672657,-0.544329822063446,1.3870959316066458,-0.45108139514923096,-0.6464515284441139,1.2456681062873538,0.5018997884975547,0.24441486597061157,-0.8847832679748535,0.3333333432674408
1.8655300058031585,0.029769857862977075,1.7662336167351087,-0.5475767808182951,0.7438478527587294,-1.3437988674658112,-1.5952617992504945,0.6642494195699135,-0.028923334553837776,1.0816008717723986,1.7451468309402118,0.8020075313805962
1.735944785637276,0.15351851284503937,1.1652272939682007,-0.6332142949104309,2.4432779191611926,-1.349821925163269,-1.1354279145328654,0.8355937772112998,-0.34066691994667053,-0.3566324710845947,-0.2944904565811157,0.3333333432674408
-1.0470584811709387,-0.08422506600618362,-0.7265297494973486,-0.5202137853138645,-0.37167537212371826,0.16680273413658142,0.8002256705261569,-0.4364072925167775,-0.0728617857784556,-0.49019855260849,-0.3953473807866494,0.3333333432674408
-1.224203109741211,0.8511297819040381,-1.1871486653908254,1.5545265486392204,-0.2570564948362738,-1.2936506271362305,-0.007203331682360148,0.7805324259031123,0.7816100120544434,-0.1596224321944708,-1.4750760793685913,0.3333333432674408
1.2067731565745345,0.33182618021965027,1.3623934112780443,-0.7220988273620605,0.55949415432838,0.6723442673683167,0.11697364081398538,1.1382919389701747,-0.4030156433582306,9.225348279612454,-0.6687781555651069,0.3333333432674408
-0.7142787443406196,1.6532032251278574,-1.3684077359974616,-0.8554255366325378,-0.2610893931947246,-1.397009064884182,0.09492375732909504,-0.7308854733114392,-0.15362077951431274,-0.890896737575531,-0.9834508177012655,0.3333333432674408
-0.7695379853248596,2.318397741690166,-1.5215241851390795,0.17893154684843912,1.71475190370288,0.19059128583350937,-0.08984324246528888,1.3083016989084322,2.7368807826188872,-0.2898494303226471,-0.8847832679748535,0.3333333432674408
-0.2390953153371811,-0.4408404231071472,-0.19381269812583923,2.3281569463026908,-0.34454667568206787,1.039659701486528,0.9514405895333851,0.3596205920942446,-0.8394566774368286,-1.1754034680188952,0.4644574522972107,0.5
-0.2390953153371811,1.9780518059237748,-2.0314885785368504,-0.26842315258570454,-0.10038841515779495,-1.0127942562103271,-1.5742978447681655,0.2359229127277865,0.8836996184743826,-0.42341551184654236,0.3801299035549164,0.5
-0.01176275685429573,-0.8568916916847229,-0.4656206965446472,0.2595681297507285,-0.07325971871614456,-0.17022497951984406,1.6836076242553926,0.7248393109233633,-0.2783181965351105,-0.890896737575531,-1.420255149939066,0.021070532527790644
-1.0047930631210689,-0.7974557876586914,0.14594730734825134,-0.8109833002090454,-0.2631605863571167,1.469578246062188,0.30923611368180565,-1.5856853872278267,-0.76086855871466,-1.4372483283024002,1.1641651493589618,0.5
-0.39065036177635193,-0.2625327408313751,-0.6672269584050241,2.220303047958171,-0.37167537212371826,-0.7606395375619119,-0.7349940240626114,0.8471238108039897,-0.9641541242599487,-1.4604225144634744,-0.26914765878554997,0.3333333432674408
1.0026458516092682,1.5106824960519962,-0.8983158926297177,-0.6776565313339233,1.6118983689439736,-0.508767320154259,-0.8092604987007718,0.8013416290153024,0.5945638418197632,0.09622792476003315,-0.3840922411746682,0.3333333432674408
0.8217899799346924,-0.08422506600618362,0.34980329871177673,-0.6776565313339233,-0.18177451193332672,-1.26535974489504,-1.7481734505952777,0.09018491603540602,0.2828202545642853,1.2643122019492372,0.9704226851463318,0.5
-1.0296853099392898,-0.6191481351852417,-0.19381269812583923,-0.21958293570971232,-0.15464581549167633,1.4454700767153512,4.2502647134167,-0.1397989971920074,0.9063074588775635,-0.42341551184654236,-0.5474730730056763,0.3333333432674408
0.5186799168586731,3.1394889978359197,-1.8799247444509506,-0.6776565313339233,0.9156035506650553,-1.2315856553560542,-1.4027936238134686,0.6451071956531934,0.6722754972387048,0.04406575486063957,-0.9691107869148254,0.5
-0.16331779956817627,-1.0351994037628174,-0.25624601861310353,0.359770114474166,0.11188328696015859,2.0282196165854653,1.6859544646838547,0.3662569136454628,0.7658503650773074,-0.691303446412801,-0.631800651550293,0.6666666865348816
-0.3148728311061859,-0.5002763271331787,1.1652272939682007,0.3013096196569784,-0.34454667568206787,2.2374668665245174,1.4589085387071286,0.26572528416333296,-0.46536436676979065,-0.02271728403866291,-0.9691107869148254,0.3333333432674408
-0.39065036177635193,-1.0351994037628174,0.14594730734825134,-0.6776565313339233,-0.18177451193332672,-0.5072526931762695,-0.08497033387794985,-0.7320054402040537,0.3733665250574013,-0.0895003229379654,0.2007628185194555,0.8333333134651184
-1.6378664681409656,-0.5342741009284672,0.14594730734825134,-0.8776466846466064,-0.9388367619141774,-0.6195952296257019,-0.05577534353156982,-1.7628994897145795,0.6633738542555238,-1.0244628190994263,1.2098409381035142,0.5
-0.8453154563903809,-0.4134943898415997,-1.1270332011141944,-0.08392636736114394,-0.2360319048166275,1.6396647579812573,2.0001305731307886,-0.3884558605102593,0.9063074588775635,0.03551057187717777,-0.46314552426338196,0.3333333432674408
-0.16331779956817627,-0.6191481351852417,0.010043300688266754,0.06240543097789304,-0.5887049436569214,-0.22639626264572144,-0.08908864710630106,-0.9321163698205323,-0.9018054008483887,-1.1580289602279663,0.8867363306467981,0.6666666865348816
-0.16331779956817627,3.0818649132810942,-2.1644208431243896,-0.8109833002090454,-0.39880406856536865,-1.4536626733286877,-1.625945495077975,-1.418767100100199,0.2204715460538864,-1.4051066346023864,1.3540289990223513,0.0
0.7460124492645264,-0.5597122311592102,1.1902883177428933,1.5240241765249676,-0.4801901578903198,1.6649244261127916,0.6306477516368661,0.99602437213408,-2.5876647571408946,0.2849324080425497,-1.137765884399414,0.3333333432674408
0.1397922784090042,-0.4408404231071472,-0.05790869891643524,2.2026963119642815,-0.2631605863571167,1.3043557661640175,1.59481760931519,1.4048046493697863,-0.5900617837905884,0.2313416464847758,-1.2220934629440308,0.3333333432674408
-0.39065036177635193,-0.5002763271331787,0.4073760884372182,-0.0832559242463223,-0.6700910329818726,0.2791453003883362,-0.006211336183791282,-1.1502101291479703,-0.028923334553837776,0.04406575486063957,1.223405361175537,0.5
-0.6937604546546936,-0.4408404231071472,-0.05790869891643524,-0.5887720584869385,-0.5073188543319702,-0.22639626264572144,0.3331089538911135,-1.8788620085441945,0.5579065484818246,-1.0912458896636963,2.6171789578251694,0.6666666865348816
4.397235589763412,1.503303968427604,0.8934193253517151,-0.04535482437219967,0.903363130787347,-0.3949100971221924,0.018598142352593636,4.041130393823352,-0.2644404377651717,0.4447639584541321,-0.8847832679748535,0.3333333432674408
-0.41107817049146717,0.09408261626958847,-0.4066078259935813,-0.5665509104728699,-0.8460127300869646,-0.3949100971221924,-0.47989798529327976,-1.9608401116198784,-0.4030156433582306,-0.4192656176214447,2.5605797932396155,0.6666666865348816
-0.8453154563903809,-0.024789171293377876,-0.12586070597171783,0.306762629010078,-0.37167537212371826,-0.020754229298040522,1.4742276018183191,0.19176010916143188,-0.9018054008483887,0.7989686809189739,-0.9691107869148254,0.3333333432674408
1.409092677236096,-0.9627374819137953,0.4857073128223419,-0.9179748405321095,-0.5460270814442503,-0.6834164475765141,-0.1547250873877646,-0.7918949826307353,-0.5277130603790283,-0.3566324710845947,0.21147480607032776,0.5
1.6939623196377298,-0.25587737993072707,2.219143407303188,0.10665103087647121,1.5965305420161748,-1.5871404989826707,-1.8166559561472408,0.924906563727795,0.6318403406312545,-0.2898494303226471,1.223405361175537,0.3333333432674408
-1.1446744427301074,-0.6785839796066284,0.07799530029296875,-0.7095306548037925,-0.7855812498483917,-0.0578824058175087,-0.5053898481702935,-1.5937956769757355,0.5352808421910602,1.1725051087841172,0.7788547973008725,0.5
6.353549003601074,7.343600361119835,9.11561107635498,-0.9887523055076599,-1.2940510511398315,14.546651840209961,5.739711284637451,5.315964807351611,4.896625518798828,9.794388771057129,3.078611373901367,0.0
-0.9968705177307129,-0.4408404231071472,-0.05790869891643524,-0.6109932065010071,-0.7786058187484741,0.33531656861305237,-0.18610125975256228,-1.9298882388492067,0.7816100120544434,-0.9246062067374334,2.484347833503663,0.9392058505127953
0.4429023563861847,1.3343907183710875,-0.6396823198398786,-0.6998776793479919,0.25855309915981345,-0.731937825679779,-1.165587846556208,0.8313966182782123,0.6569125652313232,-0.3566324710845947,-0.8004556894302368,0.3333333432674408
0.21556980907917023,1.0806502029416878,-1.645680175510643,-0.7480955739184859,2.09468834331618,-0.8351141958902611,-1.2798435368198495,0.5778110494194211,0.46986642479896545,0.2555603702902984,-0.9691107869148254,0.5
-0.6179829239845276,-0.4135095114134424,2.8354096806339277,0.9022730004041584,-0.4377267407919533,1.6177477126147555,0.11443594176272168,0.814011250903092,-1.6150716438721073,-0.7573306560516357,-1.7651795265057195,0.5
-0.7695379853248596,-1.0191075779385572,0.14594730734825134,0.231963375679344,-0.5887049436569214,10.533953818508879,1.1995851809536793,-0.46263596712547683,-0.6524105072021484,6.0015717661363315,0.3801299035549164,0.6666666865348816
-0.16331779956817627,-0.9163275957107544,0.21389929950237274,-0.037460378852286216,-0.4522613637508167,1.0316892970294307,-0.027300746259128896,0.08979405828376369,-1.151200294494629,-0.5816808412157211,-0.46314552426338196,0.5
0.21556980907917023,1.3821619930015148,-0.6878530125377169,-0.8109833002090454,1.6166340348812327,-0.0578824058175087,0.5684911328522806,-0.004516957848535997,-1.7466787185905963,0.5856278750033993,-1.2866893914348183,0.3333333432674408
0.21556980907917023,-0.08422506600618362,-0.06392202879948033,0.5843711039229198,-0.18177451193332672,-0.41347670737088527,-0.17221596539686954,0.21512955407717657,0.5322151184082031,-0.43231135781567814,-0.1258353590965271,0.6666666865348816
0.1397922784090042,0.40264113644842664,0.07799530029296875,-0.4650379545692989,-0.09044492639343865,0.33531656861305237,-0.8340262419065454,0.18697642230918893,1.1557023525238037,1.6370098560424333,0.9704226851463318,0.5
-0.39065036177635193,-0.7380198836326599,-0.4648687032324826,-0.788975657356033,-0.04617212664029867,-0.5634239912033081,-1.412703798053485,-0.8753616653043804,1.5046411077623068,0.5234803603389704,1.1642496749009243,0.6666666865348816
-0.6937604546546936,-0.7770540181458035,-0.44789785478590805,1.4787989137896669,0.2941754388524387,1.2480189740003413,1.1500898378978774,0.5623781629513106,0.6216386588784251,-0.22306638956069946,-0.37881800532341003,0.5
0.8941395561372905,1.5933209010465823,-0.12586070597171783,-0.1821420721715457,0.8275872394361751,-0.7316728744585056,-1.2167157838595029,1.3935329745392915,0.5322151184082031,1.8539433610245304,-0.2101629078388214,0.5
0.21556980907917023,-0.9163275957107544,0.9887241077529858,-0.7887621521949768,-0.39880406856536865,0.05446016043424606,0.25217725974297883,-1.0773954447415774,-0.5900617837905884,-0.49019855260849,1.5344837657776997,0.3333333432674408
0.121137112583279,-0.5002763271331787,0.6192917984124863,2.825218874875613,-0.3174179792404175,0.5525475712584494,1.1307588119788825,1.409149870002149,-1.0265028476715088,-0.07554627874755103,-0.631800651550293,0.3333333432674408
-0.09697102707903524,-0.7380198836326599,-0.4533809575602012,0.8059385759612392,0.5382739249815941,-0.04235141017719175,0.5524545668515509,0.982180491086749,0.0957741066813469,-0.8241137266159058,-1.4750760793685913,0.5
0.36712485551834106,-0.9726715654413232,-0.6015247106552124,1.7183548238686432,0.3822711560603325,0.39148786664009094,0.46222849474407884,1.3867027567623527,-0.8394566774368286,-1.0429215735149184,-1.2220934629440308,0.5
-0.9210929870605469,-0.7974557876586914,-0.19381269812583923,0.8578330279939422,-0.6700910329818726,0.05446016043424606,0.517239025878411,0.008602951809284696,2.582347298656194,-0.2898494303226471,0.3801299035549164,0.5
0.19975413410007148,-0.6191481351852417,0.21389929950237274,-0.6998776793479919,-0.825070523193585,0.6668089050098606,-0.07348271213672324,-1.1412558896742335,-0.6524105072021484,0.24441486597061157,1.1390777826309204,0.5
-0.9210929870605469,-0.7974557876586914,-0.8025506495226375,-0.6332142949104309,-0.5607425455219932,-0.5072526931762695,-0.08901267803861584,-1.0619334068368438,0.033425383269786835,-0.22306638956069946,0.29580235481262207,0.5
-0.24544423776969648,-0.3814045190811157,-0.10389127172686756,0.577704286134344,-0.34454667568206787,0.33531656861305237,0.9747985322176531,0.40716473631784567,-0.4030156433582306,-0.957679808139801,-1.306420922279358,0.3333333432674408
-0.6179829239845276,2.043012234774319,0.5794740705073371,2.2175262415895296,-0.001839314298924536,1.181613563906062,1.956543270500901,1.3183244188046686,-0.7412181306106246,-0.49019855260849,-1.4750760793685913,0.3333333432674408
-0.7695379853248596,-0.09351910026867205,-0.5335727334022522,0.2511990374928466,-0.5073188543319702,-0.2825675308704376,0.040408251331057556,-0.5298600187584094,0.2204715460538864,-0.02271728403866291,-0.1258353590965271,0.5
-0.9210929870605469,-0.9757634997367859,-0.4656206965446472,1.3895963985710107,-0.42593276500701904,-0.2825675308704376,-0.3239551105777053,1.003466691754727,0.9016545549499128,-1.3583780527114868,-1.306420922279358,0.5
-0.9210929870605469,2.3862806729704085,-2.1644208431243896,-0.4708491006785902,0.27645036923248856,-1.429818256583845,-1.783706546324121,1.031945014300636,2.4780865003875214,0.6911915917231872,-0.37881800532341003,0.20457350505489033
6.353549003601074,7.288412528232847,9.11561107635498,-0.9887523055076599,-1.2940510511398315,14.546651840209961,5.739711284637451,5.1616775578948495,4.896625518798828,9.794388771057129,3.078611373901367,0.0
-0.5489795029687523,-1.0556728241236897,0.010043300688266754,-0.6554354429244995,-0.42593276500701904,0.8669266281425317,0.5830474047802958,-1.5383894133799454,0.5322151184082031,-1.2915949821472168,1.8739535003328767,0.5
-0.46642789244651794,-0.024789171293377876,-0.3297167122364044,0.19502662756061137,-0.7534248833077294,0.30082244085509535,0.15346516199485677,-1.594468241485531,-0.37074621003703967,-1.1105439634762946,2.2825817969707796,0.6666666865348816
-0.08754027634859085,2.5827197672481716,-1.9769081009550544,-0.7443199157714844,1.0491603255250517,-1.349821925163269,-1.2212539418632768,0.11129027598433917,0.9686561822891235,-0.0895003229379654,-0.631800651550293,0.3333333432674408
-0.010337490046378557,-0.9161405744033466,-0.4656206965446472,-0.5887720584869385,-0.45306146144866943,0.3874408258676135,0.16973762751415158,-0.7148440356280352,0.14506214041309426,0.6451131105422974,0.5487849712371826,0.6666666865348816
-0.5422053933143616,0.5101338624954224,0.010043300688266754,0.3665345598401204,-0.37167537212371826,-0.1714405066985185,0.4477665541643168,-0.38113114856193353,-0.4030156433582306,-0.2898494303226471,0.12714727222919464,0.5
-0.7695379853248596,-0.3219686448574066,-0.19381269812583923,-0.6109932065010071,-1.185242660531212,0.9532006978988647,0.46652451949540097,-1.5841615237561648,0.15812282264232635,-0.762870264858334,1.813698172569275,0.5
0.29134732484817505,-0.14366096258163452,1.3073203519317853,2.1232507371497134,-0.17550620743268158,2.381648585116271,1.8388287673738328,1.6538644477240647,0.7192612886428833,-0.46026142476573534,-1.137765884399414,0.5
-1.477913931049306,-0.8568916916847229,-0.8030360813039279,1.1279163554036566,-0.8328632116317749,-0.5634239912033081,-0.16360080118498976,-0.26092640947688356,0.9041105622832787,-0.8241137266159058,0.3801299035549164,0.6666666865348816
-0.46642789244651794,-1.213507056236267,0.010043300688266754,-0.7589654595969094,-0.2902892827987671,0.11063144356012344,1.4265334466141422,-0.24842558780854196,1.3663251787764208,-0.080113382250016,-0.631800651550293,0.5
0.29134732484817505,-0.7974557876586914,0.34980329871177673,1.0781916310426722,-0.42593276500701904,1.9075039277977988,1.1284627581992044,0.6572491809941746,-0.2159694880247116,-0.7001075921798352,-0.2101629078388214,0.6666666865348816
-0.2390953153371811,-0.14366096258163452,-0.3297167122364044,-0.016981008824495308,-0.6412749525208687,0.5038304328918457,0.16282191238415247,-1.018129857211198,-0.2159694880247116,0.3883033638748618,0.717817944866038,0.6666666865348816
1.1699966286031664,-0.4408404231071472,-0.19381269812583923,-0.20482282918918,-0.39880406856536865,-0.6195952296257019,-0.2699390357636515,-0.5225075494023149,-2.4196506450924113,-1.998063298226217,-0.1258353590965271,0.5
-0.2390953153371811,-0.9757634997367859,0.07799530029296875,-0.7220988273620605,-0.45302661625327095,-0.3949100971221924,-0.3695029043181692,-0.7446002258188816,0.6509995992650617,-1.0244628190994263,-0.041507821530103683,0.5
-0.6937604546546936,0.21295440196990967,0.28185129165649414,-0.09760068866025216,-0.5887049436569214,-0.4023445535311464,-0.07629453257692619,-1.6628094657475347,-1.0056051556849754,-0.6237646341323853,1.9138687477283833,0.6666666865348816
-0.46642789244651794,-0.20309685170650482,-0.5335727334022522,0.5184854508925323,-0.38114444087654575,0.7389884168610753,1.8650375224649252,0.2052411671105521,0.033425383269786835,0.5824202731615898,-0.46314552426338196,0.3333333432674408
-0.46642789244651794,-1.4234565292787347,1.1652272939682007,-0.7771348790414803,-0.6158336400985718,-0.5634239912033081,-0.42117569431424057,-1.0041455556170646,0.5945638418197632,0.17763182520866394,0.6331125497817993,0.6666666865348816
1.2145289652073472,0.09408261626958847,0.14594730734825134,-0.6554354429244995,-0.2902892827987671,-0.3949100971221924,1.1958566596421734,0.19181360937900782,-0.028923334553837776,-0.02271728403866291,-0.2944904565811157,0.5
-0.46642789244651794,-1.222562023156351,0.8254672884941101,0.7077331343469534,-0.2902892827987671,0.14500181876006618,0.20350761837715883,0.8899168015408203,1.4509338210926461,-0.6237646341323853,-1.388961773513258,0.5
-1.3598652864648857,-0.8568916916847229,-0.19381269812583923,-0.890685690311916,-0.12751711905002594,-0.3949100971221924,0.23490193953366048,-0.9569127353300985,0.6569125652313232,0.1108487918972969,0.04281972348690033,0.3333333432674408
0.36712485551834106,0.09408261626958847,0.8212681149241555,1.0621250586096813,-0.5729022637305707,1.4552983642970632,1.3117544133768027,0.22130611790197588,-1.2178806991802078,-0.890896737575531,0.21147480607032776,0.3333333432674408
0.8520811927919254,-0.9163275957107544,0.32096584160043623,-0.6332142949104309,-0.03700891958765791,1.458822045413353,0.7484295453529208,0.41554557843019013,0.9468138552648675,0.6451131105422974,-0.631800651550293,0.5
-0.6179829239845276,-0.552791108683385,0.21389929950237274,1.561141039850125,-0.4801901578903198,0.5600017309188843,0.9603594919623167,0.4877973197561653,-0.17515128819215944,-0.6237646341323853,-0.480252253702687,0.5
-0.3148728311061859,-0.7380198836326599,0.825657542516593,1.484537955323367,-0.325838463999082,2.1921337650129424,0.9547581735239433,0.2939905097667107,-0.9641541242599487,0.04406575486063957,-0.2101629078388214,0.5
-0.6937604546546936,0.09408261626958847,-0.4656206965446472,0.645050638642204,-0.19335020477061302,0.8074775038078557,0.891907560590253,0.4758996375318323,-0.4708726501256798,-0.0895003229379654,-0.9847394754797014,0.5
1.26329678026542,-0.0724206977632077,1.1652272939682007,0.7533698699420454,0.408361547843233,1.0171234792322705,1.0830345517467919,1.4017468218451212,-0.5277130603790283,1.948921843592696,-0.7161281704902649,0.3333333432674408
-0.9210929870605469,-0.4408404231071472,-0.8006887530425764,0.6132906840677433,-0.34454667568206787,1.2892308335471563,0.8505638506170348,0.026213864368910798,-0.26766237615959565,-0.2898494303226471,-0.46314552426338196,0.5
1.1755047973291033,0.21539329529364346,0.29604682237645064,-0.6109932065010071,0.5282394209633468,-1.4186246320762648,-1.8251137449917476,0.5709665812014577,-0.4030156433582306,1.7793210616792026,0.09650953966455382,0.5
0.1397922784090042,-0.08422506600618362,0.010043300688266754,-0.6998776793479919,0.22830620690313247,0.33531656861305237,-0.48628988980213367,0.4306365298577842,1.77614076049038,0.9122452139854431,0.4644574522972107,0.5
-0.7799902666020218,-0.4408404231071472,-1.256565002715515,0.5242398086876667,0.2412239067585693,-0.731937825679779,-0.8285337972785817,0.2788198762146356,0.2828202545642853,-0.8241137266159058,-0.8847832679748535,0.5
0.21556980907917023,2.240720766688869,-2.1644208431243896,-0.7220988273620605,0.5573201393937949,-1.0689655542373657,-1.4515669868211447,0.5703364877688236,1.4928682792651804,0.6451131105422974,-0.041507821530103683,0.3333333432674408
-0.8453154563903809,-0.3219686448574066,0.07799530029296875,-0.5665509104728699,-0.5887049436569214,0.2229740172624588,-0.23564431772287311,-1.6017360546781867,0.2828202545642853,-0.8241137266159058,2.239003577616804,0.6666666865348816
-0.7695379853248596,-1.0662294694902272,0.37161582577469593,-0.8998677730560303,-0.1732722406523312,-0.0578824058175087,-0.3017202829168916,-0.9379041610498807,0.34889748463906006,-1.0244628190994263,-0.09241115775006162,0.5
-0.9210929870605469,-0.4408404231071472,1.2650903346935298,-0.24405062974963027,-0.39880406856536865,1.065543293952942,0.8986200795204252,-1.1400877689866509,0.15812282264232635,-0.890896737575531,1.0547502040863037,0.5
0.5186799168586731,1.9570970839262771,-0.8056104432467778,-0.6998776793479919,0.5247959388274696,-0.5817900695854625,-0.7376402434748006,0.8057655860534135,0.2393918393985241,-0.27756141406318025,-1.0425910699482674,0.3333333432674408
0.17801972195074733,-0.20309685170650482,0.11206175934895106,0.22897267494869422,-0.42593276500701904,0.8757152255366228,0.6364905839156016,-0.7053819320613278,-1.5740128336183123,-1.1580289602279663,0.6331125497817993,0.6666666865348816
0.6262763182432628,1.8863887696279664,-1.9686176218816103,-0.6554354429244995,0.7555015785539592,-1.4059932231903076,-1.8265590066701838,0.764021241351416,1.0063809765783756,0.6008562157528441,-0.1258353590965271,0.5
-0.7695379853248596,-0.5002763271331787,0.9219192776279935,1.5263282225464982,-0.34454667568206787,2.299196585288899,0.8522290589307914,0.6811621706408539,-0.25361023125422394,-0.7573306560516357,-1.4515722764570993,0.5
1.0383046565441494,-0.024789171293377876,0.8254672884941101,-0.7220988273620605,0.503087221054258,-1.349821925163269,-1.674448863412015,0.881122108068966,-0.41145135093844953,1.7215039576378484,-0.7161281704902649,0.5
0.29134732484817505,0.33182618021965027,0.07345012789876486,-0.5994442931169929,-0.3174179792404175,-1.237479329109192,-1.684007994311311,-0.8971671719814351,-0.2783181965351105,0.3111979067325592,1.933280248788723,0.5
-0.7695379853248596,-0.3219686448574066,0.8934193253517151,-0.7220988273620605,-0.15877836145714197,-1.1033466598553674,0.5299741939026766,-0.45256283280998755,0.9063074588775635,-0.22306638956069946,-0.2101629078388214,0.6666666865348816
0.4429023563861847,-0.20309685170650482,-0.3977034124822827,-0.7887621521949768,-0.3174179792404175,-0.17022497951984406,0.873462985148213,0.010742573451198403,-0.5277130603790283,-0.890896737575531,-1.2220934629440308,0.5
-0.39065036177635193,0.21295440196990967,-0.05790869891643524,-0.05942411796862285,-0.42155067399323104,0.9729679915584839,-0.07321945692738377,-1.4826315397609886,-1.3122800551819058,-1.3583780527114868,1.5676277067239142,0.6666666865348816
-0.18353210628512537,-0.4408404231071472,0.1822121879738651,0.3949246173069263,-0.744151218771235,-0.11657035840071803,0.248329485283403,-0.7850808992124738,-0.3009826646248117,-0.22306638956069946,1.1325377550552127,0.5
0.33175706496186375,2.727633984037357,-1.370936809884637,-0.6776565313339233,1.692720283229253,-0.8865922676615023,-1.4877323517496626,0.775326473436998,0.5322151184082031,-0.0895003229379654,-0.8847832679748535,0.3333333432674408
-0.3148728311061859,-1.1832343213519867,0.8254672884941101,0.7060789610423642,-0.6700910329818726,0.602229515390553,-0.0932866675310911,0.09211606577851797,-0.2783181965351105,-0.3457450606707372,-0.1258353590965271,0.8956551471490175
-0.16331779956817627,-0.9757634997367859,-0.19381269812583923,-0.8554255366325378,-0.34454667568206787,-0.731937825679779,-0.9335651496473346,-0.8624501291868497,-0.5277130603790283,-1.440119193413292,-0.041507821530103683,0.3333333432674408
4.806972679812901,0.5045461120703798,8.179064804044188,-0.06092627808666168,0.8824411066696417,-1.349821925163269,-1.6323892110245943,1.249002577815266,-0.3383940148385063,3.2846177853155885,2.4715688167056333,0.6666666865348816
0.8217899799346924,-0.3208688218843154,1.1732479594037548,2.1621928881715644,-0.2360319048166275,1.311954111163017,1.7344162664811942,1.726484641034891,-1.071779907247965,-0.2898494303226471,-1.5567307070586465,0.3333333432674408
-0.32423019446898604,-0.9975165595582342,0.14594730734825134,-0.6459909388846856,-0.7131754316151535,1.408207124087794,-0.08210318290844884,-1.6521646131277112,-1.213549017906189,-1.3583780527114868,1.5281125149887833,0.5
-0.7185335707373302,-0.6191481351852417,0.28185129165649414,1.1999693429949807,-0.21860087757154534,1.3457978217837425,0.5660661741065549,-0.2536340438639188,0.015735139875828787,0.4326806834124322,0.42326814971739907,0.5
-0.6937604546546936,0.21678986652969343,-0.2617647051811218,-0.544329822063446,-0.6415386472856732,0.16680273413658142,0.09327914545853382,-1.163432745460995,2.2161155444509246,1.6211381004548406,2.2821832054668088,0.9643239241587855
-0.46642789244651794,-0.3219686448574066,-0.4656206965446472,0.6454929641977258,-0.3174179792404175,0.6723442673683167,0.5882083769189997,0.4042420658856549,0.1334265372692483,0.46876821752530695,-0.5474730730056763,0.3333333432674408
0.1397922784090042,1.3853003449329202,0.5536593198776245,-0.5289242949106391,-0.34454667568206787,-1.2871721830227116,0.4547080831397327,0.3263320601591979,0.34516897797584534,-0.7236928343582059,-0.8847832679748535,0.3333333432674408
-1.072648048400879,-0.5597122311592102,-0.5097575666297159,0.3825971747879351,-0.45306146144866943,0.9064583021044585,0.08408173825777987,-0.03593084601964067,-0.9641541242599487,-0.6237646341323853,-0.8847832679748535,0.3333333432674408
6.353549003601074,2.7933284975574137,9.11561107635498,-0.9887523055076599,-1.2940510511398315,14.546651840209961,5.739711284637451,1.672174284576438,4.896625518798828,9.794388771057129,3.078611373901367,0.0
-1.028418278015462,0.4125401631145465,-1.4432582220401664,-0.766541063785553,0.2833207661530832,-0.731937825679779,-0.12426778063104775,0.02011125112780439,1.5402151388642293,-0.22306638956069946,-0.8847832679748535,0.3333333432674408
-1.072648048400879,-1.0351994037628174,0.07799530029296875,-0.8776466846466064,-0.30419544712427615,-0.574662337623775,-0.2836421040802414,-1.0518384207287101,0.34516897797584534,-0.06828047622272977,-0.2944904565811157,0.5
-0.2390953153371811,-0.7974557876586914,0.16334942348842335,-0.7220988273620605,-0.6316194799917562,1.1790096673844046,0.011182499581515331,-1.5220092974544939,-0.46536436676979065,1.512264595332599,1.392060399055481,0.6666666865348816
-0.6937604546546936,-0.5597122311592102,0.14594730734825134,-0.6033514981143547,-0.39880406856536865,-0.9721055493025452,0.3699620837974953,-0.21416708569978093,0.7192612886428833,0.7786791324615479,-0.37881800532341003,0.6666666865348816
-1.072648048400879,-0.9163275957107544,-0.2617647051811218,-0.4487242960710831,-0.7243484258651733,0.4476591646671295,-0.029335589020849748,-0.6571472875522353,1.531941795628066,-0.5569815635681152,-0.1258353590965271,0.5
-0.6937604546546936,-0.4408404231071472,-0.12586070597171783,-0.6332142949104309,-0.5887049436569214,0.4702983658709736,-0.06881221472342167,-1.8510564515969943,-0.03318587671872597,-0.890896737575531,2.0053334265002483,0.5
-0.9108236733606051,-0.14366096258163452,-1.1946293387586717,-0.39328630858869623,0.5241149484722594,-0.22639626264572144,-0.8433147763166512,0.016958282124258307,0.8439587354660034,-0.10251852898610367,0.10740482352175135,0.3333333432674408
0.06401476263999939,-0.2625327408313751,-0.4656206965446472,0.2881652946698401,-0.5000462700204477,-0.3387388288974762,-0.04501213265809601,-0.38858688348714804,-1.1332138098111972,-0.49019855260849,0.3801299035549164,0.3333333432674408
-1.388555991437153,-0.5597122311592102,-0.5335727334022522,1.7777291791021057,-0.2902892827987671,1.0075361180620805,0.12935072396191877,-0.24727417078837746,1.2448043101296573,-0.05440051396545193,1.418318356296991,0.5
-0.29293220084374183,-0.3814045190811157,0.2544745216210935,-0.027182540099805953,-0.3032066386419638,0.04779817298427424,0.03969008908869942,-0.4149434451793903,-0.7147592306137085,0.5783300399780273,0.3801299035549164,0.5
0.06401476263999939,1.0904663714710168,0.6895633339881897,-0.4770882430629094,0.3066083718866623,-1.349821925163269,-1.700543977900381,0.7938500779032177,0.2251349959040698,2.0312230240342943,0.29580235481262207,0.5
1.3041792532203582,2.094250351705034,-0.12586070597171783,-0.6858392065718057,0.7556112017176084,-1.3058925255066722,-0.8578074670781953,0.9710494968742425,0.0957741066813469,0.028992298006827233,-0.8004556894302368,0.3333333432674408
-0.6179829239845276,-0.7380198836326599,-0.07118719401509307,-0.8554255366325378,-0.570892362560036,0.43938510928358976,0.09713980830466923,-0.3903724305870156,1.8127326457390196,-0.6237646341323853,-0.32964460663015244,0.5
-0.6179829239845276,-0.3219686448574066,-1.5704004545975299,-0.3436227103058103,-0.78584520065064,-0.18514836506302051,-0.22400114725716974,-0.7848228280002292,0.34516897797584534,-1.3426917137251368,0.21147480607032776,0.5
-0.9968705177307129,0.007772816912793303,-0.2617647051811218,0.12974059788418343,-0.6125581452473094,-0.8442803621292114,0.06988368868443841,-0.33991601981165703,1.6086062885302534,0.3111979067325592,0.4644574522972107,0.5
-0.46642789244651794,-0.4408404231071472,-0.3466029111015422,0.42763815171145264,-0.7243484258651733,1.4081537527913766,0.6332482980017548,-1.7210143152012565,-0.7147592306137085,-2.0891979938181344,2.3875285639179284,0.5
-0.9054924149555068,-1.1417311723427528,-0.5335727334022522,-0.5471957364239209,-0.36153646406562917,2.2352414896300457,1.505801774391607,-0.3185908115697135,0.9063074588775635,-0.3566324710845947,-0.7161281704902649,0.6666666865348816
-0.3148728311061859,1.8132398563731635,-0.7103697961676299,-0.6332142949104309,0.4410479073096371,-0.3949100971221924,-1.1568044853282557,-0.04755892428998823,0.5322151184082031,-0.12615788589443117,-0.4368653071479948,0.5
1.0254028787729177,0.7148779146398767,1.3406407927299642,-0.7443199157714844,2.0007023971429088,-0.3949100971221924,-1.0234367973980656,0.49052659589685654,-0.028923334553837776,2.5052508201339774,-0.2944904565811157,0.3333333432674408
-0.46642789244651794,-0.7380198836326599,0.14594730734825134,-0.8554255366325378,-0.4818925665784501,-0.8442803621292114,-0.5489598355770899,-1.4406986454244988,-0.7771079540252686,0.4447639584541321,1.1581099737319305,0.5
0.7960276061313951,0.09408261626958847,1.1652272939682007,-0.8776466846466064,-0.6035970685610287,0.33531656861305237,0.8837448194644508,-0.8179926784980296,-1.307099179176372,0.708271106935596,0.3801299035549164,0.3333333432674408
-0.7695379853248596,-0.5597122311592102,0.21389929950237274,-0.5912960419453163,-0.14613974288605955,0.8951541813715291,0.12080910937294856,-0.5184184051430736,1.5209623071177143,-0.6237646341323853,0.12714727222919464,0.5
1.4282266139916473,0.9766307379578628,0.4177553057670593,-0.6734988984847552,0.6548729729441372,-0.07819627563916451,-0.6999571625442679,0.6112796993775537,-1.213549017906189,0.6263879739854342,-0.37881800532341003,0.3333333432674408
-0.3148728311061859,-0.8568916916847229,1.1652272939682007,1.2586960916838335,-0.4801901578903198,2.289241553741045,1.7473906520694003,0.5618924194159939,-0.5277130603790283,-0.8241137266159058,-0.8847832679748535,0.5
-0.6179829239845276,0.5411711509042701,-0.7797789609151237,0.30004322457230376,-0.26064046854088296,0.5600017309188843,-0.3134553268801791,-0.518690042150154,-0.7147592306137085,-1.0244628190994263,0.38640488917056004,0.3333333432674408
-0.46642789244651794,-0.7974557876586914,0.14594730734825134,-0.6998776793479919,-0.561576247215271,-0.8018170113303112,-1.1512919231435612,-1.062331367932128,0.17390141330637743,0.936169797599847,0.7174400687217712,0.5
0.06401476263999939,-0.7380198836326599,1.07965986605083,1.7201948466932138,-0.2631605863571167,2.4380216259138154,1.5638291104441888,1.1656086644164398,-0.9018054008483887,0.04406575486063957,-0.8847832679748535,0.5
-0.46642789244651794,-0.8568916916847229,-0.2617647051811218,-0.2908094610349194,-0.42593276500701904,-0.71099683579471,-0.21984799335381383,-0.1892742671782798,0.5322151184082031,0.6451131105422974,-0.1258353590965271,0.5
-0.3148728311061859,-1.4282012986975863,-0.19381269812583923,0.9848918410745333,-0.18177451193332672,0.2849182058050604,0.0864188209415085,1.0880298076548078,1.9097198110501863,-0.6905476450920105,-1.2220934629440308,0.5
0.1397922784090042,-0.7974557876586914,-0.19381269812583923,0.4241175825823778,-1.1250821113604412,-0.731937825679779,-0.2119611235003799,-0.24837107736481073,-2.000035586779264,0.48583729852704366,-0.24408477710866702,0.5
-1.148425579071045,-0.7974557876586914,0.010043300688266754,-0.7887621521949768,-0.6319655695350714,0.36702795958455453,-0.2789494293067929,-2.256846603757764,-0.34066691994667053,0.04406575486063957,1.9544990540493916,0.5
-0.5422053933143616,-0.8568916916847229,-0.5335727334022522,-0.6998776793479919,-0.2089032083749771,2.008351037996889,0.9623906562696986,-0.7120352064436934,-0.028923334553837776,1.2601679210550394,-0.1258353590965271,0.4351090356673121
0.36712485551834106,-0.6191481351852417,0.6976913141965081,-0.6109932065010071,-0.2902892827987671,1.32456235068273,0.8122318136942561,-0.34480343795564183,-0.2159694880247116,-0.42341551184654236,-0.46314552426338196,0.3333333432674408
-0.6179829239845276,-0.7974557876586914,-0.006078852374423613,0.42500858349769693,-0.7634683291869873,-1.2674720078351083,-1.306190508008833,-0.8553181886672974,-0.8502642179676573,0.17763182520866394,1.134181424083792,0.3333333432674408
-0.3148728311061859,-0.08422506600618362,-0.05790869891643524,-0.5887720584869385,-0.656921349619507,0.5600017309188843,0.5208923853937164,-0.8814875500813132,0.05302702057783691,-0.6905476450920105,0.3801299035549164,0.5
-0.5422053933143616,0.09408261626958847,-0.6715373383181185,0.7835007091193747,-0.2556907608026075,0.2791453003883362,1.3889495161010603,0.5585565352622461,-0.4030156433582306,-0.8094078669782584,-1.559403657913208,0.3333333432674408
-0.8453154563903809,-0.2625327408313751,-0.4549538945540719,2.335556022278528,-0.6267255551836465,0.6161730289459229,0.4592297160737816,1.1276648705552543,0.39094427260901804,-1.1580289602279663,-0.9691107869148254,0.3333333432674408
-0.8453154563903809,-0.5597122311592102,-0.6015247106552124,-0.9230471549169852,-0.6241998296425136,-1.232690891243141,-0.254332613987136,-1.222929282322782,0.15812282264232635,-0.957679808139801,0.12714727222919464,0.3333333432674408
-0.01176275685429573,1.758501750829699,-0.397668719291687,-0.6163539007828001,-0.18177451193332672,-0.8323811115223911,-1.2756134750647934,0.5629419007635086,1.495717752864669,0.7427877493141235,1.1350710551611314,0.5
0.1397922784090042,0.09408261626958847,0.010043300688266754,0.28881131933923604,-0.42593276500701904,1.7382778209758734,2.0841886441673987,0.2821744052069561,-0.2783181965351105,-0.22306638956069946,-0.8847832679748535,0.3333333432674408
-0.9968705177307129,-0.7380198836326599,-0.3297167122364044,0.29248757806114806,-0.3534926118194629,0.8948841019597875,0.8269669660719494,-0.4594481613568899,0.8386797952310463,-0.0895003229379654,0.29580235481262207,0.5
0.21556980907917023,-0.7974557876586914,0.5230883167776107,-0.8109833002090454,-0.33581973279489397,-0.0017111222259700298,0.9576819935505427,-0.8591795164041498,-0.028923334553837776,-1.1580289602279663,0.3801299035549164,0.5
0.7460124492645264,2.5962285579132987,-1.9663812779221417,-0.7443199157714844,0.7554921588635497,-1.1813081502914429,-1.496639607305389,0.5666205371518207,-0.028923334553837776,0.10000870354037739,-0.631800651550293,0.3333333432674408
0.21556980907917023,-0.5441723962540521,0.8254672884941101,1.3551157634118736,-0.12751711905002594,1.33366203556939,1.1967153124296694,1.147293195234753,2.154928380050688,-0.22306638956069946,0.21147480607032776,0.5
0.5944573879241943,-0.961820597584938,0.6895633339881897,-0.766541063785553,-0.5891149853056334,-0.3949100971221924,0.07673057418024755,-0.46024055559321425,-0.7771079540252686,0.37798094749450684,-0.14156568368010225,0.3333333432674408
2.1989674561450916,-0.3814045190811157,1.429965097220364,-0.6275328599786711,1.5131307204461306,-1.3566329270664053,-1.6910702028105595,1.2450161406711855,-0.6879207143715257,7.9696970325391225,-0.37881800532341003,0.3333333432674408
0.792078311987064,-0.026024423990742354,1.2041005422547466,1.4375638632667163,0.3633754612296513,0.6222646167425945,0.9851306616197174,1.6678020786507854,-0.005590654448321197,0.9790282845497131,-1.0534383058547974,0.3333333432674408
0.06401476263999939,0.059927314934398644,-0.3297167122364044,0.5134301891127379,-0.6429623365402222,-0.22009105907520493,0.0036504829544648006,-0.9059068913297377,0.01335333059096068,-2.0901282565064436,1.9188948495826055,0.5
-0.46642789244651794,-0.5002763271331787,-0.397668719291687,-0.8958008221164219,-0.5422327008432855,-1.349821925163269,-1.1674013762825743,-0.9065910300300792,-0.2159694880247116,0.24441486597061157,-0.21093528743792644,0.5
-0.9210929870605469,-0.5002763271331787,-0.397668719291687,0.5673745052440393,0.16339255885925544,-0.17022497951984406,0.07646251212878837,0.08916455313039062,0.15812282264232635,-0.5674187262570072,-0.8847832679748535,0.3333333432674408
-0.16331779956817627,-1.2614259597528386,-0.12586070597171783,-0.8537784504774931,-0.42593276500701904,-0.17022497951984406,-0.5391871620998696,-0.5461994743092115,1.1557023525238037,1.605870924556675,-0.2101629078388214,0.5
0.29134732484817505,1.0748063060600683,-0.12586070597171783,-0.6681559578584716,0.14117152596591634,-0.9593840249031211,-1.3910406436982905,-0.17079801481849388,0.3122800114822222,1.3407104930669071,0.3801299035549164,0.5
-0.3148728311061859,-0.23943918854419743,-0.12586070597171783,-0.5665509104728699,-0.34454667568206787,0.3807109471156246,0.10135246507218677,-1.4317167100347672,-0.008132428634340803,-0.8241137266159058,1.456638719983688,0.5
2.256096738544451,0.06089187239744367,1.0293233394622803,-0.6998776793479919,0.1987711493804749,-0.5634239912033081,-1.3527366288347757,0.5852510734347365,-0.22862531361872684,2.265263960918855,1.223405361175537,0.6666666865348816
0.06401476263999939,-0.3814045190811157,-0.7352371352260545,0.10018237103125818,-0.7786058187484741,-0.0578824058175087,-0.18327639966857723,-0.6490423486513283,-0.7147592306137085,-1.1580289602279663,0.45521347293162084,0.3333333432674408
-1.0595708309085592,0.33182618021965027,-0.7995813766349419,0.36141295695561243,-0.18177451193332672,1.1217145919799805,1.6141248411663591,0.3141244424619888,0.6569125652313232,-0.3566324710845947,-1.2220934629440308,0.2995053263180104
-0.7695379853248596,0.30202499835982216,-0.6015247106552124,-0.7443199157714844,-0.37167537212371826,0.6723442673683167,-0.04539959130210933,-0.4853189762652354,0.0957741066813469,0.4668494806169543,-0.5817995324744338,0.3333333432674408
-0.46642789244651794,-0.112808558659759,-0.2617647051811218,-0.544329822063446,-0.12751711905002594,-0.731937825679779,-0.4307808045269022,-0.33330364342859287,-0.17896640437835343,1.602097189371615,-0.37881800532341003,0.5
0.6702349185943604,-0.3814045190811157,0.4177553057670593,-0.8372726356193173,-0.3174179792404175,-0.6757665276527405,-0.9378944719363473,-1.315474732685309,-1.3096500501029753,-0.012834720557341455,1.3652497686118545,0.5
-1.224203109741211,0.21295440196990967,-0.4685050567784629,-0.6904821615077411,-0.6294591841637788,0.4305184486380052,-0.24549181673502365,-2.282856497283294,0.34516897797584534,0.04406575486063957,2.7256343717317573,0.6666666865348816
2.5894137428086963,-0.14366096258163452,1.1652272939682007,-0.4984111153042699,2.3921008194969997,-1.3340272833941027,-1.721890666841546,0.2579674823682638,-0.9641541242599487,1.3892984129167747,1.3780616255786937,0.5
-0.5422053933143616,-0.024789171293377876,-0.12586070597171783,-0.378312505423146,-0.9404970673152466,-0.2825675308704376,-0.385496491485886,-1.3383016049677108,-0.028923334553837776,0.6816604434947564,1.5607155561447144,0.5
0.06401476263999939,-0.8568916916847229,-0.19381269812583923,-0.4537340277082476,0.030347661193707933,0.16427460013119263,0.20664095529859902,-0.7285175539763559,-0.9018054008483887,-0.14338707639113593,-0.041507821530103683,0.6666666865348816
-0.16331779956817627,0.33182618021965027,0.7582838141846989,-0.5887720584869385,0.9165825415559828,-0.11405368894338608,-1.2539000677668872,-0.2484269874839554,1.5690048077055254,2.086208895487048,2.4160965559866208,0.5
-0.6179829239845276,-0.017367698508644697,-0.941284716129303,-0.07422441371559088,-0.37167537212371826,-0.731937825679779,-0.9736042565585512,-0.32028804613925016,-0.5900617837905884,-0.957679808139801,-0.37881800532341003,0.5
-1.3735195404178646,-0.5002763271331787,-1.2248788381738513,-0.9071781730777856,-0.27694401358014326,0.5758405274137898,0.29362893619393693,-1.0627367093031346,0.2828202545642853,-0.22306638956069946,-0.5474730730056763,0.5
-1.224203109741211,0.27239030599594116,-0.12586070597171783,1.1656888906556795,-0.7838497405791397,1.1217145919799805,1.8771694544126838,0.2335627561774113,0.46986642479896545,-0.957679808139801,-0.2101629078388214,0.5
-1.4226519603532344,-0.20309685170650482,-0.5335727334022522,-0.6332142949104309,-0.561576247215271,0.2791453003883362,-0.041146710105686136,-0.9013861978649877,0.34516897797584534,-0.15628336369991302,-0.46314552426338196,0.5
-0.08754027634859085,-0.32341939119999163,0.1947094213803804,1.8310686743789575,-0.42593276500701904,0.9633179929861456,1.4703688094385927,1.3179383462955259,0.2828202545642853,1.1783735387406085,-1.0534383058547974,0.5
0.6240286437116598,-0.20309685170650482,1.1652272939682007,-0.24635967634682282,0.6889879230305118,-1.2562912518871634,-1.7729549242035725,0.16340820788638624,0.2828202545642853,0.7039820879100805,1.342586507472151,0.6666666865348816
-0.6937604546546936,-0.6785839796066284,0.4177553057670593,0.6011576895123956,-0.37167537212371826,1.2890861143825356,1.115500494320493,0.18748093938093677,-0.6524105072021484,-0.5569815635681152,-0.9691107869148254,0.3333333432674408
-0.23410505695165704,-0.6191481351852417,0.010043300688266754,-0.834157170806731,-0.2902892827987671,0.9532006978988647,0.2674516432996704,-0.869087009119397,1.0016110127903575,-0.957679808139801,0.06097460659275829,0.3333333432674408
0.8217899799346924,-0.14366096258163452,1.0293233394622803,-0.6773975606927674,0.5128046058644593,-0.8442803621292114,-1.6640984719056373,1.033216118812561,0.8439587354660034,1.1736887501850217,-0.631800651550293,0.5
0.0567325727965861,-1.0285705584752416,-0.2617647051811218,1.1462423328774014,-0.28498023724138016,0.2791453003883362,0.8339087036282788,0.7701644273967699,0.9686561822891235,-0.22306638956069946,-0.2101629078388214,0.5
-0.2390953153371811,1.0461102414776449,-0.05790869891643524,-0.5067525156295648,0.3615906016937096,-0.22639626264572144,-0.5947213575776608,0.6284174566351917,1.4267576794502608,1.0785729519029172,0.6331125497817993,0.5
-0.46642789244651794,-0.6191481351852417,1.2905186926393615,-0.7077557338056183,-0.34454667568206787,0.4476591646671295,0.160383512485574,-1.2326788943655074,1.1804392474222085,0.3111979067325592,1.392060399055481,0.6666666865348816
-1.5484614934894936,-0.2625327408313751,-0.6742506447375455,-0.5711747980179905,-0.45306146144866943,-0.731937825679779,-0.3102527088334579,-0.8500937767921116,1.6347876464729025,-1.0244628190994263,0.5487849712371826,0.5
-0.5422053933143616,-0.5002763271331787,0.2061318337475609,0.41910760667247265,-0.06118796493906887,1.2474685753464065,1.8318984506246894,0.11454136720156581,0.34516897797584534,-0.15628336369991302,-0.46314552426338196,0.5
0.06401476263999939,2.298265584038195,-2.1371333179232064,-0.766541063785553,0.42055104298729673,-1.349821925163269,-1.7284263605136168,0.576106230260073,1.4094302149411582,0.15800429930268767,-1.2220934629440308,0.3333333432674408
0.21556980907917023,-0.6191481351852417,0.07799530029296875,-0.7494719206594505,-0.37167537212371826,0.9164623409356316,0.349544574132865,-0.7360433755637094,0.46986642479896545,1.3033972209934466,0.7424219081603058,0.5
-0.16044902441032116,-0.07472177165321918,0.9783284226421007,1.537330129036441,0.05661590729929347,1.6414744143291242,1.492484929491196,0.9935363994524177,-0.629453206650579,0.24441486597061157,-0.9691107869148254,0.5
-0.1989218469137498,-0.33773769077034743,-0.12586070597171783,0.7065110610843498,-0.2089032083749771,1.1217145919799805,1.5222352757588542,0.7107228586193195,-0.023079378392443978,-0.6905476450920105,-0.4457582587470746,0.3333333432674408
-0.01176275685429573,-0.10871076703833962,-0.397668719291687,1.4131293439645214,-0.7847907400860643,-0.2825675308704376,-0.019509974867105484,0.09201989536865729,-0.9002321048873682,-1.118006342479497,0.29580235481262207,0.3333333432674408
0.7460124492645264,1.9400365765898435,-1.1048414224014247,-0.6332142949104309,0.15665588690663595,-1.0689655542373657,-1.5223126874942017,0.7048119599190811,0.5322151184082031,-0.4202023537323626,-0.2944904565811157,0.3333333432674408
0.0659055746704318,-0.6191481351852417,0.07799530029296875,0.19204214750204762,0.297627206234739,-0.2825675308704376,-0.28710215036172954,-0.5240482613423408,-0.15362077951431274,-0.22306638956069946,0.29580235481262207,0.5
1.4038414550117808,-0.6191481351852417,0.21389929950237274,-0.7220988273620605,0.3608723045703828,-0.24360094703469098,-0.42643024581676464,0.1012852255623262,-0.46536436676979065,6.864041122345153,0.8904863812152913,0.5
1.3247162736802716,2.048378907257096,-0.37967777088145716,-0.534965111089726,0.9443308332337973,-1.1251368522644043,-1.6726713969490605,0.8043274479943577,0.2828202545642853,1.4030332129779428,0.21147480607032776,0.5
-0.6937604546546936,-0.4408404231071472,0.40600924100699104,-0.6385353317317258,-0.5936057173121784,-0.03136880149912984,0.43544251508742043,-1.1033004430391726,0.5945638418197632,-0.22306638956069946,0.4379249541930084,0.5
-0.4738344897347589,-0.36822129120575964,0.010043300688266754,1.5312244759906766,0.121969066376371,1.3306182843661418,2.138732169254531,1.1410255014668926,0.34516897797584534,1.2294846512477688,-0.9691107869148254,0.5
0.5944573879241943,0.6641140630225867,0.010043300688266754,-0.6776565313339233,0.46230095172861924,-0.22639626264572144,-0.4611302256206614,1.030922590528127,1.2142130403434785,0.24441486597061157,-0.631800651550293,0.3333333432674408
-0.5437845618240387,0.23434333147232692,-0.7987329566234651,-0.8851375300704922,-0.6429623365402222,-1.0689655542373657,-0.7232693803647576,-0.9903562306143556,-0.2159694880247116,-0.7995343246266944,0.29580235481262207,0.3333333432674408
-0.6179829239845276,-0.2625327408313751,-0.6072985185803808,-0.6039523119815325,-1.2247351284565584,-1.0254655739175447,-0.49237292874099287,-1.4591373599039563,-0.2783181965351105,-0.890896737575531,1.392060399055481,0.6666666865348816
-0.08754027634859085,0.21295440196990967,0.8254672884941101,-0.7037437840808037,-0.2902892827987671,-0.90045166015625,-0.7807687091473087,-0.933328805499657,-0.15362077951431274,0.6451131105422974,1.0893224769603433,0.5
-0.6930756664269105,-0.08422506600618362,-0.12586070597171783,0.8785659614009189,-0.07513142128736669,0.2229740172624588,0.8768555980440286,0.40587373880276856,0.15812282264232635,-0.5569815635681152,-0.8004556894302368,0.3333333432674408
0.7460124492645264,1.0031032683607108,-0.4656206965446472,-0.7887621521949768,0.3354883097913022,-0.17022497951984406,-0.9900424100433771,0.29262107138292726,-0.028923334553837776,0.4447639584541321,-0.37881800532341003,0.3333333432674408
-0.21308413494284564,-0.7380198836326599,-0.19381269812583923,-0.766541063785553,0.10840024599461301,-0.8442803621292114,1.622974634772951,0.04025059627290304,0.5322151184082031,-0.22306638956069946,-0.5474730730056763,0.5
1.3550201731047133,-0.3219686448574066,1.4146783497190782,-0.7887621521949768,4.921824661308111,-1.349821925163269,-1.6816523063760336,0.8359794336027198,0.2204715460538864,0.1108487918972969,-0.30482449052508465,0.5
-1.0986802376229512,-0.5002763271331787,-0.039466483010012515,1.2400093510591337,-0.5887049436569214,0.03087124884667429,0.0215645832119628,0.452640153863162,-0.2599898994987274,0.04406575486063957,-0.3791833403543505,0.3333333432674408
2.162846773106131,2.5780755073829797,-0.29195917632218743,-0.321523820529079,0.01352636874013383,-1.1813081502914429,-1.4252227751354964,1.6946784948206217,0.8439587354660034,0.9122452139854431,-0.19117584680254768,0.3333333432674408
0.5186799168586731,0.5101338624954224,0.34980329871177673,0.35067613396226666,0.12347730970659769,-0.7991164849722695,-0.7239240938189089,0.6687209184104561,0.5945638418197632,0.6050763323363948,1.0935735009305525,0.6666666865348816
3.516858933484351,2.525083994082837,1.6488457515627128,0.9976057278826594,0.8456402294135258,0.2229740172624588,-0.2254613574457039,4.911554358881371,0.15812282264232635,1.5903200448508557,0.12714727222919464,0.3333333432674408
1.7231703645308039,-0.5002763271331787,0.4177553057670593,-0.8109833002090454,-0.341253089157163,0.27505190416554354,0.3845050947287139,-0.40612166989268716,-1.8356920782240613,-0.5569815635681152,0.04281972348690033,0.5
0.21556980907917023,-0.9757634997367859,-0.2617647051811218,-0.8998677730560303,-0.4988745190124842,-0.03363545962896832,-0.6274232249251138,-1.0229598277164413,-1.774363378287555,-0.22306638956069946,0.2615352554745032,0.5
0.4429023563861847,-0.6462890758596094,0.010043300688266754,-0.8554255366325378,-0.561576247215271,-1.0689655542373657,-1.2919105939261613,-1.7043628759574951,-0.8098871651208875,-1.5295154786604037,1.50880053117305,0.5
-0.5422053933143616,-0.9783020964015064,0.8934193253517151,0.4166596101621998,-0.6158336400985718,1.7650816607255762,0.6295638790519491,-0.31022650305886323,-0.8394566774368286,-1.1929183926364049,-0.2101629078388214,0.5
-0.9210929870605469,-0.26748091887276426,-0.6658402479389722,0.9212925443237059,-0.37167537212371826,1.3236555547193083,1.125320886397773,0.35975123907069084,0.15812282264232635,-0.890896737575531,-0.631800651550293,0.3333333432674408
0.4244358932938285,-0.14366096258163452,1.1652272939682007,1.651862886463028,-0.42593276500701904,1.8876123167167445,1.8547085852176366,0.6098718773841677,-1.7875485790684613,0.982336507399473,0.5487849712371826,0.3333333432674408
-0.08754027634859085,0.27239030599594116,0.14594730734825134,-0.48640295830897884,-0.31869841923211767,0.6723442673683167,0.5032931177384787,-1.0610367041027267,-0.15362077951431274,-0.0246401637992322,1.0299005849062561,0.5
0.08728255165123265,-0.419703860112298,-0.6015247106552124,0.4073573891178366,-0.6650311116772849,0.5600017309188843,0.14865455574691103,-0.26733597427746975,-0.6524105072021484,-0.0895003229379654,0.29580235481262207,0.5
-1.5625825748830418,-0.39047289963273873,-0.5335727334022522,-0.8776466846466064,-0.561576247215271,-1.0689655542373657,-0.32014490283621444,-1.805241665850701,0.7714682513711175,-0.02271728403866291,2.351533687080691,0.6666666865348816
-0.01176275685429573,-0.8568916916847229,-0.2015055641060464,-0.7443199157714844,-0.3158933821771901,1.7570475169341593,0.629386981451878,-0.4884478109189031,-0.028923334553837776,0.6451131105422974,-0.7161281704902649,0.5
1.4116922025115215,-1.0351994037628174,1.1652272939682007,-0.8776466846466064,-0.5344475507736206,-1.1345577270373988,-1.470538243771482,-0.7865263081552506,-0.2159694880247116,-1.1580289602279663,0.6331125497817993,0.5
-0.7695379853248596,-0.7974557876586914,0.9394313468071843,-0.5085182426267056,-0.413252467473118,-0.0578824058175087,0.33324933199459955,-0.24836436889356747,0.34516897797584534,0.04406575486063957,-0.8847832679748535,0.5
-0.2390953153371811,1.3332661531521948,-0.6702370979745893,-0.5498050642974072,0.5583868472373873,-1.3825816107353235,-1.8156827760954408,0.2976063008565811,0.5945638418197632,-0.8241137266159058,0.21147480607032776,0.3333333432674408
-0.3148728311061859,-0.08422506600618362,-0.12586070597171783,0.536423346251265,0.03155111627267346,0.6161730289459229,1.276263035423377,0.3673219122961019,0.2828202545642853,-0.22306638956069946,-0.9691107869148254,0.3333333432674408
-1.3444719099863527,-0.3814045190811157,-0.20761794196725655,-0.8776466846466064,-0.2089032083749771,1.065543293952942,0.5243215124081345,-0.9186422800699333,0.7192612886428833,-0.2898494303226471,-0.5115593845914919,0.5
-0.9968705177307129,0.30822898407259636,-0.05790869891643524,0.003974968881547898,-0.5042191573748265,0.05446016043424606,-0.05211631002176061,-1.526311067600682,-0.028923334553837776,0.5520449492082957,2.7079273658372274,0.5
1.2445932137497986,0.4521413874246053,-0.2617647051811218,-0.23369516894509731,0.672766742024577,0.01935896416322534,-0.9641044508390108,0.7302577300929117,0.2204715460538864,1.0049712058702691,0.29580235481262207,0.6666666865348816
-0.2390953153371811,-0.23177059807897016,0.28185129165649414,-0.766541063785553,-0.2631605863571167,-1.172135137969153,0.43084677673572847,-0.3186741293525811,-1.213549017906189,-0.02271728403866291,-0.9691107869148254,0.3333333432674408
2.6093350246754317,2.2773148448416913,0.4177553057670593,-0.6332142949104309,0.5778290033340454,-1.237479329109192,-1.4095262953156216,1.3324938106491933,-0.5900617837905884,0.24441486597061157,-0.2944904565811157,0.3333333432674408
-0.16331779956817627,-0.7380198836326599,-0.4656206965446472,0.1218531856138644,-0.22872910742767333,-0.5634239912033081,0.6726830181641302,-0.11652144778500831,-1.1655299233080216,1.0398592722046212,-0.46314552426338196,0.5
1.0446812731041137,2.0012194472923235,0.48104564920228154,-0.766541063785553,0.6566406912700311,-0.11405368894338608,-0.029241222576814857,0.3260965771657839,-0.9018054008483887,0.4447639584541321,-0.8847832679748535,0.3333333432674408
6.353549003601074,7.345261573791504,9.11561107635498,-0.9887523055076599,-1.2940510511398315,14.546651840209961,5.739711284637451,1.9666742893156144,4.896625518798828,9.794388771057129,3.078611373901367,0.0
0.6702349185943604,0.27239030599594116,0.5536593198776245,-0.8109833002090454,-0.35677320631456666,-0.7986917414397183,0.4633870346335318,-0.5999111372366437,-0.8394566774368286,0.3111979067325592,0.3801299035549164,0.3333333432674408
-0.01176275685429573,0.09408261626958847,-0.160855598537414,0.942722007433608,-0.1011663944015214,1.5953543231161043,2.2255490231602924,0.8980200010937819,0.9063074588775635,-0.6585857417612879,-0.8847832679748535,0.07494442282489663
-0.9968705177307129,0.8982014725915127,-0.4656206965446472,-0.6776565313339233,0.30117995981083845,-1.0127942562103271,-1.234321692643183,0.2947731187854923,1.7956257446587531,0.4447639584541321,0.009265502024046288,0.3333333432674408
0.6603755890305791,-0.8047981917719345,-0.12586070597171783,-0.8109833002090454,-0.5979677882132278,-0.5634239912033081,0.21594109024353586,-1.0410921549429046,-0.9932357081652379,-0.0895003229379654,0.1118487549996273,0.3333333432674408
2.1504310974543808,1.2239500273701907,0.4857073128223419,-0.6554354429244995,0.6467611898792782,-1.1159433733439315,-1.7205796397571784,0.5388347077326228,-0.5042486841102679,0.9122452139854431,0.4644574522972107,0.5
-0.5422053933143616,-0.7974557876586914,-0.19381269812583923,0.3049673804465049,-0.257075873742399,1.3011359178338842,0.7941456902298043,-0.3124200946643294,-0.9669779327309282,-0.7746253971069106,-0.2101629078388214,0.5
-0.08754027634859085,-0.024789171293377876,1.5369648875604527,-0.2556327183554044,-0.5887049436569214,0.5600017309188843,1.1822307101768816,-0.714487190161189,-0.9018054008483887,-0.0895003229379654,0.21147480607032776,0.3333333432674408
-0.6179829239845276,-1.0351994037628174,0.07799530029296875,0.7774999541457402,-0.34454667568206787,-0.45108139514923096,-0.15609801871232423,0.16930672770974323,-0.2783181965351105,-0.37458177223354994,-0.8188214412855738,0.3333333432674408
1.5367644427263942,0.33182618021965027,0.34980329871177673,-0.6700081919390103,0.6457660225058303,-1.2936506271362305,-1.667877007065659,0.8983207941055298,0.0957741066813469,0.8156892505850603,-0.041507821530103683,0.5
-0.46642789244651794,-0.6191481351852417,0.4177553057670593,2.4214458473030414,-0.561576247215271,-0.20349441710321498,0.040382992107521,1.0627118358119039,0.9864470158659364,-0.22306638956069946,0.04281972348690033,0.3333333432674408
-0.6937604546546936,-0.3814045190811157,-0.05790869891643524,-0.46313631870164773,0.062383756041526794,0.62394635466239,1.2769490431368422,-0.42994896447722464,0.2204715460538864,-0.890896737575531,-0.2944904565811157,0.5
-0.057496076597269095,-0.5002763271331787,-0.3297167122364044,0.727111005773762,-0.2360319048166275,1.4933296480437013,1.302609663075443,0.7306769288903568,-0.2159694880247116,-0.02271728403866291,-1.0534383058547974,0.3333333432674408
-1.072648048400879,0.03464672341942787,-0.35748131620493967,0.48828709754740574,-0.39880406856536865,-0.043910783365728144,1.1793661699651092,-0.0632556023842171,0.5945638418197632,-0.0895003229379654,-0.06909065102553918,0.3333333432674408
-0.6937604546546936,-0.2625327408313751,-1.3969779366537078,0.7112065040210994,-0.2902892827987671,0.16680273413658142,1.0427062248816994,0.6059175329361419,0.22899441731071252,-1.0912458896636963,-1.559403657913208,0.5
-0.5422053933143616,0.1890161554070008,-0.31143536261075766,-0.11744793110861358,-0.2902892827987671,-0.731937825679779,-0.11611824010563777,-1.7557861713066438,-0.34066691994667053,-1.4242855206447378,2.1607556770335403,0.6666666865348816
-0.7695379853248596,0.09408261626958847,-0.4656206965446472,0.800679749202873,-0.6158336400985718,0.33531656861305237,0.654112471894021,-0.24841542423350746,-0.4089276590054828,-0.6237646341323853,-0.1258353590965271,0.5
-0.9210929870605469,-0.028324943832091193,-0.941284716129303,2.3745572603934857,-0.34454667568206787,1.2897825021840525,1.3718979955821726,1.3874050777803142,0.2828202545642853,-0.02271728403866291,-0.9691107869148254,0.3333333432674408
1.4990231506803404,0.21050487745912816,1.1450461255170181,-0.6292570352447261,1.8883802785943042,0.17972928892945794,-0.5030519396220905,1.2614052063806518,-0.028923334553837776,7.379086681977906,-0.8004556894302368,0.3333333432674408
-0.7864791094370758,-0.3814045190811157,-0.5335727334022522,0.5856535213441303,-0.2902892827987671,0.18774067042482215,0.5627644533042129,-0.30275604337817014,-0.2783181965351105,-0.3972886067296672,-0.2101629078388214,0.5
-0.2390953153371811,-0.9757634997367859,-0.12586070597171783,-0.6109932065010071,-0.39880406856536865,-0.22639626264572144,0.27774702594192807,-0.7708539081387487,-0.46536436676979065,0.7193418960926463,0.32164535075242146,0.5
0.06401476263999939,-0.08422506600618362,0.3692216467491427,-0.7220988273620605,0.6836794860128902,-0.684671815281834,1.0700250236950555,-0.09189181603004769,0.46986642479896545,-0.42341551184654236,-0.4455360889710918,0.3333333432674408
-0.3148728311061859,-0.5002763271331787,0.5536593198776245,-0.44179481349386845,-0.34454667568206787,0.05446016043424606,1.314863753484804,-0.018089991529760124,0.5945638418197632,0.7118961215019226,-0.16169888975012747,0.1666666716337204
0.06401476263999939,-0.3814045190811157,0.8254672884941101,1.6369576497379736,-0.39880406856536865,2.221737801033615,1.2563574703504856,0.8907559821577176,-0.7771079540252686,-1.0141317285325555,-0.9691107869148254,0.3333333432674408
-0.937579447286836,-0.6191481351852417,-0.05790869891643524,1.335374373272487,-0.15464581549167633,-0.731937825679779,-0.26017540610840345,0.47458842950553876,0.2828202545642853,-0.0895003229379654,-0.8004556894302368,0.5
-0.2390953153371811,-0.5597122311592102,-0.05790869891643524,1.5047553492043664,-0.39880406856536865,1.9683957073483629,1.1430621034740784,0.4082246568311334,-0.15362077951431274,-1.2915949821472168,0.4644574522972107,0.6666666865348816
0.5186799168586731,1.5084667244537708,0.010043300688266754,-0.6998776793479919,2.0600271579579705,-0.3387388288974762,-1.0821729761729433,1.1671107745421794,0.033425383269786835,2.2603221429420315,-1.3067381675539027,0.5
-0.01176275685429573,0.21042353458063723,-0.38479265753000114,0.04307245343144478,-0.39880406856536865,0.604959828135617,1.1212011472434562,-0.8834624523187643,-1.461611995807689,-1.330625508973514,0.6331125497817993,0.5
-0.08754027634859085,-0.7380198836326599,-0.9205070214751705,-0.6202261898644063,-0.15464581549167633,0.1360066889661283,0.4956659159344085,-0.3192323175497565,-0.6538188394392653,-1.0244628190994263,-0.7144325734792306,0.5
0.1397922784090042,-0.7380198836326599,-0.3297167122364044,1.2291257377538425,-0.561576247215271,1.8315213097963223,1.3943429008634924,0.3077317379406407,-1.4659685804827551,-0.42341551184654236,-0.37881800532341003,0.5
1.075452750781431,1.2013761857699046,0.4177553057670593,-0.5958339163982149,0.6686967857372232,-0.9144580898580773,-1.420292903520851,0.32787473364739694,-0.7147592306137085,1.3954870045364902,1.0547502040863037,0.5
0.5944573879241943,-0.2625327408313751,0.21389929950237274,-0.8554255366325378,-0.2902892827987671,-0.5634239912033081,-0.2110102275463211,-0.9872295785475038,-1.151200294494629,-0.2898494303226471,0.3801299035549164,0.5
0.8088121405813871,5.273376478176327,-2.1644208431243896,-0.5665509104728699,0.9323896767993147,-0.8442803621292114,-1.4421078059940209,0.9558746485042869,0.5813929046595044,-0.05762653698143486,-0.37881800532341003,0.3333333432674408
-0.6179829239845276,4.383176441833848,-1.3520637381502854,-0.6554354429244995,0.3883352378486471,-0.7587704292440058,-1.5104571546311392,-0.2248973402725475,1.3981532307093143,-0.957679808139801,0.3801299035549164,0.1666666716337204
-0.3148728311061859,1.1555644378928294,-1.3181936419197178,-0.6902198589420849,0.3467401228581139,-1.0421746831089742,-1.773152101096206,0.4317366401633386,1.527518862668527,0.7765289939865407,-0.37881800532341003,0.3333333432674408
0.8217899799346924,0.15351851284503937,0.07799530029296875,0.41975382118515386,-0.6429623365402222,-0.6421933233597599,0.6116895384716552,-0.7854241344021914,-1.1153663216703353,-0.31950351412096917,1.6218242769361844,0.5
0.6304020755822729,0.647369333614546,1.0893784551168215,0.7257714429852965,-0.6158336400985718,-0.6854911455761014,0.4545187495134427,0.3848693692269833,-0.9517831543385329,0.04406575486063957,0.12714727222919464,0.5
0.9594541802461011,-0.6785839796066284,0.5536593198776245,-0.05824535446214166,-0.6700910329818726,0.33531656861305237,1.2699327734880361,-0.9609759759364033,-0.9018054008483887,-0.957679808139801,1.689923930232555,0.6666666865348816
0.5186799168586731,-0.9143113319400862,0.060458765466864864,-0.7443199157714844,-0.1872865131160362,0.9532006978988647,-0.0009764140768113729,-0.8030646660176782,-0.7771079540252686,-0.22306638956069946,0.3801299035549164,0.5
0.29134732484817505,-0.2625327408313751,0.6895633339881897,0.04626540611815847,-0.697219729423523,-1.1865323268271681,-0.5899999695288999,-0.19069064314901543,-0.6524105072021484,0.27275838667238067,1.1236491943639029,0.3333333432674408
-0.46642789244651794,-1.0351994037628174,-0.19381269812583923,0.34489879729540535,-0.6947450452473439,0.025842094976966903,-0.019509974867105484,-1.141215068895751,-0.7065854963636446,-1.0244628190994263,1.3777121593443526,0.6666666865348816
-0.8453154563903809,-0.4408404231071472,1.3735655432975493,-0.1798302887056396,0.340928017233287,2.542335998184815,1.954816114090802,0.20457440563118223,-0.028923334553837776,-0.6905476450920105,-1.559403657913208,0.5
0.6702349185943604,0.33182618021965027,-0.12586070597171783,-0.6332142949104309,1.5184295547786335,-0.3387388288974762,-1.2329792473847916,0.6211528406852956,-0.15099598956205582,0.6451131105422974,-0.37881800532341003,0.5
2.8762275127492476,1.4028343874802354,1.0706511715495963,-0.408703499506187,1.0653418458706803,-0.8442803621292114,-0.4896982119023684,1.8916099881464352,0.9686561822891235,0.4447639584541321,0.12714727222919464,0.3333333432674408
-0.9968705177307129,1.2593888147263428,-1.4311858430606765,-0.046954190837913856,-0.19586010472082802,-0.90045166015625,0.32223006707812235,-0.4634519836392608,-0.34066691994667053,0.21194662643484385,-0.46314552426338196,0.3333333432674408
2.4444502884778085,0.15351851284503937,0.8934193253517151,-0.6554354429244995,0.7796766802582821,-1.5105023926047565,-1.8845394598850838,0.08976888742876958,-0.9945819604646392,0.1293145400564846,1.0547502040863037,0.9043352806111498
-1.3513922149685156,-0.5597122311592102,-0.397668719291687,-0.5809009272255395,-0.5775398990958364,-0.5795423959386584,-0.20904221309895038,-1.5037443675699582,1.8234775441203732,-0.42239937722628584,1.5607155561447144,0.6666666865348816
-0.2123933619581573,-0.13872330642685127,-0.12586070597171783,-0.6554354429244995,-0.10038841515779495,1.2897231282098436,3.6691101507089763,-0.05651385087035033,2.005249457934155,0.870434705781283,0.04281972348690033,0.5
-1.2296230528081333,-1.0118526110334916,-0.8650412233371706,0.5807864054890224,-0.16319005309631401,0.5591514589930853,0.3963585238503823,0.6279713705746482,1.4204379279801367,-0.957679808139801,-0.9691107869148254,0.3333333432674408
1.2641730798056217,-1.4562936739846366,1.1652272939682007,-0.7889638085415646,-0.4527569067270813,-1.349821925163269,-1.2642224827443251,0.15873912024578044,-1.5304662789795036,0.6865683337653927,-0.8847832679748535,0.5
-0.16331779956817627,-0.4408404231071472,-0.2617647051811218,0.896110698815943,-0.7498693280439572,-1.0756029920529209,-0.5210405699761231,-0.3318908065952452,-0.9018054008483887,-0.49019855260849,0.6638194339397906,0.5
-1.429410546808894,0.5101338624954224,-0.8830658348972856,1.0017018336740633,-0.2089032083749771,1.203647656947888,0.6965109100752026,0.39110038564926436,-0.4698088145528702,-0.0895003229379654,-0.8004556894302368,0.3333333432674408
-0.2390953153371811,-0.7871656956928541,0.21389929950237274,0.6496275831931733,-0.19216148688193166,0.9532006978988647,0.1329037962890186,0.0358117664480158,0.46986642479896545,0.3111979067325592,0.3801299035549164,0.6666666865348816
-0.9777843798844124,-0.7623121255781053,0.28185129165649414,-0.833204448223114,-0.42593276500701904,-0.3558838098093102,0.24842700616984173,-0.7336002228434912,2.1591480645502803,0.18006785208220968,-0.041507821530103683,0.8333333134651184
0.7947786293906908,-0.3814045190811157,-0.12586070597171783,-0.6776565313339233,-0.3704435686812536,1.6369476739342892,1.0472164441636083,-0.7679162778815127,-0.6524105072021484,-1.4328253481797717,0.4622058438983945,0.3333333432674408
1.3718243885852215,0.5316904108218146,-0.397668719291687,-0.3529497989238635,0.47429894397264183,-0.6387258502378048,-0.9198734430288624,0.9562154711882676,0.34571583808132245,0.4447639584541321,-0.3120466671322537,0.5
0.4429023563861847,2.301972512731384,-0.5335727334022522,-0.36323200704112635,1.6326756652209629,-0.5634239912033081,-0.7364769047199854,1.0115392811892239,0.34516897797584534,0.6451131105422974,-0.9468708662747759,0.3333333432674408
-0.7695379853248596,-1.234249895177282,0.6216112971305847,-0.498135875060464,-0.561576247215271,-0.5072526931762695,-0.2799822317186854,-1.371090867780898,-0.6524105072021484,1.0573473837549061,1.1014029927535964,0.6666666865348816
-0.5072124749701649,-1.094635248184204,0.34980329871177673,2.275762964733689,-0.34454667568206787,1.0926450090463384,0.33369346337668154,1.127661342053036,0.27225647592220614,0.17763182520866394,-0.8847832679748535,0.5
-1.1223322001168925,1.8668313370735938,-0.941284716129303,0.5598871028016943,0.16322584145191457,-0.2923831178389867,-0.6607448283880949,-0.1874773647823417,1.1557023525238037,1.424885163900191,1.6450430154800415,0.5
-1.5765719148303001,0.33182618021965027,-0.8010326208115344,0.197168697742355,-0.23412301041010988,0.5038304328918457,-0.17073850669801172,-0.7174088136646537,0.5322151184082031,-0.6237646341323853,0.24779366727813265,0.5
3.166651384655679,0.8901982417460352,1.4674314462484215,-0.49064942136635736,1.4517012226673072,-0.8442803621292114,-0.30183881795180856,2.0168825462871522,-0.06297234176685523,1.1070089792366762,0.3801299035549164,0.5
0.7460124492645264,-1.213507056236267,1.1652272939682007,-0.6998776793479919,-0.15464581549167633,0.39148786664009094,0.4899838464110628,-0.20975214815414422,-1.508617988546551,0.24441486597061157,-0.7230711744690752,0.3333333432674408
-0.8453154563903809,0.33182618021965027,-0.7670024698567537,-0.8554255366325378,-0.18177451193332672,0.6723442673683167,0.7909178629144453,-0.2964942717740431,-0.2159694880247116,0.7118961215019226,-1.2220934629440308,0.3333333432674408
3.605457365419565,0.15351851284503937,2.8627206527988815,-0.5246404511576165,0.9325973255835078,-1.2039805704255873,-1.2381644962604497,2.5185257887327213,-0.6524105072021484,1.0291686061517837,-0.631800651550293,0.5
-0.6605906677461447,-0.3701746685889927,1.0293233394622803,1.697298461537431,-0.2360319048166275,1.0743550034613647,1.4378617931972748,1.000639207641829,-0.028923334553837776,0.37798094749450684,-0.6064803338881843,0.3333333432674408
1.070435941832024,0.03658337187759793,1.4558999073949177,2.9702295088638984,-0.13361625455628112,1.4110316412504669,4.37702031794884,4.9084662134621855,-1.5057539159621045,1.4580285639163668,-1.2282667402422047,0.3333333432674408
1.471166372712908,-0.20546014903838675,0.0998213089311091,-0.7443199157714844,-0.6158336400985718,-1.3326023488449834,-1.816492178217581,-0.37112050938557306,0.14466383537776595,2.862835400589357,1.6450430154800415,0.6666666865348816
-0.8559049955614345,0.6014699644953327,-1.2377860475671278,0.650009795831727,-0.8770948868455669,0.19038670570990399,0.408675835570464,-0.6991061816591942,-0.46536436676979065,-1.187035646889423,0.9593471121941933,0.6666666865348816
0.21556980907917023,-0.6785839796066284,1.1652272939682007,1.550784161881377,-0.18634082282934233,0.8961965553325425,1.1321309048374288,1.1749149291556722,-0.028923334553837776,2.325080162796471,-0.8847832679748535,0.5
-0.9210929870605469,-0.20309685170650482,-0.4656206965446472,0.2691580568700962,-0.5757184013270494,0.6161730289459229,2.155975153214315,0.42387042013636556,1.8018708559482612,-0.22306638956069946,-0.631800651550293,0.5
-1.072648048400879,-0.5002763271331787,0.14594730734825134,-0.4998875558376312,-0.6158336400985718,-0.11405368894338608,0.30785662352423393,-1.5115313732540785,-0.46536436676979065,-1.1671646420091348,0.7353327115863687,0.3333333432674408
-0.5071539676339576,0.3917892304839513,-0.2617647051811218,-0.4322571096592044,-0.7786058187484741,0.5904206761672581,-0.05015296735911013,-1.5165407505380613,0.2204715460538864,-1.0912458896636963,1.9013144030940636,0.6666666865348816
-0.39065036177635193,0.09408261626958847,1.1652272939682007,-0.10799081530915129,-0.45306146144866943,1.3488825710994075,1.2685452900448573,-0.7103624665028467,-0.7771079540252686,-0.49019855260849,0.4644574522972107,0.3333333432674408
-0.39065036177635193,1.975131162871448,-0.7432400564050168,-0.6998776793479919,0.8898301037928097,0.19329002492109035,-0.19935419430279488,0.0541538627110787,-0.34066691994667053,-1.3226696338898758,-1.137765884399414,0.3333333432674408
1.3739885944957888,2.803089147015562,-1.6592869811971656,-0.5385414406394022,0.31996300149051216,-0.7327955360179685,-1.204912868097571,-0.05930166049328694,0.34516897797584534,1.0659086481669917,1.5984958788391002,0.8333333134651184
2.1102661489116885,0.41182379923234097,0.4857073128223419,-0.5665509104728699,0.7136291206611117,-1.2936506271362305,-1.5079551066675607,1.7270447490434646,-0.42520187962163425,0.9790282845497131,0.21147480607032776,0.5
-0.2390953153371811,0.03464672341942787,-0.7096967244048674,-0.7220988273620605,-0.7243484258651733,0.498862046958135,0.008251595322768436,-1.3149247008293297,-0.2058576564086765,0.24441486597061157,1.4097231266385948,0.6666666865348816
-0.3148728311061859,-0.3814045190811157,0.28281839008340576,-0.7220988273620605,-0.6347993573887163,-0.8442803621292114,-0.4842147807942706,-1.1490733610128887,-0.6727800719663959,-0.02271728403866291,0.7174400687217712,0.5
-0.9210929870605469,-0.14527510364894516,-0.6717260788797481,0.32192074665596854,-0.5344475507736206,0.7381310768020979,0.2525811009943612,-1.2437331274532342,-1.56562584333191,0.9790282845497131,1.223405361175537,0.6666666865348816
2.238069257156616,1.8593586247555136,1.8162611847606793,-0.7876139333772751,-0.2631605863571167,-1.1251368522644043,-1.1524630023266245,0.7599376551444808,-0.7529711982257057,-1.1410809133686246,-1.137765884399414,0.012398411748073202
-1.148425579071045,1.6944911636241777,-2.1644208431243896,-0.5242825434517531,0.6642128228011442,-1.4133212412158098,-1.7271378892606206,0.10891163987191371,4.883774219330757,0.23087272526330188,2.0991880268435654,0.3333333432674408
1.0461409210541115,1.4311907203800063,1.3218647022065562,1.0159284349642672,-0.04613102599978447,-0.12514012171624717,-0.00829537508475496,1.011432435784867,-0.15362077951431274,0.3111979067325592,0.5487849712371826,0.5
-0.07859043927965124,6.606216377082681,-2.1644208431243896,0.1204523518562251,0.16561130577622807,-1.4059932231903076,-1.7274392589454495,0.294397258590199,1.8138686287287382,-0.6905476450920105,0.683050049203687,0.1666666716337204
0.4429023563861847,-1.213507056236267,-0.12586070597171783,-0.5887720584869385,-0.2089032083749771,0.040358096005195944,0.713606677674882,-0.15446759855133754,0.5945638418197632,0.3329195457097121,-0.2101629078388214,0.5
0.21556980907917023,-0.20309685170650482,0.010043300688266754,0.7187346803476699,-0.8089521829876375,0.9532006978988647,0.5245320963431769,-0.2656700765877477,-0.2159694880247116,-0.8241137266159058,1.159295681221997,0.3333333432674408
-0.3148728311061859,0.09408261626958847,-0.8180224517776234,-0.4183542945170603,-1.289112670441174,-0.6195952296257019,-0.37140899265511473,-1.177886502592628,-0.051318994868775565,0.40222442870149955,1.7015664871773386,0.6666666865348816
0.4649266903393513,-0.7380198836326599,0.6590385762999559,4.346804154961458,-0.13482569717556778,0.7031689210282226,0.7122046508514434,4.562710871632028,-0.08011193965933305,-0.8241137266159058,-1.6735428439132725,0.3333333432674408
-0.46642789244651794,-0.49706984270983534,-0.5336566389483215,2.400282537196816,-0.561576247215271,-0.45108139514923096,-0.36204162347081936,0.8312304598121942,-1.0888515710830688,-1.0620678794013783,-0.8847832679748535,0.5
1.9532197037123056,-0.6421509349098565,0.6895633339881897,-0.766541063785553,-0.39880406856536865,-0.5634239912033081,0.30564613295966286,0.6642017746224138,-0.7147592306137085,0.04406575486063957,-1.0458951359493074,0.3333333432674408
5.88890654633412,-0.08422506600618362,1.2065054426068442,-0.6332142949104309,0.4127458253096207,-1.349821925163269,-1.6315130376759293,1.8116809518932095,-0.46536436676979065,2.1018656781870466,0.6331125497817993,0.5
0.4429023563861847,-0.3814045190811157,0.2720333894649445,0.7323329646928185,-0.5695028017721997,0.78369966701148,0.9353282902151671,0.23126070267851448,-1.3137655421643895,-1.2915949821472168,-0.041507821530103683,0.3333333432674408
-0.2979696390945129,-0.9163275957107544,-0.19381269812583923,1.028429907664216,-0.4801901578903198,-0.017540567504948673,0.011440175363065188,0.4142298246529662,-0.06460133399677291,-0.7583222500781882,-0.497929184351228,0.5
-0.9792755602999762,1.1921263971402727,-1.871317213546291,-0.6554354429244995,-0.4527894579947656,-0.2941039884314812,0.13306215655601622,-1.9123613743127235,-0.2159694880247116,0.5783300399780273,2.4741647366824373,0.6666666865348816
0.06401476263999939,0.28739615962431764,-1.1735152008123786,1.0361153298539525,0.38184306366377496,-0.22639626264572144,1.108321245114375,0.9622237371800955,0.6569125652313232,-0.49117982372354807,-1.306420922279358,0.13587983946542953
1.1619254852926095,-0.9163275957107544,0.4857073128223419,-0.7887621521949768,0.09410086736968232,0.6127367557448528,1.067910501739079,-0.06515400622899559,-1.4625202577744751,0.7118961215019226,-0.8847832679748535,0.5
-0.6179829239845276,-0.4408404231071472,0.21389929950237274,-0.8109833002090454,-0.5073188543319702,0.1661711476965777,-0.17966796691221965,-1.3564493802356483,0.6396649687176923,-0.22306638956069946,0.7684288894940735,0.3333333432674408
-0.9691611240280833,-0.8568916916847229,-0.19381269812583923,-0.766541063785553,-0.5097909906678517,0.6427555095766465,0.39115700271915993,-0.6171957922359168,0.7921503583572614,0.31822554783858714,-0.46314552426338196,0.4598620884701578
-0.26389582707009196,-0.6925805273935678,-0.05790869891643524,-0.7903459465021643,-0.561576247215271,-0.0017111222259700298,-0.2642107211447713,-1.3128008985813147,0.7816100120544434,0.3111979067325592,1.223405361175537,0.5
-1.1603874803695813,-0.157201969681662,-0.8006353697806717,-0.010763371532046373,-0.04613102599978447,1.1894045123433223,0.6130359513579375,-0.5778281617240362,-1.7116843676392715,2.311981331845398,-0.8004556894302368,0.5
2.3144368706891756,0.16280311240647205,1.1652272939682007,-0.34230096329145904,1.5988647078117915,-0.731937825679779,-1.5688338986319723,1.0523617739177595,0.34516897797584534,1.0692081098879294,0.6546104056587427,0.5
-0.46642789244651794,-0.08667717656727927,-0.2617647051811218,0.19508027840785377,-0.5050103711945949,0.2229740172624588,0.7883988410309934,-0.4251367389384262,0.2204715460538864,-0.6237646341323853,0.04281972348690033,0.5
6.197328481447046,0.6624277424939738,2.240723593444775,0.10563282515701035,0.7551055648078756,-0.731937825679779,-1.1702677193689208,1.5197709139871687,-1.265780831653869,2.37625919974812,2.017530358425575,0.5
0.42703250423738187,0.42711878252694324,-0.6694766879081726,-0.5074923154589156,-0.39880406856536865,-0.8799093308897734,0.06290041421796241,-0.19186020659271077,-0.5109370516751177,-1.2038017805625976,-1.0534383058547974,0.3333333432674408
1.0742537645251713,-0.3814045190811157,1.2467133600018554,0.17151374631726246,-0.4801901578903198,-0.25019702356516355,1.2469463748366736,0.13231285933177256,-0.6524105072021484,-0.3566324710845947,-0.1258353590965271,0.3333333432674408
-0.16331779956817627,0.33182618021965027,-0.3297167122364044,2.724307258527928,-0.2360319048166275,-0.2825675308704376,0.1789170894313143,1.3905796856044006,-1.4349973123489956,-1.0546092955283266,-1.376876790765429,0.5
0.21556980907917023,-0.47773196471407214,-0.12586070597171783,1.2342302729725847,-0.5073188543319702,-0.0578824058175087,1.4826078050766753,1.033216118812561,-0.34066691994667053,0.17763182520866394,-0.8847832679748535,0.3333333432674408
0.36712485551834106,1.9812817669834457,-1.6643846216518832,-0.5887720584869385,0.017504033560914452,-0.90045166015625,-1.2409939973219355,0.3985136524838083,0.2828202545642853,-0.49019855260849,-0.8004556894302368,0.3333333432674408
0.5042012150260535,-0.7974557876586914,0.010043300688266754,-0.6998776793479919,0.0572435745021034,-0.90045166015625,-1.4951626989807612,0.5128851056387884,1.1772494352040177,0.3111979067325592,-0.8847832679748535,0.5
-0.08754027634859085,1.9502335334808993,-2.1644208431243896,-0.4998875558376312,0.9074953350829928,-1.349821925163269,-1.7688997192939453,0.8983207941055298,1.5791307383686501,0.4447639584541321,-0.631800651550293,0.3333333432674408
-1.072648048400879,-0.024789171293377876,-0.8858955271777045,0.7629908650672786,-0.7098461856441425,0.11063144356012344,0.44765040195118877,-0.2105230042675018,0.1721505572329562,1.344610433987504,0.3343903837910259,0.5
-0.46642789244651794,-0.7380198836326599,-0.397668719291687,0.5228569246902638,-0.45306146144866943,0.7846868634223938,0.37741517145160414,-0.5200949483751299,-0.03885934358689704,-0.42341551184654236,0.8970491778910006,0.5
0.15581394581075386,0.2123802333785798,-0.19381269812583923,-0.6897747826679561,-0.15464581549167633,-0.5695033329446926,-0.907010021515599,-1.6223327577947144,-1.5238997285833868,-0.890896737575531,1.1390777826309204,0.5
0.8217899799346924,1.4861094857911303,0.07799530029296875,-0.6554354429244995,0.9160111841508435,-1.1580626265987153,-1.6359796590493332,0.999701358875208,-0.028923334553837776,0.24441486597061157,0.29580235481262207,0.6666666865348816
0.4429023563861847,-0.5002763271331787,0.31564589392663983,-0.8554255366325378,-0.561576247215271,-0.8442803621292114,0.07498632899778028,-0.7431744194261389,-0.9641541242599487,-0.6905476450920105,-0.2101629078388214,0.5
1.943291112289155,0.9384959209631122,0.28185129165649414,0.2578609781022358,1.0555565614165403,-0.6195952296257019,-1.0684402622449136,3.8507132468426457,0.8216550177693622,0.904405853175406,-0.38686376142075984,0.3333333432674408
-0.2390953153371811,-0.8568916916847229,-0.2617647051811218,0.008623667120397378,-0.5344475507736206,-0.3387388288974762,-0.18034535503994378,-0.5048442250673214,-0.34066691994667053,-0.49019855260849,0.29580235481262207,0.5
-0.5478622397244133,-0.3814045190811157,0.07799530029296875,-0.766541063785553,-0.7989076073447399,0.5025853514400529,-0.3550579979227968,-2.0982497196640297,-0.5191892964770838,-0.6009332209295366,2.154927621460126,0.5
3.6431096517526687,0.3793475417700906,2.1920017302040384,-0.6998776793479919,-0.2902892827987671,-0.8442803621292114,-1.3869890805321643,1.3108315608135086,-0.5958756638944176,1.7633091379125645,1.3307586423545144,0.5
2.129997667025452,-0.024789171293377876,1.1652272939682007,-0.4545819511161946,0.9197448256696871,-0.2825675308704376,-0.9790791918173294,1.2178116823872782,0.2828202545642853,1.2675729567000127,0.46782707517193783,0.3333333432674408
-0.5445507113609618,-0.14366096258163452,-0.9099369804387953,-0.6998776793479919,-0.5073188543319702,0.20730450709604822,0.24831642150599492,-0.36682832358645606,0.06642277561968905,-0.15628336369991302,-0.7161281704902649,0.3333333432674408
-1.0319267792377054,-0.9757634997367859,-0.3297167122364044,-0.5665509104728699,-0.3414118703957063,-1.3405590939786056,-0.34319889114902263,-0.7759693232647684,0.9063074588775635,-0.15628336369991302,0.6331125497817993,0.6666666865348816
-0.16331779956817627,-0.4408404231071472,-0.19381269812583923,-0.6776565313339233,-0.5344475507736206,-0.5872908350469951,0.14358316579177471,-1.3502894494165296,0.4967142082840435,-0.7849196640771451,1.2113538894457518,0.5
-0.46642789244651794,-1.1258328993965019,-0.5335727334022522,-0.766541063785553,-0.7622665116090724,-0.037469771073057705,0.01882540941342826,-0.9134242595887107,2.337565995721441,1.0332715875768057,0.8017675876617432,0.5
-0.9210929870605469,-0.9320975909711104,0.14594730734825134,1.1786085458377766,-0.386322556682151,1.065543293952942,1.073700349527115,0.4297011499625848,0.33396025071444196,-0.49019855260849,-0.8847832679748535,0.5
-0.01176275685429573,-0.3814045190811157,-0.05790869891643524,0.8297510437367692,-0.6839797858141334,0.14987949091264507,1.300431291079654,0.9565844731271413,1.0929607459572694,0.962596020566592,-0.9691107869148254,0.5
0.5186799168586731,1.52345650013812,-0.5581929448157399,-0.544329822063446,0.5930729471748355,-1.0324383983096816,-1.4408340926441354,0.9778074787786122,0.03380578769919027,0.9122452139854431,-0.2101629078388214,0.3333333432674408
-0.3148728311061859,1.5616661128604423,0.5536593198776245,2.380550073262763,-0.3174179792404175,1.7485482976749753,1.1072754192212106,1.0767557048065173,0.46986642479896545,-0.2075200142622916,-0.041507821530103683,0.3333333432674408
-0.16331779956817627,0.33182618021965027,-0.3297167122364044,0.5459309753237709,-0.8970910518512665,0.11063144356012344,-0.3661458844035512,-1.1393371251969167,-0.7771079540252686,0.3111979067325592,2.0051548751417005,0.6666666865348816
-0.5422053933143616,-0.05472613458434015,-0.3297167122364044,-0.025406818195406508,-0.6429623365402222,-0.8442803621292114,-0.41559737403123825,-0.7078481747945066,0.5797358538017574,-0.7573306560516357,0.5487849712371826,0.5
6.353549003601074,-1.5701223611831665,9.11561107635498,-0.9887523055076599,-1.2940510511398315,14.546651840209961,5.739711284637451,-2.504413366317749,4.896625518798828,9.794388771057129,3.078611373901367,0.0
-0.08754027634859085,3.5038125237013666,-2.1644208431243896,-0.501237214889007,0.25472844480066953,-1.349821925163269,-1.7910572244692857,0.9801366848856655,3.430482757229592,0.3111979067325592,-0.3383948069632203,0.3333333432674408
-0.16331779956817627,2.2282490204390544,-1.5247650235066912,-0.48470503747745153,0.9401316082760524,-0.8613256718435951,-1.1138336232819646,1.2365670406029603,1.3427485227584839,0.019385412312780195,-1.1689741017400983,0.3333333432674408
0.29134732484817505,1.9965337772565543,-2.1644208431243896,-0.6554354429244995,0.6851357776713863,-0.4066346893405719,-1.3908108839950508,0.19116302880706162,1.1829198377540073,0.04406575486063957,0.3801299035549164,0.5
-0.9210929870605469,-0.8058351299310126,-0.12586070597171783,-0.11445862423621056,-0.17708667648120546,1.441130310321174,0.9308383075097761,-0.3392543000097156,0.46986642479896545,-0.8359079524342591,-0.041507821530103683,0.1666666716337204
-0.01176275685429573,-0.3421631141307674,1.1652272939682007,1.5852122744492236,-0.34454667568206787,1.236766896431572,1.6160646349835885,1.011300463476092,-0.46536436676979065,0.37798094749450684,-1.2220934629440308,0.3333333432674408
1.940354750603095,-0.7974557876586914,2.388186567934333,-0.6998776793479919,3.600127438048326,-1.6187571224924686,-1.895920005266708,1.2355068707465109,0.34516897797584534,1.8862852801684702,-0.46314552426338196,0.3333333432674408
-1.0975417141118435,-0.14366096258163452,0.14594730734825134,-0.766541063785553,-0.5344475507736206,-0.11405368894338608,-0.24838976216197567,-1.928780002611839,0.24660622531692603,-0.7573306560516357,2.310887117802142,0.6666666865348816
0.5944573879241943,0.5101338624954224,0.07799530029296875,-0.7887621521949768,0.9963935592671125,-0.5072526931762695,-1.1434615187251036,0.6553727380206482,-0.8456056493185837,0.9122452139854431,-0.9013887212971057,0.3333333432674408
-1.224203109741211,-0.5002763271331787,2.233290495307017,-0.766541063785553,-0.2631605863571167,-0.05627478525049897,1.5002772085376748,-0.3350560128406955,0.2204715460538864,0.04406575486063957,-1.263785805114283,0.5
6.353549003601074,7.3445703904571085,9.11561107635498,-0.9887523055076599,-1.2940510511398315,14.546651840209961,5.739711284637451,-2.504413366317749,4.896625518798828,9.777934381492555,3.078611373901367,0.0
0.06401476263999939,-0.08422506600618362,0.2579983113977746,-0.32343489611228426,-0.34454667568206787,-0.37956012357352653,-0.2999747310757791,-1.235791561751347,-0.46536436676979065,-1.2500171457939713,1.9444745494197835,0.6666666865348816
0.21556980907917023,1.7212644754133373,-0.7548691225768946,-0.6998776793479919,0.41203796313064994,-0.876913864071314,0.0623468599695476,0.4531114075712853,0.0957741066813469,0.24441486597061157,-0.7161281704902649,0.5
-0.3148728311061859,-0.8568916916847229,0.5066916459610086,-0.8854569936506697,-0.4801901578903198,-1.2936506271362305,-0.1534257577978343,-1.2026594878651324,-0.5277130603790283,-1.0244628190994263,0.12714727222919464,0.3333333432674408
6.353549003601074,1.4371306065345517,9.114291100904076,-0.4652903501873561,0.5778290033340454,-1.6304526143455902,-1.9039859188770423,5.310512710297665,-3.143707850288556,1.555088556116653,-1.306420922279358,0.5
1.1285731965682677,0.3392762475143141,0.8254672884941101,-0.6332142949104309,0.008243923196752054,-1.349821925163269,-1.7726859920615008,0.7081235792105137,0.5322151184082031,0.7786791324615479,0.7378821823827556,0.5
-0.7695379853248596,-0.5597122311592102,1.3466232615829123,2.220894819203325,-0.35785000212823925,0.7050420343450786,0.5737203002485373,0.8983207941055298,-0.49079670664507447,-0.6905476450920105,-0.7161281704902649,0.5
6.353549003601074,6.381148096753119,9.11561107635498,-0.9887523055076599,-1.2940510511398315,14.546651840209961,5.739711284637451,-1.2294356292643003,4.896625518798828,9.640040270895682,3.078611373901367,0.0
-0.8453154563903809,-1.2789492405504355,-0.3297167122364044,-0.766541063785553,-0.7243484258651733,-1.1582451171739832,-0.7324778059214544,-1.3532736448306601,1.272847637973154,-0.8241137266159058,1.0379464590431389,0.6666666865348816
-0.5422053933143616,0.6609570352953184,-0.7383000134807117,-0.5665509104728699,0.690181608396108,-1.349821925163269,-1.7967093608688331,0.9627023950531092,2.7966771629697944,0.9790282845497131,-0.28758328428018337,0.5
-0.7011824527948851,-0.5002763271331787,-0.397668719291687,-0.8998677730560303,-0.31799061255204913,1.1217145919799805,0.5700635004105299,-0.6486027446191659,1.3427485227584839,-0.16109682602111192,-0.8004556894302368,0.5
0.1397922784090042,-0.5002763271331787,-0.397668719291687,-0.5665509104728699,-0.2089032083749771,0.3793707977949988,1.3851934447566077,-0.17394832948591663,1.2377916695750837,-0.2898494303226471,-0.2101629078388214,0.5
-0.6179829239845276,-1.544711339582911,0.34980329871177673,-0.8776466846466064,-0.561576247215271,-0.010674440154801103,-0.3322377497095776,-0.721420862498897,1.0088927033473505,-0.7120902703212607,-0.37881800532341003,0.5
-1.5848072741822437,-0.3814045190811157,-1.426777952699306,-0.6554354429244995,0.13046794877594084,-0.8442803621292114,-0.09697788526825488,-0.5126844329244478,1.8854790877539385,0.3111979067325592,0.04281972348690033,0.5
-0.2390953153371811,-0.5002763271331787,-0.05790869891643524,-0.8109833002090454,-0.10313757454483846,0.4476591646671295,1.282761870242914,-0.13488466475856484,0.34650801756607874,-0.0895003229379654,-0.9691107869148254,0.3333333432674408
-0.16331779956817627,-0.878346282554054,-0.2617647051811218,-0.6776565313339233,-0.19672292566215346,-0.0031316210956046156,0.2654858570322921,-0.8553181886672974,-0.7147592306137085,-0.17782921458740264,0.3801299035549164,0.5
-0.29684593556338784,-0.8568916916847229,-0.5335727334022522,0.445497617512428,-0.2089032083749771,0.2791453003883362,0.9355313838058078,-0.18458386311452918,0.2204715460538864,-0.0895003229379654,-0.2944904565811157,0.5
-0.7960838930693375,-0.7974557876586914,0.8254672884941101,1.9760197257337513,-0.37167537212371826,0.5038304328918457,0.5743184957637731,1.033216118812561,-0.4030156433582306,0.04406575486063957,-1.0130274795131096,0.3333333432674408
0.1397922784090042,0.15351851284503937,-1.2927046997113574,-0.7510630534325484,-0.17272798712366508,-0.6757665276527405,0.18437111527546712,0.1874661151313149,0.3784461993244261,-0.2898494303226471,-0.8052379108241686,0.3333333432674408
-0.6937604546546936,-0.3013020023619225,0.5182684175390186,-0.8554255366325378,0.05876380427182136,0.7846868634223938,0.3152562420860615,-1.4632815705919913,-1.1534166809905884,-0.42341551184654236,0.6317239756634986,0.5
1.1775808626002033,-0.7192026245663743,0.14594730734825134,-0.6332142949104309,-0.34454667568206787,-0.7556277875550392,0.1970727914060118,-0.24842090618580717,-1.2062489083854346,-0.7573306560516357,-0.8847832679748535,0.6666666865348816
-0.46642789244651794,-0.9757634997367859,-0.05790869891643524,1.0705579596769845,-0.45306146144866943,1.733216012216361,0.836468682781926,0.40507123857492994,-0.3470320855702941,-0.2898494303226471,-0.8004556894302368,0.3333333432674408
0.1397922784090042,-0.5597122311592102,1.1652272939682007,-0.833204448223114,-0.7283463770090945,0.33531656861305237,0.172537176587287,-0.45847990098037245,-0.028923334553837776,-0.6237646341323853,-0.46314552426338196,0.5
-0.6179829239845276,-0.4408404231071472,0.14230089609543917,-0.8554255366325378,-0.2631605863571167,0.6766023670169727,0.6657833932370544,-1.4677700464943855,-0.4030156433582306,-0.49019855260849,1.223405361175537,0.5
0.4429023563861847,-0.4408404231071472,0.21389929950237274,1.917908120835351,0.06798403227567851,0.22560906550253237,0.8939067154723154,1.360065593583792,-1.2119877036844486,-0.6270560563878168,-1.137765884399414,0.1666666716337204
0.4429023563861847,5.104416358421892,-2.035563562849555,-0.5887720584869385,0.161304612493606,-1.0127942562103271,-1.5719777303306983,0.5229542122114365,0.6569125652313232,-0.890896737575531,-0.2101629078388214,0.3333333432674408
1.7649093050905975,-0.7974557876586914,1.0197813391994124,-0.7220988273620605,-0.2089032083749771,1.0518330033568581,0.8064950729090281,0.07256743580118265,-1.0500998104347956,-0.42341551184654236,-0.041507821530103683,0.5
0.4429023563861847,-0.2625327408313751,0.07799530029296875,1.8476641177012738,-0.5344475507736206,0.11063144356012344,0.6240092788172569,1.033216118812561,-0.7771079540252686,0.17763182520866394,-0.46314552426338196,0.3333333432674408
0.1397922784090042,-0.14366096258163452,-0.2787207883743342,-0.8554255366325378,-0.3174179792404175,0.46906417522046917,1.0694146110785714,-0.8784984821080278,-1.350562160912777,0.587669827246006,0.6331125497817993,0.3333333432674408
1.5518960154646269,0.01365556820635535,-0.3297167122364044,-0.6998776793479919,0.5778290033340454,-0.5634239912033081,-1.1223522047344974,0.964869921364372,0.4102559078710384,0.5318695225470591,-0.8847832679748535,0.5
-0.08754027634859085,0.8815974935023988,-0.6086269392869808,1.039757792610342,-0.6421413239448437,1.08909051571831,1.712627525127082,0.5032338580689965,-0.7147592306137085,-1.071806646295141,-0.8847832679748535,0.5
-1.233460412889985,-0.4408805553151413,-0.6795048085346789,0.11302339453451672,-0.6158336400985718,-0.3949100971221924,-0.08041779834460062,0.06548919801436652,0.9686561822891235,-0.890896737575531,-0.9691107869148254,0.5
-1.511985319884142,1.5500339019493914,-1.8820337364164152,0.8425203858904826,-0.39880406856536865,0.6723442673683167,1.2387818494621776,0.5014634513747481,0.34516897797584534,0.24441486597061157,-0.9691107869148254,0.3333333432674408
-1.0733506509867479,-0.024789171293377876,0.23524618327987046,0.6025370745337963,-0.07325971871614456,0.5332825069262773,1.190125562204195,-0.06081705476216648,-0.15362077951431274,-0.22306638956069946,-0.631800651550293,0.5
-0.7695379853248596,0.09408261626958847,-0.19381269812583923,2.3810119061433137,-0.2631605863571167,-1.2936506271362305,0.19064750921879783,0.6913945608665382,0.7816100120544434,-0.6237646341323853,0.5487849712371826,0.3333333432674408
0.5944573879241943,-0.6785839796066284,1.1652272939682007,-0.8368940579652947,-0.5887049436569214,-0.6195952296257019,0.4870921540905636,-0.5005249649434016,-0.7771079540252686,-1.0912458896636963,-0.7161281704902649,0.3333333432674408
-1.072648048400879,-0.5002763271331787,-0.3297167122364044,-0.7248894691196288,-0.34454667568206787,0.4581365386444232,0.19517095546769425,-1.1420305425005164,1.6040868417165335,-0.8241137266159058,0.8017675876617432,0.5
-0.16331779956817627,0.03464672341942787,-0.5170343899254451,-0.6934980504044032,-0.5611473474325412,-0.32269037512615667,-0.08318206403681046,-0.9199735276606501,-0.8214339305643842,0.1108487918972969,0.441888992319699,0.1666666716337204
-0.01176275685429573,-0.4408404231071472,-0.2465020978765602,-0.8019050820075977,1.3445991539091346,-0.3387388288974762,0.1911449175591099,-0.32027713331160157,-1.8818016107841853,-0.49019855260849,-1.2220934629440308,0.3333333432674408
3.0928150278318394,-0.7380198836326599,1.1470050789375354,-0.6998776793479919,0.421656220839629,-1.1813081502914429,-1.4288420684783254,0.8361041135022268,-1.5856179370549446,2.02507389590882,-0.1258353590965271,0.5
-0.16331779956817627,-0.7618527247569694,1.239092530796849,-0.5296452383071288,-0.48865896049812496,-0.3949100971221924,-0.019509974867105484,-0.7147757975937267,-0.34066691994667053,0.37798094749450684,0.29580235481262207,0.3333333432674408
-0.20575418799014678,0.1802677062676594,-1.3312074712138253,1.2015263241377157,-0.3580495728340852,0.16414639628565014,-0.15223724865358707,0.7120198477885926,-0.2684800351446135,-1.1737241454576994,-1.3415992510240167,0.1666666716337204
-1.5486412932703322,-0.6191481351852417,1.121542069081089,-0.8554255366325378,-0.561576247215271,0.1509452836448348,0.08814530202414932,-1.2199514326862617,2.099954571334618,0.39737243609615686,0.3365745050711115,0.3333333432674408
-0.10796245001055996,4.256225971802188,-2.1644208431243896,-0.6776565313339233,0.7352764275821121,-1.1461926575888939,-1.6069631083727403,0.48830440129074354,1.1071863766053072,-0.4521031930945379,-0.37881800532341003,0.3333333432674408
0.1397922784090042,-1.179845712938915,0.28185129165649414,-0.8109833002090454,-0.2360319048166275,0.9357237493418339,0.2814404157235023,-0.5200168022115708,1.0718637484359979,0.17763182520866394,0.06419316089303324,0.8333333134651184
-0.8091787827115781,0.40889087989777806,0.07799530029296875,1.8564724511921922,0.43079239965309013,9.331707927436707,1.535646148726967,1.1343630243940297,1.981993351902355,-0.2898494303226471,-0.46314552426338196,0.3333333432674408
-0.5900627807434724,-0.7974557876586914,-0.19381269812583923,-0.025231066216349678,-0.35112816922035645,-0.17908354384878344,1.0815799594803863,-0.3192063977316805,1.144620884948154,0.17763182520866394,0.4644574522972107,0.5
-0.2390953153371811,-0.6191481351852417,0.093239217796005,1.6854143772224637,-0.01900232955813408,1.8167551906703752,1.1822392751632638,1.384277835901393,0.5945638418197632,-0.2898494303226471,-1.2914226747977426,0.5
-1.0733553182041213,0.27518275999032227,0.6643365295147556,-0.4800174129329567,-0.3749865507638645,0.9435810096220721,0.7097670939323959,-1.2702854314785188,1.433760680683516,-0.5021797568865849,1.5607155561447144,0.5
-1.148425579071045,-0.9394241553112967,-0.0928381358080256,1.3778743891968936,-0.6781975523331868,-1.0127942562103271,0.1091214584226315,-0.28505183709877635,1.503464023847796,0.37798094749450684,1.392060399055481,0.3333333432674408
0.5186799168586731,-0.8869555509519392,0.9967046925056265,1.8352491534158897,-0.2089032083749771,1.7314834081084138,0.8219073564739738,1.3277833037899884,0.2828202545642853,-0.6905476450920105,-0.46314552426338196,0.5
0.40940475711218494,2.2757484896510096,-2.1644208431243896,-0.5711004564333015,0.7132718659029524,-1.2936506271362305,-1.8100941600846359,0.4778800530353298,1.7328673355703965,1.1803488887437603,1.046848133572257,0.6666666865348816
-0.46642789244651794,-0.4932383507311163,-0.5335727334022522,0.7113369389018387,-0.8012946176447528,0.11057076938576041,-0.17354331479514498,-1.1928079385907686,-0.028923334553837776,-1.691031141187442,1.4323704630185674,0.5
-0.6048388701770436,-0.5002763271331787,-0.19381269812583923,-0.7884769987967966,-1.1314040730568635,-0.17022497951984406,-0.32625841118565274,-1.581555227664794,0.7192612886428833,-0.5569815635681152,1.5607155561447144,0.9309053329889714
0.6027396050466725,0.4470696221806022,1.1652272939682007,2.287869971066311,-0.2360319048166275,0.4476591646671295,1.6469902442185793,1.3513933983132245,-0.9641541242599487,0.1108487918972969,-0.9062850479157317,0.3333333432674408
1.5646002366182938,1.2844413227726832,2.8379994353188756,2.2842128940275224,-0.026121101322209246,0.7846868634223938,1.6286733809028386,1.8234681398736334,-0.9018054008483887,0.6944073447997545,-0.9691107869148254,0.3333333432674408
-0.3148728311061859,-0.14366096258163452,0.19456908418682656,0.41215324775662326,-0.45306146144866943,-0.0017111222259700298,-0.5195279630056222,-0.9659352486442917,-0.4030156433582306,-0.9452887688992788,1.392060399055481,0.9671969369322249
-0.9968705177307129,-0.3814045190811157,-0.2883349632338722,-0.861454587598055,-0.45306146144866943,0.7498767851178425,0.04030541975094427,-0.8669264706168442,0.2828202545642853,0.9790282845497131,-0.041507821530103683,0.5
0.36712485551834106,1.7284599375781249,-1.6743423612614599,-0.7220988273620605,0.45716511023838163,-1.4507792337105356,-1.7898205287255058,0.8219977269992497,-0.16888799872929822,1.0233517958849327,-1.137765884399414,0.3333333432674408
-0.3148728311061859,1.6770292624820022,-0.6015247106552124,-0.4998042562453423,0.3720939014500443,0.5829716817041168,-0.6654326051158042,0.5445295460498624,0.34516897797584534,0.010778523770401532,-0.1258353590965271,0.3333333432674408
1.4224673635984304,0.03464672341942787,1.3048514123385397,-0.7443199157714844,2.3821328521980414,-1.1251368522644043,-1.6279387675584507,0.9456050772861796,-0.46536436676979065,0.845480720318657,-0.2391847635594361,0.3333333432674408
-0.9968705177307129,0.34160221973621846,-1.443756741162546,-0.8947511897319574,-0.02327771844147244,0.7255767210097052,0.7034390140801794,-0.6906914319972646,-0.6986968361133546,-0.0895003229379654,-0.8847832679748535,0.3333333432674408
0.7397300063162876,-0.8568916916847229,0.5865780346123477,-0.6776565313339233,-0.4232370381810368,-0.0578824058175087,0.9839123959759523,0.29651390323867394,-0.3361528965950959,-0.32510168562875996,-1.2220934629440308,0.3333333432674408
-0.16331779956817627,-0.5002763271331787,-0.397668719291687,-0.7887621521949768,-0.7077518931239003,0.5344481260715411,-0.307522415609951,-1.335649659157566,-0.5813330574832211,-0.42341551184654236,1.1681980182148193,0.5
-0.46642789244651794,-0.12656648457239875,-0.3200093095362405,-0.06492823118471344,-0.9016950244416478,0.6092793241826169,0.10066157414830385,-1.5405646749958803,-0.9018054008483887,-1.4799003597771923,1.6053741526584657,0.6666666865348816
0.5186799168586731,0.44659014477934394,-0.3297167122364044,1.8178337239090885,-0.20420460457895773,0.8172531687232764,1.1464245079180209,0.9414015968608079,-2.9264773613890154,-0.8241137266159058,-1.4529885648284648,0.5
0.06401476263999939,-0.5597122311592102,-0.3297167122364044,-0.6109932065010071,-0.04613102599978447,-0.0578824058175087,0.28707114361370695,-0.9953778628832178,-0.7771079540252686,-0.957679808139801,0.21147480607032776,0.5
0.21556980907917023,-0.7974557876586914,-0.3297167122364044,-0.766541063785553,-0.39880406856536865,-0.6759664825656133,0.6240671163814877,-0.5189291344859509,-0.9018054008483887,-0.9169788447614498,-0.46314552426338196,0.5
-0.46642789244651794,-1.0287901187413349,1.0047733353456787,-0.6109932065010071,14.622575896142768,2.083145323090624,0.6208142082823863,0.29899132001485834,-0.2159694880247116,-1.4443214195756524,-1.4196343954992823,0.5
-0.9968705177307129,-0.3219686448574066,-0.12586070597171783,-0.8776466846466064,-0.4801901578903198,-0.14930434283962546,-0.47373216771473176,-1.7735331140473864,-0.4030156433582306,-0.42341551184654236,1.6368463005364078,0.5
0.1397922784090042,1.0190335774301467,-0.19381269812583923,-0.12419617273650836,0.5519525825842844,-0.20396514554069722,-0.0781260719733547,0.17914415473471784,0.7816100120544434,0.9235739031492264,1.3582966760576616,0.5
0.4429023563861847,-0.6191481351852417,0.010043300688266754,-0.6554354429244995,-0.3174179792404175,0.6761248406798765,0.6184186754419754,-0.8038292544337761,-0.11801759143213467,0.3111979067325592,0.3801299035549164,0.6666666865348816
-0.1717013912255779,-0.5331533464763388,0.14594730734825134,-0.8109833002090454,-0.697219729423523,-0.5634239912033081,0.3210749916631147,-0.46638905405134784,0.7192612886428833,0.24441486597061157,-0.10029976303436201,0.5
-0.5479552899245015,-0.4408404231071472,-0.2617647051811218,-0.6514528383279998,-0.01900232955813408,-0.17022497951984406,0.09040827455471583,-0.8152576960907306,-0.7147592306137085,0.902902290109945,0.6331125497817993,0.3333333432674408
-0.6179829239845276,-0.7380198836326599,-0.2617647051811218,1.1759216099315715,-0.45306146144866943,0.0024772330940345593,-0.0025059460238193026,-0.10918718116681743,-0.6524105072021484,-0.7573306560516357,-0.1258353590965271,0.6666666865348816
0.5559118179132833,-0.5597122311592102,-0.09018717315731103,1.7395531698595843,-0.5344475507736206,-0.3387388288974762,-0.3952516087911365,0.495406011298103,-1.0888515710830688,-1.4717381351697205,0.3801299035549164,0.6666666865348816
0.37271435077650955,0.9685229549931771,4.023557419352922,-0.8523394056447541,10.78314394704979,-0.33078160277031826,-0.2689046546674467,0.003360336533351039,-1.4225863541540347,-0.02271728403866291,-0.8847832679748535,0.3333333432674408
-0.5422053933143616,-0.017188374985172943,0.010043300688266754,0.9964642246789661,0.05692540591263082,0.8670061263751752,0.8071494001625671,-0.11322784969951848,-0.34066691994667053,-0.890896737575531,-0.1258353590965271,0.5
-0.39065036177635193,0.13813856992314524,-0.5677357698554669,1.1765155416426043,-0.2360319048166275,1.9482636270079077,3.251589630735469,0.7932228436807373,0.015662860385110458,-0.42341551184654236,-1.2220934629440308,0.5
-0.3487220889550648,0.15351851284503937,0.28185129165649414,0.6240636194312814,-0.42593276500701904,-0.8629714799178858,-0.40852766734382945,-0.915363135964942,-0.1231718147703375,-0.7573306560516357,1.2752534838883913,0.6666666865348816
-0.7458362558063372,-0.7533871144785051,-0.12586070597171783,-0.6109932065010071,-0.6429623365402222,-0.437065282912066,-0.15846929383784675,-1.706034892346235,0.7203773177760489,-1.2145340636571753,1.8908016515122852,0.9983721300634704
-0.6179829239845276,-1.094635248184204,0.6654443813676233,-0.8776466846466064,-0.4801901578903198,0.16680273413658142,-0.09489223164322058,-1.7403440542914714,0.34516897797584534,-1.2915949821472168,1.4694116820184022,0.6666666865348816
0.36712485551834106,-0.9163275957107544,0.28185129165649414,-0.11327864024464146,-0.232438359738555,1.6251013160113523,1.3000195037859963,0.24285043005312945,-0.6056251920808655,-0.22306638956069946,-1.0534383058547974,0.3333333432674408
-0.3148728311061859,-0.6191481351852417,1.6892234716270957,0.19814149079975713,0.5207950716803518,-0.04759145952854464,0.5787625432853587,-0.15398642043170882,-0.8503265388960647,-0.49019855260849,-0.4565584556045414,0.5
-0.5448606975528143,-0.6191481351852417,-0.3297167122364044,-0.3389022851290182,-0.7243484258651733,-0.9566229581832886,-0.193982072955994,-1.031918109411944,-0.028923334553837776,2.3090352784503008,1.3445532674653322,0.5
-0.46642789244651794,-1.2571201660414109,0.010043300688266754,-0.8839883815100259,-0.16292240709008687,-0.3387388288974762,-0.5056170975782949,-1.0784474378332485,-0.9641541242599487,0.04406575486063957,-0.15534325283836029,0.5
0.7163338892067254,0.03464672341942787,0.4548666005707942,1.4001515102010242,-0.07325971871614456,0.4770301221882401,0.7952308095147211,1.2236455448860672,-0.27652778202970313,-0.890896737575531,-1.306420922279358,0.1666666716337204
-0.3148728311061859,-0.5002763271331787,0.40374079566168986,1.2613138711106446,-0.3364786059971573,1.682162677599651,1.3094690076728674,0.8983207941055298,0.5945638418197632,-0.38301894277685233,-0.8004556894302368,0.5
-0.01176275685429573,1.3699933002222102,-1.8354937832503655,-0.4473817618073763,1.6083770567264364,-1.4158952182502977,-1.7586969425571424,0.76741603506783,0.3912925253931102,-0.0895003229379654,-0.631800651550293,0.3333333432674408
3.61768796918803,0.11224780903222871,1.1652272939682007,-0.6136429211022483,1.6333562845268998,-0.8442803621292114,-1.3357067246905552,1.494937549165827,-0.34066691994667053,1.4133959924112633,-0.041507821530103683,0.5
-0.5422053933143616,-0.6785839796066284,0.07799530029296875,-0.5466754330999718,-0.37167537212371826,-0.6259095580499408,-0.8861897738029121,-1.2925564595023529,-1.6522286489821731,0.24441486597061157,0.3375290105413,0.5
1.3743577797394055,-0.3814045190811157,0.43454936279141865,-0.6776565313339233,0.062383756041526794,-0.8442803621292114,-1.042817774354149,1.0310942778105547,0.2828202545642853,1.4657947667154527,-0.5518820020585533,0.5
-0.513338574444422,-1.213507056236267,0.010043300688266754,-0.766541063785553,-0.34454667568206787,0.8996254482749056,0.6419090544513099,-0.6955125437849027,1.24476675569961,-0.4817591007792223,-0.0012906275922236962,0.3333333432674408
-0.16331779956817627,1.0808025283310079,-2.131072908085632,-0.6332142949104309,0.5608438204200281,-0.37049456913240636,-1.295286395720092,0.8658689403536469,2.06834594514742,0.8462288741406931,-0.37881800532341003,0.5
-0.01176275685429573,-0.6191481351852417,0.34980329871177673,1.4582416285627244,-0.42593276500701904,2.1195592879199907,1.916423165615073,0.7591518852870657,-1.1104564953112936,-0.5569815635681152,-0.7161281704902649,0.3333333432674408
-0.3148728311061859,0.02536471911518365,-0.7944062798986318,-0.7073023335410046,0.28490040446846837,-0.9566229581832886,-1.414838458621957,0.08699041932175647,1.2661117914619688,1.0055982768462204,-0.1258353590965271,0.5
-0.3148728311061859,-0.7974557876586914,0.07799530029296875,-0.8998677730560303,-0.6429623365402222,-0.2825675308704376,-0.43095975984589135,-1.4337643010968748,-0.9641541242599487,-0.6237646341323853,0.22492875868120082,0.5
-0.3148728311061859,-0.7974557876586914,0.010043300688266754,0.6174762367869997,-0.45306146144866943,0.39148786664009094,0.1390252133655324,-0.16332427648145956,-0.13129269983356504,0.22598939705549526,0.2976833260473541,0.6666666865348816
-0.16331779956817627,-1.0841869103190276,0.010043300688266754,-0.274252150495599,-0.34454667568206787,-0.3949100971221924,0.41549605679233026,-0.6869366201070216,-1.4556437946762277,0.5115470290184021,-0.0865876524969881,0.5
-0.16331779956817627,-0.3219686448574066,-0.12586070597171783,0.3217942787247011,-0.18177451193332672,0.887543223581574,1.0749196112232093,-0.11707503712844838,-0.8394566774368286,0.3111979067325592,-0.2944904565811157,0.5
-0.08754027634859085,-0.7380198836326599,-0.19381269812583923,0.6247680533223036,-0.8241568933951382,1.2461580136386252,0.5740183927090001,0.2922744051557716,0.15812282264232635,-0.6237646341323853,-0.2944904565811157,0.5
-0.3148728311061859,1.4309253705340585,-2.1644208431243896,-0.7443199157714844,0.9875935538223681,-1.4059932231903076,-1.794549995876268,-0.09215249768055807,0.9029881448824937,0.4447639584541321,0.21147480607032776,0.3333333432674408
-0.6937604546546936,-0.5002763271331787,-0.8018116937556854,0.7438496114922655,-0.39880406856536865,2.0469005012603327,1.794934589902947,0.36317928478503403,-0.028923334553837776,-0.5569815635681152,-1.3049368984155008,0.3333333432674408
-0.46642789244651794,1.1794701202525961,1.707690027300759,1.0351462094070818,0.15505755568922236,2.5376407666369634,2.0182336236017235,0.7766169910960923,-0.5277130603790283,-0.2898494303226471,-1.4097229444491612,0.3333333432674408
-0.08754027634859085,-1.4146310904237316,-0.05790869891643524,0.6194834533565001,-0.15464581549167633,0.6723442673683167,0.07991913862330396,-0.24841006661292675,0.0957741066813469,-1.2753655334343172,0.3801299035549164,0.6666666865348816
-0.16331779956817627,-0.8568916916847229,-0.3750266041037408,0.5863548554076481,-0.18177451193332672,1.5005543102571988,0.8856646100278306,0.3954966908439627,-0.028923334553837776,-0.2898494303226471,-0.8851684393509895,0.5
2.5023180214797534,1.9215893327673708,0.7452593220168653,-0.4998875558376312,0.532532736617979,-1.0127942562103271,-1.082418036041745,1.2160072199861958,-1.0265028476715088,-0.2898494303226471,-1.0792743069318491,0.3333333432674408
-1.072648048400879,-0.6785839796066284,-0.397668719291687,2.0957664687848045,-0.05508895531543404,1.1239135720014855,0.28868127623168754,0.9305217940379265,0.23342579694025836,-1.1068789733944835,-1.0534383058547974,0.5
-0.39065036177635193,1.4177330214513497,-1.8399956044830228,-0.6554354429244995,0.8741487475290278,-1.1813081502914429,-1.5168058692345197,0.7922719108751232,1.1736401806011871,0.1108487918972969,-0.46314552426338196,0.5
0.5186799168586731,-0.5547910616422834,-0.397668719291687,0.7474876900304961,-0.697219729423523,0.16680273413658142,0.6772763095124973,0.18904347811820527,-1.483755676666352,-0.6905476450920105,0.12878177917705333,0.5
-0.39065036177635193,-0.2625327408313751,-1.4711914915103614,-0.8109833002090454,-0.34454667568206787,-0.8442803621292114,0.6061647199117817,-0.42559925794570885,-0.7771079540252686,-0.5569815635681152,-0.9691107869148254,0.3333333432674408
0.06401476263999939,-0.5002763271331787,-0.19381269812583923,-0.28208934288687165,-0.6429623365402222,0.23255122335866357,0.3983118055951486,-1.298561226621198,-0.7771079540252686,-0.5569815635681152,1.392060399055481,0.6666666865348816
-0.8453154563903809,-1.094635248184204,0.14594730734825134,-0.7443199157714844,-0.5887049436569214,0.7846868634223938,0.2134325325618318,-0.6839318793281358,2.9758094202628422,0.6451131105422974,-0.23273224648112992,0.8333333134651184
0.29134732484817505,-0.5597122311592102,-0.05790869891643524,-0.8138583364444573,-0.45306146144866943,-0.2825675308704376,-0.07152863825655219,-1.5590480251633714,-1.1299590892524372,-1.0805430762206565,1.3393559181992205,0.5
-0.8453154563903809,0.0317167589222731,1.6883714274353476,0.6146769608865561,-0.2089032083749771,0.23372358672612606,1.7747235196686906,0.4487186582379191,0.6569125652313232,-0.957679808139801,-1.2220934629440308,0.5
0.06401476263999939,0.17070392195929396,-1.1070850546107376,-0.46774113791552896,0.6393058533946618,-1.1813081502914429,-1.6514947619017784,0.07204727863142134,0.4075177013874054,-0.0895003229379654,0.7174400687217712,0.3333333432674408
-0.18084925527170131,-1.213507056236267,-0.19381269812583923,-0.7764911135556002,-0.34454667568206787,0.39148786664009094,-0.019509974867105484,-0.9971659736818471,0.5945638418197632,-0.6083562073261648,0.030546680507578,0.5
0.32152283463153486,-0.5002763271331787,0.6895633339881897,-0.7230826069296753,-0.2902892827987671,0.16680273413658142,0.22141986781280837,-0.5846709111650249,0.0957741066813469,-0.5530069315242653,0.21147480607032776,0.3333333432674408
-0.3148728311061859,-0.4279568721157266,0.010043300688266754,-0.7887621521949768,0.6794779034199396,-0.0578824058175087,-0.5289891436981231,0.007726743333152739,2.6243160069206306,1.0114446134105757,0.3393076424686797,0.5
-0.5422053933143616,-0.4408404231071472,-0.3650941218319559,1.9965573357237922,-0.2631605863571167,-0.0578824058175087,0.3855000919171251,1.0291474415312551,-0.2783181965351105,-0.02271728403866291,-0.9691107869148254,0.5
0.3496821960302059,-1.094635248184204,0.6513627723638906,-0.8776466846466064,-0.34454667568206787,-1.349821925163269,-1.2443837767242782,-1.102480927903559,-1.6295984617150268,-0.6237646341323853,0.4319073190110157,0.3333333432674408
-0.9210929870605469,-0.8568916916847229,0.14594730734825134,0.2583609585193713,-0.9664873100559797,-0.90045166015625,-0.4857713475040382,-1.1322210557450505,-0.2159694880247116,-0.15628336369991302,1.5267386833840695,0.6666666865348816
-1.072648048400879,-0.3219686448574066,-0.05790869891643524,0.4985472672098073,-0.6158336400985718,0.7614846937781388,0.21472803037489235,-1.5044256260890299,-0.7302362796160295,-1.8192949978572095,1.8121194403191656,0.6666666865348816
0.06401476263999939,2.456319473161903,-0.12586070597171783,-0.5245010285518091,0.7405873773307953,-1.1251368522644043,-0.046311862164428175,1.0707719678800531,0.9686561822891235,1.1831742114337618,-1.2282016036486774,0.5
0.06401476263999939,-0.3814045190811157,6.665427803949571,-0.08081660925957367,-0.44353980701779483,-0.3079202580049027,0.7778968394922997,-0.5764568263928974,-0.5277130603790283,-1.2683578336823624,0.2445540454834764,0.5
0.6264252161099252,1.466194502701635,0.6216112971305847,0.4247367237697695,2.7593057728515853,1.6426615840800611,0.2267435103048911,1.8491078375094525,-0.2783181965351105,1.1036200235356735,-0.8847832679748535,0.3333333432674408
-0.5327200169266765,2.351819772255753,-2.0770265926493114,-0.7220988273620605,0.0533858876290838,-0.03161559796010683,-0.9208198701736526,-0.2354095443788706,1.1557023525238037,-0.6237646341323853,0.29580235481262207,0.1666666716337204
-0.9210929870605469,-0.024789171293377876,-0.3297167122364044,1.865988118094806,-0.42593276500701904,0.546222224269629,0.48215015409520656,0.1276200454198221,-0.32879124848000385,-0.21278902093294907,0.21147480607032776,0.5
1.1394809285453076,2.1926674803495754,-0.727184671151045,-0.6554354429244995,1.2215673532145561,-1.379459793255836,-1.0797240356981774,0.8320620738642831,-0.4030156433582306,1.293594504110445,-0.5474730730056763,0.6666666865348816
-1.6656832497428857,-0.3219686448574066,-0.05790869891643524,-0.6914215017520674,-0.7243484258651733,0.2229740172624588,-0.31817705278805375,-1.717975841178675,0.5945638418197632,-0.7573306560516357,1.339351771834475,0.5
0.6961965359728374,-0.6892145229414318,0.07799530029296875,-0.8776466846466064,-0.9001654105636003,0.11063144356012344,-0.8841724128981917,-0.5870184191503937,-0.7771079540252686,-1.2915949821472168,-0.8847832679748535,0.5
0.31096458467013516,-0.024789171293377876,0.9568180490450454,2.6608063373519344,-0.2360319048166275,1.6584136786692945,1.5154323340243279,1.867793313197083,0.09524834504600593,0.9641541139299357,-1.306420922279358,0.1666666716337204
-0.6937604546546936,-0.020704421296368677,0.443396213835367,-0.5887720584869385,-0.5887049436569214,0.2629260519186059,0.2109456455496664,-1.8791839921067508,0.07231122680954047,-0.6237646341323853,2.803904601600781,0.6666666865348816
0.21556980907917023,-0.3814045190811157,0.010043300688266754,-0.07532746997299486,0.3512765208595311,-0.44567328278821566,0.2720626915954867,0.1692892323265682,-0.5900617837905884,-0.4207013815147624,0.014025451256190431,0.3333333432674408
-0.8453154563903809,-0.14366096258163452,-0.2617647051811218,0.23930440285317547,-0.5703583179574168,0.6161730289459229,-0.35878192644244955,-1.5870210484108582,-0.6418884944390635,-0.02271728403866291,1.8229481873397542,0.8333333134651184
0.7507734505579446,2.3448843759416143,-0.3297167122364044,-0.6554354429244995,-0.7786058187484741,0.10050818510083924,0.0955347082283846,-0.22893676652844477,-0.9683080170489197,-0.957679808139801,-0.041507821530103683,0.3333333432674408
0.1397922784090042,-0.7974557876586914,0.850154536434117,1.038601817553031,-0.7774865814955951,0.9718130339506772,0.22153982102272088,-0.31069546945203796,-0.8800890973138544,-1.1080946035953172,0.7174400687217712,0.5
-0.7695379853248596,-0.024789171293377876,0.14594730734825134,-0.8776466846466064,-0.4865710425806658,0.2229740172624588,0.13852779677689034,-0.9465036260131554,-0.34066691994667053,-0.6237646341323853,0.3801299035549164,0.5
0.06401476263999939,-0.8568916916847229,0.48077191306881534,-0.7887621521949768,-0.34454667568206787,-0.0017111222259700298,-0.8582558370348902,0.3111381911744854,0.8439587354660034,2.77191314039921,-0.631800651550293,0.5
-0.16331779956817627,-0.14366096258163452,-1.8261325446386079,0.8640106363342688,-0.45306146144866943,12.512421261222105,5.3808456603829535,0.7768128856034595,0.033425383269786835,-0.42341551184654236,-1.2220934629440308,0.06020845871713149
0.5944573879241943,-0.5597122311592102,0.34980329871177673,1.7264108801659972,-0.39880406856536865,-0.11405368894338608,2.272974349273095,1.3381197824070472,-1.653731919477397,0.04406575486063957,-1.306420922279358,0.3333333432674408
-0.01176275685429573,-0.5013379126240648,0.6895633339881897,1.516666394182676,-0.13491482190488874,0.8926323273471432,0.8839516212995544,1.0297456894524049,-1.6574173252733109,-0.4153907039926377,-1.2220934629440308,0.5
-1.148425579071045,-0.9163275957107544,-0.4656206965446472,-0.833204448223114,-0.5344475507736206,-0.30745992033121594,0.13645919374076737,-1.6521781826656423,0.5360192420393091,-1.1580289602279663,1.0547502040863037,0.6666666865348816
-0.3315103145110984,-1.11547868758689,-0.941284716129303,-0.7352073390266687,0.04560820280125686,-0.6195952296257019,-0.40701412520797065,-0.6172436390731608,-0.5900617837905884,-0.49019855260849,-0.5474730730056763,0.5
-0.5368448913500967,-0.5002763271331787,0.07799530029296875,-0.7887621521949768,-0.45306146144866943,-0.5072526931762695,-0.06328326861497877,-0.4113605602951199,0.6190127708410869,0.1108487918972969,-0.2101629078388214,0.3333333432674408
0.5186799168586731,-0.14366096258163452,0.21389929950237274,-0.8998677730560303,-0.34454667568206787,-1.1251368522644043,0.0239980422510244,-0.6613242380673452,-0.2159694880247116,-0.7573306560516357,0.2997140508213532,0.3333333432674408
3.529797927505432,2.3292070888450107,1.1652272939682007,-0.6332142949104309,0.6413516410743493,-1.2936506271362305,-1.192582113852028,1.7936885539961562,-0.9018054008483887,-0.15628336369991302,-0.8847832679748535,0.3333333432674408
-0.2390953153371811,-0.3331888137679402,1.8246423259097824,2.6264418062110635,-0.42593276500701904,1.6325847300563778,0.6199566079776972,1.585134478852106,-0.6090649801400038,-0.4861515477429849,-1.2234936283354185,0.5
-0.46642789244651794,-0.3814045190811157,-0.397668719291687,-0.08167140506133555,-0.6429623365402222,-0.1540626405228718,0.14402114660509513,-1.49001266568561,-0.7771079540252686,-0.6905476450920105,1.698164493302177,0.6666666865348816
-0.5422053933143616,-0.2625327408313751,-0.5335727334022522,-0.732968178229578,-0.32835249954888307,1.1217145919799805,0.9892480296386181,0.1565749261701847,0.9467919918935989,0.4447639584541321,-1.306420922279358,0.3333333432674408
1.1662001704044058,0.30995760454302435,2.563878019458821,-0.6776565313339233,11.676066593598469,-0.731937825679779,-1.4459595159427376,0.47519678976978286,-1.373516848535704,1.8401411384476776,-0.2101629078388214,0.3333333432674408
0.07274914307133606,-1.007956422101283,-0.12586070597171783,-0.8109833002090454,-0.39880406856536865,-0.731937825679779,-0.3286777023431933,-0.9206469961249708,-1.2903780475537538,1.3791083810204992,-0.1258353590965271,0.5
-0.6179829239845276,1.0468125068437681,-2.1644208431243896,-0.48816384316749034,0.208858795509489,-1.1251368522644043,-1.6659567398323882,-0.05882632231250534,1.1715327108875047,-0.24504096901314038,1.565752930495717,0.5
-0.6179829239845276,-0.9757634997367859,0.09713489695243843,-0.9192930783041016,-0.48318796100603717,-0.3387388288974762,-0.2135241103904828,-1.2004028117260075,1.8127063714417586,-0.6905476450920105,0.15019602147524824,0.6319282229705963
1.8736128729588026,0.09408261626958847,0.916051928925363,-0.4976888333058998,2.011389389751534,-0.5072526931762695,-1.4480827828242335,0.8711832473267164,-0.34066691994667053,2.0873482726203405,0.29580235481262207,0.6666666865348816
0.21556980907917023,-0.8568916916847229,0.010043300688266754,-0.6554354429244995,-0.5221431723080632,-0.3387388288974762,1.1461163433012853,-0.24833601643647057,-0.028923334553837776,-0.22306638956069946,-0.7161281704902649,0.5
-0.9968705177307129,-0.7974557876586914,0.3104777475377968,0.17153396934243498,-0.2902892827987671,-0.6012075685836682,0.36616872559494706,-0.1638437693662568,0.281224242608596,-0.957679808139801,-0.2944904565811157,0.5
0.8217899799346924,-0.5075748848680237,-0.05790869891643524,-0.46736580510640036,-0.6158336400985718,0.6161730289459229,1.0488564485314273,0.021190721054122792,-1.4440185066571811,-1.5128460259370566,-0.041507821530103683,0.5
-0.6937604546546936,-0.12493028026171456,0.28185129165649414,-0.5149872565189709,-0.18177451193332672,-1.1251368522644043,0.7499824600787888,-0.8037280723175312,-0.7771079540252686,-0.42341551184654236,-0.041507821530103683,0.3333333432674408
-1.224203109741211,-1.4182412131581592,0.21389929950237274,-0.8776466846466064,-0.5648996639194749,0.05446016043424606,-0.0984092961886682,-1.800882070483892,-0.6390014090348843,-0.5673689108739208,1.223405361175537,0.6666666865348816
0.5186799168586731,1.5514592495860127,-1.9428176436257547,-0.6332142949104309,0.8054482824045334,-0.4961589663523331,-0.9433496370826858,0.9911036670170039,1.0241936257151263,1.1797968530360523,-0.993950518135317,0.3333333432674408
-0.46642789244651794,-0.6191481351852417,0.07799530029296875,0.8037507908972993,0.29170202345345275,0.2229740172624588,0.666515153885663,0.923429335679495,2.2069276517977983,0.3111979067325592,0.04281972348690033,0.6666666865348816
-0.5989224519381876,-1.3731667028942895,0.4177553057670593,0.7003183960483069,-0.2089032083749771,-0.3949100971221924,-0.6404086516541072,0.004709676320072215,-0.7028361481424675,-1.0244628190994263,-0.5473210541529899,0.6666666865348816
0.2570411343319792,-0.3814045190811157,1.0875974062230307,1.3742344137439462,-0.39880406856536865,0.2791453003883362,0.9268446955338477,0.7924912351967953,-1.2996942885898488,-0.6237646341323853,-0.8847832679748535,0.3333333432674408
-0.39065036177635193,1.0450756863104336,-0.6694766879081726,-0.4860146506732612,2.3869203595177404,-1.2075229932782192,-0.3325582386362388,0.6901532586682976,0.5422693232521947,1.9779557437354998,-0.041507821530103683,0.6666666865348816
0.21556980907917023,1.722617962585643,-0.6694766879081726,-0.6554354429244995,0.8771835537440079,-1.4059932231903076,-1.721625137279886,0.7180275470797187,0.9063074588775635,0.4447639584541321,0.12714727222919464,0.3333333432674408
0.06401476263999939,-0.3814045190811157,1.3052329240202405,1.0751993522002763,-0.12751711905002594,0.6813594730524046,1.0672518399172781,0.8540721548892714,-0.46536436676979065,-1.1725966599462432,-1.306420922279358,0.3333333432674408
0.27326601539631395,-0.5597122311592102,-0.39185496257800995,1.1141177626098746,0.030009738680436358,0.9086857039022435,1.1436130230192565,0.8726956168757014,0.6067464949658978,-0.22306638956069946,-0.46314552426338196,0.3333333432674408
-1.5441716392651004,-0.2625327408313751,-0.803054431109186,-0.5344143568967171,0.10966068375856945,-1.1193064230272398,-0.5213681218016312,-0.21726911918677858,2.1342963148259306,0.24441486597061157,0.07996425623309104,0.3333333432674408
-0.3148728311061859,-0.3219686448574066,-0.5335727334022522,2.571693449881764,-0.3174179792404175,-0.17022497951984406,0.2958382934341863,1.5563868478988883,-0.15362077951431274,-0.02271728403866291,-1.137765884399414,0.3333333432674408
0.21556980907917023,-0.6785839796066284,-0.6770306541822866,2.076000995090766,-0.7339969759325808,0.7846868634223938,0.07438509340059751,0.5614543926337854,-1.0301062618876082,-0.8241137266159058,0.5487849712371826,0.5
0.475880193108736,-0.6191481351852417,0.21389929950237274,1.6609884082647604,-0.006453609238210905,0.789834911031508,1.0408909759828076,1.2607693439620162,-1.6136497385635324,-1.0244628190994263,-1.2220934629440308,0.5
-0.46642789244651794,-0.4408404231071472,-0.6015247106552124,0.25997285147025756,-0.12201778464322886,0.10441393737233792,1.4442853520830021,0.29761212466254844,0.34516897797584534,0.1108487918972969,-1.137765884399414,0.3333333432674408
-0.04252746320757891,1.4319109453817604,-0.6736846121710756,0.28479232646784447,-0.9705629396096098,-0.9566229581832886,-1.4045208934803541,-0.9565770898013305,-1.7595691482233462,-1.2778230990616153,0.8228467545722526,0.3333333432674408
0.5291323814271469,1.930801880790755,-0.7635347152197988,-0.6776565313339233,-0.09710450081275024,-1.4059932231903076,-1.656084732674438,0.7915802673327211,0.9063074588775635,-0.7573306560516357,-0.46314552426338196,0.3333333432674408
-0.4118571079909218,-0.547446692320586,0.7303427336787495,0.632695755578697,-0.4526724143708496,0.6723442673683167,1.418007135075021,0.29295179888832623,-1.3487299134738187,-0.7573306560516357,-0.9691107869148254,0.6666666865348816
-0.6937604546546936,-0.14366096258163452,-0.542592803884485,0.9436964329087096,-0.7731081577821429,0.2903409668141605,-0.2772713543903374,-0.4892284662169789,-0.5900617837905884,-1.2726405203752573,0.4630927206724478,0.5
-0.46642789244651794,-0.6191481351852417,0.21389929950237274,1.416900497759107,-0.2902892827987671,0.6723442673683167,1.1517359263466092,0.7532060200851873,0.9063074588775635,0.17763182520866394,-0.7161281704902649,0.5
-0.39065036177635193,-0.4408404231071472,0.34980329871177673,-0.6109932065010071,-0.2360319048166275,0.39148786664009094,1.797731941384983,-0.5608120306302687,-0.04072543033728864,-0.22306638956069946,-0.041507821530103683,0.3333333432674408
0.06401476263999939,-0.3183171216490913,-0.19381269812583923,0.3711689075476446,-0.6158336400985718,1.0310541481861308,0.22650501455211947,-1.181346586269441,-1.0536756123652344,-2.0240592513723503,1.7964033435392122,0.5
-0.6179829239845276,-0.3814045190811157,0.4857073128223419,0.2330282613931117,-0.550157701303802,-0.17022497951984406,0.269690572308745,-0.5551118618505605,0.4075177013874054,0.17763182520866394,0.3801299035549164,0.5
-0.46642789244651794,-0.7974557876586914,-0.05790869891643524,1.2481867613176159,-0.5596811714566622,1.0644247422187463,0.4159543856893854,0.3656816535970099,0.5945638418197632,-0.2843175240187935,-0.2101629078388214,0.6762534417073375
0.8217899799346924,-0.3219686448574066,-0.05790869891643524,-0.8554255366325378,-0.25517816450099823,-1.349821925163269,0.21609856717718856,-0.26836210832950325,-0.4030156433582306,-0.8241137266159058,-0.041507821530103683,0.3333333432674408
-0.6179829239845276,-0.3814045190811157,-0.2617647051811218,-0.6998776793479919,-0.18177451193332672,1.144937995240908,1.1249824710415215,-0.24843061842253353,0.2828202545642853,0.3111979067325592,-0.631800651550293,0.3333333432674408
0.29134732484817505,1.5819032533509254,-0.3638578445902115,-0.6308902591448493,0.689992536469864,-1.363770747310929,-1.5604702828639285,0.5555381068834219,0.3120101800231586,-0.03207000024590468,-0.8004556894302368,0.3333333432674408
-0.5422053933143616,-0.6596329679154733,0.4857073128223419,-0.893268067946282,-0.7557632646925516,-0.6683878461120215,-1.6090875612919766,-1.4954702356052267,0.0957741066813469,-0.6905476450920105,1.0912487631129606,0.3333333432674408
-1.572475062630933,-0.5002763271331787,0.07799530029296875,0.4427782341383544,-0.34454667568206787,1.7416758231140135,0.5741038582379315,-0.22941691032401454,1.1557023525238037,0.24441486597061157,0.2893062658963597,0.5
1.4779160303771417,0.5692685123364821,-0.12586070597171783,-0.45829331690533404,0.6131608670808036,-0.6195952296257019,-1.1071334067880965,1.0850071620020063,0.5918040687528249,1.209909666449341,0.12714727222919464,0.6666666865348816
0.4429023563861847,1.8734677553543773,-1.7540933495464806,-0.6328694362062953,0.7973000298661098,-1.0813569198579713,-1.5809521734893277,0.5804123858933967,0.9686561822891235,0.24441486597061157,-0.1258353590965271,0.5
-0.9081844641941607,-0.1627858184766781,0.6895633339881897,-0.8554255366325378,-0.39880406856536865,0.33531656861305237,0.07441041741062795,-1.30161240904909,1.1298651869965854,-0.2898494303226471,1.6450430154800415,0.5
-0.16331779956817627,-0.7277979402237572,1.2890013689614979,2.308191590784079,-0.07325971871614456,0.0313557462686106,1.0780005059606232,1.4789138189081423,-1.2965048650549755,0.1108487918972969,-1.5413556616276676,0.6666666865348816
-0.3148728311061859,-0.13011009431705378,-0.6694766879081726,0.17416282082293466,-0.561576247215271,-0.04993827290840863,0.06646090778606681,-0.8558489974677804,0.6815984034579015,-0.0895003229379654,1.1390777826309204,0.5
0.937416695572312,-0.08199360675527939,0.4177553057670593,-0.3441796866553727,0.6787638032525013,-0.5072526931762695,-1.4688509973455761,1.1280173194261085,0.5322151184082031,1.606876013705297,-0.041507821530103683,0.5
-0.01176275685429573,-0.3219686448574066,-0.4656206965446472,-0.8554255366325378,-0.5344475507736206,-0.2825675308704376,0.17459738418183313,-1.2030977897303332,-0.8021267911576031,-1.3583780527114868,0.5918067686840122,0.3333333432674408
0.7414113777809378,1.7188970861165278,-0.896764725480159,-0.6776565313339233,0.6767963138945337,-1.4066469125993724,-1.8254972509314902,0.8160962409436792,0.6078043757571883,0.823827349156611,-0.46314552426338196,0.3333333432674408
-0.8462831107680144,0.27239030599594116,-2.1487931475360433,1.401292701276563,-0.33569850149304387,1.7529530333004355,1.8655342951290013,0.7557739303034955,0.0957741066813469,-0.8985790406878079,-1.137765884399414,0.3333333432674408
-0.718353322469255,-0.5002763271331787,0.14594730734825134,-0.6776565313339233,-1.2126000531449943,-0.45108139514923096,-0.09616263095119704,-1.7052713882160584,0.7887660220286877,-0.22306638956069946,2.0362152152364783,0.5
-0.2390953153371811,1.2817372364886739,0.8934193253517151,0.346479261268917,-0.697219729423523,1.9847724877410995,0.8008054755091863,-1.190624896054965,-0.5900617837905884,-0.7573306560516357,2.0856510184838064,0.6666666865348816
0.21556980907917023,-0.9163275957107544,-0.2617647051811218,-0.8554255366325378,-0.10038841515779495,-0.17022497951984406,0.6401226632024195,-0.43758778223179917,0.9063074588775635,-0.2898494303226471,-0.46314552426338196,0.1666666716337204
-0.46642789244651794,-1.2955960542988674,-0.2617647051811218,-0.8554255366325378,-0.35730649618754473,0.5761748142727108,-0.02229140539884325,-0.4477488905434947,2.020025324355154,1.0725401839348476,-0.2944904565811157,0.5
-0.2547854569386581,-0.08422506600618362,-1.1267322639652104,-0.8554255366325378,-0.2631605863571167,-0.0578824058175087,-0.19978961383578064,-0.01160314994668633,-0.46536436676979065,0.3015650277409773,-1.137765884399414,0.3333333432674408
1.282184757377227,1.426796597694996,-0.19381269812583923,-0.6533906809006877,0.5455555882047176,-0.731937825679779,-0.7320909669610862,1.4029317562280557,1.2787080159909552,0.2835797283573217,-0.8847832679748535,0.3333333432674408
0.21556980907917023,0.33182618021965027,1.1638651329285201,-0.04603881091837618,-0.4525340829851473,0.5600017309188843,0.05708869891191698,0.2602232746494757,-1.2700142951351605,-1.2915949821472168,-1.137765884399414,0.3333333432674408
1.8970581767871,0.9036515335107524,1.4832257104567368,-0.7220988273620605,0.14330913271352572,-1.1813081502914429,-1.7101318063912023,0.6663394239203407,-0.9321521948697842,1.0977249625579464,-0.36416189296515467,0.3333333432674408
-0.3148728311061859,-0.4725588666060065,0.010043300688266754,0.8126521248742007,-0.5226380946157495,1.64811564008584,0.8256912312671547,-0.9881904149663436,-0.7147592306137085,-0.890896737575531,1.61896534658101,0.5
0.6531655410017256,-0.32592780645421626,0.6895633339881897,-0.766541063785553,-0.5344475507736206,-1.0127942562103271,-0.08653128732272639,-0.21061603889762606,-0.5900617837905884,-0.42341551184654236,-0.5474730730056763,0.3333333432674408
-0.08754027634859085,0.21295440196990967,-0.166365101085159,-0.09107085553349359,-0.6158336400985718,-1.0689655542373657,-0.2786998197674785,-1.5165636039906443,-0.9594473396491126,-1.1580289602279663,1.5607155561447144,0.5
0.4957220394222979,0.15351851284503937,-0.2617647051811218,1.4687707455295325,-0.34454667568206787,-0.19194770383831064,1.4649927171190427,1.3125783764000687,0.46986642479896545,0.04406575486063957,-1.137765884399414,0.3333333432674408
-0.45904064211109546,0.03464672341942787,0.27636018942890134,1.934571216508486,0.40335467943614145,1.4006843442930585,2.252445377406851,1.3868867104708584,-1.099214965035906,1.2356796806562376,-1.4795152510310556,0.5
-0.46642789244651794,2.240298676389746,-1.9876609613315919,-0.6776565313339233,0.5778290033340454,-0.8178543160603533,-1.3934945238885472,0.19984137110493,1.5779199217056321,-0.03303422139644334,0.29580235481262207,0.5
-0.01176275685429573,-0.9757634997367859,1.6614908949269824,1.7274555045729396,-0.5052640684819235,1.6900893144551492,0.6761986514381075,1.1003098141628447,-1.6950952113856006,0.6451131105422974,-1.0534383058547974,0.5
-0.39065036177635193,2.0618464703894777,-1.7710837721424504,-0.6332142949104309,0.493455729880672,-0.8442803621292114,-1.3362957825159223,1.0969071342688632,2.373381034929793,0.5115470290184021,-0.9691107869148254,0.3333333432674408
-0.39065036177635193,-0.4408404231071472,-0.8000517443891406,1.2393866787357988,-1.194969469625046,-0.17022497951984406,0.3040122822582367,0.11380900928688964,-1.826902459420442,0.5868399932835433,-0.4014958021600358,0.5
2.4953569228550294,-0.4408404231071472,1.2624011567205684,-0.6776565313339233,0.6795726720703178,-1.4059932231903076,-1.8489466354398714,0.2895546341136955,-0.2783181965351105,-0.3566324710845947,1.041238319039668,0.5
2.3705134583944223,0.7158749345032043,-0.12586070597171783,-0.5593095548817358,1.4911915290724982,0.4715020347563286,-0.877639641855423,1.7980824962351243,-0.15362077951431274,5.675072289834064,-1.137765884399414,0.3333333432674408
2.279962428344504,0.5692886482237779,1.2273416626799571,-0.34145045466869445,1.7337523560810963,-0.2825675308704376,-0.8053392389704419,1.736479833974831,-0.5277130603790283,0.9688266970376307,-0.6460699721155756,0.5
-0.5422053933143616,0.1516137402603494,-0.04165916563144363,-0.7095482113223194,0.2678754831725557,-1.0689655542373657,0.12406810459518082,-0.32772318248462945,0.34516897797584534,-0.4230470559753241,-0.26977484755883524,0.3333333432674408
-1.224203109741211,-0.16219416820698274,-1.0157895174016942,1.232239265430552,-0.3174179792404175,0.5718324433126791,0.9945092032696993,0.8041687912056928,1.0933536291122437,-0.22306638956069946,-0.9691107869148254,0.3333333432674408
1.244921099871486,-0.30930782380167615,0.170416744980497,0.16892826538597955,0.8281510319571702,-0.45108139514923096,-0.5269713590655297,1.6579136806312607,0.5945638418197632,2.128350277199988,-1.306420922279358,0.3333333432674408
0.06401476263999939,1.4690370582746943,-0.5335727334022522,-0.6998776793479919,0.5778290033340454,-1.0689655542373657,-1.1330263475318334,0.7239734228346543,0.8829330786896488,0.9122452139854431,-0.3245797538508503,0.5
0.21556980907917023,-1.0351994037628174,-0.19381269812583923,-0.544329822063446,-0.561576247215271,1.465157349136327,1.1354154074601526,-0.7366222140676575,-0.2159694880247116,0.1108487918972969,0.3801299035549164,0.6666666865348816
-0.3148728311061859,-1.3446492814458035,-0.4656206965446472,-0.4998875558376312,-0.19297250207039368,0.5038304328918457,0.42707235378168523,-0.5196689098278162,-0.095084974456665,-0.3566324710845947,-0.041507821530103683,0.5
-0.3148728311061859,-0.20309685170650482,0.07799530029296875,-0.7443199157714844,2.4842623628236726,-0.9566229581832886,-1.6466559160574608,0.18193240717648795,0.7566409289986556,0.7404696658142136,0.17855789824165424,0.5
0.9242748817561024,1.7232094281400447,-1.2754126829210408,-0.7220988273620605,0.8863803807784479,-1.2754665392396956,-1.5612731765902446,0.7448813942225345,-0.15362077951431274,0.6576720798181016,-0.8133593645013889,0.3333333432674408
-0.9210929870605469,-0.5002763271331787,2.275287873592934,0.9417960597471298,-0.3573535443898233,-0.17022497951984406,0.0019593996717372567,0.030631906656578695,-0.028923334553837776,0.5115470290184021,-0.631800651550293,0.5
-0.8453154563903809,-0.22673892558916225,-0.3297167122364044,-0.09467427999663604,-0.37167537212371826,0.6723442673683167,0.6186565563872739,-0.9811418314807673,0.11990644846616834,-0.49019855260849,0.9552818722061971,0.5
4.219794052471484,0.6810255366883194,2.7416014346214936,-0.3694244594130537,0.9550728977574531,-0.8442803621292114,-0.8742252631139665,1.9188609242049357,-1.2815966721870964,1.645800421675771,0.12714727222919464,0.5
-0.1290967308602145,0.33182618021965027,-1.8338212539526395,-0.3078898690531077,0.9081260000766023,-1.349821925163269,-1.7340079365267074,0.0456852758672357,0.46986642479896545,-0.5569815635681152,1.5181833134817433,0.5
-0.9210929870605469,-0.7380198836326599,0.14594730734825134,-0.030746834714158285,-0.39880406856536865,1.199085464967023,0.19436625476726596,-0.8580397370429669,0.7659183853890082,-0.2898494303226471,0.6620040089472279,0.5
1.3759071001308907,0.6438077340565183,0.010043300688266754,-0.6400372574995904,0.7387006397305013,-0.7881091237068176,-1.4833345853194064,0.7662234098944957,-0.15362077951431274,0.04406575486063957,-0.6808072239155986,0.3333333432674408
0.44909042709939767,-0.5936178626886691,-0.5335727334022522,-0.6998776793479919,0.020704962360320617,-1.108932574247089,0.610044780060892,0.35901243794873455,0.5752040366515808,-0.22306638956069946,-0.8004556894302368,0.3333333432674408
-0.3148728311061859,-0.08422506600618362,0.3111737537904978,2.5219790155850044,-0.23889466245263272,1.7788249409613022,0.658423904303423,1.3100673441797737,-0.9018054008483887,0.37798094749450684,-1.2220934629440308,0.3333333432674408
-0.3148728311061859,-0.08422506600618362,-0.8053807020187378,-0.8776466846466064,-0.5073188543319702,-1.349821925163269,0.3111748905318937,-0.5200365063245761,-1.8736698096575273,-0.890896737575531,-0.8847832679748535,0.3333333432674408
1.1254825577817331,-0.6191481351852417,0.8254672884941101,-0.15974325729968772,-0.10356626261901335,-0.22639626264572144,0.3383555468288626,0.3612072333963559,-0.5900617837905884,0.1108487918972969,-0.37881800532341003,0.5
-0.39782733810062515,-0.5495528667119208,1.1652272939682007,2.6166362797935037,-0.19879207245529473,0.08181645675591023,1.2632488419335306,1.784104974938057,-0.028923334553837776,-0.4217726235561299,-1.3014073743891192,0.3333333432674408
0.8363652057686198,-1.094635248184204,0.8278623270634727,2.5449796594178062,-0.04613102599978447,0.501601643934387,0.6521183878647713,1.8384560831155186,0.5945638418197632,-0.1427332889976129,-0.631800651550293,0.3333333432674408
2.4396909283394095,-1.1506414982233888,0.34980329871177673,-0.9033767663127169,-0.2931917276659361,-0.17022497951984406,0.5253297221458296,-0.4587062101408491,-1.4005951881408691,-1.029143922346966,0.5487849712371826,0.5
-0.01176275685429573,1.2284980893919502,-1.3511211016772886,-0.6776565313339233,-0.4079239279032148,0.11063144356012344,0.3711303033699636,-0.5906337174740297,-0.7147592306137085,-0.6237646341323853,-0.2101629078388214,0.3333333432674408
-0.9968705177307129,-0.2625327408313751,1.424759134816322,-0.8790481127214324,0.4804582899057436,-0.3387388288974762,0.5051516511997594,-0.6776788558331199,-0.8394566774368286,-0.22306638956069946,-1.0598352439470868,0.5
-0.2776401218784723,-0.9757634997367859,0.4177553057670593,0.013006720600786064,0.45358439298691033,-0.90045166015625,-0.025655851365820048,0.4466089380993244,1.3427485227584839,0.04406575486063957,-0.46314552426338196,0.5
0.24467545464929943,-1.0351994037628174,0.5583962369635362,-0.82013429072986,-0.4801901578903198,0.7488136022165468,-0.14657738797167946,-1.5840743201626146,-1.4005951881408691,-0.6086395836408927,1.5407043616733114,0.5
-0.7695379853248596,-0.6191481351852417,1.2168023002137076,-0.8554255366325378,0.9681865722152478,-0.11405368894338608,0.5748936413667889,-0.7468850784333817,0.0957741066813469,-0.42341551184654236,-0.37881800532341003,0.5
2.0662610843041445,0.04790787925672685,0.020594893765694296,-0.31321425204614484,0.9788799799408056,-1.3365654927503685,-1.042661149790368,1.9550336237316388,-1.1016045483922141,6.505205801606948,-0.8004556894302368,0.5
-0.39065036177635193,-0.6191481351852417,-0.12586070597171783,0.38722428823258165,-0.2631605863571167,1.599104145567954,1.5182493229197673,0.1811592712555797,0.37465356280282175,0.24441486597061157,-0.6754364580661428,0.3333333432674408
-0.6179829239845276,-0.2625327408313751,0.07799530029296875,-0.6332142949104309,-0.5856661386824884,0.2229740172624588,0.08293063351203944,-1.3774597074843544,1.0933536291122437,-0.957679808139801,1.2333282850279064,0.6666666865348816
-0.39065036177635193,0.33182618021965027,-0.2617647051811218,0.836049251063159,-0.561576247215271,-0.22639626264572144,-0.21830595906653144,-0.6702357210242109,-0.623844573753702,-0.22306638956069946,1.3177536282132094,0.6666666865348816
-0.08754027634859085,0.09408261626958847,0.4177553057670593,-0.766541063785553,-0.5059965873096245,-0.6195952296257019,0.029776109387617593,-1.0925618415407794,-1.8935696764581769,-1.8197311919008903,-0.631800651550293,0.5
0.7895220466297864,-0.6191481351852417,-0.05790869891643524,-0.7738119206513936,-0.2360319048166275,-0.45108139514923096,0.21028886076157507,-1.0766592271483697,-1.314632687620517,-1.3583780527114868,0.3801299035549164,0.3333333432674408
-0.6937604546546936,-0.5002763271331787,0.07799530029296875,2.9803633496672473,-0.34454667568206787,0.4579570772302926,0.7710323237243427,1.5712994253377706,0.6160050451524498,-0.9850510016685917,-0.1929753417409547,0.3333333432674408
-0.46642789244651794,-0.5002763271331787,1.3116361763570783,-0.5294542950478215,-0.7106759812992681,0.6641691399121812,0.11193069129096704,-1.6146793840306084,-0.7147592306137085,-1.0244628190994263,1.5996750684105978,0.6666666865348816
-1.072648048400879,-0.1448154314541624,0.14594730734825134,1.194745272659988,0.23974148715353266,0.017789544044876152,0.4746336373127213,0.31727740403005933,0.38738781471470407,-0.15628336369991302,-0.1258353590965271,0.5
0.1397922784090042,-0.9757634997367859,0.010043300688266754,-0.7615617353520084,-0.7804174291193517,0.23556060284966399,-0.363014515490908,-0.7996263258293264,0.0316172826017624,0.12454965518695188,-0.041507821530103683,0.6666666865348816
-0.3148728311061859,-0.9757634997367859,0.48290489186686447,1.2438650164778324,-0.15464581549167633,1.6590903431238275,1.7395328663755232,0.4735717857739491,-1.5747988393751091,-1.1445501102824873,-1.0534383058547974,0.3333333432674408
-0.39065036177635193,-0.6296579609968956,0.010043300688266754,0.6474106975312489,-0.4811369265373423,1.2902168550063795,1.776830949578356,0.5287967204484396,-0.5277130603790283,-0.3566324710845947,-1.0534383058547974,0.5
0.010673323546035458,-1.0351994037628174,0.21389929950237274,-0.7220988273620605,-0.6530021419887713,0.5600017309188843,0.32773199338212006,-1.4574295038468235,-0.029851575245364297,-0.22306638956069946,1.8573445483420148,0.5
1.279297230646616,-0.3153228410356015,0.5420894886205757,-0.6554354429244995,0.4485604323250039,-0.6464465567134681,-0.7776559411203607,0.8219908852905776,-0.2159694880247116,0.17763182520866394,-0.2944904565811157,0.5
3.1298208559082825,1.180686769209561,2.7594554290484403,-0.44141532499792346,0.539987530925481,-1.237479329109192,-1.5738914200705993,0.562220950237716,-0.4030156433582306,1.5967615759778326,2.3401156423823646,0.5
-0.7695379853248596,-1.3206185195201143,-0.4656206965446472,1.2229743683364676,-0.10038841515779495,-0.6278213112331448,-0.2704638240814602,0.4485925467250808,0.45566031947059205,-1.0244628190994263,-0.9691107869148254,0.5
-0.6179829239845276,-0.14366096258163452,-0.5335727334022522,-0.7868850787096866,-0.9867890578016445,-0.90045166015625,-0.5045814790063381,-1.4725608345592565,0.11104507033351917,-0.6495907845672245,1.6450430154800415,0.6666666865348816
0.29134732484817505,-0.6808178840496854,1.723242113501011,-0.766541063785553,-0.5887049436569214,0.16680273413658142,0.4750929521957781,-0.10695841822430703,-0.46536436676979065,0.3365810682450945,-1.079745433015041,0.3333333432674408
-0.46642789244651794,-0.5597122311592102,0.06386316125694083,-0.6776565313339233,-0.7786058187484741,0.7527790531234255,0.4126215217692044,-1.2621878552974806,0.5463420029605817,-0.5569815635681152,1.2086769938151907,0.6666666865348816
-0.3148728311061859,-1.0351994037628174,1.1652272939682007,-0.8109833002090454,-0.34454667568206787,0.2229740172624588,0.4001192068257015,-1.082271307167171,0.7816100120544434,0.7786791324615479,1.0709053597976734,0.6666666865348816
0.7485726438049021,1.4816670263661542,-1.6759485460742092,-0.4998875558376312,0.9453877955102088,-1.1813081502914429,-1.5670098391416734,0.9680328897101862,0.1059698151057834,0.04406575486063957,-0.631800651550293,0.5
0.29134732484817505,0.5500363751273529,-0.5335727334022522,2.051347205618822,-0.39880406856536865,-0.45108139514923096,0.009264571048833848,0.35297438130726017,-2.792886946172936,0.24441486597061157,0.3801299035549164,0.5
0.3425603626713738,-0.2625327408313751,-0.05790869891643524,-0.8109833002090454,-0.18177451193332672,-1.1355751493064234,-0.6620764763385182,-0.37950310596943876,-0.6524105072021484,-1.3697304925181306,-1.0616037398913591,0.3333333432674408
-1.6424577093253219,2.7941684666365116,-0.7436238741917589,-0.8276305386326737,-0.2360319048166275,-1.1762006373247433,-0.8989293509138586,-0.8804529557916672,3.1006067990457864,0.5812234107208506,1.223405361175537,0.5
-0.46642789244651794,-1.4527904519066686,-0.05790869891643524,-0.23308176742580364,-0.6158336400985718,-0.17022497951984406,0.15119483606674233,-0.22219938090729136,-0.028923334553837776,-0.6905476450920105,-0.8847832679748535,0.5
-1.0181455191162532,-0.9757634997367859,0.4857073128223419,-0.8998677730560303,-0.48578341083201737,-0.0578824058175087,-1.1271310197166715,-1.2631813773579104,-0.028923334553837776,0.04406575486063957,0.08813179898681212,0.5
-0.8453154563903809,0.33182618021965027,-0.5570823153264051,-0.47506886613111937,-0.07139198002655818,-0.46955910791852934,-0.059528278847565265,0.5200274100597542,1.525563284332543,0.9787378101428297,-0.6513636573285377,0.3333333432674408
-0.7695379853248596,0.4657487196615118,-0.9705175608106689,1.2266379474189313,-0.2089032083749771,0.6859465505090874,2.1166769997183343,0.6760011784628627,-0.4030156433582306,-0.6173747045228961,-1.9983978222600138,0.3333333432674408
1.2987799212775322,0.5907915447552023,0.01792546552427772,-0.6776565313339233,0.7343185146632698,-1.349821925163269,-1.515568101446708,0.832486133616353,0.0957741066813469,-0.35092489398066773,-0.46314552426338196,0.3333333432674408
-0.6937604546546936,-0.4408404231071472,0.4857073128223419,0.7524227630941803,-0.37053902504002534,0.8392826361959941,0.9223851830853222,0.22374629681644165,0.5322151184082031,-0.7573306560516357,-0.37881800532341003,0.5
0.06401476263999939,-1.021854235698921,0.28185129165649414,0.3643262788767994,-0.3174179792404175,0.03325840989925906,0.5020745753459017,0.35895717728822313,0.2828202545642853,-1.0912458896636963,-0.8004556894302368,0.3333333432674408
-0.5422053933143616,-0.8568916916847229,0.14594730734825134,0.0039276763735536496,-0.42593276500701904,0.16680273413658142,-0.23501465792166681,-0.7545449927234464,0.4075177013874054,-0.22306638956069946,0.21147480607032776,0.5
-0.16331779956817627,-0.7380198836326599,2.457605664247734,-0.8554255366325378,-0.08795046384651105,0.39148786664009094,0.2875726094488775,-0.21088656726232086,1.2699135741715823,-0.14174263496980852,-0.37881800532341003,0.5
-0.46642789244651794,-0.7110512951756058,0.4857073128223419,1.8894370487641574,-0.4309732902178239,1.2586967225596815,1.1955163532937767,0.2741824680020893,-0.18763986454034437,0.04406575486063957,0.7909254896367954,0.8333333134651184
-0.9968705177307129,0.5226430212435883,-0.6986971320542372,0.011464853274378378,-0.42593276500701904,2.759931744634502,1.8913781834040955,-0.30997517907690825,0.8439587354660034,-0.957679808139801,-0.041507821530103683,0.5
2.0656371230027855,-0.9757634997367859,2.1841428083051713,-0.544329822063446,-0.6158336400985718,-1.2936506271362305,-0.70870891791976,0.2509362970512425,-2.890842932890213,-0.4558417407106631,-0.7161281704902649,0.5
-0.8453154563903809,-0.4408404231071472,2.694707766617444,0.7445892385107729,-0.36475043233770676,1.2651423045880072,1.9032790124528791,0.41575845992729715,-0.5277130603790283,-1.371986561495426,-0.8847832679748535,0.5
-0.3148728311061859,0.33182618021965027,1.6996476541517636,1.569897901152012,-0.34454667568206787,0.27613521658342965,1.6632655469928204,1.181931768712051,-0.15362077951431274,-0.02271728403866291,-1.3152169475311968,0.3333333432674408
-0.46642789244651794,-0.20309685170650482,-0.05790869891643524,-0.5665509104728699,0.4843084451117728,-0.3387388288974762,0.7291300515328044,-0.0019196210043321248,-0.6469730811309625,0.9790282845497131,-0.8847832679748535,0.5
1.040503088239492,-0.4408404231071472,0.8254672884941101,-0.7220988273620605,0.3036875953842217,-1.0689655542373657,-1.7690835532597413,-0.3490541192368361,-0.3797771071895911,0.96009006032494,0.9365452561123953,0.5
-0.5422053933143616,-0.7974557876586914,1.1652272939682007,-0.6332142949104309,-0.34454667568206787,0.33531656861305237,0.7323502714345328,0.15199047649095163,1.756923804936536,0.3111979067325592,-0.2944904565811157,0.3333333432674408
-0.9968705177307129,0.33182618021965027,-1.7605247499146117,-0.8998677730560303,-0.5663197904457196,-1.3433620603610104,-0.9623601331218808,-1.2022602261584143,-0.028923334553837776,-0.3566324710845947,-0.631800651550293,0.3333333432674408
-0.5422053933143616,-1.094635248184204,1.017937103040481,-0.8109833002090454,-0.2902892827987671,-0.3387388288974762,0.03566435493755171,-0.3217945145139912,0.5594891813044791,1.8016934176614665,-0.8439738411934233,0.5
-0.16331779956817627,0.6770593761606809,0.09607051452411987,2.8818531378402397,0.46812579652111597,-0.0578824058175087,1.5184425914271371,1.7823813083692412,-1.213549017906189,0.04406575486063957,-0.9691107869148254,0.3333333432674408
-0.6937604546546936,-0.7410673100601297,0.14594730734825134,0.5143560657314474,-0.7243484258651733,-0.8442803621292114,-0.2919070382457383,-1.3085325251039905,-0.46536436676979065,0.04406575486063957,2.4621545402208773,0.5
-0.2390953153371811,0.4137926356090568,-0.7553045503854124,-0.6332142949104309,-0.5871759362450976,0.05446016043424606,-0.10988893246514689,-1.3641460415500826,-0.7771079540252686,0.6451131105422974,1.6381624855591375,0.5
-0.8453154563903809,-0.08422506600618362,-0.6015247106552124,-0.7309894163414834,-0.12751711905002594,-1.1251368522644043,0.49955393389831,-0.658895080890822,-0.46536436676979065,0.04406575486063957,-0.8249016695102005,0.3333333432674408
-0.6179829239845276,-0.20309685170650482,0.3611738515361818,1.5829286552477437,-0.2902892827987671,1.206484015601939,1.2224234821626987,0.5003960661529585,-0.028923334553837776,0.22445966278339408,-0.12310443902747772,0.3333333432674408
1.3504316620885433,-0.8763897419128328,0.44076856701234285,-0.7899175087008655,-0.2212266890730546,-0.9566229581832886,-0.42218267903914347,0.1446602318539197,-0.9683485884048089,0.6451131105422974,-0.8847832679748535,0.5
0.85957007853484,-0.2625327408313751,0.4177553057670593,-0.7443199157714844,0.13297866090217622,-1.1813081502914429,-1.6527750523103966,0.03659040986996322,0.689730552957874,1.56976016153394,1.1958881858576118,0.6666666865348816
0.1397922784090042,-0.20309685170650482,-0.46110259527640757,-0.4998875558376312,-0.6158336400985718,-0.67358346519698,0.5817581814352012,-0.2658023544648991,0.9686561822891235,0.1108487918972969,0.1551924759658221,0.5
0.1397922784090042,-0.3219686448574066,-0.8049922487283554,0.005425959117436558,-0.2631605863571167,0.435347851089935,0.16360505362260563,-0.12711002386103334,0.22210649343827055,-1.1529094287697919,-0.37881800532341003,0.3333333432674408
0.45838891427434986,-1.2365286536901208,0.010043300688266754,-0.833204448223114,-0.12751711905002594,0.2791453003883362,0.8202870901494265,-0.29218023889854267,0.8439587354660034,0.03166116627236959,-0.5474730730056763,0.5
-0.16331779956817627,0.02366880014348582,-0.46553857671594473,-0.5908220791155325,0.7303763973794578,-1.0689655542373657,-1.6040021715875095,0.5653845792673138,1.1557023525238037,0.37798094749450684,0.6331125497817993,0.5
-0.08754027634859085,-0.8880865213717548,-0.5404739861591126,-0.6776565313339233,-0.39880406856536865,-0.17022497951984406,0.8903978206658777,-1.3601525224663389,-0.5177780576470442,-0.6905476450920105,1.0758490645020176,0.5
0.4864399372477509,1.2681412264629892,0.14594730734825134,-0.7220988273620605,0.8301983444364658,-1.4059932231903076,-1.773982573587017,0.12646657716040088,-0.6970481937618247,-0.6237646341323853,0.04281972348690033,0.3333333432674408
-0.1661824073789858,1.5169123423832644,-2.069258081642436,-0.6554354429244995,0.23486445803840392,0.2229740172624588,-1.21431704910493,0.2429379947154671,1.8056267336955991,1.1908467027575609,0.8017675876617432,0.5
-0.7695379853248596,1.7428688146125977,-2.1041112578567915,0.28444245265771295,-0.2360319048166275,-0.23928531516404283,0.3476564267380994,0.5244000988719693,0.8789517110710805,1.539898351506017,-1.0534383058547974,0.3333333432674408
-0.17029173626143834,-0.9163275957107544,-0.5335727334022522,1.715499358651328,-0.2631605863571167,1.6014868457008602,0.27135198065225474,1.030850283283124,-0.9641541242599487,-0.49019855260849,-1.0534383058547974,0.5
-0.6179829239845276,-0.9757634997367859,2.093425259258964,1.7242220110531932,-0.01900232955813408,0.6024452121188212,1.2298847873392191,0.7733574701556788,-0.5277130603790283,-0.22306638956069946,-0.9691107869148254,0.5
-0.6179829239845276,-1.2988686974037862,-0.12586070597171783,0.05749803434628494,-0.8328632116317749,-0.3387388288974762,-0.6118012657074282,-0.876243041894479,-0.8394566774368286,-0.49019855260849,0.3801299035549164,0.5
-0.16331779956817627,0.33182618021965027,-0.7801632138168965,-0.7640404487218828,-0.12196511351417393,-0.3387388288974762,-1.2676454113506426,-0.6392827043664773,0.9063074588775635,1.60030606191309,1.223405361175537,0.6666666865348816
-0.16331779956817627,3.0978854499335964,-1.088408634103999,-0.37718054925213357,0.6487933045925758,-0.45108139514923096,-1.3003696042294741,0.932952153406356,2.093071933495574,0.4778691898647035,0.4644574522972107,0.3333333432674408
0.5752364538761391,-0.8568916916847229,-0.12586070597171783,-0.7887621521949768,-0.8845525878604104,-0.0256522521872241,-0.42741351523277804,-1.1021346514469055,-1.3388915338866378,0.5115470290184021,1.223405361175537,0.3333333432674408
-0.01176275685429573,0.21295440196990967,-1.007352117557859,3.0324629820078153,2.9255749992043705,0.11063144356012344,1.4564736526437472,1.8361629052283264,-0.9018054008483887,0.011546768763128698,-1.0534383058547974,0.3333333432674408
0.5186799168586731,-0.5597122311592102,-0.2617647051811218,-0.766541063785553,-0.697219729423523,-0.8698613287274275,-0.2757208878068144,-0.8434762518666575,-0.8572428407422978,-1.2092575843853473,0.3801299035549164,0.3333333432674408
-0.3148728311061859,-0.17335466307492495,-0.19381269812583923,2.1567609829538466,-0.4801901578903198,-0.12254769599030793,-0.08416781652696101,-0.30028019511287524,-1.1373107417342445,-1.3190968929397173,1.7127465727135236,0.6666666865348816
0.7639467299385589,0.3948092669841603,2.278889970954628,1.053948577196776,1.8358208673974192,-0.8442803621292114,-0.4904981701776806,1.3662814988314562,-1.6945436358461643,6.2589213937458945,-1.2742805877388315,0.15902173511166354
0.5944573879241943,1.4085846254564316,-0.6694766879081726,-0.766541063785553,0.3219140643296693,-0.3949100971221924,-1.2168642389686126,0.36360623254408403,0.2828202545642853,0.3776805123863062,-0.515134181992671,0.5
-1.5772572052933804,-0.43642976751032847,-0.8053807020187378,-0.766541063785553,-0.6429623365402222,-0.3949100971221924,-0.41421735582848845,-1.8880734838763675,1.3427485227584839,0.37798094749450684,2.3711314450587544,0.6666666865348816
0.7460124492645264,-0.3219686448574066,0.8254672884941101,1.4970889534137384,-0.5887049436569214,0.8608865611012596,1.3220365078350935,1.3018862880084001,-0.028923334553837776,-0.5569815635681152,-1.2220934629440308,0.3333333432674408
-0.6179829239845276,-0.9163275957107544,0.4675743001390839,-0.8554255366325378,-0.10038841515779495,0.5076120192231548,1.1480427547548955,-0.6251021690475858,1.489733070798825,-0.22306638956069946,-0.2944904565811157,0.6666666865348816
0.49217904265283796,0.33182618021965027,-0.05790869891643524,-0.6332142949104309,0.7264920602308387,-1.349821925163269,-1.765027611629342,0.12127350481284654,0.49985029362519096,0.24441486597061157,0.8017675876617432,0.5
-0.08754027634859085,-0.9757634997367859,-0.3297167122364044,-0.9267250016777684,-0.6309741555375803,0.1853769313312829,-0.4968689001555298,-1.2514814424719463,-0.9423431416614387,-1.4908419507425588,0.4644574522972107,0.5
-0.16331779956817627,-0.6191481351852417,-0.12586070597171783,-0.8776466846466064,-0.6429623365402222,0.2144375575345201,-0.5545385786977076,-1.1926911568721632,-0.1950006985397836,-1.0827881841280993,0.5487849712371826,0.3333333432674408
-0.3148728311061859,-0.6007223570710181,0.6895633339881897,1.0961506308790605,-0.39880406856536865,0.7737524484311008,0.6073604834853918,0.195039480823869,0.15812282264232635,-0.22306638956069946,0.21147480607032776,0.5
-0.9210929870605469,-0.20309685170650482,0.07888737210128634,-0.27563446275895104,-0.7477806869699598,1.3837997947074252,0.29567175104680626,-1.1717198960265813,0.34516897797584534,-0.22306638956069946,1.2607512492556632,0.5
-0.6937604546546936,-0.3814045190811157,-0.2617647051811218,1.9447814175838234,-0.2360319048166275,1.7221267691103281,2.219514772031165,1.1461373291899986,-0.7147592306137085,-0.49019855260849,-1.1577474403810433,0.5
0.4429023563861847,2.6948581407197705,-2.1644208431243896,-0.7220988273620605,0.5134319311689021,-1.349821925163269,-1.7289141633126894,0.6518348859754391,0.9686561822891235,0.3563657936329906,-0.2944904565811157,0.5
-0.6937604546546936,-0.2625327408313751,-0.5335727334022522,-0.9022989438174712,-0.4895936052628346,0.39148786664009094,0.32519518152680066,-0.5754648210301284,1.564694638435076,0.7118961215019226,-0.8847832679748535,0.3333333432674408
-0.6179829239845276,0.5101338624954224,-0.9871013763632369,-0.03870463223086564,-0.42593276500701904,0.11063144356012344,0.4723747025650268,0.3631507787061058,1.3146929375570218,0.5081426295864013,-0.8620061123916712,0.3333333432674408
-0.3148728311061859,-0.4408404231071472,-0.12586070597171783,1.0817050328318822,0.2604163509180297,0.6723442673683167,1.3185287457643076,0.8292243472181837,-0.9641541242599487,-0.3996571995283602,-1.273482760885391,0.5
0.31407892496601103,-0.3219686448574066,-0.19381269812583923,-0.02354510944797643,-0.501951212309132,-1.3113474341336244,-1.0029922492172338,-0.4748217353523765,-1.7520760759347276,-0.890896737575531,-0.5474730730056763,0.5
1.1432259040974382,-0.07366495251292865,0.8229133657482666,-0.5887720584869385,0.5787004012605762,-1.152031339700998,-1.0012924964862469,0.8863930768768681,0.8439587354660034,0.04406575486063957,-0.631800651550293,0.5
0.29134732484817505,-0.3814045190811157,-0.19381269812583923,-0.8109833002090454,-0.45306146144866943,-0.45108139514923096,0.5975059490107011,-0.7298352489014496,-0.6524105072021484,-1.3583780527114868,-0.2101629078388214,0.3333333432674408
-1.072648048400879,-0.8568916916847229,-0.19381269812583923,-0.7887621521949768,-0.7713487329201197,0.05446016043424606,-0.2766572791867679,-1.7349831135793998,1.0207140249386457,-0.890896737575531,1.4877883170148718,0.6666666865348816
1.1181198804122892,0.5627497128164469,-0.397668719291687,-0.6294862131063661,0.2704929781104427,0.39148786664009094,-0.3429485281330392,0.5623667887752869,1.402432498581397,0.13556361359813573,0.29580235481262207,0.5
0.1397922784090042,-0.6191481351852417,0.1262488600443098,-0.7887621521949768,-0.561576247215271,-0.3387388288974762,0.6110486855751673,-0.18268853719251146,0.25837568496873764,-0.49019855260849,-0.1258353590965271,0.3333333432674408
1.6767044376219054,0.39285465494053967,1.2082087450291772,-0.2684521044861291,0.3986069046514489,-0.9566229581832886,-1.5303383061506355,0.8747881396289566,-0.7104681288167536,2.238145105056909,1.372452229654616,0.6666666865348816
0.6702349185943604,0.33182618021965027,-0.33256397564447665,-0.6776565313339233,0.7102303321429946,-0.17022497951984406,-0.503135611063212,0.8347688838255313,0.46986642479896545,0.0692402762724546,-1.0534383058547974,0.5
1.279326590875758,-0.5002763271331787,-0.12586070597171783,-0.535865716359421,0.695878147924522,-1.349821925163269,-1.6027348343180499,0.43081975383469157,0.0957741066813469,1.3806005606737906,0.3801299035549164,0.5
-0.6179829239845276,-0.9231917796224518,1.1652272939682007,-0.6332142949104309,-0.12751711905002594,1.7373924583475877,1.7304478111122465,-0.26830314131298916,1.5503699870580112,-0.6905476450920105,-0.46314552426338196,0.6666666865348816
0.06401476263999939,-0.14366096258163452,1.8267093433307209,2.533830277131454,-0.10038841515779495,1.459479319777037,1.5294970749215129,1.3108458261759577,-1.5319468501968245,-0.6905476450920105,-1.4762429214675294,0.3333333432674408
-0.5016836364238824,0.37004989471718286,-1.1701183560818962,-0.6332142949104309,0.37434642982981176,-1.349821925163269,-1.7378181299714466,0.4723994647385183,0.7192612886428833,1.1415613476544748,-0.631800651550293,0.5
0.06401476263999939,-1.094635248184204,0.07799530029296875,-0.5887720584869385,-0.46755067500557657,-0.22639626264572144,-0.38600651743249476,-0.5708045447143432,0.06905717916904901,-1.5908202374496148,0.35488031921253116,0.3333333432674408
-0.39065036177635193,-0.5002763271331787,-0.19381269812583923,-0.7887621521949768,-0.07325971871614456,-0.2825675308704376,1.5753218043535622,-0.1159654576757697,1.3886744652824743,0.04406575486063957,-0.631800651550293,0.5
0.1395916249409445,0.1821885342941387,-0.3297167122364044,-0.766541063785553,-0.6158336400985718,0.40197304963329794,0.6336850915673797,-1.7040398624615554,-1.6895603637209158,-1.5996670748607826,1.704648537397086,0.45711576248708424
-0.01176275685429573,-0.4168562165913141,-0.4656206965446472,0.8002200459855572,-0.2489266604620956,-0.3949100971221924,0.5716279501968087,0.13918400996880698,-0.5195595888754367,-0.5569815635681152,-0.041507821530103683,0.5
-0.08754027634859085,-0.7380198836326599,0.7214610163844175,0.7455921026241752,-0.17088156860658738,0.8648734319148973,1.286485411937238,0.6267312468671548,-0.4030156433582306,1.0673815783007279,-0.9691107869148254,0.5
-0.01176275685429573,-1.094635248184204,0.4177553057670593,-0.8776466846466064,-0.6591147988096154,-0.19943125457155286,-0.3483787856704937,-0.5061883762980115,0.15812282264232635,-0.49019855260849,-0.8004556894302368,0.6666666865348816
0.43217800179728605,-0.186881911826166,1.1652272939682007,-0.7220988273620605,-0.01900232955813408,-0.8759663247572297,-1.5565206080449572,0.004987737905972522,1.1557023525238037,0.9790282845497131,0.8561163592710141,0.5
0.9780668634478551,-0.9757634997367859,1.1652272939682007,-0.833204448223114,-0.42593276500701904,0.07480731449951382,0.06896119889049791,-0.4674557686985659,0.46986642479896545,-0.8316014647584581,0.12714727222919464,0.3333333432674408
3.5199483408550205,-0.20309685170650482,1.1652272939682007,-0.5306769623490726,0.9814555341723878,-1.237479329109192,-1.6069408579842623,0.9293206856530636,-0.9018054008483887,0.1108487918972969,-0.2944904565811157,0.3333333432674408
0.5944573879241943,0.6083622316926108,-0.12586070597171783,-0.6776565313339233,-0.6158336400985718,-0.0578824058175087,-0.16294555319108073,-0.7870224682055442,0.3023615132682977,-0.15628336369991302,0.21147480607032776,0.6666666865348816
-0.39065036177635193,-0.4038936748974203,-0.12586070597171783,-0.766541063785553,-0.2902892827987671,-0.3949100971221924,-0.2696855572445871,-0.2847661776244296,0.34516897797584534,1.6186466001835007,-0.041507821530103683,0.6666666865348816
-0.07152056641750246,2.7392274511338712,-1.6899395687507235,-0.6554354429244995,0.706099458819936,-1.0689655542373657,-1.0274214306208964,0.5615016513180401,0.6569125652313232,-0.2898494303226471,-0.7747104889476251,0.5
0.29134732484817505,1.7954959252347713,-0.202485939465168,-0.42093596382278925,0.4307265535282432,-1.2675663856913018,-0.31907931745608636,0.5421388773249011,-0.6524105072021484,-0.22306638956069946,-0.8847832679748535,0.3333333432674408
-0.9968705177307129,0.7680882365104738,-2.0060722700690503,-0.91093977826853,-0.7100749392398259,-1.5637425348795126,-1.3550677162756863,-1.0017654506533888,1.1557023525238037,-1.063686224036597,0.12714727222919464,0.1666666716337204
0.21556980907917023,3.188833400353308,-0.8053807020187378,-0.766541063785553,1.318557473614595,-0.8297980204216338,-0.6704726402461483,0.3167145005837816,0.5945638418197632,0.29634096485841094,-0.46314552426338196,0.3333333432674408
0.8866698303135075,0.04254215979049396,-0.19381269812583923,-0.30926848395885986,0.23086383296842952,-1.1813081502914429,-1.549575885201444,0.741917971743215,0.14067228291442524,1.1206857509337946,0.5487849712371826,0.5
6.353549003601074,-0.3814045190811157,9.11561107635498,-0.9887523055076599,-1.2940510511398315,14.546651840209961,5.739711284637451,-0.7483706109031832,4.896625518798828,9.794388771057129,3.078611373901367,0.0
-1.5324708846476651,-1.2728282124125698,-0.6914925875249139,-0.3207551701681144,-0.39880406856536865,0.4476591646671295,0.017932068101979438,-0.3974092509209633,0.7192612886428833,-0.6886747893998267,-0.9691107869148254,0.5
-0.46642789244651794,-1.242480258750081,0.07799530029296875,2.0431143182761025,-0.020846616389768834,1.52846636289882,0.4224003031501798,1.0916489421182938,0.7699704942666177,0.5783300399780273,-0.7161281704902649,0.5
-0.16331779956817627,-0.9757634997367859,0.5536593198776245,-0.8998677730560303,-0.17617421966820784,-0.5634239912033081,0.8544698375979263,-0.6186947219786114,0.7192612886428833,-0.8241137266159058,-0.46314552426338196,0.5
0.5500216948807787,0.15351851284503937,1.6696767140641287,0.7036243258908214,-0.04613102599978447,1.0697215585737332,0.9048797396102853,0.2977605189627975,0.6149281436436471,-0.9761695481899395,0.048182873860426106,0.5
-0.01176275685429573,1.4984721782584856,1.1131126240116838,-0.6332142949104309,0.8416387346237155,1.4731466619369835,1.1175692189471087,0.2765418344606429,-1.3696273310906837,-0.3124571524429337,-1.946066655233495,0.3333333432674408
-0.46642789244651794,-0.14366096258163452,-0.05790869891643524,-0.3978372256905011,-0.45306146144866943,1.5679789095716214,1.2179495749477167,0.29613463426625347,-0.6421719917830482,-0.22306638956069946,-1.306420922279358,0.3333333432674408
-0.5422053933143616,1.5094722172417847,-1.5084438076006546,-0.6776565313339233,-0.18177451193332672,-0.5072526931762695,-0.9370839419303685,0.2879888798767199,1.7178409216705326,0.6871142144444262,-0.1258353590965271,0.5
0.7084002063931125,-1.1435692779992988,0.14594730734825134,-0.7220988273620605,0.42202421087354375,-0.3807929769508594,-1.363207729089553,-0.6989931028928936,-0.028923334553837776,2.6597234347579617,1.411826178650809,0.5
-1.224203109741211,1.600930208019908,-2.0866912003955025,-0.5353813193508227,-0.6473798091097145,0.3944229845079169,0.20237640714857652,-1.709115156928601,0.8439587354660034,0.4447639584541321,2.1843376365096567,0.5
-0.39065036177635193,-0.40918555114797567,-0.12586070597171783,1.6479208326970212,-0.43681896675633586,1.7962146738825158,0.9519522041216436,1.079424631664595,0.5047170750087056,0.6451131105422974,-0.8004556894302368,0.3333333432674408
-0.4735333081186425,-0.3814045190811157,0.29265433859403245,0.16712612630503892,-0.6523139829113987,-0.0578824058175087,-0.16985353827326566,-1.0630295627943,-0.34066691994667053,0.5783300399780273,1.37372319517638,0.5
-1.3382211286850085,-1.0351994037628174,-0.397668719291687,-0.6332142949104309,-0.7243484258651733,-0.5634239912033081,-0.38943918610570527,-1.118742554696452,1.0585176385011357,0.1108487918972969,0.5473614386244228,0.5
-0.9721517614095132,-0.3814045190811157,-0.12586070597171783,-0.7887621521949768,-0.6581058752495668,0.2791453003883362,1.2978882326745385,-0.017219861500096405,2.644345467301484,0.1108487918972969,-0.8004556894302368,0.3333333432674408
-0.46642789244651794,1.1893121773024458,-1.6267289238733622,-0.671321618487502,0.2404906575332437,-1.0689655542373657,-1.60698857231295,0.6614965736152547,1.3130707593783484,2.1514330200058533,-0.7161281704902649,0.5
0.06401476263999939,2.5631593059297564,-1.8568662586047862,-0.6554354429244995,0.5778290033340454,-0.731937825679779,-1.5481663275760285,0.6686151734802744,0.9312930553106594,-0.05931277418723054,-0.8847832679748535,0.3333333432674408
0.5944573879241943,1.6125446337597666,-0.4656206965446472,-0.6554354429244995,0.6393071957077865,-1.1040930311812696,-1.3267736451172156,0.8983207941055298,-0.028923334553837776,1.823403133673141,-0.7161281704902649,0.3333333432674408
-0.6179829239845276,-0.08422506600618362,-0.5335727334022522,0.04849048130592913,-0.39880406856536865,0.8461482549477556,1.5841990811131563,-0.006017319057996722,0.43590590180589517,0.40075812828359775,-0.041507821530103683,0.5
0.5944573879241943,2.027516387089237,-1.6189472765433102,-0.6998776793479919,0.8641662990142368,0.5600017309188843,-0.47908187111062894,0.7527814956962271,0.9686561822891235,-0.02271728403866291,-0.997015676326087,0.3333333432674408
-1.5578006733777838,0.029939192014331855,-0.6714233283576696,-0.6780471600491349,-0.9193763766416272,-1.349821925163269,-0.9431026634999857,-2.183278611568126,0.6276590512352084,-0.8309038498933805,2.3436787285643863,0.5
0.5944573879241943,1.5527551375651587,-1.4030707103164528,-0.5433374334978077,0.7481087747272636,-1.3091982512340279,-1.143056809027686,1.324214098226981,1.3427485227584839,0.17763182520866394,-1.0060253892744309,0.3333333432674408
0.36712485551834106,2.5629230374632503,-2.1644208431243896,-0.5276736053279416,0.6824135645686592,-1.349821925163269,-1.5547040538561394,1.682717782040502,2.3603578236391014,0.6451131105422974,-0.7161281704902649,0.3333333432674408
-0.6937604546546936,0.15351851284503937,-0.4656206965446472,-0.6998776793479919,-0.5217892399097818,-0.3387388288974762,-0.30506508003087324,-1.8059235466133143,-0.9018054008483887,-0.9721622700005872,1.4874015742427336,0.5
-0.20099183370376297,0.9341659865199444,0.6895633339881897,-0.638199543971215,-0.2631605863571167,-0.7110888753425438,0.06710835322356437,-0.44835426269086737,1.3427485227584839,-0.7573306560516357,0.5487849712371826,0.5
-0.1686693778792604,-0.9163275957107544,-0.6015247106552124,-0.5908040025261746,-0.37332422900729767,1.1217145919799805,0.619895013439081,-0.8553181886672974,-0.46536436676979065,-0.8833111368658004,0.12714727222919464,0.3333333432674408
-0.5422053933143616,1.7619436010986778,-1.6043648945580327,-0.7220988273620605,-0.2631605863571167,-1.2936506271362305,-1.7104428244764618,-0.7400656657478858,1.2386675510607403,1.6336710089322437,2.0017985617890552,0.6666666865348816
-0.9210929870605469,-0.5597122311592102,0.5536593198776245,-0.8554255366325378,0.03891087549239641,0.11756985858126692,0.7188550712653649,-0.6856028267040416,1.580095914483238,0.24441486597061157,0.3801299035549164,0.5
-0.773041279926272,-0.4408404231071472,-0.6015247106552124,-0.833204448223114,-0.8784670835114663,-0.731937825679779,-0.7746745032172075,-1.7137250929563046,-0.4030156433582306,-0.6237646341323853,0.9704226851463318,0.6666666865348816
6.353549003601074,-1.5701223611831665,9.11561107635498,-0.9887523055076599,-1.2940510511398315,14.546651840209961,5.739711284637451,5.3161420822143555,4.896625518798828,9.794388771057129,3.078611373901367,0.0
-0.3148728311061859,-0.6191481351852417,-0.2617647051811218,1.3541742931008491,-0.34454667568206787,0.10136868748539626,-0.3787888106842808,0.21293352929378304,-1.213549017906189,0.4447639584541321,0.4644574522972107,0.5
-0.8453154563903809,0.4503467344567404,-0.6694766879081726,-0.766541063785553,-0.6158336400985718,-0.731937825679779,-0.6076418127960482,-1.0211224083393902,-0.15362077951431274,-0.890896737575531,-0.016979335745426788,0.3333333432674408
2.07024688732926,-0.6785839796066284,1.1247766628195566,-0.6332142949104309,9.290555910727464,-1.1951167092372161,-1.6189396691982763,0.9015459099509873,-0.46536436676979065,3.2976160111692163,0.26825347069619665,0.5
0.36712485551834106,-1.0382545238326217,1.042534885157039,2.147667462960378,-0.15464581549167633,0.4522753941761126,0.27812839258666794,1.696220036976044,1.3364266965170484,-0.6754803294681473,-1.2375845282076707,0.5
-0.3148728311061859,0.3459582235067612,-1.1821631467321811,0.25829960458404044,0.5123989785454374,-0.18311673979983842,-0.2672596280776073,0.4223572121127051,1.490780033803792,-0.22306638956069946,0.23301949652932863,0.5
-0.02452421374723268,-0.5002763271331787,-0.9804777215310283,1.3751893396542894,-0.05348748914528382,-0.0578824058175087,0.8914956552231785,1.033216118812561,0.5945638418197632,0.1108487918972969,-0.631800651550293,0.3333333432674408
-0.9510252301675669,-0.024789171293377876,-0.19381269812583923,0.18689336494428083,-0.42593276500701904,-0.6581903052397392,0.3889109705966856,-0.8572804729490473,-0.011849035501274582,0.9790282845497131,1.1390777826309204,0.5
0.4429023563861847,-0.8647569842861839,0.4857073128223419,-0.7443199157714844,-0.561576247215271,-0.7550288188209572,-0.4985232216798474,-0.7259133826267474,0.41227892529162063,-0.41921588987000385,-0.041507821530103683,0.6666666865348816
0.36712485551834106,0.09408261626958847,-0.4656206965446472,-0.544329822063446,0.016237928963014542,0.6723442673683167,1.297725169858803,0.2851932529306854,0.46986642479896545,-0.3566324710845947,-1.137765884399414,0.3333333432674408
-0.8453154563903809,-0.7974557876586914,-0.3877978635822068,-0.24733323690859288,-0.6429623365402222,0.16680273413658142,-0.14790514312947844,-1.2397481963402164,1.122087399445939,-0.3566324710845947,1.5607155561447144,0.5
-0.6179829239845276,-1.1225132449807318,-0.397668719291687,-0.8109833002090454,-0.4527508826418768,0.6793590803008119,0.13514764378037342,-0.8476486983234118,2.464640102554156,0.3111979067325592,0.4644574522972107,0.6666666865348816
0.610257932078359,-0.8801342954249043,0.14594730734825134,1.4298331411282272,-0.3163816723462908,1.1217145919799805,1.148828627467962,0.8158565640391515,-0.2783181965351105,-1.221301143149225,-0.1258353590965271,0.6666666865348816
0.6450647781666604,0.09408261626958847,-0.2617647051811218,0.7157838724693761,-0.9408866776152132,0.16680273413658142,0.5762359836200405,0.13843751476913083,-1.3143859106251456,-1.304702882964377,0.04281972348690033,0.3984411520107308
5.251659437459837,1.4510901156172864,1.1652272939682007,-0.544329822063446,0.9763462037456389,-0.5792278067421464,-0.8930269632867097,2.10918654606884,-0.2159694880247116,0.37798094749450684,-0.46314552426338196,0.5
1.4189827757606768,-1.0351994037628174,1.5309036964754308,-0.7887621521949768,-0.10038841515779495,-0.802932843421341,-0.32408806429707115,-0.11073181227107075,-0.9550548823812963,2.8875421042499094,0.29580235481262207,0.5
-0.737999580502325,-0.20309685170650482,-0.4656206965446472,1.525329663335862,-0.3249432472908899,-0.11405368894338608,-0.47479464248813885,0.873271721277127,0.9285324502507978,-0.7450923235558266,-0.9691107869148254,0.5
0.29134732484817505,1.0651838205410065,0.21526193777859315,-0.7220988273620605,0.005746464597169935,-0.17022497951984406,2.0017687467300154,-0.7343922100895167,-0.2159694880247116,0.3111979067325592,1.325813723980894,0.1666666716337204
1.2928193578084861,-0.5002763271331787,-0.047421536551892296,-0.6554354429244995,0.6993502566551619,-0.41501187643663007,-1.1901570814166391,1.05979329994325,0.9063074588775635,1.569971863871243,-0.37881800532341003,0.5
-0.16331779956817627,1.6621033820755766,-2.1644208431243896,-0.5665509104728699,0.7459080163285488,-0.45108139514923096,-0.9852997317396887,0.8122701777540432,1.173500665330946,-0.02271728403866291,-0.631800651550293,0.5
0.1397922784090042,-1.3140083524097526,0.28185129165649414,-0.833204448223114,-0.7442028174384822,-0.9867107091537963,-0.7135598213185318,-0.9617559011591897,-0.15362077951431274,-0.5569815635681152,0.7428201262779035,0.3333333432674408
0.21556980907917023,1.514938009501007,-0.397668719291687,-0.4283067540485304,1.4758381904654323,-0.731937825679779,-0.9472313465423817,0.854605116477194,0.8439587354660034,-0.3566324710845947,-0.7161281704902649,0.3333333432674408
-1.224203109741211,-0.7680631308408244,-0.32401886535202845,-0.8554255366325378,-0.2631605863571167,-0.45755342728954973,0.482817222962619,-0.8505633649243356,-0.2719845956258745,-0.5569815635681152,-0.8847832679748535,0.3333333432674408
-0.2390953153371811,-0.8233073810928878,0.7798402975889719,1.234803039404843,-0.42593276500701904,2.533381151141552,1.2947576895934547,0.7482587288551305,-0.761597775777936,-0.6905476450920105,-0.8004556894302368,0.5
-1.0850817696927804,-0.6785839796066284,-1.5040988744300186,-0.4710862073464016,-0.01900232955813408,-0.33815275845017045,0.3494613556161647,-0.3524954069452052,0.033425383269786835,-0.957679808139801,-1.137765884399414,0.5
6.353549003601074,-1.5701223611831665,9.11561107635498,-0.9887523055076599,-1.2940510511398315,14.546651840209961,5.739711284637451,-2.504413366317749,4.896625518798828,9.794388771057129,3.078611373901367,0.0
0.411057384243819,-0.2625327408313751,0.4177553057670593,-0.029958189237330148,-0.7251594462529019,0.11063144356012344,0.5944222348833479,-0.2793390009976757,-0.7771079540252686,-1.2915949821472168,-0.041507821530103683,0.5
1.2684176870662687,1.7174864748651655,-0.12586070597171783,-0.5273565682626646,1.1183038628533728,-0.6195952296257019,-1.4816280435939257,1.1246255250648507,-0.25537648173592653,0.6451131105422974,-0.9691107869148254,0.5
3.9056667043912654,-0.3814045190811157,1.6792705062531452,-0.6998776793479919,0.24481656558855053,-1.4688819395494657,-1.8431630221861477,0.9364669596477523,-0.4919805413683915,0.9122452139854431,0.29580235481262207,0.3333333432674408
-0.01176275685429573,-0.3814045190811157,-0.19381269812583923,0.7527990530058096,-0.4255585359649291,-0.22639626264572144,1.0555413944466931,0.6233208240857946,0.2204715460538864,1.7067214588550519,-0.631800651550293,0.3333333432674408
1.1668228407878847,1.6753363308138285,-0.6015247106552124,0.5829277008321644,1.1166662589138463,0.8611146509264725,0.5153665375204861,1.9146625211529449,1.2140577551173921,0.4447639584541321,-1.0321950322873845,0.3333333432674408
0.5944573879241943,-0.5002763271331787,0.4857073128223419,2.2936872274903726,-0.18550701473615486,0.5038304328918457,1.2741973531159965,1.8941900191669703,0.988262803574536,-0.595310363949507,-1.306420922279358,0.3333333432674408
-0.6179829239845276,-0.5559165028396191,-0.6015247106552124,-0.8109833002090454,0.062383756041526794,0.6723442673683167,-0.5253359952612707,-0.3452012581764242,2.351922066169374,0.4447639584541321,0.04375215444822385,0.5
-0.46642789244651794,0.7825509539251061,-0.8053807020187378,0.5912099107935277,-0.34454667568206787,0.4739126251725882,2.2006013359762298,0.22360877121400607,-0.9641541242599487,0.37798094749450684,-0.631800651550293,0.5
-0.9968705177307129,-0.14366096258163452,-0.3521369789461756,-0.6776565313339233,0.062383756041526794,1.0010957394001103,1.2611521923127977,-1.2583387876623295,1.0682179322116823,-0.8241137266159058,0.9704226851463318,0.3333333432674408
0.8071956102714025,0.15351851284503937,-0.9486270633204068,-0.5887720584869385,-0.6429623365402222,0.33531656861305237,0.6254991257845102,-0.18096039516320614,-1.312244375460119,-1.0244628190994263,-0.37881800532341003,0.1666666716337204
-0.7695379853248596,1.4868865646512683,-1.2229897521592608,-0.7198287197862484,0.7399905146888709,-0.22639626264572144,0.14215448117454044,0.293094340318372,0.8023632048587509,0.37166430604277856,-0.7161281704902649,0.3333333432674408
0.36712485551834106,1.5853139580439575,-2.1644208431243896,-0.6554354429244995,0.37617115628513453,-1.4059932231903076,-1.7678825639134885,0.5091155567472684,0.8219566966804073,0.28411294711252283,-0.5474730730056763,0.3333333432674408
-0.08754027634859085,-0.9163275957107544,-0.12586070597171783,-0.8420368307474262,-0.7581838490404542,-1.0282621010379547,-1.0203976709320939,-1.5316884271768396,-1.5102472227697916,-0.49019855260849,1.1390777826309204,0.6666666865348816
-0.5888856586392123,0.7986206684896004,-0.6752598270675271,0.420539777722153,-0.671298866809709,-0.5342319722405183,-0.5232459881900748,-1.238513949285343,-0.5900617837905884,-0.22306638956069946,2.4213855418167984,0.5
0.4979305642071545,-0.5002763271331787,0.6991284353056119,-0.766541063785553,-0.10038841515779495,-0.7881091237068176,-1.3616228597267794,-0.3729649180102364,0.34516897797584534,-0.957679808139801,0.7260879709457746,0.3333333432674408
-0.16331779956817627,2.0933727187846323,-1.9429895947115061,-0.6776565313339233,0.1358385916086487,-0.90045166015625,-1.409307520463639,0.7144628195657446,0.15812282264232635,2.3621020712602965,-0.631800651550293,0.3333333432674408
0.4353262298142848,-0.8144423015327882,0.28185129165649414,-0.771270979903015,-0.7243484258651733,-1.1813081502914429,-1.3431637955034028,-0.9558266147732132,-1.475849806744489,0.04406575486063957,0.1294339814154566,0.5
-0.9968705177307129,-0.0692355970808483,1.1652272939682007,-0.7887621521949768,-0.6429623365402222,-0.22639626264572144,-0.1810905187083553,-1.860591589646451,-0.028923334553837776,-1.2807992549915483,2.0458439976338267,0.5
-0.19582851318976488,-0.14366096258163452,0.9921795750917535,-0.5887720584869385,-0.2631605863571167,0.4476591646671295,0.30874149630549996,0.2210966337693564,0.2204715460538864,-0.02271728403866291,-0.5474730730056763,0.3333333432674408
-1.5923230450788135,-1.0144677647761966,0.4177553057670593,-0.833204448223114,-0.7739910093127431,-0.8442803621292114,-1.3771209927656687,-1.6785876069383456,0.9686561822891235,0.5783300399780273,1.5163708268065392,0.5
0.8217899799346924,-0.7974557876586914,0.8144599988364836,-0.8554255366325378,-0.34454667568206787,-0.6757665276527405,0.2187545096560345,-0.2483463960404129,-0.34066691994667053,-1.0244628190994263,-0.49149544645099413,0.3333333432674408
0.06401476263999939,2.3106032561132905,-2.0321848365388773,-0.5665509104728699,1.1126202192357126,-1.2218232428601847,-1.6352038629781058,0.188570894926035,-0.4030156433582306,-0.6237646341323853,-0.631800651550293,0.3333333432674408
-1.0426522464808452,-0.2625327408313751,-0.397668719291687,-0.4190721767606249,-0.5887049436569214,-0.6957121303879379,-0.2848316065796118,-1.4979194334139416,0.4795395205942028,-0.49019855260849,1.6450430154800415,0.5
1.5698871727817356,1.5040365408903444,-0.3297167122364044,-0.5386314002106146,12.930948638850674,-1.0127942562103271,-0.5157339907005234,1.5960121531504674,0.11327994083767033,2.6176291340260733,-0.9691107869148254,0.032450104589541895
-0.08754027634859085,-0.9757634997367859,0.4177553057670593,-0.833204448223114,-0.26031678938109243,1.8680217017878002,1.4696515716056875,-0.4094994565932515,0.7192612886428833,1.5283304437206096,-0.37881800532341003,0.5
-0.5422053933143616,1.8513829277588612,-1.676033742826336,-0.7443199157714844,0.5073750181944517,0.05446016043424606,0.8326080290088093,-0.06115898920816095,-0.15362077951431274,-0.14090001311015618,-0.9438580433018912,0.16468275029911492
-0.9968705177307129,-0.4408404231071472,0.34980329871177673,-0.7887621521949768,-0.2631605863571167,1.2897658340736449,1.1866182726431684,-0.1812525914508228,-0.2783181965351105,-0.5569815635681152,-1.8991289437534788,0.3333333432674408
0.6702349185943604,-0.20309685170650482,-0.941284716129303,-0.5291537277800978,-0.8328632116317749,0.7341870796329045,-0.2778107098878168,-1.4631577154586248,-2.1091590464401473,-1.5513626422973128,1.3915827985605647,0.3333333432674408
-0.46642789244651794,-0.3219686448574066,0.4177553057670593,-0.8554255366325378,-0.6429623365402222,-0.49296873346002157,-0.05744432093943524,-1.7103222522426111,-0.7904133242678051,0.24441486597061157,1.6450430154800415,0.6666666865348816
-0.01176275685429573,-0.9757634997367859,-0.4896645884015998,1.4116615906161427,0.11928637947723325,2.437962646402675,0.45252100222570535,0.8328715004552542,0.0957741066813469,-1.3583780527114868,-1.306420922279358,0.5
0.21556980907917023,0.26701581401612795,1.1652272939682007,-0.6554354429244995,-0.42593276500701904,-0.2825675308704376,-0.019509974867105484,-1.0619296330631787,-0.772241154139012,-0.49239997964529214,0.6331125497817993,0.3333333432674408
-0.599867681614096,-0.024789171293377876,-0.23188341983106486,1.5409709238802813,-0.5647359817176555,1.1327648474562746,1.1995192428311667,0.8983207941055298,-0.10403565259351522,-0.04562844626869106,-1.0534383058547974,0.3333333432674408
-0.6179829239845276,-0.6785839796066284,0.010043300688266754,1.6610364185801976,-0.2631605863571167,0.8416819529261852,1.529188688111206,0.8723588841306179,2.0668740278596323,0.23117302872872744,0.21147480607032776,0.5
-0.08754027634859085,0.7084750629537562,-0.05790869891643524,0.9850310021203716,-0.3174179792404175,-0.2825675308704376,0.5463568575628723,0.38770849380715294,-0.7147592306137085,-0.6905476450920105,-0.46314552426338196,0.3333333432674408
0.7460124492645264,-0.3341537237831984,0.34060249377089824,-0.6776565313339233,-0.01900232955813408,1.1217145919799805,0.2602728398389354,0.18541521281733137,0.6159684550943764,0.9790282845497131,-0.02942850604779564,0.5
1.3367142069723656,-0.7380198836326599,0.010043300688266754,-0.05276643659408614,-0.7515101462902029,-0.17022497951984406,1.1231385594549588,0.2984345059970628,-0.5277130603790283,-0.02080031099159204,-0.007496259981189052,0.6666666865348816
-1.5108437666984238,1.205744354415141,-2.042667714043504,0.6459545341607973,-0.39880406856536865,0.4459623108886029,0.13646146760687913,0.1817370400242092,0.8439587354660034,-0.6237646341323853,-0.631800651550293,0.5
0.8217899799346924,-1.094635248184204,0.4177553057670593,-0.8109833002090454,-0.5073188543319702,0.05446016043424606,0.5264767411051371,-0.7378920608553763,-0.46536436676979065,0.24441486597061157,0.21147480607032776,0.5036572835830004
-1.1457104277857146,-0.5002763271331787,-1.674999706212829,-0.7494877122199831,-0.12751711905002594,0.3096251257099878,1.15730214120922,-0.20187275262215454,-0.028923334553837776,-0.7854568764891404,-1.3809458213756651,0.5
-0.08754027634859085,-0.8568916916847229,-0.05790869891643524,1.218433987073009,-0.2631605863571167,2.1066517471849635,1.0350043753274012,0.723663249956509,-0.16453062892647116,-0.8241137266159058,-1.0344637396832037,0.5
0.29134732484817505,-0.024789171293377876,0.14594730734825134,-0.8554255366325378,-0.7243484258651733,-0.8325696321490477,0.8567054215441554,-1.308782172235916,-1.6322803339125915,-0.49019855260849,0.8017675876617432,0.3333333432674408
-0.5422053933143616,-0.2625327408313751,-1.0948689908227385,-0.5887720584869385,0.04857283317814098,0.33531656861305237,0.2767317508777124,-0.09570662107157392,0.5322151184082031,-0.7573306560516357,-0.8847832679748535,0.3333333432674408
-0.16331779956817627,-0.6697042353769131,1.0293233394622803,1.7157754037536914,-0.34454667568206787,0.4476591646671295,0.7888816544890904,1.1998767385869689,-0.2159694880247116,-1.2209840987208351,-1.460593587209981,0.5
0.49647052365603866,-0.3814045190811157,-0.4656206965446472,-0.8776466846466064,-0.39880406856536865,-0.8442803621292114,-0.4418273592557222,-0.9533897504385895,-1.3272638876775502,-0.8241137266159058,0.23742128684295158,0.3333333432674408
-0.6937604546546936,1.3176503708125467,-2.1644208431243896,-0.6406629589253484,0.45960386324033153,0.24374285775964052,-0.9167627446544093,-0.17957393594178575,2.1490032766289517,-0.02271728403866291,1.6450430154800415,0.5
-0.8453154563903809,-0.4408404231071472,0.7097175895285363,1.0207558442048592,-0.3174179792404175,1.2893303023416827,0.8672784542809195,-0.017622712653854216,-1.0888515710830688,-0.5569815635681152,-0.4695736921237678,0.5
-1.2470874100663705,-0.38195063769196735,-0.43589881058245245,-0.8554255366325378,-0.5315765381244827,0.2791453003883362,0.21983886833429547,-0.6750528176786309,-0.2159694880247116,-0.6237646341323853,-0.9691107869148254,0.5
-1.5763454229562737,0.4821192212728979,-1.0334855119583317,1.9418073524273534,-0.31022436635062145,-0.36498939313652956,-0.27475698632514073,0.3596975593715047,-0.1721477878442076,-0.957679808139801,-0.7161281704902649,0.5
0.9859639467400066,-0.8568916916847229,0.6895633339881897,-0.6554354429244995,0.5778290033340454,-1.2936506271362305,-1.5019679830265473,0.29777757377375014,0.033425383269786835,0.670033982086511,0.8017675876617432,0.5
0.9270866423551162,0.670699219497657,2.0902933077173667,1.154899761922646,-0.416244394125477,-0.22639626264572144,1.2041198358771115,0.8559522082644757,-1.3055207776202455,-0.15628336369991302,-0.2944904565811157,0.5
6.353549003601074,-1.5701223611831665,9.11561107635498,-0.9887523055076599,-1.2940510511398315,14.546651840209961,5.739711284637451,5.3161420822143555,4.896625518798828,9.794388771057129,3.078611373901367,0.0
-0.9210929870605469,0.39150358276073016,-0.16000731402828713,-0.5515108176811286,-0.39880406856536865,0.9150220184799253,0.2753586448670225,-1.5494530897175087,-0.09160286870181492,0.24441486597061157,2.277031819205063,0.6666666865348816
-0.6937604546546936,-0.4408404231071472,-0.5335727334022522,0.5568908751137883,-0.34454667568206787,0.8958420387795647,0.8798378901160346,-0.41844590755192024,0.6569125652313232,-0.3566324710845947,0.6331125497817993,0.5
-0.8453154563903809,-0.5002763271331787,-0.5335727334022522,-0.6332142949104309,-0.2360319048166275,1.1217145919799805,1.6864548822414114,-0.24873744532700212,1.1079234910568438,-0.22306638956069946,-0.8847832679748535,0.16290156685680035
0.9813833486317762,-0.023961316364073174,1.4634110138878311,-0.7220988273620605,0.6123753574135432,-0.7274152447857571,-1.041516324839573,1.2102647697909765,1.818505313092968,1.6024908183519653,-0.46314552426338196,0.5
3.0103924492395793,1.6749439425159043,1.6414415868493337,-0.6554354429244995,1.4503980171640187,-0.12039849300491334,-0.07784669542326816,1.4516759187773103,-0.46536436676979065,1.7624598245389484,-1.2055479980182222,0.3333333432674408
0.4429023563861847,-0.6191481351852417,2.0997199127078963,-0.9172552756105194,-0.3688973005596414,-1.3792738428858997,-0.7432423773383016,-0.6151469805900367,-0.7193403302768877,-1.8688324748718583,-0.5474730730056763,0.3333333432674408
-0.6179829239845276,0.27239030599594116,0.07799530029296875,-0.49016800662511467,-0.5073188543319702,-0.4358188696879237,-0.49492960891426535,-1.1864483353291768,-0.18997469723066396,-0.42341551184654236,1.392060399055481,0.5
0.29134732484817505,-0.6785839796066284,1.6624604224595547,-0.8554255366325378,0.5744375179555893,-1.0474772462021262,-0.49461668218560473,0.3317715139122196,-0.09127205610275269,1.0349685357212315,-0.9691107869148254,0.3333333432674408
-0.6937604546546936,-0.5002763271331787,-0.6015247106552124,4.204835407816872,0.055613180837067594,0.600995197344084,1.2487147929045237,1.8422878928273516,-1.314374596613072,-0.42341551184654236,-1.4347395728630634,0.5
0.4429023563861847,-0.767763061960916,0.07799530029296875,0.6144942161461012,-0.6700910329818726,-0.1495182668683731,-0.010868149701540092,0.053913709909746275,-0.9018054008483887,-0.6237646341323853,0.29580235481262207,0.5
1.3087433622238125,1.5573350757776594,-0.12586070597171783,-0.5677296824746659,0.6707125048083027,-0.8958728635996358,-1.2840814920322683,0.9265462540752312,-0.028923334553837776,1.1005072666071007,-0.12541637986916412,0.3333333432674408
-0.6011009975583816,-0.7635709195059541,0.6216112971305847,-0.8109833002090454,-0.697219729423523,-1.5045201315733285,-0.6901806660592114,-1.4980334667958548,-0.25719853475768234,-1.1580289602279663,1.223405361175537,0.020079450661700908
-0.16331779956817627,0.15351851284503937,-0.285798349435925,-0.8232085871976805,-0.561576247215271,-1.248498678561114,-1.4058724766467507,-0.6624067984465437,-0.2159694880247116,-1.1118269913601198,-0.7161281704902649,0.3333333432674408
-0.7057396127401234,-1.0184975326909147,0.07799530029296875,-0.7887621521949768,-0.3514476466519929,-0.5072526931762695,0.25833702490003385,-0.45551034811672286,0.6702117332680173,0.17763182520866394,-0.37881800532341003,0.5
0.1397922784090042,0.8570862328723188,-1.3792994513127725,-0.6109932065010071,0.038674826055240356,-0.8442803621292114,-1.0602474531562602,0.31376769255969783,0.7816100120544434,0.022054372512197967,-0.1258353590965271,0.5
-0.7695379853248596,-0.3219686448574066,0.6895633339881897,1.2171893809907997,-0.12221505683174388,1.4999988503586699,1.4342123739607755,0.6277931115926493,-0.2783181965351105,-0.6237646341323853,-1.2220934629440308,0.3333333432674408
-0.6179829239845276,-1.3265882812089356,1.2387059676076972,-0.11628548534536408,-0.697219729423523,1.290129282644553,0.28699330572813775,-0.4521277464028629,1.681408611775946,-0.2898494303226471,0.4644574522972107,0.6666666865348816
-0.46642789244651794,-0.024789171293377876,-1.163901124507701,2.9489488480822015,0.5590002377827817,2.298717201380726,1.7191364376481892,1.8667573420185766,-0.4030156433582306,-0.02271728403866291,-1.559403657913208,0.3333333432674408
0.21556980907917023,-0.20309685170650482,-0.05790869891643524,0.8048277170459955,-0.18177451193332672,0.12414950312043645,1.538978415301006,0.5789324079700472,-0.2159694880247116,-0.3330837532051788,-0.46314552426338196,0.3333333432674408
-0.01396735887067578,0.7116143376241397,-1.9253550707506801,-0.8926023763746725,-0.6158336400985718,0.532482754397506,0.24806489571053542,-0.9859068326429619,-0.7454977466985989,-1.3583780527114868,-0.2101629078388214,0.3333333432674408
-0.3148728311061859,1.4220750615466256,-2.0801569111431495,-0.6776565313339233,0.45239192006985657,-0.22639626264572144,-1.3201896055160407,0.09830953692323202,1.3411508490004393,1.3786533028543224,0.9704226851463318,0.5
-0.2390953153371811,-0.6785839796066284,0.34980329871177673,0.3551380680781582,-0.10038841515779495,-0.6195952296257019,1.0685644735348403,0.5612075576340863,0.15812282264232635,0.37798094749450684,-0.8847832679748535,0.3333333432674408
-0.08754027634859085,0.27239030599594116,-0.5335727334022522,0.3445642360437509,-0.5073188543319702,-0.731937825679779,0.12838276082884473,-1.1457057166895528,-2.0004927253579035,-0.22306638956069946,1.7825216246235243,0.5
-0.2390953153371811,1.2753578487110728,-2.102761984325633,-0.6109932065010071,0.10792185624662125,-1.3907511584761565,-1.7691779600607689,-0.49293264434376194,0.7192612886428833,-0.42341551184654236,1.4680651448598174,0.21444589028024008
-0.1683624777189281,-0.6191481351852417,-0.007202343804578848,-0.7220988273620605,-0.2089032083749771,0.249873697192669,0.8289376089869781,-0.5317836740750439,1.1559569729261554,0.1108487918972969,-0.041507821530103683,0.5
-1.475347173867246,-1.5379604810172347,-0.12586070597171783,-0.8705872125615062,-0.6158336400985718,-0.5222492279808887,-0.8411969665205441,-0.3597956334819867,2.0965110854866555,-0.3566324710845947,-0.8566616452146375,0.5
-0.01176275685429573,-0.4408404231071472,-0.8053807020187378,0.7866105459286566,0.0432594461840245,0.6161730289459229,2.035435464469683,0.6872306196352161,-0.7771079540252686,-0.7573306560516357,-1.2220934629440308,0.5
-0.6179829239845276,-1.0351994037628174,0.010043300688266754,-0.6528416720112251,-0.5941919150469975,1.3020203318174568,0.5930828375711129,-0.38593686005732425,1.4821250076681294,-0.20682763140587734,0.13156475201058132,0.5
-1.2768444845405365,-0.2625327408313751,0.010043300688266754,-0.7443199157714844,-0.4527188758875854,-0.22639626264572144,0.5661346179799555,-0.9777809939190885,0.34516897797584534,-0.28896991037802333,0.19574466923874584,0.3333333432674408
-0.5422053933143616,0.3939195795476965,-0.397668719291687,-0.5710402627831944,-0.5073188543319702,0.1273568099986221,0.8851357730017725,-1.3606348784242412,-0.7771079540252686,-0.2898494303226471,0.5487849712371826,0.3333333432674408
-1.6679208782172663,0.5101338624954224,-0.963585106794565,-0.8235761021591063,-0.2956690969555754,-1.4855715453069984,-1.5253541916287456,-0.6146091817019238,1.9180692372059798,0.5783300399780273,0.3801299035549164,0.3333333432674408
-0.46642789244651794,-0.6191481351852417,-0.12586070597171783,-0.6998776793479919,-0.7543786638985118,-0.2856641059861253,0.03472094300511847,-1.7701100826724336,-0.7147592306137085,-1.2915949821472168,1.6450430154800415,0.8333333134651184
-0.46642789244651794,-0.6157531760400685,0.14594730734825134,-0.8244503492250045,-0.4801901578903198,0.1309428098782586,0.33408100532756807,-1.7296306665450802,-0.2783181965351105,-0.890896737575531,1.6986100637454793,0.5
-0.16331779956817627,0.26664816683024767,0.12513406670678096,2.3354905223692235,-0.10038841515779495,2.444651296932004,1.3400535962848121,1.7174427907625005,0.47930143692753985,-0.6237646341323853,-1.6233604236481738,0.3333333432674408
0.8217899799346924,-0.1285368128047897,1.3608652624920594,0.45286565217579294,-0.2089032083749771,-0.11405368894338608,0.6216809009767597,0.42847489662800653,-1.3758592165057895,-0.2898494303226471,-0.7161281704902649,0.3333333432674408
-0.2390953153371811,-0.5597122311592102,0.21389929950237274,-0.7104758270233775,-0.6158336400985718,1.514586189123559,0.6591018538238791,-1.1027514643156755,0.9686561822891235,-0.4238727963365915,1.3090012764412124,0.5
0.1397922784090042,-1.1841775474925795,0.07799530029296875,-0.766541063785553,-0.34451538408699617,-0.2825675308704376,0.33976405773020946,0.11870792467471614,0.7816100120544434,0.2803910151651542,-0.8514236240919535,0.5
0.06401476263999939,-0.7974557876586914,-0.12586070597171783,-0.7887621521949768,-0.32935108251268164,-0.4336145231861091,-0.3627008854136939,0.02831554117143497,-0.011012733540842111,0.17763182520866394,-0.5874337523358735,0.6666666865348816
1.326325092922443,0.33182618021965027,1.1652272939682007,-0.7037212518962521,0.31774685699986943,-1.41310814167758,-1.8296813171707886,1.1576500934381901,0.0957741066813469,0.24441486597061157,0.8017675876617432,0.5
-0.08754027634859085,0.4582755923512499,-0.397668719291687,-0.5327981781525404,-0.7523332418578575,0.2229740172624588,-0.06626250435638023,-1.7965051432264048,-1.8755570559191679,-1.453455278761752,2.0466747868631674,0.5
-0.46642789244651794,-0.8055057812987138,-0.8542859324337223,0.18137717755018476,-0.04931173113805124,0.05826683328782962,1.0401742936981417,-0.08859138732443565,-0.34066691994667053,-1.064706711354474,-0.8847832679748535,0.3333333432674408
0.21556980907917023,-0.6785839796066284,0.381136716037202,-0.3443738380347437,-0.7059303619586974,1.106853267927226,1.3507160865118655,-0.7085134027188595,0.2828202545642853,-0.890896737575531,0.5025417179496717,0.6666666865348816
-0.30776686862465175,-0.2238502689040779,0.017997982820365896,0.08454638853756857,-0.3174179792404175,-0.3949100971221924,0.21282161011245648,0.2099065391894749,0.033425383269786835,0.9975455940270401,-0.37881800532341003,0.5
0.5944573879241943,1.9658180202791387,-0.8053807020187378,-0.04757422849714239,0.5845200568166369,0.11063144356012344,-0.37728342012517935,1.367124846732683,0.6569125652313232,-0.22017681434670172,-1.137765884399414,0.3333333432674408
-0.01176275685429573,0.30659306484089427,-0.397668719291687,-0.833204448223114,0.32258383288687353,-0.9854441418489465,-0.6109362106939288,-0.16443621491418128,0.5945638418197632,-0.3566324710845947,-0.2944904565811157,0.5
-0.5470756822292118,0.27239030599594116,-1.4267821786399661,1.4806557900429171,0.05607813196350166,1.1589266532486995,1.195740906798571,0.9805781147105371,0.9686561822891235,-0.49019855260849,-0.8004556894302368,0.3333333432674408
-0.9210929870605469,-0.6785839796066284,-0.33832759461999057,1.4791658935963823,-0.1766106173513643,0.6723442673683167,-0.019509974867105484,0.4039897459838882,0.15812282264232635,-0.6905476450920105,-0.7161281704902649,0.3333333432674408
0.06401476263999939,-1.213507056236267,0.07799530029296875,1.9848125432524544,0.11424990961167517,0.3139603264331894,1.210221042399299,1.5272527415610868,-0.2159694880247116,0.14742497828795686,-1.2220934629440308,0.5
0.4429023563861847,0.19894346808774593,0.5900750069614794,-0.6109932065010071,0.6636443483126435,-1.349821925163269,-1.7122331546232787,-0.09895847433400662,0.8439587354660034,1.5793891755787604,1.3618811705778722,0.8333333134651184
-0.6179829239845276,-0.41718836699092465,-0.6662334133787461,2.004965697552579,-0.7290650411936684,0.32037283682207945,0.19785582390660067,-0.4580735140470005,-0.028923334553837776,-1.5523836205047161,1.341377011449762,0.6666666865348816
-0.6179829239845276,-0.5002763271331787,-0.05790869891643524,-0.524215662057418,-0.42593276500701904,-0.06682772955328609,-0.3012197463394734,-1.5755431073515722,-0.5900617837905884,-1.2915949821472168,1.535023394521391,0.5
-0.39065036177635193,0.4043021749418406,-0.6015247106552124,-0.14970989031475637,0.3977385169486359,-0.11405368894338608,0.0091566526609641,-0.7313892250369048,-0.8394566774368286,-1.1677233342618407,-0.041507821530103683,0.5
-0.8766435467870545,-0.7974557876586914,-0.12586070597171783,0.636864504791295,-0.561576247215271,-0.0578824058175087,-0.21980311298336114,-0.5190867555246047,-0.4030156433582306,-0.4233455671485417,0.04281972348690033,0.5
-0.2390953153371811,-0.7380198836326599,0.6895633339881897,-0.6998776793479919,0.24986147829556554,-1.4059932231903076,-1.7582334049340773,-0.40163342993672374,-0.03264752594993282,0.8676085032000582,1.0547502040863037,0.5
-0.39065036177635193,-0.7974557876586914,0.14594730734825134,-0.8109833002090454,-0.45306146144866943,1.788066759427282,0.3098934369264955,-1.630614230795581,-0.7771079540252686,1.131648959850403,1.6450430154800415,0.8333333134651184
0.5186799168586731,-0.6191481351852417,0.2648413931103876,-0.6998776793479919,-0.6158336400985718,0.49908400274989606,0.24502164339902302,-1.3904469921896991,-1.2243912229885943,-0.4085370343302928,1.6450430154800415,0.5
-1.2928569364000948,-0.39857453107501073,-0.941284716129303,1.457377745195191,-0.15464581549167633,0.11063144356012344,0.9682371153003505,0.6939549228978241,1.2099727995575347,0.368191537635224,-0.8847832679748535,0.3333333432674408
-1.3256321623042184,-1.2403479525389693,-0.08743334937297159,-0.8554255366325378,-0.4801901578903198,0.616796499713869,0.1422961774583114,-1.6312248852091786,-0.5900617837905884,-0.2898494303226471,0.7191249792025524,0.3333333432674408
0.6702349185943604,2.3369353879406924,-2.0971828545782705,-0.546311740177446,1.2081045592593058,-0.7078351371590633,-0.6039438541562925,1.1664922542616805,-0.4030156433582306,0.7966040397188525,-1.1047850438484943,0.5
-0.6319099162448941,-0.5597122311592102,0.8254672884941101,-0.8652588873798528,-0.6700910329818726,-0.22639626264572144,-0.05984940242928467,-1.5887358865677903,-0.9106409572511206,0.9122452139854431,1.08376302522473,0.5
-0.3148728311061859,-0.2625327408313751,-0.4656206965446472,-0.5239684253767808,-0.42593276500701904,0.7522980249188256,0.4643850499009527,-1.2211242356049206,1.0683331995419896,-0.22306638956069946,1.1390777826309204,0.6666666865348816
-0.7903389354541204,0.15351851284503937,0.21389929950237274,0.6576876249851299,-0.8024656332403405,1.8239688798016462,0.7372701030608722,-0.9098704578066616,1.0933536291122437,-1.184896301534799,1.392060399055481,0.6666666865348816
0.5944573879241943,-1.094635248184204,0.02039165946754383,2.182799276941959,-0.39880406856536865,-0.6364147228718082,0.1276899900387723,1.250609830153953,-0.5510007365989353,-0.6905476450920105,-0.5474730730056763,0.5
0.1397922784090042,1.0389905191960915,-1.2583848402749618,-0.7220988273620605,0.5778290033340454,-1.0127942562103271,-1.5665517959681405,0.8520745916125384,-0.2159694880247116,0.4924906501628473,-1.3897526642075764,0.5
0.09405599343683232,-1.0351994037628174,0.14594730734825134,1.9200892444871105,-0.39880406856536865,-0.6195952296257019,-0.5084706875558026,0.902331884712501,-0.4683818384075489,-0.3566324710845947,-0.8847832679748535,0.5991156827694252
0.36712485551834106,-1.0351994037628174,0.6060384633899685,-0.5425880766325143,-0.683564147896998,0.16469077725932332,-0.05524544738340437,-0.41021478199782235,-0.7147592306137085,-1.7787749789657155,0.4644574522972107,0.5
-0.6179829239845276,-0.3754812117967544,0.07799530029296875,-0.9433008974060451,-0.45306146144866943,-0.6014056407051891,-0.4060037700023431,-0.8506742716923869,-0.2783181965351105,-0.49461210894919283,-0.46314552426338196,0.3333333432674408
-0.6937604546546936,-0.3814045190811157,0.29722389852674275,0.14939635368905885,-0.42593276500701904,-0.7244257573096973,-0.437798039020186,-1.0954118222858242,-0.9018054008483887,-0.8241137266159058,1.4282408796320074,0.5
-0.2390953153371811,-1.2151616286174,0.596217107064217,-0.766541063785553,-0.864634942860696,-1.0462839144128468,-0.759850202521095,-0.7835404869866059,-0.7147592306137085,0.3111979067325592,-0.37881800532341003,0.3333333432674408
-1.072648048400879,-0.6191481351852417,-0.04588266364006359,-0.8776466846466064,-0.5073188543319702,2.2856048873364543,1.5778267827288368,-0.3259475793836927,1.6782744721195073,0.5115470290184021,-0.631800651550293,0.5
0.36712485551834106,-0.5597122311592102,1.1345081388048626,-0.8776466846466064,-0.7054242413078726,-0.6195952296257019,0.8305929696160432,-1.3579905576145144,-1.303995394281485,0.7741133718751232,1.5607155561447144,0.1666666716337204
0.4429023563861847,0.009941830663641174,1.0293233394622803,-0.8998677730560303,-0.34454667568206787,-0.6195952296257019,0.24575456268053375,-1.1420404426587056,-0.7779228380902079,-0.957679808139801,0.29580235481262207,0.6666666865348816
-0.7695379853248596,-0.3814045190811157,-0.4656206965446472,1.3681276624805367,-0.1080791374699952,0.6933879437888795,1.0595120404068632,1.033216118812561,1.8777755150968194,-0.0895003229379654,-0.631800651550293,0.5
-0.6937604546546936,-0.6843259611152179,-0.12586070597171783,2.1727352729095193,-0.4801901578903198,0.5600017309188843,1.112309472072708,0.989384320725705,-1.9523644928602095,0.7786791324615479,-0.9691107869148254,0.6666666865348816
-0.6179829239845276,0.33182618021965027,0.28185129165649414,-0.13488061059842765,-0.5073188543319702,0.05446016043424606,5.548743428759271,-0.08627781419966764,0.8439587354660034,0.7118961215019226,0.41401347289360685,0.3333333432674408
-0.01176275685429573,-0.4408404231071472,-0.5095236636534946,-0.02322446578093057,-0.5887049436569214,0.16680273413658142,-0.21799851348664226,-1.1028558497912093,-0.8394566774368286,-1.8640307221684498,1.1795694094509628,0.6666666865348816
-0.5422053933143616,0.25504938796156545,-0.9200395116978547,0.9931863001214947,-0.45306146144866943,0.40051210053470465,0.3351958323358151,0.22356585948241894,0.6094585901348394,-0.7573306560516357,-0.46314552426338196,0.5
-0.6937604546546936,-0.7974557876586914,1.1652272939682007,1.2805577788473614,-0.29015354199259047,0.7846868634223938,0.5139570279252874,0.7616822877618469,-0.0870071876084644,0.4447639584541321,-1.2220934629440308,0.5
1.202222094210079,0.19694313759031418,1.740663804877331,-0.6109932065010071,11.70323610337574,-1.4433331954656883,-1.7694713708368779,0.40587128478341516,-0.34066691994667053,1.901421566118733,1.3274762607364914,0.5
-0.2390953153371811,-0.6191481351852417,0.5571850582664523,1.7272568086928257,-0.39388604606947764,1.4368779528383382,1.0068136365954639,1.4857630015228294,0.5523510470517563,0.29424304267852075,-1.559403657913208,0.3333333432674408
-0.9780971851799627,-0.6191481351852417,-0.2617647051811218,-0.8554255366325378,-0.7986295975698628,0.2791453003883362,-0.6446728953001979,-1.6863812100376059,0.9686561822891235,-0.957679808139801,1.223405361175537,0.5
-0.01176275685429573,0.042731600419873186,0.16167123280771611,1.0801998336995409,-0.42593276500701904,1.8925793865969793,0.778545451674738,-0.02325450959603966,0.34516897797584534,-1.2915949821472168,0.44032754056820833,0.5
0.27705347831325133,-0.4408404231071472,-0.05301072390881236,1.3835441217839248,-0.6429623365402222,-0.3387388288974762,-0.4741131423834224,-0.102738274709476,-3.034025635996464,-1.1580289602279663,0.21580565412514985,0.1666666716337204
1.5256763182322528,0.8834540300397634,0.07799530029296875,-0.6776565313339233,0.5778290033340454,-1.488628548253383,-1.8314599131313354,1.0809874806365074,0.34516897797584534,0.17763182520866394,-0.8847832679748535,0.3333333432674408
-0.16331779956817627,-0.5597122311592102,1.8089103386756054,2.979926286321734,-0.42838655178401003,1.9637605835069876,1.3834145577424686,2.093099238084866,-1.5653978533160748,0.3078049406800862,-2.0123617220441457,0.3333333432674408
-0.46642789244651794,-0.20309685170650482,1.991138814590022,1.951154982676478,-0.2518350071412869,3.7266634502794083,1.4537971695970069,1.26039772666849,-0.9585612330705807,-0.7671186448561566,-1.559403657913208,0.5
2.633024492893763,-0.08422506600618362,1.1652272939682007,-0.03496887909077315,0.6239621037049752,-1.4059932231903076,-1.8141723626463444,0.6268046401309756,-0.2783181965351105,1.460809302232003,1.813698172569275,0.8333333134651184
-1.0998205746295668,-0.6785839796066284,-0.12586070597171783,-0.766541063785553,-0.6158336400985718,1.6794160477830753,0.3776689410262599,-1.408452115517849,0.16216034107513977,0.3111979067325592,0.7156690280451222,0.5
-0.5510859186757741,-0.013262143825406093,0.010043300688266754,0.5190348349798624,-0.561576247215271,0.9212134644661942,0.3280166918546888,-1.062970478252956,0.033425383269786835,-0.6237646341323853,1.663052943464765,0.5
0.1397922784090042,-0.1446073192990965,1.0841383802333349,-0.8541852109402904,-0.10038841515779495,-0.3387388288974762,-1.0467883259122193,-0.13655876996511357,0.8439587354660034,0.5115470290184021,0.3801299035549164,0.5
-0.9968705177307129,-0.9192285934041156,-0.47033044311291583,-0.8109833002090454,-0.2631605863571167,-0.3078782389341391,-0.357778589591091,-1.4561080723171396,1.3427485227584839,0.3111979067325592,1.3678701848280426,0.6666666865348816
-0.9210929870605469,-0.8568916916847229,-0.397668719291687,1.5268371388999975,-0.42593276500701904,0.2766650278864855,0.11535630354063574,0.43332685715278285,0.0957741066813469,-0.41402017890837306,-0.8004556894302368,0.3333333432674408
-0.2390953153371811,-1.0351994037628174,0.34980329871177673,-0.7220988273620605,-1.0157931534641391,-1.0089226395251292,-0.9233018093015032,-1.2686627567059037,-0.5277130603790283,0.15582903855198446,1.0999462286263912,0.3333333432674408
-0.3148728311061859,-1.3497264441703212,0.8254672884941101,-0.7220988273620605,-0.6158336400985718,-0.3382567920360252,-0.3188668712666035,-0.7690749131515179,-0.028923334553837776,0.715262923916976,0.29542344128452763,0.5
0.5944573879241943,1.7464776141557803,-0.4305316723151784,-0.35979851165365534,0.5058327557236363,-1.349821925163269,-1.5594452242737238,1.3301747654247877,1.09464592652644,-0.02271728403866291,-0.8153093858155267,0.3333333432674408
-0.6179829239845276,-0.4408404231071472,-1.0059392380485128,1.2271886335429842,-0.37167537212371826,1.288933813730838,0.9681094684320526,0.625120322576627,-0.2783181965351105,-0.01104015444668542,-1.137765884399414,0.3333333432674408
-0.08754027634859085,0.015593530991131824,0.07799530029296875,-0.7887621521949768,-0.45306146144866943,-0.0578824058175087,-0.11850918882892278,-1.3518825543747661,-0.46536436676979065,-0.0895003229379654,1.813698172569275,0.6666666865348816
-0.46642789244651794,-0.3601482037108713,1.4937777671886854,-0.11832297419539971,-0.8806593731347817,-0.8442803621292114,0.9041840821176932,-1.2594917133644836,-0.4030156433582306,-0.5569815635681152,1.6301960633322137,0.5
-0.16331779956817627,-0.5597122311592102,-0.05790869891643524,1.7528203549721895,-0.37167537212371826,1.3680715160798014,1.917462531762588,0.9169243978746485,-0.2159694880247116,0.5115470290184021,-0.5757177295948239,0.5
-0.16331779956817627,0.03464672341942787,-0.5335727334022522,0.14685171828385263,-0.07325971871614456,1.0126513335478153,1.231620840435825,0.1555063465356075,0.2828202545642853,-0.10755322331384327,-0.9691107869148254,0.3333333432674408
-0.16331779956817627,-1.0351994037628174,-0.19381269812583923,-0.37408163910274506,-0.2089032083749771,1.0430137150630414,1.3655573419079892,-0.38979624211837294,-0.05128239052691158,-0.2898494303226471,-0.20088377986466857,0.3333333432674408
0.3216855896053734,1.668985341963599,-2.0684415502352125,-0.6998776793479919,0.46081004555096494,-1.0127942562103271,-1.501756422770942,0.37771026764009247,0.46986642479896545,-0.49019855260849,-0.37881800532341003,0.5
3.424540663616251,0.27239030599594116,0.8830513606801865,-0.6332142949104309,0.6031479744638625,-0.2825675308704376,-1.5809702129611958,1.2495177694225685,-0.09127205610275269,1.8185532336153765,0.4644574522972107,0.6666666865348816
-0.01176275685429573,-1.0122185522426297,-0.12586070597171783,-0.7924037188667209,-0.42593276500701904,-0.0578824058175087,-0.08887905147434072,-0.8959718928357495,0.033425383269786835,-0.34903266659855947,0.05148893072108796,0.5
0.06401476263999939,-0.7307026200488912,1.1652272939682007,-0.8554255366325378,-0.10836208238272156,0.8603046669936837,0.2504257825947223,-0.6185393971372802,-1.0888515710830688,-0.22306638956069946,-0.631800651550293,0.3333333432674408
-0.3148728311061859,0.03464672341942787,-0.4656206965446472,1.8774051306634063,-0.04613102599978447,0.11063144356012344,0.5690951142951487,0.8098994289750409,-0.8013572486755353,0.04406575486063957,-0.9691107869148254,0.3333333432674408
-0.39065036177635193,-0.6191481351852417,-0.19381269812583923,0.20635411722794872,-0.3174179792404175,0.2229740172624588,1.117954312005187,0.2762340085244289,1.4914246073652682,-0.49019855260849,-0.1258353590965271,0.5
0.4429023563861847,1.430348377320183,0.14594730734825134,-0.6008049800692999,0.522403065645912,-0.9566229581832886,-0.5208864911758831,0.9614983395551008,1.0933536291122437,0.099344481320228,-0.7161281704902649,0.3333333432674408
0.8932155692795648,-0.5586593496696176,0.010043300688266754,0.6217095944508172,-0.4801901578903198,0.16680273413658142,1.2022223978394153,0.6076197875809044,-1.1545892221119574,-0.8241137266159058,-0.9691107869148254,0.3333333432674408
6.353549003601074,-1.5701223611831665,9.11561107635498,-0.9887523055076599,-1.2940510511398315,14.546651840209961,5.739711284637451,5.3161420822143555,4.896625518798828,9.794388771057129,3.078611373901367,0.0
0.6779587635847605,-0.8568916916847229,-0.3297167122364044,-0.6554354429244995,-0.43118569362067133,0.6161730289459229,0.43841237815971773,-0.26049108331032744,-0.995891512434708,-1.2214300261492717,-0.9691107869148254,0.3333333432674408
1.0369343019907251,0.02526206467145788,1.3137985814981659,-0.512140793925274,1.3535459965402898,-1.349821925163269,-1.8220697646292978,0.9342950318705534,-1.0058740872256446,0.24441486597061157,0.31339965012266163,0.6666666865348816
-0.6937604546546936,1.2034323166866823,-1.8277302024090805,-0.3964408051604556,0.19393126293897214,0.2229740172624588,-0.012131519376138393,0.676434372762999,1.957064261744576,0.9122452139854431,-0.21079030661533354,0.3333333432674408
1.120847507415548,-0.14366096258163452,1.210006332720264,0.36143134881865424,0.7164583929229171,-1.5726869965103982,-1.8971688694397553,1.1678968171526445,0.7192612886428833,0.6451131105422974,0.5487849712371826,0.3333333432674408
-1.0540293755625563,-0.4134931025920949,-0.5431271450853508,-0.5280523722221417,0.04045254484855789,-0.731937825679779,-0.6331619174819945,-1.1333387543055953,0.46986642479896545,-0.7573306560516357,0.9704226851463318,0.5
-0.3148728311061859,-0.9851613267457666,0.5347750334444604,-0.6554354429244995,-0.4613300013924607,1.6873725165883142,0.9935416395693168,-0.2003597012608748,2.5849656148101077,0.6165112372830688,0.3200035578598809,0.5
0.21556980907917023,-0.08422506600618362,-0.3297167122364044,-0.27935830990645755,-0.2631605863571167,-0.17022497951984406,0.49746675321640244,-0.8380843375790826,-0.2159694880247116,-0.2898494303226471,0.9534895569060897,0.5
-0.8453154563903809,0.21295440196990967,-0.8432654920895094,-0.74394897324414,0.06432910317477673,0.05446016043424606,-0.3766974272458361,0.15108699030665831,2.508165764512858,0.3111979067325592,0.05892764717613491,0.5
-1.2610455809356929,-0.7974557876586914,1.2725095569585079,0.7624262221622407,-0.6158336400985718,0.8751203391331828,0.37742225251231093,-0.304091467767253,1.3255369308711624,-1.0244628190994263,0.6331125497817993,0.5
1.323098104873057,-0.024789171293377876,2.104019230503494,-0.6001306737117363,15.028512159859988,-1.349821925163269,-1.505685433826054,1.3641438481182981,-1.3858327661227616,8.969616842677919,-0.5311340595500459,0.3333333432674408
-0.9968705177307129,3.3148156685385524,-2.0463798581656936,-0.766541063785553,0.7290355592488721,-1.1813081502914429,-1.6574696137117444,0.15924943203178085,2.052202453621997,0.7605350566820714,0.08129831502775069,0.6666666865348816
-0.24468293246855383,-0.5002763271331787,0.14594730734825134,-0.6554354429244995,-0.7786058187484741,-1.349821925163269,-1.1029742470926545,-0.8734355535657922,0.0957741066813469,0.23625298773717046,0.4644574522972107,0.5
-1.0967747749214443,-0.6191481351852417,-0.3297167122364044,-0.30414094789217583,-0.4801901578903198,0.6723442673683167,0.5225437167419014,-0.6725224632098981,0.46536909713469315,1.65593301905797,0.04281972348690033,0.5
0.21556980907917023,-0.3219686448574066,-0.06890564880509151,0.5233073416800581,-0.5073188543319702,-0.22639626264572144,0.5984114564287463,-0.6161726305954308,0.5945638418197632,-0.6979941782602044,1.4704307869864632,0.5
-0.5422053933143616,-1.213507056236267,0.5536593198776245,1.1319405102091193,-0.6429623365402222,-0.15461179257903765,-0.3859602603847273,-0.14993215859923306,0.5945638418197632,-1.3166436086184534,0.4644574522972107,0.5
0.1397922784090042,-1.094635248184204,-0.16041701777384879,0.5414608689613075,-0.12751711905002594,0.16680273413658142,0.9637846872021543,0.7308524573867005,3.0276949834772617,-0.49019855260849,-0.7161281704902649,0.5
-0.7695379853248596,-0.038363607027998105,0.4177553057670593,0.2633484520310949,-0.34454667568206787,1.065543293952942,0.6893327331716357,-1.0229264366217374,-0.7147592306137085,0.1108487918972969,1.2545291719417269,0.5
0.29134732484817505,-0.5002763271331787,-0.397668719291687,-0.4375924924452817,0.6923053348973448,-0.6806206112796799,-0.5451104440379146,-0.11135792701043609,-0.9018054008483887,-0.22306638956069946,-0.37881800532341003,0.3333333432674408
-0.01176275685429573,0.41189427482487107,2.161540040637335,1.7377781574301934,-0.3269297989055302,1.1121770000410376,1.5585172745653302,1.2088516215462015,-0.7147592306137085,-0.2898494303226471,-1.3945696322211023,0.5
0.21556980907917023,-1.0351994037628174,-0.18798912778942337,-0.01944858213019987,0.238596228702255,0.2751434092403255,-0.19788897026143756,-0.6689665149799608,-0.2783181965351105,-1.416947343366229,-0.041507821530103683,0.5
0.36712485551834106,1.0472092567112317,-0.05790869891643524,-0.6680360871944775,0.6669059639166428,-0.9140766507656197,-1.6753186852275557,0.38322228825952914,1.4941653861871527,0.6451131105422974,0.37115058020369635,0.5
2.597057315342602,0.8739953012035084,1.1652272939682007,-0.024624453952130955,1.7178867666578752,0.32636559897556383,-0.11944570125079686,1.31808495442945,-0.8757208799670193,1.2831315617537609,-0.8847832679748535,0.3333333432674408
1.0052952766539671,-0.007402173766653329,-0.2617647051811218,-0.5887720584869385,1.00303338131487,-0.7717185815564649,-1.6779953542850925,0.2337046743076084,-1.4005951881408691,0.5604936531478727,0.4316531188812278,0.3333333432674408
-0.6179829239845276,1.0104656836126225,0.041166675860398634,0.4544102167776853,-0.10038841515779495,0.2229740172624588,1.629644086267047,0.2961128025337744,0.2204715460538864,0.23961379457742166,-0.9595836042428889,0.5
-0.29189977864710226,0.589856788149596,-1.454611030344621,-0.17432201108721135,-0.2089032083749771,-0.8442803621292114,0.14166631775245134,0.27888400073566755,0.8310080157695379,-0.42341551184654236,-0.8847832679748535,0.3333333432674408
-0.6937604546546936,0.6253953645829242,-0.42372770931629034,-0.4998875558376312,-0.8328632116317749,0.5600017309188843,0.8817306701817065,-2.3423204743968706,-0.46536436676979065,-1.2114534993464405,2.8996749706172107,0.5
1.1648944818597982,-0.024789171293377876,0.8903933783339524,-0.6554354429244995,0.2725645924572817,-0.16488241165815132,-0.3036387537326225,0.46724948292258955,0.5322151184082031,0.575536604753246,-0.2944904565811157,0.3333333432674408
-0.01176275685429573,0.3208987154590494,-0.397668719291687,-0.7887621521949768,-0.2902892827987671,-1.1251368522644043,0.24747179795551497,-0.7918879882534838,-1.3464009289348595,-0.957679808139801,-0.6657371612989442,0.5
0.29134732484817505,1.5150806807709134,-1.9890199414978167,-0.6998776793479919,0.5687033696769863,-0.03665541973081998,-0.41300654363224315,0.5838431616149439,-0.028923334553837776,0.9655701539892054,-0.8004556894302368,0.3333333432674408
-1.072648048400879,-1.0443547528587975,-0.05790869891643524,-0.8769146818730981,-0.8328632116317749,0.2791453003883362,-0.6629630449200331,-2.075880820390282,-0.2159694880247116,0.909986326082923,1.813698172569275,0.8333333134651184
-0.5422053933143616,-0.7380198836326599,1.6585219435686887,1.2571729059400045,-0.2729691658534947,2.1192272081776116,1.5028075810578263,0.5626004020064189,-0.7147592306137085,-0.6905476450920105,-1.0534383058547974,0.5
-0.5422053933143616,-1.2222388747413255,0.28185129165649414,-0.8109833002090454,-0.4801901578903198,0.8420416697145325,0.05445015300322674,-1.3564434686072175,-1.151200294494629,1.7542398665503591,0.6331125497817993,0.8333333134651184
0.21556980907917023,-0.9757634997367859,-0.2945692093248424,-0.7862885115025452,-0.6895427743741993,-0.0578824058175087,0.4774772516870863,-0.6977620713818661,-1.213549017906189,-0.890896737575531,-0.041507821530103683,0.5
-0.16331779956817627,-0.3814045190811157,-0.12586070597171783,2.178913816574958,-0.15464581549167633,-0.17022497951984406,-0.1991156327896853,1.4163929711666305,0.5322151184082031,-1.1339353444515277,-1.0534383058547974,0.3333333432674408
-0.6937604546546936,-1.4247604279231754,-0.12586070597171783,0.968296720881093,-0.37167537212371826,1.4508701964308701,0.19905033890587806,0.28707791047247083,0.9686561822891235,-0.19293161247408722,0.21147480607032776,0.6666666865348816
0.06401476263999939,0.8977780698786328,4.589641761980752,-0.5665509104728699,13.99577393551739,-0.846056235301005,-0.4192880294176734,0.9560571262674167,-0.15362077951431274,0.04406575486063957,-0.8004556894302368,0.3333333432674408
-1.072648048400879,-0.8568916916847229,0.6895633339881897,1.5098161652702096,-0.5717004590895163,0.39405357966300597,0.6567711496719494,0.6276857476674501,-0.15362077951431274,-1.0912458896636963,-1.0534383058547974,0.3333333432674408
-0.6937604546546936,0.3672447533223635,-0.9446293294796609,-0.7887621521949768,-0.10038841515779495,-0.2825675308704376,0.029589367239812724,-0.35927083150085076,1.7314567719247396,0.17763182520866394,-0.1258353590965271,0.3333333432674408
0.21556980907917023,0.21295440196990967,-0.07998327336873698,2.312889103674833,0.4977711225321366,0.4476591646671295,0.630907752755112,1.3397710669426661,-0.6524105072021484,-1.3616440710887487,-1.559403657913208,0.3333333432674408
0.21556980907917023,-1.05516784663594,0.34980329871177673,-0.8109833002090454,-0.45272120159355617,-0.0578824058175087,-0.4220228911386,-1.4993598055941075,-2.0073254560086946,-1.0244628190994263,1.1350813577271421,0.3333333432674408
0.7550553602703789,2.5685525553738655,-1.6550387579112977,0.018135479924307876,0.9281435633445638,-1.0689655542373657,-1.446244356292292,0.7799088832749578,0.0011332074227262956,0.08518575029915541,-0.8847832679748535,0.3333333432674408
-0.026690743828437148,-0.7974557876586914,-0.006542531780265384,-0.8391467292441461,-0.4801901578903198,0.5038304328918457,-0.2875764590615206,-0.8553181886672974,0.0957741066813469,-1.0912458896636963,0.3801299035549164,0.5
1.177853515196609,-0.6191481351852417,-0.05790869891643524,-0.8554255366325378,-0.37167537212371826,-1.0689655542373657,-1.2649163486577886,-0.43696978112465235,-0.34066691994667053,-0.0895003229379654,0.6331125497817993,0.5
-0.7816930069461163,1.8856982520904333,-1.4861886508868927,-0.6554354429244995,0.7251996507666907,-0.0578824058175087,-1.501511099101229,1.3701781224403202,3.869459252522254,2.0634446506578863,-0.8004556894302368,0.3333333432674408
-0.46642789244651794,-0.3814045190811157,1.3362371450519364,-0.766541063785553,0.42312005019987936,-1.108066591856354,1.0528669271216275,-0.5684682373499855,-0.8394566774368286,0.7118961215019226,-0.041507821530103683,0.3333333432674408
-2.1494149267455427,0.42537679294046205,-1.3957717739719409,-0.5665509104728699,-0.42593276500701904,0.7443488115809592,0.29514654423432096,-1.0694559716512213,1.9010489556020373,1.253588186298768,1.340565762133185,0.5
6.353549003601074,-1.5701223611831665,9.11561107635498,-0.9887523055076599,-1.2940510511398315,14.546651840209961,5.739711284637451,5.3161420822143555,4.896625518798828,9.794388771057129,3.078611373901367,0.0
0.2601238081569025,0.7729461332625076,-0.12586070597171783,-0.29850911519078843,-0.7243484258651733,0.2229740172624588,-0.19593897684907466,-1.1171040832812695,0.033425383269786835,0.17763182520866394,1.6450430154800415,0.8333333134651184
-0.6179829239845276,0.39182756618630793,0.21389929950237274,-0.7443199157714844,0.2540252498482553,-0.731937825679779,1.1560088725899353,-0.4052912401826693,1.2646298102157008,0.17763182520866394,-0.041507821530103683,0.3333333432674408
-0.5422053933143616,1.667494716916335,-1.6100428500133652,-0.6998776793479919,0.6642632444638625,-0.8442803621292114,-1.5016859716471767,0.9610069866131177,2.388538646575183,1.3041903278971514,-0.7161281704902649,0.3333333432674408
-0.7695379853248596,-0.5597122311592102,-0.05790869891643524,-0.8788451902038207,-0.3174179792404175,-0.034641028441154104,-0.09696809993821187,-0.9698294176594455,0.5945638418197632,0.17763182520866394,0.04281972348690033,0.3333333432674408
0.30696208571730366,0.33182618021965027,0.6895633339881897,-0.25893077890239136,0.32864723912238575,-0.45108139514923096,-0.8639391158265858,1.1808646656872843,1.76521281784067,2.892639779679114,0.21147480607032776,0.6666666865348816
-0.01176275685429573,-1.0351994037628174,0.07799530029296875,1.337586460253397,0.14378123934879855,1.5912550007416046,1.487781662185044,1.286466778323979,2.3078112676595857,-0.957679808139801,-0.9691107869148254,0.5
-0.2390953153371811,-0.3455441821892874,-0.2617647051811218,0.21838339442483984,-0.2631605863571167,0.6723442673683167,1.8255562062952926,0.43126078542560925,0.21542404934819193,-0.0895003229379654,-0.7315200712424121,0.5
-1.148425579071045,-0.7380198836326599,-0.5335727334022522,-0.9198724028169016,-0.4801901578903198,1.6207997315600458,0.19286986744050533,-0.6175467411168684,1.8138888693219053,0.2610186339789589,-0.46314552426338196,0.5
1.0479089739485474,-0.9163275957107544,2.3262890222979316,0.2547461198768381,-0.5073188543319702,1.2818320825031728,0.98039153483635,0.434110857710218,-0.7771079540252686,-0.0895003229379654,-0.7161281704902649,0.5
-0.5422053933143616,-0.17390348634126512,-0.397668719291687,-0.8776466846466064,0.7996939941880057,0.33531656861305237,0.9198647658589241,-0.319700066483621,0.34516897797584534,-0.7479249850352965,-1.372094370801156,0.5
-0.3148728311061859,0.33182618021965027,-0.5335727334022522,-0.8203982883851321,0.062383756041526794,-0.5987031123842177,0.3499966536230603,0.09031430864443421,-0.5277130603790283,-1.0244628190994263,-1.559403657913208,0.3333333432674408
0.2114606064118048,-0.8929492712371906,0.28185129165649414,0.7456657956777628,-0.6341511096747939,-0.7025410214100096,-0.10517976520213815,-0.18882795939670366,-1.5778015391475064,0.9790282845497131,-0.041507821530103683,0.6666666865348816
-0.3148728311061859,-0.7380198836326599,0.28185129165649414,-0.6458534901984911,0.4522219425991971,-0.9566229581832886,-1.4864862265183467,-0.4527145576821129,0.9721256104939869,0.9164685384388364,1.811349355025102,0.5
-1.6622527199375834,-0.8568916916847229,-0.2617647051811218,0.46148266948820194,-0.8328632116317749,-0.23435133971377625,-0.14526774531116446,-0.7133871510686719,0.7192612886428833,-0.5569815635681152,0.21147480607032776,0.6666666865348816
-1.039292817935587,-0.6191481351852417,0.4857073128223419,-0.8998677730560303,-0.7758870248169254,-1.3131777402348472,-0.7089916326258694,-1.2147623528502804,-0.3511959996361699,-0.2898494303226471,-0.041507821530103683,0.5
-0.7695379853248596,0.13874799558630124,-0.8575240725469392,-0.7842984398673424,-0.055782214131322415,-1.1758875186449333,-1.457287174542162,-1.1067623448995965,1.7028825747578344,-0.957679808139801,1.813698172569275,0.5
0.8811273365671268,-0.8568916916847229,0.6895633339881897,-0.8109833002090454,-0.18177451193332672,0.46624554610743335,1.094512983559364,-0.5181643901693036,-0.9018054008483887,-0.15628336369991302,-0.35757355482877967,0.5
2.250723518762433,-0.3814045190811157,1.1652272939682007,-0.5887720584869385,0.7742018734334668,-0.7881091237068176,-1.1564475749409073,1.033216118812561,0.5322151184082031,1.2829001167074747,1.3755053982204615,0.5
-0.39065036177635193,-1.5125377608969408,-0.05631587331363478,-0.8109833002090454,-0.3350950616851741,0.166570575709719,-0.17427355085654708,-1.242103304493512,-0.028923334553837776,0.7786791324615479,0.5487849712371826,0.6666666865348816
0.6702349185943604,0.39431608823835046,1.3858766149609631,1.7598482990002686,-0.42593276500701904,0.964592315001617,1.0991819576834536,1.2231402327032719,-0.6524105072021484,0.9790282845497131,-1.306420922279358,0.3333333432674408
-0.46642789244651794,-0.20309685170650482,-0.2617647051811218,1.2691203629014363,1.4669639592075379,1.9701468668100615,2.0774992363968465,0.36418850772014666,-0.4953606036260947,0.04406575486063957,-0.46314552426338196,0.3333333432674408
-0.6573770212074493,0.6060217630583042,-1.5496842100865613,-0.642029479428353,2.1747365024625633,0.2229740172624588,0.18836514911203847,0.36413778779163686,0.11883821091824064,1.0546224587448463,-0.8847832679748535,0.3333333432674408
0.25490130684779827,-0.5002763271331787,0.5085157421464197,1.9563630942617978,-0.42593276500701904,1.6554752014647889,1.1464452146612267,1.1909379353244636,0.0957741066813469,1.299361316093565,-0.46314552426338196,0.5
-0.3148728311061859,0.09408261626958847,1.1652272939682007,-0.5665509104728699,-0.2089032083749771,1.065543293952942,0.9622903380624444,-0.07440960842143995,-1.0888515710830688,-0.2898494303226471,-1.0534383058547974,0.3333333432674408
0.7460124492645264,0.5279850758794127,1.0603299370840555,-0.5539165286057647,0.4118850722836857,-1.2692517338335285,-1.6746946166413368,0.6681519616677837,0.9063074588775635,-0.15628336369991302,1.1459480919567795,0.5
0.3419258692918684,-0.08422506600618362,-0.19381269812583923,-0.6998776793479919,-0.11108026596036996,-1.2936506271362305,1.1188828627928464,-0.03499947288776463,-0.7516159003138762,1.130608964680052,-0.8847832679748535,0.3333333432674408
0.5944573879241943,0.6752713303754011,-0.5851934638100947,-0.7737667481372194,0.0984881217146596,-0.8934265019045736,-1.4482701410615526,0.6283945996669299,0.2828202545642853,2.182310757898706,-0.2944904565811157,0.5
-0.5149315320436099,-0.14366096258163452,-0.4656206965446472,0.31307673414683634,0.6755592848753879,0.6161730289459229,1.155954651694319,0.3976782713248281,-0.15362077951431274,0.47935558749390433,-0.5313276333555487,0.5
0.1397922784090042,1.309389447196552,-0.12586070597171783,-0.36032657704956095,0.012697623858248129,-0.9566229581832886,-1.0850173554440965,0.9915978003037856,-0.09127205610275269,0.37798094749450684,-0.5474730730056763,0.13335313614874666
-0.9968705177307129,-0.6191481351852417,0.9719694732079895,-0.7443199157714844,-0.2360319048166275,1.0016658153783504,0.5084028796692059,-1.311856553687197,0.7981708387899105,0.24441486597061157,0.6331125497817993,0.5
0.4429023563861847,-0.8568916916847229,0.4857073128223419,-0.6998776793479919,0.3449134810204328,-0.90045166015625,-1.2744949036810733,0.29698969501541655,0.5945638418197632,0.36801899778490377,-0.12098314698004724,0.5
-0.2957753638964605,-0.14366096258163452,-0.4656206965446472,1.0188591025350868,-0.38687361731761516,1.7587558389197848,1.853070018708244,0.731605209788616,-0.4030156433582306,-0.19200754006586654,-1.371159502146312,0.3333333432674408
1.4024324332586835,1.4684620597641431,0.285801289122112,-0.6776565313339233,0.733125070077513,-0.3387388288974762,-0.7643728086775357,0.9794363730671302,0.5322151184082031,1.0967680753211269,-0.8847832679748535,0.1666666716337204
0.06401476263999939,-0.9166690775565929,1.1652272939682007,-0.8998677730560303,-0.24203513239689906,-0.7133152369656699,-0.06064604473473372,-1.2015615183291033,-0.7147592306137085,-0.2898494303226471,-0.1258353590965271,0.3333333432674408
-0.6179829239845276,-0.5597122311592102,-0.19381269812583923,-0.7887621521949768,-0.5073188543319702,0.7558435683046814,0.5335086376952496,-1.3866360727110671,-1.2177869685347813,0.7720848365571729,0.7174400687217712,0.3333333432674408
-0.46642789244651794,-0.14366096258163452,-0.20871590333124768,-0.5789466330392302,0.2084520249516235,0.16680273413658142,-0.9451824837549523,-0.6858193164409663,-0.19858212364623787,1.282336736381721,0.5264172793292949,0.5
-0.8453154563903809,-0.024789171293377876,-1.1271403879674995,-0.7443199157714844,-0.3503629592362245,-0.6195952296257019,-1.0139311440844212,-0.12011793728865926,1.465062407353658,1.5746043429227092,-0.2101629078388214,0.3333333432674408
-0.3148728311061859,-0.7380198836326599,-0.4656206965446472,-0.5887720584869385,-0.5073188543319702,0.15294372296850264,0.31438939031098107,-1.2503730786853944,0.12591331495500868,0.6451131105422974,1.1390777826309204,0.5
-0.7695379853248596,0.27239030599594116,0.14594730734825134,-0.7887621521949768,0.7247502981732764,-0.731937825679779,-0.4513680107184667,0.16828512229396414,0.5945638418197632,0.3509229263715489,-0.7161281704902649,0.5
0.29134732484817505,-0.4408404231071472,-0.397668719291687,2.233946991787105,0.4693653342317928,-1.1155823232004873,0.183568713515585,1.436169835159661,-0.2159694880247116,-0.6905476450920105,-0.8847832679748535,0.5
6.11650758808623,7.345261573791504,8.4498992994778,-0.9887523055076599,-1.294038556967748,-1.630678415298462,-1.9040257930755615,-2.504413366317749,4.896625518798828,-2.092991352081299,3.078611373901367,0.0
6.353549003601074,-1.5701223611831665,9.11561107635498,-0.9887523055076599,-1.2940510511398315,14.546651840209961,5.739711284637451,5.3161420822143555,4.896625518798828,9.794388771057129,3.078611373901367,0.0
-0.16331779956817627,-0.8568916916847229,0.14108542762118947,-0.2286232396964313,-0.39880406856536865,-0.5072526931762695,-0.034469289833277315,-0.561368899189193,-0.5900617837905884,-1.3581327383756534,0.17058750808913828,0.5
0.4429023563861847,-0.024789171293377876,1.1652272939682007,-0.5011243474345968,0.5778290033340454,-1.349821925163269,-1.6225501732779852,0.7785955305349589,1.056067507959755,2.666803075950714,2.464211971034445,0.6666666865348816
-0.5422053933143616,-0.9163275957107544,0.07799530029296875,-0.2979899371486626,-0.2631605863571167,1.2365983104001275,0.8044760631927308,-1.2448141978276483,0.033425383269786835,-1.0244628190994263,0.7174400687217712,0.3333333432674408
-0.8453154563903809,0.15351851284503937,-0.8015726486420297,-0.5887720584869385,0.06717795174814883,-0.3706087331935844,0.4363121044930975,-0.16453174263828432,0.08965241194980611,0.3436301814728718,-0.5474730730056763,0.3333333432674408
-0.7695379853248596,-0.6191481351852417,-0.043145724092857336,0.2781397470868634,-0.45306146144866943,0.5600017309188843,0.23287138239939,-0.09638871036190802,-0.2783181965351105,0.5921524191535342,-0.7155514995483014,0.6666666865348816
0.06401476263999939,-0.6559359907629748,1.3045239327766394,0.40985829617128866,-0.5206340863355788,1.1217145919799805,0.6408633608150972,0.3978652576301895,-0.6524105072021484,0.3111979067325592,-1.0945956639222354,0.3333333432674408
0.4429023563861847,2.425333565762429,-2.1644208431243896,-0.6167724969826704,0.27608102984115196,-0.8442803621292114,-1.717233744654957,0.20568419163207277,0.5322151184082031,-0.22306638956069946,0.5487849712371826,0.3333333432674408
1.5238202203669755,-0.08422506600618362,0.5185464413068951,-0.4169961040708881,1.3554476685225763,0.6161730289459229,-0.198810195996689,2.5803547001061897,0.0957741066813469,4.974483965654159,-1.306420922279358,0.3333333432674408
-0.3148728311061859,-0.7974557876586914,0.21389929950237274,1.5267246185979926,-0.2360319048166275,0.9749306779221157,0.5755180943635357,1.3935616799197632,1.1418259476182564,-0.5569815635681152,-1.306420922279358,0.3333333432674408
1.0476810754049943,1.5157083930446602,-1.586990523000317,-0.230466646619525,0.6082574789469943,-0.9566229581832886,-1.1009841249085501,1.033216118812561,-0.21944390840190584,-0.22306638956069946,-0.8847832679748535,0.3333333432674408
0.5899520734525172,-0.5597122311592102,-0.2617647051811218,0.706823087425241,-0.04613102599978447,1.8716224273240412,1.575712786392492,0.42308192260287886,-0.26770640985187427,-0.8241137266159058,-0.5066378317949114,0.5
-0.6937604546546936,-0.9757634997367859,0.34980329871177673,-0.43826200911064084,-0.2360319048166275,0.39148786664009094,0.2516540499391212,-0.3309394330237267,-1.2178873014323557,0.17554127057038527,-0.9691107869148254,0.5
-1.224203109741211,4.732780351628353,-0.7490111515903257,0.2917044979617275,-0.34454667568206787,-1.4059932231903076,-1.620626394022463,-1.250771623109787,0.9686561822891235,-1.3961443909391436,1.952285517207614,0.004778480502737047
-0.01176275685429573,-1.0351994037628174,-0.05037453692415188,0.7655061459776558,-0.5073188543319702,-0.22639626264572144,-0.659900240044404,-0.23599461342411251,0.2828202545642853,-1.0912458896636963,0.4644574522972107,0.5
-0.16331779956817627,-0.6785839796066284,0.42772150736474945,-0.8109833002090454,-0.8328632116317749,1.065543293952942,-0.25342316564903233,-1.4630164684319968,-1.118397049208809,0.6380958731528887,0.7903418192651778,0.5
1.0340199990158736,0.7415242053698317,-0.12586070597171783,-0.6688177733474945,0.8385564604261071,-0.3387388288974762,-0.9847195809992269,1.3415254120565479,1.371350113584922,0.3293530789625508,-1.101609198975619,0.3333333432674408
0.09241483996094876,-0.4408404231071472,-0.2617647051811218,0.9887990816065996,-0.34454667568206787,-0.5634239912033081,-0.27811066629142217,-0.3620595032983472,-1.7346983223015662,-1.6026490222913123,0.16942425347978687,0.3333333432674408
-1.5590049994969732,1.4518191092342492,-2.017473563992261,-0.5887720584869385,-0.2902892827987671,-0.2825675308704376,0.31870452678091704,-0.9527917485411942,2.022778996972139,3.1724040674927605,2.304593831208463,0.6666666865348816
3.148689925051468,1.9097802048479482,0.28185129165649414,0.21639860630587113,2.9332613575213755,0.04460616548461906,-1.4403098346885364,1.5858118791527933,-1.524142699803115,1.3860657042662243,-0.37881800532341003,0.3333333432674408
-0.39065036177635193,0.33182618021965027,-0.2617647051811218,2.1919609874051447,-0.2902892827987671,1.0463405663959533,1.1926370747884674,1.2655891669504198,-0.5253377268947312,-0.22306638956069946,-1.2220934629440308,0.3333333432674408
-0.7695379853248596,1.981941864145892,-1.1676189873279519,-0.6644847718209698,0.28455757016092537,-0.3949100971221924,-1.3589593962083295,0.2430593338762838,3.439758283838526,0.6600445135605222,1.2114101925427132,0.5
-2.296341227182549,0.15351851284503937,-1.416569184634602,-0.6332142949104309,-0.7786058187484741,-0.8442803621292114,-0.2852965841231573,-1.6121241793073229,1.5366435549418116,-0.3566324710845947,2.127791673025648,0.5
6.194710554094486,0.40032646536614913,1.7392391651687766,-0.646974204110181,0.29431112843137736,-1.0504229911146545,-1.6478408568338891,1.8440432309191623,-1.2400790867793041,0.4447639584541321,-1.137765884399414,0.3333333432674408
0.5944573879241943,1.8102971884872594,0.6895633339881897,-0.6332142949104309,2.2894713627791354,-0.17022497951984406,-0.4408631609068241,1.1667956790845604,-0.34066691994667053,1.3455543283271658,-0.6395121345523025,0.3333333432674408
0.6480338079126551,-0.2625327408313751,-0.05790869891643524,0.4462570674425625,-0.6700910329818726,-1.0689655542373657,0.053975895252373354,-0.26592720397045355,-0.2159694880247116,-1.6117723767723284,0.6390624956789087,0.5
-0.7975079004916876,-0.9015793141050529,-0.19174342581223297,-0.7443199157714844,-0.6700910329818726,-0.5634239912033081,-0.9381190136729572,-0.9541841348664153,1.1452318356310203,0.1108487918972969,0.3801299035549164,0.5
-0.032887576602535995,1.7490764947315771,-2.1644208431243896,-0.8213063563740045,0.6814018718706123,-1.1813081502914429,-1.7598268542356263,0.36493527436458834,0.6569125652313232,1.5664210449841576,-0.9691107869148254,0.3333333432674408
-0.33469925159013825,-0.2625327408313751,-0.04742138143371663,1.9805657227325184,0.5149076288522534,0.1442793254572432,4.6630225279864135,1.2464058772902658,-0.6524105072021484,-0.02271728403866291,-1.137765884399414,0.5
-0.3148728311061859,0.42296189391938305,-0.8053807020187378,-0.6332142949104309,0.3724534399170088,-0.8442803621292114,-1.4046887617296795,0.6980578499023614,1.859347307082254,0.17763182520866394,-0.8847832679748535,0.3333333432674408
0.06902616352335914,-0.8388511850273789,0.6216112971305847,1.0040095100070623,-0.4801901578903198,2.235795625531419,0.803647790231492,0.1129881777222399,-1.2216023365482447,-0.3566324710845947,0.04281972348690033,0.5
0.012326421426636466,-0.4408404231071472,-0.05790869891643524,1.3984252234113788,-0.6158336400985718,1.4372028857781893,1.473993206971632,0.8323179197813947,-0.5900617837905884,-0.22306638956069946,-1.306420922279358,0.5
-1.646382112059825,-0.2625327408313751,-0.397668719291687,-0.6332142949104309,-0.890725712293524,0.05446016043424606,0.08006986489153599,-1.7213995713084043,0.7433032004445601,0.4447639584541321,1.813698172569275,0.5
-0.9210929870605469,-0.20309685170650482,0.34980329871177673,-0.8109833002090454,-0.561576247215271,1.1436133181188135,0.641815189399354,-1.143803227798726,1.4647770818377512,-0.6574508587023341,0.8017675876617432,0.5
2.282442955794536,-0.3814045190811157,0.3888920957514648,-0.4680699051558322,0.6053636647977196,-0.590185964841454,-1.5811185172262041,0.8983207941055298,0.20603395377234546,0.4447639584541321,-0.19700781100097015,0.6666666865348816
-0.01176275685429573,2.647816847512744,-2.1644208431243896,-0.6776565313339233,1.0269039696769067,-1.4348511009466758,-1.793450466781452,0.9005557380807943,2.3754164887638627,0.1108487918972969,-0.041507821530103683,0.3333333432674408
-0.33755835889798513,-0.4408404231071472,-0.3297167122364044,0.7396874351097567,3.580643862974621,0.05446016043424606,0.4924011327861211,0.49830678083543684,-2.4392335229422013,0.9122452139854431,-1.137765884399414,0.3333333432674408
-0.2390953153371811,-0.2625327408313751,2.2715561012072505,2.400621719306777,-0.45306146144866943,0.16568331450045581,0.7106460454230332,1.4436859455821422,-0.2783181965351105,0.37798094749450684,-1.4810908327462373,0.3333333432674408
-1.148425579071045,-0.46828492413549255,-1.5479035900214804,0.06373392338152867,-0.7997388312292885,0.5038304328918457,0.16432260959584266,-0.3068428349564261,1.2904793486585473,-0.957679808139801,-0.37881800532341003,0.6666666865348816
-0.6937604546546936,-0.3814045190811157,0.8889231929252556,0.5512892578358085,-0.4801901578903198,0.7846868634223938,0.8958383597160704,-0.07232906134133545,-0.7147592306137085,-0.4161723749728928,-0.2944904565811157,0.5
-0.16331779956817627,-0.5002763271331787,-0.06077359590082565,1.7539600469225625,-0.2360319048166275,1.2530076788430242,1.20746210020153,1.603935045035626,1.0933536291122437,-0.34932958547225385,-1.0534383058547974,0.5
0.06401476263999939,1.7905339323951384,-0.8047912567623692,-0.6332142949104309,2.706821446292783,-0.90045166015625,-0.6806510552609226,0.8983207941055298,0.07910566135798745,0.9790282845497131,-0.9382131753829375,0.5
-0.3148728311061859,0.07010766240265373,-0.397668719291687,0.43414196284348544,-0.3763417209845468,0.11063144356012344,0.25956088558667234,-1.1083744188952889,-2.560006544409702,-0.09047037844500819,1.4449586598445923,0.5
0.0718042386039376,-0.024789171293377876,0.6931973669937124,-0.6554354429244995,0.6757195915855749,-0.45108139514923096,-0.7085638619307275,0.327473731016363,-0.028923334553837776,-0.2898494303226471,-0.1258353590965271,0.3333333432674408
1.4879734223431875,-0.8421623589553385,1.0144978340070752,0.453921698069511,-0.5887049436569214,-1.0127942562103271,0.03936145924453115,0.4634965998358657,-0.7771079540252686,-0.49019855260849,0.35449693543206073,0.6666666865348816
0.18718220273428599,1.0042029749696546,-2.1644208431243896,-0.6109932065010071,-0.10491901032028408,-1.326624657884778,-1.5558391182577904,0.8898561928568812,1.504097082419603,0.9320831691707235,-0.2944904565811157,0.5
-0.9210929870605469,-0.20309685170650482,-0.5335727334022522,-0.5665509104728699,-0.4950622654029044,-0.45108139514923096,-0.5565601636993448,-1.8649631072959627,-2.0199315221254035,0.8810619163642824,1.9680269232539418,0.5
-0.9210929870605469,0.43844668241735885,-1.2555389468614586,1.8353915411600525,-0.07324133312844419,-0.17022497951984406,0.4248554129313327,0.9383866864361892,0.0957741066813469,-0.3566324710845947,-1.4750760793685913,0.5
1.3409857975251354,0.3869598367931953,1.1652272939682007,-0.6332142949104309,0.5388630412731569,-0.9566229581832886,-1.0853261813502204,1.148927332175168,0.2204715460538864,0.7786791324615479,-0.8004556894302368,0.5
0.8878510390684821,-1.213507056236267,0.23054432452109652,-0.8109833002090454,-0.4768876484469675,-0.90045166015625,0.47980578617604275,-0.7754087954087971,-0.9641541242599487,0.3512050375260089,0.3801299035549164,0.6666666865348816
-0.6179829239845276,-0.3011101591531242,-0.2806802935239073,-0.07134619822415553,-0.04332906043249742,-0.057013913965331536,0.33337296899062624,-0.6722827911255845,-0.9605577290205791,-0.02271728403866291,-0.041507821530103683,0.5
-0.6179829239845276,-0.8185577242446899,0.010043300688266754,2.2735976275806657,-0.3174179792404175,-0.8442803621292114,-0.14219007634138173,1.3114287095557862,-1.0888515710830688,0.3111979067325592,-1.306420922279358,0.3333333432674408
-0.8453154563903809,0.15351851284503937,-0.3297167122364044,0.6418382283173613,-1.1537803873371115,-0.7047853186594751,-0.28666403549293196,-1.4313350174721944,-0.46536436676979065,-0.19168143751140315,2.052633220454384,0.8333333134651184
0.5944573879241943,-1.140853597585615,0.14594730734825134,-0.7887621521949768,-0.47277318814151886,0.29942893297973766,-0.08552927967582453,-1.130843685117986,-0.9018054008483887,-0.42341551184654236,0.6331125497817993,0.6666666865348816
2.7838749028324092,-0.5597122311592102,-0.12586070597171783,-0.6109932065010071,-0.5073188543319702,-0.5416345009629909,0.18310168270867036,0.6273052650176504,-0.8394566774368286,-0.42341551184654236,-0.9575083592473719,0.3333333432674408
0.4288765410802941,0.6827526118506531,-0.05790869891643524,-0.33106628390320153,-1.2646811094270278,-0.0018209185013728507,0.4225296363274529,-1.4597105837703923,-1.6424230128629465,-0.3478779683045157,1.9578704606041195,0.6666666865348816
-0.2390953153371811,-0.6191481351852417,0.14594730734825134,-0.6554354429244995,-0.45306146144866943,0.8691507347127918,0.57365412725423,-1.2464437164508808,-1.115520327197204,-0.5569815635681152,0.4644574522972107,0.6666666865348816
-0.3148728311061859,0.27239030599594116,0.4129343296141931,1.395776768580025,0.5759470973101215,2.1040173825532458,1.2651089589381397,0.7807578530219896,0.2828202545642853,-0.2898494303226471,-1.2220934629440308,0.3333333432674408
2.3806151124446697,0.2310195959904266,0.4177553057670593,-0.6413816603254201,0.24179041784623753,-1.0127942562103271,-1.5228620135440103,0.9758183778971428,0.2275043137027366,2.20575170788398,0.8593420409815632,0.5
0.27783626630372227,-0.7974557876586914,0.6895633339881897,-0.7887621521949768,-0.4526768359274748,-0.5202190950758503,1.0387835937038423,0.011936734080390175,0.608838112010027,0.4452751521527406,-1.0348906993522737,0.5
1.5722152201278483,1.9833305752973778,0.8254672884941101,-0.7443199157714844,0.8473373073115693,-0.22639626264572144,-0.057872084505615394,0.25261069123492835,-2.477166821695141,2.3399134916385464,0.7174400687217712,0.5
-0.46642789244651794,-0.3219686448574066,-0.4656206965446472,-0.7220988273620605,-0.580148309929267,0.16680273413658142,-0.3243933849890417,-1.7155462136587618,0.033425383269786835,-0.02271728403866291,1.9205194313426117,0.6666666865348816
-0.46420131912089413,0.007459641344209172,0.14594730734825134,0.6985970631737773,-0.6158336400985718,0.39148786664009094,-0.14856113412058555,-1.204775368866646,-1.0888515710830688,-1.5756998878376616,2.0114231393575746,0.5
0.6702349185943604,0.9415728285746123,1.1652272939682007,-0.6776565313339233,-0.45306146144866943,0.4476591646671295,1.7010006130936564,-1.2115051435392303,-0.5234063982664579,-0.02271728403866291,1.813698172569275,0.5
-0.6937604546546936,-1.2553786821143393,0.07799530029296875,-0.4998875558376312,-0.2256879605389684,0.16680273413658142,0.10310511871604891,-0.5074399994455898,0.5945638418197632,-0.1910457452207997,-0.46314552426338196,0.5
1.4198374826527704,-0.5597122311592102,1.5169696189003843,-0.7887621521949768,-0.2902892827987671,-0.07086396502992176,0.4466098976359796,-0.7271532129804879,-0.9641541242599487,0.04406575486063957,0.7174400687217712,0.3333333432674408
1.5331355628441663,1.465842087073359,-0.6694766879081726,-0.4998875558376312,1.4230072229453214,-0.8442803621292114,-0.9660236282992624,0.6236419349829805,-0.7771079540252686,0.9680179973311761,0.21147480607032776,0.5
2.447637882509725,-0.3814045190811157,1.1652272939682007,-0.6046340155192099,0.7363973472015122,-1.43346058295702,-1.7224076738724299,1.3574778066230853,0.7192612886428833,2.0338483588962,-0.041507821530103683,0.5
0.21556980907917023,2.139400261557921,-2.1644208431243896,-0.6554354429244995,0.8262903851619534,-1.0689655542373657,-1.5849273390291565,0.8983207941055298,0.7192612886428833,0.5950188748218437,-0.2101629078388214,0.3333333432674408
0.29134732484817505,-0.3219686448574066,-0.5335727334022522,1.5530704509266922,-0.2902892827987671,1.7339950902025802,1.3096951253513425,0.8915024580324659,-0.7382316718239529,-0.5569815635681152,-0.8847832679748535,0.5
0.06401476263999939,-0.5002763271331787,0.4857073128223419,-0.5887720584869385,-0.14279923601595365,-0.5072526931762695,-0.33738089615804445,-1.0851642936845434,-1.2199377977069554,-0.2898494303226471,0.6331125497817993,0.3333333432674408
-0.5422053933143616,-0.9757634997367859,1.1652272939682007,-0.6109932065010071,0.7109847711982303,-0.050695322021002576,-0.5324286281566859,-1.2168730510067785,-0.9848608064603813,-0.42341551184654236,0.4167796731087798,0.5
-0.01176275685429573,1.5062394209781234,-1.8433984909475627,-0.5968621187299422,0.4938904092000335,-0.45108139514923096,-1.1200546210855462,0.4586046397941172,0.8439587354660034,0.3111979067325592,-0.49493804923052864,0.3333333432674408
-0.9968705177307129,-0.5002763271331787,-0.19381269812583923,-0.7220988273620605,-0.34454667568206787,0.6161730289459229,0.7101515582636753,-1.031588266543086,0.42302669470932797,-0.276764758171698,0.2719043075408828,0.5
2.587691447335568,0.33182618021965027,0.21389929950237274,-0.6776565313339233,0.7983921091437076,-0.5634239912033081,-1.4273314983603673,1.5303882240256983,0.34516897797584534,3.368601803421922,-0.46314552426338196,0.5
-1.652669410327636,-0.3219686448574066,-1.8870936185749172,-0.766541063785553,-0.37167537212371826,-1.1813081502914429,-1.4203902418833088,-1.0145449800813846,1.417338064486125,0.04406575486063957,1.3142298113908655,0.5
-0.5422053933143616,-0.7467985664914318,0.7134798707334797,-0.8512354551422634,-0.45306146144866943,0.6358859764476078,1.2292285406962322,0.2545192346980857,1.1557023525238037,0.3111979067325592,-1.137765884399414,0.3333333432674408
0.4429023563861847,0.10850700275901376,0.8668619742089991,1.1986677339955962,-0.42593276500701904,1.6603598972909814,0.8308053761069836,0.5611265129389926,-0.46536436676979065,-1.2915949821472168,-0.9512174614655889,0.3333333432674408
-0.9210929870605469,0.11476013118241694,-2.1644208431243896,1.2655149363657032,0.4577514525387426,-0.11405368894338608,0.3311309653205995,0.5018616672906998,0.5322151184082031,-0.22306638956069946,-0.631800651550293,0.5
0.1397922784090042,4.349707125340666,-2.1644208431243896,-0.6776565313339233,0.9313559055875325,-1.349821925163269,-1.6598784046775321,0.42818630607591174,1.3427485227584839,0.3111979067325592,0.2970663875075788,0.1666666716337204
-0.4482867873770188,-0.08422506600618362,-0.12586070597171783,-0.511062803337862,-0.18177451193332672,-0.8442803621292114,-0.6660890435997525,-0.6702302482250007,-0.09127205610275269,-1.2915949821472168,-0.1258353590965271,0.1666666716337204
-0.8453154563903809,-0.14366096258163452,0.6228552649486383,0.2608883940819732,-0.5097887999460193,0.2791453003883362,-0.04451325695443506,-0.7240069588868592,0.2204715460538864,0.9553364765488711,1.1390777826309204,0.6666666865348816
0.3873154941793242,-0.3219686448574066,0.14594730734825134,1.2509357074867808,-0.5073188543319702,1.0158687757040001,1.319000912726367,0.836665783369926,-0.46536436676979065,-0.7573306560516357,-0.6852597112214496,0.3333333432674408
-0.9210929870605469,0.33182618021965027,0.8254672884941101,-0.4078039037355919,-0.6429623365402222,-0.2825675308704376,0.6416281802925813,0.03610293984456652,1.6023917068811049,-0.02271728403866291,-0.37881800532341003,0.6666666865348816
0.04943536114329485,6.638370015426178,-2.1644208431243896,-0.5334735525611659,0.5778290033340454,-1.4683638820141125,-1.853179703739661,0.20298334590345124,1.5894014004920265,-0.42341551184654236,0.3801299035549164,0.3333333432674408
-0.16331779956817627,1.190403502189503,-0.19381269812583923,-0.6332142949104309,1.654690072033112,-1.349821925163269,-1.6372596429021635,0.25668242216879544,0.5322151184082031,-0.2837786733324589,0.3801299035549164,0.5
-0.9210929870605469,-0.021151453199330157,0.14594730734825134,0.8575489969963914,-0.25434857253978,0.6161730289459229,1.2673539894113919,0.4319265953758633,0.7816100120544434,-0.2898494303226471,-0.5474730730056763,0.3333333432674408
0.21556980907917023,-0.14366096258163452,-0.6628833818588998,-0.017468772221218346,0.46873364982759536,-0.5565503341469489,0.09375038368736027,0.9736441879342421,0.9686561822891235,0.17763182520866394,-0.9691107869148254,0.3333333432674408
-0.9210929870605469,-0.9757634997367859,-0.12586070597171783,-0.8776466846466064,-0.6158336400985718,-1.0127942562103271,-0.35565806326749655,-1.616101457033344,-0.46536436676979065,-0.2898494303226471,0.7174400687217712,0.6666666865348816
0.21556980907917023,1.992505601746278,-1.9515958579932164,0.7054913872045045,0.7153421799970563,-1.0127942562103271,-1.377863414581993,1.2181649273746704,0.0891991364428173,-0.22306638956069946,-1.137765884399414,0.3333333432674408
-0.01176275685429573,-1.094635248184204,0.010043300688266754,-0.6998776793479919,-0.39880406856536865,1.3883578774307501,0.22797173385311162,-0.5501929157082699,-1.6578205158243366,-0.22306638956069946,-0.8847832679748535,0.6666666865348816
2.959005953863831,1.9657000769156274,1.242212642567559,-0.6332142949104309,0.42414079711521135,-0.5634239912033081,-0.8516277617055222,1.1330323227372547,-0.5032443135628182,0.06609025772821739,-0.8847832679748535,0.5
-0.5806440506994235,-0.20309685170650482,0.010043300688266754,0.2764495138241216,-0.3870329911174325,1.289115368793882,0.3120800422623794,-1.2764437937881483,-1.1507930867142837,-0.49019855260849,1.6072825733438747,0.8333333134651184
-0.08754027634859085,0.03464672341942787,0.28185129165649414,-0.7443199157714844,0.5667431788528532,0.6161730289459229,0.9419162833868103,-0.4723858147420286,-0.7771079540252686,-0.890896737575531,-0.631800651550293,0.3333333432674408
2.7070173506600432,1.2522953774138712,1.800308992375698,1.5631969006451747,0.7651714836079222,-0.5246885531985345,-0.2585746461248488,2.062608390694434,0.1939752131574091,3.088600126061491,0.29580235481262207,0.3333333432674408
-0.6189820863920328,-0.5002763271331787,0.010043300688266754,0.42836763528002925,-0.39880406856536865,1.383308097945503,0.8067938382208442,0.49500545690904346,0.2204715460538864,-0.5697082925669505,-1.2220934629440308,0.5
-0.7695379853248596,0.766423403459803,-1.7357624362014625,-0.4957513687049011,0.4761493161348956,0.16680273413658142,-0.4961815172703338,0.025644485350031717,2.0007412286115205,1.4755236622877854,0.21147480607032776,0.5
-0.16331779956817627,-0.2625327408313751,-0.08343459287746648,-0.15246826889503312,-0.34454667568206787,-0.22639626264572144,-0.35906267642903117,-1.0146979388180661,-0.5900617837905884,-0.8840627958256654,0.8012870500745761,0.5
-1.27944937586748,0.4260710220356285,-0.6754681630088476,-0.7887621521949768,-0.7243484258651733,0.2229740172624588,-0.03100831568220895,-1.9469799717401142,0.8220976287533226,-1.2915949821472168,1.6197448838272677,0.6666666865348816
-1.5108190906374566,0.03464672341942787,-0.2617647051811218,-0.766541063785553,-0.5073188543319702,-0.04612481774436952,0.4825908946763432,-2.3303742118765736,-0.2159694880247116,-1.3940949951697275,2.266508734335573,0.6666666865348816
0.29134732484817505,0.4585303784108676,-0.5417538253227153,-0.6332142949104309,1.4340201047715397,-0.8732767750816519,-1.045830105951042,0.562603588023511,-0.028923334553837776,-0.02271728403866291,-1.0534383058547974,0.5
0.5186799168586731,-1.213507056236267,0.6895633339881897,0.289347186584644,-0.561576247215271,0.035299135097452014,0.06312589496911761,0.9306546353861966,0.9773929433606402,-0.8241137266159058,-1.306420922279358,0.5
-0.6179829239845276,-0.29336677037760156,0.010043300688266754,1.9619327010865826,-0.10038841515779495,1.2359911506593027,0.5227746478978346,1.2939009446173617,-0.028923334553837776,-0.3566324710845947,-1.306420922279358,0.3786831130686667
-0.918771306721407,-0.6785839796066284,0.2942449717761251,1.0601149432902672,0.06997817755364515,9.414563654016263,1.17036952476604,0.42914202458128764,-0.42485604990748077,0.04406575486063957,-0.8847832679748535,0.5
0.5186799168586731,-0.6191481351852417,0.21389929950237274,-0.8554255366325378,-0.2631605863571167,1.2746576823937288,1.533975135663533,-0.4718634310725457,-0.6524105072021484,-0.02271728403866291,-0.2101629078388214,0.3333333432674408
1.1452538842894067,-0.20309685170650482,0.21389929950237274,-0.6332142949104309,0.082899467241774,-1.1813081502914429,-1.6619676201637106,-0.09680744371700367,1.2041707389447862,2.295836228255385,1.098954698815198,0.6666666865348816
1.426254390145952,6.405307783514893,-1.5661032792753553,-0.6776565313339233,0.5778290033340454,-1.2936506271362305,-1.7226708647271958,1.054525324408026,1.3473842742863655,-0.957679808139801,-0.9691107869148254,3.77426351493362e-05
-1.148425579071045,-0.024789171293377876,0.9190666830362515,-0.7220988273620605,-0.42593276500701904,-0.11936072103514878,0.3016141937903987,-1.5920766728237314,0.410003494075638,0.17839769806232905,1.5607155561447144,0.47653705555983494
-0.16331779956817627,-0.6923793657686906,-0.05790869891643524,0.31865483268293693,-0.45212198532034303,0.11063144356012344,0.06806372077439396,-0.35679007348552766,-0.018538243749949078,-0.15628336369991302,-0.010528406373720434,0.5
0.29134732484817505,0.09408261626958847,0.4857073128223419,0.27524128592243735,-0.7723466225910441,-0.9617484538585969,-0.7997142531980386,-0.9150752674929808,-0.9641541242599487,-0.890896737575531,1.7836902504303953,0.6666666865348816
0.06401476263999939,-0.5597122311592102,0.0280456837240915,-0.6998776793479919,-0.34454667568206787,-0.9566229581832886,0.23648866043633038,-0.3848836114539492,-1.2685128752969277,0.5244361038418934,-0.2944904565811157,0.5
0.8217899799346924,0.15351851284503937,0.7080395643327183,-0.7443199157714844,0.052366675549713665,-0.9566229581832886,-1.186664245817333,0.609995272567948,-0.8394566774368286,-0.6237646341323853,-1.2073975299516648,0.3333333432674408
0.2799229696683131,1.6337176572722467,-1.9622559351199986,-0.7220988273620605,0.7311194601254394,-0.11405368894338608,-0.6164763291243439,0.4569178776853112,0.5322151184082031,0.21337135674072613,-0.23320191970311224,0.5
-0.46642789244651794,-0.8996840631272477,0.010043300688266754,-0.6674641410591052,-0.8295075596411499,0.4198451114050488,0.2049926425127258,-0.8068597864462872,1.57955912153708,-0.42341551184654236,0.8012602836191022,0.6666666865348816
-0.01176275685429573,-0.923262835646675,1.1652272939682007,0.23247477798889243,-0.014759751217241157,1.0354548161600428,0.7408771649719024,0.6239820942928991,-0.04632982345506802,-0.8241137266159058,-1.306420922279358,0.5
-0.6937604546546936,1.0020753713112294,-0.941284716129303,-0.6998776793479919,0.5900102361747681,0.05446016043424606,-0.22178516626852673,1.250124305485121,4.381316798702855,1.6849887620431745,-0.8004556894302368,0.3333333432674408
0.5692467246094828,-0.3814045190811157,0.14594730734825134,-0.6332142949104309,-0.34454667568206787,0.2791453003883362,0.3024807797611706,-1.1971881118422096,-0.7147592306137085,-0.22306638956069946,1.3276914279127243,0.5
6.353549003601074,7.345261573791504,9.11561107635498,-0.9887523055076599,-1.2940510511398315,14.546651840209961,5.739711284637451,-2.504413366317749,4.896625518798828,-2.092991352081299,3.078611373901367,0.0
-0.6179829239845276,0.6552914142966699,-2.043539831486515,-0.7490768008312928,0.6968168765393356,-1.5658056808227958,-1.8922364539238765,-0.43443515658559584,1.3971194697354559,0.04406575486063957,1.425498673383017,0.1666666716337204
1.0649147360152886,0.015824620412943677,0.010043300688266754,-0.6998776793479919,-0.07325971871614456,-0.8045469540967409,-0.6702080930831509,0.5153046244439593,-0.11563930297837957,1.9174230089483661,0.3801299035549164,0.5
-0.3148728311061859,-0.8568916916847229,1.1652272939682007,-0.9018376113992056,-0.5344475507736206,-0.8430535058816531,-0.4700075574497651,-0.567556366550659,0.0957741066813469,-1.1580289602279663,-0.2101629078388214,0.3333333432674408
-0.9968705177307129,-0.5002763271331787,0.28185129165649414,-0.8554255366325378,-0.39880406856536865,-0.17022497951984406,-0.6324129706020619,-2.3830946983860968,-0.34066691994667053,-1.2373579757797784,2.4192380666716895,0.6754146040875592
-0.46191547177801817,-0.14366096258163452,0.8254672884941101,1.716143719890724,-0.8928096737837812,0.5600017309188843,0.5905780739191101,1.0434208658988404,-0.4030156433582306,-0.1685969579536598,-1.2220934629440308,0.3333333432674408
-0.01176275685429573,-0.2625327408313751,1.2680772750136882,-0.7443199157714844,2.7653446169087337,0.9532006978988647,0.8929067185809576,-0.06945361481979911,-1.057514528878525,-0.2898494303226471,-0.9691107869148254,0.3333333432674408
-1.2412014999607364,0.9512235063089293,-1.7201975303144663,-0.13158478863484319,-0.6158336400985718,-0.6195952296257019,-0.3526464817303523,-0.8637984469981324,0.9686561822891235,0.7118961215019226,0.7301489871056983,0.3333333432674408
-0.01176275685429573,0.16211368686559752,-0.397668719291687,-0.7220988273620605,0.86168398938299,-0.9566229581832886,1.0636560311662113,0.29409176777128504,-0.5277130603790283,0.8559993979702458,-1.306420922279358,0.3333333432674408
-0.9968705177307129,-0.2689374834328863,-0.2617647051811218,-0.39869703197730405,-0.6158336400985718,0.16680273413658142,-0.36657668301555313,-1.7024772679421423,-0.09127205610275269,-0.02271728403866291,1.5329998994085154,0.8333333134651184
0.21556980907917023,-0.08422506600618362,2.3386592353160682,-0.766541063785553,12.021772373606758,-0.90045166015625,-0.9110923634091332,0.7174061042508358,-0.2159694880247116,1.5836082826523727,-0.9691107869148254,0.5
-0.2390953153371811,-0.09790890348383219,-0.2617647051811218,0.29946763814278643,-0.6376978432739892,0.05446016043424606,-0.43761629229127524,-1.1838958127943942,-1.4005951881408691,-0.890896737575531,1.7951244674084785,0.6666666865348816
0.29134732484817505,-0.8568916916847229,0.39507028941440486,-0.8078037055698521,-0.689123481017582,-0.7285613884130437,-0.629371594356661,-0.9732285360664114,-0.5277130603790283,0.8787825430124739,1.0784647369326734,0.5
0.7460124492645264,-1.029454763978643,1.1652272939682007,-0.8776466846466064,-0.18177451193332672,-0.0017111222259700298,0.3213541212752075,-0.4098833703282865,-1.29653929132339,-0.49019855260849,-0.8847832679748535,0.3333333432674408
0.7455339937192121,-1.094635248184204,0.5536593198776245,-0.7443199157714844,-0.7786058187484741,0.2229740172624588,0.007469445664166357,-0.46278278885597673,-0.34066691994667053,-0.8241137266159058,-0.37881800532341003,0.5
4.677498629325653,-0.11307660580468004,1.9915382069883205,-0.6998776793479919,4.030479735397003,-1.1282908904762614,-1.642019602835374,1.915341510356805,-2.145008069736153,9.628445066550718,-1.137765884399414,0.3333333432674408
-0.16331779956817627,-1.1921944111988254,-0.05790869891643524,0.6971728641916501,-0.4298913441841719,-0.5072526931762695,-0.019509974867105484,3.51305942560623e-05,0.6569125652313232,-0.3566324710845947,-0.05426664087828585,0.6666666865348816
-0.9968705177307129,-0.8568916916847229,-0.941284716129303,1.1767537206137226,-0.641221298664689,-0.5164181453473708,-0.3602689599612438,-0.4025106813019478,-1.3655893120103746,-0.7573306560516357,-0.03973896388306131,0.5
-0.3148728311061859,-0.4408404231071472,0.710070839896876,1.812936884697467,-0.2360319048166275,1.5627047254030453,0.9447878844771098,1.033216118812561,-0.7771079540252686,0.04406575486063957,-1.2220934629440308,0.3333333432674408
-0.3148728311061859,0.09408261626958847,-0.3739043020993435,-0.6554354429244995,-1.1633398907768226,-0.731937825679779,-0.5559850139378116,-1.6570850573778926,0.24340080984924575,-0.3566324710845947,1.1390777826309204,0.956136328468857
0.1397922784090042,-1.2525710960072076,0.14594730734825134,1.8707782863609865,-0.40813021358540724,0.33531656861305237,-0.03425441589509677,1.2293036566990287,-0.09127205610275269,0.04406575486063957,-0.9699088680291972,0.6666666865348816
0.33850222532317165,0.03464672341942787,0.4177553057670593,0.28590385247102335,-1.1667648419959786,-0.6195952296257019,-0.08766475631381196,-0.9610994993799451,-0.2159694880247116,-0.22306638956069946,1.813698172569275,0.6666666865348816
-0.6179829239845276,-0.9757634997367859,-0.2617647051811218,1.821682647344855,-0.34454667568206787,1.7487285066544351,0.600205096246822,0.28047088270517084,-1.0888515710830688,-0.9087381525960583,0.3801299035549164,0.5
-0.5422053933143616,-0.09270340653917027,-0.8034896357039468,2.040468114044944,-0.34454667568206787,1.0695611104401226,1.32887291472487,0.9774078241232438,-0.3687137869736503,-0.5218291831462809,-1.3700935823894533,0.3333333432674408
-0.46642789244651794,-0.08422506600618362,-0.941284716129303,0.38757167243460505,-0.5073188543319702,-0.5634239912033081,0.05814411825712584,-0.32436240138522177,-1.4005951881408691,-1.0689084317429702,-0.46314552426338196,0.3333333432674408
0.21556980907917023,1.2761505720185284,-1.1083302542114146,-0.6359464084667199,1.0996061366051977,-1.3718553614903035,-1.6802946263011425,0.6943059217579735,0.7192612886428833,0.8986684746281921,-0.37881800532341003,0.5
-0.6937604546546936,-0.6191481351852417,-0.2617647051811218,2.7476319356007117,-0.15464581549167633,0.9532006978988647,1.0401978680520854,1.716209599773709,0.8641075306159859,-0.957679808139801,-1.2851555447325265,0.3333333432674408
-0.7695379853248596,-0.024789171293377876,-0.2617647051811218,0.4351590581052669,-0.6429623365402222,-0.45108139514923096,-1.1155369555193302,-1.5198317969124642,-0.7771079540252686,-0.22306638956069946,1.9224395837059642,0.5
-0.2390953153371811,-0.003953101196052473,-0.4656206965446472,-0.6776565313339233,0.3142050304984047,0.5302416180911929,0.1860524929255602,0.7378516179192799,1.9745033146060007,0.4447639584541321,-0.7161281704902649,0.5
-0.01176275685429573,1.9654696519200678,-1.6583019155539653,-0.6308792015404799,0.7382539181214458,-0.6195952296257019,-1.5003876555532571,1.1931937862491226,1.9806071350435956,1.890349782881854,-0.5474730730056763,0.3333333432674408
1.1288575286525175,3.2971223303550357,0.020799334059901947,-0.6998776793479919,1.2901995625926468,0.03741216335419184,0.2887741179983257,0.8079398061981006,-0.5900617837905884,1.1438261705309758,-0.7161281704902649,0.3333333432674408
0.06474187416611182,-0.4408404231071472,0.14594730734825134,-0.5259465482833158,-0.4801901578903198,0.8399486446796147,0.23286523743111925,-0.5617832497949757,0.8439587354660034,-0.6703627398054782,0.29580235481262207,0.7193852389389385
-0.08754027634859085,-0.9163275957107544,-0.4656206965446472,-0.533556209718382,-0.6673124699022424,-0.11405368894338608,0.16963657317089165,-1.0599161970007969,-0.46536436676979065,0.32804166298022014,1.0297874938939058,0.6666666865348816
0.5186799168586731,1.5565102117408194,-0.5335727334022522,-0.9708473594436318,-0.4911909607157168,-0.7108511529665079,0.3884588996259027,-0.7068755379132248,-0.8566146628424082,-1.963735440305214,-0.1258353590965271,0.1666666716337204
-0.5200966927625441,-0.7380198836326599,-0.397668719291687,0.687767797527958,-0.4801901578903198,2.7609380121638982,1.348457621393414,0.12051434401719979,-0.2783181965351105,-0.6237646341323853,-0.2101629078388214,0.5
-0.08606138530748539,0.27239030599594116,-2.1037428592824083,-0.8109833002090454,0.5778290033340454,-1.349821925163269,-1.6002223593938465,0.20929334610116349,0.5945638418197632,-0.02271728403866291,-0.631800651550293,0.3333333432674408
1.54500144806647,-0.8568916916847229,0.21389929950237274,0.9001941496132596,-0.8328632116317749,-0.22639626264572144,0.48587690174780984,0.3001565481484995,-1.813536714194484,-1.5813963674218456,0.21147480607032776,0.1007224012671575
-0.08754027634859085,-0.8568916916847229,0.07799530029296875,-0.8616841165720563,-0.6629962047844175,-0.6757665276527405,-1.1357722581252625,-1.0160762079782852,0.16711462763013626,-0.8241137266159058,0.26459226684112913,0.376543019779773
-0.16331779956817627,0.03464672341942787,0.5536593198776245,-0.5705745675475459,-0.5887049436569214,-1.349821925163269,-0.1675819973480469,-0.5759488971524381,-1.0888515710830688,-0.5075814591714825,-0.37881800532341003,0.3333333432674408
6.353549003601074,-1.5701223611831665,9.11561107635498,-0.9887523055076599,-1.2940510511398315,14.546651840209961,5.739711284637451,-1.1466066607945398,4.896625518798828,9.794388771057129,3.078611373901367,0.0
-0.08754027634859085,-0.2625327408313751,-0.2617647051811218,1.6624871193078388,-0.39880406856536865,-0.8442803621292114,0.5717152583878491,1.1964977427276333,-1.0888515710830688,-0.49019855260849,-1.3841548972475302,0.5
-0.6179829239845276,-0.2625327408313751,-1.6774817117951049,-0.766541063785553,-0.04613102599978447,0.9407746006291127,1.1163762670951674,-0.37844400574882253,0.6569125652313232,-0.10181052188633272,-0.41000019015915246,0.3333333432674408
1.454919966991534,-0.08422506600618362,-0.12586070597171783,0.14232036568464862,0.8244855296933986,-0.6195952296257019,0.2039388735577976,1.5923307573176961,-0.9960317989529855,0.9790282845497131,-1.2804362481439397,0.5
-0.46642789244651794,-0.7380198836326599,-0.5335727334022522,-0.6776565313339233,-0.10038841515779495,-0.17022497951984406,-0.39891268899689153,-0.4940090476824462,0.34516897797584534,-0.8241137266159058,0.4171878823897598,0.3333333432674408
-0.7695379853248596,-0.7659821158914382,0.557232151934814,-0.833204448223114,-0.37167537212371826,1.7686567704470322,1.3114245260616975,-0.6331152544476265,2.2122495763263648,-0.2898494303226471,0.049495526262546295,0.5
0.5993719634164043,0.7659316957720437,-0.2617647051811218,-0.6998776793479919,-0.10038841515779495,-1.237479329109192,-1.5833180523764496,0.7151708133717446,-0.2159694880247116,0.3111979067325592,-0.5474730730056763,0.3333333432674408
0.4429023563861847,0.27239030599594116,2.059319100249149,1.261172809928745,-0.2360319048166275,0.9061413226218449,1.0436955584369159,1.033216118812561,-0.9201314406769124,0.1108487918972969,-1.2220934629440308,0.1666666716337204
0.1397922784090042,-0.5720315350122851,-0.2617647051811218,2.56753781911496,-0.4801901578903198,0.39148786664009094,0.3143874766045485,0.8531568202244916,-0.7771079540252686,-1.5528772543553762,0.3801299035549164,0.3333333432674408
-1.3728866552213652,0.33182618021965027,-0.4656206965446472,-0.09655029677799232,-0.679096220885877,-0.0017111222259700298,-0.5045014651790689,-1.6929771216162806,-0.4565798190180401,0.24441486597061157,2.0303823686249327,0.8333333134651184
-0.7695379853248596,-0.20309685170650482,-0.3067930155529284,1.649580099752161,-0.12751711905002594,0.9532006978988647,0.6672896785600789,0.91090439471446,0.0957741066813469,-0.15628336369991302,-1.2212084464039281,0.3333333432674408
-0.4532009157140513,-0.2837873180001431,-0.397668719291687,-0.544329822063446,-0.6700910329818726,0.16680273413658142,-0.2533754870240498,-1.7289232642545065,-1.860771495817693,-0.8241137266159058,1.6450430154800415,0.5
-0.6571803301900354,1.4186308198065294,0.13065821931843336,-0.8209841112166952,1.272766681347881,-0.8442803621292114,-0.2950013398344416,-0.03201778561718646,-0.46402105724458653,-0.3566324710845947,-1.4750760793685913,0.3333333432674408
0.21556980907917023,-0.35028985986215483,0.21389929950237274,1.1095583001339209,-0.37167537212371826,-0.38784070961250044,-0.019509974867105484,-0.5537239895490216,-0.9811433521593161,0.1108487918972969,2.2185892160692777,0.5
-0.39065036177635193,-1.193314632545089,0.010043300688266754,2.2083524105806864,-0.10038841515779495,0.4853723193857851,0.06129017612883219,1.197418638718576,0.087642253823992,-0.6905476450920105,-0.8847832679748535,0.5
0.5944573879241943,1.0774716744797272,-1.5897769249677076,0.034364460354882276,-0.39880406856536865,-1.1251368522644043,-0.17832301753252092,-0.02965988433984572,-0.46536436676979065,-0.8241137266159058,0.04281972348690033,0.5
-0.6937604546546936,-0.7380198836326599,0.14594730734825134,-0.5469584436516292,-0.6984760321811917,0.33531656861305237,0.2626909387290709,-1.3141495253327011,0.5008130383249643,2.307081156661171,1.6450430154800415,0.5
1.4220076539230964,2.0059637957245595,-0.12586070597171783,-0.623468954302947,0.4890499000054003,-0.8442803621292114,-1.0539119178085161,0.8254291881323592,0.26132518768809154,0.23817266640123091,-0.631800651550293,0.5
0.09379203059456581,-0.7974557876586914,1.5302669847137664,1.5061663120070172,-0.2360319048166275,2.0682987755099638,1.62042280396203,1.169042208023414,-1.0265028476715088,-0.02271728403866291,-1.1904933547419716,0.5
-0.3148728311061859,-0.6785839796066284,-0.397668719291687,-0.6998776793479919,-0.18177451193332672,-0.90045166015625,-0.44807742906436965,-0.9070123871617173,-1.1924542193140208,-0.6237646341323853,-0.46314552426338196,0.5
0.21556980907917023,1.4244680593104122,-0.7878709798905631,-0.833204448223114,-0.2360319048166275,-0.11486541953673876,-0.744985636406846,-0.04185284236366457,0.21705470259524837,1.6399650642821433,-0.631800651550293,0.5
0.06401476263999939,0.998216150010359,-0.19381269812583923,-0.05735391569319967,-0.6572158579735948,-0.22639626264572144,0.14424522958747815,-1.360312462844167,-1.2901806052440747,-1.2915949821472168,1.9531055377487996,0.5
2.0525614056474395,0.038383160928495766,1.3334572727262215,-0.5378857224447763,0.532531002518724,-0.9058183019290071,-1.556569897273133,1.117961646489812,-0.7771079540252686,0.6451131105422974,0.12714727222919464,0.6666666865348816
1.425261330154468,-0.3814045190811157,0.5112199940218768,-0.7220988273620605,0.2174044028058902,-1.237479329109192,-1.6660517429548178,0.8339927611558823,-0.513182395677524,1.374027300959804,0.29580235481262207,0.5
-0.5441942523491254,-0.6191481351852417,-0.36630809650993823,-0.778896526028591,0.22348080438661191,-0.5634239912033081,0.45284765029936497,-0.135655916496242,-0.5277130603790283,0.1108487918972969,-1.2220934629440308,0.5
0.6702349185943604,1.6421122738102827,-0.5335727334022522,-0.7443199157714844,0.6007309348242381,0.16680273413658142,-0.21586595268713152,0.4311150958077404,-0.4030156433582306,-0.15692642378260163,-1.137765884399414,0.3333333432674408
-1.072648048400879,-0.3219686448574066,0.4177553057670593,0.2658420243320375,-0.34454667568206787,1.5700039405881143,1.4001056977170658,-0.7987266408439146,0.2204715460538864,-1.1631706016879564,0.12714727222919464,0.3333333432674408
-0.46642789244651794,-1.1825462718091377,0.487503323955773,1.5754391440041395,-0.1859307257072184,1.9032151785574658,1.011358656841782,0.6689216224574043,0.34516897797584534,-0.6905476450920105,-0.041507821530103683,0.5
0.4429023563861847,1.5792425341366367,-2.0099083786169825,-0.6332142949104309,1.0271115340423689,-0.7539154298688224,-1.0462146322351902,1.3358823015369192,0.8439587354660034,-0.6237646341323853,-0.8004556894302368,0.5
-0.6179829239845276,1.7008897187418137,-2.056658769024219,-0.6776565313339233,-0.17506723844751562,-0.7881091237068176,-1.5115053517907462,0.01660881945513535,0.7192612886428833,1.4286506736778464,0.5997016896380877,0.5
0.1397922784090042,-0.6191481351852417,1.5783840590979548,1.2665440750172914,-0.34454667568206787,0.7846868634223938,0.42172745126854355,0.6247669668798433,-0.3819535544870372,-1.355659798820845,-0.507898900059084,0.3333333432674408
0.36712485551834106,1.465879294627954,-2.1231529439450245,-0.6998776793479919,0.4047341802239989,-1.3680012166930764,-1.592235743159596,0.7795062565352723,0.6569125652313232,-0.3566324710845947,-1.0534383058547974,0.5
-0.01176275685429573,2.647989043093488,-2.1644208431243896,-0.5665509104728699,1.1415588666052057,-1.3785934190173568,-1.7271999114348395,0.9385521575608711,1.5059289156749824,0.3111979067325592,-0.8847832679748535,0.3333333432674408
0.7116081620033621,-0.5002763271331787,2.039968960364817,0.5601780661086775,-0.358351055950325,-0.45108139514923096,0.13401103424044242,0.5493326173986139,-0.8394566774368286,-0.890896737575531,-0.9691107869148254,0.3333333432674408
1.5525336402796417,-0.3219686448574066,2.0114803269774146,-0.6332142949104309,2.6118940855784034,-1.349821925163269,-1.6013239151510443,1.4258887092785326,0.34516897797584534,0.6172910616276894,-1.182668193302776,0.3333333432674408
-0.08754027634859085,-0.7380198836326599,0.000738287996202007,1.7658391995043141,-0.4137545699004264,1.5853923346276586,0.5804098287871031,0.44667011566900705,-1.3971920729309442,-0.3566324710845947,-0.631800651550293,0.3333333432674408
-0.3148728311061859,-0.5002763271331787,1.449966733446588,0.6896882980549582,-0.39880406856536865,0.2791453003883362,0.6079315704501624,0.5268172247935073,-0.1162733971834575,-0.3566324710845947,-1.2222945528124165,0.3333333432674408
0.9811189064033247,-0.3219686448574066,0.21389929950237274,-0.6554354429244995,-0.2089032083749771,-0.6195952296257019,-1.5065635111129057,0.024545772212161397,0.23527453040689966,2.128520189567248,1.1390777826309204,0.5
-0.7564212488501679,-0.9757634997367859,-0.2617647051811218,2.136690544866173,-0.15464581549167633,0.04886929369026445,-0.26091314273602745,0.9578849840521353,-0.09127205610275269,-1.246057526137304,-0.9691107869148254,0.5
3.0966887956175713,-0.14366096258163452,1.1652272939682007,-0.7887621521949768,0.4174129401589456,-1.413342963207478,-1.8293066259506188,1.0830985429698154,-0.7147592306137085,2.834079032153844,-0.5474730730056763,0.393875479175336
-0.46642789244651794,-0.9966674245870847,-0.2617647051811218,-0.16634444963322317,-0.2631605863571167,-0.3387388288974762,-0.1447370911387929,0.08611226787684587,0.7192612886428833,-0.2898494303226471,-0.7002555749641434,0.3333333432674408
-0.08754027634859085,0.7394940467056244,0.010043300688266754,1.4402574441700073,-0.4801901578903198,-0.0578824058175087,1.4328481601595704,0.9644056894983459,0.2828202545642853,-0.0895003229379654,-0.8098057956948023,0.6666666865348816
0.29134732484817505,1.5958638491085273,-1.7321580513565644,-0.4166597079213305,1.9059596054519676,0.16680273413658142,-0.5604328382593448,0.9099136205861198,-0.09127205610275269,0.2354572583542304,-0.8004556894302368,0.3333333432674408
-0.5179663838518949,-0.5597122311592102,-1.3967518008741253,-0.17715703514190811,1.168974940184173,-0.5072526931762695,0.44288677093198553,0.33217256033920045,-1.432494688389688,-0.0895003229379654,-1.4872094287504936,0.3333333432674408
-0.3148728311061859,-0.2625327408313751,0.7644254528884656,-0.63536503672087,-0.37167537212371826,-0.731937825679779,0.235987072112105,-1.65198303439284,0.0957741066813469,0.37798094749450684,2.630716004473626,0.6666666865348816
-0.39065036177635193,-0.2625327408313751,0.6895633339881897,2.023565412422717,-0.11641125448770688,1.455038350682693,2.0774037590024315,1.2438652412669446,-0.7147592306137085,-0.22306638956069946,-1.2996270889324975,0.5
-0.16331779956817627,-0.5002763271331787,-0.2617647051811218,-0.544329822063446,-0.7857792368083659,0.2229740172624588,-0.019509974867105484,-1.3076794604356075,-0.34066691994667053,0.8120988325899579,1.392060399055481,0.8333333134651184
0.5944573879241943,2.084132979456033,-0.9346792463560342,-0.6998776793479919,0.4939014647222836,-0.5634239912033081,-0.8126934586733138,0.8548580920987372,-0.5900617837905884,1.1482713567460647,-0.8004556894302368,0.5
-0.39065036177635193,-0.9757634997367859,-0.6803567248179757,-0.8776466846466064,-0.697219729423523,0.8611156643286585,0.07581936639720559,-0.9091576273183983,0.4232034473173121,-0.2115817672901546,-0.2944904565811157,0.5
-0.39065036177635193,-1.0351994037628174,0.14594730734825134,-0.10120394018153904,-0.5073188543319702,1.60751465161015,0.8054412833879729,-0.01443157290653154,0.5945638418197632,0.7842929144032074,-0.631800651550293,0.6666666865348816
0.5186799168586731,1.5200486917773908,-1.3606336769591356,-0.4257808549156337,1.3839558327461734,1.416546140141221,0.799400400023143,1.1665700301215838,0.0957741066813469,0.6659142027814346,-1.0534383058547974,0.3333333432674408
-1.372558362786881,-0.7974557876586914,-0.2617647051811218,-0.8539490108589863,0.39497879845783584,1.184915894885371,0.2701679302562901,-1.4766538065151333,1.4464241905556103,0.1108487918972969,1.376437843627171,0.5
-0.39065036177635193,-0.010468916748906262,1.1652272939682007,-0.7443199157714844,0.9876369096554583,0.8902033383614891,1.3497269992898837,-0.00017908461886442448,-0.4030156433582306,-0.890896737575531,-1.2929019673196782,0.5
-0.6937604546546936,-0.4408404231071472,-1.4143036665675461,-0.8109833002090454,-0.39880406856536865,0.27961719416804504,-0.32935349964950145,-0.03915754753357396,2.112362377113846,0.335044277316268,-0.631800651550293,0.3333333432674408
-0.28679913627386,0.7687579382078963,0.4177553057670593,0.051343096878476165,-0.6429623365402222,0.05446016043424606,-0.2643449911238216,-1.349724981353889,-1.5169036763926986,-1.6148399033440302,1.8264896279507157,0.6666666865348816
-0.16331779956817627,-0.6691313037571864,0.5536593198776245,-0.8370272158301056,-0.6213006490835888,-0.22353391051907925,-0.5926939907762239,-0.9090964368975516,0.033425383269786835,0.35699859498394987,0.3801299035549164,0.6666666865348816
1.1127077345305096,1.0575800731853582,-0.19381269812583923,-0.4998875558376312,2.8514049782794006,-0.3648745922153371,-1.2802864955602158,1.005657987800581,0.15812282264232635,1.4872565626596677,0.004763972005971208,0.3333333432674408
1.884433748780594,-0.5597122311592102,0.6895633339881897,-0.6998776793479919,-0.18405538722907855,-0.5072526931762695,-1.051911425378342,-0.42163893475581254,-1.2221649975811726,0.3111979067325592,1.223405361175537,0.5
-0.8532642050609698,-0.5002763271331787,-0.19381269812583923,-0.6332142949104309,-0.6572783793088871,-0.8442803621292114,-0.425159399399929,-1.7424626388946092,-1.4964289102627473,0.24441486597061157,2.007554936546342,0.5
-0.3485713051139258,-1.0488219883296919,0.6895633339881897,0.08431349500937887,-0.2902892827987671,1.3001400341247609,0.6135098623411807,0.1831798221995548,-0.11479473870553208,0.9122452139854431,-0.37881800532341003,0.5
-0.9210929870605469,0.8624578682686319,-0.2617647051811218,-0.6554354429244995,-0.3174179792404175,-0.8560271284692167,-0.18729955241005555,-1.8307504527672276,-0.5277130603790283,-0.890896737575531,2.368692889289446,0.5
-0.46642789244651794,1.566055030701149,-1.7774511205303392,-0.6776565313339233,2.7065394477641966,0.35605431548898303,-0.31005048979375827,0.42681664204382413,0.2828202545642853,0.29305560036155315,-0.8004556894302368,0.3333333432674408
-0.24699798095365244,-1.094635248184204,0.07799530029296875,-0.7220988273620605,-0.3174179792404175,1.7927400067522155,1.1866040963406534,-0.8553181886672974,0.5945638418197632,-0.6905476450920105,0.29580235481262207,0.6666666865348816
0.5186799168586731,0.0037655595474060666,0.010043300688266754,2.5405544073436555,-0.21744718459602513,0.2793619619015331,1.2250253997790896,1.8481985535904941,0.033425383269786835,0.22245969807106167,-1.2220934629440308,0.3333333432674408
2.040100203054252,0.29134951457510194,1.1652272939682007,0.2560934523080063,0.06482469242197116,-1.4059932231903076,-1.6676379948366078,1.5030398757332177,0.13285843307191111,1.3062911590811253,-0.37881800532341003,0.5
0.21556980907917023,0.1597189828867186,-0.05790869891643524,-0.6619153140049102,0.34894315253328356,-0.22639626264572144,-0.7238241205084643,0.5179187686463379,0.46986642479896545,0.04406575486063957,-0.041507821530103683,0.5
-0.2390953153371811,-0.3814045190811157,-0.6015247106552124,-0.766541063785553,-0.15464581549167633,-0.0578824058175087,0.42549582836532,-0.2341182230892781,0.7192612886428833,-0.02271728403866291,-0.7161281704902649,0.3333333432674408
-1.4524010851421953,-1.2141789986607812,-0.2617647051811218,-0.7220988273620605,-0.6429623365402222,1.5266293499665933,0.2411008344844163,-1.3255799216278354,1.3427485227584839,-1.0573635491508195,0.7759138739530909,0.5
-0.7695379853248596,-0.024789171293377876,-0.3297167122364044,-0.41445474282658745,0.5527735625514424,1.2943661913802604,0.7208768718818755,-0.9340219280582971,-0.028923334553837776,-0.49019855260849,0.3682351598161565,0.5
-0.2390953153371811,-0.3814045190811157,0.29662052859272114,0.7545033249954751,-0.4801901578903198,10.470524662341756,1.8865180741007417,0.3625715879365221,-0.9641541242599487,0.1108487918972969,-0.631800651550293,0.3333333432674408
0.9723904030761211,-0.7974557876586914,-0.04219978587657765,-0.6776565313339233,-0.2089032083749771,-0.3387388288974762,1.4253768149779062,-0.19180837360683475,0.4075177013874054,0.14287568887025992,-0.2944904565811157,0.5
-0.9210929870605469,-1.094635248184204,-0.3297167122364044,-0.8554255366325378,-0.6534847325005131,0.19839602296214004,0.21524179440227192,-1.600658415326516,1.3904521927194278,-0.6905476450920105,1.4458187199775872,0.6666666865348816
-0.6179829239845276,-0.2625327408313751,-0.8204496957548018,-0.887049768046383,-0.34454667568206787,-0.903491272650112,-1.1406611951228878,-0.9259072466958339,-0.46536436676979065,-0.890896737575531,-0.8376719597095209,0.3333333432674408
-0.16331779956817627,-0.20309685170650482,0.07799530029296875,0.9018501421507368,-0.2360319048166275,-0.5233662599471357,-0.07308416582592366,-0.3381233320056183,0.34516897797584534,0.8194895147316527,1.6032544133705073,0.5
-0.5422053933143616,-0.7974557876586914,-0.12586070597171783,-0.4399268362730631,-0.6347616736925276,-0.5753583411945329,-0.6557974716962279,-1.3213698756742265,-1.276047799468766,-0.22306638956069946,0.8017675876617432,0.5
-0.39065036177635193,-1.213507056236267,0.002295144593386894,1.5543566878805928,-0.18177451193332672,-0.6879723308447308,-0.16867098828500848,0.731498308393383,-0.028923334553837776,-1.3097414336513518,-0.8847832679748535,0.5
-0.46642789244651794,-0.5597122311592102,0.12031477949794439,1.4363148548550915,-0.561576247215271,2.763642128867065,1.7437795471478093,0.4669435003976361,-1.0888515710830688,0.37798094749450684,-0.8847832679748535,0.5
0.8979722677778954,1.7244487965261317,-0.5335727334022522,-0.6332142949104309,1.0381875823398807,-0.7231185373585753,-0.5116934692524433,1.0882489874201369,0.7192612886428833,-0.02271728403866291,-0.6221505604233982,0.3333333432674408
-0.01176275685429573,-0.952295877136167,0.6895633339881897,-0.8776466846466064,-0.4801901578903198,0.6161730289459229,0.44985012078327,-1.1756142032509629,-0.7147592306137085,-0.5569815635681152,0.6124790917797293,0.3333333432674408
-0.3148728311061859,-0.3219686448574066,-0.12586070597171783,1.7269323120262918,0.17871705447289865,1.9044555096284648,1.3547813784950595,1.020573654428516,0.41356412688971,-0.890896737575531,-1.2691706402424094,0.3333333432674408
-0.9968705177307129,-0.2625327408313751,0.010043300688266754,2.445074721730062,-0.01900232955813408,-0.22639626264572144,0.3434172450540255,1.2051912905846682,0.9686561822891235,-0.4352019341600853,-0.9814453287345265,0.5
-0.251327703799875,-1.0950020422144375,0.010043300688266754,-0.07356449319212191,-0.9193272142686039,-0.9566229581832886,-0.4391331644700111,-0.9625305565694144,-0.15362077951431274,-1.1363778991263738,1.223405361175537,0.6666666865348816
-0.10818656806349469,-0.5002763271331787,-0.2617647051811218,-0.6998776793479919,0.5501181870445168,-0.8442803621292114,0.6115775455755128,-0.33179611486882193,-0.4030156433582306,0.09115007368803055,-0.46314552426338196,0.3333333432674408
0.06401476263999939,-0.2625327408313751,-0.5335727334022522,1.3203554261814914,0.355565489052209,-0.016448374422256287,1.0485495774741105,0.5025457408102123,0.8414177595594856,-0.9215214542436808,0.5487849712371826,0.6666666865348816
0.5186799168586731,0.15351851284503937,0.010043300688266754,0.28960202690051723,-0.5344475507736206,-0.08732996358089502,0.3431487883749959,0.3108936054987368,-0.8394566774368286,0.04406575486063957,-0.631800651550293,0.3333333432674408
0.5804486064392391,0.6859611346657627,0.21389929950237274,-0.6109932065010071,-0.016540006425673413,0.5038304328918457,-0.666056755835302,-0.3178265456920131,0.4075177013874054,0.9234279291573462,1.3283427269103765,0.5
-1.2431871260254683,-0.5597122311592102,-0.2617647051811218,-0.7209191995949571,-0.18177451193332672,0.33531656861305237,-0.4386020879970226,-1.6149168026758913,-0.6622519488742825,-0.04671898101477434,1.0547502040863037,0.5
-0.5422053933143616,-0.9757634997367859,-0.28180714987772304,-0.9040263729237291,-0.2631605863571167,0.6161730289459229,-0.5284884449737679,-1.1351860210745925,-0.028923334553837776,-0.6237646341323853,-0.2101629078388214,0.5
0.06401476263999939,-0.5597122311592102,1.70785396684827,0.12713509162887776,0.13541041543955767,0.05446016043424606,0.6663711949590727,0.6346466263193484,-0.2783181965351105,-0.8241137266159058,-0.9691107869148254,0.3333333432674408
-1.148425579071045,0.21295440196990967,-1.0068533571790812,0.6402983639849904,-0.2631605863571167,1.8515716181223203,0.9405314164557639,-0.08837397688112968,-0.34066691994667053,-0.02271728403866291,-0.46314552426338196,0.3333333432674408
-0.39065036177635193,-0.4408404231071472,-0.5335727334022522,-0.6416867304150786,-0.2631605863571167,0.16680273413658142,0.02674858392904523,-0.3998879948500312,0.7816100120544434,-0.5569815635681152,-0.46314552426338196,0.3333333432674408
-0.5702680718725357,-0.7974557876586914,0.010043300688266754,-0.4813004379473215,-0.29433437095727116,1.678447641972373,1.319700711292586,-0.3140656070054041,-0.9641541242599487,0.3111979067325592,-0.7003880193954356,0.41032051836258293
0.29134732484817505,-0.6825583170843443,0.49569533088173295,1.6981641849455316,-0.15464581549167633,-0.22639626264572144,-0.21820268844557697,0.9201220586046585,-0.8536451952808799,-1.1580289602279663,-0.9691107869148254,0.3333333432674408
-0.3148728311061859,1.5046948238497952,-2.1644208431243896,-0.6694495883601947,0.3865908180030367,-1.0453328830723327,-1.5758673052022067,-0.24841852429413241,1.64514972545992,-0.2898494303226471,1.5607155561447144,0.5
1.268999173689135,-0.2597201286054906,0.2229787293456754,-0.7280317840809686,0.7280521059820794,-1.0689655542373657,-1.6634545224287949,0.2201469269340164,0.43992602974176126,1.6971075303043524,0.7174400687217712,0.5
0.4429023563861847,0.27239030599594116,-0.05790869891643524,-0.7220988273620605,-0.34454667568206787,-0.45108139514923096,-0.1658016944767233,-0.10996137991956506,-0.34066691994667053,0.24441486597061157,-0.2944904565811157,0.4451244770753459
0.29134732484817505,-1.094635248184204,0.28185129165649414,1.7210720222088645,-0.2089032083749771,1.3374521682615272,1.352320770002448,1.6510217396805922,1.0933536291122437,3.1153995421123004,-1.2220934629440308,0.8333333134651184
0.8818793595012282,-0.5002763271331787,0.42569827291459966,-0.6109932065010071,-0.5887049436569214,2.1663202907884958,0.4667741296097801,-0.9240467355095204,0.2828202545642853,-0.8089414526374235,1.392060399055481,0.6666666865348816
0.1397922784090042,1.547817868715427,-1.050468037730261,-0.6332142949104309,0.985265550691654,-1.237479329109192,-1.5309589953235379,0.6245077485701716,0.8439587354660034,-0.14059166050473143,-0.2571664248531168,0.3333333432674408
0.4429023563861847,-1.094635248184204,-0.05790869891643524,2.6625550281268793,0.13114432041050786,-0.30952466272703766,0.5787896204723592,1.5804414005457617,-0.48106756194885053,-0.6687996843364075,-0.8004556894302368,0.5
1.9161671297629133,0.33182618021965027,1.775093382543787,-0.5665509104728699,1.651721296867406,-1.5408892178252573,-1.894593439077575,0.7653453762369175,-0.028923334553837776,0.5991162310396189,1.406425217699619,0.5
-0.38156866679627865,0.4058206556775226,1.1652272939682007,1.3339968339414412,-0.6279838285928068,-0.2825675308704376,2.0437971135800157,0.2930102361628392,-0.2783181965351105,0.6820039358894235,0.21147480607032776,0.1666666716337204
-0.01176275685429573,-0.715364524467339,-0.3297167122364044,0.6363006262795375,-0.01900232955813408,0.4476591646671295,0.9420816327735232,0.6260996661031515,-0.15362077951431274,-1.1580289602279663,-0.8924117386283007,0.5
-0.16331779956817627,-0.3814045190811157,-0.397668719291687,-0.7887621521949768,-0.561576247215271,0.6161730289459229,-0.10405282847719112,-0.7813779183757512,-0.34066691994667053,1.0474224042519569,-0.041507821530103683,0.5
0.21556980907917023,-0.7380198836326599,1.1324598839643358,0.5304861895269152,-0.07325971871614456,-0.2825675308704376,-0.17957910536409813,-0.27016025131419086,-0.09089114533614505,-1.1580289602279663,0.4644574522972107,0.5
-0.08754027634859085,-1.094635248184204,-0.05790869891643524,1.9348140280373871,-0.5073188543319702,0.6723442673683167,0.5263003867283583,1.1837771760512494,1.0933536291122437,0.9790282845497131,-0.8847832679748535,0.5
-0.142551162168723,1.4536693518326824,0.14594730734825134,0.5574387477429351,-0.6158336400985718,0.39148786664009094,0.3394592090710207,-1.1844482257129472,-0.9937705738655314,-0.22306638956069946,2.2274228074145688,0.8333333134651184
-0.46642789244651794,-0.20309685170650482,0.41718107000614085,1.9373159559198985,-0.12751711905002594,1.1959019012508427,1.3284911780966568,0.8483825067070946,-0.46536436676979065,-0.15628336369991302,-0.9691107869148254,0.5
-0.2390953153371811,-0.3219686448574066,0.5536593198776245,-0.049315365818565896,-0.15154734058080696,0.6723442673683167,1.3452143362113524,-0.07326606574430353,-1.4005951881408691,-0.15628336369991302,-0.8847832679748535,0.3333333432674408
2.287718388330658,-0.2625327408313751,1.5412696324602058,-0.5855129374965339,2.8409047380526116,-0.8442803621292114,-1.4836050959155453,1.8150729251799878,-0.6911154569277753,8.611174252425386,-1.0742882373356242,0.3333333432674408
0.23070716434254698,-0.6191481351852417,0.21389929950237274,-0.7954796278544841,-0.4066845279245268,0.36548367553391264,-0.1750468109864886,-1.6476648672415446,-0.7147592306137085,-1.1175026258246792,2.0278378644142334,0.5
0.7227217819285369,-0.5597122311592102,-0.559336864059344,1.8066336633283693,-0.43536239787654935,-0.0578824058175087,1.6053740684531899,0.9340632995862598,-1.9727113164702699,-1.0244628190994263,-0.9691107869148254,0.5
0.21556980907917023,-1.0351994037628174,1.1652272939682007,-0.8109833002090454,-0.18177451193332672,-1.0689655542373657,-1.2081271870098005,-0.47629738917253495,-1.0888515710830688,-0.7688607193235312,-0.5474730730056763,0.5
0.5186799168586731,-1.0351994037628174,-0.05790869891643524,-0.8998677730560303,-0.45306146144866943,-0.7513648121226834,-0.8301312331039935,-1.10659238667378,-1.1718544030785025,-0.890896737575531,0.3888484406399657,0.5
-0.16331779956817627,1.675329566401623,-1.9517275251218529,-0.7388589711446714,0.7573639862779884,-1.349821925163269,-1.5826111491073045,0.851397674140724,1.0599338411461792,1.568163934678477,-0.8847832679748535,0.3333333432674408
-0.01176275685429573,-0.7974557876586914,0.07799530029296875,-0.8554255366325378,-0.5344475507736206,-0.22639626264572144,-0.47872823670850206,-1.3546292467250474,-0.9018054008483887,-0.6237646341323853,0.7490744634064209,0.5
-0.16331779956817627,1.215811437615869,-0.8925881479160425,-0.5887720584869385,0.4180486401768684,-0.3368888393463495,-1.1724402671616412,-0.34506145389339393,1.0933536291122437,0.4447639584541321,0.7948521165810096,0.5
-0.16331779956817627,-0.7974557876586914,-0.4656206965446472,1.5890169182298115,0.3563338151480809,0.10612734532429295,0.16199721044457224,1.0048191498303538,-0.46536436676979065,-0.6237646341323853,-0.9691107869148254,0.5
