oz1,oz2,oz3,oz4,oz5,oz6,oz7,oz8,oz9,oz10,target
-2.2839855686395105,-1.6170842055774983,-0.5796148134835973,-0.23871087399612778,-0.9232385932666206,3.5701473791328944,1.5555677841886022,0.5654636193716247,-1.4973488640714823,1.6814406715685326,0.2970458979658127
-1.495213908072799,-1.3897272385539647,-0.2688624221815523,1.0880745022307647,-0.6181309818089503,-0.9897377485498934,-0.4156782852022386,0.5005144902150194,-1.316203919480969,-1.473897867299879,0.38350372972065355
-0.4375622412771937,-0.7308800505005238,-0.22229325697565555,0.21450530796081357,-0.30493762398779917,2.458169900968206,1.5155032153820511,0.35386520957236506,-0.85095821783582,0.9539621624982442,0.5157491215942933
1.2797128682545298,0.9746810626557135,0.19893003788852634,-0.11699732577720336,0.028976234883345185,-0.5680824771924705,-0.7248170897740005,0.9244660319514642,1.3269012258492747,-0.33746598597225014,0.2552057421745355
1.2876975005749667,1.4837572937342518,-0.34771803675331875,-1.0774323875901597,-0.108339159980602,0.9361758144352199,1.3577151362874746,-0.8244788852798314,-1.4854490763534793,1.4043419222108493,0.3288532992894137
0.8312342985348233,0.5233460985886333,-0.8141729557619009,-1.3551161310440216,-0.6994044754963487,1.9785328748814095,1.5179487633114601,1.064343542281561,-1.3668554893027864,0.8721211691295462,0.07656642648647066
-0.23689472371528458,-0.4554202873532181,-1.0224063591058985,-1.6493769674491396,-1.0161380025027922,-0.3883784691471284,1.2050296275665258,-0.5667330943848528,0.19840281862840886,-1.0207309281892198,0.4366556357251197
0.9515872363086888,0.7719472966640941,1.222876676798137,0.7390020447511314,0.997113465905842,0.3813311214918098,0.5201097255762391,-0.6845629655877414,-1.3837263684546772,1.0670328613780293,0.21692096421740953
-0.7223076456749571,-0.9121455590721959,-0.44130867595544254,1.24931446393995,-0.5592010984755404,1.2171261392662251,1.3632513901271766,-0.5240254779574296,-0.9694254905402565,0.6233917343255505,0.559397966650806
0.5530412817638015,0.9013583229396697,0.8655883726049219,0.7530545372232282,0.7451549642123743,0.09112846959986,-0.0362212063837635,-0.5922176444832872,1.043684070935364,-0.31396602037292975,0.2683002179295118
0.34465882886291604,0.8747060812148915,-1.6516879909738011,-1.4182511555298178,-1.3477585775014909,0.16792190094367604,1.1623368749346372,-0.23928031423005194,1.0381405155032006,-0.2000350246978473,0.2876781094725829
0.8031291696726244,1.1496119210101727,1.7631196988339852,1.2542224117318432,1.777611695514359,0.6780496754916132,-0.3265963360460896,-0.1675987611845714,-0.8506016287678694,1.0748939272558173,0.366044999632596
0.4726155389209664,-0.014966891061388245,-0.3830134271608298,-0.887440875613615,-0.2789259738486225,0.22680060907195304,0.19380249646962935,0.8486022599928897,-0.7007113192677542,-0.48901829387141876,0.2997575527915853
1.5533866101827793,1.0455844987950562,1.2592564490488378,-0.9387351718339515,1.48238889552462,0.03118207201889752,1.169163925965884,-1.163846536973429,-0.931200950201811,-0.786578128656075,0.38252906961050187
1.1983724592713718,0.8321194563394786,1.4446468789785432,0.5929660672805238,1.3479261425835654,0.31814112737233696,0.5605403651511895,1.2434729264753057,0.7614080342862041,-0.7912855570466069,0.19414009318731482
-1.9075869655549902,-1.256457448876028,-0.7785431906705195,-0.5203007317311006,-0.8371469690636779,-0.12158273459091852,-0.4436131934953324,-1.1150267701419314,0.03558973248991784,1.342062064524264,0.36843130276146246
-1.670113634909882,-1.2769018424302272,-0.7791787043076579,-0.26713757869289434,-0.6323256897879332,0.7571718921623685,0.22827251476170435,-0.6799012732582854,1.0628357940154798,1.5001193111446027,0.36190836869626575
-0.24036050646008278,0.03171646583358139,0.8368641653275366,0.9864882241849129,0.522630076414097,-0.40054986973288087,-0.40777880859500126,-0.45364883404212963,-0.6842385285422419,-0.7765695718256241,0.5523837841105254
1.07148681314496,0.8478778023610831,0.6118343138003878,0.6696176617645426,0.9704416336567141,-0.08264036541938888,0.677687808230109,-1.1921656165043388,0.5136461508024687,-0.5924366801580716,0.2635502404045119
0.8119078866337269,0.5803009123842746,-0.8082012652632381,-1.2170080372597394,-0.7389886960458415,-0.9690932622010735,-0.9635446767750826,-0.4416105733880472,1.098244046638984,-1.0478658274087398,0.3415814929422697
-0.3911561627871405,-0.8620201876315282,-0.3160369820427781,-0.8822846150952337,-0.45539613298129533,0.253856495954449,1.0823056229192591,-1.4967159626712183,-0.16807102689576725,0.5380985199965423,0.45325940760416794
1.0596631376170447,1.4754761257694269,1.261066857066114,0.16574713186737422,1.3447724585704304,-0.30353423352277975,-1.0392635203125595,0.01901522537670859,-1.6642350954497833,-0.5652939163044034,0.2547438853186244
0.18592791928862093,-0.2907034056644339,1.043984703273364,1.6835170379405395,0.6191302416538008,-0.8228434846671729,-1.1524187641351429,-0.8634760410858088,-0.5735883580370579,-1.132390103608795,0.5545446351734267
-0.2960557173124219,-0.17505719653480903,-0.31273102264787506,-0.8354585672755982,-0.2864750797363938,0.14756226282775603,0.938972489166964,0.36582137529495967,0.777017993743891,-1.5202592148137348,0.42282053670627606
-0.3907522280643739,-0.1974431849175091,-0.3508306817836251,-0.1913397682840764,-0.24972263362708236,-0.13944797321478508,0.6660420155667823,-1.7149836198798756,-0.8788577861549453,0.7267068712157404,0.5123667098227732
-0.3384548807715456,-0.23519274461290982,-0.5587785547983805,-1.5882669736732034,-0.7866150589212721,-1.2693711155537635,-1.6458782645353025,-0.05815085354952228,-0.24645925208270347,0.2123784426304418,0.42934689430899975
1.4567581454365772,1.470264619519572,0.726967083930077,-0.1307524312585863,1.3094265164067571,5.2087646484575215e-05,-0.15310511572455793,0.6518760541667513,-0.5821938571798103,-0.9697315107204365,0.4261214168158467
-0.890255259653877,-0.4392114152282737,-0.39324471585268644,-0.12882100701955596,-0.583357021859531,-1.09361726690787,-1.7012697444614553,-0.4836896868363204,-0.37585759350597425,-1.311896427015959,0.4898518115859239
1.774896137226744,1.5373296510631789,-0.5168948604550256,-1.4768176162703122,-0.43693634791184066,-1.186209197737139,-1.0402237470630136,-0.12388470317614977,-1.3453071743544003,0.1406855669221188,0.42177129329490254
-0.5283393454587121,-0.16191480385817456,0.09015279803138582,-0.7606456937559769,-0.3188085731759545,-0.9800112546568193,-0.7990354514600023,-0.4717056886572627,0.5470895506108463,-0.8436504681590247,0.4468407133492007
-1.870942385355742,-1.6894411434862633,-0.9136322343307441,0.9340771003960823,-0.8013815011764596,0.83526116451477,0.8871882236539802,0.26459361834572864,-0.6615093136114463,1.334634256986483,0.3660436827000642
-1.483365820757077,-1.5589408369168327,-1.6627937026244657,0.19730956200558886,-1.1291627203911587,-0.9768653553750408,1.4023789342096558,-1.021269866554735,0.3028061473250654,-1.5647629671057244,0.41693544561867907
-1.1769837347843939,-1.7095047312861855,-1.726412409618781,0.8221335694558558,-0.8625043293773466,-0.3474122648778422,0.0790394680510807,-0.9106930032031306,0.0023359468897411403,-0.29338161921315997,0.4508638477327306
-0.6490728162947362,-1.0293874471097537,0.6192774090643809,1.1746437223046513,0.1464100958763708,-0.38061664291610775,-0.332435617963209,-0.21299041666420349,0.08414206023287732,-0.6448734166366529,0.4817113317983288
0.4161056602381765,0.6395039947497945,0.9943603319427524,0.987449478174989,0.7458612157557589,-0.4445960098981746,1.5255312268433872,-0.7096464779028051,0.37735397141257965,-1.0650283309119777,0.27057833699031975
-0.3049713492464047,-0.10109221797561246,-0.5036609557927849,-0.9458092302380421,-0.7680130043510626,1.1835937429752936,1.2936150794091372,-1.117296216072108,-0.7374371723965655,1.637042754414992,0.48974999703954475
-0.3559807066505106,-0.8205222887540227,-0.17993870094655745,-0.5128908830213869,-0.3227495552021526,0.2052406447736399,0.4592373038482614,1.1954318519419749,-1.6419689669027162,-1.0852366676037566,0.4296472088527342
-1.1887218164069795,-1.2552455058827503,-1.189537114410224,-1.574256831723171,-0.8156469053066004,-0.2760842590690784,-0.16481324585758336,-0.7748640447969668,-0.04849601651898604,-0.36175647918981046,0.19048269535106185
-0.37959586640793314,-0.7499842341081363,0.047185730875764956,1.325020445980265,-0.20223605028930908,0.016374145767164873,0.07371032198093636,-1.0563414863617888,0.919310857193819,1.0378192842979104,0.5386636063684682
-0.5933947143133347,-0.9545729069554549,-0.8414924829752897,0.05126266184677547,-0.602407038445926,0.20948946706824495,-0.6640588250623133,-1.7064279688524535,-0.9481613103996964,0.7595446881280254,0.4809238018514788
-0.23893491970585842,-0.8341080494090086,0.3685264815663203,0.8293205724371095,-0.18903694246555658,-0.5718761824798836,-0.22899668455572267,0.6581817029357186,-1.724556256434615,0.15925755648149126,0.5094529581051962
-0.9109946226829436,-1.5031478888180863,-0.48038674826923056,1.0497522613327575,-0.25883108385395875,-1.2296558437722316,0.17808504041694637,-0.6781319721399076,-1.33352246108313,-1.590566753868047,0.4112894926869828
-0.16754507857617906,-0.7422821247976198,-0.901630280041113,-0.4611162687586624,-0.8500759162870406,1.5828503599156014,0.6956551575599448,0.8543226031578072,-0.7073279072293182,0.01820250372364872,0.44381175711568555
0.7545380773379353,1.2918754625367446,0.504066241939979,-0.022077666950635292,0.5549940653171703,-1.061784206725644,-1.62624083048756,1.4862291691576281,1.5437235485287537,-1.4516846745267484,0.17672612551738617
-0.1450795993844303,-0.2905367956645013,-0.07294767741211827,0.7708413861645766,-0.16535337138449388,-0.24194926038949993,0.679325860369237,-0.19678860999186423,-1.3906466238149913,-0.7058008583539435,0.48602600103695437
0.6509416454508242,0.7785805448384078,-0.2749241786439898,-0.9982717719362438,0.040781309723819395,0.7233238196609709,0.6452509702388641,0.8041903167466143,1.1258017532693938,0.7071323101330923,0.1288108774753611
-1.0378635258461442,-1.6258140720623313,-0.5648350038081597,0.8012608106459711,-0.517002520709267,0.3810085473907588,-0.1320389432727605,0.9390903588690886,-0.6057689308669822,0.9890967238285029,0.3392730270832733
0.23209529221205194,-0.26247515751546935,-0.030590582464625628,0.9649546831657794,-0.14359706804285147,-0.3168667889718645,1.3284837092144257,-0.381939288358752,-1.3331242137907051,-1.4619543682957055,0.48201152921704815
0.7643663018871719,0.9880208564953286,-0.26498622123743903,-1.119109179890608,-0.13608647189541098,-1.3611597698962783,-1.066104950371704,-0.37031184154869745,0.29998888484807384,0.4112842879665452,0.10449100374009415
0.0515830301619082,-0.3495987425161611,-0.9146488585475523,-1.4049573932194068,-0.6304303459744146,-0.6202190598534635,-0.7458351298215977,-0.05854911707226429,-0.21279072257282153,1.158192746750239,0.4173229842813599
-1.3036676766467623,-1.5305722158412398,-0.9342995130261418,-0.7444728068991248,-0.7924871312582275,1.2388082157169942,1.1837679438121274,-0.2532155441168078,1.6744998586735063,1.2243297558731507,0.33898241723087336
0.5847558858264683,0.900886395738651,-1.0592382971395773,-1.3540861652557994,-0.8133865755473999,-0.8081881043090704,-0.9001062075372025,0.16032716443781533,1.3278998119076177,-1.3801275557821466,0.10738647303716498
-0.7855632529349099,-0.8328644254711716,0.09716713020702167,0.182181031912295,-0.5923279276608693,0.21606353079777396,-0.2711944333054099,0.020357524579327477,1.4902263632809858,0.1794966719807785,0.34140442794284825
0.4418191411051464,0.6747251115539,1.4996446934754464,0.8132883262608798,1.1997944556240465,-0.14772282530774364,-1.0236893335166761,0.7208780624693698,0.7620620793594416,1.5494354488979694,0.2748667707439858
1.0358857480933656,1.0705548124095081,0.4585199183946513,0.2891034094227704,0.7780429393796138,-1.0150728466147925,-0.263168601980994,-1.4860836683077523,0.9634161582527249,-0.870072064779164,0.21937626271447005
-1.1591882594773268,-1.009980716209388,-0.2652310451394839,-1.3627252213623087,-0.6114510665410371,3.533658208370318,1.7457357869243295,1.623923662918951,0.8291486762269971,-0.725492940564567,0.3441153094633281
-0.6230937234679383,-0.43870170605321945,-0.8422099611146872,-1.3590476503941307,-0.8004721062057071,-0.727026883125025,-1.183284565696282,-0.3323655295451369,0.03512378778784361,-0.2693789723792678,0.4750458282225323
0.10555887067938519,0.5329967861362442,-0.3917215111353844,-0.04565337816025486,-0.4582284923447203,-0.42457221573856374,-0.5978517303900167,-0.33769038032463883,0.7950731889651651,0.5389435223101792,0.2745764603392739
0.39069695505123425,0.2956621242819979,-0.128511273920066,-0.12553816429184897,-0.2957627310435318,-0.36829687865689664,-0.1752082788948704,-1.2448019618654775,-0.08399883554128691,-0.48552015477033794,0.1945511024881651
-0.007967197667360426,-0.7492672262360422,0.27140464239886913,0.3731858346169031,-0.11791134410311105,0.32196195897825575,1.0592599000791818,-0.8121203889001041,0.4603330717451783,1.0005593794707552,0.47778009537650246
-0.1295199788153968,-0.8515270653720703,-0.5712141434427661,-0.5643656473982346,-0.6533323694894555,-0.3312126396934637,-1.0067802233620808,1.4426838979604244,1.1066633775158707,-0.5002842655251926,0.4193087727507538
0.7333953329324392,0.9977185372403787,-0.5252092467011295,-1.616957756977215,-0.6334920275341162,-0.03812289368358204,0.2576602143567692,1.3285605273486787,-0.5426989184953428,-0.24891380698139892,0.1763971434323836
-0.46653651774580884,-1.022843001048945,-1.3177874325954066,-0.9917277914891166,-0.744880817142443,-0.041633755307017364,0.7439844609450414,-0.880343570420362,1.2793347439898122,-1.0151643483195305,0.4832284937375211
-1.4221198219842177,-1.5578171508006449,-1.3519127427726045,-1.2673696414111053,-0.9476325956665089,0.871194869987067,0.8788934408104091,0.5189331155282567,1.5283047435363695,-0.2649306352784745,0.32672278012178163
-2.2848083330116458,-1.6019166202066335,-0.6096279415065727,-1.4470063121912902,-0.6032780815844738,3.871338919802132,1.7398803455656293,1.5795200095831734,0.2474531081052429,1.6007023813909096,0.21284124376114325
-0.7618669786774745,-0.46284223341282626,0.2328174449657312,0.4845388375328734,-0.20757384140841106,1.4416272912426535,1.710793669695058,0.7649920046788978,-0.8892769658406232,0.08375731901121033,0.5107316021120826
-1.017834168612108,-1.6581682952519416,-0.5011373539791575,1.7077425604264862,-0.545291414560916,-0.8650291562924071,-1.2398195750756944,-0.037323224998586584,1.2857571865362725,-0.13819894595438914,0.41944652717840397
0.6620546139707572,0.7517727313159633,-0.6543358259590946,-1.1928263129038459,-0.6732893562139592,-0.8135040028661329,-0.23727918243178966,-1.6734070013132791,1.4484595916816811,0.8416874632390511,0.1845989478626243
0.8915475027217679,0.6911987709090623,-0.3454317179277251,-1.3232192957302829,-0.0863911738262837,-1.798878443373962,-1.6516618884360443,0.3684002697585328,1.0523664978041902,1.232404252885729,0.06453149217902521
-1.7620767482441222,-1.3164157028589796,-0.607495631489607,0.8501595701360084,-1.0583667410002011,0.399760512062239,-0.8457070790036498,0.9463965542057617,-0.381468139959727,0.15203902152536403,0.38347883484499523
-0.06852605603105809,-0.30680425148744356,-0.3400207916517355,0.24678164253316476,-0.5727172947495471,-1.0842985967419096,-0.3799839698419533,-1.0556517003125943,-1.5302640881016902,-0.5137698605299271,0.521474724063764
0.5872217446790108,1.3376834975528318,0.4016856339108284,0.38601386913291247,0.3388620067929013,3.450371273573843,1.4703720179743325,0.8105027206234852,-0.08857774032700406,1.5764039356959214,0.3950704917569825
0.8484621237569369,0.8875456929448602,0.05140928698866046,-0.8935744428023248,0.2825292649732688,-0.29347678904229607,-0.6693883331849492,0.7689805071415668,-1.5799033618974545,1.2155976686413297,0.19654064619016573
-0.5799259539811951,-1.3873114843634764,-0.9676878509554036,0.31207682742527093,-0.8106461585058249,-0.2186299263227764,-0.7320925682093794,1.4338966911093611,0.27834922737862217,-1.6464941925881893,0.46844583875739987
0.9429006961918974,1.3636113468845408,1.918654633508774,0.6076153827954422,1.9039853700801592,1.8133894966986612,0.7314011723498055,1.5461075339664103,-0.8753978960559298,0.9141397061345539,0.4063537014349017
1.3601204322460807,1.1336655244584823,1.388834922723019,0.4237435334949491,1.7107647109473478,0.07261139300308905,0.19484194083836598,-1.095994142112296,0.8068838820152261,-0.04290349413842004,0.48458346138884967
0.024716958549663937,-0.3197118563613136,-0.14576878000493507,0.09603944409700901,0.12325372059718284,-1.0298235929011665,-0.7937790272740048,-1.599458513229053,0.4584091142209795,0.33891814037354856,0.5237383768813212
-1.507980621795616,-1.5397343483538561,-0.8238079722399914,-1.337834203198608,-0.8475800345996239,0.3831997910539391,1.1422573273653505,-1.2043835692490035,-0.0655868427520312,-0.4458035590451371,0.2894320762416397
-1.7247101092175379,-1.140244424734447,-0.12958913516061454,0.09044385728787933,-0.8056848600110978,1.9415727456627248,1.357829887928766,0.13276552284375548,-0.9376366066041272,0.9481161180268889,0.3626775457540293
0.2310683415429644,-0.35466770656491414,0.238008339208248,1.6058074718428463,0.14627181250948762,1.068243275665647,1.6898643313592097,-1.129059356474431,-0.9205510747213831,-0.43262071344101555,0.5946563731021256
0.9231754784733525,1.1912148133570823,-0.31564130974565696,-0.9905466929479888,0.011929499819523681,0.8308524499160487,1.1291077682076442,1.655824113395247,0.2829674398192761,-1.1667025413030208,0.15439521622700328
0.046547786398115784,1.2505823881332532,-0.9819276586167784,-1.5823293441245103,-0.7874325685788681,0.5717868414257496,0.9729613350448225,-0.6992301121069223,-0.3056709571285616,0.5884815276527373,0.11453907503647862
1.6492474396569563,1.310667345111396,-0.19391283574185572,-0.7050015726779011,0.011408427991374093,-0.2558526986814498,-0.416606555609018,-0.3446383363904914,1.6429286415244073,1.192903386913982,0.32074569660547236
-1.2362949580027125,-1.4704973599538373,-0.9035045264852193,-0.406068624388933,-0.7651336369128862,-1.3693992321148367,-1.1805219555104676,-0.5610560013312773,1.6018017406792595,0.8338986764892824,0.32137224263994696
0.4617381277029221,0.9355843602225108,1.908502141702058,1.3347458360708608,1.6891923642488706,-0.5510395520457158,-0.8981246690646094,-0.6123921545915503,-1.4530969876406752,0.2825918847465192,0.31837254938627024
-0.7493676639999798,-0.6819492163657725,-1.607295447820172,-1.1507749435468542,-0.8171098495203584,0.35789317762204736,0.5594747986790414,0.6098765780897046,-1.0342615608304953,-0.9509385372847549,0.5307001650084381
-0.1881519678017737,0.06301584821455344,-0.5956583337068592,0.14727885485432723,-0.5946641535055616,-0.6975932261979211,-1.0557871756282655,0.6970648599640978,1.7228457357199387,-1.3061369183535267,0.4868324360510424
1.483569778296421,1.1471623981976322,0.3402418594201493,0.08918071767788206,0.8406995193973691,0.21983930458991746,0.8045259189807931,1.1569590158155976,-0.37745942271529925,-1.5151733075539482,0.36267584848075796
-1.9062965768282,-1.443422289039923,-0.41489042453844527,1.5978561271100151,-0.5688927877306708,0.8306474680153771,-0.18843751325058447,1.1761099990602832,-1.0683910535640302,0.7521103277008672,0.43598186448060783
-0.4634159172816521,-0.24746906008374622,-1.005594494718733,-1.4475955859378127,-0.7866764972633786,-1.1524880105899993,1.6107841827590061,-1.2105347117208116,0.7006760888479064,-1.6736769003678147,0.4201220592327257
1.7902849750453125,1.22381233310183,0.8580819770747057,0.12756140628719487,1.5433553628868104,-0.12463179771772483,-0.705280696360627,0.49249757071758016,1.6023846392275345,-0.31635516934671365,0.46501341208559943
-0.1047700637707819,0.3097677925562007,0.4650393538452748,0.8170076151505051,0.33304576740909553,2.3919533376787947,1.0876758093000893,1.6465306125119363,0.22189882209866585,1.0137874761360348,0.484339443606293
0.5017266199011355,1.078042546448954,1.757939877305489,1.4321511722673061,1.33383590055228,-0.7979970191493039,0.47651939975504887,-1.5378386157230821,0.3720132797789165,-0.9065809732984326,0.3713531403730457
0.4249965386688034,0.4674922825267189,1.7628346259014014,1.5814687238692577,1.2687960520004895,1.6843165413949508,1.2990285809114863,1.44592259627502,0.48110720933747775,-0.386822154443223,0.41589937351428813
1.296286899034215,1.0389857500687556,2.503063406700488,1.037489265843285,3.346822309291986,1.0659852316437846,0.7230742297937482,0.7812367939007887,0.22332780402454747,0.5104458631682032,0.5128198135189236
-0.9289430866838807,-0.9480891524249532,-0.13466028821071596,1.1487009654587277,-0.5659477330835128,-0.925600501611173,-1.5741120993929856,-1.4713498641770484,-1.5030072157092234,-0.6508942671649026,0.47479696428986484
0.5537141760134139,1.2469870318926808,0.9483696248818743,-0.034785872601750006,0.8156693591348063,1.0973882511682063,0.728947193959775,1.609487178243008,1.6542602076907145,0.9038186726649085,0.20415049313820188
0.6623598504665298,0.9522428393922222,-1.2109531326884504,-1.476757457563908,-0.8641342371398788,-0.6714732804106984,-0.47665568266184166,1.2193372825304916,0.27021168815782015,0.29407181706178614,0.10368512681580708
1.2738971832802946,1.5823248863066877,1.1755047348292047,0.3300824838657498,1.524773104345507,2.4834331746924936,1.2076469927084903,1.31520883501586,-1.307959110586144,1.526878788134202,0.4215409287653163
-0.005549190164227835,-0.022435375711363097,-0.24588446247013954,-1.052572975288481,-0.3625992021688046,-1.367759860799186,-1.6537415336601933,0.9997139206475961,-0.9401405223641077,0.8170751425492898,0.4078056598880406
1.9118936339133468,1.3835943713035475,1.768896185667311,0.2066883764087793,1.9695025308246876,0.6233367774698856,0.3779235659666166,0.7143611563692929,0.7468027187565291,-0.027508511959521663,0.5057966183602096
-1.5082853050335363,-1.459638816466386,-0.4055412186737347,-1.0221504800475063,-0.803087685895314,0.18438751550602356,0.8551427297281459,-0.7752757227438055,0.6018306882246789,-0.10271766831718938,0.25522804334504234
-1.0049069253584153,-1.1180175836792265,-0.1163724037116501,-0.6252508525476113,-0.4898123011641445,0.3855017940996317,0.6576345279703802,0.07523307237635983,0.7480691296437176,-0.36764638529265337,0.3537118771919467
0.29361414580479467,0.8416751087506834,0.4644011037263701,0.6144332703917115,0.12220747700078913,-1.221351964930982,-1.598527274792337,-1.1440609846069902,0.5645665652447796,-1.1457725600261244,0.16148998971715317
-0.0665177091405614,-0.7755334607971992,-0.9194074260108339,-0.022246877914922997,-0.6983447324675327,-0.08677608997661738,0.09278416085576123,-0.29838418137879824,0.7213927725530646,-1.0384513077511857,0.5367341336692478
0.10294617174653828,0.20273722517075382,0.02738660434485013,0.39087987460947676,-0.18804709907465214,-0.4979629301043419,-0.5225899342238366,-1.0878929121188792,-0.020937462576358846,1.0689981016676569,0.436707839665781
0.32078399153653675,0.39857418725713767,-0.8818444870448783,-1.3458777406363487,-0.8407784733436944,1.4149546290264914,1.2987800444573538,-0.13856914155148659,-0.6473582996605096,0.14383836732103894,0.15909479253624345
1.4179195267071922,1.2963722512306546,3.0012378196022276,1.4535045404819484,3.656161814642447,0.8654168635533233,1.0150171667494543,0.6699947284723111,0.7369135328115255,-0.004107044104897817,0.7227686356977023
0.9362592956445438,1.1598638024431434,2.026658712189807,1.5509314788183641,2.090327299565746,1.536065487436773,0.20141574295515147,1.2505589840096494,0.5389519434436991,0.9542595950656964,0.36672200684744055
0.9355615762626229,1.1170128640237242,2.912273079250224,1.3436639435488582,3.2427266689794454,1.0919596040269606,0.5787481914312771,0.4940167633133199,1.000710672006776,0.8280122380492003,0.5600511714494123
-2.285659074783325,-1.2559077090613124,-2.0041740006951025,1.1760429178675078,-0.7128326733986065,-2.0319194901534576,-1.7114851474761963,-1.7165910005569458,-1.728102207183838,-1.6960371732711792,0.8000504010822528
1.6612771390817167,1.5816985261766054,0.20812644974845612,-0.6614830726051696,0.5111238009282358,0.05809389740737892,-0.37514803151249687,1.6643662943715383,1.5179665430955285,0.26793365997004276,0.48967843591651294
0.25754288837961997,0.35208537765758385,-1.0548212633685121,-0.8170099461548667,-0.8830823503770817,0.7697031081110749,0.10076615018822857,-0.9362227455634248,-0.0860673338924559,1.5490440767415659,0.3188824923503794
1.9657869124490532,1.6143048447630712,1.8780291402019342,0.9261682560869259,3.092893153705784,-0.9859959408365143,-1.5530242726737742,-0.9793054332024799,-1.2026190201974438,0.5446177661679722,0.7369360606242468
-0.7967379005868231,-1.0074620636117482,-0.9149397177770359,0.25409472133938377,-0.8758740694004955,0.8509950839900964,0.8600406771753599,-1.525530342488401,0.036017441619732846,1.5750431585874083,0.45591314633074687
-1.029716278495044,-1.2945055202068734,-0.8992169335178714,-0.9529450343401963,-0.9101476164270252,-1.063723877389933,-1.2786732178043945,-0.29685376803599783,-0.6255553366090272,-0.035604162539570626,0.3594682221068133
-0.3644357795952432,-0.2104142513742906,-0.21803901807924733,-0.22296060557258798,-0.4213332698293912,-1.117444538889073,-1.6727523288208452,0.5678088095983372,-1.0222637859577934,-1.460172810239445,0.4858104210242512
1.5467037947795215,1.6973159759136471,1.500138046102549,0.03341858328032089,1.839329240083512,-1.4623767417220797,-1.694438831646157,0.7794263699180096,-1.043422767880925,-0.8317479019661485,0.5525062155618111
-1.4700517075930268,-1.5023546919010025,-1.1178759738327986,-0.41007859394905294,-0.7058524254381274,0.7894903278148284,1.202344804736302,1.4932302276159155,0.6877272645306514,-1.15273246937079,0.4012249224989016
-0.6184269034327865,-0.006264740059592579,0.4494747495355852,0.49843104275857675,-0.2511637614729041,1.1233529938071054,0.9711645192436827,-0.15285544668488443,-1.1833892412321894,1.1787418437510757,0.5114105333350315
-0.7713024984977841,-0.7440557827140197,-0.3875867610335619,-1.0525645426000687,-0.3196467736406285,2.1301150602530257,1.387167619542496,1.6323421238444948,-1.0395788390182303,-0.37033790035922753,0.5044318422058685
-1.2901153202855546,-1.6200210072307062,-0.7816455311241332,0.8152633222741,-0.8303501820611002,-1.119944546455146,-1.2765885550989378,0.3888215051641858,1.052088456545362,-0.6454730400784784,0.3849048978170637
-0.4138289467100992,-1.166278358233609,-0.8314913621878459,-0.7275471886059071,-0.7631200749806704,0.0033930596754337353,-0.8954921194702818,0.15655505568302702,-0.5421281162209874,1.696060925843935,0.43067620014490426
-0.7714000769687747,-0.48364968675842107,-0.5046550182026845,-1.5220691253550274,-0.3603773175730061,-0.6956837778108328,-0.6211228714112703,-0.7876306431626995,-0.35197223231727404,0.5492412007701709,0.4282743461211429
-0.9291737795887463,-0.8525643222158282,-1.0356108885187185,-1.497946629681169,-0.9217121165230036,-1.771074963337975,-1.5244098558762051,1.575279455203853,-1.3254666597853562,-0.6258316341972878,0.3749663509548822
1.7461484271747607,1.5879879225311302,1.972873837607331,0.6058589722308084,2.5290966654986287,-0.7427259854621157,-1.1882171479117727,0.09058960051528034,0.15095415994938108,-0.6976594819885829,0.5976149189523716
-0.03198872078163679,0.18332264358055828,-0.65667608662883,-0.7644746424492367,-0.6086761496147515,0.14730595016578374,-0.16977583253870526,0.1516749564663389,-0.39893904935283786,1.6601239112615493,0.47210642415490606
1.3357660070232324,1.510440666576745,-0.20999379146585498,-0.7476234299527053,-0.25958748105543494,0.42567846538031984,0.6177937121037596,-0.423463900433826,-0.7712610015613981,0.9927531925764335,0.4065621673503039
-0.7261681042480013,-0.5546368365192698,-0.08373339473332883,0.8098627980329571,-0.6499968556088098,0.6051365412867571,1.1162465613764492,0.18716943931042107,-0.5492021882315412,0.3455578517248558,0.4841633058886811
-0.6292286064409773,-0.23534928862339988,-0.3147684663609105,0.3566406325998017,-0.5308488296860071,0.03167174216555827,0.6408911273149206,-0.9108264292192803,-1.5600661539137934,-0.45000196642303975,0.5085753707835551
0.8876698179941219,0.5804283521169405,0.5381321859964061,1.1071737152613965,0.9591888644325063,-0.10079006283018464,1.1541978928424428,-1.053818241095016,-0.5616626296651783,-1.074227201660787,0.27944225874148676
-0.44180495536736186,-0.05902732030211273,0.9939145634879176,0.9419940495818533,0.01570284236982067,-0.6809601431825344,1.1987971641828112,-1.1053298073614775,1.6136106818538107,-1.469597929611321,0.5209889847080712
-1.0157711885562135,-1.2982371940639577,-0.7961411175314,0.1348976039843193,-0.6760203625679643,0.27681141316580965,-0.1891143115309799,1.0070257632978559,-1.6324310780871711,1.6553747209004745,0.42079529293464957
-0.2391336488461365,-0.27791851878252394,0.8209855863633645,1.7114918255736606,0.07306210512430047,-0.8057632547849137,-0.838774950131622,0.24178750647729708,1.0578707236188412,-0.6773734529062466,0.5778020466271909
0.5574872009868777,0.6985977104194933,-1.2151962015713398,-1.3061323820792847,-0.8906591654210699,1.7101511695686535,1.5883031789077662,0.5565981401386766,0.7980502739499649,1.0117405086232536,0.1880866997946857
0.7765986077886599,0.4715097541987109,0.43263492538962867,-0.49778659791865887,0.8163085160835859,0.978691373221798,0.5327623210479748,1.6151429279494693,1.0660823029455762,-0.007663283487604269,0.21951671037325599
0.5627805274781897,0.6934479060823724,-1.0557862406655887,-1.0565028615781724,-0.9042398202911898,1.0342353465624057,0.7351646613189301,1.212787094241704,0.08120916890416416,-0.11813215334732736,0.22787122185646597
-0.14169830977079076,0.16964893713494508,-0.7550229080108711,-1.2438258564677183,-0.7337124818926009,-0.716614973814484,-0.836603169124123,-0.48533557139880923,-0.694473169757237,0.8222153799170959,0.3908597456391895
-0.09521413464268862,-0.21914909004099842,0.764945383059019,1.0501667876592782,0.5040048943520913,1.0081433678651364,0.8072390020781057,1.029130143124265,0.4453268195744522,-0.8692004087064352,0.5484865057677484
-0.582861214367085,-0.5200083871460526,-0.5574183510137634,-1.4662746074937887,-0.5885308071835543,1.9373806283372303,1.048580490455203,0.7235042100883933,1.5035980372396465,0.9733174657649502,0.3720614444449108
-0.4288548207039691,-0.13330525245662525,-1.33049935839393,-1.6643725721788092,-0.716734810521608,2.2947015020897537,1.1772056540421243,1.4911994769819557,0.1753955103546569,1.5395500364279497,0.41955610387048964
-1.1347647022928475,-1.2782707735208028,-0.8924532542482633,0.6192518433860098,-0.7137757063648488,-0.6294805315499327,-0.9105985802833647,1.1738023703843736,-0.8389597405971113,-1.3728177166559459,0.42955966541322327
0.18973525479652775,0.5567953860162874,1.5000954178155443,0.8310052472854919,1.1287729806454265,0.3438078411784062,-0.26255767539360697,0.9355840655134149,1.23939880181672,0.3035696565232101,0.26202907731916003
0.8246982409000928,0.7833965933955672,1.5273146748844706,1.0695944572583196,1.4093866192648694,1.6255253214022813,0.9881951575209527,-0.4162302494177294,-0.28144878070531343,1.0816230949863208,0.24579265822288807
0.6204973710475427,1.0325688413270144,-0.42878189928184357,-0.08757676779914716,-0.168896793685558,-0.03934966875646449,0.15944215782241875,-1.0142406116194291,-1.4600160800335928,0.10463486286956959,0.24157242658025013
-1.5352905432345187,-1.560625487223135,-1.1330835303945277,-1.4058682972200105,-0.7759887014273773,-0.9865076217271815,-1.2681405896330418,-1.3010467694371493,-1.0848059733218194,-1.2426467415680629,0.24057445145496864
-0.3313090216034121,-0.40076073215846747,-0.8370799808750429,-0.7565764206250903,-0.713219975143025,-0.7243854610353366,1.2899060931070923,-1.0129404718329529,-1.705800262627992,-1.587385666705669,0.46028898232655086
-0.2473528836449851,0.36398713127167676,-0.10665885390573834,-0.0244742750008434,-0.44711176081116805,0.7452531324603845,0.4068868039641438,0.13192247386303335,-0.3973713678942661,0.9154743226024792,0.3208695325594253
1.274822994675403,0.9471630505772723,2.9350049459396588,1.651816589806652,2.7623673995483857,-0.13839007570541242,0.646433675467258,0.25554354553295344,-1.3369373844143098,-1.1311944044019202,0.4453844024374949
-0.008801458220415517,-0.3404373901907866,0.8225206525631787,1.199590812389992,0.37049729886836613,-1.062476885900633,-0.9959085358392119,0.6653322228493724,-1.4997330949091707,-0.5071071926343049,0.5896301386687618
0.9562420663639137,1.1989395066794333,-0.6106907621218713,-1.3756607511847008,-0.6422432595264116,0.2525115024938929,-0.5871193003964177,1.6822691423441059,1.437533078962972,-0.5218614041146231,0.114204309792767
-1.2937452589552252,-1.3098948596851814,-0.7836889498449598,1.0219038306229358,-0.8438281186365604,-0.4648997563255774,-0.6388533639145434,0.4676299129130681,0.10244828646921736,-0.04958707249804096,0.4431184843565089
0.674890816479907,0.6673683872572154,1.299098911947737,1.156268264716069,1.4160424816605006,0.3582499106864225,1.280733938736612,1.2170760007787866,-1.128639551997814,-1.0503833859153917,0.3057192247078775
-1.8958756932985115,-1.0860498229974247,-0.5003729512880382,-1.2359942379356792,-0.5974763368492602,3.144209864504668,1.6287814749561564,0.6143222118779734,-1.3654542949124935,1.2822781038590203,0.3307806569779506
-1.5333849976537037,-1.462368611274027,-0.7953941267371227,-1.5651290041370407,-0.8392248276576422,-0.27209103888234437,0.9267801635413963,-1.0307692876446242,1.334464378502175,-0.845774986433724,0.2729341995069846
1.3557938984846445,1.377822172448365,-1.6917626560557149,-1.617986439970098,-1.4934682767597371,-1.0276148503463192,-0.7461519110763992,-1.5981293020712495,1.4835768379250651,0.7745305466343131,0.4563525650239081
0.5639457254089115,0.9253032851544226,1.5928017281946065,1.2666721073455605,1.2925551807133924,1.4090473200822702,1.4628090914203742,-1.1200416201936074,-1.5863376346860085,0.35254280172488484,0.42510297307768996
1.044064537099747,0.8975622872571213,2.206927432045991,1.4847892433749486,1.890820716024709,-0.5207877016780571,0.6152850726907858,-0.5329824133968076,-1.073900225791102,-1.5383763054944146,0.29044860047972176
-2.0092911423651705,-1.4981063963330468,-0.8628811797329964,-1.4337132032687299,-0.9177835673824062,-0.6285720956911477,-0.22610631938188755,0.7109705612698032,-1.5302892397826022,-0.9316083179151011,0.2204433179403295
1.7782801462562101,1.3008764365042593,0.4173547981819522,-0.6204702837180188,0.7737478186342449,-0.7093391371376921,-0.5972369958243073,0.40669555730829765,1.291044598087939,-1.1108258391591028,0.48121560188260504
1.0361935927862238,0.13315791353182566,-0.14112438714752784,0.361691542173916,0.04172086851405535,0.19637643916183511,1.1698840871888134,-0.6274768997393995,1.0355967423823325,-1.2596618582889119,0.27096219097648716
2.244794376053059,1.6842689992839353,1.7700438938004583,0.7810394487480896,3.2658127304531135,-1.0974902788796208,-0.5790514905068024,-1.2056734996739613,-1.3632737055494464,-0.7683250033488803,0.6397034413114842
-1.6349184696775139,-1.0025494465730176,-0.315712244636663,0.4882370467637675,-0.8240468208217326,0.47088171143200763,0.8095912399630452,0.6468219426315005,-0.881052610632466,-0.13767251555073515,0.3937382671721351
-0.9830749985734761,-1.6576879022386295,-1.3568286362624566,-0.1235915115891672,-0.9629050253097551,-0.9425262319214672,-0.3885780075754869,-0.8794259113261631,0.20544211151945674,-0.5349364167115436,0.4178914262740985
-1.5146015150463974,-1.379202836150273,-0.9908273314786183,-1.5621087326096812,-0.7229635047432038,-0.28848377483143045,-0.23629180239145064,-1.4355928430107363,0.4917782836204481,-0.7903475737721036,0.3097504429949955
0.6326407961873649,0.48781619083295663,0.6315891472609996,0.4555099728383582,0.03643271804608045,-0.6665805725908025,-1.063633324732396,-1.6635703024026338,1.7296727998434283,1.5194474121611798,0.2955200732630342
0.0475788321330805,-0.460344079108194,-0.3394550304773986,-1.2661954543819978,-0.26243029506367477,0.45520710710523843,1.4864323490801197,-1.0063932672481481,1.528033376518373,0.014104632696319383,0.33832411023021236
-2.285659074783325,-1.709686279296875,-2.0041442970665013,-1.6651674509048462,-0.5553901745078427,3.8765451908111572,1.7480708360671997,1.7005606889724731,0.2904875450768302,1.7210925817489624,0.0
0.2067000150005514,1.2552273190244625,2.4402857988115105,1.4246244365674137,1.6323098095734898,-0.5347730318518695,-0.5976379579340181,-1.1628143215271043,-0.07892588192320157,0.42832769613747457,0.3612538145723478
-0.885303867323641,-1.4209312503597318,-1.300001356391015,-0.6623625342677134,-0.9083557679478552,-0.776284765761141,1.0072012526856808,-1.2064013795231199,-0.04078561376541338,-1.3385738687272193,0.3887438190204889
-1.3530270238339202,-0.636429065466081,0.3436665067212812,0.8701498712198797,-0.6137324053065087,1.7420493810521642,1.0782364860015503,1.1845322549929351,1.5206503493177554,0.9349713619529999,0.39046726353524497
0.7353023201252359,1.1539010415066588,0.9691447714466124,0.09143137516154373,0.9318461698836338,0.5581392409424069,1.04055598785455,-0.7962712416791335,-1.2724571197871195,1.133200930310942,0.18234085266775807
0.9054592699836874,0.7802176002147867,0.5459682414795378,-0.3535073086830521,0.7924689582860959,-0.9318223063222025,-1.2310189508193734,-0.23123644236521637,1.45340052222494,1.2531660000657925,0.14115680474134293
-0.20711752338151657,-0.25852089270325457,-0.22732261078790642,-0.39700248566217583,-0.16965357716867618,0.0006399627753391427,0.6808177059074049,-0.7881357740213772,1.6044647252173037,-0.0369075704550084,0.5206028581076831
-0.8811647589992261,-1.4215510447830226,-1.2113095490859513,-0.8951611220914971,-1.1294940053321805,-0.3522040545599465,0.6101857905812119,-0.13838793046493814,-0.44026054367000433,-1.3450679868575455,0.3655380963189634
1.31104613526967,1.5453899421792743,-0.3902587454495766,-0.9198253193972613,-0.1685208416807637,-0.8721166651443487,-0.7960233956549699,-0.9711662519633946,-1.2572967822277379,-0.31732147506876224,0.45375392109288776
-0.7348971160191611,-0.9651711446998179,-0.5194048569054263,-0.9620921038962903,-0.3017091434973497,0.9409672595453447,1.1264315063245507,1.375613424568914,-0.9946105457781372,-0.5716610383163199,0.44056217044403445
0.0175822953409501,0.301333682652287,1.1405756530518805,0.997654377752661,0.7270593797487948,-0.5980123437945365,-1.1552196427451786,-0.21746848526767093,-1.4849509731340889,-0.743618572563894,0.5007445425284832
1.3768202158117404,0.764870575104223,1.8233631852322365,1.1255028039537311,2.0978954217659997,-0.3125747833171371,-0.6400845470631528,-0.9752339901239833,-1.0358383096821806,1.393568598951793,0.3851787820292605
1.5067414805162118,0.7177138027990296,1.0272502071795173,0.7571675750809086,1.424770436821502,0.27702632727322796,1.6296823044381936,0.07054331346326417,1.2613419896413627,-1.482390773523785,0.22940869906917993
-1.8392882289974888,-1.0593349466606956,-0.6555259114609518,0.8543191142998747,-0.5025148552275207,-0.22789880927573877,-1.242924128643033,1.129939379392061,0.21774855304097013,0.6464235368924254,0.43616181947496374
-1.5172455214240785,-1.5596233778259843,-1.1515433481987953,1.0096427709334763,-1.0082931951355991,0.5925112069393473,0.8363740171814208,-0.46490194930774154,1.2062282915479534,-0.28133759456206725,0.4219951013155937
0.4706498765416036,0.5163905652130616,0.39227031271298135,0.35053746345934633,0.42190324294595516,-0.558170354250872,1.193130242786703,0.8416663665432633,-0.8308570041715367,-1.6570469690737086,0.32134244999377554
-1.2310142317564012,-1.621768372060698,-0.6473225458107628,0.9879761247614405,-0.7646639628307366,-0.4040785044456478,-0.9305873451271702,-0.2523475581624932,0.44286812453493163,0.0806170497221578,0.3761328375666142
-1.5544211164936717,-1.377902886462222,-0.7831766460649394,1.022857093007912,-0.9350037706202542,-0.6009828384323221,-0.5008156741213846,1.5107527811644352,-0.3306930943115347,-1.1334283808844643,0.3937751809072709
1.2519960519294373,1.4885043264809212,-0.49521011248861635,-1.2944563717324236,-0.4050092040994651,-0.9851492480254506,-1.0935392494607503,1.3691000602362744,-1.5211674312164096,1.4587967432809157,0.3732788228098574
-0.2973503550783001,-0.8033562246318189,-0.7204063173276594,-0.9718745669003883,-0.6301918454852307,1.0314966245794146,0.8262468947560798,1.6932651109825732,-1.6007729794053787,-0.7278699228229639,0.44868814852742445
0.060775444413167186,-0.07913997658254555,0.5151982708298336,0.7906108573046025,0.3858967798177386,-0.2152116322702631,-0.4859919026984289,0.6815375171277406,-1.2666015887701376,-0.5759876161668874,0.5248579301547972
0.39314028768786846,-0.20825961311433794,-0.2611865811366592,0.287685695257371,-0.341541088268272,1.9483709179673088,1.4320071843742197,-0.04155736907169073,-0.7074638805289486,1.3736634933794996,0.36911394971602274
-0.18880884261182354,-0.3764032942477167,0.7173698775119022,1.720814162591323,0.40672192763552584,0.38889879297737295,0.08728257039780199,0.9633619281921396,-1.330198020745692,-0.3142913427723207,0.4999994679038073
-0.6426286003850423,-0.6034096186702087,-0.056702279850021645,1.508538254830123,-0.2088266906120255,1.2871718353133734,1.2417398289488175,-0.7283950575868012,-1.225482852433025,1.1729764023953613,0.5252930333953603
0.37045617001740383,0.10623242654382839,-0.42766920102164,0.01680163550945983,-0.7092061236059307,-0.8304723563083137,-0.8641275348771804,-0.8919077830362885,-0.8567789082968671,-0.6418434858263656,0.22955002297560256
1.2042819986453515,1.1345866509744595,0.14811624615799687,-0.425970053848305,0.20517043200484375,0.3619141191918097,0.44848345050095073,-1.1430484594214283,-0.6780272867316393,0.1748852842929939,0.333593789846549
0.7436443172264676,1.1371107737006176,1.111262479154271,0.7900965395899776,0.9558740770167916,0.6825522427835173,1.4859272421862353,-0.7842865202865862,-0.2061709257279037,0.9276120006991709,0.3329009187062068
0.1858756689184681,-0.6752396503199911,-0.49767768145561603,1.1367423878080585,-0.5877871504999768,-0.24858475904556193,1.487683018192013,-0.05698856813184169,-1.4718881998294604,-1.4288892653280814,0.5315580309354166
0.023690264099316044,-0.9080154465139939,-1.397527917275996,-1.5170271984680195,-1.5680119461382938,-1.2895125471132083,-0.29612920064421056,-1.6063406522136303,0.12362489763627346,-0.8399850459909305,0.42634326581265897
1.3926038357019723,1.6286351834802233,0.47383704033936236,0.22343315387598883,1.0266282293317852,0.8668217361461596,1.5525461043658688,0.20321972176332687,-0.2599486118689621,-0.3522433410129833,0.5087751678856769
-1.656886643666263,-0.8876106278024526,-0.757170107921958,-0.9747968392553205,-0.6563721295180036,-0.34801385528073964,-0.6716724359263346,0.6542593775332167,-0.6110060869327657,0.772389726737081,0.30884906490874986
-1.943900151641286,-1.5129253664967337,-0.8487145833004481,-1.6647158659883037,-0.8117621573742791,1.8780146323927547,1.5921657246081278,1.1106266437547703,1.3966036327093005,-1.056099251340192,0.27989791227738725
0.32007704797658065,0.7929093186760364,-0.3577213055591933,-1.1183341138836247,-0.3891086025317686,1.0363005015376798,0.2424472940479067,1.6178301403738908,0.7417599517384443,0.03469479975398275,0.10626671653571063
-0.5206559279279338,-0.3206065243548584,-1.1521672857180103,-1.32484239492922,-0.7743845043034847,-0.7010317559557625,-1.4247877488746439,-0.2960601145322265,1.2451059975672936,1.0638565380871414,0.47135821637328384
-2.1515631659276155,-1.5159696387816108,-0.5157543779732408,-0.0972834566513836,-0.8883805950002874,2.7824997151785027,1.2463056004252415,1.0428149739268864,-0.6212911069433525,1.5618460133095147,0.27301046208510404
-1.0724099119455457,-1.186874027755014,-0.08873491776333765,-0.23756078902968691,-0.4070168542021845,-1.2767689332324874,-1.561149169303955,-0.2564865747896821,-0.5003543614682826,-1.3366298960940106,0.3657148080849575
-1.3996691993576067,-1.111981199896193,-0.5138795588314011,0.17807808778800285,-0.5760631168423429,1.9210781578482035,1.0628878081960822,-0.32114575573892945,0.43264101155627704,1.2604544908460853,0.4292429702749531
-0.3294667480240688,0.4115430884441139,0.9791538230245956,1.1307327916283998,0.3711117041911952,-0.1221907450765634,1.326529017118351,-0.2423664743927242,-0.2015499207778086,-0.9023163976176001,0.5601736339553904
1.6738922305790624,1.5166029743521812,-1.1523590501498522,-1.460873089972534,-0.8772195409207979,1.3357759121265655,1.1870734143706307,-0.5229242037963879,1.1140112897024896,0.6515165229735749,0.34251171619153753
-1.0706614801583052,-1.2818767513417113,-1.0368219912958774,1.6088320570905887,-0.8140551096020733,-0.2497328058355205,0.8774738161443285,0.5993005613759903,-0.28121016158359946,-1.1503967570964726,0.5590111935469252
0.7708925172206103,1.4102041464588027,-1.0026973769349707,-0.9837356371416575,-0.8506200769496178,2.2743965931593015,1.6004260873427307,0.3689868112439145,-0.9053678443951029,0.6516599367024907,0.2006226177396409
1.3380182018266893,1.2325621885080416,1.7544509576389384,0.8516882843710698,1.8021878340893713,-0.4218538403461695,0.6196876421806016,-1.2396476272233052,-0.5082999974914016,-0.21278280288711915,0.5237583224348943
0.4207466975228148,0.33190933871644995,0.18345445218491208,-0.0032543825357109653,0.02094753734375196,1.4160721749960632,1.642379804140828,0.8231983602678924,-0.13428585128105874,-0.12227495832904202,0.27135411643854684
0.7191709748017393,0.8988112060425583,1.1515724831239877,0.5476807002347589,1.197229046905811,1.2489377125495045,0.8663506288354014,1.29301961445784,-0.519025761810422,0.19618131892180948,0.13637273220164484
0.21607586424002173,0.5064828232387784,-0.30131270734148646,-1.5752715710581084,0.012477919842584895,0.6360051667969983,0.9078323429057606,1.4530615490792311,0.35148585475065824,-0.8915958599837742,0.2493745833076634
-0.5841084079544601,-0.583761555596011,-1.25711979338165,-1.4743535178685652,-0.844276725532648,-0.27541720993587326,0.961176858929002,-1.069588251520261,0.2945728504808357,-0.5028171132568535,0.4718426906141042
0.07870056482509812,0.6108312246248667,1.8407419395655598,1.3984706669313087,1.1976843535564732,-0.011715713438082045,-0.5954812629615445,-0.60835611201134,1.707151077830457,0.9671221192027326,0.4193327801902981
-2.092259610973625,-1.5121600906645585,-1.5005681963037343,-0.7689264314598776,-1.052843809924236,-0.3447606106151148,0.9593795950253571,0.035792332567968724,-0.11841062114515272,-1.1465557378425415,0.3967548646370976
0.9168164839625995,1.4277981269205944,1.8248295666384087,0.251319104202253,1.8431157249086303,-1.3608812265184087,-1.4784628437484155,-1.0889465060414776,-1.0550296256400387,1.061495959828958,0.28455960836491073
1.092808963554315,0.2691517165664157,0.3354685959263387,-0.9397710873172315,0.3758420492273054,-0.5953364715601862,-0.7794214253937887,-1.0784775069648393,0.6451039895193242,-0.24641468232322233,0.028884423566084883
-0.7475488859311817,-1.6570272957119185,-1.2153057350683039,1.3800193893872088,-0.89811893914699,-0.3969565428397282,0.1704753327682807,-1.3166721862094133,0.4914054424640121,-0.5779865630186186,0.445833920709568
-1.5873621332965921,-1.3954617870553754,-1.4014863585971187,-1.0450381785038918,-0.7555046720139396,-0.5797011761907968,-0.17337988085548922,-0.5771462287752772,-1.2875175893201842,-0.9139519729839732,0.3411469823426908
0.22969074853689286,0.3142285841979747,0.35684524523565986,-0.3945400168482018,0.22850874735309537,-0.1904056962650705,1.2159304525316892,-0.9205146229797668,0.06773518768022742,-0.39845117782322875,0.20667649626918005
1.0439894798181992,0.4630371435767786,0.33589037347992085,-0.6471578238893022,0.673948263152736,-0.23902144670753012,-0.3313325765022439,-1.1245401883846444,0.04458838680080476,0.7516298440304534,0.200678711814796
1.576981760955915,1.3280844762929191,1.794146804588214,1.1512196643691328,2.1963296328487703,0.632941267065861,0.7232519345098831,0.7457249618867504,-0.14424726843950406,-0.9030298547012603,0.7237221154462522
1.1912144765202577,1.4893610683534606,1.3488905660104575,0.5468378244174711,1.6287521318452474,0.8217873245571572,1.0497530812726599,-0.22993085887132436,0.0010109133765487943,-0.23956514556835667,0.3986142219974873
0.7661748370450824,1.5521006383658218,0.49880414012335406,-0.4529104339814607,0.5104264412156254,0.8189837911078963,-0.3698413887994193,1.3193317303394174,-0.03639840558456652,1.4957831234285535,0.30814187120494646
0.023466151364855234,0.5347928874335617,0.9732443208549448,0.7714441243561607,0.42903999620234873,-0.8022498798760866,-0.9585645543268032,0.9666664536508747,-1.647808204237022,-0.17966201478179367,0.4507675399403727
-1.422112702282466,-0.8714267628592435,-1.0723575227756281,-0.9845860102448634,-0.8039837622630766,2.7504894054145117,1.579886073709322,1.3357240350988187,0.22217029744039327,0.6598325106881756,0.4525742004317625
1.1408011569036764,0.5934625709881612,1.8167957918069328,1.3623656053832336,2.0652692929334613,-0.7988993230823405,-0.5847044850634179,-1.3817603565832624,-1.3663720096937433,-1.075516035553361,0.3684734380675356
0.26973664581924983,-0.09791837193725707,0.15432320883960085,0.3987239782618992,0.16616376347707248,-0.9509982938317284,-0.653113142812299,-1.5886475348405404,-1.5865280803326627,-1.2909049072464103,0.4218345386981286
-0.8496539537983435,-0.8051687528790464,-0.6522131925596412,-1.5816504175598567,-0.5370266301362713,1.7363198716383166,1.1636527938281112,-0.046252910772461145,0.6071610049052732,1.1665845822072782,0.3283931441887671
-1.4927806038665126,-1.5635240340463439,-0.8125201466510482,-0.7892360046417325,-0.6286394403303848,0.9266126112278331,0.6883709073741825,1.1019736026717504,-0.7358614401168241,0.5543794613670625,0.31190806199149274
0.624438033786874,0.6473689466750325,0.666266141205702,0.27021181866757166,0.4939508162455171,-0.9580835299221636,-1.273013250866135,-1.2633682293866224,1.0285638970018267,0.5547915813902938,0.1285391600607311
0.7390592897018937,0.9183999583425563,2.0127936920026688,1.2302216289108268,1.7506997053728035,0.6273644322652543,0.8808057129902936,1.3135333872248902,0.09946574563131447,-0.49132541920938755,0.27988326093883403
0.8225893611759962,1.1387485431544544,2.050027451135448,1.3573722151234557,1.7484282952120687,0.26230146303099966,0.05362135467010454,-1.3323466501678969,0.10273828802072879,-0.568529090106596,0.2928319896683082
1.1520084873002532,1.3891652843598026,1.2650482318412264,0.4301510698864931,1.4944159886154236,1.337493064622428,1.7100467078190515,-1.102593088980422,-0.8275088707485997,1.154013204369798,0.38458600874584725
-0.23135414045536484,-0.4418953258862849,-0.18528055602110477,0.8324349250475487,-0.5274956645937406,1.5198805864698122,1.6629169296766202,-0.9875628683535008,-1.0129771005917618,1.1687118027856649,0.549021730809428
-0.37474384962801677,-0.20475150221142946,-0.3423798103484521,-0.7225560533934707,-0.38785143382115583,3.297143964874361,1.6947904147779642,1.3583255183499747,0.16732089874862024,0.4833896621586598,0.5136294075935168
-0.5663332746200392,-1.505847844462188,-1.2729621744624295,-1.0844436315081556,-0.7473300097617162,0.782087863096618,1.481399305249994,0.794886090196214,1.0726850207672172,-1.31192233690067,0.37586166017385886
-2.0164221834357146,-1.5065053886491468,-0.8081448071023547,0.7900043982385303,-0.848124276765934,0.8241820529617141,0.3378989939187188,0.7696182673276686,-0.13575955109700943,0.7292668450790647,0.3606178150014013
0.9101372819060595,1.6144705337608,2.28553370201123,0.9439312445072502,2.639947491926709,-0.6411742039709649,-0.7512874713635217,-0.2866911542436617,-1.3665710811689928,1.315276924373688,0.4740720276097348
2.259835720062256,1.7092499732971191,3.6475508213043213,1.7536993026733398,4.4023895263671875,-2.0320646820231336,1.7480708360671997,-1.7165901306723963,1.7312737703323364,-1.6960371732711792,1.0
2.2333403823404985,1.0050615196108406,-0.868023637445589,-1.5257371431949305,-0.21015272653344536,1.6474304133904474,1.1362317217633118,0.7757067804109298,0.15765894353913926,1.332809053146994,0.37301949638988685
0.6263681540957792,0.6203296609739422,1.023061108525497,0.563279631365418,0.8472336855951248,0.8439895219939972,1.0270086498895923,0.22541314872965276,0.561408316721488,0.06397997832473332,0.2212174026279083
-0.268773214109938,-0.1153292630113685,0.28829707043220143,1.2271969073390974,0.07875570281151956,0.6118009130202939,-0.32821371806452104,1.4203849896175262,-0.4390320454437181,0.6720097677240808,0.5883221494482518
-1.21382238513527,-1.456922254120636,-1.280348729191816,0.5700158389410483,-1.197162511041769,-0.6940486830848895,0.5598196010299529,-1.2666844314519452,0.9027406677831088,-1.1526217607447777,0.44219618800522237
-0.46467598713077096,-0.24482575980382876,0.58542138535459,1.6970591719171697,-0.06456929275238439,-0.2679357471908568,-0.4299833227646205,0.11565570074887943,0.07340254826777567,0.4882759286177361,0.5907401278138373
1.0193572440004122,1.1407926981967735,1.4907629707776904,0.7634937904852309,1.5891274454910789,0.9371289607466629,0.604311264745989,0.8362004439007177,-1.5143556677552437,0.6929873143823345,0.28669705256878464
-1.5209639782352475,-1.5989800382952946,-0.65556472935922,0.09171545790937989,-0.7407363830362191,-0.5394814502454242,-0.8963575133066021,0.7018638092814028,-1.33320299142093,-0.25858855730262537,0.3045948941978961
-0.06074827158743674,0.09338856504268564,1.0834508315939297,1.1475791090880563,0.25593519542419646,1.3348970473612285,1.131640569726099,0.6590621420110406,1.5819358892889395,0.8439141920418157,0.5298986340924153
-1.1627513883073364,-1.5816443672844132,-1.9293993609060311,-0.3510049579328153,-1.217198982154312,1.1799901226081848,0.8191881490567373,0.3974220123448317,1.5349230189660092,0.2525881051428802,0.38245050850438617
-0.6172205362876294,-1.1831129216813963,-1.0692637216618346,-1.0304314440113473,-0.9674548568941882,0.6662224924971741,0.7911245717948965,-1.064132362214293,0.825449258087414,0.5402579382338185,0.40421819765945133
1.162330300063634,0.7221568715101933,-0.01704225578111787,-0.6413872488991581,0.2136832072928052,-0.795596938408028,-1.3847369746467424,1.6375359597886594,-0.2658432361449408,-0.6908299062104512,0.11448399098097585
-1.191310286481654,-1.2876211378821203,-0.5976702418379151,1.1247732333198144,-0.641920010687253,0.6476773609656588,-0.33632817805114573,0.1194044895922388,-0.7446627935853687,1.2558245612193126,0.43072707441658975
-0.3721858436185282,-1.4433385115588397,-0.9709261986917368,0.06772692738995653,-0.7803126627506137,0.41293044438732635,-0.19021146197422634,0.34326117936780876,0.02908526800535398,0.8085059849972202,0.4634544465925062
0.4145021498833677,0.6804737020256262,1.0882486486946428,0.7393484121163664,0.7857443729048399,-0.22590889597594427,0.17527719056168364,-1.254441992752716,1.3029329485481451,0.4969534689240771,0.24277772128476854
-0.3662113074181799,-0.5407744036022666,-0.48008608853233986,-0.03804572928486469,-0.6567376307843791,0.8615247195580517,1.644613867711217,-1.0540490641400055,-1.0253256783284104,1.1099500541359253,0.46699014814376727
0.6374405643285198,0.7372160822005948,-0.1454374415659141,-0.6759033573796894,0.07663223102071814,-0.41091882152736603,-0.545702196615976,0.03726939628779746,1.1894061680254233,-0.43984912756895433,0.13546400990479082
-1.0453693505162098,-1.687255285476573,-0.831135939454285,0.18966792107761865,-0.7089524939235021,-0.17194165265688666,-0.3362073509717347,-1.0530905206176677,-0.6569535120591089,1.0892755150274636,0.3965350272800322
2.0881943790814197,1.5345724962845588,-0.3750383598749174,-0.9381963382228912,0.13221210060482416,2.656603816142719,1.623490429293115,0.760437326176447,0.16429649290069656,1.3041982411492203,0.38031177170300445
1.3230416428500784,1.4689565521007788,-0.8994675036877715,-1.4527966106350647,-0.7810171462396663,-0.9532592532292743,-1.0177603993119915,1.3018182345221432,0.3616394434263959,-1.0009461187894517,0.38541139716997996
0.8491715741781821,0.7013867386281913,-0.32786475927978315,-0.9418879711076916,0.053254196683441994,-0.14788641149056936,-1.087443735073393,0.3031098076140419,-0.287517568637843,-0.032115348971760056,0.08018811151108762
0.9372318788764716,1.1453181031094608,0.9596239206300694,0.6119770649949257,1.154282066221063,2.5948716001516936,1.7382510377067637,0.010308580880142831,-1.238201938863515,1.299696743866304,0.25318646120408006
-1.4106199180560584,-1.612356014980015,-0.8609311037117737,0.5694443456721567,-0.6390872265195429,-1.8532565225658222,-1.4459645222119575,-0.9626456872559356,-0.062220686725045965,1.2489626453397515,0.3963753762288179
0.07014288770867338,0.08692714337832266,0.9187220442776771,1.651522707196264,0.23296413988097742,-0.5575664900254951,-0.7559820381985994,0.516583511129928,1.5469766638089064,0.6016810186798757,0.5290293581691272
0.17849769793624812,0.013224020903634615,-0.30834716792534017,-0.6654210334872841,-0.3212759016277945,-0.6529135927890966,0.5878518068705164,0.0294383090952635,-0.9413134230263057,-1.0075173772932966,0.44114005361065445
1.1921958257345189,1.659971855667949,1.5603101329542124,0.46985347920328,1.7498820620083793,-0.10895267779738636,-0.43835518397172546,-0.6614656258063369,-0.12227554457535456,0.2124850307517391,0.5723063898520098
-0.3666129224804909,-1.1030553017587905,-0.7550934489960645,-0.04466042705815315,-0.4873006878911782,-0.380970618510144,0.10701211489312659,0.01217815212117257,-0.7389246921178234,0.7951006635373087,0.41305098886369934
0.943448031855073,0.9123621708769115,1.1465550116285064,0.9331125565185714,1.1465841584245147,1.3753193986081176,1.0815125146061058,0.25135360460904665,0.850260263489653,0.9988340004324673,0.21044322196523532
-0.7079036965164961,-0.606057091035956,-0.8092622104514313,-0.6480685209895884,-0.7160342942840171,-0.12454298538028855,-0.881971197337804,0.7716458888003903,0.686745923673182,-1.3674520401771586,0.4854915201613145
-0.4196366695471199,-0.5977323613243657,-0.831273973573764,0.35473687809373833,-0.4904986208774819,-1.396889087561426,-1.2558807194927526,0.07986483932981002,-0.6279901655613821,0.6433749198213614,0.565443161146584
0.36152213382936615,0.765255885795251,1.7965396014804236,1.4608623072443834,1.2811886628006615,-0.15683535163410273,-0.9180985648193781,0.9771846064662622,-1.3663828112942982,-0.5375439798531991,0.35505723628847863
-1.466774944874608,-1.432470672094126,0.006886932412542374,0.9378609829176053,-0.6997692578808395,-0.8649412021842925,-0.7750149135193899,0.9871292628214262,-0.6543369546368217,-1.0959961091239148,0.3310649409713329
-0.3003955322127077,0.10999653555618495,-0.9323394384439313,-1.483094632313078,-0.9315043011607675,-1.095038719106178,-1.6147369918481635,1.5221181912931472,-0.23185308439418628,-1.5126557142533095,0.30642130414767105
-1.271138235584838,-1.5145308701965197,-1.429037472005227,-0.49171445821646564,-1.2802527498673688,-0.7489899034285096,1.2710262559342242,-1.5738987635188857,-0.004744664600576522,-1.450291376111149,0.41165159113617383
0.7445190257030274,0.48070265445189864,1.5298192224716909,1.4712063373046929,1.5688953245699004,-0.15525183764637018,-0.7424237874364548,0.842937755756252,1.5038056945870049,1.0283946502250565,0.33078593248818017
-0.8528314578043673,-0.9026029169984979,-0.2630893588167768,0.1994235484255764,-0.16256484618717842,1.5858579811104718,0.9407723553694083,1.5528817255276963,0.2708244073054354,-1.1407463818009485,0.4552134440781034
1.8626616144465795,1.4385175357642221,1.5495537962801957,0.21665854573912896,2.088181919355333,0.6197668741682011,0.05701953053835276,-0.028870149828550434,-1.395537805934858,-1.0467639672726248,0.5863992456229472
0.018548856416826312,-0.47337266030877767,0.25736126761076783,-0.14398366376055993,0.2583540215337815,0.33384377930972375,0.6976384883494573,1.58915362305959,0.8227175542810982,-0.8319432047120645,0.37252345102256157
1.8334838416804788,1.5582973202272055,2.0467875492267043,1.0403158969075363,3.335433663975685,-1.0514271164942643,-1.023793168776678,-1.1027002108625608,-1.0068386356309684,-1.3377872280632999,0.8507763551579227
-0.5353881343253171,-0.12961477627953502,-0.8390290606773333,-1.4779270503885051,-0.6358914537467955,1.5363531722845933,1.6346778374405637,0.6867731679888264,1.1060401149543142,-0.668323427921546,0.4505412083828821
-2.285659074783325,-1.709686279296875,-2.0042426586151123,-1.6651674509048462,0.09089084700720201,3.8765451908111572,1.7480708360671997,1.7005606889724731,1.6576236378804954,1.7210925817489624,0.0
-0.910675626638568,-1.3196191848045262,-1.3097760881316545,-0.6201241492198089,-0.8251911137578107,-0.10986547901226267,-0.3128133835466327,0.0364430759639708,1.1929822499166551,-0.279100754383867,0.407690031481938
0.2942014540124321,-0.16218531718058288,0.26718961815396114,1.158409133376563,0.12511285060336733,-0.8104983432875248,-0.5751334354970254,-0.9872821742152871,0.5103810771638463,-1.1515844242307895,0.5256960824474998
0.3403818077124906,0.5121778836539405,1.9272793739918217,0.8962579842780201,1.721505904655094,-0.35042961120850125,-0.3952666974354573,0.026410022314915196,-1.3207269972218303,0.32711714001505815,0.47769694977257116
0.0428975075490057,0.7406770378079225,-0.031033151734524117,-1.2507237659809012,-0.10840009886397124,-0.9658907339538791,-1.5844035623515085,0.056856299530824814,0.9366190862792728,-1.6474897823101895,0.1607037851523289
0.5599080435828198,1.0197249870386955,-0.34080502828068365,-1.0779532275731676,-0.03470685402148191,1.1448199447102012,1.7212041109789868,-0.8653935055410856,0.3253951866108953,0.7818278940183297,0.0919889746611729
-0.0749481356055026,-0.2353310663740401,0.5640744058314495,1.6110730996258165,-0.22122028923530876,-0.9473534288614823,-0.4136098517691042,-1.0491096420501926,0.0798577737842369,-1.0833768549892,0.5825521377069652
-1.3161380114622312,-0.9630588816281171,-1.2171092707187736,-0.44209069286968977,-1.0013569484608547,-0.09420768273361738,0.7350072017254279,-1.1615201209320618,-1.1325428460536788,-1.213030954571937,0.3703792353191207
-0.44797260665495453,-0.4713379950485546,-0.9583144832564456,-1.2816840340245634,-0.7782210575668661,-0.4698161898329674,-0.2522146548636619,-1.601850201940268,-1.1015358267719673,-0.7910609337706003,0.4452182170517068
0.8508903965236508,1.0192614058776006,0.7915067209302526,-0.017241731726037057,1.0422209293992857,-1.3714128161059924,-1.4991464182198602,-1.1513337958871275,-0.8220028541985499,0.680491533849937,0.18416621949761453
1.0732574912745494,1.3688739143512643,-0.5323878814569595,-1.2942791411615913,-0.3528762850099013,0.8079607264622161,0.906027333721378,-0.9952216739184822,0.894300056001695,1.5691678627611128,0.2847396246243863
0.7860238100968527,1.4397536732586684,0.4695947350462778,0.3119723087930537,0.45156530653445237,-0.8198330556911602,-0.6462305304459348,-1.1923173120562602,-0.5131910550283598,0.853811377329622,0.28200700453735994
1.8041479069466675,1.2521893493535412,-0.700153594721615,-1.379821853827113,-0.3794831064785697,1.2708296286451874,0.4885932284467396,1.1145502378970311,-0.9968165214983591,0.2988923342289438,0.35231604743766215
-1.8120553398098456,-1.3115518333191774,-0.7904566276307744,-0.9895651024713397,-0.6216749281229954,-0.9332624509668037,-1.650737252596623,-0.8905692885545343,-1.2539602003172798,-1.6791405612099926,0.32243495140975775
-0.9877688265093738,-1.6781620186006532,-1.8998905423818728,0.8991493538286712,-1.027988951827587,0.3271813411319057,0.05514421728474885,-0.38156430467612695,1.5164756088466387,1.282719834371049,0.46749877880605756
-1.1087145487134087,-1.244741579401606,-1.1626247958960751,-1.3541884762493712,-0.5981982490043107,0.10316656930499891,0.15553298930985693,-0.9401955762228308,0.2257145056774359,0.9055215783847228,0.3795471750073653
1.5568625910962357,0.9187523153883619,1.954375423609086,1.1555119766810966,2.357520133033066,-0.4517377339174391,-0.1464593628350353,-0.16085055153536448,-0.3275883965124681,-0.3921467392532836,0.5928982140574489
-1.2171763828870847,-1.516630965620837,-0.3699139704175619,-0.049058221110899136,-0.6703847815755282,0.4975059023587679,1.0705902026400154,-0.4155641703581019,-0.9516529221875989,1.011216755592935,0.3425906228790217
-0.22444335304315327,-0.25048604864603957,-0.0164642935415137,-0.22733709263871243,-0.3633798761197098,0.33339693639947976,0.9822528396862171,-1.71314333613902,1.264057182907982,1.3103399610967985,0.5171323635481759
-0.7949630527795208,-0.44346759572189876,-0.4618207078260803,-1.2576050869664077,-0.7056910938613588,-0.1930240320771861,0.11881787826595447,0.39392668473765624,-0.03616505149628996,0.7283591544765047,0.4292106193635148
0.8318441277935632,-0.12114231289421729,0.9098661960294503,1.5899964595465303,0.9161960780577638,-0.10889674015591336,-0.5307007184242365,0.9131143057388805,-0.8599902403641219,-0.9948376227734554,0.42491985764286644
-0.14320975212555012,-0.6231604949117395,-0.6416036596595922,-1.3858995982134141,-0.6570271749765629,0.2659960789552505,-0.12464172786097928,1.5234266541534256,-1.4827241552303525,0.10186670788838603,0.41809964081281625
1.2748915383175017,1.64529636608521,1.0259807585936223,-0.2667359607970749,0.9567512774858594,-1.30742807667205,-1.2460879543164505,-1.3322535653361365,-0.907447933285182,0.9787489028360725,0.4145653587021132
0.8195694860205016,0.7241418471134695,0.48677502702870734,-0.008797770844711159,0.6965552346599755,-0.789767299750001,-0.4693174975716318,0.7761625988088263,0.5939376068375738,-0.8947119947746125,0.12492416042157445
-1.456708756907303,-1.3139482308676556,-0.7631907868801684,0.3864359971178416,-0.5514725483542058,-0.7372928549753205,-0.8962181012469854,-0.37878358106152216,1.6198740120858395,0.05192962718049908,0.38374972066814794
1.8920226841800964,1.6897237505904545,0.4989388946308315,-1.1954088521286268,1.5032458123156305,-1.6547896312642187,-1.5973068444828142,-1.0486607575005211,0.027912077211611167,-0.5823565335744805,0.5180242831480083
0.7831327940398005,0.7917840148176791,1.9181959566457132,1.2454726347343728,1.7096147836765518,-0.7653438047803259,-0.5315390216185899,-0.7968200811362752,-0.9645016674093146,0.11223576419233926,0.3683656911944448
-0.2476944936278484,-0.9638734602968351,-0.5663418245717105,0.8335119998119823,-0.3971724329741542,0.8183367027516121,-0.3207188453392249,1.4943948427813007,0.24291118322937771,1.0556051312860026,0.559517169341081
0.644520098638143,0.9515544809312432,0.37735530152539865,0.06458512807954087,0.31557388092726735,-1.109538556966659,-1.585364763251798,-0.18237695802860518,-0.13166989643969004,-0.27835104851213455,0.12411426379002091
-0.660536797874019,-0.635938251355943,-0.7728539029956448,-1.2451024602533078,-0.7014411226866766,0.4421109260868866,0.8695198138950485,0.6844056285430056,-1.0898823416109065,-1.6291878767635362,0.41719836845519687
-0.26070521714692063,-0.5066194589286779,-0.6650231457328994,-1.4444825109739798,-0.6992478863105556,1.5886572395211322,0.9658350481583788,-0.44239238029924255,1.4587541016130594,0.8821478391364175,0.3663299859019196
-1.6276645225809194,-1.3197156976004019,-0.6895264145381347,-0.2410082278260428,-0.8466862517371228,1.036398459346288,0.737155041316227,0.3542409368288494,-0.7406837469816601,0.34470932781071384,0.3264042989349867
-1.327251735013442,-1.5027559235257122,-0.7299860856875937,1.3102558724246791,-0.7012294137300771,-0.38733266505320985,0.022977896497756195,-1.3633236235566446,-1.2916693758439954,1.287243254220903,0.4636048185304666
1.2128307936661742,1.5274180445068424,-1.2661526976296866,-1.5479575304809872,-0.732935631895311,1.9454143037960392,0.7004187662408409,1.629838499651536,1.6288948506733818,0.8802642546592557,0.33432070452497586
0.5512457194511027,0.2062391120115924,0.33023760276199,0.21832543404165028,0.18618258372596963,-0.888492742540515,-0.6103055190730737,1.0104410023145238,-0.7934954775668518,-1.592071120052448,0.2931929527957395
-0.06843961264495217,-0.44541360523923856,-0.3963444478923647,-0.7661300393928088,-0.46439322763251534,-0.610570734579798,-0.7967263963159383,-0.8515733433610484,0.20599336042692387,1.1890196798086592,0.5204114444045715
0.6195333916084195,1.0162957712533114,2.1297007057730086,1.6629219909669433,1.7127907146868497,-0.7817594134846058,-0.7601999600601186,-0.03405606982602588,-0.48412872710335125,-1.3644926801326263,0.5096689674067983
0.9026513650467006,1.2676416553040772,0.9024442116234137,0.3486211385567083,1.5546161912738234,-0.48290942466515663,-0.11154014114560581,-1.1839857611450004,-0.10765751679265158,0.6827817216523139,0.19096955434734092
0.36379384715981217,1.330394545406948,-1.193839320816007,-1.3291402095584597,-0.810407255463075,-1.2952885625294135,-1.6855163481762587,-0.9556533528792776,-0.051767593884137805,-1.1818389226698365,0.09591762888534662
0.18192071817149977,0.02730003359794974,-0.636088849384601,-0.7947376696084526,-0.565379692773894,0.07366278003392314,-0.4295035975528605,0.12271316304600836,-0.7718369691293296,-1.1867500526891128,0.3733928843928987
0.6691719655549031,0.9092149711760453,-0.3199212203805616,-0.45990122068905925,-0.22858705098791526,-0.9809062734837571,-1.447217647349445,0.3413780204223426,-0.0773502070436056,-1.1469033107669782,0.21054043563725408
1.9541198984665535,1.5760661667123466,0.054887813207688096,-0.717988225860752,0.8492587909044743,-0.4112185534300676,-0.6460168048395599,-0.3842224044013439,-0.4942779488727942,1.227588758009888,0.44101683404168274
-1.954397123362513,-1.4057519306964477,-0.7954291695790581,1.1386099829598462,-0.8367872344209788,0.6647635404144553,1.271195143795722,0.05376541374874982,-0.1824412676457042,-0.3051743251825084,0.3827834127523637
0.007371076574098273,0.08160292890530563,-1.8746895213207844,-1.4521265298393988,-1.0236812357936917,-0.3194988613957498,-0.28825861794815044,1.039856214700691,1.3866151251044854,0.4023414418888003,0.46112280513664183
0.8492770584771554,0.7436580983342045,0.6256189973455184,0.682174063559257,0.7762440398590977,-0.10929345742804564,1.0829107795827562,-0.4278540122110911,-0.4302411502719263,-1.024861507897654,0.2186279792945518
-2.285659074783325,-1.709686279296875,-1.853957505216405,-1.6651674509048462,-0.5689536766085499,3.8765451908111572,1.7480708360671997,1.7005606889724731,0.24538228201396597,1.7210925817489624,0.0
0.22731277034493738,0.2135175770544812,0.7253564330440777,0.008291002777990698,0.45064882136491535,1.6102854811510077,1.3767144411718195,0.2952719003848351,-1.6789768714727977,0.5430070707044847,0.41968217959636034
-0.2256271258478127,-0.5612864327290272,-0.1968501639514878,0.7436328543344737,-0.568139116410916,-1.3394346868659197,-1.5441033520750014,0.13345558037543317,-0.4385655696523526,-1.35052249624976,0.5361084524089792
2.2597889361842407,1.3840533876475227,-0.08679206622632513,-0.7734333224995875,0.7625131928515274,1.968528835004549,1.5443059566000334,1.4922741309159366,-0.8693751919464799,0.9742795854423989,0.4511468695323915
-0.4349942461180833,0.04719003537336922,1.0350108467507515,1.4402445402910502,0.1590118404486627,1.9392678277098627,1.6354990614790745,1.054879742105101,1.0336355136753625,0.3154964616841026,0.5370865616014319
-0.33076013628528717,-0.9950860676061647,-0.037845983914824875,-0.3173056074099072,-0.5365371279394501,0.07202133805240474,-0.35527662106961366,0.7666891374246108,0.6692928967553313,1.0360247869578278,0.42217542899387733
-1.1308656385902667,-0.8184082137552885,-1.0010476614047013,-0.4695742583653995,-0.7624343525066838,-0.5061773480673654,-0.12730071178701202,0.9154895939058284,-0.22868508863250614,-1.3073590212227195,0.4398612543917043
1.3728045162765872,1.1067473026123233,-0.8239097194773498,-1.2929881417009275,-0.7067376555095429,2.2486969406392148,1.513957095519621,0.5023042617493002,-0.8456557225680564,1.3750385470804691,0.2606956997148271
-0.2566890117374479,-0.6390858944356681,-0.25520754502252596,1.0540522622143296,-0.29861421546558325,-0.4663640319555854,-1.5569686038853305,-0.4653259096868165,-1.3451176948201973,-0.5136317557487564,0.4940376483594106
1.9497776551715185,1.2980649352097493,-0.4663525466808419,0.0884844771131429,0.1694343644671526,1.937781142137827,1.7312941892663622,0.5091651527526551,-1.0208642374342443,0.6117451833695482,0.463819488109234
-1.4119615044579563,-1.5226769203061017,-1.298811451310229,-1.489242204803578,-0.8878712607119028,0.5039538300970716,0.8932988737544942,0.7580863048026919,1.2161751288138227,-1.0676311471667754,0.31069179982887163
-0.6754249492304427,-0.1108591727280255,0.35138764813932,1.0454078839707297,-0.15008741518966556,0.7937899658097081,0.8622733098865119,0.9013506500819806,-0.6940540118380389,-0.6879466645222365,0.5335010726110694
-0.38706089496582635,-0.10417349301923172,-0.1708342664534421,-0.7515101213143889,-0.25470629003961887,-1.2264453387939478,-0.2908184840558475,-0.19169032538938174,-0.8719304267676418,-1.6636223175740636,0.4510238619457213
-2.285659074783325,-1.709686279296875,-2.0042426586151123,1.7536993026733398,-1.659238338470459,3.875961835223007,1.7480708360671997,1.7005606889724731,1.7312737703323364,0.3191628855909839,1.0
0.6099523759655352,0.3882218162616876,1.1076093181292404,0.698503101662367,0.5106897636831549,0.031328950567767064,-0.32043163151225396,-0.2629408050847301,1.691742236724165,0.1281961209325037,0.3669236317634007
0.6301811397916616,-0.33371626477145067,-0.2992671260068399,0.04626598465961819,-0.2827565269918359,-0.016158487979196848,0.42789132872875085,1.6136217240895845,-0.7417746233444537,-1.5885605656418673,0.47015595160011914
-0.8952439810957858,-1.0441747053595076,-0.22467235918153422,1.4127547434664505,-0.5870246505735108,1.681550163501618,1.661079688530952,-0.37158689866947453,-0.6118561733642485,0.18211647480615528,0.4861920105435196
0.44983560571534814,0.7475431787699872,0.0004939186825116404,-0.5263831143575801,0.2687318238923432,0.3478127262807329,0.18128648021709806,-0.62250665574293,0.252588925436556,-0.4050060461079293,0.1673825560742355
2.259835720062256,1.7092499732971191,3.6475508213043213,1.7536993026733398,4.4023895263671875,-2.0323123931884766,1.7480708360671997,-1.7165910005569458,1.7312737703323364,-1.6960371732711792,1.0
1.2335119451815817,1.5278923073831039,-0.5400884454080517,-1.1841805872999112,-0.32312669886428,-1.0264348930708935,-1.0959486144014885,1.4193887575872504,-0.11226122153723113,-0.22055636130315387,0.22287316295107387
0.9473321769615091,0.6990298909173991,0.00019471654093965174,-0.7490629141323913,0.6318074894034097,-1.6550783524693549,-1.5856019287531598,-0.8502286869189467,1.0295690317360964,1.1110655619892515,0.10626714970191706
-0.2951326034529075,0.3557607205708552,1.0626276376070816,1.4577928546751802,0.47680736957606445,1.114352859088016,0.3556529168361691,1.1709244944659494,0.5448668465673768,0.7768911086702824,0.49758179025918137
-0.3116204782936667,-0.3355660995450275,0.175845351048339,0.5344485629104495,-0.23274976276657833,0.5636277503694699,1.0415820249543966,-0.7350515101589972,0.005019166971422365,0.7081418392908685,0.5031203857992786
-2.285659074783325,-1.709686279296875,-2.0042426586151123,-1.6651674509048462,-1.659238338470459,3.8765451908111572,1.7480708360671997,1.7005606889724731,-1.728102207183838,1.7210925817489624,0.0
-0.4547484916619978,-0.23562109761434868,0.755903985778601,1.1327299300413787,-0.2118591461131437,-1.1710590647057397,0.7718154905368848,0.10357938192547178,-0.9358444486057552,-1.6364388709279634,0.5470181530076106
-0.3907919009319877,-0.2340753129719449,1.0024201935865225,1.686654312405018,0.4358731040749866,0.3964254205726011,0.6814828953771975,-1.2860004706322437,-1.1478938039547661,0.3689703364688679,0.6050191006590142
-0.7870057496894182,-0.15642610671733004,-0.5670890435317486,0.6045767442714998,-0.6944602842732827,0.7553427296797919,1.033749988205754,-0.07995494214194279,0.3561173225529932,1.5112354507945556,0.5238829570478071
-0.9268059761592031,-1.4444067164139818,-0.3523997956859272,0.3412170336649079,-0.6836693101118989,-0.5384093680543947,-0.7159912615048523,-0.995753110122007,-1.0889550891707112,1.2267007362004616,0.37093484287013234
1.0998255738241416,0.41584229725700456,1.3569473957031328,1.148964023444198,1.5233935724299574,0.39218430462299686,0.09118539390171179,-0.25868402658061806,-0.46250048354265355,0.07399872282238026,0.27679112546076273
-0.5288447240385644,-0.31363406960927526,0.25086161336413915,0.04329786333594113,-0.46184629382518794,1.7476147260048638,1.1164854198282992,1.4924401542035628,-1.2865957911886516,0.3677725418032235,0.2960647798588317
0.6495526708395212,0.9676627806074543,-0.4773895722521898,-0.9620006410119637,-0.6503962102526779,-0.7244001033459385,-1.3686335718565343,-0.3731804580231734,0.022422295335173925,0.22800448629540981,0.28219807763581106
2.259835720062256,1.7092499732971191,3.6475508213043213,1.7536993026733398,4.4023895263671875,-2.0323123931884766,1.7480708360671997,-1.7165910005569458,1.7312737703323364,-1.6960371732711792,1.0
-1.3196825103179342,-1.4882518419248014,-0.4163809620891386,-1.1584905538604695,-0.8196629251124212,1.8130296786012163,0.9418117014940868,1.646329922862272,-0.13727617437374773,0.00739481075408753,0.2773307032197133
1.4235367611400769,0.9836692515807066,0.42795097827968775,-0.4385600381695775,0.8742377759069033,-0.571467250508724,1.2574507644551278,-1.3938874627647815,-0.15704776363411013,-0.6027669233095125,0.30193416746589447
1.5634710841846535,1.5693823375995868,1.6930523093840635,0.16212249625030947,1.9554805764037464,-0.7426146646843946,-1.3066995600556288,-0.11478388395826768,-0.21136076171835239,-0.7941828052306455,0.5732007508215448
1.1192397127083165,1.571328146746133,1.5140875732817585,0.828322928655395,1.3218055800972084,0.36525828051697046,-0.4213107472035466,0.6605974799744297,-0.2579794829028644,1.2746474529261231,0.5119794684553602
0.12294474443022228,0.17624066945717184,1.1997050935395208,1.6015379280930702,1.182371814352301,1.2924039487670325,0.9099326136782606,0.04572457628291117,0.5875443424426586,1.1301473026475666,0.48425602220145725
-0.061366926464298414,-0.3428174238351028,-0.25339935031967287,0.298440359791207,-0.3361316225428456,-0.12933842017351993,-0.02930064356284988,-1.6863007526092342,1.5743214727153334,0.6068102298239956,0.5360622478190566
0.39395672439299895,-0.18639339049407236,1.0487385923929147,1.748118511011691,1.1153508961735463,-0.7702655145667899,-1.4381024725825295,-0.5521986880029448,-1.087679229888674,1.4121171015849523,0.8282378613718325
-0.42698698952937225,-1.0180582797488265,-0.956663184751676,0.9695583593781685,-0.8591365817096452,1.32715496818453,1.6434978045142716,-0.20265538340486763,-1.1400107974918328,-0.25984044893276637,0.5518412196546222
0.26694624906238906,0.9083316596148099,1.8413608783971616,1.5562909416854618,1.0808531599249134,-0.27820751244464703,-0.062267029039377836,-1.1615674221850993,1.1759737185923995,-0.3345604807475576,0.3341595863291058
-1.086943146184539,-0.38406860940582094,-0.1725442028144494,0.4976826790347182,-0.5376785233592036,-0.9687090534291423,-1.63062280653453,-0.09163046872851582,-0.8846704537786704,-0.8515220411429487,0.42879590942789836
-0.5915670643212905,-0.36914082489793154,-0.6351680106318954,-0.04801818221554344,-0.5756661462253331,-0.7815316289900168,-0.33244923656351,-0.6529681531299222,1.3595358253857681,-1.1143453301888824,0.5243690844991293
-0.9295259680359538,-1.1740249654402686,-0.9692611109155853,-0.7324938432453502,-0.8003045945702435,-0.6412483847375382,-0.9833972340507483,-1.1239855491037982,-0.5091082935743776,-0.63672047288398,0.42821357501726554
-0.6184745516103112,-0.8129706635694598,0.26835629108651443,-0.6680412179499927,0.2231387069383422,0.22407297499955106,-0.2931619020948263,1.5188631507294779,-0.9121344112361877,-1.4342648829087954,0.43397131600328376
2.180737133778744,1.3857358913066162,1.9505381635142844,1.0967147757032973,3.5408309096632236,0.37602076094437553,0.7101764607289748,0.29531335779945034,0.8658921390420781,0.11597673977350706,0.8644281444079267
1.2065766102657085,1.262177812223453,0.31885053518355255,-0.6628164546162629,0.6296030792614137,-0.2831190178537236,-1.4003795540112913,1.5700172931370333,-1.2862592192006892,1.6276066612170983,0.32205328977161235
1.1098395731352595,0.7900638361196486,2.2081300252818084,1.715329574279907,2.2748431796904307,-0.7400865770987707,-1.539512990204604,0.4094084710322409,-1.106683248534444,0.6437930327142608,0.3831196610004546
-0.4913105593951213,-1.0376881590122202,-0.7143627427730583,-0.9748910120413012,-0.7765207738893197,0.656633200876708,0.5497417508683095,-0.7331097708929598,0.9946606170445441,0.4724465729275157,0.38045924942400616
-1.5648707888909068,-1.709686279296875,-1.9819988293453352,1.4628109232183857,-0.9400109599953376,0.3534164518327959,0.8874127841082823,-0.08909866065018829,-0.39184229150553157,1.1090112047170426,0.4294226556958352
1.028784256052629,0.134153544764463,0.9397671233997945,1.1331186599265075,1.1692571214447856,0.6370263662203158,0.1804132598301734,0.6785926317132973,1.5115097394937522,-0.8410694156927396,0.33747379575302794
-2.2650269561114853,-1.476056424775889,-1.0467570688961794,-0.04982349126091787,-0.8279178517176244,-0.09440189629476395,0.3522358275088187,0.01700873860662082,-1.1149468401395557,-0.15403778108559685,0.34033362973096104
-1.1546127387758305,-1.077814090350318,-0.929813195942341,-0.7267595510232617,-1.0158675288293708,-0.110340696873583,-0.31069001887899766,-0.4731954702675746,-0.45701822732564,0.4970570919556577,0.4077224712195126
-0.2795010947948831,-0.4545204121523885,-0.07581977451849611,0.5773946158201639,-0.14590385657371907,1.1431244456160141,0.26520835757086103,0.443415299373437,-0.780311138835563,0.7021939828607991,0.5090009167589815
1.6105043556883325,1.2016072017394175,1.085626930792608,0.2960727851504674,1.6609780983626887,-0.8100745965288071,0.4216942580175659,-0.7588978102541888,0.6888085110272517,-1.3819964984747883,0.5242822004361958
-1.4453518972867136,-1.204201645378778,-0.7331399458100417,-0.5644433031243271,-0.6231145064343677,-0.4852115210822746,-0.677934818991915,-0.35070352183641135,1.5948856948050356,1.2689958917321975,0.33353770807615923
1.1666657162704466,1.0949333146348343,-0.6754253895845209,-1.4830833158208805,-0.2215589966912857,0.5045468391128131,-0.6216601430589724,1.5732826909070965,-1.0051017381534626,1.3917887743720507,0.1390572525942563
0.4138870652935788,0.15475662964407833,0.06708304599626913,0.23583631076524303,-0.05880219275685006,1.7997930994694775,1.6808148284591107,0.16965102535020476,0.9015924670187732,1.0115843462888652,0.3757215425005377
1.370249918967706,0.8175286461005817,1.7484944619010938,1.1866027445878689,2.096090913956038,-0.2798694866433777,0.8600458919851637,0.24102881228605227,-0.6882939444724602,-1.6455390707272932,0.38805960072961887
0.3154273479153447,0.8099930824682624,-0.3790046523854847,-1.2452611224081414,-0.3863944480169354,-0.5606441911102715,-1.175294673999982,-0.9127817903767034,0.8636973316890514,0.04173598381498268,0.12519743947089113
0.6393093945986719,0.8129111862528979,-0.10268796643035483,-1.0602076265922777,-0.3055935655737585,-0.415410190082696,-0.29665348715181966,0.36653192623661074,1.2532676716250124,-0.4699643667617935,0.09025385058343087
-1.0174929498851852,-1.5244325638994436,-1.2850053494685048,0.6634818433038351,-1.3988293338582218,-0.30267061974344434,-0.6857919024812248,0.07047465413696441,0.8286242193893641,-0.854423132003206,0.4312961192708371
0.4838741993152859,0.5605723896870671,-0.4084164409465214,-0.45529117441334915,-0.1546925523543665,-0.8129153158561248,-1.1545021457157583,0.7951708609236431,-0.813592506949199,-1.471036215966024,0.48865073464047487
-0.9067500673004011,0.2934790496289167,0.7348218372162937,1.136391642029212,-0.20198849702963,-1.0225321406104408,-0.7048678320263347,-0.787505465765601,-1.6094503059027174,-0.7380469821365617,0.5858352991020358
0.7036533373729946,0.5881599541401072,0.27510466585017956,0.16520906461037949,0.12593349543516894,-1.1714899025915202,-1.5054498890995403,-0.6688598838480936,1.5460117116065897,-1.0576626296485603,0.19066264211773784
0.4423916280708032,0.7487547240016134,1.44539109652501,1.0690486087800803,0.9884396963464623,-1.1619211374549152,-1.10652067034194,-0.9774865914103134,-0.7542081133143735,-1.6397349250564313,0.3837079314533223
0.17524563020835102,-1.0330558792026947,0.42602522473489185,1.7080685041215093,0.26447919092592365,-0.24012768478441632,-0.49906587612395864,-0.28517504156542495,0.9950895360941121,1.5039326455831463,0.6491657897659037
-1.8629020199929336,-1.272815590854643,-0.3614225224207164,1.2401357453819664,-0.8175330330198277,0.1642273759455318,0.5735525712436931,1.2554452696943459,-0.30673001068979494,-1.1346106938693188,0.4102659776018328
-0.9923179431445087,-1.167921987566627,-0.8298305149257422,-1.6144614533496866,-0.6633176704902379,1.6511996121865098,1.5206621534473668,1.211975321595176,0.297872945684706,-0.9333837471402014,0.2971201757461308
-0.22487821415050765,-0.004005880503638405,-1.0318457251823046,-1.3985571138485533,-0.9548208205940298,-1.1123922148437906,-1.5532375160310863,1.351962130352597,-0.5534683669605959,-0.9990888669466449,0.40944924288122286
0.8684521576739528,1.1772541691031588,2.1777402453049737,1.5322715792459471,1.9669306552202892,-0.3199199286128009,-1.4013396019757323,1.2845849361211077,-1.4551674341855567,1.1986885433220815,0.40180570773627533
0.21959539238419368,0.8463186863541597,2.0647961528237104,1.402468235080306,1.537048157063496,-0.734647683685439,0.6904460610235018,-0.840160504030002,1.5107736495810602,-1.2239967077048144,0.4167897500162255
-1.490843372994465,-1.5334793194535763,-0.8117262979559945,-1.487908972256338,-0.7013003225100999,-1.1689054047671714,-1.598058080383761,0.6509254345838276,0.7128191672306897,-1.4521941411065054,0.26231020147044287
-0.9618176739331602,-0.5981996018007397,-0.20967769981240567,0.3354347040598934,-0.08225513104686862,0.7076199250381378,0.375416355634156,1.191021273136293,-0.35819466579006287,-0.26142512471162566,0.4682245528313548
0.851681466902003,1.100626527372698,-1.3577732738564143,-1.542765445270537,-1.3742563310661207,-0.29008226671747983,0.27415963549098815,-1.1733544247177699,0.4255562296272953,-0.2697324152671754,0.10352785555162115
-0.54784990137052,0.2974043240550979,-0.5669091104984931,-1.247859683680384,-0.6330214328148179,1.2763764204891128,0.9862582656486631,-0.4028982650825211,-0.09751031564667176,1.357472768064208,0.4351200474165893
0.783713784183772,0.34630403151644534,1.3496101683814348,1.4426246283893869,0.875904798265041,-0.13154888282465213,0.7002889260458908,0.03900903315329718,0.49308626283113255,-0.7358781712539049,0.2708985038901122
-0.08048062142594493,-0.20305841504767147,1.0788415875521231,1.734835945026149,0.5244310119799389,-1.0270310211356175,-1.4421694076151017,1.117180623398153,-1.6005165686067568,0.03362840729801422,0.5926667489697168
0.04532394720147365,0.2624252886590671,-0.7392181420642935,-1.6338682342407862,-0.6195956385259449,-0.47014382930442083,0.3626820299195817,-1.1122574459046153,1.2955561733514367,-0.0022284492022360547,0.16850461855866536
-1.3177875790471874,-1.6926783505338945,-1.059957622265138,0.3692035727566723,-0.8923580015452551,0.40305822895374555,1.5681704493829236,-0.49005249411323853,0.5110603245007924,-0.5827675231599035,0.3940300857733635
-0.2419314956269244,0.6975726670486448,-1.0181149357647468,-1.2931012524840815,-0.6698944304374439,1.2609901359655054,0.9753903017957032,0.1227724539685676,0.8443816153387403,0.8321444907658403,0.31740043079496444
0.7605299772320157,0.7691346246168848,1.1006929415812967,0.291111225640731,1.3027406896091345,1.0114396475423593,0.4829848862162456,0.5666241837648226,-0.5129238323979408,0.09378668647884184,0.20648251376911497
-0.4124609615901279,-0.7528176770588936,-0.4040960360023186,-1.3215092969660973,-0.34382530540072787,1.8029687645144394,1.031309657161283,0.1341002173701668,-0.3882511116406541,1.1360618474280915,0.42777205479426716
0.8317913077315415,0.13801124090396347,-0.948894040662061,-0.831729552895789,-0.683877033939557,-0.8884974512521746,-0.32877748539770685,-0.06275829246033592,-1.493432885067287,-0.9707402319334093,0.17568517425922392
-0.6853362460859741,-1.039657440387752,-0.9833824952637629,-0.6076073702448737,-1.0380640492896176,0.14104214871069795,-0.07593460161811655,1.3194267016633272,0.26743079575200246,-1.3270626155142795,0.3830596437111392
-0.7651131126803123,-1.1598825446051158,-0.29396082413791896,-0.39091582002209246,-0.5692127007778575,0.6362855993711133,1.238388798727577,0.3362475870460639,1.6243351481481854,-1.037227993069464,0.38030184659817007
-0.35198624355432123,-0.8316760829392164,-0.33985446363842203,-0.7827580962278009,-0.46121189959860687,-1.2214106457821694,-1.2154485928544758,-1.248817862959583,1.341013713334866,0.19101532423681863,0.46710728594104045
0.16314462902741173,0.13096446102460924,-0.4329817336798584,-0.9221853094334742,-0.6673339087548561,-1.6820559923373601,0.11052603834745675,-0.968987696340556,-0.3276157804978518,-0.9015981100570988,0.3212862152340695
0.7847693460038832,0.4348609022183989,1.1039701416365555,0.8574879962223159,1.4044051168446705,0.38424247810278817,1.4784521501354522,-1.3130034044055023,-1.1237907740850674,0.6222550134519218,0.3293282904105986
1.1636900196945152,1.100990271762181,2.9902887642928233,1.087923389560162,3.0585032950710254,3.2683789424493863,1.3438433155625202,1.688852709646062,-0.7463535691975084,0.5666972545580735,0.4032231250343783
-1.4164588590220395,-1.037010334325195,-0.9459248300012055,-1.596696907899184,-0.6398229043873651,2.456511126303049,1.2947318943946018,1.2708692818474163,-1.2377604034096237,0.3392173648724295,0.35374572934114756
0.2104623023667514,0.5896419738849813,0.4102339610013653,0.02761829434922055,0.1340673190214848,-0.7330057302031596,-1.0935413346452367,-0.9889087552758374,1.2782120665264392,1.5138895326757014,0.3392400454156944
0.7011776457489427,0.8834760728905466,1.1156824386662771,-0.41606016022494097,1.0497227758553025,3.200385145767993,1.5036697212679675,1.375702813133814,1.2531494712338502,1.203748792048745,0.09478626027342742
0.8909932903510385,1.2864589950417178,-0.4469109786571901,-1.2781499762546218,-0.15218119097679805,-1.0308946837797652,-1.494326321222919,1.6954745804078486,1.2195270017182827,-1.1477986089440393,0.12807210768963753
-0.23061431120701453,-0.4157297688537881,-0.2339311616728096,-1.3333545404888463,-0.4369133446607617,0.4312556385194174,0.7860867548915901,1.4560029090217108,0.6139335546567767,-1.5386677421449553,0.35091943083487825
0.5517409917238618,1.5749801643141208,0.006629895499891389,-0.6470904360942809,0.1754437394817187,0.8915506141894839,-0.13696512667603297,0.4209044747318213,1.3905811402424928,1.2141792061404484,0.18945831342331543
-0.4526282173891445,-0.4643896887766126,-0.3601474973565399,0.2274645794377688,-0.5579224515987768,-0.6829935947038512,-1.4989271755278848,1.1613195128071359,-0.8621379938825932,-0.2940960519815689,0.531322462097014
1.040360068975929,0.9628190312187278,1.671564837156518,1.043049588000819,1.7335607888384303,0.2461328051326156,-0.4691292269331374,1.4413107294703122,-0.9073635824896867,-1.2465117439523279,0.45711942265971084
0.1911501647893108,-0.19066930788739742,-0.8082447261925781,-0.14754923372244666,-0.8232381253515,0.48078113870255745,1.0317492315504597,0.954139403100542,-0.8352445173239711,-1.585426786674278,0.48844594539642067
-0.9473322791739746,-1.4968476857024462,-0.7030964380343313,0.5870705792892205,-0.593774884055509,1.8757388717762742,0.7308337549253348,1.1165501710045223,0.37181971770845934,1.0650422024564765,0.39108035324646845
0.7262525425027515,1.0851789393522169,0.806220836586118,0.13883989297191332,0.5340480085544027,-0.6882151490642023,-0.46252392121774594,1.0500405348278086,-0.4361703729044679,-1.1953472487670163,0.1969785690057286
1.93662984976858,1.4227345203191732,-0.32311081245968015,-0.983717080131235,-0.32253239887955004,0.19224327456336165,0.7672044412810713,-0.321820095767899,1.1203082965861026,-0.019021035097635947,0.4443020006565081
-1.7110262133673309,-1.3531113831453219,-0.9211289416668555,-0.8258223134065681,-0.8096315608355623,1.1618662883455175,1.3530244387378405,-0.3234688962018231,1.2214168649159416,0.5416211756764363,0.33999775060876836
0.060537894940055306,0.4321986911666364,0.2228676341357101,-0.8253005153027485,0.18130898501984663,0.5469941513365004,1.2923442552859778,-0.3338261414670398,1.6636299922493056,-0.4176964122745936,0.15580831456240007
1.359226303491478,1.6082237685723795,0.23444688200903097,-0.6775127377450757,0.4398538911628322,-1.1461215629352175,-0.8525045824653998,-0.018747312189687268,1.7014887536879741,1.2422116080715162,0.47137170952942653
0.5508496857667732,1.0209960637385074,-0.8105810462453811,-1.5083583401828107,-0.6464554786673812,-0.09789180334015463,-0.3753823024916087,1.0065846219879913,-1.2417009841248676,-0.9504749867830042,0.12094651907716372
-1.6393084151234816,-1.4353812966701045,-1.0409980376426855,0.8947208152601753,-0.888999031148532,-0.6964592622566136,0.8950143609258466,-1.225470572901582,0.7399904433626776,-1.5996214339566235,0.4376680812343337
1.6295068831291784,1.5079691672403215,2.510026826581996,1.3559554892452268,2.5746445561986047,-1.1182258430879244,-0.6575198609583206,-0.5206308739674472,-0.16935005784517793,-1.4780831944325237,0.6225606773598175
-1.0262877833884787,-0.9633440812237605,-0.9776370547832014,-0.4197992931089791,-0.7742874495430032,1.957666057774658,0.45843780844303217,1.3724567666791525,0.6398726999157681,1.4991724700285842,0.44312821350775694
0.2973873767302943,1.2069698263350397,1.8591603002746733,1.058633248847679,1.3813377397373465,1.901725495976915,1.016452257807259,1.2463444589671715,1.5591209347976238,1.2185731487656568,0.4421426562003119
1.6082174718030304,1.1578437424857486,1.4314117179865344,0.9811593112412669,1.914284269071826,-0.48624791226230396,-0.017439956673787685,-0.550480005733954,-0.3202218513637963,-0.7739706984741976,0.4890140334574739
0.6123674210992611,0.7613962471216348,1.352414568487394,-0.07643154895760564,0.7812033938761868,0.7141359309659249,0.7584214581989194,0.21984872404892408,1.6242921227447786,0.27636388877276097,0.1955240558837285
-0.5095315027411886,-0.23793240614173908,1.274453552013798,1.7308528158172536,-0.07140760420492068,-0.8096670024284659,-0.7733387904030388,0.19710388881435695,0.6830548912059864,-0.4070577763442561,0.692392385525316
-0.4057637813949195,-0.2706176154316381,0.04162508321907009,0.7502267741835471,-0.21719464828982155,0.7146265363621833,0.36509908328910673,0.1321801618737441,-1.1362263659754572,1.3765492264632795,0.5478300829748084
-1.5078720924047144,-1.0346577692818193,-1.305123730502207,-1.05130200802474,-0.9168740798613858,-0.8221819143306669,-1.5858152357328699,-0.46277754366671947,-0.20321294064250484,-0.4666105348482265,0.35387648378390946
-0.17199952432798415,-0.44824406701516273,-0.05998029926768775,0.49644683592877553,-0.2685056188257054,-0.9557199046774143,-0.3959921022629514,-0.5414522594556627,-0.4266421374445314,-1.4019939210383132,0.5296498473533239
0.6943780227313211,0.6410574870143377,1.4513775093809271,0.8088795140987677,1.2331129983317357,0.06589835602517326,1.0251773169073797,1.2160489868723465,1.0236276145786352,-1.6400780766907672,0.27645590471350334
-2.285659074783325,-1.709686279296875,-0.3163270634090337,-1.6651674509048462,-0.3196062249492875,3.8765451908111572,1.7480708360671997,1.700553895346382,-0.8708446058702998,1.721086061241073,0.00016486520327670603
0.10113423595098421,0.7103406898353488,0.011964610204761625,-0.5324481983461319,-0.13726589625273988,-0.7689036553102822,-1.1671168441353859,-0.582759195905906,1.1686332502301724,0.24008894966880062,0.17538677161859767
0.022486634021162688,-0.4556776602763776,-0.7440892934107903,-1.1547479795296491,-0.8260461595641382,-1.1847212897891668,-1.1835721479846053,-1.0020729869469525,0.19298948131726434,0.061227180151116375,0.435155822287391
1.6527595607626016,1.4056555137680795,-0.39696093390563153,-1.022460056707265,-0.19305998997223786,-0.03770983136182457,0.12706807697670155,1.4033964527183613,1.018450408877236,-0.20766532751886985,0.37861189971167736
-1.4121366368182282,-1.2879719447917182,-0.745582089047409,1.054580362568826,-0.7801019316654951,0.6780191865279074,0.2486359379243558,0.44384404846909015,-1.4985054685209644,1.7209020422765797,0.45891438801451373
1.2640515240269135,0.9960640576515442,2.560917540334008,1.750323145471418,2.939451463130038,2.222542774239239,1.4159233710702894,1.352469934139649,-0.2003751963710456,-0.12414152353741573,0.41292922790810305
-0.18611968458862044,-0.07756729268712724,-1.4361296647389705,-1.543502125907117,-0.9285463794243317,-0.4543635000802979,-0.6834496257074395,0.5522568846862609,-0.5487734441579739,-0.8209674893793925,0.4743106467399683
2.186273156049042,1.6859355035153174,2.0567352532931147,1.1238378827039153,3.7690814755614745,-1.494911670549068,-1.139579819106116,-1.533878042487305,-1.3442138847351848,-1.5111299264139575,0.8571869729638536
0.5253573012633634,0.4661439997676094,-0.12878137559560324,-0.14070757845553114,-0.2747032506733499,0.4393409518214515,0.6385707729344783,-0.8885367176187684,1.7143925275219563,-0.2640071629234567,0.22024018397852746
0.38419183250755584,1.4206351910705,1.8494431253408454,0.775261933340325,1.6803484032435003,0.3860476200179753,-0.0539031910507842,0.7222837872428312,-0.8044873204925931,1.326232805180821,0.2915654761586169
1.2941194804020772,1.2451403062754396,-0.7978816066453952,-0.8950128882413497,-0.6721253680988253,-0.18106383032338166,-0.18263600739834276,-0.6270874536003785,1.0965538098746477,-0.4790227750211253,0.4147254224416285
-0.07959101574295434,-0.03628134367561467,-0.3261939463613801,-0.5581457552182769,-0.6168279204301114,-0.23486386566274636,0.146766012522758,0.6996589860239303,0.02790521259441714,-1.3549628261286726,0.4858703242766776
-0.138619179910921,-0.1486704695092133,-0.08670288012930244,0.818586344081734,-0.20295256827052377,-0.5268369486641192,0.28524150438780643,-1.5892418212856398,0.821541716078466,0.44547137749454907,0.5483880539288291
-0.4383933087461106,-0.08183373563711102,1.0982345256005814,1.3398787662779774,0.442169272107904,-0.835575611441847,-1.1722088030417015,-0.9275883135092573,1.6419354644187112,0.8099540183927787,0.5346857500640764
0.40743421970458804,-0.31911381459191823,-0.9768798918071562,-1.2430950123013764,-1.009581530000288,0.10772019622254209,-0.5521264591181155,0.907549502527939,-0.33759576146312675,0.8809991718248071,0.4020810605652433
0.9065363604457775,1.0873555264988142,-0.34939723457409694,-0.698381885225905,-0.4251424663354367,-0.13294655341664413,-0.6698729274056074,0.33559787891800447,-0.7707822359377262,1.676696750042694,0.32063957955651684
1.0291749620175628,1.0933278699708595,2.0842687174420154,1.5998698036379981,2.0721592578156,0.003807844204844167,-1.0642859757074656,1.3407165894421964,-1.4993209009017374,-0.19150963574845967,0.2942165900609466
0.7088571900703746,0.7114951709256562,-0.4784052396473321,-1.4014798696891895,-0.27830705518560445,-0.6045368244756973,-0.674617000810158,-0.44737257068380704,-1.3313589522441323,-0.7244939826001348,0.11652050781706405
0.9525797507015511,0.3938473515860151,-0.18666168491299362,-0.17261859242424168,0.09577815796404202,-0.08057640790198681,-0.547882724686009,-0.5200676216751383,-1.0036531065850602,1.2289937846352796,0.21418215477602573
0.16761675717033342,1.0507252288820117,1.9994163424757576,0.9893753305241157,1.2328404873508128,-0.16872940158827449,-0.3155669885684347,1.425951050334095,0.6910840553007772,-0.5625604476855116,0.2273328312802544
1.6643557131038658,1.4914026062359904,2.349419662540428,1.5481738120389021,2.5392704498857492,-0.2089096478934527,-0.41753803803391903,0.5775218207383074,-1.6738736832016474,0.6436532285962483,0.5827698859781651
1.456591402461573,1.0489537464925485,-0.3714339513089736,-0.8791999290823226,-0.1480030684732216,0.43636724280819733,0.1894612185279201,0.2990663501515758,-0.6431632297400424,1.209852077638571,0.26620624333197357
0.06745591301501111,0.37046295489994846,0.6054637152200036,0.45355857411899875,0.4271140292147079,0.13312780252757703,0.68935963746165,-0.9623481331442075,0.32044968619066544,0.37242570693697435,0.5271294597193481
1.2087577542573262,0.7597654515381425,0.4370252137011196,1.0069328384944727,0.3531003104532337,-0.11553243663191919,0.13221496848235562,-0.3901019096227748,-0.48855526926601,-1.3140869009362959,0.41516193715941935
-2.285659074783325,-1.709686279296875,-0.6854387943565055,-1.6651674509048462,-0.5320280383463605,3.8765451908111572,1.7480708360671997,1.7005518946180125,-1.4243742725868684,1.7210925817489624,0.0
-0.6373762824939659,-0.6982653538263468,-0.51660451602261,-0.7837600310008458,-0.5992236541711141,-0.8753617264314835,-0.9558078008391521,-0.0920451700609656,-1.6991692893878307,0.016867280917788066,0.41527802832749566
0.12575004332680173,-0.30240628871838293,-1.6395231491994866,-1.348408957397244,-1.445537316700876,0.35067280329609946,0.8596565909429326,1.2028582547836737,1.3534758282754518,-1.4437450392995839,0.47521932110617987
0.2964950368944938,1.015321081071379,0.44108499050005545,0.15843414767031577,0.2858321686761965,1.3424251310803283,-0.10017499161065002,1.3296468830454438,-0.7641510335108401,1.2337953128043646,0.16351098649052367
-0.3954718324982387,-0.2842913419473125,-1.00136839208007,-0.2966851774113064,-0.8862661948340655,-0.4984856510013196,-1.3360416604378789,1.5784968425347614,0.5757187439894422,-0.10233172043888852,0.5465949251233483
-0.7728630748235662,-0.5899147791589235,-0.4152421794650771,0.8255462468219794,-0.5895275168384474,-0.7800526676938937,-1.4069796442331282,-0.4449259842471755,0.4362073976277819,1.2614477980010583,0.573746868386005
0.06630236940164148,-0.3159783339119905,0.5912105540521924,1.2637260532861925,0.39209765180233247,0.5509855930768006,0.7192609839528994,0.356298747202803,-1.6619150399452252,-0.3405343397956423,0.5731645642086427
-0.7628467213540808,-1.2828410984217375,-1.0136106517471015,-1.6382456300332116,-0.879754889871091,-1.0578605208675091,-0.8993632343372191,-0.5727851752644173,-0.43331845326327945,-0.7778993304105736,0.27753752070099225
0.3997473488821349,0.877000535266201,0.5073143125116379,0.871315421297962,0.6151648198298185,-1.5091859036541977,-1.2904358719039952,-1.3377568624289327,-0.05760401371838772,-0.10435927337185326,0.1917885881356986
-0.021426616486034777,-0.49939854844917786,-1.0943595853813202,-0.4944588690189508,-1.0440923380662779,-0.49873543658735076,-0.24945294270756718,-1.6144129903770563,0.04685072855624392,-0.5527588497834359,0.5231191819404282
-0.5339280568650475,-0.8015847523223465,-0.5914061879288167,-1.3324637933615908,-0.785453265157525,3.368330567497664,1.642125406509378,1.63552654132802,0.298434032075882,0.4523997374306034,0.39714681222170023
0.6812103147498925,0.616404862631084,-0.3365537919112966,-0.7623738934871586,-0.44355580960592184,-1.0593019834852881,-1.709411115198482,0.7711201074993409,-0.26771156980082234,0.2817633519138562,0.07419103929213507
-0.04597297189419022,-0.8293743761798076,0.14849355522898197,1.219568179918123,0.1454036663759756,1.2153154529924524,1.5238099160896026,-0.7948911134691328,-0.6538881264436465,0.9918917360904822,0.5684963234799392
0.03412554879102373,0.5142306438909603,1.9056011772167645,1.6386035137367938,0.7659399609205196,-0.30979712147501637,0.8616714456795366,0.15077153294899714,-1.7033401623372049,-1.571074332772607,0.4234431641672062
1.9073461894371795,1.3990739597071273,-1.3329251409611105,-1.5624469719178544,-0.9743738230126272,0.7032944022562758,0.8506353279456393,-0.35997058795229203,0.9056308768725171,0.20667330776091025,0.4868613615603818
0.35945229107279997,0.33320206228345345,0.18071460800110783,0.07670453287519916,-0.010412470964482709,-0.5875575782488085,0.5453781753374257,-0.3881038109139209,0.6122463722931512,-1.4192888626747224,0.24026854161226815
-0.5152402558984109,-1.060556879876478,-0.854835364956687,-1.5866484266207925,-0.7392689174383693,1.2326084553749577,0.4323188621790124,1.683830056533815,-0.4986183784383506,0.12418789947440959,0.3337146525310634
0.9363919931172247,1.4371740495597438,0.5028702128136022,-1.0780762722195902,0.9895259418496559,-1.4363150672895455,-1.6731664079743118,0.7521491032416174,-0.19991420753719907,-1.1164990162728556,0.3055613954967297
1.2604894172737562,1.4855805780168088,2.9013354095763786,0.9547973741767617,3.1566014495582375,1.1878282189279594,0.20810277784635478,1.6465557307661913,1.316155500889507,0.6390907765113685,0.671370684111786
0.5511187127589626,1.0511325685529225,-0.6442022122427417,-1.4184750726784592,-0.6237874548898862,-0.1200856310832385,0.46460276924129174,0.28270138307053805,-1.2540163457700921,0.225254882382582,0.13692514395604993
-0.7212357342162652,-1.027729384628074,-0.9843843736565111,-0.05343569058290884,-0.7168991805884557,-0.9053405377518898,-1.5007432994482797,0.877753134612954,-0.19682590095972843,-1.5446065108186116,0.47293804128062045
1.0234017980649197,0.6218524065838211,-0.07474443783624939,-0.26541220178235136,0.39719421064535443,1.0522145777934853,1.2993699830995444,1.4116031846000925,1.1119969964292578,-0.8780848123185073,0.14597017000547813
1.250968284541527,0.6758912939988264,2.123686546842542,1.7196724596164366,2.9944085379588126,-0.42188333718781557,-0.6184003529403267,-0.39117699310424886,0.3976990199918953,-0.1810035577982846,0.5556869457111063
-1.0623443489430198,-1.306217126704657,-0.37197474264895763,0.32646875684747834,-0.6158652805314777,0.26029491297998303,0.28236058853293905,1.1254094418530505,0.347714899600948,0.15500114287094138,0.3885804555350797
-0.0589459467591672,0.21683749605828317,-0.48944708209528837,-0.59746455074479,-0.637381167792728,-1.0468449709473753,-1.6268664978759089,0.678627955596857,0.9618811851297633,-1.0872753975069696,0.48690279843497214
-1.1512302600764963,-1.6734688522972943,-0.5737160167911552,1.467660072012724,-0.590556991347506,1.1101541631678642,0.6322355908663545,1.0745161313502622,-0.6336865597490735,1.3073497215880492,0.41378937777964103
-0.6999390415759525,-0.9420072842443148,-0.5772701292283465,-1.660595875034635,-0.6084785391633819,0.522548253547607,0.31707566934149006,-1.0110494421661933,0.586186589011129,1.0092448823436517,0.35453231348776737
-0.5370451797530464,-0.7581861714746174,-1.1782648863044598,-0.4905071201916128,-0.9793082804780902,0.12846946987493024,0.43299970123713805,-1.6289685705500854,-1.455443290617925,1.696326454237373,0.47396430898813524
-2.285659074783325,-1.709686279296875,-2.0042426586151123,-1.6651674509048462,-1.659238338470459,3.8765451908111572,1.7480708360671997,1.7005606889724731,-1.728102207183838,1.7210925817489624,0.0
0.9985361018216229,0.42841845221832725,-0.5239836523644605,-1.296962591097233,-0.3335385534104924,-0.9234593976327967,-1.0710870145931786,-0.7560935848738185,0.031237309767130877,-0.5984270263479815,0.051098128114130996
-2.285659074783325,-1.709686279296875,-2.0042426586151123,-1.6651674509048462,-0.23829423468574207,3.8765451908111572,1.7480708360671997,1.7005606889724731,1.1205877000024556,1.7210925817489624,0.0
1.0700702462622282,0.8251591670554546,0.9702764012774706,0.5171871907897629,1.3872120445066316,-0.5581280732893299,-0.9170248666432306,-0.29514797354847966,1.1100137495184543,0.27406834782498807,0.3846930702375165
-0.5315043192006458,-0.5271799003193877,-0.3977042690198904,-0.007899938248926541,-0.4507031354705816,0.33971993362625874,1.1438011450820884,-1.6140751997677563,1.392921120103316,0.45898825369441115,0.4812699611033682
-0.060642574643426525,-0.8263563388129817,-0.700329326840615,-0.9028822296918343,-0.6544381508720939,-1.2344822040783279,-1.3691995776470014,-0.3375512036578477,0.20188953323301098,0.020170924008716465,0.49977337262311256
-0.4416687662907577,-0.7052389857026417,-0.9652711545219232,-1.5634256510480133,-0.7927201002420571,1.3958821257125156,0.4516285427460245,1.2238233221009769,-0.5521111669141993,0.7397899245910512,0.4483605483764689
0.9693959726883515,0.3977968773542361,1.0904851765228556,1.263818126410385,1.355845181993097,1.4219735064436183,1.3296316426187653,0.11327894169272804,-1.1707959390513967,0.3318473918136894,0.295348481628292
-0.12603728676228243,-0.534765418709459,-0.9811949347242236,-1.353178009097794,-0.6722827695226002,-0.3948473096433621,1.0966467516248137,-1.0007324207762012,0.04651382302090286,-1.6051548960343862,0.39877682424337374
-1.9750694325091986,-1.398214331018381,-0.9614182577539347,1.1256438009424912,-1.0217550818060568,0.40894570116731893,0.14562456237395052,-1.533935135433491,1.5627631024559019,1.1871486525642578,0.4096606956066666
1.835486912141703,1.3334605994083508,0.6622756966594339,-0.3044748644572982,1.4346090540045386,0.46108650745100777,1.1514683428977748,-0.9283038937874674,-0.7567713930035327,-0.01347008889560039,0.5243415762019311
0.48683872411953827,0.6753265552970831,-0.7498317629104073,-1.5757816930498219,-0.7484325690507976,-0.6160152288465427,-1.0895090943474048,0.07925836300915962,0.04012216080465417,1.229685946942277,0.058289157984155356
0.5769323906610773,0.5100230403878289,1.3957815442993668,1.3849530726408477,0.8662473473505984,-0.8255133994961921,0.46798957588906354,-1.6988863596189447,-1.255007368033618,-1.1946622390435815,0.36827411362477885
-0.5666243405925113,0.5759358917367671,1.5830248076428282,1.526912375331155,0.47023603146821025,-0.4305532471902188,-0.2196170195538672,1.343774979063046,-0.10626761865888448,-1.2104422084756996,0.5074120710553528
0.6460066071545605,0.2284961581257274,-0.8548074254868111,-1.425169352262159,-0.7209165938765555,0.08415875904325902,-0.3681142789930717,-0.7824390087283931,-1.585328538582765,-0.0730211640961696,0.22097524991357456
1.0411588880849632,0.7300469813926599,-0.21733029007050392,-1.421245733107135,-0.07194686394012403,-0.8198777419507726,-1.4662634610929186,-0.04279573234104012,-1.1318042022383108,-1.05385701683231,0.04615253216876342
0.04350268116936963,-0.5078864658961321,-0.9412933908417975,-0.5814549305025726,-0.7454729853605656,0.08955727345179185,0.002814770081918244,0.7631873559829419,-0.33842782656831,-0.38522748815593755,0.4943201114151112
-1.6877301302440135,-0.9699052640366861,-0.2574676332685696,0.4640456938953078,-0.6886868464668413,1.4840583086234265,1.0272623637504898,0.955815503422998,-0.5611834431140631,0.8256112344444926,0.3497526889836435
-1.8801898581364398,-1.5258456272786949,-0.704977924068358,0.8335265807348149,-0.8373873176004341,0.4155047575672859,0.9787746586247712,1.1284248871172484,-0.08760087497598572,-0.7293222888991966,0.37567710335473176
1.1448387003017604,1.7078882455375317,1.090254645397128,0.0116350943049282,1.4630322363617227,-0.8121651772712202,-0.01808457088325434,-1.4082018856274479,0.1879269198824523,0.21653895249906688,0.36370816854474924
-0.4271315834078806,-0.27711026449954085,-0.20718877936949748,0.7187093904111054,-0.4701448262255208,0.38255737039149224,0.48722715322121357,-1.4463047072823356,0.36525264442407407,1.3493224810896016,0.5125849883593555
-0.03690285810375394,0.47508992337215195,-0.282580009213327,-0.5875452973385444,0.0034429761985148855,0.9953788321017922,0.9074624849639312,1.5074800064652616,-0.5113397242976552,-0.551380622312596,0.295101976610894
1.5544346730437613,1.4827173048508782,-0.043494366763797226,-0.5820853952649035,0.7752046732047075,0.4922997906299578,1.0335588269532074,-1.686379810941487,0.5991156897433639,1.3088991557038334,0.4966641400658999
1.1117862152097442,0.24478690626410785,-0.3641440325250497,-0.9742239375823204,-0.35318456865732295,0.6112322419043803,1.4438829257083095,0.6419932540957972,0.8263728699455376,-1.4120864000564273,0.09740495458121869
0.33395417181260045,0.08761801452311463,0.9549402185244902,1.0933680481527395,0.8342323515368475,0.05305621671636785,0.806981926937366,-0.6115817658299828,-1.2303563566112696,0.4569300437817223,0.5445923981464098
0.941683226796769,0.8161526513075797,-0.31027422134744814,-1.483328496099689,0.0758640482614092,-0.8866789935616246,-0.6788363940738206,-1.3787110989034654,0.8025436240875621,0.6813692660799776,0.08927937061950912
-0.38893697079384926,-0.036420279515617396,0.5291942269672221,0.8463933817511439,-0.0038251865322874723,-0.08142411896495358,1.1553438476086977,-1.6466154136608413,0.9146275524612079,-0.023093216707049335,0.4438555744826737
1.9613936806099206,1.6064474030337514,0.964172178716276,0.098233726282108,1.5280409517696412,-1.180625557636713,-1.2697457349667265,-1.3354963692011277,-0.476295975360381,-0.7483608239898328,0.4384216605660384
1.3113410490431336,1.5079136444505232,2.00285096069839,0.9829467939155331,2.4821786034285527,-1.0761565955625099,-1.5302057183564852,-0.7336091725749031,-0.8117782747076852,-1.5782163383979841,0.5923426666992475
-1.0326741765906822,-0.8753617394662613,0.01557341520144094,1.6763247977976177,-0.5184113252926089,-1.192928945748969,-1.4158776127926862,1.6329713763733706,0.5604543184276418,-0.1006618489739938,0.465984079554084
1.0331389360380578,1.6881035976061365,-0.7976997071067508,-1.338189121941585,-0.6145125558008191,1.7434684380546537,1.1116495997129845,0.5059136025079016,1.3764930197572678,1.2853626356929024,0.3561006928403462
0.8582474241415154,0.955098655004786,1.733436969022759,0.8991991177390795,1.448656362305463,0.12874240820041233,-0.30348940535754165,-0.5558830590767099,-0.169414279595359,0.26451328624033066,0.24057910997884063
-0.3049697356667603,-0.5452628328140661,0.6355728084118477,1.056789214207658,0.08784186686341758,0.0161293293973237,0.18468355735273273,-1.261649079027003,1.6903842704142653,0.6335048261737715,0.5246302708536249
-0.9727701052248224,-0.8818958208020897,-0.22787398099089826,0.6312926223506116,-0.4794656824371468,-1.0079432187482562,0.4682476431907396,-0.6307668128424841,-1.5003022424226538,-1.3616040860419687,0.3985063162399401
-0.20134109264318448,-0.24063159654993865,-0.6361121167941881,-0.7218959326921512,-0.6321688188390943,0.6942324242390335,0.6698014363969679,1.5902005003297566,-0.3131426144390398,-0.838220845134242,0.5128857373037902
-1.6442035455413175,-1.5583154062379223,-0.733421968991158,-0.30062570748276335,-0.12364114370073133,-0.745642617108195,-0.1934859510630601,0.46087667437724267,-1.3732758843214925,-1.2933538706635237,0.35446955116648526
0.02923817384874159,0.4658942742698541,0.18857388358287433,-0.11289075736836615,-0.2095372020241632,0.19803257880557062,-0.17021157674302864,0.9715355668171992,-0.06686201164508881,0.550485024188067,0.2747745336416382
-0.6367561322747264,-0.5634613969990206,-0.675475761491275,-0.44687779979682635,-0.6779447512426406,-0.8641343505243675,-1.105864650882669,0.9622414957876423,0.6955073847264709,-0.8270267140562003,0.5199818313106775
-0.8424480524696246,-1.1784592744098519,-0.7485310236929361,-0.9870016581617769,-0.769994812282578,0.4554720857343396,0.8961699647373561,-0.5729791634404384,1.697433987643776,-1.2934172875676195,0.38455632156699354
1.1388228715500925,0.8208391374709099,2.005889094492921,1.5781635564820529,2.0574794117119426,-0.4009335277684626,1.0748012275371572,-1.271179777631906,1.3313233203759565,-0.1905792597071218,0.5113076015269452
-0.6313404536380941,-0.49536417787685394,-0.38715203961889766,-0.6459856044317399,-0.49459743301775994,0.516694731623856,1.1738845902299833,-0.9263030320358352,-0.6415321212247875,0.3365260836622791,0.5046502350527792
-1.6661758668140894,-1.2777590667312144,-0.36820416430084,1.2638493655847174,-0.7769096555683205,0.22410297333226878,0.49807173725495013,0.23967545463755796,1.5444555911101898,-1.2467930115264896,0.41681386564630474
0.1950653688443823,1.5085184621564403,1.0550377471927832,0.3470269174329566,0.4989483043316739,0.40182308705290937,-0.26811450133710985,1.1416751504491613,1.0433956065725272,1.4763660662122435,0.2039371336063428
0.5812401244305196,0.33380677772814116,-0.4195815135405487,-1.3597561633663209,-0.3090707041071993,-0.16623147695348045,0.3025101769424152,-1.0875889342070129,-0.5830731361357692,-0.789857794737045,0.14458683584515233
-1.1111831122672529,-1.0682418130554903,-0.7581041281768351,-1.1735595823278435,-0.6813147404589943,-0.7850385551814504,0.5798835092379755,-1.1360578379559558,1.4201334971230486,-1.2436673003399197,0.2956729376023538
1.1761330939549344,0.7871432519347161,0.4077077616053556,-0.3375108528352177,0.9319058445560792,-0.3904673465675546,0.691046402511982,-1.0589006785620403,-0.11594566864588486,-1.0461373211904101,0.18600862649407968
-0.564046608142279,-0.3002885411371075,0.5785649194463068,0.5880097443305548,-0.11420381486440442,0.352509265323087,0.6627080456197814,0.8117447855689264,-0.5268181605837878,-0.1802419014938077,0.5145448190120063
-0.349720870847309,0.02153600991072601,0.051770850691904305,0.09451811136137694,-0.3792504074964055,-0.08328823614323677,0.8940345891244381,0.3493220864370868,0.4231741360812241,-1.6426199022342993,0.4877561635309712
0.21352681587648237,1.016028126279268,-0.19326356497004227,-0.8265917443571391,-0.11757095709259627,1.044559968572219,0.370745691613817,0.022595095468454438,1.3899372958650928,1.1442315262096538,0.10846456008617135
0.6572092132987135,0.793837486876059,0.014590377258122539,0.10583335034466942,0.2529678138130171,-0.31038213846384244,-0.6121674341349307,1.1295022535086587,-1.4949612089063533,0.43188068705652466,0.1250333166700965
-1.9287975989554842,-1.1339110877491385,-0.12275653225082134,1.4680512713195009,-0.7051584593150769,1.3055627301790624,0.4736917839850221,0.31049041300360825,0.5452915405516618,1.1212885325110988,0.4326580298050277
2.259835720062256,1.7092499732971191,3.6475508213043213,1.7536993026733398,4.4023895263671875,-2.0323123931884766,1.7480708360671997,-1.7165910005569458,1.7312737703323364,-1.6960371732711792,1.0
-0.925495013815459,-1.7067897386312088,-1.0879085574642928,1.6177131272725689,-0.7362335304496637,1.646584761341086,1.1376490919042,-0.4406946849444718,0.8320912964388368,1.6309642816890284,0.42297029904390454
2.2389005004078713,1.5034766304412954,3.6475508213043213,1.7534547598510088,4.4023895263671875,-0.7642642228941369,1.7480649851258716,-0.9703505682562741,1.7025464650668505,-1.6850102888485585,1.0
-0.7502478538945269,-0.8156107430874565,-1.1760481950634478,0.3645229799097467,-0.7721201742122875,0.9366039297448223,1.5183120372138021,0.9214409922247738,-0.47516169674067577,-1.100172360941684,0.515353067246368
1.0482467323621452,0.708977049070871,2.4455028346421206,1.3057911710912844,2.5015318881684685,-0.7385865960531218,1.1255423127468618,-0.02139627133405201,-0.04416686054089897,-1.6653212305028136,0.4327492485671581
0.6573645467502891,1.009176199174359,-0.9664124665423451,-1.0684614582463061,-0.7449551299256163,-0.8658828098541308,-0.8207400344833601,-1.3656325235690163,0.5722760221193242,-0.7073712933148759,0.06763670286793387
-1.439283786385634,-1.3756604838359106,-0.25827722342052123,0.685723286434686,-0.5444005538920694,2.4624102887885413,1.0064594721545275,1.2895685826192216,0.04557949336148438,1.47649809059635,0.3654945261423634
-0.031257516687172616,-0.04481984008783042,-0.09685616728112721,-0.612025529488688,0.18633546320184685,-0.02277963697203643,0.18171186630212335,-0.2678207625826166,0.3597153555440714,-0.9536455142520346,0.494025005898925
1.3787365584836553,1.2168326533668699,-0.4827695318937021,-0.9263314417897603,-0.02354407396574419,0.8172603143180968,-0.21820905480045438,1.6481683022201736,1.2679862839548226,0.0951135284995552,0.3955818178807641
0.5032179450604256,1.472927466691935,0.37772981609132267,-0.25432022376650243,0.36102816138395327,1.3273783552706857,0.5942242644796687,0.46660236737168914,0.8202459937539923,1.1290154372127232,0.2924234118253813
0.792494437463567,0.8650418313830863,1.0391696324644757,0.4780066671364358,0.9725795355501996,0.9398342068865537,0.4587333677134784,0.5782445355968471,-1.198445087473114,0.01382701359527988,0.23614683413942938
0.3071189218015618,1.197621447897876,1.5975351367224573,0.8212590403341479,1.5318871477181992,-1.0046973085829185,-1.4169405217469024,-1.0260818534917133,-0.45123600931895985,0.3535804138525096,0.23542731149815233
-0.3335641388263289,-0.28140763124846624,0.7804520813781137,0.6944642362365517,0.10022089815261162,-0.42613215502773316,-0.07028426641772396,-0.59529980944154,-0.749230917997603,-0.03237283086752068,0.587771679437095
-1.542994194635925,-1.2752536971394073,-0.6164109695438516,-1.0051114267119257,-0.4346688252130787,-1.276435750406225,-1.465950914908939,-0.06898266371529482,1.4590660158234916,-1.3735021659470275,0.31886867662694424
-0.48960874708984603,-0.15989988267885963,-0.9994893553169939,-1.5765766199916806,-0.7359911190247042,0.7626293562946732,1.3334299389957902,-0.5963644384248028,0.5480148420866064,1.2123668952764737,0.40390784017803305
1.9510175476949936,1.0348096980771153,0.013594396862149957,-1.0638499681560465,0.8348975727741436,-1.2246470251554622,-0.21222614558482503,-1.4217994857746088,-0.17789157421831542,-1.0320136770525536,0.3243711267565786
-0.3470169128695189,-0.5068546327190242,-0.7727789126013554,-0.19861531339945174,-0.2908455436674524,1.0766088904885056,-0.13604585349405332,0.6854919208711221,0.4978019047958645,1.1234719903648958,0.5286331623413082
-0.5572110277263377,-0.4782510654246109,-0.5946375609684786,-0.07121119085090309,-0.5604052060622391,-0.8143394444894324,-1.6650051385680942,-0.941288892854937,0.40303054503859165,-0.8277440796996531,0.5258511449940982
0.4295196190103399,0.33366869950491795,-1.8246231343992552,-1.398415495587048,-1.4205456666564458,-0.8685613111337093,-1.1893623439592544,-0.09135648956938064,1.5009948323586075,0.6028760669638442,0.4498096258458046
0.6865380505611889,0.7989230798338054,-0.5949819543709154,-1.3879376655739308,-0.607015094970397,0.10872466891144505,0.9717643889540771,-0.3968415689080154,-0.34635960824494205,-0.2588932301978102,0.024310187825774182
-0.5673490627973719,-0.5246086374905184,-0.07978567542145967,-0.12474456052722689,-0.6129344250587067,-0.9869650735180093,-1.7114139122620422,-0.4890566062177993,-0.8694248750106286,-1.2089500263725879,0.43877025487916166
-0.018560561135119495,-0.5714053695302428,-0.9649833734320785,-0.7554626743376878,-0.7237586823226556,-0.02662731190821631,0.06271432463362496,0.977007664395836,-1.6643441631461944,-1.11728336041219,0.4862205952491003
-1.2710455225134083,-0.861920760140056,-0.4495241163516183,-1.659481168479727,-0.8083165171630503,-0.5868044083813475,-1.323068784810412,0.06802778695562149,0.43690068703155194,-1.6635442246544576,0.34370477041984976
-0.4110622101903019,-0.05570518074977493,-0.19062937063690516,0.5852261021150297,-0.7241505616595572,-0.7376985248523679,0.12866552172834533,-1.2924615777496444,-1.5354137412678581,-0.562782592597518,0.5259718595247723
0.24429309331316926,0.7908953275380024,0.23090860643418043,0.555315853194361,-0.2539345439101518,0.38130781184145407,0.09998347684737632,-1.12060878987121,0.8534540765653181,1.4421104712019368,0.3283876307196679
0.7193506049466236,0.3474471855583392,0.439283166484765,-0.03965152457163529,0.12455543858178056,0.11607762585389098,0.11581607380657422,0.8071548335987202,1.5865422779119422,-0.06124351524373929,0.21449294334968078
-1.9340561392964473,-1.2813584854847064,-0.41083926451409847,-0.6823154665901744,-0.852279620968188,1.9737316161566811,1.2165049817399463,1.3741687821911348,-0.5700005872554943,0.8769513700424625,0.29691118948962575
-0.6948348021519395,-0.3874558784649015,1.3401200337687158,1.6434845702661722,-0.001836808977537699,-0.6480121257354775,-0.3804924027273011,1.0266687139432438,1.3545919205747166,-0.6099003962437515,0.5524393709573487
0.8317056799958968,1.3539476818833651,2.2303795467391803,1.5073082773604396,2.0400471762578554,-0.6826178558434858,-1.1435843476783978,0.15531581288861232,1.1604384576968416,-0.8016489515129717,0.4652228902590709
0.20715191460646878,0.40202095977158436,1.264209198166154,1.2755322704912404,1.1738040702568675,1.3505659639112262,1.491555353764816,1.2964750966692704,1.1088355186655834,-0.9279240735898648,0.48458861550644367
1.1807819412176563,0.9514200079508004,2.2101477422744775,1.5399922073866323,2.1973782197764065,-0.6966976685154082,-1.2282965967555728,1.367165548571386,-1.4085233865510425,1.0893313585617368,0.471128731015845
2.0834954891609216,1.4616271547408284,-0.8316084970051901,-1.4790140672476675,-0.6027559065652828,-0.5047595595872757,-0.9108142803321368,1.3961853737836654,0.26745352364680147,-0.5868799694044727,0.4910552381267243
-0.45258808684151897,-0.7620361794072371,-0.2249645042412412,0.5940712908320032,-0.2313941248514844,-0.37433946779991145,-0.9589497841854372,-1.053398983346355,0.828454179159596,0.9409187589155514,0.5138058726216208
0.707075118228375,0.5119963583772794,0.3715856556319286,0.12101108467195314,0.49164586914822894,1.5483596143650509,0.9540320250041185,1.5895450213445632,-1.021725600555114,-0.14642666895304432,0.5132316419379698
1.7000508380844874,1.4020556812406262,-0.6370805861310692,-1.2343465360717376,-0.537471817106561,0.3700244209944018,0.29468736415095936,1.6780727182175101,1.2308241217981146,-0.13665455052112593,0.4751054867208108
0.5662693699334808,1.2300915087879503,2.1034041788468585,1.5737436672787821,1.7093571317006047,0.9571195976941137,1.2900722217870253,0.28465579815114567,-0.4635348565160282,-0.0377821383117636,0.2925937526060645
-0.5927278288308679,-0.2422921790686187,-0.3938085390394569,0.6839990220510227,-0.5622860245292255,0.08841362621491505,0.1342635559755929,0.5885014152168265,1.5340380215356377,-1.6370168341483926,0.5290211283419599
-0.9446384617217073,-0.6118495951471391,-0.8767004720586223,0.3703897841541076,-0.6592539999850875,0.03629568833706515,0.2313797833505049,0.3188516247498998,-0.08300024863725114,-0.8150503508483236,0.5182798978605812
-0.7451489101270433,-1.0609748183721763,-0.49590050467217106,0.5827240339940022,-0.46262963562598564,-0.08744590271035792,-0.09203652332208581,0.05816927329278035,-1.3615313660626387,1.1695645461757296,0.41039210582261115
-0.07162883842720726,0.09821164055312676,-1.3668637099850864,-1.17769119340868,-0.9722279965769717,0.17154184106050374,-0.20636216644928518,1.0837196456749083,1.300066348456384,0.8510031813438946,0.3723472616470837
-0.5252712703311433,-0.6387760381093248,-0.7328497235635791,-0.7466122248720161,-0.5700714416383423,1.5281491539384877,1.7164162361939947,0.9456712641421714,-0.905699872488781,-0.5598449614647312,0.4706495925123745
-1.243667623318049,-1.050604467500092,-0.19555830774338903,-0.2314819047380399,-0.8358938605366528,0.027290621077298634,-1.1128563622602266,1.557494504680757,0.6870553920234044,-0.23328200495242127,0.3910837703794742
-1.939406165884814,-1.6332477150517855,-0.44904386771841426,0.45079913168798075,-0.7854094467645377,0.7538795241321375,0.32701947726239466,0.24319394125775456,-0.9279248724567675,1.3093391449059661,0.34660857006705037
-1.0991238775217123,-0.6236487537856863,-0.2131948364953668,1.2556926446657894,-0.1754071063024323,0.19731209943276376,-0.20959244726221568,-0.12596338888994657,-0.5187364342629028,0.2615390878365262,0.5052622624265556
0.20424745883056394,0.35058302727963414,-1.1334384392346377,-1.265045432725446,-0.928870695078082,-0.3954942978723935,-0.17259688976437107,-0.49596659616159594,-1.3299395254594928,-1.5415472688006202,0.3707379539184227
0.45752122173522014,0.044785337543701904,1.6346468521105872,1.3736514936826978,1.5511875308438425,-1.236735206986687,-1.3010399287151668,-0.5680551685706166,1.016780984033638,1.7060660350106054,0.44329901588271886
0.3885341323513024,-0.32952694542187194,-1.2266276679659867,-1.0802815958672947,-1.4177943570215357,-0.05579773973827257,-0.7834187316041179,0.4045469309637556,-0.6550452918581229,-0.5982577373023557,0.27375007582657357
0.9726712026046581,0.6121870479724231,-0.9149291771564312,-1.2761339539023402,-0.69943300224275,0.31978908546689827,-0.06933869206384959,0.11158901710543792,-0.4247377019946715,-1.249617268739667,0.1447198804972384
0.5606454091409689,1.359835818761952,1.8626975932110283,0.8006522656951043,1.4927396866371725,0.3577161588593095,0.1760862188173012,1.6823968726771814,-0.35616523243526627,-0.858178834774196,0.27643769940334395
0.5408058181697112,1.5820115696903374,0.19477390855945606,-0.775218650864782,0.15960465893528925,-0.19052551721970268,-1.1751497300242684,1.6766737184991118,-0.04283929551182008,1.485295467364831,0.20911869296002503
-0.35247812025135006,-0.16723026790728007,-0.12438545852118155,-0.13931652417569307,0.1240173397495733,-0.8550074177156801,0.8199463629489204,-0.7878521986915034,-0.7776527627589659,-1.6112412060221664,0.425795519387459
1.1379017959558397,1.198458254997157,1.6275495040272456,0.5383198541989505,2.0108118738028327,0.19263792404476207,0.4297339088942242,-0.924386107167166,-0.4360126782903895,-0.15435490636037275,0.3938362571614861
-0.32426999928605105,-0.38904003792006203,-0.36638791546188065,-1.1605149756778976,-0.6265505892199194,-0.5770617034105983,-0.10593839230446847,1.4008870621857155,-0.23095638241604105,-0.9562757148545918,0.4314743955649413
-1.462542248399372,-1.471629175358938,-0.1600768984938992,1.2729114434111009,-0.6517225274295628,0.5798173213227461,0.75415174167066,-0.5057725557995486,1.254933419405627,1.0109018161277956,0.3814124430000738
0.7563599949396872,0.8639962121271855,0.03360100695378926,-0.3209463806428002,0.002600587524672654,2.2181469897151973,1.3008087829666564,0.7010813347664139,-0.9031597740849171,0.9291293918584875,0.1199362567456227
-0.7229905255594333,-1.3812834343805411,-0.6981284608067685,0.9071038663354349,-0.6840234586463327,-0.6572882888031089,0.04108769050337045,-1.1025369826723492,0.942319465524761,-0.38142366418011825,0.43346089054729486
-1.3823490029678607,-0.6159631257667391,-0.39047910970620253,-0.5258546002685021,-0.6168223576182431,-0.4178278006208835,-0.3657098060466313,-1.710566472348131,0.8126446607737441,-0.11997569562588507,0.38184837360722107
-0.2023401011964138,-0.10008903560873311,-0.5743960462777061,-1.4820060062456992,-0.5683413709896151,1.4326669670745127,1.0405319654126872,1.3344462768982681,0.13623110922919526,0.036936974955621045,0.40762720588919965
0.9241762637148133,0.6866950915305282,1.3355433892115716,0.37138517647897634,1.4005196793241086,0.4894321031837017,1.2267252504585098,0.10714954920623729,1.6644873081074627,-0.903200511698976,0.3569964929745551
1.6016933886271691,1.0272492339909147,-1.2707931635601994,-1.5329477251614023,-1.2044465282432406,0.41016135958272304,0.4321322441262836,0.38004240273676737,-0.10949999966180918,-0.9422295102519331,0.13898868611104112
0.3004654740061694,1.6611450844550766,0.5532583806586385,-0.5027073841805907,0.4846311368273763,1.1632053367946464,1.0430891574860588,1.1714199251317146,1.098465911063031,-0.18149739574055657,0.2988999906842997
-0.1443243812233752,-0.3562231672147357,-0.3656866447811487,-0.227124722885167,-0.3942125092123723,-0.6804520629819,-0.8459093146395193,0.15298245562900337,0.6195011717538688,-0.23024363521185326,0.4303224401675577
1.9436534151632752,1.251069232632658,3.6475508213043213,1.7528659028281135,4.4023895263671875,-0.4044296964917509,1.612022280021142,-0.4773651084111894,1.651245318857319,-0.6800390600388665,1.0
1.021823378706697,0.3940761838799408,0.9547069052504001,-0.206168090389367,1.268353361293684,0.651971269999692,1.0633926913148053,-0.007461283443710859,1.5436325379649067,-0.5703536458698771,0.13325629862510957
0.8802302530034676,0.5507960268737356,0.49903962404798935,1.0621229458045813,0.5528916425500101,-0.9757018034894278,-1.496105777643209,-0.14517903031581642,-1.3249423194096583,-0.5985081471324916,0.2847507191010457
-0.24060921581230085,-0.0952412457384625,-0.2078826428625122,-0.8685474605767096,-0.4169399612570551,-1.2335773896545361,-0.5068879338821795,-1.4786357547102331,0.5645396621109506,-0.5561604114525119,0.46617450633427915
-0.3093875773234424,-0.23942529509689914,-0.3346685714082109,0.2615130623789858,-0.6928804350744654,-1.2888186864351503,0.1271368196803611,-0.912403722736375,0.5370983663257798,-0.13278688229326968,0.38630710725074624
0.9256053246868374,0.28399586908346264,1.1313690524471633,0.9948892366060794,0.8793857129187577,0.23039704156455873,-0.6032857904114933,-0.11322846465178676,1.2713553042079246,0.9225501868265376,0.2095745893657605
0.8578257634316898,0.39720241896820285,-0.6097382664014219,-1.303058970255131,-0.5003425705414052,-0.5470519301167255,-1.1783798386924784,1.4798396907498614,0.4118288599428962,-0.26901609380615543,0.12072188076773646
2.2583262816686362,1.418610114312456,3.6475508213043213,1.7536987494665062,4.4023895263671875,-1.18498426394609,1.7480638044273689,-1.5442365792116906,1.726960547746298,-1.3356855721411283,1.0
2.1496166182461582,1.385275858168531,-0.3859683933722196,-0.7624040719937839,-0.12832768627550528,1.6220049306185311,1.3633338346056987,1.2465436909474823,1.2605329652818942,0.0867718487995078,0.4989888450053629
1.0795746527912564,1.5496074252344483,0.5848746233970539,-0.6609328641150148,0.9638706617991579,-0.9734026614691759,-1.5126897457328108,1.6352906491011758,1.5104458126618154,-1.5976287905199316,0.36127736347420447
0.05866725724134426,0.4504784572637211,1.0520994730401423,0.6912188624644408,0.9798346137683674,1.7875814809893547,1.104333092694769,1.5575570947058008,0.36191482462162444,0.11387139803831905,0.381696975236158
-1.620903190221587,-1.6854720329716202,-0.28877268486682767,0.7094255406405547,-0.6919952884449901,0.8838425511383142,1.403387184212556,-0.6804142419670733,-1.064536338065389,0.9777910518869233,0.24203326021578603
0.7497853823199823,0.7324468401182517,1.2374022432964356,0.6248896254414148,0.79914748311901,-0.7804055290658793,-0.9679387111673162,-0.4851019937986803,1.2622876849901818,-0.34434805700507987,0.2236694652362085
-0.05708853465469722,-0.7895503364577128,-1.0935107407691944,-1.0643221086794585,-0.8270709646955837,-0.044638520077003405,0.6521422349277307,1.0472300594768573,0.042570390677901804,-1.5526525426169535,0.45054531810798376
-1.2437680023951394,-1.2657258423862283,-0.6542335607510966,0.5088186862821285,-0.6247718188855041,-0.12022504022716152,0.2901385087120858,-1.6956654920187346,1.5154974781554515,0.6560183633621951,0.43054270956315366
-0.1446646349818529,-0.005304038443068287,0.6143792137805972,0.8159621745482938,0.11647314139064602,0.2681734461925031,-0.977783599741199,1.6321852002942827,-0.8069812972455436,1.678285320121276,0.4646569757257223
0.3839095029590076,0.7274455453737833,0.5631539165001337,0.35401009703474007,0.38720620230421926,0.27112638654922055,0.6068113931354576,7.131714650034093e-05,0.4608065820195285,-1.2288578309788551,0.27657823231467465
-1.4736305179085052,-1.2747061451897925,-0.2753315871477319,1.3645848684704407,-0.5826449722779758,0.29012141402945335,0.5608103301073586,-0.9877690002709549,1.7243819809199672,0.8143578812172414,0.3891807628718196
-0.8836225021876541,-1.312383899700666,-0.6358331971006037,-0.49054795375607113,-0.5992567260989368,0.6274620918670739,1.0117679472609065,1.2157375946061526,-0.9887275421671691,-0.909700270717217,0.3624695093087162
-0.10094935170141098,-0.11023270348684776,0.07103867763158787,-1.4734805112171245,-0.326129348589023,-1.1576923042184863,-1.3672202081962845,0.6515049995236994,0.5814082642767427,-0.42068215005300785,0.4093205701266804
0.977931779365206,0.8856096697926039,0.19295771156132238,-1.3755519289753475,0.2628565575170685,-0.6924623053701743,-0.34434720753807324,-1.3759302078534232,0.6032171969843699,1.353557353423889,0.12385629416360008
-0.40700239495639584,-0.5202855306320877,-0.030447028749324395,-0.6145067868326194,-0.4174957965648555,2.868579300634581,1.5209670082982214,1.6465450665910426,1.4192755438641358,0.8076798475993965,0.41779015270147013
1.7064261013675226,0.8924295818076236,-0.5598744049189919,-0.6378535606393568,-0.22584856887188964,-0.1774792117571864,-0.23197419330344082,-1.2551873674729774,-1.175326473433991,0.09144748109265313,0.4463889220478075
0.6252058655661578,0.8709756380202396,-0.10394404097306309,-1.3065717909982748,-0.04314490227222349,-0.9799619422365445,-0.790178438374592,-0.15320057334802695,0.7258134426104472,0.23409010425959365,0.11836330508114548
-0.07541041666496462,-0.23870616670366462,-0.04126194287310152,0.2306996441921213,-0.11354427067801214,1.6904056917299655,1.5047572280413763,0.6691280295574629,-0.12301777702239242,0.07032525577958837,0.5243883146556936
-0.9419142365608184,-1.607176698975379,-1.187304789396476,1.481471893702534,-0.8471423023707934,-0.9057403362250723,-0.5942510849605263,0.007195018114912341,0.9595440742964009,-1.6724153827545025,0.4711199678384451
1.0803059196493139,0.34126166299988325,0.5442828042332515,0.5402394281357202,1.0301809045486423,0.6750396868821251,0.7484332026879437,-0.04683310445119772,-1.3123879521452728,0.19993429554180986,0.3281981052693397
-2.1214288576146254,-1.2806481253969657,-0.2955209087318482,0.9495933221619899,-0.73613107499894,1.7560044456926833,1.4520283585268396,0.47910539924106954,-0.9575858848114024,0.9831829596482643,0.3689676001728962
-1.1681671196679149,-1.4548031043196596,-0.6600607860364636,0.603148629119065,-0.5697419761878973,-0.8369249043701894,-0.9937724146749607,-1.3235593002345076,1.5977318054716236,-0.5333635389563451,0.4135250916768198
-1.6622300266932242,-1.5696048867707086,-0.3232123346582883,0.9892483830625214,-0.8663170217886959,1.0080096091876796,1.664588978566321,-0.5031793593857979,0.38832803274094857,0.8309469606458041,0.36340816804578546
-0.5833417596148469,-0.5792249643244998,-0.9313404716704364,-0.011673370872203635,-0.7593566291405965,-0.2983105766378351,-0.8799617260903582,0.06972546041391495,0.2752317427148505,0.46435266499402283,0.4646039398420375
-0.5058452360951881,-0.7868881615901072,-0.8671837603631046,0.4326047249435814,-1.2539277631192667,1.9211158627796647,1.2750448511387387,0.15686923759998211,1.5174525395516871,1.4560831493549349,0.46922637205593254
0.6398389411188427,0.8817719673501676,0.14887768616011074,-0.7528492837232804,0.004881036848136067,-0.8824544341072851,-0.6668005906542243,1.1001149723496824,1.4101791655134543,-1.3447817051421362,0.10816185965740842
1.265294631710834,0.878393678279478,1.2879073101460576,0.6240562002428793,1.6626669214558727,0.04864642510938004,0.6183810846398405,-0.7863025919747072,-1.6589007817386734,0.3841918910816762,0.3676166435341027
1.126328339798761,0.7604160109928224,0.886786862985648,0.6945890716969348,1.4466930712301358,1.4107347986809524,1.4091818444127202,1.6994334614155227,-0.032771329036646174,-1.3301661993346094,0.2024157244801505
-1.6385035195790576,-1.3012481003547736,-0.607629743117084,-1.6495844795893877,-0.6421285022678126,-0.6248147100519931,-0.22354630743595613,-1.5903900188144275,1.6907351994009794,0.004684771267169832,0.24665154044790785
-2.285659074783325,-1.709686279296875,-2.0042426586151123,-1.6651674509048462,0.23760462791422055,3.8765451908111572,1.7480708360671997,1.7005606889724731,1.5757229725670587,1.7210925817489624,0.0
-0.5574883515630861,0.3467845646111712,-1.024287296596077,-1.633351908406662,-0.8359510375095636,-1.125669411784477,-1.4221872973691179,1.3577636565825768,-1.2313294347666308,0.3481205019591922,0.36323036610241716
-0.26570737049554255,0.036755036890016586,0.2846979696163372,0.21231070304409433,-0.29411112509869336,-1.0379032839690818,-0.4156758852809973,-0.5469715367380303,-1.4121208652912143,0.34657058481417663,0.47553628565779105
-0.6237995665881283,-0.8142296234286313,-0.26410207544501696,1.2351401791327736,-0.6679064627493886,0.39774928253528974,1.7035120110239037,0.007075861943368386,-0.23628222765019963,-0.8988946161758807,0.5121572347786304
-1.886736256671175,-1.3584777862254405,-0.9890009516373582,-1.4418613980799657,-0.6470962087630194,1.899728583318773,1.4758217539679819,0.6036724815501101,1.3372051116648247,-0.2867067585091967,0.3058237123183879
1.210616489259107,0.9629841260065389,1.904051438107865,1.346232730243598,2.103829958735024,0.04014122515383637,-0.8348219754634086,0.4747230442611391,-1.4016076953545356,0.0890991505252898,0.5153234982878834
-0.13985176831322224,0.9754017633844493,-0.5732446329475387,-1.4567385512689075,-0.737528101830282,-0.6695199909591829,-0.8993504103272029,0.7433234446466731,0.528115266059488,0.7037999143562722,0.150360224393173
1.6057422618551505,1.1958651529497302,-0.48590029918602873,-0.9151551551646444,0.168068931634318,-0.30369553516373,-0.4552905503181701,1.0116407463924904,0.8585312980266651,-0.6850745756360975,0.3752355686187863
-0.8720445811612609,-1.4350107527067864,-0.3762520798586056,0.40191278970394856,-0.4726650138478487,-1.1003178953723167,-1.6901633470415314,-0.31187376994384464,-0.954440574752527,-0.03086612794282744,0.40707175805404167
0.9605700525596303,0.6838799478048047,1.5687155603323508,0.8469533095718034,1.7299238077960617,1.503299354652265,1.3207559138807798,1.653815813157774,0.09517526731338045,-0.43011490203365116,0.3062380981857407
1.0451283594380214,0.6646632243420852,0.37955529231459095,0.3495252694661161,0.4260604791358967,-0.14282430357245934,-0.6657715895476617,0.8089746314789943,0.9985925764123484,0.08659188035545587,0.2023248822331307
-2.164898607054362,-1.5431378033333547,-0.43201413731364247,1.3564451147046153,-0.8957739013331424,0.36193439601034494,-0.2133945904214482,1.1304521611792127,-1.0780444910375537,0.944002010768585,0.3488048737779494
1.3193554794352649,1.5671297618158269,2.068775111799014,1.2879488456059487,2.14714732110933,-1.1774432285368788,-1.5291120511183316,0.0877270706307431,-1.117915388661445,-0.29937002968843485,0.5961119178250309
-0.3011202380108624,-0.2274873608742745,0.3194893260325955,-0.4040665457128365,0.0869434338283773,-0.7186944973377902,-0.7609276778496301,1.4120039801000757,-0.02179557332840517,-1.0629741367993746,0.38777486368925657
1.4477799691541222,1.3829636288022873,1.863334478361035,0.23792803978569171,2.3729393214620194,-0.5443935225975292,-1.228732221957785,-0.04745705008560262,-1.4997454280038378,0.7491001183973014,0.41208759458701105
0.3980771677719449,0.7347744370437072,0.37135411298911836,0.7210140856439311,0.43373071967563265,0.5171278261256624,1.249245321144274,1.208068059743997,0.8063602327026473,-1.574356047238734,0.29554184882567147
0.1796671283116783,0.5633645103540343,1.3528131881817966,1.4733844573797026,0.9248541572507405,0.854527946682055,1.3503867213725205,-0.3323121524660501,-0.4695809470562786,0.45448915547218516,0.488367586915793
1.4536886542932765,1.343407893039631,2.1605876890862374,1.7267356118777202,2.9323652769314275,1.6684736611819853,1.071034656782443,1.4370001522853886,-0.0025769689950511446,-0.47572970059607755,0.5663325078633591
-0.2819567878473701,-0.30173005478422693,-0.06653127564936154,-0.1971011398112507,-0.2922446207681519,-0.839280211217803,-1.3688289524095945,-1.208928442806019,0.3395579217358095,-1.3005949763843234,0.5097215719538031
2.259835720062256,1.7092499732971191,3.6475508213043213,1.7536993026733398,4.4023895263671875,-2.0323123931884766,1.7480708360671997,-1.7165910005569458,1.7312737703323364,-1.6960371732711792,1.0
1.2120568997453964,0.43171494926068277,-0.827116377052401,-1.3233336176124344,-0.7113702056451944,0.2039740341343716,-0.20979257323235562,-0.2630023139702875,-0.07122896649152541,-0.8941602790790852,0.11439009946596267
0.9076425155391206,0.7448785747768725,0.7362507483191134,0.13294633713599127,1.0911022545585412,0.14726435443938168,0.34300058040704234,1.4973200006765424,0.026460443195689576,-1.5049858258203603,0.17024156620267664
-0.9256586664535126,-1.1335184495294588,0.1593887628494524,1.2928922876348745,-0.36357759426855935,0.6321658918464156,1.2885036583809097,-0.8826774975432272,-0.3828186888681346,0.701875455689805,0.4792608019884855
0.23565861184597814,0.3766486334431589,-1.0045818233407535,-1.5693669596516022,-0.5955070540959436,0.2800881840801892,1.286494419419741,0.3141710117601598,1.216822035823569,-1.5595224915655495,0.1901694529683277
0.3789361057715256,0.6114732666300604,1.7119469859521281,1.7009408237327859,1.4770086605330048,-0.6218841893189527,-0.2588557609456186,-1.2747525954501895,1.5401713810605617,-0.365606159691858,0.4735731921304016
1.029869162515261,0.8570885766507784,2.6253688422600274,1.6306029259459842,3.037804895588251,1.2585765814718162,0.9702467994856337,0.5411557949512883,-1.5902206166844004,0.9428211314408964,0.29719135936375224
-0.4426556603107854,-0.7508768361564297,-1.062588255095203,-0.9215276328972016,-0.9369283241467097,-0.4048192628054096,0.23752777552697718,-1.5982588109180145,-0.17250548803137106,1.3273323155779968,0.47775455396953853
-0.3273165033585062,-0.6693613964138732,-0.8041324232042721,-0.7473410022746807,-0.7114332400107289,-0.22982164891524126,0.28177441174104234,-1.5853528473367775,-0.7530028945833263,0.9480632108734905,0.5112916519352194
-1.481814456690387,-1.5007096543137877,-1.2081062321727594,0.6612417041463747,-0.8468375024119412,-1.0230876159188405,-1.634948635941967,0.04229432786284523,1.5242430219190022,1.5012635092929523,0.4378244484971877
0.35729309831032197,0.9120482713063462,0.3914315623002312,0.3653960015002045,0.3954226807836898,-1.078407921536531,-1.6523379008409667,0.7884767256568062,1.1434409506701013,-1.595021331967004,0.18128294032180783
-0.3067278838967254,-0.7576608097620408,-0.6093024289642746,-1.2928599652929993,-0.4481344951443218,-0.8963399765886476,-1.0724296279336978,-0.8074126111667518,-1.2421724271491958,0.49820678961651305,0.4772110048497693
-0.674340285133999,-0.7310155326072985,-1.1340679729445726,-1.1665304077922802,-0.9142646053509061,2.876110377591077,1.2034790930334296,0.9292596827543015,-0.4166594644005433,1.3556327072650995,0.4584955824650145
-1.1353090478273433,-1.469100442056365,-1.3632570205624646,-0.5475104297469253,-0.8604198630708928,0.08181796794847963,0.3328197658385928,0.9812284291188358,1.0740936059299961,-1.5993902978178305,0.41275914484869647
-0.3450371005664611,-0.2902793725876181,-0.7421491501615131,-0.9331189889685295,-0.6739319757851632,1.2497402294242157,1.2280057513159754,0.7254460391906357,0.1657825194978173,0.35661793551926263,0.2950454407251119
0.12156802772939564,-0.4378455654895302,-0.5078664680338126,-0.37468305825034953,-0.4202497274732426,-0.44118664178622125,-0.7980899807762869,0.08206632149703255,-0.18627519267560286,1.2832360767368098,0.4972743090625988
1.527170560654604,1.5817009520916847,-0.5676863545539366,-0.9543442559629052,-0.19110650976686058,0.24241356911835393,-0.20466167561083873,1.619435265777828,1.3710918378192367,1.571676473109348,0.48694925771437736
1.611423808732236,1.1877640638090095,-0.7975085178319231,-1.3062351280098612,-0.7768393640664375,-1.1918266631292533,-0.534734494693442,-0.3387811501742982,1.2354355244613902,-1.4174084512005583,0.3704324434963955
-0.7520113896510575,-1.6794639772824627,-1.1153063220420125,0.5060456598848883,-0.6645507910183532,-0.9106075166987306,-1.4439927162785837,-0.9696903979392761,1.0989404222647785,-0.5412816050624406,0.42793814712446
-1.3201663067017162,-1.533862809889058,-0.936812109085474,0.3613879892140332,-0.827825268238536,-0.8515788347600107,-0.9241352990796775,-0.43678692709391276,-0.9088094081348723,-1.0795246257593245,0.37808007628685375
-0.040520759915409606,0.3061645805785803,0.9663235643385804,1.2967717272599772,0.4118911522710609,-1.72308712301863,-1.349824443058662,-1.4522057988991437,0.4357336469910491,0.18097276263041973,0.4584311526154645
0.9707116889302259,1.2809892333413584,0.37119241077712734,-0.5087242467803503,0.40181918726980514,0.8604098735191394,0.7863824716232467,0.07236136491118454,0.4044914501926553,0.15135972810451154,0.29142367752540776
1.2526878033036246,1.2284074991409848,0.5492651904528837,0.08112307036035053,1.1587707637472566,-0.4563728255966033,0.3829901492090897,-1.641214723978768,1.4653954314326743,0.27753801107571135,0.30910916091646495
1.133865864077457,1.3478773192869347,-0.823050026322862,-1.3998762028899168,-0.7625106142548315,-0.7411407765766016,-0.28351674548930683,-0.8057695448557561,0.800026228227779,0.40792239838050315,0.14041554691167346
-1.56805815813266,-0.8880023115098976,-0.5491979014344105,1.0464363262848722,-0.6131784917595657,0.04513962063739912,1.0564003631606786,-0.3992397776120014,0.44850694484816567,-0.10651368142434907,0.44108882879308897
1.3265721510430373,0.846733043979627,0.22468948417398893,-0.2392297616665106,0.49240734450994134,0.0063296285957387816,1.3976230220745849,-0.1459832315873527,-1.1314503530648001,-1.0369753574457887,0.32254307255823855
1.322907662246525,0.783272720801609,1.5160269706356204,0.35389664796513537,1.4734452963478664,3.2578473948916997,1.6572667960091312,1.2513148740455,0.12291048213773537,0.9725444268656813,0.35279652183621685
-0.06956068837513592,0.1976120826471936,-1.2980106934839784,-0.07826794583397559,-1.44324049706344,-0.9508700209940806,-1.23793248332843,-0.4298948585520295,0.33765664446184773,1.2123629367261854,0.3741207542728042
-0.5789093003607825,-0.37399402585549385,-0.8141688565513467,-1.6457607997513455,-0.7358359795972133,0.37948349542539794,0.18840660323802366,0.18196681188886954,0.7901298982996229,0.2719660077473871,0.36753928180910583
-0.17290760731873597,-0.08920636201073778,-0.20004523614533237,0.8431802422872546,-0.3388123713274614,0.5677032451021891,1.1783043018432278,-1.7161849536488916,-0.02494327827939316,1.2002845791101953,0.5393422179634916
0.2650287359852432,0.6343935713162151,0.5408701715635384,0.0555110207917697,0.6867941886662545,0.959921027142805,0.45294585438625923,0.21416929830984557,-0.5788877018661529,1.3635179788785114,0.3579855071343133
-0.18286734150509792,-0.8001801218318961,-1.343980315863333,0.23478442028566307,-1.6521135209798126,-0.8476414398793491,-1.0922780823358598,-1.701352917770371,1.2185936069057337,0.8109497793160524,0.46244193504059444
0.3708636596337169,0.9266945793056497,1.5436825421082994,1.2449241459800469,0.8331816409710855,0.8443942865455614,0.2736384527184983,-0.2224158187845361,0.806776795481792,1.3070335238103565,0.22348616284242606
0.5561670966278374,0.8881887294230643,0.8130562123895957,0.25198532961812264,0.7092592493391606,-1.2146849780733273,-1.449374518548266,0.1999002681057264,-0.8341899673847128,1.6375333921069304,0.2546199394409756
0.593178371443847,0.5285870449687942,-0.16624363317318336,0.13212459028192544,-0.06862738832092778,-0.8386253252013058,-1.3023001070141542,-0.2519723213996773,-0.2611717825673764,-0.4982202032363485,0.1708879835428647
-0.5215578218287666,-0.4037974953661658,0.23549759453158728,0.620048422395729,-0.05375118800123872,-1.180895703260978,-1.6358076806129371,0.13361373029811843,-0.07284798418461758,-1.6253150649957189,0.5314731222082466
0.9806794582439272,0.5763295277949784,0.3653992138331417,0.5320467392243233,0.5178877626778942,1.294430040933809,1.2115299827206671,0.6434512498297223,-0.27846451600200245,-0.552492862616963,0.43642600386027114
0.6074385446209655,0.3172195319125188,1.267051892085007,1.6109641004218545,0.8405314649603874,-0.5076130440162645,0.38863639334710026,-0.018265269898153733,0.36782576139045287,-1.3638451327634769,0.36029566136235264
1.5973171403114066,1.5340185824736832,1.2976495192177988,0.30343794282035186,1.6718078601165258,-0.9863454367741694,-0.8755606576596602,-0.4575366901336196,-0.2575001948295762,-0.9761037719183749,0.5627097180878705
-1.695417460664146,-1.396431452689609,-1.1722925097314127,-0.5642351462806683,-0.7822358267973861,-0.7786820415561879,-0.48351286964549,-0.8303449777985479,0.04237113180860774,-0.9186218277620506,0.37582493463163263
1.362547002440644,1.0544956331413262,-0.32575795727699786,-0.7537012541725056,-0.08483798359650702,-0.9459592609058528,-0.9473341689080625,-1.0381962492739911,1.3027293674107425,-0.885434215759019,0.3136399260123907
-1.0543851506202675,-0.7974203030735623,-0.0994884715961469,0.3298208950445183,-0.3813206255923012,-1.0354512474991089,-0.5433402831204588,0.14444192903299014,-1.130458351728071,-0.6903247623638915,0.4703093468283563
-0.06378564381211066,0.35510720703619625,-0.037746516746213044,-0.2728720500173876,-0.15503196973404115,-0.5522529415940522,-0.7400210511411394,-1.6647972775636406,1.6457344738099007,1.03791500858345,0.39004871044858064
0.013051516724762721,-0.09972172215501864,-0.13678921530005264,-0.16007869930064775,-0.29102921369612555,0.21200782766473522,-0.48197124427332155,1.4534358563815195,1.4181388326138886,0.504424406617145,0.45820190271991823
0.10369121212810722,-0.5454144500423936,-1.6352438602698443,-1.2395100863249255,-1.5859149410050708,-0.7240638646707046,1.0203671975155686,-1.446615684951626,0.7114939596639438,-0.993985595863513,0.4852944538105428
-1.1864445518702682,-1.3938652576251378,-0.810188548531947,-0.2872204855950125,-0.6893718809571161,-0.23793291795896926,0.5171928796989362,-0.29363205030772,1.4837933905651466,-0.5246604678247279,0.3829767159135873
-1.907480224597298,-1.455992963786506,-0.5359844828164275,0.6468698781542185,-0.9943658409233699,-0.7039039872541278,-0.01381998496332179,0.1981461235079578,-0.3279537743371108,-0.5648754583681252,0.372827250029374
-0.06389636164300987,0.4974145004461201,0.7833838054151689,0.8348540232445939,0.6267845942708686,0.014665214635238314,0.5484432949208589,-0.1536192972890512,0.8279514536120347,-1.0996345067688078,0.4167424229846452
-0.8618914991574118,-1.2532943152820293,-1.808237818848475,-1.3270482168975195,-1.1726710622062173,-0.9555812108897448,1.6988797686694335,-1.3712172159210132,0.2917254880532889,-1.6043240850040097,0.3470732991365593
-0.7878960235460737,-0.7974223877027394,-0.15053800387655364,0.8315005035726029,-0.5189380514193662,1.9273774698566593,1.4789605509156147,-0.6864477421189463,-1.5853244135933966,1.3227200145672389,0.511640783824647
-0.2826117664630427,0.5482049629027018,1.7680836833302314,1.2910187435079914,0.4612060216932918,-1.2526758727426839,-1.0574913227163203,0.10203794242459989,-1.4673819353079187,-1.5186217905886716,0.5349870036338248
0.1468010146640022,0.6635868388121635,0.2771059223125556,-0.07683228219655613,0.2036858154854848,0.5960768738518778,0.5397869300055882,1.0645203458784784,1.0049669431904982,-0.11229711226092776,0.2854817185819586
-0.6111321943045479,-1.0347884342984863,-0.459736226345569,0.761353546384089,-0.5826339725435321,-1.0536456987401022,-1.6719291748181833,1.4898910874531976,-0.47315558102971267,-0.5183826317032163,0.5164245380719967
-1.6969517000253653,-1.3582274467290625,-0.5698006800897417,0.5165643899793854,-0.5950477017686845,1.918660180010001,0.8643025870970966,0.5422965802754194,0.0329094492668401,1.4449476390835165,0.3655212603503872
1.2389490122760483,1.2855494236727103,1.9830606497789691,0.7056493690899799,2.2008668905233875,-0.845716861801969,-0.47357518467973736,-0.4682923520191444,0.8859275167096515,-1.692349347193568,0.49430037024024576
0.45103590484149264,1.197559109624309,-0.42060890212940527,-0.8123274356986521,-0.4277803585288874,-0.6390290172599675,1.0330929198683827,-0.8624625658068935,-0.37372987229018073,-0.7780602099879035,0.1877920492841346
-0.7375797069026515,-0.7299319058050482,-0.22856639361471254,-0.06781516858179147,-0.6073063716579197,0.15368337306269844,-0.5272354883360841,1.0271636339122052,0.8635191311837838,0.4871823812157205,0.46319539233341767
1.2033965500384907,0.7133136079916214,-0.023149799323860396,-1.408231132992804,0.16623728684088174,-0.861036434847456,-0.7403667195142656,-1.37873373669929,1.0542752968532556,0.7719421533538502,0.0965204649411733
0.7959132786169107,1.2828317684482036,-1.1033764129847117,-1.32350382711033,-1.0020048013391303,0.7754239361891824,-0.005824478464695748,-0.03160965165835005,0.4386582953861899,1.4029731290399057,0.14563321844269594
-0.07605831675846578,-0.4041209924285779,0.7940707058943482,1.6471077562836811,0.1697883548978419,-0.26849261814510594,-0.8692373562282958,-0.10247974711145742,-1.1395238780107897,0.8103372384094549,0.5779110176949026
-1.4057356280095774,-1.2543428592687271,-1.0119472557245888,-1.6650299860721327,-0.8227151356787655,-0.8266980171737373,-1.0638062330202736,0.10573635525972616,-0.953014070061474,-0.1768825164779526,0.3818270954190271
-0.9102995043342785,-0.6931030927706936,0.08262527255905927,0.32537386958683595,-0.3969909767074257,-0.052391407554835095,0.13598314077805515,-0.16625074426979658,1.6818483616177107,0.853453654662505,0.42364196218486044
-1.1768782197993761,-1.1658232993561097,-0.45105461509181827,-0.5570965441407711,-0.6392743364296773,1.1751120332680032,0.28944442576689344,1.1988784079692076,-1.3644165666116699,0.8310595668839423,0.4045595468772432
0.0338351386680455,0.30462088847707747,-1.1136596717186218,-1.4930971539101097,-0.8865988112327409,-0.9476336650338694,-0.683503949197851,-1.6353356817343783,1.3727964939661326,1.0361447052671067,0.26191763910244203
-0.4999580232153736,-1.0361649597376859,-0.5382871100120815,-0.6925945335237921,-0.2708088125949049,3.212061809627536,1.1899178631869225,1.3182449115975228,-0.42821735724867904,1.5666165115592314,0.44384568343459807
-1.6517284894048136,-1.1760774769002305,-1.0927451504872647,-1.294039065087859,-0.9116591361684436,-0.6067956396891341,-1.122916831818475,1.5634107765398304,-0.4468077143400101,-0.7491564258085259,0.3174627497208166
-1.1327607489962928,-0.8896303442433752,-1.030318196762082,-1.3687116383237128,-0.4345938282322873,-0.7740303191175582,0.4538502030748356,-0.4379194200659386,0.34023115225687645,-1.4380255452105937,0.40011775618159495
0.6466896970437512,0.6139102639705478,1.4430602498763863,1.5071060920886852,0.9996028684407946,0.32013322399012645,0.42936638593718973,-0.3361195094254501,-1.6221075246394885,-0.11130346987811911,0.3767994490526919
0.8887293094952528,1.225360286566497,1.504638604679674,0.014572746434879241,1.4758466135052164,1.1552884350808779,1.525819502746657,-0.8211834161359186,-0.022981250129774297,1.3358202992798371,0.4148750703808765
-1.5814308543754443,-1.2833356804261138,-1.0448814259513948,0.4427872021990551,-0.6859437996137081,-0.7476076285896128,-0.5398826793503432,-1.5188704058733375,0.9427378328861812,-0.11475540161048357,0.3859908796753424
0.6167401383010932,0.6883916857128101,0.21386068457346902,0.49405447729695723,0.06422098510165788,1.0741967295201642,1.0672153122822876,-0.7598370933222424,0.0987199605268467,1.5649714864115596,0.3100916048413632
-0.3916748893017703,-0.0238641200379024,-0.12587200069995294,0.3677397268229658,-0.15086395010244083,1.201553030847614,1.1889195807871664,0.5356960349616313,-0.6402584840705521,-0.4698119787784105,0.5106067758337537
-0.5275532554089039,-0.7294216897388232,-0.33729588176255876,0.15485487418256466,-0.5259415132926248,0.24898493579811543,0.43243700010499736,-1.1476072650093894,-1.0913279189384308,1.6917212257267165,0.5166262568706603
0.6530340871942483,1.038963907018963,-1.3079309050915178,-1.659166261586542,-0.5744405229797415,0.6558620172712617,1.7290643287497145,-0.661180797531535,1.2085243021584438,-0.607583478614452,0.020433433084305966
-0.565234877127693,-0.29033712554934243,0.17951872017115658,0.6236485906361993,-0.1473320810318377,1.6376043908321867,1.001083649245396,-0.659112619700459,0.4642941905168286,1.3423444650846152,0.5045157770055468
-1.3087940281458026,-1.235341975570902,0.6004613943751052,-1.2548708651931488,-0.2790837106167802,3.876467217764592,1.7480708360671997,0.7469084266133328,0.33371584723158304,1.4657906125690119,0.37338373876473163
0.844909153351988,0.23719175098406337,0.6018026336822335,1.1076169822947268,0.5094926294725587,-0.6192539445131849,-1.415448301971772,0.06183978727160598,0.48267875333696975,0.6413003938630226,0.20004406289428367
1.264775928358179,1.6872451428534854,0.5411318428868602,-0.5329620594653343,0.8837533797012629,-1.0212727661331258,-1.5906240007711583,1.2630632798012271,-0.9664194248922056,-0.39456022000034796,0.4831056661039402
1.0128103688421848,1.1120178390451596,-0.8377956703721502,-1.4489710516565082,-0.638156491692488,0.0959218400139171,0.12843495468179292,-0.38975115712318964,-1.0935717157648819,0.19529695276084794,0.19191055405079474
-0.355241648312145,-0.05701692107771286,-1.153374352420783,-1.4694297289661167,-0.8601349566512998,0.8423527043581811,0.5091102521343228,0.10465194855232968,-0.8979390141283015,1.1445704541727002,0.4040754587571086
-0.9462232178500012,-0.6755176129862207,-0.18262473224611211,-0.6605823974106763,-0.542097630519685,1.3079800025139245,1.092287649684271,0.594474760679029,-0.6755731910192351,0.021830151763846492,0.4223217075692148
-0.9368765715772307,-1.4968684971933566,-0.8532081682578666,1.5064979310806637,-0.8808171520377452,-0.9152863210544608,-1.2115043041204152,0.8767729479924368,-0.5164588993232404,-1.556250273220552,0.4912864120517607
-0.8909966510179755,-1.1321392632854193,-0.38850482156017985,-0.8545455483953822,-0.6372467632698409,0.24001846951967437,-0.09079274695692005,-1.076368436495412,-0.8182608304885798,0.36075433635813575,0.37094961738869503
1.111899302670169,1.5789127170085573,-0.12489450902495304,-0.7947004363189988,0.3226712899506381,-0.43400632214275037,-1.0328961238500063,0.9725666267840282,-0.4321266247004694,-1.580404316405013,0.4666386421548626
-1.3324660932360513,-1.2362165841163326,-0.02488358506977642,0.3097424195502498,-0.5999344327603184,-0.8036865945667486,-1.0395204844773818,0.33102217894532643,1.34241671579397,-0.06985660417901113,0.34109533028697664
0.20260101722044108,1.249246059032059,-0.46241953163076016,-1.132489934118481,-0.18332741202994568,1.301662616122128,0.37540365071926823,1.0342793093881717,0.5925864709994421,1.5508991413157174,0.22681210912444955
1.0990179862582903,1.5335376456439807,1.7494028318366586,0.8041352207756657,1.7039287934563505,-0.5063167834707888,-1.5553215947271497,1.2613551433898236,0.2384865600797699,-1.0574108470828942,0.5237492627955188
0.5002658518277895,0.8508225193588341,0.7720994443828118,0.19222574838245046,0.5201480411820247,0.23328415039251213,0.06388751386414188,-1.2410838172073169,0.959431070856406,0.7446438321801382,0.23981803284563452
-0.7355200025990718,-1.1243903510836046,-0.8454733666053674,0.656523650375078,-1.040414813911111,0.07043983802997586,0.5869597194793226,-1.5230139701603225,-0.8120577498911694,1.6131953023913834,0.47768472733228573
-2.278681326923189,-1.6517075999635886,-0.5294404820857344,0.17537183490206704,-0.9886082628952069,1.961887025095797,1.474707392895014,1.3275341067108124,-1.1181857950467944,1.2670053077151362,0.31269077603327633
-0.38446992354464865,0.04599024522950728,1.2173980415311896,0.7173323642961515,0.13059239763732508,0.45803481534799695,0.2986818340059002,1.5554716225078122,0.26412716432228295,-0.03632735256442525,0.5321615905809112
-1.7885792993892824,-1.3277025339167088,-0.8763091218626393,-0.8610313809462763,-0.6565274071663488,-0.4204692275634658,1.0911031696935676,-0.8303393221438425,1.1784498748573138,-1.033632837680712,0.30539067413601206
0.8924453580130185,0.392650693239739,-0.2802225223725506,-0.143303039916397,-0.1396777191239379,-0.1330024429044036,0.04716902513788698,0.8726766789449528,0.017839336272340384,-1.6011931710016374,0.11118629993430452
-0.3594052652127391,0.38771889076643884,1.313687706587527,1.3166166858111286,0.5085726300091249,-0.7826079755986209,-0.8535155721838045,0.25377343782874806,0.8547948118090529,0.24303066141696367,0.5721254968978463
-0.04721957231497678,-0.5537633003043279,-0.7404589206367749,-0.5276877852729341,-0.6436505431263059,0.1987221393373006,-0.18028561504021223,-0.39368074883210835,1.6889709527465078,-0.7028073417856755,0.5200933759519512
0.9766689677535152,1.2826649280434745,-1.0527527714624447,-1.5884892547586869,-0.6400065212697404,1.5708026465307208,1.6100080622686457,1.0701358137070724,1.4678106281884922,-0.2524553670509194,0.06819887228189943
-0.5263444450764098,-0.3998878060580932,-0.7429046122603573,-0.28815262438703887,-0.7160815761674261,0.32719214680965325,1.1013473220086982,-0.9747944914812574,-0.8015038004866004,-0.6056717097032871,0.477771464644626
1.529909079172204,0.971774724386782,-0.3378897554551808,-0.7037591612111337,-0.26642713500578563,-0.19683224867427104,-0.3053368725851,0.42865439812628947,0.9118084813049796,0.6106730684282251,0.412620610826788
-1.382868590476185,-1.1368442435801782,-0.31288905521730814,1.5520579421943501,-0.759758778614858,-0.965106176490822,-1.2253635855459957,1.4012478202354162,-0.09574000648073713,-1.387965462743552,0.45792872195416456
-0.21390857739862523,-0.2652108305547596,-1.1358940833111892,-1.4743832633506235,-0.9992890736909626,0.9949415390781513,0.7368874695421131,1.5732420544618946,0.39279290207188433,0.34602195531728663,0.47197130961847944
0.37504242011298994,1.2871722854062555,-0.20578062696622046,-0.7741253724158305,-0.08531011281425224,1.0613632850508194,0.3669629484025349,1.2691910991545583,1.2630433814326347,0.9810589635885468,0.20889338475575975
1.1888363604735899,0.5626073922983721,-0.5995053943683649,-0.6807837734999086,-0.6272281104534003,-0.5874799177562474,-0.2165833759013631,0.3385072911495056,1.53753255601782,-1.0077768967796612,0.13744858763931955
0.19435932447572857,-0.8402415271185272,-0.8125761090130544,-0.04773627060951144,-0.5550606187586183,-0.8268339210918006,-0.3704057078337034,-0.9952838819066316,-1.5198884097730236,-0.5660969147645737,0.5392761583671862
1.9811472597620225,1.4767499516340004,1.5943591064748686,1.1138993277368905,2.1538516496232716,-0.4778270631456033,-0.05612900943941583,-0.8712363428679406,-1.2206535355346773,-0.9256681692071661,0.8074374536600559
1.6017024255579682,1.4048186593892806,-0.30694213404394066,-0.9027692428259854,-0.1881428251211237,0.20073344825526096,-0.007852775033269921,-1.098927178528711,-0.0358398353832506,1.0908019831908948,0.4805566481650669
0.26969796249277456,0.8475114817059759,1.7007476244834319,1.527044463601219,1.1974832109121238,-0.7466788030047433,-1.0343623220084208,-1.0327722124943628,-1.007190960148335,0.48911267665311164,0.3096464598948185
-0.20810553259080855,0.030184270316787824,0.19393988495045372,1.3683498117073198,0.19454720026795605,1.3883547276402532,0.7471960097450395,1.281276825755603,0.37237303098631236,0.9870174404998248,0.6016682648210278
-0.35905054624297855,-0.6792868301774084,-0.2804548432606425,1.1133694852520841,-0.21953542520542396,0.3487168540403207,-0.5147161382412208,0.6280670418343862,-0.471188538543698,1.5707917882901092,0.6044665377355115
0.4636231187783851,0.6834451465330829,1.6996848404106273,1.7112758251271663,1.2172923715246804,-0.023983781723421596,-0.3975065852244389,-0.5238035194619822,-0.4107257416891092,0.36125441636544875,0.3732211694213183
-0.40433272233839723,-1.0085188274996668,-0.42413031872661255,0.08734473650564085,-0.5001856809894246,1.234703378685544,0.42817537326010535,1.366103554035009,0.2709979229358376,1.7050602126242838,0.46174312091495107
0.958922718204629,1.250779548020262,1.1313808760144688,0.10812466865094592,1.316431343895508,-1.7852972272279928,-0.9014835088900087,-1.1700249175341684,0.07674939938105281,-0.47137451480182774,0.1854526854743659
-0.9021058578245971,-1.0198565071504304,-0.3637106138215604,1.0708618078020202,-0.5013574864328363,0.2902364607151911,-0.8177498546149816,1.312083973717538,0.1884116183622326,1.6826462081777886,0.47389941752772796
-1.4177675904161426,-1.5187226990103337,-0.6331616949840007,-0.12214828476774349,-0.75855531889628,0.40590227352075536,0.4624567028428729,-0.5656411127854545,0.12926507311973998,0.2715041315293767,0.35779919536199045
-1.5439150239984836,-1.2350220193901502,-0.21196685622251027,-0.6078700917267408,-0.606987117394367,0.9853026174851964,0.46648053874102524,0.0187368868361847,0.11170784412008355,1.522034801849483,0.32290939156447546
-0.05839026326394445,-0.4816171156056093,-0.3662697275383653,-1.4639467803067752,-0.4784679642902433,-0.3953807667427617,-0.43635125549162973,0.6009648392618818,-1.6081963586974601,-0.03006685414238111,0.46223554608387457
0.8388219295211684,0.5651842012534924,0.19690617644683092,-0.20814624637326196,0.41381223130773503,-0.8303855936825824,-0.9375764270268723,-1.5097133407262644,1.0531118836929745,1.0615181015224548,0.13745841742602719
-0.6385811415019251,-0.61152354065998,-0.5790475056511977,-0.36964902569488395,-0.6129301482816856,1.4753804792200886,1.0903340267081234,-0.5010723048330729,-0.5165731477032589,0.9809292321790074,0.4796928408236334
-1.1569471333372952,-1.188505501777106,-0.524818531213701,0.8056616797011947,-0.46736911891031785,-0.479210772792226,-0.7144942380690449,-0.42851512797744984,1.5334883024545605,1.210789371813468,0.4464406682258975
-0.984918601898225,-1.1087690851736658,-1.3453292471713436,0.33009248042638917,-0.8992334468330629,-0.7553858635383924,-1.0954638175151792,0.08068288861717227,1.069410200009798,-0.9124993554936293,0.5020968521289866
0.5889812022332008,0.8840934032846595,-0.32334038540867005,-0.942755994008766,-0.5531468550060061,-1.3027010199617843,-0.9225031374887781,-0.19974286714730882,1.5816914701383684,-0.7703370716244036,0.08432239581394152
-0.39234352895425606,-0.5037474284566448,-0.7825752856749709,-0.6801027310357332,-0.5807313965158137,-0.20692501482278053,-0.7664206295435125,-0.8664512176545108,0.9556703427689848,0.5738660509840066,0.4834906144908245
-0.3593811806444039,0.08792003595464018,0.22724171417930827,0.0191683894735325,0.2841006735595721,-0.05544552346542532,0.10742447185105733,-0.9873872371527742,0.03993029633711595,-0.45594093328935525,0.5134755601127894
0.3093759686535743,-0.08787654537205594,-0.7528018514077541,-1.3943732795034207,-0.6792430511270555,1.8262765687270532,1.1114330011987141,1.477073601548678,0.24096624329151228,0.6605516817395958,0.32574045158830645
-0.5159797704086454,-0.174714026248105,-0.2683273083028392,-0.8583519704898317,-0.5412904640887841,-1.3109145060350784,-1.234746666195557,1.5410681991183717,-1.1482451677640964,-0.31702577533988885,0.491893542946347
0.94181547100301,0.6651294749547899,-0.2882120405653445,-1.1337210642728064,-0.2625354957944823,-1.230407762360635,-0.8675861373279613,-1.0123758821929252,0.8439887728518887,-0.5634192991518518,0.04030759649689774
-0.019277254615462057,-0.7110972164482817,-0.9865790310551308,-0.43570688834668425,-0.3588712187181861,-0.3785317126931034,-0.22833882038797984,-1.657728419903268,-1.2392172446817666,0.707511156561389,0.5419588771917933
-0.8530591212397167,-0.8896201552127341,-0.7647446900629552,-1.094445574381912,-0.7122181361009701,0.22692724895046962,-0.287676375773978,0.7247083252548525,-1.4986863239111086,0.8731206149936199,0.39340006815915946
-1.2386209671984796,-1.2228348158501594,-0.39475345399771583,-0.965345760080802,-0.6517980041720277,-0.7872950664834615,-0.9050551398879315,-0.4767821710488831,1.5205787864475364,0.76249140833219,0.3177464974734474
1.1509093319255497,0.8480434389382622,0.903049610459584,-0.6911851743696973,1.392587879964358,-0.8120970540713723,-1.4903806147974543,1.540051658943592,-1.5605528771584363,1.3339444066542752,0.18986485330181502
0.4668939260709714,1.3619092609819234,0.4600637590605817,-0.39401577805147503,0.09078482131414198,0.8421257637438623,0.6976323146915863,-1.6570322947866347,-0.4278490833182642,1.384197871519761,0.2816440231530807
2.259835720062256,-1.709686279296875,3.6475508213043213,-1.6651674509048462,-1.659238338470459,3.8765451908111572,1.7480708360671997,-1.7165910005569458,-1.728102207183838,1.7210925817489624,0.0
-1.3750763658137997,-1.316438663555449,0.1927797009049555,0.559388379304923,-0.8037711468081681,-1.079372171830206,-1.1357915419995983,1.4365793604874812,-0.5353684224733908,-1.1263853807052464,0.3791424866475732
0.9277529416874908,0.6397971581853739,1.2791910510462041,1.1416112833329448,1.661235060234239,1.562439743355659,0.9187529990217633,0.48266279205441565,-1.5455391504708604,0.360890881443758,0.2538074713824375
0.48743498250410355,1.188755349932686,0.36407029675322544,-0.7490486648531535,0.3687303204056423,0.3510752715277332,0.1064376631306786,1.348957532463869,1.5982117878203765,-1.1715716716482734,0.1290889108848464
-0.2236972965423744,-1.3314802060875945,-1.3585583918679933,-1.4383590046040629,-1.3469836909894743,-0.9893596545517125,-0.16260628141887387,-1.4145202108326043,0.4549018338280947,-0.9705159224249953,0.27187724676770475
1.2630677301800826,0.6979579267727962,-0.6182313521221352,-1.323330102603387,-0.1937064886667444,1.190494489180437,1.2706800252561126,-0.4408554232279555,-1.2305343756503837,0.7603293195536494,0.12705245774417184
1.1174175124041417,1.1600642802031496,0.0029044525683510763,-0.6428311230745716,0.42990303363847904,1.5656894550193805,1.4304335136330468,1.5771042913072582,0.8253780728556657,-1.3048515445096665,0.3157623157828854
-1.0053518345766903,-1.688938528297984,-0.9452611137030703,0.9128989740827923,-0.7764495467803294,-0.8114833170911246,-1.1820177785920616,-0.6703524845069476,-0.39054840102332383,0.9096966292099212,0.4651518446569417
2.259835720062256,1.7092499732971191,3.6475508213043213,1.7536993026733398,4.4023895263671875,-2.0323123931884766,1.7480708360671997,-1.7165910005569458,1.7312737703323364,-1.6960371732711792,1.0
